ISO-10303-21;
HEADER;
FILE_DESCRIPTION (( 'STEP AP214' ),
    '1' );
FILE_NAME ('6408K84_18000 rpm Buna-N Rubber Spider for 1-5-64 OD Flexible Shaft Coupling Iron Hub.STEP',
    '2026-09-04T22:01:24',
    ( '' ),
    ( '' ),
    'SwSTEP 2.0',
    'SolidWorks 2026',
    '' );
FILE_SCHEMA (( 'AUTOMOTIVE_DESIGN' ));
ENDSEC;

DATA;
#1 = VERTEX_POINT ( 'NONE', #1602 ) ;
#2 = DIRECTION ( 'NONE',  ( 0.000000000000000000, -1.000000000000000000, -1.601693242063834425E-16 ) ) ;
#3 = FACE_OUTER_BOUND ( 'NONE', #559, .T. ) ;
#4 = EDGE_CURVE ( 'NONE', #864, #1630, #453, .T. ) ;
#5 = AXIS2_PLACEMENT_3D ( 'NONE', #1192, #2722, #1510 ) ;
#6 = ORIENTED_EDGE ( 'NONE', *, *, #2041, .T. ) ;
#7 = AXIS2_PLACEMENT_3D ( 'NONE', #2558, #1702, #1666 ) ;
#8 = DIRECTION ( 'NONE',  ( -4.372185065911658095E-33, -1.000000000000000000, -1.224646799147357891E-16 ) ) ;
#9 = CARTESIAN_POINT ( 'NONE',  ( -0.4606647595948666907, 0.1158144173556384243, -0.2045999999999998098 ) ) ;
#10 = AXIS2_PLACEMENT_3D ( 'NONE', #716, #695, #2843 ) ;
#11 = AXIS2_PLACEMENT_3D ( 'NONE', #3646, #30, #364 ) ;
#12 = EDGE_CURVE ( 'NONE', #1986, #1131, #1325, .T. ) ;
#13 = AXIS2_PLACEMENT_3D ( 'NONE', #458, #1598, #85 ) ;
#14 = VERTEX_POINT ( 'NONE', #1927 ) ;
#15 = DIRECTION ( 'NONE',  ( -0.9976462080791005382, 0.06857144817919698376, -1.094811265486152399E-15 ) ) ;
#16 = DIRECTION ( 'NONE',  ( 0.06857144817919696989, 0.9976462080791004272, 0.000000000000000000 ) ) ;
#17 = CIRCLE ( 'NONE', #1459, 0.05999999999997641248 ) ;
#18 = CARTESIAN_POINT ( 'NONE',  ( -0.1158144173556400064, -0.4606647595948664131, 0.2045999999999996988 ) ) ;
#19 = CIRCLE ( 'NONE', #2268, 0.5350000000000000311 ) ;
#20 = CARTESIAN_POINT ( 'NONE',  ( -0.2810000425229112198, 0.5620000171226631203, 0.2099999999999997979 ) ) ;
#21 = ORIENTED_EDGE ( 'NONE', *, *, #2261, .T. ) ;
#22 = ADVANCED_FACE ( 'NONE', ( #3107 ), #2325, .T. ) ;
#23 = CIRCLE ( 'NONE', #2585, 0.05999999999997646105 ) ;
#24 = AXIS2_PLACEMENT_3D ( 'NONE', #3023, #2499, #949 ) ;
#25 = VERTEX_POINT ( 'NONE', #2534 ) ;
#26 = CARTESIAN_POINT ( 'NONE',  ( 0.000000000000000000, -5.143516556418878860E-17, 0.2099999999999997702 ) ) ;
#27 = CARTESIAN_POINT ( 'NONE',  ( 0.3838435821108958090, 4.014079401147118978E-15, -0.2399999999999996303 ) ) ;
#28 = AXIS2_PLACEMENT_3D ( 'NONE', #1694, #2518, #3702 ) ;
#29 = VERTEX_POINT ( 'NONE', #3365 ) ;
#30 = DIRECTION ( 'NONE',  ( 1.224646799147353454E-16, 1.224646799147357891E-16, -1.000000000000000000 ) ) ;
#31 = DIRECTION ( 'NONE',  ( -1.000000000000000000, 0.000000000000000000, 0.000000000000000000 ) ) ;
#32 = AXIS2_PLACEMENT_3D ( 'NONE', #3218, #2044, #530 ) ;
#33 = VERTEX_POINT ( 'NONE', #3384 ) ;
#34 = FACE_OUTER_BOUND ( 'NONE', #1238, .T. ) ;
#35 = PLANE ( 'NONE',  #108 ) ;
#36 = CIRCLE ( 'NONE', #1419, 0.005399999999999995949 ) ;
#37 = DIRECTION ( 'NONE',  ( 0.000000000000000000, -1.000000000000000000, 0.000000000000000000 ) ) ;
#38 = ORIENTED_EDGE ( 'NONE', *, *, #863, .F. ) ;
#39 = CARTESIAN_POINT ( 'NONE',  ( 1.623624087862720460E-17, -0.3838435821108957535, -0.2126999999999998614 ) ) ;
#40 = ADVANCED_FACE ( 'NONE', ( #1358 ), #3251, .T. ) ;
#41 = VERTEX_POINT ( 'NONE', #379 ) ;
#42 = CARTESIAN_POINT ( 'NONE',  ( 0.1158144173556400064, 0.4606647595948663576, 0.2045999999999998376 ) ) ;
#43 = FACE_OUTER_BOUND ( 'NONE', #3548, .T. ) ;
#44 = EDGE_CURVE ( 'NONE', #2318, #2836, #1197, .T. ) ;
#45 = ORIENTED_EDGE ( 'NONE', *, *, #2586, .F. ) ;
#46 = ORIENTED_EDGE ( 'NONE', *, *, #220, .T. ) ;
#47 = DIRECTION ( 'NONE',  ( -1.224646799147353454E-16, -1.224646799147357891E-16, 1.000000000000000000 ) ) ;
#48 = CARTESIAN_POINT ( 'NONE',  ( 0.5188539923857724556, -0.1304436069163405487, 0.2099999999999997147 ) ) ;
#49 = EDGE_LOOP ( 'NONE', ( #2458, #2372, #2847, #109 ) ) ;
#50 = DIRECTION ( 'NONE',  ( 1.224646799147353454E-16, 1.224646799147357891E-16, -1.000000000000000000 ) ) ;
#51 = CARTESIAN_POINT ( 'NONE',  ( 0.000000000000000000, 0.000000000000000000, 0.2045999999999997820 ) ) ;
#52 = DIRECTION ( 'NONE',  ( -1.224646799147353454E-16, -1.224646799147357891E-16, 1.000000000000000000 ) ) ;
#53 = ADVANCED_FACE ( 'NONE', ( #1046 ), #1581, .F. ) ;
#54 = CARTESIAN_POINT ( 'NONE',  ( 0.4382533497672256306, 0.1714716604560244662, -0.2045999999999996988 ) ) ;
#55 = VERTEX_POINT ( 'NONE', #125 ) ;
#56 = DIRECTION ( 'NONE',  ( 0.000000000000000000, -1.000000000000000000, -1.601693242063834425E-16 ) ) ;
#57 = ADVANCED_FACE ( 'NONE', ( #1316 ), #1517, .T. ) ;
#58 = EDGE_LOOP ( 'NONE', ( #911, #1668, #1031, #1804, #3644 ) ) ;
#59 = DIRECTION ( 'NONE',  ( 1.224646799147353454E-16, 1.224646799147357891E-16, -1.000000000000000000 ) ) ;
#60 = LINE ( 'NONE', #2146, #1635 ) ;
#61 = EDGE_LOOP ( 'NONE', ( #2150, #3464 ) ) ;
#62 = ORIENTED_EDGE ( 'NONE', *, *, #1139, .T. ) ;
#63 = DIRECTION ( 'NONE',  ( -9.857654123112514505E-33, -1.000000000000000000, -1.224646799147357891E-16 ) ) ;
#64 = EDGE_CURVE ( 'NONE', #2823, #786, #2079, .T. ) ;
#65 = FACE_OUTER_BOUND ( 'NONE', #2181, .T. ) ;
#66 = AXIS2_PLACEMENT_3D ( 'NONE', #686, #78, #1272 ) ;
#67 = AXIS2_PLACEMENT_3D ( 'NONE', #2737, #77, #1271 ) ;
#68 = AXIS2_PLACEMENT_3D ( 'NONE', #488, #1680, #2862 ) ;
#69 = ORIENTED_EDGE ( 'NONE', *, *, #3697, .F. ) ;
#70 = DIRECTION ( 'NONE',  ( -1.224646799147353454E-16, -1.224646799147357891E-16, 1.000000000000000000 ) ) ;
#71 = DIRECTION ( 'NONE',  ( 1.224646799147353454E-16, 1.224646799147357891E-16, -1.000000000000000000 ) ) ;
#72 = AXIS2_PLACEMENT_3D ( 'NONE', #421, #1912, #3130 ) ;
#73 = DIRECTION ( 'NONE',  ( -1.224646799147353454E-16, -1.224646799147357891E-16, 1.000000000000000000 ) ) ;
#74 = CIRCLE ( 'NONE', #11, 0.1628516087527654144 ) ;
#75 = AXIS2_PLACEMENT_3D ( 'NONE', #400, #2219, #2235 ) ;
#76 = CIRCLE ( 'NONE', #830, 0.1574516087527653707 ) ;
#77 = DIRECTION ( 'NONE',  ( -1.224646799147353454E-16, -1.224646799147357891E-16, 1.000000000000000000 ) ) ;
#78 = DIRECTION ( 'NONE',  ( -1.224646799147353454E-16, -1.224646799147357891E-16, 1.000000000000000000 ) ) ;
#79 = VERTEX_POINT ( 'NONE', #2006 ) ;
#80 = CARTESIAN_POINT ( 'NONE',  ( 0.3838435821108957535, 3.958639640549718546E-15, 0.2126999999999998336 ) ) ;
#81 = CIRCLE ( 'NONE', #2955, 0.07061769145362392641 ) ;
#82 = AXIS2_PLACEMENT_3D ( 'NONE', #493, #2023, #3727 ) ;
#83 = ORIENTED_EDGE ( 'NONE', *, *, #3242, .T. ) ;
#84 = VECTOR ( 'NONE', #1899, 39.37007874015748143 ) ;
#85 = DIRECTION ( 'NONE',  ( -4.372185065911658095E-33, -1.000000000000000000, -1.224646799147357891E-16 ) ) ;
#86 = DIRECTION ( 'NONE',  ( 0.000000000000000000, -1.000000000000000000, 0.000000000000000000 ) ) ;
#87 = AXIS2_PLACEMENT_3D ( 'NONE', #2614, #1756, #2659 ) ;
#88 = ORIENTED_EDGE ( 'NONE', *, *, #1968, .F. ) ;
#89 = ORIENTED_EDGE ( 'NONE', *, *, #3192, .T. ) ;
#90 = CARTESIAN_POINT ( 'NONE',  ( -0.1419909635213339738, -0.3098686222063565809, 0.2099999999999997147 ) ) ;
#91 = AXIS2_PLACEMENT_3D ( 'NONE', #1086, #424, #3421 ) ;
#92 = LINE ( 'NONE', #48, #962 ) ;
#93 = EDGE_CURVE ( 'NONE', #2369, #1426, #2878, .T. ) ;
#94 = VERTEX_POINT ( 'NONE', #3185 ) ;
#95 = DIRECTION ( 'NONE',  ( 0.06857144817919696989, 0.9976462080791004272, 0.000000000000000000 ) ) ;
#96 = FACE_OUTER_BOUND ( 'NONE', #1516, .T. ) ;
#97 = CONICAL_SURFACE ( 'NONE', #783, 0.06749999999999996281, 0.5235987755983000369 ) ;
#98 = CARTESIAN_POINT ( 'NONE',  ( 1.656689551439696335E-17, -0.3838435821108957535, -0.2153999999999998416 ) ) ;
#99 = EDGE_CURVE ( 'NONE', #308, #1621, #1734, .T. ) ;
#100 = CIRCLE ( 'NONE', #3088, 0.005400000000000004623 ) ;
#101 = LINE ( 'NONE', #806, #1383 ) ;
#102 = ORIENTED_EDGE ( 'NONE', *, *, #3430, .T. ) ;
#103 = LINE ( 'NONE', #2176, #2145 ) ;
#104 = ORIENTED_EDGE ( 'NONE', *, *, #2380, .F. ) ;
#105 = DIRECTION ( 'NONE',  ( 0.000000000000000000, -1.000000000000000000, 0.000000000000000000 ) ) ;
#106 = DIRECTION ( 'NONE',  ( 0.000000000000000000, 0.000000000000000000, -1.000000000000000000 ) ) ;
#107 = EDGE_CURVE ( 'NONE', #916, #2957, #2259, .T. ) ;
#108 = AXIS2_PLACEMENT_3D ( 'NONE', #3002, #1228, #2426 ) ;
#109 = ORIENTED_EDGE ( 'NONE', *, *, #1968, .T. ) ;
#110 = DIRECTION ( 'NONE',  ( -2.276539994721112931E-15, -1.000000000000000000, 0.000000000000000000 ) ) ;
#111 = DIRECTION ( 'NONE',  ( 0.000000000000000000, -1.000000000000000000, 0.000000000000000000 ) ) ;
#112 = CARTESIAN_POINT ( 'NONE',  ( -0.1158144173556399509, 0.4606647595948664686, -0.2099999999999997424 ) ) ;
#113 = ORIENTED_EDGE ( 'NONE', *, *, #2687, .T. ) ;
#114 = DIRECTION ( 'NONE',  ( -1.224646799147353454E-16, -1.224646799147357891E-16, 1.000000000000000000 ) ) ;
#115 = DIRECTION ( 'NONE',  ( -1.224646799147358877E-16, 0.000000000000000000, 1.000000000000000000 ) ) ;
#116 = LINE ( 'NONE', #3029, #3622 ) ;
#117 = ORIENTED_EDGE ( 'NONE', *, *, #229, .F. ) ;
#118 = DIRECTION ( 'NONE',  ( 1.224646799147353454E-16, 1.224646799147357891E-16, -1.000000000000000000 ) ) ;
#119 = EDGE_CURVE ( 'NONE', #1322, #3787, #3748, .T. ) ;
#120 = ORIENTED_EDGE ( 'NONE', *, *, #1170, .T. ) ;
#121 = CARTESIAN_POINT ( 'NONE',  ( -0.06749999999999987954, 0.3838435821108958090, -0.2099999999999996592 ) ) ;
#122 = EDGE_CURVE ( 'NONE', #33, #1422, #2820, .T. ) ;
#123 = AXIS2_PLACEMENT_3D ( 'NONE', #2013, #2686, #3484 ) ;
#124 = VERTEX_POINT ( 'NONE', #1105 ) ;
#125 = CARTESIAN_POINT ( 'NONE',  ( 0.3838435821108964752, -0.06594115427318396339, 0.2126999999999998336 ) ) ;
#126 = DIRECTION ( 'NONE',  ( 0.000000000000000000, -1.000000000000000000, -2.096884407979385212E-16 ) ) ;
#127 = CARTESIAN_POINT ( 'NONE',  ( 5.011254702110964883E-17, 1.819776325405262275E-31, -0.2045999999999997820 ) ) ;
#128 = ORIENTED_EDGE ( 'NONE', *, *, #93, .T. ) ;
#129 = DIRECTION ( 'NONE',  ( 0.000000000000000000, -1.000000000000000000, -1.622237525928785020E-16 ) ) ;
#130 = CARTESIAN_POINT ( 'NONE',  ( -0.2809999574765523755, -0.5619999828771996553, 0.2099999999999996592 ) ) ;
#131 = EDGE_CURVE ( 'NONE', #3787, #2782, #514, .T. ) ;
#132 = CIRCLE ( 'NONE', #2319, 0.06594115427318794631 ) ;
#133 = COLOUR_RGB ( '',0.000000000000000000, 0.000000000000000000, 0.000000000000000000 ) ;
#134 = CARTESIAN_POINT ( 'NONE',  ( -3.586023395710116313E-17, -0.3838435821108958090, 0.2099999999999996592 ) ) ;
#135 = DIRECTION ( 'NONE',  ( 1.011795553208987008E-14, -1.000000000000000000, 0.000000000000000000 ) ) ;
#136 = ORIENTED_EDGE ( 'NONE', *, *, #3446, .F. ) ;
#137 = AXIS2_PLACEMENT_3D ( 'NONE', #2996, #1873, #63 ) ;
#138 = DIRECTION ( 'NONE',  ( -1.224646799147353454E-16, -1.224646799147357891E-16, 1.000000000000000000 ) ) ;
#139 = CLOSED_SHELL ( 'NONE', ( #650, #914, #1445, #1385, #1035, #3006, #2227, #952, #1191, #3181, #2863, #754, #1029, #1793, #2142, #2481, #1514, #3760, #672, #2307, #186, #2788, #3580, #2178, #921, #2251, #1503, #3772, #982, #254, #3601, #1360, #2696, #2189, #710, #815, #793, #2653, #2416, #271, #3117, #3626, #1406, #2964, #1257, #1297, #3105, #562, #1236, #22, #1041, #2781, #3036, #1848, #3544, #2982, #147, #1353, #3164, #53, #3342, #260, #3739, #3595, #468, #2003, #1985, #2014, #819, #1155, #154, #3425, #3531, #869, #2508, #3075, #748, #978, #2175, #2904, #741, #689, #1573, #1313, #2367, #1498, #311, #40, #1164, #1186, #2675, #337, #1206, #1373, #528, #1174, #1230, #790, #3465, #890, #2595, #2806, #2991, #2411, #2428, #1628, #1466, #846, #3356, #618, #390, #1843, #2658, #2126, #2295, #693, #2885, #358, #428, #57, #3681, #3792, #316, #593, #1266, #2767, #1689, #2750, #552, #1117, #3803 ) ) ;
#140 = CIRCLE ( 'NONE', #2884, 0.06594115427318793243 ) ;
#141 = EDGE_CURVE ( 'NONE', #2510, #708, #2301, .T. ) ;
#142 = EDGE_LOOP ( 'NONE', ( #809, #462, #3612, #1282 ) ) ;
#143 = CIRCLE ( 'NONE', #950, 0.06594115427318793243 ) ;
#144 = CARTESIAN_POINT ( 'NONE',  ( 0.4606647595948652474, 0.1158144173556448497, -0.2045999999999996988 ) ) ;
#145 = AXIS2_PLACEMENT_3D ( 'NONE', #98, #1878, #3370 ) ;
#146 = CIRCLE ( 'NONE', #2336, 0.05459999999997639658 ) ;
#147 = ADVANCED_FACE ( 'NONE', ( #1692 ), #204, .F. ) ;
#148 = VERTEX_POINT ( 'NONE', #835 ) ;
#149 = VERTEX_POINT ( 'NONE', #498 ) ;
#150 = CARTESIAN_POINT ( 'NONE',  ( 1.590558624285739655E-17, -0.3838435821108957535, -0.2099999999999998535 ) ) ;
#151 = DIRECTION ( 'NONE',  ( -1.224646799147353454E-16, 1.224646799147340635E-16, -1.000000000000000000 ) ) ;
#152 = EDGE_LOOP ( 'NONE', ( #2894, #2358, #1120, #3201 ) ) ;
#153 = AXIS2_PLACEMENT_3D ( 'NONE', #1063, #170, #1361 ) ;
#154 = ADVANCED_FACE ( 'NONE', ( #2651 ), #2571, .T. ) ;
#155 = DIRECTION ( 'NONE',  ( -1.224646799147353454E-16, -1.224646799147357891E-16, 1.000000000000000000 ) ) ;
#156 = CARTESIAN_POINT ( 'NONE',  ( 0.1291269798558819792, -0.5136169614345876822, -0.2099999999999998535 ) ) ;
#157 = CIRCLE ( 'NONE', #1411, 0.005400000000000005490 ) ;
#158 = FACE_OUTER_BOUND ( 'NONE', #3852, .T. ) ;
#159 = DIRECTION ( 'NONE',  ( -0.9698205465154596805, -0.2438198260118631111, 0.000000000000000000 ) ) ;
#160 = ORIENTED_EDGE ( 'NONE', *, *, #2437, .T. ) ;
#161 = CARTESIAN_POINT ( 'NONE',  ( 0.4606647595948675789, -0.1758144173556116796, 0.2045999999999998098 ) ) ;
#162 = EDGE_CURVE ( 'NONE', #2280, #1184, #3691, .T. ) ;
#163 = ORIENTED_EDGE ( 'NONE', *, *, #351, .T. ) ;
#164 = DIRECTION ( 'NONE',  ( 0.000000000000000000, -1.000000000000000000, -2.096884407979385212E-16 ) ) ;
#165 = AXIS2_PLACEMENT_3D ( 'NONE', #3513, #3807, #903 ) ;
#166 = EDGE_CURVE ( 'NONE', #494, #2716, #1828, .T. ) ;
#167 = ORIENTED_EDGE ( 'NONE', *, *, #1309, .F. ) ;
#168 = DIRECTION ( 'NONE',  ( 1.000000000000000000, 0.000000000000000000, 0.000000000000000000 ) ) ;
#169 = DIRECTION ( 'NONE',  ( 1.224646799147353454E-16, 1.224646799147357891E-16, -1.000000000000000000 ) ) ;
#170 = DIRECTION ( 'NONE',  ( -1.224646799147353454E-16, 1.224646799147340635E-16, -1.000000000000000000 ) ) ;
#171 = EDGE_CURVE ( 'NONE', #1131, #3309, #889, .T. ) ;
#172 = ORIENTED_EDGE ( 'NONE', *, *, #2859, .T. ) ;
#173 = DIRECTION ( 'NONE',  ( -1.224646799147353454E-16, -1.224646799147357891E-16, 1.000000000000000000 ) ) ;
#174 = PLANE ( 'NONE',  #1838 ) ;
#175 = CARTESIAN_POINT ( 'NONE',  ( -0.4606647595948659690, -0.1704144173556180752, 0.2099999999999997147 ) ) ;
#176 = CARTESIAN_POINT ( 'NONE',  ( 3.586023395710116313E-17, 0.3838435821108957535, 0.2126999999999998336 ) ) ;
#177 = EDGE_LOOP ( 'NONE', ( #2573, #2746, #2357, #1160, #449 ) ) ;
#178 = EDGE_CURVE ( 'NONE', #378, #791, #702, .T. ) ;
#179 = ORIENTED_EDGE ( 'NONE', *, *, #586, .T. ) ;
#180 = DIRECTION ( 'NONE',  ( -1.224646799147353454E-16, -1.224646799147357891E-16, 1.000000000000000000 ) ) ;
#181 = EDGE_LOOP ( 'NONE', ( #3046, #293, #1815, #2053 ) ) ;
#182 = DIRECTION ( 'NONE',  ( -1.224646799147353454E-16, -1.224646799147357891E-16, 1.000000000000000000 ) ) ;
#183 = DIRECTION ( 'NONE',  ( 0.000000000000000000, -1.000000000000000000, 0.000000000000000000 ) ) ;
#184 = CARTESIAN_POINT ( 'NONE',  ( -0.1304436069163459611, 0.5188539923857711234, 0.2045999999999998098 ) ) ;
#185 = VERTEX_POINT ( 'NONE', #1990 ) ;
#186 = ADVANCED_FACE ( 'NONE', ( #1402 ), #1578, .F. ) ;
#187 = DIRECTION ( 'NONE',  ( 1.499759782661863903E-32, -1.000000000000000000, -1.224646799147357891E-16 ) ) ;
#188 = DIRECTION ( 'NONE',  ( 1.224646799147353454E-16, 1.224646799147357891E-16, -1.000000000000000000 ) ) ;
#189 = ORIENTED_EDGE ( 'NONE', *, *, #1737, .T. ) ;
#190 = CARTESIAN_POINT ( 'NONE',  ( -0.3838435821108959756, 0.05017949192430981586, 0.2399999999999997413 ) ) ;
#191 = EDGE_CURVE ( 'NONE', #2249, #405, #3123, .T. ) ;
#192 = CARTESIAN_POINT ( 'NONE',  ( 0.3838435821108957535, 3.958970295185488477E-15, 0.2099999999999997424 ) ) ;
#193 = VERTEX_POINT ( 'NONE', #2054 ) ;
#194 = DIRECTION ( 'NONE',  ( 1.499759782661863629E-32, -1.000000000000000000, -1.224646799147357891E-16 ) ) ;
#195 = TOROIDAL_SURFACE ( 'NONE', #572, 0.5295999999999999597, 0.005400000000000000286 ) ;
#196 = AXIS2_PLACEMENT_3D ( 'NONE', #3767, #1647, #1094 ) ;
#197 = EDGE_LOOP ( 'NONE', ( #3224, #3299, #2167, #3731, #2364 ) ) ;
#198 = DIRECTION ( 'NONE',  ( 1.224646799147353454E-16, 1.224646799147357891E-16, -1.000000000000000000 ) ) ;
#199 = CIRCLE ( 'NONE', #764, 0.1574516087527653707 ) ;
#200 = AXIS2_PLACEMENT_3D ( 'NONE', #3163, #180, #3774 ) ;
#201 = FILL_AREA_STYLE ('',( #3776 ) ) ;
#202 = ORIENTED_EDGE ( 'NONE', *, *, #451, .T. ) ;
#203 = CIRCLE ( 'NONE', #2395, 0.05459999999997641740 ) ;
#204 = CYLINDRICAL_SURFACE ( 'NONE', #1009, 0.4210000000000292397 ) ;
#205 = CARTESIAN_POINT ( 'NONE',  ( -0.1366036521649420798, 0.3102390035719962968, -0.2045999999999997820 ) ) ;
#206 = DIRECTION ( 'NONE',  ( 0.000000000000000000, 0.000000000000000000, -1.000000000000000000 ) ) ;
#207 = AXIS2_PLACEMENT_3D ( 'NONE', #1685, #745, #824 ) ;
#208 = ORIENTED_EDGE ( 'NONE', *, *, #1905, .F. ) ;
#209 = DIRECTION ( 'NONE',  ( -2.276539994721112536E-15, -1.000000000000000000, 0.000000000000000000 ) ) ;
#210 = TOROIDAL_SURFACE ( 'NONE', #2958, 0.05459999999997646597, 0.005400000000000000286 ) ;
#211 = CARTESIAN_POINT ( 'NONE',  ( -0.2810000425229112198, 0.5620000171226631203, 0.2099999999999997979 ) ) ;
#212 = EDGE_CURVE ( 'NONE', #14, #2293, #1386, .T. ) ;
#213 = CIRCLE ( 'NONE', #1654, 0.005399999999999995949 ) ;
#214 = ORIENTED_EDGE ( 'NONE', *, *, #3264, .T. ) ;
#215 = DIRECTION ( 'NONE',  ( 0.5000000000000007772, -2.121150477449820979E-16, 0.8660254037844382635 ) ) ;
#216 = DIRECTION ( 'NONE',  ( -1.224646799147353454E-16, -1.224646799147357891E-16, 1.000000000000000000 ) ) ;
#217 = ORIENTED_EDGE ( 'NONE', *, *, #2463, .F. ) ;
#218 = DIRECTION ( 'NONE',  ( 0.2438198260118601135, -0.9698205465154604576, 0.000000000000000000 ) ) ;
#219 = CIRCLE ( 'NONE', #91, 0.05459999999997646597 ) ;
#220 = EDGE_CURVE ( 'NONE', #505, #3170, #1887, .T. ) ;
#221 = EDGE_LOOP ( 'NONE', ( #1118, #3844, #2111, #3693 ) ) ;
#222 = FACE_BOUND ( 'NONE', #3828, .T. ) ;
#223 = CIRCLE ( 'NONE', #2040, 0.4264000000000292001 ) ;
#224 = EDGE_LOOP ( 'NONE', ( #2811, #2890, #2308, #3746, #2122 ) ) ;
#225 = AXIS2_PLACEMENT_3D ( 'NONE', #1448, #279, #3237 ) ;
#226 = CARTESIAN_POINT ( 'NONE',  ( 7.583012980320404622E-17, 2.571758278209484112E-17, -0.2099999999999997702 ) ) ;
#227 = CARTESIAN_POINT ( 'NONE',  ( 0.4606647595948676344, -0.1158144173556351630, -0.2045999999999997543 ) ) ;
#228 = DIRECTION ( 'NONE',  ( -0.9976461789686439374, -0.06857187170600212434, 0.000000000000000000 ) ) ;
#229 = EDGE_CURVE ( 'NONE', #3704, #3810, #3007, .T. ) ;
#230 = VERTEX_POINT ( 'NONE', #1518 ) ;
#231 = PLANE ( 'NONE',  #3308 ) ;
#232 = DIRECTION ( 'NONE',  ( 0.000000000000000000, -1.000000000000000000, -2.168799683363256718E-16 ) ) ;
#233 = ORIENTED_EDGE ( 'NONE', *, *, #1101, .T. ) ;
#234 = DIRECTION ( 'NONE',  ( 0.000000000000000000, -1.000000000000000000, 0.000000000000000000 ) ) ;
#235 = DIRECTION ( 'NONE',  ( 0.000000000000000000, 0.000000000000000000, 1.000000000000000000 ) ) ;
#236 = EDGE_LOOP ( 'NONE', ( #1789, #277, #2254, #2880 ) ) ;
#237 = DIRECTION ( 'NONE',  ( 0.000000000000000000, 1.000000000000000000, 0.000000000000000000 ) ) ;
#238 = VERTEX_POINT ( 'NONE', #615 ) ;
#239 = EDGE_CURVE ( 'NONE', #786, #1128, #2448, .T. ) ;
#240 = DIRECTION ( 'NONE',  ( -0.2438198260118601135, -0.9698205465154604576, 0.000000000000000000 ) ) ;
#241 = ORIENTED_EDGE ( 'NONE', *, *, #1552, .F. ) ;
#242 = DIRECTION ( 'NONE',  ( -1.224646799147353454E-16, -1.224646799147357891E-16, 1.000000000000000000 ) ) ;
#243 = CARTESIAN_POINT ( 'NONE',  ( 0.4402703863056280364, -0.1664625124643020204, -0.2099999999999997424 ) ) ;
#244 = FACE_BOUND ( 'NONE', #3495, .T. ) ;
#245 = ORIENTED_EDGE ( 'NONE', *, *, #3303, .F. ) ;
#246 = CARTESIAN_POINT ( 'NONE',  ( -0.4606647595948659135, -0.1158144173556415885, -0.2045999999999998376 ) ) ;
#247 = CARTESIAN_POINT ( 'NONE',  ( 2.292281240197173461E-17, -0.3838435821108957535, -0.2399999999999997691 ) ) ;
#248 = ORIENTED_EDGE ( 'NONE', *, *, #2110, .T. ) ;
#249 = DIRECTION ( 'NONE',  ( -0.9276207895364196876, 0.3735233203159198934, 0.000000000000000000 ) ) ;
#250 = AXIS2_PLACEMENT_3D ( 'NONE', #246, #3272, #1126 ) ;
#251 = DIRECTION ( 'NONE',  ( 1.000000000000000000, 0.000000000000000000, 0.000000000000000000 ) ) ;
#252 = ORIENTED_EDGE ( 'NONE', *, *, #2197, .F. ) ;
#253 = CARTESIAN_POINT ( 'NONE',  ( 0.5620000171226641195, 0.2810000425229092769, 0.2045999999999998931 ) ) ;
#254 = ADVANCED_FACE ( 'NONE', ( #2432 ), #1541, .F. ) ;
#255 = FILL_AREA_STYLE_COLOUR ( '', #133 ) ;
#256 = ORIENTED_EDGE ( 'NONE', *, *, #2057, .T. ) ;
#257 = CARTESIAN_POINT ( 'NONE',  ( -0.1419909635213339738, -0.3098686222063565809, 0.2045999999999997543 ) ) ;
#258 = CIRCLE ( 'NONE', #1195, 0.06594115427318794631 ) ;
#259 = AXIS2_PLACEMENT_3D ( 'NONE', #926, #361, #3363 ) ;
#260 = ADVANCED_FACE ( 'NONE', ( #632 ), #2418, .T. ) ;
#261 = TOROIDAL_SURFACE ( 'NONE', #2258, 0.05459999999997639658, 0.005400000000000000286 ) ;
#262 = ORIENTED_EDGE ( 'NONE', *, *, #1527, .T. ) ;
#263 = AXIS2_PLACEMENT_3D ( 'NONE', #1675, #3524, #2592 ) ;
#264 = CARTESIAN_POINT ( 'NONE',  ( -0.2990719373760343802, 0.1416203551967178398, 0.2099999999999997424 ) ) ;
#265 = DIRECTION ( 'NONE',  ( 1.224646799147353454E-16, 1.224646799147357891E-16, -1.000000000000000000 ) ) ;
#266 = AXIS2_PLACEMENT_3D ( 'NONE', #928, #3619, #2127 ) ;
#267 = CARTESIAN_POINT ( 'NONE',  ( 0.3838435821108951429, 0.05017949192431510330, 0.2399999999999997413 ) ) ;
#268 = DIMENSIONAL_EXPONENTS ( 1.000000000000000000, 0.000000000000000000, 0.000000000000000000, 0.000000000000000000, 0.000000000000000000, 0.000000000000000000, 0.000000000000000000 ) ;
#269 = CIRCLE ( 'NONE', #2264, 0.1628516087527653311 ) ;
#270 = CIRCLE ( 'NONE', #895, 0.05459999999997638270 ) ;
#271 = ADVANCED_FACE ( 'NONE', ( #1250 ), #2961, .F. ) ;
#272 = VERTEX_POINT ( 'NONE', #3857 ) ;
#273 = CARTESIAN_POINT ( 'NONE',  ( -0.05017949192431111344, 0.3838435821108957535, 0.2399999999999997691 ) ) ;
#274 = TOROIDAL_SURFACE ( 'NONE', #3686, 0.4264000000000292001, 0.005400000000000000286 ) ;
#275 = DIRECTION ( 'NONE',  ( -1.224646799147353454E-16, -1.224646799147357891E-16, 1.000000000000000000 ) ) ;
#276 = AXIS2_PLACEMENT_3D ( 'NONE', #2584, #1938, #1056 ) ;
#277 = ORIENTED_EDGE ( 'NONE', *, *, #3294, .T. ) ;
#278 = CARTESIAN_POINT ( 'NONE',  ( -0.3838435821108957535, -1.330040052799887844E-15, 0.2099999999999997424 ) ) ;
#279 = DIRECTION ( 'NONE',  ( -1.224646799147353454E-16, -1.224646799147357891E-16, 1.000000000000000000 ) ) ;
#280 = ORIENTED_EDGE ( 'NONE', *, *, #1748, .F. ) ;
#281 = DIRECTION ( 'NONE',  ( 1.499759782661863629E-32, -1.000000000000000000, -1.224646799147357891E-16 ) ) ;
#282 = CIRCLE ( 'NONE', #1338, 0.05017949192431114813 ) ;
#283 = CARTESIAN_POINT ( 'NONE',  ( -0.4382533497672266853, -0.1714716604560214130, -0.2045999999999998376 ) ) ;
#284 = ORIENTED_EDGE ( 'NONE', *, *, #2278, .F. ) ;
#286 = EDGE_CURVE ( 'NONE', #1420, #1432, #2390, .T. ) ;
#285 = AXIS2_PLACEMENT_3D ( 'NONE', #3268, #2654, #3188 ) ;
#287 = CIRCLE ( 'NONE', #3589, 0.005400000000000008959 ) ;
#288 = EDGE_LOOP ( 'NONE', ( #3754, #2073, #700, #348 ) ) ;
#289 = CARTESIAN_POINT ( 'NONE',  ( -0.2990719373760343247, 0.1416203551967178398, 0.2045999999999997543 ) ) ;
#290 = EDGE_CURVE ( 'NONE', #2605, #1547, #3568, .T. ) ;
#291 = DIRECTION ( 'NONE',  ( 1.224646799147353454E-16, 1.224646799147357891E-16, -1.000000000000000000 ) ) ;
#292 = TOROIDAL_SURFACE ( 'NONE', #2477, 0.5295999999999999597, 0.005400000000000000286 ) ;
#293 = ORIENTED_EDGE ( 'NONE', *, *, #162, .T. ) ;
#294 = FACE_OUTER_BOUND ( 'NONE', #1728, .T. ) ;
#295 = EDGE_CURVE ( 'NONE', #2547, #2656, #581, .T. ) ;
#296 = DIRECTION ( 'NONE',  ( -0.2438198260118571992, -0.9698205465154613458, -2.972561595063173102E-16 ) ) ;
#297 = EDGE_LOOP ( 'NONE', ( #960, #2673, #750, #3673, #721, #1806, #3597, #3220, #3824, #3699, #2396, #935, #1369, #2414, #2682, #3383, #3730, #854, #2921, #3282, #2431, #1741, #1371, #2661, #671, #3718, #1539, #3086, #3700 ) ) ;
#298 = CARTESIAN_POINT ( 'NONE',  ( -0.4606647595948659135, -0.1158144173556415885, -0.2045999999999998376 ) ) ;
#299 = CARTESIAN_POINT ( 'NONE',  ( 3.586023395710116313E-17, 0.3838435821108957535, 0.2399999999999997691 ) ) ;
#300 = CARTESIAN_POINT ( 'NONE',  ( 0.2810000425229152166, -0.5620000171226611219, -0.2099999999999997979 ) ) ;
#301 = DIRECTION ( 'NONE',  ( -1.224646799147353454E-16, -1.224646799147357891E-16, 1.000000000000000000 ) ) ;
#302 = ORIENTED_EDGE ( 'NONE', *, *, #3862, .F. ) ;
#303 = EDGE_CURVE ( 'NONE', #2756, #3577, #767, .T. ) ;
#304 = ORIENTED_EDGE ( 'NONE', *, *, #3614, .F. ) ;
#305 = CARTESIAN_POINT ( 'NONE',  ( 0.2810000425229152166, -0.5620000171226611219, -0.2045999999999998098 ) ) ;
#306 = CARTESIAN_POINT ( 'NONE',  ( 0.4606647595948676344, -0.1704144173556116360, -0.2099999999999997424 ) ) ;
#307 = EDGE_CURVE ( 'NONE', #29, #3618, #3016, .T. ) ;
#308 = VERTEX_POINT ( 'NONE', #289 ) ;
#309 = CARTESIAN_POINT ( 'NONE',  ( -0.1304436069163459055, -0.5188539923857711234, -0.2045999999999998931 ) ) ;
#310 = DIRECTION ( 'NONE',  ( 1.499759782661863629E-32, -1.000000000000000000, -1.224646799147357891E-16 ) ) ;
#311 = ADVANCED_FACE ( 'NONE', ( #2123 ), #644, .T. ) ;
#312 = VERTEX_POINT ( 'NONE', #938 ) ;
#313 = CARTESIAN_POINT ( 'NONE',  ( -0.1366036739977068981, -0.3102389080265243182, 0.2099999999999997147 ) ) ;
#314 = DIRECTION ( 'NONE',  ( -1.000000000000000000, 0.000000000000000000, 0.000000000000000000 ) ) ;
#315 = DIRECTION ( 'NONE',  ( -0.000000000000000000, -0.000000000000000000, -1.000000000000000000 ) ) ;
#316 = ADVANCED_FACE ( 'NONE', ( #1558 ), #1707, .T. ) ;
#317 = CARTESIAN_POINT ( 'NONE',  ( -2.733308897348643328E-17, -0.3179024278377078905, 0.2126999999999997504 ) ) ;
#318 = ORIENTED_EDGE ( 'NONE', *, *, #3482, .T. ) ;
#319 = ORIENTED_EDGE ( 'NONE', *, *, #2463, .T. ) ;
#320 = DIRECTION ( 'NONE',  ( 1.913030533251428419E-15, -0.5000000000000008882, -0.8660254037844380415 ) ) ;
#321 = CARTESIAN_POINT ( 'NONE',  ( 0.05017949192431124528, 0.3838435821108958090, -0.2399999999999996581 ) ) ;
#322 = CIRCLE ( 'NONE', #67, 0.06594115427318794631 ) ;
#323 = CONICAL_SURFACE ( 'NONE', #2509, 0.06749999999999996281, 0.5235987755983000369 ) ;
#324 = CIRCLE ( 'NONE', #2754, 0.05017949192431114813 ) ;
#325 = EDGE_LOOP ( 'NONE', ( #3020, #3489, #2791, #1057 ) ) ;
#326 = CIRCLE ( 'NONE', #638, 0.06594115427318794631 ) ;
#327 = LINE ( 'NONE', #90, #946 ) ;
#328 = DIRECTION ( 'NONE',  ( -1.224646799147353454E-16, -1.224646799147357891E-16, 1.000000000000000000 ) ) ;
#329 = AXIS2_PLACEMENT_3D ( 'NONE', #305, #599, #3285 ) ;
#330 = CIRCLE ( 'NONE', #1522, 0.06594115427318793243 ) ;
#331 = CIRCLE ( 'NONE', #1769, 0.5350000000000000311 ) ;
#332 = ORIENTED_EDGE ( 'NONE', *, *, #3161, .F. ) ;
#333 = LINE ( 'NONE', #3042, #3708 ) ;
#334 = CARTESIAN_POINT ( 'NONE',  ( 2.439496423901525453E-17, -2.571758278209413546E-17, 0.2099999999999997702 ) ) ;
#335 = CIRCLE ( 'NONE', #2822, 0.05999999999997648187 ) ;
#336 = CARTESIAN_POINT ( 'NONE',  ( -0.3098686222063569140, 0.1419909635213329191, -0.2045999999999998098 ) ) ;
#337 = ADVANCED_FACE ( 'NONE', ( #3325 ), #3825, .T. ) ;
#338 = CARTESIAN_POINT ( 'NONE',  ( -0.2809999574765523755, -0.5619999828771996553, 0.2045999999999996710 ) ) ;
#339 = EDGE_LOOP ( 'NONE', ( #3472, #366 ) ) ;
#340 = CYLINDRICAL_SURFACE ( 'NONE', #3196, 0.05999999999997646105 ) ;
#341 = AXIS2_PLACEMENT_3D ( 'NONE', #2793, #1623, #668 ) ;
#342 = EDGE_CURVE ( 'NONE', #2960, #2732, #1143, .T. ) ;
#343 = PRODUCT_DEFINITION_SHAPE ( 'NONE', 'NONE',  #879 ) ;
#344 = TOROIDAL_SURFACE ( 'NONE', #2649, 0.1628516087527653033, 0.005400000000000000286 ) ;
#345 = ORIENTED_EDGE ( 'NONE', *, *, #2934, .T. ) ;
#346 = CARTESIAN_POINT ( 'NONE',  ( 5.077385629264921564E-17, 6.613092715397553509E-19, -0.2099999999999997702 ) ) ;
#347 = ORIENTED_EDGE ( 'NONE', *, *, #93, .F. ) ;
#348 = ORIENTED_EDGE ( 'NONE', *, *, #719, .F. ) ;
#349 = DIRECTION ( 'NONE',  ( 1.224646799147353454E-16, 1.224646799147357891E-16, -1.000000000000000000 ) ) ;
#350 = CARTESIAN_POINT ( 'NONE',  ( 0.2990719639494843207, 0.1362203286232684940, -0.2099999999999997424 ) ) ;
#351 = EDGE_CURVE ( 'NONE', #791, #1738, #3067, .T. ) ;
#352 = ORIENTED_EDGE ( 'NONE', *, *, #2216, .F. ) ;
#353 = CARTESIAN_POINT ( 'NONE',  ( 0.5619999828771987671, -0.2809999574765543739, 0.2045999999999998098 ) ) ;
#354 = DIRECTION ( 'NONE',  ( -8.008466210319173556E-15, -1.000000000000000000, -1.601693242063834425E-16 ) ) ;
#355 = TOROIDAL_SURFACE ( 'NONE', #2106, 0.07061769145362389866, 0.005400000000000000286 ) ;
#356 = ORIENTED_EDGE ( 'NONE', *, *, #3674, .T. ) ;
#357 = CARTESIAN_POINT ( 'NONE',  ( 0.5620000171226641195, 0.2810000425229092769, 0.2099999999999998812 ) ) ;
#358 = ADVANCED_FACE ( 'NONE', ( #3122 ), #2147, .T. ) ;
#359 = VERTEX_POINT ( 'NONE', #1356 ) ;
#360 = DIRECTION ( 'NONE',  ( -0.000000000000000000, -0.000000000000000000, -1.000000000000000000 ) ) ;
#361 = DIRECTION ( 'NONE',  ( 1.224646799147353454E-16, 1.224646799147357891E-16, -1.000000000000000000 ) ) ;
#362 = ORIENTED_EDGE ( 'NONE', *, *, #495, .T. ) ;
#363 = EDGE_LOOP ( 'NONE', ( #1232, #1055, #538, #3545 ) ) ;
#364 = DIRECTION ( 'NONE',  ( 8.387537631917538876E-16, -1.000000000000000000, -2.096884407979384719E-16 ) ) ;
#365 = DIRECTION ( 'NONE',  ( -8.387537631917540848E-16, -1.000000000000000000, -2.096884407979385212E-16 ) ) ;
#366 = ORIENTED_EDGE ( 'NONE', *, *, #1509, .T. ) ;
#367 = DIRECTION ( 'NONE',  ( 1.224646799147353454E-16, 1.224646799147357891E-16, -1.000000000000000000 ) ) ;
#368 = FACE_OUTER_BOUND ( 'NONE', #2976, .T. ) ;
#369 = DIRECTION ( 'NONE',  ( -1.224646799147353454E-16, -1.224646799147357891E-16, 1.000000000000000000 ) ) ;
#370 = EDGE_CURVE ( 'NONE', #1616, #1387, #1521, .T. ) ;
#371 = DIRECTION ( 'NONE',  ( 0.000000000000000000, -1.000000000000000000, -2.168799683363256225E-16 ) ) ;
#372 = ORIENTED_EDGE ( 'NONE', *, *, #1943, .F. ) ;
#373 = LINE ( 'NONE', #1295, #951 ) ;
#374 = ORIENTED_EDGE ( 'NONE', *, *, #664, .T. ) ;
#375 = FACE_OUTER_BOUND ( 'NONE', #1226, .T. ) ;
#376 = DIRECTION ( 'NONE',  ( -1.224646799147353454E-16, -1.224646799147357891E-16, 1.000000000000000000 ) ) ;
#377 = EDGE_CURVE ( 'NONE', #1760, #1882, #1261, .T. ) ;
#378 = VERTEX_POINT ( 'NONE', #2164 ) ;
#379 = CARTESIAN_POINT ( 'NONE',  ( 0.5188539923857724556, -0.1304436069163405487, 0.2045999999999998098 ) ) ;
#380 = DIRECTION ( 'NONE',  ( 1.499759782661863629E-32, -1.000000000000000000, -1.224646799147357891E-16 ) ) ;
#381 = EDGE_CURVE ( 'NONE', #1258, #2823, #516, .T. ) ;
#382 = CONICAL_SURFACE ( 'NONE', #2195, 0.06749999999999996281, 0.5235987755983000369 ) ;
#383 = CIRCLE ( 'NONE', #7, 0.005399999999999995949 ) ;
#384 = ORIENTED_EDGE ( 'NONE', *, *, #3556, .F. ) ;
#385 = DIRECTION ( 'NONE',  ( -1.224646799147353454E-16, -1.224646799147357891E-16, 1.000000000000000000 ) ) ;
#386 = CARTESIAN_POINT ( 'NONE',  ( -0.3838435821108956980, -1.278604887235698876E-15, -0.2099999999999998535 ) ) ;
#387 = VECTOR ( 'NONE', #3817, 39.37007874015748143 ) ;
#388 = CARTESIAN_POINT ( 'NONE',  ( -0.1366036739977068426, -0.3102389080265242072, -0.2099999999999997979 ) ) ;
#389 = TOROIDAL_SURFACE ( 'NONE', #515, 0.07061769145362391253, 0.005400000000000000286 ) ;
#390 = ADVANCED_FACE ( 'NONE', ( #375 ), #2394, .T. ) ;
#391 = AXIS2_PLACEMENT_3D ( 'NONE', #1851, #3599, #2 ) ;
#392 = VECTOR ( 'NONE', #1247, 39.37007874015748143 ) ;
#393 = DIRECTION ( 'NONE',  ( 1.761862566270217843E-15, -1.000000000000000000, -1.601693242063834425E-16 ) ) ;
#394 = CARTESIAN_POINT ( 'NONE',  ( -0.4382533603759208307, 0.1714716647278019257, 0.2045999999999997543 ) ) ;
#395 = EDGE_LOOP ( 'NONE', ( #425, #1203, #677, #1757 ) ) ;
#396 = DIRECTION ( 'NONE',  ( -1.224646799147353454E-16, -1.224646799147357891E-16, 1.000000000000000000 ) ) ;
#397 = VECTOR ( 'NONE', #315, 39.37007874015748143 ) ;
#398 = ORIENTED_EDGE ( 'NONE', *, *, #1917, .F. ) ;
#399 = CIRCLE ( 'NONE', #1777, 0.4210000000000291287 ) ;
#400 = CARTESIAN_POINT ( 'NONE',  ( -3.586023395710116313E-17, -0.3838435821108958090, 0.2099999999999996592 ) ) ;
#401 = DIRECTION ( 'NONE',  ( 1.224646799147353454E-16, 1.224646799147357891E-16, -1.000000000000000000 ) ) ;
#402 = CIRCLE ( 'NONE', #2344, 0.005400000000000022837 ) ;
#403 = ORIENTED_EDGE ( 'NONE', *, *, #1763, .F. ) ;
#404 = EDGE_CURVE ( 'NONE', #3309, #2170, #2451, .T. ) ;
#405 = VERTEX_POINT ( 'NONE', #2179 ) ;
#406 = CARTESIAN_POINT ( 'NONE',  ( 0.1158144173556400064, 0.4606647595948663576, 0.2045999999999998376 ) ) ;
#407 = AXIS2_PLACEMENT_3D ( 'NONE', #3017, #1559, #1852 ) ;
#408 = DIRECTION ( 'NONE',  ( -9.857654123112524084E-33, -1.000000000000000000, -1.224646799147357891E-16 ) ) ;
#409 = ORIENTED_EDGE ( 'NONE', *, *, #1723, .T. ) ;
#410 = EDGE_CURVE ( 'NONE', #763, #3728, #2701, .T. ) ;
#411 = DIRECTION ( 'NONE',  ( 1.224646799147353454E-16, 1.224646799147357891E-16, -1.000000000000000000 ) ) ;
#412 = AXIS2_PLACEMENT_3D ( 'NONE', #666, #2130, #2156 ) ;
#413 = DIRECTION ( 'NONE',  ( 0.000000000000000000, -1.000000000000000000, -1.601693242063834425E-16 ) ) ;
#414 = AXIS2_PLACEMENT_3D ( 'NONE', #192, #1073, #135 ) ;
#415 = DIRECTION ( 'NONE',  ( -4.372185065911658095E-33, -1.000000000000000000, -1.224646799147357891E-16 ) ) ;
#416 = ORIENTED_EDGE ( 'NONE', *, *, #1678, .T. ) ;
#417 = CARTESIAN_POINT ( 'NONE',  ( -0.4606647595948658025, -0.1758144173556180634, 0.2099999999999997147 ) ) ;
#418 = ORIENTED_EDGE ( 'NONE', *, *, #3294, .F. ) ;
#419 = CARTESIAN_POINT ( 'NONE',  ( 0.1664625085769837753, -0.4402703766517156447, -0.2045999999999998098 ) ) ;
#420 = VERTEX_POINT ( 'NONE', #3640 ) ;
#421 = CARTESIAN_POINT ( 'NONE',  ( -0.3102390035719958528, -0.1366036521649410529, 0.2045999999999997543 ) ) ;
#422 = EDGE_CURVE ( 'NONE', #3147, #2842, #691, .T. ) ;
#423 = DIRECTION ( 'NONE',  ( 1.707404996040835684E-15, -1.000000000000000000, 0.000000000000000000 ) ) ;
#424 = DIRECTION ( 'NONE',  ( -1.224646799147353454E-16, -1.224646799147357891E-16, 1.000000000000000000 ) ) ;
#425 = ORIENTED_EDGE ( 'NONE', *, *, #941, .T. ) ;
#426 = DIRECTION ( 'NONE',  ( 1.000000000000000000, 0.000000000000000000, 0.000000000000000000 ) ) ;
#427 = FACE_OUTER_BOUND ( 'NONE', #2709, .T. ) ;
#428 = ADVANCED_FACE ( 'NONE', ( #965 ), #1012, .T. ) ;
#429 = DIRECTION ( 'NONE',  ( -0.9698205465154604576, -0.2438198260118601413, 0.000000000000000000 ) ) ;
#430 = CARTESIAN_POINT ( 'NONE',  ( -0.3102390035719957972, -0.1366036521649408586, -0.2099999999999997979 ) ) ;
#431 = EDGE_LOOP ( 'NONE', ( #690, #3434, #319, #1679, #3083, #1435 ) ) ;
#432 = ORIENTED_EDGE ( 'NONE', *, *, #191, .F. ) ;
#433 = AXIS2_PLACEMENT_3D ( 'NONE', #2321, #861, #8 ) ;
#434 = ORIENTED_EDGE ( 'NONE', *, *, #909, .F. ) ;
#435 = EDGE_LOOP ( 'NONE', ( #1649, #3581, #2439, #2490 ) ) ;
#436 = DIRECTION ( 'NONE',  ( 0.000000000000000000, -1.000000000000000000, 0.000000000000000000 ) ) ;
#437 = DIRECTION ( 'NONE',  ( -1.224646799147353454E-16, -1.224646799147357891E-16, 1.000000000000000000 ) ) ;
#438 = ORIENTED_EDGE ( 'NONE', *, *, #3058, .F. ) ;
#439 = EDGE_CURVE ( 'NONE', #1305, #2853, #2817, .T. ) ;
#440 = CIRCLE ( 'NONE', #1819, 0.05459999999997645209 ) ;
#441 = CARTESIAN_POINT ( 'NONE',  ( 0.4402703863056279809, -0.1664625124643020759, 0.2099999999999997979 ) ) ;
#442 = CARTESIAN_POINT ( 'NONE',  ( -0.4402703863056267042, 0.1664625124643052678, -0.2045999999999998098 ) ) ;
#443 = AXIS2_PLACEMENT_3D ( 'NONE', #3317, #2755, #959 ) ;
#444 = CIRCLE ( 'NONE', #2011, 0.05017949192431114813 ) ;
#445 = AXIS2_PLACEMENT_3D ( 'NONE', #3466, #739, #1090 ) ;
#446 = AXIS2_PLACEMENT_3D ( 'NONE', #540, #242, #1439 ) ;
#447 = FACE_OUTER_BOUND ( 'NONE', #775, .T. ) ;
#448 = CARTESIAN_POINT ( 'NONE',  ( 0.000000000000000000, -5.011254702110964883E-17, 0.2045999999999997820 ) ) ;
#449 = ORIENTED_EDGE ( 'NONE', *, *, #1069, .T. ) ;
#450 = AXIS2_PLACEMENT_3D ( 'NONE', #1047, #1913, #499 ) ;
#451 = EDGE_CURVE ( 'NONE', #1288, #3010, #331, .T. ) ;
#452 = CARTESIAN_POINT ( 'NONE',  ( 0.000000000000000000, 0.000000000000000000, 0.2045999999999997820 ) ) ;
#453 = CIRCLE ( 'NONE', #2945, 0.05999999999997644717 ) ;
#454 = CIRCLE ( 'NONE', #3071, 0.005400000000000005490 ) ;
#455 = ORIENTED_EDGE ( 'NONE', *, *, #422, .F. ) ;
#456 = AXIS2_PLACEMENT_3D ( 'NONE', #144, #3362, #2194 ) ;
#457 = EDGE_CURVE ( 'NONE', #621, #1426, #3194, .T. ) ;
#458 = CARTESIAN_POINT ( 'NONE',  ( 0.2809999574765484898, 0.5619999828772017647, -0.2045999999999996710 ) ) ;
#459 = DIRECTION ( 'NONE',  ( 0.000000000000000000, -1.000000000000000000, -2.168799683363256718E-16 ) ) ;
#460 = AXIS2_PLACEMENT_3D ( 'NONE', #211, #1326, #1410 ) ;
#461 = DIRECTION ( 'NONE',  ( 1.000000000000000000, 0.000000000000000000, 0.000000000000000000 ) ) ;
#462 = ORIENTED_EDGE ( 'NONE', *, *, #3338, .T. ) ;
#463 = ORIENTED_EDGE ( 'NONE', *, *, #3617, .T. ) ;
#464 = CARTESIAN_POINT ( 'NONE',  ( 5.011254702110964883E-17, -0.5350000000000000311, -0.2045999999999998376 ) ) ;
#465 = CONICAL_SURFACE ( 'NONE', #3079, 0.06749999999999996281, 0.5235987755983000369 ) ;
#466 = ORIENTED_EDGE ( 'NONE', *, *, #2398, .F. ) ;
#467 = AXIS2_PLACEMENT_3D ( 'NONE', #2570, #753, #3168 ) ;
#468 = ADVANCED_FACE ( 'NONE', ( #3050 ), #832, .T. ) ;
#469 = DIRECTION ( 'NONE',  ( -1.000000000000000000, 0.000000000000000000, 0.000000000000000000 ) ) ;
#470 = DIRECTION ( 'NONE',  ( 0.000000000000000000, -1.000000000000000000, 0.000000000000000000 ) ) ;
#471 = ORIENTED_EDGE ( 'NONE', *, *, #2065, .F. ) ;
#472 = DIRECTION ( 'NONE',  ( -0.000000000000000000, -0.000000000000000000, -1.000000000000000000 ) ) ;
#473 = FACE_OUTER_BOUND ( 'NONE', #288, .T. ) ;
#474 = EDGE_LOOP ( 'NONE', ( #2234, #2560, #3849, #1395 ) ) ;
#475 = CARTESIAN_POINT ( 'NONE',  ( -0.1714716647278034523, -0.4382533603759202201, -0.2045999999999998098 ) ) ;
#476 = EDGE_CURVE ( 'NONE', #29, #3518, #3012, .T. ) ;
#477 = ADVANCED_BREP_SHAPE_REPRESENTATION ( '6408K84_18000 rpm Buna-N Rubber Spider for 1-5-64 OD Flexible Shaft Coupling Iron Hub_6408K84', ( #725, #2042 ), #1286 ) ;
#478 = VERTEX_POINT ( 'NONE', #1631 ) ;
#479 = CARTESIAN_POINT ( 'NONE',  ( -0.06594115427318796019, -0.3838435821108958090, 0.2126999999999997504 ) ) ;
#480 = AXIS2_PLACEMENT_3D ( 'NONE', #2409, #1494, #314 ) ;
#481 = EDGE_CURVE ( 'NONE', #3863, #238, #143, .T. ) ;
#482 = EDGE_LOOP ( 'NONE', ( #2550, #2505, #2125, #1193, #302 ) ) ;
#483 = DIRECTION ( 'NONE',  ( 0.06857187170600211046, -0.9976461789686439374, 0.000000000000000000 ) ) ;
#484 = CARTESIAN_POINT ( 'NONE',  ( -0.3838435821108957535, -1.330701362071427312E-15, 0.2153999999999997306 ) ) ;
#485 = FACE_OUTER_BOUND ( 'NONE', #3368, .T. ) ;
#486 = EDGE_CURVE ( 'NONE', #660, #1234, #1043, .T. ) ;
#487 = EDGE_LOOP ( 'NONE', ( #356, #964, #69, #2867 ) ) ;
#488 = CARTESIAN_POINT ( 'NONE',  ( -0.3838435821108957535, -1.330701362071427312E-15, 0.2153999999999997306 ) ) ;
#489 = CARTESIAN_POINT ( 'NONE',  ( 0.3838435821108951429, 0.06750000000000397349, -0.2099999999999996314 ) ) ;
#490 = DIRECTION ( 'NONE',  ( -1.224646799147353454E-16, 1.224646799147340635E-16, -1.000000000000000000 ) ) ;
#491 = CARTESIAN_POINT ( 'NONE',  ( 0.05017949192431117589, -0.3838435821108957535, -0.2399999999999997691 ) ) ;
#492 = ORIENTED_EDGE ( 'NONE', *, *, #1487, .F. ) ;
#493 = CARTESIAN_POINT ( 'NONE',  ( 0.2809999574765484343, 0.5619999828772016537, 0.2045999999999998931 ) ) ;
#494 = VERTEX_POINT ( 'NONE', #3148 ) ;
#495 = EDGE_CURVE ( 'NONE', #1547, #3856, #3126, .T. ) ;
#496 = FACE_BOUND ( 'NONE', #2076, .T. ) ;
#497 = ORIENTED_EDGE ( 'NONE', *, *, #2773, .T. ) ;
#498 = CARTESIAN_POINT ( 'NONE',  ( -0.1758144173556163425, 0.4606647595948664131, -0.2045999999999997543 ) ) ;
#499 = DIRECTION ( 'NONE',  ( 0.000000000000000000, -1.000000000000000000, 0.000000000000000000 ) ) ;
#500 = EDGE_CURVE ( 'NONE', #1630, #3159, #3630, .T. ) ;
#501 = CARTESIAN_POINT ( 'NONE',  ( 0.1758144173556164258, -0.4606647595948664686, 0.2045999999999997543 ) ) ;
#502 = ORIENTED_EDGE ( 'NONE', *, *, #1917, .T. ) ;
#503 = EDGE_CURVE ( 'NONE', #1, #916, #2948, .T. ) ;
#504 = DIRECTION ( 'NONE',  ( 1.499759782661863629E-32, -1.000000000000000000, -1.224646799147357891E-16 ) ) ;
#505 = VERTEX_POINT ( 'NONE', #479 ) ;
#506 = DIRECTION ( 'NONE',  ( -0.9276207895364241285, 0.3735233203159089577, 0.000000000000000000 ) ) ;
#507 = CARTESIAN_POINT ( 'NONE',  ( 3.552957932133135508E-17, 0.3132258906572718549, 0.2153999999999998138 ) ) ;
#508 = EDGE_LOOP ( 'NONE', ( #1273, #2681, #2747, #2381 ) ) ;
#509 = DIRECTION ( 'NONE',  ( 0.9976462080791005382, -0.06857144817919698376, 0.000000000000000000 ) ) ;
#510 = AXIS2_PLACEMENT_3D ( 'NONE', #2784, #1831, #3326 ) ;
#511 = EDGE_LOOP ( 'NONE', ( #1709, #2928, #3781, #3659 ) ) ;
#512 = EDGE_CURVE ( 'NONE', #1986, #2742, #269, .T. ) ;
#513 = PLANE ( 'NONE',  #2762 ) ;
#514 = CIRCLE ( 'NONE', #1641, 0.4210000000000291842 ) ;
#515 = AXIS2_PLACEMENT_3D ( 'NONE', #3349, #2112, #380 ) ;
#516 = CIRCLE ( 'NONE', #1328, 0.5350000000000000311 ) ;
#517 = ORIENTED_EDGE ( 'NONE', *, *, #131, .F. ) ;
#518 = AXIS2_PLACEMENT_3D ( 'NONE', #227, #629, #1823 ) ;
#519 = DIRECTION ( 'NONE',  ( 0.000000000000000000, -1.000000000000000000, 0.000000000000000000 ) ) ;
#520 = DIRECTION ( 'NONE',  ( 1.224646799147353454E-16, 1.224646799147357891E-16, -1.000000000000000000 ) ) ;
#521 = DIRECTION ( 'NONE',  ( 0.000000000000000000, 2.449293598294706907E-16, -1.000000000000000000 ) ) ;
#522 = AXIS2_PLACEMENT_3D ( 'NONE', #2331, #808, #218 ) ;
#523 = ORIENTED_EDGE ( 'NONE', *, *, #2488, .F. ) ;
#524 = FACE_OUTER_BOUND ( 'NONE', #1157, .T. ) ;
#525 = AXIS2_PLACEMENT_3D ( 'NONE', #1347, #606, #546 ) ;
#526 = DIRECTION ( 'NONE',  ( 0.000000000000000000, -1.000000000000000000, 0.000000000000000000 ) ) ;
#527 = TOROIDAL_SURFACE ( 'NONE', #2036, 0.5295999999999999597, 0.005400000000000000286 ) ;
#528 = ADVANCED_FACE ( 'NONE', ( #222, #496, #1987, #2277, #1102 ), #513, .T. ) ;
#529 = ORIENTED_EDGE ( 'NONE', *, *, #1939, .F. ) ;
#530 = DIRECTION ( 'NONE',  ( -3.035386659626960709E-15, 1.000000000000000000, 0.000000000000000000 ) ) ;
#531 = DIRECTION ( 'NONE',  ( 1.224646799147353454E-16, 1.224646799147357891E-16, -1.000000000000000000 ) ) ;
#532 = EDGE_LOOP ( 'NONE', ( #3662, #2032, #2464, #3717, #2376 ) ) ;
#533 = FACE_OUTER_BOUND ( 'NONE', #325, .T. ) ;
#534 = AXIS2_PLACEMENT_3D ( 'NONE', #2090, #558, #2684 ) ;
#535 = EDGE_LOOP ( 'NONE', ( #3815, #2241, #3150, #1691, #2641 ) ) ;
#536 = CARTESIAN_POINT ( 'NONE',  ( 0.1158144173556400619, 0.4606647595948664131, -0.2045999999999996988 ) ) ;
#537 = PRESENTATION_LAYER_ASSIGNMENT (  '', '', ( #602 ) ) ;
#538 = ORIENTED_EDGE ( 'NONE', *, *, #166, .T. ) ;
#539 = AXIS2_PLACEMENT_3D ( 'NONE', #1159, #2328, #3592 ) ;
#540 = CARTESIAN_POINT ( 'NONE',  ( 0.3838435821108957535, 3.967633726638626077E-15, 0.2153999999999998138 ) ) ;
#541 = DIRECTION ( 'NONE',  ( 0.000000000000000000, -1.000000000000000000, 0.000000000000000000 ) ) ;
#542 = DIRECTION ( 'NONE',  ( -0.5000000000000009992, 2.121150477449812844E-16, -0.8660254037844380415 ) ) ;
#543 = EDGE_CURVE ( 'NONE', #2886, #2656, #1077, .T. ) ;
#544 = ORIENTED_EDGE ( 'NONE', *, *, #2714, .F. ) ;
#545 = DIRECTION ( 'NONE',  ( -1.224646799147353454E-16, 1.224646799147340635E-16, -1.000000000000000000 ) ) ;
#546 = DIRECTION ( 'NONE',  ( 6.217248937900876626E-15, -1.000000000000000000, -1.276564483020683708E-16 ) ) ;
#547 = EDGE_LOOP ( 'NONE', ( #2539, #2143, #2615, #3586 ) ) ;
#548 = DIRECTION ( 'NONE',  ( 0.000000000000000000, 0.000000000000000000, 1.000000000000000000 ) ) ;
#549 = DIRECTION ( 'NONE',  ( 0.000000000000000000, -1.000000000000000000, -2.096884407979385212E-16 ) ) ;
#550 = VERTEX_POINT ( 'NONE', #2854 ) ;
#551 = CARTESIAN_POINT ( 'NONE',  ( 3.552957932133135508E-17, 0.3838435821108957535, 0.2153999999999998138 ) ) ;
#552 = ADVANCED_FACE ( 'NONE', ( #1710 ), #1201, .T. ) ;
#553 = ORIENTED_EDGE ( 'NONE', *, *, #2537, .T. ) ;
#554 = EDGE_CURVE ( 'NONE', #2213, #1180, #1893, .T. ) ;
#555 = VERTEX_POINT ( 'NONE', #2607 ) ;
#556 = CARTESIAN_POINT ( 'NONE',  ( -3.552957932133139822E-17, -0.3838435821108958090, 0.2099999999999997424 ) ) ;
#557 = DIRECTION ( 'NONE',  ( -0.9276207895364196876, 0.3735233203159198934, 0.000000000000000000 ) ) ;
#558 = DIRECTION ( 'NONE',  ( -1.224646799147353454E-16, -1.224646799147357891E-16, 1.000000000000000000 ) ) ;
#559 = EDGE_LOOP ( 'NONE', ( #1639, #1846, #172, #1579, #1357, #1924, #3469, #1865, #1024, #1535, #62, #3358, #2676, #3403, #945, #2995, #1480, #2647, #189, #900, #2191, #120, #3238, #553, #2909, #681, #6, #731, #1730 ) ) ;
#560 = CARTESIAN_POINT ( 'NONE',  ( -0.3838435821108957535, 0.07061769145362260802, 0.2099999999999997424 ) ) ;
#561 = CARTESIAN_POINT ( 'NONE',  ( -0.1758144173556164258, 0.4606647595948664131, 0.2045999999999998098 ) ) ;
#562 = ADVANCED_FACE ( 'NONE', ( #1749 ), #3791, .T. ) ;
#563 = DIMENSIONAL_EXPONENTS ( 1.000000000000000000, 0.000000000000000000, 0.000000000000000000, 0.000000000000000000, 0.000000000000000000, 0.000000000000000000, 0.000000000000000000 ) ;
#564 = ORIENTED_EDGE ( 'NONE', *, *, #3556, .T. ) ;
#565 = DIRECTION ( 'NONE',  ( 0.3735233203159155080, 0.9276207895364215750, -0.000000000000000000 ) ) ;
#566 = FACE_OUTER_BOUND ( 'NONE', #613, .T. ) ;
#567 = ORIENTED_EDGE ( 'NONE', *, *, #119, .F. ) ;
#568 = CARTESIAN_POINT ( 'NONE',  ( -0.3098687154647834507, -0.1419909415313717060, 0.2045999999999997543 ) ) ;
#569 = EDGE_CURVE ( 'NONE', #3197, #2669, #770, .T. ) ;
#570 = CARTESIAN_POINT ( 'NONE',  ( 0.2810000425229152166, -0.5620000171226611219, -0.2045999999999998098 ) ) ;
#571 = ORIENTED_EDGE ( 'NONE', *, *, #1790, .T. ) ;
#572 = AXIS2_PLACEMENT_3D ( 'NONE', #448, #2270, #1389 ) ;
#573 = TOROIDAL_SURFACE ( 'NONE', #2569, 0.05459999999997639658, 0.005400000000000000286 ) ;
#574 = CIRCLE ( 'NONE', #3433, 0.005400000000000014164 ) ;
#575 = EDGE_CURVE ( 'NONE', #124, #312, #81, .T. ) ;
#576 = ORIENTED_EDGE ( 'NONE', *, *, #3482, .F. ) ;
#577 = AXIS2_PLACEMENT_3D ( 'NONE', #1002, #1890, #168 ) ;
#578 = DIRECTION ( 'NONE',  ( 0.000000000000000000, -1.000000000000000000, -1.289580812719157683E-16 ) ) ;
#579 = AXIS2_PLACEMENT_3D ( 'NONE', #1224, #2422, #3330 ) ;
#580 = DIRECTION ( 'NONE',  ( -1.000000000000000000, 0.000000000000000000, 0.000000000000000000 ) ) ;
#581 = CIRCLE ( 'NONE', #1832, 0.5295999999999999597 ) ;
#582 = ORIENTED_EDGE ( 'NONE', *, *, #171, .F. ) ;
#583 = CARTESIAN_POINT ( 'NONE',  ( 0.1158144173556400064, 0.4606647595948663576, 0.2099999999999998535 ) ) ;
#584 = CARTESIAN_POINT ( 'NONE',  ( -0.1291269798558818405, -0.5136169614345876822, -0.2045999999999998931 ) ) ;
#585 = CIRCLE ( 'NONE', #3636, 0.005400000000000005490 ) ;
#586 = EDGE_CURVE ( 'NONE', #660, #2828, #2267, .T. ) ;
#587 = ORIENTED_EDGE ( 'NONE', *, *, #2337, .F. ) ;
#588 = CIRCLE ( 'NONE', #958, 0.4210000000000291842 ) ;
#589 = LINE ( 'NONE', #2639, #2780 ) ;
#590 = DIRECTION ( 'NONE',  ( -1.224646799147353454E-16, -1.224646799147357891E-16, 1.000000000000000000 ) ) ;
#591 = ORIENTED_EDGE ( 'NONE', *, *, #439, .F. ) ;
#592 = CARTESIAN_POINT ( 'NONE',  ( 0.2990719373760353794, -0.1416203551967158136, 0.2045999999999998098 ) ) ;
#593 = ADVANCED_FACE ( 'NONE', ( #2028 ), #1263, .T. ) ;
#594 = CARTESIAN_POINT ( 'NONE',  ( -0.1664625124643067666, -0.4402703863056261491, -0.2045999999999998376 ) ) ;
#595 = VERTEX_POINT ( 'NONE', #771 ) ;
#596 = AXIS2_PLACEMENT_3D ( 'NONE', #3858, #1776, #2962 ) ;
#597 = AXIS2_PLACEMENT_3D ( 'NONE', #298, #3276, #1742 ) ;
#598 = ORIENTED_EDGE ( 'NONE', *, *, #1934, .F. ) ;
#599 = DIRECTION ( 'NONE',  ( -1.224646799147353454E-16, -1.224646799147357891E-16, 1.000000000000000000 ) ) ;
#600 = LINE ( 'NONE', #3797, #1783 ) ;
#601 = EDGE_CURVE ( 'NONE', #1188, #1019, #3635, .T. ) ;
#602 = STYLED_ITEM ( 'NONE', ( #2031 ), #477 ) ;
#603 = AXIS2_PLACEMENT_3D ( 'NONE', #2692, #590, #1727 ) ;
#604 = ORIENTED_EDGE ( 'NONE', *, *, #64, .F. ) ;
#605 = CARTESIAN_POINT ( 'NONE',  ( -0.05017949192431118283, -0.3838435821108958090, 0.2399999999999996581 ) ) ;
#606 = DIRECTION ( 'NONE',  ( 1.224646799147353454E-16, 1.224646799147357891E-16, -1.000000000000000000 ) ) ;
#607 = VERTEX_POINT ( 'NONE', #2051 ) ;
#608 = LINE ( 'NONE', #2910, #2102 ) ;
#609 = DIRECTION ( 'NONE',  ( -1.224646799147353454E-16, -1.224646799147357891E-16, 1.000000000000000000 ) ) ;
#610 = DIRECTION ( 'NONE',  ( 1.224646799147353454E-16, 1.224646799147357891E-16, -1.000000000000000000 ) ) ;
#611 = TOROIDAL_SURFACE ( 'NONE', #1612, 0.4264000000000292001, 0.005400000000000000286 ) ;
#612 = DIRECTION ( 'NONE',  ( 0.000000000000000000, -1.000000000000000000, 0.000000000000000000 ) ) ;
#613 = EDGE_LOOP ( 'NONE', ( #631, #3590, #88, #2262 ) ) ;
#614 = ORIENTED_EDGE ( 'NONE', *, *, #3654, .T. ) ;
#615 = CARTESIAN_POINT ( 'NONE',  ( 0.3838435821108951429, 0.06594115427319194311, -0.2126999999999997226 ) ) ;
#616 = DIRECTION ( 'NONE',  ( 0.000000000000000000, 0.000000000000000000, 1.000000000000000000 ) ) ;
#617 = VERTEX_POINT ( 'NONE', #257 ) ;
#618 = ADVANCED_FACE ( 'NONE', ( #3729 ), #274, .T. ) ;
#619 = DIRECTION ( 'NONE',  ( 1.224646799147353454E-16, 1.224646799147357891E-16, -1.000000000000000000 ) ) ;
#620 = CARTESIAN_POINT ( 'NONE',  ( -0.5136169614345880152, 0.1291269798558801196, -0.2045999999999998376 ) ) ;
#621 = VERTEX_POINT ( 'NONE', #317 ) ;
#622 = DIRECTION ( 'NONE',  ( 0.9276207183400245748, 0.3735234971274721816, 0.000000000000000000 ) ) ;
#623 = EDGE_CURVE ( 'NONE', #1733, #3478, #258, .T. ) ;
#624 = DIRECTION ( 'NONE',  ( -4.372185065911658095E-33, -1.000000000000000000, -1.224646799147357891E-16 ) ) ;
#625 = DIRECTION ( 'NONE',  ( -1.224646799147353454E-16, 1.224646799147340635E-16, -1.000000000000000000 ) ) ;
#626 = CIRCLE ( 'NONE', #1124, 0.1628516087527653033 ) ;
#627 = DIRECTION ( 'NONE',  ( 0.000000000000000000, -1.000000000000000000, 0.000000000000000000 ) ) ;
#628 = ORIENTED_EDGE ( 'NONE', *, *, #3045, .F. ) ;
#629 = DIRECTION ( 'NONE',  ( 1.224646799147353454E-16, 1.224646799147357891E-16, -1.000000000000000000 ) ) ;
#630 = EDGE_CURVE ( 'NONE', #916, #1597, #3246, .T. ) ;
#631 = ORIENTED_EDGE ( 'NONE', *, *, #2131, .F. ) ;
#632 = FACE_OUTER_BOUND ( 'NONE', #937, .T. ) ;
#633 = DIRECTION ( 'NONE',  ( 1.000000000000000000, -1.499759782661863629E-32, 1.224646799147353454E-16 ) ) ;
#634 = AXIS2_PLACEMENT_3D ( 'NONE', #3346, #2744, #966 ) ;
#635 = CIRCLE ( 'NONE', #759, 0.06594115427318794631 ) ;
#636 = PRESENTATION_LAYER_ASSIGNMENT (  '', '', ( #3312 ) ) ;
#637 = ORIENTED_EDGE ( 'NONE', *, *, #377, .F. ) ;
#638 = AXIS2_PLACEMENT_3D ( 'NONE', #3719, #3131, #111 ) ;
#639 = APPLICATION_CONTEXT ( 'automotive_design' ) ;
#640 = CARTESIAN_POINT ( 'NONE',  ( -0.3838435821108956980, 0.07061769145362266353, -0.2099999999999998535 ) ) ;
#641 = FACE_OUTER_BOUND ( 'NONE', #3162, .T. ) ;
#642 = AXIS2_PLACEMENT_3D ( 'NONE', #1220, #2993, #1792 ) ;
#643 = AXIS2_PLACEMENT_3D ( 'NONE', #357, #2741, #56 ) ;
#644 = TOROIDAL_SURFACE ( 'NONE', #2084, 0.05459999999997646597, 0.005400000000000000286 ) ;
#645 = ORIENTED_EDGE ( 'NONE', *, *, #1673, .F. ) ;
#646 = DIRECTION ( 'NONE',  ( 1.224646799147353454E-16, 1.224646799147357891E-16, -1.000000000000000000 ) ) ;
#647 = CYLINDRICAL_SURFACE ( 'NONE', #1108, 0.4210000000000291842 ) ;
#648 = AXIS2_PLACEMENT_3D ( 'NONE', #551, #1212, #281 ) ;
#649 = CARTESIAN_POINT ( 'NONE',  ( 0.2809999574765484343, 0.5619999828772016537, 0.2099999999999998812 ) ) ;
#650 = ADVANCED_FACE ( 'NONE', ( #3240 ), #1067, .F. ) ;
#651 = CIRCLE ( 'NONE', #2831, 0.005399999999999995949 ) ;
#652 = VERTEX_POINT ( 'NONE', #2333 ) ;
#653 = CARTESIAN_POINT ( 'NONE',  ( -0.2990719373760349353, 0.2990719639494832105, 0.2045999999999997820 ) ) ;
#654 = CIRCLE ( 'NONE', #2155, 0.05017949192431114813 ) ;
#655 = CIRCLE ( 'NONE', #534, 0.06594115427318794631 ) ;
#656 = EDGE_LOOP ( 'NONE', ( #1461, #2544, #2221, #1241, #2136 ) ) ;
#657 = CARTESIAN_POINT ( 'NONE',  ( 0.3838435821108958090, 4.019730201474354512E-15, -0.2099999999999997147 ) ) ;
#658 = DIRECTION ( 'NONE',  ( 1.088830471932589369E-14, -1.000000000000000000, 0.000000000000000000 ) ) ;
#659 = AXIS2_PLACEMENT_3D ( 'NONE', #3416, #2691, #461 ) ;
#660 = VERTEX_POINT ( 'NONE', #1767 ) ;
#661 = ORIENTED_EDGE ( 'NONE', *, *, #3315, .F. ) ;
#662 = DIRECTION ( 'NONE',  ( -8.537024980204168560E-16, -1.000000000000000000, 0.000000000000000000 ) ) ;
#663 = DIRECTION ( 'NONE',  ( 0.000000000000000000, -1.000000000000000000, -2.168799683363256718E-16 ) ) ;
#664 = EDGE_CURVE ( 'NONE', #2213, #2105, #758, .T. ) ;
#665 = ORIENTED_EDGE ( 'NONE', *, *, #1729, .T. ) ;
#666 = CARTESIAN_POINT ( 'NONE',  ( 0.3838435821108957535, 0.07061769145362786770, 0.2153999999999998138 ) ) ;
#667 = DIRECTION ( 'NONE',  ( -3.035386659626960709E-15, 1.000000000000000000, 0.000000000000000000 ) ) ;
#668 = DIRECTION ( 'NONE',  ( 1.499759782661863629E-32, -1.000000000000000000, -1.224646799147357891E-16 ) ) ;
#669 = CIRCLE ( 'NONE', #1481, 0.1628516087527653033 ) ;
#670 = DIRECTION ( 'NONE',  ( -2.449293598294706907E-16, -2.449293598294715782E-16, 1.000000000000000000 ) ) ;
#671 = ORIENTED_EDGE ( 'NONE', *, *, #3146, .F. ) ;
#672 = ADVANCED_FACE ( 'NONE', ( #3296 ), #1699, .T. ) ;
#673 = CARTESIAN_POINT ( 'NONE',  ( -3.619088859287097118E-17, -0.3838435821108958090, 0.2153999999999997306 ) ) ;
#674 = ORIENTED_EDGE ( 'NONE', *, *, #990, .F. ) ;
#675 = CARTESIAN_POINT ( 'NONE',  ( 0.000000000000000000, -5.011254702110964883E-17, 0.2045999999999997820 ) ) ;
#676 = CARTESIAN_POINT ( 'NONE',  ( 0.1714716604560199142, -0.4382533497672273515, -0.2045999999999998098 ) ) ;
#677 = ORIENTED_EDGE ( 'NONE', *, *, #3169, .F. ) ;
#678 = ORIENTED_EDGE ( 'NONE', *, *, #3585, .F. ) ;
#679 = FACE_OUTER_BOUND ( 'NONE', #656, .T. ) ;
#680 = CARTESIAN_POINT ( 'NONE',  ( -0.2990719373760349353, 0.2990719639494832105, 0.2099999999999997702 ) ) ;
#681 = ORIENTED_EDGE ( 'NONE', *, *, #107, .T. ) ;
#682 = CARTESIAN_POINT ( 'NONE',  ( 0.5136169614345890144, -0.1291269798558765669, 0.2099999999999997979 ) ) ;
#683 = CARTESIAN_POINT ( 'NONE',  ( -0.2810000425229112198, 0.5620000171226631203, 0.2045999999999998098 ) ) ;
#684 = CARTESIAN_POINT ( 'NONE',  ( 5.044320165687943840E-17, -0.5295999999999999597, -0.2099999999999998535 ) ) ;
#685 = EDGE_CURVE ( 'NONE', #2823, #3101, #2956, .T. ) ;
#686 = CARTESIAN_POINT ( 'NONE',  ( 3.552957932133135508E-17, 0.3838435821108957535, 0.2153999999999998138 ) ) ;
#687 = VERTEX_POINT ( 'NONE', #3009 ) ;
#688 = CARTESIAN_POINT ( 'NONE',  ( -0.1291269798558818960, -0.5136169614345876822, 0.2045999999999996988 ) ) ;
#689 = ADVANCED_FACE ( 'NONE', ( #2082 ), #3371, .T. ) ;
#690 = ORIENTED_EDGE ( 'NONE', *, *, #2893, .F. ) ;
#691 = LINE ( 'NONE', #121, #3320 ) ;
#692 = DIRECTION ( 'NONE',  ( 0.000000000000000000, -1.000000000000000000, -1.289580812719157683E-16 ) ) ;
#693 = ADVANCED_FACE ( 'NONE', ( #1496 ), #2387, .T. ) ;
#694 = ORIENTED_EDGE ( 'NONE', *, *, #2578, .T. ) ;
#695 = DIRECTION ( 'NONE',  ( -1.224646799147353454E-16, -1.224646799147357891E-16, 1.000000000000000000 ) ) ;
#696 = DIRECTION ( 'NONE',  ( 0.2438198260118512317, 0.9698205465154627891, -0.000000000000000000 ) ) ;
#697 = CARTESIAN_POINT ( 'NONE',  ( 0.2990719639494843207, 0.2990719373760338251, 0.2045999999999998376 ) ) ;
#698 = CIRCLE ( 'NONE', #2442, 0.1574516087527653707 ) ;
#699 = AXIS2_PLACEMENT_3D ( 'NONE', #3174, #429, #1935 ) ;
#700 = ORIENTED_EDGE ( 'NONE', *, *, #3098, .F. ) ;
#701 = FACE_OUTER_BOUND ( 'NONE', #3364, .T. ) ;
#702 = CIRCLE ( 'NONE', #1071, 0.5295999999999999597 ) ;
#703 = CARTESIAN_POINT ( 'NONE',  ( -0.4382533603759208307, 0.1714716647278019257, 0.2099999999999997424 ) ) ;
#704 = AXIS2_PLACEMENT_3D ( 'NONE', #3732, #2255, #1973 ) ;
#705 = EDGE_CURVE ( 'NONE', #1633, #1104, #1761, .T. ) ;
#706 = CIRCLE ( 'NONE', #1262, 0.005400000000000009827 ) ;
#707 =( NAMED_UNIT ( * ) PLANE_ANGLE_UNIT ( ) SI_UNIT ( $, .RADIAN. ) );
#708 = VERTEX_POINT ( 'NONE', #283 ) ;
#709 = CIRCLE ( 'NONE', #3260, 0.005399999999999995949 ) ;
#710 = ADVANCED_FACE ( 'NONE', ( #851 ), #2699, .F. ) ;
#711 = ORIENTED_EDGE ( 'NONE', *, *, #997, .F. ) ;
#712 = CIRCLE ( 'NONE', #3511, 0.05999999999997641248 ) ;
#713 = DIRECTION ( 'NONE',  ( -1.224646799147353454E-16, -1.224646799147357891E-16, 1.000000000000000000 ) ) ;
#714 = AXIS2_PLACEMENT_3D ( 'NONE', #112, #2790, #3367 ) ;
#715 = VERTEX_POINT ( 'NONE', #3596 ) ;
#716 = CARTESIAN_POINT ( 'NONE',  ( -0.4606647595948667462, 0.1158144173556383688, 0.2045999999999997543 ) ) ;
#717 = CARTESIAN_POINT ( 'NONE',  ( 0.1664625124643066834, 0.4402703863056262601, -0.2045999999999996988 ) ) ;
#718 = AXIS2_PLACEMENT_3D ( 'NONE', #1716, #2980, #2902 ) ;
#719 = EDGE_CURVE ( 'NONE', #2740, #617, #3431, .T. ) ;
#720 = CARTESIAN_POINT ( 'NONE',  ( 0.1419909415313705958, -0.3098687154647839503, 0.2099999999999997147 ) ) ;
#721 = ORIENTED_EDGE ( 'NONE', *, *, #342, .F. ) ;
#722 = CARTESIAN_POINT ( 'NONE',  ( -3.586023395710116313E-17, -0.3838435821108958090, 0.2126999999999997504 ) ) ;
#723 = CIRCLE ( 'NONE', #1161, 0.5350000000000000311 ) ;
#724 = CARTESIAN_POINT ( 'NONE',  ( 0.4606647595948675789, -0.1158144173556352047, 0.2045999999999998098 ) ) ;
#725 = MANIFOLD_SOLID_BREP ( 'Mirror1', #139 ) ;
#726 = DIRECTION ( 'NONE',  ( 0.3735233203159090132, 0.9276207895364242395, -0.000000000000000000 ) ) ;
#727 = AXIS2_PLACEMENT_3D ( 'NONE', #3865, #1190, #1130 ) ;
#728 = FACE_OUTER_BOUND ( 'NONE', #1671, .T. ) ;
#729 = ORIENTED_EDGE ( 'NONE', *, *, #831, .T. ) ;
#730 = DIRECTION ( 'NONE',  ( -1.224646799147353454E-16, -1.224646799147357891E-16, 1.000000000000000000 ) ) ;
#731 = ORIENTED_EDGE ( 'NONE', *, *, #1398, .T. ) ;
#732 = DIRECTION ( 'NONE',  ( -4.372185065911663569E-33, -1.000000000000000000, -1.224646799147357891E-16 ) ) ;
#733 = ORIENTED_EDGE ( 'NONE', *, *, #2871, .F. ) ;
#734 = ORIENTED_EDGE ( 'NONE', *, *, #1988, .F. ) ;
#735 = DIRECTION ( 'NONE',  ( 0.000000000000000000, -1.000000000000000000, -1.601693242063834425E-16 ) ) ;
#736 = DIRECTION ( 'NONE',  ( 0.3735234971274721816, -0.9276207183400245748, 0.000000000000000000 ) ) ;
#737 = EDGE_CURVE ( 'NONE', #3518, #29, #324, .T. ) ;
#738 = ORIENTED_EDGE ( 'NONE', *, *, #3751, .F. ) ;
#739 = DIRECTION ( 'NONE',  ( -0.000000000000000000, -0.000000000000000000, -1.000000000000000000 ) ) ;
#740 = DIRECTION ( 'NONE',  ( 1.224646799147353454E-16, 1.224646799147357891E-16, -1.000000000000000000 ) ) ;
#741 = ADVANCED_FACE ( 'NONE', ( #2489 ), #2015, .T. ) ;
#742 = CARTESIAN_POINT ( 'NONE',  ( -0.3838435821108957535, -0.07061769145362527256, 0.2153999999999997306 ) ) ;
#743 = CARTESIAN_POINT ( 'NONE',  ( -0.5136169614345871270, -0.1291269798558837556, 0.2045999999999996988 ) ) ;
#744 = ORIENTED_EDGE ( 'NONE', *, *, #886, .F. ) ;
#745 = DIRECTION ( 'NONE',  ( 1.224646799147353454E-16, 1.224646799147357891E-16, -1.000000000000000000 ) ) ;
#746 = ORIENTED_EDGE ( 'NONE', *, *, #1934, .T. ) ;
#747 = DIRECTION ( 'NONE',  ( 0.2438198260118601135, -0.9698205465154604576, 0.000000000000000000 ) ) ;
#748 = ADVANCED_FACE ( 'NONE', ( #979 ), #2134, .T. ) ;
#749 = CARTESIAN_POINT ( 'NONE',  ( 0.4606647595948675789, -0.1158144173556352047, 0.2045999999999998098 ) ) ;
#750 = ORIENTED_EDGE ( 'NONE', *, *, #1434, .F. ) ;
#751 = CARTESIAN_POINT ( 'NONE',  ( 0.1366036521649399427, -0.3102390035719964634, -0.2045999999999997820 ) ) ;
#752 = CARTESIAN_POINT ( 'NONE',  ( -0.2810000425229112198, 0.5620000171226632313, -0.2045999999999997543 ) ) ;
#753 = DIRECTION ( 'NONE',  ( -1.224646799147353454E-16, -1.224646799147357891E-16, 1.000000000000000000 ) ) ;
#754 = ADVANCED_FACE ( 'NONE', ( #2212 ), #382, .T. ) ;
#755 = ORIENTED_EDGE ( 'NONE', *, *, #3169, .T. ) ;
#756 = DIRECTION ( 'NONE',  ( 0.9276207183400299039, 0.3735234971274590809, 0.000000000000000000 ) ) ;
#757 = FACE_OUTER_BOUND ( 'NONE', #1016, .T. ) ;
#758 = CIRCLE ( 'NONE', #1576, 0.005399999999999996816 ) ;
#759 = AXIS2_PLACEMENT_3D ( 'NONE', #722, #173, #1918 ) ;
#760 = AXIS2_PLACEMENT_3D ( 'NONE', #1423, #3152, #483 ) ;
#761 = CARTESIAN_POINT ( 'NONE',  ( 0.3838435821108963641, -0.05017949192430713745, -0.2399999999999996303 ) ) ;
#762 = DIRECTION ( 'NONE',  ( 1.499759782661863629E-32, -1.000000000000000000, -1.224646799147357891E-16 ) ) ;
#763 = VERTEX_POINT ( 'NONE', #54 ) ;
#764 = AXIS2_PLACEMENT_3D ( 'NONE', #3108, #3678, #3167 ) ;
#765 = CARTESIAN_POINT ( 'NONE',  ( 0.3098687154647823960, 0.1419909415313738155, 0.2045999999999998098 ) ) ;
#766 = EDGE_CURVE ( 'NONE', #1223, #715, #116, .T. ) ;
#767 = CIRCLE ( 'NONE', #2826, 0.07061769145362389866 ) ;
#768 = CIRCLE ( 'NONE', #2330, 0.05999999999997641248 ) ;
#769 = EDGE_LOOP ( 'NONE', ( #3633, #2275, #3243, #3212 ) ) ;
#770 = CIRCLE ( 'NONE', #1772, 0.5295999999999999597 ) ;
#771 = CARTESIAN_POINT ( 'NONE',  ( 0.4402703766517139794, 0.1664625085769882717, -0.2099999999999997147 ) ) ;
#772 = VECTOR ( 'NONE', #2973, 39.37007874015748143 ) ;
#773 = AXIS2_PLACEMENT_3D ( 'NONE', #1591, #3607, #2736 ) ;
#774 =( LENGTH_UNIT ( ) NAMED_UNIT ( * ) SI_UNIT ( $, .METRE. ) );
#775 = EDGE_LOOP ( 'NONE', ( #3569, #362, #2870, #582 ) ) ;
#776 = CARTESIAN_POINT ( 'NONE',  ( 0.4606647595948676344, -0.1158144173556351630, -0.2045999999999997543 ) ) ;
#777 = DIRECTION ( 'NONE',  ( -1.000000000000000000, 0.000000000000000000, 0.000000000000000000 ) ) ;
#778 = TOROIDAL_SURFACE ( 'NONE', #1154, 0.5295999999999999597, 0.005400000000000000286 ) ;
#779 = ORIENTED_EDGE ( 'NONE', *, *, #1061, .T. ) ;
#780 = AXIS2_PLACEMENT_3D ( 'NONE', #1107, #2239, #2860 ) ;
#781 = CARTESIAN_POINT ( 'NONE',  ( -0.5136169614345871270, -0.1291269798558837001, -0.2045999999999998931 ) ) ;
#782 = DIRECTION ( 'NONE',  ( 3.673940397442060361E-16, 1.224646799147375147E-16, -1.000000000000000000 ) ) ;
#783 = AXIS2_PLACEMENT_3D ( 'NONE', #134, #3113, #2524 ) ;
#784 = DIRECTION ( 'NONE',  ( 1.224646799147353454E-16, 1.224646799147357891E-16, -1.000000000000000000 ) ) ;
#785 = DIRECTION ( 'NONE',  ( -3.673940397442060361E-16, -1.224646799147375147E-16, 1.000000000000000000 ) ) ;
#786 = VERTEX_POINT ( 'NONE', #394 ) ;
#787 = CARTESIAN_POINT ( 'NONE',  ( -2.571758278209439430E-17, -2.571758278209448983E-17, 0.2099999999999997702 ) ) ;
#788 = COLOUR_RGB ( '',0.000000000000000000, 0.000000000000000000, 0.000000000000000000 ) ;
#789 = CONICAL_SURFACE ( 'NONE', #414, 0.06749999999999996281, 0.5235987755983000369 ) ;
#790 = ADVANCED_FACE ( 'NONE', ( #728 ), #3003, .T. ) ;
#791 = VERTEX_POINT ( 'NONE', #2443 ) ;
#792 = CARTESIAN_POINT ( 'NONE',  ( 0.1291269798558819792, -0.5136169614345876822, -0.2045999999999998376 ) ) ;
#793 = ADVANCED_FACE ( 'NONE', ( #3372 ), #2777, .T. ) ;
#794 = VERTEX_POINT ( 'NONE', #430 ) ;
#795 = DIRECTION ( 'NONE',  ( 0.000000000000000000, -1.000000000000000000, -1.622237525928785020E-16 ) ) ;
#796 = CARTESIAN_POINT ( 'NONE',  ( -0.4606647595948658025, -0.1758144173556180356, -0.2045999999999998376 ) ) ;
#797 = DIRECTION ( 'NONE',  ( -1.046343204224066250E-14, 1.000000000000000000, 1.622237525928785020E-16 ) ) ;
#798 = VECTOR ( 'NONE', #3335, 39.37007874015748143 ) ;
#799 = ORIENTED_EDGE ( 'NONE', *, *, #2081, .T. ) ;
#800 = EDGE_CURVE ( 'NONE', #2199, #2778, #3812, .T. ) ;
#801 = CARTESIAN_POINT ( 'NONE',  ( 0.4606647595948675789, -0.1158144173556352047, 0.2045999999999998098 ) ) ;
#802 = DIRECTION ( 'NONE',  ( 0.000000000000000000, -1.000000000000000000, 0.000000000000000000 ) ) ;
#803 = EDGE_CURVE ( 'NONE', #2664, #1131, #2939, .T. ) ;
#804 = ORIENTED_EDGE ( 'NONE', *, *, #2492, .T. ) ;
#805 = LINE ( 'NONE', #2888, #3119 ) ;
#806 = CARTESIAN_POINT ( 'NONE',  ( -0.5188539923857706793, -0.1304436069163478207, 0.2099999999999997147 ) ) ;
#807 = ORIENTED_EDGE ( 'NONE', *, *, #3645, .F. ) ;
#808 = DIRECTION ( 'NONE',  ( -0.9698205465154604576, -0.2438198260118601413, 0.000000000000000000 ) ) ;
#809 = ORIENTED_EDGE ( 'NONE', *, *, #2532, .F. ) ;
#810 = DIRECTION ( 'NONE',  ( 1.224646799147353454E-16, 1.224646799147357891E-16, -1.000000000000000000 ) ) ;
#811 = SHAPE_DEFINITION_REPRESENTATION ( #343, #477 ) ;
#812 = EDGE_LOOP ( 'NONE', ( #3555, #1308, #3271, #544 ) ) ;
#813 = CARTESIAN_POINT ( 'NONE',  ( -0.2990719373760349353, 0.1362203551967178516, 0.2099999999999997424 ) ) ;
#814 = CARTESIAN_POINT ( 'NONE',  ( -0.06749999999999999056, -0.3838435821108958090, 0.2099999999999996592 ) ) ;
#815 = ADVANCED_FACE ( 'NONE', ( #3632 ), #2135, .T. ) ;
#816 = EDGE_LOOP ( 'NONE', ( #38, #980, #345, #3616 ) ) ;
#817 = CARTESIAN_POINT ( 'NONE',  ( -0.3838435821108957535, -1.333713993197329969E-15, 0.2399999999999997413 ) ) ;
#818 = DIRECTION ( 'NONE',  ( -5.404511872094569663E-15, 0.5000000000000012212, -0.8660254037844379305 ) ) ;
#819 = ADVANCED_FACE ( 'NONE', ( #1845 ), #2629, .F. ) ;
#820 = ORIENTED_EDGE ( 'NONE', *, *, #2798, .F. ) ;
#821 = DIRECTION ( 'NONE',  ( 0.000000000000000000, 2.449293598294706907E-16, -1.000000000000000000 ) ) ;
#822 = CARTESIAN_POINT ( 'NONE',  ( 0.2990719373760370448, -0.2990719639494811566, -0.2045999999999997820 ) ) ;
#823 = ORIENTED_EDGE ( 'NONE', *, *, #295, .T. ) ;
#824 = DIRECTION ( 'NONE',  ( 1.499759782661863629E-32, -1.000000000000000000, -1.224646799147357891E-16 ) ) ;
#825 = AXIS2_PLACEMENT_3D ( 'NONE', #346, #376, #692 ) ;
#826 = AXIS2_PLACEMENT_3D ( 'NONE', #2470, #1625, #37 ) ;
#827 = CIRCLE ( 'NONE', #2879, 0.05999999999997641248 ) ;
#828 = EDGE_LOOP ( 'NONE', ( #852, #917, #2925, #3106 ) ) ;
#829 = DIRECTION ( 'NONE',  ( 1.707404996040835684E-15, -1.000000000000000000, 0.000000000000000000 ) ) ;
#830 = AXIS2_PLACEMENT_3D ( 'NONE', #653, #2593, #2876 ) ;
#831 = EDGE_CURVE ( 'NONE', #478, #2801, #939, .T. ) ;
#832 = CONICAL_SURFACE ( 'NONE', #75, 0.06749999999999996281, 0.5235987755983000369 ) ;
#833 = ORIENTED_EDGE ( 'NONE', *, *, #2103, .F. ) ;
#834 = CIRCLE ( 'NONE', #2580, 0.06594115427318798794 ) ;
#835 = CARTESIAN_POINT ( 'NONE',  ( 0.1664625124643066556, 0.4402703863056262046, 0.2099999999999998535 ) ) ;
#836 = DIRECTION ( 'NONE',  ( 0.000000000000000000, -1.000000000000000000, 0.000000000000000000 ) ) ;
#837 = DIRECTION ( 'NONE',  ( 1.047444401652940007E-14, -1.000000000000000000, -1.224646799147353454E-16 ) ) ;
#838 = TOROIDAL_SURFACE ( 'NONE', #207, 0.07061769145362391253, 0.005400000000000000286 ) ;
#839 = ORIENTED_EDGE ( 'NONE', *, *, #2121, .F. ) ;
#840 = EDGE_CURVE ( 'NONE', #1258, #1007, #101, .T. ) ;
#841 = FACE_OUTER_BOUND ( 'NONE', #2010, .T. ) ;
#842 = AXIS2_PLACEMENT_3D ( 'NONE', #1111, #3138, #470 ) ;
#843 = CARTESIAN_POINT ( 'NONE',  ( 0.5188539923857697911, 0.1304436069163513734, 0.2045999999999998376 ) ) ;
#844 = ORIENTED_EDGE ( 'NONE', *, *, #44, .T. ) ;
#845 = DIRECTION ( 'NONE',  ( 1.224646799147353454E-16, 1.224646799147357891E-16, -1.000000000000000000 ) ) ;
#846 = ADVANCED_FACE ( 'NONE', ( #3488 ), #3118, .T. ) ;
#847 = FACE_OUTER_BOUND ( 'NONE', #3402, .T. ) ;
#848 = EDGE_LOOP ( 'NONE', ( #372, #3033, #2587, #2799 ) ) ;
#849 = CARTESIAN_POINT ( 'NONE',  ( 2.505627351055482442E-17, 2.505627351055491070E-17, -0.2045999999999997820 ) ) ;
#850 = AXIS2_PLACEMENT_3D ( 'NONE', #3001, #385, #3026 ) ;
#851 = FACE_OUTER_BOUND ( 'NONE', #142, .T. ) ;
#852 = ORIENTED_EDGE ( 'NONE', *, *, #766, .F. ) ;
#853 = CARTESIAN_POINT ( 'NONE',  ( -0.2990719373760348798, 0.2990719639494832660, -0.2045999999999997820 ) ) ;
#854 = ORIENTED_EDGE ( 'NONE', *, *, #3065, .F. ) ;
#855 = AXIS2_PLACEMENT_3D ( 'NONE', #3158, #531, #2525 ) ;
#856 = DIRECTION ( 'NONE',  ( 0.000000000000000000, 0.000000000000000000, 1.000000000000000000 ) ) ;
#857 = DIRECTION ( 'NONE',  ( 0.000000000000000000, -1.000000000000000000, 0.000000000000000000 ) ) ;
#858 = CARTESIAN_POINT ( 'NONE',  ( -0.2809999574765523200, -0.5619999828771996553, -0.2099999999999998812 ) ) ;
#859 = EDGE_CURVE ( 'NONE', #2853, #2193, #698, .T. ) ;
#860 = ORIENTED_EDGE ( 'NONE', *, *, #2503, .T. ) ;
#861 = DIRECTION ( 'NONE',  ( 1.224646799147353454E-16, 1.224646799147357891E-16, -1.000000000000000000 ) ) ;
#862 = DIRECTION ( 'NONE',  ( 1.000000000000000000, -1.499759782661863629E-32, 1.224646799147353454E-16 ) ) ;
#863 = EDGE_CURVE ( 'NONE', #3254, #1587, #1251, .T. ) ;
#864 = VERTEX_POINT ( 'NONE', #2020 ) ;
#865 = LINE ( 'NONE', #3805, #2284 ) ;
#866 = DIRECTION ( 'NONE',  ( 0.000000000000000000, 0.000000000000000000, 1.000000000000000000 ) ) ;
#867 = ORIENTED_EDGE ( 'NONE', *, *, #2969, .F. ) ;
#868 = CARTESIAN_POINT ( 'NONE',  ( -0.4382533603759207752, 0.1714716647278019535, -0.2045999999999998098 ) ) ;
#869 = ADVANCED_FACE ( 'NONE', ( #1095 ), #195, .T. ) ;
#870 = DIRECTION ( 'NONE',  ( 1.224646799147353454E-16, 1.224646799147357891E-16, -1.000000000000000000 ) ) ;
#871 = EDGE_LOOP ( 'NONE', ( #598, #102, #2050, #416 ) ) ;
#872 = ORIENTED_EDGE ( 'NONE', *, *, #719, .T. ) ;
#873 = CARTESIAN_POINT ( 'NONE',  ( 0.4606647595948675789, -0.1158144173556352047, 0.2099999999999997979 ) ) ;
#874 = FACE_OUTER_BOUND ( 'NONE', #1888, .T. ) ;
#875 = EDGE_CURVE ( 'NONE', #3478, #2293, #2785, .T. ) ;
#876 = DIRECTION ( 'NONE',  ( -1.224646799147353454E-16, -1.224646799147357891E-16, 1.000000000000000000 ) ) ;
#877 = FACE_OUTER_BOUND ( 'NONE', #1610, .T. ) ;
#878 = AXIS2_PLACEMENT_3D ( 'NONE', #1185, #3193, #3564 ) ;
#879 = PRODUCT_DEFINITION ( 'General', '', #2725, #1778 ) ;
#880 = ORIENTED_EDGE ( 'NONE', *, *, #1867, .F. ) ;
#881 = CARTESIAN_POINT ( 'NONE',  ( -0.3838435821108954760, -0.06594115427318930633, 0.2126999999999997226 ) ) ;
#882 = FACE_OUTER_BOUND ( 'NONE', #3204, .T. ) ;
#883 = EDGE_LOOP ( 'NONE', ( #2873, #3804, #2334, #1784 ) ) ;
#884 = DIRECTION ( 'NONE',  ( 0.000000000000000000, -1.000000000000000000, 0.000000000000000000 ) ) ;
#885 = ORIENTED_EDGE ( 'NONE', *, *, #1061, .F. ) ;
#886 = EDGE_CURVE ( 'NONE', #3266, #2886, #3848, .T. ) ;
#887 = CIRCLE ( 'NONE', #1764, 0.005399999999999995949 ) ;
#888 = VERTEX_POINT ( 'NONE', #491 ) ;
#889 = CIRCLE ( 'NONE', #2637, 0.4210000000000291842 ) ;
#890 = ADVANCED_FACE ( 'NONE', ( #3768 ), #1037, .T. ) ;
#891 = DIRECTION ( 'NONE',  ( 0.000000000000000000, -1.000000000000000000, 0.000000000000000000 ) ) ;
#892 = AXIS2_PLACEMENT_3D ( 'NONE', #1811, #2789, #2480 ) ;
#893 = CYLINDRICAL_SURFACE ( 'NONE', #2655, 0.5350000000000000311 ) ;
#894 = AXIS2_PLACEMENT_3D ( 'NONE', #3180, #810, #3521 ) ;
#895 = AXIS2_PLACEMENT_3D ( 'NONE', #1880, #2797, #961 ) ;
#896 = EDGE_LOOP ( 'NONE', ( #1754, #3019, #2526, #1750 ) ) ;
#897 = DIRECTION ( 'NONE',  ( 0.000000000000000000, -1.000000000000000000, 0.000000000000000000 ) ) ;
#898 = DIRECTION ( 'NONE',  ( 1.000000000000000000, 0.000000000000000000, 0.000000000000000000 ) ) ;
#899 = AXIS2_PLACEMENT_3D ( 'NONE', #18, #3278, #884 ) ;
#900 = ORIENTED_EDGE ( 'NONE', *, *, #1939, .T. ) ;
#901 = AXIS2_PLACEMENT_3D ( 'NONE', #1642, #2576, #3195 ) ;
#902 = DIRECTION ( 'NONE',  ( 7.105427357601001859E-15, -1.000000000000000000, -1.276564483020683708E-16 ) ) ;
#903 = DIRECTION ( 'NONE',  ( 0.000000000000000000, -1.000000000000000000, -1.289580812719157683E-16 ) ) ;
#904 = CARTESIAN_POINT ( 'NONE',  ( 8.762605415705971048E-17, 0.3838435821108958090, -0.2099999999999997147 ) ) ;
#905 = AXIS2_PLACEMENT_3D ( 'NONE', #1471, #1444, #2923 ) ;
#906 = DIRECTION ( 'NONE',  ( -0.3735233203159090132, -0.9276207895364242395, -3.186883938720192801E-16 ) ) ;
#907 = ORIENTED_EDGE ( 'NONE', *, *, #623, .F. ) ;
#908 = AXIS2_PLACEMENT_3D ( 'NONE', #3035, #2165, #1221 ) ;
#909 = EDGE_CURVE ( 'NONE', #3478, #79, #3279, .T. ) ;
#910 = AXIS2_PLACEMENT_3D ( 'NONE', #3591, #918, #2484 ) ;
#911 = ORIENTED_EDGE ( 'NONE', *, *, #3139, .T. ) ;
#912 = DIRECTION ( 'NONE',  ( 0.9276207895364242395, -0.3735233203159090132, 0.000000000000000000 ) ) ;
#913 = DIRECTION ( 'NONE',  ( -1.000000000000000000, 1.499759782661863629E-32, -1.224646799147353454E-16 ) ) ;
#914 = ADVANCED_FACE ( 'NONE', ( #3114 ), #2726, .T. ) ;
#915 = CIRCLE ( 'NONE', #539, 0.06594115427318794631 ) ;
#916 = VERTEX_POINT ( 'NONE', #3786 ) ;
#917 = ORIENTED_EDGE ( 'NONE', *, *, #3859, .T. ) ;
#918 = DIRECTION ( 'NONE',  ( 1.224646799147353454E-16, 1.224646799147357891E-16, -1.000000000000000000 ) ) ;
#919 = LINE ( 'NONE', #2116, #3778 ) ;
#920 = DIRECTION ( 'NONE',  ( 0.06857144817919696989, 0.9976462080791004272, 0.000000000000000000 ) ) ;
#921 = ADVANCED_FACE ( 'NONE', ( #2810 ), #789, .T. ) ;
#922 = DIRECTION ( 'NONE',  ( 1.499759782661863355E-32, -1.000000000000000000, -1.224646799147357891E-16 ) ) ;
#923 = VERTEX_POINT ( 'NONE', #1648 ) ;
#924 = EDGE_LOOP ( 'NONE', ( #3840, #1340 ) ) ;
#925 = DIRECTION ( 'NONE',  ( -0.9976461789686421611, -0.06857187170602728477, 0.000000000000000000 ) ) ;
#926 = CARTESIAN_POINT ( 'NONE',  ( -0.5620000171226640084, -0.2810000425229092769, -0.2099999999999998812 ) ) ;
#927 = VERTEX_POINT ( 'NONE', #1331 ) ;
#928 = CARTESIAN_POINT ( 'NONE',  ( -0.2990719373760349353, 0.2990719639494832105, 0.2045999999999997820 ) ) ;
#929 = EDGE_CURVE ( 'NONE', #2685, #3769, #1222, .T. ) ;
#930 = LINE ( 'NONE', #1604, #1470 ) ;
#931 = VERTEX_POINT ( 'NONE', #1038 ) ;
#932 = DIRECTION ( 'NONE',  ( 1.499759782661863629E-32, -1.000000000000000000, -1.224646799147357891E-16 ) ) ;
#933 = CARTESIAN_POINT ( 'NONE',  ( -0.2809999574765523200, -0.5619999828771996553, -0.2045999999999998931 ) ) ;
#934 = DIRECTION ( 'NONE',  ( -1.224646799147353454E-16, -1.224646799147357891E-16, 1.000000000000000000 ) ) ;
#935 = ORIENTED_EDGE ( 'NONE', *, *, #2393, .F. ) ;
#936 = CARTESIAN_POINT ( 'NONE',  ( 0.3838435821108958090, 0.07061769145362790934, -0.2153999999999997028 ) ) ;
#937 = EDGE_LOOP ( 'NONE', ( #304, #3735, #202, #3000, #733, #2459 ) ) ;
#938 = CARTESIAN_POINT ( 'NONE',  ( 7.897788117687413764E-17, 0.4544612735645197632, -0.2099999999999997147 ) ) ;
#939 = CIRCLE ( 'NONE', #1825, 0.005400000000000026307 ) ;
#940 = DIRECTION ( 'NONE',  ( 1.499759782661863629E-32, -1.000000000000000000, -1.224646799147357891E-16 ) ) ;
#941 = EDGE_CURVE ( 'NONE', #1258, #2638, #2048, .T. ) ;
#942 = AXIS2_PLACEMENT_3D ( 'NONE', #3749, #1022, #393 ) ;
#943 = AXIS2_PLACEMENT_3D ( 'NONE', #1065, #2556, #756 ) ;
#944 = AXIS2_PLACEMENT_3D ( 'NONE', #751, #2201, #2768 ) ;
#945 = ORIENTED_EDGE ( 'NONE', *, *, #377, .T. ) ;
#946 = VECTOR ( 'NONE', #1284, 39.37007874015748143 ) ;
#947 = ORIENTED_EDGE ( 'NONE', *, *, #3611, .T. ) ;
#948 = CARTESIAN_POINT ( 'NONE',  ( 0.2990719639494843207, 0.1416203286232684821, -0.2045999999999997543 ) ) ;
#949 = DIRECTION ( 'NONE',  ( -0.9976462080790996501, 0.06857144817920977908, 0.000000000000000000 ) ) ;
#950 = AXIS2_PLACEMENT_3D ( 'NONE', #2530, #3715, #105 ) ;
#951 = VECTOR ( 'NONE', #1572, 39.37007874015748854 ) ;
#952 = ADVANCED_FACE ( 'NONE', ( #2543 ), #355, .F. ) ;
#953 = AXIS2_PLACEMENT_3D ( 'NONE', #3695, #1869, #1021 ) ;
#954 = ORIENTED_EDGE ( 'NONE', *, *, #422, .T. ) ;
#955 = CARTESIAN_POINT ( 'NONE',  ( -0.1419909415313705958, 0.3098687154647838948, 0.2045999999999998098 ) ) ;
#956 = TOROIDAL_SURFACE ( 'NONE', #1711, 0.4264000000000292001, 0.005400000000000000286 ) ;
#957 = DIRECTION ( 'NONE',  ( -0.9698205465154574600, -0.2438198260118720206, 0.000000000000000000 ) ) ;
#958 = AXIS2_PLACEMENT_3D ( 'NONE', #1052, #3783, #2243 ) ;
#959 = DIRECTION ( 'NONE',  ( 3.414809992081668607E-15, -1.000000000000000000, 0.000000000000000000 ) ) ;
#960 = ORIENTED_EDGE ( 'NONE', *, *, #2829, .F. ) ;
#961 = DIRECTION ( 'NONE',  ( 0.000000000000000000, -1.000000000000000000, 0.000000000000000000 ) ) ;
#962 = VECTOR ( 'NONE', #972, 39.37007874015748143 ) ;
#963 = AXIS2_PLACEMENT_3D ( 'NONE', #1794, #2035, #837 ) ;
#964 = ORIENTED_EDGE ( 'NONE', *, *, #2620, .F. ) ;
#965 = FACE_OUTER_BOUND ( 'NONE', #1315, .T. ) ;
#966 = DIRECTION ( 'NONE',  ( 0.000000000000000000, -1.000000000000000000, -2.168799683363256718E-16 ) ) ;
#967 = VECTOR ( 'NONE', #2986, 39.37007874015748143 ) ;
#968 = ORIENTED_EDGE ( 'NONE', *, *, #2110, .F. ) ;
#969 = EDGE_LOOP ( 'NONE', ( #3784, #1064, #2166, #839 ) ) ;
#970 = DIRECTION ( 'NONE',  ( 7.105427357601001859E-15, -1.000000000000000000, -1.276564483020683708E-16 ) ) ;
#971 = EDGE_CURVE ( 'NONE', #2218, #3395, #2846, .T. ) ;
#972 = DIRECTION ( 'NONE',  ( -1.224646799147353454E-16, 1.224646799147340635E-16, -1.000000000000000000 ) ) ;
#973 = ORIENTED_EDGE ( 'NONE', *, *, #286, .T. ) ;
#974 =( CONVERSION_BASED_UNIT ( 'INCH', #1265 ) LENGTH_UNIT ( ) NAMED_UNIT ( #2368 ) );
#975 = CARTESIAN_POINT ( 'NONE',  ( -0.4402703766517150896, -0.1664625085769851354, -0.2045999999999998376 ) ) ;
#976 = DIRECTION ( 'NONE',  ( 1.224646799147353454E-16, 1.224646799147357891E-16, -1.000000000000000000 ) ) ;
#977 = AXIS2_PLACEMENT_3D ( 'NONE', #3277, #2352, #251 ) ;
#978 = ADVANCED_FACE ( 'NONE', ( #473 ), #1605, .T. ) ;
#979 = FACE_OUTER_BOUND ( 'NONE', #1704, .T. ) ;
#980 = ORIENTED_EDGE ( 'NONE', *, *, #2668, .T. ) ;
#981 = CARTESIAN_POINT ( 'NONE',  ( 8.795670879282951854E-17, 0.3838435821108958090, -0.2126999999999997226 ) ) ;
#982 = ADVANCED_FACE ( 'NONE', ( #2559 ), #3831, .T. ) ;
#983 = EDGE_LOOP ( 'NONE', ( #128, #1962 ) ) ;
#984 = DIRECTION ( 'NONE',  ( 0.000000000000000000, -1.000000000000000000, -1.276564483020683708E-16 ) ) ;
#985 = CARTESIAN_POINT ( 'NONE',  ( -0.3098686222063569695, 0.1419909635213328636, 0.2099999999999997424 ) ) ;
#986 = ORIENTED_EDGE ( 'NONE', *, *, #2841, .F. ) ;
#987 = ORIENTED_EDGE ( 'NONE', *, *, #2869, .F. ) ;
#988 = CARTESIAN_POINT ( 'NONE',  ( -0.3838435821108956980, -1.274930946838256751E-15, -0.2399999999999998246 ) ) ;
#989 = CARTESIAN_POINT ( 'NONE',  ( 0.1366036739977067871, 0.3102389080265242072, 0.2099999999999998535 ) ) ;
#990 = EDGE_CURVE ( 'NONE', #708, #1744, #2538, .T. ) ;
#991 = EDGE_LOOP ( 'NONE', ( #384, #280, #434, #1152, #1060 ) ) ;
#992 = DIRECTION ( 'NONE',  ( 1.000000000000000000, -1.499759782661863629E-32, 1.224646799147353454E-16 ) ) ;
#993 = DIRECTION ( 'NONE',  ( 0.000000000000000000, -1.000000000000000000, 0.000000000000000000 ) ) ;
#994 = EDGE_CURVE ( 'NONE', #3418, #3147, #1980, .T. ) ;
#995 = ORIENTED_EDGE ( 'NONE', *, *, #3397, .F. ) ;
#996 = DIRECTION ( 'NONE',  ( 0.000000000000000000, -1.000000000000000000, 0.000000000000000000 ) ) ;
#997 = EDGE_CURVE ( 'NONE', #1163, #2163, #915, .T. ) ;
#998 = ORIENTED_EDGE ( 'NONE', *, *, #1277, .F. ) ;
#999 = CARTESIAN_POINT ( 'NONE',  ( -2.505627351055482442E-17, -2.505627351055491994E-17, 0.2045999999999997820 ) ) ;
#1000 = EDGE_CURVE ( 'NONE', #2801, #3726, #919, .T. ) ;
#1001 = ORIENTED_EDGE ( 'NONE', *, *, #1977, .F. ) ;
#1002 = CARTESIAN_POINT ( 'NONE',  ( 3.586023395710116313E-17, 0.3838435821108957535, 0.2099999999999997702 ) ) ;
#1003 = DIRECTION ( 'NONE',  ( -1.224646799147353454E-16, -1.224646799147357891E-16, 1.000000000000000000 ) ) ;
#1004 = LINE ( 'NONE', #2770, #3705 ) ;
#1005 = AXIS2_PLACEMENT_3D ( 'NONE', #2066, #1788, #3854 ) ;
#1006 = CIRCLE ( 'NONE', #2078, 0.4210000000000291842 ) ;
#1007 = VERTEX_POINT ( 'NONE', #3293 ) ;
#1008 = CARTESIAN_POINT ( 'NONE',  ( -0.5619999828771987671, 0.2809999574765542629, 0.2045999999999997543 ) ) ;
#1009 = AXIS2_PLACEMENT_3D ( 'NONE', #3756, #1751, #3479 ) ;
#1010 = DIRECTION ( 'NONE',  ( 0.2438198260118720206, -0.9698205465154574600, -1.778188917086785395E-16 ) ) ;
#1011 = AXIS2_PLACEMENT_3D ( 'NONE', #988, #1582, #3074 ) ;
#1012 = TOROIDAL_SURFACE ( 'NONE', #1645, 0.4264000000000292001, 0.005400000000000000286 ) ;
#1013 = AXIS2_PLACEMENT_3D ( 'NONE', #2055, #1148, #2342 ) ;
#1014 = DIRECTION ( 'NONE',  ( 0.000000000000000000, -1.000000000000000000, -1.622237525928785020E-16 ) ) ;
#1015 = CARTESIAN_POINT ( 'NONE',  ( 0.2809999574765484343, 0.5619999828772016537, 0.2045999999999998931 ) ) ;
#1016 = EDGE_LOOP ( 'NONE', ( #734, #113, #2515, #2232 ) ) ;
#1017 = CARTESIAN_POINT ( 'NONE',  ( 7.516882053166447941E-17, 2.505627351055526815E-17, -0.2045999999999997820 ) ) ;
#1018 = AXIS2_PLACEMENT_3D ( 'NONE', #849, #2665, #1179 ) ;
#1019 = VERTEX_POINT ( 'NONE', #3534 ) ;
#1020 = AXIS2_PLACEMENT_3D ( 'NONE', #3683, #3028, #413 ) ;
#1021 = DIRECTION ( 'NONE',  ( 1.224646799147344332E-16, 1.000000000000000000, 0.000000000000000000 ) ) ;
#1022 = DIRECTION ( 'NONE',  ( 1.224646799147353454E-16, 1.224646799147357891E-16, -1.000000000000000000 ) ) ;
#1023 = EDGE_CURVE ( 'NONE', #1937, #2704, #3594, .T. ) ;
#1024 = ORIENTED_EDGE ( 'NONE', *, *, #2240, .T. ) ;
#1025 = ORIENTED_EDGE ( 'NONE', *, *, #1560, .T. ) ;
#1026 = FACE_OUTER_BOUND ( 'NONE', #2186, .T. ) ;
#1027 = AXIS2_PLACEMENT_3D ( 'NONE', #2070, #2628, #580 ) ;
#1028 = FACE_OUTER_BOUND ( 'NONE', #2978, .T. ) ;
#1029 = ADVANCED_FACE ( 'NONE', ( #2678 ), #3530, .T. ) ;
#1030 = AXIS2_PLACEMENT_3D ( 'NONE', #3127, #3650, #1289 ) ;
#1031 = ORIENTED_EDGE ( 'NONE', *, *, #2398, .T. ) ;
#1032 = FACE_OUTER_BOUND ( 'NONE', #2345, .T. ) ;
#1033 = CIRCLE ( 'NONE', #1344, 0.005400000000000022837 ) ;
#1034 = CARTESIAN_POINT ( 'NONE',  ( 0.1366036521649398872, -0.3102390035719965189, 0.2099999999999997424 ) ) ;
#1035 = ADVANCED_FACE ( 'NONE', ( #847 ), #1349, .T. ) ;
#1036 = DIRECTION ( 'NONE',  ( 4.919049436647238041E-15, -0.5000000000000012212, 0.8660254037844379305 ) ) ;
#1037 = CONICAL_SURFACE ( 'NONE', #1667, 0.06749999999999996281, 0.5235987755983000369 ) ;
#1038 = CARTESIAN_POINT ( 'NONE',  ( -0.3838435821108959201, 0.05017949192430987831, -0.2399999999999998246 ) ) ;
#1039 = ORIENTED_EDGE ( 'NONE', *, *, #2317, .T. ) ;
#1040 = DIRECTION ( 'NONE',  ( 1.499759782661863629E-32, -1.000000000000000000, -1.224646799147357891E-16 ) ) ;
#1041 = ADVANCED_FACE ( 'NONE', ( #882 ), #2075, .T. ) ;
#1042 = ORIENTED_EDGE ( 'NONE', *, *, #3800, .T. ) ;
#1043 = LINE ( 'NONE', #3379, #1585 ) ;
#1044 = CARTESIAN_POINT ( 'NONE',  ( 0.1158144173556400064, -0.4606647595948664686, 0.2045999999999997543 ) ) ;
#1045 = ORIENTED_EDGE ( 'NONE', *, *, #1805, .T. ) ;
#1046 = FACE_OUTER_BOUND ( 'NONE', #2766, .T. ) ;
#1047 = CARTESIAN_POINT ( 'NONE',  ( 0.4606647595948651919, 0.1158144173556448081, 0.2099999999999998535 ) ) ;
#1048 = CARTESIAN_POINT ( 'NONE',  ( -3.586023395710116313E-17, -0.3838435821108958090, 0.2399999999999996581 ) ) ;
#1049 = EDGE_LOOP ( 'NONE', ( #1125, #2796, #2761, #3742 ) ) ;
#1050 = EDGE_CURVE ( 'NONE', #2742, #3810, #100, .T. ) ;
#1051 = DIRECTION ( 'NONE',  ( 1.011795553208987008E-14, -1.000000000000000000, 0.000000000000000000 ) ) ;
#1052 = CARTESIAN_POINT ( 'NONE',  ( 0.5620000171226641195, 0.2810000425229092769, 0.2045999999999998931 ) ) ;
#1053 = CYLINDRICAL_SURFACE ( 'NONE', #2721, 0.4210000000000291842 ) ;
#1054 = DIRECTION ( 'NONE',  ( 1.224646799147353454E-16, 1.224646799147357891E-16, -1.000000000000000000 ) ) ;
#1055 = ORIENTED_EDGE ( 'NONE', *, *, #1499, .T. ) ;
#1056 = DIRECTION ( 'NONE',  ( 0.000000000000000000, -1.000000000000000000, 0.000000000000000000 ) ) ;
#1057 = ORIENTED_EDGE ( 'NONE', *, *, #2278, .T. ) ;
#1058 = DIRECTION ( 'NONE',  ( 0.000000000000000000, -1.000000000000000000, 0.000000000000000000 ) ) ;
#1059 = EDGE_LOOP ( 'NONE', ( #2728, #954, #136, #1907, #576 ) ) ;
#1060 = ORIENTED_EDGE ( 'NONE', *, *, #212, .F. ) ;
#1061 = EDGE_CURVE ( 'NONE', #2199, #1633, #36, .T. ) ;
#1062 = CARTESIAN_POINT ( 'NONE',  ( 0.5620000171226642305, 0.2810000425229092769, -0.2045999999999996710 ) ) ;
#1063 = CARTESIAN_POINT ( 'NONE',  ( 0.4606647595948651919, 0.1158144173556448081, 0.2099999999999997424 ) ) ;
#1064 = ORIENTED_EDGE ( 'NONE', *, *, #3397, .T. ) ;
#1065 = CARTESIAN_POINT ( 'NONE',  ( 0.1664625085769837476, -0.4402703766517157002, 0.2045999999999997543 ) ) ;
#1066 = DIRECTION ( 'NONE',  ( 1.224646799147353454E-16, 1.224646799147357891E-16, -1.000000000000000000 ) ) ;
#1067 = TOROIDAL_SURFACE ( 'NONE', #2874, 0.07061769145362394029, 0.005400000000000000286 ) ;
#1068 = AXIS2_PLACEMENT_3D ( 'NONE', #2834, #784, #1682 ) ;
#1069 = EDGE_CURVE ( 'NONE', #2656, #2170, #1915, .T. ) ;
#1070 = CIRCLE ( 'NONE', #3624, 0.1574516087527653152 ) ;
#1071 = AXIS2_PLACEMENT_3D ( 'NONE', #3497, #2936, #3795 ) ;
#1072 = CARTESIAN_POINT ( 'NONE',  ( -0.5136169614345881262, 0.1291269798558800641, 0.2099999999999997424 ) ) ;
#1073 = DIRECTION ( 'NONE',  ( -1.224646799147353454E-16, 1.224646799147340635E-16, -1.000000000000000000 ) ) ;
#1074 = ORIENTED_EDGE ( 'NONE', *, *, #2816, .F. ) ;
#1075 = CIRCLE ( 'NONE', #2572, 0.1628516087527653866 ) ;
#1076 = CARTESIAN_POINT ( 'NONE',  ( 0.3838435821108957535, -0.07061769145361991573, 0.2153999999999998138 ) ) ;
#1077 = CIRCLE ( 'NONE', #3253, 0.005400000000000009827 ) ;
#1078 = AXIS2_PLACEMENT_3D ( 'NONE', #873, #2919, #541 ) ;
#1079 = ORIENTED_EDGE ( 'NONE', *, *, #119, .T. ) ;
#1080 = DIRECTION ( 'NONE',  ( 1.224646799147353454E-16, 1.224646799147357891E-16, -1.000000000000000000 ) ) ;
#1081 = AXIS2_PLACEMENT_3D ( 'NONE', #1964, #1352, #237 ) ;
#1082 = VECTOR ( 'NONE', #818, 39.37007874015748854 ) ;
#1083 = ORIENTED_EDGE ( 'NONE', *, *, #3280, .T. ) ;
#1084 = DIRECTION ( 'NONE',  ( 0.000000000000000000, -1.000000000000000000, -1.289580812719157683E-16 ) ) ;
#1085 = DIRECTION ( 'NONE',  ( -1.224646799147353454E-16, -1.224646799147357891E-16, 1.000000000000000000 ) ) ;
#1086 = CARTESIAN_POINT ( 'NONE',  ( 0.4606647595948675789, -0.1158144173556352047, 0.2099999999999997979 ) ) ;
#1087 = AXIS2_PLACEMENT_3D ( 'NONE', #584, #1504, #1740 ) ;
#1088 = EDGE_LOOP ( 'NONE', ( #1571, #3014, #880, #1601 ) ) ;
#1089 = AXIS2_PLACEMENT_3D ( 'NONE', #1183, #1200, #1441 ) ;
#1090 = DIRECTION ( 'NONE',  ( -1.000000000000000000, 0.000000000000000000, 0.000000000000000000 ) ) ;
#1091 = DIRECTION ( 'NONE',  ( 0.000000000000000000, -1.000000000000000000, 0.000000000000000000 ) ) ;
#1092 = CIRCLE ( 'NONE', #2220, 0.1574516087527653430 ) ;
#1093 = ORIENTED_EDGE ( 'NONE', *, *, #3322, .T. ) ;
#1094 = DIRECTION ( 'NONE',  ( 1.224646799147351235E-16, 1.000000000000000000, 0.000000000000000000 ) ) ;
#1095 = FACE_OUTER_BOUND ( 'NONE', #3868, .T. ) ;
#1096 = ORIENTED_EDGE ( 'NONE', *, *, #3671, .F. ) ;
#1097 = EDGE_CURVE ( 'NONE', #3262, #1760, #2415, .T. ) ;
#1098 = CARTESIAN_POINT ( 'NONE',  ( 0.1158144173556400064, -0.4606647595948664686, 0.2099999999999996592 ) ) ;
#1099 = AXIS2_PLACEMENT_3D ( 'NONE', #743, #2835, #159 ) ;
#1100 = ORIENTED_EDGE ( 'NONE', *, *, #1686, .F. ) ;
#1101 = EDGE_CURVE ( 'NONE', #2778, #2199, #1483, .T. ) ;
#1102 = FACE_BOUND ( 'NONE', #3523, .T. ) ;
#1103 =( NAMED_UNIT ( * ) SI_UNIT ( $, .STERADIAN. ) SOLID_ANGLE_UNIT ( ) );
#1104 = VERTEX_POINT ( 'NONE', #2663 ) ;
#1105 = CARTESIAN_POINT ( 'NONE',  ( 8.762605415705971048E-17, 0.3132258906572719104, -0.2099999999999997147 ) ) ;
#1106 = CARTESIAN_POINT ( 'NONE',  ( -0.3838435821108957535, -1.330040052799887844E-15, 0.2099999999999997424 ) ) ;
#1107 = CARTESIAN_POINT ( 'NONE',  ( 5.011254702110964883E-17, -0.5295999999999999597, -0.2045999999999998376 ) ) ;
#1108 = AXIS2_PLACEMENT_3D ( 'NONE', #1861, #1549, #3027 ) ;
#1109 = ORIENTED_EDGE ( 'NONE', *, *, #875, .F. ) ;
#1110 = CARTESIAN_POINT ( 'NONE',  ( 3.586023395710116313E-17, 0.3838435821108957535, 0.2399999999999997691 ) ) ;
#1111 = CARTESIAN_POINT ( 'NONE',  ( 3.586023395710116313E-17, 0.3838435821108957535, 0.2126999999999998336 ) ) ;
#1112 = EDGE_LOOP ( 'NONE', ( #1839, #1025, #3128, #3165 ) ) ;
#1113 = FACE_OUTER_BOUND ( 'NONE', #2496, .T. ) ;
#1114 = DIRECTION ( 'NONE',  ( -1.224646799147358877E-16, 0.000000000000000000, 1.000000000000000000 ) ) ;
#1115 = ORIENTED_EDGE ( 'NONE', *, *, #3617, .F. ) ;
#1116 = DIRECTION ( 'NONE',  ( 3.470079493381210749E-15, -1.000000000000000000, -2.168799683363256718E-16 ) ) ;
#1117 = ADVANCED_FACE ( 'NONE', ( #566 ), #3215, .T. ) ;
#1118 = ORIENTED_EDGE ( 'NONE', *, *, #664, .F. ) ;
#1119 = EDGE_CURVE ( 'NONE', #2782, #2271, #2355, .T. ) ;
#1120 = ORIENTED_EDGE ( 'NONE', *, *, #2374, .T. ) ;
#1121 = DIRECTION ( 'NONE',  ( 0.000000000000000000, -1.000000000000000000, -2.096884407979385212E-16 ) ) ;
#1122 = FACE_OUTER_BOUND ( 'NONE', #431, .T. ) ;
#1123 = CARTESIAN_POINT ( 'NONE',  ( -0.3102390035719957972, -0.1366036521649409974, -0.2045999999999998376 ) ) ;
#1124 = AXIS2_PLACEMENT_3D ( 'NONE', #3846, #3528, #3546 ) ;
#1125 = ORIENTED_EDGE ( 'NONE', *, *, #3654, .F. ) ;
#1126 = DIRECTION ( 'NONE',  ( 1.499759782661863629E-32, -1.000000000000000000, -1.224646799147357891E-16 ) ) ;
#1127 = DIRECTION ( 'NONE',  ( -1.224646799147353454E-16, 1.224646799147340635E-16, -1.000000000000000000 ) ) ;
#1128 = VERTEX_POINT ( 'NONE', #3219 ) ;
#1129 = CARTESIAN_POINT ( 'NONE',  ( 0.000000000000000000, -5.011254702110964883E-17, 0.2045999999999997820 ) ) ;
#1130 = DIRECTION ( 'NONE',  ( 0.000000000000000000, -1.000000000000000000, 0.000000000000000000 ) ) ;
#1131 = VERTEX_POINT ( 'NONE', #2951 ) ;
#1132 = CARTESIAN_POINT ( 'NONE',  ( -0.3838435821108959201, 0.06594115427318669731, -0.2126999999999998336 ) ) ;
#1133 = VECTOR ( 'NONE', #1280, 39.37007874015748143 ) ;
#1134 = CIRCLE ( 'NONE', #1824, 0.05459999999997645209 ) ;
#1135 = AXIS2_PLACEMENT_3D ( 'NONE', #338, #301, #2413 ) ;
#1136 = AXIS2_PLACEMENT_3D ( 'NONE', #2282, #3462, #3385 ) ;
#1137 = CARTESIAN_POINT ( 'NONE',  ( -0.3838435821108956980, -1.278604887235698876E-15, -0.2099999999999998535 ) ) ;
#1138 = ORIENTED_EDGE ( 'NONE', *, *, #2384, .T. ) ;
#1139 = EDGE_CURVE ( 'NONE', #2836, #3677, #669, .T. ) ;
#1140 = DIRECTION ( 'NONE',  ( 1.224646799147353454E-16, 1.224646799147358138E-16, -1.000000000000000000 ) ) ;
#1141 = AXIS2_PLACEMENT_3D ( 'NONE', #26, #1807, #3582 ) ;
#1142 = CIRCLE ( 'NONE', #1013, 0.005399999999999995949 ) ;
#1143 = CIRCLE ( 'NONE', #3437, 0.1628516087527653866 ) ;
#1144 = SURFACE_STYLE_USAGE ( .BOTH. , #3753 ) ;
#1145 = ORIENTED_EDGE ( 'NONE', *, *, #370, .T. ) ;
#1146 = AXIS2_PLACEMENT_3D ( 'NONE', #3809, #3160, #2294 ) ;
#1147 = DIRECTION ( 'NONE',  ( -1.000000000000000000, 1.499759782661863629E-32, -1.224646799147353454E-16 ) ) ;
#1148 = DIRECTION ( 'NONE',  ( 1.000000000000000000, -1.499759782661863629E-32, 1.224646799147353454E-16 ) ) ;
#1149 = EDGE_CURVE ( 'NONE', #708, #3395, #3655, .T. ) ;
#1150 = DIRECTION ( 'NONE',  ( 0.000000000000000000, -1.000000000000000000, -2.168799683363256718E-16 ) ) ;
#1151 = CIRCLE ( 'NONE', #842, 0.06594115427318794631 ) ;
#1152 = ORIENTED_EDGE ( 'NONE', *, *, #875, .T. ) ;
#1153 = CARTESIAN_POINT ( 'NONE',  ( 0.3838435821108957535, -0.07061769145361991573, 0.2099999999999997979 ) ) ;
#1154 = AXIS2_PLACEMENT_3D ( 'NONE', #127, #2257, #1660 ) ;
#1155 = ADVANCED_FACE ( 'NONE', ( #3080 ), #1166, .T. ) ;
#1156 = CARTESIAN_POINT ( 'NONE',  ( 0.3098686222063579687, -0.1419909635213307542, 0.2045999999999997820 ) ) ;
#1157 = EDGE_LOOP ( 'NONE', ( #3860, #1511, #2815, #987 ) ) ;
#1158 = CARTESIAN_POINT ( 'NONE',  ( 0.1304436069163459611, -0.5188539923857712344, 0.2099999999999996314 ) ) ;
#1159 = CARTESIAN_POINT ( 'NONE',  ( 1.623624087862720460E-17, -0.3838435821108957535, -0.2126999999999998614 ) ) ;
#1160 = ORIENTED_EDGE ( 'NONE', *, *, #543, .T. ) ;
#1161 = AXIS2_PLACEMENT_3D ( 'NONE', #1129, #3512, #902 ) ;
#1162 = SURFACE_SIDE_STYLE ('',( #1456 ) ) ;
#1163 = VERTEX_POINT ( 'NONE', #1267 ) ;
#1164 = ADVANCED_FACE ( 'NONE', ( #2774 ), #292, .T. ) ;
#1165 = ORIENTED_EDGE ( 'NONE', *, *, #3065, .T. ) ;
#1166 = TOROIDAL_SURFACE ( 'NONE', #3343, 0.4264000000000292001, 0.005400000000000000286 ) ;
#1167 = CARTESIAN_POINT ( 'NONE',  ( -0.4382533497672267409, -0.1714716604560214408, 0.2099999999999997147 ) ) ;
#1168 = DIRECTION ( 'NONE',  ( 1.224646799147353454E-16, 1.224646799147357891E-16, -1.000000000000000000 ) ) ;
#1169 = DIRECTION ( 'NONE',  ( -1.224646799147353454E-16, -1.224646799147357645E-16, 1.000000000000000000 ) ) ;
#1170 = EDGE_CURVE ( 'NONE', #3766, #478, #2974, .T. ) ;
#1171 = EDGE_LOOP ( 'NONE', ( #2083, #1613, #2735, #214 ) ) ;
#1172 = DIRECTION ( 'NONE',  ( -3.491481338843132961E-15, 1.000000000000000000, 1.224646799147353454E-16 ) ) ;
#1173 = DIRECTION ( 'NONE',  ( -1.000000000000000000, 1.499759782661863629E-32, -1.224646799147353454E-16 ) ) ;
#1174 = ADVANCED_FACE ( 'NONE', ( #3651 ), #1490, .T. ) ;
#1175 = ORIENTED_EDGE ( 'NONE', *, *, #1963, .T. ) ;
#1176 = FACE_OUTER_BOUND ( 'NONE', #2236, .T. ) ;
#1177 = DIRECTION ( 'NONE',  ( -1.224646799147353454E-16, -1.224646799147357891E-16, 1.000000000000000000 ) ) ;
#1178 = ORIENTED_EDGE ( 'NONE', *, *, #941, .F. ) ;
#1179 = DIRECTION ( 'NONE',  ( 0.000000000000000000, -1.000000000000000000, -1.276564483020683708E-16 ) ) ;
#1180 = VERTEX_POINT ( 'NONE', #3354 ) ;
#1181 = EDGE_LOOP ( 'NONE', ( #3438, #1345, #1219, #3808 ) ) ;
#1182 = DIRECTION ( 'NONE',  ( -9.857654123112514505E-33, -1.000000000000000000, -1.224646799147357891E-16 ) ) ;
#1183 = CARTESIAN_POINT ( 'NONE',  ( -0.5136169614345881262, 0.1291269798558800641, 0.2045999999999997543 ) ) ;
#1184 = VERTEX_POINT ( 'NONE', #2171 ) ;
#1185 = CARTESIAN_POINT ( 'NONE',  ( 0.2809999574765484898, 0.5619999828772017647, -0.2099999999999996592 ) ) ;
#1186 = ADVANCED_FACE ( 'NONE', ( #96 ), #3537, .T. ) ;
#1187 = CARTESIAN_POINT ( 'NONE',  ( -0.4606647595948659135, -0.1158144173556415885, -0.2099999999999998535 ) ) ;
#1188 = VERTEX_POINT ( 'NONE', #3668 ) ;
#1189 = DIRECTION ( 'NONE',  ( 1.000000000000000000, 0.000000000000000000, 0.000000000000000000 ) ) ;
#1190 = DIRECTION ( 'NONE',  ( -1.224646799147353454E-16, -1.224646799147357891E-16, 1.000000000000000000 ) ) ;
#1191 = ADVANCED_FACE ( 'NONE', ( #1243 ), #2297, .F. ) ;
#1192 = CARTESIAN_POINT ( 'NONE',  ( 0.4606647595948652474, 0.1158144173556448497, -0.2045999999999996988 ) ) ;
#1193 = ORIENTED_EDGE ( 'NONE', *, *, #909, .T. ) ;
#1194 = EDGE_CURVE ( 'NONE', #2778, #1104, #1798, .T. ) ;
#1195 = AXIS2_PLACEMENT_3D ( 'NONE', #3281, #3576, #627 ) ;
#1196 = ORIENTED_EDGE ( 'NONE', *, *, #1149, .F. ) ;
#1197 = CIRCLE ( 'NONE', #72, 0.005399999999999994214 ) ;
#1198 = DIRECTION ( 'NONE',  ( 0.000000000000000000, -1.000000000000000000, 0.000000000000000000 ) ) ;
#1199 = TOROIDAL_SURFACE ( 'NONE', #137, 0.1628516087527653866, 0.005400000000000000286 ) ;
#1200 = DIRECTION ( 'NONE',  ( 0.2438198260118571992, 0.9698205465154613458, -0.000000000000000000 ) ) ;
#1201 = TOROIDAL_SURFACE ( 'NONE', #1393, 0.1628516087527653866, 0.005400000000000000286 ) ;
#1202 = AXIS2_PLACEMENT_3D ( 'NONE', #673, #138, #1555 ) ;
#1203 = ORIENTED_EDGE ( 'NONE', *, *, #2223, .F. ) ;
#1204 = FACE_OUTER_BOUND ( 'NONE', #769, .T. ) ;
#1205 = CARTESIAN_POINT ( 'NONE',  ( -0.2990719373760349353, 0.1362203551967178516, 0.2045999999999997543 ) ) ;
#1206 = ADVANCED_FACE ( 'NONE', ( #701 ), #611, .T. ) ;
#1207 = CIRCLE ( 'NONE', #2645, 0.005400000000000004623 ) ;
#1208 = ORIENTED_EDGE ( 'NONE', *, *, #1583, .F. ) ;
#1209 = AXIS2_PLACEMENT_3D ( 'NONE', #9, #2967, #3290 ) ;
#1210 = CARTESIAN_POINT ( 'NONE',  ( -0.1664625085769836366, 0.4402703766517157002, 0.2045999999999998098 ) ) ;
#1211 = DIRECTION ( 'NONE',  ( 1.224646799147353454E-16, 1.224646799147357891E-16, -1.000000000000000000 ) ) ;
#1212 = DIRECTION ( 'NONE',  ( -1.224646799147353454E-16, -1.224646799147357891E-16, 1.000000000000000000 ) ) ;
#1213 = CIRCLE ( 'NONE', #24, 0.005399999999999991612 ) ;
#1214 = DIRECTION ( 'NONE',  ( 1.224646799147353454E-16, 1.224646799147357891E-16, -1.000000000000000000 ) ) ;
#1215 = ORIENTED_EDGE ( 'NONE', *, *, #1560, .F. ) ;
#1216 = CIRCLE ( 'NONE', #908, 0.1628516087527653866 ) ;
#1217 = EDGE_CURVE ( 'NONE', #2318, #2043, #3682, .T. ) ;
#1218 = TOROIDAL_SURFACE ( 'NONE', #597, 0.05459999999997639658, 0.005400000000000000286 ) ;
#1219 = ORIENTED_EDGE ( 'NONE', *, *, #2086, .T. ) ;
#1220 = CARTESIAN_POINT ( 'NONE',  ( -0.2990719639494843207, -0.2990719373760338806, 0.2099999999999997147 ) ) ;
#1221 = DIRECTION ( 'NONE',  ( -2.579167821814643934E-14, -1.000000000000000000, -2.096884407979385212E-16 ) ) ;
#1222 = CIRCLE ( 'NONE', #3716, 0.005399999999999995949 ) ;
#1223 = VERTEX_POINT ( 'NONE', #955 ) ;
#1224 = CARTESIAN_POINT ( 'NONE',  ( 0.4606647595948651919, 0.1158144173556448081, 0.2045999999999998376 ) ) ;
#1225 = DIRECTION ( 'NONE',  ( -1.224646799147353454E-16, -1.224646799147357891E-16, 1.000000000000000000 ) ) ;
#1226 = EDGE_LOOP ( 'NONE', ( #2392, #1854, #497, #1093 ) ) ;
#1227 = CARTESIAN_POINT ( 'NONE',  ( -0.5619999828771987671, 0.2809999574765542629, 0.2099999999999997424 ) ) ;
#1228 = DIRECTION ( 'NONE',  ( 1.224646799147353454E-16, 1.224646799147358138E-16, -1.000000000000000000 ) ) ;
#1229 = DIRECTION ( 'NONE',  ( 1.224646799147353454E-16, 1.224646799147357891E-16, -1.000000000000000000 ) ) ;
#1230 = ADVANCED_FACE ( 'NONE', ( #2718 ), #35, .T. ) ;
#1231 = CARTESIAN_POINT ( 'NONE',  ( 0.2990719373760370448, -0.2990719639494811566, -0.2045999999999997820 ) ) ;
#1232 = ORIENTED_EDGE ( 'NONE', *, *, #3081, .F. ) ;
#1233 = CARTESIAN_POINT ( 'NONE',  ( 0.3838435821108958090, 4.010736115385446981E-15, -0.2126999999999997226 ) ) ;
#1234 = VERTEX_POINT ( 'NONE', #3311 ) ;
#1235 = DIRECTION ( 'NONE',  ( 1.499759782661863629E-32, -1.000000000000000000, -1.224646799147357891E-16 ) ) ;
#1236 = ADVANCED_FACE ( 'NONE', ( #3043 ), #647, .F. ) ;
#1237 = EDGE_LOOP ( 'NONE', ( #2856, #3539, #1945, #3598 ) ) ;
#1238 = EDGE_LOOP ( 'NONE', ( #217, #2402, #529, #1079 ) ) ;
#1239 = DIRECTION ( 'NONE',  ( 0.000000000000000000, -1.000000000000000000, 0.000000000000000000 ) ) ;
#1240 = DIRECTION ( 'NONE',  ( -1.224646799147353454E-16, -1.224646799147357891E-16, 1.000000000000000000 ) ) ;
#1241 = ORIENTED_EDGE ( 'NONE', *, *, #1858, .T. ) ;
#1242 = CARTESIAN_POINT ( 'NONE',  ( 7.257413262671803669E-18, -0.3132258906572718549, -0.2099999999999998535 ) ) ;
#1243 = FACE_OUTER_BOUND ( 'NONE', #532, .T. ) ;
#1244 = FACE_OUTER_BOUND ( 'NONE', #1607, .T. ) ;
#1245 = CARTESIAN_POINT ( 'NONE',  ( -2.571758278209439430E-17, -2.571758278209448983E-17, 0.2099999999999997702 ) ) ;
#1246 = ORIENTED_EDGE ( 'NONE', *, *, #1905, .T. ) ;
#1247 = DIRECTION ( 'NONE',  ( -0.000000000000000000, -0.000000000000000000, -1.000000000000000000 ) ) ;
#1248 = EDGE_CURVE ( 'NONE', #3053, #1738, #2440, .T. ) ;
#1249 = EDGE_LOOP ( 'NONE', ( #21, #252, #1799, #1994 ) ) ;
#1250 = FACE_OUTER_BOUND ( 'NONE', #474, .T. ) ;
#1251 = CIRCLE ( 'NONE', #2253, 0.05017949192431114813 ) ;
#1252 = DIRECTION ( 'NONE',  ( -1.224646799147353454E-16, -1.224646799147357891E-16, 1.000000000000000000 ) ) ;
#1253 = AXIS2_PLACEMENT_3D ( 'NONE', #3583, #913, #2109 ) ;
#1254 = AXIS2_PLACEMENT_3D ( 'NONE', #2574, #2830, #3111 ) ;
#1255 = ORIENTED_EDGE ( 'NONE', *, *, #3216, .F. ) ;
#1256 = CIRCLE ( 'NONE', #2636, 0.005399999999999997684 ) ;
#1257 = ADVANCED_FACE ( 'NONE', ( #368 ), #1567, .F. ) ;
#1258 = VERTEX_POINT ( 'NONE', #2881 ) ;
#1259 = CARTESIAN_POINT ( 'NONE',  ( 2.505627351055482134E-17, -2.505627351055455941E-17, 0.2045999999999997820 ) ) ;
#1260 = DIRECTION ( 'NONE',  ( 1.224646799147353454E-16, 1.224646799147357891E-16, -1.000000000000000000 ) ) ;
#1261 = CIRCLE ( 'NONE', #2204, 0.5295999999999999597 ) ;
#1262 = AXIS2_PLACEMENT_3D ( 'NONE', #688, #2192, #3062 ) ;
#1263 = TOROIDAL_SURFACE ( 'NONE', #1460, 0.05459999999997646597, 0.005400000000000000286 ) ;
#1264 = ORIENTED_EDGE ( 'NONE', *, *, #1194, .F. ) ;
#1265 = LENGTH_MEASURE_WITH_UNIT ( LENGTH_MEASURE( 0.02539999999999999897 ), #1548 );
#1266 = ADVANCED_FACE ( 'NONE', ( #3706 ), #2632, .T. ) ;
#1267 = CARTESIAN_POINT ( 'NONE',  ( 1.607091356074228517E-17, -0.4497847363840837276, -0.2126999999999998614 ) ) ;
#1268 = TOROIDAL_SURFACE ( 'NONE', #3574, 0.4264000000000292001, 0.005400000000000000286 ) ;
#1269 = CARTESIAN_POINT ( 'NONE',  ( 0.5136169614345863499, 0.1291269798558873083, -0.2045999999999996710 ) ) ;
#1270 = CIRCLE ( 'NONE', #3763, 0.4264000000000292001 ) ;
#1271 = DIRECTION ( 'NONE',  ( 0.000000000000000000, -1.000000000000000000, 0.000000000000000000 ) ) ;
#1272 = DIRECTION ( 'NONE',  ( 1.499759782661863629E-32, -1.000000000000000000, -1.224646799147357891E-16 ) ) ;
#1273 = ORIENTED_EDGE ( 'NONE', *, *, #3713, .F. ) ;
#1274 = DIRECTION ( 'NONE',  ( 5.131164484392219276E-15, -0.5000000000000008882, -0.8660254037844380415 ) ) ;
#1275 = CIRCLE ( 'NONE', #2712, 0.05459999999997648679 ) ;
#1276 = CIRCLE ( 'NONE', #718, 0.005400000000000009827 ) ;
#1277 = EDGE_CURVE ( 'NONE', #3856, #1911, #1453, .T. ) ;
#1278 = ORIENTED_EDGE ( 'NONE', *, *, #2859, .F. ) ;
#1279 = CARTESIAN_POINT ( 'NONE',  ( -0.3838435821108957535, -1.330040052799887844E-15, 0.2099999999999997424 ) ) ;
#1280 = DIRECTION ( 'NONE',  ( 1.224646799147353454E-16, 1.224646799147357891E-16, -1.000000000000000000 ) ) ;
#1281 = ORIENTED_EDGE ( 'NONE', *, *, #486, .F. ) ;
#1282 = ORIENTED_EDGE ( 'NONE', *, *, #1323, .F. ) ;
#1283 = EDGE_CURVE ( 'NONE', #41, #2249, #2139, .T. ) ;
#1284 = DIRECTION ( 'NONE',  ( 0.000000000000000000, 2.449293598294706907E-16, -1.000000000000000000 ) ) ;
#1285 = CARTESIAN_POINT ( 'NONE',  ( 0.3838435821108958090, 4.010405460749677050E-15, -0.2099999999999996314 ) ) ;
#1286 =( GEOMETRIC_REPRESENTATION_CONTEXT ( 3 ) GLOBAL_UNCERTAINTY_ASSIGNED_CONTEXT ( ( #3561 ) ) GLOBAL_UNIT_ASSIGNED_CONTEXT ( ( #974, #1588, #1103 ) ) REPRESENTATION_CONTEXT ( 'NONE', 'WORKASPACE' ) );
#1287 = AXIS2_PLACEMENT_3D ( 'NONE', #2988, #2927, #549 ) ;
#1288 = VERTEX_POINT ( 'NONE', #1409 ) ;
#1289 = DIRECTION ( 'NONE',  ( -4.372185065911658095E-33, -1.000000000000000000, -1.224646799147357891E-16 ) ) ;
#1290 = CARTESIAN_POINT ( 'NONE',  ( -0.3838435821108956980, -0.07061769145362521705, -0.2153999999999998416 ) ) ;
#1291 = CARTESIAN_POINT ( 'NONE',  ( -0.4382533497672267409, -0.1714716604560214408, 0.2045999999999996988 ) ) ;
#1292 = EDGE_CURVE ( 'NONE', #2280, #864, #2814, .T. ) ;
#1293 = DIRECTION ( 'NONE',  ( -0.2438198260118720206, 0.9698205465154574600, 0.000000000000000000 ) ) ;
#1294 = EDGE_LOOP ( 'NONE', ( #1687, #2520, #3235, #3688 ) ) ;
#1295 = CARTESIAN_POINT ( 'NONE',  ( -0.3838435821108959756, 0.06749999999999863054, 0.2099999999999997424 ) ) ;
#1296 = AXIS2_PLACEMENT_3D ( 'NONE', #1290, #992, #3369 ) ;
#1297 = ADVANCED_FACE ( 'NONE', ( #1995 ), #3408, .T. ) ;
#1298 = ORIENTED_EDGE ( 'NONE', *, *, #1696, .F. ) ;
#1299 = DIRECTION ( 'NONE',  ( 1.224646799147353454E-16, 1.224646799147357891E-16, -1.000000000000000000 ) ) ;
#1300 = CARTESIAN_POINT ( 'NONE',  ( -0.4402703766517150896, -0.1664625085769851354, -0.2099999999999998535 ) ) ;
#1301 = ORIENTED_EDGE ( 'NONE', *, *, #3338, .F. ) ;
#1302 = VERTEX_POINT ( 'NONE', #3391 ) ;
#1303 = DIRECTION ( 'NONE',  ( 1.499759782661863355E-32, -1.000000000000000000, -1.224646799147357891E-16 ) ) ;
#1304 = DIRECTION ( 'NONE',  ( 0.000000000000000000, -1.000000000000000000, -1.276564483020683708E-16 ) ) ;
#1305 = VERTEX_POINT ( 'NONE', #2598 ) ;
#1306 = DIRECTION ( 'NONE',  ( 0.000000000000000000, -1.000000000000000000, -1.289580812719157683E-16 ) ) ;
#1307 = DIRECTION ( 'NONE',  ( 1.499759782661863903E-32, -1.000000000000000000, -1.224646799147357891E-16 ) ) ;
#1308 = ORIENTED_EDGE ( 'NONE', *, *, #64, .T. ) ;
#1309 = EDGE_CURVE ( 'NONE', #1007, #2669, #574, .T. ) ;
#1310 = DIRECTION ( 'NONE',  ( -6.358082537461265385E-34, -1.000000000000000000, -1.224646799147357891E-16 ) ) ;
#1311 = TOROIDAL_SURFACE ( 'NONE', #433, 0.4264000000000292001, 0.005400000000000000286 ) ;
#1312 = EDGE_LOOP ( 'NONE', ( #3348, #3562, #823, #1821 ) ) ;
#1313 = ADVANCED_FACE ( 'NONE', ( #1363 ), #261, .T. ) ;
#1314 = CARTESIAN_POINT ( 'NONE',  ( -0.2809999574765523200, -0.5619999828771996553, -0.2045999999999998931 ) ) ;
#1315 = EDGE_LOOP ( 'NONE', ( #1657, #804, #3445, #83 ) ) ;
#1316 = FACE_OUTER_BOUND ( 'NONE', #3422, .T. ) ;
#1317 = DIRECTION ( 'NONE',  ( -3.673940397442060361E-16, -1.224646799147375147E-16, 1.000000000000000000 ) ) ;
#1318 = CIRCLE ( 'NONE', #1068, 0.05999999999997639860 ) ;
#1319 = LINE ( 'NONE', #1619, #3145 ) ;
#1320 = AXIS2_PLACEMENT_3D ( 'NONE', #3762, #1622, #2807 ) ;
#1321 = VECTOR ( 'NONE', #3153, 39.37007874015748143 ) ;
#1322 = VERTEX_POINT ( 'NONE', #441 ) ;
#1323 = EDGE_CURVE ( 'NONE', #2314, #2252, #1765, .T. ) ;
#1324 = CARTESIAN_POINT ( 'NONE',  ( -0.4606647595948659690, -0.1158144173556416440, 0.2099999999999997147 ) ) ;
#1325 = CIRCLE ( 'NONE', #944, 0.005400000000000003755 ) ;
#1326 = DIRECTION ( 'NONE',  ( 1.224646799147353454E-16, 1.224646799147357891E-16, -1.000000000000000000 ) ) ;
#1327 = AXIS2_PLACEMENT_3D ( 'NONE', #981, #3341, #996 ) ;
#1328 = AXIS2_PLACEMENT_3D ( 'NONE', #999, #1299, #984 ) ;
#1329 = AXIS2_PLACEMENT_3D ( 'NONE', #904, #610, #3097 ) ;
#1330 = CARTESIAN_POINT ( 'NONE',  ( 0.2810000425229151610, -0.5620000171226612329, 0.2045999999999997543 ) ) ;
#1331 = CARTESIAN_POINT ( 'NONE',  ( -0.1291269798558819237, 0.5136169614345876822, 0.2099999999999997979 ) ) ;
#1332 = ORIENTED_EDGE ( 'NONE', *, *, #1487, .T. ) ;
#1333 = FACE_OUTER_BOUND ( 'NONE', #224, .T. ) ;
#1334 = CIRCLE ( 'NONE', #3203, 0.1574516087527653707 ) ;
#1335 = ORIENTED_EDGE ( 'NONE', *, *, #3720, .F. ) ;
#1336 = TOROIDAL_SURFACE ( 'NONE', #1399, 0.05459999999997646597, 0.005400000000000000286 ) ;
#1337 = DIRECTION ( 'NONE',  ( 0.000000000000000000, -1.000000000000000000, -1.276564483020683708E-16 ) ) ;
#1338 = AXIS2_PLACEMENT_3D ( 'NONE', #3565, #2634, #898 ) ;
#1339 = EDGE_CURVE ( 'NONE', #1180, #2043, #1070, .T. ) ;
#1340 = ORIENTED_EDGE ( 'NONE', *, *, #122, .T. ) ;
#1341 = ORIENTED_EDGE ( 'NONE', *, *, #500, .T. ) ;
#1342 = CARTESIAN_POINT ( 'NONE',  ( -0.1304436069163459055, 0.5188539923857712344, -0.2045999999999996988 ) ) ;
#1343 = DIRECTION ( 'NONE',  ( 1.000000000000000000, -1.499759782661863629E-32, 1.224646799147353454E-16 ) ) ;
#1344 = AXIS2_PLACEMENT_3D ( 'NONE', #1506, #565, #249 ) ;
#1345 = ORIENTED_EDGE ( 'NONE', *, *, #737, .F. ) ;
#1346 = CARTESIAN_POINT ( 'NONE',  ( -0.2810000425229112198, 0.5620000171226632313, -0.2045999999999997543 ) ) ;
#1347 = CARTESIAN_POINT ( 'NONE',  ( 7.516882053166447941E-17, 2.505627351055527123E-17, -0.2045999999999997820 ) ) ;
#1348 = DIRECTION ( 'NONE',  ( -1.224646799147353454E-16, -1.224646799147357891E-16, 1.000000000000000000 ) ) ;
#1349 = TOROIDAL_SURFACE ( 'NONE', #3155, 0.05459999999997646597, 0.005400000000000000286 ) ;
#1350 = CARTESIAN_POINT ( 'NONE',  ( 7.918722534211372012E-18, -0.3132258906572718549, -0.2153999999999998416 ) ) ;
#1351 = ORIENTED_EDGE ( 'NONE', *, *, #554, .F. ) ;
#1352 = DIRECTION ( 'NONE',  ( 1.000000000000000000, -1.224646799147353454E-16, 1.224646799147353207E-16 ) ) ;
#1353 = ADVANCED_FACE ( 'NONE', ( #1932 ), #323, .T. ) ;
#1354 = ORIENTED_EDGE ( 'NONE', *, *, #3094, .T. ) ;
#1355 = AXIS2_PLACEMENT_3D ( 'NONE', #334, #114, #1306 ) ;
#1356 = CARTESIAN_POINT ( 'NONE',  ( 0.1416203551967189223, 0.2990719373760338251, 0.2045999999999998098 ) ) ;
#1357 = ORIENTED_EDGE ( 'NONE', *, *, #2555, .T. ) ;
#1358 = FACE_OUTER_BOUND ( 'NONE', #2787, .T. ) ;
#1359 = CARTESIAN_POINT ( 'NONE',  ( 0.2990719373760353794, -0.1416203551967158136, 0.2099999999999997424 ) ) ;
#1360 = ADVANCED_FACE ( 'NONE', ( #1697 ), #2521, .T. ) ;
#1361 = DIRECTION ( 'NONE',  ( -1.024442997624501726E-14, 1.000000000000000000, 0.000000000000000000 ) ) ;
#1362 = EDGE_LOOP ( 'NONE', ( #3208, #1719, #2479, #2562 ) ) ;
#1363 = FACE_OUTER_BOUND ( 'NONE', #1049, .T. ) ;
#1364 = EDGE_CURVE ( 'NONE', #420, #1415, #2447, .T. ) ;
#1365 = DIRECTION ( 'NONE',  ( 1.499759782661863629E-32, -1.000000000000000000, -1.224646799147357891E-16 ) ) ;
#1366 = EDGE_CURVE ( 'NONE', #621, #505, #635, .T. ) ;
#1367 = DIRECTION ( 'NONE',  ( 0.000000000000000000, -1.000000000000000000, 0.000000000000000000 ) ) ;
#1368 = CARTESIAN_POINT ( 'NONE',  ( 0.3838435821108958090, 4.020391510745894375E-15, -0.2153999999999997028 ) ) ;
#1369 = ORIENTED_EDGE ( 'NONE', *, *, #512, .F. ) ;
#1370 = CARTESIAN_POINT ( 'NONE',  ( 0.1416203551967189500, 0.2990719373760338251, -0.2045999999999997543 ) ) ;
#1371 = ORIENTED_EDGE ( 'NONE', *, *, #2727, .F. ) ;
#1372 = DIRECTION ( 'NONE',  ( -0.000000000000000000, -0.000000000000000000, -1.000000000000000000 ) ) ;
#1373 = ADVANCED_FACE ( 'NONE', ( #1032 ), #2942, .F. ) ;
#1374 = ORIENTED_EDGE ( 'NONE', *, *, #1993, .F. ) ;
#1375 = DIRECTION ( 'NONE',  ( 1.224646799147353454E-16, 1.224646799147357891E-16, -1.000000000000000000 ) ) ;
#1376 = CARTESIAN_POINT ( 'NONE',  ( 0.3838435821108958090, 4.014079401147118978E-15, -0.2399999999999996303 ) ) ;
#1377 = CARTESIAN_POINT ( 'NONE',  ( -0.1158144173556399509, -0.4606647595948663576, -0.2099999999999998535 ) ) ;
#1378 = EDGE_CURVE ( 'NONE', #1871, #2836, #2012, .T. ) ;
#1379 = ORIENTED_EDGE ( 'NONE', *, *, #500, .F. ) ;
#1380 = CIRCLE ( 'NONE', #2689, 0.07061769145362389866 ) ;
#1381 = CARTESIAN_POINT ( 'NONE',  ( -0.4606647595948659690, -0.1158144173556416440, 0.2045999999999996988 ) ) ;
#1382 = FACE_OUTER_BOUND ( 'NONE', #3095, .T. ) ;
#1383 = VECTOR ( 'NONE', #1982, 39.37007874015748143 ) ;
#1384 = CIRCLE ( 'NONE', #825, 0.5295999999999999597 ) ;
#1385 = ADVANCED_FACE ( 'NONE', ( #1488 ), #3814, .T. ) ;
#1386 = CIRCLE ( 'NONE', #2017, 0.07061769145362392641 ) ;
#1387 = VERTEX_POINT ( 'NONE', #560 ) ;
#1388 = CARTESIAN_POINT ( 'NONE',  ( 0.4382533497672255751, 0.1714716604560244106, 0.2099999999999997424 ) ) ;
#1389 = DIRECTION ( 'NONE',  ( -6.358082537461265385E-34, -1.000000000000000000, -1.224646799147357891E-16 ) ) ;
#1390 = ORIENTED_EDGE ( 'NONE', *, *, #3419, .T. ) ;
#1391 = CIRCLE ( 'NONE', #3567, 0.4264000000000292001 ) ;
#1392 = FACE_OUTER_BOUND ( 'NONE', #1112, .T. ) ;
#1393 = AXIS2_PLACEMENT_3D ( 'NONE', #853, #1421, #1688 ) ;
#1394 = CIRCLE ( 'NONE', #3439, 0.05999999999997641248 ) ;
#1395 = ORIENTED_EDGE ( 'NONE', *, *, #1339, .F. ) ;
#1396 = DIRECTION ( 'NONE',  ( 0.000000000000000000, 0.000000000000000000, -1.000000000000000000 ) ) ;
#1397 = CIRCLE ( 'NONE', #522, 0.005400000000000009827 ) ;
#1398 = EDGE_CURVE ( 'NONE', #148, #1188, #1134, .T. ) ;
#1399 = AXIS2_PLACEMENT_3D ( 'NONE', #2288, #2228, #504 ) ;
#1400 = PRODUCT_CONTEXT ( 'NONE', #2710, 'mechanical' ) ;
#1401 = ORIENTED_EDGE ( 'NONE', *, *, #3789, .F. ) ;
#1402 = FACE_OUTER_BOUND ( 'NONE', #3799, .T. ) ;
#1403 = DIRECTION ( 'NONE',  ( 0.06857187170601471149, -0.9976461789686431603, 1.239011701914328681E-14 ) ) ;
#1404 = CARTESIAN_POINT ( 'NONE',  ( 0.2810000425229151610, -0.5620000171226612329, 0.2099999999999996592 ) ) ;
#1405 = VECTOR ( 'NONE', #1857, 39.37007874015748143 ) ;
#1406 = ADVANCED_FACE ( 'NONE', ( #3505 ), #231, .T. ) ;
#1407 = VERTEX_POINT ( 'NONE', #309 ) ;
#1408 = CIRCLE ( 'NONE', #285, 0.05459999999997646597 ) ;
#1409 = CARTESIAN_POINT ( 'NONE',  ( 0.000000000000000000, -0.5350000000000001421, 0.2045999999999996988 ) ) ;
#1410 = DIRECTION ( 'NONE',  ( 0.000000000000000000, -1.000000000000000000, -1.601693242063834425E-16 ) ) ;
#1411 = AXIS2_PLACEMENT_3D ( 'NONE', #1210, #2115, #622 ) ;
#1412 = ORIENTED_EDGE ( 'NONE', *, *, #1988, .T. ) ;
#1413 = DIRECTION ( 'NONE',  ( 0.000000000000000000, 0.000000000000000000, 1.000000000000000000 ) ) ;
#1414 = CARTESIAN_POINT ( 'NONE',  ( 0.2990719639494843207, 0.2990719373760338251, -0.2045999999999996988 ) ) ;
#1415 = VERTEX_POINT ( 'NONE', #273 ) ;
#1416 = DIRECTION ( 'NONE',  ( 0.000000000000000000, -1.000000000000000000, -1.289580812719157683E-16 ) ) ;
#1417 = EDGE_CURVE ( 'NONE', #1422, #33, #1380, .T. ) ;
#1418 =( GEOMETRIC_REPRESENTATION_CONTEXT ( 3 ) GLOBAL_UNCERTAINTY_ASSIGNED_CONTEXT ( ( #2363 ) ) GLOBAL_UNIT_ASSIGNED_CONTEXT ( ( #3183, #2898, #2624 ) ) REPRESENTATION_CONTEXT ( 'NONE', 'WORKASPACE' ) );
#1419 = AXIS2_PLACEMENT_3D ( 'NONE', #2617, #2045, #866 ) ;
#1420 = VERTEX_POINT ( 'NONE', #2613 ) ;
#1421 = DIRECTION ( 'NONE',  ( 1.224646799147353454E-16, 1.224646799147357891E-16, -1.000000000000000000 ) ) ;
#1422 = VERTEX_POINT ( 'NONE', #1153 ) ;
#1423 = CARTESIAN_POINT ( 'NONE',  ( 0.3102390035719949091, 0.1366036521649431623, -0.2045999999999997543 ) ) ;
#1424 = DIRECTION ( 'NONE',  ( 1.224646799147353454E-16, 1.224646799147357891E-16, -1.000000000000000000 ) ) ;
#1425 = CARTESIAN_POINT ( 'NONE',  ( 0.000000000000000000, 0.000000000000000000, 0.2099999999999997702 ) ) ;
#1426 = VERTEX_POINT ( 'NONE', #1469 ) ;
#1427 = CARTESIAN_POINT ( 'NONE',  ( 0.2990719373760369892, -0.2990719639494812121, 0.2099999999999997147 ) ) ;
#1428 = FACE_OUTER_BOUND ( 'NONE', #535, .T. ) ;
#1429 = EDGE_LOOP ( 'NONE', ( #104, #3115, #2915, #2667 ) ) ;
#1430 = DIRECTION ( 'NONE',  ( 1.224646799147353454E-16, 1.224646799147357891E-16, -1.000000000000000000 ) ) ;
#1431 = DIRECTION ( 'NONE',  ( -0.9976462080791005382, 0.06857144817919698376, -2.275576861760024966E-16 ) ) ;
#1432 = VERTEX_POINT ( 'NONE', #2093 ) ;
#1433 = FACE_OUTER_BOUND ( 'NONE', #1088, .T. ) ;
#1434 = EDGE_CURVE ( 'NONE', #555, #378, #440, .T. ) ;
#1435 = ORIENTED_EDGE ( 'NONE', *, *, #4, .F. ) ;
#1436 = DIRECTION ( 'NONE',  ( 0.9698205465154604576, 0.2438198260118601413, 2.972561595063171623E-16 ) ) ;
#1437 = EDGE_CURVE ( 'NONE', #2510, #1871, #3621, .T. ) ;
#1438 = ORIENTED_EDGE ( 'NONE', *, *, #3048, .T. ) ;
#1439 = DIRECTION ( 'NONE',  ( 1.499759782661863629E-32, -1.000000000000000000, -1.224646799147357891E-16 ) ) ;
#1440 = CARTESIAN_POINT ( 'NONE',  ( 0.1291269798558819237, -0.5136169614345876822, 0.2099999999999997424 ) ) ;
#1441 = DIRECTION ( 'NONE',  ( -0.9698205465154612348, 0.2438198260118571437, 0.000000000000000000 ) ) ;
#1442 = ORIENTED_EDGE ( 'NONE', *, *, #2798, .T. ) ;
#1443 = DIRECTION ( 'NONE',  ( -1.000000000000000000, 0.000000000000000000, 0.000000000000000000 ) ) ;
#1444 = DIRECTION ( 'NONE',  ( -2.449293598294706907E-16, -8.874685183736382811E-31, 1.000000000000000000 ) ) ;
#1445 = ADVANCED_FACE ( 'NONE', ( #294 ), #1940, .T. ) ;
#1446 = EDGE_LOOP ( 'NONE', ( #2723, #471, #352, #1795, #3389 ) ) ;
#1447 = DIRECTION ( 'NONE',  ( -0.06857187170601471149, 0.9976461789686431603, 1.261767459445513273E-14 ) ) ;
#1448 = CARTESIAN_POINT ( 'NONE',  ( 0.1158144173556400619, -0.4606647595948664131, -0.2099999999999997979 ) ) ;
#1449 = ORIENTED_EDGE ( 'NONE', *, *, #3307, .F. ) ;
#1450 = AXIS2_PLACEMENT_3D ( 'NONE', #822, #1054, #1936 ) ;
#1451 = CARTESIAN_POINT ( 'NONE',  ( 0.3102389080265256505, -0.1366036739977035397, 0.2099999999999997979 ) ) ;
#1452 = TOROIDAL_SURFACE ( 'NONE', #2757, 0.4264000000000292001, 0.005400000000000000286 ) ;
#1453 = CIRCLE ( 'NONE', #943, 0.005400000000000012429 ) ;
#1454 = AXIS2_PLACEMENT_3D ( 'NONE', #1775, #2706, #2108 ) ;
#1455 = AXIS2_PLACEMENT_3D ( 'NONE', #2922, #2943, #1443 ) ;
#1456 = SURFACE_STYLE_FILL_AREA ( #1479 ) ;
#1457 = VERTEX_POINT ( 'NONE', #605 ) ;
#1458 = AXIS2_PLACEMENT_3D ( 'NONE', #2335, #3476, #3811 ) ;
#1459 = AXIS2_PLACEMENT_3D ( 'NONE', #2120, #265, #2652 ) ;
#1460 = AXIS2_PLACEMENT_3D ( 'NONE', #536, #1731, #2916 ) ;
#1461 = ORIENTED_EDGE ( 'NONE', *, *, #3456, .F. ) ;
#1462 = CIRCLE ( 'NONE', #3135, 0.1628516087527653866 ) ;
#1463 = CARTESIAN_POINT ( 'NONE',  ( 0.2990719639494843207, 0.2990719373760338251, 0.2099999999999998535 ) ) ;
#1464 = DIRECTION ( 'NONE',  ( -0.3735233203159155080, -0.9276207895364215750, -3.186883938720202169E-16 ) ) ;
#1465 = CARTESIAN_POINT ( 'NONE',  ( -0.1291269798558818960, -0.5136169614345876822, 0.2099999999999997147 ) ) ;
#1466 = ADVANCED_FACE ( 'NONE', ( #841 ), #1311, .T. ) ;
#1467 = CIRCLE ( 'NONE', #3263, 0.005399999999999995949 ) ;
#1468 = ORIENTED_EDGE ( 'NONE', *, *, #2216, .T. ) ;
#1469 = CARTESIAN_POINT ( 'NONE',  ( -2.688140634114580688E-17, -0.3132258906572719659, 0.2099999999999997424 ) ) ;
#1470 = VECTOR ( 'NONE', #3076, 39.37007874015748143 ) ;
#1471 = CARTESIAN_POINT ( 'NONE',  ( 1.557493160708761623E-17, -0.3838435821108957535, -0.2099999999999997702 ) ) ;
#1472 = VECTOR ( 'NONE', #542, 39.37007874015748143 ) ;
#1473 = ORIENTED_EDGE ( 'NONE', *, *, #1194, .T. ) ;
#1474 = DIRECTION ( 'NONE',  ( 0.06857144817920955704, 0.9976462080790996501, -0.000000000000000000 ) ) ;
#1475 = DIRECTION ( 'NONE',  ( 1.000000000000000000, 0.000000000000000000, -0.000000000000000000 ) ) ;
#1476 = ORIENTED_EDGE ( 'NONE', *, *, #3845, .T. ) ;
#1477 = DIRECTION ( 'NONE',  ( 0.3735234971274721816, -0.9276207183400245748, 0.000000000000000000 ) ) ;
#1478 = CIRCLE ( 'NONE', #2968, 0.05999999999997644717 ) ;
#1479 = FILL_AREA_STYLE ('',( #255 ) ) ;
#1480 = ORIENTED_EDGE ( 'NONE', *, *, #2586, .T. ) ;
#1481 = AXIS2_PLACEMENT_3D ( 'NONE', #3851, #71, #1589 ) ;
#1482 = ORIENTED_EDGE ( 'NONE', *, *, #141, .T. ) ;
#1483 = CIRCLE ( 'NONE', #727, 0.06594115427318798794 ) ;
#1484 = DIRECTION ( 'NONE',  ( -1.224646799147353454E-16, -1.224646799147357891E-16, 1.000000000000000000 ) ) ;
#1485 = DIRECTION ( 'NONE',  ( -0.000000000000000000, -0.000000000000000000, -1.000000000000000000 ) ) ;
#1486 = ORIENTED_EDGE ( 'NONE', *, *, #3360, .T. ) ;
#1487 = EDGE_CURVE ( 'NONE', #149, #1738, #1813, .T. ) ;
#1488 = FACE_OUTER_BOUND ( 'NONE', #1294, .T. ) ;
#1489 = CARTESIAN_POINT ( 'NONE',  ( -0.1714716647278034800, -0.4382533603759203311, 0.2045999999999996710 ) ) ;
#1490 = CONICAL_SURFACE ( 'NONE', #2485, 0.06749999999999996281, 0.5235987755983000369 ) ;
#1491 = ORIENTED_EDGE ( 'NONE', *, *, #2893, .T. ) ;
#1492 = DIRECTION ( 'NONE',  ( -1.224646799147353454E-16, -1.224646799147357891E-16, 1.000000000000000000 ) ) ;
#1493 = EDGE_CURVE ( 'NONE', #794, #2444, #626, .T. ) ;
#1494 = DIRECTION ( 'NONE',  ( -0.000000000000000000, -0.000000000000000000, -1.000000000000000000 ) ) ;
#1495 = DIRECTION ( 'NONE',  ( -1.224646799147353454E-16, -1.224646799147357891E-16, 1.000000000000000000 ) ) ;
#1496 = FACE_OUTER_BOUND ( 'NONE', #3373, .T. ) ;
#1497 = EDGE_LOOP ( 'NONE', ( #2985, #2222, #1725, #591 ) ) ;
#1498 = ADVANCED_FACE ( 'NONE', ( #2906 ), #3301, .T. ) ;
#1499 = EDGE_CURVE ( 'NONE', #595, #494, #3806, .T. ) ;
#1500 = EDGE_LOOP ( 'NONE', ( #167, #1039, #3361, #1544 ) ) ;
#1501 = CARTESIAN_POINT ( 'NONE',  ( -0.4402703863056267597, 0.1664625124643052401, 0.2045999999999997543 ) ) ;
#1502 = FACE_BOUND ( 'NONE', #983, .T. ) ;
#1503 = ADVANCED_FACE ( 'NONE', ( #524 ), #1721, .F. ) ;
#1504 = DIRECTION ( 'NONE',  ( 0.9698205465154604576, -0.2438198260118601413, 1.778188917086811033E-16 ) ) ;
#1505 = ORIENTED_EDGE ( 'NONE', *, *, #476, .F. ) ;
#1506 = CARTESIAN_POINT ( 'NONE',  ( 0.1664625124643066556, 0.4402703863056262046, 0.2045999999999998376 ) ) ;
#1507 = DIRECTION ( 'NONE',  ( -1.224646799147353454E-16, 1.224646799147340635E-16, -1.000000000000000000 ) ) ;
#1508 = LINE ( 'NONE', #3239, #397 ) ;
#1509 = EDGE_CURVE ( 'NONE', #1879, #1457, #1620, .T. ) ;
#1510 = DIRECTION ( 'NONE',  ( 1.499759782661863629E-32, -1.000000000000000000, -1.224646799147357891E-16 ) ) ;
#1511 = ORIENTED_EDGE ( 'NONE', *, *, #1718, .T. ) ;
#1512 = CIRCLE ( 'NONE', #3187, 0.05017949192431114813 ) ;
#1513 =( GEOMETRIC_REPRESENTATION_CONTEXT ( 3 ) GLOBAL_UNCERTAINTY_ASSIGNED_CONTEXT ( ( #2285 ) ) GLOBAL_UNIT_ASSIGNED_CONTEXT ( ( #1553, #707, #3339 ) ) REPRESENTATION_CONTEXT ( 'NONE', 'WORKASPACE' ) );
#1514 = ADVANCED_FACE ( 'NONE', ( #2633 ), #2513, .T. ) ;
#1515 = AXIS2_PLACEMENT_3D ( 'NONE', #2495, #713, #1909 ) ;
#1516 = EDGE_LOOP ( 'NONE', ( #2098, #3329, #284, #1301 ) ) ;
#1517 = TOROIDAL_SURFACE ( 'NONE', #263, 0.1628516087527653866, 0.005400000000000000286 ) ;
#1518 = CARTESIAN_POINT ( 'NONE',  ( 0.06594115427318802958, 0.3838435821108958090, -0.2126999999999997226 ) ) ;
#1519 = CIRCLE ( 'NONE', #2449, 0.05459999999997646597 ) ;
#1520 = LINE ( 'NONE', #985, #1133 ) ;
#1521 = CIRCLE ( 'NONE', #3694, 0.07061769145362394029 ) ;
#1522 = AXIS2_PLACEMENT_3D ( 'NONE', #1233, #1735, #836 ) ;
#1523 = ORIENTED_EDGE ( 'NONE', *, *, #2027, .T. ) ;
#1524 = CARTESIAN_POINT ( 'NONE',  ( -0.06749999999999994893, -0.3838435821108957535, -0.2099999999999997702 ) ) ;
#1525 = CARTESIAN_POINT ( 'NONE',  ( 0.2990719639494843207, 0.2990719373760338251, 0.2099999999999997702 ) ) ;
#1526 = AXIS2_PLACEMENT_3D ( 'NONE', #3770, #2868, #194 ) ;
#1527 = EDGE_CURVE ( 'NONE', #3766, #41, #1256, .T. ) ;
#1528 = ORIENTED_EDGE ( 'NONE', *, *, #1540, .F. ) ;
#1529 = CIRCLE ( 'NONE', #2462, 0.05999999999997641248 ) ;
#1530 = DIRECTION ( 'NONE',  ( 0.5000000000000009992, 0.000000000000000000, -0.8660254037844380415 ) ) ;
#1531 = CARTESIAN_POINT ( 'NONE',  ( -0.3098687154647834507, -0.1419909415313717060, 0.2099999999999997147 ) ) ;
#1532 = CARTESIAN_POINT ( 'NONE',  ( 0.4402703766517139239, 0.1664625085769882162, 0.2045999999999998376 ) ) ;
#1533 = PRODUCT ( '6408K84_18000 rpm Buna-N Rubber Spider for 1-5-64 OD Flexible Shaft Coupling Iron Hub_6408K84', '6408K84_18000 rpm Buna-N Rubber Spider for 1-5-64 OD Flexible Shaft Coupling Iron Hub_6408K84', '', ( #1400 ) ) ;
#1534 = CONICAL_SURFACE ( 'NONE', #905, 0.06749999999999996281, 0.5235987755983000369 ) ;
#1535 = ORIENTED_EDGE ( 'NONE', *, *, #1378, .T. ) ;
#1536 = EDGE_CURVE ( 'NONE', #607, #931, #2200, .T. ) ;
#1537 = CARTESIAN_POINT ( 'NONE',  ( 0.1158144173556400619, -0.4606647595948664131, -0.2045999999999998098 ) ) ;
#1538 = AXIS2_PLACEMENT_3D ( 'NONE', #1044, #646, #1841 ) ;
#1539 = ORIENTED_EDGE ( 'NONE', *, *, #1670, .F. ) ;
#1540 = EDGE_CURVE ( 'NONE', #1019, #652, #1580, .T. ) ;
#1541 = CYLINDRICAL_SURFACE ( 'NONE', #3502, 0.1574516087527653707 ) ;
#1542 = CARTESIAN_POINT ( 'NONE',  ( -0.2810000425229112198, 0.5620000171226631203, 0.2045999999999998098 ) ) ;
#1543 = AXIS2_PLACEMENT_3D ( 'NONE', #1743, #3571, #1759 ) ;
#1544 = ORIENTED_EDGE ( 'NONE', *, *, #569, .T. ) ;
#1545 = ORIENTED_EDGE ( 'NONE', *, *, #3645, .T. ) ;
#1546 = CARTESIAN_POINT ( 'NONE',  ( 0.4606647595948676344, -0.1158144173556351630, -0.2099999999999997424 ) ) ;
#1547 = VERTEX_POINT ( 'NONE', #1603 ) ;
#1548 =( LENGTH_UNIT ( ) NAMED_UNIT ( * ) SI_UNIT ( $, .METRE. ) );
#1549 = DIRECTION ( 'NONE',  ( -0.000000000000000000, -0.000000000000000000, -1.000000000000000000 ) ) ;
#1550 = CARTESIAN_POINT ( 'NONE',  ( -0.2990719373760348798, 0.2990719639494832660, -0.2045999999999997820 ) ) ;
#1551 = EDGE_CURVE ( 'NONE', #1302, #2630, #2748, .T. ) ;
#1552 = EDGE_CURVE ( 'NONE', #931, #607, #3314, .T. ) ;
#1553 =( CONVERSION_BASED_UNIT ( 'INCH', #1864 ) LENGTH_UNIT ( ) NAMED_UNIT ( #268 ) );
#1554 = ORIENTED_EDGE ( 'NONE', *, *, #2606, .T. ) ;
#1555 = DIRECTION ( 'NONE',  ( 1.499759782661863629E-32, -1.000000000000000000, -1.224646799147357891E-16 ) ) ;
#1556 = EDGE_CURVE ( 'NONE', #1738, #1695, #2324, .T. ) ;
#1557 = ORIENTED_EDGE ( 'NONE', *, *, #220, .F. ) ;
#1558 = FACE_OUTER_BOUND ( 'NONE', #1500, .T. ) ;
#1559 = DIRECTION ( 'NONE',  ( 1.224646799147353454E-16, 1.224646799147357891E-16, -1.000000000000000000 ) ) ;
#1560 = EDGE_CURVE ( 'NONE', #308, #1223, #1952, .T. ) ;
#1561 = ORIENTED_EDGE ( 'NONE', *, *, #2672, .T. ) ;
#1562 = ORIENTED_EDGE ( 'NONE', *, *, #171, .T. ) ;
#1563 = DIRECTION ( 'NONE',  ( -1.851798193294060845E-15, 0.5000000000000008882, 0.8660254037844380415 ) ) ;
#1564 = CARTESIAN_POINT ( 'NONE',  ( 0.1419909635213340293, 0.3098686222063565809, -0.2045999999999996988 ) ) ;
#1565 = ORIENTED_EDGE ( 'NONE', *, *, #2393, .T. ) ;
#1566 = CARTESIAN_POINT ( 'NONE',  ( -0.5619999828771986561, 0.2809999574765543739, -0.2099999999999997979 ) ) ;
#1567 = CYLINDRICAL_SURFACE ( 'NONE', #445, 0.4210000000000291842 ) ;
#1568 = DIRECTION ( 'NONE',  ( -1.224646799147353454E-16, -1.224646799147357891E-16, 1.000000000000000000 ) ) ;
#1569 = EDGE_CURVE ( 'NONE', #2605, #2286, #74, .T. ) ;
#1570 = DIRECTION ( 'NONE',  ( -1.224646799147353454E-16, -1.224646799147357891E-16, 1.000000000000000000 ) ) ;
#1571 = ORIENTED_EDGE ( 'NONE', *, *, #3838, .T. ) ;
#1572 = DIRECTION ( 'NONE',  ( -1.639683145549079610E-15, 0.5000000000000012212, -0.8660254037844379305 ) ) ;
#1573 = ADVANCED_FACE ( 'NONE', ( #1204 ), #1199, .T. ) ;
#1574 = EDGE_LOOP ( 'NONE', ( #885, #1701, #1473, #1486 ) ) ;
#1575 = CARTESIAN_POINT ( 'NONE',  ( -0.1291269798558818682, 0.5136169614345876822, -0.2045999999999996988 ) ) ;
#1576 = AXIS2_PLACEMENT_3D ( 'NONE', #594, #906, #2646 ) ;
#1577 = FACE_OUTER_BOUND ( 'NONE', #177, .T. ) ;
#1578 = TOROIDAL_SURFACE ( 'NONE', #446, 0.07061769145362389866, 0.005400000000000000286 ) ;
#1579 = ORIENTED_EDGE ( 'NONE', *, *, #1023, .T. ) ;
#1580 = CIRCLE ( 'NONE', #3125, 0.05999999999997648187 ) ;
#1581 = CYLINDRICAL_SURFACE ( 'NONE', #3435, 0.4210000000000291842 ) ;
#1582 = DIRECTION ( 'NONE',  ( -1.224646799147353454E-16, -1.224646799147357891E-16, 1.000000000000000000 ) ) ;
#1583 = EDGE_CURVE ( 'NONE', #2690, #3247, #2022, .T. ) ;
#1584 = DIRECTION ( 'NONE',  ( -3.673940397442060361E-16, -1.224646799147375147E-16, 1.000000000000000000 ) ) ;
#1585 = VECTOR ( 'NONE', #3415, 39.37007874015748143 ) ;
#1586 = VECTOR ( 'NONE', #1274, 39.37007874015748143 ) ;
#1587 = VERTEX_POINT ( 'NONE', #2151 ) ;
#1588 =( NAMED_UNIT ( * ) PLANE_ANGLE_UNIT ( ) SI_UNIT ( $, .RADIAN. ) );
#1589 = DIRECTION ( 'NONE',  ( 0.000000000000000000, -1.000000000000000000, -2.096884407979386198E-16 ) ) ;
#1590 = AXIS2_PLACEMENT_3D ( 'NONE', #787, #2248, #1416 ) ;
#1591 = CARTESIAN_POINT ( 'NONE',  ( -6.613092715395703653E-19, -6.613092715395727727E-19, 0.2099999999999997702 ) ) ;
#1592 = AXIS2_PLACEMENT_3D ( 'NONE', #2172, #369, #1307 ) ;
#1593 = DIRECTION ( 'NONE',  ( 1.000000000000000000, 0.000000000000000000, 0.000000000000000000 ) ) ;
#1594 = ORIENTED_EDGE ( 'NONE', *, *, #495, .F. ) ;
#1595 = CARTESIAN_POINT ( 'NONE',  ( -3.552957932133139822E-17, -0.3838435821108958090, 0.2099999999999997424 ) ) ;
#1596 = AXIS2_PLACEMENT_3D ( 'NONE', #1404, #151, #797 ) ;
#1597 = VERTEX_POINT ( 'NONE', #3054 ) ;
#1598 = DIRECTION ( 'NONE',  ( 1.224646799147353454E-16, 1.224646799147357891E-16, -1.000000000000000000 ) ) ;
#1599 = CARTESIAN_POINT ( 'NONE',  ( 0.3838435821108958090, -0.07061769145361987410, -0.2153999999999997028 ) ) ;
#1600 = TOROIDAL_SURFACE ( 'NONE', #3775, 0.05459999999997646597, 0.005400000000000000286 ) ;
#1601 = ORIENTED_EDGE ( 'NONE', *, *, #1797, .F. ) ;
#1602 = CARTESIAN_POINT ( 'NONE',  ( 0.3102390035719947980, 0.1366036521649431068, 0.2099999999999998535 ) ) ;
#1603 = CARTESIAN_POINT ( 'NONE',  ( 0.1419909415313705958, -0.3098687154647839503, 0.2045999999999997543 ) ) ;
#1604 = CARTESIAN_POINT ( 'NONE',  ( 0.4382533603759219965, -0.1714716647277989559, 0.2099999999999997147 ) ) ;
#1605 = TOROIDAL_SURFACE ( 'NONE', #3401, 0.4264000000000292001, 0.005400000000000000286 ) ;
#1606 = EDGE_CURVE ( 'NONE', #931, #2199, #3305, .T. ) ;
#1607 = EDGE_LOOP ( 'NONE', ( #3649, #614, #833, #1178 ) ) ;
#1608 = CARTESIAN_POINT ( 'NONE',  ( -0.1158144173556400064, 0.4606647595948664131, 0.2045999999999998098 ) ) ;
#1609 = EDGE_CURVE ( 'NONE', #2801, #41, #2260, .T. ) ;
#1610 = EDGE_LOOP ( 'NONE', ( #3217, #1983, #2786, #1246, #1332 ) ) ;
#1611 = CARTESIAN_POINT ( 'NONE',  ( -0.1664625085769836088, 0.4402703766517157558, -0.2045999999999997543 ) ) ;
#1612 = AXIS2_PLACEMENT_3D ( 'NONE', #1008, #2207, #624 ) ;
#1613 = ORIENTED_EDGE ( 'NONE', *, *, #1434, .T. ) ;
#1614 = DIRECTION ( 'NONE',  ( -0.3735234971274613014, 0.9276207183400290157, -2.148081460521331472E-15 ) ) ;
#1615 = EDGE_CURVE ( 'NONE', #2886, #1713, #2760, .T. ) ;
#1616 = VERTEX_POINT ( 'NONE', #3366 ) ;
#1617 = DIRECTION ( 'NONE',  ( 1.224646799147353454E-16, 1.224646799147357891E-16, -1.000000000000000000 ) ) ;
#1618 = CARTESIAN_POINT ( 'NONE',  ( 0.1304436069163459611, -0.5188539923857712344, 0.2045999999999997543 ) ) ;
#1619 = CARTESIAN_POINT ( 'NONE',  ( 0.06749999999999997669, -0.3838435821108957535, -0.2099999999999997702 ) ) ;
#1620 = CIRCLE ( 'NONE', #1455, 0.05017949192431114813 ) ;
#1621 = VERTEX_POINT ( 'NONE', #2168 ) ;
#1622 = DIRECTION ( 'NONE',  ( 1.224646799147353454E-16, 1.224646799147357891E-16, -1.000000000000000000 ) ) ;
#1623 = DIRECTION ( 'NONE',  ( 1.224646799147353454E-16, 1.224646799147357891E-16, -1.000000000000000000 ) ) ;
#1624 = DIRECTION ( 'NONE',  ( -1.000000000000000000, 1.499759782661863629E-32, -1.224646799147353454E-16 ) ) ;
#1625 = DIRECTION ( 'NONE',  ( -1.224646799147353454E-16, -1.224646799147357891E-16, 1.000000000000000000 ) ) ;
#1626 = VERTEX_POINT ( 'NONE', #3587 ) ;
#1627 = DIRECTION ( 'NONE',  ( 1.224646799147353454E-16, 1.224646799147357891E-16, -1.000000000000000000 ) ) ;
#1628 = ADVANCED_FACE ( 'NONE', ( #679 ), #389, .F. ) ;
#1629 = AXIS2_PLACEMENT_3D ( 'NONE', #2059, #2038, #2382 ) ;
#1630 = VERTEX_POINT ( 'NONE', #3288 ) ;
#1631 = CARTESIAN_POINT ( 'NONE',  ( 0.5136169614345862389, 0.1291269798558872528, 0.2099999999999998535 ) ) ;
#1632 = ORIENTED_EDGE ( 'NONE', *, *, #929, .F. ) ;
#1633 = VERTEX_POINT ( 'NONE', #640 ) ;
#1634 = CARTESIAN_POINT ( 'NONE',  ( 0.2810000425229151610, -0.5620000171226612329, 0.2099999999999997424 ) ) ;
#1635 = VECTOR ( 'NONE', #3070, 39.37007874015748143 ) ;
#1636 = PLANE ( 'NONE',  #2833 ) ;
#1637 = AXIS2_PLACEMENT_3D ( 'NONE', #1110, #3137, #426 ) ;
#1638 = AXIS2_PLACEMENT_3D ( 'NONE', #1259, #2183, #2460 ) ;
#1639 = ORIENTED_EDGE ( 'NONE', *, *, #3315, .T. ) ;
#1640 = DIRECTION ( 'NONE',  ( -1.224646799147353454E-16, -1.224646799147357891E-16, 1.000000000000000000 ) ) ;
#1641 = AXIS2_PLACEMENT_3D ( 'NONE', #2341, #3461, #1714 ) ;
#1642 = CARTESIAN_POINT ( 'NONE',  ( 0.5619999828771987671, -0.2809999574765543739, 0.2099999999999997979 ) ) ;
#1643 = TOROIDAL_SURFACE ( 'NONE', #2205, 0.5295999999999999597, 0.005400000000000000286 ) ;
#1644 = EDGE_CURVE ( 'NONE', #617, #1180, #327, .T. ) ;
#1645 = AXIS2_PLACEMENT_3D ( 'NONE', #1314, #2511, #732 ) ;
#1646 = TOROIDAL_SURFACE ( 'NONE', #1526, 0.05459999999997639658, 0.005400000000000000286 ) ;
#1647 = DIRECTION ( 'NONE',  ( 1.000000000000000000, -1.224646799147353454E-16, 1.224646799147353207E-16 ) ) ;
#1648 = CARTESIAN_POINT ( 'NONE',  ( -0.2990719373760348798, 0.1362203551967178794, -0.2099999999999997979 ) ) ;
#1649 = ORIENTED_EDGE ( 'NONE', *, *, #2374, .F. ) ;
#1650 = DIRECTION ( 'NONE',  ( 0.000000000000000000, -1.000000000000000000, 0.000000000000000000 ) ) ;
#1651 = CIRCLE ( 'NONE', #3205, 0.005399999999999995949 ) ;
#1652 = EDGE_CURVE ( 'NONE', #1128, #3535, #1519, .T. ) ;
#1653 = ORIENTED_EDGE ( 'NONE', *, *, #141, .F. ) ;
#1654 = AXIS2_PLACEMENT_3D ( 'NONE', #2536, #1974, #3442 ) ;
#1655 = CARTESIAN_POINT ( 'NONE',  ( 5.011254702110964883E-17, 1.819776325405262275E-31, -0.2045999999999997820 ) ) ;
#1656 = CONICAL_SURFACE ( 'NONE', #1027, 0.06749999999999996281, 0.5235987755983000369 ) ;
#1657 = ORIENTED_EDGE ( 'NONE', *, *, #3178, .F. ) ;
#1658 = ORIENTED_EDGE ( 'NONE', *, *, #2184, .F. ) ;
#1659 = CARTESIAN_POINT ( 'NONE',  ( 3.586023395710116313E-17, 0.3838435821108957535, 0.2126999999999998336 ) ) ;
#1660 = DIRECTION ( 'NONE',  ( -6.358082537461265385E-34, -1.000000000000000000, -1.224646799147357891E-16 ) ) ;
#1661 = AXIS2_PLACEMENT_3D ( 'NONE', #278, #2370, #2386 ) ;
#1662 = VERTEX_POINT ( 'NONE', #948 ) ;
#1663 = CARTESIAN_POINT ( 'NONE',  ( 0.1158144173556400064, 0.4606647595948663576, 0.2099999999999997702 ) ) ;
#1664 = MECHANICAL_DESIGN_GEOMETRIC_PRESENTATION_REPRESENTATION (  '', ( #602 ), #1418 ) ;
#1665 = DIRECTION ( 'NONE',  ( 0.3735233203159089577, 0.9276207895364241285, 0.000000000000000000 ) ) ;
#1666 = DIRECTION ( 'NONE',  ( -1.224646799147358877E-16, 0.000000000000000000, 1.000000000000000000 ) ) ;
#1667 = AXIS2_PLACEMENT_3D ( 'NONE', #1683, #785, #2292 ) ;
#1668 = ORIENTED_EDGE ( 'NONE', *, *, #3456, .T. ) ;
#1669 = CARTESIAN_POINT ( 'NONE',  ( -0.2990719373760349353, 0.2990719639494832105, 0.2099999999999997702 ) ) ;
#1670 = EDGE_CURVE ( 'NONE', #923, #1420, #1075, .T. ) ;
#1671 = EDGE_LOOP ( 'NONE', ( #455, #2429, #318, #1374, #3714 ) ) ;
#1672 = DIRECTION ( 'NONE',  ( 1.000000000000000000, -1.499759782661863629E-32, 1.224646799147353454E-16 ) ) ;
#1673 = EDGE_CURVE ( 'NONE', #359, #1597, #199, .T. ) ;
#1674 = ORIENTED_EDGE ( 'NONE', *, *, #971, .T. ) ;
#1675 = CARTESIAN_POINT ( 'NONE',  ( 0.2990719639494843207, 0.2990719373760338251, -0.2045999999999996988 ) ) ;
#1676 = DIRECTION ( 'NONE',  ( 0.000000000000000000, -1.000000000000000000, -1.622237525928785020E-16 ) ) ;
#1677 = DIRECTION ( 'NONE',  ( 0.000000000000000000, -1.000000000000000000, -1.622237525928785020E-16 ) ) ;
#1678 = EDGE_CURVE ( 'NONE', #1859, #2853, #3252, .T. ) ;
#1679 = ORIENTED_EDGE ( 'NONE', *, *, #2969, .T. ) ;
#1680 = DIRECTION ( 'NONE',  ( -1.224646799147353454E-16, -1.224646799147357891E-16, 1.000000000000000000 ) ) ;
#1681 = DIRECTION ( 'NONE',  ( -1.224646799147353454E-16, -1.224646799147357891E-16, 1.000000000000000000 ) ) ;
#1682 = DIRECTION ( 'NONE',  ( 0.000000000000000000, -1.000000000000000000, 0.000000000000000000 ) ) ;
#1683 = CARTESIAN_POINT ( 'NONE',  ( 0.3838435821108958090, 4.010405460749677050E-15, -0.2099999999999996314 ) ) ;
#1684 = EDGE_LOOP ( 'NONE', ( #3638, #403, #799, #1523 ) ) ;
#1685 = CARTESIAN_POINT ( 'NONE',  ( 8.828736342859927729E-17, 0.3838435821108958090, -0.2153999999999997028 ) ) ;
#1686 = EDGE_CURVE ( 'NONE', #478, #193, #3692, .T. ) ;
#1687 = ORIENTED_EDGE ( 'NONE', *, *, #3270, .T. ) ;
#1688 = DIRECTION ( 'NONE',  ( -9.857654123112514505E-33, -1.000000000000000000, -1.224646799147357891E-16 ) ) ;
#1689 = ADVANCED_FACE ( 'NONE', ( #1026 ), #2946, .T. ) ;
#1690 = LENGTH_MEASURE_WITH_UNIT ( LENGTH_MEASURE( 0.02539999999999999897 ), #774 );
#1691 = ORIENTED_EDGE ( 'NONE', *, *, #1805, .F. ) ;
#1692 = FACE_OUTER_BOUND ( 'NONE', #508, .T. ) ;
#1693 = CARTESIAN_POINT ( 'NONE',  ( -3.306546357697856641E-19, -0.5296000000000000707, 0.2099999999999997147 ) ) ;
#1694 = CARTESIAN_POINT ( 'NONE',  ( -0.1366036739977068148, -0.3102389080265243182, 0.2045999999999996988 ) ) ;
#1695 = VERTEX_POINT ( 'NONE', #3420 ) ;
#1696 = EDGE_CURVE ( 'NONE', #3557, #550, #3436, .T. ) ;
#1697 = FACE_OUTER_BOUND ( 'NONE', #3790, .T. ) ;
#1698 = DIRECTION ( 'NONE',  ( 3.470079493381210749E-15, -1.000000000000000000, -2.168799683363256718E-16 ) ) ;
#1699 = TOROIDAL_SURFACE ( 'NONE', #2323, 0.5295999999999999597, 0.005400000000000000286 ) ;
#1700 = AXIS2_PLACEMENT_3D ( 'NONE', #1870, #3051, #2707 ) ;
#1701 = ORIENTED_EDGE ( 'NONE', *, *, #800, .T. ) ;
#1702 = DIRECTION ( 'NONE',  ( -1.000000000000000000, -1.224646799147352961E-16, -1.224646799147353700E-16 ) ) ;
#1703 = DIRECTION ( 'NONE',  ( 1.224646799147353454E-16, 1.224646799147357891E-16, -1.000000000000000000 ) ) ;
#1704 = EDGE_LOOP ( 'NONE', ( #262, #2501, #3184, #2149 ) ) ;
#1705 = AXIS2_PLACEMENT_3D ( 'NONE', #3757, #1929, #436 ) ;
#1706 = DIRECTION ( 'NONE',  ( 0.06857144817919696989, 0.9976462080791004272, 0.000000000000000000 ) ) ;
#1707 = TOROIDAL_SURFACE ( 'NONE', #2024, 0.5295999999999999597, 0.005400000000000000286 ) ;
#1708 = TOROIDAL_SURFACE ( 'NONE', #518, 0.05459999999997646597, 0.005400000000000000286 ) ;
#1709 = ORIENTED_EDGE ( 'NONE', *, *, #2121, .T. ) ;
#1710 = FACE_OUTER_BOUND ( 'NONE', #2932, .T. ) ;
#1711 = AXIS2_PLACEMENT_3D ( 'NONE', #2354, #1229, #3221 ) ;
#1712 = CIRCLE ( 'NONE', #1209, 0.05999999999997646105 ) ;
#1713 = VERTEX_POINT ( 'NONE', #464 ) ;
#1714 = DIRECTION ( 'NONE',  ( 0.000000000000000000, -1.000000000000000000, -1.622237525928785020E-16 ) ) ;
#1715 = DIRECTION ( 'NONE',  ( 8.821592479544318622E-15, -1.000000000000000000, 0.000000000000000000 ) ) ;
#1716 = CARTESIAN_POINT ( 'NONE',  ( 0.1291269798558819515, 0.5136169614345876822, -0.2045999999999996710 ) ) ;
#1718 = EDGE_CURVE ( 'NONE', #2271, #2664, #3701, .T. ) ;
#1717 = CIRCLE ( 'NONE', #714, 0.05459999999997638270 ) ;
#1719 = ORIENTED_EDGE ( 'NONE', *, *, #3474, .T. ) ;
#1720 = TOROIDAL_SURFACE ( 'NONE', #467, 0.05459999999997646597, 0.005400000000000000286 ) ;
#1721 = CYLINDRICAL_SURFACE ( 'NONE', #3132, 0.1574516087527653707 ) ;
#1722 = CARTESIAN_POINT ( 'NONE',  ( 1.623624087862720460E-17, -0.3838435821108957535, -0.2126999999999998614 ) ) ;
#1723 = EDGE_CURVE ( 'NONE', #3728, #3726, #3499, .T. ) ;
#1724 = CONICAL_SURFACE ( 'NONE', #1661, 0.06749999999999996281, 0.5235987755983000369 ) ;
#1725 = ORIENTED_EDGE ( 'NONE', *, *, #859, .F. ) ;
#1726 = DIRECTION ( 'NONE',  ( -0.9976461789686431603, -0.06857187170601469761, 0.000000000000000000 ) ) ;
#1727 = DIRECTION ( 'NONE',  ( -3.035386659626960709E-15, 1.000000000000000000, 0.000000000000000000 ) ) ;
#1728 = EDGE_LOOP ( 'NONE', ( #3602, #3532, #1674, #1196 ) ) ;
#1729 = EDGE_CURVE ( 'NONE', #272, #3769, #3750, .T. ) ;
#1730 = ORIENTED_EDGE ( 'NONE', *, *, #2455, .T. ) ;
#1731 = DIRECTION ( 'NONE',  ( 1.224646799147353454E-16, 1.224646799147357891E-16, -1.000000000000000000 ) ) ;
#1732 = SURFACE_STYLE_FILL_AREA ( #201 ) ;
#1733 = VERTEX_POINT ( 'NONE', #3092 ) ;
#1734 = LINE ( 'NONE', #264, #1951 ) ;
#1735 = DIRECTION ( 'NONE',  ( -1.224646799147353454E-16, -1.224646799147357891E-16, 1.000000000000000000 ) ) ;
#1736 = FACE_OUTER_BOUND ( 'NONE', #61, .T. ) ;
#1737 = EDGE_CURVE ( 'NONE', #2286, #1322, #1391, .T. ) ;
#1738 = VERTEX_POINT ( 'NONE', #1342 ) ;
#1739 = DIRECTION ( 'NONE',  ( -1.224646799147353454E-16, -1.224646799147357645E-16, 1.000000000000000000 ) ) ;
#1740 = DIRECTION ( 'NONE',  ( -0.2438198260118601135, -0.9698205465154604576, 0.000000000000000000 ) ) ;
#1741 = ORIENTED_EDGE ( 'NONE', *, *, #971, .F. ) ;
#1742 = DIRECTION ( 'NONE',  ( 1.499759782661863629E-32, -1.000000000000000000, -1.224646799147357891E-16 ) ) ;
#1743 = CARTESIAN_POINT ( 'NONE',  ( -0.5619999828771986561, 0.2809999574765543184, -0.2045999999999998098 ) ) ;
#1744 = VERTEX_POINT ( 'NONE', #796 ) ;
#1745 = DIRECTION ( 'NONE',  ( -1.224646799147353454E-16, -1.224646799147357891E-16, 1.000000000000000000 ) ) ;
#1746 = DIRECTION ( 'NONE',  ( 1.224646799147353454E-16, 1.224646799147357891E-16, -1.000000000000000000 ) ) ;
#1747 = ORIENTED_EDGE ( 'NONE', *, *, #601, .F. ) ;
#1748 = EDGE_CURVE ( 'NONE', #79, #2300, #2016, .T. ) ;
#1749 = FACE_OUTER_BOUND ( 'NONE', #2087, .T. ) ;
#1750 = ORIENTED_EDGE ( 'NONE', *, *, #3381, .F. ) ;
#1751 = DIRECTION ( 'NONE',  ( -1.224646799147353454E-16, 1.224646799147340635E-16, -1.000000000000000000 ) ) ;
#1752 = CARTESIAN_POINT ( 'NONE',  ( -0.1158144173556399509, 0.4606647595948664686, -0.2045999999999997543 ) ) ;
#1753 = DIRECTION ( 'NONE',  ( 0.06857187170600211046, -0.9976461789686439374, 0.000000000000000000 ) ) ;
#1754 = ORIENTED_EDGE ( 'NONE', *, *, #481, .T. ) ;
#1755 = DIRECTION ( 'NONE',  ( 1.224646799147353454E-16, 1.224646799147357891E-16, -1.000000000000000000 ) ) ;
#1756 = DIRECTION ( 'NONE',  ( -1.224646799147353454E-16, -1.224646799147357891E-16, 1.000000000000000000 ) ) ;
#1757 = ORIENTED_EDGE ( 'NONE', *, *, #381, .F. ) ;
#1758 = CARTESIAN_POINT ( 'NONE',  ( -0.2990719639494843207, -0.2990719373760338806, 0.2045999999999996988 ) ) ;
#1759 = DIRECTION ( 'NONE',  ( -4.372185065911658095E-33, -1.000000000000000000, -1.224646799147357891E-16 ) ) ;
#1760 = VERTEX_POINT ( 'NONE', #1693 ) ;
#1761 = CIRCLE ( 'NONE', #2693, 0.07061769145362394029 ) ;
#1762 = CARTESIAN_POINT ( 'NONE',  ( -0.3838435821108957535, -1.330370707435657578E-15, 0.2126999999999997226 ) ) ;
#1763 = EDGE_CURVE ( 'NONE', #1587, #3254, #1889, .T. ) ;
#1764 = AXIS2_PLACEMENT_3D ( 'NONE', #742, #1624, #1413 ) ;
#1765 = CIRCLE ( 'NONE', #2759, 0.4210000000000291842 ) ;
#1766 = AXIS2_PLACEMENT_3D ( 'NONE', #150, #1948, #183 ) ;
#1767 = CARTESIAN_POINT ( 'NONE',  ( -0.1714716604560198865, 0.4382533497672273515, 0.2045999999999998098 ) ) ;
#1768 = ORIENTED_EDGE ( 'NONE', *, *, #3720, .T. ) ;
#1769 = AXIS2_PLACEMENT_3D ( 'NONE', #675, #3675, #1337 ) ;
#1770 = CIRCLE ( 'NONE', #2516, 0.005399999999999995949 ) ;
#1771 = EDGE_CURVE ( 'NONE', #2842, #3257, #326, .T. ) ;
#1772 = AXIS2_PLACEMENT_3D ( 'NONE', #2563, #2933, #2622 ) ;
#1773 = VERTEX_POINT ( 'NONE', #1991 ) ;
#1774 = CIRCLE ( 'NONE', #2765, 0.4264000000000291446 ) ;
#1775 = CARTESIAN_POINT ( 'NONE',  ( -3.586023395710116313E-17, -0.3838435821108958090, 0.2126999999999997504 ) ) ;
#1776 = DIRECTION ( 'NONE',  ( -2.449293598294706907E-16, -8.874685183736382811E-31, 1.000000000000000000 ) ) ;
#1777 = AXIS2_PLACEMENT_3D ( 'NONE', #933, #1568, #3313 ) ;
#1778 = PRODUCT_DEFINITION_CONTEXT ( 'detailed design', #639, 'design' ) ;
#1779 = EDGE_LOOP ( 'NONE', ( #241, #3030 ) ) ;
#1780 = CARTESIAN_POINT ( 'NONE',  ( -0.4402703766517151451, -0.1664625085769851631, 0.2045999999999996988 ) ) ;
#1781 = TOROIDAL_SURFACE ( 'NONE', #2338, 0.05459999999997639658, 0.005400000000000000286 ) ;
#1782 = FACE_OUTER_BOUND ( 'NONE', #2021, .T. ) ;
#1783 = VECTOR ( 'NONE', #521, 39.37007874015748143 ) ;
#1784 = ORIENTED_EDGE ( 'NONE', *, *, #2317, .F. ) ;
#1785 = CARTESIAN_POINT ( 'NONE',  ( 0.4606647595948676344, -0.1158144173556351630, -0.2045999999999997543 ) ) ;
#1786 = CARTESIAN_POINT ( 'NONE',  ( 0.2990719373760370448, -0.2990719639494811566, -0.2045999999999997820 ) ) ;
#1787 = CIRCLE ( 'NONE', #3085, 0.005399999999999998551 ) ;
#1788 = DIRECTION ( 'NONE',  ( -1.000000000000000000, 1.499759782661863629E-32, -1.224646799147353454E-16 ) ) ;
#1789 = ORIENTED_EDGE ( 'NONE', *, *, #2578, .F. ) ;
#1790 = EDGE_CURVE ( 'NONE', #3090, #1791, #827, .T. ) ;
#1791 = VERTEX_POINT ( 'NONE', #1618 ) ;
#1792 = DIRECTION ( 'NONE',  ( 3.470079493381211143E-15, -1.000000000000000000, -2.168799683363256964E-16 ) ) ;
#1793 = ADVANCED_FACE ( 'NONE', ( #3441 ), #3005, .F. ) ;
#1794 = CARTESIAN_POINT ( 'NONE',  ( 0.3838435821108957535, 3.955296354788045760E-15, 0.2399999999999997413 ) ) ;
#1795 = ORIENTED_EDGE ( 'NONE', *, *, #1790, .F. ) ;
#1796 = DIRECTION ( 'NONE',  ( 0.000000000000000000, -1.000000000000000000, 0.000000000000000000 ) ) ;
#1797 = EDGE_CURVE ( 'NONE', #3856, #3309, #2498, .T. ) ;
#1798 = CIRCLE ( 'NONE', #1296, 0.005399999999999995949 ) ;
#1799 = ORIENTED_EDGE ( 'NONE', *, *, #3234, .F. ) ;
#1800 = CARTESIAN_POINT ( 'NONE',  ( 0.5188539923857697911, 0.1304436069163514011, -0.2045999999999996710 ) ) ;
#1801 = DIRECTION ( 'NONE',  ( 0.000000000000000000, -1.000000000000000000, -2.168799683363256718E-16 ) ) ;
#1802 = CARTESIAN_POINT ( 'NONE',  ( -0.5619999828771986561, 0.2809999574765543184, -0.2045999999999998098 ) ) ;
#1803 = CARTESIAN_POINT ( 'NONE',  ( -0.3838435821108956980, -1.277943577964159211E-15, -0.2153999999999998416 ) ) ;
#1804 = ORIENTED_EDGE ( 'NONE', *, *, #1858, .F. ) ;
#1805 = EDGE_CURVE ( 'NONE', #2685, #2630, #2819, .T. ) ;
#1806 = ORIENTED_EDGE ( 'NONE', *, *, #3270, .F. ) ;
#1807 = DIRECTION ( 'NONE',  ( 0.000000000000000000, 2.449293598294706907E-16, -1.000000000000000000 ) ) ;
#1808 = DIRECTION ( 'NONE',  ( 1.000000000000000000, 0.000000000000000000, 0.000000000000000000 ) ) ;
#1809 = EDGE_CURVE ( 'NONE', #555, #1859, #3129, .T. ) ;
#1810 = ORIENTED_EDGE ( 'NONE', *, *, #2008, .T. ) ;
#1811 = CARTESIAN_POINT ( 'NONE',  ( -0.3838435821108956980, -1.274930946838256751E-15, -0.2399999999999998246 ) ) ;
#1812 = CARTESIAN_POINT ( 'NONE',  ( 0.2990719639494843207, 0.2990719373760338251, -0.2045999999999996988 ) ) ;
#1813 = CIRCLE ( 'NONE', #123, 0.05999999999997641248 ) ;
#1814 = EDGE_CURVE ( 'NONE', #2510, #687, #17, .T. ) ;
#1815 = ORIENTED_EDGE ( 'NONE', *, *, #2488, .T. ) ;
#1816 = CARTESIAN_POINT ( 'NONE',  ( 0.1714716604560198865, -0.4382533497672274070, 0.2045999999999997543 ) ) ;
#1817 = DIRECTION ( 'NONE',  ( 1.224646799147353454E-16, 1.224646799147357891E-16, -1.000000000000000000 ) ) ;
#1818 = DIRECTION ( 'NONE',  ( 0.9976462080791005382, -0.06857144817919698376, -8.672535793101500008E-16 ) ) ;
#1819 = AXIS2_PLACEMENT_3D ( 'NONE', #2347, #3249, #897 ) ;
#1820 = CARTESIAN_POINT ( 'NONE',  ( -0.5188539923857715674, 0.1304436069163441014, 0.2099999999999997424 ) ) ;
#1821 = ORIENTED_EDGE ( 'NONE', *, *, #543, .F. ) ;
#1822 = CIRCLE ( 'NONE', #2695, 0.1574516087527653707 ) ;
#1823 = DIRECTION ( 'NONE',  ( 1.499759782661863903E-32, -1.000000000000000000, -1.224646799147357891E-16 ) ) ;
#1824 = AXIS2_PLACEMENT_3D ( 'NONE', #583, #876, #1796 ) ;
#1825 = AXIS2_PLACEMENT_3D ( 'NONE', #2160, #1293, #3656 ) ;
#1826 = AXIS2_PLACEMENT_3D ( 'NONE', #1376, #1317, #2803 ) ;
#1827 = ORIENTED_EDGE ( 'NONE', *, *, #2261, .F. ) ;
#1828 = CIRCLE ( 'NONE', #760, 0.005399999999999994214 ) ;
#1829 = DIRECTION ( 'NONE',  ( 0.3735233203159089577, 0.9276207895364241285, 0.000000000000000000 ) ) ;
#1830 = AXIS2_PLACEMENT_3D ( 'NONE', #1847, #396, #1040 ) ;
#1831 = DIRECTION ( 'NONE',  ( 1.000000000000000000, -1.499759782661863629E-32, 1.224646799147353454E-16 ) ) ;
#1832 = AXIS2_PLACEMENT_3D ( 'NONE', #3558, #3034, #578 ) ;
#1833 = TOROIDAL_SURFACE ( 'NONE', #145, 0.07061769145362389866, 0.005400000000000000286 ) ;
#1834 = EDGE_LOOP ( 'NONE', ( #2177, #2905, #2247, #1658, #3625 ) ) ;
#1835 = DIRECTION ( 'NONE',  ( -1.224646799147353454E-16, -1.224646799147357891E-16, 1.000000000000000000 ) ) ;
#1836 = EDGE_CURVE ( 'NONE', #2163, #2685, #2266, .T. ) ;
#1837 = FACE_OUTER_BOUND ( 'NONE', #3297, .T. ) ;
#1838 = AXIS2_PLACEMENT_3D ( 'NONE', #2832, #782, #3764 ) ;
#1839 = ORIENTED_EDGE ( 'NONE', *, *, #99, .F. ) ;
#1840 = AXIS2_PLACEMENT_3D ( 'NONE', #1812, #2383, #232 ) ;
#1841 = DIRECTION ( 'NONE',  ( 5.406782487462646465E-15, -1.000000000000000000, 0.000000000000000000 ) ) ;
#1842 = DIRECTION ( 'NONE',  ( 1.224646799147353454E-16, 1.224646799147357891E-16, -1.000000000000000000 ) ) ;
#1843 = ADVANCED_FACE ( 'NONE', ( #3229 ), #1708, .T. ) ;
#1844 = AXIS2_PLACEMENT_3D ( 'NONE', #697, #328, #663 ) ;
#1845 = FACE_OUTER_BOUND ( 'NONE', #991, .T. ) ;
#1846 = ORIENTED_EDGE ( 'NONE', *, *, #3867, .T. ) ;
#1847 = CARTESIAN_POINT ( 'NONE',  ( 0.3838435821108957535, 3.967633726638626077E-15, 0.2153999999999998138 ) ) ;
#1848 = ADVANCED_FACE ( 'NONE', ( #1122 ), #340, .T. ) ;
#1849 = TOROIDAL_SURFACE ( 'NONE', #910, 0.07061769145362394029, 0.005400000000000000286 ) ;
#1850 = ORIENTED_EDGE ( 'NONE', *, *, #1696, .T. ) ;
#1851 = CARTESIAN_POINT ( 'NONE',  ( -0.2810000425229111642, 0.5620000171226632313, -0.2099999999999997424 ) ) ;
#1852 = DIRECTION ( 'NONE',  ( -8.537024980204168560E-16, -1.000000000000000000, 0.000000000000000000 ) ) ;
#1853 = AXIS2_PLACEMENT_3D ( 'NONE', #299, #235, #1475 ) ;
#1854 = ORIENTED_EDGE ( 'NONE', *, *, #2871, .T. ) ;
#1855 = EDGE_LOOP ( 'NONE', ( #3773, #466 ) ) ;
#1856 = DIRECTION ( 'NONE',  ( -0.5000000000000012212, -7.535726841438884545E-31, 0.8660254037844379305 ) ) ;
#1857 = DIRECTION ( 'NONE',  ( 0.000000000000000000, 2.449293598294706907E-16, -1.000000000000000000 ) ) ;
#1858 = EDGE_CURVE ( 'NONE', #3257, #124, #1142, .T. ) ;
#1859 = VERTEX_POINT ( 'NONE', #2627 ) ;
#1860 = FACE_OUTER_BOUND ( 'NONE', #1574, .T. ) ;
#1861 = CARTESIAN_POINT ( 'NONE',  ( -0.5619999828771987671, 0.2809999574765542629, 0.2099999999999997702 ) ) ;
#1862 = DIRECTION ( 'NONE',  ( 1.224646799147353454E-16, 1.224646799147357891E-16, -1.000000000000000000 ) ) ;
#1863 = PRODUCT_RELATED_PRODUCT_CATEGORY ( 'part', '', ( #1533 ) ) ;
#1864 = LENGTH_MEASURE_WITH_UNIT ( LENGTH_MEASURE( 0.02539999999999999897 ), #3554 );
#1865 = ORIENTED_EDGE ( 'NONE', *, *, #2103, .T. ) ;
#1866 = CARTESIAN_POINT ( 'NONE',  ( 0.3838435821108964752, -0.06749999999999600764, 0.2099999999999997424 ) ) ;
#1867 = EDGE_CURVE ( 'NONE', #3309, #3266, #768, .T. ) ;
#1868 = ORIENTED_EDGE ( 'NONE', *, *, #212, .T. ) ;
#1869 = DIRECTION ( 'NONE',  ( 1.000000000000000000, -1.224646799147353454E-16, 1.224646799147353207E-16 ) ) ;
#1870 = CARTESIAN_POINT ( 'NONE',  ( 0.4606647595948676344, -0.1158144173556351630, -0.2099999999999997424 ) ) ;
#1871 = VERTEX_POINT ( 'NONE', #2610 ) ;
#1872 = EDGE_LOOP ( 'NONE', ( #1401, #2002, #3663, #3328, #3176 ) ) ;
#1873 = DIRECTION ( 'NONE',  ( -1.224646799147353454E-16, -1.224646799147357891E-16, 1.000000000000000000 ) ) ;
#1874 = CARTESIAN_POINT ( 'NONE',  ( -0.1664625124643066556, -0.4402703863056262601, 0.2099999999999997147 ) ) ;
#1875 = EDGE_LOOP ( 'NONE', ( #432, #2290, #2353, #2990 ) ) ;
#1876 = CARTESIAN_POINT ( 'NONE',  ( 0.3098686222063580797, -0.1419909635213307264, -0.2045999999999997543 ) ) ;
#1877 = DIRECTION ( 'NONE',  ( -4.372185065911658095E-33, -1.000000000000000000, -1.224646799147357891E-16 ) ) ;
#1878 = DIRECTION ( 'NONE',  ( 1.224646799147353454E-16, 1.224646799147357891E-16, -1.000000000000000000 ) ) ;
#1879 = VERTEX_POINT ( 'NONE', #3542 ) ;
#1880 = CARTESIAN_POINT ( 'NONE',  ( 0.1158144173556400064, -0.4606647595948664686, 0.2099999999999997424 ) ) ;
#1881 = ORIENTED_EDGE ( 'NONE', *, *, #3351, .T. ) ;
#1882 = VERTEX_POINT ( 'NONE', #1440 ) ;
#1883 = DIRECTION ( 'NONE',  ( -0.5000000000000012212, -1.508827077876142526E-16, 0.8660254037844379305 ) ) ;
#1884 = CYLINDRICAL_SURFACE ( 'NONE', #2256, 0.05999999999997646105 ) ;
#1885 = CIRCLE ( 'NONE', #196, 0.005400000000000029776 ) ;
#1886 = EDGE_CURVE ( 'NONE', #1407, #2213, #335, .T. ) ;
#1887 = CIRCLE ( 'NONE', #1454, 0.06594115427318794631 ) ;
#1888 = EDGE_LOOP ( 'NONE', ( #89, #1354, #711, #2092, #2851 ) ) ;
#1889 = CIRCLE ( 'NONE', #704, 0.05017949192431114813 ) ;
#1890 = DIRECTION ( 'NONE',  ( -0.000000000000000000, -0.000000000000000000, -1.000000000000000000 ) ) ;
#1891 = CARTESIAN_POINT ( 'NONE',  ( 0.5136169614345890144, -0.1291269798558765669, 0.2045999999999998098 ) ) ;
#1892 = DIRECTION ( 'NONE',  ( -0.000000000000000000, -0.000000000000000000, -1.000000000000000000 ) ) ;
#1893 = CIRCLE ( 'NONE', #200, 0.4210000000000291287 ) ;
#1894 = EDGE_CURVE ( 'NONE', #3090, #3266, #3610, .T. ) ;
#1895 = AXIS2_PLACEMENT_3D ( 'NONE', #1595, #2758, #2214 ) ;
#1896 = ORIENTED_EDGE ( 'NONE', *, *, #1894, .F. ) ;
#1897 = DIRECTION ( 'NONE',  ( 0.3735234971274721816, -0.9276207183400245748, 0.000000000000000000 ) ) ;
#1898 = CIRCLE ( 'NONE', #82, 0.4210000000000291842 ) ;
#1899 = DIRECTION ( 'NONE',  ( 1.224646799147353454E-16, 1.224646799147357891E-16, -1.000000000000000000 ) ) ;
#1900 = TOROIDAL_SURFACE ( 'NONE', #2401, 0.05459999999997639658, 0.005400000000000000286 ) ;
#1901 = DIRECTION ( 'NONE',  ( -0.000000000000000000, -0.000000000000000000, -1.000000000000000000 ) ) ;
#1902 = ORIENTED_EDGE ( 'NONE', *, *, #3575, .T. ) ;
#1903 = CARTESIAN_POINT ( 'NONE',  ( -0.1758144173556164258, 0.4606647595948664131, 0.2099999999999997702 ) ) ;
#1904 = CIRCLE ( 'NONE', #3765, 0.1628516087527653866 ) ;
#1905 = EDGE_CURVE ( 'NONE', #1234, #149, #1394, .T. ) ;
#1906 = AXIS2_PLACEMENT_3D ( 'NONE', #858, #291, #3559 ) ;
#1907 = ORIENTED_EDGE ( 'NONE', *, *, #3139, .F. ) ;
#1908 = DIRECTION ( 'NONE',  ( 0.000000000000000000, -1.000000000000000000, 0.000000000000000000 ) ) ;
#1909 = DIRECTION ( 'NONE',  ( 1.499759782661863629E-32, -1.000000000000000000, -1.224646799147357891E-16 ) ) ;
#1910 = CIRCLE ( 'NONE', #850, 0.4210000000000291842 ) ;
#1911 = VERTEX_POINT ( 'NONE', #3011 ) ;
#1912 = DIRECTION ( 'NONE',  ( -0.9976461789686440484, -0.06857187170600211046, 0.000000000000000000 ) ) ;
#1913 = DIRECTION ( 'NONE',  ( -1.224646799147353454E-16, -1.224646799147357891E-16, 1.000000000000000000 ) ) ;
#1914 = DIRECTION ( 'NONE',  ( 0.000000000000000000, -1.000000000000000000, 0.000000000000000000 ) ) ;
#1915 = CIRCLE ( 'NONE', #225, 0.05459999999997638270 ) ;
#1916 = ORIENTED_EDGE ( 'NONE', *, *, #1000, .T. ) ;
#1917 = EDGE_CURVE ( 'NONE', #2293, #14, #1957, .T. ) ;
#1918 = DIRECTION ( 'NONE',  ( 0.000000000000000000, -1.000000000000000000, 0.000000000000000000 ) ) ;
#1919 = DIRECTION ( 'NONE',  ( 1.499759782661863629E-32, -1.000000000000000000, -1.224646799147357891E-16 ) ) ;
#1920 = DIRECTION ( 'NONE',  ( -1.224646799147353454E-16, -1.224646799147357891E-16, 1.000000000000000000 ) ) ;
#1921 = DIRECTION ( 'NONE',  ( -2.449293598294706907E-16, -2.449293598294715782E-16, 1.000000000000000000 ) ) ;
#1922 = EDGE_LOOP ( 'NONE', ( #2608, #2296, #645, #3318, #2861 ) ) ;
#1923 = DIRECTION ( 'NONE',  ( 0.000000000000000000, -1.000000000000000000, 0.000000000000000000 ) ) ;
#1924 = ORIENTED_EDGE ( 'NONE', *, *, #1652, .T. ) ;
#1925 = DIRECTION ( 'NONE',  ( -1.224646799147353454E-16, -1.224646799147357891E-16, 1.000000000000000000 ) ) ;
#1926 = ORIENTED_EDGE ( 'NONE', *, *, #1673, .T. ) ;
#1927 = CARTESIAN_POINT ( 'NONE',  ( 4.483906157305651322E-17, 0.4544612735645197077, 0.2099999999999997979 ) ) ;
#1928 = EDGE_CURVE ( 'NONE', #238, #3863, #330, .T. ) ;
#1929 = DIRECTION ( 'NONE',  ( 1.224646799147353454E-16, 1.224646799147357891E-16, -1.000000000000000000 ) ) ;
#1930 = CARTESIAN_POINT ( 'NONE',  ( -0.5188539923857715674, 0.1304436069163441569, -0.2045999999999998376 ) ) ;
#1931 = ORIENTED_EDGE ( 'NONE', *, *, #2455, .F. ) ;
#1932 = FACE_OUTER_BOUND ( 'NONE', #1684, .T. ) ;
#1933 = DIRECTION ( 'NONE',  ( -0.9276207895364242395, 0.3735233203159090132, -1.357147384193102975E-16 ) ) ;
#1934 = EDGE_CURVE ( 'NONE', #2732, #2853, #2025, .T. ) ;
#1935 = DIRECTION ( 'NONE',  ( 0.2438198260118601135, -0.9698205465154604576, 0.000000000000000000 ) ) ;
#1936 = DIRECTION ( 'NONE',  ( -9.857654123112518610E-33, -1.000000000000000000, -1.224646799147357891E-16 ) ) ;
#1937 = VERTEX_POINT ( 'NONE', #813 ) ;
#1938 = DIRECTION ( 'NONE',  ( -1.224646799147353454E-16, -1.224646799147357891E-16, 1.000000000000000000 ) ) ;
#1939 = EDGE_CURVE ( 'NONE', #1322, #405, #2085, .T. ) ;
#1940 = TOROIDAL_SURFACE ( 'NONE', #250, 0.05459999999997639658, 0.005400000000000000286 ) ;
#1941 = ORIENTED_EDGE ( 'NONE', *, *, #2229, .F. ) ;
#1942 = DIRECTION ( 'NONE',  ( 0.9276207183400299039, 0.3735234971274590809, 0.000000000000000000 ) ) ;
#1943 = EDGE_CURVE ( 'NONE', #238, #3577, #1770, .T. ) ;
#1944 = DIRECTION ( 'NONE',  ( -0.5000000000000009992, -6.123233995736778362E-17, -0.8660254037844380415 ) ) ;
#1945 = ORIENTED_EDGE ( 'NONE', *, *, #2244, .T. ) ;
#1946 = AXIS2_PLACEMENT_3D ( 'NONE', #1231, #934, #371 ) ;
#1947 = EDGE_LOOP ( 'NONE', ( #1632, #1045, #1554, #3486, #665 ) ) ;
#1948 = DIRECTION ( 'NONE',  ( 1.224646799147353454E-16, 1.224646799147357891E-16, -1.000000000000000000 ) ) ;
#1949 = CIRCLE ( 'NONE', #3493, 0.4210000000000291842 ) ;
#1950 = CARTESIAN_POINT ( 'NONE',  ( 0.2990719639494843207, 0.1362203286232684663, -0.2045999999999997543 ) ) ;
#1951 = VECTOR ( 'NONE', #3779, 39.37007874015748143 ) ;
#1952 = CIRCLE ( 'NONE', #266, 0.1574516087527653707 ) ;
#1953 = VERTEX_POINT ( 'NONE', #243 ) ;
#1954 = DIRECTION ( 'NONE',  ( 0.000000000000000000, -1.000000000000000000, -2.168799683363257457E-16 ) ) ;
#1955 = AXIS2_PLACEMENT_3D ( 'NONE', #3457, #1672, #1396 ) ;
#1956 = CARTESIAN_POINT ( 'NONE',  ( -0.4606647595948659690, -0.1158144173556416440, 0.2099999999999997147 ) ) ;
#1957 = CIRCLE ( 'NONE', #2703, 0.07061769145362392641 ) ;
#1958 = AXIS2_PLACEMENT_3D ( 'NONE', #1969, #3206, #240 ) ;
#1959 = CIRCLE ( 'NONE', #2088, 0.4210000000000291842 ) ;
#1960 = DIRECTION ( 'NONE',  ( -4.372185065911658095E-33, -1.000000000000000000, -1.224646799147357891E-16 ) ) ;
#1961 = CARTESIAN_POINT ( 'NONE',  ( -0.4606647595948659135, -0.1158144173556415885, -0.2099999999999998535 ) ) ;
#1962 = ORIENTED_EDGE ( 'NONE', *, *, #2097, .T. ) ;
#1963 = EDGE_CURVE ( 'NONE', #2493, #308, #76, .T. ) ;
#1964 = CARTESIAN_POINT ( 'NONE',  ( -0.3838435821108957535, 0.07061769145362260802, 0.2153999999999997306 ) ) ;
#1965 = CIRCLE ( 'NONE', #460, 0.4264000000000292001 ) ;
#1966 = ORIENTED_EDGE ( 'NONE', *, *, #2420, .F. ) ;
#1967 = TOROIDAL_SURFACE ( 'NONE', #87, 0.07061769145362389866, 0.005400000000000000286 ) ;
#1968 = EDGE_CURVE ( 'NONE', #715, #3414, #3696, .T. ) ;
#1969 = CARTESIAN_POINT ( 'NONE',  ( 0.1291269798558818960, 0.5136169614345876822, 0.2045999999999998376 ) ) ;
#1970 = CIRCLE ( 'NONE', #3393, 0.005400000000000005490 ) ;
#1971 = ORIENTED_EDGE ( 'NONE', *, *, #3419, .F. ) ;
#1972 = DIRECTION ( 'NONE',  ( -1.224646799147353454E-16, -1.224646799147357891E-16, 1.000000000000000000 ) ) ;
#1973 = DIRECTION ( 'NONE',  ( 1.088830471932589369E-14, -1.000000000000000000, 0.000000000000000000 ) ) ;
#1974 = DIRECTION ( 'NONE',  ( 1.000000000000000000, -1.499759782661863629E-32, 1.224646799147353454E-16 ) ) ;
#1975 = CIRCLE ( 'NONE', #2596, 0.005400000000000004623 ) ;
#1976 = ORIENTED_EDGE ( 'NONE', *, *, #2745, .F. ) ;
#1977 = EDGE_CURVE ( 'NONE', #1387, #1616, #3008, .T. ) ;
#1978 = CARTESIAN_POINT ( 'NONE',  ( 0.3838435821108957535, 3.958970295185488477E-15, 0.2099999999999997424 ) ) ;
#1979 = CARTESIAN_POINT ( 'NONE',  ( -0.5136169614345871270, -0.1291269798558837556, 0.2099999999999997147 ) ) ;
#1980 = CIRCLE ( 'NONE', #977, 0.05017949192431114813 ) ;
#1981 = CARTESIAN_POINT ( 'NONE',  ( 0.1416203551967189223, 0.2990719373760338251, 0.2099999999999997702 ) ) ;
#1982 = DIRECTION ( 'NONE',  ( 1.224646799147353454E-16, 1.224646799147357891E-16, -1.000000000000000000 ) ) ;
#1983 = ORIENTED_EDGE ( 'NONE', *, *, #2829, .T. ) ;
#1984 = DIRECTION ( 'NONE',  ( 0.000000000000000000, 2.449293598294706907E-16, -1.000000000000000000 ) ) ;
#1985 = ADVANCED_FACE ( 'NONE', ( #1333 ), #3823, .F. ) ;
#1986 = VERTEX_POINT ( 'NONE', #2527 ) ;
#1987 = FACE_BOUND ( 'NONE', #1855, .T. ) ;
#1988 = EDGE_CURVE ( 'NONE', #687, #1744, #2506, .T. ) ;
#1989 = ORIENTED_EDGE ( 'NONE', *, *, #1000, .F. ) ;
#1990 = CARTESIAN_POINT ( 'NONE',  ( 7.942956380921474247E-17, 0.4497847363840837831, -0.2126999999999997226 ) ) ;
#1991 = CARTESIAN_POINT ( 'NONE',  ( -0.3838435821108959756, 0.06594115427318664180, 0.2126999999999997226 ) ) ;
#1992 = CARTESIAN_POINT ( 'NONE',  ( -0.2809999574765523755, -0.5619999828771996553, 0.2045999999999996710 ) ) ;
#1993 = EDGE_CURVE ( 'NONE', #3257, #230, #3316, .T. ) ;
#1994 = ORIENTED_EDGE ( 'NONE', *, *, #2537, .F. ) ;
#1995 = FACE_OUTER_BOUND ( 'NONE', #435, .T. ) ;
#1996 = CYLINDRICAL_SURFACE ( 'NONE', #3324, 0.1574516087527653707 ) ;
#1997 = EDGE_LOOP ( 'NONE', ( #179, #256, #208, #1281 ) ) ;
#1998 = FACE_OUTER_BOUND ( 'NONE', #2063, .T. ) ;
#1999 = CARTESIAN_POINT ( 'NONE',  ( 0.3838435821108957535, 3.955296354788045760E-15, 0.2399999999999997413 ) ) ;
#2000 = ORIENTED_EDGE ( 'NONE', *, *, #705, .T. ) ;
#2001 = CARTESIAN_POINT ( 'NONE',  ( 0.3102389080265256505, -0.1366036739977035397, 0.2045999999999998098 ) ) ;
#2002 = ORIENTED_EDGE ( 'NONE', *, *, #1364, .F. ) ;
#2003 = ADVANCED_FACE ( 'NONE', ( #3084 ), #3047, .T. ) ;
#2004 = CARTESIAN_POINT ( 'NONE',  ( 8.762605415705971048E-17, 0.3838435821108958090, -0.2099999999999997147 ) ) ;
#2005 = EDGE_LOOP ( 'NONE', ( #3609, #1565, #3179, #3540 ) ) ;
#2006 = CARTESIAN_POINT ( 'NONE',  ( 0.06594115427318797407, 0.3838435821108957535, 0.2126999999999998336 ) ) ;
#2007 = DIRECTION ( 'NONE',  ( 1.707404996040835684E-15, -1.000000000000000000, 0.000000000000000000 ) ) ;
#2008 = EDGE_CURVE ( 'NONE', #94, #621, #2763, .T. ) ;
#2009 = FACE_OUTER_BOUND ( 'NONE', #152, .T. ) ;
#2010 = EDGE_LOOP ( 'NONE', ( #2129, #160, #2340, #1562 ) ) ;
#2011 = AXIS2_PLACEMENT_3D ( 'NONE', #3286, #616, #1808 ) ;
#2012 = CIRCLE ( 'NONE', #1320, 0.4264000000000292001 ) ;
#2013 = CARTESIAN_POINT ( 'NONE',  ( -0.1158144173556399509, 0.4606647595948664686, -0.2045999999999997543 ) ) ;
#2014 = ADVANCED_FACE ( 'NONE', ( #3413 ), #3503, .F. ) ;
#2015 = TOROIDAL_SURFACE ( 'NONE', #2512, 0.4264000000000292001, 0.005400000000000000286 ) ;
#2016 = CIRCLE ( 'NONE', #2391, 0.06594115427318794631 ) ;
#2017 = AXIS2_PLACEMENT_3D ( 'NONE', #2399, #2670, #891 ) ;
#2018 = EDGE_LOOP ( 'NONE', ( #1379, #947, #628, #1881 ) ) ;
#2019 = CARTESIAN_POINT ( 'NONE',  ( 0.3838435821108958090, 4.019730201474354512E-15, -0.2099999999999997147 ) ) ;
#2020 = CARTESIAN_POINT ( 'NONE',  ( 0.5188539923857725666, -0.1304436069163404932, -0.2045999999999996988 ) ) ;
#2021 = EDGE_LOOP ( 'NONE', ( #2310, #2304, #347, #1966, #1557 ) ) ;
#2022 = CIRCLE ( 'NONE', #579, 0.05999999999997640554 ) ;
#2023 = DIRECTION ( 'NONE',  ( -1.224646799147353454E-16, -1.224646799147357891E-16, 1.000000000000000000 ) ) ;
#2024 = AXIS2_PLACEMENT_3D ( 'NONE', #2743, #59, #2452 ) ;
#2025 = CIRCLE ( 'NONE', #3069, 0.005399999999999991612 ) ;
#2026 = EDGE_LOOP ( 'NONE', ( #968, #3227, #2533, #46, #3836 ) ) ;
#2027 = EDGE_CURVE ( 'NONE', #55, #1626, #140, .T. ) ;
#2028 = FACE_OUTER_BOUND ( 'NONE', #1171, .T. ) ;
#2029 = AXIS2_PLACEMENT_3D ( 'NONE', #2047, #2643, #3259 ) ;
#2030 = VECTOR ( 'NONE', #3724, 39.37007874015748143 ) ;
#2031 = PRESENTATION_STYLE_ASSIGNMENT (( #1144 ) ) ;
#2032 = ORIENTED_EDGE ( 'NONE', *, *, #929, .T. ) ;
#2033 = CARTESIAN_POINT ( 'NONE',  ( 0.4606647595948675789, -0.1704144173556116637, 0.2045999999999998098 ) ) ;
#2034 = CARTESIAN_POINT ( 'NONE',  ( 0.1758144173556164258, -0.4606647595948664686, 0.2099999999999996592 ) ) ;
#2035 = DIRECTION ( 'NONE',  ( 1.224646799147353454E-16, -1.224646799147340635E-16, 1.000000000000000000 ) ) ;
#2036 = AXIS2_PLACEMENT_3D ( 'NONE', #2405, #3214, #3847 ) ;
#2037 = ORIENTED_EDGE ( 'NONE', *, *, #1886, .F. ) ;
#2038 = DIRECTION ( 'NONE',  ( -1.224646799147353454E-16, -1.224646799147357891E-16, 1.000000000000000000 ) ) ;
#2039 = DIRECTION ( 'NONE',  ( 0.000000000000000000, 0.000000000000000000, 1.000000000000000000 ) ) ;
#2040 = AXIS2_PLACEMENT_3D ( 'NONE', #1227, #50, #2425 ) ;
#2041 = EDGE_CURVE ( 'NONE', #2957, #148, #3258, .T. ) ;
#2042 = AXIS2_PLACEMENT_3D ( 'NONE', #3793, #2855, #2339 ) ;
#2043 = VERTEX_POINT ( 'NONE', #3359 ) ;
#2044 = DIRECTION ( 'NONE',  ( 1.224646799147353454E-16, 1.224646799147357891E-16, -1.000000000000000000 ) ) ;
#2045 = DIRECTION ( 'NONE',  ( -1.000000000000000000, -1.224646799147352961E-16, -1.224646799147353700E-16 ) ) ;
#2046 = ORIENTED_EDGE ( 'NONE', *, *, #3800, .F. ) ;
#2047 = CARTESIAN_POINT ( 'NONE',  ( -0.3838435821108957535, -1.330370707435657578E-15, 0.2126999999999997226 ) ) ;
#2048 = CIRCLE ( 'NONE', #1099, 0.005400000000000014164 ) ;
#2049 = DIRECTION ( 'NONE',  ( -1.224646799147353454E-16, -1.224646799147357891E-16, 1.000000000000000000 ) ) ;
#2050 = ORIENTED_EDGE ( 'NONE', *, *, #1809, .T. ) ;
#2051 = CARTESIAN_POINT ( 'NONE',  ( -0.3838435821108954760, -0.05017949192431242489, -0.2399999999999998246 ) ) ;
#2052 = APPLICATION_PROTOCOL_DEFINITION ( 'draft international standard', 'automotive_design', 1998, #2710 ) ;
#2053 = ORIENTED_EDGE ( 'NONE', *, *, #2702, .T. ) ;
#2054 = CARTESIAN_POINT ( 'NONE',  ( 0.4402703766517139239, 0.1664625085769882162, 0.2099999999999998535 ) ) ;
#2055 = CARTESIAN_POINT ( 'NONE',  ( 8.828736342859927729E-17, 0.3132258906572719104, -0.2153999999999997028 ) ) ;
#2056 = CARTESIAN_POINT ( 'NONE',  ( 0.4606647595948645812, 0.1758144173556212275, 0.2045999999999998376 ) ) ;
#2057 = EDGE_CURVE ( 'NONE', #2828, #149, #2491, .T. ) ;
#2058 = ORIENTED_EDGE ( 'NONE', *, *, #586, .F. ) ;
#2059 = CARTESIAN_POINT ( 'NONE',  ( -2.505627351055482442E-17, -2.505627351055491686E-17, 0.2045999999999997820 ) ) ;
#2060 = CARTESIAN_POINT ( 'NONE',  ( -0.5188539923857715674, 0.1304436069163441014, 0.2045999999999997543 ) ) ;
#2061 = ORIENTED_EDGE ( 'NONE', *, *, #3407, .T. ) ;
#2062 = DIRECTION ( 'NONE',  ( -0.9976462080790996501, 0.06857144817920955704, 0.000000000000000000 ) ) ;
#2063 = EDGE_LOOP ( 'NONE', ( #3412, #3680 ) ) ;
#2064 = FACE_OUTER_BOUND ( 'NONE', #487, .T. ) ;
#2065 = EDGE_CURVE ( 'NONE', #1882, #1911, #270, .T. ) ;
#2066 = CARTESIAN_POINT ( 'NONE',  ( 0.2990719639494843207, 0.1362203286232684385, 0.2045999999999998098 ) ) ;
#2067 = ORIENTED_EDGE ( 'NONE', *, *, #2244, .F. ) ;
#2068 = EDGE_LOOP ( 'NONE', ( #3241, #564, #398, #1109, #907 ) ) ;
#2069 = CARTESIAN_POINT ( 'NONE',  ( 0.2990719639494843762, 0.2990719373760338806, -0.2099999999999997147 ) ) ;
#2070 = CARTESIAN_POINT ( 'NONE',  ( 1.557493160708761623E-17, -0.3838435821108957535, -0.2099999999999997702 ) ) ;
#2071 = EDGE_LOOP ( 'NONE', ( #2650, #1528, #1747, #3855 ) ) ;
#2072 = CARTESIAN_POINT ( 'NONE',  ( -0.1158144173556399509, 0.4606647595948664686, -0.2045999999999997543 ) ) ;
#2073 = ORIENTED_EDGE ( 'NONE', *, *, #3637, .F. ) ;
#2074 = CARTESIAN_POINT ( 'NONE',  ( 0.1366036739977067871, 0.3102389080265242072, 0.2045999999999998376 ) ) ;
#2075 = PLANE ( 'NONE',  #1853 ) ;
#2076 = EDGE_LOOP ( 'NONE', ( #3025, #738 ) ) ;
#2077 = CARTESIAN_POINT ( 'NONE',  ( -0.3102389080265246513, 0.1366036739977057879, 0.2045999999999997543 ) ) ;
#2078 = AXIS2_PLACEMENT_3D ( 'NONE', #1542, #1252, #2454 ) ;
#2079 = CIRCLE ( 'NONE', #2635, 0.05999999999997646105 ) ;
#2080 = VECTOR ( 'NONE', #1856, 39.37007874015748143 ) ;
#2081 = EDGE_CURVE ( 'NONE', #1587, #55, #2162, .T. ) ;
#2082 = FACE_OUTER_BOUND ( 'NONE', #2992, .T. ) ;
#2083 = ORIENTED_EDGE ( 'NONE', *, *, #1809, .F. ) ;
#2084 = AXIS2_PLACEMENT_3D ( 'NONE', #42, #3300, #1235 ) ;
#2085 = CIRCLE ( 'NONE', #1078, 0.05459999999997646597 ) ;
#2086 = EDGE_CURVE ( 'NONE', #3518, #1773, #373, .T. ) ;
#2087 = EDGE_LOOP ( 'NONE', ( #3832, #860, #3284, #492 ) ) ;
#2088 = AXIS2_PLACEMENT_3D ( 'NONE', #1802, #3536, #3853 ) ;
#2089 = CARTESIAN_POINT ( 'NONE',  ( 0.2990719639494843207, 0.2990719373760338251, 0.2099999999999997702 ) ) ;
#2090 = CARTESIAN_POINT ( 'NONE',  ( 8.795670879282951854E-17, 0.3838435821108958090, -0.2126999999999997226 ) ) ;
#2091 = CIRCLE ( 'NONE', #3578, 0.005400000000000026307 ) ;
#2092 = ORIENTED_EDGE ( 'NONE', *, *, #2606, .F. ) ;
#2093 = CARTESIAN_POINT ( 'NONE',  ( -0.4402703863056267042, 0.1664625124643052956, -0.2099999999999997979 ) ) ;
#2094 = AXIS2_PLACEMENT_3D ( 'NONE', #3861, #1127, #3273 ) ;
#2095 = CARTESIAN_POINT ( 'NONE',  ( -0.2990719373760348798, 0.1362203551967178794, -0.2045999999999998098 ) ) ;
#2096 = CIRCLE ( 'NONE', #780, 0.005399999999999995949 ) ;
#2097 = EDGE_CURVE ( 'NONE', #1426, #2369, #2453, .T. ) ;
#2098 = ORIENTED_EDGE ( 'NONE', *, *, #239, .T. ) ;
#2099 = DIRECTION ( 'NONE',  ( -1.224646799147353454E-16, 1.224646799147340635E-16, -1.000000000000000000 ) ) ;
#2100 = CARTESIAN_POINT ( 'NONE',  ( 0.2990719373760369892, -0.2990719639494812121, 0.2045999999999997820 ) ) ;
#2101 = FACE_OUTER_BOUND ( 'NONE', #2068, .T. ) ;
#2102 = VECTOR ( 'NONE', #3830, 39.37007874015748143 ) ;
#2103 = EDGE_CURVE ( 'NONE', #2638, #3483, #203, .T. ) ;
#2104 = DIRECTION ( 'NONE',  ( -6.358082537461265385E-34, -1.000000000000000000, -1.224646799147357891E-16 ) ) ;
#2105 = VERTEX_POINT ( 'NONE', #3690 ) ;
#2106 = AXIS2_PLACEMENT_3D ( 'NONE', #1368, #2246, #762 ) ;
#2107 = ORIENTED_EDGE ( 'NONE', *, *, #2086, .F. ) ;
#2108 = DIRECTION ( 'NONE',  ( 0.000000000000000000, -1.000000000000000000, 0.000000000000000000 ) ) ;
#2109 = DIRECTION ( 'NONE',  ( -1.224646799147354440E-16, 0.000000000000000000, 1.000000000000000000 ) ) ;
#2110 = EDGE_CURVE ( 'NONE', #1879, #94, #103, .T. ) ;
#2111 = ORIENTED_EDGE ( 'NONE', *, *, #2841, .T. ) ;
#2112 = DIRECTION ( 'NONE',  ( 1.224646799147353454E-16, 1.224646799147357891E-16, -1.000000000000000000 ) ) ;
#2113 = CYLINDRICAL_SURFACE ( 'NONE', #2094, 0.1574516087527653707 ) ;
#2114 = ORIENTED_EDGE ( 'NONE', *, *, #1101, .F. ) ;
#2115 = DIRECTION ( 'NONE',  ( 0.3735234971274700166, -0.9276207183400255740, 0.000000000000000000 ) ) ;
#2116 = CARTESIAN_POINT ( 'NONE',  ( 0.5188539923857697911, 0.1304436069163513734, 0.2099999999999997424 ) ) ;
#2117 = CARTESIAN_POINT ( 'NONE',  ( 3.619088859287092804E-17, 0.3132258906572718549, 0.2099999999999997979 ) ) ;
#2118 = DIRECTION ( 'NONE',  ( 1.224646799147353454E-16, 1.224646799147357891E-16, -1.000000000000000000 ) ) ;
#2119 = EDGE_LOOP ( 'NONE', ( #1976, #1278, #1115, #1215 ) ) ;
#2120 = CARTESIAN_POINT ( 'NONE',  ( -0.4606647595948659690, -0.1158144173556416440, 0.2045999999999996988 ) ) ;
#2121 = EDGE_CURVE ( 'NONE', #3010, #3262, #706, .T. ) ;
#2122 = ORIENTED_EDGE ( 'NONE', *, *, #2097, .F. ) ;
#2123 = FACE_OUTER_BOUND ( 'NONE', #2071, .T. ) ;
#2124 = DIRECTION ( 'NONE',  ( 0.000000000000000000, -1.000000000000000000, 0.000000000000000000 ) ) ;
#2125 = ORIENTED_EDGE ( 'NONE', *, *, #623, .T. ) ;
#2126 = ADVANCED_FACE ( 'NONE', ( #3375 ), #1643, .T. ) ;
#2127 = DIRECTION ( 'NONE',  ( 0.000000000000000000, -1.000000000000000000, -2.168799683363256718E-16 ) ) ;
#2128 = DIRECTION ( 'NONE',  ( -1.224646799147353454E-16, 1.224646799147340635E-16, -1.000000000000000000 ) ) ;
#2129 = ORIENTED_EDGE ( 'NONE', *, *, #404, .T. ) ;
#2130 = DIRECTION ( 'NONE',  ( 1.000000000000000000, -1.224646799147353454E-16, 1.224646799147353207E-16 ) ) ;
#2131 = EDGE_CURVE ( 'NONE', #25, #1234, #454, .T. ) ;
#2132 = DIRECTION ( 'NONE',  ( -1.224646799147353454E-16, -1.224646799147357891E-16, 1.000000000000000000 ) ) ;
#2133 = DIRECTION ( 'NONE',  ( 0.000000000000000000, -1.000000000000000000, -2.168799683363256718E-16 ) ) ;
#2134 = TOROIDAL_SURFACE ( 'NONE', #3816, 0.5295999999999999597, 0.005400000000000000286 ) ;
#2135 = CYLINDRICAL_SURFACE ( 'NONE', #443, 0.05999999999997646105 ) ;
#2136 = ORIENTED_EDGE ( 'NONE', *, *, #575, .T. ) ;
#2137 = AXIS2_PLACEMENT_3D ( 'NONE', #1599, #633, #106 ) ;
#2138 = DIRECTION ( 'NONE',  ( 0.000000000000000000, 0.000000000000000000, 1.000000000000000000 ) ) ;
#2139 = CIRCLE ( 'NONE', #3685, 0.05999999999997646105 ) ;
#2140 = AXIS2_PLACEMENT_3D ( 'NONE', #1245, #2795, #2504 ) ;
#2141 = AXIS2_PLACEMENT_3D ( 'NONE', #1062, #1003, #1676 ) ;
#2142 = ADVANCED_FACE ( 'NONE', ( #533 ), #3509, .T. ) ;
#2143 = ORIENTED_EDGE ( 'NONE', *, *, #1139, .F. ) ;
#2144 = AXIS2_PLACEMENT_3D ( 'NONE', #2918, #2626, #3166 ) ;
#2145 = VECTOR ( 'NONE', #3672, 39.37007874015748143 ) ;
#2146 = CARTESIAN_POINT ( 'NONE',  ( 0.4606647595948645812, 0.1758144173556211998, 0.2099999999999997424 ) ) ;
#2147 = TOROIDAL_SURFACE ( 'NONE', #13, 0.4264000000000292001, 0.005400000000000000286 ) ;
#2148 = CIRCLE ( 'NONE', #1590, 0.5295999999999999597 ) ;
#2149 = ORIENTED_EDGE ( 'NONE', *, *, #1170, .F. ) ;
#2150 = ORIENTED_EDGE ( 'NONE', *, *, #1763, .T. ) ;
#2151 = CARTESIAN_POINT ( 'NONE',  ( 0.3838435821108963086, -0.05017949192430719990, 0.2399999999999997413 ) ) ;
#2152 = CARTESIAN_POINT ( 'NONE',  ( 0.3838435821108957535, 3.958639640549718546E-15, 0.2126999999999998336 ) ) ;
#2153 = CIRCLE ( 'NONE', #773, 0.5295999999999999597 ) ;
#2154 = ORIENTED_EDGE ( 'NONE', *, *, #1556, .T. ) ;
#2155 = AXIS2_PLACEMENT_3D ( 'NONE', #247, #2984, #3826 ) ;
#2156 = DIRECTION ( 'NONE',  ( 0.000000000000000000, 1.000000000000000000, 0.000000000000000000 ) ) ;
#2157 = CARTESIAN_POINT ( 'NONE',  ( -0.1304436069163459611, 0.5188539923857711234, 0.2099999999999997702 ) ) ;
#2158 = CIRCLE ( 'NONE', #3584, 0.1574516087527653707 ) ;
#2159 = EDGE_CURVE ( 'NONE', #1773, #1387, #2397, .T. ) ;
#2160 = CARTESIAN_POINT ( 'NONE',  ( 0.5136169614345862389, 0.1291269798558872528, 0.2045999999999998376 ) ) ;
#2161 = VERTEX_POINT ( 'NONE', #765 ) ;
#2162 = LINE ( 'NONE', #1866, #1586 ) ;
#2163 = VERTEX_POINT ( 'NONE', #3144 ) ;
#2164 = CARTESIAN_POINT ( 'NONE',  ( 0.1291269798558819515, 0.5136169614345876822, -0.2099999999999996592 ) ) ;
#2165 = DIRECTION ( 'NONE',  ( 1.224646799147353454E-16, 1.224646799147357891E-16, -1.000000000000000000 ) ) ;
#2166 = ORIENTED_EDGE ( 'NONE', *, *, #1097, .F. ) ;
#2167 = ORIENTED_EDGE ( 'NONE', *, *, #1050, .T. ) ;
#2168 = CARTESIAN_POINT ( 'NONE',  ( -0.2990719373760343247, 0.1416203551967178675, -0.2045999999999998098 ) ) ;
#2169 = DIRECTION ( 'NONE',  ( 1.224646799147353454E-16, 1.224646799147357891E-16, -1.000000000000000000 ) ) ;
#2170 = VERTEX_POINT ( 'NONE', #2891 ) ;
#2171 = CARTESIAN_POINT ( 'NONE',  ( 0.5136169614345863499, 0.1291269798558873083, -0.2099999999999996592 ) ) ;
#2172 = CARTESIAN_POINT ( 'NONE',  ( -0.4606647595948659690, -0.1158144173556416440, 0.2045999999999996988 ) ) ;
#2173 = DIRECTION ( 'NONE',  ( -6.358082537461265385E-34, -1.000000000000000000, -1.224646799147357891E-16 ) ) ;
#2174 = ORIENTED_EDGE ( 'NONE', *, *, #1814, .T. ) ;
#2175 = ADVANCED_FACE ( 'NONE', ( #3177 ), #1646, .T. ) ;
#2176 = CARTESIAN_POINT ( 'NONE',  ( 0.06749999999999993505, -0.3838435821108958090, 0.2099999999999996592 ) ) ;
#2177 = ORIENTED_EDGE ( 'NONE', *, *, #290, .T. ) ;
#2178 = ADVANCED_FACE ( 'NONE', ( #1433 ), #3473, .T. ) ;
#2179 = CARTESIAN_POINT ( 'NONE',  ( 0.4606647595948675789, -0.1704144173556116637, 0.2099999999999997979 ) ) ;
#2180 = DIRECTION ( 'NONE',  ( 1.000000000000000000, 0.000000000000000000, 0.000000000000000000 ) ) ;
#2181 = EDGE_LOOP ( 'NONE', ( #1850, #694, #2474, #678 ) ) ;
#2182 = ORIENTED_EDGE ( 'NONE', *, *, #2773, .F. ) ;
#2183 = DIRECTION ( 'NONE',  ( 1.224646799147353454E-16, 1.224646799147357891E-16, -1.000000000000000000 ) ) ;
#2184 = EDGE_CURVE ( 'NONE', #2286, #2782, #1207, .T. ) ;
#2185 = CYLINDRICAL_SURFACE ( 'NONE', #2276, 0.1574516087527653707 ) ;
#2186 = EDGE_LOOP ( 'NONE', ( #2329, #3060, #1042, #973 ) ) ;
#2187 = EDGE_CURVE ( 'NONE', #2917, #3262, #3321, .T. ) ;
#2188 = DIRECTION ( 'NONE',  ( -1.224646799147353454E-16, -1.224646799147357891E-16, 1.000000000000000000 ) ) ;
#2189 = ADVANCED_FACE ( 'NONE', ( #1392 ), #2619, .F. ) ;
#2190 = CARTESIAN_POINT ( 'NONE',  ( 8.729539952128992708E-17, 0.3838435821108958090, -0.2099999999999996592 ) ) ;
#2191 = ORIENTED_EDGE ( 'NONE', *, *, #3089, .T. ) ;
#2192 = DIRECTION ( 'NONE',  ( -0.9698205465154604576, 0.2438198260118601413, 0.000000000000000000 ) ) ;
#2193 = VERTEX_POINT ( 'NONE', #1370 ) ;
#2194 = DIRECTION ( 'NONE',  ( 6.829619984163343526E-15, -1.000000000000000000, 0.000000000000000000 ) ) ;
#2195 = AXIS2_PLACEMENT_3D ( 'NONE', #3059, #670, #3357 ) ;
#2196 = CIRCLE ( 'NONE', #510, 0.005399999999999995949 ) ;
#2197 = EDGE_CURVE ( 'NONE', #2161, #2690, #1898, .T. ) ;
#2198 = AXIS2_PLACEMENT_3D ( 'NONE', #2281, #3209, #3841 ) ;
#2199 = VERTEX_POINT ( 'NONE', #1132 ) ;
#2200 = CIRCLE ( 'NONE', #1011, 0.05017949192431114813 ) ;
#2201 = DIRECTION ( 'NONE',  ( 0.06857187170602731252, -0.9976461789686423831, -2.275575753118421754E-16 ) ) ;
#2202 = CARTESIAN_POINT ( 'NONE',  ( 0.1714716604560198865, -0.4382533497672274070, 0.2099999999999996592 ) ) ;
#2203 = CARTESIAN_POINT ( 'NONE',  ( 0.1304436069163460166, -0.5188539923857711234, -0.2045999999999998376 ) ) ;
#2204 = AXIS2_PLACEMENT_3D ( 'NONE', #2494, #2475, #3087 ) ;
#2205 = AXIS2_PLACEMENT_3D ( 'NONE', #1017, #118, #1310 ) ;
#2206 = ORIENTED_EDGE ( 'NONE', *, *, #1509, .F. ) ;
#2207 = DIRECTION ( 'NONE',  ( -1.224646799147353454E-16, -1.224646799147357891E-16, 1.000000000000000000 ) ) ;
#2208 = CIRCLE ( 'NONE', #3759, 0.05459999999997641740 ) ;
#2209 = FACE_OUTER_BOUND ( 'NONE', #848, .T. ) ;
#2210 = AXIS2_PLACEMENT_3D ( 'NONE', #1550, #52, #2441 ) ;
#2211 = FACE_OUTER_BOUND ( 'NONE', #2821, .T. ) ;
#2212 = FACE_OUTER_BOUND ( 'NONE', #1059, .T. ) ;
#2213 = VERTEX_POINT ( 'NONE', #475 ) ;
#2214 = DIRECTION ( 'NONE',  ( 0.000000000000000000, -1.000000000000000000, 0.000000000000000000 ) ) ;
#2215 = TOROIDAL_SURFACE ( 'NONE', #2528, 0.1628516087527653033, 0.005400000000000000286 ) ;
#2216 = EDGE_CURVE ( 'NONE', #1791, #1882, #1397, .T. ) ;
#2217 = CIRCLE ( 'NONE', #28, 0.005400000000000008959 ) ;
#2218 = VERTEX_POINT ( 'NONE', #2561 ) ;
#2219 = DIRECTION ( 'NONE',  ( 0.000000000000000000, 2.449293598294706907E-16, -1.000000000000000000 ) ) ;
#2220 = AXIS2_PLACEMENT_3D ( 'NONE', #1758, #1492, #2677 ) ;
#2221 = ORIENTED_EDGE ( 'NONE', *, *, #1771, .T. ) ;
#2222 = ORIENTED_EDGE ( 'NONE', *, *, #3500, .T. ) ;
#2223 = EDGE_CURVE ( 'NONE', #3535, #2638, #2148, .T. ) ;
#2224 = AXIS2_PLACEMENT_3D ( 'NONE', #2850, #1703, #2889 ) ;
#2225 = ORIENTED_EDGE ( 'NONE', *, *, #3507, .T. ) ;
#2226 = DIRECTION ( 'NONE',  ( 0.2438198260118631666, -0.9698205465154597915, -1.778188917086812512E-16 ) ) ;
#2227 = ADVANCED_FACE ( 'NONE', ( #3116 ), #838, .F. ) ;
#2228 = DIRECTION ( 'NONE',  ( 1.224646799147353454E-16, 1.224646799147357891E-16, -1.000000000000000000 ) ) ;
#2229 = EDGE_CURVE ( 'NONE', #3053, #1019, #19, .T. ) ;
#2230 = CARTESIAN_POINT ( 'NONE',  ( 9.464328031617404238E-17, 0.3838435821108958090, -0.2399999999999996581 ) ) ;
#2231 = DIRECTION ( 'NONE',  ( -1.224646799147353454E-16, -1.224646799147357891E-16, 1.000000000000000000 ) ) ;
#2232 = ORIENTED_EDGE ( 'NONE', *, *, #3474, .F. ) ;
#2233 = DIRECTION ( 'NONE',  ( -1.224646799147353454E-16, -1.224646799147357891E-16, 1.000000000000000000 ) ) ;
#2234 = ORIENTED_EDGE ( 'NONE', *, *, #1644, .F. ) ;
#2235 = DIRECTION ( 'NONE',  ( -1.000000000000000000, 0.000000000000000000, 0.000000000000000000 ) ) ;
#2236 = EDGE_LOOP ( 'NONE', ( #1505, #3340, #3722, #2107 ) ) ;
#2237 = ORIENTED_EDGE ( 'NONE', *, *, #439, .T. ) ;
#2238 = DIRECTION ( 'NONE',  ( -4.372185065911658095E-33, -1.000000000000000000, -1.224646799147357891E-16 ) ) ;
#2239 = DIRECTION ( 'NONE',  ( 1.000000000000000000, -1.499759782661863629E-32, 1.224646799147353454E-16 ) ) ;
#2240 = EDGE_CURVE ( 'NONE', #3483, #1871, #2208, .T. ) ;
#2241 = ORIENTED_EDGE ( 'NONE', *, *, #2816, .T. ) ;
#2242 = DIRECTION ( 'NONE',  ( 1.224646799147353454E-16, 1.224646799147357891E-16, -1.000000000000000000 ) ) ;
#2243 = DIRECTION ( 'NONE',  ( 0.000000000000000000, -1.000000000000000000, -1.622237525928785020E-16 ) ) ;
#2244 = EDGE_CURVE ( 'NONE', #55, #1422, #709, .T. ) ;
#2245 = CARTESIAN_POINT ( 'NONE',  ( 0.5619999828771987671, -0.2809999574765543739, 0.2099999999999997147 ) ) ;
#2246 = DIRECTION ( 'NONE',  ( 1.224646799147353454E-16, 1.224646799147357891E-16, -1.000000000000000000 ) ) ;
#2247 = ORIENTED_EDGE ( 'NONE', *, *, #1119, .F. ) ;
#2248 = DIRECTION ( 'NONE',  ( -1.224646799147353454E-16, -1.224646799147357891E-16, 1.000000000000000000 ) ) ;
#2249 = VERTEX_POINT ( 'NONE', #161 ) ;
#2250 = FACE_OUTER_BOUND ( 'NONE', #1446, .T. ) ;
#2251 = ADVANCED_FACE ( 'NONE', ( #3490 ), #2545, .T. ) ;
#2252 = VERTEX_POINT ( 'NONE', #336 ) ;
#2253 = AXIS2_PLACEMENT_3D ( 'NONE', #1999, #3427, #3471 ) ;
#2254 = ORIENTED_EDGE ( 'NONE', *, *, #3585, .T. ) ;
#2255 = DIRECTION ( 'NONE',  ( 1.224646799147353454E-16, -1.224646799147340635E-16, 1.000000000000000000 ) ) ;
#2256 = AXIS2_PLACEMENT_3D ( 'NONE', #3641, #2433, #2180 ) ;
#2257 = DIRECTION ( 'NONE',  ( 1.224646799147353454E-16, 1.224646799147357891E-16, -1.000000000000000000 ) ) ;
#2258 = AXIS2_PLACEMENT_3D ( 'NONE', #1381, #155, #187 ) ;
#2259 = CIRCLE ( 'NONE', #3189, 0.1628516087527653866 ) ;
#2260 = CIRCLE ( 'NONE', #1638, 0.5350000000000000311 ) ;
#2261 = EDGE_CURVE ( 'NONE', #193, #2690, #585, .T. ) ;
#2262 = ORIENTED_EDGE ( 'NONE', *, *, #2273, .T. ) ;
#2263 = DIRECTION ( 'NONE',  ( -0.2438198260118512317, -0.9698205465154627891, -2.972561595063162256E-16 ) ) ;
#2264 = AXIS2_PLACEMENT_3D ( 'NONE', #3225, #2298, #2896 ) ;
#2265 = LINE ( 'NONE', #2848, #1082 ) ;
#2266 = CIRCLE ( 'NONE', #3755, 0.06594115427318794631 ) ;
#2267 = CIRCLE ( 'NONE', #3443, 0.05999999999997641248 ) ;
#2268 = AXIS2_PLACEMENT_3D ( 'NONE', #452, #3202, #2604 ) ;
#2269 = CYLINDRICAL_SURFACE ( 'NONE', #3563, 0.5350000000000000311 ) ;
#2270 = DIRECTION ( 'NONE',  ( -1.224646799147353454E-16, -1.224646799147357891E-16, 1.000000000000000000 ) ) ;
#2271 = VERTEX_POINT ( 'NONE', #592 ) ;
#2272 = DIRECTION ( 'NONE',  ( 1.000000000000000000, 0.000000000000000000, 0.000000000000000000 ) ) ;
#2273 = EDGE_CURVE ( 'NONE', #715, #1234, #1959, .T. ) ;
#2274 = AXIS2_PLACEMENT_3D ( 'NONE', #1722, #3424, #1091 ) ;
#2275 = ORIENTED_EDGE ( 'NONE', *, *, #503, .F. ) ;
#2276 = AXIS2_PLACEMENT_3D ( 'NONE', #1525, #1892, #31 ) ;
#2277 = FACE_OUTER_BOUND ( 'NONE', #297, .T. ) ;
#2278 = EDGE_CURVE ( 'NONE', #2493, #2704, #3015, .T. ) ;
#2279 = AXIS2_PLACEMENT_3D ( 'NONE', #1992, #3780, #1677 ) ;
#2280 = VERTEX_POINT ( 'NONE', #3552 ) ;
#2281 = CARTESIAN_POINT ( 'NONE',  ( 0.3838435821108957535, 3.968295035910165939E-15, 0.2099999999999997979 ) ) ;
#2282 = CARTESIAN_POINT ( 'NONE',  ( 1.623624087862720460E-17, -0.3838435821108957535, -0.2126999999999998614 ) ) ;
#2283 = CYLINDRICAL_SURFACE ( 'NONE', #1596, 0.4210000000000291842 ) ;
#2284 = VECTOR ( 'NONE', #3864, 39.37007874015748854 ) ;
#2285 = UNCERTAINTY_MEASURE_WITH_UNIT (LENGTH_MEASURE( 1.000000000000000082E-05 ), #1553, 'distance_accuracy_value', 'NONE');
#2286 = VERTEX_POINT ( 'NONE', #1451 ) ;
#2287 = DIRECTION ( 'NONE',  ( -0.9698205465154596805, -0.2438198260118631111, 0.000000000000000000 ) ) ;
#2288 = CARTESIAN_POINT ( 'NONE',  ( -0.1158144173556399509, -0.4606647595948663576, -0.2045999999999998376 ) ) ;
#2289 = AXIS2_PLACEMENT_3D ( 'NONE', #176, #216, #3200 ) ;
#2290 = ORIENTED_EDGE ( 'NONE', *, *, #1283, .F. ) ;
#2291 = CARTESIAN_POINT ( 'NONE',  ( -0.1664625124643067944, -0.4402703863056262046, 0.2045999999999996988 ) ) ;
#2292 = DIRECTION ( 'NONE',  ( 1.011795553208987008E-14, -1.000000000000000000, 0.000000000000000000 ) ) ;
#2293 = VERTEX_POINT ( 'NONE', #2117 ) ;
#2294 = DIRECTION ( 'NONE',  ( -9.857654123112514505E-33, -1.000000000000000000, -1.224646799147357891E-16 ) ) ;
#2295 = ADVANCED_FACE ( 'NONE', ( #2720 ), #956, .T. ) ;
#2296 = ORIENTED_EDGE ( 'NONE', *, *, #630, .T. ) ;
#2297 = TOROIDAL_SURFACE ( 'NONE', #3468, 0.07061769145362389866, 0.005400000000000000286 ) ;
#2298 = DIRECTION ( 'NONE',  ( 1.224646799147353454E-16, 1.224646799147357891E-16, -1.000000000000000000 ) ) ;
#2299 = EDGE_CURVE ( 'NONE', #3414, #923, #1462, .T. ) ;
#2300 = VERTEX_POINT ( 'NONE', #2989 ) ;
#2301 = LINE ( 'NONE', #1167, #387 ) ;
#2302 = DIRECTION ( 'NONE',  ( -0.9976461789686431603, -0.06857187170601469761, 0.000000000000000000 ) ) ;
#2303 = CARTESIAN_POINT ( 'NONE',  ( 0.4402703863056280364, -0.1664625124643020482, -0.2045999999999997543 ) ) ;
#2304 = ORIENTED_EDGE ( 'NONE', *, *, #457, .T. ) ;
#2305 = CARTESIAN_POINT ( 'NONE',  ( 0.2990719639494843207, 0.2990719373760338251, -0.2045999999999996988 ) ) ;
#2306 = CARTESIAN_POINT ( 'NONE',  ( -0.06594115427318789080, -0.3838435821108957535, -0.2126999999999998614 ) ) ;
#2307 = ADVANCED_FACE ( 'NONE', ( #2101 ), #2705, .F. ) ;
#2308 = ORIENTED_EDGE ( 'NONE', *, *, #3520, .F. ) ;
#2309 = CYLINDRICAL_SURFACE ( 'NONE', #3398, 0.05999999999997641248 ) ;
#2310 = ORIENTED_EDGE ( 'NONE', *, *, #1366, .F. ) ;
#2311 = DIRECTION ( 'NONE',  ( 0.000000000000000000, 0.000000000000000000, 1.000000000000000000 ) ) ;
#2312 = ORIENTED_EDGE ( 'NONE', *, *, #3146, .T. ) ;
#2313 = CARTESIAN_POINT ( 'NONE',  ( -0.1158144173556400064, 0.4606647595948664131, 0.2099999999999997702 ) ) ;
#2314 = VERTEX_POINT ( 'NONE', #868 ) ;
#2315 = CARTESIAN_POINT ( 'NONE',  ( 0.4606647595948675789, -0.1158144173556352047, 0.2099999999999997147 ) ) ;
#2316 = DIRECTION ( 'NONE',  ( -3.491481338843132961E-15, 1.000000000000000000, 1.224646799147353454E-16 ) ) ;
#2317 = EDGE_CURVE ( 'NONE', #1007, #3101, #2827, .T. ) ;
#2318 = VERTEX_POINT ( 'NONE', #568 ) ;
#2319 = AXIS2_PLACEMENT_3D ( 'NONE', #2866, #3740, #1367 ) ;
#2320 = AXIS2_PLACEMENT_3D ( 'NONE', #1663, #3171, #469 ) ;
#2321 = CARTESIAN_POINT ( 'NONE',  ( 0.5619999828771987671, -0.2809999574765543184, -0.2045999999999997543 ) ) ;
#2322 = DIRECTION ( 'NONE',  ( 0.000000000000000000, 0.000000000000000000, -1.000000000000000000 ) ) ;
#2323 = AXIS2_PLACEMENT_3D ( 'NONE', #2680, #2975, #2104 ) ;
#2324 = CIRCLE ( 'NONE', #3629, 0.5350000000000000311 ) ;
#2325 = CONICAL_SURFACE ( 'NONE', #577, 0.06749999999999996281, 0.5235987755983000369 ) ;
#2326 = ORIENTED_EDGE ( 'NONE', *, *, #290, .F. ) ;
#2327 = FACE_OUTER_BOUND ( 'NONE', #1181, .T. ) ;
#2328 = DIRECTION ( 'NONE',  ( -1.224646799147353454E-16, -1.224646799147357891E-16, 1.000000000000000000 ) ) ;
#2329 = ORIENTED_EDGE ( 'NONE', *, *, #2672, .F. ) ;
#2330 = AXIS2_PLACEMENT_3D ( 'NONE', #1537, #1424, #1715 ) ;
#2331 = CARTESIAN_POINT ( 'NONE',  ( 0.1291269798558819237, -0.5136169614345876822, 0.2045999999999997543 ) ) ;
#2332 = VECTOR ( 'NONE', #3068, 39.37007874015748143 ) ;
#2333 = CARTESIAN_POINT ( 'NONE',  ( 0.1714716647278034800, 0.4382533603759202201, 0.2045999999999998931 ) ) ;
#2334 = ORIENTED_EDGE ( 'NONE', *, *, #685, .T. ) ;
#2335 = CARTESIAN_POINT ( 'NONE',  ( 0.5619999828771987671, -0.2809999574765543739, 0.2045999999999998098 ) ) ;
#2336 = AXIS2_PLACEMENT_3D ( 'NONE', #1187, #275, #3529 ) ;
#2337 = EDGE_CURVE ( 'NONE', #3618, #1773, #3698, .T. ) ;
#2338 = AXIS2_PLACEMENT_3D ( 'NONE', #2072, #3250, #310 ) ;
#2339 = DIRECTION ( 'NONE',  ( 1.000000000000000000, 0.000000000000000000, 0.000000000000000000 ) ) ;
#2340 = ORIENTED_EDGE ( 'NONE', *, *, #12, .T. ) ;
#2341 = CARTESIAN_POINT ( 'NONE',  ( 0.2810000425229151610, -0.5620000171226612329, 0.2045999999999997543 ) ) ;
#2342 = DIRECTION ( 'NONE',  ( 1.224646799147358877E-16, 0.000000000000000000, -1.000000000000000000 ) ) ;
#2343 = LINE ( 'NONE', #814, #1472 ) ;
#2344 = AXIS2_PLACEMENT_3D ( 'NONE', #2303, #3481, #2845 ) ;
#2345 = EDGE_LOOP ( 'NONE', ( #2839, #587, #2225, #1001 ) ) ;
#2346 = EDGE_CURVE ( 'NONE', #3810, #2664, #2457, .T. ) ;
#2347 = CARTESIAN_POINT ( 'NONE',  ( 0.1158144173556400619, 0.4606647595948664131, -0.2099999999999997147 ) ) ;
#2348 = FACE_OUTER_BOUND ( 'NONE', #3510, .T. ) ;
#2349 = CIRCLE ( 'NONE', #2473, 0.005399999999999995949 ) ;
#2350 = ORIENTED_EDGE ( 'NONE', *, *, #3614, .T. ) ;
#2351 = CARTESIAN_POINT ( 'NONE',  ( -0.1366036521649421076, 0.3102390035719962413, 0.2045999999999998098 ) ) ;
#2352 = DIRECTION ( 'NONE',  ( -2.449293598294706907E-16, -2.449293598294715782E-16, 1.000000000000000000 ) ) ;
#2353 = ORIENTED_EDGE ( 'NONE', *, *, #1527, .F. ) ;
#2354 = CARTESIAN_POINT ( 'NONE',  ( -0.5620000171226640084, -0.2810000425229092769, -0.2045999999999998931 ) ) ;
#2355 = CIRCLE ( 'NONE', #3151, 0.1574516087527653707 ) ;
#2356 = SURFACE_STYLE_USAGE ( .BOTH. , #1162 ) ;
#2357 = ORIENTED_EDGE ( 'NONE', *, *, #886, .T. ) ;
#2358 = ORIENTED_EDGE ( 'NONE', *, *, #2229, .T. ) ;
#2359 = CARTESIAN_POINT ( 'NONE',  ( -0.4606647595948667462, 0.1158144173556383688, 0.2045999999999997543 ) ) ;
#2360 = DIRECTION ( 'NONE',  ( -0.9976462080790996501, 0.06857144817920977908, 0.000000000000000000 ) ) ;
#2361 = DIRECTION ( 'NONE',  ( -1.000000000000000000, 0.000000000000000000, 0.000000000000000000 ) ) ;
#2362 = EDGE_CURVE ( 'NONE', #652, #1859, #3866, .T. ) ;
#2363 = UNCERTAINTY_MEASURE_WITH_UNIT (LENGTH_MEASURE( 1.000000000000000082E-05 ), #3183, 'distance_accuracy_value', 'NONE');
#2364 = ORIENTED_EDGE ( 'NONE', *, *, #803, .T. ) ;
#2365 = DIRECTION ( 'NONE',  ( 0.000000000000000000, -1.000000000000000000, 0.000000000000000000 ) ) ;
#2366 = CARTESIAN_POINT ( 'NONE',  ( -0.3102389080265246513, 0.1366036739977056491, 0.2099999999999997424 ) ) ;
#2367 = ADVANCED_FACE ( 'NONE', ( #2064 ), #1268, .T. ) ;
#2368 = DIMENSIONAL_EXPONENTS ( 1.000000000000000000, 0.000000000000000000, 0.000000000000000000, 0.000000000000000000, 0.000000000000000000, 0.000000000000000000, 0.000000000000000000 ) ;
#2369 = VERTEX_POINT ( 'NONE', #3833 ) ;
#2370 = DIRECTION ( 'NONE',  ( 1.224646799147353454E-16, 1.224646799147357891E-16, -1.000000000000000000 ) ) ;
#2371 = DIRECTION ( 'NONE',  ( -3.187155992609560154E-14, -1.000000000000000000, 0.000000000000000000 ) ) ;
#2372 = ORIENTED_EDGE ( 'NONE', *, *, #2738, .T. ) ;
#2373 = DIRECTION ( 'NONE',  ( -4.372185065911658095E-33, -1.000000000000000000, -1.224646799147357891E-16 ) ) ;
#2374 = EDGE_CURVE ( 'NONE', #1019, #1695, #1508, .T. ) ;
#2375 = DIRECTION ( 'NONE',  ( -4.372185065911656042E-33, -1.000000000000000000, -1.224646799147357891E-16 ) ) ;
#2376 = ORIENTED_EDGE ( 'NONE', *, *, #997, .T. ) ;
#2377 = EDGE_LOOP ( 'NONE', ( #3657, #3761 ) ) ;
#2378 = DIRECTION ( 'NONE',  ( 1.224646799147353454E-16, 1.224646799147357891E-16, -1.000000000000000000 ) ) ;
#2379 = CARTESIAN_POINT ( 'NONE',  ( 0.2990719639494843207, 0.2990719373760338251, -0.2045999999999996988 ) ) ;
#2380 = EDGE_CURVE ( 'NONE', #1773, #3618, #834, .T. ) ;
#2381 = ORIENTED_EDGE ( 'NONE', *, *, #3477, .F. ) ;
#2382 = DIRECTION ( 'NONE',  ( -6.358082537461265385E-34, -1.000000000000000000, -1.224646799147357891E-16 ) ) ;
#2383 = DIRECTION ( 'NONE',  ( -1.224646799147353454E-16, -1.224646799147357891E-16, 1.000000000000000000 ) ) ;
#2384 = EDGE_CURVE ( 'NONE', #3010, #2740, #3444, .T. ) ;
#2385 = ORIENTED_EDGE ( 'NONE', *, *, #99, .T. ) ;
#2386 = DIRECTION ( 'NONE',  ( -3.035386659626960709E-15, 1.000000000000000000, 0.000000000000000000 ) ) ;
#2387 = TOROIDAL_SURFACE ( 'NONE', #5, 0.05459999999997639658, 0.005400000000000000286 ) ;
#2388 = DIRECTION ( 'NONE',  ( 1.224646799147353454E-16, 1.224646799147357891E-16, -1.000000000000000000 ) ) ;
#2389 = CIRCLE ( 'NONE', #699, 0.005400000000000009827 ) ;
#2390 = CIRCLE ( 'NONE', #391, 0.4264000000000292001 ) ;
#2391 = AXIS2_PLACEMENT_3D ( 'NONE', #1659, #2535, #2858 ) ;
#2392 = ORIENTED_EDGE ( 'NONE', *, *, #3052, .F. ) ;
#2393 = EDGE_CURVE ( 'NONE', #2742, #1953, #1774, .T. ) ;
#2394 = TOROIDAL_SURFACE ( 'NONE', #3752, 0.5295999999999999597, 0.005400000000000000286 ) ;
#2395 = AXIS2_PLACEMENT_3D ( 'NONE', #2779, #2472, #3658 ) ;
#2396 = ORIENTED_EDGE ( 'NONE', *, *, #3351, .F. ) ;
#2397 = CIRCLE ( 'NONE', #1081, 0.005399999999999995949 ) ;
#2398 = EDGE_CURVE ( 'NONE', #312, #124, #3013, .T. ) ;
#2399 = CARTESIAN_POINT ( 'NONE',  ( 3.619088859287092188E-17, 0.3838435821108957535, 0.2099999999999997979 ) ) ;
#2400 = DIRECTION ( 'NONE',  ( -1.224646799147353454E-16, -1.224646799147357891E-16, 1.000000000000000000 ) ) ;
#2401 = AXIS2_PLACEMENT_3D ( 'NONE', #3707, #1681, #1365 ) ;
#2402 = ORIENTED_EDGE ( 'NONE', *, *, #191, .T. ) ;
#2403 = DIRECTION ( 'NONE',  ( 1.224646799147353454E-16, 1.224646799147357891E-16, -1.000000000000000000 ) ) ;
#2404 = AXIS2_PLACEMENT_3D ( 'NONE', #620, #296, #2944 ) ;
#2405 = CARTESIAN_POINT ( 'NONE',  ( 5.011254702110964883E-17, 5.011254702110983372E-17, -0.2045999999999997820 ) ) ;
#2406 = CIRCLE ( 'NONE', #407, 0.05999999999997648187 ) ;
#2407 = ORIENTED_EDGE ( 'NONE', *, *, #705, .F. ) ;
#2408 = LINE ( 'NONE', #3606, #2719 ) ;
#2409 = CARTESIAN_POINT ( 'NONE',  ( -0.1158144173556400064, 0.4606647595948664131, 0.2099999999999997702 ) ) ;
#2410 = CARTESIAN_POINT ( 'NONE',  ( -0.2990719373760348243, 0.2990719639494832660, -0.2099999999999997702 ) ) ;
#2411 = ADVANCED_FACE ( 'NONE', ( #3392 ), #1833, .F. ) ;
#2412 = CONICAL_SURFACE ( 'NONE', #32, 0.06749999999999996281, 0.5235987755983000369 ) ;
#2413 = DIRECTION ( 'NONE',  ( -4.372185065911658095E-33, -1.000000000000000000, -1.224646799147357891E-16 ) ) ;
#2414 = ORIENTED_EDGE ( 'NONE', *, *, #2437, .F. ) ;
#2415 = CIRCLE ( 'NONE', #165, 0.5295999999999999597 ) ;
#2416 = ADVANCED_FACE ( 'NONE', ( #427 ), #2808, .F. ) ;
#2417 = ORIENTED_EDGE ( 'NONE', *, *, #410, .T. ) ;
#2418 = CYLINDRICAL_SURFACE ( 'NONE', #1141, 0.5350000000000000311 ) ;
#2419 = CARTESIAN_POINT ( 'NONE',  ( -0.3838435821108956980, -1.278604887235698876E-15, -0.2099999999999998535 ) ) ;
#2420 = EDGE_CURVE ( 'NONE', #3170, #2369, #1467, .T. ) ;
#2421 = ORIENTED_EDGE ( 'NONE', *, *, #3048, .F. ) ;
#2422 = DIRECTION ( 'NONE',  ( 1.224646799147353454E-16, 1.224646799147357891E-16, -1.000000000000000000 ) ) ;
#2423 = CYLINDRICAL_SURFACE ( 'NONE', #153, 0.05999999999997639860 ) ;
#2424 = ORIENTED_EDGE ( 'NONE', *, *, #410, .F. ) ;
#2425 = DIRECTION ( 'NONE',  ( 6.246603644048955121E-15, -1.000000000000000000, -1.601693242063834425E-16 ) ) ;
#2426 = DIRECTION ( 'NONE',  ( -3.491481338843132961E-15, 1.000000000000000000, 1.224646799147353947E-16 ) ) ;
#2427 = CARTESIAN_POINT ( 'NONE',  ( 0.4606647595948675789, -0.1158144173556352047, 0.2045999999999998098 ) ) ;
#2428 = ADVANCED_FACE ( 'NONE', ( #2209 ), #3639, .F. ) ;
#2429 = ORIENTED_EDGE ( 'NONE', *, *, #2812, .T. ) ;
#2430 = DIRECTION ( 'NONE',  ( -1.000000000000000000, -1.224646799147352961E-16, -1.224646799147353700E-16 ) ) ;
#2431 = ORIENTED_EDGE ( 'NONE', *, *, #3242, .F. ) ;
#2432 = FACE_OUTER_BOUND ( 'NONE', #1497, .T. ) ;
#2433 = DIRECTION ( 'NONE',  ( 0.000000000000000000, 2.449293598294706907E-16, -1.000000000000000000 ) ) ;
#2434 = EDGE_LOOP ( 'NONE', ( #729, #2625, #1208, #1827, #1100 ) ) ;
#2435 = ORIENTED_EDGE ( 'NONE', *, *, #1493, .T. ) ;
#2436 = CARTESIAN_POINT ( 'NONE',  ( -0.3838435821108959201, 0.06749999999999868605, -0.2099999999999998535 ) ) ;
#2437 = EDGE_CURVE ( 'NONE', #2170, #1986, #3703, .T. ) ;
#2438 = CARTESIAN_POINT ( 'NONE',  ( -0.2990719639494843207, -0.2990719373760338806, 0.2045999999999996988 ) ) ;
#2439 = ORIENTED_EDGE ( 'NONE', *, *, #2362, .T. ) ;
#2440 = LINE ( 'NONE', #2157, #798 ) ;
#2441 = DIRECTION ( 'NONE',  ( 0.000000000000000000, -1.000000000000000000, -2.168799683363256718E-16 ) ) ;
#2442 = AXIS2_PLACEMENT_3D ( 'NONE', #1414, #2231, #3452 ) ;
#2443 = CARTESIAN_POINT ( 'NONE',  ( -0.1291269798558818682, 0.5136169614345876822, -0.2099999999999997147 ) ) ;
#2444 = VERTEX_POINT ( 'NONE', #388 ) ;
#2445 = CIRCLE ( 'NONE', #3306, 0.05459999999997638270 ) ;
#2446 = CARTESIAN_POINT ( 'NONE',  ( -3.586023395710116313E-17, -0.3838435821108958090, 0.2399999999999996581 ) ) ;
#2447 = CIRCLE ( 'NONE', #1637, 0.05017949192431114813 ) ;
#2448 = CIRCLE ( 'NONE', #2514, 0.005399999999999996816 ) ;
#2449 = AXIS2_PLACEMENT_3D ( 'NONE', #2733, #47, #1239 ) ;
#2450 = ORIENTED_EDGE ( 'NONE', *, *, #1678, .F. ) ;
#2451 = CIRCLE ( 'NONE', #2575, 0.005400000000000012429 ) ;
#2452 = DIRECTION ( 'NONE',  ( -6.358082537461265385E-34, -1.000000000000000000, -1.224646799147357891E-16 ) ) ;
#2453 = CIRCLE ( 'NONE', #1895, 0.07061769145362385702 ) ;
#2454 = DIRECTION ( 'NONE',  ( 0.000000000000000000, -1.000000000000000000, -1.622237525928785020E-16 ) ) ;
#2455 = EDGE_CURVE ( 'NONE', #1188, #927, #2153, .T. ) ;
#2456 = AXIS2_PLACEMENT_3D ( 'NONE', #2313, #1372, #3492 ) ;
#2457 = CIRCLE ( 'NONE', #2522, 0.1574516087527653985 ) ;
#2458 = ORIENTED_EDGE ( 'NONE', *, *, #2299, .T. ) ;
#2459 = ORIENTED_EDGE ( 'NONE', *, *, #1615, .F. ) ;
#2460 = DIRECTION ( 'NONE',  ( 6.217248937900876626E-15, -1.000000000000000000, -1.276564483020683708E-16 ) ) ;
#2461 = DIRECTION ( 'NONE',  ( 1.224646799147353454E-16, 1.224646799147357891E-16, -1.000000000000000000 ) ) ;
#2462 = AXIS2_PLACEMENT_3D ( 'NONE', #1608, #3669, #993 ) ;
#2463 = EDGE_CURVE ( 'NONE', #2249, #3787, #23, .T. ) ;
#2464 = ORIENTED_EDGE ( 'NONE', *, *, #2549, .T. ) ;
#2465 = CIRCLE ( 'NONE', #1844, 0.1574516087527653707 ) ;
#2466 = CARTESIAN_POINT ( 'NONE',  ( 0.4382533603759219965, -0.1714716647277989559, 0.2045999999999998098 ) ) ;
#2467 = DIRECTION ( 'NONE',  ( -1.224646799147353454E-16, -1.224646799147357891E-16, 1.000000000000000000 ) ) ;
#2468 = FACE_OUTER_BOUND ( 'NONE', #1875, .T. ) ;
#2469 = AXIS2_PLACEMENT_3D ( 'NONE', #1950, #1343, #206 ) ;
#2470 = CARTESIAN_POINT ( 'NONE',  ( -0.3838435821108956980, -1.278274232599929142E-15, -0.2126999999999998336 ) ) ;
#2471 = EDGE_LOOP ( 'NONE', ( #2483, #2529, #163, #2154 ) ) ;
#2472 = DIRECTION ( 'NONE',  ( -1.224646799147353454E-16, -1.224646799147357891E-16, 1.000000000000000000 ) ) ;
#2473 = AXIS2_PLACEMENT_3D ( 'NONE', #3785, #3236, #548 ) ;
#2474 = ORIENTED_EDGE ( 'NONE', *, *, #481, .F. ) ;
#2475 = DIRECTION ( 'NONE',  ( -1.224646799147353454E-16, -1.224646799147357891E-16, 1.000000000000000000 ) ) ;
#2476 = CARTESIAN_POINT ( 'NONE',  ( -0.1366036521649421076, 0.3102390035719961858, 0.2099999999999997979 ) ) ;
#2477 = AXIS2_PLACEMENT_3D ( 'NONE', #51, #2467, #2752 ) ;
#2478 = ORIENTED_EDGE ( 'NONE', *, *, #1886, .T. ) ;
#2479 = ORIENTED_EDGE ( 'NONE', *, *, #1309, .T. ) ;
#2480 = DIRECTION ( 'NONE',  ( -4.083114269747209739E-15, 1.000000000000000000, 0.000000000000000000 ) ) ;
#2481 = ADVANCED_FACE ( 'NONE', ( #1244 ), #3448, .T. ) ;
#2482 = DIRECTION ( 'NONE',  ( -9.857654123112529558E-33, -1.000000000000000000, -1.224646799147357891E-16 ) ) ;
#2483 = ORIENTED_EDGE ( 'NONE', *, *, #3231, .F. ) ;
#2484 = DIRECTION ( 'NONE',  ( 1.499759782661863355E-32, -1.000000000000000000, -1.224646799147357891E-16 ) ) ;
#2485 = AXIS2_PLACEMENT_3D ( 'NONE', #386, #2792, #667 ) ;
#2486 = DIRECTION ( 'NONE',  ( -4.372185065911656042E-33, -1.000000000000000000, -1.224646799147357891E-16 ) ) ;
#2487 = LINE ( 'NONE', #703, #84 ) ;
#2488 = EDGE_CURVE ( 'NONE', #1184, #3726, #2091, .T. ) ;
#2489 = FACE_OUTER_BOUND ( 'NONE', #1249, .T. ) ;
#2490 = ORIENTED_EDGE ( 'NONE', *, *, #3264, .F. ) ;
#2491 = LINE ( 'NONE', #1903, #392 ) ;
#2492 = EDGE_CURVE ( 'NONE', #2043, #708, #399, .T. ) ;
#2493 = VERTEX_POINT ( 'NONE', #2753 ) ;
#2494 = CARTESIAN_POINT ( 'NONE',  ( -6.613092715395703653E-19, -5.077385629264922180E-17, 0.2099999999999997702 ) ) ;
#2495 = CARTESIAN_POINT ( 'NONE',  ( 0.1158144173556400064, -0.4606647595948664686, 0.2045999999999997543 ) ) ;
#2496 = EDGE_LOOP ( 'NONE', ( #1896, #571, #2350, #744 ) ) ;
#2497 = ORIENTED_EDGE ( 'NONE', *, *, #1536, .T. ) ;
#2498 = LINE ( 'NONE', #2202, #1321 ) ;
#2499 = DIRECTION ( 'NONE',  ( -0.06857144817920955704, -0.9976462080790996501, -2.611480079862271662E-16 ) ) ;
#2500 = EDGE_CURVE ( 'NONE', #1305, #359, #1334, .T. ) ;
#2501 = ORIENTED_EDGE ( 'NONE', *, *, #1609, .F. ) ;
#2502 = CARTESIAN_POINT ( 'NONE',  ( -3.619088859287097118E-17, -0.4544612735645197077, 0.2153999999999997306 ) ) ;
#2503 = EDGE_CURVE ( 'NONE', #2828, #3053, #1529, .T. ) ;
#2504 = DIRECTION ( 'NONE',  ( 3.491481338843133750E-15, -1.000000000000000000, -1.276564483020683708E-16 ) ) ;
#2505 = ORIENTED_EDGE ( 'NONE', *, *, #3789, .T. ) ;
#2506 = LINE ( 'NONE', #417, #2519 ) ;
#2507 = AXIS2_PLACEMENT_3D ( 'NONE', #2291, #726, #506 ) ;
#2508 = ADVANCED_FACE ( 'NONE', ( #2468 ), #210, .T. ) ;
#2509 = AXIS2_PLACEMENT_3D ( 'NONE', #1978, #3782, #1051 ) ;
#2510 = VERTEX_POINT ( 'NONE', #1291 ) ;
#2511 = DIRECTION ( 'NONE',  ( 1.224646799147353454E-16, 1.224646799147357891E-16, -1.000000000000000000 ) ) ;
#2512 = AXIS2_PLACEMENT_3D ( 'NONE', #1015, #3687, #415 ) ;
#2513 = TOROIDAL_SURFACE ( 'NONE', #2698, 0.1628516087527653866, 0.005400000000000000286 ) ;
#2514 = AXIS2_PLACEMENT_3D ( 'NONE', #1501, #912, #1829 ) ;
#2515 = ORIENTED_EDGE ( 'NONE', *, *, #840, .T. ) ;
#2516 = AXIS2_PLACEMENT_3D ( 'NONE', #936, #2430, #2138 ) ;
#2517 = CARTESIAN_POINT ( 'NONE',  ( -0.2990719373760348243, 0.2990719639494832660, -0.2099999999999997702 ) ) ;
#2518 = DIRECTION ( 'NONE',  ( 0.06857144817920955704, 0.9976462080790996501, -0.000000000000000000 ) ) ;
#2519 = VECTOR ( 'NONE', #1627, 39.37007874015748143 ) ;
#2520 = ORIENTED_EDGE ( 'NONE', *, *, #3058, .T. ) ;
#2521 = CYLINDRICAL_SURFACE ( 'NONE', #2999, 0.05999999999997641248 ) ;
#2522 = AXIS2_PLACEMENT_3D ( 'NONE', #1786, #1745, #2679 ) ;
#2523 = CIRCLE ( 'NONE', #901, 0.4264000000000291446 ) ;
#2524 = DIRECTION ( 'NONE',  ( -1.000000000000000000, 0.000000000000000000, 0.000000000000000000 ) ) ;
#2525 = DIRECTION ( 'NONE',  ( -9.857654123112514505E-33, -1.000000000000000000, -1.224646799147357891E-16 ) ) ;
#2526 = ORIENTED_EDGE ( 'NONE', *, *, #3751, .T. ) ;
#2527 = CARTESIAN_POINT ( 'NONE',  ( 0.1366036521649399427, -0.3102390035719964634, -0.2099999999999997702 ) ) ;
#2528 = AXIS2_PLACEMENT_3D ( 'NONE', #2438, #1225, #2482 ) ;
#2529 = ORIENTED_EDGE ( 'NONE', *, *, #178, .T. ) ;
#2530 = CARTESIAN_POINT ( 'NONE',  ( 0.3838435821108958090, 4.010736115385446981E-15, -0.2126999999999997226 ) ) ;
#2531 = CIRCLE ( 'NONE', #1538, 0.05999999999997641248 ) ;
#2532 = EDGE_CURVE ( 'NONE', #786, #2314, #2487, .T. ) ;
#2533 = ORIENTED_EDGE ( 'NONE', *, *, #3222, .T. ) ;
#2534 = CARTESIAN_POINT ( 'NONE',  ( -0.1664625085769835811, 0.4402703766517157558, -0.2099999999999997424 ) ) ;
#2535 = DIRECTION ( 'NONE',  ( -1.224646799147353454E-16, -1.224646799147357891E-16, 1.000000000000000000 ) ) ;
#2536 = CARTESIAN_POINT ( 'NONE',  ( -0.4606647595948659135, -0.1704144173556179920, -0.2045999999999998376 ) ) ;
#2537 = EDGE_CURVE ( 'NONE', #193, #1, #1270, .T. ) ;
#2538 = CIRCLE ( 'NONE', #2666, 0.05999999999997639860 ) ;
#2539 = ORIENTED_EDGE ( 'NONE', *, *, #3098, .T. ) ;
#2540 = DIRECTION ( 'NONE',  ( -1.224646799147353454E-16, -1.224646799147357891E-16, 1.000000000000000000 ) ) ;
#2541 = LINE ( 'NONE', #489, #2030 ) ;
#2542 = LINE ( 'NONE', #3709, #3336 ) ;
#2543 = FACE_OUTER_BOUND ( 'NONE', #896, .T. ) ;
#2544 = ORIENTED_EDGE ( 'NONE', *, *, #3446, .T. ) ;
#2545 = CYLINDRICAL_SURFACE ( 'NONE', #2887, 0.05999999999997639860 ) ;
#2546 = EDGE_CURVE ( 'NONE', #1621, #715, #2771, .T. ) ;
#2547 = VERTEX_POINT ( 'NONE', #684 ) ;
#2548 = DIRECTION ( 'NONE',  ( 0.2438198260118601135, -0.9698205465154604576, 0.000000000000000000 ) ) ;
#2549 = EDGE_CURVE ( 'NONE', #3769, #272, #3387, .T. ) ;
#2550 = ORIENTED_EDGE ( 'NONE', *, *, #3407, .F. ) ;
#2551 = VERTEX_POINT ( 'NONE', #2864 ) ;
#2552 = DIRECTION ( 'NONE',  ( 1.224646799147353454E-16, 1.224646799147357891E-16, -1.000000000000000000 ) ) ;
#2553 = CARTESIAN_POINT ( 'NONE',  ( 0.4606647595948652474, 0.1158144173556448497, -0.2099999999999997147 ) ) ;
#2554 = ORIENTED_EDGE ( 'NONE', *, *, #2738, .F. ) ;
#2555 = EDGE_CURVE ( 'NONE', #2704, #1128, #1965, .T. ) ;
#2556 = DIRECTION ( 'NONE',  ( 0.3735234971274613014, -0.9276207183400290157, -2.283796138196215167E-15 ) ) ;
#2557 = CARTESIAN_POINT ( 'NONE',  ( -0.4606647595948659690, -0.1158144173556416440, 0.2045999999999996988 ) ) ;
#2558 = CARTESIAN_POINT ( 'NONE',  ( 7.963919044841369211E-17, 0.4544612735645197632, -0.2153999999999997028 ) ) ;
#2559 = FACE_OUTER_BOUND ( 'NONE', #1997, .T. ) ;
#2560 = ORIENTED_EDGE ( 'NONE', *, *, #3734, .T. ) ;
#2561 = CARTESIAN_POINT ( 'NONE',  ( -0.4606647595948659135, -0.1704144173556179920, -0.2099999999999998535 ) ) ;
#2562 = ORIENTED_EDGE ( 'NONE', *, *, #2727, .T. ) ;
#2563 = CARTESIAN_POINT ( 'NONE',  ( 2.571758278209439430E-17, 2.571758278209448983E-17, -0.2099999999999997702 ) ) ;
#2564 = DIRECTION ( 'NONE',  ( -1.224646799147353454E-16, -1.224646799147357891E-16, 1.000000000000000000 ) ) ;
#2565 = ORIENTED_EDGE ( 'NONE', *, *, #1378, .F. ) ;
#2566 = AXIS2_PLACEMENT_3D ( 'NONE', #2190, #1921, #1593 ) ;
#2567 = DIRECTION ( 'NONE',  ( 1.224646799147353454E-16, 1.224646799147357891E-16, -1.000000000000000000 ) ) ;
#2568 = DIRECTION ( 'NONE',  ( 1.224646799147353454E-16, 1.224646799147357891E-16, -1.000000000000000000 ) ) ;
#2569 = AXIS2_PLACEMENT_3D ( 'NONE', #3615, #401, #940 ) ;
#2570 = CARTESIAN_POINT ( 'NONE',  ( -0.1158144173556400064, -0.4606647595948664131, 0.2045999999999996988 ) ) ;
#2571 = TOROIDAL_SURFACE ( 'NONE', #2697, 0.1628516087527653866, 0.005400000000000000286 ) ;
#2572 = AXIS2_PLACEMENT_3D ( 'NONE', #2517, #2552, #126 ) ;
#2573 = ORIENTED_EDGE ( 'NONE', *, *, #404, .F. ) ;
#2574 = CARTESIAN_POINT ( 'NONE',  ( -0.4606647595948666907, 0.1158144173556384243, -0.2045999999999998098 ) ) ;
#2575 = AXIS2_PLACEMENT_3D ( 'NONE', #419, #1614, #1942 ) ;
#2576 = DIRECTION ( 'NONE',  ( 1.224646799147353454E-16, 1.224646799147357891E-16, -1.000000000000000000 ) ) ;
#2577 = AXIS2_PLACEMENT_3D ( 'NONE', #205, #1403, #2302 ) ;
#2578 = EDGE_CURVE ( 'NONE', #550, #238, #2541, .T. ) ;
#2579 = ORIENTED_EDGE ( 'NONE', *, *, #3360, .F. ) ;
#2580 = AXIS2_PLACEMENT_3D ( 'NONE', #1762, #2694, #2954 ) ;
#2581 = DIRECTION ( 'NONE',  ( -1.224646799147353454E-16, 1.224646799147340635E-16, -1.000000000000000000 ) ) ;
#2582 = DIRECTION ( 'NONE',  ( -1.224646799147353454E-16, -1.224646799147357891E-16, 1.000000000000000000 ) ) ;
#2583 = ORIENTED_EDGE ( 'NONE', *, *, #803, .F. ) ;
#2584 = CARTESIAN_POINT ( 'NONE',  ( -0.1158144173556400064, -0.4606647595948664131, 0.2099999999999997147 ) ) ;
#2585 = AXIS2_PLACEMENT_3D ( 'NONE', #2427, #1862, #3044 ) ;
#2586 = EDGE_CURVE ( 'NONE', #1911, #2605, #2523, .T. ) ;
#2587 = ORIENTED_EDGE ( 'NONE', *, *, #3381, .T. ) ;
#2588 = AXIS2_PLACEMENT_3D ( 'NONE', #3665, #2461, #3620 ) ;
#2589 = CARTESIAN_POINT ( 'NONE',  ( -0.2990719373760348243, 0.2990719639494832660, -0.2099999999999997702 ) ) ;
#2590 = AXIS2_PLACEMENT_3D ( 'NONE', #1377, #437, #1914 ) ;
#2591 = ORIENTED_EDGE ( 'NONE', *, *, #3222, .F. ) ;
#2592 = DIRECTION ( 'NONE',  ( -9.857654123112514505E-33, -1.000000000000000000, -1.224646799147357891E-16 ) ) ;
#2593 = DIRECTION ( 'NONE',  ( -1.224646799147353454E-16, -1.224646799147357891E-16, 1.000000000000000000 ) ) ;
#2594 = DIRECTION ( 'NONE',  ( 0.000000000000000000, -1.000000000000000000, 0.000000000000000000 ) ) ;
#2595 = ADVANCED_FACE ( 'NONE', ( #2599 ), #174, .T. ) ;
#2596 = AXIS2_PLACEMENT_3D ( 'NONE', #3292, #15, #95 ) ;
#2597 = ORIENTED_EDGE ( 'NONE', *, *, #3024, .T. ) ;
#2598 = CARTESIAN_POINT ( 'NONE',  ( 0.1419909635213339738, 0.3098686222063564699, 0.2045999999999998098 ) ) ;
#2599 = FACE_OUTER_BOUND ( 'NONE', #2805, .T. ) ;
#2600 = AXIS2_PLACEMENT_3D ( 'NONE', #1961, #2582, #3142 ) ;
#2601 = ORIENTED_EDGE ( 'NONE', *, *, #239, .F. ) ;
#2602 = DIRECTION ( 'NONE',  ( 1.000000000000000000, -2.999519565323727258E-32, 2.449293598294706907E-16 ) ) ;
#2603 = ORIENTED_EDGE ( 'NONE', *, *, #1437, .F. ) ;
#2604 = DIRECTION ( 'NONE',  ( 3.552713678800500929E-15, -1.000000000000000000, -1.276564483020683708E-16 ) ) ;
#2605 = VERTEX_POINT ( 'NONE', #1034 ) ;
#2606 = EDGE_CURVE ( 'NONE', #2630, #1163, #3077, .T. ) ;
#2607 = CARTESIAN_POINT ( 'NONE',  ( 0.1664625124643067389, 0.4402703863056262601, -0.2099999999999997147 ) ) ;
#2608 = ORIENTED_EDGE ( 'NONE', *, *, #107, .F. ) ;
#2609 = DIRECTION ( 'NONE',  ( 0.000000000000000000, -1.000000000000000000, 0.000000000000000000 ) ) ;
#2610 = CARTESIAN_POINT ( 'NONE',  ( -0.4402703766517151451, -0.1664625085769852186, 0.2099999999999997147 ) ) ;
#2611 = DIRECTION ( 'NONE',  ( 0.06857187170600211046, -0.9976461789686439374, 0.000000000000000000 ) ) ;
#2612 = ORIENTED_EDGE ( 'NONE', *, *, #3178, .T. ) ;
#2613 = CARTESIAN_POINT ( 'NONE',  ( -0.3102389080265245402, 0.1366036739977057046, -0.2099999999999997702 ) ) ;
#2614 = CARTESIAN_POINT ( 'NONE',  ( -3.619088859287097118E-17, -0.3838435821108958090, 0.2153999999999997306 ) ) ;
#2615 = ORIENTED_EDGE ( 'NONE', *, *, #44, .F. ) ;
#2616 = CARTESIAN_POINT ( 'NONE',  ( 0.4606647595948676344, -0.1158144173556351630, -0.2045999999999997543 ) ) ;
#2617 = CARTESIAN_POINT ( 'NONE',  ( -0.3838435821108956980, 0.07061769145362266353, -0.2153999999999998416 ) ) ;
#2618 = ORIENTED_EDGE ( 'NONE', *, *, #3713, .T. ) ;
#2619 = CYLINDRICAL_SURFACE ( 'NONE', #3827, 0.1574516087527653707 ) ;
#2620 = EDGE_CURVE ( 'NONE', #652, #1305, #588, .T. ) ;
#2621 = ORIENTED_EDGE ( 'NONE', *, *, #3845, .F. ) ;
#2622 = DIRECTION ( 'NONE',  ( 0.000000000000000000, -1.000000000000000000, -1.289580812719157683E-16 ) ) ;
#2623 = EDGE_CURVE ( 'NONE', #2300, #1733, #1151, .T. ) ;
#2624 =( NAMED_UNIT ( * ) SI_UNIT ( $, .STERADIAN. ) SOLID_ANGLE_UNIT ( ) );
#2625 = ORIENTED_EDGE ( 'NONE', *, *, #2924, .F. ) ;
#2626 = DIRECTION ( 'NONE',  ( 0.9276207895364215750, -0.3735233203159155080, 0.000000000000000000 ) ) ;
#2627 = CARTESIAN_POINT ( 'NONE',  ( 0.1714716647278035078, 0.4382533603759203311, -0.2045999999999997543 ) ) ;
#2628 = DIRECTION ( 'NONE',  ( -2.449293598294706907E-16, -8.874685183736382811E-31, 1.000000000000000000 ) ) ;
#2629 = TOROIDAL_SURFACE ( 'NONE', #66, 0.07061769145362391253, 0.005400000000000000286 ) ;
#2630 = VERTEX_POINT ( 'NONE', #2306 ) ;
#2631 = CIRCLE ( 'NONE', #942, 0.4264000000000292001 ) ;
#2632 = TOROIDAL_SURFACE ( 'NONE', #1254, 0.05459999999997646597, 0.005400000000000000286 ) ;
#2633 = FACE_OUTER_BOUND ( 'NONE', #1922, .T. ) ;
#2634 = DIRECTION ( 'NONE',  ( -2.449293598294706907E-16, -2.449293598294715782E-16, 1.000000000000000000 ) ) ;
#2635 = AXIS2_PLACEMENT_3D ( 'NONE', #2359, #3541, #519 ) ;
#2636 = AXIS2_PLACEMENT_3D ( 'NONE', #1891, #696, #3021 ) ;
#2637 = AXIS2_PLACEMENT_3D ( 'NONE', #2875, #182, #795 ) ;
#2638 = VERTEX_POINT ( 'NONE', #1979 ) ;
#2639 = CARTESIAN_POINT ( 'NONE',  ( 0.3098687154647823960, 0.1419909415313738155, 0.2099999999999997424 ) ) ;
#2640 = DIRECTION ( 'NONE',  ( -4.372185065911658095E-33, -1.000000000000000000, -1.224646799147357891E-16 ) ) ;
#2641 = ORIENTED_EDGE ( 'NONE', *, *, #1836, .F. ) ;
#2642 = AXIS2_PLACEMENT_3D ( 'NONE', #1106, #520, #2901 ) ;
#2643 = DIRECTION ( 'NONE',  ( -1.224646799147353454E-16, -1.224646799147357891E-16, 1.000000000000000000 ) ) ;
#2644 = AXIS2_PLACEMENT_3D ( 'NONE', #1575, #3660, #747 ) ;
#2645 = AXIS2_PLACEMENT_3D ( 'NONE', #2001, #509, #1706 ) ;
#2646 = DIRECTION ( 'NONE',  ( -0.9276207895364241285, 0.3735233203159089577, 0.000000000000000000 ) ) ;
#2647 = ORIENTED_EDGE ( 'NONE', *, *, #1569, .T. ) ;
#2648 = AXIS2_PLACEMENT_3D ( 'NONE', #3355, #188, #526 ) ;
#2649 = AXIS2_PLACEMENT_3D ( 'NONE', #3350, #3332, #408 ) ;
#2650 = ORIENTED_EDGE ( 'NONE', *, *, #3697, .T. ) ;
#2651 = FACE_OUTER_BOUND ( 'NONE', #1834, .T. ) ;
#2652 = DIRECTION ( 'NONE',  ( -4.780733988914340231E-14, -1.000000000000000000, 0.000000000000000000 ) ) ;
#2653 = ADVANCED_FACE ( 'NONE', ( #757 ), #3112, .T. ) ;
#2654 = DIRECTION ( 'NONE',  ( -1.224646799147353454E-16, -1.224646799147357891E-16, 1.000000000000000000 ) ) ;
#2655 = AXIS2_PLACEMENT_3D ( 'NONE', #1425, #1485, #2361 ) ;
#2656 = VERTEX_POINT ( 'NONE', #156 ) ;
#2657 = CARTESIAN_POINT ( 'NONE',  ( 0.3838435821108957535, 3.968295035910165939E-15, 0.2099999999999997979 ) ) ;
#2658 = ADVANCED_FACE ( 'NONE', ( #1382 ), #1336, .T. ) ;
#2659 = DIRECTION ( 'NONE',  ( 1.499759782661863629E-32, -1.000000000000000000, -1.224646799147357891E-16 ) ) ;
#2660 = CIRCLE ( 'NONE', #3274, 0.07061769145362389866 ) ;
#2661 = ORIENTED_EDGE ( 'NONE', *, *, #569, .F. ) ;
#2662 = CARTESIAN_POINT ( 'NONE',  ( 0.1158144173556400064, -0.4606647595948664686, 0.2099999999999996592 ) ) ;
#2663 = CARTESIAN_POINT ( 'NONE',  ( -0.3838435821108956980, -0.07061769145362521705, -0.2099999999999998535 ) ) ;
#2664 = VERTEX_POINT ( 'NONE', #3485 ) ;
#2665 = DIRECTION ( 'NONE',  ( 1.224646799147353454E-16, 1.224646799147357891E-16, -1.000000000000000000 ) ) ;
#2666 = AXIS2_PLACEMENT_3D ( 'NONE', #3256, #1211, #2371 ) ;
#2667 = ORIENTED_EDGE ( 'NONE', *, *, #3507, .F. ) ;
#2668 = EDGE_CURVE ( 'NONE', #3254, #1626, #2265, .T. ) ;
#2669 = VERTEX_POINT ( 'NONE', #3467 ) ;
#2670 = DIRECTION ( 'NONE',  ( 1.224646799147353454E-16, 1.224646799147357891E-16, -1.000000000000000000 ) ) ;
#2671 = PLANE ( 'NONE',  #2963 ) ;
#2672 = EDGE_CURVE ( 'NONE', #2314, #1432, #3516, .T. ) ;
#2673 = ORIENTED_EDGE ( 'NONE', *, *, #178, .F. ) ;
#2674 = CARTESIAN_POINT ( 'NONE',  ( 0.3838435821108958090, -0.07061769145361987410, -0.2099999999999997147 ) ) ;
#2675 = ADVANCED_FACE ( 'NONE', ( #3737 ), #1900, .T. ) ;
#2676 = ORIENTED_EDGE ( 'NONE', *, *, #2187, .T. ) ;
#2677 = DIRECTION ( 'NONE',  ( 0.000000000000000000, -1.000000000000000000, -2.168799683363256964E-16 ) ) ;
#2678 = FACE_OUTER_BOUND ( 'NONE', #3643, .T. ) ;
#2679 = DIRECTION ( 'NONE',  ( 0.000000000000000000, -1.000000000000000000, -2.168799683363256225E-16 ) ) ;
#2680 = CARTESIAN_POINT ( 'NONE',  ( 0.000000000000000000, -5.011254702110964883E-17, 0.2045999999999997820 ) ) ;
#2681 = ORIENTED_EDGE ( 'NONE', *, *, #2197, .T. ) ;
#2682 = ORIENTED_EDGE ( 'NONE', *, *, #1069, .F. ) ;
#2683 = DIRECTION ( 'NONE',  ( 1.224646799147353454E-16, 1.224646799147357891E-16, -1.000000000000000000 ) ) ;
#2684 = DIRECTION ( 'NONE',  ( 0.000000000000000000, -1.000000000000000000, 0.000000000000000000 ) ) ;
#2685 = VERTEX_POINT ( 'NONE', #3157 ) ;
#2686 = DIRECTION ( 'NONE',  ( 1.224646799147353454E-16, 1.224646799147357891E-16, -1.000000000000000000 ) ) ;
#2687 = EDGE_CURVE ( 'NONE', #687, #1258, #712, .T. ) ;
#2688 = FACE_OUTER_BOUND ( 'NONE', #2471, .T. ) ;
#2689 = AXIS2_PLACEMENT_3D ( 'NONE', #2657, #3801, #2365 ) ;
#2690 = VERTEX_POINT ( 'NONE', #3449 ) ;
#2691 = DIRECTION ( 'NONE',  ( -0.000000000000000000, -0.000000000000000000, -1.000000000000000000 ) ) ;
#2692 = CARTESIAN_POINT ( 'NONE',  ( -0.3838435821108956980, -1.278604887235698876E-15, -0.2099999999999998535 ) ) ;
#2693 = AXIS2_PLACEMENT_3D ( 'NONE', #1137, #1746, #612 ) ;
#2694 = DIRECTION ( 'NONE',  ( -1.224646799147353454E-16, -1.224646799147357891E-16, 1.000000000000000000 ) ) ;
#2695 = AXIS2_PLACEMENT_3D ( 'NONE', #3124, #2564, #459 ) ;
#2696 = ADVANCED_FACE ( 'NONE', ( #2907 ), #1996, .F. ) ;
#2697 = AXIS2_PLACEMENT_3D ( 'NONE', #2857, #1972, #2900 ) ;
#2698 = AXIS2_PLACEMENT_3D ( 'NONE', #2769, #1835, #3603 ) ;
#2699 = CYLINDRICAL_SURFACE ( 'NONE', #3744, 0.4210000000000291842 ) ;
#2700 = ORIENTED_EDGE ( 'NONE', *, *, #2702, .F. ) ;
#2701 = CIRCLE ( 'NONE', #456, 0.05999999999997640554 ) ;
#2702 = EDGE_CURVE ( 'NONE', #3726, #864, #2892, .T. ) ;
#2703 = AXIS2_PLACEMENT_3D ( 'NONE', #3186, #1168, #3842 ) ;
#2704 = VERTEX_POINT ( 'NONE', #2366 ) ;
#2705 = TOROIDAL_SURFACE ( 'NONE', #648, 0.07061769145362391253, 0.005400000000000000286 ) ;
#2706 = DIRECTION ( 'NONE',  ( -1.224646799147353454E-16, -1.224646799147357891E-16, 1.000000000000000000 ) ) ;
#2707 = DIRECTION ( 'NONE',  ( 0.000000000000000000, -1.000000000000000000, 0.000000000000000000 ) ) ;
#2708 = AXIS2_PLACEMENT_3D ( 'NONE', #442, #1933, #1665 ) ;
#2709 = EDGE_LOOP ( 'NONE', ( #3066, #1438, #1482, #3406 ) ) ;
#2710 = APPLICATION_CONTEXT ( 'automotive_design' ) ;
#2711 = DIRECTION ( 'NONE',  ( 3.552713678800500929E-15, -1.000000000000000000, -1.276564483020683708E-16 ) ) ;
#2712 = AXIS2_PLACEMENT_3D ( 'NONE', #1546, #3055, #2734 ) ;
#2713 = FACE_OUTER_BOUND ( 'NONE', #2899, .T. ) ;
#2714 = EDGE_CURVE ( 'NONE', #3101, #2314, #1712, .T. ) ;
#2715 = CIRCLE ( 'NONE', #1089, 0.005400000000000005490 ) ;
#2716 = VERTEX_POINT ( 'NONE', #3547 ) ;
#2717 = CARTESIAN_POINT ( 'NONE',  ( 0.3838435821108965307, -0.06594115427318389400, -0.2126999999999997226 ) ) ;
#2718 = FACE_OUTER_BOUND ( 'NONE', #1779, .T. ) ;
#2719 = VECTOR ( 'NONE', #1944, 39.37007874015748143 ) ;
#2720 = FACE_OUTER_BOUND ( 'NONE', #221, .T. ) ;
#2721 = AXIS2_PLACEMENT_3D ( 'NONE', #2245, #3533, #1189 ) ;
#2722 = DIRECTION ( 'NONE',  ( 1.224646799147353454E-16, 1.224646799147357891E-16, -1.000000000000000000 ) ) ;
#2723 = ORIENTED_EDGE ( 'NONE', *, *, #1277, .T. ) ;
#2724 = DIRECTION ( 'NONE',  ( 1.224646799147353454E-16, 1.224646799147357891E-16, -1.000000000000000000 ) ) ;
#2725 = PRODUCT_DEFINITION_FORMATION_WITH_SPECIFIED_SOURCE ( 'Symmetric', '', #1533, .NOT_KNOWN. ) ;
#2726 = TOROIDAL_SURFACE ( 'NONE', #855, 0.1628516087527653866, 0.005400000000000000286 ) ;
#2727 = EDGE_CURVE ( 'NONE', #2669, #2218, #146, .T. ) ;
#2728 = ORIENTED_EDGE ( 'NONE', *, *, #994, .T. ) ;
#2729 = DIRECTION ( 'NONE',  ( -0.06857187170602731252, 0.9976461789686423831, 0.000000000000000000 ) ) ;
#2730 = DIRECTION ( 'NONE',  ( -3.673940397442060361E-16, -1.224646799147375147E-16, 1.000000000000000000 ) ) ;
#2731 = EDGE_LOOP ( 'NONE', ( #233, #779, #2000, #1264 ) ) ;
#2732 = VERTEX_POINT ( 'NONE', #3802 ) ;
#2733 = CARTESIAN_POINT ( 'NONE',  ( -0.4606647595948667462, 0.1158144173556383688, 0.2099999999999997424 ) ) ;
#2734 = DIRECTION ( 'NONE',  ( 0.000000000000000000, -1.000000000000000000, 0.000000000000000000 ) ) ;
#2735 = ORIENTED_EDGE ( 'NONE', *, *, #3231, .T. ) ;
#2736 = DIRECTION ( 'NONE',  ( 0.000000000000000000, -1.000000000000000000, -1.289580812719157683E-16 ) ) ;
#2737 = CARTESIAN_POINT ( 'NONE',  ( 8.795670879282951854E-17, 0.3838435821108958090, -0.2126999999999997226 ) ) ;
#2738 = EDGE_CURVE ( 'NONE', #923, #1621, #651, .T. ) ;
#2739 = CARTESIAN_POINT ( 'NONE',  ( 2.505627351055482442E-17, -2.505627351055456249E-17, 0.2045999999999997820 ) ) ;
#2740 = VERTEX_POINT ( 'NONE', #1489 ) ;
#2741 = DIRECTION ( 'NONE',  ( 1.224646799147353454E-16, 1.224646799147357891E-16, -1.000000000000000000 ) ) ;
#2742 = VERTEX_POINT ( 'NONE', #3508 ) ;
#2743 = CARTESIAN_POINT ( 'NONE',  ( 2.505627351055482442E-17, 2.505627351055491686E-17, -0.2045999999999997820 ) ) ;
#2744 = DIRECTION ( 'NONE',  ( -1.224646799147353454E-16, -1.224646799147357891E-16, 1.000000000000000000 ) ) ;
#2745 = EDGE_CURVE ( 'NONE', #1937, #308, #1651, .T. ) ;
#2746 = ORIENTED_EDGE ( 'NONE', *, *, #1867, .T. ) ;
#2747 = ORIENTED_EDGE ( 'NONE', *, *, #3553, .T. ) ;
#2748 = LINE ( 'NONE', #1524, #2080 ) ;
#2749 = CARTESIAN_POINT ( 'NONE',  ( -0.3102390035719958528, -0.1366036521649409141, 0.2099999999999997147 ) ) ;
#2750 = ADVANCED_FACE ( 'NONE', ( #877 ), #1781, .T. ) ;
#2751 = ORIENTED_EDGE ( 'NONE', *, *, #2184, .T. ) ;
#2752 = DIRECTION ( 'NONE',  ( -6.358082537461265385E-34, -1.000000000000000000, -1.224646799147357891E-16 ) ) ;
#2753 = CARTESIAN_POINT ( 'NONE',  ( -0.3098686222063569695, 0.1419909635213328636, 0.2045999999999997820 ) ) ;
#2754 = AXIS2_PLACEMENT_3D ( 'NONE', #2931, #3608, #3100 ) ;
#2755 = DIRECTION ( 'NONE',  ( 1.224646799147353454E-16, 1.224646799147357891E-16, -1.000000000000000000 ) ) ;
#2756 = VERTEX_POINT ( 'NONE', #2674 ) ;
#2757 = AXIS2_PLACEMENT_3D ( 'NONE', #1330, #1348, #1960 ) ;
#2758 = DIRECTION ( 'NONE',  ( 1.224646799147353454E-16, 1.224646799147357891E-16, -1.000000000000000000 ) ) ;
#2759 = AXIS2_PLACEMENT_3D ( 'NONE', #1346, #1640, #129 ) ;
#2760 = CIRCLE ( 'NONE', #3190, 0.5350000000000000311 ) ;
#2761 = ORIENTED_EDGE ( 'NONE', *, *, #1437, .T. ) ;
#2762 = AXIS2_PLACEMENT_3D ( 'NONE', #2589, #1140, #3747 ) ;
#2763 = CIRCLE ( 'NONE', #3380, 0.06594115427318794631 ) ;
#2764 = DIRECTION ( 'NONE',  ( 1.224646799147353454E-16, 1.224646799147357891E-16, -1.000000000000000000 ) ) ;
#2765 = AXIS2_PLACEMENT_3D ( 'NONE', #300, #2388, #3573 ) ;
#2766 = EDGE_LOOP ( 'NONE', ( #1335, #872, #3670, #1351 ) ) ;
#2767 = ADVANCED_FACE ( 'NONE', ( #2688 ), #527, .T. ) ;
#2768 = DIRECTION ( 'NONE',  ( -0.9976461789686421611, -0.06857187170602728477, 0.000000000000000000 ) ) ;
#2769 = CARTESIAN_POINT ( 'NONE',  ( 0.2990719639494843207, 0.2990719373760338251, 0.2045999999999998376 ) ) ;
#2770 = CARTESIAN_POINT ( 'NONE',  ( 0.3098686222063579687, -0.1419909635213307542, 0.2099999999999997147 ) ) ;
#2771 = CIRCLE ( 'NONE', #2210, 0.1574516087527653707 ) ;
#2772 = ORIENTED_EDGE ( 'NONE', *, *, #1670, .T. ) ;
#2773 = EDGE_CURVE ( 'NONE', #1407, #3041, #2895, .T. ) ;
#2774 = FACE_OUTER_BOUND ( 'NONE', #3711, .T. ) ;
#2775 = CARTESIAN_POINT ( 'NONE',  ( 0.2990719639494843207, 0.2990719373760338251, 0.2045999999999998376 ) ) ;
#2776 = CIRCLE ( 'NONE', #2279, 0.4210000000000291842 ) ;
#2777 = CYLINDRICAL_SURFACE ( 'NONE', #2140, 0.5350000000000000311 ) ;
#2778 = VERTEX_POINT ( 'NONE', #3588 ) ;
#2779 = CARTESIAN_POINT ( 'NONE',  ( -0.4606647595948659690, -0.1158144173556416440, 0.2099999999999997147 ) ) ;
#2780 = VECTOR ( 'NONE', #2099, 39.37007874015748143 ) ;
#2781 = ADVANCED_FACE ( 'NONE', ( #2348 ), #2113, .F. ) ;
#2782 = VERTEX_POINT ( 'NONE', #1156 ) ;
#2783 = DIRECTION ( 'NONE',  ( -6.358082537461265385E-34, -1.000000000000000000, -1.224646799147357891E-16 ) ) ;
#2784 = CARTESIAN_POINT ( 'NONE',  ( 1.656689551439696335E-17, -0.4544612735645197077, -0.2153999999999998416 ) ) ;
#2785 = CIRCLE ( 'NONE', #2908, 0.005399999999999995949 ) ;
#2786 = ORIENTED_EDGE ( 'NONE', *, *, #2131, .T. ) ;
#2787 = EDGE_LOOP ( 'NONE', ( #755, #3399, #2601, #604 ) ) ;
#2788 = ADVANCED_FACE ( 'NONE', ( #1782 ), #1967, .F. ) ;
#2789 = DIRECTION ( 'NONE',  ( -1.224646799147353454E-16, -1.224646799147357891E-16, 1.000000000000000000 ) ) ;
#2790 = DIRECTION ( 'NONE',  ( -1.224646799147353454E-16, -1.224646799147357891E-16, 1.000000000000000000 ) ) ;
#2791 = ORIENTED_EDGE ( 'NONE', *, *, #1963, .F. ) ;
#2792 = DIRECTION ( 'NONE',  ( -1.224646799147353454E-16, -1.224646799147357891E-16, 1.000000000000000000 ) ) ;
#2793 = CARTESIAN_POINT ( 'NONE',  ( 0.3838435821108958090, 4.020391510745894375E-15, -0.2153999999999997028 ) ) ;
#2794 = EDGE_CURVE ( 'NONE', #3101, #3197, #3140, .T. ) ;
#2795 = DIRECTION ( 'NONE',  ( 1.224646799147353454E-16, 1.224646799147357891E-16, -1.000000000000000000 ) ) ;
#2796 = ORIENTED_EDGE ( 'NONE', *, *, #1814, .F. ) ;
#2797 = DIRECTION ( 'NONE',  ( -1.224646799147353454E-16, -1.224646799147357891E-16, 1.000000000000000000 ) ) ;
#2798 = EDGE_CURVE ( 'NONE', #2193, #1662, #3265, .T. ) ;
#2799 = ORIENTED_EDGE ( 'NONE', *, *, #303, .T. ) ;
#2800 = DIRECTION ( 'NONE',  ( 1.224646799147353454E-16, 1.224646799147357891E-16, -1.000000000000000000 ) ) ;
#2801 = VERTEX_POINT ( 'NONE', #843 ) ;
#2802 = DIRECTION ( 'NONE',  ( 1.000000000000000000, 0.000000000000000000, 0.000000000000000000 ) ) ;
#2803 = DIRECTION ( 'NONE',  ( 1.088830471932589369E-14, -1.000000000000000000, 0.000000000000000000 ) ) ;
#2804 = CARTESIAN_POINT ( 'NONE',  ( 2.292281240197173461E-17, -0.3838435821108957535, -0.2399999999999997691 ) ) ;
#2805 = EDGE_LOOP ( 'NONE', ( #1298, #418 ) ) ;
#2806 = ADVANCED_FACE ( 'NONE', ( #1428 ), #1534, .T. ) ;
#2807 = DIRECTION ( 'NONE',  ( -3.523725132540435686E-15, -1.000000000000000000, -1.601693242063834425E-16 ) ) ;
#2808 = CYLINDRICAL_SURFACE ( 'NONE', #3829, 0.4210000000000291842 ) ;
#2809 = CARTESIAN_POINT ( 'NONE',  ( 0.3838435821108958090, 0.07061769145362790934, -0.2099999999999997147 ) ) ;
#2810 = FACE_OUTER_BOUND ( 'NONE', #816, .T. ) ;
#2811 = ORIENTED_EDGE ( 'NONE', *, *, #457, .F. ) ;
#2812 = EDGE_CURVE ( 'NONE', #3147, #3418, #282, .T. ) ;
#2813 = CIRCLE ( 'NONE', #259, 0.4264000000000292001 ) ;
#2814 = CIRCLE ( 'NONE', #3120, 0.005399999999999997684 ) ;
#2815 = ORIENTED_EDGE ( 'NONE', *, *, #2346, .F. ) ;
#2816 = EDGE_CURVE ( 'NONE', #888, #1302, #654, .T. ) ;
#2817 = LINE ( 'NONE', #3345, #2332 ) ;
#2818 = VECTOR ( 'NONE', #3261, 39.37007874015748143 ) ;
#2819 = CIRCLE ( 'NONE', #1136, 0.06594115427318794631 ) ;
#2820 = CIRCLE ( 'NONE', #2198, 0.07061769145362389866 ) ;
#2821 = EDGE_LOOP ( 'NONE', ( #2751, #517, #567, #3072 ) ) ;
#2822 = AXIS2_PLACEMENT_3D ( 'NONE', #3319, #3818, #3796 ) ;
#2823 = VERTEX_POINT ( 'NONE', #2060 ) ;
#2824 = DIRECTION ( 'NONE',  ( 1.224646799147353454E-16, 1.224646799147357891E-16, -1.000000000000000000 ) ) ;
#2825 = DIRECTION ( 'NONE',  ( -1.224646799147353454E-16, -1.224646799147357891E-16, 1.000000000000000000 ) ) ;
#2826 = AXIS2_PLACEMENT_3D ( 'NONE', #657, #2683, #1198 ) ;
#2827 = CIRCLE ( 'NONE', #1018, 0.5350000000000000311 ) ;
#2828 = VERTEX_POINT ( 'NONE', #561 ) ;
#2829 = EDGE_CURVE ( 'NONE', #791, #25, #1717, .T. ) ;
#2830 = DIRECTION ( 'NONE',  ( 1.224646799147353454E-16, 1.224646799147357891E-16, -1.000000000000000000 ) ) ;
#2831 = AXIS2_PLACEMENT_3D ( 'NONE', #2095, #862, #2322 ) ;
#2832 = CARTESIAN_POINT ( 'NONE',  ( 0.3838435821108958090, 4.014079401147118978E-15, -0.2399999999999996303 ) ) ;
#2833 = AXIS2_PLACEMENT_3D ( 'NONE', #2804, #3733, #3133 ) ;
#2834 = CARTESIAN_POINT ( 'NONE',  ( -0.4606647595948659135, -0.1158144173556415885, -0.2045999999999998376 ) ) ;
#2835 = DIRECTION ( 'NONE',  ( -0.2438198260118631666, 0.9698205465154597915, 0.000000000000000000 ) ) ;
#2836 = VERTEX_POINT ( 'NONE', #2749 ) ;
#2837 = DIRECTION ( 'NONE',  ( -1.000000000000000000, 1.499759782661863629E-32, -1.224646799147353454E-16 ) ) ;
#2838 = CIRCLE ( 'NONE', #3331, 0.005399999999999994214 ) ;
#2839 = ORIENTED_EDGE ( 'NONE', *, *, #2159, .F. ) ;
#2840 = DIRECTION ( 'NONE',  ( 1.224646799147353454E-16, 1.224646799147357891E-16, -1.000000000000000000 ) ) ;
#2841 = EDGE_CURVE ( 'NONE', #1180, #2444, #1213, .T. ) ;
#2842 = VERTEX_POINT ( 'NONE', #3040 ) ;
#2843 = DIRECTION ( 'NONE',  ( 1.499759782661863629E-32, -1.000000000000000000, -1.224646799147357891E-16 ) ) ;
#2844 = CARTESIAN_POINT ( 'NONE',  ( 0.1158144173556400064, -0.4606647595948664686, 0.2045999999999997543 ) ) ;
#2845 = DIRECTION ( 'NONE',  ( 0.3735233203159198934, 0.9276207895364196876, 0.000000000000000000 ) ) ;
#2846 = CIRCLE ( 'NONE', #2600, 0.05459999999997639658 ) ;
#2847 = ORIENTED_EDGE ( 'NONE', *, *, #2546, .T. ) ;
#2848 = CARTESIAN_POINT ( 'NONE',  ( 0.3838435821108950874, 0.06750000000000391798, 0.2099999999999997424 ) ) ;
#2849 = LINE ( 'NONE', #1981, #3432 ) ;
#2850 = CARTESIAN_POINT ( 'NONE',  ( 0.1158144173556400619, -0.4606647595948664131, -0.2045999999999998098 ) ) ;
#2851 = ORIENTED_EDGE ( 'NONE', *, *, #1551, .F. ) ;
#2852 = DIRECTION ( 'NONE',  ( 1.224646799147353454E-16, 1.224646799147357891E-16, -1.000000000000000000 ) ) ;
#2853 = VERTEX_POINT ( 'NONE', #1564 ) ;
#2854 = CARTESIAN_POINT ( 'NONE',  ( 0.3838435821108951984, 0.05017949192431516575, -0.2399999999999996303 ) ) ;
#2855 = DIRECTION ( 'NONE',  ( 0.000000000000000000, 0.000000000000000000, 1.000000000000000000 ) ) ;
#2856 = ORIENTED_EDGE ( 'NONE', *, *, #3798, .F. ) ;
#2857 = CARTESIAN_POINT ( 'NONE',  ( 0.2990719373760369892, -0.2990719639494812121, 0.2045999999999997820 ) ) ;
#2858 = DIRECTION ( 'NONE',  ( 0.000000000000000000, -1.000000000000000000, 0.000000000000000000 ) ) ;
#2859 = EDGE_CURVE ( 'NONE', #3377, #1937, #1904, .T. ) ;
#2860 = DIRECTION ( 'NONE',  ( 1.224646799147358877E-16, 0.000000000000000000, -1.000000000000000000 ) ) ;
#2861 = ORIENTED_EDGE ( 'NONE', *, *, #3674, .F. ) ;
#2862 = DIRECTION ( 'NONE',  ( 1.499759782661863355E-32, -1.000000000000000000, -1.224646799147357891E-16 ) ) ;
#2863 = ADVANCED_FACE ( 'NONE', ( #65 ), #465, .T. ) ;
#2864 = CARTESIAN_POINT ( 'NONE',  ( -0.1664625085769836366, 0.4402703766517157002, 0.2099999999999997979 ) ) ;
#2865 = ORIENTED_EDGE ( 'NONE', *, *, #131, .T. ) ;
#2866 = CARTESIAN_POINT ( 'NONE',  ( -3.586023395710116313E-17, -0.3838435821108958090, 0.2126999999999997504 ) ) ;
#2867 = ORIENTED_EDGE ( 'NONE', *, *, #2041, .F. ) ;
#2868 = DIRECTION ( 'NONE',  ( -1.224646799147353454E-16, -1.224646799147357891E-16, 1.000000000000000000 ) ) ;
#2869 = EDGE_CURVE ( 'NONE', #2782, #3810, #1004, .T. ) ;
#2870 = ORIENTED_EDGE ( 'NONE', *, *, #1797, .T. ) ;
#2871 = EDGE_CURVE ( 'NONE', #1713, #1407, #3327, .T. ) ;
#2872 = CARTESIAN_POINT ( 'NONE',  ( -0.1158144173556400064, 0.4606647595948664131, 0.2045999999999998098 ) ) ;
#2873 = ORIENTED_EDGE ( 'NONE', *, *, #840, .F. ) ;
#2874 = AXIS2_PLACEMENT_3D ( 'NONE', #1803, #2118, #922 ) ;
#2875 = CARTESIAN_POINT ( 'NONE',  ( 0.5619999828771987671, -0.2809999574765543184, -0.2045999999999997543 ) ) ;
#2876 = DIRECTION ( 'NONE',  ( 0.000000000000000000, -1.000000000000000000, -2.168799683363256718E-16 ) ) ;
#2877 = FACE_OUTER_BOUND ( 'NONE', #1312, .T. ) ;
#2878 = CIRCLE ( 'NONE', #3822, 0.07061769145362385702 ) ;
#2879 = AXIS2_PLACEMENT_3D ( 'NONE', #2844, #169, #423 ) ;
#2880 = ORIENTED_EDGE ( 'NONE', *, *, #1928, .F. ) ;
#2881 = CARTESIAN_POINT ( 'NONE',  ( -0.5188539923857706793, -0.1304436069163478207, 0.2045999999999996988 ) ) ;
#2882 = AXIS2_PLACEMENT_3D ( 'NONE', #3613, #2729, #925 ) ;
#2883 = DIRECTION ( 'NONE',  ( 1.224646799147353454E-16, 1.224646799147357891E-16, -1.000000000000000000 ) ) ;
#2884 = AXIS2_PLACEMENT_3D ( 'NONE', #80, #730, #3032 ) ;
#2885 = ADVANCED_FACE ( 'NONE', ( #641 ), #344, .T. ) ;
#2886 = VERTEX_POINT ( 'NONE', #2203 ) ;
#2887 = AXIS2_PLACEMENT_3D ( 'NONE', #3429, #625, #3593 ) ;
#2888 = CARTESIAN_POINT ( 'NONE',  ( 0.06750000000000004607, 0.3838435821108958090, -0.2099999999999996592 ) ) ;
#2889 = DIRECTION ( 'NONE',  ( 8.537024980204178421E-16, -1.000000000000000000, 0.000000000000000000 ) ) ;
#2890 = ORIENTED_EDGE ( 'NONE', *, *, #2008, .F. ) ;
#2891 = CARTESIAN_POINT ( 'NONE',  ( 0.1664625085769837198, -0.4402703766517157002, -0.2099999999999997979 ) ) ;
#2892 = CIRCLE ( 'NONE', #525, 0.5350000000000000311 ) ;
#2893 = EDGE_CURVE ( 'NONE', #41, #864, #92, .T. ) ;
#2894 = ORIENTED_EDGE ( 'NONE', *, *, #1248, .F. ) ;
#2895 = CIRCLE ( 'NONE', #1087, 0.005400000000000009827 ) ;
#2896 = DIRECTION ( 'NONE',  ( 8.387537631917543806E-16, -1.000000000000000000, -2.096884407979385952E-16 ) ) ;
#2897 = AXIS2_PLACEMENT_3D ( 'NONE', #2938, #228, #2611 ) ;
#2898 =( NAMED_UNIT ( * ) PLANE_ANGLE_UNIT ( ) SI_UNIT ( $, .RADIAN. ) );
#2899 = EDGE_LOOP ( 'NONE', ( #245, #3676, #1916, #3103 ) ) ;
#2900 = DIRECTION ( 'NONE',  ( -9.857654123112514505E-33, -1.000000000000000000, -1.224646799147357891E-16 ) ) ;
#2901 = DIRECTION ( 'NONE',  ( 0.000000000000000000, -1.000000000000000000, 0.000000000000000000 ) ) ;
#2902 = DIRECTION ( 'NONE',  ( -0.2438198260118601135, -0.9698205465154604576, 0.000000000000000000 ) ) ;
#2903 = AXIS2_PLACEMENT_3D ( 'NONE', #3549, #1430, #2950 ) ;
#2904 = ADVANCED_FACE ( 'NONE', ( #3386 ), #2215, .T. ) ;
#2905 = ORIENTED_EDGE ( 'NONE', *, *, #3280, .F. ) ;
#2906 = FACE_OUTER_BOUND ( 'NONE', #395, .T. ) ;
#2907 = FACE_OUTER_BOUND ( 'NONE', #3440, .T. ) ;
#2908 = AXIS2_PLACEMENT_3D ( 'NONE', #507, #3175, #1114 ) ;
#2909 = ORIENTED_EDGE ( 'NONE', *, *, #503, .T. ) ;
#2910 = CARTESIAN_POINT ( 'NONE',  ( -0.1714716647278034800, -0.4382533603759203311, 0.2099999999999996592 ) ) ;
#2911 = DIRECTION ( 'NONE',  ( 1.224646799147353454E-16, 1.224646799147357891E-16, -1.000000000000000000 ) ) ;
#2912 = ORIENTED_EDGE ( 'NONE', *, *, #1583, .T. ) ;
#2913 = DIRECTION ( 'NONE',  ( 0.9276207183400245748, 0.3735234971274721816, 0.000000000000000000 ) ) ;
#2914 = EDGE_CURVE ( 'NONE', #1547, #1131, #2997, .T. ) ;
#2915 = ORIENTED_EDGE ( 'NONE', *, *, #370, .F. ) ;
#2916 = DIRECTION ( 'NONE',  ( 1.499759782661863629E-32, -1.000000000000000000, -1.224646799147357891E-16 ) ) ;
#2917 = VERTEX_POINT ( 'NONE', #1874 ) ;
#2918 = CARTESIAN_POINT ( 'NONE',  ( 0.4402703863056279809, -0.1664625124643020759, 0.2045999999999998098 ) ) ;
#2919 = DIRECTION ( 'NONE',  ( -1.224646799147353454E-16, -1.224646799147357891E-16, 1.000000000000000000 ) ) ;
#2920 = FACE_BOUND ( 'NONE', #924, .T. ) ;
#2921 = ORIENTED_EDGE ( 'NONE', *, *, #3289, .F. ) ;
#2922 = CARTESIAN_POINT ( 'NONE',  ( -3.586023395710116313E-17, -0.3838435821108958090, 0.2399999999999996581 ) ) ;
#2923 = DIRECTION ( 'NONE',  ( -1.000000000000000000, 0.000000000000000000, 0.000000000000000000 ) ) ;
#2924 = EDGE_CURVE ( 'NONE', #3247, #2801, #3579, .T. ) ;
#2925 = ORIENTED_EDGE ( 'NONE', *, *, #486, .T. ) ;
#2926 = DIRECTION ( 'NONE',  ( 0.000000000000000000, -1.000000000000000000, 0.000000000000000000 ) ) ;
#2927 = DIRECTION ( 'NONE',  ( 1.224646799147353454E-16, 1.224646799147357891E-16, -1.000000000000000000 ) ) ;
#2928 = ORIENTED_EDGE ( 'NONE', *, *, #2187, .F. ) ;
#2929 = CARTESIAN_POINT ( 'NONE',  ( 0.1714716647278034800, 0.4382533603759202201, 0.2099999999999997702 ) ) ;
#2930 = EDGE_CURVE ( 'NONE', #3159, #2280, #1275, .T. ) ;
#2931 = CARTESIAN_POINT ( 'NONE',  ( -0.3838435821108957535, -1.333713993197329969E-15, 0.2399999999999997413 ) ) ;
#2932 = EDGE_LOOP ( 'NONE', ( #2554, #2772, #2046, #1390 ) ) ;
#2933 = DIRECTION ( 'NONE',  ( -1.224646799147353454E-16, -1.224646799147357891E-16, 1.000000000000000000 ) ) ;
#2934 = EDGE_CURVE ( 'NONE', #1626, #55, #3022, .T. ) ;
#2935 = ORIENTED_EDGE ( 'NONE', *, *, #4, .T. ) ;
#2936 = DIRECTION ( 'NONE',  ( -1.224646799147353454E-16, -1.224646799147357891E-16, 1.000000000000000000 ) ) ;
#2937 = DIRECTION ( 'NONE',  ( -0.06857144817920955704, -0.9976462080790996501, -2.611480079862271662E-16 ) ) ;
#2938 = CARTESIAN_POINT ( 'NONE',  ( 0.3102390035719947980, 0.1366036521649431068, 0.2045999999999998376 ) ) ;
#2939 = CIRCLE ( 'NONE', #1946, 0.1574516087527653985 ) ;
#2940 = ORIENTED_EDGE ( 'NONE', *, *, #1292, .T. ) ;
#2941 = CIRCLE ( 'NONE', #2507, 0.005399999999999996816 ) ;
#2942 = TOROIDAL_SURFACE ( 'NONE', #68, 0.07061769145362394029, 0.005400000000000000286 ) ;
#2943 = DIRECTION ( 'NONE',  ( 0.000000000000000000, -2.449293598294706907E-16, 1.000000000000000000 ) ) ;
#2944 = DIRECTION ( 'NONE',  ( -0.9698205465154612348, 0.2438198260118571437, 0.000000000000000000 ) ) ;
#2945 = AXIS2_PLACEMENT_3D ( 'NONE', #776, #1617, #110 ) ;
#2946 = TOROIDAL_SURFACE ( 'NONE', #3689, 0.4264000000000292001, 0.005400000000000000286 ) ;
#2947 = EDGE_CURVE ( 'NONE', #1597, #2161, #2465, .T. ) ;
#2948 = CIRCLE ( 'NONE', #894, 0.1628516087527653866 ) ;
#2949 = ORIENTED_EDGE ( 'NONE', *, *, #1718, .F. ) ;
#2950 = DIRECTION ( 'NONE',  ( 0.000000000000000000, -1.000000000000000000, -1.601693242063834425E-16 ) ) ;
#2951 = CARTESIAN_POINT ( 'NONE',  ( 0.1419909415313706513, -0.3098687154647838948, -0.2045999999999997820 ) ) ;
#2952 = ORIENTED_EDGE ( 'NONE', *, *, #2934, .F. ) ;
#2953 = AXIS2_PLACEMENT_3D ( 'NONE', #717, #1464, #557 ) ;
#2954 = DIRECTION ( 'NONE',  ( 0.000000000000000000, -1.000000000000000000, 0.000000000000000000 ) ) ;
#2955 = AXIS2_PLACEMENT_3D ( 'NONE', #2004, #1080, #1058 ) ;
#2956 = LINE ( 'NONE', #1820, #2818 ) ;
#2957 = VERTEX_POINT ( 'NONE', #989 ) ;
#2958 = AXIS2_PLACEMENT_3D ( 'NONE', #724, #3653, #1919 ) ;
#2959 = AXIS2_PLACEMENT_3D ( 'NONE', #3648, #1260, #1304 ) ;
#2960 = VERTEX_POINT ( 'NONE', #350 ) ;
#2961 = CYLINDRICAL_SURFACE ( 'NONE', #642, 0.1574516087527653430 ) ;
#2962 = DIRECTION ( 'NONE',  ( -1.000000000000000000, 0.000000000000000000, 0.000000000000000000 ) ) ;
#2963 = AXIS2_PLACEMENT_3D ( 'NONE', #3543, #1169, #2316 ) ;
#2964 = ADVANCED_FACE ( 'NONE', ( #1837 ), #2185, .F. ) ;
#2965 = EDGE_LOOP ( 'NONE', ( #3191, #3551, #1561, #2312 ) ) ;
#2966 = DIRECTION ( 'NONE',  ( -0.9276207183400247969, -0.3735234971274722371, 0.000000000000000000 ) ) ;
#2967 = DIRECTION ( 'NONE',  ( 1.224646799147353454E-16, 1.224646799147357891E-16, -1.000000000000000000 ) ) ;
#2968 = AXIS2_PLACEMENT_3D ( 'NONE', #2616, #845, #2926 ) ;
#2969 = EDGE_CURVE ( 'NONE', #3787, #3704, #930, .T. ) ;
#2970 = ORIENTED_EDGE ( 'NONE', *, *, #1606, .T. ) ;
#2971 = LINE ( 'NONE', #1158, #967 ) ;
#2972 = CARTESIAN_POINT ( 'NONE',  ( 0.3102389080265257060, -0.1366036739977034842, -0.2045999999999997820 ) ) ;
#2973 = DIRECTION ( 'NONE',  ( -0.000000000000000000, -0.000000000000000000, -1.000000000000000000 ) ) ;
#2974 = CIRCLE ( 'NONE', #1355, 0.5295999999999999597 ) ;
#2975 = DIRECTION ( 'NONE',  ( -1.224646799147353454E-16, -1.224646799147357891E-16, 1.000000000000000000 ) ) ;
#2976 = EDGE_LOOP ( 'NONE', ( #3232, #3527, #2237, #2450 ) ) ;
#2977 = AXIS2_PLACEMENT_3D ( 'NONE', #683, #2132, #1877 ) ;
#2978 = EDGE_LOOP ( 'NONE', ( #3056, #1074 ) ) ;
#2979 = CARTESIAN_POINT ( 'NONE',  ( -0.3838435821108954760, -0.06750000000000129508, 0.2099999999999997424 ) ) ;
#2980 = DIRECTION ( 'NONE',  ( 0.9698205465154604576, -0.2438198260118601413, 1.778188917086811033E-16 ) ) ;
#2981 = ORIENTED_EDGE ( 'NONE', *, *, #2914, .T. ) ;
#2982 = ADVANCED_FACE ( 'NONE', ( #2713 ), #2423, .T. ) ;
#2983 = DIRECTION ( 'NONE',  ( 0.3735234971274721816, -0.9276207183400245748, 0.000000000000000000 ) ) ;
#2984 = DIRECTION ( 'NONE',  ( -2.449293598294706907E-16, -8.874685183736382811E-31, 1.000000000000000000 ) ) ;
#2985 = ORIENTED_EDGE ( 'NONE', *, *, #2500, .T. ) ;
#2986 = DIRECTION ( 'NONE',  ( 0.000000000000000000, 2.449293598294706907E-16, -1.000000000000000000 ) ) ;
#2987 = EDGE_CURVE ( 'NONE', #1744, #2218, #213, .T. ) ;
#2988 = CARTESIAN_POINT ( 'NONE',  ( -0.2990719373760349353, 0.2990719639494832105, 0.2099999999999997702 ) ) ;
#2989 = CARTESIAN_POINT ( 'NONE',  ( 4.438737894071590222E-17, 0.4497847363840837276, 0.2126999999999998336 ) ) ;
#2990 = ORIENTED_EDGE ( 'NONE', *, *, #3089, .F. ) ;
#2991 = ADVANCED_FACE ( 'NONE', ( #1028 ), #1636, .T. ) ;
#2992 = EDGE_LOOP ( 'NONE', ( #844, #2565, #2603, #2421 ) ) ;
#2993 = DIRECTION ( 'NONE',  ( 1.224646799147353454E-16, 1.224646799147357891E-16, -1.000000000000000000 ) ) ;
#2994 = CARTESIAN_POINT ( 'NONE',  ( -0.1366036521649420798, 0.3102390035719962413, -0.2099999999999997702 ) ) ;
#2995 = ORIENTED_EDGE ( 'NONE', *, *, #2065, .T. ) ;
#2996 = CARTESIAN_POINT ( 'NONE',  ( 0.2990719639494843207, 0.2990719373760338251, 0.2045999999999998376 ) ) ;
#2997 = LINE ( 'NONE', #720, #1405 ) ;
#2998 = AXIS2_PLACEMENT_3D ( 'NONE', #2230, #3394, #2602 ) ;
#2999 = AXIS2_PLACEMENT_3D ( 'NONE', #1324, #2242, #3423 ) ;
#3000 = ORIENTED_EDGE ( 'NONE', *, *, #3161, .T. ) ;
#3001 = CARTESIAN_POINT ( 'NONE',  ( -0.5619999828771987671, 0.2809999574765542629, 0.2045999999999997543 ) ) ;
#3002 = CARTESIAN_POINT ( 'NONE',  ( -0.3838435821108956980, -1.274930946838256751E-15, -0.2399999999999998246 ) ) ;
#3003 = CONICAL_SURFACE ( 'NONE', #2566, 0.06749999999999996281, 0.5235987755983000369 ) ;
#3004 = DIRECTION ( 'NONE',  ( -0.9276207183400255740, -0.3735234971274700166, 0.000000000000000000 ) ) ;
#3005 = TOROIDAL_SURFACE ( 'NONE', #3376, 0.07061769145362394029, 0.005400000000000000286 ) ;
#3006 = ADVANCED_FACE ( 'NONE', ( #2877 ), #778, .T. ) ;
#3007 = CIRCLE ( 'NONE', #329, 0.4210000000000292397 ) ;
#3008 = CIRCLE ( 'NONE', #2642, 0.07061769145362394029 ) ;
#3009 = CARTESIAN_POINT ( 'NONE',  ( -0.4606647595948658025, -0.1758144173556180634, 0.2045999999999996988 ) ) ;
#3010 = VERTEX_POINT ( 'NONE', #3721 ) ;
#3011 = CARTESIAN_POINT ( 'NONE',  ( 0.1664625085769836366, -0.4402703766517157558, 0.2099999999999997424 ) ) ;
#3012 = CIRCLE ( 'NONE', #3134, 0.05017949192431114813 ) ;
#3013 = CIRCLE ( 'NONE', #1329, 0.07061769145362392641 ) ;
#3014 = ORIENTED_EDGE ( 'NONE', *, *, #1894, .T. ) ;
#3015 = CIRCLE ( 'NONE', #3382, 0.005400000000000004623 ) ;
#3016 = LINE ( 'NONE', #2979, #3378 ) ;
#3017 = CARTESIAN_POINT ( 'NONE',  ( 0.1158144173556400619, 0.4606647595948664131, -0.2045999999999996988 ) ) ;
#3018 = AXIS2_PLACEMENT_3D ( 'NONE', #1956, #2883, #3172 ) ;
#3019 = ORIENTED_EDGE ( 'NONE', *, *, #1943, .T. ) ;
#3020 = ORIENTED_EDGE ( 'NONE', *, *, #1023, .F. ) ;
#3021 = DIRECTION ( 'NONE',  ( -0.9698205465154625671, 0.2438198260118512040, 0.000000000000000000 ) ) ;
#3022 = CIRCLE ( 'NONE', #3519, 0.06594115427318793243 ) ;
#3023 = CARTESIAN_POINT ( 'NONE',  ( -0.1366036739977067871, -0.3102389080265242072, -0.2045999999999998098 ) ) ;
#3024 = EDGE_CURVE ( 'NONE', #1184, #595, #3834, .T. ) ;
#3025 = ORIENTED_EDGE ( 'NONE', *, *, #303, .F. ) ;
#3026 = DIRECTION ( 'NONE',  ( 0.000000000000000000, -1.000000000000000000, -1.622237525928785020E-16 ) ) ;
#3027 = DIRECTION ( 'NONE',  ( -1.000000000000000000, 0.000000000000000000, 0.000000000000000000 ) ) ;
#3028 = DIRECTION ( 'NONE',  ( 1.224646799147353454E-16, 1.224646799147357891E-16, -1.000000000000000000 ) ) ;
#3029 = CARTESIAN_POINT ( 'NONE',  ( -0.1419909415313705958, 0.3098687154647838948, 0.2099999999999997702 ) ) ;
#3030 = ORIENTED_EDGE ( 'NONE', *, *, #1536, .F. ) ;
#3031 = EDGE_CURVE ( 'NONE', #1457, #1879, #3390, .T. ) ;
#3032 = DIRECTION ( 'NONE',  ( 0.000000000000000000, -1.000000000000000000, 0.000000000000000000 ) ) ;
#3033 = ORIENTED_EDGE ( 'NONE', *, *, #1928, .T. ) ;
#3034 = DIRECTION ( 'NONE',  ( -1.224646799147353454E-16, -1.224646799147357891E-16, 1.000000000000000000 ) ) ;
#3035 = CARTESIAN_POINT ( 'NONE',  ( 0.2990719639494843762, 0.2990719373760338806, -0.2099999999999997147 ) ) ;
#3036 = ADVANCED_FACE ( 'NONE', ( #485 ), #2283, .F. ) ;
#3037 = EDGE_LOOP ( 'NONE', ( #2206, #248, #1810, #3110, #2591 ) ) ;
#3038 = EDGE_LOOP ( 'NONE', ( #998, #1594, #2326, #45 ) ) ;
#3039 = CARTESIAN_POINT ( 'NONE',  ( 5.011254702110964883E-17, 5.011254702110983372E-17, -0.2045999999999997820 ) ) ;
#3040 = CARTESIAN_POINT ( 'NONE',  ( -0.06594115427318784917, 0.3838435821108958090, -0.2126999999999997226 ) ) ;
#3041 = VERTEX_POINT ( 'NONE', #3109 ) ;
#3042 = CARTESIAN_POINT ( 'NONE',  ( 0.06749999999999999056, 0.3838435821108957535, 0.2099999999999997702 ) ) ;
#3043 = FACE_OUTER_BOUND ( 'NONE', #828, .T. ) ;
#3044 = DIRECTION ( 'NONE',  ( 0.000000000000000000, -1.000000000000000000, 0.000000000000000000 ) ) ;
#3045 = EDGE_CURVE ( 'NONE', #1953, #3704, #402, .T. ) ;
#3046 = ORIENTED_EDGE ( 'NONE', *, *, #1292, .F. ) ;
#3047 = PLANE ( 'NONE',  #3572 ) ;
#3048 = EDGE_CURVE ( 'NONE', #2318, #2510, #2776, .T. ) ;
#3049 = EDGE_LOOP ( 'NONE', ( #807, #2497, #2970, #2114 ) ) ;
#3050 = FACE_OUTER_BOUND ( 'NONE', #2026, .T. ) ;
#3051 = DIRECTION ( 'NONE',  ( -1.224646799147353454E-16, -1.224646799147357891E-16, 1.000000000000000000 ) ) ;
#3052 = EDGE_CURVE ( 'NONE', #1713, #2547, #2096, .T. ) ;
#3053 = VERTEX_POINT ( 'NONE', #184 ) ;
#3054 = CARTESIAN_POINT ( 'NONE',  ( 0.2990719639494843207, 0.1416203286232684544, 0.2045999999999998098 ) ) ;
#3055 = DIRECTION ( 'NONE',  ( -1.224646799147353454E-16, -1.224646799147357891E-16, 1.000000000000000000 ) ) ;
#3056 = ORIENTED_EDGE ( 'NONE', *, *, #3192, .F. ) ;
#3057 = CARTESIAN_POINT ( 'NONE',  ( 1.656689551439696335E-17, -0.3838435821108957535, -0.2153999999999998416 ) ) ;
#3058 = EDGE_CURVE ( 'NONE', #2960, #1662, #3082, .T. ) ;
#3059 = CARTESIAN_POINT ( 'NONE',  ( 8.729539952128992708E-17, 0.3838435821108958090, -0.2099999999999996592 ) ) ;
#3060 = ORIENTED_EDGE ( 'NONE', *, *, #1323, .T. ) ;
#3061 = VECTOR ( 'NONE', #2581, 39.37007874015748143 ) ;
#3062 = DIRECTION ( 'NONE',  ( -0.2438198260118601135, -0.9698205465154604576, 0.000000000000000000 ) ) ;
#3063 = AXIS2_PLACEMENT_3D ( 'NONE', #2033, #1147, #856 ) ;
#3064 = VECTOR ( 'NONE', #3404, 39.37007874015748143 ) ;
#3065 = EDGE_CURVE ( 'NONE', #2105, #3041, #3647, .T. ) ;
#3066 = ORIENTED_EDGE ( 'NONE', *, *, #1217, .F. ) ;
#3067 = CIRCLE ( 'NONE', #2644, 0.005400000000000009827 ) ;
#3068 = DIRECTION ( 'NONE',  ( -0.000000000000000000, -0.000000000000000000, -1.000000000000000000 ) ) ;
#3069 = AXIS2_PLACEMENT_3D ( 'NONE', #3210, #2937, #2360 ) ;
#3070 = DIRECTION ( 'NONE',  ( -1.224646799147353454E-16, 1.224646799147340635E-16, -1.000000000000000000 ) ) ;
#3071 = AXIS2_PLACEMENT_3D ( 'NONE', #1611, #3396, #2913 ) ;
#3072 = ORIENTED_EDGE ( 'NONE', *, *, #1737, .F. ) ;
#3073 = CARTESIAN_POINT ( 'NONE',  ( -0.5620000171226641195, -0.2810000425229093324, 0.2099999999999997147 ) ) ;
#3074 = DIRECTION ( 'NONE',  ( -4.083114269747209739E-15, 1.000000000000000000, 0.000000000000000000 ) ) ;
#3075 = ADVANCED_FACE ( 'NONE', ( #3093 ), #1720, .T. ) ;
#3076 = DIRECTION ( 'NONE',  ( -1.224646799147353454E-16, 1.224646799147340635E-16, -1.000000000000000000 ) ) ;
#3077 = CIRCLE ( 'NONE', #2274, 0.06594115427318794631 ) ;
#3078 = ORIENTED_EDGE ( 'NONE', *, *, #1552, .T. ) ;
#3079 = AXIS2_PLACEMENT_3D ( 'NONE', #1285, #1584, #3679 ) ;
#3080 = FACE_OUTER_BOUND ( 'NONE', #3038, .T. ) ;
#3081 = EDGE_CURVE ( 'NONE', #595, #763, #1970, .T. ) ;
#3082 = CIRCLE ( 'NONE', #2469, 0.005399999999999995949 ) ;
#3083 = ORIENTED_EDGE ( 'NONE', *, *, #3611, .F. ) ;
#3084 = FACE_OUTER_BOUND ( 'NONE', #339, .T. ) ;
#3085 = AXIS2_PLACEMENT_3D ( 'NONE', #2351, #1447, #1726 ) ;
#3086 = ORIENTED_EDGE ( 'NONE', *, *, #2299, .F. ) ;
#3087 = DIRECTION ( 'NONE',  ( 0.000000000000000000, -1.000000000000000000, -1.289580812719157683E-16 ) ) ;
#3088 = AXIS2_PLACEMENT_3D ( 'NONE', #2972, #1431, #16 ) ;
#3089 = EDGE_CURVE ( 'NONE', #405, #3766, #219, .T. ) ;
#3090 = VERTEX_POINT ( 'NONE', #501 ) ;
#3091 = DIRECTION ( 'NONE',  ( 0.000000000000000000, 2.449293598294706907E-16, -1.000000000000000000 ) ) ;
#3092 = CARTESIAN_POINT ( 'NONE',  ( -0.06594115427318791856, 0.3838435821108957535, 0.2126999999999998336 ) ) ;
#3093 = FACE_OUTER_BOUND ( 'NONE', #511, .T. ) ;
#3094 = EDGE_CURVE ( 'NONE', #888, #2163, #1319, .T. ) ;
#3095 = EDGE_LOOP ( 'NONE', ( #2182, #2478, #374, #1165 ) ) ;
#3096 = DIRECTION ( 'NONE',  ( 1.224646799147353454E-16, 1.224646799147357891E-16, -1.000000000000000000 ) ) ;
#3097 = DIRECTION ( 'NONE',  ( 0.000000000000000000, -1.000000000000000000, 0.000000000000000000 ) ) ;
#3098 = EDGE_CURVE ( 'NONE', #617, #3677, #2217, .T. ) ;
#3099 = DIRECTION ( 'NONE',  ( -1.047444401652940007E-14, 1.000000000000000000, 1.276564483020683708E-16 ) ) ;
#3100 = DIRECTION ( 'NONE',  ( -4.083114269747209739E-15, 1.000000000000000000, 0.000000000000000000 ) ) ;
#3101 = VERTEX_POINT ( 'NONE', #1930 ) ;
#3102 = DIRECTION ( 'NONE',  ( -1.000000000000000000, 0.000000000000000000, 0.000000000000000000 ) ) ;
#3103 = ORIENTED_EDGE ( 'NONE', *, *, #1723, .F. ) ;
#3104 = DIRECTION ( 'NONE',  ( -4.083114269747209739E-15, 1.000000000000000000, 0.000000000000000000 ) ) ;
#3105 = ADVANCED_FACE ( 'NONE', ( #2009 ), #893, .T. ) ;
#3106 = ORIENTED_EDGE ( 'NONE', *, *, #2273, .F. ) ;
#3107 = FACE_OUTER_BOUND ( 'NONE', #1872, .T. ) ;
#3108 = CARTESIAN_POINT ( 'NONE',  ( 0.2990719639494843207, 0.2990719373760338251, 0.2045999999999998376 ) ) ;
#3109 = CARTESIAN_POINT ( 'NONE',  ( -0.1291269798558818405, -0.5136169614345876822, -0.2099999999999998812 ) ) ;
#3110 = ORIENTED_EDGE ( 'NONE', *, *, #1366, .T. ) ;
#3111 = DIRECTION ( 'NONE',  ( 1.499759782661863629E-32, -1.000000000000000000, -1.224646799147357891E-16 ) ) ;
#3112 = CYLINDRICAL_SURFACE ( 'NONE', #3018, 0.05999999999997641248 ) ;
#3113 = DIRECTION ( 'NONE',  ( 0.000000000000000000, 2.449293598294706907E-16, -1.000000000000000000 ) ) ;
#3114 = FACE_OUTER_BOUND ( 'NONE', #49, .T. ) ;
#3115 = ORIENTED_EDGE ( 'NONE', *, *, #2159, .T. ) ;
#3116 = FACE_OUTER_BOUND ( 'NONE', #58, .T. ) ;
#3117 = ADVANCED_FACE ( 'NONE', ( #1502, #2920, #3843, #3, #244 ), #2671, .T. ) ;
#3118 = TOROIDAL_SURFACE ( 'NONE', #1450, 0.1628516087527653866, 0.005400000000000000286 ) ;
#3119 = VECTOR ( 'NONE', #215, 39.37007874015748854 ) ;
#3120 = AXIS2_PLACEMENT_3D ( 'NONE', #3447, #2263, #3736 ) ;
#3121 = ORIENTED_EDGE ( 'NONE', *, *, #1609, .T. ) ;
#3122 = FACE_OUTER_BOUND ( 'NONE', #363, .T. ) ;
#3123 = CIRCLE ( 'NONE', #3063, 0.005399999999999995949 ) ;
#3124 = CARTESIAN_POINT ( 'NONE',  ( -0.2990719373760348798, 0.2990719639494832660, -0.2045999999999997820 ) ) ;
#3125 = AXIS2_PLACEMENT_3D ( 'NONE', #406, #349, #662 ) ;
#3126 = CIRCLE ( 'NONE', #1458, 0.4210000000000292397 ) ;
#3127 = CARTESIAN_POINT ( 'NONE',  ( 0.5620000171226642305, 0.2810000425229092769, -0.2045999999999996710 ) ) ;
#3128 = ORIENTED_EDGE ( 'NONE', *, *, #766, .T. ) ;
#3129 = CIRCLE ( 'NONE', #2953, 0.005400000000000022837 ) ;
#3130 = DIRECTION ( 'NONE',  ( 0.06857187170600211046, -0.9976461789686439374, 0.000000000000000000 ) ) ;
#3131 = DIRECTION ( 'NONE',  ( -1.224646799147353454E-16, -1.224646799147357891E-16, 1.000000000000000000 ) ) ;
#3132 = AXIS2_PLACEMENT_3D ( 'NONE', #1427, #545, #3233 ) ;
#3133 = DIRECTION ( 'NONE',  ( -1.000000000000000000, 2.999519565323727258E-32, -2.449293598294706907E-16 ) ) ;
#3134 = AXIS2_PLACEMENT_3D ( 'NONE', #3400, #1925, #3104 ) ;
#3135 = AXIS2_PLACEMENT_3D ( 'NONE', #2410, #3515, #3295 ) ;
#3136 = ORIENTED_EDGE ( 'NONE', *, *, #2869, .T. ) ;
#3137 = DIRECTION ( 'NONE',  ( 0.000000000000000000, 0.000000000000000000, 1.000000000000000000 ) ) ;
#3138 = DIRECTION ( 'NONE',  ( -1.224646799147353454E-16, -1.224646799147357891E-16, 1.000000000000000000 ) ) ;
#3139 = EDGE_CURVE ( 'NONE', #230, #185, #655, .T. ) ;
#3140 = CIRCLE ( 'NONE', #2404, 0.005400000000000005490 ) ;
#3141 = CARTESIAN_POINT ( 'NONE',  ( 2.571758278209439430E-17, -2.571758278209412621E-17, 0.2099999999999997702 ) ) ;
#3142 = DIRECTION ( 'NONE',  ( 0.000000000000000000, -1.000000000000000000, 0.000000000000000000 ) ) ;
#3143 = EDGE_LOOP ( 'NONE', ( #2912, #3352, #2424, #3417 ) ) ;
#3144 = CARTESIAN_POINT ( 'NONE',  ( 0.06594115427318794631, -0.3838435821108957535, -0.2126999999999998614 ) ) ;
#3145 = VECTOR ( 'NONE', #3463, 39.37007874015748854 ) ;
#3146 = EDGE_CURVE ( 'NONE', #1432, #3197, #1408, .T. ) ;
#3147 = VERTEX_POINT ( 'NONE', #3501 ) ;
#3148 = CARTESIAN_POINT ( 'NONE',  ( 0.3102390035719949091, 0.1366036521649431623, -0.2099999999999997424 ) ) ;
#3149 = CIRCLE ( 'NONE', #412, 0.005400000000000004623 ) ;
#3150 = ORIENTED_EDGE ( 'NONE', *, *, #1551, .T. ) ;
#3151 = AXIS2_PLACEMENT_3D ( 'NONE', #2100, #609, #1801 ) ;
#3152 = DIRECTION ( 'NONE',  ( 0.9976461789686439374, 0.06857187170600212434, 2.611481045903672210E-16 ) ) ;
#3153 = DIRECTION ( 'NONE',  ( 0.000000000000000000, 2.449293598294706907E-16, -1.000000000000000000 ) ) ;
#3154 = DIRECTION ( 'NONE',  ( 0.000000000000000000, -2.449293598294706907E-16, 1.000000000000000000 ) ) ;
#3155 = AXIS2_PLACEMENT_3D ( 'NONE', #1785, #2911, #3550 ) ;
#3156 = ORIENTED_EDGE ( 'NONE', *, *, #2930, .T. ) ;
#3157 = CARTESIAN_POINT ( 'NONE',  ( 7.709095895012419285E-18, -0.3179024278377078350, -0.2126999999999998614 ) ) ;
#3158 = CARTESIAN_POINT ( 'NONE',  ( -0.2990719373760348798, 0.2990719639494832660, -0.2045999999999997820 ) ) ;
#3159 = VERTEX_POINT ( 'NONE', #306 ) ;
#3160 = DIRECTION ( 'NONE',  ( -1.224646799147353454E-16, -1.224646799147357891E-16, 1.000000000000000000 ) ) ;
#3161 = EDGE_CURVE ( 'NONE', #3010, #1407, #600, .T. ) ;
#3162 = EDGE_LOOP ( 'NONE', ( #986, #3459, #2612, #2435 ) ) ;
#3163 = CARTESIAN_POINT ( 'NONE',  ( -0.5620000171226640084, -0.2810000425229092769, -0.2045999999999998931 ) ) ;
#3164 = ADVANCED_FACE ( 'NONE', ( #1736 ), #3526, .T. ) ;
#3165 = ORIENTED_EDGE ( 'NONE', *, *, #2546, .F. ) ;
#3166 = DIRECTION ( 'NONE',  ( 0.3735233203159198934, 0.9276207895364196876, 0.000000000000000000 ) ) ;
#3167 = DIRECTION ( 'NONE',  ( 0.000000000000000000, -1.000000000000000000, -2.168799683363256718E-16 ) ) ;
#3168 = DIRECTION ( 'NONE',  ( 1.499759782661863629E-32, -1.000000000000000000, -1.224646799147357891E-16 ) ) ;
#3169 = EDGE_CURVE ( 'NONE', #2823, #3535, #2715, .T. ) ;
#3170 = VERTEX_POINT ( 'NONE', #3245 ) ;
#3171 = DIRECTION ( 'NONE',  ( -0.000000000000000000, -0.000000000000000000, -1.000000000000000000 ) ) ;
#3172 = DIRECTION ( 'NONE',  ( 3.414809992081671369E-15, -1.000000000000000000, 0.000000000000000000 ) ) ;
#3173 = ORIENTED_EDGE ( 'NONE', *, *, #3081, .T. ) ;
#3174 = CARTESIAN_POINT ( 'NONE',  ( -0.1291269798558819237, 0.5136169614345876822, 0.2045999999999998098 ) ) ;
#3175 = DIRECTION ( 'NONE',  ( -1.000000000000000000, 1.499759782661863629E-32, -1.224646799147353454E-16 ) ) ;
#3176 = ORIENTED_EDGE ( 'NONE', *, *, #2623, .T. ) ;
#3177 = FACE_OUTER_BOUND ( 'NONE', #2434, .T. ) ;
#3178 = EDGE_CURVE ( 'NONE', #2043, #794, #2838, .T. ) ;
#3179 = ORIENTED_EDGE ( 'NONE', *, *, #3045, .T. ) ;
#3180 = CARTESIAN_POINT ( 'NONE',  ( 0.2990719639494843207, 0.2990719373760338251, 0.2099999999999998535 ) ) ;
#3181 = ADVANCED_FACE ( 'NONE', ( #874 ), #1656, .T. ) ;
#3182 = TOROIDAL_SURFACE ( 'NONE', #1515, 0.05459999999997639658, 0.005400000000000000286 ) ;
#3183 =( CONVERSION_BASED_UNIT ( 'INCH', #1690 ) LENGTH_UNIT ( ) NAMED_UNIT ( #563 ) );
#3184 = ORIENTED_EDGE ( 'NONE', *, *, #831, .F. ) ;
#3185 = CARTESIAN_POINT ( 'NONE',  ( 0.06594115427318787692, -0.3838435821108958090, 0.2126999999999997504 ) ) ;
#3186 = CARTESIAN_POINT ( 'NONE',  ( 3.619088859287092188E-17, 0.3838435821108957535, 0.2099999999999997979 ) ) ;
#3187 = AXIS2_PLACEMENT_3D ( 'NONE', #27, #2730, #658 ) ;
#3188 = DIRECTION ( 'NONE',  ( 0.000000000000000000, -1.000000000000000000, 0.000000000000000000 ) ) ;
#3189 = AXIS2_PLACEMENT_3D ( 'NONE', #1463, #2567, #1121 ) ;
#3190 = AXIS2_PLACEMENT_3D ( 'NONE', #3664, #619, #970 ) ;
#3191 = ORIENTED_EDGE ( 'NONE', *, *, #2794, .F. ) ;
#3192 = EDGE_CURVE ( 'NONE', #1302, #888, #3837, .T. ) ;
#3193 = DIRECTION ( 'NONE',  ( 1.224646799147353454E-16, 1.224646799147357891E-16, -1.000000000000000000 ) ) ;
#3194 = CIRCLE ( 'NONE', #953, 0.005400000000000029776 ) ;
#3195 = DIRECTION ( 'NONE',  ( 0.000000000000000000, -1.000000000000000000, -1.601693242063834672E-16 ) ) ;
#3196 = AXIS2_PLACEMENT_3D ( 'NONE', #2315, #3498, #3480 ) ;
#3197 = VERTEX_POINT ( 'NONE', #3211 ) ;
#3198 = AXIS2_PLACEMENT_3D ( 'NONE', #1098, #1984, #2272 ) ;
#3199 = DIRECTION ( 'NONE',  ( 1.224646799147353454E-16, 1.224646799147357891E-16, -1.000000000000000000 ) ) ;
#3200 = DIRECTION ( 'NONE',  ( 0.000000000000000000, -1.000000000000000000, 0.000000000000000000 ) ) ;
#3201 = ORIENTED_EDGE ( 'NONE', *, *, #1556, .F. ) ;
#3202 = DIRECTION ( 'NONE',  ( 1.224646799147353454E-16, 1.224646799147357891E-16, -1.000000000000000000 ) ) ;
#3203 = AXIS2_PLACEMENT_3D ( 'NONE', #2775, #73, #2133 ) ;
#3204 = EDGE_LOOP ( 'NONE', ( #3275, #2061 ) ) ;
#3205 = AXIS2_PLACEMENT_3D ( 'NONE', #1205, #1173, #2039 ) ;
#3206 = DIRECTION ( 'NONE',  ( -0.9698205465154604576, 0.2438198260118601413, 0.000000000000000000 ) ) ;
#3207 = AXIS2_PLACEMENT_3D ( 'NONE', #1566, #367, #3334 ) ;
#3208 = ORIENTED_EDGE ( 'NONE', *, *, #2987, .F. ) ;
#3209 = DIRECTION ( 'NONE',  ( 1.224646799147353454E-16, 1.224646799147357891E-16, -1.000000000000000000 ) ) ;
#3210 = CARTESIAN_POINT ( 'NONE',  ( 0.1366036739977068426, 0.3102389080265243182, -0.2045999999999997543 ) ) ;
#3211 = CARTESIAN_POINT ( 'NONE',  ( -0.5136169614345880152, 0.1291269798558801196, -0.2099999999999998535 ) ) ;
#3212 = ORIENTED_EDGE ( 'NONE', *, *, #2947, .F. ) ;
#3213 = DIRECTION ( 'NONE',  ( -9.857654123112514505E-33, -1.000000000000000000, -1.224646799147357891E-16 ) ) ;
#3214 = DIRECTION ( 'NONE',  ( 1.224646799147353454E-16, 1.224646799147357891E-16, -1.000000000000000000 ) ) ;
#3215 = TOROIDAL_SURFACE ( 'NONE', #1543, 0.4264000000000292001, 0.005400000000000000286 ) ;
#3216 = EDGE_CURVE ( 'NONE', #1662, #2716, #2158, .T. ) ;
#3217 = ORIENTED_EDGE ( 'NONE', *, *, #351, .F. ) ;
#3218 = CARTESIAN_POINT ( 'NONE',  ( -0.3838435821108957535, -1.330040052799887844E-15, 0.2099999999999997424 ) ) ;
#3219 = CARTESIAN_POINT ( 'NONE',  ( -0.4402703863056267597, 0.1664625124643052401, 0.2099999999999997424 ) ) ;
#3220 = ORIENTED_EDGE ( 'NONE', *, *, #3024, .F. ) ;
#3221 = DIRECTION ( 'NONE',  ( -4.372185065911663569E-33, -1.000000000000000000, -1.224646799147357891E-16 ) ) ;
#3222 = EDGE_CURVE ( 'NONE', #1457, #505, #2343, .T. ) ;
#3223 = DIRECTION ( 'NONE',  ( 0.000000000000000000, -1.000000000000000000, -1.622237525928785020E-16 ) ) ;
#3224 = ORIENTED_EDGE ( 'NONE', *, *, #12, .F. ) ;
#3225 = CARTESIAN_POINT ( 'NONE',  ( 0.2990719373760370448, -0.2990719639494811566, -0.2099999999999997702 ) ) ;
#3226 = APPLICATION_PROTOCOL_DEFINITION ( 'draft international standard', 'automotive_design', 1998, #639 ) ;
#3227 = ORIENTED_EDGE ( 'NONE', *, *, #3031, .F. ) ;
#3228 = DIRECTION ( 'NONE',  ( -1.224646799147353454E-16, -1.224646799147357891E-16, 1.000000000000000000 ) ) ;
#3229 = FACE_OUTER_BOUND ( 'NONE', #2018, .T. ) ;
#3230 = CARTESIAN_POINT ( 'NONE',  ( 8.779138147494461451E-17, 0.3179024278377078905, -0.2126999999999997226 ) ) ;
#3231 = EDGE_CURVE ( 'NONE', #378, #1695, #1276, .T. ) ;
#3232 = ORIENTED_EDGE ( 'NONE', *, *, #2362, .F. ) ;
#3233 = DIRECTION ( 'NONE',  ( -1.041023848014363225E-14, 1.000000000000000000, 2.168799683363256718E-16 ) ) ;
#3234 = EDGE_CURVE ( 'NONE', #1, #2161, #3269, .T. ) ;
#3235 = ORIENTED_EDGE ( 'NONE', *, *, #3216, .T. ) ;
#3236 = DIRECTION ( 'NONE',  ( -1.000000000000000000, 1.499759782661863629E-32, -1.224646799147353454E-16 ) ) ;
#3237 = DIRECTION ( 'NONE',  ( 0.000000000000000000, -1.000000000000000000, 0.000000000000000000 ) ) ;
#3238 = ORIENTED_EDGE ( 'NONE', *, *, #1686, .T. ) ;
#3239 = CARTESIAN_POINT ( 'NONE',  ( 0.1304436069163459611, 0.5188539923857711234, 0.2099999999999997702 ) ) ;
#3240 = FACE_OUTER_BOUND ( 'NONE', #2731, .T. ) ;
#3241 = ORIENTED_EDGE ( 'NONE', *, *, #2623, .F. ) ;
#3242 = EDGE_CURVE ( 'NONE', #3395, #794, #3771, .T. ) ;
#3243 = ORIENTED_EDGE ( 'NONE', *, *, #3234, .T. ) ;
#3244 = CARTESIAN_POINT ( 'NONE',  ( -0.2990719373760349353, 0.2990719639494832105, 0.2045999999999997820 ) ) ;
#3245 = CARTESIAN_POINT ( 'NONE',  ( -3.569490663921628992E-17, -0.4497847363840837831, 0.2126999999999997504 ) ) ;
#3246 = CIRCLE ( 'NONE', #1005, 0.005399999999999995949 ) ;
#3247 = VERTEX_POINT ( 'NONE', #2056 ) ;
#3248 = CIRCLE ( 'NONE', #1253, 0.005399999999999995949 ) ;
#3249 = DIRECTION ( 'NONE',  ( -1.224646799147353454E-16, -1.224646799147357891E-16, 1.000000000000000000 ) ) ;
#3250 = DIRECTION ( 'NONE',  ( 1.224646799147353454E-16, 1.224646799147357891E-16, -1.000000000000000000 ) ) ;
#3251 = TOROIDAL_SURFACE ( 'NONE', #10, 0.05459999999997646597, 0.005400000000000000286 ) ;
#3252 = CIRCLE ( 'NONE', #2141, 0.4210000000000291842 ) ;
#3253 = AXIS2_PLACEMENT_3D ( 'NONE', #792, #1436, #2548 ) ;
#3254 = VERTEX_POINT ( 'NONE', #267 ) ;
#3255 = FACE_OUTER_BOUND ( 'NONE', #1362, .T. ) ;
#3256 = CARTESIAN_POINT ( 'NONE',  ( -0.4606647595948659135, -0.1158144173556415885, -0.2045999999999998376 ) ) ;
#3257 = VERTEX_POINT ( 'NONE', #3230 ) ;
#3258 = CIRCLE ( 'NONE', #643, 0.4264000000000292001 ) ;
#3259 = DIRECTION ( 'NONE',  ( 0.000000000000000000, -1.000000000000000000, 0.000000000000000000 ) ) ;
#3260 = AXIS2_PLACEMENT_3D ( 'NONE', #1076, #2837, #2311 ) ;
#3261 = DIRECTION ( 'NONE',  ( 1.224646799147353454E-16, 1.224646799147357891E-16, -1.000000000000000000 ) ) ;
#3262 = VERTEX_POINT ( 'NONE', #1465 ) ;
#3263 = AXIS2_PLACEMENT_3D ( 'NONE', #2502, #3628, #115 ) ;
#3264 = EDGE_CURVE ( 'NONE', #1695, #1859, #2406, .T. ) ;
#3265 = CIRCLE ( 'NONE', #1840, 0.1574516087527653707 ) ;
#3266 = VERTEX_POINT ( 'NONE', #3600 ) ;
#3267 = DIRECTION ( 'NONE',  ( -1.000000000000000000, 0.000000000000000000, 0.000000000000000000 ) ) ;
#3268 = CARTESIAN_POINT ( 'NONE',  ( -0.4606647595948666907, 0.1158144173556384243, -0.2099999999999997979 ) ) ;
#3269 = CIRCLE ( 'NONE', #2897, 0.005399999999999994214 ) ;
#3270 = EDGE_CURVE ( 'NONE', #494, #2960, #1216, .T. ) ;
#3271 = ORIENTED_EDGE ( 'NONE', *, *, #2532, .T. ) ;
#3272 = DIRECTION ( 'NONE',  ( 1.224646799147353454E-16, 1.224646799147357891E-16, -1.000000000000000000 ) ) ;
#3273 = DIRECTION ( 'NONE',  ( -1.041023848014363225E-14, 1.000000000000000000, 2.168799683363256718E-16 ) ) ;
#3274 = AXIS2_PLACEMENT_3D ( 'NONE', #2019, #3199, #234 ) ;
#3275 = ORIENTED_EDGE ( 'NONE', *, *, #1364, .T. ) ;
#3276 = DIRECTION ( 'NONE',  ( 1.224646799147353454E-16, 1.224646799147357891E-16, -1.000000000000000000 ) ) ;
#3277 = CARTESIAN_POINT ( 'NONE',  ( 9.464328031617404238E-17, 0.3838435821108958090, -0.2399999999999996581 ) ) ;
#3278 = DIRECTION ( 'NONE',  ( 1.224646799147353454E-16, 1.224646799147357891E-16, -1.000000000000000000 ) ) ;
#3279 = CIRCLE ( 'NONE', #2289, 0.06594115427318794631 ) ;
#3280 = EDGE_CURVE ( 'NONE', #2271, #1547, #3813, .T. ) ;
#3281 = CARTESIAN_POINT ( 'NONE',  ( 3.586023395710116313E-17, 0.3838435821108957535, 0.2126999999999998336 ) ) ;
#3282 = ORIENTED_EDGE ( 'NONE', *, *, #1493, .F. ) ;
#3283 = VECTOR ( 'NONE', #1817, 39.37007874015748143 ) ;
#3284 = ORIENTED_EDGE ( 'NONE', *, *, #1248, .T. ) ;
#3285 = DIRECTION ( 'NONE',  ( 0.000000000000000000, -1.000000000000000000, -1.622237525928784773E-16 ) ) ;
#3286 = CARTESIAN_POINT ( 'NONE',  ( 3.586023395710116313E-17, 0.3838435821108957535, 0.2399999999999997691 ) ) ;
#3287 = ORIENTED_EDGE ( 'NONE', *, *, #3500, .F. ) ;
#3288 = CARTESIAN_POINT ( 'NONE',  ( 0.4606647595948676344, -0.1758144173556115963, -0.2045999999999997543 ) ) ;
#3289 = EDGE_CURVE ( 'NONE', #2444, #2105, #2813, .T. ) ;
#3290 = DIRECTION ( 'NONE',  ( 0.000000000000000000, -1.000000000000000000, 0.000000000000000000 ) ) ;
#3291 = ORIENTED_EDGE ( 'NONE', *, *, #3859, .F. ) ;
#3292 = CARTESIAN_POINT ( 'NONE',  ( -0.3102389080265245402, 0.1366036739977058434, -0.2045999999999997820 ) ) ;
#3293 = CARTESIAN_POINT ( 'NONE',  ( -0.5188539923857705682, -0.1304436069163477652, -0.2045999999999998931 ) ) ;
#3294 = EDGE_CURVE ( 'NONE', #550, #3557, #1512, .T. ) ;
#3295 = DIRECTION ( 'NONE',  ( -8.387537631917540848E-16, -1.000000000000000000, -2.096884407979385212E-16 ) ) ;
#3296 = FACE_OUTER_BOUND ( 'NONE', #969, .T. ) ;
#3297 = EDGE_LOOP ( 'NONE', ( #3287, #1926, #3323, #2618, #1255, #820 ) ) ;
#3298 = DIRECTION ( 'NONE',  ( -1.224646799147353454E-16, -1.224646799147357891E-16, 1.000000000000000000 ) ) ;
#3299 = ORIENTED_EDGE ( 'NONE', *, *, #512, .T. ) ;
#3300 = DIRECTION ( 'NONE',  ( -1.224646799147353454E-16, -1.224646799147357891E-16, 1.000000000000000000 ) ) ;
#3301 = TOROIDAL_SURFACE ( 'NONE', #1629, 0.5295999999999999597, 0.005400000000000000286 ) ;
#3302 = CARTESIAN_POINT ( 'NONE',  ( -0.1158144173556400064, 0.4606647595948664131, 0.2099999999999997979 ) ) ;
#3303 = EDGE_CURVE ( 'NONE', #3247, #3728, #60, .T. ) ;
#3304 = ORIENTED_EDGE ( 'NONE', *, *, #1977, .T. ) ;
#3305 = LINE ( 'NONE', #2436, #3819 ) ;
#3306 = AXIS2_PLACEMENT_3D ( 'NONE', #3302, #3661, #2124 ) ;
#3307 = EDGE_CURVE ( 'NONE', #2493, #2252, #1520, .T. ) ;
#3308 = AXIS2_PLACEMENT_3D ( 'NONE', #817, #1739, #1172 ) ;
#3309 = VERTEX_POINT ( 'NONE', #676 ) ;
#3310 = DIRECTION ( 'NONE',  ( 1.499759782661863629E-32, -1.000000000000000000, -1.224646799147357891E-16 ) ) ;
#3311 = CARTESIAN_POINT ( 'NONE',  ( -0.1714716604560198587, 0.4382533497672274070, -0.2045999999999997543 ) ) ;
#3312 = STYLED_ITEM ( 'NONE', ( #3538 ), #725 ) ;
#3313 = DIRECTION ( 'NONE',  ( 0.000000000000000000, -1.000000000000000000, -1.622237525928785267E-16 ) ) ;
#3314 = CIRCLE ( 'NONE', #892, 0.05017949192431114813 ) ;
#3315 = EDGE_CURVE ( 'NONE', #927, #2551, #2445, .T. ) ;
#3316 = CIRCLE ( 'NONE', #1327, 0.06594115427318794631 ) ;
#3317 = CARTESIAN_POINT ( 'NONE',  ( -0.4606647595948667462, 0.1158144173556383688, 0.2099999999999997424 ) ) ;
#3318 = ORIENTED_EDGE ( 'NONE', *, *, #2500, .F. ) ;
#3319 = CARTESIAN_POINT ( 'NONE',  ( -0.1158144173556399509, -0.4606647595948663576, -0.2045999999999998376 ) ) ;
#3320 = VECTOR ( 'NONE', #1883, 39.37007874015748143 ) ;
#3321 = CIRCLE ( 'NONE', #276, 0.05459999999997645209 ) ;
#3322 = EDGE_CURVE ( 'NONE', #3041, #2547, #1384, .T. ) ;
#3323 = ORIENTED_EDGE ( 'NONE', *, *, #2947, .T. ) ;
#3324 = AXIS2_PLACEMENT_3D ( 'NONE', #3409, #740, #1698 ) ;
#3325 = FACE_OUTER_BOUND ( 'NONE', #2119, .T. ) ;
#3326 = DIRECTION ( 'NONE',  ( 1.224646799147351975E-16, 0.000000000000000000, -1.000000000000000000 ) ) ;
#3327 = CIRCLE ( 'NONE', #2959, 0.5350000000000000311 ) ;
#3328 = ORIENTED_EDGE ( 'NONE', *, *, #1748, .T. ) ;
#3329 = ORIENTED_EDGE ( 'NONE', *, *, #2555, .F. ) ;
#3330 = DIRECTION ( 'NONE',  ( -3.414809992081671763E-15, -1.000000000000000000, 0.000000000000000000 ) ) ;
#3331 = AXIS2_PLACEMENT_3D ( 'NONE', #1123, #3820, #1753 ) ;
#3332 = DIRECTION ( 'NONE',  ( 1.224646799147353454E-16, 1.224646799147357891E-16, -1.000000000000000000 ) ) ;
#3333 = ORIENTED_EDGE ( 'NONE', *, *, #3798, .T. ) ;
#3334 = DIRECTION ( 'NONE',  ( 6.246603644048955121E-15, -1.000000000000000000, -1.601693242063834425E-16 ) ) ;
#3335 = DIRECTION ( 'NONE',  ( -0.000000000000000000, -0.000000000000000000, -1.000000000000000000 ) ) ;
#3336 = VECTOR ( 'NONE', #1036, 39.37007874015748854 ) ;
#3337 = DIRECTION ( 'NONE',  ( 3.487810680746887633E-15, -1.000000000000000000, -1.622237525928785020E-16 ) ) ;
#3338 = EDGE_CURVE ( 'NONE', #786, #2493, #1006, .T. ) ;
#3339 =( NAMED_UNIT ( * ) SI_UNIT ( $, .STERADIAN. ) SOLID_ANGLE_UNIT ( ) );
#3340 = ORIENTED_EDGE ( 'NONE', *, *, #307, .T. ) ;
#3341 = DIRECTION ( 'NONE',  ( -1.224646799147353454E-16, -1.224646799147357891E-16, 1.000000000000000000 ) ) ;
#3342 = ADVANCED_FACE ( 'NONE', ( #43 ), #1884, .T. ) ;
#3343 = AXIS2_PLACEMENT_3D ( 'NONE', #353, #2188, #2486 ) ;
#3344 = ORIENTED_EDGE ( 'NONE', *, *, #1606, .F. ) ;
#3345 = CARTESIAN_POINT ( 'NONE',  ( 0.1419909635213339738, 0.3098686222063564699, 0.2099999999999997702 ) ) ;
#3346 = CARTESIAN_POINT ( 'NONE',  ( 0.2990719373760369892, -0.2990719639494812121, 0.2045999999999997820 ) ) ;
#3347 = ORIENTED_EDGE ( 'NONE', *, *, #1729, .F. ) ;
#3348 = ORIENTED_EDGE ( 'NONE', *, *, #1615, .T. ) ;
#3349 = CARTESIAN_POINT ( 'NONE',  ( 8.828736342859927729E-17, 0.3838435821108958090, -0.2153999999999997028 ) ) ;
#3350 = CARTESIAN_POINT ( 'NONE',  ( -0.2990719639494843207, -0.2990719373760338251, -0.2045999999999998376 ) ) ;
#3351 = EDGE_CURVE ( 'NONE', #1953, #3159, #3745, .T. ) ;
#3352 = ORIENTED_EDGE ( 'NONE', *, *, #3303, .T. ) ;
#3353 = FACE_OUTER_BOUND ( 'NONE', #871, .T. ) ;
#3354 = CARTESIAN_POINT ( 'NONE',  ( -0.1419909635213339183, -0.3098686222063564699, -0.2045999999999998376 ) ) ;
#3355 = CARTESIAN_POINT ( 'NONE',  ( 1.590558624285739655E-17, -0.3838435821108957535, -0.2099999999999998535 ) ) ;
#3356 = ADVANCED_FACE ( 'NONE', ( #1577 ), #573, .T. ) ;
#3357 = DIRECTION ( 'NONE',  ( 1.000000000000000000, 0.000000000000000000, 0.000000000000000000 ) ) ;
#3358 = ORIENTED_EDGE ( 'NONE', *, *, #3637, .T. ) ;
#3359 = CARTESIAN_POINT ( 'NONE',  ( -0.3098687154647833397, -0.1419909415313716505, -0.2045999999999998376 ) ) ;
#3360 = EDGE_CURVE ( 'NONE', #1104, #1633, #3623, .T. ) ;
#3361 = ORIENTED_EDGE ( 'NONE', *, *, #2794, .T. ) ;
#3362 = DIRECTION ( 'NONE',  ( 1.224646799147353454E-16, 1.224646799147357891E-16, -1.000000000000000000 ) ) ;
#3363 = DIRECTION ( 'NONE',  ( 0.000000000000000000, -1.000000000000000000, -1.601693242063834425E-16 ) ) ;
#3364 = EDGE_LOOP ( 'NONE', ( #1476, #3291, #463, #3453 ) ) ;
#3365 = CARTESIAN_POINT ( 'NONE',  ( -0.3838435821108955870, -0.05017949192431248040, 0.2399999999999997413 ) ) ;
#3366 = CARTESIAN_POINT ( 'NONE',  ( -0.3838435821108957535, -0.07061769145362527256, 0.2099999999999997424 ) ) ;
#3367 = DIRECTION ( 'NONE',  ( 0.000000000000000000, -1.000000000000000000, 0.000000000000000000 ) ) ;
#3368 = EDGE_LOOP ( 'NONE', ( #867, #2865, #3136, #117 ) ) ;
#3369 = DIRECTION ( 'NONE',  ( 0.000000000000000000, 0.000000000000000000, -1.000000000000000000 ) ) ;
#3370 = DIRECTION ( 'NONE',  ( 1.499759782661863629E-32, -1.000000000000000000, -1.224646799147357891E-16 ) ) ;
#3371 = TOROIDAL_SURFACE ( 'NONE', #1135, 0.4264000000000292001, 0.005400000000000000286 ) ;
#3372 = FACE_OUTER_BOUND ( 'NONE', #883, .T. ) ;
#3373 = EDGE_LOOP ( 'NONE', ( #523, #2597, #3173, #2417, #409 ) ) ;
#3374 = CIRCLE ( 'NONE', #2137, 0.005399999999999995949 ) ;
#3375 = FACE_OUTER_BOUND ( 'NONE', #181, .T. ) ;
#3376 = AXIS2_PLACEMENT_3D ( 'NONE', #484, #1085, #1303 ) ;
#3377 = VERTEX_POINT ( 'NONE', #2476 ) ;
#3378 = VECTOR ( 'NONE', #320, 39.37007874015748143 ) ;
#3379 = CARTESIAN_POINT ( 'NONE',  ( -0.1714716604560198865, 0.4382533497672273515, 0.2099999999999997702 ) ) ;
#3380 = AXIS2_PLACEMENT_3D ( 'NONE', #3634, #2233, #1923 ) ;
#3381 = EDGE_CURVE ( 'NONE', #3863, #2756, #3374, .T. ) ;
#3382 = AXIS2_PLACEMENT_3D ( 'NONE', #2077, #1818, #920 ) ;
#3383 = ORIENTED_EDGE ( 'NONE', *, *, #295, .F. ) ;
#3384 = CARTESIAN_POINT ( 'NONE',  ( 0.3838435821108957535, 0.07061769145362786770, 0.2099999999999997979 ) ) ;
#3385 = DIRECTION ( 'NONE',  ( 0.000000000000000000, -1.000000000000000000, 0.000000000000000000 ) ) ;
#3386 = FACE_OUTER_BOUND ( 'NONE', #547, .T. ) ;
#3387 = CIRCLE ( 'NONE', #2648, 0.07061769145362392641 ) ;
#3388 = EDGE_CURVE ( 'NONE', #1163, #272, #2196, .T. ) ;
#3389 = ORIENTED_EDGE ( 'NONE', *, *, #3838, .F. ) ;
#3390 = CIRCLE ( 'NONE', #3450, 0.05017949192431114813 ) ;
#3391 = CARTESIAN_POINT ( 'NONE',  ( -0.05017949192431112732, -0.3838435821108957535, -0.2399999999999997691 ) ) ;
#3392 = FACE_OUTER_BOUND ( 'NONE', #1947, .T. ) ;
#3393 = AXIS2_PLACEMENT_3D ( 'NONE', #3405, #3758, #736 ) ;
#3394 = DIRECTION ( 'NONE',  ( 2.449293598294706907E-16, 2.449293598294715782E-16, -1.000000000000000000 ) ) ;
#3395 = VERTEX_POINT ( 'NONE', #1300 ) ;
#3396 = DIRECTION ( 'NONE',  ( -0.3735234971274700166, 0.9276207183400255740, 1.357146776748806624E-16 ) ) ;
#3397 = EDGE_CURVE ( 'NONE', #1288, #1760, #3248, .T. ) ;
#3398 = AXIS2_PLACEMENT_3D ( 'NONE', #2662, #821, #3850 ) ;
#3399 = ORIENTED_EDGE ( 'NONE', *, *, #1652, .F. ) ;
#3400 = CARTESIAN_POINT ( 'NONE',  ( -0.3838435821108957535, -1.333713993197329969E-15, 0.2399999999999997413 ) ) ;
#3401 = AXIS2_PLACEMENT_3D ( 'NONE', #3741, #1177, #2640 ) ;
#3402 = EDGE_LOOP ( 'NONE', ( #2935, #1341, #3156, #2940 ) ) ;
#3403 = ORIENTED_EDGE ( 'NONE', *, *, #1097, .T. ) ;
#3404 = DIRECTION ( 'NONE',  ( -1.224646799147353454E-16, 1.224646799147340635E-16, -1.000000000000000000 ) ) ;
#3405 = CARTESIAN_POINT ( 'NONE',  ( 0.4402703766517139794, 0.1664625085769882440, -0.2045999999999996988 ) ) ;
#3406 = ORIENTED_EDGE ( 'NONE', *, *, #2492, .F. ) ;
#3407 = EDGE_CURVE ( 'NONE', #1415, #420, #444, .T. ) ;
#3408 = CYLINDRICAL_SURFACE ( 'NONE', #2320, 0.05999999999997646105 ) ;
#3409 = CARTESIAN_POINT ( 'NONE',  ( -0.2990719373760349353, 0.2990719639494832105, 0.2099999999999997702 ) ) ;
#3410 = CARTESIAN_POINT ( 'NONE',  ( 0.2809999574765484898, 0.5619999828772017647, -0.2045999999999996710 ) ) ;
#3411 = DIRECTION ( 'NONE',  ( -1.224646799147355426E-16, 0.000000000000000000, 1.000000000000000000 ) ) ;
#3412 = ORIENTED_EDGE ( 'NONE', *, *, #994, .F. ) ;
#3413 = FACE_OUTER_BOUND ( 'NONE', #1237, .T. ) ;
#3414 = VERTEX_POINT ( 'NONE', #2994 ) ;
#3415 = DIRECTION ( 'NONE',  ( -0.000000000000000000, -0.000000000000000000, -1.000000000000000000 ) ) ;
#3416 = CARTESIAN_POINT ( 'NONE',  ( 3.586023395710116313E-17, 0.3838435821108957535, 0.2099999999999997702 ) ) ;
#3417 = ORIENTED_EDGE ( 'NONE', *, *, #3553, .F. ) ;
#3418 = VERTEX_POINT ( 'NONE', #321 ) ;
#3419 = EDGE_CURVE ( 'NONE', #2252, #1621, #1822, .T. ) ;
#3420 = CARTESIAN_POINT ( 'NONE',  ( 0.1304436069163459888, 0.5188539923857712344, -0.2045999999999996710 ) ) ;
#3421 = DIRECTION ( 'NONE',  ( 0.000000000000000000, -1.000000000000000000, 0.000000000000000000 ) ) ;
#3422 = EDGE_LOOP ( 'NONE', ( #438, #3794, #746, #3475, #1442 ) ) ;
#3423 = DIRECTION ( 'NONE',  ( 3.414809992081671369E-15, -1.000000000000000000, 0.000000000000000000 ) ) ;
#3424 = DIRECTION ( 'NONE',  ( -1.224646799147353454E-16, -1.224646799147357891E-16, 1.000000000000000000 ) ) ;
#3425 = ADVANCED_FACE ( 'NONE', ( #2250 ), #3182, .T. ) ;
#3426 = FACE_OUTER_BOUND ( 'NONE', #3037, .T. ) ;
#3427 = DIRECTION ( 'NONE',  ( 1.224646799147353454E-16, -1.224646799147340635E-16, 1.000000000000000000 ) ) ;
#3428 = ORIENTED_EDGE ( 'NONE', *, *, #3575, .F. ) ;
#3429 = CARTESIAN_POINT ( 'NONE',  ( 0.4606647595948651919, 0.1158144173556448081, 0.2099999999999997424 ) ) ;
#3430 = EDGE_CURVE ( 'NONE', #2732, #555, #2631, .T. ) ;
#3431 = CIRCLE ( 'NONE', #3560, 0.4210000000000291842 ) ;
#3432 = VECTOR ( 'NONE', #472, 39.37007874015748143 ) ;
#3433 = AXIS2_PLACEMENT_3D ( 'NONE', #781, #2226, #2287 ) ;
#3434 = ORIENTED_EDGE ( 'NONE', *, *, #1283, .T. ) ;
#3435 = AXIS2_PLACEMENT_3D ( 'NONE', #3073, #3091, #2802 ) ;
#3436 = CIRCLE ( 'NONE', #1826, 0.05017949192431114813 ) ;
#3437 = AXIS2_PLACEMENT_3D ( 'NONE', #2069, #2378, #164 ) ;
#3438 = ORIENTED_EDGE ( 'NONE', *, *, #307, .F. ) ;
#3439 = AXIS2_PLACEMENT_3D ( 'NONE', #1752, #2724, #2007 ) ;
#3440 = EDGE_LOOP ( 'NONE', ( #1175, #2385, #1971, #1449 ) ) ;
#3441 = FACE_OUTER_BOUND ( 'NONE', #1429, .T. ) ;
#3442 = DIRECTION ( 'NONE',  ( 0.000000000000000000, 0.000000000000000000, -1.000000000000000000 ) ) ;
#3443 = AXIS2_PLACEMENT_3D ( 'NONE', #2872, #198, #829 ) ;
#3444 = CIRCLE ( 'NONE', #899, 0.05999999999997648187 ) ;
#3445 = ORIENTED_EDGE ( 'NONE', *, *, #1149, .T. ) ;
#3446 = EDGE_CURVE ( 'NONE', #185, #2842, #322, .T. ) ;
#3447 = CARTESIAN_POINT ( 'NONE',  ( 0.5136169614345890144, -0.1291269798558765114, -0.2045999999999996988 ) ) ;
#3448 = TOROIDAL_SURFACE ( 'NONE', #1592, 0.05459999999997639658, 0.005400000000000000286 ) ;
#3449 = CARTESIAN_POINT ( 'NONE',  ( 0.4382533497672255751, 0.1714716604560244106, 0.2045999999999998376 ) ) ;
#3450 = AXIS2_PLACEMENT_3D ( 'NONE', #1048, #3154, #777 ) ;
#3451 = CARTESIAN_POINT ( 'NONE',  ( 3.602556127498603634E-17, 0.3179024278377078350, 0.2126999999999998336 ) ) ;
#3452 = DIRECTION ( 'NONE',  ( 0.000000000000000000, -1.000000000000000000, -2.168799683363256718E-16 ) ) ;
#3453 = ORIENTED_EDGE ( 'NONE', *, *, #3867, .F. ) ;
#3454 = EDGE_CURVE ( 'NONE', #2740, #2917, #2941, .T. ) ;
#3455 = ORIENTED_EDGE ( 'NONE', *, *, #601, .T. ) ;
#3456 = EDGE_CURVE ( 'NONE', #185, #312, #383, .T. ) ;
#3457 = CARTESIAN_POINT ( 'NONE',  ( 0.4606647595948676344, -0.1704144173556116360, -0.2045999999999997543 ) ) ;
#3458 = CIRCLE ( 'NONE', #2903, 0.4264000000000292001 ) ;
#3459 = ORIENTED_EDGE ( 'NONE', *, *, #1339, .T. ) ;
#3460 = AXIS2_PLACEMENT_3D ( 'NONE', #975, #3627, #1897 ) ;
#3461 = DIRECTION ( 'NONE',  ( -1.224646799147353454E-16, -1.224646799147357891E-16, 1.000000000000000000 ) ) ;
#3462 = DIRECTION ( 'NONE',  ( -1.224646799147353454E-16, -1.224646799147357891E-16, 1.000000000000000000 ) ) ;
#3463 = DIRECTION ( 'NONE',  ( 0.5000000000000007772, -6.123233995736856015E-17, 0.8660254037844382635 ) ) ;
#3464 = ORIENTED_EDGE ( 'NONE', *, *, #863, .T. ) ;
#3465 = ADVANCED_FACE ( 'NONE', ( #1998 ), #3725, .T. ) ;
#3466 = CARTESIAN_POINT ( 'NONE',  ( 0.5620000171226641195, 0.2810000425229092769, 0.2099999999999997702 ) ) ;
#3467 = CARTESIAN_POINT ( 'NONE',  ( -0.5136169614345871270, -0.1291269798558837001, -0.2099999999999998812 ) ) ;
#3468 = AXIS2_PLACEMENT_3D ( 'NONE', #3057, #411, #932 ) ;
#3469 = ORIENTED_EDGE ( 'NONE', *, *, #2223, .T. ) ;
#3470 = LINE ( 'NONE', #1388, #3061 ) ;
#3471 = DIRECTION ( 'NONE',  ( 1.088830471932589369E-14, -1.000000000000000000, 0.000000000000000000 ) ) ;
#3472 = ORIENTED_EDGE ( 'NONE', *, *, #3031, .T. ) ;
#3473 = CYLINDRICAL_SURFACE ( 'NONE', #3198, 0.05999999999997641248 ) ;
#3474 = EDGE_CURVE ( 'NONE', #1744, #1007, #1318, .T. ) ;
#3475 = ORIENTED_EDGE ( 'NONE', *, *, #859, .T. ) ;
#3476 = DIRECTION ( 'NONE',  ( -1.224646799147353454E-16, -1.224646799147357891E-16, 1.000000000000000000 ) ) ;
#3477 = EDGE_CURVE ( 'NONE', #2716, #763, #1949, .T. ) ;
#3478 = VERTEX_POINT ( 'NONE', #3451 ) ;
#3479 = DIRECTION ( 'NONE',  ( -1.046343204224066250E-14, 1.000000000000000000, 1.622237525928784773E-16 ) ) ;
#3480 = DIRECTION ( 'NONE',  ( -1.024442997624500622E-14, 1.000000000000000000, 0.000000000000000000 ) ) ;
#3481 = DIRECTION ( 'NONE',  ( -0.9276207895364215750, 0.3735233203159155080, -1.357147384193080788E-16 ) ) ;
#3482 = EDGE_CURVE ( 'NONE', #3418, #230, #805, .T. ) ;
#3483 = VERTEX_POINT ( 'NONE', #175 ) ;
#3484 = DIRECTION ( 'NONE',  ( -8.537024980204178421E-16, -1.000000000000000000, 0.000000000000000000 ) ) ;
#3485 = CARTESIAN_POINT ( 'NONE',  ( 0.2990719373760353794, -0.1416203551967157859, -0.2045999999999997543 ) ) ;
#3486 = ORIENTED_EDGE ( 'NONE', *, *, #3388, .T. ) ;
#3487 = CARTESIAN_POINT ( 'NONE',  ( 0.4606647595948645812, 0.1758144173556212553, -0.2045999999999996988 ) ) ;
#3488 = FACE_OUTER_BOUND ( 'NONE', #197, .T. ) ;
#3489 = ORIENTED_EDGE ( 'NONE', *, *, #2745, .T. ) ;
#3490 = FACE_OUTER_BOUND ( 'NONE', #3143, .T. ) ;
#3491 = ORIENTED_EDGE ( 'NONE', *, *, #2549, .F. ) ;
#3492 = DIRECTION ( 'NONE',  ( -1.000000000000000000, 0.000000000000000000, 0.000000000000000000 ) ) ;
#3493 = AXIS2_PLACEMENT_3D ( 'NONE', #3410, #1920, #1014 ) ;
#3494 = AXIS2_PLACEMENT_3D ( 'NONE', #2305, #1755, #3213 ) ;
#3495 = EDGE_LOOP ( 'NONE', ( #1145, #3304 ) ) ;
#3496 = MECHANICAL_DESIGN_GEOMETRIC_PRESENTATION_REPRESENTATION (  '', ( #3312 ), #1513 ) ;
#3497 = CARTESIAN_POINT ( 'NONE',  ( 5.077385629264921564E-17, 5.077385629264940669E-17, -0.2099999999999997702 ) ) ;
#3498 = DIRECTION ( 'NONE',  ( -1.224646799147353454E-16, 1.224646799147340635E-16, -1.000000000000000000 ) ) ;
#3499 = CIRCLE ( 'NONE', #1705, 0.05999999999997640554 ) ;
#3500 = EDGE_CURVE ( 'NONE', #359, #2193, #2849, .T. ) ;
#3501 = CARTESIAN_POINT ( 'NONE',  ( -0.05017949192431105793, 0.3838435821108958090, -0.2399999999999996581 ) ) ;
#3502 = AXIS2_PLACEMENT_3D ( 'NONE', #2089, #360, #3267 ) ;
#3503 = TOROIDAL_SURFACE ( 'NONE', #1830, 0.07061769145362389866, 0.005400000000000000286 ) ;
#3504 = ORIENTED_EDGE ( 'NONE', *, *, #1417, .F. ) ;
#3505 = FACE_OUTER_BOUND ( 'NONE', #2377, .T. ) ;
#3506 = AXIS2_PLACEMENT_3D ( 'NONE', #3244, #1484, #1182 ) ;
#3507 = EDGE_CURVE ( 'NONE', #3618, #1616, #887, .T. ) ;
#3508 = CARTESIAN_POINT ( 'NONE',  ( 0.3102389080265257060, -0.1366036739977034842, -0.2099999999999997702 ) ) ;
#3509 = TOROIDAL_SURFACE ( 'NONE', #1146, 0.1628516087527653866, 0.005400000000000000286 ) ;
#3510 = EDGE_LOOP ( 'NONE', ( #2949, #1083, #2981, #2583 ) ) ;
#3511 = AXIS2_PLACEMENT_3D ( 'NONE', #2557, #1066, #802 ) ;
#3512 = DIRECTION ( 'NONE',  ( 1.224646799147353454E-16, 1.224646799147357891E-16, -1.000000000000000000 ) ) ;
#3513 = CARTESIAN_POINT ( 'NONE',  ( -6.613092715395703653E-19, -5.077385629264922180E-17, 0.2099999999999997702 ) ) ;
#3514 = ORIENTED_EDGE ( 'NONE', *, *, #800, .F. ) ;
#3515 = DIRECTION ( 'NONE',  ( 1.224646799147353454E-16, 1.224646799147357891E-16, -1.000000000000000000 ) ) ;
#3516 = CIRCLE ( 'NONE', #2708, 0.005399999999999996816 ) ;
#3517 = CARTESIAN_POINT ( 'NONE',  ( -0.5620000171226641195, -0.2810000425229093324, 0.2045999999999996710 ) ) ;
#3518 = VERTEX_POINT ( 'NONE', #190 ) ;
#3519 = AXIS2_PLACEMENT_3D ( 'NONE', #2152, #1240, #3604 ) ;
#3520 = EDGE_CURVE ( 'NONE', #3170, #94, #132, .T. ) ;
#3521 = DIRECTION ( 'NONE',  ( -2.579167821814643934E-14, -1.000000000000000000, -2.096884407979385212E-16 ) ) ;
#3522 = CIRCLE ( 'NONE', #3207, 0.4264000000000292001 ) ;
#3523 = EDGE_LOOP ( 'NONE', ( #2579, #2407 ) ) ;
#3524 = DIRECTION ( 'NONE',  ( 1.224646799147353454E-16, 1.224646799147357891E-16, -1.000000000000000000 ) ) ;
#3525 = DIRECTION ( 'NONE',  ( 0.000000000000000000, 2.449293598294706907E-16, -1.000000000000000000 ) ) ;
#3526 = PLANE ( 'NONE',  #963 ) ;
#3527 = ORIENTED_EDGE ( 'NONE', *, *, #2620, .T. ) ;
#3528 = DIRECTION ( 'NONE',  ( 1.224646799147353454E-16, 1.224646799147357891E-16, -1.000000000000000000 ) ) ;
#3529 = DIRECTION ( 'NONE',  ( 0.000000000000000000, -1.000000000000000000, 0.000000000000000000 ) ) ;
#3530 = CONICAL_SURFACE ( 'NONE', #603, 0.06749999999999996281, 0.5235987755983000369 ) ;
#3531 = ADVANCED_FACE ( 'NONE', ( #2211 ), #1452, .T. ) ;
#3532 = ORIENTED_EDGE ( 'NONE', *, *, #2987, .T. ) ;
#3533 = DIRECTION ( 'NONE',  ( 0.000000000000000000, 2.449293598294706907E-16, -1.000000000000000000 ) ) ;
#3534 = CARTESIAN_POINT ( 'NONE',  ( 0.1304436069163459611, 0.5188539923857711234, 0.2045999999999998376 ) ) ;
#3535 = VERTEX_POINT ( 'NONE', #1072 ) ;
#3536 = DIRECTION ( 'NONE',  ( -1.224646799147353454E-16, -1.224646799147357891E-16, 1.000000000000000000 ) ) ;
#3537 = TOROIDAL_SURFACE ( 'NONE', #2977, 0.4264000000000292001, 0.005400000000000000286 ) ;
#3538 = PRESENTATION_STYLE_ASSIGNMENT (( #2356 ) ) ;
#3539 = ORIENTED_EDGE ( 'NONE', *, *, #2027, .F. ) ;
#3540 = ORIENTED_EDGE ( 'NONE', *, *, #229, .T. ) ;
#3541 = DIRECTION ( 'NONE',  ( 1.224646799147353454E-16, 1.224646799147357891E-16, -1.000000000000000000 ) ) ;
#3542 = CARTESIAN_POINT ( 'NONE',  ( 0.05017949192431111344, -0.3838435821108958090, 0.2399999999999996581 ) ) ;
#3543 = CARTESIAN_POINT ( 'NONE',  ( -0.2990719373760349353, 0.2990719639494832105, 0.2099999999999997702 ) ) ;
#3544 = ADVANCED_FACE ( 'NONE', ( #158 ), #2269, .T. ) ;
#3545 = ORIENTED_EDGE ( 'NONE', *, *, #3477, .T. ) ;
#3546 = DIRECTION ( 'NONE',  ( 0.000000000000000000, -1.000000000000000000, -2.096884407979386198E-16 ) ) ;
#3547 = CARTESIAN_POINT ( 'NONE',  ( 0.3098687154647824515, 0.1419909415313738710, -0.2045999999999996988 ) ) ;
#3548 = EDGE_LOOP ( 'NONE', ( #332, #1138, #1768, #2037 ) ) ;
#3549 = CARTESIAN_POINT ( 'NONE',  ( -0.5620000171226641195, -0.2810000425229093324, 0.2099999999999996592 ) ) ;
#3550 = DIRECTION ( 'NONE',  ( 1.499759782661863903E-32, -1.000000000000000000, -1.224646799147357891E-16 ) ) ;
#3551 = ORIENTED_EDGE ( 'NONE', *, *, #2714, .T. ) ;
#3552 = CARTESIAN_POINT ( 'NONE',  ( 0.5136169614345890144, -0.1291269798558765114, -0.2099999999999997147 ) ) ;
#3553 = EDGE_CURVE ( 'NONE', #2690, #763, #3470, .T. ) ;
#3554 =( LENGTH_UNIT ( ) NAMED_UNIT ( * ) SI_UNIT ( $, .METRE. ) );
#3555 = ORIENTED_EDGE ( 'NONE', *, *, #685, .F. ) ;
#3556 = EDGE_CURVE ( 'NONE', #2300, #14, #1885, .T. ) ;
#3557 = VERTEX_POINT ( 'NONE', #761 ) ;
#3558 = CARTESIAN_POINT ( 'NONE',  ( 5.077385629264921564E-17, 6.613092715397553509E-19, -0.2099999999999997702 ) ) ;
#3559 = DIRECTION ( 'NONE',  ( 0.000000000000000000, -1.000000000000000000, -1.601693242063834179E-16 ) ) ;
#3560 = AXIS2_PLACEMENT_3D ( 'NONE', #3517, #2049, #3223 ) ;
#3561 = UNCERTAINTY_MEASURE_WITH_UNIT (LENGTH_MEASURE( 1.000000000000000082E-05 ), #974, 'distance_accuracy_value', 'NONE');
#3562 = ORIENTED_EDGE ( 'NONE', *, *, #3052, .T. ) ;
#3563 = AXIS2_PLACEMENT_3D ( 'NONE', #3141, #490, #3099 ) ;
#3564 = DIRECTION ( 'NONE',  ( -7.127534927184063944E-15, -1.000000000000000000, -1.601693242063834425E-16 ) ) ;
#3565 = CARTESIAN_POINT ( 'NONE',  ( 9.464328031617404238E-17, 0.3838435821108958090, -0.2399999999999996581 ) ) ;
#3566 = AXIS2_PLACEMENT_3D ( 'NONE', #226, #3228, #1084 ) ;
#3567 = AXIS2_PLACEMENT_3D ( 'NONE', #1634, #2568, #735 ) ;
#3568 = CIRCLE ( 'NONE', #2882, 0.005400000000000003755 ) ;
#3569 = ORIENTED_EDGE ( 'NONE', *, *, #2914, .F. ) ;
#3570 = CARTESIAN_POINT ( 'NONE',  ( 0.4382533603759221075, -0.1714716647277989003, -0.2045999999999997543 ) ) ;
#3571 = DIRECTION ( 'NONE',  ( 1.224646799147353454E-16, 1.224646799147357891E-16, -1.000000000000000000 ) ) ;
#3572 = AXIS2_PLACEMENT_3D ( 'NONE', #2446, #3712, #3102 ) ;
#3573 = DIRECTION ( 'NONE',  ( 0.000000000000000000, -1.000000000000000000, -1.601693242063834672E-16 ) ) ;
#3574 = AXIS2_PLACEMENT_3D ( 'NONE', #253, #1495, #2373 ) ;
#3575 = EDGE_CURVE ( 'NONE', #927, #3053, #2389, .T. ) ;
#3576 = DIRECTION ( 'NONE',  ( -1.224646799147353454E-16, -1.224646799147357891E-16, 1.000000000000000000 ) ) ;
#3577 = VERTEX_POINT ( 'NONE', #2809 ) ;
#3578 = AXIS2_PLACEMENT_3D ( 'NONE', #1269, #1010, #957 ) ;
#3579 = CIRCLE ( 'NONE', #2588, 0.05999999999997640554 ) ;
#3580 = ADVANCED_FACE ( 'NONE', ( #3426 ), #97, .T. ) ;
#3581 = ORIENTED_EDGE ( 'NONE', *, *, #1540, .T. ) ;
#3582 = DIRECTION ( 'NONE',  ( 1.000000000000000000, 0.000000000000000000, 0.000000000000000000 ) ) ;
#3583 = CARTESIAN_POINT ( 'NONE',  ( 0.000000000000000000, -0.5296000000000000707, 0.2045999999999996988 ) ) ;
#3584 = AXIS2_PLACEMENT_3D ( 'NONE', #2379, #2400, #1150 ) ;
#3585 = EDGE_CURVE ( 'NONE', #3557, #3863, #2542, .T. ) ;
#3586 = ORIENTED_EDGE ( 'NONE', *, *, #3734, .F. ) ;
#3587 = CARTESIAN_POINT ( 'NONE',  ( 0.3838435821108950874, 0.06594115427319187372, 0.2126999999999998336 ) ) ;
#3588 = CARTESIAN_POINT ( 'NONE',  ( -0.3838435821108954760, -0.06594115427318925082, -0.2126999999999998336 ) ) ;
#3589 = AXIS2_PLACEMENT_3D ( 'NONE', #2074, #1474, #2062 ) ;
#3590 = ORIENTED_EDGE ( 'NONE', *, *, #3821, .T. ) ;
#3591 = CARTESIAN_POINT ( 'NONE',  ( -0.3838435821108956980, -1.277943577964159211E-15, -0.2153999999999998416 ) ) ;
#3592 = DIRECTION ( 'NONE',  ( 0.000000000000000000, -1.000000000000000000, 0.000000000000000000 ) ) ;
#3593 = DIRECTION ( 'NONE',  ( -1.024442997624501726E-14, 1.000000000000000000, 0.000000000000000000 ) ) ;
#3594 = CIRCLE ( 'NONE', #1287, 0.1628516087527653866 ) ;
#3595 = ADVANCED_FACE ( 'NONE', ( #447 ), #1053, .F. ) ;
#3596 = CARTESIAN_POINT ( 'NONE',  ( -0.1419909415313705403, 0.3098687154647839503, -0.2045999999999997820 ) ) ;
#3597 = ORIENTED_EDGE ( 'NONE', *, *, #1499, .F. ) ;
#3598 = ORIENTED_EDGE ( 'NONE', *, *, #122, .F. ) ;
#3599 = DIRECTION ( 'NONE',  ( 1.224646799147353454E-16, 1.224646799147357891E-16, -1.000000000000000000 ) ) ;
#3600 = CARTESIAN_POINT ( 'NONE',  ( 0.1758144173556164536, -0.4606647595948664686, -0.2045999999999998098 ) ) ;
#3601 = ADVANCED_FACE ( 'NONE', ( #1176 ), #1724, .T. ) ;
#3602 = ORIENTED_EDGE ( 'NONE', *, *, #990, .T. ) ;
#3603 = DIRECTION ( 'NONE',  ( -9.857654123112514505E-33, -1.000000000000000000, -1.224646799147357891E-16 ) ) ;
#3604 = DIRECTION ( 'NONE',  ( 0.000000000000000000, -1.000000000000000000, 0.000000000000000000 ) ) ;
#3605 = EDGE_LOOP ( 'NONE', ( #502, #1868 ) ) ;
#3606 = CARTESIAN_POINT ( 'NONE',  ( -0.06749999999999993505, 0.3838435821108957535, 0.2099999999999997702 ) ) ;
#3607 = DIRECTION ( 'NONE',  ( -1.224646799147353454E-16, -1.224646799147357891E-16, 1.000000000000000000 ) ) ;
#3608 = DIRECTION ( 'NONE',  ( -1.224646799147353454E-16, -1.224646799147357891E-16, 1.000000000000000000 ) ) ;
#3609 = ORIENTED_EDGE ( 'NONE', *, *, #1050, .F. ) ;
#3610 = LINE ( 'NONE', #2034, #3631 ) ;
#3611 = EDGE_CURVE ( 'NONE', #1630, #3704, #1478, .T. ) ;
#3612 = ORIENTED_EDGE ( 'NONE', *, *, #3307, .T. ) ;
#3613 = CARTESIAN_POINT ( 'NONE',  ( 0.1366036521649398872, -0.3102390035719965189, 0.2045999999999997543 ) ) ;
#3614 = EDGE_CURVE ( 'NONE', #1791, #2886, #2971, .T. ) ;
#3615 = CARTESIAN_POINT ( 'NONE',  ( 0.1158144173556400619, -0.4606647595948664131, -0.2045999999999998098 ) ) ;
#3616 = ORIENTED_EDGE ( 'NONE', *, *, #2081, .F. ) ;
#3617 = EDGE_CURVE ( 'NONE', #1223, #3377, #1787, .T. ) ;
#3618 = VERTEX_POINT ( 'NONE', #881 ) ;
#3619 = DIRECTION ( 'NONE',  ( -1.224646799147353454E-16, -1.224646799147357891E-16, 1.000000000000000000 ) ) ;
#3620 = DIRECTION ( 'NONE',  ( 0.000000000000000000, -1.000000000000000000, 0.000000000000000000 ) ) ;
#3621 = CIRCLE ( 'NONE', #3738, 0.005400000000000005490 ) ;
#3622 = VECTOR ( 'NONE', #1901, 39.37007874015748143 ) ;
#3623 = CIRCLE ( 'NONE', #3684, 0.07061769145362394029 ) ;
#3624 = AXIS2_PLACEMENT_3D ( 'NONE', #3723, #2540, #1954 ) ;
#3625 = ORIENTED_EDGE ( 'NONE', *, *, #1569, .F. ) ;
#3626 = ADVANCED_FACE ( 'NONE', ( #2327 ), #2412, .T. ) ;
#3627 = DIRECTION ( 'NONE',  ( 0.9276207183400247969, 0.3735234971274722371, 3.186884197402732131E-16 ) ) ;
#3628 = DIRECTION ( 'NONE',  ( -1.000000000000000000, 1.499759782661863629E-32, -1.224646799147353454E-16 ) ) ;
#3629 = AXIS2_PLACEMENT_3D ( 'NONE', #3039, #2403, #2711 ) ;
#3630 = CIRCLE ( 'NONE', #1955, 0.005399999999999995949 ) ;
#3631 = VECTOR ( 'NONE', #3525, 39.37007874015748143 ) ;
#3632 = FACE_OUTER_BOUND ( 'NONE', #812, .T. ) ;
#3633 = ORIENTED_EDGE ( 'NONE', *, *, #630, .F. ) ;
#3634 = CARTESIAN_POINT ( 'NONE',  ( -3.586023395710116313E-17, -0.3838435821108958090, 0.2126999999999997504 ) ) ;
#3635 = CIRCLE ( 'NONE', #1958, 0.005400000000000009827 ) ;
#3636 = AXIS2_PLACEMENT_3D ( 'NONE', #1532, #3004, #1477 ) ;
#3637 = EDGE_CURVE ( 'NONE', #3677, #2917, #3458, .T. ) ;
#3638 = ORIENTED_EDGE ( 'NONE', *, *, #2668, .F. ) ;
#3639 = TOROIDAL_SURFACE ( 'NONE', #341, 0.07061769145362389866, 0.005400000000000000286 ) ;
#3640 = CARTESIAN_POINT ( 'NONE',  ( 0.05017949192431118283, 0.3838435821108957535, 0.2399999999999997691 ) ) ;
#3641 = CARTESIAN_POINT ( 'NONE',  ( -0.1158144173556400064, -0.4606647595948664131, 0.2099999999999996592 ) ) ;
#3642 = AXIS2_PLACEMENT_3D ( 'NONE', #2553, #2825, #2594 ) ;
#3643 = EDGE_LOOP ( 'NONE', ( #3078, #1545, #3514, #3344 ) ) ;
#3644 = ORIENTED_EDGE ( 'NONE', *, *, #1993, .T. ) ;
#3645 = EDGE_CURVE ( 'NONE', #607, #2778, #865, .T. ) ;
#3646 = CARTESIAN_POINT ( 'NONE',  ( 0.2990719373760369892, -0.2990719639494812121, 0.2099999999999997702 ) ) ;
#3647 = CIRCLE ( 'NONE', #2590, 0.05459999999997645209 ) ;
#3648 = CARTESIAN_POINT ( 'NONE',  ( 5.011254702110964883E-17, 1.819776325405262275E-31, -0.2045999999999997820 ) ) ;
#3649 = ORIENTED_EDGE ( 'NONE', *, *, #2687, .F. ) ;
#3650 = DIRECTION ( 'NONE',  ( 1.224646799147353454E-16, 1.224646799147357891E-16, -1.000000000000000000 ) ) ;
#3651 = FACE_OUTER_BOUND ( 'NONE', #3049, .T. ) ;
#3652 = CONICAL_SURFACE ( 'NONE', #659, 0.06749999999999996281, 0.5235987755983000369 ) ;
#3653 = DIRECTION ( 'NONE',  ( -1.224646799147353454E-16, -1.224646799147357891E-16, 1.000000000000000000 ) ) ;
#3654 = EDGE_CURVE ( 'NONE', #687, #3483, #2349, .T. ) ;
#3655 = CIRCLE ( 'NONE', #3460, 0.005400000000000005490 ) ;
#3656 = DIRECTION ( 'NONE',  ( -0.9698205465154574600, -0.2438198260118720206, 0.000000000000000000 ) ) ;
#3657 = ORIENTED_EDGE ( 'NONE', *, *, #737, .T. ) ;
#3658 = DIRECTION ( 'NONE',  ( 0.000000000000000000, -1.000000000000000000, 0.000000000000000000 ) ) ;
#3659 = ORIENTED_EDGE ( 'NONE', *, *, #2384, .F. ) ;
#3660 = DIRECTION ( 'NONE',  ( 0.9698205465154604576, 0.2438198260118601413, 2.972561595063171623E-16 ) ) ;
#3661 = DIRECTION ( 'NONE',  ( -1.224646799147353454E-16, -1.224646799147357891E-16, 1.000000000000000000 ) ) ;
#3662 = ORIENTED_EDGE ( 'NONE', *, *, #1836, .T. ) ;
#3663 = ORIENTED_EDGE ( 'NONE', *, *, #3862, .T. ) ;
#3664 = CARTESIAN_POINT ( 'NONE',  ( 5.011254702110964883E-17, 1.819776325405262275E-31, -0.2045999999999997820 ) ) ;
#3665 = CARTESIAN_POINT ( 'NONE',  ( 0.4606647595948651919, 0.1158144173556448081, 0.2045999999999998376 ) ) ;
#3666 = EDGE_LOOP ( 'NONE', ( #1902, #3777, #2058, #2621, #661 ) ) ;
#3667 = FACE_OUTER_BOUND ( 'NONE', #482, .T. ) ;
#3668 = CARTESIAN_POINT ( 'NONE',  ( 0.1291269798558818960, 0.5136169614345876822, 0.2099999999999998535 ) ) ;
#3669 = DIRECTION ( 'NONE',  ( 1.224646799147353454E-16, 1.224646799147357891E-16, -1.000000000000000000 ) ) ;
#3670 = ORIENTED_EDGE ( 'NONE', *, *, #1644, .T. ) ;
#3671 = EDGE_CURVE ( 'NONE', #1791, #1288, #723, .T. ) ;
#3672 = DIRECTION ( 'NONE',  ( 0.5000000000000009992, 2.733473877023490556E-16, -0.8660254037844380415 ) ) ;
#3673 = ORIENTED_EDGE ( 'NONE', *, *, #3430, .F. ) ;
#3674 = EDGE_CURVE ( 'NONE', #2957, #1305, #287, .T. ) ;
#3675 = DIRECTION ( 'NONE',  ( 1.224646799147353454E-16, 1.224646799147357891E-16, -1.000000000000000000 ) ) ;
#3676 = ORIENTED_EDGE ( 'NONE', *, *, #2924, .T. ) ;
#3677 = VERTEX_POINT ( 'NONE', #313 ) ;
#3678 = DIRECTION ( 'NONE',  ( -1.224646799147353454E-16, -1.224646799147357891E-16, 1.000000000000000000 ) ) ;
#3679 = DIRECTION ( 'NONE',  ( 1.011795553208987008E-14, -1.000000000000000000, 0.000000000000000000 ) ) ;
#3680 = ORIENTED_EDGE ( 'NONE', *, *, #2812, .F. ) ;
#3681 = ADVANCED_FACE ( 'NONE', ( #3255 ), #1218, .T. ) ;
#3682 = LINE ( 'NONE', #1531, #3283 ) ;
#3683 = CARTESIAN_POINT ( 'NONE',  ( 0.5619999828771987671, -0.2809999574765542629, -0.2099999999999997424 ) ) ;
#3684 = AXIS2_PLACEMENT_3D ( 'NONE', #2419, #2764, #86 ) ;
#3685 = AXIS2_PLACEMENT_3D ( 'NONE', #801, #3096, #209 ) ;
#3686 = AXIS2_PLACEMENT_3D ( 'NONE', #570, #870, #2375 ) ;
#3687 = DIRECTION ( 'NONE',  ( -1.224646799147353454E-16, -1.224646799147357891E-16, 1.000000000000000000 ) ) ;
#3688 = ORIENTED_EDGE ( 'NONE', *, *, #166, .F. ) ;
#3689 = AXIS2_PLACEMENT_3D ( 'NONE', #752, #2824, #2238 ) ;
#3690 = CARTESIAN_POINT ( 'NONE',  ( -0.1664625124643066001, -0.4402703863056262046, -0.2099999999999998535 ) ) ;
#3691 = CIRCLE ( 'NONE', #3566, 0.5295999999999999597 ) ;
#3692 = CIRCLE ( 'NONE', #450, 0.05459999999997639658 ) ;
#3693 = ORIENTED_EDGE ( 'NONE', *, *, #3289, .T. ) ;
#3694 = AXIS2_PLACEMENT_3D ( 'NONE', #1279, #2800, #1908 ) ;
#3695 = CARTESIAN_POINT ( 'NONE',  ( -2.754271561268537985E-17, -0.3132258906572719659, 0.2153999999999997306 ) ) ;
#3696 = CIRCLE ( 'NONE', #2577, 0.005399999999999998551 ) ;
#3697 = EDGE_CURVE ( 'NONE', #148, #652, #1033, .T. ) ;
#3698 = CIRCLE ( 'NONE', #2029, 0.06594115427318798794 ) ;
#3699 = ORIENTED_EDGE ( 'NONE', *, *, #2930, .F. ) ;
#3700 = ORIENTED_EDGE ( 'NONE', *, *, #3821, .F. ) ;
#3701 = LINE ( 'NONE', #1359, #3064 ) ;
#3702 = DIRECTION ( 'NONE',  ( -0.9976462080790996501, 0.06857144817920955704, 0.000000000000000000 ) ) ;
#3703 = CIRCLE ( 'NONE', #1020, 0.4264000000000292001 ) ;
#3704 = VERTEX_POINT ( 'NONE', #3570 ) ;
#3705 = VECTOR ( 'NONE', #2128, 39.37007874015748143 ) ;
#3706 = FACE_OUTER_BOUND ( 'NONE', #2965, .T. ) ;
#3707 = CARTESIAN_POINT ( 'NONE',  ( -0.1158144173556400064, 0.4606647595948664131, 0.2045999999999998098 ) ) ;
#3708 = VECTOR ( 'NONE', #1530, 39.37007874015748143 ) ;
#3709 = CARTESIAN_POINT ( 'NONE',  ( 0.3838435821108965307, -0.06749999999999595213, -0.2099999999999996314 ) ) ;
#3710 = DIRECTION ( 'NONE',  ( -1.000000000000000000, -1.224646799147352961E-16, -1.224646799147353700E-16 ) ) ;
#3711 = EDGE_LOOP ( 'NONE', ( #3455, #1941, #3428, #1931 ) ) ;
#3712 = DIRECTION ( 'NONE',  ( 0.000000000000000000, -2.449293598294706907E-16, 1.000000000000000000 ) ) ;
#3713 = EDGE_CURVE ( 'NONE', #2161, #2716, #589, .T. ) ;
#3714 = ORIENTED_EDGE ( 'NONE', *, *, #1771, .F. ) ;
#3715 = DIRECTION ( 'NONE',  ( -1.224646799147353454E-16, -1.224646799147357891E-16, 1.000000000000000000 ) ) ;
#3716 = AXIS2_PLACEMENT_3D ( 'NONE', #1350, #3710, #3411 ) ;
#3717 = ORIENTED_EDGE ( 'NONE', *, *, #3388, .F. ) ;
#3718 = ORIENTED_EDGE ( 'NONE', *, *, #286, .F. ) ;
#3719 = CARTESIAN_POINT ( 'NONE',  ( 8.795670879282951854E-17, 0.3838435821108958090, -0.2126999999999997226 ) ) ;
#3720 = EDGE_CURVE ( 'NONE', #2740, #2213, #608, .T. ) ;
#3721 = CARTESIAN_POINT ( 'NONE',  ( -0.1304436069163459611, -0.5188539923857712344, 0.2045999999999996988 ) ) ;
#3722 = ORIENTED_EDGE ( 'NONE', *, *, #2337, .T. ) ;
#3723 = CARTESIAN_POINT ( 'NONE',  ( -0.2990719639494843207, -0.2990719373760338251, -0.2045999999999998376 ) ) ;
#3724 = DIRECTION ( 'NONE',  ( -5.494162239924814961E-15, 0.5000000000000008882, 0.8660254037844380415 ) ) ;
#3725 = PLANE ( 'NONE',  #2998 ) ;
#3726 = VERTEX_POINT ( 'NONE', #1800 ) ;
#3727 = DIRECTION ( 'NONE',  ( 0.000000000000000000, -1.000000000000000000, -1.622237525928785020E-16 ) ) ;
#3728 = VERTEX_POINT ( 'NONE', #3487 ) ;
#3729 = FACE_OUTER_BOUND ( 'NONE', #2005, .T. ) ;
#3730 = ORIENTED_EDGE ( 'NONE', *, *, #3322, .F. ) ;
#3731 = ORIENTED_EDGE ( 'NONE', *, *, #2346, .T. ) ;
#3732 = CARTESIAN_POINT ( 'NONE',  ( 0.3838435821108957535, 3.955296354788045760E-15, 0.2399999999999997413 ) ) ;
#3733 = DIRECTION ( 'NONE',  ( 2.449293598294706907E-16, 8.874685183736382811E-31, -1.000000000000000000 ) ) ;
#3734 = EDGE_CURVE ( 'NONE', #617, #2318, #1092, .T. ) ;
#3735 = ORIENTED_EDGE ( 'NONE', *, *, #3671, .T. ) ;
#3736 = DIRECTION ( 'NONE',  ( -0.9698205465154625671, 0.2438198260118512040, 0.000000000000000000 ) ) ;
#3737 = FACE_OUTER_BOUND ( 'NONE', #3666, .T. ) ;
#3738 = AXIS2_PLACEMENT_3D ( 'NONE', #1780, #2966, #2983 ) ;
#3739 = ADVANCED_FACE ( 'NONE', ( #1113 ), #2309, .T. ) ;
#3740 = DIRECTION ( 'NONE',  ( -1.224646799147353454E-16, -1.224646799147357891E-16, 1.000000000000000000 ) ) ;
#3741 = CARTESIAN_POINT ( 'NONE',  ( -0.5620000171226641195, -0.2810000425229093324, 0.2045999999999996710 ) ) ;
#3742 = ORIENTED_EDGE ( 'NONE', *, *, #2240, .F. ) ;
#3743 = DIRECTION ( 'NONE',  ( -1.224646799147353454E-16, -1.224646799147357891E-16, 1.000000000000000000 ) ) ;
#3744 = AXIS2_PLACEMENT_3D ( 'NONE', #20, #1214, #3835 ) ;
#3745 = CIRCLE ( 'NONE', #1700, 0.05459999999997648679 ) ;
#3746 = ORIENTED_EDGE ( 'NONE', *, *, #2420, .T. ) ;
#3747 = DIRECTION ( 'NONE',  ( -3.491481338843132961E-15, 1.000000000000000000, 1.224646799147353947E-16 ) ) ;
#3748 = CIRCLE ( 'NONE', #2144, 0.005400000000000022837 ) ;
#3749 = CARTESIAN_POINT ( 'NONE',  ( 0.5620000171226642305, 0.2810000425229093324, -0.2099999999999996592 ) ) ;
#3750 = CIRCLE ( 'NONE', #1766, 0.07061769145362392641 ) ;
#3751 = EDGE_CURVE ( 'NONE', #3577, #2756, #2660, .T. ) ;
#3752 = AXIS2_PLACEMENT_3D ( 'NONE', #1655, #2840, #2783 ) ;
#3753 = SURFACE_SIDE_STYLE ('',( #1732 ) ) ;
#3754 = ORIENTED_EDGE ( 'NONE', *, *, #3454, .T. ) ;
#3755 = AXIS2_PLACEMENT_3D ( 'NONE', #39, #3298, #857 ) ;
#3756 = CARTESIAN_POINT ( 'NONE',  ( 0.2809999574765484343, 0.5619999828772016537, 0.2099999999999997979 ) ) ;
#3757 = CARTESIAN_POINT ( 'NONE',  ( 0.4606647595948652474, 0.1158144173556448497, -0.2045999999999996988 ) ) ;
#3758 = DIRECTION ( 'NONE',  ( 0.9276207183400255740, 0.3735234971274700166, 3.186884197402728679E-16 ) ) ;
#3759 = AXIS2_PLACEMENT_3D ( 'NONE', #3788, #3743, #1650 ) ;
#3760 = ADVANCED_FACE ( 'NONE', ( #34 ), #1600, .T. ) ;
#3761 = ORIENTED_EDGE ( 'NONE', *, *, #476, .T. ) ;
#3762 = CARTESIAN_POINT ( 'NONE',  ( -0.2809999574765523755, -0.5619999828771996553, 0.2099999999999996592 ) ) ;
#3763 = AXIS2_PLACEMENT_3D ( 'NONE', #649, #1842, #354 ) ;
#3764 = DIRECTION ( 'NONE',  ( 1.047444401652940007E-14, -1.000000000000000000, -1.224646799147336690E-16 ) ) ;
#3765 = AXIS2_PLACEMENT_3D ( 'NONE', #680, #2169, #365 ) ;
#3766 = VERTEX_POINT ( 'NONE', #682 ) ;
#3767 = CARTESIAN_POINT ( 'NONE',  ( 4.417775230151694641E-17, 0.4544612735645197077, 0.2153999999999998138 ) ) ;
#3768 = FACE_OUTER_BOUND ( 'NONE', #236, .T. ) ;
#3769 = VERTEX_POINT ( 'NONE', #1242 ) ;
#3770 = CARTESIAN_POINT ( 'NONE',  ( 0.4606647595948651919, 0.1158144173556448081, 0.2045999999999998376 ) ) ;
#3771 = CIRCLE ( 'NONE', #1906, 0.4264000000000293111 ) ;
#3772 = ADVANCED_FACE ( 'NONE', ( #3667 ), #3652, .T. ) ;
#3773 = ORIENTED_EDGE ( 'NONE', *, *, #575, .F. ) ;
#3774 = DIRECTION ( 'NONE',  ( 0.000000000000000000, -1.000000000000000000, -1.622237525928785267E-16 ) ) ;
#3775 = AXIS2_PLACEMENT_3D ( 'NONE', #749, #70, #3310 ) ;
#3776 = FILL_AREA_STYLE_COLOUR ( '', #788 ) ;
#3777 = ORIENTED_EDGE ( 'NONE', *, *, #2503, .F. ) ;
#3778 = VECTOR ( 'NONE', #1507, 39.37007874015748143 ) ;
#3779 = DIRECTION ( 'NONE',  ( 1.224646799147353454E-16, 1.224646799147357891E-16, -1.000000000000000000 ) ) ;
#3780 = DIRECTION ( 'NONE',  ( -1.224646799147353454E-16, -1.224646799147357891E-16, 1.000000000000000000 ) ) ;
#3781 = ORIENTED_EDGE ( 'NONE', *, *, #3454, .F. ) ;
#3782 = DIRECTION ( 'NONE',  ( -1.224646799147353454E-16, 1.224646799147340635E-16, -1.000000000000000000 ) ) ;
#3783 = DIRECTION ( 'NONE',  ( -1.224646799147353454E-16, -1.224646799147357891E-16, 1.000000000000000000 ) ) ;
#3784 = ORIENTED_EDGE ( 'NONE', *, *, #451, .F. ) ;
#3785 = CARTESIAN_POINT ( 'NONE',  ( -0.4606647595948659690, -0.1704144173556180752, 0.2045999999999996988 ) ) ;
#3786 = CARTESIAN_POINT ( 'NONE',  ( 0.2990719639494843207, 0.1362203286232684385, 0.2099999999999997979 ) ) ;
#3787 = VERTEX_POINT ( 'NONE', #2466 ) ;
#3788 = CARTESIAN_POINT ( 'NONE',  ( -0.4606647595948659690, -0.1158144173556416440, 0.2099999999999997147 ) ) ;
#3789 = EDGE_CURVE ( 'NONE', #1415, #1733, #2408, .T. ) ;
#3790 = EDGE_LOOP ( 'NONE', ( #2174, #1412, #674, #1653 ) ) ;
#3791 = CYLINDRICAL_SURFACE ( 'NONE', #2456, 0.05999999999997641248 ) ;
#3792 = ADVANCED_FACE ( 'NONE', ( #3353 ), #3839, .T. ) ;
#3793 = CARTESIAN_POINT ( 'NONE',  ( 0.000000000000000000, 0.000000000000000000, 0.000000000000000000 ) ) ;
#3794 = ORIENTED_EDGE ( 'NONE', *, *, #342, .T. ) ;
#3795 = DIRECTION ( 'NONE',  ( 0.000000000000000000, -1.000000000000000000, -1.289580812719157683E-16 ) ) ;
#3796 = DIRECTION ( 'NONE',  ( 0.000000000000000000, -1.000000000000000000, 0.000000000000000000 ) ) ;
#3797 = CARTESIAN_POINT ( 'NONE',  ( -0.1304436069163459611, -0.5188539923857712344, 0.2099999999999996314 ) ) ;
#3798 = EDGE_CURVE ( 'NONE', #1626, #33, #3149, .T. ) ;
#3799 = EDGE_LOOP ( 'NONE', ( #2952, #3333, #3504, #2067 ) ) ;
#3800 = EDGE_CURVE ( 'NONE', #2252, #1420, #1975, .T. ) ;
#3801 = DIRECTION ( 'NONE',  ( 1.224646799147353454E-16, 1.224646799147357891E-16, -1.000000000000000000 ) ) ;
#3802 = CARTESIAN_POINT ( 'NONE',  ( 0.1366036739977068426, 0.3102389080265243182, -0.2099999999999997424 ) ) ;
#3803 = ADVANCED_FACE ( 'NONE', ( #1860 ), #1849, .F. ) ;
#3804 = ORIENTED_EDGE ( 'NONE', *, *, #381, .T. ) ;
#3805 = CARTESIAN_POINT ( 'NONE',  ( -0.3838435821108954760, -0.06750000000000123956, -0.2099999999999998535 ) ) ;
#3806 = CIRCLE ( 'NONE', #878, 0.4264000000000292001 ) ;
#3807 = DIRECTION ( 'NONE',  ( -1.224646799147353454E-16, -1.224646799147357891E-16, 1.000000000000000000 ) ) ;
#3808 = ORIENTED_EDGE ( 'NONE', *, *, #2380, .T. ) ;
#3809 = CARTESIAN_POINT ( 'NONE',  ( -0.2990719373760349353, 0.2990719639494832105, 0.2045999999999997820 ) ) ;
#3810 = VERTEX_POINT ( 'NONE', #1876 ) ;
#3811 = DIRECTION ( 'NONE',  ( 0.000000000000000000, -1.000000000000000000, -1.622237525928784773E-16 ) ) ;
#3812 = CIRCLE ( 'NONE', #826, 0.06594115427318798794 ) ;
#3813 = CIRCLE ( 'NONE', #634, 0.1574516087527653707 ) ;
#3814 = TOROIDAL_SURFACE ( 'NONE', #3494, 0.1628516087527653866, 0.005400000000000000286 ) ;
#3815 = ORIENTED_EDGE ( 'NONE', *, *, #3094, .F. ) ;
#3816 = AXIS2_PLACEMENT_3D ( 'NONE', #2739, #1570, #2173 ) ;
#3817 = DIRECTION ( 'NONE',  ( 1.224646799147353454E-16, 1.224646799147357891E-16, -1.000000000000000000 ) ) ;
#3818 = DIRECTION ( 'NONE',  ( 1.224646799147353454E-16, 1.224646799147357891E-16, -1.000000000000000000 ) ) ;
#3819 = VECTOR ( 'NONE', #1563, 39.37007874015748143 ) ;
#3820 = DIRECTION ( 'NONE',  ( 0.9976461789686440484, 0.06857187170600211046, 2.611481045903672703E-16 ) ) ;
#3821 = EDGE_CURVE ( 'NONE', #25, #3414, #3522, .T. ) ;
#3822 = AXIS2_PLACEMENT_3D ( 'NONE', #556, #1375, #2609 ) ;
#3823 = TOROIDAL_SURFACE ( 'NONE', #1202, 0.07061769145362389866, 0.005400000000000000286 ) ;
#3824 = ORIENTED_EDGE ( 'NONE', *, *, #162, .F. ) ;
#3825 = TOROIDAL_SURFACE ( 'NONE', #3506, 0.1628516087527653866, 0.005400000000000000286 ) ;
#3826 = DIRECTION ( 'NONE',  ( -1.000000000000000000, 0.000000000000000000, 0.000000000000000000 ) ) ;
#3827 = AXIS2_PLACEMENT_3D ( 'NONE', #1669, #2852, #1116 ) ;
#3828 = EDGE_LOOP ( 'NONE', ( #3347, #3491 ) ) ;
#3829 = AXIS2_PLACEMENT_3D ( 'NONE', #130, #976, #3337 ) ;
#3830 = DIRECTION ( 'NONE',  ( 0.000000000000000000, 2.449293598294706907E-16, -1.000000000000000000 ) ) ;
#3831 = CYLINDRICAL_SURFACE ( 'NONE', #480, 0.05999999999997641248 ) ;
#3832 = ORIENTED_EDGE ( 'NONE', *, *, #2057, .F. ) ;
#3833 = CARTESIAN_POINT ( 'NONE',  ( -3.552957932133139822E-17, -0.4544612735645197077, 0.2099999999999997424 ) ) ;
#3834 = CIRCLE ( 'NONE', #3642, 0.05459999999997639658 ) ;
#3835 = DIRECTION ( 'NONE',  ( 3.487810680746887633E-15, -1.000000000000000000, -1.622237525928785020E-16 ) ) ;
#3836 = ORIENTED_EDGE ( 'NONE', *, *, #3520, .T. ) ;
#3837 = CIRCLE ( 'NONE', #596, 0.05017949192431114813 ) ;
#3838 = EDGE_CURVE ( 'NONE', #3856, #3090, #2531, .T. ) ;
#3839 = TOROIDAL_SURFACE ( 'NONE', #1030, 0.4264000000000292001, 0.005400000000000000286 ) ;
#3840 = ORIENTED_EDGE ( 'NONE', *, *, #1417, .T. ) ;
#3841 = DIRECTION ( 'NONE',  ( 0.000000000000000000, -1.000000000000000000, 0.000000000000000000 ) ) ;
#3842 = DIRECTION ( 'NONE',  ( 0.000000000000000000, -1.000000000000000000, 0.000000000000000000 ) ) ;
#3843 = FACE_BOUND ( 'NONE', #3605, .T. ) ;
#3844 = ORIENTED_EDGE ( 'NONE', *, *, #554, .T. ) ;
#3845 = EDGE_CURVE ( 'NONE', #2551, #660, #157, .T. ) ;
#3846 = CARTESIAN_POINT ( 'NONE',  ( -0.2990719639494842652, -0.2990719373760338251, -0.2099999999999998535 ) ) ;
#3847 = DIRECTION ( 'NONE',  ( -6.358082537461265385E-34, -1.000000000000000000, -1.224646799147357891E-16 ) ) ;
#3848 = CIRCLE ( 'NONE', #2224, 0.05999999999997641248 ) ;
#3849 = ORIENTED_EDGE ( 'NONE', *, *, #1217, .T. ) ;
#3850 = DIRECTION ( 'NONE',  ( 1.000000000000000000, 0.000000000000000000, 0.000000000000000000 ) ) ;
#3851 = CARTESIAN_POINT ( 'NONE',  ( -0.2990719639494843207, -0.2990719373760338806, 0.2099999999999997147 ) ) ;
#3852 = EDGE_LOOP ( 'NONE', ( #1989, #3121, #1491, #2700 ) ) ;
#3853 = DIRECTION ( 'NONE',  ( 0.000000000000000000, -1.000000000000000000, -1.622237525928785020E-16 ) ) ;
#3854 = DIRECTION ( 'NONE',  ( 0.000000000000000000, 0.000000000000000000, 1.000000000000000000 ) ) ;
#3855 = ORIENTED_EDGE ( 'NONE', *, *, #1398, .F. ) ;
#3856 = VERTEX_POINT ( 'NONE', #1816 ) ;
#3857 = CARTESIAN_POINT ( 'NONE',  ( 1.590558624285739038E-17, -0.4544612735645197077, -0.2099999999999998535 ) ) ;
#3858 = CARTESIAN_POINT ( 'NONE',  ( 2.292281240197173461E-17, -0.3838435821108957535, -0.2399999999999997691 ) ) ;
#3859 = EDGE_CURVE ( 'NONE', #1223, #660, #1910, .T. ) ;
#3860 = ORIENTED_EDGE ( 'NONE', *, *, #1119, .T. ) ;
#3861 = CARTESIAN_POINT ( 'NONE',  ( 0.2990719373760369892, -0.2990719639494812121, 0.2099999999999997147 ) ) ;
#3862 = EDGE_CURVE ( 'NONE', #420, #79, #333, .T. ) ;
#3863 = VERTEX_POINT ( 'NONE', #2717 ) ;
#3864 = DIRECTION ( 'NONE',  ( 1.578450805591711839E-15, -0.5000000000000012212, 0.8660254037844379305 ) ) ;
#3865 = CARTESIAN_POINT ( 'NONE',  ( -0.3838435821108956980, -1.278274232599929142E-15, -0.2126999999999998336 ) ) ;
#3866 = LINE ( 'NONE', #2929, #772 ) ;
#3867 = EDGE_CURVE ( 'NONE', #2551, #3377, #223, .T. ) ;
#3868 = EDGE_LOOP ( 'NONE', ( #995, #1096, #1468, #637 ) ) ;
ENDSEC;
END-ISO-10303-21;
