ISO-10303-21;
HEADER;
FILE_DESCRIPTION (( 'STEP AP214' ),
    '1' );
FILE_NAME ('6432K12_Set Screw Shaft Collar.STEP',
    '2026-09-04T22:01:24',
    ( '' ),
    ( '' ),
    'SwSTEP 2.0',
    'SolidWorks 2026',
    '' );
FILE_SCHEMA (( 'AUTOMOTIVE_DESIGN' ));
ENDSEC;

DATA;
#1 = FILL_AREA_STYLE_COLOUR ( '', #634 ) ;
#2 = EDGE_LOOP ( 'NONE', ( #70, #95 ) ) ;
#3 = DIRECTION ( 'NONE',  ( -0.7071067811865474617, -0.7071067811865475727, 8.659560562354931626E-17 ) ) ;
#4 = UNCERTAINTY_MEASURE_WITH_UNIT (LENGTH_MEASURE( 1.000000000000000082E-05 ), #1205, 'distance_accuracy_value', 'NONE');
#5 = DIRECTION ( 'NONE',  ( -0.000000000000000000, -0.000000000000000000, -1.000000000000000000 ) ) ;
#6 = VECTOR ( 'NONE', #958, 39.37007874015748143 ) ;
#7 = FILL_AREA_STYLE ('',( #1281 ) ) ;
#8 = CARTESIAN_POINT ( 'NONE',  ( 0.08215290630953715756, 0.09430864401150185206, 0.04807441912729251698 ) ) ;
#9 = COLOUR_RGB ( '',0.7529411764705882248, 0.7529411764705882248, 0.7529411764705882248 ) ;
#10 = AXIS2_PLACEMENT_3D ( 'NONE', #170, #845, #1090 ) ;
#11 = CARTESIAN_POINT ( 'NONE',  ( 0.09499999999999989009, 0.2266437644208728064, 0.000000000000000000 ) ) ;
#12 = EDGE_LOOP ( 'NONE', ( #189, #1544, #720, #1601 ) ) ;
#13 = PLANE ( 'NONE',  #194 ) ;
#14 = CARTESIAN_POINT ( 'NONE',  ( 0.09499993351667934682, 0.08124046178990466938, 0.006496470897913437896 ) ) ;
#15 = AXIS2_PLACEMENT_3D ( 'NONE', #806, #148, #518 ) ;
#16 = SURFACE_SIDE_STYLE ('',( #129 ) ) ;
#17 = DIRECTION ( 'NONE',  ( 0.000000000000000000, 0.000000000000000000, 1.000000000000000000 ) ) ;
#18 = DIRECTION ( 'NONE',  ( 1.000000000000000000, 0.000000000000000000, 0.000000000000000000 ) ) ;
#19 = ORIENTED_EDGE ( 'NONE', *, *, #1588, .F. ) ;
#20 = ADVANCED_FACE ( 'NONE', ( #179, #712 ), #1207, .T. ) ;
#21 =( CONVERSION_BASED_UNIT ( 'INCH', #1215 ) LENGTH_UNIT ( ) NAMED_UNIT ( #138 ) );
#22 = FACE_OUTER_BOUND ( 'NONE', #1439, .T. ) ;
#23 =( NAMED_UNIT ( * ) SI_UNIT ( $, .STERADIAN. ) SOLID_ANGLE_UNIT ( ) );
#24 = SURFACE_STYLE_FILL_AREA ( #1206 ) ;
#25 = ORIENTED_EDGE ( 'NONE', *, *, #583, .T. ) ;
#26 = SURFACE_STYLE_FILL_AREA ( #684 ) ;
#27 = DIMENSIONAL_EXPONENTS ( 1.000000000000000000, 0.000000000000000000, 0.000000000000000000, 0.000000000000000000, 0.000000000000000000, 0.000000000000000000, 0.000000000000000000 ) ;
#28 = ADVANCED_FACE ( 'NONE', ( #1014 ), #330, .T. ) ;
#29 = STYLED_ITEM ( 'NONE', ( #1133 ), #41 ) ;
#30 = COLOUR_RGB ( '',0.7529411764705882248, 0.7529411764705882248, 0.7529411764705882248 ) ;
#31 = CIRCLE ( 'NONE', #1251, 0.1250000000000000000 ) ;
#32 =( CONVERSION_BASED_UNIT ( 'INCH', #1478 ) LENGTH_UNIT ( ) NAMED_UNIT ( #444 ) );
#33 = STYLED_ITEM ( 'NONE', ( #124 ), #717 ) ;
#34 = TOROIDAL_SURFACE ( 'NONE', #1427, 0.2449999999999999956, 0.005000000000000000104 ) ;
#35 = EDGE_LOOP ( 'NONE', ( #1561, #1046, #163, #305 ) ) ;
#36 = AXIS2_PLACEMENT_3D ( 'NONE', #263, #361, #762 ) ;
#37 =( NAMED_UNIT ( * ) SI_UNIT ( $, .STERADIAN. ) SOLID_ANGLE_UNIT ( ) );
#38 = CARTESIAN_POINT ( 'NONE',  ( -0.09499999999999994560, 0.2266437644208728064, 1.163414459189984666E-17 ) ) ;
#39 = ORIENTED_EDGE ( 'NONE', *, *, #1442, .F. ) ;
#40 = DIRECTION ( 'NONE',  ( -1.000000000000000000, 1.224646799147346798E-16, 0.000000000000000000 ) ) ;
#41 = ADVANCED_FACE ( 'NONE', ( #1374 ), #1389, .T. ) ;
#42 = CARTESIAN_POINT ( 'NONE',  ( -5.402336120283424169E-18, 0.1250000000000000000, 0.000000000000000000 ) ) ;
#43 = PRESENTATION_STYLE_ASSIGNMENT (( #1100 ) ) ;
#44 = FILL_AREA_STYLE_COLOUR ( '', #224 ) ;
#45 = PLANE ( 'NONE',  #848 ) ;
#46 = CIRCLE ( 'NONE', #586, 0.2500000000000000000 ) ;
#47 = FILL_AREA_STYLE_COLOUR ( '', #30 ) ;
#48 = DIRECTION ( 'NONE',  ( -1.000000000000000000, 0.000000000000000000, 0.000000000000000000 ) ) ;
#49 = EDGE_CURVE ( 'NONE', #741, #1504, #963, .T. ) ;
#50 = ORIENTED_EDGE ( 'NONE', *, *, #280, .F. ) ;
#51 = CARTESIAN_POINT ( 'NONE',  ( -0.07558909355732296165, 0.09964657549929963054, 0.05784875573103058499 ) ) ;
#52 = ORIENTED_EDGE ( 'NONE', *, *, #1680, .F. ) ;
#53 = CARTESIAN_POINT ( 'NONE',  ( 0.000000000000000000, 0.000000000000000000, 0.1356249999999999956 ) ) ;
#54 = STYLED_ITEM ( 'NONE', ( #67 ), #20 ) ;
#55 = DIRECTION ( 'NONE',  ( -4.321868896226739336E-17, 1.000000000000000000, -0.000000000000000000 ) ) ;
#56 = COLOUR_RGB ( '',0.7529411764705882248, 0.7529411764705882248, 0.7529411764705882248 ) ;
#57 = VERTEX_POINT ( 'NONE', #1035 ) ;
#58 = AXIS2_PLACEMENT_3D ( 'NONE', #1138, #1376, #773 ) ;
#59 = DIRECTION ( 'NONE',  ( -1.000000000000000000, 0.000000000000000000, 0.000000000000000000 ) ) ;
#60 = MANIFOLD_SOLID_BREP ( 'Cut-Extrude2', #1142 ) ;
#61 =( GEOMETRIC_REPRESENTATION_CONTEXT ( 3 ) GLOBAL_UNCERTAINTY_ASSIGNED_CONTEXT ( ( #689 ) ) GLOBAL_UNIT_ASSIGNED_CONTEXT ( ( #587, #167, #1079 ) ) REPRESENTATION_CONTEXT ( 'NONE', 'WORKASPACE' ) );
#62 = CARTESIAN_POINT ( 'NONE',  ( -1.080467224056684834E-17, 0.2500000000000000000, 0.000000000000000000 ) ) ;
#63 = EDGE_LOOP ( 'NONE', ( #1643, #1660 ) ) ;
#64 = FACE_OUTER_BOUND ( 'NONE', #538, .T. ) ;
#65 =( NAMED_UNIT ( * ) SI_UNIT ( $, .STERADIAN. ) SOLID_ANGLE_UNIT ( ) );
#66 = SURFACE_STYLE_FILL_AREA ( #752 ) ;
#67 = PRESENTATION_STYLE_ASSIGNMENT (( #875 ) ) ;
#68 = CARTESIAN_POINT ( 'NONE',  ( 0.02706329386826372349, 0.1562499999999997224, 0.04687500000000009021 ) ) ;
#69 =( GEOMETRIC_REPRESENTATION_CONTEXT ( 3 ) GLOBAL_UNCERTAINTY_ASSIGNED_CONTEXT ( ( #1384 ) ) GLOBAL_UNIT_ASSIGNED_CONTEXT ( ( #32, #1193, #23 ) ) REPRESENTATION_CONTEXT ( 'NONE', 'WORKASPACE' ) );
#70 = ORIENTED_EDGE ( 'NONE', *, *, #956, .F. ) ;
#71 = EDGE_CURVE ( 'NONE', #772, #1083, #653, .T. ) ;
#72 = PRESENTATION_STYLE_ASSIGNMENT (( #1378 ) ) ;
#73 = DIRECTION ( 'NONE',  ( 1.000000000000000000, 4.321868896226739336E-17, 0.000000000000000000 ) ) ;
#74 = FILL_AREA_STYLE_COLOUR ( '', #575 ) ;
#75 = ORIENTED_EDGE ( 'NONE', *, *, #1463, .F. ) ;
#76 = PRESENTATION_STYLE_ASSIGNMENT (( #879 ) ) ;
#77 = PRODUCT ( '6432K12_Set Screw Shaft Collar_6432K12', '6432K12_Set Screw Shaft Collar_6432K12', '', ( #415 ) ) ;
#78 = CARTESIAN_POINT ( 'NONE',  ( -0.08532299408199789381, 0.2350032031496739060, 0.04223433475475027454 ) ) ;
#79 =( CONVERSION_BASED_UNIT ( 'INCH', #1238 ) LENGTH_UNIT ( ) NAMED_UNIT ( #1356 ) );
#80 =( GEOMETRIC_REPRESENTATION_CONTEXT ( 3 ) GLOBAL_UNCERTAINTY_ASSIGNED_CONTEXT ( ( #930 ) ) GLOBAL_UNIT_ASSIGNED_CONTEXT ( ( #402, #554, #657 ) ) REPRESENTATION_CONTEXT ( 'NONE', 'WORKASPACE' ) );
#81 = LENGTH_MEASURE_WITH_UNIT ( LENGTH_MEASURE( 0.02539999999999999897 ), #366 );
#82 = CARTESIAN_POINT ( 'NONE',  ( 0.09437119762657497635, 0.2315077276733582823, 0.01257109507809791443 ) ) ;
#83 = VECTOR ( 'NONE', #1497, 39.37007874015748143 ) ;
#84 = CARTESIAN_POINT ( 'NONE',  ( 0.2500000000000000000, 3.061616997868383018E-17, -0.1356250000000000233 ) ) ;
#85 = ORIENTED_EDGE ( 'NONE', *, *, #911, .T. ) ;
#86 = DIRECTION ( 'NONE',  ( 1.224646799147353207E-16, 1.000000000000000000, -0.000000000000000000 ) ) ;
#87 = MECHANICAL_DESIGN_GEOMETRIC_PRESENTATION_REPRESENTATION (  '', ( #1199 ), #426 ) ;
#88 = UNCERTAINTY_MEASURE_WITH_UNIT (LENGTH_MEASURE( 1.000000000000000082E-05 ), #449, 'distance_accuracy_value', 'NONE');
#89 = PRODUCT_DEFINITION_FORMATION_WITH_SPECIFIED_SOURCE ( 'Symmetric', '', #77, .NOT_KNOWN. ) ;
#90 = DIRECTION ( 'NONE',  ( -0.000000000000000000, -0.000000000000000000, -1.000000000000000000 ) ) ;
#91 = CARTESIAN_POINT ( 'NONE',  ( -0.02706329386826370614, 0.1562499999999997224, 0.04687500000000009714 ) ) ;
#92 = ADVANCED_FACE ( 'NONE', ( #908 ), #1630, .T. ) ;
#93 = DIRECTION ( 'NONE',  ( 4.321868896226739336E-17, -1.000000000000000000, 0.000000000000000000 ) ) ;
#94 = PRESENTATION_STYLE_ASSIGNMENT (( #1258 ) ) ;
#95 = ORIENTED_EDGE ( 'NONE', *, *, #1511, .F. ) ;
#96 =( GEOMETRIC_REPRESENTATION_CONTEXT ( 3 ) GLOBAL_UNCERTAINTY_ASSIGNED_CONTEXT ( ( #1020 ) ) GLOBAL_UNIT_ASSIGNED_CONTEXT ( ( #1265, #777, #1257 ) ) REPRESENTATION_CONTEXT ( 'NONE', 'WORKASPACE' ) );
#97 = B_SPLINE_CURVE_WITH_KNOTS ( 'NONE', 3,
 ( #1170, #1412, #1556, #1271, #1283, #1541, #401, #107, #1434, #654, #121, #781, #135, #545, #272, #668, #1667, #14, #891, #1444, #393, #1033, #8, #1571, #921, #553, #244, #382, #1153, #1058, #147, #525, #1044, #799 ),
 .UNSPECIFIED., .F., .F.,
 ( 4, 2, 2, 2, 2, 2, 2, 2, 2, 2, 2, 2, 2, 2, 2, 2, 4 ),
 ( 2.402007026949507184E-17, 0.0004948728676098106431, 0.0009897457352195972169, 0.001484618602829383899, 0.001979491470439169714, 0.002474364338048955746, 0.002969237205658742211, 0.003464110073268529110, 0.003958982940878316009, 0.004453855808488102475, 0.004948728676097888940, 0.005443601543707675405, 0.005938474411317461003, 0.006433347278927248336, 0.006928220146537034801, 0.007423093014146821267, 0.007917965881756607732 ),
 .UNSPECIFIED. ) ;
#98 = CARTESIAN_POINT ( 'NONE',  ( -0.04231088512396617013, 0.2464619346552255896, 0.08528481802847659443 ) ) ;
#99 = LENGTH_MEASURE_WITH_UNIT ( LENGTH_MEASURE( 0.02539999999999999897 ), #1467 );
#100 = DIRECTION ( 'NONE',  ( -0.000000000000000000, -1.000000000000000000, -0.000000000000000000 ) ) ;
#101 = ADVANCED_FACE ( 'NONE', ( #1322 ), #446, .T. ) ;
#102 = CARTESIAN_POINT ( 'NONE',  ( 0.04777721279133765458, 0.2454486030584562550, -0.08234483127162130212 ) ) ;
#103 = VERTEX_POINT ( 'NONE', #1330 ) ;
#104 = CARTESIAN_POINT ( 'NONE',  ( -0.1300000000000000044, 1.592040838891559342E-17, 0.1356249999999999956 ) ) ;
#105 = UNCERTAINTY_MEASURE_WITH_UNIT (LENGTH_MEASURE( 1.000000000000000082E-05 ), #1288, 'distance_accuracy_value', 'NONE');
#106 = MECHANICAL_DESIGN_GEOMETRIC_PRESENTATION_REPRESENTATION (  '', ( #729 ), #1654 ) ;
#107 = CARTESIAN_POINT ( 'NONE',  ( 0.05882797977151781044, 0.1104324709145277084, -0.07484333187131289589 ) ) ;
#108 = SURFACE_STYLE_USAGE ( .BOTH. , #1164 ) ;
#109 = DIRECTION ( 'NONE',  ( -1.000000000000000000, 0.000000000000000000, 0.000000000000000000 ) ) ;
#110 = FILL_AREA_STYLE ('',( #1567 ) ) ;
#111 = EDGE_LOOP ( 'NONE', ( #499, #636, #300, #1617 ) ) ;
#112 = AXIS2_PLACEMENT_3D ( 'NONE', #872, #1244, #630 ) ;
#113 = FILL_AREA_STYLE ('',( #1039 ) ) ;
#114 = DIMENSIONAL_EXPONENTS ( 1.000000000000000000, 0.000000000000000000, 0.000000000000000000, 0.000000000000000000, 0.000000000000000000, 0.000000000000000000, 0.000000000000000000 ) ;
#115 = CIRCLE ( 'NONE', #336, 0.2449999999999999956 ) ;
#116 = LINE ( 'NONE', #1308, #1449 ) ;
#117 = PRESENTATION_LAYER_ASSIGNMENT (  '', '', ( #33 ) ) ;
#118 =( GEOMETRIC_REPRESENTATION_CONTEXT ( 3 ) GLOBAL_UNCERTAINTY_ASSIGNED_CONTEXT ( ( #1401 ) ) GLOBAL_UNIT_ASSIGNED_CONTEXT ( ( #1168, #433, #1340 ) ) REPRESENTATION_CONTEXT ( 'NONE', 'WORKASPACE' ) );
#119 =( CONVERSION_BASED_UNIT ( 'INCH', #1645 ) LENGTH_UNIT ( ) NAMED_UNIT ( #866 ) );
#120 = DIRECTION ( 'NONE',  ( -1.000000000000000000, 1.224646799147354933E-16, 0.000000000000000000 ) ) ;
#121 = CARTESIAN_POINT ( 'NONE',  ( 0.07556802340120533090, 0.09966234439146706703, -0.05787528300000643888 ) ) ;
#122 =( NAMED_UNIT ( * ) PLANE_ANGLE_UNIT ( ) SI_UNIT ( $, .RADIAN. ) );
#123 = EDGE_LOOP ( 'NONE', ( #579, #52, #802, #358 ) ) ;
#124 = PRESENTATION_STYLE_ASSIGNMENT (( #1448 ) ) ;
#125 = UNCERTAINTY_MEASURE_WITH_UNIT (LENGTH_MEASURE( 1.000000000000000082E-05 ), #371, 'distance_accuracy_value', 'NONE');
#126 = FACE_OUTER_BOUND ( 'NONE', #123, .T. ) ;
#127 = EDGE_CURVE ( 'NONE', #1068, #618, #1486, .T. ) ;
#128 = SURFACE_STYLE_USAGE ( .BOTH. , #265 ) ;
#129 = SURFACE_STYLE_FILL_AREA ( #775 ) ;
#130 = LINE ( 'NONE', #676, #1261 ) ;
#131 = CARTESIAN_POINT ( 'NONE',  ( 0.000000000000000000, 0.000000000000000000, -0.1356250000000000233 ) ) ;
#132 = ORIENTED_EDGE ( 'NONE', *, *, #823, .F. ) ;
#133 = CARTESIAN_POINT ( 'NONE',  ( 0.000000000000000000, 0.000000000000000000, -0.1406250000000000000 ) ) ;
#134 = APPLICATION_CONTEXT ( 'automotive_design' ) ;
#135 = CARTESIAN_POINT ( 'NONE',  ( 0.08502335663565935286, 0.09169099072217155866, -0.04281812629832894984 ) ) ;
#136 = FILL_AREA_STYLE_COLOUR ( '', #143 ) ;
#137 = CARTESIAN_POINT ( 'NONE',  ( 0.03081708479844436771, 0.2481605541992788211, 0.09007559292489332459 ) ) ;
#138 = DIMENSIONAL_EXPONENTS ( 1.000000000000000000, 0.000000000000000000, 0.000000000000000000, 0.000000000000000000, 0.000000000000000000, 0.000000000000000000, 0.000000000000000000 ) ;
#139 = SURFACE_SIDE_STYLE ('',( #537 ) ) ;
#140 = ORIENTED_EDGE ( 'NONE', *, *, #1559, .T. ) ;
#141 = LINE ( 'NONE', #688, #338 ) ;
#142 = COLOUR_RGB ( '',0.7529411764705882248, 0.7529411764705882248, 0.7529411764705882248 ) ;
#143 = COLOUR_RGB ( '',0.7529411764705882248, 0.7529411764705882248, 0.7529411764705882248 ) ;
#144 = PRESENTATION_STYLE_ASSIGNMENT (( #408 ) ) ;
#145 = B_SPLINE_CURVE_WITH_KNOTS ( 'NONE', 3,
 ( #1081, #306, #1208, #180, #851, #192, #607, #188, #51, #1218, #832, #1608, #578, #594, #1094, #1355, #616, #1339, #974, #458, #322, #1345, #1489, #169, #1473, #731, #1332, #432, #704, #1226 ),
 .UNSPECIFIED., .F., .F.,
 ( 4, 2, 2, 2, 2, 2, 2, 2, 2, 2, 2, 2, 2, 2, 4 ),
 ( 0.007917965881756607732, 0.008411835241533407309, 0.008905704601310208621, 0.009893443320863809509, 0.01038731268064060909, 0.01088118204041740866, 0.01137505140019420824, 0.01186892075997100955, 0.01236279011974781086, 0.01285665947952461044, 0.01335052883930141002, 0.01384439819907821133, 0.01483213691863181222, 0.01532600627840861353, 0.01581987563818541484 ),
 .UNSPECIFIED. ) ;
#146 = CIRCLE ( 'NONE', #1423, 0.005000000000000014849 ) ;
#147 = CARTESIAN_POINT ( 'NONE',  ( 0.02566335538366278785, 0.1225057720489326901, 0.09169741545832500729 ) ) ;
#148 = DIRECTION ( 'NONE',  ( -4.321868896226739336E-17, 1.000000000000000000, -0.000000000000000000 ) ) ;
#149 = STYLED_ITEM ( 'NONE', ( #411 ), #1577 ) ;
#150 = EDGE_CURVE ( 'NONE', #588, #1010, #934, .T. ) ;
#151 = SURFACE_STYLE_USAGE ( .BOTH. , #256 ) ;
#152 = ORIENTED_EDGE ( 'NONE', *, *, #862, .T. ) ;
#153 = LINE ( 'NONE', #1182, #1284 ) ;
#154 = DIRECTION ( 'NONE',  ( 0.4999999999999998335, 0.000000000000000000, 0.8660254037844385966 ) ) ;
#155 =( NAMED_UNIT ( * ) PLANE_ANGLE_UNIT ( ) SI_UNIT ( $, .RADIAN. ) );
#156 = LENGTH_MEASURE_WITH_UNIT ( LENGTH_MEASURE( 0.02539999999999999897 ), #804 );
#157 = FILL_AREA_STYLE ('',( #47 ) ) ;
#158 = CIRCLE ( 'NONE', #379, 0.07164376442087273811 ) ;
#159 = SURFACE_STYLE_FILL_AREA ( #288 ) ;
#160 = SURFACE_STYLE_USAGE ( .BOTH. , #176 ) ;
#161 = EDGE_CURVE ( 'NONE', #1083, #1010, #294, .T. ) ;
#162 =( NAMED_UNIT ( * ) SI_UNIT ( $, .STERADIAN. ) SOLID_ANGLE_UNIT ( ) );
#163 = ORIENTED_EDGE ( 'NONE', *, *, #964, .F. ) ;
#164 = SURFACE_STYLE_USAGE ( .BOTH. , #1189 ) ;
#165 = DIRECTION ( 'NONE',  ( -0.000000000000000000, -0.000000000000000000, -1.000000000000000000 ) ) ;
#166 = SURFACE_STYLE_USAGE ( .BOTH. , #727 ) ;
#167 =( NAMED_UNIT ( * ) PLANE_ANGLE_UNIT ( ) SI_UNIT ( $, .RADIAN. ) );
#168 = ORIENTED_EDGE ( 'NONE', *, *, #535, .F. ) ;
#169 = CARTESIAN_POINT ( 'NONE',  ( -0.05920932338962486829, 0.1105404132671102685, -0.07524972381755726247 ) ) ;
#170 = CARTESIAN_POINT ( 'NONE',  ( 0.000000000000000000, 0.000000000000000000, -0.1356250000000000233 ) ) ;
#171 = ORIENTED_EDGE ( 'NONE', *, *, #1549, .F. ) ;
#172 = DIRECTION ( 'NONE',  ( 0.000000000000000000, 0.000000000000000000, 1.000000000000000000 ) ) ;
#173 = ADVANCED_FACE ( 'NONE', ( #22 ), #821, .T. ) ;
#174 = COLOUR_RGB ( '',0.7529411764705882248, 0.7529411764705882248, 0.7529411764705882248 ) ;
#175 = DIRECTION ( 'NONE',  ( 0.7071067811865472397, -0.7071067811865477948, 0.000000000000000000 ) ) ;
#176 = SURFACE_SIDE_STYLE ('',( #1223 ) ) ;
#177 = MECHANICAL_DESIGN_GEOMETRIC_PRESENTATION_REPRESENTATION (  '', ( #860 ), #601 ) ;
#178 = SURFACE_SIDE_STYLE ('',( #24 ) ) ;
#179 = FACE_BOUND ( 'NONE', #660, .T. ) ;
#180 = CARTESIAN_POINT ( 'NONE',  ( -0.02570293362562940664, 0.1224947878901996579, 0.09168271477681498582 ) ) ;
#181 =( CONVERSION_BASED_UNIT ( 'INCH', #1096 ) LENGTH_UNIT ( ) NAMED_UNIT ( #1543 ) );
#182 = EDGE_LOOP ( 'NONE', ( #1038, #456, #1103, #75 ) ) ;
#183 = CARTESIAN_POINT ( 'NONE',  ( 0.02706329386826372349, 0.2499999999999997224, 0.04687500000000009021 ) ) ;
#184 = ADVANCED_FACE ( 'NONE', ( #1619 ), #737, .F. ) ;
#185 = SURFACE_STYLE_USAGE ( .BOTH. , #416 ) ;
#186 = PRESENTATION_LAYER_ASSIGNMENT (  '', '', ( #612 ) ) ;
#187 = ORIENTED_EDGE ( 'NONE', *, *, #1302, .F. ) ;
#188 = CARTESIAN_POINT ( 'NONE',  ( -0.07179555058905535969, 0.1024452255037499177, 0.06249565910036974925 ) ) ;
#189 = ORIENTED_EDGE ( 'NONE', *, *, #796, .T. ) ;
#190 = DIRECTION ( 'NONE',  ( 0.4999999999999998335, 0.000000000000000000, -0.8660254037844388186 ) ) ;
#191 = ORIENTED_EDGE ( 'NONE', *, *, #574, .T. ) ;
#192 = CARTESIAN_POINT ( 'NONE',  ( -0.04915321797157044120, 0.1155636441117664642, 0.08225832986308459494 ) ) ;
#193 = SURFACE_STYLE_FILL_AREA ( #1210 ) ;
#194 = AXIS2_PLACEMENT_3D ( 'NONE', #261, #1545, #1069 ) ;
#195 = EDGE_LOOP ( 'NONE', ( #1354, #749, #520, #1623 ) ) ;
#196 = SURFACE_STYLE_USAGE ( .BOTH. , #742 ) ;
#197 =( GEOMETRIC_REPRESENTATION_CONTEXT ( 3 ) GLOBAL_UNCERTAINTY_ASSIGNED_CONTEXT ( ( #372 ) ) GLOBAL_UNIT_ASSIGNED_CONTEXT ( ( #716, #969, #1452 ) ) REPRESENTATION_CONTEXT ( 'NONE', 'WORKASPACE' ) );
#198 = MECHANICAL_DESIGN_GEOMETRIC_PRESENTATION_REPRESENTATION (  '', ( #1658 ), #331 ) ;
#199 = COLOUR_RGB ( '',0.7529411764705882248, 0.7529411764705882248, 0.7529411764705882248 ) ;
#200 = SURFACE_SIDE_STYLE ('',( #1646 ) ) ;
#201 = COLOUR_RGB ( '',0.7529411764705882248, 0.7529411764705882248, 0.7529411764705882248 ) ;
#202 = SURFACE_STYLE_FILL_AREA ( #740 ) ;
#203 = ADVANCED_FACE ( 'NONE', ( #1123 ), #452, .T. ) ;
#204 = PRESENTATION_LAYER_ASSIGNMENT (  '', '', ( #427 ) ) ;
#205 = ORIENTED_EDGE ( 'NONE', *, *, #414, .T. ) ;
#206 = DIRECTION ( 'NONE',  ( -4.321868896226739336E-17, 1.000000000000000000, -0.000000000000000000 ) ) ;
#207 =( CONVERSION_BASED_UNIT ( 'INCH', #638 ) LENGTH_UNIT ( ) NAMED_UNIT ( #250 ) );
#208 = CARTESIAN_POINT ( 'NONE',  ( 0.02706329386826372349, 0.2500000000000000000, -0.04687499999999990979 ) ) ;
#209 = CARTESIAN_POINT ( 'NONE',  ( -0.07164376442087276586, 0.1250000000000000000, 0.000000000000000000 ) ) ;
#210 = DIRECTION ( 'NONE',  ( 0.000000000000000000, 0.000000000000000000, 1.000000000000000000 ) ) ;
#211 = MECHANICAL_DESIGN_GEOMETRIC_PRESENTATION_REPRESENTATION (  '', ( #1402 ), #69 ) ;
#212 = EDGE_CURVE ( 'NONE', #1488, #1181, #539, .T. ) ;
#213 = ORIENTED_EDGE ( 'NONE', *, *, #1064, .F. ) ;
#214 = SURFACE_SIDE_STYLE ('',( #766 ) ) ;
#215 = UNCERTAINTY_MEASURE_WITH_UNIT (LENGTH_MEASURE( 1.000000000000000082E-05 ), #1000, 'distance_accuracy_value', 'NONE');
#216 =( NAMED_UNIT ( * ) PLANE_ANGLE_UNIT ( ) SI_UNIT ( $, .RADIAN. ) );
#217 = CARTESIAN_POINT ( 'NONE',  ( -5.402336120283424169E-18, 0.1250000000000000000, 0.000000000000000000 ) ) ;
#218 = FILL_AREA_STYLE ('',( #1380 ) ) ;
#219 = ORIENTED_EDGE ( 'NONE', *, *, #1134, .F. ) ;
#220 = CARTESIAN_POINT ( 'NONE',  ( 0.02802748269495261221, 0.1250000000000000000, 0.000000000000000000 ) ) ;
#221 = ADVANCED_FACE ( 'NONE', ( #978 ), #1492, .T. ) ;
#222 = CARTESIAN_POINT ( 'NONE',  ( -0.01255630575174148701, 0.2497590914923438765, -0.09437097510593937810 ) ) ;
#223 = SURFACE_STYLE_USAGE ( .BOTH. , #362 ) ;
#224 = COLOUR_RGB ( '',0.7529411764705882248, 0.7529411764705882248, 0.7529411764705882248 ) ;
#225 =( NAMED_UNIT ( * ) SI_UNIT ( $, .STERADIAN. ) SOLID_ANGLE_UNIT ( ) );
#226 = DIRECTION ( 'NONE',  ( 1.000000000000000000, 0.000000000000000000, 0.000000000000000000 ) ) ;
#227 = AXIS2_PLACEMENT_3D ( 'NONE', #91, #852, #496 ) ;
#228 = CIRCLE ( 'NONE', #1172, 0.2449999999999999956 ) ;
#229 = EDGE_LOOP ( 'NONE', ( #1669, #955, #419, #1110, #1551, #298 ) ) ;
#230 = FILL_AREA_STYLE ('',( #1018 ) ) ;
#231 = AXIS2_PLACEMENT_3D ( 'NONE', #1482, #1200, #317 ) ;
#232 = UNCERTAINTY_MEASURE_WITH_UNIT (LENGTH_MEASURE( 1.000000000000000082E-05 ), #1155, 'distance_accuracy_value', 'NONE');
#233 = AXIS2_PLACEMENT_3D ( 'NONE', #1269, #90, #242 ) ;
#234 = EDGE_CURVE ( 'NONE', #878, #1526, #833, .T. ) ;
#235 = CARTESIAN_POINT ( 'NONE',  ( 0.000000000000000000, 0.000000000000000000, 0.1356249999999999956 ) ) ;
#236 = CARTESIAN_POINT ( 'NONE',  ( 0.000000000000000000, 0.2500000000000000000, 1.024442997624098707E-16 ) ) ;
#237 = CARTESIAN_POINT ( 'NONE',  ( 0.04234132135388252172, 0.2464566852349626414, -0.08526969653759144951 ) ) ;
#238 = FILL_AREA_STYLE ('',( #74 ) ) ;
#239 = EDGE_LOOP ( 'NONE', ( #1408, #485, #670, #1381 ) ) ;
#240 = VECTOR ( 'NONE', #711, 39.37007874015748854 ) ;
#241 = DIRECTION ( 'NONE',  ( 0.7071067811865474617, -0.7071067811865475727, 0.000000000000000000 ) ) ;
#242 = DIRECTION ( 'NONE',  ( 1.000000000000000000, 0.000000000000000000, 0.000000000000000000 ) ) ;
#243 =( NAMED_UNIT ( * ) SI_UNIT ( $, .STERADIAN. ) SOLID_ANGLE_UNIT ( ) );
#244 = CARTESIAN_POINT ( 'NONE',  ( 0.05880183177765817282, 0.1104453416131735283, 0.07486199462888754042 ) ) ;
#245 =( NAMED_UNIT ( * ) SI_UNIT ( $, .STERADIAN. ) SOLID_ANGLE_UNIT ( ) );
#246 = ORIENTED_EDGE ( 'NONE', *, *, #548, .T. ) ;
#247 =( LENGTH_UNIT ( ) NAMED_UNIT ( * ) SI_UNIT ( $, .METRE. ) );
#248 = UNCERTAINTY_MEASURE_WITH_UNIT (LENGTH_MEASURE( 1.000000000000000082E-05 ), #21, 'distance_accuracy_value', 'NONE');
#249 = FACE_BOUND ( 'NONE', #63, .T. ) ;
#250 = DIMENSIONAL_EXPONENTS ( 1.000000000000000000, 0.000000000000000000, 0.000000000000000000, 0.000000000000000000, 0.000000000000000000, 0.000000000000000000, 0.000000000000000000 ) ;
#251 = SURFACE_STYLE_USAGE ( .BOTH. , #434 ) ;
#252 = CARTESIAN_POINT ( 'NONE',  ( 0.05805486584932689070, 0.2432225544637557357, 0.07545083686410761215 ) ) ;
#253 = PRESENTATION_LAYER_ASSIGNMENT (  '', '', ( #54 ) ) ;
#254 = MECHANICAL_DESIGN_GEOMETRIC_PRESENTATION_REPRESENTATION (  '', ( #1603 ), #475 ) ;
#255 = EDGE_CURVE ( 'NONE', #938, #103, #561, .T. ) ;
#256 = SURFACE_SIDE_STYLE ('',( #912 ) ) ;
#257 = ORIENTED_EDGE ( 'NONE', *, *, #823, .T. ) ;
#258 = AXIS2_PLACEMENT_3D ( 'NONE', #235, #621, #1613 ) ;
#259 = CARTESIAN_POINT ( 'NONE',  ( -0.2449999999999999956, 3.000384657911014877E-17, -0.1356250000000000233 ) ) ;
#260 = VECTOR ( 'NONE', #1221, 39.37007874015748143 ) ;
#261 = CARTESIAN_POINT ( 'NONE',  ( 0.000000000000000000, 0.000000000000000000, -0.1406250000000000000 ) ) ;
#262 = CONICAL_SURFACE ( 'NONE', #1285, 0.07164376442087275199, 0.7853981633974479459 ) ;
#263 = CARTESIAN_POINT ( 'NONE',  ( -0.05412658773652742616, 0.1562499999999997224, 8.511461947717946251E-17 ) ) ;
#264 =( CONVERSION_BASED_UNIT ( 'INCH', #99 ) LENGTH_UNIT ( ) NAMED_UNIT ( #702 ) );
#265 = SURFACE_SIDE_STYLE ('',( #1426 ) ) ;
#266 = DIRECTION ( 'NONE',  ( 0.000000000000000000, -1.000000000000000000, 0.000000000000000000 ) ) ;
#267 = EDGE_LOOP ( 'NONE', ( #1224, #171, #1597, #1331 ) ) ;
#268 = DIRECTION ( 'NONE',  ( 0.000000000000000000, 0.000000000000000000, 1.000000000000000000 ) ) ;
#269 = UNCERTAINTY_MEASURE_WITH_UNIT (LENGTH_MEASURE( 1.000000000000000082E-05 ), #356, 'distance_accuracy_value', 'NONE');
#270 = PRESENTATION_STYLE_ASSIGNMENT (( #1065 ) ) ;
#271 = MECHANICAL_DESIGN_GEOMETRIC_PRESENTATION_REPRESENTATION (  '', ( #1299 ), #744 ) ;
#272 = CARTESIAN_POINT ( 'NONE',  ( 0.09171575088586934876, 0.08495282708633764002, -0.02556857440700701159 ) ) ;
#273 = VECTOR ( 'NONE', #529, 39.37007874015748143 ) ;
#274 = LENGTH_MEASURE_WITH_UNIT ( LENGTH_MEASURE( 0.02539999999999999897 ), #384 );
#275 = DIRECTION ( 'NONE',  ( 1.000000000000000000, 0.000000000000000000, 0.000000000000000000 ) ) ;
#276 = VERTEX_POINT ( 'NONE', #502 ) ;
#277 = LENGTH_MEASURE_WITH_UNIT ( LENGTH_MEASURE( 0.02539999999999999897 ), #671 );
#278 = DIMENSIONAL_EXPONENTS ( 1.000000000000000000, 0.000000000000000000, 0.000000000000000000, 0.000000000000000000, 0.000000000000000000, 0.000000000000000000, 0.000000000000000000 ) ;
#279 = DIRECTION ( 'NONE',  ( -0.000000000000000000, -0.000000000000000000, -1.000000000000000000 ) ) ;
#280 = EDGE_CURVE ( 'NONE', #1300, #1259, #1605, .T. ) ;
#281 = CARTESIAN_POINT ( 'NONE',  ( 0.07150559351517710160, 0.2395984229172056779, 0.06284805325875331139 ) ) ;
#282 = CYLINDRICAL_SURFACE ( 'NONE', #1639, 0.2500000000000000000 ) ;
#283 = VERTEX_POINT ( 'NONE', #1043 ) ;
#284 = AXIS2_PLACEMENT_3D ( 'NONE', #236, #100, #614 ) ;
#285 = AXIS2_PLACEMENT_3D ( 'NONE', #1286, #1295, #1536 ) ;
#286 = PRESENTATION_LAYER_ASSIGNMENT (  '', '', ( #313 ) ) ;
#287 = SURFACE_STYLE_FILL_AREA ( #157 ) ;
#288 = FILL_AREA_STYLE ('',( #1216 ) ) ;
#289 = EDGE_LOOP ( 'NONE', ( #1101, #466 ) ) ;
#290 = PRESENTATION_STYLE_ASSIGNMENT (( #164 ) ) ;
#291 = DIRECTION ( 'NONE',  ( 0.000000000000000000, 0.000000000000000000, -1.000000000000000000 ) ) ;
#292 = LINE ( 'NONE', #1086, #782 ) ;
#293 = VECTOR ( 'NONE', #1462, 39.37007874015748143 ) ;
#294 = LINE ( 'NONE', #1343, #992 ) ;
#295 = DIRECTION ( 'NONE',  ( -0.000000000000000000, -0.000000000000000000, -1.000000000000000000 ) ) ;
#296 = DIMENSIONAL_EXPONENTS ( 1.000000000000000000, 0.000000000000000000, 0.000000000000000000, 0.000000000000000000, 0.000000000000000000, 0.000000000000000000, 0.000000000000000000 ) ;
#297 = FACE_OUTER_BOUND ( 'NONE', #1097, .T. ) ;
#298 = ORIENTED_EDGE ( 'NONE', *, *, #324, .T. ) ;
#299 = DIRECTION ( 'NONE',  ( 1.000000000000000000, 0.000000000000000000, 0.000000000000000000 ) ) ;
#300 = ORIENTED_EDGE ( 'NONE', *, *, #349, .T. ) ;
#301 =( NAMED_UNIT ( * ) SI_UNIT ( $, .STERADIAN. ) SOLID_ANGLE_UNIT ( ) );
#302 =( NAMED_UNIT ( * ) SI_UNIT ( $, .STERADIAN. ) SOLID_ANGLE_UNIT ( ) );
#303 = PRESENTATION_STYLE_ASSIGNMENT (( #160 ) ) ;
#304 = DIRECTION ( 'NONE',  ( -1.000000000000000000, 0.000000000000000000, 0.000000000000000000 ) ) ;
#305 = ORIENTED_EDGE ( 'NONE', *, *, #627, .F. ) ;
#306 = CARTESIAN_POINT ( 'NONE',  ( -0.006518049232778326714, 0.1249999999999999861, 0.09500000000000005662 ) ) ;
#307 = DIMENSIONAL_EXPONENTS ( 1.000000000000000000, 0.000000000000000000, 0.000000000000000000, 0.000000000000000000, 0.000000000000000000, 0.000000000000000000, 0.000000000000000000 ) ;
#308 = ADVANCED_FACE ( 'NONE', ( #570 ), #1425, .F. ) ;
#309 = DIRECTION ( 'NONE',  ( 0.000000000000000000, 0.000000000000000000, 1.000000000000000000 ) ) ;
#310 = LINE ( 'NONE', #183, #260 ) ;
#311 = B_SPLINE_CURVE_WITH_KNOTS ( 'NONE', 3,
 ( #523, #1665, #666, #1243, #1151, #98, #646, #1546, #890, #391, #1003, #515, #78, #1403, #903, #629, #1121, #1516, #898, #1042, #871, #1424, #1640, #884, #1386, #1032, #487, #495, #1410, #1012, #1673, #222, #373, #353 ),
 .UNSPECIFIED., .F., .F.,
 ( 4, 2, 2, 2, 2, 2, 2, 2, 2, 2, 2, 2, 2, 2, 2, 2, 4 ),
 ( 0.007616424543194873741, 0.008092356772118834349, 0.008568289001042794090, 0.009044221229966753831, 0.009520153458890713571, 0.009996085687814673312, 0.01047201791673863305, 0.01094795014566259453, 0.01142388237458655427, 0.01189981460351051401, 0.01237574683243447375, 0.01285167906135843349, 0.01332761129028239323, 0.01380354351920635297, 0.01427947574813031272, 0.01475540797705427246, 0.01523134020597823393 ),
 .UNSPECIFIED. ) ;
#312 = STYLED_ITEM ( 'NONE', ( #590 ), #173 ) ;
#313 = STYLED_ITEM ( 'NONE', ( #76 ), #648 ) ;
#314 = VERTEX_POINT ( 'NONE', #1183 ) ;
#315 = COLOUR_RGB ( '',0.7529411764705882248, 0.7529411764705882248, 0.7529411764705882248 ) ;
#316 = PRESENTATION_STYLE_ASSIGNMENT (( #1363 ) ) ;
#317 = DIRECTION ( 'NONE',  ( -1.000000000000000000, 0.000000000000000000, 0.000000000000000000 ) ) ;
#318 = DIRECTION ( 'NONE',  ( 0.000000000000000000, 0.000000000000000000, 1.000000000000000000 ) ) ;
#319 = CIRCLE ( 'NONE', #15, 0.07164376442087273811 ) ;
#320 = DIRECTION ( 'NONE',  ( -4.321868896226739336E-17, 1.000000000000000000, -0.000000000000000000 ) ) ;
#321 = EDGE_LOOP ( 'NONE', ( #342, #257 ) ) ;
#322 = CARTESIAN_POINT ( 'NONE',  ( -0.08214708115246129039, 0.09431298750154003263, -0.04808169911107339212 ) ) ;
#323 =( NAMED_UNIT ( * ) SI_UNIT ( $, .STERADIAN. ) SOLID_ANGLE_UNIT ( ) );
#324 = EDGE_CURVE ( 'NONE', #980, #1211, #667, .T. ) ;
#325 = SURFACE_STYLE_FILL_AREA ( #1233 ) ;
#326 = CARTESIAN_POINT ( 'NONE',  ( 0.1250000000000000000, 1.530808498934191509E-17, 0.1406250000000000000 ) ) ;
#327 = SURFACE_SIDE_STYLE ('',( #1495 ) ) ;
#328 = PRESENTATION_STYLE_ASSIGNMENT (( #1009 ) ) ;
#329 = CARTESIAN_POINT ( 'NONE',  ( 0.05412658773652741229, 0.2499999999999997224, 6.847279542693352707E-17 ) ) ;
#330 = CONICAL_SURFACE ( 'NONE', #760, 0.07164376442087275199, 0.7853981633974479459 ) ;
#331 =( GEOMETRIC_REPRESENTATION_CONTEXT ( 3 ) GLOBAL_UNCERTAINTY_ASSIGNED_CONTEXT ( ( #248 ) ) GLOBAL_UNIT_ASSIGNED_CONTEXT ( ( #21, #1469, #301 ) ) REPRESENTATION_CONTEXT ( 'NONE', 'WORKASPACE' ) );
#332 = AXIS2_PLACEMENT_3D ( 'NONE', #1024, #524, #291 ) ;
#333 = PLANE ( 'NONE',  #606 ) ;
#334 = FILL_AREA_STYLE ('',( #1499 ) ) ;
#335 = ADVANCED_FACE ( 'NONE', ( #64 ), #1280, .F. ) ;
#336 = AXIS2_PLACEMENT_3D ( 'NONE', #133, #925, #678 ) ;
#337 =( CONVERSION_BASED_UNIT ( 'INCH', #1510 ) LENGTH_UNIT ( ) NAMED_UNIT ( #919 ) );
#338 = VECTOR ( 'NONE', #1316, 39.37007874015748143 ) ;
#339 = CARTESIAN_POINT ( 'NONE',  ( 0.01256511103498563625, 0.2497592814354592794, -0.09437156149626343971 ) ) ;
#340 = AXIS2_PLACEMENT_3D ( 'NONE', #798, #673, #435 ) ;
#341 = FACE_BOUND ( 'NONE', #289, .T. ) ;
#342 = ORIENTED_EDGE ( 'NONE', *, *, #1112, .T. ) ;
#343 = LINE ( 'NONE', #1505, #83 ) ;
#344 = FILL_AREA_STYLE ('',( #1324 ) ) ;
#345 = CARTESIAN_POINT ( 'NONE',  ( 0.1300000000000000044, 0.000000000000000000, 0.1406250000000000000 ) ) ;
#346 = CIRCLE ( 'NONE', #1464, 0.07164376442087275199 ) ;
#347 =( NAMED_UNIT ( * ) SI_UNIT ( $, .STERADIAN. ) SOLID_ANGLE_UNIT ( ) );
#348 = FILL_AREA_STYLE ('',( #1015 ) ) ;
#349 = EDGE_CURVE ( 'NONE', #1217, #473, #1369, .T. ) ;
#350 = FACE_OUTER_BOUND ( 'NONE', #999, .T. ) ;
#351 = ORIENTED_EDGE ( 'NONE', *, *, #127, .T. ) ;
#352 = CIRCLE ( 'NONE', #494, 0.09499999999999994560 ) ;
#353 = CARTESIAN_POINT ( 'NONE',  ( 2.544389640100737885E-18, 0.2500000000000000000, -0.09499999999999986233 ) ) ;
#354 =( CONVERSION_BASED_UNIT ( 'INCH', #1517 ) LENGTH_UNIT ( ) NAMED_UNIT ( #1031 ) );
#355 = FILL_AREA_STYLE_COLOUR ( '', #1362 ) ;
#356 =( CONVERSION_BASED_UNIT ( 'INCH', #622 ) LENGTH_UNIT ( ) NAMED_UNIT ( #114 ) );
#357 = LENGTH_MEASURE_WITH_UNIT ( LENGTH_MEASURE( 0.02539999999999999897 ), #887 );
#358 = ORIENTED_EDGE ( 'NONE', *, *, #663, .F. ) ;
#359 = PRESENTATION_STYLE_ASSIGNMENT (( #662 ) ) ;
#360 = EDGE_CURVE ( 'NONE', #618, #980, #1104, .T. ) ;
#361 = DIRECTION ( 'NONE',  ( 0.8660254037844388186, -0.000000000000000000, 0.4999999999999997224 ) ) ;
#362 = SURFACE_SIDE_STYLE ('',( #325 ) ) ;
#363 =( LENGTH_UNIT ( ) NAMED_UNIT ( * ) SI_UNIT ( $, .METRE. ) );
#364 = MECHANICAL_DESIGN_GEOMETRIC_PRESENTATION_REPRESENTATION (  '', ( #991 ), #197 ) ;
#365 =( GEOMETRIC_REPRESENTATION_CONTEXT ( 3 ) GLOBAL_UNCERTAINTY_ASSIGNED_CONTEXT ( ( #758 ) ) GLOBAL_UNIT_ASSIGNED_CONTEXT ( ( #791, #892, #783 ) ) REPRESENTATION_CONTEXT ( 'NONE', 'WORKASPACE' ) );
#366 =( LENGTH_UNIT ( ) NAMED_UNIT ( * ) SI_UNIT ( $, .METRE. ) );
#367 = SURFACE_SIDE_STYLE ('',( #1632 ) ) ;
#368 = AXIS2_PLACEMENT_3D ( 'NONE', #1319, #165, #691 ) ;
#369 = VERTEX_POINT ( 'NONE', #983 ) ;
#370 = AXIS2_PLACEMENT_3D ( 'NONE', #468, #309, #442 ) ;
#371 =( CONVERSION_BASED_UNIT ( 'INCH', #637 ) LENGTH_UNIT ( ) NAMED_UNIT ( #1071 ) );
#372 = UNCERTAINTY_MEASURE_WITH_UNIT (LENGTH_MEASURE( 1.000000000000000082E-05 ), #716, 'distance_accuracy_value', 'NONE');
#373 = CARTESIAN_POINT ( 'NONE',  ( -0.006339921969615535530, 0.2500000000000000555, -0.09499999999999987621 ) ) ;
#374 = PRESENTATION_STYLE_ASSIGNMENT (( #533 ) ) ;
#375 = CARTESIAN_POINT ( 'NONE',  ( 2.170568861896407506E-20, 0.2500000000000000000, 0.000000000000000000 ) ) ;
#376 = DIMENSIONAL_EXPONENTS ( 1.000000000000000000, 0.000000000000000000, 0.000000000000000000, 0.000000000000000000, 0.000000000000000000, 0.000000000000000000, 0.000000000000000000 ) ;
#377 = SURFACE_STYLE_USAGE ( .BOTH. , #139 ) ;
#378 = ORIENTED_EDGE ( 'NONE', *, *, #71, .T. ) ;
#379 = AXIS2_PLACEMENT_3D ( 'NONE', #868, #876, #497 ) ;
#380 =( NAMED_UNIT ( * ) SI_UNIT ( $, .STERADIAN. ) SOLID_ANGLE_UNIT ( ) );
#381 = DIRECTION ( 'NONE',  ( 1.224646799147353207E-16, 1.000000000000000000, -0.000000000000000000 ) ) ;
#382 = CARTESIAN_POINT ( 'NONE',  ( 0.04877782271509979034, 0.1152239251007918658, 0.08174776860194954420 ) ) ;
#383 = EDGE_CURVE ( 'NONE', #1211, #1174, #343, .T. ) ;
#384 =( LENGTH_UNIT ( ) NAMED_UNIT ( * ) SI_UNIT ( $, .METRE. ) );
#385 = CARTESIAN_POINT ( 'NONE',  ( 0.07547923770024200785, 0.2383609564115795609, 0.05801559795795793034 ) ) ;
#386 = DIRECTION ( 'NONE',  ( 0.000000000000000000, -0.000000000000000000, -1.000000000000000000 ) ) ;
#387 = ORIENTED_EDGE ( 'NONE', *, *, #161, .T. ) ;
#388 = UNCERTAINTY_MEASURE_WITH_UNIT (LENGTH_MEASURE( 1.000000000000000082E-05 ), #1471, 'distance_accuracy_value', 'NONE');
#389 =( LENGTH_UNIT ( ) NAMED_UNIT ( * ) SI_UNIT ( $, .METRE. ) );
#390 = VECTOR ( 'NONE', #279, 39.37007874015748143 ) ;
#391 = CARTESIAN_POINT ( 'NONE',  ( -0.07161889662638461218, 0.2395652626104051441, 0.06272441194969360923 ) ) ;
#392 = DIRECTION ( 'NONE',  ( -1.000000000000000000, 0.000000000000000000, 0.000000000000000000 ) ) ;
#393 = CARTESIAN_POINT ( 'NONE',  ( 0.08980133540423942962, 0.08701693853543657209, 0.03159278078429930692 ) ) ;
#394 = CARTESIAN_POINT ( 'NONE',  ( 0.04778985897186861787, 0.2454459366705973311, 0.08233666019293245375 ) ) ;
#395 = PRESENTATION_LAYER_ASSIGNMENT (  '', '', ( #1117 ) ) ;
#396 = CARTESIAN_POINT ( 'NONE',  ( 0.000000000000000000, 0.000000000000000000, 0.1356249999999999956 ) ) ;
#397 = EDGE_LOOP ( 'NONE', ( #1325, #714, #1479, #976 ) ) ;
#398 = VECTOR ( 'NONE', #417, 39.37007874015748143 ) ;
#399 = DIMENSIONAL_EXPONENTS ( 1.000000000000000000, 0.000000000000000000, 0.000000000000000000, 0.000000000000000000, 0.000000000000000000, 0.000000000000000000, 0.000000000000000000 ) ;
#400 = AXIS2_PLACEMENT_3D ( 'NONE', #764, #1503, #1129 ) ;
#401 = CARTESIAN_POINT ( 'NONE',  ( 0.04876648799665316003, 0.1152297335098819014, -0.08175625467247062128 ) ) ;
#402 =( CONVERSION_BASED_UNIT ( 'INCH', #81 ) LENGTH_UNIT ( ) NAMED_UNIT ( #1041 ) );
#403 = DIRECTION ( 'NONE',  ( 1.000000000000000000, 0.000000000000000000, 0.000000000000000000 ) ) ;
#404 = ORIENTED_EDGE ( 'NONE', *, *, #462, .T. ) ;
#405 = DIRECTION ( 'NONE',  ( 4.321868896226739336E-17, -1.000000000000000000, 0.000000000000000000 ) ) ;
#406 = EDGE_CURVE ( 'NONE', #1466, #369, #1484, .T. ) ;
#407 = UNCERTAINTY_MEASURE_WITH_UNIT (LENGTH_MEASURE( 1.000000000000000082E-05 ), #119, 'distance_accuracy_value', 'NONE');
#408 = SURFACE_STYLE_USAGE ( .BOTH. , #672 ) ;
#409 = AXIS2_PLACEMENT_3D ( 'NONE', #1387, #1272, #1127 ) ;
#410 = DIMENSIONAL_EXPONENTS ( 1.000000000000000000, 0.000000000000000000, 0.000000000000000000, 0.000000000000000000, 0.000000000000000000, 0.000000000000000000, 0.000000000000000000 ) ;
#411 = PRESENTATION_STYLE_ASSIGNMENT (( #151 ) ) ;
#412 = ORIENTED_EDGE ( 'NONE', *, *, #1064, .T. ) ;
#413 = FACE_OUTER_BOUND ( 'NONE', #267, .T. ) ;
#414 = EDGE_CURVE ( 'NONE', #1472, #1010, #910, .T. ) ;
#415 = PRODUCT_CONTEXT ( 'NONE', #134, 'mechanical' ) ;
#416 = SURFACE_SIDE_STYLE ('',( #287 ) ) ;
#417 = DIRECTION ( 'NONE',  ( 0.000000000000000000, 1.000000000000000000, 0.000000000000000000 ) ) ;
#418 = CARTESIAN_POINT ( 'NONE',  ( 0.05412658773652741229, 0.1562499999999997224, 6.847279542693352707E-17 ) ) ;
#419 = ORIENTED_EDGE ( 'NONE', *, *, #406, .T. ) ;
#420 = STYLED_ITEM ( 'NONE', ( #72 ), #184 ) ;
#421 = UNCERTAINTY_MEASURE_WITH_UNIT (LENGTH_MEASURE( 1.000000000000000082E-05 ), #609, 'distance_accuracy_value', 'NONE');
#422 = CARTESIAN_POINT ( 'NONE',  ( -0.09499999999999994560, 0.1483562355791271936, 0.000000000000000000 ) ) ;
#423 =( NAMED_UNIT ( * ) PLANE_ANGLE_UNIT ( ) SI_UNIT ( $, .RADIAN. ) );
#424 = CIRCLE ( 'NONE', #1579, 0.2500000000000000000 ) ;
#425 = AXIS2_PLACEMENT_3D ( 'NONE', #1409, #405, #1301 ) ;
#426 =( GEOMETRIC_REPRESENTATION_CONTEXT ( 3 ) GLOBAL_UNCERTAINTY_ASSIGNED_CONTEXT ( ( #1001 ) ) GLOBAL_UNIT_ASSIGNED_CONTEXT ( ( #498, #1365, #245 ) ) REPRESENTATION_CONTEXT ( 'NONE', 'WORKASPACE' ) );
#427 = STYLED_ITEM ( 'NONE', ( #867 ), #1649 ) ;
#428 =( LENGTH_UNIT ( ) NAMED_UNIT ( * ) SI_UNIT ( $, .METRE. ) );
#429 = DIRECTION ( 'NONE',  ( 1.000000000000000000, 0.000000000000000000, 0.000000000000000000 ) ) ;
#430 = DIRECTION ( 'NONE',  ( -0.000000000000000000, -0.000000000000000000, -1.000000000000000000 ) ) ;
#431 = ORIENTED_EDGE ( 'NONE', *, *, #728, .F. ) ;
#432 = CARTESIAN_POINT ( 'NONE',  ( -0.01321575595687652163, 0.1244637398336919387, -0.09429732003120126771 ) ) ;
#433 =( NAMED_UNIT ( * ) PLANE_ANGLE_UNIT ( ) SI_UNIT ( $, .RADIAN. ) );
#434 = SURFACE_SIDE_STYLE ('',( #700 ) ) ;
#435 = DIRECTION ( 'NONE',  ( 1.000000000000000000, 0.000000000000000000, 0.000000000000000000 ) ) ;
#436 = CYLINDRICAL_SURFACE ( 'NONE', #501, 0.2500000000000000000 ) ;
#437 = MECHANICAL_DESIGN_GEOMETRIC_PRESENTATION_REPRESENTATION (  '', ( #1589 ), #1082 ) ;
#438 =( CONVERSION_BASED_UNIT ( 'INCH', #1072 ) LENGTH_UNIT ( ) NAMED_UNIT ( #399 ) );
#439 = FILL_AREA_STYLE_COLOUR ( '', #1294 ) ;
#440 = EDGE_CURVE ( 'NONE', #825, #1259, #228, .T. ) ;
#441 = ORIENTED_EDGE ( 'NONE', *, *, #1463, .T. ) ;
#442 = DIRECTION ( 'NONE',  ( 1.000000000000000000, 0.000000000000000000, 0.000000000000000000 ) ) ;
#443 = CARTESIAN_POINT ( 'NONE',  ( -0.02706329386826370614, 0.1562499999999997224, 0.04687500000000009714 ) ) ;
#444 = DIMENSIONAL_EXPONENTS ( 1.000000000000000000, 0.000000000000000000, 0.000000000000000000, 0.000000000000000000, 0.000000000000000000, 0.000000000000000000, 0.000000000000000000 ) ;
#445 =( LENGTH_UNIT ( ) NAMED_UNIT ( * ) SI_UNIT ( $, .METRE. ) );
#446 = CYLINDRICAL_SURFACE ( 'NONE', #1527, 0.09499999999999994560 ) ;
#447 = LINE ( 'NONE', #954, #1666 ) ;
#448 = ORIENTED_EDGE ( 'NONE', *, *, #1008, .F. ) ;
#449 =( CONVERSION_BASED_UNIT ( 'INCH', #949 ) LENGTH_UNIT ( ) NAMED_UNIT ( #1593 ) );
#450 = VERTEX_POINT ( 'NONE', #474 ) ;
#451 = AXIS2_PLACEMENT_3D ( 'NONE', #209, #763, #73 ) ;
#452 = TOROIDAL_SURFACE ( 'NONE', #258, 0.1300000000000000044, 0.005000000000000000104 ) ;
#453 = FACE_OUTER_BOUND ( 'NONE', #1220, .T. ) ;
#454 = AXIS2_PLACEMENT_3D ( 'NONE', #104, #86, #651 ) ;
#455 = CARTESIAN_POINT ( 'NONE',  ( 0.000000000000000000, 0.000000000000000000, 0.1356249999999999956 ) ) ;
#456 = ORIENTED_EDGE ( 'NONE', *, *, #1511, .T. ) ;
#457 = AXIS2_PLACEMENT_3D ( 'NONE', #1186, #995, #830 ) ;
#458 = CARTESIAN_POINT ( 'NONE',  ( -0.08503961076705270072, 0.09167603552222233776, -0.04278752007329988255 ) ) ;
#459 = FILL_AREA_STYLE_COLOUR ( '', #542 ) ;
#460 = ORIENTED_EDGE ( 'NONE', *, *, #212, .T. ) ;
#461 =( CONVERSION_BASED_UNIT ( 'INCH', #1611 ) LENGTH_UNIT ( ) NAMED_UNIT ( #1177 ) );
#462 = EDGE_CURVE ( 'NONE', #473, #644, #1634, .T. ) ;
#463 = COLOUR_RGB ( '',0.7529411764705882248, 0.7529411764705882248, 0.7529411764705882248 ) ;
#464 = CARTESIAN_POINT ( 'NONE',  ( -5.402336120283424169E-18, 0.1250000000000000000, 0.000000000000000000 ) ) ;
#465 =( NAMED_UNIT ( * ) SI_UNIT ( $, .STERADIAN. ) SOLID_ANGLE_UNIT ( ) );
#466 = ORIENTED_EDGE ( 'NONE', *, *, #837, .F. ) ;
#467 = FILL_AREA_STYLE ('',( #589 ) ) ;
#468 = CARTESIAN_POINT ( 'NONE',  ( 0.000000000000000000, 0.000000000000000000, -0.1356250000000000233 ) ) ;
#469 = CARTESIAN_POINT ( 'NONE',  ( -0.02706329386826370614, 0.2499999999999997224, 0.04687500000000009714 ) ) ;
#470 = CARTESIAN_POINT ( 'NONE',  ( -0.02802748269495261915, 0.1250000000000000000, 3.432376697053155683E-18 ) ) ;
#471 = PRESENTATION_STYLE_ASSIGNMENT (( #1108 ) ) ;
#472 = CARTESIAN_POINT ( 'NONE',  ( 0.09006024942667352484, 0.2332286394770491378, -0.03085970986388129195 ) ) ;
#473 = VERTEX_POINT ( 'NONE', #724 ) ;
#474 = CARTESIAN_POINT ( 'NONE',  ( -0.1300000000000000044, 1.592040838891559342E-17, 0.1406250000000000000 ) ) ;
#475 =( GEOMETRIC_REPRESENTATION_CONTEXT ( 3 ) GLOBAL_UNCERTAINTY_ASSIGNED_CONTEXT ( ( #645 ) ) GLOBAL_UNIT_ASSIGNED_CONTEXT ( ( #679, #805, #1564 ) ) REPRESENTATION_CONTEXT ( 'NONE', 'WORKASPACE' ) );
#476 = COLOUR_RGB ( '',0.7529411764705882248, 0.7529411764705882248, 0.7529411764705882248 ) ;
#477 = DIRECTION ( 'NONE',  ( -0.8660254037844387076, 0.000000000000000000, 0.4999999999999999445 ) ) ;
#478 = FILL_AREA_STYLE_COLOUR ( '', #199 ) ;
#479 = SURFACE_STYLE_USAGE ( .BOTH. , #746 ) ;
#480 = VECTOR ( 'NONE', #1131, 39.37007874015748143 ) ;
#481 = SURFACE_STYLE_FILL_AREA ( #1631 ) ;
#482 = CARTESIAN_POINT ( 'NONE',  ( 0.06287757106532348983, 0.2420055287475191830, -0.07147764836971330638 ) ) ;
#483 =( GEOMETRIC_REPRESENTATION_CONTEXT ( 3 ) GLOBAL_UNCERTAINTY_ASSIGNED_CONTEXT ( ( #774 ) ) GLOBAL_UNIT_ASSIGNED_CONTEXT ( ( #181, #1228, #705 ) ) REPRESENTATION_CONTEXT ( 'NONE', 'WORKASPACE' ) );
#484 =( NAMED_UNIT ( * ) PLANE_ANGLE_UNIT ( ) SI_UNIT ( $, .RADIAN. ) );
#485 = ORIENTED_EDGE ( 'NONE', *, *, #984, .F. ) ;
#486 = CARTESIAN_POINT ( 'NONE',  ( 0.000000000000000000, 0.000000000000000000, -0.1356250000000000233 ) ) ;
#487 = CARTESIAN_POINT ( 'NONE',  ( -0.05795200448008563238, 0.2432466804204358179, -0.07552774887647417668 ) ) ;
#488 =( NAMED_UNIT ( * ) SI_UNIT ( $, .STERADIAN. ) SOLID_ANGLE_UNIT ( ) );
#489 = VECTOR ( 'NONE', #1171, 39.37007874015748143 ) ;
#490 = EDGE_CURVE ( 'NONE', #1431, #825, #146, .T. ) ;
#491 = PRESENTATION_STYLE_ASSIGNMENT (( #987 ) ) ;
#492 = DIRECTION ( 'NONE',  ( -1.000000000000000000, 0.000000000000000000, 0.000000000000000000 ) ) ;
#493 = ORIENTED_EDGE ( 'NONE', *, *, #127, .F. ) ;
#494 = AXIS2_PLACEMENT_3D ( 'NONE', #713, #1198, #59 ) ;
#495 = CARTESIAN_POINT ( 'NONE',  ( -0.04772278634027613681, 0.2454585871847669298, -0.08237360825851906820 ) ) ;
#496 = DIRECTION ( 'NONE',  ( -0.5000000000000002220, 0.000000000000000000, -0.8660254037844385966 ) ) ;
#497 = DIRECTION ( 'NONE',  ( -1.000000000000000000, 0.000000000000000000, 0.000000000000000000 ) ) ;
#498 =( CONVERSION_BASED_UNIT ( 'INCH', #877 ) LENGTH_UNIT ( ) NAMED_UNIT ( #513 ) );
#499 = ORIENTED_EDGE ( 'NONE', *, *, #574, .F. ) ;
#500 = DIRECTION ( 'NONE',  ( 0.000000000000000000, 0.000000000000000000, -1.000000000000000000 ) ) ;
#501 = AXIS2_PLACEMENT_3D ( 'NONE', #1602, #5, #1292 ) ;
#502 = CARTESIAN_POINT ( 'NONE',  ( -0.05412658773652742616, 0.1562499999999997224, 8.511461947717946251E-17 ) ) ;
#503 = PRESENTATION_STYLE_ASSIGNMENT (( #479 ) ) ;
#504 = PRESENTATION_LAYER_ASSIGNMENT (  '', '', ( #598 ) ) ;
#505 = STYLED_ITEM ( 'NONE', ( #374 ), #92 ) ;
#506 = DIRECTION ( 'NONE',  ( -1.000000000000000000, -4.321868896226739336E-17, 0.000000000000000000 ) ) ;
#507 = STYLED_ITEM ( 'NONE', ( #767 ), #203 ) ;
#508 = LENGTH_MEASURE_WITH_UNIT ( LENGTH_MEASURE( 0.02539999999999999897 ), #927 );
#509 = ORIENTED_EDGE ( 'NONE', *, *, #813, .F. ) ;
#510 = CIRCLE ( 'NONE', #370, 0.2500000000000000000 ) ;
#511 = LINE ( 'NONE', #220, #1098 ) ;
#512 = CIRCLE ( 'NONE', #1028, 0.02802748269495261568 ) ;
#513 = DIMENSIONAL_EXPONENTS ( 1.000000000000000000, 0.000000000000000000, 0.000000000000000000, 0.000000000000000000, 0.000000000000000000, 0.000000000000000000, 0.000000000000000000 ) ;
#514 = EDGE_CURVE ( 'NONE', #644, #473, #31, .T. ) ;
#515 = CARTESIAN_POINT ( 'NONE',  ( -0.08235332557829017075, 0.2360739615690379545, 0.04775654849657069712 ) ) ;
#516 = PRESENTATION_STYLE_ASSIGNMENT (( #1070 ) ) ;
#517 = DIRECTION ( 'NONE',  ( 0.000000000000000000, -1.000000000000000000, 0.000000000000000000 ) ) ;
#518 = DIRECTION ( 'NONE',  ( -1.000000000000000000, 0.000000000000000000, 0.000000000000000000 ) ) ;
#519 = FILL_AREA_STYLE ('',( #1 ) ) ;
#520 = ORIENTED_EDGE ( 'NONE', *, *, #1432, .F. ) ;
#521 =( GEOMETRIC_REPRESENTATION_CONTEXT ( 3 ) GLOBAL_UNCERTAINTY_ASSIGNED_CONTEXT ( ( #788 ) ) GLOBAL_UNIT_ASSIGNED_CONTEXT ( ( #1566, #1416, #784 ) ) REPRESENTATION_CONTEXT ( 'NONE', 'WORKASPACE' ) );
#522 = EDGE_CURVE ( 'NONE', #1068, #276, #1595, .T. ) ;
#523 = CARTESIAN_POINT ( 'NONE',  ( 1.163666437194302776E-17, 0.2500000000000000000, 0.09500000000000005662 ) ) ;
#524 = DIRECTION ( 'NONE',  ( 0.000000000000000000, -1.000000000000000000, 0.000000000000000000 ) ) ;
#525 = CARTESIAN_POINT ( 'NONE',  ( 0.01296903460585012956, 0.1244912693173521046, 0.09433359927765451458 ) ) ;
#526 = SURFACE_STYLE_USAGE ( .BOTH. , #534 ) ;
#527 =( NAMED_UNIT ( * ) SI_UNIT ( $, .STERADIAN. ) SOLID_ANGLE_UNIT ( ) );
#528 = VERTEX_POINT ( 'NONE', #1475 ) ;
#529 = DIRECTION ( 'NONE',  ( 0.000000000000000000, 1.000000000000000000, 0.000000000000000000 ) ) ;
#530 = FACE_OUTER_BOUND ( 'NONE', #35, .T. ) ;
#531 =( CONVERSION_BASED_UNIT ( 'INCH', #156 ) LENGTH_UNIT ( ) NAMED_UNIT ( #874 ) );
#532 = PRESENTATION_STYLE_ASSIGNMENT (( #1178 ) ) ;
#533 = SURFACE_STYLE_USAGE ( .BOTH. , #16 ) ;
#534 = SURFACE_SIDE_STYLE ('',( #909 ) ) ;
#535 = EDGE_CURVE ( 'NONE', #369, #618, #310, .T. ) ;
#536 = CLOSED_SHELL ( 'NONE', ( #946, #1529, #1150, #1415, #184, #308, #1577, #1045, #1361, #1333, #1520, #1202, #593, #203, #1405, #717 ) ) ;
#537 = SURFACE_STYLE_FILL_AREA ( #519 ) ;
#538 = EDGE_LOOP ( 'NONE', ( #1239, #982, #765 ) ) ;
#539 = CIRCLE ( 'NONE', #1119, 0.02802748269495261568 ) ;
#540 = CARTESIAN_POINT ( 'NONE',  ( -0.09499999999999994560, 0.1483562355791271936, 0.000000000000000000 ) ) ;
#541 = FILL_AREA_STYLE_COLOUR ( '', #1625 ) ;
#542 = COLOUR_RGB ( '',0.7529411764705882248, 0.7529411764705882248, 0.7529411764705882248 ) ;
#543 = PRESENTATION_STYLE_ASSIGNMENT (( #573 ) ) ;
#544 = AXIS2_PLACEMENT_3D ( 'NONE', #396, #1305, #403 ) ;
#545 = CARTESIAN_POINT ( 'NONE',  ( 0.08980960614091662575, 0.08700829614480055929, -0.03156893660083612968 ) ) ;
#546 =( NAMED_UNIT ( * ) SI_UNIT ( $, .STERADIAN. ) SOLID_ANGLE_UNIT ( ) );
#547 = LINE ( 'NONE', #418, #1435 ) ;
#548 = EDGE_CURVE ( 'NONE', #314, #878, #1074, .T. ) ;
#549 = ORIENTED_EDGE ( 'NONE', *, *, #324, .F. ) ;
#550 =( NAMED_UNIT ( * ) SI_UNIT ( $, .STERADIAN. ) SOLID_ANGLE_UNIT ( ) );
#551 = SURFACE_SIDE_STYLE ('',( #918 ) ) ;
#552 = CIRCLE ( 'NONE', #1616, 0.1300000000000000044 ) ;
#553 = CARTESIAN_POINT ( 'NONE',  ( 0.06336829284083811409, 0.1078615407092121115, 0.07102646274855990705 ) ) ;
#554 =( NAMED_UNIT ( * ) PLANE_ANGLE_UNIT ( ) SI_UNIT ( $, .RADIAN. ) );
#555 = CARTESIAN_POINT ( 'NONE',  ( 0.09499999999999994560, 0.1483562355791271936, 1.163414459189984820E-17 ) ) ;
#556 = CARTESIAN_POINT ( 'NONE',  ( -5.402336120283424169E-18, 0.1250000000000000000, 0.000000000000000000 ) ) ;
#557 = ORIENTED_EDGE ( 'NONE', *, *, #750, .F. ) ;
#558 =( NAMED_UNIT ( * ) SI_UNIT ( $, .STERADIAN. ) SOLID_ANGLE_UNIT ( ) );
#559 = DIMENSIONAL_EXPONENTS ( 1.000000000000000000, 0.000000000000000000, 0.000000000000000000, 0.000000000000000000, 0.000000000000000000, 0.000000000000000000, 0.000000000000000000 ) ;
#560 = FACE_OUTER_BOUND ( 'NONE', #1073, .T. ) ;
#561 = LINE ( 'NONE', #899, #1250 ) ;
#562 = PRESENTATION_STYLE_ASSIGNMENT (( #185 ) ) ;
#563 = FILL_AREA_STYLE_COLOUR ( '', #463 ) ;
#564 = ADVANCED_BREP_SHAPE_REPRESENTATION ( '6432K12_Set Screw Shaft Collar_6432K12', ( #1161, #60, #340 ), #970 ) ;
#565 = EDGE_LOOP ( 'NONE', ( #569, #786, #431, #1636, #779, #846 ) ) ;
#566 = PRESENTATION_LAYER_ASSIGNMENT (  '', '', ( #1022 ) ) ;
#567 = VECTOR ( 'NONE', #1629, 39.37007874015748143 ) ;
#568 = PRESENTATION_LAYER_ASSIGNMENT (  '', '', ( #420 ) ) ;
#569 = ORIENTED_EDGE ( 'NONE', *, *, #1351, .F. ) ;
#570 = FACE_OUTER_BOUND ( 'NONE', #1521, .T. ) ;
#571 = COLOUR_RGB ( '',0.7529411764705882248, 0.7529411764705882248, 0.7529411764705882248 ) ;
#572 = COLOUR_RGB ( '',0.7529411764705882248, 0.7529411764705882248, 0.7529411764705882248 ) ;
#573 = SURFACE_STYLE_USAGE ( .BOTH. , #944 ) ;
#574 = EDGE_CURVE ( 'NONE', #450, #644, #993, .T. ) ;
#575 = COLOUR_RGB ( '',0.7529411764705882248, 0.7529411764705882248, 0.7529411764705882248 ) ;
#576 =( NAMED_UNIT ( * ) PLANE_ANGLE_UNIT ( ) SI_UNIT ( $, .RADIAN. ) );
#577 = ORIENTED_EDGE ( 'NONE', *, *, #1126, .F. ) ;
#578 = CARTESIAN_POINT ( 'NONE',  ( -0.09171916851566011553, 0.08494909884361133423, 0.02555577845806631873 ) ) ;
#579 = ORIENTED_EDGE ( 'NONE', *, *, #769, .F. ) ;
#580 = DIRECTION ( 'NONE',  ( 0.000000000000000000, 0.000000000000000000, 1.000000000000000000 ) ) ;
#581 = STYLED_ITEM ( 'NONE', ( #738 ), #1162 ) ;
#582 = CARTESIAN_POINT ( 'NONE',  ( 0.000000000000000000, 0.2500000000000000000, -0.09499999999999986233 ) ) ;
#583 = EDGE_CURVE ( 'NONE', #1568, #1211, #1249, .T. ) ;
#584 =( LENGTH_UNIT ( ) NAMED_UNIT ( * ) SI_UNIT ( $, .METRE. ) );
#585 = PLANE ( 'NONE',  #1309 ) ;
#586 = AXIS2_PLACEMENT_3D ( 'NONE', #1158, #1677, #1047 ) ;
#587 =( CONVERSION_BASED_UNIT ( 'INCH', #1627 ) LENGTH_UNIT ( ) NAMED_UNIT ( #1413 ) );
#588 = VERTEX_POINT ( 'NONE', #1400 ) ;
#589 = FILL_AREA_STYLE_COLOUR ( '', #1438 ) ;
#590 = PRESENTATION_STYLE_ASSIGNMENT (( #166 ) ) ;
#591 = PRESENTATION_LAYER_ASSIGNMENT (  '', '', ( #729 ) ) ;
#592 = EDGE_LOOP ( 'NONE', ( #168, #509, #140, #351 ) ) ;
#593 = ADVANCED_FACE ( 'NONE', ( #1670 ), #1607, .T. ) ;
#594 = CARTESIAN_POINT ( 'NONE',  ( -0.09430835870062707904, 0.08206514940423587090, 0.01309340158231132173 ) ) ;
#595 =( LENGTH_UNIT ( ) NAMED_UNIT ( * ) SI_UNIT ( $, .METRE. ) );
#596 = VERTEX_POINT ( 'NONE', #1390 ) ;
#597 = DIRECTION ( 'NONE',  ( 0.000000000000000000, 0.000000000000000000, -1.000000000000000000 ) ) ;
#598 = STYLED_ITEM ( 'NONE', ( #503 ), #1202 ) ;
#599 = PRESENTATION_LAYER_ASSIGNMENT (  '', '', ( #505 ) ) ;
#600 = AXIS2_PLACEMENT_3D ( 'NONE', #1652, #895, #500 ) ;
#601 =( GEOMETRIC_REPRESENTATION_CONTEXT ( 3 ) GLOBAL_UNCERTAINTY_ASSIGNED_CONTEXT ( ( #421 ) ) GLOBAL_UNIT_ASSIGNED_CONTEXT ( ( #609, #484, #1659 ) ) REPRESENTATION_CONTEXT ( 'NONE', 'WORKASPACE' ) );
#602 = FILL_AREA_STYLE_COLOUR ( '', #476 ) ;
#603 = CARTESIAN_POINT ( 'NONE',  ( 0.000000000000000000, 0.000000000000000000, 0.1406250000000000000 ) ) ;
#604 =( GEOMETRIC_REPRESENTATION_CONTEXT ( 3 ) GLOBAL_UNCERTAINTY_ASSIGNED_CONTEXT ( ( #105 ) ) GLOBAL_UNIT_ASSIGNED_CONTEXT ( ( #1288, #122, #527 ) ) REPRESENTATION_CONTEXT ( 'NONE', 'WORKASPACE' ) );
#605 = VERTEX_POINT ( 'NONE', #1661 ) ;
#606 = AXIS2_PLACEMENT_3D ( 'NONE', #695, #477, #1508 ) ;
#607 = CARTESIAN_POINT ( 'NONE',  ( -0.05927487424659827475, 0.1104988259424011798, 0.07518459447354158831 ) ) ;
#608 = EDGE_CURVE ( 'NONE', #1344, #1488, #511, .T. ) ;
#609 =( CONVERSION_BASED_UNIT ( 'INCH', #1357 ) LENGTH_UNIT ( ) NAMED_UNIT ( #888 ) );
#610 = ORIENTED_EDGE ( 'NONE', *, *, #932, .F. ) ;
#611 = DIRECTION ( 'NONE',  ( 1.000000000000000000, 0.000000000000000000, 0.000000000000000000 ) ) ;
#612 = STYLED_ITEM ( 'NONE', ( #1179 ), #1045 ) ;
#613 = FILL_AREA_STYLE ('',( #602 ) ) ;
#614 = DIRECTION ( 'NONE',  ( 0.000000000000000000, 0.000000000000000000, -1.000000000000000000 ) ) ;
#615 = FILL_AREA_STYLE_COLOUR ( '', #735 ) ;
#616 = CARTESIAN_POINT ( 'NONE',  ( -0.09431127899243317569, 0.08206208707793874457, -0.01308820357196121068 ) ) ;
#617 = SURFACE_STYLE_FILL_AREA ( #238 ) ;
#618 = VERTEX_POINT ( 'NONE', #1011 ) ;
#619 = DIRECTION ( 'NONE',  ( -1.000000000000000000, 0.000000000000000000, 0.000000000000000000 ) ) ;
#620 = SURFACE_STYLE_FILL_AREA ( #344 ) ;
#621 = DIRECTION ( 'NONE',  ( 0.000000000000000000, 0.000000000000000000, 1.000000000000000000 ) ) ;
#622 = LENGTH_MEASURE_WITH_UNIT ( LENGTH_MEASURE( 0.02539999999999999897 ), #1006 );
#623 = CARTESIAN_POINT ( 'NONE',  ( 0.07588529299431057140, 0.2383746669781254546, -0.05845506774715478193 ) ) ;
#624 =( LENGTH_UNIT ( ) NAMED_UNIT ( * ) SI_UNIT ( $, .METRE. ) );
#625 = ORIENTED_EDGE ( 'NONE', *, *, #583, .F. ) ;
#626 = LENGTH_MEASURE_WITH_UNIT ( LENGTH_MEASURE( 0.02539999999999999897 ), #1268 );
#627 = EDGE_CURVE ( 'NONE', #314, #1676, #1053, .T. ) ;
#628 = VECTOR ( 'NONE', #175, 39.37007874015748143 ) ;
#629 = CARTESIAN_POINT ( 'NONE',  ( -0.09436942879276598306, 0.2315084448767610603, 0.01258185745479148063 ) ) ;
#630 = DIRECTION ( 'NONE',  ( 0.000000000000000000, 0.000000000000000000, -1.000000000000000000 ) ) ;
#631 = AXIS2_PLACEMENT_3D ( 'NONE', #486, #757, #1382 ) ;
#632 = FILL_AREA_STYLE ('',( #44 ) ) ;
#633 = CARTESIAN_POINT ( 'NONE',  ( 0.09437935619875668924, 0.2315044244238051996, -0.01252275712227952746 ) ) ;
#634 = COLOUR_RGB ( '',0.7529411764705882248, 0.7529411764705882248, 0.7529411764705882248 ) ;
#635 = DIMENSIONAL_EXPONENTS ( 1.000000000000000000, 0.000000000000000000, 0.000000000000000000, 0.000000000000000000, 0.000000000000000000, 0.000000000000000000, 0.000000000000000000 ) ;
#636 = ORIENTED_EDGE ( 'NONE', *, *, #1112, .F. ) ;
#637 = LENGTH_MEASURE_WITH_UNIT ( LENGTH_MEASURE( 0.02539999999999999897 ), #247 );
#638 = LENGTH_MEASURE_WITH_UNIT ( LENGTH_MEASURE( 0.02539999999999999897 ), #1107 );
#639 = CARTESIAN_POINT ( 'NONE',  ( -0.02706329386826374084, 0.2499999999999997224, -0.04687499999999990979 ) ) ;
#640 = AXIS2_PLACEMENT_3D ( 'NONE', #1446, #17, #1668 ) ;
#641 = SURFACE_SIDE_STYLE ('',( #481 ) ) ;
#642 = CARTESIAN_POINT ( 'NONE',  ( 0.09191529168669683447, 0.2324937204917700839, 0.02480996830078759444 ) ) ;
#643 = CARTESIAN_POINT ( 'NONE',  ( 0.000000000000000000, 0.000000000000000000, 0.1406250000000000000 ) ) ;
#644 = VERTEX_POINT ( 'NONE', #1030 ) ;
#645 = UNCERTAINTY_MEASURE_WITH_UNIT (LENGTH_MEASURE( 1.000000000000000082E-05 ), #679, 'distance_accuracy_value', 'NONE');
#646 = CARTESIAN_POINT ( 'NONE',  ( -0.04785373208569195652, 0.2454331194066755595, 0.08229818067593842879 ) ) ;
#647 = SURFACE_STYLE_FILL_AREA ( #334 ) ;
#648 = ADVANCED_FACE ( 'NONE', ( #1118 ), #1146, .F. ) ;
#649 = CARTESIAN_POINT ( 'NONE',  ( 0.02802748269495261221, 0.1250000000000000000, 0.000000000000000000 ) ) ;
#650 = VERTEX_POINT ( 'NONE', #1569 ) ;
#651 = DIRECTION ( 'NONE',  ( -1.000000000000000000, 1.224646799147354933E-16, 0.000000000000000000 ) ) ;
#652 = FILL_AREA_STYLE_COLOUR ( '', #201 ) ;
#653 = CIRCLE ( 'NONE', #285, 0.09499999999999994560 ) ;
#654 = CARTESIAN_POINT ( 'NONE',  ( 0.07177801107791566271, 0.1024581724193968646, -0.06251719435239126710 ) ) ;
#655 =( GEOMETRIC_REPRESENTATION_CONTEXT ( 3 ) GLOBAL_UNCERTAINTY_ASSIGNED_CONTEXT ( ( #1241 ) ) GLOBAL_UNIT_ASSIGNED_CONTEXT ( ( #79, #1509, #1254 ) ) REPRESENTATION_CONTEXT ( 'NONE', 'WORKASPACE' ) );
#656 = PRESENTATION_LAYER_ASSIGNMENT (  '', '', ( #1145 ) ) ;
#657 =( NAMED_UNIT ( * ) SI_UNIT ( $, .STERADIAN. ) SOLID_ANGLE_UNIT ( ) );
#658 = PLANE ( 'NONE',  #640 ) ;
#659 = PRESENTATION_LAYER_ASSIGNMENT (  '', '', ( #1120 ) ) ;
#660 = EDGE_LOOP ( 'NONE', ( #460, #989 ) ) ;
#661 = CIRCLE ( 'NONE', #996, 0.1300000000000000044 ) ;
#662 = SURFACE_STYLE_USAGE ( .BOTH. , #214 ) ;
#663 = EDGE_CURVE ( 'NONE', #528, #1504, #424, .T. ) ;
#664 = STYLED_ITEM ( 'NONE', ( #543 ), #564 ) ;
#665 = LINE ( 'NONE', #422, #854 ) ;
#666 = CARTESIAN_POINT ( 'NONE',  ( -0.01256350827628660745, 0.2497604824152704073, 0.09437487577382791537 ) ) ;
#667 = LINE ( 'NONE', #1152, #811 ) ;
#668 = CARTESIAN_POINT ( 'NONE',  ( 0.09430726676774420225, 0.08206644396656626039, -0.01310230485689559479 ) ) ;
#669 = CARTESIAN_POINT ( 'NONE',  ( -0.02706329386826370614, 0.1562499999999997224, 0.04687500000000009714 ) ) ;
#670 = ORIENTED_EDGE ( 'NONE', *, *, #1291, .T. ) ;
#671 =( LENGTH_UNIT ( ) NAMED_UNIT ( * ) SI_UNIT ( $, .METRE. ) );
#672 = SURFACE_SIDE_STYLE ('',( #1450 ) ) ;
#673 = DIRECTION ( 'NONE',  ( 0.000000000000000000, 0.000000000000000000, 1.000000000000000000 ) ) ;
#674 = EDGE_CURVE ( 'NONE', #644, #878, #1188, .T. ) ;
#675 = DIRECTION ( 'NONE',  ( 0.000000000000000000, 0.000000000000000000, -1.000000000000000000 ) ) ;
#676 = CARTESIAN_POINT ( 'NONE',  ( 0.2500000000000000000, 3.061616997868383018E-17, 0.1406250000000000000 ) ) ;
#677 = ORIENTED_EDGE ( 'NONE', *, *, #490, .T. ) ;
#678 = DIRECTION ( 'NONE',  ( 1.000000000000000000, 0.000000000000000000, 0.000000000000000000 ) ) ;
#679 =( CONVERSION_BASED_UNIT ( 'INCH', #1050 ) LENGTH_UNIT ( ) NAMED_UNIT ( #826 ) );
#680 = CARTESIAN_POINT ( 'NONE',  ( 0.01252762860894821549, 0.2497627289722448019, 0.09438084770151602965 ) ) ;
#681 = FACE_OUTER_BOUND ( 'NONE', #12, .T. ) ;
#682 = ORIENTED_EDGE ( 'NONE', *, *, #349, .F. ) ;
#683 = AXIS2_PLACEMENT_3D ( 'NONE', #1459, #1328, #392 ) ;
#684 = FILL_AREA_STYLE ('',( #929 ) ) ;
#685 = FILL_AREA_STYLE ('',( #1066 ) ) ;
#686 = DIRECTION ( 'NONE',  ( -1.000000000000000000, 0.000000000000000000, 0.000000000000000000 ) ) ;
#687 = ORIENTED_EDGE ( 'NONE', *, *, #234, .F. ) ;
#688 = CARTESIAN_POINT ( 'NONE',  ( -0.05412658773652742616, 0.1562499999999997224, 8.511461947717946251E-17 ) ) ;
#689 = UNCERTAINTY_MEASURE_WITH_UNIT (LENGTH_MEASURE( 1.000000000000000082E-05 ), #587, 'distance_accuracy_value', 'NONE');
#690 = PRESENTATION_LAYER_ASSIGNMENT (  '', '', ( #1402 ) ) ;
#691 = DIRECTION ( 'NONE',  ( -1.000000000000000000, 0.000000000000000000, 0.000000000000000000 ) ) ;
#692 = CARTESIAN_POINT ( 'NONE',  ( 0.2449999999999999956, 0.000000000000000000, 0.1406250000000000000 ) ) ;
#693 = CARTESIAN_POINT ( 'NONE',  ( -0.02706329386826370614, 0.1562499999999997224, 0.04687500000000009714 ) ) ;
#694 = SURFACE_SIDE_STYLE ('',( #979 ) ) ;
#695 = CARTESIAN_POINT ( 'NONE',  ( 0.02706329386826372349, 0.1562499999999997224, -0.04687499999999990979 ) ) ;
#696 = EDGE_LOOP ( 'NONE', ( #843, #1418, #1574, #1274 ) ) ;
#697 = DIRECTION ( 'NONE',  ( -1.000000000000000000, 1.224646799147346798E-16, 0.000000000000000000 ) ) ;
#698 = EDGE_CURVE ( 'NONE', #1157, #741, #115, .T. ) ;
#699 = SURFACE_STYLE_USAGE ( .BOTH. , #834 ) ;
#700 = SURFACE_STYLE_FILL_AREA ( #1270 ) ;
#701 = CARTESIAN_POINT ( 'NONE',  ( 0.02706329386826372349, 0.2499999999999997224, -0.04687499999999990979 ) ) ;
#702 = DIMENSIONAL_EXPONENTS ( 1.000000000000000000, 0.000000000000000000, 0.000000000000000000, 0.000000000000000000, 0.000000000000000000, 0.000000000000000000, 0.000000000000000000 ) ;
#703 = EDGE_LOOP ( 'NONE', ( #1080, #1166, #794, #1388 ) ) ;
#704 = CARTESIAN_POINT ( 'NONE',  ( -0.006588840095444672453, 0.1250000000000000555, -0.09499999999999987621 ) ) ;
#705 =( NAMED_UNIT ( * ) SI_UNIT ( $, .STERADIAN. ) SOLID_ANGLE_UNIT ( ) );
#706 = CARTESIAN_POINT ( 'NONE',  ( -0.2449999999999999956, 3.000384657911014877E-17, 0.1356249999999999956 ) ) ;
#707 = PRESENTATION_LAYER_ASSIGNMENT (  '', '', ( #1392 ) ) ;
#708 = CARTESIAN_POINT ( 'NONE',  ( 0.02706329386826372349, 0.1562499999999997224, -0.04687499999999990979 ) ) ;
#709 = CIRCLE ( 'NONE', #544, 0.2500000000000000000 ) ;
#710 = FILL_AREA_STYLE_COLOUR ( '', #1451 ) ;
#711 = DIRECTION ( 'NONE',  ( 0.4999999999999998335, 0.000000000000000000, 0.8660254037844385966 ) ) ;
#712 = FACE_OUTER_BOUND ( 'NONE', #2, .T. ) ;
#713 = CARTESIAN_POINT ( 'NONE',  ( -9.795246359743106895E-18, 0.2266437644208728064, 0.000000000000000000 ) ) ;
#714 = ORIENTED_EDGE ( 'NONE', *, *, #1051, .T. ) ;
#715 = FILL_AREA_STYLE ('',( #1618 ) ) ;
#716 =( CONVERSION_BASED_UNIT ( 'INCH', #820 ) LENGTH_UNIT ( ) NAMED_UNIT ( #951 ) );
#717 = ADVANCED_FACE ( 'NONE', ( #413 ), #859, .T. ) ;
#718 = DIRECTION ( 'NONE',  ( 1.000000000000000000, 0.000000000000000000, 0.000000000000000000 ) ) ;
#719 = CIRCLE ( 'NONE', #1214, 0.1300000000000000044 ) ;
#720 = ORIENTED_EDGE ( 'NONE', *, *, #1432, .T. ) ;
#721 = DIRECTION ( 'NONE',  ( 0.000000000000000000, 1.000000000000000000, 0.000000000000000000 ) ) ;
#722 = DIRECTION ( 'NONE',  ( 0.000000000000000000, 0.000000000000000000, 1.000000000000000000 ) ) ;
#723 = ORIENTED_EDGE ( 'NONE', *, *, #1626, .T. ) ;
#724 = CARTESIAN_POINT ( 'NONE',  ( 0.1250000000000000000, 1.530808498934191509E-17, 0.1356249999999999956 ) ) ;
#725 = STYLED_ITEM ( 'NONE', ( #270 ), #1405 ) ;
#726 = DIMENSIONAL_EXPONENTS ( 1.000000000000000000, 0.000000000000000000, 0.000000000000000000, 0.000000000000000000, 0.000000000000000000, 0.000000000000000000, 0.000000000000000000 ) ;
#727 = SURFACE_SIDE_STYLE ('',( #159 ) ) ;
#728 = EDGE_CURVE ( 'NONE', #276, #1568, #141, .T. ) ;
#729 = STYLED_ITEM ( 'NONE', ( #144 ), #1361 ) ;
#730 = ORIENTED_EDGE ( 'NONE', *, *, #1273, .F. ) ;
#731 = CARTESIAN_POINT ( 'NONE',  ( -0.03191287781273707824, 0.1210113484774279075, -0.08970332588878318636 ) ) ;
#732 = ORIENTED_EDGE ( 'NONE', *, *, #627, .T. ) ;
#733 = CARTESIAN_POINT ( 'NONE',  ( 0.1300000000000000044, 0.000000000000000000, 0.1356249999999999956 ) ) ;
#734 = AXIS2_PLACEMENT_3D ( 'NONE', #1163, #1679, #1293 ) ;
#735 = COLOUR_RGB ( '',0.7529411764705882248, 0.7529411764705882248, 0.7529411764705882248 ) ;
#736 =( GEOMETRIC_REPRESENTATION_CONTEXT ( 3 ) GLOBAL_UNCERTAINTY_ASSIGNED_CONTEXT ( ( #896 ) ) GLOBAL_UNIT_ASSIGNED_CONTEXT ( ( #863, #1235, #1496 ) ) REPRESENTATION_CONTEXT ( 'NONE', 'WORKASPACE' ) );
#737 = CYLINDRICAL_SURFACE ( 'NONE', #112, 0.09499999999999995948 ) ;
#738 = PRESENTATION_STYLE_ASSIGNMENT (( #1013 ) ) ;
#739 = STYLED_ITEM ( 'NONE', ( #1573 ), #1598 ) ;
#740 = FILL_AREA_STYLE ('',( #615 ) ) ;
#741 = VERTEX_POINT ( 'NONE', #795 ) ;
#742 = SURFACE_SIDE_STYLE ('',( #1212 ) ) ;
#743 =( LENGTH_UNIT ( ) NAMED_UNIT ( * ) SI_UNIT ( $, .METRE. ) );
#744 =( GEOMETRIC_REPRESENTATION_CONTEXT ( 3 ) GLOBAL_UNCERTAINTY_ASSIGNED_CONTEXT ( ( #88 ) ) GLOBAL_UNIT_ASSIGNED_CONTEXT ( ( #449, #844, #37 ) ) REPRESENTATION_CONTEXT ( 'NONE', 'WORKASPACE' ) );
#745 =( NAMED_UNIT ( * ) PLANE_ANGLE_UNIT ( ) SI_UNIT ( $, .RADIAN. ) );
#746 = SURFACE_SIDE_STYLE ('',( #66 ) ) ;
#747 = CARTESIAN_POINT ( 'NONE',  ( -6.411762001107164843E-18, 0.1483562355791271936, 0.000000000000000000 ) ) ;
#748 = DIRECTION ( 'NONE',  ( 4.321868896226739336E-17, -1.000000000000000000, 0.000000000000000000 ) ) ;
#749 = ORIENTED_EDGE ( 'NONE', *, *, #769, .T. ) ;
#750 = EDGE_CURVE ( 'NONE', #1344, #1181, #153, .T. ) ;
#751 = CARTESIAN_POINT ( 'NONE',  ( 0.000000000000000000, 0.000000000000000000, 0.1406250000000000000 ) ) ;
#752 = FILL_AREA_STYLE ('',( #355 ) ) ;
#753 = SURFACE_STYLE_USAGE ( .BOTH. , #641 ) ;
#754 = CARTESIAN_POINT ( 'NONE',  ( -0.05412658773652742616, 0.2499999999999997224, 8.511461947717946251E-17 ) ) ;
#755 = SURFACE_STYLE_FILL_AREA ( #218 ) ;
#756 = ORIENTED_EDGE ( 'NONE', *, *, #911, .F. ) ;
#757 = DIRECTION ( 'NONE',  ( 0.000000000000000000, 0.000000000000000000, 1.000000000000000000 ) ) ;
#758 = UNCERTAINTY_MEASURE_WITH_UNIT (LENGTH_MEASURE( 1.000000000000000082E-05 ), #791, 'distance_accuracy_value', 'NONE');
#759 = PRODUCT_RELATED_PRODUCT_CATEGORY ( 'part', '', ( #77 ) ) ;
#760 = AXIS2_PLACEMENT_3D ( 'NONE', #1256, #93, #861 ) ;
#761 = COLOUR_RGB ( '',0.7529411764705882248, 0.7529411764705882248, 0.7529411764705882248 ) ;
#762 = DIRECTION ( 'NONE',  ( 0.4999999999999997224, 0.000000000000000000, -0.8660254037844388186 ) ) ;
#763 = DIRECTION ( 'NONE',  ( 4.321868896226739336E-17, -1.000000000000000000, 0.000000000000000000 ) ) ;
#764 = CARTESIAN_POINT ( 'NONE',  ( -5.402336120283424169E-18, 0.1250000000000000000, 0.000000000000000000 ) ) ;
#765 = ORIENTED_EDGE ( 'NONE', *, *, #212, .F. ) ;
#766 = SURFACE_STYLE_FILL_AREA ( #113 ) ;
#767 = PRESENTATION_STYLE_ASSIGNMENT (( #223 ) ) ;
#768 = LENGTH_MEASURE_WITH_UNIT ( LENGTH_MEASURE( 0.02539999999999999897 ), #363 );
#769 = EDGE_CURVE ( 'NONE', #1157, #528, #797, .T. ) ;
#770 = CIRCLE ( 'NONE', #1644, 0.1300000000000000044 ) ;
#771 = CARTESIAN_POINT ( 'NONE',  ( 0.000000000000000000, 0.000000000000000000, 0.1406250000000000000 ) ) ;
#772 = VERTEX_POINT ( 'NONE', #540 ) ;
#773 = DIRECTION ( 'NONE',  ( 1.000000000000000000, 0.000000000000000000, 0.000000000000000000 ) ) ;
#774 = UNCERTAINTY_MEASURE_WITH_UNIT (LENGTH_MEASURE( 1.000000000000000082E-05 ), #181, 'distance_accuracy_value', 'NONE');
#775 = FILL_AREA_STYLE ('',( #800 ) ) ;
#776 = EDGE_CURVE ( 'NONE', #1137, #1466, #1056, .T. ) ;
#777 =( NAMED_UNIT ( * ) PLANE_ANGLE_UNIT ( ) SI_UNIT ( $, .RADIAN. ) );
#778 = PRESENTATION_STYLE_ASSIGNMENT (( #377 ) ) ;
#779 = ORIENTED_EDGE ( 'NONE', *, *, #1559, .F. ) ;
#780 = FILL_AREA_STYLE ('',( #541 ) ) ;
#781 = CARTESIAN_POINT ( 'NONE',  ( 0.08217097381550707291, 0.09429231205448168618, -0.04804170693581988338 ) ) ;
#782 = VECTOR ( 'NONE', #959, 39.37007874015748143 ) ;
#783 =( NAMED_UNIT ( * ) SI_UNIT ( $, .STERADIAN. ) SOLID_ANGLE_UNIT ( ) );
#784 =( NAMED_UNIT ( * ) SI_UNIT ( $, .STERADIAN. ) SOLID_ANGLE_UNIT ( ) );
#785 = AXIS2_PLACEMENT_3D ( 'NONE', #53, #172, #990 ) ;
#786 = ORIENTED_EDGE ( 'NONE', *, *, #1609, .F. ) ;
#787 = PRESENTATION_LAYER_ASSIGNMENT (  '', '', ( #1199 ) ) ;
#788 = UNCERTAINTY_MEASURE_WITH_UNIT (LENGTH_MEASURE( 1.000000000000000082E-05 ), #1566, 'distance_accuracy_value', 'NONE');
#789 = CARTESIAN_POINT ( 'NONE',  ( -0.2500000000000000000, 0.000000000000000000, 0.1406250000000000000 ) ) ;
#790 =( LENGTH_UNIT ( ) NAMED_UNIT ( * ) SI_UNIT ( $, .METRE. ) );
#791 =( CONVERSION_BASED_UNIT ( 'INCH', #1414 ) LENGTH_UNIT ( ) NAMED_UNIT ( #1016 ) );
#792 = LINE ( 'NONE', #1428, #489 ) ;
#793 =( LENGTH_UNIT ( ) NAMED_UNIT ( * ) SI_UNIT ( $, .METRE. ) );
#794 = ORIENTED_EDGE ( 'NONE', *, *, #1019, .T. ) ;
#795 = CARTESIAN_POINT ( 'NONE',  ( 0.2449999999999999956, 0.000000000000000000, -0.1406250000000000000 ) ) ;
#796 = EDGE_CURVE ( 'NONE', #1431, #1300, #46, .T. ) ;
#797 = CIRCLE ( 'NONE', #1515, 0.005000000000000014849 ) ;
#798 = CARTESIAN_POINT ( 'NONE',  ( 0.000000000000000000, 0.000000000000000000, 0.000000000000000000 ) ) ;
#799 = CARTESIAN_POINT ( 'NONE',  ( -1.997912162381587799E-15, 0.1250000000000151268, 0.09500000000001997125 ) ) ;
#800 = FILL_AREA_STYLE_COLOUR ( '', #1310 ) ;
#801 = PLANE ( 'NONE',  #943 ) ;
#802 = ORIENTED_EDGE ( 'NONE', *, *, #49, .T. ) ;
#803 =( NAMED_UNIT ( * ) PLANE_ANGLE_UNIT ( ) SI_UNIT ( $, .RADIAN. ) );
#804 =( LENGTH_UNIT ( ) NAMED_UNIT ( * ) SI_UNIT ( $, .METRE. ) );
#805 =( NAMED_UNIT ( * ) PLANE_ANGLE_UNIT ( ) SI_UNIT ( $, .RADIAN. ) );
#806 = CARTESIAN_POINT ( 'NONE',  ( -1.080467224056684834E-17, 0.2500000000000000000, 0.000000000000000000 ) ) ;
#807 = COLOUR_RGB ( '',0.7529411764705882248, 0.7529411764705882248, 0.7529411764705882248 ) ;
#808 =( NAMED_UNIT ( * ) PLANE_ANGLE_UNIT ( ) SI_UNIT ( $, .RADIAN. ) );
#809 = ORIENTED_EDGE ( 'NONE', *, *, #383, .F. ) ;
#810 = MECHANICAL_DESIGN_GEOMETRIC_PRESENTATION_REPRESENTATION (  '', ( #312 ), #1554 ) ;
#811 = VECTOR ( 'NONE', #190, 39.37007874015748143 ) ;
#812 = MECHANICAL_DESIGN_GEOMETRIC_PRESENTATION_REPRESENTATION (  '', ( #1530 ), #736 ) ;
#813 = EDGE_CURVE ( 'NONE', #1116, #369, #1552, .T. ) ;
#814 = PLANE ( 'NONE',  #36 ) ;
#815 = ORIENTED_EDGE ( 'NONE', *, *, #698, .T. ) ;
#816 = CARTESIAN_POINT ( 'NONE',  ( 0.000000000000000000, 0.000000000000000000, -0.1356250000000000233 ) ) ;
#817 = UNCERTAINTY_MEASURE_WITH_UNIT (LENGTH_MEASURE( 1.000000000000000082E-05 ), #461, 'distance_accuracy_value', 'NONE');
#818 = CARTESIAN_POINT ( 'NONE',  ( 0.000000000000000000, 0.000000000000000000, -0.1356250000000000233 ) ) ;
#819 = SURFACE_SIDE_STYLE ('',( #1532 ) ) ;
#820 = LENGTH_MEASURE_WITH_UNIT ( LENGTH_MEASURE( 0.02539999999999999897 ), #1091 );
#821 = PLANE ( 'NONE',  #227 ) ;
#822 =( LENGTH_UNIT ( ) NAMED_UNIT ( * ) SI_UNIT ( $, .METRE. ) );
#823 = EDGE_CURVE ( 'NONE', #450, #1217, #719, .T. ) ;
#824 =( LENGTH_UNIT ( ) NAMED_UNIT ( * ) SI_UNIT ( $, .METRE. ) );
#825 = VERTEX_POINT ( 'NONE', #981 ) ;
#826 = DIMENSIONAL_EXPONENTS ( 1.000000000000000000, 0.000000000000000000, 0.000000000000000000, 0.000000000000000000, 0.000000000000000000, 0.000000000000000000, 0.000000000000000000 ) ;
#827 = CARTESIAN_POINT ( 'NONE',  ( -0.2500000000000000000, 0.000000000000000000, 0.1356249999999999956 ) ) ;
#828 = PRESENTATION_STYLE_ASSIGNMENT (( #251 ) ) ;
#829 = FACE_OUTER_BOUND ( 'NONE', #703, .T. ) ;
#830 = DIRECTION ( 'NONE',  ( 1.000000000000000000, 0.000000000000000000, 0.000000000000000000 ) ) ;
#831 = ORIENTED_EDGE ( 'NONE', *, *, #1680, .T. ) ;
#832 = CARTESIAN_POINT ( 'NONE',  ( -0.08504094186612456974, 0.09167395212982414054, 0.04277812640550488626 ) ) ;
#833 = CIRCLE ( 'NONE', #1578, 0.004999999999999997502 ) ;
#834 = SURFACE_SIDE_STYLE ('',( #1347 ) ) ;
#835 =( LENGTH_UNIT ( ) NAMED_UNIT ( * ) SI_UNIT ( $, .METRE. ) );
#836 = MECHANICAL_DESIGN_GEOMETRIC_PRESENTATION_REPRESENTATION (  '', ( #1392 ), #1664 ) ;
#837 = EDGE_CURVE ( 'NONE', #103, #1366, #145, .T. ) ;
#838 = MECHANICAL_DESIGN_GEOMETRIC_PRESENTATION_REPRESENTATION (  '', ( #914 ), #1481 ) ;
#839 = DIRECTION ( 'NONE',  ( -0.000000000000000000, -1.000000000000000000, -0.000000000000000000 ) ) ;
#840 = MECHANICAL_DESIGN_GEOMETRIC_PRESENTATION_REPRESENTATION (  '', ( #664 ), #1255 ) ;
#841 = LENGTH_MEASURE_WITH_UNIT ( LENGTH_MEASURE( 0.02539999999999999897 ), #584 );
#842 = CARTESIAN_POINT ( 'NONE',  ( 0.05412658773652741229, 0.1562499999999997224, 6.847279542693352707E-17 ) ) ;
#843 = ORIENTED_EDGE ( 'NONE', *, *, #1662, .F. ) ;
#844 =( NAMED_UNIT ( * ) PLANE_ANGLE_UNIT ( ) SI_UNIT ( $, .RADIAN. ) );
#845 = DIRECTION ( 'NONE',  ( 0.000000000000000000, 0.000000000000000000, 1.000000000000000000 ) ) ;
#846 = ORIENTED_EDGE ( 'NONE', *, *, #1019, .F. ) ;
#847 = CARTESIAN_POINT ( 'NONE',  ( 0.000000000000000000, 0.000000000000000000, 0.1356249999999999956 ) ) ;
#848 = AXIS2_PLACEMENT_3D ( 'NONE', #375, #1524, #506 ) ;
#849 = DIMENSIONAL_EXPONENTS ( 1.000000000000000000, 0.000000000000000000, 0.000000000000000000, 0.000000000000000000, 0.000000000000000000, 0.000000000000000000, 0.000000000000000000 ) ;
#850 = ORIENTED_EDGE ( 'NONE', *, *, #1173, .F. ) ;
#851 = CARTESIAN_POINT ( 'NONE',  ( -0.03186977770790679065, 0.1210198989347889831, 0.08971446475376647356 ) ) ;
#852 = DIRECTION ( 'NONE',  ( 0.8660254037844385966, 0.000000000000000000, -0.5000000000000002220 ) ) ;
#853 = FILL_AREA_STYLE ('',( #563 ) ) ;
#854 = VECTOR ( 'NONE', #942, 39.37007874015748143 ) ;
#855 = FACE_OUTER_BOUND ( 'NONE', #1606, .T. ) ;
#856 =( NAMED_UNIT ( * ) PLANE_ANGLE_UNIT ( ) SI_UNIT ( $, .RADIAN. ) );
#857 = STYLED_ITEM ( 'NONE', ( #828 ), #308 ) ;
#858 = VECTOR ( 'NONE', #940, 39.37007874015748143 ) ;
#859 = TOROIDAL_SURFACE ( 'NONE', #1075, 0.2449999999999999956, 0.005000000000000000104 ) ;
#860 = STYLED_ITEM ( 'NONE', ( #1219 ), #1485 ) ;
#861 = DIRECTION ( 'NONE',  ( 1.000000000000000000, 0.000000000000000000, 0.000000000000000000 ) ) ;
#862 = EDGE_CURVE ( 'NONE', #1010, #1472, #352, .T. ) ;
#863 =( CONVERSION_BASED_UNIT ( 'INCH', #1622 ) LENGTH_UNIT ( ) NAMED_UNIT ( #1534 ) );
#864 = EDGE_LOOP ( 'NONE', ( #962, #1289 ) ) ;
#865 = UNCERTAINTY_MEASURE_WITH_UNIT (LENGTH_MEASURE( 1.000000000000000082E-05 ), #1404, 'distance_accuracy_value', 'NONE');
#866 = DIMENSIONAL_EXPONENTS ( 1.000000000000000000, 0.000000000000000000, 0.000000000000000000, 0.000000000000000000, 0.000000000000000000, 0.000000000000000000, 0.000000000000000000 ) ;
#867 = PRESENTATION_STYLE_ASSIGNMENT (( #1195 ) ) ;
#868 = CARTESIAN_POINT ( 'NONE',  ( -1.080467224056684834E-17, 0.2500000000000000000, 0.000000000000000000 ) ) ;
#869 = FACE_OUTER_BOUND ( 'NONE', #195, .T. ) ;
#870 = ORIENTED_EDGE ( 'NONE', *, *, #1549, .T. ) ;
#871 = CARTESIAN_POINT ( 'NONE',  ( -0.09005677066651777973, 0.2332300856729379868, -0.03087348011030267500 ) ) ;
#872 = CARTESIAN_POINT ( 'NONE',  ( 0.000000000000000000, 0.2500000000000000000, 1.024442997624098707E-16 ) ) ;
#873 = FILL_AREA_STYLE ('',( #439 ) ) ;
#874 = DIMENSIONAL_EXPONENTS ( 1.000000000000000000, 0.000000000000000000, 0.000000000000000000, 0.000000000000000000, 0.000000000000000000, 0.000000000000000000, 0.000000000000000000 ) ;
#875 = SURFACE_STYLE_USAGE ( .BOTH. , #1396 ) ;
#876 = DIRECTION ( 'NONE',  ( -4.321868896226739336E-17, 1.000000000000000000, -0.000000000000000000 ) ) ;
#877 = LENGTH_MEASURE_WITH_UNIT ( LENGTH_MEASURE( 0.02539999999999999897 ), #1650 );
#878 = VERTEX_POINT ( 'NONE', #1480 ) ;
#879 = SURFACE_STYLE_USAGE ( .BOTH. , #1522 ) ;
#880 = VECTOR ( 'NONE', #1203, 39.37007874015748143 ) ;
#881 = ADVANCED_FACE ( 'NONE', ( #855, #1102 ), #45, .T. ) ;
#882 = PRESENTATION_LAYER_ASSIGNMENT (  '', '', ( #29 ) ) ;
#883 = PRESENTATION_LAYER_ASSIGNMENT (  '', '', ( #857 ) ) ;
#884 = CARTESIAN_POINT ( 'NONE',  ( -0.07541182451362561656, 0.2383826100157281358, -0.05810613953588466413 ) ) ;
#885 = DIRECTION ( 'NONE',  ( -1.000000000000000000, 0.000000000000000000, 0.000000000000000000 ) ) ;
#886 = MECHANICAL_DESIGN_GEOMETRIC_PRESENTATION_REPRESENTATION (  '', ( #1120 ), #1025 ) ;
#887 =( LENGTH_UNIT ( ) NAMED_UNIT ( * ) SI_UNIT ( $, .METRE. ) );
#888 = DIMENSIONAL_EXPONENTS ( 1.000000000000000000, 0.000000000000000000, 0.000000000000000000, 0.000000000000000000, 0.000000000000000000, 0.000000000000000000, 0.000000000000000000 ) ;
#889 = ORIENTED_EDGE ( 'NONE', *, *, #663, .T. ) ;
#890 = CARTESIAN_POINT ( 'NONE',  ( -0.06283741218695138020, 0.2420170263291827883, 0.07151977235745937689 ) ) ;
#891 = CARTESIAN_POINT ( 'NONE',  ( 0.09431254511094500081, 0.08206052724212015148, 0.01307515405760945569 ) ) ;
#892 =( NAMED_UNIT ( * ) PLANE_ANGLE_UNIT ( ) SI_UNIT ( $, .RADIAN. ) );
#893 = FACE_OUTER_BOUND ( 'NONE', #894, .T. ) ;
#894 = EDGE_LOOP ( 'NONE', ( #1088, #677, #610, #50 ) ) ;
#895 = DIRECTION ( 'NONE',  ( 0.000000000000000000, -1.000000000000000000, 0.000000000000000000 ) ) ;
#896 = UNCERTAINTY_MEASURE_WITH_UNIT (LENGTH_MEASURE( 1.000000000000000082E-05 ), #863, 'distance_accuracy_value', 'NONE');
#897 = B_SPLINE_CURVE_WITH_KNOTS ( 'NONE', 3,
 ( #1501, #1397, #339, #1246, #998, #237, #102, #1140, #482, #623, #1621, #472, #1656, #633, #1512, #1027, #82, #642, #1135, #1304, #922, #385, #281, #1572, #252, #394, #1437, #137, #1067, #680, #1287, #1548 ),
 .UNSPECIFIED., .F., .F.,
 ( 4, 2, 2, 2, 2, 2, 2, 2, 2, 2, 2, 2, 2, 2, 2, 4 ),
 ( 6.272342968923451272E-20, 0.0004760265339496794462, 0.0009520530678993588923, 0.001428079601849038122, 0.001904106135798717568, 0.002856159203698076243, 0.003332185737647755473, 0.003808212271597435136, 0.004284238805547114365, 0.004760265339496794028, 0.005236291873446472823, 0.005712318407396152486, 0.006188344941345832149, 0.006664371475295511812, 0.007140398009245192343, 0.007616424543194873741 ),
 .UNSPECIFIED. ) ;
#898 = CARTESIAN_POINT ( 'NONE',  ( -0.09438112056889098878, 0.2315037470905151884, -0.01252254548696848241 ) ) ;
#899 = CARTESIAN_POINT ( 'NONE',  ( 1.163414459189984974E-17, 0.2500000000000000000, 0.09500000000000005662 ) ) ;
#900 =( LENGTH_UNIT ( ) NAMED_UNIT ( * ) SI_UNIT ( $, .METRE. ) );
#901 = LINE ( 'NONE', #555, #1565 ) ;
#902 = ORIENTED_EDGE ( 'NONE', *, *, #522, .T. ) ;
#903 = CARTESIAN_POINT ( 'NONE',  ( -0.09191476244973190157, 0.2324939259071913955, 0.02481065640999806018 ) ) ;
#904 = LENGTH_MEASURE_WITH_UNIT ( LENGTH_MEASURE( 0.02539999999999999897 ), #1587 );
#905 = AXIS2_PLACEMENT_3D ( 'NONE', #1436, #55, #48 ) ;
#906 = PLANE ( 'NONE',  #1194 ) ;
#907 =( GEOMETRIC_REPRESENTATION_CONTEXT ( 3 ) GLOBAL_UNCERTAINTY_ASSIGNED_CONTEXT ( ( #865 ) ) GLOBAL_UNIT_ASSIGNED_CONTEXT ( ( #1404, #423, #243 ) ) REPRESENTATION_CONTEXT ( 'NONE', 'WORKASPACE' ) );
#908 = FACE_OUTER_BOUND ( 'NONE', #182, .T. ) ;
#909 = SURFACE_STYLE_FILL_AREA ( #1060 ) ;
#910 = CIRCLE ( 'NONE', #1555, 0.09499999999999994560 ) ;
#911 = EDGE_CURVE ( 'NONE', #588, #650, #158, .T. ) ;
#912 = SURFACE_STYLE_FILL_AREA ( #110 ) ;
#913 = ORIENTED_EDGE ( 'NONE', *, *, #608, .T. ) ;
#914 = STYLED_ITEM ( 'NONE', ( #778 ), #1539 ) ;
#915 =( NAMED_UNIT ( * ) PLANE_ANGLE_UNIT ( ) SI_UNIT ( $, .RADIAN. ) );
#916 = COLOUR_RGB ( '',0.7529411764705882248, 0.7529411764705882248, 0.7529411764705882248 ) ;
#917 = UNCERTAINTY_MEASURE_WITH_UNIT (LENGTH_MEASURE( 1.000000000000000082E-05 ), #1277, 'distance_accuracy_value', 'NONE');
#918 = SURFACE_STYLE_FILL_AREA ( #1553 ) ;
#919 = DIMENSIONAL_EXPONENTS ( 1.000000000000000000, 0.000000000000000000, 0.000000000000000000, 0.000000000000000000, 0.000000000000000000, 0.000000000000000000, 0.000000000000000000 ) ;
#920 = APPLICATION_PROTOCOL_DEFINITION ( 'draft international standard', 'automotive_design', 1998, #1350 ) ;
#921 = CARTESIAN_POINT ( 'NONE',  ( 0.07172389245953932069, 0.1024955401575096126, 0.06257780915458145687 ) ) ;
#922 = CARTESIAN_POINT ( 'NONE',  ( 0.08233771556281595239, 0.2360795659542548330, 0.04778520195757104266 ) ) ;
#923 = CARTESIAN_POINT ( 'NONE',  ( 0.02706329386826372349, 0.1562499999999997224, 0.04687500000000009021 ) ) ;
#924 = ORIENTED_EDGE ( 'NONE', *, *, #674, .T. ) ;
#925 = DIRECTION ( 'NONE',  ( -0.000000000000000000, -0.000000000000000000, -1.000000000000000000 ) ) ;
#926 = CARTESIAN_POINT ( 'NONE',  ( 0.2449999999999999956, 0.000000000000000000, -0.1356250000000000233 ) ) ;
#927 =( LENGTH_UNIT ( ) NAMED_UNIT ( * ) SI_UNIT ( $, .METRE. ) );
#928 = ORIENTED_EDGE ( 'NONE', *, *, #161, .F. ) ;
#929 = FILL_AREA_STYLE_COLOUR ( '', #572 ) ;
#930 = UNCERTAINTY_MEASURE_WITH_UNIT (LENGTH_MEASURE( 1.000000000000000082E-05 ), #402, 'distance_accuracy_value', 'NONE');
#931 = LENGTH_MEASURE_WITH_UNIT ( LENGTH_MEASURE( 0.02539999999999999897 ), #1570 );
#932 = EDGE_CURVE ( 'NONE', #1259, #825, #1323, .T. ) ;
#933 = MECHANICAL_DESIGN_GEOMETRIC_PRESENTATION_REPRESENTATION (  '', ( #1022 ), #365 ) ;
#934 = LINE ( 'NONE', #1222, #628 ) ;
#935 = DIRECTION ( 'NONE',  ( -0.4999999999999995559, 0.000000000000000000, 0.8660254037844388186 ) ) ;
#936 = PRESENTATION_LAYER_ASSIGNMENT (  '', '', ( #1658 ) ) ;
#937 = MECHANICAL_DESIGN_GEOMETRIC_PRESENTATION_REPRESENTATION (  '', ( #54 ), #1169 ) ;
#938 = VERTEX_POINT ( 'NONE', #1407 ) ;
#939 = MECHANICAL_DESIGN_GEOMETRIC_PRESENTATION_REPRESENTATION (  '', ( #507 ), #1364 ) ;
#940 = DIRECTION ( 'NONE',  ( -0.000000000000000000, -0.000000000000000000, -1.000000000000000000 ) ) ;
#941 =( GEOMETRIC_REPRESENTATION_CONTEXT ( 3 ) GLOBAL_UNCERTAINTY_ASSIGNED_CONTEXT ( ( #215 ) ) GLOBAL_UNIT_ASSIGNED_CONTEXT ( ( #1000, #915, #550 ) ) REPRESENTATION_CONTEXT ( 'NONE', 'WORKASPACE' ) );
#942 = DIRECTION ( 'NONE',  ( -0.7071067811865474617, 0.7071067811865475727, 0.000000000000000000 ) ) ;
#943 = AXIS2_PLACEMENT_3D ( 'NONE', #1560, #266, #386 ) ;
#944 = SURFACE_SIDE_STYLE ('',( #1190 ) ) ;
#945 = DIRECTION ( 'NONE',  ( 1.000000000000000000, 0.000000000000000000, -0.000000000000000000 ) ) ;
#946 = ADVANCED_FACE ( 'NONE', ( #893 ), #1002, .T. ) ;
#947 =( NAMED_UNIT ( * ) PLANE_ANGLE_UNIT ( ) SI_UNIT ( $, .RADIAN. ) );
#948 = ORIENTED_EDGE ( 'NONE', *, *, #1008, .T. ) ;
#949 = LENGTH_MEASURE_WITH_UNIT ( LENGTH_MEASURE( 0.02539999999999999897 ), #1599 );
#950 = PRESENTATION_LAYER_ASSIGNMENT (  '', '', ( #1589 ) ) ;
#951 = DIMENSIONAL_EXPONENTS ( 1.000000000000000000, 0.000000000000000000, 0.000000000000000000, 0.000000000000000000, 0.000000000000000000, 0.000000000000000000, 0.000000000000000000 ) ;
#952 = APPLICATION_PROTOCOL_DEFINITION ( 'draft international standard', 'automotive_design', 1998, #134 ) ;
#953 = LENGTH_MEASURE_WITH_UNIT ( LENGTH_MEASURE( 0.02539999999999999897 ), #822 );
#954 = CARTESIAN_POINT ( 'NONE',  ( -0.02706329386826374084, 0.1562499999999997224, -0.04687499999999990979 ) ) ;
#955 = ORIENTED_EDGE ( 'NONE', *, *, #1126, .T. ) ;
#956 = EDGE_CURVE ( 'NONE', #283, #596, #346, .T. ) ;
#957 = FILL_AREA_STYLE_COLOUR ( '', #1122 ) ;
#958 = DIRECTION ( 'NONE',  ( -0.5000000000000001110, 0.000000000000000000, -0.8660254037844385966 ) ) ;
#959 = DIRECTION ( 'NONE',  ( -0.7071067811865472397, -0.7071067811865477948, 8.659560562354929160E-17 ) ) ;
#960 =( LENGTH_UNIT ( ) NAMED_UNIT ( * ) SI_UNIT ( $, .METRE. ) );
#961 = FACE_OUTER_BOUND ( 'NONE', #1651, .T. ) ;
#962 = ORIENTED_EDGE ( 'NONE', *, *, #984, .T. ) ;
#963 = CIRCLE ( 'NONE', #1275, 0.004999999999999997502 ) ;
#964 = EDGE_CURVE ( 'NONE', #1676, #1526, #770, .T. ) ;
#965 = ORIENTED_EDGE ( 'NONE', *, *, #1134, .T. ) ;
#966 = CARTESIAN_POINT ( 'NONE',  ( -5.402336120283424169E-18, 0.1250000000000000000, 0.000000000000000000 ) ) ;
#967 = AXIS2_PLACEMENT_3D ( 'NONE', #733, #1229, #597 ) ;
#968 = STYLED_ITEM ( 'NONE', ( #290 ), #1415 ) ;
#969 =( NAMED_UNIT ( * ) PLANE_ANGLE_UNIT ( ) SI_UNIT ( $, .RADIAN. ) );
#970 =( GEOMETRIC_REPRESENTATION_CONTEXT ( 3 ) GLOBAL_UNCERTAINTY_ASSIGNED_CONTEXT ( ( #407 ) ) GLOBAL_UNIT_ASSIGNED_CONTEXT ( ( #119, #1393, #380 ) ) REPRESENTATION_CONTEXT ( 'NONE', 'WORKASPACE' ) );
#971 = DIRECTION ( 'NONE',  ( -4.321868896226739336E-17, 1.000000000000000000, -0.000000000000000000 ) ) ;
#972 = CARTESIAN_POINT ( 'NONE',  ( -0.2449999999999999956, 3.031000827889699256E-17, -0.1406250000000000000 ) ) ;
#973 = ORIENTED_EDGE ( 'NONE', *, *, #360, .F. ) ;
#974 = CARTESIAN_POINT ( 'NONE',  ( -0.08982959046475141873, 0.08698778974901383299, -0.03151431342056985191 ) ) ;
#975 = FACE_OUTER_BOUND ( 'NONE', #1306, .T. ) ;
#976 = ORIENTED_EDGE ( 'NONE', *, *, #1341, .F. ) ;
#977 = MECHANICAL_DESIGN_GEOMETRIC_PRESENTATION_REPRESENTATION (  '', ( #1154 ), #96 ) ;
#978 = FACE_OUTER_BOUND ( 'NONE', #1267, .T. ) ;
#979 = SURFACE_STYLE_FILL_AREA ( #1185 ) ;
#980 = VERTEX_POINT ( 'NONE', #754 ) ;
#981 = CARTESIAN_POINT ( 'NONE',  ( -0.2449999999999999956, 3.031000827889699256E-17, 0.1406250000000000000 ) ) ;
#982 = ORIENTED_EDGE ( 'NONE', *, *, #750, .T. ) ;
#983 = CARTESIAN_POINT ( 'NONE',  ( 0.02706329386826372349, 0.2499999999999997224, 0.04687500000000009021 ) ) ;
#984 = EDGE_CURVE ( 'NONE', #57, #938, #897, .T. ) ;
#985 =( LENGTH_UNIT ( ) NAMED_UNIT ( * ) SI_UNIT ( $, .METRE. ) );
#986 = PLANE ( 'NONE',  #734 ) ;
#987 = SURFACE_STYLE_USAGE ( .BOTH. , #367 ) ;
#988 = DIRECTION ( 'NONE',  ( -0.000000000000000000, -0.000000000000000000, -1.000000000000000000 ) ) ;
#989 = ORIENTED_EDGE ( 'NONE', *, *, #1588, .T. ) ;
#990 = DIRECTION ( 'NONE',  ( 1.000000000000000000, 0.000000000000000000, 0.000000000000000000 ) ) ;
#991 = STYLED_ITEM ( 'NONE', ( #562 ), #1333 ) ;
#992 = VECTOR ( 'NONE', #320, 39.37007874015748143 ) ;
#993 = CIRCLE ( 'NONE', #454, 0.004999999999999997502 ) ;
#994 = MECHANICAL_DESIGN_GEOMETRIC_PRESENTATION_REPRESENTATION (  '', ( #33 ), #1581 ) ;
#995 = DIRECTION ( 'NONE',  ( -0.000000000000000000, -0.000000000000000000, -1.000000000000000000 ) ) ;
#996 = AXIS2_PLACEMENT_3D ( 'NONE', #1334, #722, #1610 ) ;
#997 = FILL_AREA_STYLE ('',( #478 ) ) ;
#998 = CARTESIAN_POINT ( 'NONE',  ( 0.03085860056354596329, 0.2481560637225246058, -0.09006361869736971559 ) ) ;
#999 = EDGE_LOOP ( 'NONE', ( #219, #404, #924, #723 ) ) ;
#1000 =( CONVERSION_BASED_UNIT ( 'INCH', #626 ) LENGTH_UNIT ( ) NAMED_UNIT ( #726 ) );
#1001 = UNCERTAINTY_MEASURE_WITH_UNIT (LENGTH_MEASURE( 1.000000000000000082E-05 ), #498, 'distance_accuracy_value', 'NONE');
#1002 = TOROIDAL_SURFACE ( 'NONE', #409, 0.2449999999999999956, 0.005000000000000000104 ) ;
#1003 = CARTESIAN_POINT ( 'NONE',  ( -0.07551489292703768286, 0.2383495049521218156, 0.05796774192882807319 ) ) ;
#1004 =( NAMED_UNIT ( * ) SI_UNIT ( $, .STERADIAN. ) SOLID_ANGLE_UNIT ( ) );
#1005 = DIRECTION ( 'NONE',  ( -0.4999999999999995559, 0.000000000000000000, 0.8660254037844389297 ) ) ;
#1006 =( LENGTH_UNIT ( ) NAMED_UNIT ( * ) SI_UNIT ( $, .METRE. ) );
#1007 = VECTOR ( 'NONE', #721, 39.37007874015748143 ) ;
#1008 = EDGE_CURVE ( 'NONE', #772, #1472, #792, .T. ) ;
#1009 = SURFACE_STYLE_USAGE ( .BOTH. , #1266 ) ;
#1010 = VERTEX_POINT ( 'NONE', #11 ) ;
#1011 = CARTESIAN_POINT ( 'NONE',  ( -0.02706329386826370614, 0.2499999999999997224, 0.04687500000000009714 ) ) ;
#1012 = CARTESIAN_POINT ( 'NONE',  ( -0.03074276117621766932, 0.2481712028290374572, -0.09010548600453535673 ) ) ;
#1013 = SURFACE_STYLE_USAGE ( .BOTH. , #1518 ) ;
#1014 = FACE_OUTER_BOUND ( 'NONE', #1494, .T. ) ;
#1015 = FILL_AREA_STYLE_COLOUR ( '', #1490 ) ;
#1016 = DIMENSIONAL_EXPONENTS ( 1.000000000000000000, 0.000000000000000000, 0.000000000000000000, 0.000000000000000000, 0.000000000000000000, 0.000000000000000000, 0.000000000000000000 ) ;
#1017 = ORIENTED_EDGE ( 'NONE', *, *, #932, .T. ) ;
#1018 = FILL_AREA_STYLE_COLOUR ( '', #1528 ) ;
#1019 = EDGE_CURVE ( 'NONE', #1137, #1116, #547, .T. ) ;
#1020 = UNCERTAINTY_MEASURE_WITH_UNIT (LENGTH_MEASURE( 1.000000000000000082E-05 ), #1265, 'distance_accuracy_value', 'NONE');
#1021 = DIMENSIONAL_EXPONENTS ( 1.000000000000000000, 0.000000000000000000, 0.000000000000000000, 0.000000000000000000, 0.000000000000000000, 0.000000000000000000, 0.000000000000000000 ) ;
#1022 = STYLED_ITEM ( 'NONE', ( #1445 ), #60 ) ;
#1023 = PRESENTATION_LAYER_ASSIGNMENT (  '', '', ( #507 ) ) ;
#1024 = CARTESIAN_POINT ( 'NONE',  ( 0.2449999999999999956, 0.000000000000000000, 0.1356249999999999956 ) ) ;
#1025 =( GEOMETRIC_REPRESENTATION_CONTEXT ( 3 ) GLOBAL_UNCERTAINTY_ASSIGNED_CONTEXT ( ( #125 ) ) GLOBAL_UNIT_ASSIGNED_CONTEXT ( ( #371, #1637, #1538 ) ) REPRESENTATION_CONTEXT ( 'NONE', 'WORKASPACE' ) );
#1026 = PRESENTATION_LAYER_ASSIGNMENT (  '', '', ( #968 ) ) ;
#1027 = CARTESIAN_POINT ( 'NONE',  ( 0.09500354541572393618, 0.2312451650808322046, 0.006210208053236221902 ) ) ;
#1028 = AXIS2_PLACEMENT_3D ( 'NONE', #556, #1455, #304 ) ;
#1029 = ORIENTED_EDGE ( 'NONE', *, *, #1383, .T. ) ;
#1030 = CARTESIAN_POINT ( 'NONE',  ( -0.1250000000000000000, 0.000000000000000000, 0.1356249999999999956 ) ) ;
#1031 = DIMENSIONAL_EXPONENTS ( 1.000000000000000000, 0.000000000000000000, 0.000000000000000000, 0.000000000000000000, 0.000000000000000000, 0.000000000000000000, 0.000000000000000000 ) ;
#1032 = CARTESIAN_POINT ( 'NONE',  ( -0.06279172468570222432, 0.2420282535090230447, -0.07155535781248163751 ) ) ;
#1033 = CARTESIAN_POINT ( 'NONE',  ( 0.08501059053515183650, 0.09170292759410361705, 0.04284370589636542215 ) ) ;
#1034 = TOROIDAL_SURFACE ( 'NONE', #1237, 0.1300000000000000044, 0.005000000000000000104 ) ;
#1035 = CARTESIAN_POINT ( 'NONE',  ( 2.544389640100737885E-18, 0.2500000000000000000, -0.09499999999999986233 ) ) ;
#1036 = FACE_BOUND ( 'NONE', #321, .T. ) ;
#1037 =( CONVERSION_BASED_UNIT ( 'INCH', #1054 ) LENGTH_UNIT ( ) NAMED_UNIT ( #635 ) );
#1038 = ORIENTED_EDGE ( 'NONE', *, *, #1051, .F. ) ;
#1039 = FILL_AREA_STYLE_COLOUR ( '', #174 ) ;
#1040 = UNCERTAINTY_MEASURE_WITH_UNIT (LENGTH_MEASURE( 1.000000000000000082E-05 ), #264, 'distance_accuracy_value', 'NONE');
#1041 = DIMENSIONAL_EXPONENTS ( 1.000000000000000000, 0.000000000000000000, 0.000000000000000000, 0.000000000000000000, 0.000000000000000000, 0.000000000000000000, 0.000000000000000000 ) ;
#1042 = CARTESIAN_POINT ( 'NONE',  ( -0.09190431575886673365, 0.2324981238240070025, -0.02486376500466570480 ) ) ;
#1043 = CARTESIAN_POINT ( 'NONE',  ( -0.07164376442087276586, 0.1250000000000000000, 0.000000000000000000 ) ) ;
#1044 = CARTESIAN_POINT ( 'NONE',  ( 0.006531293450761733142, 0.1250000000000004996, 0.09500000000000069500 ) ) ;
#1045 = ADVANCED_FACE ( 'NONE', ( #1036, #1147 ), #658, .T. ) ;
#1046 = ORIENTED_EDGE ( 'NONE', *, *, #234, .T. ) ;
#1047 = DIRECTION ( 'NONE',  ( 1.000000000000000000, 0.000000000000000000, 0.000000000000000000 ) ) ;
#1048 = FILL_AREA_STYLE_COLOUR ( '', #9 ) ;
#1049 =( GEOMETRIC_REPRESENTATION_CONTEXT ( 3 ) GLOBAL_UNCERTAINTY_ASSIGNED_CONTEXT ( ( #232 ) ) GLOBAL_UNIT_ASSIGNED_CONTEXT ( ( #1155, #1674, #546 ) ) REPRESENTATION_CONTEXT ( 'NONE', 'WORKASPACE' ) );
#1050 = LENGTH_MEASURE_WITH_UNIT ( LENGTH_MEASURE( 0.02539999999999999897 ), #790 );
#1051 = EDGE_CURVE ( 'NONE', #596, #1083, #901, .T. ) ;
#1052 = DIRECTION ( 'NONE',  ( -0.000000000000000000, -0.000000000000000000, -1.000000000000000000 ) ) ;
#1053 = CIRCLE ( 'NONE', #600, 0.004999999999999997502 ) ;
#1054 = LENGTH_MEASURE_WITH_UNIT ( LENGTH_MEASURE( 0.02539999999999999897 ), #793 );
#1055 = ORIENTED_EDGE ( 'NONE', *, *, #728, .T. ) ;
#1056 = LINE ( 'NONE', #1290, #273 ) ;
#1057 = UNCERTAINTY_MEASURE_WITH_UNIT (LENGTH_MEASURE( 1.000000000000000082E-05 ), #207, 'distance_accuracy_value', 'NONE');
#1058 = CARTESIAN_POINT ( 'NONE',  ( 0.03180559096066686020, 0.1210359740793140737, 0.08973598366571562679 ) ) ;
#1059 = SURFACE_STYLE_FILL_AREA ( #1558 ) ;
#1060 = FILL_AREA_STYLE ('',( #1542 ) ) ;
#1061 = PRESENTATION_LAYER_ASSIGNMENT (  '', '', ( #1154 ) ) ;
#1062 = DIRECTION ( 'NONE',  ( -1.000000000000000000, 0.000000000000000000, 1.577233174527201111E-16 ) ) ;
#1063 = EDGE_LOOP ( 'NONE', ( #1017, #1196 ) ) ;
#1064 = EDGE_CURVE ( 'NONE', #650, #588, #319, .T. ) ;
#1065 = SURFACE_STYLE_USAGE ( .BOTH. , #551 ) ;
#1066 = FILL_AREA_STYLE_COLOUR ( '', #142 ) ;
#1067 = CARTESIAN_POINT ( 'NONE',  ( 0.02488036629091249299, 0.2488359492425819275, 0.09190023538952737936 ) ) ;
#1068 = VERTEX_POINT ( 'NONE', #669 ) ;
#1069 = DIRECTION ( 'NONE',  ( 1.000000000000000000, 0.000000000000000000, -0.000000000000000000 ) ) ;
#1070 = SURFACE_STYLE_USAGE ( .BOTH. , #819 ) ;
#1071 = DIMENSIONAL_EXPONENTS ( 1.000000000000000000, 0.000000000000000000, 0.000000000000000000, 0.000000000000000000, 0.000000000000000000, 0.000000000000000000, 0.000000000000000000 ) ;
#1072 = LENGTH_MEASURE_WITH_UNIT ( LENGTH_MEASURE( 0.02539999999999999897 ), #428 );
#1073 = EDGE_LOOP ( 'NONE', ( #831, #815 ) ) ;
#1074 = CIRCLE ( 'NONE', #58, 0.1250000000000000000 ) ;
#1075 = AXIS2_PLACEMENT_3D ( 'NONE', #1307, #268, #1575 ) ;
#1076 = CARTESIAN_POINT ( 'NONE',  ( -0.1300000000000000044, 1.592040838891559342E-17, -0.1356250000000000233 ) ) ;
#1077 = CIRCLE ( 'NONE', #457, 0.1250000000000000000 ) ;
#1078 = FACE_OUTER_BOUND ( 'NONE', #1338, .T. ) ;
#1079 =( NAMED_UNIT ( * ) SI_UNIT ( $, .STERADIAN. ) SOLID_ANGLE_UNIT ( ) );
#1080 = ORIENTED_EDGE ( 'NONE', *, *, #406, .F. ) ;
#1081 = CARTESIAN_POINT ( 'NONE',  ( -1.997912162381587799E-15, 0.1250000000000151268, 0.09500000000001997125 ) ) ;
#1082 =( GEOMETRIC_REPRESENTATION_CONTEXT ( 3 ) GLOBAL_UNCERTAINTY_ASSIGNED_CONTEXT ( ( #4 ) ) GLOBAL_UNIT_ASSIGNED_CONTEXT ( ( #1205, #576, #465 ) ) REPRESENTATION_CONTEXT ( 'NONE', 'WORKASPACE' ) );
#1083 = VERTEX_POINT ( 'NONE', #1675 ) ;
#1084 = DIRECTION ( 'NONE',  ( 1.000000000000000000, 0.000000000000000000, 0.000000000000000000 ) ) ;
#1085 = PRESENTATION_LAYER_ASSIGNMENT (  '', '', ( #581 ) ) ;
#1086 = CARTESIAN_POINT ( 'NONE',  ( -0.07164376442087276586, 0.2500000000000000000, 8.773830677688885127E-18 ) ) ;
#1087 = DIRECTION ( 'NONE',  ( -1.000000000000000000, 0.000000000000000000, 0.000000000000000000 ) ) ;
#1088 = ORIENTED_EDGE ( 'NONE', *, *, #796, .F. ) ;
#1089 = DIRECTION ( 'NONE',  ( 1.000000000000000000, 0.000000000000000000, 0.000000000000000000 ) ) ;
#1090 = DIRECTION ( 'NONE',  ( 1.000000000000000000, 0.000000000000000000, 0.000000000000000000 ) ) ;
#1091 =( LENGTH_UNIT ( ) NAMED_UNIT ( * ) SI_UNIT ( $, .METRE. ) );
#1092 = PRESENTATION_LAYER_ASSIGNMENT (  '', '', ( #991 ) ) ;
#1093 = ORIENTED_EDGE ( 'NONE', *, *, #776, .T. ) ;
#1094 = CARTESIAN_POINT ( 'NONE',  ( -0.09500219514463076331, 0.08123781711226360502, 0.006489063130488365548 ) ) ;
#1095 =( GEOMETRIC_REPRESENTATION_CONTEXT ( 3 ) GLOBAL_UNCERTAINTY_ASSIGNED_CONTEXT ( ( #1040 ) ) GLOBAL_UNIT_ASSIGNED_CONTEXT ( ( #264, #155, #1282 ) ) REPRESENTATION_CONTEXT ( 'NONE', 'WORKASPACE' ) );
#1096 = LENGTH_MEASURE_WITH_UNIT ( LENGTH_MEASURE( 0.02539999999999999897 ), #1600 );
#1097 = EDGE_LOOP ( 'NONE', ( #549, #850, #1055, #25 ) ) ;
#1098 = VECTOR ( 'NONE', #241, 39.37007874015748143 ) ;
#1099 = PRESENTATION_LAYER_ASSIGNMENT (  '', '', ( #860 ) ) ;
#1100 = SURFACE_STYLE_USAGE ( .BOTH. , #694 ) ;
#1101 = ORIENTED_EDGE ( 'NONE', *, *, #1242, .F. ) ;
#1102 = FACE_BOUND ( 'NONE', #229, .T. ) ;
#1103 = ORIENTED_EDGE ( 'NONE', *, *, #1341, .T. ) ;
#1104 = LINE ( 'NONE', #469, #1502 ) ;
#1105 = EDGE_CURVE ( 'NONE', #1300, #1504, #130, .T. ) ;
#1106 = PRESENTATION_LAYER_ASSIGNMENT (  '', '', ( #1299 ) ) ;
#1107 =( LENGTH_UNIT ( ) NAMED_UNIT ( * ) SI_UNIT ( $, .METRE. ) );
#1108 = SURFACE_STYLE_USAGE ( .BOTH. , #1523 ) ;
#1109 = CARTESIAN_POINT ( 'NONE',  ( 0.000000000000000000, 0.000000000000000000, -0.1406250000000000000 ) ) ;
#1110 = ORIENTED_EDGE ( 'NONE', *, *, #535, .T. ) ;
#1111 = CARTESIAN_POINT ( 'NONE',  ( 0.000000000000000000, 0.000000000000000000, 0.1406250000000000000 ) ) ;
#1112 = EDGE_CURVE ( 'NONE', #1217, #450, #552, .T. ) ;
#1113 = LENGTH_MEASURE_WITH_UNIT ( LENGTH_MEASURE( 0.02539999999999999897 ), #743 );
#1114 = FILL_AREA_STYLE_COLOUR ( '', #1248 ) ;
#1115 = DIRECTION ( 'NONE',  ( 1.000000000000000000, 0.000000000000000000, 0.000000000000000000 ) ) ;
#1116 = VERTEX_POINT ( 'NONE', #1493 ) ;
#1117 = STYLED_ITEM ( 'NONE', ( #1352 ), #101 ) ;
#1118 = FACE_OUTER_BOUND ( 'NONE', #1358, .T. ) ;
#1119 = AXIS2_PLACEMENT_3D ( 'NONE', #464, #1628, #885 ) ;
#1120 = STYLED_ITEM ( 'NONE', ( #359 ), #593 ) ;
#1121 = CARTESIAN_POINT ( 'NONE',  ( -0.09500295950261024303, 0.2312454057836746124, 0.006216297589068161406 ) ) ;
#1122 = COLOUR_RGB ( '',0.7529411764705882248, 0.7529411764705882248, 0.7529411764705882248 ) ;
#1123 = FACE_OUTER_BOUND ( 'NONE', #111, .T. ) ;
#1124 =( CONVERSION_BASED_UNIT ( 'INCH', #768 ) LENGTH_UNIT ( ) NAMED_UNIT ( #849 ) );
#1125 = MECHANICAL_DESIGN_GEOMETRIC_PRESENTATION_REPRESENTATION (  '', ( #149 ), #604 ) ;
#1126 = EDGE_CURVE ( 'NONE', #1174, #1466, #1596, .T. ) ;
#1127 = DIRECTION ( 'NONE',  ( 1.000000000000000000, 0.000000000000000000, 0.000000000000000000 ) ) ;
#1128 = DIMENSIONAL_EXPONENTS ( 1.000000000000000000, 0.000000000000000000, 0.000000000000000000, 0.000000000000000000, 0.000000000000000000, 0.000000000000000000, 0.000000000000000000 ) ;
#1129 = DIRECTION ( 'NONE',  ( -1.000000000000000000, 0.000000000000000000, 0.000000000000000000 ) ) ;
#1130 = EDGE_LOOP ( 'NONE', ( #687, #1483, #732, #39 ) ) ;
#1131 = DIRECTION ( 'NONE',  ( 0.000000000000000000, 1.000000000000000000, 0.000000000000000000 ) ) ;
#1132 = LINE ( 'NONE', #1641, #567 ) ;
#1133 = PRESENTATION_STYLE_ASSIGNMENT (( #753 ) ) ;
#1134 = EDGE_CURVE ( 'NONE', #473, #314, #1487, .T. ) ;
#1135 = CARTESIAN_POINT ( 'NONE',  ( 0.09009968495788381326, 0.2332138227702604538, 0.03076334289976908470 ) ) ;
#1136 = FACE_OUTER_BOUND ( 'NONE', #565, .T. ) ;
#1137 = VERTEX_POINT ( 'NONE', #842 ) ;
#1138 = CARTESIAN_POINT ( 'NONE',  ( 0.000000000000000000, 0.000000000000000000, -0.1356250000000000233 ) ) ;
#1139 = SURFACE_STYLE_FILL_AREA ( #632 ) ;
#1140 = CARTESIAN_POINT ( 'NONE',  ( 0.05806090976270866094, 0.2432213180685093568, -0.07544709442243052733 ) ) ;
#1141 = ORIENTED_EDGE ( 'NONE', *, *, #150, .T. ) ;
#1142 = CLOSED_SHELL ( 'NONE', ( #335, #41, #101, #28, #881, #1485, #221, #92, #20, #648, #1598, #1162, #1225, #173, #1649, #1252, #1539 ) ) ;
#1143 = UNCERTAINTY_MEASURE_WITH_UNIT (LENGTH_MEASURE( 1.000000000000000082E-05 ), #531, 'distance_accuracy_value', 'NONE');
#1144 = PRESENTATION_LAYER_ASSIGNMENT (  '', '', ( #1603 ) ) ;
#1145 = STYLED_ITEM ( 'NONE', ( #516 ), #221 ) ;
#1146 = CONICAL_SURFACE ( 'NONE', #425, 0.02802748269495261568, 0.7853981633974482790 ) ;
#1147 = FACE_OUTER_BOUND ( 'NONE', #1063, .T. ) ;
#1148 = ORIENTED_EDGE ( 'NONE', *, *, #1273, .T. ) ;
#1149 = CARTESIAN_POINT ( 'NONE',  ( -0.02706329386826374084, 0.1562499999999997224, -0.04687499999999990979 ) ) ;
#1150 = ADVANCED_FACE ( 'NONE', ( #1078 ), #1034, .T. ) ;
#1151 = CARTESIAN_POINT ( 'NONE',  ( -0.03082606601138425384, 0.2481601295297695131, 0.09007477360718486870 ) ) ;
#1152 = CARTESIAN_POINT ( 'NONE',  ( -0.05412658773652742616, 0.2499999999999997224, 8.511461947717946251E-17 ) ) ;
#1153 = CARTESIAN_POINT ( 'NONE',  ( 0.04329928599076487972, 0.1174158186547945432, 0.08478982376146788902 ) ) ;
#1154 = STYLED_ITEM ( 'NONE', ( #491 ), #946 ) ;
#1155 =( CONVERSION_BASED_UNIT ( 'INCH', #274 ) LENGTH_UNIT ( ) NAMED_UNIT ( #1128 ) );
#1156 = CARTESIAN_POINT ( 'NONE',  ( -0.02706329386826374084, 0.1562499999999997224, -0.04687499999999990979 ) ) ;
#1157 = VERTEX_POINT ( 'NONE', #972 ) ;
#1158 = CARTESIAN_POINT ( 'NONE',  ( 0.000000000000000000, 0.000000000000000000, 0.1356249999999999956 ) ) ;
#1159 = UNCERTAINTY_MEASURE_WITH_UNIT (LENGTH_MEASURE( 1.000000000000000082E-05 ), #1037, 'distance_accuracy_value', 'NONE');
#1160 = LENGTH_MEASURE_WITH_UNIT ( LENGTH_MEASURE( 0.02539999999999999897 ), #389 );
#1161 = MANIFOLD_SOLID_BREP ( 'Fillet1', #536 ) ;
#1162 = ADVANCED_FACE ( 'NONE', ( #829 ), #585, .T. ) ;
#1163 = CARTESIAN_POINT ( 'NONE',  ( 0.02706329386826372349, 0.1562499999999997224, 0.04687500000000009021 ) ) ;
#1164 = SURFACE_SIDE_STYLE ('',( #1059 ) ) ;
#1165 = DIRECTION ( 'NONE',  ( 0.000000000000000000, 0.000000000000000000, 1.000000000000000000 ) ) ;
#1166 = ORIENTED_EDGE ( 'NONE', *, *, #776, .F. ) ;
#1167 =( CONVERSION_BASED_UNIT ( 'INCH', #277 ) LENGTH_UNIT ( ) NAMED_UNIT ( #27 ) );
#1168 =( CONVERSION_BASED_UNIT ( 'INCH', #931 ) LENGTH_UNIT ( ) NAMED_UNIT ( #410 ) );
#1169 =( GEOMETRIC_REPRESENTATION_CONTEXT ( 3 ) GLOBAL_UNCERTAINTY_ASSIGNED_CONTEXT ( ( #1276 ) ) GLOBAL_UNIT_ASSIGNED_CONTEXT ( ( #337, #1264, #347 ) ) REPRESENTATION_CONTEXT ( 'NONE', 'WORKASPACE' ) );
#1170 = CARTESIAN_POINT ( 'NONE',  ( -4.420054746444223117E-16, 0.1250000000000017208, -0.09500000000000211053 ) ) ;
#1171 = DIRECTION ( 'NONE',  ( -4.321868896226739336E-17, 1.000000000000000000, -0.000000000000000000 ) ) ;
#1172 = AXIS2_PLACEMENT_3D ( 'NONE', #1111, #318, #1624 ) ;
#1173 = EDGE_CURVE ( 'NONE', #276, #980, #1132, .T. ) ;
#1174 = VERTEX_POINT ( 'NONE', #208 ) ;
#1175 = TOROIDAL_SURFACE ( 'NONE', #1506, 0.1300000000000000044, 0.005000000000000000104 ) ;
#1176 = DIRECTION ( 'NONE',  ( 0.000000000000000000, 0.000000000000000000, 1.000000000000000000 ) ) ;
#1177 = DIMENSIONAL_EXPONENTS ( 1.000000000000000000, 0.000000000000000000, 0.000000000000000000, 0.000000000000000000, 0.000000000000000000, 0.000000000000000000, 0.000000000000000000 ) ;
#1178 = SURFACE_STYLE_USAGE ( .BOTH. , #1379 ) ;
#1179 = PRESENTATION_STYLE_ASSIGNMENT (( #526 ) ) ;
#1180 = COLOUR_RGB ( '',0.7529411764705882248, 0.7529411764705882248, 0.7529411764705882248 ) ;
#1181 = VERTEX_POINT ( 'NONE', #470 ) ;
#1182 = CARTESIAN_POINT ( 'NONE',  ( -0.02802748269495261915, 0.1250000000000000000, 3.432376697053155683E-18 ) ) ;
#1183 = CARTESIAN_POINT ( 'NONE',  ( 0.1250000000000000000, 1.530808498934191509E-17, -0.1356250000000000233 ) ) ;
#1184 = DIRECTION ( 'NONE',  ( -1.000000000000000000, 0.000000000000000000, 0.000000000000000000 ) ) ;
#1185 = FILL_AREA_STYLE ('',( #1591 ) ) ;
#1186 = CARTESIAN_POINT ( 'NONE',  ( 0.000000000000000000, 0.000000000000000000, -0.1356250000000000233 ) ) ;
#1187 = EDGE_LOOP ( 'NONE', ( #378, #387, #1314, #448 ) ) ;
#1188 = LINE ( 'NONE', #1440, #858 ) ;
#1189 = SURFACE_SIDE_STYLE ('',( #193 ) ) ;
#1190 = SURFACE_STYLE_FILL_AREA ( #7 ) ;
#1191 = DIRECTION ( 'NONE',  ( 0.000000000000000000, 0.000000000000000000, 1.000000000000000000 ) ) ;
#1192 = MECHANICAL_DESIGN_GEOMETRIC_PRESENTATION_REPRESENTATION (  '', ( #29 ), #80 ) ;
#1193 =( NAMED_UNIT ( * ) PLANE_ANGLE_UNIT ( ) SI_UNIT ( $, .RADIAN. ) );
#1194 = AXIS2_PLACEMENT_3D ( 'NONE', #1342, #1191, #945 ) ;
#1195 = SURFACE_STYLE_USAGE ( .BOTH. , #1337 ) ;
#1196 = ORIENTED_EDGE ( 'NONE', *, *, #440, .T. ) ;
#1197 = VECTOR ( 'NONE', #1236, 39.37007874015748854 ) ;
#1198 = DIRECTION ( 'NONE',  ( -4.321868896226739336E-17, 1.000000000000000000, -0.000000000000000000 ) ) ;
#1199 = STYLED_ITEM ( 'NONE', ( #328 ), #1529 ) ;
#1200 = DIRECTION ( 'NONE',  ( -4.321868896226739336E-17, 1.000000000000000000, -0.000000000000000000 ) ) ;
#1201 = DIRECTION ( 'NONE',  ( 1.224646799147353207E-16, 1.000000000000000000, -0.000000000000000000 ) ) ;
#1202 = ADVANCED_FACE ( 'NONE', ( #1620 ), #1234, .F. ) ;
#1203 = DIRECTION ( 'NONE',  ( 0.000000000000000000, 1.000000000000000000, 0.000000000000000000 ) ) ;
#1204 =( NAMED_UNIT ( * ) SI_UNIT ( $, .STERADIAN. ) SOLID_ANGLE_UNIT ( ) );
#1205 =( CONVERSION_BASED_UNIT ( 'INCH', #953 ) LENGTH_UNIT ( ) NAMED_UNIT ( #1213 ) );
#1206 = FILL_AREA_STYLE ('',( #1583 ) ) ;
#1207 = PLANE ( 'NONE',  #451 ) ;
#1208 = CARTESIAN_POINT ( 'NONE',  ( -0.01311169031023207837, 0.1244736816939110424, 0.09431036296727360324 ) ) ;
#1209 = AXIS2_PLACEMENT_3D ( 'NONE', #771, #1648, #1115 ) ;
#1210 = FILL_AREA_STYLE ('',( #459 ) ) ;
#1211 = VERTEX_POINT ( 'NONE', #639 ) ;
#1212 = SURFACE_STYLE_FILL_AREA ( #715 ) ;
#1213 = DIMENSIONAL_EXPONENTS ( 1.000000000000000000, 0.000000000000000000, 0.000000000000000000, 0.000000000000000000, 0.000000000000000000, 0.000000000000000000, 0.000000000000000000 ) ;
#1214 = AXIS2_PLACEMENT_3D ( 'NONE', #1586, #1615, #1089 ) ;
#1215 = LENGTH_MEASURE_WITH_UNIT ( LENGTH_MEASURE( 0.02539999999999999897 ), #445 );
#1216 = FILL_AREA_STYLE_COLOUR ( '', #56 ) ;
#1217 = VERTEX_POINT ( 'NONE', #345 ) ;
#1218 = CARTESIAN_POINT ( 'NONE',  ( -0.08219835737350289495, 0.09426866456385844806, 0.04799603785255689842 ) ) ;
#1219 = PRESENTATION_STYLE_ASSIGNMENT (( #699 ) ) ;
#1220 = EDGE_LOOP ( 'NONE', ( #1614, #870, #1029, #889 ) ) ;
#1221 = DIRECTION ( 'NONE',  ( -1.000000000000000000, 0.000000000000000000, 1.577233174527201111E-16 ) ) ;
#1222 = CARTESIAN_POINT ( 'NONE',  ( 0.07164376442087273811, 0.2500000000000000000, 0.000000000000000000 ) ) ;
#1223 = SURFACE_STYLE_FILL_AREA ( #853 ) ;
#1224 = ORIENTED_EDGE ( 'NONE', *, *, #490, .F. ) ;
#1225 = ADVANCED_FACE ( 'NONE', ( #1647 ), #986, .T. ) ;
#1226 = CARTESIAN_POINT ( 'NONE',  ( -4.420054746444223117E-16, 0.1250000000000017208, -0.09500000000000211053 ) ) ;
#1227 = PRESENTATION_LAYER_ASSIGNMENT (  '', '', ( #312 ) ) ;
#1228 =( NAMED_UNIT ( * ) PLANE_ANGLE_UNIT ( ) SI_UNIT ( $, .RADIAN. ) );
#1229 = DIRECTION ( 'NONE',  ( 0.000000000000000000, -1.000000000000000000, 0.000000000000000000 ) ) ;
#1230 = MECHANICAL_DESIGN_GEOMETRIC_PRESENTATION_REPRESENTATION (  '', ( #313 ), #941 ) ;
#1231 = COLOUR_RGB ( '',0.7529411764705882248, 0.7529411764705882248, 0.7529411764705882248 ) ;
#1232 = COLOUR_RGB ( '',0.7529411764705882248, 0.7529411764705882248, 0.7529411764705882248 ) ;
#1233 = FILL_AREA_STYLE ('',( #1262 ) ) ;
#1234 = CYLINDRICAL_SURFACE ( 'NONE', #284, 0.09499999999999995948 ) ;
#1235 =( NAMED_UNIT ( * ) PLANE_ANGLE_UNIT ( ) SI_UNIT ( $, .RADIAN. ) );
#1236 = DIRECTION ( 'NONE',  ( -0.4999999999999995559, 0.000000000000000000, 0.8660254037844388186 ) ) ;
#1237 = AXIS2_PLACEMENT_3D ( 'NONE', #455, #1353, #429 ) ;
#1238 = LENGTH_MEASURE_WITH_UNIT ( LENGTH_MEASURE( 0.02539999999999999897 ), #1245 );
#1239 = ORIENTED_EDGE ( 'NONE', *, *, #608, .F. ) ;
#1240 = SURFACE_STYLE_FILL_AREA ( #230 ) ;
#1241 = UNCERTAINTY_MEASURE_WITH_UNIT (LENGTH_MEASURE( 1.000000000000000082E-05 ), #79, 'distance_accuracy_value', 'NONE');
#1242 = EDGE_CURVE ( 'NONE', #1366, #103, #97, .T. ) ;
#1243 = CARTESIAN_POINT ( 'NONE',  ( -0.02488039402414199755, 0.2488355005012756749, 0.09189899297999520877 ) ) ;
#1244 = DIRECTION ( 'NONE',  ( -0.000000000000000000, -1.000000000000000000, -0.000000000000000000 ) ) ;
#1245 =( LENGTH_UNIT ( ) NAMED_UNIT ( * ) SI_UNIT ( $, .METRE. ) );
#1246 = CARTESIAN_POINT ( 'NONE',  ( 0.02479145981441317065, 0.2488432522668613811, -0.09191984092041760590 ) ) ;
#1247 = ORIENTED_EDGE ( 'NONE', *, *, #514, .T. ) ;
#1248 = COLOUR_RGB ( '',0.7529411764705882248, 0.7529411764705882248, 0.7529411764705882248 ) ;
#1249 = LINE ( 'NONE', #1149, #480 ) ;
#1250 = VECTOR ( 'NONE', #1411, 39.37007874015748143 ) ;
#1251 = AXIS2_PLACEMENT_3D ( 'NONE', #847, #580, #1084 ) ;
#1252 = ADVANCED_FACE ( 'NONE', ( #1547 ), #906, .T. ) ;
#1253 = CARTESIAN_POINT ( 'NONE',  ( 0.1300000000000000044, 0.000000000000000000, -0.1406250000000000278 ) ) ;
#1254 =( NAMED_UNIT ( * ) SI_UNIT ( $, .STERADIAN. ) SOLID_ANGLE_UNIT ( ) );
#1255 =( GEOMETRIC_REPRESENTATION_CONTEXT ( 3 ) GLOBAL_UNCERTAINTY_ASSIGNED_CONTEXT ( ( #1143 ) ) GLOBAL_UNIT_ASSIGNED_CONTEXT ( ( #531, #1320, #1443 ) ) REPRESENTATION_CONTEXT ( 'NONE', 'WORKASPACE' ) );
#1256 = CARTESIAN_POINT ( 'NONE',  ( -1.080467224056684834E-17, 0.2500000000000000000, 0.000000000000000000 ) ) ;
#1257 =( NAMED_UNIT ( * ) SI_UNIT ( $, .STERADIAN. ) SOLID_ANGLE_UNIT ( ) );
#1258 = SURFACE_STYLE_USAGE ( .BOTH. , #1642 ) ;
#1259 = VERTEX_POINT ( 'NONE', #692 ) ;
#1260 = UNCERTAINTY_MEASURE_WITH_UNIT (LENGTH_MEASURE( 1.000000000000000082E-05 ), #1470, 'distance_accuracy_value', 'NONE');
#1261 = VECTOR ( 'NONE', #1052, 39.37007874015748143 ) ;
#1262 = FILL_AREA_STYLE_COLOUR ( '', #761 ) ;
#1263 = DIRECTION ( 'NONE',  ( -0.8660254037844389297, 0.000000000000000000, -0.4999999999999995559 ) ) ;
#1264 =( NAMED_UNIT ( * ) PLANE_ANGLE_UNIT ( ) SI_UNIT ( $, .RADIAN. ) );
#1265 =( CONVERSION_BASED_UNIT ( 'INCH', #357 ) LENGTH_UNIT ( ) NAMED_UNIT ( #307 ) );
#1266 = SURFACE_SIDE_STYLE ('',( #755 ) ) ;
#1267 = EDGE_LOOP ( 'NONE', ( #928, #441, #948, #1584 ) ) ;
#1268 =( LENGTH_UNIT ( ) NAMED_UNIT ( * ) SI_UNIT ( $, .METRE. ) );
#1269 = CARTESIAN_POINT ( 'NONE',  ( 0.000000000000000000, 0.000000000000000000, -0.1406250000000000000 ) ) ;
#1270 = FILL_AREA_STYLE ('',( #652 ) ) ;
#1271 = CARTESIAN_POINT ( 'NONE',  ( 0.02565161966686182321, 0.1225058498799656420, -0.09169747616827166048 ) ) ;
#1272 = DIRECTION ( 'NONE',  ( 0.000000000000000000, 0.000000000000000000, 1.000000000000000000 ) ) ;
#1273 = EDGE_CURVE ( 'NONE', #605, #1174, #1329, .T. ) ;
#1274 = ORIENTED_EDGE ( 'NONE', *, *, #1291, .F. ) ;
#1275 = AXIS2_PLACEMENT_3D ( 'NONE', #926, #517, #675 ) ;
#1276 = UNCERTAINTY_MEASURE_WITH_UNIT (LENGTH_MEASURE( 1.000000000000000082E-05 ), #337, 'distance_accuracy_value', 'NONE');
#1277 =( CONVERSION_BASED_UNIT ( 'INCH', #1160 ) LENGTH_UNIT ( ) NAMED_UNIT ( #278 ) );
#1278 = VECTOR ( 'NONE', #839, 39.37007874015748143 ) ;
#1279 = MECHANICAL_DESIGN_GEOMETRIC_PRESENTATION_REPRESENTATION (  '', ( #857 ), #1095 ) ;
#1280 = CONICAL_SURFACE ( 'NONE', #1312, 0.02802748269495261568, 0.7853981633974482790 ) ;
#1281 = FILL_AREA_STYLE_COLOUR ( '', #1371 ) ;
#1282 =( NAMED_UNIT ( * ) SI_UNIT ( $, .STERADIAN. ) SOLID_ANGLE_UNIT ( ) );
#1283 = CARTESIAN_POINT ( 'NONE',  ( 0.03183578883163053208, 0.1210281222923165895, -0.08972543353207591832 ) ) ;
#1284 = VECTOR ( 'NONE', #3, 39.37007874015748143 ) ;
#1285 = AXIS2_PLACEMENT_3D ( 'NONE', #62, #748, #1398 ) ;
#1286 = CARTESIAN_POINT ( 'NONE',  ( -6.411762001107164843E-18, 0.1483562355791271936, 0.000000000000000000 ) ) ;
#1287 = CARTESIAN_POINT ( 'NONE',  ( 0.006245533126962949863, 0.2499999999999999167, 0.09500000000000002887 ) ) ;
#1288 =( CONVERSION_BASED_UNIT ( 'INCH', #508 ) LENGTH_UNIT ( ) NAMED_UNIT ( #376 ) );
#1289 = ORIENTED_EDGE ( 'NONE', *, *, #1662, .T. ) ;
#1290 = CARTESIAN_POINT ( 'NONE',  ( 0.05412658773652741229, 0.1562499999999997224, 6.847279542693352707E-17 ) ) ;
#1291 = EDGE_CURVE ( 'NONE', #57, #1366, #1460, .T. ) ;
#1292 = DIRECTION ( 'NONE',  ( -1.000000000000000000, 0.000000000000000000, 0.000000000000000000 ) ) ;
#1293 = DIRECTION ( 'NONE',  ( -1.000000000000000000, 0.000000000000000000, 1.577233174527201111E-16 ) ) ;
#1294 = COLOUR_RGB ( '',0.7529411764705882248, 0.7529411764705882248, 0.7529411764705882248 ) ;
#1295 = DIRECTION ( 'NONE',  ( -4.321868896226739336E-17, 1.000000000000000000, -0.000000000000000000 ) ) ;
#1296 = DIRECTION ( 'NONE',  ( 0.7071067811865474617, 0.7071067811865475727, 8.659560562354931626E-17 ) ) ;
#1297 =( GEOMETRIC_REPRESENTATION_CONTEXT ( 3 ) GLOBAL_UNCERTAINTY_ASSIGNED_CONTEXT ( ( #1318 ) ) GLOBAL_UNIT_ASSIGNED_CONTEXT ( ( #1124, #1533, #488 ) ) REPRESENTATION_CONTEXT ( 'NONE', 'WORKASPACE' ) );
#1298 = LINE ( 'NONE', #923, #1457 ) ;
#1299 = STYLED_ITEM ( 'NONE', ( #316 ), #881 ) ;
#1300 = VERTEX_POINT ( 'NONE', #1321 ) ;
#1301 = DIRECTION ( 'NONE',  ( 1.000000000000000000, 0.000000000000000000, 0.000000000000000000 ) ) ;
#1302 = EDGE_CURVE ( 'NONE', #650, #1472, #292, .T. ) ;
#1303 = PRESENTATION_STYLE_ASSIGNMENT (( #128 ) ) ;
#1304 = CARTESIAN_POINT ( 'NONE',  ( 0.08527332189829824050, 0.2350214903643016162, 0.04234143441486009490 ) ) ;
#1305 = DIRECTION ( 'NONE',  ( -0.000000000000000000, -0.000000000000000000, -1.000000000000000000 ) ) ;
#1306 = EDGE_LOOP ( 'NONE', ( #187, #756, #1141, #152 ) ) ;
#1307 = CARTESIAN_POINT ( 'NONE',  ( 0.000000000000000000, 0.000000000000000000, 0.1356249999999999956 ) ) ;
#1308 = CARTESIAN_POINT ( 'NONE',  ( 0.02706329386826372349, 0.1562499999999997224, -0.04687499999999990979 ) ) ;
#1309 = AXIS2_PLACEMENT_3D ( 'NONE', #1360, #1263, #1005 ) ;
#1310 = COLOUR_RGB ( '',0.7529411764705882248, 0.7529411764705882248, 0.7529411764705882248 ) ;
#1311 = LENGTH_MEASURE_WITH_UNIT ( LENGTH_MEASURE( 0.02539999999999999897 ), #1681 );
#1312 = AXIS2_PLACEMENT_3D ( 'NONE', #966, #1349, #611 ) ;
#1313 = MECHANICAL_DESIGN_GEOMETRIC_PRESENTATION_REPRESENTATION (  '', ( #968 ), #483 ) ;
#1314 = ORIENTED_EDGE ( 'NONE', *, *, #414, .F. ) ;
#1315 = TOROIDAL_SURFACE ( 'NONE', #10, 0.2449999999999999956, 0.005000000000000000104 ) ;
#1316 = DIRECTION ( 'NONE',  ( 0.4999999999999998335, 0.000000000000000000, -0.8660254037844388186 ) ) ;
#1317 = PRESENTATION_LAYER_ASSIGNMENT (  '', '', ( #739 ) ) ;
#1318 = UNCERTAINTY_MEASURE_WITH_UNIT (LENGTH_MEASURE( 1.000000000000000082E-05 ), #1124, 'distance_accuracy_value', 'NONE');
#1319 = CARTESIAN_POINT ( 'NONE',  ( 0.000000000000000000, 0.000000000000000000, 0.1406250000000000000 ) ) ;
#1320 =( NAMED_UNIT ( * ) PLANE_ANGLE_UNIT ( ) SI_UNIT ( $, .RADIAN. ) );
#1321 = CARTESIAN_POINT ( 'NONE',  ( 0.2500000000000000000, 3.061616997868383018E-17, 0.1356249999999999956 ) ) ;
#1322 = FACE_OUTER_BOUND ( 'NONE', #1187, .T. ) ;
#1323 = CIRCLE ( 'NONE', #1209, 0.2449999999999999956 ) ;
#1324 = FILL_AREA_STYLE_COLOUR ( '', #315 ) ;
#1325 = ORIENTED_EDGE ( 'NONE', *, *, #956, .T. ) ;
#1326 = DIRECTION ( 'NONE',  ( 1.224646799147353207E-16, 1.000000000000000000, -0.000000000000000000 ) ) ;
#1327 = CARTESIAN_POINT ( 'NONE',  ( 0.05412658773652741229, 0.2499999999999997224, 6.847279542693352707E-17 ) ) ;
#1328 = DIRECTION ( 'NONE',  ( -4.321868896226739336E-17, 1.000000000000000000, -0.000000000000000000 ) ) ;
#1329 = LINE ( 'NONE', #708, #880 ) ;
#1330 = CARTESIAN_POINT ( 'NONE',  ( -1.997912162381587799E-15, 0.1250000000000151268, 0.09500000000001997125 ) ) ;
#1331 = ORIENTED_EDGE ( 'NONE', *, *, #440, .F. ) ;
#1332 = CARTESIAN_POINT ( 'NONE',  ( -0.02584599916529527544, 0.1224657628321002834, -0.09164401288532746104 ) ) ;
#1333 = ADVANCED_FACE ( 'NONE', ( #453 ), #436, .T. ) ;
#1334 = CARTESIAN_POINT ( 'NONE',  ( 0.000000000000000000, 0.000000000000000000, -0.1406250000000000000 ) ) ;
#1335 = DIRECTION ( 'NONE',  ( -0.5000000000000001110, 0.000000000000000000, -0.8660254037844385966 ) ) ;
#1336 = MECHANICAL_DESIGN_GEOMETRIC_PRESENTATION_REPRESENTATION (  '', ( #1117 ), #1633 ) ;
#1337 = SURFACE_SIDE_STYLE ('',( #620 ) ) ;
#1338 = EDGE_LOOP ( 'NONE', ( #132, #191, #1348, #682 ) ) ;
#1339 = CARTESIAN_POINT ( 'NONE',  ( -0.09170533102563122041, 0.08496432040718722434, -0.02561348627986939630 ) ) ;
#1340 =( NAMED_UNIT ( * ) SI_UNIT ( $, .STERADIAN. ) SOLID_ANGLE_UNIT ( ) );
#1341 = EDGE_CURVE ( 'NONE', #283, #772, #665, .T. ) ;
#1342 = CARTESIAN_POINT ( 'NONE',  ( -0.02706329386826374084, 0.1562499999999997224, -0.04687499999999990979 ) ) ;
#1343 = CARTESIAN_POINT ( 'NONE',  ( 0.09499999999999994560, 0.1250000000000000000, 1.163414459189984820E-17 ) ) ;
#1344 = VERTEX_POINT ( 'NONE', #1563 ) ;
#1345 = CARTESIAN_POINT ( 'NONE',  ( -0.07554774131238707613, 0.09967758692871407644, -0.05790104933309497132 ) ) ;
#1346 = MECHANICAL_DESIGN_GEOMETRIC_PRESENTATION_REPRESENTATION (  '', ( #612 ), #521 ) ;
#1347 = SURFACE_STYLE_FILL_AREA ( #1474 ) ;
#1348 = ORIENTED_EDGE ( 'NONE', *, *, #462, .F. ) ;
#1349 = DIRECTION ( 'NONE',  ( 4.321868896226739336E-17, -1.000000000000000000, 0.000000000000000000 ) ) ;
#1350 = APPLICATION_CONTEXT ( 'automotive_design' ) ;
#1351 = EDGE_CURVE ( 'NONE', #605, #1137, #116, .T. ) ;
#1352 = PRESENTATION_STYLE_ASSIGNMENT (( #1461 ) ) ;
#1353 = DIRECTION ( 'NONE',  ( 0.000000000000000000, 0.000000000000000000, 1.000000000000000000 ) ) ;
#1354 = ORIENTED_EDGE ( 'NONE', *, *, #698, .F. ) ;
#1355 = CARTESIAN_POINT ( 'NONE',  ( -0.09499779403746924644, 0.08124296363057342818, -0.006553178665696550616 ) ) ;
#1356 = DIMENSIONAL_EXPONENTS ( 1.000000000000000000, 0.000000000000000000, 0.000000000000000000, 0.000000000000000000, 0.000000000000000000, 0.000000000000000000, 0.000000000000000000 ) ;
#1357 = LENGTH_MEASURE_WITH_UNIT ( LENGTH_MEASURE( 0.02539999999999999897 ), #595 );
#1358 = EDGE_LOOP ( 'NONE', ( #557, #913, #19 ) ) ;
#1359 = PRESENTATION_STYLE_ASSIGNMENT (( #196 ) ) ;
#1360 = CARTESIAN_POINT ( 'NONE',  ( 0.05412658773652741229, 0.1562499999999997224, 6.847279542693352707E-17 ) ) ;
#1361 = ADVANCED_FACE ( 'NONE', ( #249, #560 ), #13, .F. ) ;
#1362 = COLOUR_RGB ( '',0.7529411764705882248, 0.7529411764705882248, 0.7529411764705882248 ) ;
#1363 = SURFACE_STYLE_USAGE ( .BOTH. , #327 ) ;
#1364 =( GEOMETRIC_REPRESENTATION_CONTEXT ( 3 ) GLOBAL_UNCERTAINTY_ASSIGNED_CONTEXT ( ( #1057 ) ) GLOBAL_UNIT_ASSIGNED_CONTEXT ( ( #207, #745, #1004 ) ) REPRESENTATION_CONTEXT ( 'NONE', 'WORKASPACE' ) );
#1365 =( NAMED_UNIT ( * ) PLANE_ANGLE_UNIT ( ) SI_UNIT ( $, .RADIAN. ) );
#1366 = VERTEX_POINT ( 'NONE', #1421 ) ;
#1367 = CARTESIAN_POINT ( 'NONE',  ( -9.795246359743106895E-18, 0.2266437644208728064, 0.000000000000000000 ) ) ;
#1368 = PRESENTATION_LAYER_ASSIGNMENT (  '', '', ( #725 ) ) ;
#1369 = CIRCLE ( 'NONE', #967, 0.004999999999999997502 ) ;
#1370 = CIRCLE ( 'NONE', #231, 0.09499999999999994560 ) ;
#1371 = COLOUR_RGB ( '',0.8941176470588234615, 0.8941176470588234615, 0.8941176470588234615 ) ;
#1372 = SURFACE_STYLE_USAGE ( .BOTH. , #178 ) ;
#1373 = SURFACE_STYLE_FILL_AREA ( #873 ) ;
#1374 = FACE_OUTER_BOUND ( 'NONE', #397, .T. ) ;
#1375 = ORIENTED_EDGE ( 'NONE', *, *, #1173, .T. ) ;
#1376 = DIRECTION ( 'NONE',  ( -0.000000000000000000, -0.000000000000000000, -1.000000000000000000 ) ) ;
#1377 = MECHANICAL_DESIGN_GEOMETRIC_PRESENTATION_REPRESENTATION (  '', ( #581 ), #1297 ) ;
#1378 = SURFACE_STYLE_USAGE ( .BOTH. , #200 ) ;
#1379 = SURFACE_SIDE_STYLE ('',( #647 ) ) ;
#1380 = FILL_AREA_STYLE_COLOUR ( '', #1231 ) ;
#1381 = ORIENTED_EDGE ( 'NONE', *, *, #1242, .T. ) ;
#1382 = DIRECTION ( 'NONE',  ( 1.000000000000000000, 0.000000000000000000, 0.000000000000000000 ) ) ;
#1383 = EDGE_CURVE ( 'NONE', #1431, #528, #1441, .T. ) ;
#1384 = UNCERTAINTY_MEASURE_WITH_UNIT (LENGTH_MEASURE( 1.000000000000000082E-05 ), #32, 'distance_accuracy_value', 'NONE');
#1385 = DIMENSIONAL_EXPONENTS ( 1.000000000000000000, 0.000000000000000000, 0.000000000000000000, 0.000000000000000000, 0.000000000000000000, 0.000000000000000000, 0.000000000000000000 ) ;
#1386 = CARTESIAN_POINT ( 'NONE',  ( -0.07150926785512733141, 0.2395973722653413629, -0.06284420841653551304 ) ) ;
#1387 = CARTESIAN_POINT ( 'NONE',  ( 0.000000000000000000, 0.000000000000000000, 0.1356249999999999956 ) ) ;
#1388 = ORIENTED_EDGE ( 'NONE', *, *, #813, .T. ) ;
#1389 = CONICAL_SURFACE ( 'NONE', #1419, 0.09499999999999994560, 0.7853981633974482790 ) ;
#1390 = CARTESIAN_POINT ( 'NONE',  ( 0.07164376442087273811, 0.1250000000000000000, 1.020398763479436512E-17 ) ) ;
#1391 = MECHANICAL_DESIGN_GEOMETRIC_PRESENTATION_REPRESENTATION (  '', ( #1145 ), #907 ) ;
#1392 = STYLED_ITEM ( 'NONE', ( #1359 ), #335 ) ;
#1393 =( NAMED_UNIT ( * ) PLANE_ANGLE_UNIT ( ) SI_UNIT ( $, .RADIAN. ) );
#1394 = CIRCLE ( 'NONE', #400, 0.07164376442087275199 ) ;
#1395 = PRESENTATION_LAYER_ASSIGNMENT (  '', '', ( #664 ) ) ;
#1396 = SURFACE_SIDE_STYLE ('',( #1139 ) ) ;
#1397 = CARTESIAN_POINT ( 'NONE',  ( 0.006341178212559515394, 0.2500000000000000000, -0.09499999999999986233 ) ) ;
#1398 = DIRECTION ( 'NONE',  ( 1.000000000000000000, 0.000000000000000000, 0.000000000000000000 ) ) ;
#1399 = ORIENTED_EDGE ( 'NONE', *, *, #674, .F. ) ;
#1400 = CARTESIAN_POINT ( 'NONE',  ( 0.07164376442087273811, 0.2500000000000000000, 0.000000000000000000 ) ) ;
#1401 = UNCERTAINTY_MEASURE_WITH_UNIT (LENGTH_MEASURE( 1.000000000000000082E-05 ), #1168, 'distance_accuracy_value', 'NONE');
#1402 = STYLED_ITEM ( 'NONE', ( #303 ), #1150 ) ;
#1403 = CARTESIAN_POINT ( 'NONE',  ( -0.09010477067119225525, 0.2332115972931350367, 0.03073894359903741463 ) ) ;
#1404 =( CONVERSION_BASED_UNIT ( 'INCH', #904 ) LENGTH_UNIT ( ) NAMED_UNIT ( #559 ) );
#1405 = ADVANCED_FACE ( 'NONE', ( #126 ), #1315, .T. ) ;
#1406 = DIRECTION ( 'NONE',  ( -4.321868896226739336E-17, 1.000000000000000000, -0.000000000000000000 ) ) ;
#1407 = CARTESIAN_POINT ( 'NONE',  ( 1.163666437194302776E-17, 0.2500000000000000000, 0.09500000000000005662 ) ) ;
#1408 = ORIENTED_EDGE ( 'NONE', *, *, #255, .F. ) ;
#1409 = CARTESIAN_POINT ( 'NONE',  ( -5.402336120283424169E-18, 0.1250000000000000000, 0.000000000000000000 ) ) ;
#1410 = CARTESIAN_POINT ( 'NONE',  ( -0.04229031975474167176, 0.2464662089078154816, -0.08529739051045574783 ) ) ;
#1411 = DIRECTION ( 'NONE',  ( -0.000000000000000000, -1.000000000000000000, -0.000000000000000000 ) ) ;
#1412 = CARTESIAN_POINT ( 'NONE',  ( 0.006602228155495721250, 0.1250000000000000278, -0.09499999999999986233 ) ) ;
#1413 = DIMENSIONAL_EXPONENTS ( 1.000000000000000000, 0.000000000000000000, 0.000000000000000000, 0.000000000000000000, 0.000000000000000000, 0.000000000000000000, 0.000000000000000000 ) ;
#1414 = LENGTH_MEASURE_WITH_UNIT ( LENGTH_MEASURE( 0.02539999999999999897 ), #900 );
#1415 = ADVANCED_FACE ( 'NONE', ( #530 ), #1175, .T. ) ;
#1416 =( NAMED_UNIT ( * ) PLANE_ANGLE_UNIT ( ) SI_UNIT ( $, .RADIAN. ) );
#1417 = PRODUCT_DEFINITION_SHAPE ( 'NONE', 'NONE',  #1491 ) ;
#1418 = ORIENTED_EDGE ( 'NONE', *, *, #255, .T. ) ;
#1419 = AXIS2_PLACEMENT_3D ( 'NONE', #747, #1406, #686 ) ;
#1420 = PRODUCT_DEFINITION_CONTEXT ( 'detailed design', #1350, 'design' ) ;
#1421 = CARTESIAN_POINT ( 'NONE',  ( -4.420054746444223117E-16, 0.1250000000000017208, -0.09500000000000211053 ) ) ;
#1422 = MECHANICAL_DESIGN_GEOMETRIC_PRESENTATION_REPRESENTATION (  '', ( #420 ), #1663 ) ;
#1423 = AXIS2_PLACEMENT_3D ( 'NONE', #706, #1201, #40 ) ;
#1424 = CARTESIAN_POINT ( 'NONE',  ( -0.08528347183808190901, 0.2350174977254477771, -0.04230984694188955758 ) ) ;
#1425 = CYLINDRICAL_SURFACE ( 'NONE', #368, 0.1250000000000000000 ) ;
#1426 = SURFACE_STYLE_FILL_AREA ( #685 ) ;
#1427 = AXIS2_PLACEMENT_3D ( 'NONE', #131, #1165, #275 ) ;
#1428 = CARTESIAN_POINT ( 'NONE',  ( -0.09499999999999994560, 0.1250000000000000000, 0.000000000000000000 ) ) ;
#1429 = PRESENTATION_LAYER_ASSIGNMENT (  '', '', ( #149 ) ) ;
#1430 = FACE_BOUND ( 'NONE', #864, .T. ) ;
#1431 = VERTEX_POINT ( 'NONE', #827 ) ;
#1432 = EDGE_CURVE ( 'NONE', #1504, #528, #510, .T. ) ;
#1433 =( NAMED_UNIT ( * ) SI_UNIT ( $, .STERADIAN. ) SOLID_ANGLE_UNIT ( ) );
#1434 = CARTESIAN_POINT ( 'NONE',  ( 0.06340658242156232971, 0.1078395348443317858, -0.07099357555169104328 ) ) ;
#1435 = VECTOR ( 'NONE', #935, 39.37007874015748854 ) ;
#1436 = CARTESIAN_POINT ( 'NONE',  ( -6.411762001107164843E-18, 0.1483562355791271936, 0.000000000000000000 ) ) ;
#1437 = CARTESIAN_POINT ( 'NONE',  ( 0.04224358612539394486, 0.2464727830962967770, 0.08531579330646828219 ) ) ;
#1438 = COLOUR_RGB ( '',0.7529411764705882248, 0.7529411764705882248, 0.7529411764705882248 ) ;
#1439 = EDGE_LOOP ( 'NONE', ( #973, #493, #902, #1375 ) ) ;
#1440 = CARTESIAN_POINT ( 'NONE',  ( -0.1250000000000000000, 0.000000000000000000, 0.1406250000000000000 ) ) ;
#1441 = LINE ( 'NONE', #789, #390 ) ;
#1442 = EDGE_CURVE ( 'NONE', #1526, #1676, #661, .T. ) ;
#1443 =( NAMED_UNIT ( * ) SI_UNIT ( $, .STERADIAN. ) SOLID_ANGLE_UNIT ( ) );
#1444 = CARTESIAN_POINT ( 'NONE',  ( 0.09171263933512767419, 0.08495633044537394263, 0.02558530056729941410 ) ) ;
#1445 = PRESENTATION_STYLE_ASSIGNMENT (( #108 ) ) ;
#1446 = CARTESIAN_POINT ( 'NONE',  ( 0.000000000000000000, 0.000000000000000000, 0.1406250000000000000 ) ) ;
#1447 = ORIENTED_EDGE ( 'NONE', *, *, #1351, .T. ) ;
#1448 = SURFACE_STYLE_USAGE ( .BOTH. , #1458 ) ;
#1449 = VECTOR ( 'NONE', #154, 39.37007874015748854 ) ;
#1450 = SURFACE_STYLE_FILL_AREA ( #780 ) ;
#1451 = COLOUR_RGB ( '',0.7529411764705882248, 0.7529411764705882248, 0.7529411764705882248 ) ;
#1452 =( NAMED_UNIT ( * ) SI_UNIT ( $, .STERADIAN. ) SOLID_ANGLE_UNIT ( ) );
#1453 = SURFACE_STYLE_FILL_AREA ( #1590 ) ;
#1454 = PRESENTATION_LAYER_ASSIGNMENT (  '', '', ( #1530 ) ) ;
#1455 = DIRECTION ( 'NONE',  ( -4.321868896226739336E-17, 1.000000000000000000, -0.000000000000000000 ) ) ;
#1456 = ORIENTED_EDGE ( 'NONE', *, *, #150, .F. ) ;
#1457 = VECTOR ( 'NONE', #1062, 39.37007874015748143 ) ;
#1458 = SURFACE_SIDE_STYLE ('',( #26 ) ) ;
#1459 = CARTESIAN_POINT ( 'NONE',  ( -5.402336120283424169E-18, 0.1250000000000000000, 0.000000000000000000 ) ) ;
#1460 = LINE ( 'NONE', #582, #1278 ) ;
#1461 = SURFACE_STYLE_USAGE ( .BOTH. , #1580 ) ;
#1462 = DIRECTION ( 'NONE',  ( -0.000000000000000000, -0.000000000000000000, -1.000000000000000000 ) ) ;
#1463 = EDGE_CURVE ( 'NONE', #1083, #772, #1370, .T. ) ;
#1464 = AXIS2_PLACEMENT_3D ( 'NONE', #217, #1519, #109 ) ;
#1465 =( NAMED_UNIT ( * ) PLANE_ANGLE_UNIT ( ) SI_UNIT ( $, .RADIAN. ) );
#1466 = VERTEX_POINT ( 'NONE', #1327 ) ;
#1467 =( LENGTH_UNIT ( ) NAMED_UNIT ( * ) SI_UNIT ( $, .METRE. ) );
#1468 = SHAPE_DEFINITION_REPRESENTATION ( #1417, #564 ) ;
#1469 =( NAMED_UNIT ( * ) PLANE_ANGLE_UNIT ( ) SI_UNIT ( $, .RADIAN. ) );
#1470 =( CONVERSION_BASED_UNIT ( 'INCH', #841 ) LENGTH_UNIT ( ) NAMED_UNIT ( #1385 ) );
#1471 =( CONVERSION_BASED_UNIT ( 'INCH', #1113 ) LENGTH_UNIT ( ) NAMED_UNIT ( #1021 ) );
#1472 = VERTEX_POINT ( 'NONE', #38 ) ;
#1473 = CARTESIAN_POINT ( 'NONE',  ( -0.04935207864677192136, 0.1154906284323863191, -0.08215744711493043473 ) ) ;
#1474 = FILL_AREA_STYLE ('',( #957 ) ) ;
#1475 = CARTESIAN_POINT ( 'NONE',  ( -0.2500000000000000000, 0.000000000000000000, -0.1356250000000000233 ) ) ;
#1476 = MECHANICAL_DESIGN_GEOMETRIC_PRESENTATION_REPRESENTATION (  '', ( #1576 ), #1657 ) ;
#1477 =( NAMED_UNIT ( * ) PLANE_ANGLE_UNIT ( ) SI_UNIT ( $, .RADIAN. ) );
#1478 = LENGTH_MEASURE_WITH_UNIT ( LENGTH_MEASURE( 0.02539999999999999897 ), #960 );
#1479 = ORIENTED_EDGE ( 'NONE', *, *, #71, .F. ) ;
#1480 = CARTESIAN_POINT ( 'NONE',  ( -0.1250000000000000000, 0.000000000000000000, -0.1356250000000000233 ) ) ;
#1481 =( GEOMETRIC_REPRESENTATION_CONTEXT ( 3 ) GLOBAL_UNCERTAINTY_ASSIGNED_CONTEXT ( ( #1159 ) ) GLOBAL_UNIT_ASSIGNED_CONTEXT ( ( #1037, #808, #1550 ) ) REPRESENTATION_CONTEXT ( 'NONE', 'WORKASPACE' ) );
#1482 = CARTESIAN_POINT ( 'NONE',  ( -6.411762001107164843E-18, 0.1483562355791271936, 0.000000000000000000 ) ) ;
#1483 = ORIENTED_EDGE ( 'NONE', *, *, #548, .F. ) ;
#1484 = LINE ( 'NONE', #329, #1197 ) ;
#1485 = ADVANCED_FACE ( 'NONE', ( #975 ), #262, .T. ) ;
#1486 = LINE ( 'NONE', #693, #398 ) ;
#1487 = LINE ( 'NONE', #326, #293 ) ;
#1488 = VERTEX_POINT ( 'NONE', #649 ) ;
#1489 = CARTESIAN_POINT ( 'NONE',  ( -0.07182067860844487672, 0.1024293505768888307, -0.06247084401497722539 ) ) ;
#1490 = COLOUR_RGB ( '',0.7529411764705882248, 0.7529411764705882248, 0.7529411764705882248 ) ;
#1491 = PRODUCT_DEFINITION ( 'General', '', #89, #1420 ) ;
#1492 = CYLINDRICAL_SURFACE ( 'NONE', #683, 0.09499999999999994560 ) ;
#1493 = CARTESIAN_POINT ( 'NONE',  ( 0.02706329386826372349, 0.1562499999999997224, 0.04687500000000009021 ) ) ;
#1494 = EDGE_LOOP ( 'NONE', ( #213, #1592, #205, #1456 ) ) ;
#1495 = SURFACE_STYLE_FILL_AREA ( #467 ) ;
#1496 =( NAMED_UNIT ( * ) SI_UNIT ( $, .STERADIAN. ) SOLID_ANGLE_UNIT ( ) );
#1497 = DIRECTION ( 'NONE',  ( 1.000000000000000000, 0.000000000000000000, 0.000000000000000000 ) ) ;
#1498 =( NAMED_UNIT ( * ) PLANE_ANGLE_UNIT ( ) SI_UNIT ( $, .RADIAN. ) );
#1499 = FILL_AREA_STYLE_COLOUR ( '', #807 ) ;
#1500 = MECHANICAL_DESIGN_GEOMETRIC_PRESENTATION_REPRESENTATION (  '', ( #505 ), #1049 ) ;
#1501 = CARTESIAN_POINT ( 'NONE',  ( 2.544389640100737885E-18, 0.2500000000000000000, -0.09499999999999986233 ) ) ;
#1502 = VECTOR ( 'NONE', #1335, 39.37007874015748143 ) ;
#1503 = DIRECTION ( 'NONE',  ( -4.321868896226739336E-17, 1.000000000000000000, -0.000000000000000000 ) ) ;
#1504 = VERTEX_POINT ( 'NONE', #84 ) ;
#1505 = CARTESIAN_POINT ( 'NONE',  ( -0.02706329386826374084, 0.2499999999999997224, -0.04687499999999990979 ) ) ;
#1506 = AXIS2_PLACEMENT_3D ( 'NONE', #818, #1594, #299 ) ;
#1507 = UNCERTAINTY_MEASURE_WITH_UNIT (LENGTH_MEASURE( 1.000000000000000082E-05 ), #438, 'distance_accuracy_value', 'NONE');
#1508 = DIRECTION ( 'NONE',  ( 0.4999999999999998890, 0.000000000000000000, 0.8660254037844385966 ) ) ;
#1509 =( NAMED_UNIT ( * ) PLANE_ANGLE_UNIT ( ) SI_UNIT ( $, .RADIAN. ) );
#1510 = LENGTH_MEASURE_WITH_UNIT ( LENGTH_MEASURE( 0.02539999999999999897 ), #1655 );
#1511 = EDGE_CURVE ( 'NONE', #596, #283, #1394, .T. ) ;
#1512 = CARTESIAN_POINT ( 'NONE',  ( 0.09499642388859215469, 0.2312480907233567251, -0.006318209714857503032 ) ) ;
#1513 = CARTESIAN_POINT ( 'NONE',  ( -0.1300000000000000044, 1.592040838891559342E-17, -0.1406250000000000278 ) ) ;
#1514 = EDGE_LOOP ( 'NONE', ( #809, #625, #1537, #1148 ) ) ;
#1515 = AXIS2_PLACEMENT_3D ( 'NONE', #259, #1326, #697 ) ;
#1516 = CARTESIAN_POINT ( 'NONE',  ( -0.09499701912000006743, 0.2312478461924029616, -0.006306427537425553578 ) ) ;
#1517 = LENGTH_MEASURE_WITH_UNIT ( LENGTH_MEASURE( 0.02539999999999999897 ), #985 );
#1518 = SURFACE_SIDE_STYLE ('',( #1373 ) ) ;
#1519 = DIRECTION ( 'NONE',  ( -4.321868896226739336E-17, 1.000000000000000000, -0.000000000000000000 ) ) ;
#1520 = ADVANCED_FACE ( 'NONE', ( #350, #341 ), #1635, .F. ) ;
#1521 = EDGE_LOOP ( 'NONE', ( #1247, #965, #246, #1399 ) ) ;
#1522 = SURFACE_SIDE_STYLE ('',( #1240 ) ) ;
#1523 = SURFACE_SIDE_STYLE ('',( #202 ) ) ;
#1524 = DIRECTION ( 'NONE',  ( -4.321868896226739336E-17, 1.000000000000000000, 0.000000000000000000 ) ) ;
#1525 = MECHANICAL_DESIGN_GEOMETRIC_PRESENTATION_REPRESENTATION (  '', ( #598 ), #655 ) ;
#1526 = VERTEX_POINT ( 'NONE', #1513 ) ;
#1527 = AXIS2_PLACEMENT_3D ( 'NONE', #42, #971, #1184 ) ;
#1528 = COLOUR_RGB ( '',0.7529411764705882248, 0.7529411764705882248, 0.7529411764705882248 ) ;
#1529 = ADVANCED_FACE ( 'NONE', ( #869 ), #34, .T. ) ;
#1530 = STYLED_ITEM ( 'NONE', ( #94 ), #1520 ) ;
#1531 =( GEOMETRIC_REPRESENTATION_CONTEXT ( 3 ) GLOBAL_UNCERTAINTY_ASSIGNED_CONTEXT ( ( #388 ) ) GLOBAL_UNIT_ASSIGNED_CONTEXT ( ( #1471, #1465, #162 ) ) REPRESENTATION_CONTEXT ( 'NONE', 'WORKASPACE' ) );
#1532 = SURFACE_STYLE_FILL_AREA ( #997 ) ;
#1533 =( NAMED_UNIT ( * ) PLANE_ANGLE_UNIT ( ) SI_UNIT ( $, .RADIAN. ) );
#1534 = DIMENSIONAL_EXPONENTS ( 1.000000000000000000, 0.000000000000000000, 0.000000000000000000, 0.000000000000000000, 0.000000000000000000, 0.000000000000000000, 0.000000000000000000 ) ;
#1535 = MECHANICAL_DESIGN_GEOMETRIC_PRESENTATION_REPRESENTATION (  '', ( #427 ), #61 ) ;
#1536 = DIRECTION ( 'NONE',  ( -1.000000000000000000, 0.000000000000000000, 0.000000000000000000 ) ) ;
#1537 = ORIENTED_EDGE ( 'NONE', *, *, #1609, .T. ) ;
#1538 =( NAMED_UNIT ( * ) SI_UNIT ( $, .STERADIAN. ) SOLID_ANGLE_UNIT ( ) );
#1539 = ADVANCED_FACE ( 'NONE', ( #1136 ), #801, .F. ) ;
#1540 =( LENGTH_UNIT ( ) NAMED_UNIT ( * ) SI_UNIT ( $, .METRE. ) );
#1541 = CARTESIAN_POINT ( 'NONE',  ( 0.04333188507366164677, 0.1174038822701323759, -0.08477333666321108796 ) ) ;
#1542 = FILL_AREA_STYLE_COLOUR ( '', #1180 ) ;
#1543 = DIMENSIONAL_EXPONENTS ( 1.000000000000000000, 0.000000000000000000, 0.000000000000000000, 0.000000000000000000, 0.000000000000000000, 0.000000000000000000, 0.000000000000000000 ) ;
#1544 = ORIENTED_EDGE ( 'NONE', *, *, #1105, .T. ) ;
#1545 = DIRECTION ( 'NONE',  ( 0.000000000000000000, 0.000000000000000000, 1.000000000000000000 ) ) ;
#1546 = CARTESIAN_POINT ( 'NONE',  ( -0.05808426296307040576, 0.2432151602434715343, 0.07542671021021320199 ) ) ;
#1547 = FACE_OUTER_BOUND ( 'NONE', #1514, .T. ) ;
#1548 = CARTESIAN_POINT ( 'NONE',  ( 1.163666437194302776E-17, 0.2500000000000000000, 0.09500000000000005662 ) ) ;
#1549 = EDGE_CURVE ( 'NONE', #1300, #1431, #709, .T. ) ;
#1550 =( NAMED_UNIT ( * ) SI_UNIT ( $, .STERADIAN. ) SOLID_ANGLE_UNIT ( ) );
#1551 = ORIENTED_EDGE ( 'NONE', *, *, #360, .T. ) ;
#1552 = LINE ( 'NONE', #68, #1007 ) ;
#1553 = FILL_AREA_STYLE ('',( #1048 ) ) ;
#1554 =( GEOMETRIC_REPRESENTATION_CONTEXT ( 3 ) GLOBAL_UNCERTAINTY_ASSIGNED_CONTEXT ( ( #1260 ) ) GLOBAL_UNIT_ASSIGNED_CONTEXT ( ( #1470, #1477, #302 ) ) REPRESENTATION_CONTEXT ( 'NONE', 'WORKASPACE' ) );
#1555 = AXIS2_PLACEMENT_3D ( 'NONE', #1367, #206, #619 ) ;
#1556 = CARTESIAN_POINT ( 'NONE',  ( 0.01304783525754762627, 0.1244806926452367429, -0.09431959882365897885 ) ) ;
#1557 = PRESENTATION_LAYER_ASSIGNMENT (  '', '', ( #914 ) ) ;
#1558 = FILL_AREA_STYLE ('',( #136 ) ) ;
#1559 = EDGE_CURVE ( 'NONE', #1116, #1068, #1298, .T. ) ;
#1560 = CARTESIAN_POINT ( 'NONE',  ( 0.08118988160479109761, 0.1562499999999997224, 0.04687500000000008327 ) ) ;
#1561 = ORIENTED_EDGE ( 'NONE', *, *, #1626, .F. ) ;
#1562 = DIRECTION ( 'NONE',  ( 1.000000000000000000, 0.000000000000000000, 0.000000000000000000 ) ) ;
#1563 = CARTESIAN_POINT ( 'NONE',  ( 8.149357341953549864E-19, 0.1530274826949526157, 0.000000000000000000 ) ) ;
#1564 =( NAMED_UNIT ( * ) SI_UNIT ( $, .STERADIAN. ) SOLID_ANGLE_UNIT ( ) );
#1565 = VECTOR ( 'NONE', #1296, 39.37007874015748143 ) ;
#1566 =( CONVERSION_BASED_UNIT ( 'INCH', #1311 ) LENGTH_UNIT ( ) NAMED_UNIT ( #296 ) );
#1567 = FILL_AREA_STYLE_COLOUR ( '', #1232 ) ;
#1568 = VERTEX_POINT ( 'NONE', #1156 ) ;
#1569 = CARTESIAN_POINT ( 'NONE',  ( -0.07164376442087275199, 0.2500000000000000000, 1.020398763479436512E-17 ) ) ;
#1570 =( LENGTH_UNIT ( ) NAMED_UNIT ( * ) SI_UNIT ( $, .METRE. ) );
#1571 = CARTESIAN_POINT ( 'NONE',  ( 0.07552808534426252995, 0.09969317265801889982, 0.05792890568412260160 ) ) ;
#1572 = CARTESIAN_POINT ( 'NONE',  ( 0.06279272493813874145, 0.2420279485167221301, 0.07155418504333674323 ) ) ;
#1573 = PRESENTATION_STYLE_ASSIGNMENT (( #1372 ) ) ;
#1574 = ORIENTED_EDGE ( 'NONE', *, *, #837, .T. ) ;
#1575 = DIRECTION ( 'NONE',  ( 1.000000000000000000, 0.000000000000000000, 0.000000000000000000 ) ) ;
#1576 = STYLED_ITEM ( 'NONE', ( #471 ), #28 ) ;
#1577 = ADVANCED_FACE ( 'NONE', ( #1430, #681 ), #282, .T. ) ;
#1578 = AXIS2_PLACEMENT_3D ( 'NONE', #1076, #381, #120 ) ;
#1579 = AXIS2_PLACEMENT_3D ( 'NONE', #816, #1176, #1562 ) ;
#1580 = SURFACE_SIDE_STYLE ('',( #1453 ) ) ;
#1581 =( GEOMETRIC_REPRESENTATION_CONTEXT ( 3 ) GLOBAL_UNCERTAINTY_ASSIGNED_CONTEXT ( ( #1653 ) ) GLOBAL_UNIT_ASSIGNED_CONTEXT ( ( #1167, #803, #558 ) ) REPRESENTATION_CONTEXT ( 'NONE', 'WORKASPACE' ) );
#1582 = MECHANICAL_DESIGN_GEOMETRIC_PRESENTATION_REPRESENTATION (  '', ( #725 ), #118 ) ;
#1583 = FILL_AREA_STYLE_COLOUR ( '', #916 ) ;
#1584 = ORIENTED_EDGE ( 'NONE', *, *, #862, .F. ) ;
#1585 = CIRCLE ( 'NONE', #233, 0.2449999999999999956 ) ;
#1586 = CARTESIAN_POINT ( 'NONE',  ( 0.000000000000000000, 0.000000000000000000, 0.1406250000000000000 ) ) ;
#1587 =( LENGTH_UNIT ( ) NAMED_UNIT ( * ) SI_UNIT ( $, .METRE. ) );
#1588 = EDGE_CURVE ( 'NONE', #1181, #1488, #512, .T. ) ;
#1589 = STYLED_ITEM ( 'NONE', ( #43 ), #1161 ) ;
#1590 = FILL_AREA_STYLE ('',( #710 ) ) ;
#1591 = FILL_AREA_STYLE_COLOUR ( '', #1672 ) ;
#1592 = ORIENTED_EDGE ( 'NONE', *, *, #1302, .T. ) ;
#1593 = DIMENSIONAL_EXPONENTS ( 1.000000000000000000, 0.000000000000000000, 0.000000000000000000, 0.000000000000000000, 0.000000000000000000, 0.000000000000000000, 0.000000000000000000 ) ;
#1594 = DIRECTION ( 'NONE',  ( 0.000000000000000000, 0.000000000000000000, 1.000000000000000000 ) ) ;
#1595 = LINE ( 'NONE', #443, #6 ) ;
#1596 = LINE ( 'NONE', #701, #240 ) ;
#1597 = ORIENTED_EDGE ( 'NONE', *, *, #280, .T. ) ;
#1598 = ADVANCED_FACE ( 'NONE', ( #961 ), #333, .T. ) ;
#1599 =( LENGTH_UNIT ( ) NAMED_UNIT ( * ) SI_UNIT ( $, .METRE. ) );
#1600 =( LENGTH_UNIT ( ) NAMED_UNIT ( * ) SI_UNIT ( $, .METRE. ) );
#1601 = ORIENTED_EDGE ( 'NONE', *, *, #1383, .F. ) ;
#1602 = CARTESIAN_POINT ( 'NONE',  ( 0.000000000000000000, 0.000000000000000000, 0.1406250000000000000 ) ) ;
#1603 = STYLED_ITEM ( 'NONE', ( #532 ), #1225 ) ;
#1604 = PRESENTATION_LAYER_ASSIGNMENT (  '', '', ( #1576 ) ) ;
#1605 = CIRCLE ( 'NONE', #332, 0.004999999999999997502 ) ;
#1606 = EDGE_LOOP ( 'NONE', ( #85, #412 ) ) ;
#1607 = TOROIDAL_SURFACE ( 'NONE', #631, 0.1300000000000000044, 0.005000000000000000104 ) ;
#1608 = CARTESIAN_POINT ( 'NONE',  ( -0.08979840284680638829, 0.08701909065682970901, 0.03159393515226625176 ) ) ;
#1609 = EDGE_CURVE ( 'NONE', #1568, #605, #447, .T. ) ;
#1610 = DIRECTION ( 'NONE',  ( 1.000000000000000000, 0.000000000000000000, 0.000000000000000000 ) ) ;
#1611 = LENGTH_MEASURE_WITH_UNIT ( LENGTH_MEASURE( 0.02539999999999999897 ), #835 );
#1612 = MECHANICAL_DESIGN_GEOMETRIC_PRESENTATION_REPRESENTATION (  '', ( #739 ), #1531 ) ;
#1613 = DIRECTION ( 'NONE',  ( 1.000000000000000000, 0.000000000000000000, 0.000000000000000000 ) ) ;
#1614 = ORIENTED_EDGE ( 'NONE', *, *, #1105, .F. ) ;
#1615 = DIRECTION ( 'NONE',  ( -0.000000000000000000, -0.000000000000000000, -1.000000000000000000 ) ) ;
#1616 = AXIS2_PLACEMENT_3D ( 'NONE', #603, #295, #718 ) ;
#1617 = ORIENTED_EDGE ( 'NONE', *, *, #514, .F. ) ;
#1618 = FILL_AREA_STYLE_COLOUR ( '', #571 ) ;
#1619 = FACE_OUTER_BOUND ( 'NONE', #696, .T. ) ;
#1620 = FACE_OUTER_BOUND ( 'NONE', #239, .T. ) ;
#1621 = CARTESIAN_POINT ( 'NONE',  ( 0.08292695293495640219, 0.2359002070227227410, -0.04796666921554890162 ) ) ;
#1622 = LENGTH_MEASURE_WITH_UNIT ( LENGTH_MEASURE( 0.02539999999999999897 ), #624 );
#1623 = ORIENTED_EDGE ( 'NONE', *, *, #49, .F. ) ;
#1624 = DIRECTION ( 'NONE',  ( 1.000000000000000000, 0.000000000000000000, 0.000000000000000000 ) ) ;
#1625 = COLOUR_RGB ( '',0.7529411764705882248, 0.7529411764705882248, 0.7529411764705882248 ) ;
#1626 = EDGE_CURVE ( 'NONE', #878, #314, #1077, .T. ) ;
#1627 = LENGTH_MEASURE_WITH_UNIT ( LENGTH_MEASURE( 0.02539999999999999897 ), #824 );
#1628 = DIRECTION ( 'NONE',  ( -4.321868896226739336E-17, 1.000000000000000000, -0.000000000000000000 ) ) ;
#1629 = DIRECTION ( 'NONE',  ( 0.000000000000000000, 1.000000000000000000, 0.000000000000000000 ) ) ;
#1630 = CONICAL_SURFACE ( 'NONE', #905, 0.09499999999999994560, 0.7853981633974482790 ) ;
#1631 = FILL_AREA_STYLE ('',( #1114 ) ) ;
#1632 = SURFACE_STYLE_FILL_AREA ( #348 ) ;
#1633 =( GEOMETRIC_REPRESENTATION_CONTEXT ( 3 ) GLOBAL_UNCERTAINTY_ASSIGNED_CONTEXT ( ( #1507 ) ) GLOBAL_UNIT_ASSIGNED_CONTEXT ( ( #438, #947, #1204 ) ) REPRESENTATION_CONTEXT ( 'NONE', 'WORKASPACE' ) );
#1634 = CIRCLE ( 'NONE', #785, 0.1250000000000000000 ) ;
#1635 = CYLINDRICAL_SURFACE ( 'NONE', #1638, 0.1250000000000000000 ) ;
#1636 = ORIENTED_EDGE ( 'NONE', *, *, #522, .F. ) ;
#1637 =( NAMED_UNIT ( * ) PLANE_ANGLE_UNIT ( ) SI_UNIT ( $, .RADIAN. ) );
#1638 = AXIS2_PLACEMENT_3D ( 'NONE', #643, #988, #492 ) ;
#1639 = AXIS2_PLACEMENT_3D ( 'NONE', #751, #430, #1087 ) ;
#1640 = CARTESIAN_POINT ( 'NONE',  ( -0.08231033719453594022, 0.2360894331081050401, -0.04783591871344550217 ) ) ;
#1641 = CARTESIAN_POINT ( 'NONE',  ( -0.05412658773652742616, 0.1562499999999997224, 8.511461947717946251E-17 ) ) ;
#1642 = SURFACE_SIDE_STYLE ('',( #617 ) ) ;
#1643 = ORIENTED_EDGE ( 'NONE', *, *, #964, .T. ) ;
#1644 = AXIS2_PLACEMENT_3D ( 'NONE', #1109, #210, #226 ) ;
#1645 = LENGTH_MEASURE_WITH_UNIT ( LENGTH_MEASURE( 0.02539999999999999897 ), #1540 );
#1646 = SURFACE_STYLE_FILL_AREA ( #613 ) ;
#1647 = FACE_OUTER_BOUND ( 'NONE', #592, .T. ) ;
#1648 = DIRECTION ( 'NONE',  ( 0.000000000000000000, 0.000000000000000000, 1.000000000000000000 ) ) ;
#1649 = ADVANCED_FACE ( 'NONE', ( #297 ), #814, .T. ) ;
#1650 =( LENGTH_UNIT ( ) NAMED_UNIT ( * ) SI_UNIT ( $, .METRE. ) );
#1651 = EDGE_LOOP ( 'NONE', ( #577, #730, #1447, #1093 ) ) ;
#1652 = CARTESIAN_POINT ( 'NONE',  ( 0.1300000000000000044, 0.000000000000000000, -0.1356250000000000233 ) ) ;
#1653 = UNCERTAINTY_MEASURE_WITH_UNIT (LENGTH_MEASURE( 1.000000000000000082E-05 ), #1167, 'distance_accuracy_value', 'NONE');
#1654 =( GEOMETRIC_REPRESENTATION_CONTEXT ( 3 ) GLOBAL_UNCERTAINTY_ASSIGNED_CONTEXT ( ( #917 ) ) GLOBAL_UNIT_ASSIGNED_CONTEXT ( ( #1277, #1678, #1433 ) ) REPRESENTATION_CONTEXT ( 'NONE', 'WORKASPACE' ) );
#1655 =( LENGTH_UNIT ( ) NAMED_UNIT ( * ) SI_UNIT ( $, .METRE. ) );
#1656 = CARTESIAN_POINT ( 'NONE',  ( 0.09191612331488019372, 0.2324934142702819173, -0.02481347612083262613 ) ) ;
#1657 =( GEOMETRIC_REPRESENTATION_CONTEXT ( 3 ) GLOBAL_UNCERTAINTY_ASSIGNED_CONTEXT ( ( #269 ) ) GLOBAL_UNIT_ASSIGNED_CONTEXT ( ( #356, #216, #225 ) ) REPRESENTATION_CONTEXT ( 'NONE', 'WORKASPACE' ) );
#1658 = STYLED_ITEM ( 'NONE', ( #1303 ), #1252 ) ;
#1659 =( NAMED_UNIT ( * ) SI_UNIT ( $, .STERADIAN. ) SOLID_ANGLE_UNIT ( ) );
#1660 = ORIENTED_EDGE ( 'NONE', *, *, #1442, .T. ) ;
#1661 = CARTESIAN_POINT ( 'NONE',  ( 0.02706329386826372349, 0.1562499999999997224, -0.04687499999999990979 ) ) ;
#1662 = EDGE_CURVE ( 'NONE', #938, #57, #311, .T. ) ;
#1663 =( GEOMETRIC_REPRESENTATION_CONTEXT ( 3 ) GLOBAL_UNCERTAINTY_ASSIGNED_CONTEXT ( ( #1671 ) ) GLOBAL_UNIT_ASSIGNED_CONTEXT ( ( #354, #1498, #65 ) ) REPRESENTATION_CONTEXT ( 'NONE', 'WORKASPACE' ) );
#1664 =( GEOMETRIC_REPRESENTATION_CONTEXT ( 3 ) GLOBAL_UNCERTAINTY_ASSIGNED_CONTEXT ( ( #817 ) ) GLOBAL_UNIT_ASSIGNED_CONTEXT ( ( #461, #856, #323 ) ) REPRESENTATION_CONTEXT ( 'NONE', 'WORKASPACE' ) );
#1665 = CARTESIAN_POINT ( 'NONE',  ( -0.006244295832148147665, 0.2500000000000001110, 0.09500000000000005662 ) ) ;
#1666 = VECTOR ( 'NONE', #18, 39.37007874015748143 ) ;
#1667 = CARTESIAN_POINT ( 'NONE',  ( 0.09500006647336974031, 0.08124030631445082473, -0.006494526338099488975 ) ) ;
#1668 = DIRECTION ( 'NONE',  ( 1.000000000000000000, 0.000000000000000000, -0.000000000000000000 ) ) ;
#1669 = ORIENTED_EDGE ( 'NONE', *, *, #383, .T. ) ;
#1670 = FACE_OUTER_BOUND ( 'NONE', #1130, .T. ) ;
#1671 = UNCERTAINTY_MEASURE_WITH_UNIT (LENGTH_MEASURE( 1.000000000000000082E-05 ), #354, 'distance_accuracy_value', 'NONE');
#1672 = COLOUR_RGB ( '',0.7529411764705882248, 0.7529411764705882248, 0.7529411764705882248 ) ;
#1673 = CARTESIAN_POINT ( 'NONE',  ( -0.02473125578138273689, 0.2488486077612010461, -0.09193425228962744111 ) ) ;
#1674 =( NAMED_UNIT ( * ) PLANE_ANGLE_UNIT ( ) SI_UNIT ( $, .RADIAN. ) );
#1675 = CARTESIAN_POINT ( 'NONE',  ( 0.09499999999999994560, 0.1483562355791271936, 1.163414459189984820E-17 ) ) ;
#1676 = VERTEX_POINT ( 'NONE', #1253 ) ;
#1677 = DIRECTION ( 'NONE',  ( -0.000000000000000000, -0.000000000000000000, -1.000000000000000000 ) ) ;
#1678 =( NAMED_UNIT ( * ) PLANE_ANGLE_UNIT ( ) SI_UNIT ( $, .RADIAN. ) );
#1679 = DIRECTION ( 'NONE',  ( -1.577233174527201111E-16, 0.000000000000000000, -1.000000000000000000 ) ) ;
#1680 = EDGE_CURVE ( 'NONE', #741, #1157, #1585, .T. ) ;
#1681 =( LENGTH_UNIT ( ) NAMED_UNIT ( * ) SI_UNIT ( $, .METRE. ) );
ENDSEC;
END-ISO-10303-21;
