ISO-10303-21;
HEADER;
FILE_DESCRIPTION (( 'STEP AP214' ),
    '1' );
FILE_NAME ('7699N53_Universal-Thread Push-to-Connect Tube Fittings.STEP',
    '2026-09-04T22:03:26',
    ( '' ),
    ( '' ),
    'SwSTEP 2.0',
    'SolidWorks 2026',
    '' );
FILE_SCHEMA (( 'AUTOMOTIVE_DESIGN' ));
ENDSEC;

DATA;
#1 = ORIENTED_EDGE ( 'NONE', *, *, #2785, .T. ) ;
#2 = DIRECTION ( 'NONE',  ( -0.000000000000000000, 1.000000000000000000, -3.667407320606400744E-18 ) ) ;
#3 = CARTESIAN_POINT ( 'NONE',  ( 7.405825827217502391E-05, 0.9756805555543568431, 0.2277354224496576651 ) ) ;
#4 = EDGE_CURVE ( 'NONE', #248, #6320, #1948, .T. ) ;
#5 = CARTESIAN_POINT ( 'NONE',  ( 0.1618504736517331344, 0.9409583333319263554, -0.1617527251575757441 ) ) ;
#6 = ORIENTED_EDGE ( 'NONE', *, *, #4957, .T. ) ;
#7 =( CONVERSION_BASED_UNIT ( 'INCH', #4442 ) LENGTH_UNIT ( ) NAMED_UNIT ( #6156 ) );
#8 = CARTESIAN_POINT ( 'NONE',  ( 0.000000000000000000, 1.114569444444416524, -0.2223225634307162968 ) ) ;
#9 = DIRECTION ( 'NONE',  ( -0.000000000000000000, -1.000000000000000000, -0.000000000000000000 ) ) ;
#10 = CARTESIAN_POINT ( 'NONE',  ( 0.2116785081737459773, 0.9305416666651163959, 0.08775503303875996364 ) ) ;
#11 = CARTESIAN_POINT ( 'NONE',  ( -0.1761837294381197738, 0.9748124999987685113, 0.1446861541262641215 ) ) ;
#12 = EDGE_CURVE ( 'NONE', #3320, #2923, #1964, .T. ) ;
#13 = CARTESIAN_POINT ( 'NONE',  ( -0.2077189009607445236, 1.069430555555167528, -0.08596082126272201751 ) ) ;
#14 = CARTESIAN_POINT ( 'NONE',  ( 0.06652272868862066368, 0.9296736111096106647, 0.2195347696770446888 ) ) ;
#15 = CARTESIAN_POINT ( 'NONE',  ( 0.1281906841030233668, 0.8428680555531641305, 0.2400033129475938609 ) ) ;
#16 = CARTESIAN_POINT ( 'NONE',  ( 0.2262407440898347166, 0.9956458333323060517, 0.02220848012778739444 ) ) ;
#17 = EDGE_LOOP ( 'NONE', ( #3890, #1390 ) ) ;
#18 = CARTESIAN_POINT ( 'NONE',  ( 0.000000000000000000, 0.8170000000000000595, 0.000000000000000000 ) ) ;
#19 = CARTESIAN_POINT ( 'NONE',  ( 0.000000000000000000, 0.8170000000000000595, 0.2699999999999996292 ) ) ;
#20 = ORIENTED_EDGE ( 'NONE', *, *, #4398, .F. ) ;
#21 = EDGE_CURVE ( 'NONE', #1267, #2376, #4880, .T. ) ;
#22 = CARTESIAN_POINT ( 'NONE',  ( 0.2107712844797021978, 0.9357453432329635445, -0.09673293706860117136 ) ) ;
#23 = CARTESIAN_POINT ( 'NONE',  ( -0.1335632314205731364, 0.9484539203898363358, 0.2305848975515488175 ) ) ;
#24 = PRESENTATION_STYLE_ASSIGNMENT (( #3485 ) ) ;
#25 = LENGTH_MEASURE_WITH_UNIT ( LENGTH_MEASURE( 0.02539999999999999897 ), #3456 );
#26 = AXIS2_PLACEMENT_3D ( 'NONE', #435, #1868, #508 ) ;
#27 = SURFACE_SIDE_STYLE ('',( #5487 ) ) ;
#28 = FACE_OUTER_BOUND ( 'NONE', #628, .T. ) ;
#29 = CARTESIAN_POINT ( 'NONE',  ( 0.08443740562608878508, 0.9474626499850699046, -0.2120008350163970490 ) ) ;
#30 = CARTESIAN_POINT ( 'NONE',  ( -0.2514195697859601397, 0.8854027777761684925, 0.1040518918364286699 ) ) ;
#31 = UNCERTAINTY_MEASURE_WITH_UNIT (LENGTH_MEASURE( 1.000000000000000082E-05 ), #4692, 'distance_accuracy_value', 'NONE');
#32 =( CONVERSION_BASED_UNIT ( 'INCH', #975 ) LENGTH_UNIT ( ) NAMED_UNIT ( #3020 ) );
#33 = ORIENTED_EDGE ( 'NONE', *, *, #1516, .F. ) ;
#34 = CARTESIAN_POINT ( 'NONE',  ( 0.000000000000000000, 0.8170000000000000595, 0.2699999999999996292 ) ) ;
#35 = DIRECTION ( 'NONE',  ( -0.000000000000000000, -0.000000000000000000, 1.000000000000000000 ) ) ;
#36 = CARTESIAN_POINT ( 'NONE',  ( 0.08849999999999993983, 0.2978420997299810469, -0.05184209972998109206 ) ) ;
#37 = VECTOR ( 'NONE', #3866, 39.37007874015748854 ) ;
#38 = CARTESIAN_POINT ( 'NONE',  ( -0.1481573717268689083, 0.7873124999973971638, -0.1806416078101873990 ) ) ;
#39 = AXIS2_PLACEMENT_3D ( 'NONE', #830, #2806, #2841 ) ;
#40 = VERTEX_POINT ( 'NONE', #4885 ) ;
#41 = LINE ( 'NONE', #4467, #5338 ) ;
#42 =( CONVERSION_BASED_UNIT ( 'INCH', #665 ) LENGTH_UNIT ( ) NAMED_UNIT ( #948 ) );
#43 = AXIS2_PLACEMENT_3D ( 'NONE', #5389, #6333, #1429 ) ;
#44 = CARTESIAN_POINT ( 'NONE',  ( -0.1051839305058816232, 0.9264000861862344838, 0.2101044106506888554 ) ) ;
#45 = CARTESIAN_POINT ( 'NONE',  ( 0.1799307574566704759, 0.8237708333309772257, 0.1475675357010250155 ) ) ;
#46 = CARTESIAN_POINT ( 'NONE',  ( -0.2007549805020004685, 0.9412017730394639514, 0.1755801914974295386 ) ) ;
#47 = CARTESIAN_POINT ( 'NONE',  ( 0.1763239491658568081, 0.9470183426519915848, -0.1441595225047291040 ) ) ;
#48 = CARTESIAN_POINT ( 'NONE',  ( 0.02256387516692246603, 0.9209930555540395414, 0.2283338319509384540 ) ) ;
#49 = CARTESIAN_POINT ( 'NONE',  ( 9.211143456245513347E-16, 0.9253183632719230722, -0.2666281284452778899 ) ) ;
#50 = LENGTH_MEASURE_WITH_UNIT ( LENGTH_MEASURE( 0.02539999999999999897 ), #3945 );
#51 = CARTESIAN_POINT ( 'NONE',  ( -0.1057150323548359944, 1.082451388888596711, 0.1979337967527293463 ) ) ;
#52 = MECHANICAL_DESIGN_GEOMETRIC_PRESENTATION_REPRESENTATION (  '', ( #4051 ), #803 ) ;
#53 = CARTESIAN_POINT ( 'NONE',  ( -1.077799403750353794E-16, 0.9209583446604344692, -0.2667638526409732980 ) ) ;
#54 = ADVANCED_FACE ( 'NONE', ( #2849 ), #4457, .T. ) ;
#55 = CARTESIAN_POINT ( 'NONE',  ( -0.1914775905192767358, 0.8871388888868182443, 0.1913612656647493970 ) ) ;
#56 = CARTESIAN_POINT ( 'NONE',  ( 0.1618504736726898707, 0.9479027777764298390, -0.1617527251329388405 ) ) ;
#57 = EDGE_LOOP ( 'NONE', ( #942, #4297, #5770, #6380, #4577, #4751 ) ) ;
#58 = CARTESIAN_POINT ( 'NONE',  ( 0.2950000000000000400, 0.6847233372557270936, -0.1703183294109395784 ) ) ;
#59 = CARTESIAN_POINT ( 'NONE',  ( 0.2535118705309680753, 0.9099593052063312815, -0.08591564432404834306 ) ) ;
#60 =( NAMED_UNIT ( * ) SI_UNIT ( $, .STERADIAN. ) SOLID_ANGLE_UNIT ( ) );
#61 = FILL_AREA_STYLE_COLOUR ( '', #1802 ) ;
#62 = CARTESIAN_POINT ( 'NONE',  ( -0.2661830876794566980, 0.9386130006394172165, -0.01786932758269887955 ) ) ;
#63 = CARTESIAN_POINT ( 'NONE',  ( 0.2185810073884640881, 1.135402777777705818, -0.1461535075480912271 ) ) ;
#64 = VECTOR ( 'NONE', #5727, 39.37007874015748854 ) ;
#65 = SURFACE_SIDE_STYLE ('',( #371 ) ) ;
#66 = CARTESIAN_POINT ( 'NONE',  ( 0.000000000000000000, 0.4315000000000000502, 0.1854999999999999982 ) ) ;
#67 = CARTESIAN_POINT ( 'NONE',  ( -0.1283861575135167576, 0.8723819444426973435, -0.2403692939999829414 ) ) ;
#68 = COLOUR_RGB ( '',0.1019607843137254888, 0.1019607843137254888, 0.1019607843137254888 ) ;
#69 = ORIENTED_EDGE ( 'NONE', *, *, #3881, .T. ) ;
#70 = MECHANICAL_DESIGN_GEOMETRIC_PRESENTATION_REPRESENTATION (  '', ( #5453 ), #4199 ) ;
#71 = LENGTH_MEASURE_WITH_UNIT ( LENGTH_MEASURE( 0.02539999999999999897 ), #3151 );
#72 = CARTESIAN_POINT ( 'NONE',  ( 0.2536052650327498270, 0.9041694145359729928, 0.08624487609969293256 ) ) ;
#73 = CARTESIAN_POINT ( 'NONE',  ( 0.2194852367312736530, 1.109361111111065279, -0.04358947005779378880 ) ) ;
#74 = CARTESIAN_POINT ( 'NONE',  ( 0.000000000000000000, 1.090263888888888699, -0.2644210205590784568 ) ) ;
#75 = ORIENTED_EDGE ( 'NONE', *, *, #536, .F. ) ;
#76 = CARTESIAN_POINT ( 'NONE',  ( 0.1764792845375542929, 0.8995370193263361180, 0.2016957888920911657 ) ) ;
#77 = CARTESIAN_POINT ( 'NONE',  ( -0.1931902556716567632, 0.9226412970681321379, 0.1352059062884724550 ) ) ;
#78 = CARTESIAN_POINT ( 'NONE',  ( -0.06905428173925043378, 0.9464196129904851595, 0.2574357215572842805 ) ) ;
#79 = CARTESIAN_POINT ( 'NONE',  ( -0.08849999999999995370, 0.2459999999999999964, 0.000000000000000000 ) ) ;
#80 = CARTESIAN_POINT ( 'NONE',  ( 0.1763239491658568081, 0.9470183426519915848, -0.1441595225047291040 ) ) ;
#81 = B_SPLINE_CURVE_WITH_KNOTS ( 'NONE', 3,
 ( #5161, #2289, #5195, #5265, #6218, #2760, #813, #289, #1755, #4755, #750, #2733, #4695, #4727, #2223, #4261 ),
 .UNSPECIFIED., .F., .F.,
 ( 4, 2, 2, 2, 2, 2, 2, 4 ),
 ( 0.0001007262387751792324, 0.002236414209339042565, 0.004372102179902906047, 0.005439946165184837354, 0.006507790150466770396, 0.007041712143107736049, 0.007575634135748701703, 0.008643478121030631275 ),
 .UNSPECIFIED. ) ;
#82 = DIRECTION ( 'NONE',  ( 0.000000000000000000, 0.000000000000000000, -1.000000000000000000 ) ) ;
#83 = CARTESIAN_POINT ( 'NONE',  ( -1.874771769424990420E-14, 0.8931782339269439541, 0.2676286272031049851 ) ) ;
#84 = CARTESIAN_POINT ( 'NONE',  ( 0.2245985405300160720, 0.9426944444430346293, -0.04460490254742054822 ) ) ;
#85 = ORIENTED_EDGE ( 'NONE', *, *, #6185, .F. ) ;
#86 = SURFACE_STYLE_USAGE ( .BOTH. , #4531 ) ;
#87 = LENGTH_MEASURE_WITH_UNIT ( LENGTH_MEASURE( 0.02539999999999999897 ), #1656 );
#88 = EDGE_CURVE ( 'NONE', #512, #5593, #2292, .T. ) ;
#89 =( NAMED_UNIT ( * ) PLANE_ANGLE_UNIT ( ) SI_UNIT ( $, .RADIAN. ) );
#90 = CARTESIAN_POINT ( 'NONE',  ( -0.04350313757927827540, 0.9516434103322670701, 0.2623695171591267639 ) ) ;
#91 = CARTESIAN_POINT ( 'NONE',  ( -0.2440130097258006725, 1.098944444444090340, -0.1009810003889206748 ) ) ;
#92 = CARTESIAN_POINT ( 'NONE',  ( -0.2028477995065945949, 0.9088402777761159790, -0.1085032149930096612 ) ) ;
#93 = CARTESIAN_POINT ( 'NONE',  ( -0.1488365994598020436, 1.077697086453535569, -0.1804706542577668993 ) ) ;
#94 = CARTESIAN_POINT ( 'NONE',  ( -0.1438590407097529167, 1.009534722221300695, -0.1751765330333125981 ) ) ;
#95 = LINE ( 'NONE', #5935, #341 ) ;
#96 = CARTESIAN_POINT ( 'NONE',  ( -0.2950000000000000400, 0.6583750000000000435, 0.1703183294109395784 ) ) ;
#97 =( NAMED_UNIT ( * ) SI_UNIT ( $, .STERADIAN. ) SOLID_ANGLE_UNIT ( ) );
#98 = SURFACE_SIDE_STYLE ('',( #4659 ) ) ;
#99 = ADVANCED_FACE ( 'NONE', ( #4533 ), #5434, .T. ) ;
#100 = CARTESIAN_POINT ( 'NONE',  ( 0.1733295274371209893, 0.8463402777758197715, 0.2113335904430320433 ) ) ;
#101 = UNCERTAINTY_MEASURE_WITH_UNIT (LENGTH_MEASURE( 1.000000000000000082E-05 ), #3451, 'distance_accuracy_value', 'NONE');
#102 = DIRECTION ( 'NONE',  ( 0.000000000000000000, -1.000000000000000000, 3.667407320606400744E-18 ) ) ;
#103 = ORIENTED_EDGE ( 'NONE', *, *, #2753, .T. ) ;
#104 = CARTESIAN_POINT ( 'NONE',  ( 0.02205126973159617434, 1.094604166666478751, 0.2231459408054432547 ) ) ;
#105 = CARTESIAN_POINT ( 'NONE',  ( -0.2305505289010031378, 0.8498124999978196037, -0.02277759657750432973 ) ) ;
#106 = VERTEX_POINT ( 'NONE', #1093 ) ;
#107 = CARTESIAN_POINT ( 'NONE',  ( -0.08849999999999995370, 0.2459999999999999964, -0.3985000000000000209 ) ) ;
#108 = CARTESIAN_POINT ( 'NONE',  ( -0.1783491400123962400, 0.9124790979178524220, -0.1598191971610982698 ) ) ;
#109 = CARTESIAN_POINT ( 'NONE',  ( -0.08925240663279865316, 0.8124861111086566501, 0.2152902837693921045 ) ) ;
#110 = CARTESIAN_POINT ( 'NONE',  ( -0.01756495553121769151, 0.9481497017944788830, 0.2654801253653642501 ) ) ;
#111 = CARTESIAN_POINT ( 'NONE',  ( -0.1471674944273097807, 0.8498124999978755589, -0.1792053185755776989 ) ) ;
#112 = PLANE ( 'NONE',  #1997 ) ;
#113 = CARTESIAN_POINT ( 'NONE',  ( 2.228857174448183448E-17, 0.8170000000000000595, -0.1820000000000000229 ) ) ;
#114 = CARTESIAN_POINT ( 'NONE',  ( 0.2228657896885483380, 0.9982499999990379624, -0.04440611471102247354 ) ) ;
#115 = ORIENTED_EDGE ( 'NONE', *, *, #1507, .F. ) ;
#116 = ADVANCED_FACE ( 'NONE', ( #6048 ), #2151, .T. ) ;
#117 = PRESENTATION_STYLE_ASSIGNMENT (( #4649 ) ) ;
#118 = CARTESIAN_POINT ( 'NONE',  ( 0.2318059543228482011, 0.9322489785543123242, -0.02405315455419114803 ) ) ;
#119 = CLOSED_SHELL ( 'NONE', ( #4676, #4728, #381, #5312, #4797, #3871, #2794, #1818, #2175, #5255, #3594, #3380, #4573, #4998, #2905, #4026, #2383, #1041, #116, #54, #5270, #5618, #3528, #241, #3989, #706, #615, #4235, #99, #5799, #6139, #2952, #3713, #2867, #859, #3606, #1658, #3137, #6105, #845, #464, #6067, #1598, #3949, #5297, #2321, #1629, #953, #1357, #2692, #1774, #1812, #3913, #589, #6348, #5834, #3832, #4283, #5989, #3754, #3804, #4964, #5767, #4070, #5213, #5430 ) ) ;
#120 = CARTESIAN_POINT ( 'NONE',  ( -8.000617929295815824E-05, 1.116305555555323403, 0.2635398643488923165 ) ) ;
#121 = DIMENSIONAL_EXPONENTS ( 1.000000000000000000, 0.000000000000000000, 0.000000000000000000, 0.000000000000000000, 0.000000000000000000, 0.000000000000000000, 0.000000000000000000 ) ;
#122 = ORIENTED_EDGE ( 'NONE', *, *, #1784, .F. ) ;
#123 = PRESENTATION_STYLE_ASSIGNMENT (( #1064 ) ) ;
#124 = CARTESIAN_POINT ( 'NONE',  ( -0.2949999999999999845, 0.6767199142953430613, -0.1425936590072457155 ) ) ;
#125 = CARTESIAN_POINT ( 'NONE',  ( -0.2253626377465665354, 1.016479166665899880, -0.02226499117296570907 ) ) ;
#126 = CARTESIAN_POINT ( 'NONE',  ( -0.2317583338119217629, 0.9008485096656867475, 0.07343774773834568781 ) ) ;
#127 = DIRECTION ( 'NONE',  ( 0.000000000000000000, 1.000000000000000000, 0.000000000000000000 ) ) ;
#128 = CARTESIAN_POINT ( 'NONE',  ( 0.2700524399475164872, 0.9088402777763412432, 0.02668070362568649226 ) ) ;
#129 = CARTESIAN_POINT ( 'NONE',  ( 0.2616198774796594240, 1.017013958874402269, 0.03473943379115983915 ) ) ;
#130 = MECHANICAL_DESIGN_GEOMETRIC_PRESENTATION_REPRESENTATION (  '', ( #6161 ), #5562 ) ;
#131 = EDGE_CURVE ( 'NONE', #2557, #1192, #5242, .T. ) ;
#132 = COLOUR_RGB ( '',0.1019607843137254888, 0.1019607843137254888, 0.1019607843137254888 ) ;
#133 = DIRECTION ( 'NONE',  ( 0.000000000000000000, 0.000000000000000000, 1.000000000000000000 ) ) ;
#134 = ORIENTED_EDGE ( 'NONE', *, *, #2504, .F. ) ;
#135 = CARTESIAN_POINT ( 'NONE',  ( 0.02182768284165135381, 1.120645784972451597, -0.2223495868686046484 ) ) ;
#136 = CARTESIAN_POINT ( 'NONE',  ( -0.08845266791754272107, 0.8610972222201767057, 0.2137400910276325283 ) ) ;
#137 = ORIENTED_EDGE ( 'NONE', *, *, #1715, .T. ) ;
#138 = VECTOR ( 'NONE', #429, 39.37007874015748143 ) ;
#139 = CARTESIAN_POINT ( 'NONE',  ( 0.1726296483106676827, 0.8170000000000001705, 0.2409688848996047739 ) ) ;
#140 = CARTESIAN_POINT ( 'NONE',  ( -0.1189124853755620520, 0.9259035188660946769, 0.2028531512571774831 ) ) ;
#141 =( LENGTH_UNIT ( ) NAMED_UNIT ( * ) SI_UNIT ( $, .METRE. ) );
#142 = AXIS2_PLACEMENT_3D ( 'NONE', #4778, #5183, #1338 ) ;
#143 = CARTESIAN_POINT ( 'NONE',  ( 0.2314289557236529071, 0.8289791666643265833, 0.02271783164568296973 ) ) ;
#144 =( CONVERSION_BASED_UNIT ( 'INCH', #609 ) LENGTH_UNIT ( ) NAMED_UNIT ( #4614 ) );
#145 = CARTESIAN_POINT ( 'NONE',  ( 0.000000000000000000, 0.8170000000000000595, 0.000000000000000000 ) ) ;
#146 = FILL_AREA_STYLE_COLOUR ( '', #3517 ) ;
#147 = PRESENTATION_LAYER_ASSIGNMENT (  '', '', ( #3549 ) ) ;
#148 = AXIS2_PLACEMENT_3D ( 'NONE', #2189, #4725, #718 ) ;
#149 = SURFACE_STYLE_USAGE ( .BOTH. , #27 ) ;
#150 = CARTESIAN_POINT ( 'NONE',  ( -0.2013825683885179241, 0.9643958333320826748, -0.1075570488622870774 ) ) ;
#151 = ORIENTED_EDGE ( 'NONE', *, *, #326, .T. ) ;
#152 = CARTESIAN_POINT ( 'NONE',  ( -0.2152433166219099858, 0.9958906500728902378, 0.1538485056564892761 ) ) ;
#153 = PRESENTATION_STYLE_ASSIGNMENT (( #1092 ) ) ;
#154 = CARTESIAN_POINT ( 'NONE',  ( 0.1513420026206566960, 0.8872588865373082223, 0.1972321225510957066 ) ) ;
#155 = CARTESIAN_POINT ( 'NONE',  ( 0.09551358731343766173, 0.9187866703002396385, 0.2169549989732511286 ) ) ;
#156 = DIMENSIONAL_EXPONENTS ( 1.000000000000000000, 0.000000000000000000, 0.000000000000000000, 0.000000000000000000, 0.000000000000000000, 0.000000000000000000, 0.000000000000000000 ) ;
#157 = DIRECTION ( 'NONE',  ( 0.000000000000000000, -1.000000000000000000, 0.000000000000000000 ) ) ;
#158 = CIRCLE ( 'NONE', #1184, 0.1249999999999999029 ) ;
#159 = FACE_OUTER_BOUND ( 'NONE', #2085, .T. ) ;
#160 = CARTESIAN_POINT ( 'NONE',  ( -0.1999030536987527473, 1.085309387147405324, 0.1050737684571727004 ) ) ;
#161 = CARTESIAN_POINT ( 'NONE',  ( 0.1069430433491806026, 0.9991180555545692288, -0.2002329778466671872 ) ) ;
#162 = FACE_OUTER_BOUND ( 'NONE', #214, .T. ) ;
#163 = CARTESIAN_POINT ( 'NONE',  ( 1.083812417245407500E-17, 0.3344999999999999640, 0.08849999999999999534 ) ) ;
#164 = CARTESIAN_POINT ( 'NONE',  ( 0.2612652952305222209, 0.8567569444425726655, -0.07916725561967996594 ) ) ;
#165 = CARTESIAN_POINT ( 'NONE',  ( 0.2240884882186139071, 1.023088798988903925, -0.1390545593625536203 ) ) ;
#166 = AXIS2_PLACEMENT_3D ( 'NONE', #701, #5017, #4561 ) ;
#167 = CARTESIAN_POINT ( 'NONE',  ( -0.2094138731283758381, 1.044551628564596824, -0.1598999395739117146 ) ) ;
#168 = CARTESIAN_POINT ( 'NONE',  ( 0.08478474402312984048, 1.029172418236373288, -0.2495262368284151266 ) ) ;
#169 = COLOUR_RGB ( '',0.1019607843137254888, 0.1019607843137254888, 0.1019607843137254888 ) ;
#170 = VERTEX_POINT ( 'NONE', #3254 ) ;
#171 = DIRECTION ( 'NONE',  ( 0.000000000000000000, 1.000000000000000000, 0.000000000000000000 ) ) ;
#172 = CARTESIAN_POINT ( 'NONE',  ( 0.2140886207850565826, 1.110229166666599099, -0.06501915578729478007 ) ) ;
#173 = CIRCLE ( 'NONE', #1404, 0.1249999999999999029 ) ;
#174 = CARTESIAN_POINT ( 'NONE',  ( 0.1290857423340585064, 0.8315833333310134190, -0.1930641245080694790 ) ) ;
#175 = VERTEX_POINT ( 'NONE', #3218 ) ;
#176 = EDGE_CURVE ( 'NONE', #6320, #217, #272, .T. ) ;
#177 = CARTESIAN_POINT ( 'NONE',  ( 0.2709311943656914079, 0.7986745979557189345, -0.1842144608229805691 ) ) ;
#178 = COLOUR_RGB ( '',0.1019607843137254888, 0.1019607843137254888, 0.1019607843137254888 ) ;
#179 = CARTESIAN_POINT ( 'NONE',  ( -0.1034728470424064600, 0.8906111111090930788, 0.2500341997857189469 ) ) ;
#180 = SURFACE_STYLE_FILL_AREA ( #4581 ) ;
#181 = B_SPLINE_CURVE_WITH_KNOTS ( 'NONE', 3,
 ( #3017, #1487, #1427, #3876, #5911, #2406 ),
 .UNSPECIFIED., .F., .F.,
 ( 4, 2, 4 ),
 ( 2.380732032320842869E-07, 0.002188883224565561000, 0.004377528375927889834 ),
 .UNSPECIFIED. ) ;
#182 = CARTESIAN_POINT ( 'NONE',  ( 0.1751246747932256875, 0.9550941940190789126, 0.2000106911677961563 ) ) ;
#183 = CARTESIAN_POINT ( 'NONE',  ( -1.050273900957941345E-12, 0.9487361246530834347, 0.2658991506331023769 ) ) ;
#184 = CARTESIAN_POINT ( 'NONE',  ( 0.1096853864898216790, 0.8202986111087479104, 0.2053562052432565677 ) ) ;
#185 = SURFACE_STYLE_USAGE ( .BOTH. , #4117 ) ;
#186 = EDGE_CURVE ( 'NONE', #2031, #3267, #220, .T. ) ;
#187 = FACE_OUTER_BOUND ( 'NONE', #982, .T. ) ;
#188 = CARTESIAN_POINT ( 'NONE',  ( -0.1081710543755024234, 0.9227291666650937474, 0.2025321589297786884 ) ) ;
#189 = CARTESIAN_POINT ( 'NONE',  ( 0.000000000000000000, 0.6583750000000000435, 0.000000000000000000 ) ) ;
#190 = PRESENTATION_STYLE_ASSIGNMENT (( #6207 ) ) ;
#191 = CARTESIAN_POINT ( 'NONE',  ( 0.05184862158743321764, 1.031236111110249709, -0.2611020637218767204 ) ) ;
#192 = CARTESIAN_POINT ( 'NONE',  ( 0.04521311281400238608, 0.8350555555532992447, -0.2276883482975188278 ) ) ;
#193 = CARTESIAN_POINT ( 'NONE',  ( 0.1338855281744688597, 0.9206813378563633021, -0.2313991920582103567 ) ) ;
#194 = DIRECTION ( 'NONE',  ( 0.000000000000000000, 1.000000000000000000, 0.000000000000000000 ) ) ;
#195 = CARTESIAN_POINT ( 'NONE',  ( -0.2271680233344721966, 0.9014349359244316906, 0.08606310290378120509 ) ) ;
#196 = CARTESIAN_POINT ( 'NONE',  ( -0.1997908443656036814, 0.8901461328564413966, 0.1804376666835720844 ) ) ;
#197 = CARTESIAN_POINT ( 'NONE',  ( 0.000000000000000000, 0.6583750000000000435, 0.000000000000000000 ) ) ;
#198 = CARTESIAN_POINT ( 'NONE',  ( 0.1987424216003516597, 1.024537794858164652, -0.1739281065190201869 ) ) ;
#199 =( CONVERSION_BASED_UNIT ( 'INCH', #1040 ) LENGTH_UNIT ( ) NAMED_UNIT ( #4463 ) );
#200 = CARTESIAN_POINT ( 'NONE',  ( -0.2213999999999999857, 0.2460000000000000242, 0.000000000000000000 ) ) ;
#201 = ORIENTED_EDGE ( 'NONE', *, *, #506, .T. ) ;
#202 = CARTESIAN_POINT ( 'NONE',  ( 0.2665387702161647887, 1.021687499999430315, -0.02633883082429275962 ) ) ;
#203 = CARTESIAN_POINT ( 'NONE',  ( -8.719369638552791407E-05, 0.9218611111093120147, -0.2696213574726509798 ) ) ;
#204 = CARTESIAN_POINT ( 'NONE',  ( -0.1924287648924570548, 0.8628333333313059628, 0.1286672723125017737 ) ) ;
#205 = CARTESIAN_POINT ( 'NONE',  ( -0.1738844677691630813, 1.066826388888435950, -0.1426086463534048387 ) ) ;
#206 = CARTESIAN_POINT ( 'NONE',  ( -0.2493535797288408684, 1.048820509946121415, 0.08370312260672360671 ) ) ;
#207 = EDGE_CURVE ( 'NONE', #2957, #5477, #2607, .T. ) ;
#208 = CARTESIAN_POINT ( 'NONE',  ( -0.1993584444388519228, 0.9883949701144780775, -0.1749502209736129021 ) ) ;
#209 = SURFACE_STYLE_FILL_AREA ( #6023 ) ;
#210 = CARTESIAN_POINT ( 'NONE',  ( -0.1738844677532606908, 1.073770833332979624, -0.1426086463800684268 ) ) ;
#211 = CARTESIAN_POINT ( 'NONE',  ( -7.475255772425889160E-16, 0.9765115672609471220, -0.2650345213863129490 ) ) ;
#212 = CARTESIAN_POINT ( 'NONE',  ( -0.02616988148830532573, 1.033840277776916006, -0.2648288960995632824 ) ) ;
#213 = CARTESIAN_POINT ( 'NONE',  ( -0.2215709251558800608, 0.8532847222201349613, 0.06729145061762648039 ) ) ;
#214 = EDGE_LOOP ( 'NONE', ( #4657, #1442, #796, #3400, #1042, #5330 ) ) ;
#215 = DIRECTION ( 'NONE',  ( -3.810390315224336117E-18, -0.9995158361299276706, -0.03111419813351309557 ) ) ;
#216 = CARTESIAN_POINT ( 'NONE',  ( -0.1812393486739932169, 1.086173680623652382, 0.1347171287943360884 ) ) ;
#217 = VERTEX_POINT ( 'NONE', #3094 ) ;
#218 = PRESENTATION_STYLE_ASSIGNMENT (( #3609 ) ) ;
#219 = CARTESIAN_POINT ( 'NONE',  ( 0.2540302923191573026, 0.7951249999976874872, 0.1051266147710812060 ) ) ;
#220 = CIRCLE ( 'NONE', #6363, 0.08849999999999995370 ) ;
#221 = CARTESIAN_POINT ( 'NONE',  ( -0.1258931720840087143, 1.015611111110279019, -0.1885356616092891957 ) ) ;
#222 = CIRCLE ( 'NONE', #1659, 0.2949999999999999845 ) ;
#223 = ORIENTED_EDGE ( 'NONE', *, *, #1784, .T. ) ;
#224 = CARTESIAN_POINT ( 'NONE',  ( 0.2545641567433626906, 1.078979166666538925, -0.07731113785333178223 ) ) ;
#225 = AXIS2_PLACEMENT_3D ( 'NONE', #3524, #1075, #1382 ) ;
#226 = AXIS2_PLACEMENT_3D ( 'NONE', #3612, #4101, #2575 ) ;
#227 = PRESENTATION_STYLE_ASSIGNMENT (( #6229 ) ) ;
#228 = CARTESIAN_POINT ( 'NONE',  ( 0.2085536620005854769, 0.9140486111092648303, -0.1712684638539304083 ) ) ;
#229 =( NAMED_UNIT ( * ) PLANE_ANGLE_UNIT ( ) SI_UNIT ( $, .RADIAN. ) );
#230 = CONICAL_SURFACE ( 'NONE', #4890, 0.2949999999999999845, 1.047197551196600074 ) ;
#231 = CARTESIAN_POINT ( 'NONE',  ( 0.1290857423368530488, 0.8385277777755140161, -0.1930641245083241919 ) ) ;
#232 = LINE ( 'NONE', #5758, #544 ) ;
#233 = CARTESIAN_POINT ( 'NONE',  ( -0.02230757241695303580, 1.004326388888009181, -0.2257398863852093929 ) ) ;
#234 =( CONVERSION_BASED_UNIT ( 'INCH', #5180 ) LENGTH_UNIT ( ) NAMED_UNIT ( #5044 ) );
#235 = CARTESIAN_POINT ( 'NONE',  ( 0.1781981221950880157, 0.8914791666648486101, -0.1463403809925483967 ) ) ;
#236 = CARTESIAN_POINT ( 'NONE',  ( 0.2949999999999999289, 0.6847233372557268716, 0.1703183294109396340 ) ) ;
#237 = LINE ( 'NONE', #739, #1988 ) ;
#238 = CARTESIAN_POINT ( 'NONE',  ( 0.2422920842620342186, 0.8929454627204749251, 0.04063738814681630562 ) ) ;
#239 = STYLED_ITEM ( 'NONE', ( #1287 ), #3949 ) ;
#240 = CARTESIAN_POINT ( 'NONE',  ( 0.2949999999999999845, 0.8170000000000000595, 1.182924880895401018E-16 ) ) ;
#241 = ADVANCED_FACE ( 'NONE', ( #1144, #2552 ), #2073, .F. ) ;
#242 = CARTESIAN_POINT ( 'NONE',  ( 0.1885974401824989377, 1.012138888887810229, 0.1887120310199485174 ) ) ;
#243 = COLOUR_RGB ( '',0.1019607843137254888, 0.1019607843137254888, 0.1019607843137254888 ) ;
#244 = CARTESIAN_POINT ( 'NONE',  ( 0.1642053574970671614, 0.8298472222198856052, -0.1643121147087464595 ) ) ;
#245 = ORIENTED_EDGE ( 'NONE', *, *, #2061, .F. ) ;
#246 = CARTESIAN_POINT ( 'NONE',  ( -0.2949999999999999845, 0.7906516627442732315, -0.1703183294109396340 ) ) ;
#247 = FILL_AREA_STYLE ('',( #2847 ) ) ;
#248 = VERTEX_POINT ( 'NONE', #3599 ) ;
#249 = CARTESIAN_POINT ( 'NONE',  ( -0.2013825683885179241, 0.9574513888875826328, -0.1075570488622870774 ) ) ;
#250 = CARTESIAN_POINT ( 'NONE',  ( -0.1249999999999999029, 0.2459999999999999964, 0.7970000000000001528 ) ) ;
#251 = CARTESIAN_POINT ( 'NONE',  ( -0.2950000000000000400, 0.7906516627442730094, 0.1703183294109395784 ) ) ;
#252 = CARTESIAN_POINT ( 'NONE',  ( 0.1241202719347812289, 1.070844302557601102, -0.2071391707122102188 ) ) ;
#253 = CARTESIAN_POINT ( 'NONE',  ( 0.1296141685377150687, 0.7890486111087390286, 0.2426684750782554523 ) ) ;
#254 = FILL_AREA_STYLE_COLOUR ( '', #3938 ) ;
#255 = EDGE_CURVE ( 'NONE', #2376, #1267, #433, .T. ) ;
#256 = COLOUR_RGB ( '',0.1019607843137254888, 0.1019607843137254888, 0.1019607843137254888 ) ;
#257 = CARTESIAN_POINT ( 'NONE',  ( 0.06615530317466714050, 0.9852291666655742519, 0.2178297729824142104 ) ) ;
#258 = DIRECTION ( 'NONE',  ( 0.000000000000000000, 0.000000000000000000, 1.000000000000000000 ) ) ;
#259 = SURFACE_STYLE_FILL_AREA ( #5660 ) ;
#260 = ORIENTED_EDGE ( 'NONE', *, *, #416, .T. ) ;
#261 = CARTESIAN_POINT ( 'NONE',  ( 0.1896234448205341705, 1.013874999999448745, 0.1895008173092339043 ) ) ;
#262 = CARTESIAN_POINT ( 'NONE',  ( 0.06501099436869670067, 1.096340277777566374, 0.2145456176201258058 ) ) ;
#263 = PRESENTATION_LAYER_ASSIGNMENT (  '', '', ( #2960 ) ) ;
#264 = ORIENTED_EDGE ( 'NONE', *, *, #1319, .F. ) ;
#265 = CARTESIAN_POINT ( 'NONE',  ( 0.03464957207401089118, 0.9498861757405435702, 0.2641650293581253583 ) ) ;
#266 = SURFACE_STYLE_FILL_AREA ( #303 ) ;
#267 = CARTESIAN_POINT ( 'NONE',  ( -0.008343046485262028272, 1.086462317928262644, 0.2234557567428990810 ) ) ;
#268 = CARTESIAN_POINT ( 'NONE',  ( -0.08849999999999995370, 0.2459999999999999964, 0.000000000000000000 ) ) ;
#269 = CARTESIAN_POINT ( 'NONE',  ( 0.06594526357623137214, 1.000854166665671618, -0.2171563175945690205 ) ) ;
#270 = COLOUR_RGB ( '',0.1019607843137254888, 0.1019607843137254888, 0.1019607843137254888 ) ;
#271 = STYLED_ITEM ( 'NONE', ( #1252 ), #1598 ) ;
#272 = B_SPLINE_CURVE_WITH_KNOTS ( 'NONE', 3,
 ( #1687, #6239, #740, #2280, #1309, #2721 ),
 .UNSPECIFIED., .F., .F.,
 ( 4, 2, 4 ),
 ( 2.380732032313023166E-07, 0.002188883224565558831, 0.004377528375927886364 ),
 .UNSPECIFIED. ) ;
#273 = CARTESIAN_POINT ( 'NONE',  ( -0.2247104587877027937, 0.9996699923329586124, 0.1394358870697670616 ) ) ;
#274 = CARTESIAN_POINT ( 'NONE',  ( 0.000000000000000000, 0.2459999999999999964, 0.3985000000000000209 ) ) ;
#275 = MECHANICAL_DESIGN_GEOMETRIC_PRESENTATION_REPRESENTATION (  '', ( #3270 ), #5610 ) ;
#276 = CARTESIAN_POINT ( 'NONE',  ( -0.04384332821131974728, 1.067694444444064805, -0.2207635626806918328 ) ) ;
#277 = VECTOR ( 'NONE', #5083, 39.37007874015748854 ) ;
#278 = DIRECTION ( 'NONE',  ( -0.000000000000000000, 1.000000000000000000, -0.000000000000000000 ) ) ;
#279 = CARTESIAN_POINT ( 'NONE',  ( -0.1224081601003309677, 0.6589977767815530241, 0.2699642746369463331 ) ) ;
#280 = CARTESIAN_POINT ( 'NONE',  ( -0.05184270316155748654, 1.059013888888207244, 0.2602178902306964137 ) ) ;
#281 = CARTESIAN_POINT ( 'NONE',  ( 7.014043396203656930E-05, 0.8367916666644088508, -0.2320802376343135964 ) ) ;
#282 = EDGE_LOOP ( 'NONE', ( #1284, #658 ) ) ;
#283 = CARTESIAN_POINT ( 'NONE',  ( 0.2649193648397595857, 0.9102615948841219495, 0.03514521127292232622 ) ) ;
#284 = DIRECTION ( 'NONE',  ( 0.000000000000000000, -1.000000000000000000, 3.667407320606400744E-18 ) ) ;
#286 = EDGE_CURVE ( 'NONE', #1221, #40, #3027, .T. ) ;
#285 = VERTEX_POINT ( 'NONE', #1116 ) ;
#287 = CARTESIAN_POINT ( 'NONE',  ( 0.000000000000000000, 0.8170000000000000595, 0.000000000000000000 ) ) ;
#288 = CARTESIAN_POINT ( 'NONE',  ( 0.000000000000000000, 0.8170000000000000595, 0.000000000000000000 ) ) ;
#289 = CARTESIAN_POINT ( 'NONE',  ( 0.02521868048363511833, 0.8864444444450001459, 0.2535514173499126001 ) ) ;
#290 = CARTESIAN_POINT ( 'NONE',  ( -0.1951545638141908290, 0.7638749999974071558, -0.1950284682696848959 ) ) ;
#291 =( CONVERSION_BASED_UNIT ( 'INCH', #2762 ) LENGTH_UNIT ( ) NAMED_UNIT ( #5669 ) );
#292 = LINE ( 'NONE', #2766, #2296 ) ;
#293 = CARTESIAN_POINT ( 'NONE',  ( -0.1761837294381197738, 0.9748124999987685113, 0.1446861541262641215 ) ) ;
#295 = EDGE_CURVE ( 'NONE', #1907, #563, #636, .T. ) ;
#294 = VERTEX_POINT ( 'NONE', #4997 ) ;
#296 = CARTESIAN_POINT ( 'NONE',  ( -0.1854999999999998317, 0.2460000000000000242, 0.000000000000000000 ) ) ;
#297 = CARTESIAN_POINT ( 'NONE',  ( 0.1088853206067091905, 1.058811340373102095, 0.2293270930966084253 ) ) ;
#298 = CARTESIAN_POINT ( 'NONE',  ( -0.1888907352642286153, 1.041652777777452465, -0.1890055101133112647 ) ) ;
#299 = CARTESIAN_POINT ( 'NONE',  ( 0.1054295829158655995, 1.117173611111120346, -0.1971017734584254999 ) ) ;
#301 = EDGE_LOOP ( 'NONE', ( #3772, #3495, #4294, #1334 ) ) ;
#300 = PRODUCT_DEFINITION ( 'General', '', #545, #5720 ) ;
#302 =( CONVERSION_BASED_UNIT ( 'INCH', #1300 ) LENGTH_UNIT ( ) NAMED_UNIT ( #4675 ) );
#303 = FILL_AREA_STYLE ('',( #3782 ) ) ;
#304 = CARTESIAN_POINT ( 'NONE',  ( -0.1848861407026560766, 0.8864444444449997018, 0.1937896812075945441 ) ) ;
#305 = SURFACE_STYLE_USAGE ( .BOTH. , #3064 ) ;
#306 = LENGTH_MEASURE_WITH_UNIT ( LENGTH_MEASURE( 0.02539999999999999897 ), #772 );
#307 =( CONVERSION_BASED_UNIT ( 'INCH', #5320 ) LENGTH_UNIT ( ) NAMED_UNIT ( #4404 ) );
#308 = CARTESIAN_POINT ( 'NONE',  ( -0.1626740002931547080, 0.9062361111094213717, -0.1627723268385502242 ) ) ;
#309 = DIRECTION ( 'NONE',  ( 0.000000000000000000, 1.000000000000000000, 0.000000000000000000 ) ) ;
#310 = CARTESIAN_POINT ( 'NONE',  ( 0.04843435223987356542, 0.8053209323142193066, -0.3126730725181630643 ) ) ;
#311 = CARTESIAN_POINT ( 'NONE',  ( 0.2082648856789718061, 1.055541666666151457, -0.08634552608663617623 ) ) ;
#312 = CARTESIAN_POINT ( 'NONE',  ( -0.1014793697199228573, 1.057277777777082983, 0.2452172477381863447 ) ) ;
#313 = CARTESIAN_POINT ( 'NONE',  ( -0.02282017788438204381, 0.8376597222199650972, -0.2309277775227664975 ) ) ;
#314 = EDGE_LOOP ( 'NONE', ( #905, #5981, #6319, #5856 ) ) ;
#315 = CARTESIAN_POINT ( 'NONE',  ( 0.06929364695139603181, 0.8998538888605102093, 0.2588734063909174377 ) ) ;
#316 = EDGE_LOOP ( 'NONE', ( #5803, #748, #4189, #1413 ) ) ;
#317 = CARTESIAN_POINT ( 'NONE',  ( 0.1638961338288207892, 1.069718381818565378, -0.1789489263341307035 ) ) ;
#318 =( CONVERSION_BASED_UNIT ( 'INCH', #3735 ) LENGTH_UNIT ( ) NAMED_UNIT ( #4338 ) );
#319 = CARTESIAN_POINT ( 'NONE',  ( -0.1290701218574986375, 0.8359236111090511123, 0.2412967678477248301 ) ) ;
#320 = LINE ( 'NONE', #2291, #5214 ) ;
#321 = CARTESIAN_POINT ( 'NONE',  ( -0.04466077452015470434, 0.9565833333319964105, -0.2241439561733520880 ) ) ;
#322 = ORIENTED_EDGE ( 'NONE', *, *, #176, .F. ) ;
#323 = CARTESIAN_POINT ( 'NONE',  ( -0.1060013533867987107, 1.063354166666140133, -0.1984586620113178435 ) ) ;
#324 = CARTESIAN_POINT ( 'NONE',  ( 0.000000000000000000, 0.8864444444449997018, -3.057740826994037761E-20 ) ) ;
#325 = CARTESIAN_POINT ( 'NONE',  ( 0.2346213412945233612, 1.080715277777738681, -0.1253161299501977799 ) ) ;
#326 = EDGE_CURVE ( 'NONE', #2426, #1045, #3061, .T. ) ;
#327 = AXIS2_PLACEMENT_3D ( 'NONE', #6095, #4509, #2032 ) ;
#328 =( GEOMETRIC_REPRESENTATION_CONTEXT ( 3 ) GLOBAL_UNCERTAINTY_ASSIGNED_CONTEXT ( ( #6356 ) ) GLOBAL_UNIT_ASSIGNED_CONTEXT ( ( #4423, #5893, #5515 ) ) REPRESENTATION_CONTEXT ( 'NONE', 'WORKASPACE' ) );
#329 = CARTESIAN_POINT ( 'NONE',  ( -0.1076297267572780270, 0.8143379637096718193, -0.2506855633302303987 ) ) ;
#330 = ORIENTED_EDGE ( 'NONE', *, *, #6277, .T. ) ;
#331 = CARTESIAN_POINT ( 'NONE',  ( 0.1250000000000001110, 0.2459999999999999964, 0.000000000000000000 ) ) ;
#332 = CARTESIAN_POINT ( 'NONE',  ( -0.07188113362218707947, 0.7909583344548037909, -0.2212273831747662289 ) ) ;
#333 = CARTESIAN_POINT ( 'NONE',  ( 0.005311284541823121409, 1.087001024745667399, 0.2235259213682074531 ) ) ;
#334 = CARTESIAN_POINT ( 'NONE',  ( -0.04636379894412941821, 1.055331182114549016, 0.2534984756647561399 ) ) ;
#335 = CIRCLE ( 'NONE', #4781, 0.2214000000000002633 ) ;
#336 =( NAMED_UNIT ( * ) PLANE_ANGLE_UNIT ( ) SI_UNIT ( $, .RADIAN. ) );
#337 = CARTESIAN_POINT ( 'NONE',  ( -0.2281703720228586973, 0.9617916666654555691, -6.891426718594129760E-05 ) ) ;
#338 = CIRCLE ( 'NONE', #4150, 0.2949999999999999845 ) ;
#339 = DIRECTION ( 'NONE',  ( 0.000000000000000000, -1.000000000000000000, 0.000000000000000000 ) ) ;
#340 = SURFACE_STYLE_FILL_AREA ( #3463 ) ;
#341 = VECTOR ( 'NONE', #3423, 39.37007874015748143 ) ;
#342 = CARTESIAN_POINT ( 'NONE',  ( -0.2140863585701194283, 0.8541527777756966477, -0.08875328210114952210 ) ) ;
#343 = CARTESIAN_POINT ( 'NONE',  ( -4.558708846968883704E-16, 1.008651696605920467, 0.2640340226284861869 ) ) ;
#344 = DIRECTION ( 'NONE',  ( 1.224646799147353207E-16, 1.000000000000000000, 0.000000000000000000 ) ) ;
#345 = CARTESIAN_POINT ( 'NONE',  ( 0.09034558994690559952, 0.9032148953275341841, -0.2248726160259023610 ) ) ;
#346 = COLOUR_RGB ( '',0.1019607843137254888, 0.1019607843137254888, 0.1019607843137254888 ) ;
#347 = CARTESIAN_POINT ( 'NONE',  ( -0.07745126325854316540, 1.002590277776542305, 0.2556202428063376608 ) ) ;
#348 = CARTESIAN_POINT ( 'NONE',  ( -0.1884478400768883066, 1.019083333332489349, -0.1258281821005892420 ) ) ;
#349 = ORIENTED_EDGE ( 'NONE', *, *, #286, .T. ) ;
#350 = SURFACE_STYLE_USAGE ( .BOTH. , #3289 ) ;
#351 = CARTESIAN_POINT ( 'NONE',  ( 0.000000000000000000, 0.2459999999999999964, -0.5032890738579166579 ) ) ;
#352 = VERTEX_POINT ( 'NONE', #768 ) ;
#353 = PRESENTATION_LAYER_ASSIGNMENT (  '', '', ( #5113 ) ) ;
#354 = CIRCLE ( 'NONE', #2532, 0.01968503937007875723 ) ;
#355 = CARTESIAN_POINT ( 'NONE',  ( 0.2484383029057602443, 0.9701593181068305372, -0.09328418660910728355 ) ) ;
#356 = UNCERTAINTY_MEASURE_WITH_UNIT (LENGTH_MEASURE( 1.000000000000000082E-05 ), #2014, 'distance_accuracy_value', 'NONE');
#357 = CARTESIAN_POINT ( 'NONE',  ( 0.000000000000000000, 0.8169999999999999485, -0.2309085755236908455 ) ) ;
#358 = CARTESIAN_POINT ( 'NONE',  ( 0.1902619293981458182, 0.9461666666653150148, -0.1272184560161753186 ) ) ;
#359 = FACE_OUTER_BOUND ( 'NONE', #4822, .T. ) ;
#360 = VERTEX_POINT ( 'NONE', #268 ) ;
#361 = CARTESIAN_POINT ( 'NONE',  ( 0.1016205511920610371, 1.058634145454486530, 0.2328411534117381387 ) ) ;
#362 = CARTESIAN_POINT ( 'NONE',  ( 0.05259051963145110198, 0.9531111111100007971, 0.2648108506630736936 ) ) ;
#363 = UNCERTAINTY_MEASURE_WITH_UNIT (LENGTH_MEASURE( 1.000000000000000082E-05 ), #234, 'distance_accuracy_value', 'NONE');
#364 = CARTESIAN_POINT ( 'NONE',  ( -0.2674936934701799274, 0.8229027777752353501, -0.05311791219868837455 ) ) ;
#365 = ORIENTED_EDGE ( 'NONE', *, *, #5956, .T. ) ;
#366 = CARTESIAN_POINT ( 'NONE',  ( -0.2637010464214242234, 0.8864444444449995908, 0.02560331241495793567 ) ) ;
#367 = CARTESIAN_POINT ( 'NONE',  ( 0.02205126973159617434, 1.087659722221978820, 0.2231459408054432547 ) ) ;
#368 = DIRECTION ( 'NONE',  ( 0.000000000000000000, 1.000000000000000000, 0.000000000000000000 ) ) ;
#369 =( NAMED_UNIT ( * ) SI_UNIT ( $, .STERADIAN. ) SOLID_ANGLE_UNIT ( ) );
#370 = CARTESIAN_POINT ( 'NONE',  ( 0.1072293644123385181, 0.9800208333322530940, 0.2007578430929916613 ) ) ;
#371 = SURFACE_STYLE_FILL_AREA ( #5878 ) ;
#372 = ADVANCED_FACE ( 'NONE', ( #2689 ), #4246, .T. ) ;
#373 = CARTESIAN_POINT ( 'NONE',  ( 0.04419768035714299187, 1.001722222221328673, -0.2225750444946829332 ) ) ;
#374 = DIMENSIONAL_EXPONENTS ( 1.000000000000000000, 0.000000000000000000, 0.000000000000000000, 0.000000000000000000, 0.000000000000000000, 0.000000000000000000, 0.000000000000000000 ) ;
#375 =( CONVERSION_BASED_UNIT ( 'INCH', #4811 ) LENGTH_UNIT ( ) NAMED_UNIT ( #1963 ) );
#376 = CARTESIAN_POINT ( 'NONE',  ( -0.06670269518895263761, 0.9244652777762540907, 0.2196504190489213526 ) ) ;
#377 = CARTESIAN_POINT ( 'NONE',  ( -0.1287880860010761630, 0.8489444444422894476, -0.1928711491594834460 ) ) ;
#378 = CARTESIAN_POINT ( 'NONE',  ( -0.01754022952187848927, 0.9215374050380453763, -0.2663122331502711382 ) ) ;
#379 = CARTESIAN_POINT ( 'NONE',  ( 0.04322073672030463803, 0.9313319833513343804, 0.2290619818851016565 ) ) ;
#380 = CARTESIAN_POINT ( 'NONE',  ( -0.1884478400675277943, 1.019083333332531094, -0.1258281821302317249 ) ) ;
#381 = ADVANCED_FACE ( 'NONE', ( #4673 ), #6196, .T. ) ;
#382 = PRESENTATION_STYLE_ASSIGNMENT (( #6184 ) ) ;
#383 = AXIS2_PLACEMENT_3D ( 'NONE', #3683, #3773, #5446 ) ;
#384 =( GEOMETRIC_REPRESENTATION_CONTEXT ( 3 ) GLOBAL_UNCERTAINTY_ASSIGNED_CONTEXT ( ( #5974 ) ) GLOBAL_UNIT_ASSIGNED_CONTEXT ( ( #5579, #4557, #3628 ) ) REPRESENTATION_CONTEXT ( 'NONE', 'WORKASPACE' ) );
#385 = CARTESIAN_POINT ( 'NONE',  ( -0.2623803896684774872, 0.9895694444431761827, -0.05210247970954384744 ) ) ;
#386 = VECTOR ( 'NONE', #5232, 39.37007874015748854 ) ;
#387 = CARTESIAN_POINT ( 'NONE',  ( -0.1751383182509396452, 1.018215277777032357, -0.1438208259273791312 ) ) ;
#388 = VECTOR ( 'NONE', #194, 39.37007874015748143 ) ;
#389 = ORIENTED_EDGE ( 'NONE', *, *, #6224, .F. ) ;
#390 = CARTESIAN_POINT ( 'NONE',  ( 0.000000000000000000, 0.2459999999999999964, 0.3985000000000000209 ) ) ;
#391 =( LENGTH_UNIT ( ) NAMED_UNIT ( * ) SI_UNIT ( $, .METRE. ) );
#392 = EDGE_CURVE ( 'NONE', #5366, #4987, #232, .T. ) ;
#393 = DIRECTION ( 'NONE',  ( -0.000000000000000000, -0.000000000000000000, 1.000000000000000000 ) ) ;
#394 = CARTESIAN_POINT ( 'NONE',  ( 0.2302430666808135407, 0.9623459930544062679, 0.1332869230842823605 ) ) ;
#395 = CARTESIAN_POINT ( 'NONE',  ( 0.2284132242887602915, 1.027161683752821242, -0.1315761660721972981 ) ) ;
#396 = CARTESIAN_POINT ( 'NONE',  ( -0.04833842045202119131, 0.8052976872998357516, -0.3127284587617034650 ) ) ;
#397 = VERTEX_POINT ( 'NONE', #4243 ) ;
#398 = CARTESIAN_POINT ( 'NONE',  ( 0.2215132257768518964, 1.062389004467537923, 0.1168702879837601738 ) ) ;
#399 = CARTESIAN_POINT ( 'NONE',  ( -0.2572646146147995472, 0.9904374999991691908, -0.07794951492019837336 ) ) ;
#400 = CARTESIAN_POINT ( 'NONE',  ( -0.1474999999999999645, 0.8170000000000000595, -0.2554774941164094093 ) ) ;
#401 = CARTESIAN_POINT ( 'NONE',  ( -0.2255301767061204943, 0.9114444444427908243, -0.04493157873276491798 ) ) ;
#402 = CARTESIAN_POINT ( 'NONE',  ( 0.2142868010510130539, 1.105020833333228536, 0.06492705441016140278 ) ) ;
#403 = DIRECTION ( 'NONE',  ( 1.000000000000000000, 0.000000000000000000, 0.000000000000000000 ) ) ;
#404 = VERTEX_POINT ( 'NONE', #3213 ) ;
#405 = CARTESIAN_POINT ( 'NONE',  ( 0.1992600000000002702, 0.2459999999999999964, -0.7017244094488186423 ) ) ;
#406 = FACE_OUTER_BOUND ( 'NONE', #423, .T. ) ;
#407 = CARTESIAN_POINT ( 'NONE',  ( 0.06615530320254481289, 0.9782847222210799831, 0.2178297729704095909 ) ) ;
#408 = CARTESIAN_POINT ( 'NONE',  ( 0.1273406290588388057, 0.9253333333317967924, 0.1907034053789175843 ) ) ;
#409 = ORIENTED_EDGE ( 'NONE', *, *, #4618, .T. ) ;
#410 = CARTESIAN_POINT ( 'NONE',  ( -8.124547947001197021E-13, 1.073854453879861781, -0.2377247843414846407 ) ) ;
#411 = CARTESIAN_POINT ( 'NONE',  ( 0.1279993675589290725, 0.8940833333315189035, -0.1916994557297087287 ) ) ;
#412 = CARTESIAN_POINT ( 'NONE',  ( 0.000000000000000000, 0.6583750000000000435, -0.2949999999999999845 ) ) ;
#413 = CARTESIAN_POINT ( 'NONE',  ( -0.04466077454911562827, 0.9496388888875630929, -0.2241439561653254253 ) ) ;
#414 = CARTESIAN_POINT ( 'NONE',  ( -0.2264321339164187541, 1.024291666665947398, 7.364951648925636485E-05 ) ) ;
#415 = CARTESIAN_POINT ( 'NONE',  ( 0.1859282584092368240, 1.105888888888793220, -0.1243208234208045548 ) ) ;
#416 = EDGE_CURVE ( 'NONE', #1344, #352, #5361, .T. ) ;
#417 = CARTESIAN_POINT ( 'NONE',  ( 0.000000000000000000, 1.092000000000000082, 0.000000000000000000 ) ) ;
#418 = CARTESIAN_POINT ( 'NONE',  ( -0.1695760221983316218, 0.9991180555544804109, 0.2065010544539156445 ) ) ;
#419 = CARTESIAN_POINT ( 'NONE',  ( -0.2236466382756342464, 1.078979166666387490, -0.02195380438340884671 ) ) ;
#420 = ORIENTED_EDGE ( 'NONE', *, *, #928, .T. ) ;
#421 = CARTESIAN_POINT ( 'NONE',  ( -0.2333835261708283315, 0.7951249999974653315, -7.054914549441271960E-05 ) ) ;
#422 = CARTESIAN_POINT ( 'NONE',  ( -0.2949999999999999845, 0.8170000000000000595, -5.914624404477005089E-17 ) ) ;
#423 = EDGE_LOOP ( 'NONE', ( #4012, #3115, #1345, #6434 ) ) ;
#424 = CARTESIAN_POINT ( 'NONE',  ( 0.2484268070804298845, 0.9637887788385609555, 0.09388033371786183579 ) ) ;
#425 = FACE_OUTER_BOUND ( 'NONE', #3902, .T. ) ;
#426 = CARTESIAN_POINT ( 'NONE',  ( -0.09170720102145754615, 1.087403554583462828, 0.2040448288861592963 ) ) ;
#427 =( CONVERSION_BASED_UNIT ( 'INCH', #816 ) LENGTH_UNIT ( ) NAMED_UNIT ( #3189 ) );
#428 = PRESENTATION_STYLE_ASSIGNMENT (( #5865 ) ) ;
#429 = DIRECTION ( 'NONE',  ( -0.000000000000000000, -0.000000000000000000, 1.000000000000000000 ) ) ;
#430 = CARTESIAN_POINT ( 'NONE',  ( -0.07803345487912616285, 0.9817569444435462200, -0.2575234311855555958 ) ) ;
#431 = UNCERTAINTY_MEASURE_WITH_UNIT (LENGTH_MEASURE( 1.000000000000000082E-05 ), #2008, 'distance_accuracy_value', 'NONE');
#432 = CARTESIAN_POINT ( 'NONE',  ( 0.02213683978401817520, 1.065090277777363426, -0.2240656649672769785 ) ) ;
#433 = CIRCLE ( 'NONE', #1749, 0.1992600000000002702 ) ;
#434 = VERTEX_POINT ( 'NONE', #2535 ) ;
#435 = CARTESIAN_POINT ( 'NONE',  ( 0.000000000000000000, 0.3709999999999998854, 0.7970000000000000417 ) ) ;
#436 = CARTESIAN_POINT ( 'NONE',  ( -0.08645919056202067132, 1.027763888888112209, 0.2089231389837505060 ) ) ;
#437 = CARTESIAN_POINT ( 'NONE',  ( -0.2309407051634675134, 1.050353506827586436, 0.1252857976491306979 ) ) ;
#438 = CARTESIAN_POINT ( 'NONE',  ( -0.1779153275415121249, 0.9001597222204551496, -0.1459145726112837105 ) ) ;
#439 =( LENGTH_UNIT ( ) NAMED_UNIT ( * ) SI_UNIT ( $, .METRE. ) );
#440 = COLOUR_RGB ( '',0.1019607843137254888, 0.1019607843137254888, 0.1019607843137254888 ) ;
#441 = CARTESIAN_POINT ( 'NONE',  ( 0.2130805864584053577, 0.8888749999981734318, -0.08834202423946961591 ) ) ;
#442 = FACE_BOUND ( 'NONE', #1945, .T. ) ;
#443 = CARTESIAN_POINT ( 'NONE',  ( 0.1792951584367603879, 0.9366398442456166373, 0.1462530022199475532 ) ) ;
#444 = CARTESIAN_POINT ( 'NONE',  ( 0.2003070236217686095, 1.000854166665749556, -0.1071501057243951227 ) ) ;
#445 = CARTESIAN_POINT ( 'NONE',  ( -0.2204175107916786780, 1.071166666666290235, -0.04391293937392300173 ) ) ;
#446 = FILL_AREA_STYLE ('',( #6374 ) ) ;
#447 = STYLED_ITEM ( 'NONE', ( #6453 ), #5989 ) ;
#448 = CONICAL_SURFACE ( 'NONE', #554, 0.2949999999999999845, 1.047197551196600074 ) ;
#449 = DIRECTION ( 'NONE',  ( 0.000000000000000000, -1.000000000000000000, 0.000000000000000000 ) ) ;
#450 = CARTESIAN_POINT ( 'NONE',  ( -8.164102608800923478E-05, 0.9496388888873608103, 0.2687530185050158171 ) ) ;
#451 = FACE_BOUND ( 'NONE', #1601, .T. ) ;
#452 = CARTESIAN_POINT ( 'NONE',  ( -0.1880950938827315178, 1.029499999999298865, 0.1257696397425587254 ) ) ;
#453 = ORIENTED_EDGE ( 'NONE', *, *, #1898, .T. ) ;
#454 = CARTESIAN_POINT ( 'NONE',  ( 0.1799307574566704759, 0.8168263888864771838, 0.1475675357010250155 ) ) ;
#455 = ORIENTED_EDGE ( 'NONE', *, *, #2763, .T. ) ;
#456 = AXIS2_PLACEMENT_3D ( 'NONE', #2472, #2, #533 ) ;
#457 = EDGE_CURVE ( 'NONE', #4735, #285, #6029, .T. ) ;
#458 = PRESENTATION_STYLE_ASSIGNMENT (( #4887 ) ) ;
#459 = CARTESIAN_POINT ( 'NONE',  ( 0.1167583648083441172, 1.032369597174717102, -0.2361503930290430042 ) ) ;
#460 = FACE_OUTER_BOUND ( 'NONE', #1425, .T. ) ;
#461 = FACE_OUTER_BOUND ( 'NONE', #6182, .T. ) ;
#462 = PRESENTATION_LAYER_ASSIGNMENT (  '', '', ( #5001 ) ) ;
#463 = AXIS2_PLACEMENT_3D ( 'NONE', #516, #5853, #4911 ) ;
#464 = ADVANCED_FACE ( 'NONE', ( #1361 ), #2834, .T. ) ;
#465 = CARTESIAN_POINT ( 'NONE',  ( -0.2570582582007209793, 0.9956458333325446386, 0.07806856946409933273 ) ) ;
#466 = COLOUR_RGB ( '',0.1019607843137254888, 0.1019607843137254888, 0.1019607843137254888 ) ;
#467 = CARTESIAN_POINT ( 'NONE',  ( -0.08645919059127342432, 1.034708333332666763, 0.2089231389742821909 ) ) ;
#468 = PRESENTATION_LAYER_ASSIGNMENT (  '', '', ( #3854 ) ) ;
#469 = VERTEX_POINT ( 'NONE', #4282 ) ;
#470 = DIRECTION ( 'NONE',  ( -0.000000000000000000, -0.000000000000000000, 1.000000000000000000 ) ) ;
#471 = CARTESIAN_POINT ( 'NONE',  ( -0.2950000000000000955, 0.6609226066219237028, 0.05802577058558326673 ) ) ;
#472 = CARTESIAN_POINT ( 'NONE',  ( 0.1069430433491806026, 0.9991180555545692288, -0.2002329778466671872 ) ) ;
#473 = CARTESIAN_POINT ( 'NONE',  ( 0.2190768237103558058, 0.9366180555540251085, -0.06653401897729055436 ) ) ;
#474 = B_SPLINE_CURVE_WITH_KNOTS ( 'NONE', 3,
 ( #251, #2732, #6217, #3704, #1225, #5298 ),
 .UNSPECIFIED., .F., .F.,
 ( 4, 2, 4 ),
 ( 0.02207991801219932534, 0.02427096758425958262, 0.02646201715631983642 ),
 .UNSPECIFIED. ) ;
#475 = CARTESIAN_POINT ( 'NONE',  ( -0.1776184629691412997, 0.9192569444428869696, 0.1456779270535074333 ) ) ;
#476 = CARTESIAN_POINT ( 'NONE',  ( -0.2233915712247809271, 0.7994652777752399020, -0.06783884263274224391 ) ) ;
#477 = PRESENTATION_STYLE_ASSIGNMENT (( #2478 ) ) ;
#478 = FACE_OUTER_BOUND ( 'NONE', #2648, .T. ) ;
#479 = CARTESIAN_POINT ( 'NONE',  ( 0.04435104445548712637, 0.9843611111101134847, 0.2233202145801306271 ) ) ;
#480 = CARTESIAN_POINT ( 'NONE',  ( -0.1980086132024108658, 1.077243055555202389, 0.1059206528905900085 ) ) ;
#481 = STYLED_ITEM ( 'NONE', ( #123 ), #2952 ) ;
#482 = AXIS2_PLACEMENT_3D ( 'NONE', #5506, #3357, #5397 ) ;
#483 = CARTESIAN_POINT ( 'NONE',  ( -0.2079896317439111353, 0.9418263888873031897, 0.1705869659607127387 ) ) ;
#484 = PLANE ( 'NONE',  #225 ) ;
#485 = CARTESIAN_POINT ( 'NONE',  ( -0.1980086131824103091, 1.084187499999640591, 0.1059206529176068001 ) ) ;
#486 = VERTEX_POINT ( 'NONE', #3489 ) ;
#487 = CARTESIAN_POINT ( 'NONE',  ( -0.1992492965081904821, 0.9840230520342244658, -0.1752665757617193343 ) ) ;
#488 =( LENGTH_UNIT ( ) NAMED_UNIT ( * ) SI_UNIT ( $, .METRE. ) );
#489 = VECTOR ( 'NONE', #6262, 39.37007874015748143 ) ;
#490 = SURFACE_STYLE_FILL_AREA ( #4395 ) ;
#491 = CARTESIAN_POINT ( 'NONE',  ( 0.2564354068675137599, 0.9646623732968824250, 0.06895941819562730057 ) ) ;
#492 = MECHANICAL_DESIGN_GEOMETRIC_PRESENTATION_REPRESENTATION (  '', ( #1918 ), #5258 ) ;
#493 = CARTESIAN_POINT ( 'NONE',  ( 0.1606720281629828162, 1.014427184502594281, 0.2100017548470757556 ) ) ;
#494 = COLOUR_RGB ( '',0.1019607843137254888, 0.1019607843137254888, 0.1019607843137254888 ) ;
#495 = CARTESIAN_POINT ( 'NONE',  ( 0.2949999999999999289, 0.6847233372557268716, 0.1703183294109396340 ) ) ;
#496 = CARTESIAN_POINT ( 'NONE',  ( -3.030218672993167937E-17, 0.8864444444449997018, -0.2474361322058673540 ) ) ;
#497 = EDGE_CURVE ( 'NONE', #2426, #5812, #5873, .T. ) ;
#498 = LINE ( 'NONE', #2534, #1364 ) ;
#499 = CARTESIAN_POINT ( 'NONE',  ( 0.1349821501323107964, 0.6583750000000000435, -0.2627046781071951109 ) ) ;
#500 = PRESENTATION_LAYER_ASSIGNMENT (  '', '', ( #4936 ) ) ;
#501 = LENGTH_MEASURE_WITH_UNIT ( LENGTH_MEASURE( 0.02539999999999999897 ), #2984 );
#502 = CARTESIAN_POINT ( 'NONE',  ( -0.2386948382095520904, 0.9331458333319917475, -0.1274858309366249665 ) ) ;
#503 = LENGTH_MEASURE_WITH_UNIT ( LENGTH_MEASURE( 0.02539999999999999897 ), #5416 );
#504 = UNCERTAINTY_MEASURE_WITH_UNIT (LENGTH_MEASURE( 1.000000000000000082E-05 ), #144, 'distance_accuracy_value', 'NONE');
#505 = DIRECTION ( 'NONE',  ( 1.000000000000000000, 0.000000000000000000, 0.000000000000000000 ) ) ;
#506 = EDGE_CURVE ( 'NONE', #1119, #352, #5768, .T. ) ;
#507 = ORIENTED_EDGE ( 'NONE', *, *, #2196, .F. ) ;
#508 = DIRECTION ( 'NONE',  ( -1.000000000000000000, 0.000000000000000000, -0.000000000000000000 ) ) ;
#509 = CARTESIAN_POINT ( 'NONE',  ( -0.1751383182509396452, 1.011270833332532426, -0.1438208259273791312 ) ) ;
#510 = SURFACE_SIDE_STYLE ('',( #4029 ) ) ;
#511 = CARTESIAN_POINT ( 'NONE',  ( -0.2026054340451247937, 0.9105763888872193679, 0.1083795585549518908 ) ) ;
#512 = VERTEX_POINT ( 'NONE', #2866 ) ;
#513 = CARTESIAN_POINT ( 'NONE',  ( -0.1444862832364345873, 0.9110068902807608726, -0.1915828514710930519 ) ) ;
#514 = CARTESIAN_POINT ( 'NONE',  ( -0.2059809305504711474, 0.7977291666640934364, -0.1100130709126306838 ) ) ;
#515 = PRESENTATION_STYLE_ASSIGNMENT (( #4384 ) ) ;
#516 = CARTESIAN_POINT ( 'NONE',  ( 0.000000000000000000, 0.6583750000000000435, 0.000000000000000000 ) ) ;
#517 = CARTESIAN_POINT ( 'NONE',  ( 0.2279565833200416503, 0.9331458333318932707, 0.02252129389078634872 ) ) ;
#518 = CARTESIAN_POINT ( 'NONE',  ( -0.02239314250239289941, 0.9817569444434568471, 0.2266596105408908157 ) ) ;
#519 = CARTESIAN_POINT ( 'NONE',  ( -0.2950000000000000400, 0.6847233372557270936, 0.1703183294109395784 ) ) ;
#520 = CARTESIAN_POINT ( 'NONE',  ( 0.2103019262122639566, 0.8463402777753850081, 0.1724765746308314085 ) ) ;
#521 = CARTESIAN_POINT ( 'NONE',  ( 0.2229738437384844452, 0.9947777777768221918, 0.04442225908321116579 ) ) ;
#522 = ORIENTED_EDGE ( 'NONE', *, *, #536, .T. ) ;
#523 = CARTESIAN_POINT ( 'NONE',  ( -0.06757258944093168240, 0.8064097222196838777, 0.2230178171531225495 ) ) ;
#524 = CARTESIAN_POINT ( 'NONE',  ( 0.000000000000000000, 0.2459999999999999964, -0.7773149606299212255 ) ) ;
#525 = EDGE_LOOP ( 'NONE', ( #4332, #5339, #4475, #134, #389 ) ) ;
#526 = CARTESIAN_POINT ( 'NONE',  ( -0.04008992065954898598, 1.081679319353722413, 0.2260086103558281156 ) ) ;
#527 = CARTESIAN_POINT ( 'NONE',  ( 0.01739437944598599267, 1.009234197605876071, 0.2640158897976990771 ) ) ;
#528 = SURFACE_SIDE_STYLE ('',( #2433 ) ) ;
#529 = FILL_AREA_STYLE_COLOUR ( '', #440 ) ;
#530 =( NAMED_UNIT ( * ) PLANE_ANGLE_UNIT ( ) SI_UNIT ( $, .RADIAN. ) );
#531 = CARTESIAN_POINT ( 'NONE',  ( -0.07899467728370608566, 0.8932152777762335516, 0.2601259549964169415 ) ) ;
#532 = ORIENTED_EDGE ( 'NONE', *, *, #6271, .T. ) ;
#533 = DIRECTION ( 'NONE',  ( 0.000000000000000000, 0.000000000000000000, 1.000000000000000000 ) ) ;
#534 = CARTESIAN_POINT ( 'NONE',  ( 0.04517009419551606259, 0.8663055555535436048, 0.2267002891303150358 ) ) ;
#535 = ORIENTED_EDGE ( 'NONE', *, *, #2351, .F. ) ;
#536 = EDGE_CURVE ( 'NONE', #2923, #1662, #5008, .T. ) ;
#537 = CYLINDRICAL_SURFACE ( 'NONE', #2634, 0.1249999999999999029 ) ;
#538 = CARTESIAN_POINT ( 'NONE',  ( -0.1733995232832149236, 0.9236476767177266289, 0.1593144393316104634 ) ) ;
#539 = CARTESIAN_POINT ( 'NONE',  ( 0.08546245189951733046, 1.111097222222127368, -0.2065146629576013193 ) ) ;
#540 =( NAMED_UNIT ( * ) PLANE_ANGLE_UNIT ( ) SI_UNIT ( $, .RADIAN. ) );
#541 = CARTESIAN_POINT ( 'NONE',  ( 0.2290387109922614739, 0.9340138888874236489, -7.446697009647901949E-05 ) ) ;
#542 = CARTESIAN_POINT ( 'NONE',  ( 0.08745592925289347175, 0.9513749999986942374, -0.2113316150003833604 ) ) ;
#543 = CARTESIAN_POINT ( 'NONE',  ( -0.2075166544514084055, 1.076374999999746729, 0.08588283698948841194 ) ) ;
#544 = VECTOR ( 'NONE', #1681, 39.37007874015748143 ) ;
#545 = PRODUCT_DEFINITION_FORMATION_WITH_SPECIFIED_SOURCE ( 'Symmetric', '', #2573, .NOT_KNOWN. ) ;
#546 = CARTESIAN_POINT ( 'NONE',  ( 0.02651175428959308064, 0.9209930555537603203, -0.2683425658297687311 ) ) ;
#547 = CARTESIAN_POINT ( 'NONE',  ( 0.1264940478906867172, 0.9878333333324169629, 0.1891785116304936509 ) ) ;
#548 = ORIENTED_EDGE ( 'NONE', *, *, #3454, .T. ) ;
#549 = CARTESIAN_POINT ( 'NONE',  ( -0.1747790584265601632, 0.9828709312469475767, -0.1997246372978598861 ) ) ;
#550 = SURFACE_STYLE_USAGE ( .BOTH. , #3892 ) ;
#551 = CYLINDRICAL_SURFACE ( 'NONE', #5597, 0.1992599999999999372 ) ;
#552 = SURFACE_STYLE_FILL_AREA ( #5481 ) ;
#553 = FILL_AREA_STYLE ('',( #61 ) ) ;
#554 = AXIS2_PLACEMENT_3D ( 'NONE', #5556, #1069, #4062 ) ;
#555 = CARTESIAN_POINT ( 'NONE',  ( -0.2644763840032275382, 0.9403555554492373236, 0.03457070862307697057 ) ) ;
#556 = CARTESIAN_POINT ( 'NONE',  ( -0.2588316697028300584, 1.104152777777479111, 0.05157189895079431624 ) ) ;
#557 = MECHANICAL_DESIGN_GEOMETRIC_PRESENTATION_REPRESENTATION (  '', ( #447 ), #5762 ) ;
#558 = STYLED_ITEM ( 'NONE', ( #3112 ), #4283 ) ;
#559 = DIRECTION ( 'NONE',  ( 0.000000000000000000, 0.000000000000000000, 1.000000000000000000 ) ) ;
#560 = PRESENTATION_STYLE_ASSIGNMENT (( #4954 ) ) ;
#561 = CARTESIAN_POINT ( 'NONE',  ( 0.2730777961140735677, 0.8541527777758564088, 8.299727658763179060E-05 ) ) ;
#562 = UNCERTAINTY_MEASURE_WITH_UNIT (LENGTH_MEASURE( 1.000000000000000082E-05 ), #3262, 'distance_accuracy_value', 'NONE');
#563 = VERTEX_POINT ( 'NONE', #3012 ) ;
#564 = CARTESIAN_POINT ( 'NONE',  ( -0.08849999999999995370, 0.2459999999999999964, 0.000000000000000000 ) ) ;
#565 = CIRCLE ( 'NONE', #1280, 0.2459999999999997744 ) ;
#566 = CARTESIAN_POINT ( 'NONE',  ( 0.000000000000000000, 0.3344999999999999640, -0.08849999999999999534 ) ) ;
#567 = AXIS2_PLACEMENT_3D ( 'NONE', #2128, #4099, #1577 ) ;
#568 = CARTESIAN_POINT ( 'NONE',  ( -0.1924287648965156139, 0.8558888888868011469, 0.1286672723125921181 ) ) ;
#569 = AXIS2_PLACEMENT_3D ( 'NONE', #6203, #2778, #3694 ) ;
#570 = EDGE_LOOP ( 'NONE', ( #6298, #4922, #409, #2078 ) ) ;
#571 = FACE_OUTER_BOUND ( 'NONE', #2470, .T. ) ;
#572 = EDGE_CURVE ( 'NONE', #4434, #726, #2790, .T. ) ;
#573 = CARTESIAN_POINT ( 'NONE',  ( -0.2252266486220575736, 0.9204028599687285039, 0.07348323226861960822 ) ) ;
#574 = CARTESIAN_POINT ( 'NONE',  ( 0.1417821647957110409, 1.108493055555444862, -0.1728767528217291516 ) ) ;
#575 = FILL_AREA_STYLE ('',( #4521 ) ) ;
#576 = CARTESIAN_POINT ( 'NONE',  ( 0.1078884885774107766, 0.9505069444430720438, -0.2016985942972702450 ) ) ;
#577 = AXIS2_PLACEMENT_3D ( 'NONE', #5283, #2210, #1744 ) ;
#578 = CARTESIAN_POINT ( 'NONE',  ( 0.1917872772634865164, 0.8906111111093165666, -0.1280643575422270308 ) ) ;
#579 = CARTESIAN_POINT ( 'NONE',  ( -0.02642828538325556545, 0.8932152777757994544, 0.2692233272918140852 ) ) ;
#580 = EDGE_CURVE ( 'NONE', #397, #285, #2212, .T. ) ;
#581 = CARTESIAN_POINT ( 'NONE',  ( 0.06594526360675574683, 1.007798611110263920, -0.2171563175820770408 ) ) ;
#582 = VERTEX_POINT ( 'NONE', #6150 ) ;
#583 = CARTESIAN_POINT ( 'NONE',  ( 0.000000000000000000, 0.6583750000000000435, 0.000000000000000000 ) ) ;
#584 = SURFACE_STYLE_FILL_AREA ( #2150 ) ;
#585 = CARTESIAN_POINT ( 'NONE',  ( 0.2258641434597274122, 0.9336482237168285403, -0.05397071141467775501 ) ) ;
#586 = CARTESIAN_POINT ( 'NONE',  ( -0.1944504286887588085, 0.9458520115938923167, 0.1817027840152749540 ) ) ;
#587 = CARTESIAN_POINT ( 'NONE',  ( 0.02599914885357345815, 1.087659722221779646, -0.2631546746845105922 ) ) ;
#588 = AXIS2_PLACEMENT_3D ( 'NONE', #5679, #4095, #2086 ) ;
#589 = ADVANCED_FACE ( 'NONE', ( #162 ), #4658, .T. ) ;
#590 = FACE_OUTER_BOUND ( 'NONE', #5189, .T. ) ;
#591 = CARTESIAN_POINT ( 'NONE',  ( -0.1939114459501186105, 1.079364041977947331, -0.1276497220126888987 ) ) ;
#592 = CARTESIAN_POINT ( 'NONE',  ( -0.1880950938827315178, 1.022555555554798934, 0.1257696397425587254 ) ) ;
#593 =( NAMED_UNIT ( * ) PLANE_ANGLE_UNIT ( ) SI_UNIT ( $, .RADIAN. ) );
#594 =( LENGTH_UNIT ( ) NAMED_UNIT ( * ) SI_UNIT ( $, .METRE. ) );
#595 = CARTESIAN_POINT ( 'NONE',  ( 0.02646882438151708025, 0.9227291666653379965, -0.2696362541272369628 ) ) ;
#596 = CARTESIAN_POINT ( 'NONE',  ( -0.2205010786720545402, 1.061524404290059342, 0.1206441674348976978 ) ) ;
#597 = CARTESIAN_POINT ( 'NONE',  ( 0.000000000000000000, 0.8864444444449997018, -2.948480802763771024E-19 ) ) ;
#598 = ORIENTED_EDGE ( 'NONE', *, *, #12, .T. ) ;
#599 = CARTESIAN_POINT ( 'NONE',  ( 0.1244457150865423967, 1.098944444444272639, 0.1863679178583832197 ) ) ;
#600 = FILL_AREA_STYLE ('',( #4067 ) ) ;
#601 = CARTESIAN_POINT ( 'NONE',  ( 0.1293916804594761327, 0.8142222222197471604, 0.1935121826427309011 ) ) ;
#602 = VERTEX_POINT ( 'NONE', #6183 ) ;
#603 = PRODUCT_DEFINITION_SHAPE ( 'NONE', 'NONE',  #300 ) ;
#604 = CARTESIAN_POINT ( 'NONE',  ( 1.083812417245407500E-17, 0.8170000000000000595, 0.08849999999999999534 ) ) ;
#605 = SURFACE_STYLE_USAGE ( .BOTH. , #631 ) ;
#606 = CARTESIAN_POINT ( 'NONE',  ( 0.04536647691513909231, 0.8176944444420753966, 0.2284335183820029036 ) ) ;
#607 = CARTESIAN_POINT ( 'NONE',  ( -0.08579248198928525471, 0.9458372665355840869, 0.2523849239861727933 ) ) ;
#608 = CARTESIAN_POINT ( 'NONE',  ( 0.1799307574376378671, 0.8237708333309687880, 0.1475675357233932894 ) ) ;
#609 = LENGTH_MEASURE_WITH_UNIT ( LENGTH_MEASURE( 0.02539999999999999897 ), #3978 );
#610 = CARTESIAN_POINT ( 'NONE',  ( -0.2184033683223720601, 0.9661319444432354686, -0.06632397938403121473 ) ) ;
#611 = CARTESIAN_POINT ( 'NONE',  ( 0.1078884886032524387, 0.9505069444430915837, -0.2016985942815883170 ) ) ;
#612 = ORIENTED_EDGE ( 'NONE', *, *, #1396, .F. ) ;
#613 = SURFACE_SIDE_STYLE ('',( #2558 ) ) ;
#614 = FILL_AREA_STYLE_COLOUR ( '', #5652 ) ;
#615 = ADVANCED_FACE ( 'NONE', ( #3676 ), #4130, .T. ) ;
#616 = CARTESIAN_POINT ( 'NONE',  ( -0.2114997572955012728, 0.9334028000301277661, -0.1628913956297640409 ) ) ;
#617 = CARTESIAN_POINT ( 'NONE',  ( -0.05134090534258143462, 1.114569444444217128, 0.2585454118188582062 ) ) ;
#618 = CARTESIAN_POINT ( 'NONE',  ( -0.1110351093225043356, 1.076596793952469211, -0.2072205950988929291 ) ) ;
#619 = CARTESIAN_POINT ( 'NONE',  ( -0.1066590357715841847, 1.026895833332556407, 0.1994001838597894982 ) ) ;
#620 = CARTESIAN_POINT ( 'NONE',  ( -0.1865018412664588565, 0.9049361668472685194, 0.1538793935849373518 ) ) ;
#621 = LENGTH_MEASURE_WITH_UNIT ( LENGTH_MEASURE( 0.02539999999999999897 ), #594 );
#622 = LENGTH_MEASURE_WITH_UNIT ( LENGTH_MEASURE( 0.02539999999999999897 ), #720 );
#623 = CARTESIAN_POINT ( 'NONE',  ( -8.258856519414876907E-05, 0.8958194444428982939, 0.2717745075782348474 ) ) ;
#624 = SURFACE_STYLE_USAGE ( .BOTH. , #5492 ) ;
#625 = UNCERTAINTY_MEASURE_WITH_UNIT (LENGTH_MEASURE( 1.000000000000000082E-05 ), #1922, 'distance_accuracy_value', 'NONE');
#626 = ORIENTED_EDGE ( 'NONE', *, *, #3630, .T. ) ;
#627 = CARTESIAN_POINT ( 'NONE',  ( 0.2149443290352421321, 0.8194305555532153118, 0.08895103724679477575 ) ) ;
#628 = EDGE_LOOP ( 'NONE', ( #808, #5245, #5837, #4258 ) ) ;
#629 = CARTESIAN_POINT ( 'NONE',  ( 0.1600178498676891603, 0.8170000000000001705, -0.2482503101256236244 ) ) ;
#630 = SURFACE_STYLE_USAGE ( .BOTH. , #1645 ) ;
#631 = SURFACE_SIDE_STYLE ('',( #1111 ) ) ;
#632 = CARTESIAN_POINT ( 'NONE',  ( -0.008743815403681791387, 0.9484445853436099805, 0.2659082260388901942 ) ) ;
#633 = B_SPLINE_CURVE_WITH_KNOTS ( 'NONE', 3,
 ( #4594, #5114, #3605, #4151, #4090, #711 ),
 .UNSPECIFIED., .F., .F.,
 ( 4, 2, 4 ),
 ( 2.380732032311537418E-07, 0.002188883224565561433, 0.004377528375927891569 ),
 .UNSPECIFIED. ) ;
#634 = CARTESIAN_POINT ( 'NONE',  ( -0.2305505289005165825, 0.8567569444423616121, -0.02277759657990550621 ) ) ;
#635 = DIRECTION ( 'NONE',  ( 0.000000000000000000, 1.000000000000000000, 0.000000000000000000 ) ) ;
#636 = LINE ( 'NONE', #3534, #2066 ) ;
#637 = CARTESIAN_POINT ( 'NONE',  ( -0.08645919059381153293, 1.027763888888197918, 0.2089231389747290557 ) ) ;
#638 = SURFACE_SIDE_STYLE ('',( #1219 ) ) ;
#639 =( NAMED_UNIT ( * ) PLANE_ANGLE_UNIT ( ) SI_UNIT ( $, .RADIAN. ) );
#640 = CARTESIAN_POINT ( 'NONE',  ( 0.01740833532879241738, 0.8937549495538416044, 0.2671871543200660115 ) ) ;
#641 =( LENGTH_UNIT ( ) NAMED_UNIT ( * ) SI_UNIT ( $, .METRE. ) );
#642 = CARTESIAN_POINT ( 'NONE',  ( 0.2101273769964210891, 0.9930416666656357583, 0.08695755989301409694 ) ) ;
#643 = VERTEX_POINT ( 'NONE', #2288 ) ;
#644 = CARTESIAN_POINT ( 'NONE',  ( -0.2510657286120059895, 0.9932911969029014632, 0.08504229101316319872 ) ) ;
#645 = CARTESIAN_POINT ( 'NONE',  ( 0.1250000000000000278, 0.2459999999999999964, -0.3985000000000000209 ) ) ;
#646 = CARTESIAN_POINT ( 'NONE',  ( 0.2330955247312679057, 0.9315559995060410658, -0.009007748107988919339 ) ) ;
#647 = ORIENTED_EDGE ( 'NONE', *, *, #2434, .T. ) ;
#648 = CARTESIAN_POINT ( 'NONE',  ( 0.06913583493984939987, 0.9230011932269731600, -0.2577316132219890088 ) ) ;
#649 = LINE ( 'NONE', #1098, #4525 ) ;
#650 = EDGE_CURVE ( 'NONE', #1299, #3730, #3250, .T. ) ;
#651 = CARTESIAN_POINT ( 'NONE',  ( -0.07966742680265320731, 1.077812224285702003, 0.2200743930947886284 ) ) ;
#652 = CARTESIAN_POINT ( 'NONE',  ( -0.02208114225561134611, 1.030368055554841122, 0.2249436911835887010 ) ) ;
#653 = CARTESIAN_POINT ( 'NONE',  ( -0.2016147334971485627, 0.8910280453610204265, -0.1414735423588531216 ) ) ;
#654 = CARTESIAN_POINT ( 'NONE',  ( -8.814123532593390548E-05, 0.8680416666648725910, -0.2726428465458186068 ) ) ;
#655 = CARTESIAN_POINT ( 'NONE',  ( 0.1320450026715526415, 1.008920670570301992, 0.2287974660889648404 ) ) ;
#656 = COLOUR_RGB ( '',0.1019607843137254888, 0.1019607843137254888, 0.1019607843137254888 ) ;
#657 = CARTESIAN_POINT ( 'NONE',  ( -0.2284670187089718474, 1.045710680325962150, -0.1311716864120603121 ) ) ;
#659 = EDGE_CURVE ( 'NONE', #4987, #2846, #565, .T. ) ;
#658 = ORIENTED_EDGE ( 'NONE', *, *, #4848, .F. ) ;
#660 = DIRECTION ( 'NONE',  ( -2.004957425246442428E-16, 0.000000000000000000, 1.000000000000000000 ) ) ;
#661 = CARTESIAN_POINT ( 'NONE',  ( -0.1615465552120769477, 0.9548472222209616334, -0.1614415320159435230 ) ) ;
#662 = CARTESIAN_POINT ( 'NONE',  ( 0.04521311284550103698, 0.8350555555532728214, -0.2276883482948254267 ) ) ;
#663 = ORIENTED_EDGE ( 'NONE', *, *, #5866, .T. ) ;
#664 =( GEOMETRIC_REPRESENTATION_CONTEXT ( 3 ) GLOBAL_UNCERTAINTY_ASSIGNED_CONTEXT ( ( #4372 ) ) GLOBAL_UNIT_ASSIGNED_CONTEXT ( ( #318, #6013, #1176 ) ) REPRESENTATION_CONTEXT ( 'NONE', 'WORKASPACE' ) );
#665 = LENGTH_MEASURE_WITH_UNIT ( LENGTH_MEASURE( 0.02539999999999999897 ), #3120 );
#666 = CARTESIAN_POINT ( 'NONE',  ( -0.03090461192762282427, 0.9289164685965100032, 0.2321051636936519447 ) ) ;
#667 = FACE_OUTER_BOUND ( 'NONE', #6448, .T. ) ;
#668 = PRESENTATION_LAYER_ASSIGNMENT (  '', '', ( #4487 ) ) ;
#669 = CARTESIAN_POINT ( 'NONE',  ( -0.1467410541676514302, 0.8654374999980706251, 0.1789230424920278117 ) ) ;
#670 = SURFACE_SIDE_STYLE ('',( #4552 ) ) ;
#671 = CARTESIAN_POINT ( 'NONE',  ( 0.1761455520655105245, 0.9470292623645664154, -0.1443769845494494719 ) ) ;
#672 = CARTESIAN_POINT ( 'NONE',  ( -0.2264321339161526059, 1.017347222221351544, 7.364951397379634304E-05 ) ) ;
#673 = MECHANICAL_DESIGN_GEOMETRIC_PRESENTATION_REPRESENTATION (  '', ( #1785 ), #2229 ) ;
#674 = COLOUR_RGB ( '',0.1019607843137254888, 0.1019607843137254888, 0.1019607843137254888 ) ;
#675 = B_SPLINE_CURVE_WITH_KNOTS ( 'NONE', 3,
 ( #3060, #4996, #5607, #4482, #3565, #2041, #1529, #2111, #1596, #5534, #2551, #6133 ),
 .UNSPECIFIED., .F., .F.,
 ( 4, 2, 2, 2, 2, 4 ),
 ( 0.05341725893979643036, 0.05470757188561127526, 0.05535272835851869078, 0.05599788483142611323, 0.05728819777724095813, 0.05857851072305580303 ),
 .UNSPECIFIED. ) ;
#676 = CARTESIAN_POINT ( 'NONE',  ( -0.2646024476224886346, 0.9901019405530602224, -0.008978495850019776320 ) ) ;
#677 = CARTESIAN_POINT ( 'NONE',  ( 0.1842092499582481391, 0.9239371446827870926, 0.1471028824046661798 ) ) ;
#678 = CARTESIAN_POINT ( 'NONE',  ( 0.000000000000000000, 0.8170000000000000595, 0.000000000000000000 ) ) ;
#679 = AXIS2_PLACEMENT_3D ( 'NONE', #2617, #6043, #5041 ) ;
#680 = CARTESIAN_POINT ( 'NONE',  ( 0.04517009422776781247, 0.8663055555535191798, 0.2267002891259555786 ) ) ;
#681 = CARTESIAN_POINT ( 'NONE',  ( -0.2950000000000000400, 0.6700178533669942649, -0.1142326508668279755 ) ) ;
#682 = CARTESIAN_POINT ( 'NONE',  ( -0.2264321339156975532, 1.017347222221496539, 7.364954714740340642E-05 ) ) ;
#683 = CARTESIAN_POINT ( 'NONE',  ( -0.1458134404133505646, 0.8924517866171567393, 0.2248861674794075949 ) ) ;
#684 = CARTESIAN_POINT ( 'NONE',  ( -0.08489025691227550241, 0.7597083344595291221, -0.2612653467932465334 ) ) ;
#685 = CARTESIAN_POINT ( 'NONE',  ( -1.516389062108171157E-15, 1.004291655271409622, 0.2641697475315327726 ) ) ;
#686 =( GEOMETRIC_REPRESENTATION_CONTEXT ( 3 ) GLOBAL_UNCERTAINTY_ASSIGNED_CONTEXT ( ( #3778 ) ) GLOBAL_UNIT_ASSIGNED_CONTEXT ( ( #3910, #4320, #4815 ) ) REPRESENTATION_CONTEXT ( 'NONE', 'WORKASPACE' ) );
#687 = ADVANCED_FACE ( 'NONE', ( #1254 ), #6172, .T. ) ;
#688 = COLOUR_RGB ( '',0.1019607843137254888, 0.1019607843137254888, 0.1019607843137254888 ) ;
#689 = ORIENTED_EDGE ( 'NONE', *, *, #4810, .T. ) ;
#690 = CARTESIAN_POINT ( 'NONE',  ( -0.1854999999999999427, 0.3546633841797907638, 0.1086633841797907674 ) ) ;
#691 = VECTOR ( 'NONE', #278, 39.37007874015748143 ) ;
#692 =( NAMED_UNIT ( * ) PLANE_ANGLE_UNIT ( ) SI_UNIT ( $, .RADIAN. ) );
#693 =( NAMED_UNIT ( * ) SI_UNIT ( $, .STERADIAN. ) SOLID_ANGLE_UNIT ( ) );
#694 = STYLED_ITEM ( 'NONE', ( #117 ), #1812 ) ;
#695 = CARTESIAN_POINT ( 'NONE',  ( 0.07757158134086786228, 1.032104166666183431, -0.2560173266042117812 ) ) ;
#696 = EDGE_CURVE ( 'NONE', #2486, #1751, #474, .T. ) ;
#697 = CARTESIAN_POINT ( 'NONE',  ( -0.2582258648196936179, 1.053092681517706630, 0.03282961033659280436 ) ) ;
#698 = CARTESIAN_POINT ( 'NONE',  ( 0.2700563070414186417, 0.9079722222203648885, 8.204973738678250736E-05 ) ) ;
#699 = COLOUR_RGB ( '',0.1019607843137254888, 0.1019607843137254888, 0.1019607843137254888 ) ;
#700 = CARTESIAN_POINT ( 'NONE',  ( 0.2304135499073193538, 0.9579872171127283842, 0.1332881415902504307 ) ) ;
#701 = CARTESIAN_POINT ( 'NONE',  ( 0.000000000000000000, 1.092000000000000082, 0.000000000000000000 ) ) ;
#702 = CARTESIAN_POINT ( 'NONE',  ( -0.2233915712350761362, 0.7994652777752347950, -0.06783884260525911702 ) ) ;
#703 = CARTESIAN_POINT ( 'NONE',  ( -0.2204175107787411381, 1.071166666666225176, -0.04391293940500846232 ) ) ;
#704 = CARTESIAN_POINT ( 'NONE',  ( -0.2412076448465080847, 1.049580709633770148, 0.1048325131858474230 ) ) ;
#705 = FILL_AREA_STYLE ('',( #5380 ) ) ;
#706 = ADVANCED_FACE ( 'NONE', ( #4224 ), #3766, .T. ) ;
#707 = DIRECTION ( 'NONE',  ( 0.000000000000000000, 0.000000000000000000, -1.000000000000000000 ) ) ;
#708 = FACE_OUTER_BOUND ( 'NONE', #3391, .T. ) ;
#709 = CARTESIAN_POINT ( 'NONE',  ( 0.2452809177582325195, 0.8941695287907073242, 0.001147037361224400925 ) ) ;
#710 = CYLINDRICAL_SURFACE ( 'NONE', #4198, 0.1820000000000000229 ) ;
#711 = CARTESIAN_POINT ( 'NONE',  ( 0.1475000000000000200, 0.6583750000000000435, -0.2554774941164094648 ) ) ;
#712 = CARTESIAN_POINT ( 'NONE',  ( -0.2644516474708757947, 1.045993055554772733, -0.02612730021256667867 ) ) ;
#713 = CARTESIAN_POINT ( 'NONE',  ( -0.2140863585701194283, 0.8472083333311966058, -0.08875328210114952210 ) ) ;
#714 = VERTEX_POINT ( 'NONE', #2742 ) ;
#715 = CARTESIAN_POINT ( 'NONE',  ( 0.01761392224099167514, 0.9247326290228222723, -0.2662075196939945321 ) ) ;
#716 = CARTESIAN_POINT ( 'NONE',  ( -0.2261755341205096137, 1.083309627122096774, 0.02844112167125364965 ) ) ;
#717 = CARTESIAN_POINT ( 'NONE',  ( 0.1608314499724035340, 0.9826249999987910488, 0.1609286205070023512 ) ) ;
#718 = DIRECTION ( 'NONE',  ( 1.000000000000000000, 0.000000000000000000, 0.000000000000000000 ) ) ;
#719 = DIRECTION ( 'NONE',  ( -0.000000000000000000, -0.000000000000000000, 1.000000000000000000 ) ) ;
#720 =( LENGTH_UNIT ( ) NAMED_UNIT ( * ) SI_UNIT ( $, .METRE. ) );
#721 = PRESENTATION_STYLE_ASSIGNMENT (( #1928 ) ) ;
#722 = CARTESIAN_POINT ( 'NONE',  ( 0.1293278474752199425, 0.8081458333310407305, -0.2421436098339687926 ) ) ;
#723 = CARTESIAN_POINT ( 'NONE',  ( 0.2097025313817633962, 1.012383754717764095, 0.1611618588115604489 ) ) ;
#724 = CARTESIAN_POINT ( 'NONE',  ( -0.2167813770772808735, 1.021687499999226478, -0.06568292156961097472 ) ) ;
#725 = CARTESIAN_POINT ( 'NONE',  ( -0.1391891580039407161, 1.041353998692231553, -0.2233361355470841747 ) ) ;
#726 = VERTEX_POINT ( 'NONE', #1205 ) ;
#727 =( NAMED_UNIT ( * ) SI_UNIT ( $, .STERADIAN. ) SOLID_ANGLE_UNIT ( ) );
#728 = FILL_AREA_STYLE ('',( #5783 ) ) ;
#729 = CARTESIAN_POINT ( 'NONE',  ( 0.1485945151461334768, 1.029499999999486937, -0.2225432070117069339 ) ) ;
#730 = CARTESIAN_POINT ( 'NONE',  ( 0.07887411017607773300, 0.8637013888866059697, -0.2597289467436427191 ) ) ;
#731 = CARTESIAN_POINT ( 'NONE',  ( 0.2671981886112539950, 0.9067715309937451895, 0.008978918315105430259 ) ) ;
#732 = CARTESIAN_POINT ( 'NONE',  ( 0.08556927684169891857, 0.9516284460458241945, 0.2522558896607932644 ) ) ;
#733 = CARTESIAN_POINT ( 'NONE',  ( -0.1091179414090949762, 0.8671736111090122545, 0.2039970047179343882 ) ) ;
#734 = CARTESIAN_POINT ( 'NONE',  ( 0.2244429135899105865, 1.045993055555026086, -0.02217942109001260279 ) ) ;
#735 = FILL_AREA_STYLE_COLOUR ( '', #2913 ) ;
#736 = EDGE_CURVE ( 'NONE', #3747, #486, #1765, .T. ) ;
#737 = CARTESIAN_POINT ( 'NONE',  ( -0.2092706577881538466, 1.013874999999144544, -0.08675678394436411867 ) ) ;
#738 = CARTESIAN_POINT ( 'NONE',  ( 0.1974658156517478114, 0.6614078508541167967, 0.2266297169995936667 ) ) ;
#739 = CARTESIAN_POINT ( 'NONE',  ( 0.000000000000000000, 0.8169999999999999485, -0.2835000000000000298 ) ) ;
#740 = CARTESIAN_POINT ( 'NONE',  ( -0.04843435223987360011, 0.8053209323142193066, 0.3126730725181630643 ) ) ;
#741 = CARTESIAN_POINT ( 'NONE',  ( -0.1086633841797907812, 0.4314999999999999392, -0.1854999999999998594 ) ) ;
#742 = CARTESIAN_POINT ( 'NONE',  ( 0.2462192392398997176, 1.022555555554627293, -0.1018997547768715206 ) ) ;
#743 = B_SPLINE_CURVE_WITH_KNOTS ( 'NONE', 3,
 ( #1398, #3381, #2413, #4909, #3908, #5469, #984, #2964, #4937, #513, #2476, #108, #2548, #3056, #1592, #2038, #2068, #4518, #2003, #2582, #1491, #4035, #3496, #5067, #5983, #3024, #573, #3470, #6101, #77, #5630, #5500, #538, #4003, #1141, #140, #44, #6069, #3121, #1021, #5531, #666, #2108, #6040 ),
 .UNSPECIFIED., .F., .F.,
 ( 4, 2, 2, 2, 2, 2, 2, 2, 2, 2, 2, 2, 2, 2, 2, 2, 2, 2, 2, 2, 2, 4 ),
 ( 0.01603398456801828284, 0.01721172254317569414, 0.01838946051833310544, 0.01897832950591181456, 0.01956719849349052021, 0.02074493646864793150, 0.02192267444380534627, 0.02310041241896275757, 0.02368928140654146322, 0.02427815039412017234, 0.02486701938169887799, 0.02545588836927758364, 0.02663362634443500188, 0.02781136431959242011, 0.02898910229474983141, 0.02957797128232854053, 0.03016684026990724965, 0.03134457824506466095, 0.03252231622022207919, 0.03311118520780079177, 0.03370005419537949742, 0.03487779217053690872 ),
 .UNSPECIFIED. ) ;
#744 = CARTESIAN_POINT ( 'NONE',  ( 0.1465044085884051606, 0.8706458333313233933, 0.1786261779361005830 ) ) ;
#745 = ORIENTED_EDGE ( 'NONE', *, *, #777, .T. ) ;
#746 = CARTESIAN_POINT ( 'NONE',  ( -0.2950000000000000400, 0.8145224071013298373, -0.05740012814197049257 ) ) ;
#747 =( NAMED_UNIT ( * ) SI_UNIT ( $, .STERADIAN. ) SOLID_ANGLE_UNIT ( ) );
#748 = ORIENTED_EDGE ( 'NONE', *, *, #3443, .F. ) ;
#749 = CARTESIAN_POINT ( 'NONE',  ( -0.2238533704455201723, 0.9600555555542492625, -0.04445153844631081347 ) ) ;
#750 = CARTESIAN_POINT ( 'NONE',  ( 0.06621902062609688611, 0.8864444444449998128, 0.2430593466153388726 ) ) ;
#751 = CARTESIAN_POINT ( 'NONE',  ( -0.1522781475304394172, 0.8176944444422991065, -0.2280503879763010888 ) ) ;
#752 = DIRECTION ( 'NONE',  ( 0.4999999999999999445, 0.000000000000000000, -0.8660254037844387076 ) ) ;
#753 = CARTESIAN_POINT ( 'NONE',  ( -0.05981938348166079833, 1.038453283267204874, -0.2563626018290300346 ) ) ;
#754 = CARTESIAN_POINT ( 'NONE',  ( 0.2950000000000000400, 0.6583750000000000435, -0.1703183294109395784 ) ) ;
#755 = CARTESIAN_POINT ( 'NONE',  ( -0.1751383182693503626, 1.018215277776950867, -0.1438208259025056668 ) ) ;
#756 = SURFACE_STYLE_FILL_AREA ( #2708 ) ;
#757 =( NAMED_UNIT ( * ) PLANE_ANGLE_UNIT ( ) SI_UNIT ( $, .RADIAN. ) );
#758 = VERTEX_POINT ( 'NONE', #6155 ) ;
#759 =( LENGTH_UNIT ( ) NAMED_UNIT ( * ) SI_UNIT ( $, .METRE. ) );
#760 = CARTESIAN_POINT ( 'NONE',  ( -0.1485573529334707765, 1.039916666666200085, -0.2221761750585073414 ) ) ;
#761 = VERTEX_POINT ( 'NONE', #3152 ) ;
#762 = AXIS2_PLACEMENT_3D ( 'NONE', #1616, #4664, #133 ) ;
#763 = CARTESIAN_POINT ( 'NONE',  ( 0.02205126970056433405, 1.094604166666516498, 0.2231459408091586438 ) ) ;
#764 = ORIENTED_EDGE ( 'NONE', *, *, #4125, .T. ) ;
#765 =( NAMED_UNIT ( * ) SI_UNIT ( $, .STERADIAN. ) SOLID_ANGLE_UNIT ( ) );
#766 = SURFACE_STYLE_FILL_AREA ( #1840 ) ;
#767 = CARTESIAN_POINT ( 'NONE',  ( -0.1250452315939658554, 1.064222222221787861, -0.1870116761342204004 ) ) ;
#768 = CARTESIAN_POINT ( 'NONE',  ( -0.2309407051634675134, 1.050353506827586436, 0.1252857976491306979 ) ) ;
#769 =( GEOMETRIC_REPRESENTATION_CONTEXT ( 3 ) GLOBAL_UNCERTAINTY_ASSIGNED_CONTEXT ( ( #3014 ) ) GLOBAL_UNIT_ASSIGNED_CONTEXT ( ( #199, #2576, #1735 ) ) REPRESENTATION_CONTEXT ( 'NONE', 'WORKASPACE' ) );
#770 = CARTESIAN_POINT ( 'NONE',  ( -0.1446479393364650257, 0.9696041666654974245, 0.1761455146519494974 ) ) ;
#771 = ADVANCED_FACE ( 'NONE', ( #2679 ), #5233, .T. ) ;
#772 =( LENGTH_UNIT ( ) NAMED_UNIT ( * ) SI_UNIT ( $, .METRE. ) );
#773 = CARTESIAN_POINT ( 'NONE',  ( -0.2644656291259414593, 0.9953297096547081280, 0.01698202919879171491 ) ) ;
#774 = CARTESIAN_POINT ( 'NONE',  ( 0.000000000000000000, 0.6583750000000000435, 0.000000000000000000 ) ) ;
#775 = CARTESIAN_POINT ( 'NONE',  ( -0.2236466382761519711, 1.078979166666407474, -0.02195380441449031050 ) ) ;
#776 = MECHANICAL_DESIGN_GEOMETRIC_PRESENTATION_REPRESENTATION (  '', ( #239 ), #2100 ) ;
#777 = EDGE_CURVE ( 'NONE', #5745, #3379, #3397, .T. ) ;
#778 = CARTESIAN_POINT ( 'NONE',  ( 0.2202997847501573792, 1.069430555554973239, 0.1472963857193152759 ) ) ;
#779 =( GEOMETRIC_REPRESENTATION_CONTEXT ( 3 ) GLOBAL_UNCERTAINTY_ASSIGNED_CONTEXT ( ( #4839 ) ) GLOBAL_UNIT_ASSIGNED_CONTEXT ( ( #4541, #593, #2190 ) ) REPRESENTATION_CONTEXT ( 'NONE', 'WORKASPACE' ) );
#780 = CARTESIAN_POINT ( 'NONE',  ( -0.1471674944501379367, 0.8428680555533443197, -0.1792053185567985818 ) ) ;
#781 = ORIENTED_EDGE ( 'NONE', *, *, #1234, .T. ) ;
#782 = CARTESIAN_POINT ( 'NONE',  ( 0.2585027078651261911, 0.9137346600465988677, -0.06906576280673061563 ) ) ;
#783 =( LENGTH_UNIT ( ) NAMED_UNIT ( * ) SI_UNIT ( $, .METRE. ) );
#784 = ORIENTED_EDGE ( 'NONE', *, *, #6271, .F. ) ;
#785 = CARTESIAN_POINT ( 'NONE',  ( 0.2395900457428679076, 1.066389507715011620, -0.05665429642838507029 ) ) ;
#786 = CARTESIAN_POINT ( 'NONE',  ( -0.2432932003772509677, 0.7664791666640636825, -0.1299418529893102414 ) ) ;
#787 = SURFACE_STYLE_USAGE ( .BOTH. , #1859 ) ;
#788 = CARTESIAN_POINT ( 'NONE',  ( -0.1898138712648168025, 0.9635277777765458573, -0.1269125178911791607 ) ) ;
#789 = FACE_OUTER_BOUND ( 'NONE', #5302, .T. ) ;
#790 = FILL_AREA_STYLE ('',( #5236 ) ) ;
#791 = ORIENTED_EDGE ( 'NONE', *, *, #4121, .T. ) ;
#792 = CARTESIAN_POINT ( 'NONE',  ( 0.2068599180099461032, 1.026895833332853503, -0.1698775549531297002 ) ) ;
#793 =( GEOMETRIC_REPRESENTATION_CONTEXT ( 3 ) GLOBAL_UNCERTAINTY_ASSIGNED_CONTEXT ( ( #2955 ) ) GLOBAL_UNIT_ASSIGNED_CONTEXT ( ( #1433, #6438, #4939 ) ) REPRESENTATION_CONTEXT ( 'NONE', 'WORKASPACE' ) );
#794 = CARTESIAN_POINT ( 'NONE',  ( 0.02182768286479604830, 1.120645784969210190, -0.2223495868773297524 ) ) ;
#795 = STYLED_ITEM ( 'NONE', ( #1779 ), #3528 ) ;
#796 = ORIENTED_EDGE ( 'NONE', *, *, #1155, .T. ) ;
#797 = CARTESIAN_POINT ( 'NONE',  ( -0.08849999999999996758, 0.2978420997299810469, 0.05184209972998107124 ) ) ;
#798 = CARTESIAN_POINT ( 'NONE',  ( 0.2949999999999999289, 0.6583750000000000435, 0.1703183294109396340 ) ) ;
#799 = CARTESIAN_POINT ( 'NONE',  ( -0.2616501753279606990, 1.045015223838686058, -0.02801393656279716621 ) ) ;
#800 = CARTESIAN_POINT ( 'NONE',  ( -0.2238533704442591532, 0.9600555555542525932, -0.04445153847915824658 ) ) ;
#801 = CARTESIAN_POINT ( 'NONE',  ( -1.050957930084479913E-12, 0.9808715193518139364, -0.2648987992613558440 ) ) ;
#802 = CARTESIAN_POINT ( 'NONE',  ( 0.000000000000000000, 0.2459999999999999964, -0.7970000000000001528 ) ) ;
#803 =( GEOMETRIC_REPRESENTATION_CONTEXT ( 3 ) GLOBAL_UNCERTAINTY_ASSIGNED_CONTEXT ( ( #3966 ) ) GLOBAL_UNIT_ASSIGNED_CONTEXT ( ( #1602, #3572, #1181 ) ) REPRESENTATION_CONTEXT ( 'NONE', 'WORKASPACE' ) );
#804 = CARTESIAN_POINT ( 'NONE',  ( -0.1060013534148291775, 1.070298611110752196, -0.1984586619980311939 ) ) ;
#805 = CARTESIAN_POINT ( 'NONE',  ( 0.2264100223436349146, 0.8836666666647590151, 0.04495925472100815307 ) ) ;
#806 = CARTESIAN_POINT ( 'NONE',  ( 0.02591893389568104833, 1.061618055554826690, 0.2639810717885144320 ) ) ;
#807 = CARTESIAN_POINT ( 'NONE',  ( -0.2305505288964531940, 0.8498124999978569072, -0.02277759660927410751 ) ) ;
#808 = ORIENTED_EDGE ( 'NONE', *, *, #4193, .F. ) ;
#809 = CARTESIAN_POINT ( 'NONE',  ( 0.1826901795671276030, 0.9041899844691001498, 0.1953022959955239002 ) ) ;
#810 = DIRECTION ( 'NONE',  ( -0.000000000000000000, -0.000000000000000000, 1.000000000000000000 ) ) ;
#811 = ORIENTED_EDGE ( 'NONE', *, *, #4535, .F. ) ;
#812 =( CONVERSION_BASED_UNIT ( 'INCH', #2815 ) LENGTH_UNIT ( ) NAMED_UNIT ( #4244 ) );
#813 = CARTESIAN_POINT ( 'NONE',  ( -0.002666470308681190195, 0.8864444444450002569, 0.2565006317460190588 ) ) ;
#814 = EDGE_CURVE ( 'NONE', #2793, #6417, #2943, .T. ) ;
#815 = CARTESIAN_POINT ( 'NONE',  ( -0.1740131221217006696, 0.8185624999978237115, -0.2118958999059259996 ) ) ;
#816 = LENGTH_MEASURE_WITH_UNIT ( LENGTH_MEASURE( 0.02539999999999999897 ), #1381 );
#817 = CARTESIAN_POINT ( 'NONE',  ( -0.02233581802998144822, 0.9557152777765443030, -0.2274837531291314385 ) ) ;
#818 = ORIENTED_EDGE ( 'NONE', *, *, #5726, .T. ) ;
#819 = CARTESIAN_POINT ( 'NONE',  ( -0.2235925944025855538, 1.073770833332945651, 0.02195380438340893345 ) ) ;
#820 = CARTESIAN_POINT ( 'NONE',  ( 0.2337175116852287238, 1.063115032158049367, 0.08671520019537273805 ) ) ;
#821 = CARTESIAN_POINT ( 'NONE',  ( 0.1253817633630752437, 1.085923611111086817, -0.2344015365858346522 ) ) ;
#822 = CARTESIAN_POINT ( 'NONE',  ( -0.2077189009618361781, 1.076374999999674120, -0.08596082126043411153 ) ) ;
#823 = VERTEX_POINT ( 'NONE', #6454 ) ;
#824 = CARTESIAN_POINT ( 'NONE',  ( 0.06864815830565455801, 0.9510390454549350059, 0.2573948418793452486 ) ) ;
#825 = CARTESIAN_POINT ( 'NONE',  ( 0.01885784531283208124, 1.087539731563072154, 0.2223619001799378159 ) ) ;
#826 = DIMENSIONAL_EXPONENTS ( 1.000000000000000000, 0.000000000000000000, 0.000000000000000000, 0.000000000000000000, 0.000000000000000000, 0.000000000000000000, 0.000000000000000000 ) ;
#827 = CARTESIAN_POINT ( 'NONE',  ( -3.206062944130145526E-17, 0.7906516627442732315, 0.3406366588218791569 ) ) ;
#828 = CARTESIAN_POINT ( 'NONE',  ( -0.2217705291381127375, 0.8550208333312262488, -0.06719465586005304858 ) ) ;
#829 = CARTESIAN_POINT ( 'NONE',  ( -0.1992599999999998539, 0.2460000000000000242, 0.7418818897637794452 ) ) ;
#830 = CARTESIAN_POINT ( 'NONE',  ( 0.000000000000000000, 0.2459999999999999964, -0.7418818897637792231 ) ) ;
#831 = CARTESIAN_POINT ( 'NONE',  ( 0.000000000000000000, 0.2459999999999999964, -0.3985000000000000209 ) ) ;
#832 = CARTESIAN_POINT ( 'NONE',  ( -0.2006604832817525108, 1.064396657343817276, 0.1456003511176652832 ) ) ;
#833 = CARTESIAN_POINT ( 'NONE',  ( -0.1497755482886581335, 0.9270694444427227676, -0.2239980961258169201 ) ) ;
#834 = CARTESIAN_POINT ( 'NONE',  ( 0.2244429135899105865, 1.052937499999526239, -0.02217942109001260279 ) ) ;
#835 = VERTEX_POINT ( 'NONE', #4566 ) ;
#836 = CARTESIAN_POINT ( 'NONE',  ( 0.2666349788918832009, 0.9108399387907979428, 0.01770951109161424467 ) ) ;
#837 = DIMENSIONAL_EXPONENTS ( 1.000000000000000000, 0.000000000000000000, 0.000000000000000000, 0.000000000000000000, 0.000000000000000000, 0.000000000000000000, 0.000000000000000000 ) ;
#838 = CARTESIAN_POINT ( 'NONE',  ( 0.000000000000000000, 0.6583750000000000435, 0.000000000000000000 ) ) ;
#839 = ORIENTED_EDGE ( 'NONE', *, *, #1430, .T. ) ;
#840 = FILL_AREA_STYLE_COLOUR ( '', #3668 ) ;
#841 = SURFACE_STYLE_FILL_AREA ( #1288 ) ;
#842 = CARTESIAN_POINT ( 'NONE',  ( 0.1936997007682876859, 0.9736322945241746574, -0.1812348182234357064 ) ) ;
#843 = PRESENTATION_STYLE_ASSIGNMENT (( #5299 ) ) ;
#844 = CARTESIAN_POINT ( 'NONE',  ( -0.2092706577873298945, 1.020819444443677115, -0.08675678394681059225 ) ) ;
#845 = ADVANCED_FACE ( 'NONE', ( #28 ), #1955, .T. ) ;
#846 = EDGE_LOOP ( 'NONE', ( #1520, #4255 ) ) ;
#847 = FILL_AREA_STYLE ('',( #2097 ) ) ;
#848 = CARTESIAN_POINT ( 'NONE',  ( 0.2472037302991955676, 1.065299475536555462, -0.008951385631089023992 ) ) ;
#849 = CARTESIAN_POINT ( 'NONE',  ( 0.1904220924672422599, 0.9722083333323893184, -0.1905452979834259541 ) ) ;
#850 = EDGE_CURVE ( 'NONE', #3198, #1791, #2098, .T. ) ;
#851 = CARTESIAN_POINT ( 'NONE',  ( 0.04365827953632691466, 1.119777777777809735, -0.2191393443093432591 ) ) ;
#852 = ORIENTED_EDGE ( 'NONE', *, *, #2022, .F. ) ;
#853 = CARTESIAN_POINT ( 'NONE',  ( -0.2545867402838176141, 0.8864444444449997018, 0.08320406984091910374 ) ) ;
#854 = SURFACE_STYLE_USAGE ( .BOTH. , #5789 ) ;
#855 = CARTESIAN_POINT ( 'NONE',  ( -0.02230757244869531822, 1.004326388887991639, -0.2257398863757557328 ) ) ;
#856 = CARTESIAN_POINT ( 'NONE',  ( 0.1854999999999999427, 0.3546633841797907638, -0.1086633841797907674 ) ) ;
#857 = FILL_AREA_STYLE_COLOUR ( '', #5848 ) ;
#858 = CARTESIAN_POINT ( 'NONE',  ( -0.02233581803228685755, 0.9487708333319674336, -0.2274837531297241033 ) ) ;
#859 = ADVANCED_FACE ( 'NONE', ( #2703, #2191 ), #5194, .F. ) ;
#860 = VECTOR ( 'NONE', #2988, 39.37007874015748143 ) ;
#861 = CARTESIAN_POINT ( 'NONE',  ( 0.000000000000000000, 0.2459999999999999964, 0.000000000000000000 ) ) ;
#862 = AXIS2_PLACEMENT_3D ( 'NONE', #4637, #4606, #5131 ) ;
#863 = CARTESIAN_POINT ( 'NONE',  ( -0.1471674944501379367, 0.8498124999978443617, -0.1792053185567985818 ) ) ;
#864 = CARTESIAN_POINT ( 'NONE',  ( -0.08514686422871434179, 0.9837570637510635319, -0.2513469876524171975 ) ) ;
#865 = DIRECTION ( 'NONE',  ( -0.000000000000000000, -0.000000000000000000, 1.000000000000000000 ) ) ;
#866 = CARTESIAN_POINT ( 'NONE',  ( -0.2106727360747391309, 0.9722083333321521748, 0.08734377514946438381 ) ) ;
#867 = SURFACE_STYLE_FILL_AREA ( #446 ) ;
#868 =( GEOMETRIC_REPRESENTATION_CONTEXT ( 3 ) GLOBAL_UNCERTAINTY_ASSIGNED_CONTEXT ( ( #2093 ) ) GLOBAL_UNIT_ASSIGNED_CONTEXT ( ( #2636, #5717, #2192 ) ) REPRESENTATION_CONTEXT ( 'NONE', 'WORKASPACE' ) );
#869 = CARTESIAN_POINT ( 'NONE',  ( -0.1904399905039247665, 0.9288055555538179409, -0.1905557373527564380 ) ) ;
#870 = CARTESIAN_POINT ( 'NONE',  ( -0.06691273478545044229, 0.9018958333316281495, -0.2203238744393648807 ) ) ;
#871 = CARTESIAN_POINT ( 'NONE',  ( -0.06518783199612346313, 1.091131944444197810, 0.2146622161238306015 ) ) ;
#872 = ORIENTED_EDGE ( 'NONE', *, *, #2604, .T. ) ;
#873 = AXIS2_PLACEMENT_3D ( 'NONE', #288, #1732, #6249 ) ;
#874 = CONICAL_SURFACE ( 'NONE', #3948, 0.2699999999999996292, 0.03111922056305896356 ) ;
#875 = SURFACE_SIDE_STYLE ('',( #841 ) ) ;
#876 = CARTESIAN_POINT ( 'NONE',  ( 0.1619046872729804076, 0.9588781398723561500, 0.2112451599842794236 ) ) ;
#877 = DIRECTION ( 'NONE',  ( 0.000000000000000000, 1.000000000000000000, 0.000000000000000000 ) ) ;
#878 = ORIENTED_EDGE ( 'NONE', *, *, #4768, .T. ) ;
#879 = CARTESIAN_POINT ( 'NONE',  ( 0.2309249881117027559, 1.062931489158679632, 0.09441776445279470575 ) ) ;
#880 = CARTESIAN_POINT ( 'NONE',  ( -0.1026347681173996190, 1.003458333332670094, 0.2480091022588469252 ) ) ;
#881 = UNCERTAINTY_MEASURE_WITH_UNIT (LENGTH_MEASURE( 1.000000000000000082E-05 ), #4074, 'distance_accuracy_value', 'NONE');
#882 = CARTESIAN_POINT ( 'NONE',  ( -0.1930173783905730078, 0.8176944444418349223, -0.1928926228687738997 ) ) ;
#883 = ORIENTED_EDGE ( 'NONE', *, *, #1124, .F. ) ;
#884 = CARTESIAN_POINT ( 'NONE',  ( -0.1446479393599423013, 0.9696041666655413893, 0.1761455146292532914 ) ) ;
#885 = CARTESIAN_POINT ( 'NONE',  ( -6.769737118488285328E-13, 1.056338193188769425, 0.2563666201747840656 ) ) ;
#886 = CARTESIAN_POINT ( 'NONE',  ( 0.1078884885746329986, 0.9435624999986016448, -0.2016985942976835811 ) ) ;
#887 = ADVANCED_FACE ( 'NONE', ( #2009 ), #4528, .F. ) ;
#888 = AXIS2_PLACEMENT_3D ( 'NONE', #3281, #4444, #6405 ) ;
#889 = DIRECTION ( 'NONE',  ( -0.000000000000000000, -0.000000000000000000, 1.000000000000000000 ) ) ;
#890 = CARTESIAN_POINT ( 'NONE',  ( -0.1279428641871067640, 0.9044999999982868966, -0.1913453471259699001 ) ) ;
#891 = CARTESIAN_POINT ( 'NONE',  ( -0.04355532042928707964, 0.9224070874049430380, -0.2632814612658486153 ) ) ;
#892 = CARTESIAN_POINT ( 'NONE',  ( 0.2319568418821240097, 0.9116845328121018222, -0.1334986901821758054 ) ) ;
#893 = DIRECTION ( 'NONE',  ( 0.000000000000000000, 0.000000000000000000, 1.000000000000000000 ) ) ;
#894 = CARTESIAN_POINT ( 'NONE',  ( -0.1448514454726514133, 0.9539791666653502089, -0.1766107480407965169 ) ) ;
#895 = CARTESIAN_POINT ( 'NONE',  ( -0.04416759921516193177, 1.036444444443790802, 0.2216956772693820521 ) ) ;
#896 = STYLED_ITEM ( 'NONE', ( #5539 ), #3594 ) ;
#897 = MECHANICAL_DESIGN_GEOMETRIC_PRESENTATION_REPRESENTATION (  '', ( #694 ), #966 ) ;
#898 = CARTESIAN_POINT ( 'NONE',  ( 0.2566612499473901465, 0.9661319444429898873, -0.07794800235655789666 ) ) ;
#899 = AXIS2_PLACEMENT_3D ( 'NONE', #2299, #3869, #5813 ) ;
#900 = CARTESIAN_POINT ( 'NONE',  ( -0.1434351279127219214, 1.032104166666026668, 0.1748921827191494971 ) ) ;
#901 = PRESENTATION_LAYER_ASSIGNMENT (  '', '', ( #5453 ) ) ;
#902 = ORIENTED_EDGE ( 'NONE', *, *, #2272, .T. ) ;
#903 = CARTESIAN_POINT ( 'NONE',  ( -0.1802125149343150601, 0.8012013888863717126, 0.1479946078825188638 ) ) ;
#904 = PRESENTATION_STYLE_ASSIGNMENT (( #550 ) ) ;
#905 = ORIENTED_EDGE ( 'NONE', *, *, #6143, .F. ) ;
#906 = CARTESIAN_POINT ( 'NONE',  ( 0.000000000000000000, 0.2459999999999999964, 0.000000000000000000 ) ) ;
#907 = CARTESIAN_POINT ( 'NONE',  ( 0.1172941362080468231, 0.9571358477788436403, 0.2384978761987205653 ) ) ;
#908 = CARTESIAN_POINT ( 'NONE',  ( 0.2496884376377375425, 1.019630519033961624, 0.08522767581810432314 ) ) ;
#909 =( LENGTH_UNIT ( ) NAMED_UNIT ( * ) SI_UNIT ( $, .METRE. ) );
#910 = CARTESIAN_POINT ( 'NONE',  ( 0.08849999999999995370, 0.2459999999999999964, 0.000000000000000000 ) ) ;
#911 = CARTESIAN_POINT ( 'NONE',  ( 0.2682851573473784002, 0.9661319444434511849, -0.02634148650958133622 ) ) ;
#912 = CARTESIAN_POINT ( 'NONE',  ( -0.1434351279384501743, 1.032104166666002243, 0.1748921827023332265 ) ) ;
#913 = ORIENTED_EDGE ( 'NONE', *, *, #131, .F. ) ;
#914 = DIRECTION ( 'NONE',  ( -1.000000000000000000, 0.000000000000000000, 0.000000000000000000 ) ) ;
#915 = CARTESIAN_POINT ( 'NONE',  ( -0.2270368591641687417, 0.9626597222209419824, 0.02243572380809143521 ) ) ;
#916 = CARTESIAN_POINT ( 'NONE',  ( -0.02631726146509963740, 0.9131780606970885117, 0.2376629820194446352 ) ) ;
#917 = CARTESIAN_POINT ( 'NONE',  ( -0.1626740003178019089, 0.8992916666648965718, -0.1627723268174029458 ) ) ;
#918 = EDGE_CURVE ( 'NONE', #2944, #3710, #5795, .T. ) ;
#919 = FILL_AREA_STYLE ('',( #2448 ) ) ;
#920 = CARTESIAN_POINT ( 'NONE',  ( 0.1465044085884051606, 0.8775902777758234352, 0.1786261779361005830 ) ) ;
#921 = LENGTH_MEASURE_WITH_UNIT ( LENGTH_MEASURE( 0.02539999999999999897 ), #5424 );
#922 = CARTESIAN_POINT ( 'NONE',  ( 0.1407498333198070606, 0.9348624139889377682, 0.1843738792180983077 ) ) ;
#923 = CARTESIAN_POINT ( 'NONE',  ( 0.2005493890899981424, 0.9921736111100728506, 0.1072737621637920857 ) ) ;
#924 = CARTESIAN_POINT ( 'NONE',  ( -0.1735876031793150975, 1.078979166666380607, 0.1423720008273166859 ) ) ;
#925 = CARTESIAN_POINT ( 'NONE',  ( 0.2009314126369772524, 0.9134303163647879975, -0.1760429787305761717 ) ) ;
#926 = CARTESIAN_POINT ( 'NONE',  ( 0.1264155132810181048, 0.9730763888874882639, -0.2363340886297912169 ) ) ;
#927 = DIRECTION ( 'NONE',  ( 0.000000000000000000, -1.000000000000000000, 0.000000000000000000 ) ) ;
#928 = EDGE_CURVE ( 'NONE', #582, #5817, #4790, .T. ) ;
#929 = CARTESIAN_POINT ( 'NONE',  ( -0.02208114225561134611, 1.037312499999341275, 0.2249436911835887010 ) ) ;
#930 = ORIENTED_EDGE ( 'NONE', *, *, #1708, .T. ) ;
#931 = CARTESIAN_POINT ( 'NONE',  ( -0.1481573717028527026, 0.7873124999973319937, -0.1806416078298029582 ) ) ;
#932 = ORIENTED_EDGE ( 'NONE', *, *, #2763, .F. ) ;
#933 = FILL_AREA_STYLE ('',( #4860 ) ) ;
#934 = CARTESIAN_POINT ( 'NONE',  ( 0.2502098695283001550, 1.025413973739890627, -0.08445335060973811758 ) ) ;
#935 = FACE_OUTER_BOUND ( 'NONE', #5627, .T. ) ;
#936 = DIRECTION ( 'NONE',  ( -0.000000000000000000, 1.000000000000000000, -3.667407320606400744E-18 ) ) ;
#937 = PLANE ( 'NONE',  #4684 ) ;
#938 = CARTESIAN_POINT ( 'NONE',  ( -0.2588789042708857235, 0.9348819444432857617, -0.07861596147951009639 ) ) ;
#939 = UNCERTAINTY_MEASURE_WITH_UNIT (LENGTH_MEASURE( 1.000000000000000082E-05 ), #4534, 'distance_accuracy_value', 'NONE');
#940 = CARTESIAN_POINT ( 'NONE',  ( 0.06530498798960096551, 1.063354166666219847, -0.2155340890627052974 ) ) ;
#941 = CARTESIAN_POINT ( 'NONE',  ( 0.2671926421009097052, 0.9076434862829257932, -0.01729904188869410206 ) ) ;
#942 = ORIENTED_EDGE ( 'NONE', *, *, #1421, .T. ) ;
#943 = DIRECTION ( 'NONE',  ( -0.000000000000000000, -1.000000000000000000, -0.000000000000000000 ) ) ;
#944 = CARTESIAN_POINT ( 'NONE',  ( -0.1057150323240334117, 1.082451388888635346, 0.1979337967663012121 ) ) ;
#945 = CARTESIAN_POINT ( 'NONE',  ( -0.2950000000000000400, 0.6583749999999999325, 0.02882554341593234273 ) ) ;
#946 = CARTESIAN_POINT ( 'NONE',  ( 0.2101273769964210891, 0.9860972222211357163, 0.08695755989301409694 ) ) ;
#947 = CARTESIAN_POINT ( 'NONE',  ( 0.08784289967936087518, 0.9235972222206609850, 0.2118766612747552680 ) ) ;
#948 = DIMENSIONAL_EXPONENTS ( 1.000000000000000000, 0.000000000000000000, 0.000000000000000000, 0.000000000000000000, 0.000000000000000000, 0.000000000000000000, 0.000000000000000000 ) ;
#949 = DIRECTION ( 'NONE',  ( 0.000000000000000000, -1.000000000000000000, 0.000000000000000000 ) ) ;
#950 =( NAMED_UNIT ( * ) PLANE_ANGLE_UNIT ( ) SI_UNIT ( $, .RADIAN. ) );
#951 = AXIS2_PLACEMENT_3D ( 'NONE', #4265, #3830, #2363 ) ;
#952 = CARTESIAN_POINT ( 'NONE',  ( -0.02208114228634722176, 1.037312499999422544, 0.2249436911828013308 ) ) ;
#953 = ADVANCED_FACE ( 'NONE', ( #6286 ), #4826, .T. ) ;
#954 = CIRCLE ( 'NONE', #4989, 0.1992599999999999927 ) ;
#955 = CARTESIAN_POINT ( 'NONE',  ( 0.07791313679783191948, 0.9522430555540268848, 0.2571263473924360610 ) ) ;
#956 = CARTESIAN_POINT ( 'NONE',  ( 0.2212967185473148912, 1.050333333332825525, 0.04394382220182554977 ) ) ;
#957 = EDGE_LOOP ( 'NONE', ( #3226, #6396 ) ) ;
#958 = CARTESIAN_POINT ( 'NONE',  ( -0.08925240663279865316, 0.8055416666641566081, 0.2152902837693921045 ) ) ;
#959 = ORIENTED_EDGE ( 'NONE', *, *, #1898, .F. ) ;
#960 = CARTESIAN_POINT ( 'NONE',  ( 0.01729508724153938984, 0.9536707299235939184, 0.2657455399742739144 ) ) ;
#961 = CARTESIAN_POINT ( 'NONE',  ( 0.000000000000000000, 0.8170000000000000595, 0.000000000000000000 ) ) ;
#962 = EDGE_CURVE ( 'NONE', #4064, #3449, #3070, .T. ) ;
#963 = CARTESIAN_POINT ( 'NONE',  ( 0.1608281606013988729, 1.030630402940743151, -0.2092426761052754158 ) ) ;
#964 = LINE ( 'NONE', #2463, #37 ) ;
#965 = CARTESIAN_POINT ( 'NONE',  ( 0.000000000000000000, 0.8170000000000000595, 0.000000000000000000 ) ) ;
#966 =( GEOMETRIC_REPRESENTATION_CONTEXT ( 3 ) GLOBAL_UNCERTAINTY_ASSIGNED_CONTEXT ( ( #4896 ) ) GLOBAL_UNIT_ASSIGNED_CONTEXT ( ( #1565, #4085, #2625 ) ) REPRESENTATION_CONTEXT ( 'NONE', 'WORKASPACE' ) );
#967 = CARTESIAN_POINT ( 'NONE',  ( 0.000000000000000000, 0.6583750000000000435, 0.000000000000000000 ) ) ;
#968 = DIRECTION ( 'NONE',  ( -0.000000000000000000, -0.000000000000000000, 1.000000000000000000 ) ) ;
#969 = CARTESIAN_POINT ( 'NONE',  ( 0.2683392012211576749, 0.9643958333323262577, 0.02634148650958103785 ) ) ;
#970 = MECHANICAL_DESIGN_GEOMETRIC_PRESENTATION_REPRESENTATION (  '', ( #3041 ), #3746 ) ;
#971 = EDGE_CURVE ( 'NONE', #3492, #3747, #6197, .T. ) ;
#972 = PRESENTATION_LAYER_ASSIGNMENT (  '', '', ( #4908 ) ) ;
#973 = MANIFOLD_SOLID_BREP ( 'Boss-Extrude5', #4571 ) ;
#974 = CARTESIAN_POINT ( 'NONE',  ( 0.1741693366749813010, 1.058145833332795771, -0.1430319272536350050 ) ) ;
#975 = LENGTH_MEASURE_WITH_UNIT ( LENGTH_MEASURE( 0.02539999999999999897 ), #5729 );
#976 = ORIENTED_EDGE ( 'NONE', *, *, #457, .F. ) ;
#977 = FACE_BOUND ( 'NONE', #2255, .T. ) ;
#978 = DIRECTION ( 'NONE',  ( -0.000000000000000000, -0.000000000000000000, 1.000000000000000000 ) ) ;
#979 = CARTESIAN_POINT ( 'NONE',  ( 0.2212967185473148912, 1.043388888888325372, 0.04394382220182554977 ) ) ;
#980 = DIRECTION ( 'NONE',  ( 0.000000000000000000, 0.000000000000000000, 1.000000000000000000 ) ) ;
#981 = CARTESIAN_POINT ( 'NONE',  ( 0.08837468364385982211, 0.8680416666646646462, 0.2135378445169237027 ) ) ;
#982 = EDGE_LOOP ( 'NONE', ( #5065, #453, #4392, #1716, #1980, #4825 ) ) ;
#983 = CARTESIAN_POINT ( 'NONE',  ( 0.000000000000000000, 0.6583750000000000435, 0.000000000000000000 ) ) ;
#984 = CARTESIAN_POINT ( 'NONE',  ( -0.1046784790377979363, 0.9095288442558596698, -0.2160376656000794482 ) ) ;
#985 = CARTESIAN_POINT ( 'NONE',  ( -0.2322247503105102640, 0.8029374999974733251, 0.02294832924360768953 ) ) ;
#986 = DIRECTION ( 'NONE',  ( -0.000000000000000000, -0.000000000000000000, 1.000000000000000000 ) ) ;
#987 =( LENGTH_UNIT ( ) NAMED_UNIT ( * ) SI_UNIT ( $, .METRE. ) );
#988 = CARTESIAN_POINT ( 'NONE',  ( -0.06670269521620576791, 0.9175208333317393938, 0.2196504190375623000 ) ) ;
#989 = CARTESIAN_POINT ( 'NONE',  ( -0.1265519106145348294, 0.9774166666655438318, 0.1895317119485028512 ) ) ;
#990 = CARTESIAN_POINT ( 'NONE',  ( 0.2140886207966440913, 1.103284722222066749, -0.06501915575549516157 ) ) ;
#991 = PRESENTATION_LAYER_ASSIGNMENT (  '', '', ( #3372 ) ) ;
#992 = CARTESIAN_POINT ( 'NONE',  ( -0.1716500930750106402, 0.8880069444424868452, 0.2092942112667016130 ) ) ;
#993 = CARTESIAN_POINT ( 'NONE',  ( 0.1756030330923144256, 1.002590277776840733, -0.1440249639143181271 ) ) ;
#994 = ORIENTED_EDGE ( 'NONE', *, *, #2105, .F. ) ;
#995 = CARTESIAN_POINT ( 'NONE',  ( -0.1939550210453131751, 0.8003333333307938169, 0.1295118144875160304 ) ) ;
#996 = CARTESIAN_POINT ( 'NONE',  ( -0.2214000000000002633, 0.2460000000000000242, -0.7418818897637793341 ) ) ;
#997 = DIRECTION ( 'NONE',  ( 1.000000000000000000, 0.000000000000000000, 0.000000000000000000 ) ) ;
#998 = CARTESIAN_POINT ( 'NONE',  ( 9.211143456245513347E-16, 0.9253183632719230722, -0.2666281284452778899 ) ) ;
#999 = CARTESIAN_POINT ( 'NONE',  ( 0.000000000000000000, 0.6583750000000000435, -0.3406366588218792124 ) ) ;
#1000 = B_SPLINE_CURVE_WITH_KNOTS ( 'NONE', 3,
 ( #3550, #3074, #715, #5082, #3105, #648, #2631, #4655, #5642, #193, #1695, #6146, #2155, #4127, #5584, #3636, #1097, #2285, #5190, #782, #4256, #4722, #2358, #836, #283, #3225, #5262, #1729, #1789, #4823, #2728, #2256, #809, #4330, #3197, #1823, #1251, #2783, #3798, #315, #5294, #2813, #3700, #4190, #4219 ),
 .UNSPECIFIED., .F., .F.,
 ( 4, 2, 1, 2, 2, 2, 2, 2, 2, 2, 2, 2, 2, 2, 2, 2, 2, 2, 2, 2, 2, 2, 4 ),
 ( 0.09468016655237714019, 0.09534331809601717667, 0.09600646963965721314, 0.09666962118329724962, 0.09733277272693728610, 0.09865907581421735906, 0.09998537890149743201, 0.1013116819887775050, 0.1019748335324175414, 0.1026379850760575779, 0.1039642881633376509, 0.1052905912506177238, 0.1059537427942577603, 0.1066168943378977968, 0.1079431974251778836, 0.1092695005124579566, 0.1105958035997380295, 0.1112589551433780660, 0.1119221066870181025, 0.1132484097742981755, 0.1145747128615782484, 0.1152378644052182849, 0.1159010159488583214 ),
 .UNSPECIFIED. ) ;
#1001 = STYLED_ITEM ( 'NONE', ( #1587 ), #3832 ) ;
#1002 = CARTESIAN_POINT ( 'NONE',  ( -0.1756133864581629067, 0.9316743326811972592, -0.2005527475197512732 ) ) ;
#1003 = AXIS2_PLACEMENT_3D ( 'NONE', #6140, #1121, #5077 ) ;
#1004 = DIRECTION ( 'NONE',  ( -0.000000000000000000, -1.000000000000000000, -0.000000000000000000 ) ) ;
#1005 = CARTESIAN_POINT ( 'NONE',  ( 0.000000000000000000, 0.8170000000000000595, 0.000000000000000000 ) ) ;
#1006 = CARTESIAN_POINT ( 'NONE',  ( -0.2125358530112676225, 0.9097083333316670073, -0.08795429858304017190 ) ) ;
#1007 = EDGE_CURVE ( 'NONE', #1866, #4529, #5052, .T. ) ;
#1008 = SURFACE_SIDE_STYLE ('',( #3457 ) ) ;
#1009 = CARTESIAN_POINT ( 'NONE',  ( -9.987337468962237344E-13, 1.085634954334570246, 0.2251872822236677674 ) ) ;
#1010 = CARTESIAN_POINT ( 'NONE',  ( 0.1086633841797907812, 0.4314999999999999392, 0.1854999999999998594 ) ) ;
#1011 = CARTESIAN_POINT ( 'NONE',  ( 0.2597591906435909870, 0.9071041666651862290, 0.07870538208046772011 ) ) ;
#1012 = UNCERTAINTY_MEASURE_WITH_UNIT (LENGTH_MEASURE( 1.000000000000000082E-05 ), #4323, 'distance_accuracy_value', 'NONE');
#1013 = DIRECTION ( 'NONE',  ( 0.000000000000000000, 0.000000000000000000, -1.000000000000000000 ) ) ;
#1014 = VERTEX_POINT ( 'NONE', #6403 ) ;
#1015 = CARTESIAN_POINT ( 'NONE',  ( -0.2950000000000000955, 0.6767717453341274281, 0.1427732069924097236 ) ) ;
#1016 = CARTESIAN_POINT ( 'NONE',  ( 0.001268846592716593594, 0.9478534655312143009, -0.2275123101185060892 ) ) ;
#1017 = CARTESIAN_POINT ( 'NONE',  ( -0.1776184629676534343, 0.9123124999983635020, 0.1456779270554144079 ) ) ;
#1018 = VERTEX_POINT ( 'NONE', #5918 ) ;
#1019 = CARTESIAN_POINT ( 'NONE',  ( -0.1526730809759125618, 1.070259914074172647, 0.1878571759958994614 ) ) ;
#1020 = DIRECTION ( 'NONE',  ( -3.810390315224336117E-18, -0.9995158361299276706, -0.03111419813351309557 ) ) ;
#1021 = CARTESIAN_POINT ( 'NONE',  ( -0.06147988722112062571, 0.9279068872989356676, 0.2258762344707406222 ) ) ;
#1022 = CARTESIAN_POINT ( 'NONE',  ( 0.1093990654002513496, 0.8393958333311114517, -0.2048313400095619075 ) ) ;
#1023 = CARTESIAN_POINT ( 'NONE',  ( -0.1822737292516082575, 0.9420681972964108919, 0.1940748037772797863 ) ) ;
#1024 = LENGTH_MEASURE_WITH_UNIT ( LENGTH_MEASURE( 0.02539999999999999897 ), #987 );
#1025 = CARTESIAN_POINT ( 'NONE',  ( 0.2245985405300160720, 0.9357499999985345873, -0.04460490254742054822 ) ) ;
#1026 =( NAMED_UNIT ( * ) PLANE_ANGLE_UNIT ( ) SI_UNIT ( $, .RADIAN. ) );
#1027 = CARTESIAN_POINT ( 'NONE',  ( -0.1247392934452878077, 1.081583333333043573, 0.1865636180249539144 ) ) ;
#1028 = DIMENSIONAL_EXPONENTS ( 1.000000000000000000, 0.000000000000000000, 0.000000000000000000, 0.000000000000000000, 0.000000000000000000, 0.000000000000000000, 0.000000000000000000 ) ;
#1029 = CARTESIAN_POINT ( 'NONE',  ( -0.07832671816176914326, 0.9244652777760443696, -0.2579083006756755503 ) ) ;
#1030 = CARTESIAN_POINT ( 'NONE',  ( 0.02233581799984521790, 0.9539791666653222313, -0.2275377970002652461 ) ) ;
#1031 = ORIENTED_EDGE ( 'NONE', *, *, #5130, .T. ) ;
#1032 = CARTESIAN_POINT ( 'NONE',  ( -0.06873999872774692876, 0.9788284216095801682, -0.2564867412955599835 ) ) ;
#1033 = DIRECTION ( 'NONE',  ( -0.000000000000000000, -0.000000000000000000, 1.000000000000000000 ) ) ;
#1034 = CARTESIAN_POINT ( 'NONE',  ( -0.1854999999999997762, 0.2460000000000000242, 0.3985000000000000209 ) ) ;
#1035 = CARTESIAN_POINT ( 'NONE',  ( 0.1462579150795209337, 1.121513888888697075, 0.2190343539042238774 ) ) ;
#1036 = CARTESIAN_POINT ( 'NONE',  ( -0.1027112182532668172, 0.9096340001760782057, 0.2172043016293522810 ) ) ;
#1037 = CARTESIAN_POINT ( 'NONE',  ( 0.2949999999999999289, 0.8170000000000000595, 0.02882554341579126461 ) ) ;
#1038 = FILL_AREA_STYLE ('',( #1547 ) ) ;
#1039 = CARTESIAN_POINT ( 'NONE',  ( 0.2521563967165081910, 0.8576249999981870875, -0.1045421133408194481 ) ) ;
#1040 = LENGTH_MEASURE_WITH_UNIT ( LENGTH_MEASURE( 0.02539999999999999897 ), #5821 );
#1041 = ADVANCED_FACE ( 'NONE', ( #3786 ), #2838, .T. ) ;
#1042 = ORIENTED_EDGE ( 'NONE', *, *, #3150, .T. ) ;
#1043 = CARTESIAN_POINT ( 'NONE',  ( 0.000000000000000000, 0.3344999999999999640, -0.08849999999999999534 ) ) ;
#1044 = CARTESIAN_POINT ( 'NONE',  ( 0.2314289557275720222, 0.8220347222198818304, 0.02271783164802051308 ) ) ;
#1045 = VERTEX_POINT ( 'NONE', #410 ) ;
#1046 = CARTESIAN_POINT ( 'NONE',  ( 0.04843435223987352378, 0.6700540676857810185, 0.3126730725181629533 ) ) ;
#1047 = EDGE_CURVE ( 'NONE', #3267, #2031, #4280, .T. ) ;
#1048 = DIMENSIONAL_EXPONENTS ( 1.000000000000000000, 0.000000000000000000, 0.000000000000000000, 0.000000000000000000, 0.000000000000000000, 0.000000000000000000, 0.000000000000000000 ) ;
#1049 = CARTESIAN_POINT ( 'NONE',  ( 0.000000000000000000, 0.6583750000000000435, 0.000000000000000000 ) ) ;
#1050 = CARTESIAN_POINT ( 'NONE',  ( 0.1581630610092564226, 1.107624999999919257, -0.1580676244904417882 ) ) ;
#1051 = PRESENTATION_STYLE_ASSIGNMENT (( #5632 ) ) ;
#1052 = CARTESIAN_POINT ( 'NONE',  ( -0.2254497636578095543, 0.8749861111090142529, -0.1505352960356514391 ) ) ;
#1053 = FILL_AREA_STYLE ('',( #5510 ) ) ;
#1054 = CARTESIAN_POINT ( 'NONE',  ( 0.2099251304849498734, 0.9999861111101702171, -0.08687957561897885483 ) ) ;
#1055 = B_SPLINE_SURFACE_WITH_KNOTS ( 'NONE', 1, 3, ( 
 ( #3493, #135, #5028, #4960, #5596, #5527, #2645, #1585, #4510, #172, #73, #2034, #3999, #6037, #1551, #3523, #5560, #1074, #599, #2579, #4545, #104, #2062, #3557, #871, #2425, #3415, #6445, #3360, #485, #4821, #3858, #6342, #419, #5401, #5855, #5889, #1851, #5829, #6379, #5292, #4358, #2845, #2325, #2908, #2387, #6317, #3317, #2457, #6413, #4293, #1312, #3287, #834, #3387, #956, #3825, #1373, #5329, #5365, #1919, #1884, #1408, #5925, #4783, #929, #5435, #1441, #2356, #900, #4881, #452, #1821, #4328, #2940, #3889, #3796, #4391, #4420, #348, #387, #2878, #1944, #4917, #4856, #5802, #2811, #1343, #581, #5576, #5613, #5476, #993, #4948, #1054, #114, #3916, #16, #521, #642, #5957, #2974, #2622, #547, #1600, #2485, #6078, #1475, #5991, #1089, #1534, #4453, #5047, #3066, #4590, #5540, #3032, #6045, #1118, #3001, #3448, #150, #3480, #1979, #5005, #3952, #2015, #5511, #1501, #1030, #4975, #2520, #611, #4491, #56, #3506, #3986, #6020, #84, #2556, #2044, #5074, #2077, #4527, #3096, #4011, #1562, #3540, #2588, #4554, #4044, #3570, #3160, #188, #5146, #4147, #3190, #5181, #5823, #3352, #4849, #2277, #4319, #4814, #4383, #2901, #308, #890, #2870, #5851, #4872, #6336, #1910, #1845, #4776, #411, #1814, #5392, #6404, #441, #5357, #4349, #5919, #3883, #6308, #6367, #1877, #4248, #920, #3847, #3787, #1432, #1780, #1336, #5322, #3755, #3407, #2839, #5794, #1307, #5882, #1399, #3280, #5286, #3310, #828, #342, #2317, #4285, #863, #377, #1556, #2449, #5984, #3471, #6437, #2583, #1022, #2069, #1937, #3439, #5501, #4037, #3057, #2965, #3026, #6071, #3909, #1968, #45, #3563, #5038, #2995, #2039, #606, #4549, #1528, #4004, #109, #5947, #1467, #5470, #2004, #1082, #4910, #985, #4938, #1593, #476, #514, #5605, #1492, #1112, #2477, #4415, #4443 ),
 ( #8, #4967, #3941, #539, #5570, #574, #1050, #2510, #3497, #4480, #5532, #3976, #6011, #4995, #2549, #4519, #6041, #3531, #4114, #6131, #6300, #367, #4470, #3402, #5419, #944, #2925, #1232, #3208, #4269, #6257, #5274, #819, #2855, #3299, #6227, #3329, #2796, #5340, #4306, #323, #1861, #2298, #4861, #2231, #5304, #6325, #4834, #6353, #5867, #2917, #4399, #1926, #5934, #3421, #2950, #4928, #4427, #1954, #5969, #2983, #5715, #6088, #5122, #1128, #652, #5057, #1574, #619, #3638, #4097, #592, #4631, #2600, #4129, #682, #125, #2188, #4564, #1224, #5019, #94, #2571, #2088, #3107, #2157, #5084, #2633, #4599, #161, #2126, #6148, #6116, #1665, #4159, #4540, #1635, #2055, #5682, #1193, #3172, #5158, #717, #3355, #5394, #3731, #5227, #3850, #2731, #1880, #2258, #6215, #2416, #6370, #3702, #4222, #4416, #1435, #1369, #749, #4690, #249, #4386, #1940, #894, #2873, #4850, #413, #3410, #5885, #1401, #5426, #2379, #1912, #5949, #3199, #4352, #1970, #1025, #541, #517, #2967, #10, #2007, #2512, #4941, #4483, #2480, #4445, #48, #3944, #5986, #988, #5471, #1469, #3979, #1494, #3473, #5504, #2997, #4970, #6014, #1530, #3500, #3440, #4155, #5154, #1283, #1750, #3223, #3698, #2154, #4187, #3726, #6209, #2668, #4653, #1727, #3258, #2697, #1249, #6280, #5769, #3167, #5259, #6145, #2218, #5741, #744, #6177, #5119, #680, #3669, #4628, #1150, #5221, #2183, #1220, #3195, #5677, #2726, #213, #1693, #5710, #807, #5188, #713, #2781, #4750, #780, #2755, #4126, #4720, #313, #281, #192, #4687, #2254, #2283, #244, #4217, #1787, #4254, #6243, #3760, #1661, #3134, #3634, #1188, #454, #5857, #1375, #4393, #3891, #4360, #4858, #2389, #523, #958, #3827, #1477, #903, #995, #1946, #3389, #1503, #421, #2522, #4493, #3362, #1853, #5403, #931, #3450, #6381, #3860 ) ),
 .UNSPECIFIED., .F., .F., .F.,
 ( 2, 2 ),
 ( 4, 2, 2, 2, 2, 2, 2, 2, 2, 2, 2, 2, 2, 2, 2, 2, 2, 2, 2, 2, 2, 2, 2, 2, 2, 2, 2, 2, 2, 2, 2, 2, 2, 2, 2, 2, 2, 2, 2, 2, 2, 2, 2, 2, 2, 2, 2, 2, 2, 2, 2, 2, 2, 2, 2, 2, 2, 2, 2, 2, 2, 2, 2, 2, 2, 2, 2, 2, 2, 2, 2, 2, 2, 2, 2, 2, 2, 2, 2, 2, 2, 2, 2, 2, 2, 2, 2, 2, 2, 2, 2, 2, 2, 2, 2, 2, 2, 2, 2, 2, 2, 2, 2, 2, 2, 2, 2, 2, 2, 2, 2, 2, 2, 2, 2, 2, 2, 2, 2, 2, 2, 2, 2, 2, 2, 2, 2, 4 ),
 ( 0.000000000000000000, 1.000000000000000000 ),
 ( 0.000000000000000000, 0.007812500000000000000, 0.01562500000000000000, 0.02343750000000000000, 0.03125000000000000000, 0.03906250000000000000, 0.04687500000000000000, 0.05468750000000000000, 0.06250000000000000000, 0.07031250000000000000, 0.07812500000000000000, 0.08593750000000000000, 0.09375000000000000000, 0.1015625000000000000, 0.1093750000000000000, 0.1171875000000000000, 0.1250000000000000000, 0.1328125000000000000, 0.1406250000000000000, 0.1484375000000000000, 0.1562500000000000000, 0.1640625000000000000, 0.1718750000000000000, 0.1796875000000000000, 0.1875000000000000000, 0.1953125000000000000, 0.2031250000000000000, 0.2109375000000000000, 0.2187500000000000000, 0.2265625000000000000, 0.2343750000000000000, 0.2421875000000000000, 0.2500000000000000000, 0.2578125000000000000, 0.2656250000000000000, 0.2734375000000000000, 0.2812500000000000000, 0.2890625000000000000, 0.2968750000000000000, 0.3046875000000000000, 0.3125000000000000000, 0.3203125000000000000, 0.3281250000000000000, 0.3359375000000000000, 0.3437500000000000000, 0.3515625000000000000, 0.3593750000000000000, 0.3671875000000000000, 0.3750000000000000000, 0.3828125000000000000, 0.3906250000000000000, 0.3984375000000000000, 0.4062500000000000000, 0.4140625000000000000, 0.4218750000000000000, 0.4296875000000000000, 0.4375000000000000000, 0.4453125000000000000, 0.4531250000000000000, 0.4609375000000000000, 0.4687500000000000000, 0.4765625000000000000, 0.4843750000000000000, 0.4921875000000000000, 0.5000000000000000000, 0.5078125000000000000, 0.5156250000000000000, 0.5234375000000000000, 0.5312500000000000000, 0.5390625000000000000, 0.5468750000000000000, 0.5546875000000000000, 0.5625000000000000000, 0.5703125000000000000, 0.5781250000000000000, 0.5859375000000000000, 0.5937500000000000000, 0.6015625000000000000, 0.6093750000000000000, 0.6171875000000000000, 0.6250000000000000000, 0.6328125000000000000, 0.6406250000000000000, 0.6484375000000000000, 0.6562500000000000000, 0.6640625000000000000, 0.6718750000000000000, 0.6796875000000000000, 0.6875000000000000000, 0.6953125000000000000, 0.7031250000000000000, 0.7109375000000000000, 0.7187500000000000000, 0.7265625000000000000, 0.7343750000000000000, 0.7421875000000000000, 0.7500000000000000000, 0.7578125000000000000, 0.7656250000000000000, 0.7734375000000000000, 0.7812500000000000000, 0.7890625000000000000, 0.7968750000000000000, 0.8046875000000000000, 0.8125000000000000000, 0.8203125000000000000, 0.8281250000000000000, 0.8359375000000000000, 0.8437500000000000000, 0.8515625000000000000, 0.8593750000000000000, 0.8671875000000000000, 0.8750000000000000000, 0.8828125000000000000, 0.8906250000000000000, 0.8984375000000000000, 0.9062500000000000000, 0.9140625000000000000, 0.9218750000000000000, 0.9296875000000000000, 0.9375000000000000000, 0.9453125000000000000, 0.9531250000000000000, 0.9609375000000000000, 0.9687500000000000000, 0.9765625000000000000, 0.9843750000000000000, 0.9916666632801524051 ),
 .UNSPECIFIED. ) ;
#1056 = VERTEX_POINT ( 'NONE', #3846 ) ;
#1057 = CARTESIAN_POINT ( 'NONE',  ( -1.516389062108171157E-15, 1.004291655271409622, 0.2641697475315327726 ) ) ;
#1058 = MECHANICAL_DESIGN_GEOMETRIC_PRESENTATION_REPRESENTATION (  '', ( #4468 ), #4886 ) ;
#1059 = CARTESIAN_POINT ( 'NONE',  ( 0.1196765014027164065, 0.9420823684567779521, -0.1962460942180583590 ) ) ;
#1060 = CARTESIAN_POINT ( 'NONE',  ( -0.008674965110952217659, 0.9528043031981999755, 0.2657725112055716599 ) ) ;
#1061 = CARTESIAN_POINT ( 'NONE',  ( -0.07660181534395264780, 1.113701388888607369, 0.2522466423711768324 ) ) ;
#1062 =( NAMED_UNIT ( * ) SI_UNIT ( $, .STERADIAN. ) SOLID_ANGLE_UNIT ( ) );
#1063 = CIRCLE ( 'NONE', #2197, 0.2835000000000000298 ) ;
#1064 = SURFACE_STYLE_USAGE ( .BOTH. , #3135 ) ;
#1065 = AXIS2_PLACEMENT_3D ( 'NONE', #2502, #35, #5522 ) ;
#1066 =( NAMED_UNIT ( * ) PLANE_ANGLE_UNIT ( ) SI_UNIT ( $, .RADIAN. ) );
#1067 = LINE ( 'NONE', #1956, #138 ) ;
#1068 = CARTESIAN_POINT ( 'NONE',  ( 0.1514894290881409478, 0.8628333333315496567, -0.2268786945461271909 ) ) ;
#1069 = DIRECTION ( 'NONE',  ( 0.000000000000000000, -1.000000000000000000, 0.000000000000000000 ) ) ;
#1070 = UNCERTAINTY_MEASURE_WITH_UNIT (LENGTH_MEASURE( 1.000000000000000082E-05 ), #1543, 'distance_accuracy_value', 'NONE');
#1071 = MECHANICAL_DESIGN_GEOMETRIC_PRESENTATION_REPRESENTATION (  '', ( #5001 ), #1172 ) ;
#1072 = CARTESIAN_POINT ( 'NONE',  ( 0.03460266984912042931, 1.030905973022498090, -0.2616227056147918950 ) ) ;
#1073 = ORIENTED_EDGE ( 'NONE', *, *, #5575, .F. ) ;
#1074 = CARTESIAN_POINT ( 'NONE',  ( 0.1422048138435421938, 1.099812499999892168, 0.1731621402753499572 ) ) ;
#1075 = DIRECTION ( 'NONE',  ( 0.000000000000000000, -0.000000000000000000, 1.000000000000000000 ) ) ;
#1076 = AXIS2_PLACEMENT_3D ( 'NONE', #4433, #752, #5267 ) ;
#1077 = FACE_OUTER_BOUND ( 'NONE', #57, .T. ) ;
#1078 = CARTESIAN_POINT ( 'NONE',  ( -0.2271551924304264503, 0.8524166666645512924, 0.04511261882432062581 ) ) ;
#1079 = ORIENTED_EDGE ( 'NONE', *, *, #4325, .F. ) ;
#1080 = AXIS2_PLACEMENT_3D ( 'NONE', #4600, #719, #1612 ) ;
#1081 = CARTESIAN_POINT ( 'NONE',  ( -0.1600178498676890770, 0.8170000000000001705, 0.2482503101256237910 ) ) ;
#1082 = CARTESIAN_POINT ( 'NONE',  ( -0.2154884368537586248, 0.8055416666641640466, 0.08934027330173582859 ) ) ;
#1083 = CARTESIAN_POINT ( 'NONE',  ( -0.1552008838748679953, 0.9432318739818601472, 0.2162904163636376609 ) ) ;
#1084 = CARTESIAN_POINT ( 'NONE',  ( -0.04518623857234543156, 0.8697777777757810247, 0.2268083431866824984 ) ) ;
#1085 = CARTESIAN_POINT ( 'NONE',  ( 0.2018898496436460910, 0.9455659817940558209, -0.1085940047870165431 ) ) ;
#1086 = EDGE_CURVE ( 'NONE', #1192, #4949, #743, .T. ) ;
#1087 = CIRCLE ( 'NONE', #6072, 0.2949999999999999845 ) ;
#1088 = CARTESIAN_POINT ( 'NONE',  ( -0.1474999999999999645, 0.6583750000000000435, 0.2554774941164094093 ) ) ;
#1089 = CARTESIAN_POINT ( 'NONE',  ( -0.06606085511976242386, 0.9800208333321998033, 0.2180286650969611439 ) ) ;
#1090 = EDGE_LOOP ( 'NONE', ( #2581, #4962, #5133 ) ) ;
#1091 = FILL_AREA_STYLE ('',( #1630 ) ) ;
#1092 = SURFACE_STYLE_USAGE ( .BOTH. , #6082 ) ;
#1093 = CARTESIAN_POINT ( 'NONE',  ( 0.1474999999999999367, 0.8170000000000000595, 0.2554774941164094093 ) ) ;
#1094 = CARTESIAN_POINT ( 'NONE',  ( -0.2392315489384096439, 0.9351455084898253611, -0.1183076122399876473 ) ) ;
#1095 = CARTESIAN_POINT ( 'NONE',  ( 0.02591357877022371081, 1.117173611110932718, 0.2622349505263591452 ) ) ;
#1096 =( GEOMETRIC_REPRESENTATION_CONTEXT ( 3 ) GLOBAL_UNCERTAINTY_ASSIGNED_CONTEXT ( ( #881 ) ) GLOBAL_UNIT_ASSIGNED_CONTEXT ( ( #4074, #540, #4115 ) ) REPRESENTATION_CONTEXT ( 'NONE', 'WORKASPACE' ) );
#1097 = CARTESIAN_POINT ( 'NONE',  ( 0.2397205274144036946, 0.9154648900939036382, -0.1177507129111282080 ) ) ;
#1098 = CARTESIAN_POINT ( 'NONE',  ( 2.271719812418340408E-17, -3.937007874047004035E-05, -0.1854999999999999982 ) ) ;
#1099 = FILL_AREA_STYLE ('',( #3076 ) ) ;
#1100 = SURFACE_SIDE_STYLE ('',( #3963 ) ) ;
#1101 = CARTESIAN_POINT ( 'NONE',  ( 0.02672350012527227245, 0.8411319444424526504, 0.2721763160750819699 ) ) ;
#1102 = CARTESIAN_POINT ( 'NONE',  ( 0.03470691308948828380, 1.005451996315693153, 0.2624085822253817146 ) ) ;
#1103 = PRESENTATION_LAYER_ASSIGNMENT (  '', '', ( #4517 ) ) ;
#1104 = SURFACE_SIDE_STYLE ('',( #3178 ) ) ;
#1105 = ORIENTED_EDGE ( 'NONE', *, *, #4888, .T. ) ;
#1106 = PRESENTATION_LAYER_ASSIGNMENT (  '', '', ( #6206 ) ) ;
#1107 = SURFACE_SIDE_STYLE ('',( #4106 ) ) ;
#1108 = CARTESIAN_POINT ( 'NONE',  ( 0.1093990654298965109, 0.8324513888865685551, -0.2048313399986450567 ) ) ;
#1109 = ORIENTED_EDGE ( 'NONE', *, *, #131, .T. ) ;
#1110 = CARTESIAN_POINT ( 'NONE',  ( 0.000000000000000000, 0.8170000000000000595, 0.000000000000000000 ) ) ;
#1111 = SURFACE_STYLE_FILL_AREA ( #1624 ) ;
#1112 = CARTESIAN_POINT ( 'NONE',  ( -0.1481573717028527026, 0.7942569444418320357, -0.1806416078298029582 ) ) ;
#1113 = CARTESIAN_POINT ( 'NONE',  ( -0.2663347846837195165, 0.9354100082472072142, 0.01702435973110087014 ) ) ;
#1114 = CARTESIAN_POINT ( 'NONE',  ( 7.014040501168723578E-05, 0.8437361111089057841, -0.2320802376367937514 ) ) ;
#1115 = DIRECTION ( 'NONE',  ( 1.000000000000000000, 0.000000000000000000, 0.000000000000000000 ) ) ;
#1116 = CARTESIAN_POINT ( 'NONE',  ( 0.08849999999999995370, 0.2459999999999999964, 0.3985000000000000209 ) ) ;
#1117 = EDGE_CURVE ( 'NONE', #1140, #3288, #3856, .T. ) ;
#1118 = CARTESIAN_POINT ( 'NONE',  ( -0.2281703720215976783, 0.9687361111099589417, -6.891430003337424180E-05 ) ) ;
#1119 = VERTEX_POINT ( 'NONE', #2994 ) ;
#1120 = CARTESIAN_POINT ( 'NONE',  ( -0.1324627701959526505, 0.9996606248367267966, 0.2293919431887771754 ) ) ;
#1121 = DIRECTION ( 'NONE',  ( 0.000000000000000000, 1.000000000000000000, 0.000000000000000000 ) ) ;
#1122 =( NAMED_UNIT ( * ) SI_UNIT ( $, .STERADIAN. ) SOLID_ANGLE_UNIT ( ) );
#1123 = CARTESIAN_POINT ( 'NONE',  ( 0.06370062504951334859, 0.9449154799028878227, -0.2195084476157354025 ) ) ;
#1124 = EDGE_CURVE ( 'NONE', #434, #2376, #3529, .T. ) ;
#1125 = CARTESIAN_POINT ( 'NONE',  ( -0.1245066510272695021, 1.092868055555168416, -0.2331057697026701347 ) ) ;
#1126 = CYLINDRICAL_SURFACE ( 'NONE', #3462, 0.1250000000000001110 ) ;
#1127 = CARTESIAN_POINT ( 'NONE',  ( 0.2950000000000000400, 0.7906516627442730094, -0.1703183294109395784 ) ) ;
#1128 = CARTESIAN_POINT ( 'NONE',  ( 0.02208114225561150917, 1.032104166665992029, 0.2248896473114183059 ) ) ;
#1129 = SURFACE_STYLE_USAGE ( .BOTH. , #3639 ) ;
#1130 = CARTESIAN_POINT ( 'NONE',  ( 0.000000000000000000, 0.2459999999999999964, 0.000000000000000000 ) ) ;
#1131 = CARTESIAN_POINT ( 'NONE',  ( 0.1723588952550061948, 0.9018958333318465304, 0.2098815071481795747 ) ) ;
#1132 = CARTESIAN_POINT ( 'NONE',  ( 0.06846139834864721496, 1.006607508089132130, 0.2556498976589288707 ) ) ;
#1133 = DIMENSIONAL_EXPONENTS ( 1.000000000000000000, 0.000000000000000000, 0.000000000000000000, 0.000000000000000000, 0.000000000000000000, 0.000000000000000000, 0.000000000000000000 ) ;
#1134 = UNCERTAINTY_MEASURE_WITH_UNIT (LENGTH_MEASURE( 1.000000000000000082E-05 ), #6273, 'distance_accuracy_value', 'NONE');
#1135 = LENGTH_MEASURE_WITH_UNIT ( LENGTH_MEASURE( 0.02539999999999999897 ), #3081 );
#1136 = EDGE_LOOP ( 'NONE', ( #2343, #3987, #2962, #1328 ) ) ;
#1137 = CARTESIAN_POINT ( 'NONE',  ( 0.000000000000000000, 0.8170000000000000595, 0.000000000000000000 ) ) ;
#1138 = DIRECTION ( 'NONE',  ( 0.000000000000000000, 1.000000000000000000, 0.000000000000000000 ) ) ;
#1139 = CARTESIAN_POINT ( 'NONE',  ( -0.2232766337190510431, 0.7977291666641332935, 0.06765652943026323474 ) ) ;
#1140 = VERTEX_POINT ( 'NONE', #3975 ) ;
#1141 = CARTESIAN_POINT ( 'NONE',  ( -0.1450075502675213790, 0.9248895932402150244, 0.1855184204277768312 ) ) ;
#1142 = CARTESIAN_POINT ( 'NONE',  ( -0.2117272309374953476, 0.9290483547607040204, -0.1627968230854540954 ) ) ;
#1143 = CARTESIAN_POINT ( 'NONE',  ( 7.569307526447189606E-05, 0.8159583333310107545, 0.2329485766083594367 ) ) ;
#1144 = FACE_BOUND ( 'NONE', #5625, .T. ) ;
#1145 = CARTESIAN_POINT ( 'NONE',  ( -0.2220418886296313399, 1.019083333332606589, 0.04409718633579302188 ) ) ;
#1146 = DIRECTION ( 'NONE',  ( -3.784366730434158569E-17, -0.9510565162951533091, -0.3090169943749481174 ) ) ;
#1147 = EDGE_CURVE ( 'NONE', #4135, #602, #2293, .T. ) ;
#1148 = CARTESIAN_POINT ( 'NONE',  ( 0.01512380952865442774, 0.9150302173338991096, 0.2381480515621554050 ) ) ;
#1149 = CARTESIAN_POINT ( 'NONE',  ( 0.2034794653136920706, 1.124118055555317630, 0.1670946818945420465 ) ) ;
#1150 = CARTESIAN_POINT ( 'NONE',  ( -0.04518623860024845174, 0.8628333333312663278, 0.2268083431771264757 ) ) ;
#1151 = DIRECTION ( 'NONE',  ( -0.000000000000000000, -0.000000000000000000, 1.000000000000000000 ) ) ;
#1152 =( LENGTH_UNIT ( ) NAMED_UNIT ( * ) SI_UNIT ( $, .METRE. ) );
#1153 = CARTESIAN_POINT ( 'NONE',  ( -0.2426444392972398889, 0.8962025062865974778, -0.03105218664945435386 ) ) ;
#1154 = CARTESIAN_POINT ( 'NONE',  ( -0.01399824079011372999, 0.8970767543696738233, 0.2675072691084567356 ) ) ;
#1155 = EDGE_CURVE ( 'NONE', #217, #2486, #2118, .T. ) ;
#1156 = CARTESIAN_POINT ( 'NONE',  ( 0.2538280458100885539, 0.8020694444421160307, -0.1050486304972253204 ) ) ;
#1157 = CARTESIAN_POINT ( 'NONE',  ( 0.2366568060660985962, 1.014121151216549999, 0.1170168283527828340 ) ) ;
#1158 = STYLED_ITEM ( 'NONE', ( #5941 ), #6139 ) ;
#1159 = MANIFOLD_SOLID_BREP ( 'Split1[2]', #119 ) ;
#1160 = DIRECTION ( 'NONE',  ( 1.000000000000000000, 0.000000000000000000, 0.000000000000000000 ) ) ;
#1161 = CARTESIAN_POINT ( 'NONE',  ( 0.05988175661093921714, 1.030043064519143403, -0.2566139814066769054 ) ) ;
#1162 = ORIENTED_EDGE ( 'NONE', *, *, #1421, .F. ) ;
#1163 = DIRECTION ( 'NONE',  ( 0.000000000000000000, 1.000000000000000000, 0.000000000000000000 ) ) ;
#1164 = DIRECTION ( 'NONE',  ( 0.000000000000000000, 0.000000000000000000, 1.000000000000000000 ) ) ;
#1165 = EDGE_CURVE ( 'NONE', #469, #1866, #5151, .T. ) ;
#1166 = CARTESIAN_POINT ( 'NONE',  ( 0.2049038444648486612, 0.8272430555532241936, -0.1096090113855585219 ) ) ;
#1167 = EDGE_LOOP ( 'NONE', ( #883, #1250, #647, #2103 ) ) ;
#1168 = PRESENTATION_LAYER_ASSIGNMENT (  '', '', ( #5219 ) ) ;
#1169 = CARTESIAN_POINT ( 'NONE',  ( 0.2584818960120044973, 0.9053680555536426366, 0.07849539436976454843 ) ) ;
#1170 = DIMENSIONAL_EXPONENTS ( 1.000000000000000000, 0.000000000000000000, 0.000000000000000000, 0.000000000000000000, 0.000000000000000000, 0.000000000000000000, 0.000000000000000000 ) ;
#1171 = DIRECTION ( 'NONE',  ( 1.000000000000000000, 0.000000000000000000, 0.000000000000000000 ) ) ;
#1172 =( GEOMETRIC_REPRESENTATION_CONTEXT ( 3 ) GLOBAL_UNCERTAINTY_ASSIGNED_CONTEXT ( ( #6296 ) ) GLOBAL_UNIT_ASSIGNED_CONTEXT ( ( #2797, #3833, #2690 ) ) REPRESENTATION_CONTEXT ( 'NONE', 'WORKASPACE' ) );
#1173 = CARTESIAN_POINT ( 'NONE',  ( 0.1475000000000000200, 0.6583750000000000435, -0.2554774941164094648 ) ) ;
#1174 = COLOUR_RGB ( '',0.1019607843137254888, 0.1019607843137254888, 0.1019607843137254888 ) ;
#1175 = CARTESIAN_POINT ( 'NONE',  ( -0.1479563930758298895, 0.8098819444420227720, 0.1801743001698046243 ) ) ;
#1176 =( NAMED_UNIT ( * ) SI_UNIT ( $, .STERADIAN. ) SOLID_ANGLE_UNIT ( ) );
#1177 = DIRECTION ( 'NONE',  ( -0.000000000000000000, -0.000000000000000000, 1.000000000000000000 ) ) ;
#1178 = SURFACE_SIDE_STYLE ('',( #1652 ) ) ;
#1179 = CARTESIAN_POINT ( 'NONE',  ( 0.06403571117029155380, 1.057751845503096089, 0.2472249541220003233 ) ) ;
#1180 = COLOUR_RGB ( '',0.2509803921568627416, 0.2509803921568627416, 0.2509803921568627416 ) ;
#1181 =( NAMED_UNIT ( * ) SI_UNIT ( $, .STERADIAN. ) SOLID_ANGLE_UNIT ( ) );
#1182 = DIRECTION ( 'NONE',  ( 0.000000000000000000, -0.9995158361299276706, 0.03111419813351309557 ) ) ;
#1183 = CARTESIAN_POINT ( 'NONE',  ( -0.1250452315707584749, 1.071166666666300671, -0.1870116761548114848 ) ) ;
#1184 = AXIS2_PLACEMENT_3D ( 'NONE', #6074, #3598, #1115 ) ;
#1185 = CARTESIAN_POINT ( 'NONE',  ( 0.000000000000000000, 0.6583750000000000435, 0.000000000000000000 ) ) ;
#1186 = DIMENSIONAL_EXPONENTS ( 1.000000000000000000, 0.000000000000000000, 0.000000000000000000, 0.000000000000000000, 0.000000000000000000, 0.000000000000000000, 0.000000000000000000 ) ;
#1187 = CARTESIAN_POINT ( 'NONE',  ( 0.2653321685663308505, 1.018215277776772787, 0.02604627176750884052 ) ) ;
#1188 = CARTESIAN_POINT ( 'NONE',  ( 0.2051462099110625825, 0.8185624999976056637, 0.1097326678488403234 ) ) ;
#1189 = EDGE_LOOP ( 'NONE', ( #5961, #2307, #5319, #349, #4754, #3238 ) ) ;
#1190 = SURFACE_STYLE_FILL_AREA ( #5549 ) ;
#1191 = CARTESIAN_POINT ( 'NONE',  ( 0.006301439683269858053, 1.086263688440744390, 0.2245181463734830518 ) ) ;
#1192 = VERTEX_POINT ( 'NONE', #4175 ) ;
#1193 = CARTESIAN_POINT ( 'NONE',  ( 0.2101273769964210891, 0.9860972222211357163, 0.08695755989301409694 ) ) ;
#1194 = SURFACE_SIDE_STYLE ('',( #3581 ) ) ;
#1195 = DIRECTION ( 'NONE',  ( -0.000000000000000000, -0.000000000000000000, 1.000000000000000000 ) ) ;
#1196 = CARTESIAN_POINT ( 'NONE',  ( -0.2275932637987479745, 0.8315833333312733222, 0.1521793936764619659 ) ) ;
#1197 =( GEOMETRIC_REPRESENTATION_CONTEXT ( 3 ) GLOBAL_UNCERTAINTY_ASSIGNED_CONTEXT ( ( #1579 ) ) GLOBAL_UNIT_ASSIGNED_CONTEXT ( ( #5120, #4597, #2598 ) ) REPRESENTATION_CONTEXT ( 'NONE', 'WORKASPACE' ) );
#1198 = CARTESIAN_POINT ( 'NONE',  ( -0.1446479393367504918, 0.9765486111100641908, 0.1761455146486060053 ) ) ;
#1199 = EDGE_CURVE ( 'NONE', #6244, #5678, #5734, .T. ) ;
#1200 =( NAMED_UNIT ( * ) SI_UNIT ( $, .STERADIAN. ) SOLID_ANGLE_UNIT ( ) );
#1201 = AXIS2_PLACEMENT_3D ( 'NONE', #5482, #5013, #2563 ) ;
#1202 = CARTESIAN_POINT ( 'NONE',  ( -0.2562771667721023272, 1.048321883887066930, -0.05881489586003560421 ) ) ;
#1203 = ORIENTED_EDGE ( 'NONE', *, *, #4685, .T. ) ;
#1204 =( NAMED_UNIT ( * ) PLANE_ANGLE_UNIT ( ) SI_UNIT ( $, .RADIAN. ) );
#1205 = CARTESIAN_POINT ( 'NONE',  ( -0.1251714066008462189, 0.8864444444449997018, -0.2134402925657784278 ) ) ;
#1206 = CARTESIAN_POINT ( 'NONE',  ( -0.05208280338749191746, 1.036444444444011959, -0.2622541987683500442 ) ) ;
#1207 = COLOUR_RGB ( '',0.1019607843137254888, 0.1019607843137254888, 0.1019607843137254888 ) ;
#1208 = CARTESIAN_POINT ( 'NONE',  ( -0.07866900395721546091, 0.8689097222199997361, -0.2596209234187545345 ) ) ;
#1209 = CARTESIAN_POINT ( 'NONE',  ( 0.08553166016916249892, 0.9736151206601741936, -0.2515480867794843700 ) ) ;
#1210 = CARTESIAN_POINT ( 'NONE',  ( -0.1481573717263992285, 0.7942569444418561275, -0.1806416078131826697 ) ) ;
#1211 = CARTESIAN_POINT ( 'NONE',  ( 0.1874517897437037450, 1.050333333332819086, -0.1251694435732106647 ) ) ;
#1212 = CARTESIAN_POINT ( 'NONE',  ( -0.1397058690387219804, 1.037011892966385851, -0.2232890562991437233 ) ) ;
#1213 = CARTESIAN_POINT ( 'NONE',  ( -0.2167813770751455538, 1.014743055554697015, -0.06568292157170542434 ) ) ;
#1214 = CARTESIAN_POINT ( 'NONE',  ( 0.000000000000000000, 0.8170000000000000595, 0.000000000000000000 ) ) ;
#1215 = DIRECTION ( 'NONE',  ( -0.000000000000000000, -0.000000000000000000, 1.000000000000000000 ) ) ;
#1216 = CARTESIAN_POINT ( 'NONE',  ( -0.2075166544494395915, 1.083319444444145407, 0.08588283698619970929 ) ) ;
#1217 = CARTESIAN_POINT ( 'NONE',  ( 0.1223237790079480802, 0.9201622446351277462, 0.2025263712082632783 ) ) ;
#1218 =( BOUNDED_CURVE ( )  B_SPLINE_CURVE ( 3, ( #566, #5063, #36, #1522 ),
 .UNSPECIFIED., .F., .F. ) 
 B_SPLINE_CURVE_WITH_KNOTS ( ( 4, 4 ),
 ( 3.141592653589793116, 4.712388980384689674 ),
 .UNSPECIFIED. ) 
 CURVE ( )  GEOMETRIC_REPRESENTATION_ITEM ( )  RATIONAL_B_SPLINE_CURVE ( ( 1.000000000000000000, 0.8047378541243649375, 0.8047378541243649375, 1.000000000000000000 ) ) 
 REPRESENTATION_ITEM ( '' )  );
#1219 = SURFACE_STYLE_FILL_AREA ( #1542 ) ;
#1220 = CARTESIAN_POINT ( 'NONE',  ( -0.1467410541429945703, 0.8584930555534688867, 0.1789230425084590848 ) ) ;
#1221 = VERTEX_POINT ( 'NONE', #4670 ) ;
#1222 = FILL_AREA_STYLE ('',( #3799 ) ) ;
#1223 = EDGE_LOOP ( 'NONE', ( #3968, #5714 ) ) ;
#1224 = CARTESIAN_POINT ( 'NONE',  ( -0.1884478400768883066, 1.012138888887989197, -0.1258281821005892420 ) ) ;
#1225 = CARTESIAN_POINT ( 'NONE',  ( -0.2950000000000000400, 0.8170000000000000595, 0.02882554341593239131 ) ) ;
#1226 = FILL_AREA_STYLE_COLOUR ( '', #5117 ) ;
#1227 = CARTESIAN_POINT ( 'NONE',  ( -0.2415188845389299732, 0.8307152777757231821, 0.1290001630253877207 ) ) ;
#1228 = DIRECTION ( 'NONE',  ( -0.000000000000000000, -0.000000000000000000, 1.000000000000000000 ) ) ;
#1229 = CARTESIAN_POINT ( 'NONE',  ( 0.2099251304760088588, 0.9999861111102110733, -0.08687957564812137656 ) ) ;
#1230 = DIMENSIONAL_EXPONENTS ( 1.000000000000000000, 0.000000000000000000, 0.000000000000000000, 0.000000000000000000, 0.000000000000000000, 0.000000000000000000, 0.000000000000000000 ) ;
#1231 = VERTEX_POINT ( 'NONE', #5755 ) ;
#1232 = CARTESIAN_POINT ( 'NONE',  ( -0.1586777065321572089, 1.079847222221924641, 0.1587809957121704141 ) ) ;
#1233 = CARTESIAN_POINT ( 'NONE',  ( 0.2473406959250335213, 1.024291666666141465, -0.1025456152159115869 ) ) ;
#1234 = EDGE_CURVE ( 'NONE', #5048, #360, #1422, .T. ) ;
#1235 = CARTESIAN_POINT ( 'NONE',  ( -6.768813428337815184E-05, 1.093736111110906961, 0.2242605064074971732 ) ) ;
#1236 = VERTEX_POINT ( 'NONE', #3689 ) ;
#1237 = CARTESIAN_POINT ( 'NONE',  ( -0.05184209972998106430, 0.3344999999999999640, 0.08849999999999996758 ) ) ;
#1238 = LENGTH_MEASURE_WITH_UNIT ( LENGTH_MEASURE( 0.02539999999999999897 ), #3246 );
#1239 =( CONVERSION_BASED_UNIT ( 'INCH', #5757 ) LENGTH_UNIT ( ) NAMED_UNIT ( #5112 ) );
#1240 = CARTESIAN_POINT ( 'NONE',  ( -0.2136301293039408189, 1.040439899925065692, -0.1538906339603952067 ) ) ;
#1241 = CARTESIAN_POINT ( 'NONE',  ( 0.1072293644421902781, 0.9800208333321736021, 0.2007578430791646662 ) ) ;
#1242 = EDGE_CURVE ( 'NONE', #3320, #404, #5706, .T. ) ;
#1243 = CARTESIAN_POINT ( 'NONE',  ( -0.08501885612133944226, 1.005755471736354822, 0.2502171104103747545 ) ) ;
#1244 = DIRECTION ( 'NONE',  ( -1.000000000000000000, 0.000000000000000000, 0.000000000000000000 ) ) ;
#1245 = CARTESIAN_POINT ( 'NONE',  ( 0.1582752700156433157, 0.9007373735464850872, -0.1845825851582175159 ) ) ;
#1246 = CARTESIAN_POINT ( 'NONE',  ( 0.2290387109937213894, 0.9409583333318911613, -7.446693989178033264E-05 ) ) ;
#1247 = SURFACE_SIDE_STYLE ('',( #5676 ) ) ;
#1248 = CARTESIAN_POINT ( 'NONE',  ( 0.07756928655125010230, 1.007798611109990361, 0.2554141992186134691 ) ) ;
#1249 = CARTESIAN_POINT ( 'NONE',  ( 0.2207820576981258942, 0.8810624999981271355, -0.06690066223955409841 ) ) ;
#1250 = ORIENTED_EDGE ( 'NONE', *, *, #2022, .T. ) ;
#1251 = CARTESIAN_POINT ( 'NONE',  ( 0.1339262827930899069, 0.9021674219871150813, 0.2320381077142238124 ) ) ;
#1252 = PRESENTATION_STYLE_ASSIGNMENT (( #1790 ) ) ;
#1253 = EDGE_LOOP ( 'NONE', ( #3149, #4028, #959 ) ) ;
#1254 = FACE_OUTER_BOUND ( 'NONE', #5206, .T. ) ;
#1255 = CARTESIAN_POINT ( 'NONE',  ( 0.2016225444652197107, 1.068420437563499803, -0.1367846140368254859 ) ) ;
#1256 = CARTESIAN_POINT ( 'NONE',  ( 0.1525978636978967129, 0.8072777777754855943, -0.2282286234103012845 ) ) ;
#1257 = FACE_OUTER_BOUND ( 'NONE', #301, .T. ) ;
#1258 = PRESENTATION_LAYER_ASSIGNMENT (  '', '', ( #4027 ) ) ;
#1259 = CARTESIAN_POINT ( 'NONE',  ( -0.2182874816612467572, 0.9713402777765363094, 0.06614479510832396714 ) ) ;
#1260 = AXIS2_PLACEMENT_3D ( 'NONE', #357, #3234, #6350 ) ;
#1261 = DIRECTION ( 'NONE',  ( 0.000000000000000000, 1.000000000000000000, 0.000000000000000000 ) ) ;
#1262 = ORIENTED_EDGE ( 'NONE', *, *, #3292, .F. ) ;
#1263 = CARTESIAN_POINT ( 'NONE',  ( 0.2661264038528827203, 1.076374999999843540, -8.609767685830738441E-05 ) ) ;
#1264 = CONICAL_SURFACE ( 'NONE', #5662, 0.1854999999999997762, 0.5235987755983002589 ) ;
#1265 = AXIS2_PLACEMENT_3D ( 'NONE', #145, #4522, #4484 ) ;
#1266 = CARTESIAN_POINT ( 'NONE',  ( -0.1247392934464308933, 1.088527777777567929, 0.1865636180224067298 ) ) ;
#1267 = VERTEX_POINT ( 'NONE', #405 ) ;
#1268 = CARTESIAN_POINT ( 'NONE',  ( 0.2385681845568986548, 0.9585610893000044985, 0.1180019667153680840 ) ) ;
#1269 = CIRCLE ( 'NONE', #456, 0.2742930060464869868 ) ;
#1270 = CARTESIAN_POINT ( 'NONE',  ( 0.000000000000000000, 0.2459999999999999964, 0.5032890738579167689 ) ) ;
#1271 =( LENGTH_UNIT ( ) NAMED_UNIT ( * ) SI_UNIT ( $, .METRE. ) );
#1272 = CARTESIAN_POINT ( 'NONE',  ( -2.210022341749487930E-15, 1.032069435265718038, -0.2633050455236100040 ) ) ;
#1273 = CARTESIAN_POINT ( 'NONE',  ( -0.2106727360777175817, 0.9652638888876844403, 0.08734377514845999280 ) ) ;
#1274 = STYLED_ITEM ( 'NONE', ( #4794 ), #5255 ) ;
#1275 = PRESENTATION_LAYER_ASSIGNMENT (  '', '', ( #4051 ) ) ;
#1276 = EDGE_CURVE ( 'NONE', #2846, #3730, #6330, .T. ) ;
#1277 = CARTESIAN_POINT ( 'NONE',  ( -0.1092055741042195216, 0.9846291782875429277, -0.2413688752796443182 ) ) ;
#1278 = CARTESIAN_POINT ( 'NONE',  ( 0.000000000000000000, 0.2459999999999999964, -0.5032890738579166579 ) ) ;
#1279 = CARTESIAN_POINT ( 'NONE',  ( 0.08625765941644648882, 1.062486111110619635, -0.2080667325915045718 ) ) ;
#1280 = AXIS2_PLACEMENT_3D ( 'NONE', #6285, #4726, #2759 ) ;
#1281 = CARTESIAN_POINT ( 'NONE',  ( 0.2045248764801125829, 1.080715277777212213, -0.1679600101153831959 ) ) ;
#1282 = PRESENTATION_LAYER_ASSIGNMENT (  '', '', ( #4914 ) ) ;
#1283 = CARTESIAN_POINT ( 'NONE',  ( -0.1279428641871067640, 0.8975555555537868546, -0.1913453471259699001 ) ) ;
#1284 = ORIENTED_EDGE ( 'NONE', *, *, #2554, .F. ) ;
#1285 = LENGTH_MEASURE_WITH_UNIT ( LENGTH_MEASURE( 0.02539999999999999897 ), #5771 );
#1286 = LENGTH_MEASURE_WITH_UNIT ( LENGTH_MEASURE( 0.02539999999999999897 ), #2555 );
#1287 = PRESENTATION_STYLE_ASSIGNMENT (( #624 ) ) ;
#1288 = FILL_AREA_STYLE ('',( #2786 ) ) ;
#1289 = CARTESIAN_POINT ( 'NONE',  ( 0.06409906025321575329, 1.072343399646045636, -0.2307329423365042098 ) ) ;
#1290 = CARTESIAN_POINT ( 'NONE',  ( -0.2726463855198362762, 0.8255069444422917790, -0.02693700634355380291 ) ) ;
#1291 = CARTESIAN_POINT ( 'NONE',  ( 0.000000000000000000, 0.8170000000000000595, 0.000000000000000000 ) ) ;
#1292 = STYLED_ITEM ( 'NONE', ( #2479 ), #2175 ) ;
#1293 = CARTESIAN_POINT ( 'NONE',  ( -0.08737794497963594087, 0.9583194444432117098, -0.2111293684913875535 ) ) ;
#1294 = ORIENTED_EDGE ( 'NONE', *, *, #4761, .T. ) ;
#1295 = CARTESIAN_POINT ( 'NONE',  ( 0.1502614285462765820, 1.059881135607403602, 0.2036879240361129939 ) ) ;
#1296 = CARTESIAN_POINT ( 'NONE',  ( 0.2547700385910247611, 1.073770833333219432, 0.07719364776097717429 ) ) ;
#1297 = CARTESIAN_POINT ( 'NONE',  ( -0.2236466382761519711, 1.078979166666407474, -0.02195380441449031050 ) ) ;
#1298 = STYLED_ITEM ( 'NONE', ( #5543 ), #3380 ) ;
#1299 = VERTEX_POINT ( 'NONE', #1329 ) ;
#1300 = LENGTH_MEASURE_WITH_UNIT ( LENGTH_MEASURE( 0.02539999999999999897 ), #2509 );
#1301 = DIRECTION ( 'NONE',  ( 0.000000000000000000, 0.000000000000000000, 1.000000000000000000 ) ) ;
#1302 = DIRECTION ( 'NONE',  ( 1.000000000000000000, 0.000000000000000000, 0.000000000000000000 ) ) ;
#1303 =( NAMED_UNIT ( * ) SI_UNIT ( $, .STERADIAN. ) SOLID_ANGLE_UNIT ( ) );
#1304 = CARTESIAN_POINT ( 'NONE',  ( 0.2228657896963779639, 0.9913055555544831865, -0.04440611467908246734 ) ) ;
#1305 = MECHANICAL_DESIGN_GEOMETRIC_PRESENTATION_REPRESENTATION (  '', ( #1001 ), #6316 ) ;
#1306 = CONICAL_SURFACE ( 'NONE', #6100, 0.2459999999999999964, 0.5235987755983007030 ) ;
#1307 = CARTESIAN_POINT ( 'NONE',  ( -0.1924287648735297507, 0.8628333333312224740, 0.1286672723349055192 ) ) ;
#1308 = FACE_OUTER_BOUND ( 'NONE', #5754, .T. ) ;
#1309 = CARTESIAN_POINT ( 'NONE',  ( -0.1223703516893322185, 0.8170000000000001705, 0.2699861033332140448 ) ) ;
#1310 = EDGE_CURVE ( 'NONE', #726, #5939, #4532, .T. ) ;
#1311 = CARTESIAN_POINT ( 'NONE',  ( -0.1477053720484891586, 1.038180555554695239, -0.2212020976673209349 ) ) ;
#1312 = CARTESIAN_POINT ( 'NONE',  ( 0.2082648856645701874, 1.055541666666138800, -0.08634552611393674082 ) ) ;
#1313 = ORIENTED_EDGE ( 'NONE', *, *, #1388, .T. ) ;
#1314 = FILL_AREA_STYLE ('',( #6245 ) ) ;
#1315 = B_SPLINE_CURVE_WITH_KNOTS ( 'NONE', 3,
 ( #6118, #1154, #1637, #6056, #3610, #3141, #5684, #5125, #683, #2673, #196, #5021, #2160, #4131 ),
 .UNSPECIFIED., .F., .F.,
 ( 4, 2, 2, 2, 2, 2, 4 ),
 ( 0.1159010159488583214, 0.1169636080001493633, 0.1180262000514404191, 0.1190887921027314611, 0.1201513841540225169, 0.1222765682566046008, 0.1244017523591866986 ),
 .UNSPECIFIED. ) ;
#1316 = LENGTH_MEASURE_WITH_UNIT ( LENGTH_MEASURE( 0.02539999999999999897 ), #783 );
#1317 = ORIENTED_EDGE ( 'NONE', *, *, #5916, .T. ) ;
#1318 = SURFACE_SIDE_STYLE ('',( #2226 ) ) ;
#1319 = EDGE_CURVE ( 'NONE', #1791, #3198, #4308, .T. ) ;
#1320 = CARTESIAN_POINT ( 'NONE',  ( 0.2173136608655463486, 0.9125597442581920848, -0.1554171335518627073 ) ) ;
#1321 = CARTESIAN_POINT ( 'NONE',  ( -0.1438590406913421993, 1.016479166665882561, -0.1751765330581860902 ) ) ;
#1322 = PRESENTATION_STYLE_ASSIGNMENT (( #2892 ) ) ;
#1323 = ORIENTED_EDGE ( 'NONE', *, *, #1507, .T. ) ;
#1324 = APPLICATION_PROTOCOL_DEFINITION ( 'draft international standard', 'automotive_design', 1998, #5290 ) ;
#1325 = CARTESIAN_POINT ( 'NONE',  ( -0.2065918802773030194, 1.042520833332949648, -0.1694337652043355069 ) ) ;
#1326 = UNCERTAINTY_MEASURE_WITH_UNIT (LENGTH_MEASURE( 1.000000000000000082E-05 ), #4034, 'distance_accuracy_value', 'NONE');
#1327 = CARTESIAN_POINT ( 'NONE',  ( -0.2726628841152723970, 0.8246388888863050992, -8.286716030581205931E-05 ) ) ;
#1328 = ORIENTED_EDGE ( 'NONE', *, *, #3055, .T. ) ;
#1329 = CARTESIAN_POINT ( 'NONE',  ( -0.2459999999999999964, 0.2460000000000000242, 0.7017244094488189754 ) ) ;
#1330 = CARTESIAN_POINT ( 'NONE',  ( -0.02208114225561134611, 1.030368055554841122, 0.2249436911835887010 ) ) ;
#1331 = CARTESIAN_POINT ( 'NONE',  ( -1.077799403750353794E-16, 0.9209583446604344692, -0.2667638526409732980 ) ) ;
#1332 = CARTESIAN_POINT ( 'NONE',  ( -0.08025368752868031197, 1.054577424158962051, 0.2457256827920558662 ) ) ;
#1333 = CARTESIAN_POINT ( 'NONE',  ( -0.08737794498150103228, 0.9513749999986932382, -0.2111293684888678746 ) ) ;
#1334 = ORIENTED_EDGE ( 'NONE', *, *, #5793, .F. ) ;
#1335 = CARTESIAN_POINT ( 'NONE',  ( -3.306546357697849419E-17, 0.8170000000000000595, -0.2699999999999996292 ) ) ;
#1336 = CARTESIAN_POINT ( 'NONE',  ( -0.02259049374431335716, 0.8706458333313885634, 0.2301319028167166381 ) ) ;
#1337 = CARTESIAN_POINT ( 'NONE',  ( -0.2610541654333561334, 0.9933030810951696266, -0.04349799388724221588 ) ) ;
#1338 = DIRECTION ( 'NONE',  ( 1.000000000000000000, 0.000000000000000000, 0.000000000000000000 ) ) ;
#1339 = CARTESIAN_POINT ( 'NONE',  ( -0.1896195334971389757, 0.9739444444433057457, 0.1266169005717210916 ) ) ;
#1340 = CARTESIAN_POINT ( 'NONE',  ( 0.000000000000000000, 0.8170000000000000595, 0.000000000000000000 ) ) ;
#1341 = CARTESIAN_POINT ( 'NONE',  ( -0.2679262743829785021, 0.9348819444427637348, -0.02630094751182301960 ) ) ;
#1342 = CARTESIAN_POINT ( 'NONE',  ( -0.1084573754652050220, 0.9036319444427050041, -0.2030570241626329375 ) ) ;
#1343 = CARTESIAN_POINT ( 'NONE',  ( 0.04419768032402609376, 1.008666666665737788, -0.2225750444953782103 ) ) ;
#1344 = VERTEX_POINT ( 'NONE', #1867 ) ;
#1345 = ORIENTED_EDGE ( 'NONE', *, *, #3905, .T. ) ;
#1346 =( NAMED_UNIT ( * ) PLANE_ANGLE_UNIT ( ) SI_UNIT ( $, .RADIAN. ) );
#1347 = CARTESIAN_POINT ( 'NONE',  ( 0.2653304817866508625, 0.9663927997745587195, 0.01776941613207155130 ) ) ;
#1348 = CARTESIAN_POINT ( 'NONE',  ( 0.2239849483311612821, 1.027448708996506088, -0.1389597638130058155 ) ) ;
#1349 = FACE_OUTER_BOUND ( 'NONE', #1253, .T. ) ;
#1351 = EDGE_CURVE ( 'NONE', #4031, #1791, #3993, .T. ) ;
#1350 = ORIENTED_EDGE ( 'NONE', *, *, #4402, .T. ) ;
#1352 = LENGTH_MEASURE_WITH_UNIT ( LENGTH_MEASURE( 0.02539999999999999897 ), #759 );
#1353 = VECTOR ( 'NONE', #2896, 39.37007874015748143 ) ;
#1354 = DIRECTION ( 'NONE',  ( 0.000000000000000000, 1.000000000000000000, 0.000000000000000000 ) ) ;
#1355 = CARTESIAN_POINT ( 'NONE',  ( -0.05243309576987062459, 1.005194444443731960, 0.2631811373812631416 ) ) ;
#1356 = CARTESIAN_POINT ( 'NONE',  ( -0.08396103368965877889, 0.8135277788992199000, -0.2584054922914100771 ) ) ;
#1358 = ORIENTED_EDGE ( 'NONE', *, *, #4441, .T. ) ;
#1357 = ADVANCED_FACE ( 'NONE', ( #6027 ), #3984, .T. ) ;
#1359 = PRESENTATION_STYLE_ASSIGNMENT (( #6299 ) ) ;
#1360 = CARTESIAN_POINT ( 'NONE',  ( -0.08684465064631875786, 1.006930555554696127, -0.2094688108649284120 ) ) ;
#1361 = FACE_OUTER_BOUND ( 'NONE', #4841, .T. ) ;
#1362 = MECHANICAL_DESIGN_GEOMETRIC_PRESENTATION_REPRESENTATION (  '', ( #3326 ), #2724 ) ;
#1363 = CARTESIAN_POINT ( 'NONE',  ( -0.2288348499105598011, 0.9053680555538969887, -0.02246315590420674274 ) ) ;
#1364 = VECTOR ( 'NONE', #3505, 39.37007874015748143 ) ;
#1365 = MECHANICAL_DESIGN_GEOMETRIC_PRESENTATION_REPRESENTATION (  '', ( #2516 ), #4259 ) ;
#1366 = LENGTH_MEASURE_WITH_UNIT ( LENGTH_MEASURE( 0.02539999999999999897 ), #439 );
#1367 = MECHANICAL_DESIGN_GEOMETRIC_PRESENTATION_REPRESENTATION (  '', ( #6066 ), #1876 ) ;
#1368 = FILL_AREA_STYLE ('',( #2872 ) ) ;
#1369 = CARTESIAN_POINT ( 'NONE',  ( -0.2281703720215976783, 0.9617916666654588997, -6.891430003337424180E-05 ) ) ;
#1370 = CARTESIAN_POINT ( 'NONE',  ( 0.1065353793092831403, 1.042520833332775343, 0.1991578184124555007 ) ) ;
#1371 = AXIS2_PLACEMENT_3D ( 'NONE', #5489, #5903, #3897 ) ;
#1372 = CARTESIAN_POINT ( 'NONE',  ( -0.2222859695551064052, 0.9965138888877219658, 0.1484291005363221061 ) ) ;
#1373 = CARTESIAN_POINT ( 'NONE',  ( 0.1990833873063144188, 1.047729166666147238, 0.1063290378364923627 ) ) ;
#1374 = EDGE_LOOP ( 'NONE', ( #245, #3304, #1350, #2521 ) ) ;
#1375 = CARTESIAN_POINT ( 'NONE',  ( 0.1293916804816546973, 0.8142222222198112203, 0.1935121826197713502 ) ) ;
#1376 = VERTEX_POINT ( 'NONE', #4375 ) ;
#1377 =( GEOMETRIC_REPRESENTATION_CONTEXT ( 3 ) GLOBAL_UNCERTAINTY_ASSIGNED_CONTEXT ( ( #2890 ) ) GLOBAL_UNIT_ASSIGNED_CONTEXT ( ( #4925, #6421, #6452 ) ) REPRESENTATION_CONTEXT ( 'NONE', 'WORKASPACE' ) );
#1378 = CARTESIAN_POINT ( 'NONE',  ( 0.1328565552285374263, 0.9762392813331801644, -0.2300069977037575431 ) ) ;
#1379 = AXIS2_PLACEMENT_3D ( 'NONE', #6303, #4378, #5553 ) ;
#1380 = CARTESIAN_POINT ( 'NONE',  ( 0.2636131135195234343, 1.023098512704321283, -0.01675213981348246811 ) ) ;
#1381 =( LENGTH_UNIT ( ) NAMED_UNIT ( * ) SI_UNIT ( $, .METRE. ) );
#1382 = DIRECTION ( 'NONE',  ( 1.000000000000000000, 0.000000000000000000, 0.000000000000000000 ) ) ;
#1383 = CARTESIAN_POINT ( 'NONE',  ( 0.1183620186367576183, 0.9169024801944989367, -0.2398428278215983256 ) ) ;
#1384 =( LENGTH_UNIT ( ) NAMED_UNIT ( * ) SI_UNIT ( $, .METRE. ) );
#1385 = CARTESIAN_POINT ( 'NONE',  ( -0.1714935670332213558, 0.9452986111099695998, 0.2088360959811052242 ) ) ;
#1386 = VECTOR ( 'NONE', #5765, 39.37007874015748854 ) ;
#1387 = UNCERTAINTY_MEASURE_WITH_UNIT (LENGTH_MEASURE( 1.000000000000000082E-05 ), #42, 'distance_accuracy_value', 'NONE');
#1388 = EDGE_CURVE ( 'NONE', #404, #1662, #5904, .T. ) ;
#1389 = CARTESIAN_POINT ( 'NONE',  ( 0.1597028488612411146, 1.045124999999401227, 0.1595989817188185056 ) ) ;
#1390 = ORIENTED_EDGE ( 'NONE', *, *, #4479, .T. ) ;
#1391 = SURFACE_SIDE_STYLE ('',( #3903 ) ) ;
#1392 = CARTESIAN_POINT ( 'NONE',  ( -0.2106727360616299505, 0.9652638888876492462, 0.08734377517680624869 ) ) ;
#1393 = CARTESIAN_POINT ( 'NONE',  ( -0.01318724118618530734, 0.9137639755554380905, 0.2385594784562977411 ) ) ;
#1394 = DIMENSIONAL_EXPONENTS ( 1.000000000000000000, 0.000000000000000000, 0.000000000000000000, 0.000000000000000000, 0.000000000000000000, 0.000000000000000000, 0.000000000000000000 ) ;
#1395 = CARTESIAN_POINT ( 'NONE',  ( 0.2245985405312174443, 0.9357499999985272598, -0.04460490257991473612 ) ) ;
#1396 = EDGE_CURVE ( 'NONE', #6039, #2793, #649, .T. ) ;
#1397 = CONICAL_SURFACE ( 'NONE', #588, 0.2699999999999996292, 0.03111922056305896356 ) ;
#1398 = CARTESIAN_POINT ( 'NONE',  ( -7.256471233170699482E-17, 0.9061101183300270812, -0.2410463674209289420 ) ) ;
#1399 = CARTESIAN_POINT ( 'NONE',  ( -0.2215709251558800608, 0.8602291666646350032, 0.06729145061762648039 ) ) ;
#1400 = CARTESIAN_POINT ( 'NONE',  ( 7.505645649780310588E-13, 0.8975381624527509761, 0.2674929058117108127 ) ) ;
#1401 = CARTESIAN_POINT ( 'NONE',  ( 0.04467691892222947631, 0.9461666666652581714, -0.2242520102184211439 ) ) ;
#1402 = CARTESIAN_POINT ( 'NONE',  ( 0.2262407440900220390, 0.9956458333323566778, 0.02220848015805889850 ) ) ;
#1403 = CARTESIAN_POINT ( 'NONE',  ( 0.2142868010513067356, 1.098076388888747257, 0.06492705441276580558 ) ) ;
#1404 = AXIS2_PLACEMENT_3D ( 'NONE', #5449, #2465, #4008 ) ;
#1405 = AXIS2_PLACEMENT_3D ( 'NONE', #5928, #4422, #2977 ) ;
#1406 = CARTESIAN_POINT ( 'NONE',  ( 0.02617360963958208914, 0.9765486111097050337, -0.2666292214757762791 ) ) ;
#1407 = CONICAL_SURFACE ( 'NONE', #6204, 0.2699999999999996292, 0.03111922056305896356 ) ;
#1408 = CARTESIAN_POINT ( 'NONE',  ( 0.08638120628817029523, 1.041652777777218875, 0.2087208924730232229 ) ) ;
#1409 =( GEOMETRIC_REPRESENTATION_CONTEXT ( 3 ) GLOBAL_UNCERTAINTY_ASSIGNED_CONTEXT ( ( #1070 ) ) GLOBAL_UNIT_ASSIGNED_CONTEXT ( ( #1543, #3839, #4279 ) ) REPRESENTATION_CONTEXT ( 'NONE', 'WORKASPACE' ) );
#1410 = ORIENTED_EDGE ( 'NONE', *, *, #1155, .F. ) ;
#1411 = LINE ( 'NONE', #5367, #4289 ) ;
#1412 = FACE_OUTER_BOUND ( 'NONE', #2016, .T. ) ;
#1413 = ORIENTED_EDGE ( 'NONE', *, *, #506, .F. ) ;
#1414 = LENGTH_MEASURE_WITH_UNIT ( LENGTH_MEASURE( 0.02539999999999999897 ), #4756 );
#1415 = CARTESIAN_POINT ( 'NONE',  ( 0.2513905673899537452, 0.9640831176125129742, 0.08559715889209651429 ) ) ;
#1416 = FACE_OUTER_BOUND ( 'NONE', #1741, .T. ) ;
#1417 = FACE_BOUND ( 'NONE', #282, .T. ) ;
#1418 = FILL_AREA_STYLE_COLOUR ( '', #2313 ) ;
#1419 = CARTESIAN_POINT ( 'NONE',  ( 0.003806415504115914436, 0.9477548410408105362, -0.2274833331494888755 ) ) ;
#1420 = CARTESIAN_POINT ( 'NONE',  ( 0.05243715553098844684, 0.9774166666658008484, -0.2640656805819854847 ) ) ;
#1421 = EDGE_CURVE ( 'NONE', #6260, #294, #2125, .T. ) ;
#1422 =( BOUNDED_CURVE ( )  B_SPLINE_CURVE ( 3, ( #5246, #1237, #797, #3781 ),
 .UNSPECIFIED., .F., .F. ) 
 B_SPLINE_CURVE_WITH_KNOTS ( ( 4, 4 ),
 ( 0.000000000000000000, 1.570796326794896558 ),
 .UNSPECIFIED. ) 
 CURVE ( )  GEOMETRIC_REPRESENTATION_ITEM ( )  RATIONAL_B_SPLINE_CURVE ( ( 1.000000000000000000, 0.8047378541243649375, 0.8047378541243649375, 1.000000000000000000 ) ) 
 REPRESENTATION_ITEM ( '' )  );
#1423 = CARTESIAN_POINT ( 'NONE',  ( 0.2159092668652269897, 1.049465277777199779, 0.06556654777322498684 ) ) ;
#1424 = DIMENSIONAL_EXPONENTS ( 1.000000000000000000, 0.000000000000000000, 0.000000000000000000, 0.000000000000000000, 0.000000000000000000, 0.000000000000000000, 0.000000000000000000 ) ;
#1425 = EDGE_LOOP ( 'NONE', ( #3086, #420, #223, #1506 ) ) ;
#1426 = CARTESIAN_POINT ( 'NONE',  ( -0.2017149606299212250, 0.2459999999999999964, 0.7773149606299212255 ) ) ;
#1427 = CARTESIAN_POINT ( 'NONE',  ( -0.04843435223987360011, 0.6700540676857811295, -0.3126730725181630643 ) ) ;
#1428 = CARTESIAN_POINT ( 'NONE',  ( -0.1438590407097529167, 1.009534722221300695, -0.1751765330333125981 ) ) ;
#1429 = DIRECTION ( 'NONE',  ( 1.000000000000000000, 0.000000000000000000, 0.000000000000000000 ) ) ;
#1430 = EDGE_CURVE ( 'NONE', #6260, #4135, #2202, .T. ) ;
#1431 = CARTESIAN_POINT ( 'NONE',  ( 0.2036817494595809519, 0.8741180555535442709, 0.1087850599183104866 ) ) ;
#1432 = CARTESIAN_POINT ( 'NONE',  ( 0.04517009422776781247, 0.8732499999980192218, 0.2267002891259555786 ) ) ;
#1433 =( CONVERSION_BASED_UNIT ( 'INCH', #921 ) LENGTH_UNIT ( ) NAMED_UNIT ( #1170 ) );
#1434 = CARTESIAN_POINT ( 'NONE',  ( 0.000000000000000000, 0.8170000000000000595, 0.000000000000000000 ) ) ;
#1435 = CARTESIAN_POINT ( 'NONE',  ( -0.2270368591641687417, 0.9626597222209419824, 0.02243572380809143521 ) ) ;
#1436 = CARTESIAN_POINT ( 'NONE',  ( 0.06615530317466714050, 0.9852291666655742519, 0.2178297729824142104 ) ) ;
#1437 = EDGE_CURVE ( 'NONE', #1014, #2390, #2700, .T. ) ;
#1438 = CARTESIAN_POINT ( 'NONE',  ( 0.1874517897271605615, 1.050333333332788666, -0.1251694436021651424 ) ) ;
#1439 = DIRECTION ( 'NONE',  ( 0.000000000000000000, 0.000000000000000000, -1.000000000000000000 ) ) ;
#1440 = CARTESIAN_POINT ( 'NONE',  ( -0.2558790593766667176, 0.9939097222209525295, 0.07753520321739487686 ) ) ;
#1441 = CARTESIAN_POINT ( 'NONE',  ( -0.08645919056202067132, 1.034708333332612362, 0.2089231389837505060 ) ) ;
#1442 = ORIENTED_EDGE ( 'NONE', *, *, #176, .T. ) ;
#1443 = CARTESIAN_POINT ( 'NONE',  ( -0.1974468957582238560, 0.8144888591009028511, -0.2266406404052127010 ) ) ;
#1444 = EDGE_CURVE ( 'NONE', #2388, #170, #4749, .T. ) ;
#1445 = CARTESIAN_POINT ( 'NONE',  ( 0.2635995880896382371, 0.9658103462069304035, 0.03512944806970495770 ) ) ;
#1446 = CARTESIAN_POINT ( 'NONE',  ( 0.2239262831403224796, 1.017607342040526275, 0.1396392100133659886 ) ) ;
#1447 = CARTESIAN_POINT ( 'NONE',  ( 0.000000000000000000, 0.8170000000000000595, 0.2699999999999996292 ) ) ;
#1448 = DIRECTION ( 'NONE',  ( 0.000000000000000000, -1.000000000000000000, 0.000000000000000000 ) ) ;
#1449 =( CONVERSION_BASED_UNIT ( 'INCH', #1546 ) LENGTH_UNIT ( ) NAMED_UNIT ( #5003 ) );
#1450 = FACE_OUTER_BOUND ( 'NONE', #4469, .T. ) ;
#1451 = CARTESIAN_POINT ( 'NONE',  ( -0.1277170125882335916, 0.9279374999987139994, -0.2387559919612366466 ) ) ;
#1452 = UNCERTAINTY_MEASURE_WITH_UNIT (LENGTH_MEASURE( 1.000000000000000082E-05 ), #2220, 'distance_accuracy_value', 'NONE');
#1453 = CARTESIAN_POINT ( 'NONE',  ( 0.02208114228634738482, 1.039048611110410469, 0.2248896473122057038 ) ) ;
#1454 = PRESENTATION_LAYER_ASSIGNMENT (  '', '', ( #4024 ) ) ;
#1455 = CARTESIAN_POINT ( 'NONE',  ( 0.01885784531283208124, 1.087539731563072154, 0.2223619001799378159 ) ) ;
#1456 = ORIENTED_EDGE ( 'NONE', *, *, #1147, .F. ) ;
#1457 = FACE_OUTER_BOUND ( 'NONE', #3154, .T. ) ;
#1458 = CARTESIAN_POINT ( 'NONE',  ( -3.306546357697849419E-17, 0.8170000000000000595, -0.2699999999999996292 ) ) ;
#1459 = CARTESIAN_POINT ( 'NONE',  ( 0.2159092668531316372, 1.042520833332685859, 0.06556654780155767026 ) ) ;
#1460 = CARTESIAN_POINT ( 'NONE',  ( 0.2208974697770740570, 0.8758541666647887691, 0.06708141099129143192 ) ) ;
#1461 = ORIENTED_EDGE ( 'NONE', *, *, #2640, .F. ) ;
#1462 = STYLED_ITEM ( 'NONE', ( #4271 ), #5128 ) ;
#1463 =( NAMED_UNIT ( * ) PLANE_ANGLE_UNIT ( ) SI_UNIT ( $, .RADIAN. ) );
#1464 = B_SPLINE_CURVE_WITH_KNOTS ( 'NONE', 3,
 ( #83, #4010, #640, #4589, #4947, #1977, #5378, #4763, #4270, #1834, #76, #6360, #4241, #4772, #2310, #3814, #1960, #72, #2033, #6236, #4775, #1966, #731, #941, #4295, #2117, #59, #3035, #892, #1320, #3577, #925, #2248, #5908, #5414, #6033, #4102, #3613, #1383, #1570, #4094, #2844, #3478, #53 ),
 .UNSPECIFIED., .F., .F.,
 ( 4, 2, 2, 2, 2, 2, 2, 2, 2, 2, 2, 2, 2, 2, 2, 2, 2, 2, 2, 2, 2, 4 ),
 ( 0.05857851072305580303, 0.05924200675349686890, 0.05990550278393794170, 0.06123249484482008037, 0.06255948690570221904, 0.06388647896658436465, 0.06454997499702543051, 0.06521347102746649638, 0.06654046308834864198, 0.06786745514923078759, 0.06853095117967185346, 0.06919444721011291932, 0.07052143927099506493, 0.07184843133187721054, 0.07317542339275934227, 0.07383891942320042201, 0.07450241545364148787, 0.07516591148408255374, 0.07582940751452363348, 0.07715639957540576521, 0.07848339163628789694, 0.07981038369717004255 ),
 .UNSPECIFIED. ) ;
#1465 = COLOUR_RGB ( '',0.1019607843137254888, 0.1019607843137254888, 0.1019607843137254888 ) ;
#1466 = STYLED_ITEM ( 'NONE', ( #3296 ), #5525 ) ;
#1467 = CARTESIAN_POINT ( 'NONE',  ( -0.1479563930972177255, 0.8098819444419614877, 0.1801743001490142826 ) ) ;
#1468 = CARTESIAN_POINT ( 'NONE',  ( 0.1858207816079114616, 0.9369932678176446927, 0.1376717146533598668 ) ) ;
#1469 = CARTESIAN_POINT ( 'NONE',  ( -0.1276369260621152413, 0.9149166666650514479, 0.1908972889929819450 ) ) ;
#1470 = CARTESIAN_POINT ( 'NONE',  ( -0.2220418886293651917, 1.026027777777010597, 0.04409718633327756182 ) ) ;
#1471 = CARTESIAN_POINT ( 'NONE',  ( 0.02213683978110447120, 1.058145833332871932, -0.2240656649654545751 ) ) ;
#1472 = CARTESIAN_POINT ( 'NONE',  ( -0.1474999999999999645, 0.6583750000000000435, 0.2554774941164094093 ) ) ;
#1473 = EDGE_CURVE ( 'NONE', #3492, #6352, #5620, .T. ) ;
#1474 = CARTESIAN_POINT ( 'NONE',  ( -0.2639443356157368248, 0.9374861111094362487, 0.05259053830592151646 ) ) ;
#1475 = CARTESIAN_POINT ( 'NONE',  ( 7.405825827217502391E-05, 0.9826249999988568851, 0.2277354224496576651 ) ) ;
#1476 = VERTEX_POINT ( 'NONE', #4019 ) ;
#1477 = CARTESIAN_POINT ( 'NONE',  ( -0.1479563930972177255, 0.8029374999974614457, 0.1801743001490142826 ) ) ;
#1478 = CARTESIAN_POINT ( 'NONE',  ( 0.000000000000000000, 0.2459999999999999964, 0.000000000000000000 ) ) ;
#1479 = AXIS2_PLACEMENT_3D ( 'NONE', #2435, #6424, #3490 ) ;
#1480 = CARTESIAN_POINT ( 'NONE',  ( 0.08545708027305687349, 0.9438422049071244491, -0.2123627625799613394 ) ) ;
#1481 = CARTESIAN_POINT ( 'NONE',  ( -0.1820536668530906010, 0.9319625461982741221, -0.1947100443476478537 ) ) ;
#1482 =( GEOMETRIC_REPRESENTATION_CONTEXT ( 3 ) GLOBAL_UNCERTAINTY_ASSIGNED_CONTEXT ( ( #6093 ) ) GLOBAL_UNIT_ASSIGNED_CONTEXT ( ( #1449, #530, #5226 ) ) REPRESENTATION_CONTEXT ( 'NONE', 'WORKASPACE' ) );
#1483 = CIRCLE ( 'NONE', #39, 0.1992600000000001315 ) ;
#1484 = CARTESIAN_POINT ( 'NONE',  ( -0.02646698218352857082, 0.9800208333324814669, -0.2678357430039408626 ) ) ;
#1485 = PRESENTATION_LAYER_ASSIGNMENT (  '', '', ( #4698 ) ) ;
#1486 = ORIENTED_EDGE ( 'NONE', *, *, #5078, .F. ) ;
#1487 = CARTESIAN_POINT ( 'NONE',  ( -0.02412904923250594469, 0.6766803208448727291, -0.3267057457522020703 ) ) ;
#1488 = CARTESIAN_POINT ( 'NONE',  ( 0.1279993675871753389, 0.8871388888870774814, -0.1916994557147655431 ) ) ;
#1489 = ORIENTED_EDGE ( 'NONE', *, *, #4288, .F. ) ;
#1490 =( NAMED_UNIT ( * ) SI_UNIT ( $, .STERADIAN. ) SOLID_ANGLE_UNIT ( ) );
#1491 = CARTESIAN_POINT ( 'NONE',  ( -0.2351987198396197909, 0.9169241980746404286, -0.03411094083679977462 ) ) ;
#1492 = CARTESIAN_POINT ( 'NONE',  ( -0.1652339678756697683, 0.7951249999974073779, -0.1651266326581082577 ) ) ;
#1493 = CARTESIAN_POINT ( 'NONE',  ( 0.08474105803248972724, 0.9327396242334119458, 0.2174642129069734586 ) ) ;
#1494 = CARTESIAN_POINT ( 'NONE',  ( -0.1776184629866277287, 0.9123124999983481809, 0.1456779270291415074 ) ) ;
#1495 = CARTESIAN_POINT ( 'NONE',  ( -0.2238533704445410666, 0.9669999999987599626, -0.04445153847694904153 ) ) ;
#1496 = CARTESIAN_POINT ( 'NONE',  ( 0.2212967185454021435, 1.043388888888300725, 0.04394382223508013635 ) ) ;
#1497 = AXIS2_PLACEMENT_3D ( 'NONE', #2051, #6052, #3043 ) ;
#1498 = CARTESIAN_POINT ( 'NONE',  ( 0.2279565833246897100, 0.9400902777763722185, 0.02252129386121623153 ) ) ;
#1499 = MECHANICAL_DESIGN_GEOMETRIC_PRESENTATION_REPRESENTATION (  '', ( #5373 ), #2340 ) ;
#1500 = CARTESIAN_POINT ( 'NONE',  ( 0.02642828538325616219, 0.8949513888868659839, 0.2691692834229943432 ) ) ;
#1501 = CARTESIAN_POINT ( 'NONE',  ( -0.02233581799984555097, 0.9557152777765111074, -0.2274837531283336600 ) ) ;
#1502 = EDGE_LOOP ( 'NONE', ( #1589, #3097, #4932 ) ) ;
#1503 = CARTESIAN_POINT ( 'NONE',  ( -0.2322247503105102640, 0.7959930555529732832, 0.02294832924360768953 ) ) ;
#1504 = FACE_OUTER_BOUND ( 'NONE', #1763, .T. ) ;
#1505 = AXIS2_PLACEMENT_3D ( 'NONE', #6364, #339, #4744 ) ;
#1506 = ORIENTED_EDGE ( 'NONE', *, *, #1199, .T. ) ;
#1507 = EDGE_CURVE ( 'NONE', #5062, #2923, #6181, .T. ) ;
#1508 = PRESENTATION_STYLE_ASSIGNMENT (( #3038 ) ) ;
#1509 = SURFACE_STYLE_USAGE ( .BOTH. , #5996 ) ;
#1510 = STYLED_ITEM ( 'NONE', ( #1747 ), #3804 ) ;
#1511 = CARTESIAN_POINT ( 'NONE',  ( 0.03451116732437226053, 1.009803573910305285, 0.2622959675398150448 ) ) ;
#1512 = AXIS2_PLACEMENT_3D ( 'NONE', #3940, #2170, #1171 ) ;
#1513 = CARTESIAN_POINT ( 'NONE',  ( 0.2319561791636673420, 1.134534722222141800, -0.1238926455153456507 ) ) ;
#1514 = FILL_AREA_STYLE_COLOUR ( '', #4274 ) ;
#1515 = DIRECTION ( 'NONE',  ( -0.000000000000000000, -0.000000000000000000, 1.000000000000000000 ) ) ;
#1516 = EDGE_CURVE ( 'NONE', #5926, #3198, #2670, .T. ) ;
#1517 = CARTESIAN_POINT ( 'NONE',  ( -0.05309823587607980649, 0.8697777777760300477, -0.2673675025659002502 ) ) ;
#1518 = UNCERTAINTY_MEASURE_WITH_UNIT (LENGTH_MEASURE( 1.000000000000000082E-05 ), #5808, 'distance_accuracy_value', 'NONE');
#1519 = CARTESIAN_POINT ( 'NONE',  ( -0.2058532977592540669, 1.063677916964427705, 0.1395241781074197107 ) ) ;
#1520 = ORIENTED_EDGE ( 'NONE', *, *, #2681, .T. ) ;
#1521 = CARTESIAN_POINT ( 'NONE',  ( -3.206062944130145526E-17, 0.7906516627442732315, 0.3406366588218791569 ) ) ;
#1522 = CARTESIAN_POINT ( 'NONE',  ( 0.08849999999999995370, 0.2459999999999999964, 0.000000000000000000 ) ) ;
#1523 = EDGE_CURVE ( 'NONE', #2957, #1045, #3366, .T. ) ;
#1524 = CARTESIAN_POINT ( 'NONE',  ( -0.1802125149564313411, 0.8012013888863681599, 0.1479946078596134640 ) ) ;
#1525 = VERTEX_POINT ( 'NONE', #3580 ) ;
#1526 = DIMENSIONAL_EXPONENTS ( 1.000000000000000000, 0.000000000000000000, 0.000000000000000000, 0.000000000000000000, 0.000000000000000000, 0.000000000000000000, 0.000000000000000000 ) ;
#1527 = CARTESIAN_POINT ( 'NONE',  ( 0.000000000000000000, 0.8170000000000000595, 0.000000000000000000 ) ) ;
#1528 = CARTESIAN_POINT ( 'NONE',  ( -0.02290574796754054829, 0.8150902777753989970, 0.2318475016823736967 ) ) ;
#1529 = CARTESIAN_POINT ( 'NONE',  ( -0.1074173750833798263, 0.8895328207181817382, 0.2453957280193959090 ) ) ;
#1530 = CARTESIAN_POINT ( 'NONE',  ( -0.2255301766969822208, 0.9044999999983369676, -0.04493157876104535847 ) ) ;
#1531 = FILL_AREA_STYLE ('',( #146 ) ) ;
#1532 = CARTESIAN_POINT ( 'NONE',  ( -0.2696395386178799813, 0.8793263888867778322, -0.02663990564878176634 ) ) ;
#1533 =( NAMED_UNIT ( * ) PLANE_ANGLE_UNIT ( ) SI_UNIT ( $, .RADIAN. ) );
#1534 = CARTESIAN_POINT ( 'NONE',  ( -0.08725590850686504307, 0.9791527777767418117, 0.2104745829748785879 ) ) ;
#1535 = ORIENTED_EDGE ( 'NONE', *, *, #4535, .T. ) ;
#1536 = CARTESIAN_POINT ( 'NONE',  ( -0.2641683522804912365, 0.9898081709570143438, -0.01772332587058087980 ) ) ;
#1537 = CARTESIAN_POINT ( 'NONE',  ( 0.000000000000000000, 0.8170000000000000595, 0.2699999999999996292 ) ) ;
#1538 = SURFACE_SIDE_STYLE ('',( #4047 ) ) ;
#1539 = SURFACE_SIDE_STYLE ('',( #552 ) ) ;
#1540 = CARTESIAN_POINT ( 'NONE',  ( 0.09294033556949853059, 1.011829998230551864, 0.2471808217785793071 ) ) ;
#1541 = CARTESIAN_POINT ( 'NONE',  ( 0.1666912037288677262, 1.138006944444378998, -0.2032479215801389072 ) ) ;
#1542 = FILL_AREA_STYLE ('',( #840 ) ) ;
#1543 =( CONVERSION_BASED_UNIT ( 'INCH', #2371 ) LENGTH_UNIT ( ) NAMED_UNIT ( #2234 ) );
#1544 = CARTESIAN_POINT ( 'NONE',  ( -0.09123744928996023462, 1.054330227580326573, 0.2421450974381398058 ) ) ;
#1545 =( NAMED_UNIT ( * ) PLANE_ANGLE_UNIT ( ) SI_UNIT ( $, .RADIAN. ) );
#1546 = LENGTH_MEASURE_WITH_UNIT ( LENGTH_MEASURE( 0.02539999999999999897 ), #4502 );
#1547 = FILL_AREA_STYLE_COLOUR ( '', #6383 ) ;
#1548 = CARTESIAN_POINT ( 'NONE',  ( 0.02672328490158240241, 0.8966874999984860706, 0.2704296885770090531 ) ) ;
#1549 = EDGE_CURVE ( 'NONE', #5890, #5745, #5670, .T. ) ;
#1550 = ORIENTED_EDGE ( 'NONE', *, *, #3182, .F. ) ;
#1551 = CARTESIAN_POINT ( 'NONE',  ( 0.2068628073783203847, 1.104152777777628547, 0.08575853491226567704 ) ) ;
#1552 = CARTESIAN_POINT ( 'NONE',  ( -0.2215709251677611680, 0.8532847222200820037, 0.06729145058839873517 ) ) ;
#1553 = ORIENTED_EDGE ( 'NONE', *, *, #2883, .F. ) ;
#1554 = CARTESIAN_POINT ( 'NONE',  ( 0.1474999999999999367, 0.6583750000000000435, 0.2554774941164094093 ) ) ;
#1555 = DIRECTION ( 'NONE',  ( 0.000000000000000000, 1.000000000000000000, 0.000000000000000000 ) ) ;
#1556 = CARTESIAN_POINT ( 'NONE',  ( -0.08884114877116154607, 0.8472083333311689612, -0.2142845116577935805 ) ) ;
#1557 = CARTESIAN_POINT ( 'NONE',  ( 0.06746012679996081507, 0.8411319444421896385, -0.2221445205072534179 ) ) ;
#1558 = FACE_BOUND ( 'NONE', #5280, .T. ) ;
#1559 = SURFACE_SIDE_STYLE ('',( #3980 ) ) ;
#1560 = AXIS2_PLACEMENT_3D ( 'NONE', #2020, #2592, #4123 ) ;
#1561 = PRESENTATION_LAYER_ASSIGNMENT (  '', '', ( #3426 ) ) ;
#1562 = CARTESIAN_POINT ( 'NONE',  ( 0.1273406290305536537, 0.9322777777762407680, 0.1907034053940874496 ) ) ;
#1563 = EDGE_LOOP ( 'NONE', ( #1822, #1825, #781, #4513, #1770 ) ) ;
#1564 = CARTESIAN_POINT ( 'NONE',  ( -0.2296877563370849640, 0.9950186847017187253, 0.1322210328202468865 ) ) ;
#1565 =( CONVERSION_BASED_UNIT ( 'INCH', #6111 ) LENGTH_UNIT ( ) NAMED_UNIT ( #1048 ) );
#1566 = CIRCLE ( 'NONE', #2080, 0.2699999999999996292 ) ;
#1567 = STYLED_ITEM ( 'NONE', ( #1706 ), #4070 ) ;
#1568 = CARTESIAN_POINT ( 'NONE',  ( -0.2644809505251194959, 0.9380396271425194277, -0.03512822563928838515 ) ) ;
#1569 = CARTESIAN_POINT ( 'NONE',  ( 0.07669539609835016036, 1.085923611110636067, -0.2531256667781881520 ) ) ;
#1570 = CARTESIAN_POINT ( 'NONE',  ( 0.08614789759515664724, 0.9180606204974827156, -0.2531668356547540633 ) ) ;
#1571 = COLOUR_RGB ( '',0.1019607843137254888, 0.1019607843137254888, 0.1019607843137254888 ) ;
#1572 = DIRECTION ( 'NONE',  ( -0.000000000000000000, 1.000000000000000000, -3.667407320606400744E-18 ) ) ;
#1573 = CARTESIAN_POINT ( 'NONE',  ( -0.07939098902882049669, 1.075766712240736167, -0.2222180068530148211 ) ) ;
#1574 = CARTESIAN_POINT ( 'NONE',  ( -0.08645919056202067132, 1.027763888888112209, 0.2089231389837505060 ) ) ;
#1575 = VECTOR ( 'NONE', #5034, 39.37007874015748143 ) ;
#1576 = CARTESIAN_POINT ( 'NONE',  ( 0.000000000000000000, 0.6583750000000000435, 0.000000000000000000 ) ) ;
#1577 = DIRECTION ( 'NONE',  ( 0.000000000000000000, 0.000000000000000000, 1.000000000000000000 ) ) ;
#1578 = CARTESIAN_POINT ( 'NONE',  ( 0.05343559075222134580, 0.8419999999980157801, 0.2681857492428100231 ) ) ;
#1579 = UNCERTAINTY_MEASURE_WITH_UNIT (LENGTH_MEASURE( 1.000000000000000082E-05 ), #5120, 'distance_accuracy_value', 'NONE');
#1580 = AXIS2_PLACEMENT_3D ( 'NONE', #18, #1886, #6447 ) ;
#1581 = FILL_AREA_STYLE ('',( #2608 ) ) ;
#1582 = ORIENTED_EDGE ( 'NONE', *, *, #2565, .T. ) ;
#1583 = FILL_AREA_STYLE ('',( #3616 ) ) ;
#1584 = PRESENTATION_LAYER_ASSIGNMENT (  '', '', ( #3041 ) ) ;
#1585 = CARTESIAN_POINT ( 'NONE',  ( 0.1859282583877092387, 1.112833333333288710, -0.1243208234468984319 ) ) ;
#1586 = STYLED_ITEM ( 'NONE', ( #5658 ), #3913 ) ;
#1587 = PRESENTATION_STYLE_ASSIGNMENT (( #2505 ) ) ;
#1588 = CARTESIAN_POINT ( 'NONE',  ( -0.2140863585835964256, 0.8472083333311570819, -0.08875328207260421709 ) ) ;
#1589 = ORIENTED_EDGE ( 'NONE', *, *, #5997, .F. ) ;
#1590 = ADVANCED_FACE ( 'NONE', ( #4689 ), #3376, .T. ) ;
#1591 = CARTESIAN_POINT ( 'NONE',  ( 0.1725918398996690029, 0.8163772232184469679, -0.2409907135958725410 ) ) ;
#1592 = CARTESIAN_POINT ( 'NONE',  ( -0.2129016516285484328, 0.9144499641794279210, -0.1082621570119180060 ) ) ;
#1593 = CARTESIAN_POINT ( 'NONE',  ( -0.2289666742492595664, 0.8003333333307428576, -0.04546697093634621128 ) ) ;
#1594 = SURFACE_STYLE_USAGE ( .BOTH. , #4968 ) ;
#1595 = CARTESIAN_POINT ( 'NONE',  ( -0.2333835261737809419, 0.8020694444418888791, -7.054911627655570394E-05 ) ) ;
#1596 = CARTESIAN_POINT ( 'NONE',  ( -0.06755917099840680340, 0.8909273836918979450, 0.2595988009468789826 ) ) ;
#1597 = CARTESIAN_POINT ( 'NONE',  ( 0.1762348013204844133, 0.9470238025082787781, -0.1442682951203717867 ) ) ;
#1598 = ADVANCED_FACE ( 'NONE', ( #3763 ), #1306, .T. ) ;
#1599 = B_SPLINE_CURVE_WITH_KNOTS ( 'NONE', 3,
 ( #5324, #3217, #310, #2750, #3253, #1782 ),
 .UNSPECIFIED., .F., .F.,
 ( 4, 2, 4 ),
 ( 2.380732032319589525E-07, 0.002188883224565561000, 0.004377528375927889834 ),
 .UNSPECIFIED. ) ;
#1600 = CARTESIAN_POINT ( 'NONE',  ( 0.1072293644123385181, 0.9869652777767531360, 0.2007578430929916613 ) ) ;
#1601 = EDGE_LOOP ( 'NONE', ( #6009, #5458 ) ) ;
#1602 =( CONVERSION_BASED_UNIT ( 'INCH', #4046 ) LENGTH_UNIT ( ) NAMED_UNIT ( #5649 ) );
#1603 = DIRECTION ( 'NONE',  ( 0.000000000000000000, 0.000000000000000000, -1.000000000000000000 ) ) ;
#1604 = SURFACE_STYLE_USAGE ( .BOTH. , #5010 ) ;
#1605 = CIRCLE ( 'NONE', #5792, 0.2459999999999999964 ) ;
#1606 = CARTESIAN_POINT ( 'NONE',  ( 0.2191736594853121722, 0.9346983264769057609, -0.07570601691624953555 ) ) ;
#1607 = CARTESIAN_POINT ( 'NONE',  ( 0.1224081601003310094, 0.8163772232184470790, 0.2699642746369462221 ) ) ;
#1608 = CARTESIAN_POINT ( 'NONE',  ( 0.1239566076199510453, 1.139743055555536566, -0.2317372677906151535 ) ) ;
#1609 = CARTESIAN_POINT ( 'NONE',  ( -0.1779153275456121786, 0.9071041666649670709, -0.1459145726106261531 ) ) ;
#1610 = PRESENTATION_LAYER_ASSIGNMENT (  '', '', ( #896 ) ) ;
#1611 = CARTESIAN_POINT ( 'NONE',  ( -8.124547947001197021E-13, 1.073854453879861781, -0.2377247843414846407 ) ) ;
#1612 = DIRECTION ( 'NONE',  ( 1.000000000000000000, 0.000000000000000000, 0.000000000000000000 ) ) ;
#1613 = CARTESIAN_POINT ( 'NONE',  ( 0.1289464654194863169, 0.8446041666647077228, 0.2410544023815960613 ) ) ;
#1614 = CARTESIAN_POINT ( 'NONE',  ( 0.1089160456708681002, 1.008046619157430435, 0.2406995423277430157 ) ) ;
#1615 = AXIS2_PLACEMENT_3D ( 'NONE', #1982, #4978, #2523 ) ;
#1616 = CARTESIAN_POINT ( 'NONE',  ( 0.000000000000000000, 0.8170000000000000595, 0.000000000000000000 ) ) ;
#1617 = CARTESIAN_POINT ( 'NONE',  ( 0.1608162888283040659, 1.026276839292943999, -0.2094260435026891742 ) ) ;
#1618 = CONICAL_SURFACE ( 'NONE', #4413, 0.2949999999999999845, 1.047197551196600074 ) ;
#1619 = CARTESIAN_POINT ( 'NONE',  ( 0.002537710234034641372, 0.9478041532860119744, -0.2275031543563030278 ) ) ;
#1620 = CARTESIAN_POINT ( 'NONE',  ( -0.1479563930751014722, 0.8029374999974649985, 0.1801743001719196824 ) ) ;
#1621 = ORIENTED_EDGE ( 'NONE', *, *, #2610, .F. ) ;
#1622 = CARTESIAN_POINT ( 'NONE',  ( 0.2949999999999999845, 0.6583750000000000435, 1.182924880895401018E-16 ) ) ;
#1623 = EDGE_CURVE ( 'NONE', #40, #5366, #6420, .T. ) ;
#1624 = FILL_AREA_STYLE ('',( #4993 ) ) ;
#1625 = CARTESIAN_POINT ( 'NONE',  ( 0.04517009419814467519, 0.8732499999980674055, 0.2267002891301505840 ) ) ;
#1626 = FILL_AREA_STYLE ('',( #3124 ) ) ;
#1627 = CARTESIAN_POINT ( 'NONE',  ( 0.04415145484004284054, 1.032972222221569147, 0.2215876232186677897 ) ) ;
#1628 = CARTESIAN_POINT ( 'NONE',  ( 0.000000000000000000, 1.050353506827586214, 0.000000000000000000 ) ) ;
#1629 = ADVANCED_FACE ( 'NONE', ( #2729 ), #3168, .T. ) ;
#1630 = FILL_AREA_STYLE_COLOUR ( '', #3558 ) ;
#1631 = CARTESIAN_POINT ( 'NONE',  ( -0.05149426944356109981, 1.090263888888481025, -0.2592905819046587568 ) ) ;
#1632 = DIRECTION ( 'NONE',  ( -0.000000000000000000, -0.000000000000000000, 1.000000000000000000 ) ) ;
#1633 = FILL_AREA_STYLE_COLOUR ( '', #3245 ) ;
#1634 = CARTESIAN_POINT ( 'NONE',  ( -0.2275779153716497305, 1.081897836634102772, -0.02930343928499111114 ) ) ;
#1635 = CARTESIAN_POINT ( 'NONE',  ( 0.2261867002219770106, 0.9904374999990271933, -0.02220848012778764077 ) ) ;
#1636 = SURFACE_SIDE_STYLE ('',( #4163 ) ) ;
#1637 = CARTESIAN_POINT ( 'NONE',  ( -0.02789341614348872511, 0.8966190798507173154, 0.2664294022857764399 ) ) ;
#1638 = CARTESIAN_POINT ( 'NONE',  ( -0.05345173512474703931, 0.8385277777757536022, 0.2682938032935046069 ) ) ;
#1639 = CARTESIAN_POINT ( 'NONE',  ( -3.734948428837859792E-17, 1.036427078905465038, -0.2631693952590506980 ) ) ;
#1640 =( CONVERSION_BASED_UNIT ( 'INCH', #1135 ) LENGTH_UNIT ( ) NAMED_UNIT ( #2658 ) );
#1641 = CARTESIAN_POINT ( 'NONE',  ( 0.09302280521512508449, 1.028877557972491363, -0.2465837638583897873 ) ) ;
#1642 = VERTEX_POINT ( 'NONE', #996 ) ;
#1643 = CARTESIAN_POINT ( 'NONE',  ( -0.1294468245562915842, 0.8038055555530678742, 0.1938671994791253961 ) ) ;
#1644 = CARTESIAN_POINT ( 'NONE',  ( 0.1475000000000000200, 0.8170000000000000595, -0.2554774941164094648 ) ) ;
#1645 = SURFACE_SIDE_STYLE ('',( #3088 ) ) ;
#1646 = CARTESIAN_POINT ( 'NONE',  ( -0.1720955772885714719, 0.8723819444422917790, -0.2095608583811954806 ) ) ;
#1647 = SURFACE_SIDE_STYLE ('',( #180 ) ) ;
#1648 = CARTESIAN_POINT ( 'NONE',  ( 0.01743429978016568238, 0.9493174250906295519, 0.2658810551750154239 ) ) ;
#1649 = CARTESIAN_POINT ( 'NONE',  ( -0.04353090809494043756, 0.9472824015941193609, 0.2625008935944819766 ) ) ;
#1650 = CARTESIAN_POINT ( 'NONE',  ( -0.2271551924314015591, 0.8593611111091127297, 0.04511261882201609424 ) ) ;
#1651 = PRESENTATION_STYLE_ASSIGNMENT (( #185 ) ) ;
#1652 = SURFACE_STYLE_FILL_AREA ( #2173 ) ;
#1653 = CARTESIAN_POINT ( 'NONE',  ( 0.2457019380061823133, 1.065661077157347369, -0.02500325683683043282 ) ) ;
#1654 = CARTESIAN_POINT ( 'NONE',  ( -0.1434351279398464463, 1.025159722221421710, 0.1748921827000712304 ) ) ;
#1655 = LENGTH_MEASURE_WITH_UNIT ( LENGTH_MEASURE( 0.02539999999999999897 ), #3099 );
#1656 =( LENGTH_UNIT ( ) NAMED_UNIT ( * ) SI_UNIT ( $, .METRE. ) );
#1657 = CARTESIAN_POINT ( 'NONE',  ( 0.1024465325348870165, 0.9191345768755998513, 0.2136437148637292949 ) ) ;
#1658 = ADVANCED_FACE ( 'NONE', ( #1504 ), #4456, .F. ) ;
#1659 = AXIS2_PLACEMENT_3D ( 'NONE', #5595, #171, #3049 ) ;
#1660 = CARTESIAN_POINT ( 'NONE',  ( -0.2211142761255734390, 1.041652777776947314, -0.1476403820946936840 ) ) ;
#1661 = CARTESIAN_POINT ( 'NONE',  ( 0.2314289557262450003, 0.8220347222198772785, 0.02271783161616498098 ) ) ;
#1662 = VERTEX_POINT ( 'NONE', #4951 ) ;
#1663 = DIRECTION ( 'NONE',  ( 1.000000000000000000, 0.000000000000000000, 0.000000000000000000 ) ) ;
#1664 = CARTESIAN_POINT ( 'NONE',  ( -0.2241009041421297976, 1.083597627220519666, 0.04005248516966550265 ) ) ;
#1665 = CARTESIAN_POINT ( 'NONE',  ( 0.2003070236049376562, 0.9939097222212421867, -0.1071501057498183973 ) ) ;
#1666 = CARTESIAN_POINT ( 'NONE',  ( 0.07996214849102754874, 0.7873124999975383842, 0.2632935118447332634 ) ) ;
#1667 = FILL_AREA_STYLE_COLOUR ( '', #132 ) ;
#1668 = AXIS2_PLACEMENT_3D ( 'NONE', #2364, #4926, #5409 ) ;
#1669 = CARTESIAN_POINT ( 'NONE',  ( 0.2101273769884445808, 0.9930416666656159963, 0.08695755992244015575 ) ) ;
#1670 = CIRCLE ( 'NONE', #5970, 0.1992600000000001315 ) ;
#1671 = CARTESIAN_POINT ( 'NONE',  ( -0.2628213045635679479, 1.049767477066663401, -0.01637724176462978729 ) ) ;
#1672 = ORIENTED_EDGE ( 'NONE', *, *, #1698, .F. ) ;
#1673 =( CONVERSION_BASED_UNIT ( 'INCH', #71 ) LENGTH_UNIT ( ) NAMED_UNIT ( #5163 ) );
#1674 = CARTESIAN_POINT ( 'NONE',  ( -0.1259301354629807912, 1.039048611110788389, -0.2357709318355540318 ) ) ;
#1675 = ORIENTED_EDGE ( 'NONE', *, *, #4877, .T. ) ;
#1676 = CARTESIAN_POINT ( 'NONE',  ( 0.1279043630406785648, 0.8619652777755594242, -0.2394784477030558467 ) ) ;
#1677 = CARTESIAN_POINT ( 'NONE',  ( 0.2570022162160477408, 0.9649285900826551909, -0.06844133819940742547 ) ) ;
#1678 = COLOUR_RGB ( '',0.1019607843137254888, 0.1019607843137254888, 0.1019607843137254888 ) ;
#1679 = CARTESIAN_POINT ( 'NONE',  ( 0.04536647694387329482, 0.8176944444419469438, 0.2284335183786325441 ) ) ;
#1680 = DIRECTION ( 'NONE',  ( 0.000000000000000000, 1.000000000000000000, 0.000000000000000000 ) ) ;
#1681 = DIRECTION ( 'NONE',  ( -0.5000000000000012212, 6.123233995736780827E-17, 0.8660254037844379305 ) ) ;
#1682 = CARTESIAN_POINT ( 'NONE',  ( 0.2003070236228057521, 0.9939097222211752403, -0.1071501057220804187 ) ) ;
#1683 = SURFACE_STYLE_FILL_AREA ( #6166 ) ;
#1684 = AXIS2_PLACEMENT_3D ( 'NONE', #96, #4162, #2056 ) ;
#1685 = CARTESIAN_POINT ( 'NONE',  ( -0.1325221430966465885, 1.004017066151193793, 0.2291865506869367464 ) ) ;
#1686 = DIRECTION ( 'NONE',  ( 1.000000000000000000, 0.000000000000000000, 0.000000000000000000 ) ) ;
#1687 = CARTESIAN_POINT ( 'NONE',  ( -3.206062944130145526E-17, 0.7906516627442732315, 0.3406366588218791569 ) ) ;
#1688 = DIRECTION ( 'NONE',  ( 0.000000000000000000, 0.000000000000000000, -1.000000000000000000 ) ) ;
#1689 = PRESENTATION_LAYER_ASSIGNMENT (  '', '', ( #1292 ) ) ;
#1690 = CARTESIAN_POINT ( 'NONE',  ( 0.000000000000000000, 0.2459999999999999964, 0.7418818897637794452 ) ) ;
#1691 = CARTESIAN_POINT ( 'NONE',  ( 0.2949999999999999289, 0.7906516627442732315, 0.1703183294109396617 ) ) ;
#1692 = CARTESIAN_POINT ( 'NONE',  ( -0.2541671484882542797, 1.049465277776941097, 0.07719057074518148598 ) ) ;
#1693 = CARTESIAN_POINT ( 'NONE',  ( -0.2271551924328695515, 0.8524166666646281199, 0.04511261879240015954 ) ) ;
#1694 = EDGE_LOOP ( 'NONE', ( #5225, #3309 ) ) ;
#1695 = CARTESIAN_POINT ( 'NONE',  ( 0.1628565351321960564, 0.9195267449328416998, -0.2120562365835613750 ) ) ;
#1696 = DIRECTION ( 'NONE',  ( -0.000000000000000000, -0.000000000000000000, 1.000000000000000000 ) ) ;
#1698 = EDGE_CURVE ( 'NONE', #1014, #643, #2345, .T. ) ;
#1697 = EDGE_LOOP ( 'NONE', ( #3592, #5782, #902, #2060, #976, #6358 ) ) ;
#1699 = CARTESIAN_POINT ( 'NONE',  ( -0.2161439963359857719, 0.9025972201294323316, 0.1100494197055779666 ) ) ;
#1700 = FACE_OUTER_BOUND ( 'NONE', #5958, .T. ) ;
#1701 = CARTESIAN_POINT ( 'NONE',  ( -0.2686458285176961391, 0.8281111111090234678, 0.05335209399868408309 ) ) ;
#1702 = CARTESIAN_POINT ( 'NONE',  ( -0.01720172000099770213, 1.037006613076927541, -0.2631513547834681277 ) ) ;
#1703 = AXIS2_PLACEMENT_3D ( 'NONE', #5413, #5346, #505 ) ;
#1704 = UNCERTAINTY_MEASURE_WITH_UNIT (LENGTH_MEASURE( 1.000000000000000082E-05 ), #1673, 'distance_accuracy_value', 'NONE');
#1705 = CARTESIAN_POINT ( 'NONE',  ( 0.1756030330754834723, 1.002590277776833405, -0.1440249639397414017 ) ) ;
#1706 = PRESENTATION_STYLE_ASSIGNMENT (( #3114 ) ) ;
#1708 = EDGE_CURVE ( 'NONE', #4949, #4434, #2488, .T. ) ;
#1707 = ORIENTED_EDGE ( 'NONE', *, *, #4369, .F. ) ;
#1709 = COLOUR_RGB ( '',0.1019607843137254888, 0.1019607843137254888, 0.1019607843137254888 ) ;
#1710 = CIRCLE ( 'NONE', #1615, 0.1820000000000000229 ) ;
#1711 = CARTESIAN_POINT ( 'NONE',  ( 0.1479357766166593813, 1.067694444444246882, 0.2215471566742154841 ) ) ;
#1712 = PRESENTATION_LAYER_ASSIGNMENT (  '', '', ( #1918 ) ) ;
#1713 = CARTESIAN_POINT ( 'NONE',  ( 0.2705203801999617186, 0.8515486111087428034, 0.02655562325571604251 ) ) ;
#1714 = VECTOR ( 'NONE', #1151, 39.37007874015748143 ) ;
#1716 = ORIENTED_EDGE ( 'NONE', *, *, #4768, .F. ) ;
#1715 = EDGE_CURVE ( 'NONE', #563, #758, #1710, .T. ) ;
#1717 = CARTESIAN_POINT ( 'NONE',  ( 0.2382235088639915732, 0.9666660404417938279, -0.1171785889158763472 ) ) ;
#1718 =( LENGTH_UNIT ( ) NAMED_UNIT ( * ) SI_UNIT ( $, .METRE. ) );
#1719 = CARTESIAN_POINT ( 'NONE',  ( 0.2214000000000002633, 0.2459999999999999964, -0.7418818897637793341 ) ) ;
#1720 = CARTESIAN_POINT ( 'NONE',  ( -0.02283354070547010187, 1.032838239551646220, -0.2632811132075687510 ) ) ;
#1721 = CARTESIAN_POINT ( 'NONE',  ( 0.2099251304771202198, 0.9930416666657247982, -0.08687957565091887491 ) ) ;
#1722 = CARTESIAN_POINT ( 'NONE',  ( -0.09328031522498862749, 1.005460524401602607, 0.2472660106115087686 ) ) ;
#1723 = DIRECTION ( 'NONE',  ( -0.000000000000000000, -0.000000000000000000, 1.000000000000000000 ) ) ;
#1724 = CARTESIAN_POINT ( 'NONE',  ( 0.2418516455278820199, 0.8953973778749564350, -0.03840123192840689398 ) ) ;
#1725 = CARTESIAN_POINT ( 'NONE',  ( 0.000000000000000000, 0.2459999999999999964, 0.000000000000000000 ) ) ;
#1726 = CARTESIAN_POINT ( 'NONE',  ( 0.1257346620529023462, 1.009534722221175240, 0.2354049507855326684 ) ) ;
#1727 = CARTESIAN_POINT ( 'NONE',  ( 0.1781981221751715028, 0.8845347222203284732, -0.1463403810143291961 ) ) ;
#1728 = ORIENTED_EDGE ( 'NONE', *, *, #4563, .T. ) ;
#1729 = CARTESIAN_POINT ( 'NONE',  ( 0.2534223679048238087, 0.9085234905185343157, 0.08631958150665346163 ) ) ;
#1730 = FILL_AREA_STYLE ('',( #4220 ) ) ;
#1731 = ORIENTED_EDGE ( 'NONE', *, *, #6307, .T. ) ;
#1732 = DIRECTION ( 'NONE',  ( -0.000000000000000000, -1.000000000000000000, -0.000000000000000000 ) ) ;
#1733 = CARTESIAN_POINT ( 'NONE',  ( 0.01620329450870181334, 1.073475369491342146, -0.2381282282650108995 ) ) ;
#1734 = CARTESIAN_POINT ( 'NONE',  ( 0.2126381699648781931, 0.7925208333309314845, 0.1743926545503273473 ) ) ;
#1735 =( NAMED_UNIT ( * ) SI_UNIT ( $, .STERADIAN. ) SOLID_ANGLE_UNIT ( ) );
#1736 = CARTESIAN_POINT ( 'NONE',  ( -0.1884478400675277943, 1.019083333332531094, -0.1258281821302317249 ) ) ;
#1737 = EDGE_LOOP ( 'NONE', ( #6098, #1852 ) ) ;
#1738 = CARTESIAN_POINT ( 'NONE',  ( 0.1880836569473758602, 1.083319444444386992, -0.1879694601037891211 ) ) ;
#1739 = EDGE_CURVE ( 'NONE', #2390, #1642, #5377, .T. ) ;
#1740 = CARTESIAN_POINT ( 'NONE',  ( -0.1060013534148291775, 1.070298611110752196, -0.1984586619980311939 ) ) ;
#1741 = EDGE_LOOP ( 'NONE', ( #6, #5806, #6232, #3082, #5261 ) ) ;
#1742 = CARTESIAN_POINT ( 'NONE',  ( 0.1998901211127219468, 0.9562440166000486519, 0.1758442999358497405 ) ) ;
#1743 = CARTESIAN_POINT ( 'NONE',  ( 0.000000000000000000, 0.2459999999999999964, 0.3985000000000000209 ) ) ;
#1744 = DIRECTION ( 'NONE',  ( 1.000000000000000000, 0.000000000000000000, 0.000000000000000000 ) ) ;
#1745 = CARTESIAN_POINT ( 'NONE',  ( -0.1324115402953540133, 0.9855022334023347819, -0.2294282638094551907 ) ) ;
#1746 = CARTESIAN_POINT ( 'NONE',  ( 0.06530498798960096551, 1.063354166666219847, -0.2155340890627052974 ) ) ;
#1747 = PRESENTATION_STYLE_ASSIGNMENT (( #4215 ) ) ;
#1748 = CARTESIAN_POINT ( 'NONE',  ( 0.2614960567077871390, 1.017347222221258285, 0.05209736300005202159 ) ) ;
#1749 = AXIS2_PLACEMENT_3D ( 'NONE', #4007, #5106, #5071 ) ;
#1750 = CARTESIAN_POINT ( 'NONE',  ( -0.1084573754374540677, 0.8966874999982360483, -0.2030570241729333925 ) ) ;
#1751 = VERTEX_POINT ( 'NONE', #422 ) ;
#1752 = SURFACE_STYLE_FILL_AREA ( #1314 ) ;
#1753 = SURFACE_STYLE_FILL_AREA ( #247 ) ;
#1754 = DIRECTION ( 'NONE',  ( 1.000000000000000000, 0.000000000000000000, 0.000000000000000000 ) ) ;
#1755 = CARTESIAN_POINT ( 'NONE',  ( 0.03900149958127500233, 0.8864444444449995908, 0.2509389175741507660 ) ) ;
#1756 = CARTESIAN_POINT ( 'NONE',  ( -0.2637598712585769167, 0.7734236111086056908, 0.07992312277941242271 ) ) ;
#1757 = B_SPLINE_CURVE_WITH_KNOTS ( 'NONE', 3,
 ( #3555, #1671, #2641, #1202, #5651, #4063, #3586, #5624, #657, #167, #2132, #3649, #5689, #725, #4264, #3204, #3294, #4227, #5197, #5268, #753, #2261, #1702, #2789 ),
 .UNSPECIFIED., .F., .F.,
 ( 4, 2, 2, 2, 2, 2, 2, 2, 2, 2, 2, 4 ),
 ( 0.000000000000000000, 0.001309454580767691360, 0.001964181871151536498, 0.002618909161535380985, 0.003928363742303070394, 0.005237818323070760236, 0.006547272903838450078, 0.007202000194222295433, 0.007856727484606140788, 0.008511454774989987010, 0.009166182065373831497, 0.01047563664614152394 ),
 .UNSPECIFIED. ) ;
#1758 = AXIS2_PLACEMENT_3D ( 'NONE', #2430, #5929, #5371 ) ;
#1759 = CARTESIAN_POINT ( 'NONE',  ( 0.000000000000000000, 0.2459999999999999964, 0.7418818897637794452 ) ) ;
#1760 = CARTESIAN_POINT ( 'NONE',  ( 7.405822815354236549E-05, 0.9826249999988443395, 0.2277354224538913896 ) ) ;
#1761 = MECHANICAL_DESIGN_GEOMETRIC_PRESENTATION_REPRESENTATION (  '', ( #1466 ), #3221 ) ;
#1762 = SURFACE_SIDE_STYLE ('',( #6255 ) ) ;
#1763 = EDGE_LOOP ( 'NONE', ( #2784, #1535, #3428, #2880, #1582 ) ) ;
#1764 = PRODUCT_CONTEXT ( 'NONE', #3159, 'mechanical' ) ;
#1765 = LINE ( 'NONE', #296, #5000 ) ;
#1766 = CARTESIAN_POINT ( 'NONE',  ( 0.1264875597561120057, 1.011270833332725605, 0.2364575815398319847 ) ) ;
#1767 = CIRCLE ( 'NONE', #3835, 0.2459999999999997744 ) ;
#1768 = CARTESIAN_POINT ( 'NONE',  ( -0.1980086132040507763, 1.084187499999746729, 0.1059206528946687875 ) ) ;
#1769 = B_SPLINE_CURVE_WITH_KNOTS ( 'NONE', 3,
 ( #5420, #945, #471, #3935, #1015, #2441 ),
 .UNSPECIFIED., .F., .F.,
 ( 4, 2, 4 ),
 ( 0.01230519887642456470, 0.01449599310799506297, 0.01668678733956556123 ),
 .UNSPECIFIED. ) ;
#1770 = ORIENTED_EDGE ( 'NONE', *, *, #2593, .F. ) ;
#1771 = CARTESIAN_POINT ( 'NONE',  ( 0.1939002478469894486, 0.9692698217097455160, -0.1812227853880382655 ) ) ;
#1772 = DIRECTION ( 'NONE',  ( 0.000000000000000000, 0.000000000000000000, -1.000000000000000000 ) ) ;
#1773 = DIRECTION ( 'NONE',  ( 0.000000000000000000, 0.000000000000000000, 1.000000000000000000 ) ) ;
#1774 = ADVANCED_FACE ( 'NONE', ( #1412 ), #3776, .T. ) ;
#1775 = PRESENTATION_LAYER_ASSIGNMENT (  '', '', ( #4267 ) ) ;
#1776 = CARTESIAN_POINT ( 'NONE',  ( -0.2013825683740736172, 0.9574513888875194612, -0.1075570488916829381 ) ) ;
#1777 = CIRCLE ( 'NONE', #6388, 0.2678382451526731267 ) ;
#1778 = CONICAL_SURFACE ( 'NONE', #4275, 0.2184132259077137539, 0.8165173839605074368 ) ;
#1779 = PRESENTATION_STYLE_ASSIGNMENT (( #305 ) ) ;
#1780 = CARTESIAN_POINT ( 'NONE',  ( 0.02259049374431386023, 0.8723819444424446568, 0.2300778589454741674 ) ) ;
#1781 = CARTESIAN_POINT ( 'NONE',  ( -0.1398091873798006646, 0.9857885184953240065, -0.2249841998191168257 ) ) ;
#1782 = CARTESIAN_POINT ( 'NONE',  ( 0.1475000000000000200, 0.8170000000000000595, -0.2554774941164094648 ) ) ;
#1783 = CARTESIAN_POINT ( 'NONE',  ( -0.2077189009618361781, 1.076374999999674120, -0.08596082126043411153 ) ) ;
#1784 = EDGE_CURVE ( 'NONE', #5817, #6244, #2559, .T. ) ;
#1785 = STYLED_ITEM ( 'NONE', ( #382 ), #859 ) ;
#1786 = CARTESIAN_POINT ( 'NONE',  ( -0.2207478428827018557, 1.052069444443688884, 0.1476023238436195983 ) ) ;
#1787 = CARTESIAN_POINT ( 'NONE',  ( 0.2049038444459604646, 0.8272430555532415131, -0.1096090114120102238 ) ) ;
#1788 = ORIENTED_EDGE ( 'NONE', *, *, #5681, .T. ) ;
#1789 = CARTESIAN_POINT ( 'NONE',  ( 0.2400775618051829707, 0.9073720653440114914, 0.1185575105339590901 ) ) ;
#1790 = SURFACE_STYLE_USAGE ( .BOTH. , #3260 ) ;
#1791 = VERTEX_POINT ( 'NONE', #645 ) ;
#1792 = CARTESIAN_POINT ( 'NONE',  ( 0.1753430962820842209, 0.9745001141560921676, -0.1995759557935241624 ) ) ;
#1793 = CARTESIAN_POINT ( 'NONE',  ( 2.674790579993294231E-17, 1.092000000000000082, 0.2184132259077137539 ) ) ;
#1794 = VECTOR ( 'NONE', #3247, 39.37007874015748143 ) ;
#1795 = SURFACE_SIDE_STYLE ('',( #4337 ) ) ;
#1796 = CARTESIAN_POINT ( 'NONE',  ( 0.1078884885774107766, 0.9505069444430720438, -0.2016985942972702450 ) ) ;
#1797 = CARTESIAN_POINT ( 'NONE',  ( -0.09753418434825214534, 0.8139671491458837504, -0.2843252712332253740 ) ) ;
#1798 = ORIENTED_EDGE ( 'NONE', *, *, #3536, .T. ) ;
#1799 = SURFACE_STYLE_USAGE ( .BOTH. , #4862 ) ;
#1800 = CARTESIAN_POINT ( 'NONE',  ( -0.05192943928638275863, 1.060749999999777815, 0.2615090286806260322 ) ) ;
#1801 = COLOUR_RGB ( '',0.1019607843137254888, 0.1019607843137254888, 0.1019607843137254888 ) ;
#1802 = COLOUR_RGB ( '',0.7529411764705882248, 0.7529411764705882248, 0.7529411764705882248 ) ;
#1803 = CARTESIAN_POINT ( 'NONE',  ( 0.1581630609883486749, 1.114569444444418300, -0.1580676245137766778 ) ) ;
#1804 = CIRCLE ( 'NONE', #1505, 0.01968503937007875723 ) ;
#1805 = EDGE_LOOP ( 'NONE', ( #2458, #930, #4381, #3207 ) ) ;
#1806 =( GEOMETRIC_REPRESENTATION_CONTEXT ( 3 ) GLOBAL_UNCERTAINTY_ASSIGNED_CONTEXT ( ( #5383 ) ) GLOBAL_UNIT_ASSIGNED_CONTEXT ( ( #4257, #3729, #747 ) ) REPRESENTATION_CONTEXT ( 'NONE', 'WORKASPACE' ) );
#1807 = CARTESIAN_POINT ( 'NONE',  ( -0.1589888996519653319, 1.065958333332920116, -0.1590849141762642749 ) ) ;
#1808 = SURFACE_STYLE_USAGE ( .BOTH. , #65 ) ;
#1809 =( NAMED_UNIT ( * ) SI_UNIT ( $, .STERADIAN. ) SOLID_ANGLE_UNIT ( ) );
#1810 = CARTESIAN_POINT ( 'NONE',  ( 0.1756030330744463297, 0.9956458333324076371, -0.1440249639420560779 ) ) ;
#1811 =( GEOMETRIC_REPRESENTATION_CONTEXT ( 3 ) GLOBAL_UNCERTAINTY_ASSIGNED_CONTEXT ( ( #363 ) ) GLOBAL_UNIT_ASSIGNED_CONTEXT ( ( #234, #1463, #1490 ) ) REPRESENTATION_CONTEXT ( 'NONE', 'WORKASPACE' ) );
#1812 = ADVANCED_FACE ( 'NONE', ( #5009 ), #4906, .T. ) ;
#1813 = LINE ( 'NONE', #1335, #1915 ) ;
#1814 = CARTESIAN_POINT ( 'NONE',  ( 0.1463021662280300506, 0.8932152777760047346, -0.1781599073888724127 ) ) ;
#1815 = CARTESIAN_POINT ( 'NONE',  ( -0.2644670736455121962, 0.9944626096042461505, -0.008882849561472823050 ) ) ;
#1816 = DIRECTION ( 'NONE',  ( 0.000000000000000000, -1.000000000000000000, 0.000000000000000000 ) ) ;
#1817 = CARTESIAN_POINT ( 'NONE',  ( 0.1741693366749813010, 1.058145833332795771, -0.1430319272536350050 ) ) ;
#1818 = ADVANCED_FACE ( 'NONE', ( #708 ), #3036, .T. ) ;
#1819 = CARTESIAN_POINT ( 'NONE',  ( -0.1266763520156094502, 0.9452986111094950905, 0.2371792666228932644 ) ) ;
#1820 = CARTESIAN_POINT ( 'NONE',  ( -0.08849999999999995370, 0.2459999999999999964, 0.000000000000000000 ) ) ;
#1821 = CARTESIAN_POINT ( 'NONE',  ( -0.1996082525526409468, 1.028631944443720636, 0.1066153588997784674 ) ) ;
#1822 = ORIENTED_EDGE ( 'NONE', *, *, #1117, .T. ) ;
#1823 = CARTESIAN_POINT ( 'NONE',  ( 0.1556141797184656395, 0.9030279307187565330, 0.2175337302259824912 ) ) ;
#1824 = DIRECTION ( 'NONE',  ( -1.000000000000000000, 0.000000000000000000, 0.000000000000000000 ) ) ;
#1825 = ORIENTED_EDGE ( 'NONE', *, *, #3265, .T. ) ;
#1826 = CARTESIAN_POINT ( 'NONE',  ( 0.000000000000000000, 0.2459999999999999964, 0.000000000000000000 ) ) ;
#1827 = CARTESIAN_POINT ( 'NONE',  ( 0.1326485795160843584, 0.9577137304250908922, 0.2302910090937537457 ) ) ;
#1828 = DIMENSIONAL_EXPONENTS ( 1.000000000000000000, 0.000000000000000000, 0.000000000000000000, 0.000000000000000000, 0.000000000000000000, 0.000000000000000000, 0.000000000000000000 ) ;
#1829 = CARTESIAN_POINT ( 'NONE',  ( 0.02264944522056543466, 0.8984236111093441002, -0.2292535561124239840 ) ) ;
#1830 = CARTESIAN_POINT ( 'NONE',  ( 0.1763239491658568081, 0.9470183426519915848, -0.1441595225047291040 ) ) ;
#1831 = CARTESIAN_POINT ( 'NONE',  ( -0.2545867402838176141, 0.8864444444449997018, 0.08320406984091910374 ) ) ;
#1832 =( BOUNDED_CURVE ( )  B_SPLINE_CURVE ( 3, ( #6113, #5185, #741, #4626 ),
 .UNSPECIFIED., .F., .F. ) 
 B_SPLINE_CURVE_WITH_KNOTS ( ( 4, 4 ),
 ( 4.712388980384689674, 6.283185307179586232 ),
 .UNSPECIFIED. ) 
 CURVE ( )  GEOMETRIC_REPRESENTATION_ITEM ( )  RATIONAL_B_SPLINE_CURVE ( ( 1.000000000000000000, 0.8047378541243649375, 0.8047378541243649375, 1.000000000000000000 ) ) 
 REPRESENTATION_ITEM ( '' )  );
#1833 = EDGE_LOOP ( 'NONE', ( #2800, #1838, #322 ) ) ;
#1834 = CARTESIAN_POINT ( 'NONE',  ( 0.1630214355546456273, 0.8989602963866633045, 0.2127387852070327656 ) ) ;
#1835 = CARTESIAN_POINT ( 'NONE',  ( 0.2643512498087253193, 0.9669999999989554729, -0.05267161123622646907 ) ) ;
#1836 = UNCERTAINTY_MEASURE_WITH_UNIT (LENGTH_MEASURE( 1.000000000000000082E-05 ), #4014, 'distance_accuracy_value', 'NONE');
#1837 = CARTESIAN_POINT ( 'NONE',  ( -0.2609759974714928044, 0.8220347222196510151, -0.07925282598127686429 ) ) ;
#1838 = ORIENTED_EDGE ( 'NONE', *, *, #2469, .F. ) ;
#1839 = DIRECTION ( 'NONE',  ( 0.000000000000000000, 1.000000000000000000, 0.000000000000000000 ) ) ;
#1840 = FILL_AREA_STYLE ('',( #2372 ) ) ;
#1841 = CARTESIAN_POINT ( 'NONE',  ( 0.1605202568537590080, 0.9965138888878334322, -0.1606247020443227203 ) ) ;
#1842 = CARTESIAN_POINT ( 'NONE',  ( -0.01154952185596307482, 1.056087026778127713, 0.2566339262554634404 ) ) ;
#1843 = CARTESIAN_POINT ( 'NONE',  ( -0.2254221226540333578, 0.9079722222205119930, 0.04491543435715612126 ) ) ;
#1844 =( NAMED_UNIT ( * ) SI_UNIT ( $, .STERADIAN. ) SOLID_ANGLE_UNIT ( ) );
#1845 = CARTESIAN_POINT ( 'NONE',  ( 0.06681672228104749978, 0.8966874999982009653, -0.2205232411290460326 ) ) ;
#1846 = CARTESIAN_POINT ( 'NONE',  ( -0.06908188570276481422, 0.9232724415906898852, -0.2581732316244007008 ) ) ;
#1847 = CARTESIAN_POINT ( 'NONE',  ( 0.000000000000000000, 0.2459999999999999964, 0.000000000000000000 ) ) ;
#1848 = CARTESIAN_POINT ( 'NONE',  ( 0.1756030330754834723, 1.002590277776833405, -0.1440249639397414017 ) ) ;
#1849 = DIRECTION ( 'NONE',  ( 0.5000000000000012212, 0.000000000000000000, 0.8660254037844379305 ) ) ;
#1850 = CARTESIAN_POINT ( 'NONE',  ( -0.2674497299640047343, 0.9913055555543642816, -8.123231395396063185E-05 ) ) ;
#1851 = CARTESIAN_POINT ( 'NONE',  ( -0.1738844677691630813, 1.073770833332935881, -0.1426086463534048387 ) ) ;
#1852 = ORIENTED_EDGE ( 'NONE', *, *, #4848, .T. ) ;
#1853 = CARTESIAN_POINT ( 'NONE',  ( -0.1941475422367987258, 0.7899166666640508039, -0.1298101505071691808 ) ) ;
#1854 = SURFACE_SIDE_STYLE ('',( #1753 ) ) ;
#1855 = DIRECTION ( 'NONE',  ( 0.000000000000000000, 1.000000000000000000, 0.000000000000000000 ) ) ;
#1856 = EDGE_CURVE ( 'NONE', #1866, #469, #5675, .T. ) ;
#1857 = CARTESIAN_POINT ( 'NONE',  ( 0.2303170691652206281, 0.9716026621913822492, -0.1325905499639282170 ) ) ;
#1858 = CARTESIAN_POINT ( 'NONE',  ( 0.2551833584999156357, 1.024844644458645648, -0.06801686948536943278 ) ) ;
#1859 = SURFACE_SIDE_STYLE ('',( #2393 ) ) ;
#1860 =( NAMED_UNIT ( * ) SI_UNIT ( $, .STERADIAN. ) SOLID_ANGLE_UNIT ( ) );
#1861 = CARTESIAN_POINT ( 'NONE',  ( -0.06539787159230499303, 1.061618055555192841, -0.2153356715134709387 ) ) ;
#1862 = VECTOR ( 'NONE', #2657, 39.37007874015748143 ) ;
#1863 = CARTESIAN_POINT ( 'NONE',  ( 0.2086073101730215873, 0.9591874999989351558, 0.1710867283196333410 ) ) ;
#1864 =( BOUNDED_CURVE ( )  B_SPLINE_CURVE ( 3, ( #3343, #3878, #856, #2543 ),
 .UNSPECIFIED., .F., .F. ) 
 B_SPLINE_CURVE_WITH_KNOTS ( ( 4, 4 ),
 ( 0.000000000000000000, 1.570796326794896780 ),
 .UNSPECIFIED. ) 
 CURVE ( )  GEOMETRIC_REPRESENTATION_ITEM ( )  RATIONAL_B_SPLINE_CURVE ( ( 1.000000000000000000, 0.8047378541243649375, 0.8047378541243649375, 1.000000000000000000 ) ) 
 REPRESENTATION_ITEM ( '' )  );
#1865 = CARTESIAN_POINT ( 'NONE',  ( -0.2165827222521007345, 1.026895833332524655, 0.06577658736847961929 ) ) ;
#1866 = VERTEX_POINT ( 'NONE', #3282 ) ;
#1867 = CARTESIAN_POINT ( 'NONE',  ( -2.210022341749487930E-15, 1.032069435265718038, -0.2633050455236100040 ) ) ;
#1868 = DIRECTION ( 'NONE',  ( 0.000000000000000000, 0.000000000000000000, -1.000000000000000000 ) ) ;
#1869 = CARTESIAN_POINT ( 'NONE',  ( -0.1258931720578435887, 1.008666666665761991, -0.1885356616251398498 ) ) ;
#1870 = CARTESIAN_POINT ( 'NONE',  ( 1.074138087161970312E-12, 0.9143537889079038639, 0.2383678364809209971 ) ) ;
#1871 = CIRCLE ( 'NONE', #2076, 0.1992599999999998539 ) ;
#1872 = CARTESIAN_POINT ( 'NONE',  ( -0.1623628072019750179, 0.9131805555539639352, 0.1624684083579095994 ) ) ;
#1873 = ORIENTED_EDGE ( 'NONE', *, *, #4121, .F. ) ;
#1874 =( GEOMETRIC_REPRESENTATION_CONTEXT ( 3 ) GLOBAL_UNCERTAINTY_ASSIGNED_CONTEXT ( ( #31 ) ) GLOBAL_UNIT_ASSIGNED_CONTEXT ( ( #4692, #4194, #6149 ) ) REPRESENTATION_CONTEXT ( 'NONE', 'WORKASPACE' ) );
#1875 = DIRECTION ( 'NONE',  ( -0.000000000000000000, -0.000000000000000000, 1.000000000000000000 ) ) ;
#1876 =( GEOMETRIC_REPRESENTATION_CONTEXT ( 3 ) GLOBAL_UNCERTAINTY_ASSIGNED_CONTEXT ( ( #1387 ) ) GLOBAL_UNIT_ASSIGNED_CONTEXT ( ( #42, #4579, #6010 ) ) REPRESENTATION_CONTEXT ( 'NONE', 'WORKASPACE' ) );
#1877 = CARTESIAN_POINT ( 'NONE',  ( 0.1919807067424757763, 0.8801944444425306990, 0.1283613342118766210 ) ) ;
#1878 = SURFACE_SIDE_STYLE ('',( #5948 ) ) ;
#1879 = CARTESIAN_POINT ( 'NONE',  ( -4.033744303144887934E-16, 0.9299204364956948909, 0.2333099260753311033 ) ) ;
#1880 = CARTESIAN_POINT ( 'NONE',  ( -0.06606085511976242386, 0.9730763888876997614, 0.2180286650969611439 ) ) ;
#1881 = CARTESIAN_POINT ( 'NONE',  ( 0.2228657896974893526, 0.9982499999989971062, -0.04440611468187996569 ) ) ;
#1882 = FACE_OUTER_BOUND ( 'NONE', #1374, .T. ) ;
#1883 = DIMENSIONAL_EXPONENTS ( 1.000000000000000000, 0.000000000000000000, 0.000000000000000000, 0.000000000000000000, 0.000000000000000000, 0.000000000000000000, 0.000000000000000000 ) ;
#1884 = CARTESIAN_POINT ( 'NONE',  ( 0.1065353793338902760, 1.042520833332721608, 0.1991578183939457514 ) ) ;
#1885 = ORIENTED_EDGE ( 'NONE', *, *, #850, .F. ) ;
#1886 = DIRECTION ( 'NONE',  ( 0.000000000000000000, 1.000000000000000000, 0.000000000000000000 ) ) ;
#1887 = DIRECTION ( 'NONE',  ( -0.000000000000000000, -0.000000000000000000, 1.000000000000000000 ) ) ;
#1888 = CARTESIAN_POINT ( 'NONE',  ( 0.000000000000000000, 0.6583750000000000435, 0.000000000000000000 ) ) ;
#1889 = CARTESIAN_POINT ( 'NONE',  ( 0.2635905508456365398, 1.021947955780221351, 0.01764685991015247854 ) ) ;
#1890 = AXIS2_PLACEMENT_3D ( 'NONE', #861, #4813, #3818 ) ;
#1891 = CARTESIAN_POINT ( 'NONE',  ( 0.2949999999999999845, 0.6583750000000000435, 0.02882554341579124033 ) ) ;
#1892 = CARTESIAN_POINT ( 'NONE',  ( 0.2950000000000000400, 0.7906516627442730094, -0.1703183294109395784 ) ) ;
#1893 = EDGE_CURVE ( 'NONE', #1231, #643, #354, .T. ) ;
#1894 = CARTESIAN_POINT ( 'NONE',  ( 0.1280764382875493601, 0.9472624711348139881, -0.1889537017596725765 ) ) ;
#1895 = CARTESIAN_POINT ( 'NONE',  ( -0.1034559976072598336, 0.9479027777766011464, 0.2495503932308371919 ) ) ;
#1896 = STYLED_ITEM ( 'NONE', ( #3499 ), #2321 ) ;
#1897 = UNCERTAINTY_MEASURE_WITH_UNIT (LENGTH_MEASURE( 1.000000000000000082E-05 ), #4368, 'distance_accuracy_value', 'NONE');
#1898 = EDGE_CURVE ( 'NONE', #3449, #3526, #1599, .T. ) ;
#1899 = CARTESIAN_POINT ( 'NONE',  ( 0.1431984823817432917, 1.044256944443807678, 0.1745953181270407661 ) ) ;
#1900 = ORIENTED_EDGE ( 'NONE', *, *, #3792, .F. ) ;
#1901 = CARTESIAN_POINT ( 'NONE',  ( -0.2638869385641548493, 0.8864444444449997018, 0.01080964021308404403 ) ) ;
#1902 = FILL_AREA_STYLE ('',( #6398 ) ) ;
#1903 = CARTESIAN_POINT ( 'NONE',  ( -0.2165827222414460351, 1.019951388888112431, 0.06577658739721170544 ) ) ;
#1904 = CIRCLE ( 'NONE', #2227, 0.2835000000000000298 ) ;
#1905 = CARTESIAN_POINT ( 'NONE',  ( -0.05246134571472436253, 0.9119914510286377674, 0.2336842923791206950 ) ) ;
#1906 = CARTESIAN_POINT ( 'NONE',  ( -0.1279428641624595353, 0.8975555555538115016, -0.1913453471471171785 ) ) ;
#1907 = VERTEX_POINT ( 'NONE', #3789 ) ;
#1908 = COLOUR_RGB ( '',0.1019607843137254888, 0.1019607843137254888, 0.1019607843137254888 ) ;
#1909 = PRESENTATION_STYLE_ASSIGNMENT (( #5822 ) ) ;
#1910 = CARTESIAN_POINT ( 'NONE',  ( 0.02264944524913803034, 0.8984236111093821808, -0.2292535561046067927 ) ) ;
#1911 = CARTESIAN_POINT ( 'NONE',  ( -0.008723179014808121051, 0.9212466932793684782, -0.2667548765590178617 ) ) ;
#1912 = CARTESIAN_POINT ( 'NONE',  ( 0.1450880910272741298, 0.9418263888874914835, -0.1769076126128620863 ) ) ;
#1913 = CARTESIAN_POINT ( 'NONE',  ( -0.1880950939026795332, 1.029499999999272664, 0.1257696397193042714 ) ) ;
#1914 = CARTESIAN_POINT ( 'NONE',  ( 0.1731239255119191855, 1.094604166666422129, 0.1421665990324161022 ) ) ;
#1915 = VECTOR ( 'NONE', #1020, 39.37007874015748143 ) ;
#1916 =( GEOMETRIC_REPRESENTATION_CONTEXT ( 3 ) GLOBAL_UNCERTAINTY_ASSIGNED_CONTEXT ( ( #101 ) ) GLOBAL_UNIT_ASSIGNED_CONTEXT ( ( #3451, #3418, #60 ) ) REPRESENTATION_CONTEXT ( 'NONE', 'WORKASPACE' ) );
#1917 = CARTESIAN_POINT ( 'NONE',  ( -0.1494696101645844322, 0.9444305555539420638, 0.2235500379939438509 ) ) ;
#1918 = STYLED_ITEM ( 'NONE', ( #5740 ), #3754 ) ;
#1919 = CARTESIAN_POINT ( 'NONE',  ( 0.1431984823571361698, 1.044256944443861412, 0.1745953181455505154 ) ) ;
#1920 = ORIENTED_EDGE ( 'NONE', *, *, #4957, .F. ) ;
#1921 = CARTESIAN_POINT ( 'NONE',  ( -0.1474999999999999645, 0.8170000000000000595, -0.2554774941164094093 ) ) ;
#1922 =( CONVERSION_BASED_UNIT ( 'INCH', #3390 ) LENGTH_UNIT ( ) NAMED_UNIT ( #1133 ) );
#1923 = CARTESIAN_POINT ( 'NONE',  ( 0.2384649004560105146, 0.9710251804364811168, -0.1173450231853877257 ) ) ;
#1924 = CARTESIAN_POINT ( 'NONE',  ( 0.01719746144111731698, 1.035847688206921191, -0.2631874312684259754 ) ) ;
#1925 = SURFACE_SIDE_STYLE ('',( #5966 ) ) ;
#1926 = CARTESIAN_POINT ( 'NONE',  ( 0.2157929056403043167, 1.047729166666056866, -0.06538892791839286123 ) ) ;
#1927 = CARTESIAN_POINT ( 'NONE',  ( -4.033744303144887934E-16, 0.9299204364956948909, 0.2333099260753311033 ) ) ;
#1928 = SURFACE_STYLE_USAGE ( .BOTH. , #1100 ) ;
#1929 = CARTESIAN_POINT ( 'NONE',  ( -0.1914671511505104951, 0.9305416666654132696, -0.1913433676286645790 ) ) ;
#1930 = CARTESIAN_POINT ( 'NONE',  ( -0.06539787156427452619, 1.068562499999581084, -0.2153356715267575883 ) ) ;
#1931 = CARTESIAN_POINT ( 'NONE',  ( 0.2208974697756827532, 0.8827986111092264165, 0.06708141099349602954 ) ) ;
#1932 = ORIENTED_EDGE ( 'NONE', *, *, #3995, .T. ) ;
#1933 = DIRECTION ( 'NONE',  ( 0.000000000000000000, 1.000000000000000000, 0.000000000000000000 ) ) ;
#1934 = CARTESIAN_POINT ( 'NONE',  ( 0.2099251304849498734, 0.9930416666656701752, -0.08687957561897885483 ) ) ;
#1935 = CARTESIAN_POINT ( 'NONE',  ( 0.2290387109910601016, 0.9340138888874307543, -7.446693760229536546E-05 ) ) ;
#1936 = EDGE_CURVE ( 'NONE', #823, #4374, #237, .T. ) ;
#1937 = CARTESIAN_POINT ( 'NONE',  ( 0.1642053574970671614, 0.8367916666643856471, -0.1643121147087464595 ) ) ;
#1938 = LENGTH_MEASURE_WITH_UNIT ( LENGTH_MEASURE( 0.02539999999999999897 ), #3382 );
#1939 = DIRECTION ( 'NONE',  ( 1.000000000000000000, 0.000000000000000000, 0.000000000000000000 ) ) ;
#1940 = CARTESIAN_POINT ( 'NONE',  ( -0.1615465552120769477, 0.9548472222209616334, -0.1614415320159435230 ) ) ;
#1941 = CARTESIAN_POINT ( 'NONE',  ( 0.1605202568768980265, 1.003458333332379659, -0.1606247020246287238 ) ) ;
#1942 = CARTESIAN_POINT ( 'NONE',  ( -0.1250452315690593064, 1.064222222221727909, -0.1870116761567098551 ) ) ;
#1943 = CARTESIAN_POINT ( 'NONE',  ( -0.2640523896675305848, 0.9340138888872071554, -0.05260668267879287097 ) ) ;
#1944 = CARTESIAN_POINT ( 'NONE',  ( -0.1258931720578435887, 1.015611111110262144, -0.1885356616251398498 ) ) ;
#1945 = EDGE_LOOP ( 'NONE', ( #2991, #2410 ) ) ;
#1946 = CARTESIAN_POINT ( 'NONE',  ( -0.2154884368537586248, 0.7985972222196640047, 0.08934027330173582859 ) ) ;
#1947 = SURFACE_SIDE_STYLE ('',( #3113 ) ) ;
#1948 = LINE ( 'NONE', #2489, #3928 ) ;
#1949 = FACE_OUTER_BOUND ( 'NONE', #1167, .T. ) ;
#1950 = CARTESIAN_POINT ( 'NONE',  ( 0.000000000000000000, 0.2459999999999999964, 0.000000000000000000 ) ) ;
#1951 = CARTESIAN_POINT ( 'NONE',  ( -1.696733714814913445E-16, 0.9530937220069095606, 0.2657635018093899570 ) ) ;
#1952 = FILL_AREA_STYLE ('',( #1514 ) ) ;
#1953 = FACE_BOUND ( 'NONE', #2287, .T. ) ;
#1954 = CARTESIAN_POINT ( 'NONE',  ( 0.1876470357502996178, 1.039916666666018452, 0.1254637016184441400 ) ) ;
#1955 = CYLINDRICAL_SURFACE ( 'NONE', #4907, 0.2459999999999998854 ) ;
#1956 = CARTESIAN_POINT ( 'NONE',  ( -0.1854999999999998317, 0.2460000000000000242, 0.000000000000000000 ) ) ;
#1957 = CARTESIAN_POINT ( 'NONE',  ( 0.1271581464870674416, 0.9557152777766457774, 0.2380701129146741424 ) ) ;
#1958 = UNCERTAINTY_MEASURE_WITH_UNIT (LENGTH_MEASURE( 1.000000000000000082E-05 ), #2897, 'distance_accuracy_value', 'NONE');
#1959 = EDGE_LOOP ( 'NONE', ( #4045, #2987, #5167, #3460 ) ) ;
#1960 = CARTESIAN_POINT ( 'NONE',  ( 0.2400903882949920465, 0.9030014866383184735, 0.1188690506711702344 ) ) ;
#1961 = CARTESIAN_POINT ( 'NONE',  ( -0.02239314253213798775, 0.9748124999988830863, 0.2266596105348478718 ) ) ;
#1962 = CARTESIAN_POINT ( 'NONE',  ( -7.487564950539609852E-05, 0.8923472222204004156, -0.2303419995318847779 ) ) ;
#1963 = DIMENSIONAL_EXPONENTS ( 1.000000000000000000, 0.000000000000000000, 0.000000000000000000, 0.000000000000000000, 0.000000000000000000, 0.000000000000000000, 0.000000000000000000 ) ;
#1964 = CIRCLE ( 'NONE', #4250, 0.01968503937007875723 ) ;
#1965 = ADVANCED_FACE ( 'NONE', ( #5288 ), #1778, .T. ) ;
#1966 = CARTESIAN_POINT ( 'NONE',  ( 0.2667632874098249673, 0.9064770096976578762, 0.01783174415811025759 ) ) ;
#1967 = STYLED_ITEM ( 'NONE', ( #3602 ), #5799 ) ;
#1968 = CARTESIAN_POINT ( 'NONE',  ( 0.2051462099110625825, 0.8255069444421058167, 0.1097326678488403234 ) ) ;
#1969 = CARTESIAN_POINT ( 'NONE',  ( 0.02176662534466894047, 0.9306282157401976063, 0.2323148320590209814 ) ) ;
#1970 = CARTESIAN_POINT ( 'NONE',  ( 0.2190768237010674857, 0.9366180555540825070, -0.06653401900862603024 ) ) ;
#1971 = CARTESIAN_POINT ( 'NONE',  ( 0.000000000000000000, 1.092000000000000082, -0.2184132259077137539 ) ) ;
#1972 = CARTESIAN_POINT ( 'NONE',  ( 0.000000000000000000, 1.114569444444416524, -0.2223225634307162968 ) ) ;
#1973 = CARTESIAN_POINT ( 'NONE',  ( 0.02256387513721084745, 0.9279374999984724148, 0.2283338319559272689 ) ) ;
#1974 = CIRCLE ( 'NONE', #2734, 0.2949999999999999845 ) ;
#1975 = SURFACE_STYLE_FILL_AREA ( #4449 ) ;
#1976 = CARTESIAN_POINT ( 'NONE',  ( 0.05284519814407446364, 0.8958194444424836256, 0.2652225020916010312 ) ) ;
#1977 = CARTESIAN_POINT ( 'NONE',  ( 0.06942087256287102215, 0.8954953927167437211, 0.2589901347871600978 ) ) ;
#1978 = EDGE_CURVE ( 'NONE', #602, #3259, #2639, .T. ) ;
#1979 = CARTESIAN_POINT ( 'NONE',  ( -0.1615465552120769477, 0.9617916666654616753, -0.1614415320159435230 ) ) ;
#1980 = ORIENTED_EDGE ( 'NONE', *, *, #5691, .T. ) ;
#1981 = DIRECTION ( 'NONE',  ( 0.000000000000000000, 0.000000000000000000, 1.000000000000000000 ) ) ;
#1982 = CARTESIAN_POINT ( 'NONE',  ( 0.000000000000000000, 1.092000000000000082, 0.000000000000000000 ) ) ;
#1983 = ORIENTED_EDGE ( 'NONE', *, *, #6435, .F. ) ;
#1984 = CIRCLE ( 'NONE', #4994, 0.1820000000000000229 ) ;
#1985 = CARTESIAN_POINT ( 'NONE',  ( 0.2216345601256477504, 0.9343486475606305186, -0.06855639870457978791 ) ) ;
#1986 = CARTESIAN_POINT ( 'NONE',  ( 0.1168622288771109102, 1.012695275746503532, 0.2372527637852499816 ) ) ;
#1987 = STYLED_ITEM ( 'NONE', ( #5810 ), #5430 ) ;
#1988 = VECTOR ( 'NONE', #6311, 39.37007874015748854 ) ;
#1989 =( CONVERSION_BASED_UNIT ( 'INCH', #3422 ) LENGTH_UNIT ( ) NAMED_UNIT ( #374 ) );
#1990 = CARTESIAN_POINT ( 'NONE',  ( 0.000000000000000000, 0.8169999999999999485, -0.2835000000000000298 ) ) ;
#1991 = B_SPLINE_CURVE_WITH_KNOTS ( 'NONE', 3,
 ( #2252, #2001, #1607, #4091, #2665, #3007, #2528, #827 ),
 .UNSPECIFIED., .F., .F.,
 ( 4, 2, 2, 4 ),
 ( 0.004377528375927887232, 0.005467759766343698556, 0.006557991156759509013, 0.008738453937591133397 ),
 .UNSPECIFIED. ) ;
#1992 = DIRECTION ( 'NONE',  ( 0.000000000000000000, 0.000000000000000000, 1.000000000000000000 ) ) ;
#1993 = CARTESIAN_POINT ( 'NONE',  ( -0.2516218162975926154, 0.8784583333316579035, -0.1041298761104401255 ) ) ;
#1994 = COLOUR_RGB ( '',0.1019607843137254888, 0.1019607843137254888, 0.1019607843137254888 ) ;
#1995 = EDGE_LOOP ( 'NONE', ( #1262, #3826 ) ) ;
#1996 = CARTESIAN_POINT ( 'NONE',  ( -1.050273900957941345E-12, 0.9487361246530834347, 0.2658991506331023769 ) ) ;
#1997 = AXIS2_PLACEMENT_3D ( 'NONE', #5634, #635, #2072 ) ;
#1998 = CARTESIAN_POINT ( 'NONE',  ( -0.1114882004885802691, 0.7856342596328391714, -0.2052059961060721249 ) ) ;
#1999 = LENGTH_MEASURE_WITH_UNIT ( LENGTH_MEASURE( 0.02539999999999999897 ), #2899 );
#2000 = ORIENTED_EDGE ( 'NONE', *, *, #1549, .F. ) ;
#2001 = CARTESIAN_POINT ( 'NONE',  ( 0.1349821501323107686, 0.8170000000000002816, 0.2627046781071950554 ) ) ;
#2002 = CARTESIAN_POINT ( 'NONE',  ( 0.02412904923250591693, 0.6766803208448726181, 0.3267057457522021258 ) ) ;
#2003 = CARTESIAN_POINT ( 'NONE',  ( -0.2309922610149255651, 0.9161834500428152062, -0.05690719324998234907 ) ) ;
#2004 = CARTESIAN_POINT ( 'NONE',  ( -0.1939550210453131751, 0.8072777777752938588, 0.1295118144875160304 ) ) ;
#2005 = CARTESIAN_POINT ( 'NONE',  ( -0.2117573588144961994, 0.9406243340396782671, 0.1621704514625665339 ) ) ;
#2006 = FACE_OUTER_BOUND ( 'NONE', #5032, .T. ) ;
#2007 = CARTESIAN_POINT ( 'NONE',  ( 0.1906155838447006756, 0.9288055555540917219, 0.1272756390723118747 ) ) ;
#2008 =( CONVERSION_BASED_UNIT ( 'INCH', #50 ) LENGTH_UNIT ( ) NAMED_UNIT ( #1394 ) );
#2009 = FACE_OUTER_BOUND ( 'NONE', #5006, .T. ) ;
#2010 =( GEOMETRIC_REPRESENTATION_CONTEXT ( 3 ) GLOBAL_UNCERTAINTY_ASSIGNED_CONTEXT ( ( #1452 ) ) GLOBAL_UNIT_ASSIGNED_CONTEXT ( ( #2220, #4752, #6211 ) ) REPRESENTATION_CONTEXT ( 'NONE', 'WORKASPACE' ) );
#2011 = DIMENSIONAL_EXPONENTS ( 1.000000000000000000, 0.000000000000000000, 0.000000000000000000, 0.000000000000000000, 0.000000000000000000, 0.000000000000000000, 0.000000000000000000 ) ;
#2012 = STYLED_ITEM ( 'NONE', ( #1909 ), #1041 ) ;
#2013 = CARTESIAN_POINT ( 'NONE',  ( 0.2687198144617757856, 0.9088402777758556317, -0.02655433556608895185 ) ) ;
#2014 =( CONVERSION_BASED_UNIT ( 'INCH', #3696 ) LENGTH_UNIT ( ) NAMED_UNIT ( #6246 ) );
#2015 = CARTESIAN_POINT ( 'NONE',  ( -0.08737794495067502387, 0.9583194444431449854, -0.2111293684994142161 ) ) ;
#2016 = EDGE_LOOP ( 'NONE', ( #2297, #3466, #4547 ) ) ;
#2017 = CARTESIAN_POINT ( 'NONE',  ( 3.415497097208052157E-17, 0.8864444444449997018, 0.2742930060464869868 ) ) ;
#2018 = DIRECTION ( 'NONE',  ( -0.000000000000000000, -0.000000000000000000, 1.000000000000000000 ) ) ;
#2019 = CIRCLE ( 'NONE', #2124, 0.1820000000000000229 ) ;
#2020 = CARTESIAN_POINT ( 'NONE',  ( 0.000000000000000000, 0.2459999999999999964, 0.7773149606299212255 ) ) ;
#2021 = CARTESIAN_POINT ( 'NONE',  ( 0.02406880563430868064, 0.6767004020442811685, -0.3267405274098383328 ) ) ;
#2022 = EDGE_CURVE ( 'NONE', #434, #1376, #1483, .T. ) ;
#2023 = AXIS2_PLACEMENT_3D ( 'NONE', #6214, #1688, #2808 ) ;
#2024 = CARTESIAN_POINT ( 'NONE',  ( -0.2572218886479067934, 0.9368750016568905270, -0.06936932063255155101 ) ) ;
#2025 = AXIS2_PLACEMENT_3D ( 'NONE', #5875, #4867, #6359 ) ;
#2026 = CARTESIAN_POINT ( 'NONE',  ( 0.000000000000000000, 1.144083333333332675, -0.2614139879070250805 ) ) ;
#2027 = CARTESIAN_POINT ( 'NONE',  ( -0.2618123109583350705, 0.8864444444449997018, -0.01822297849668404190 ) ) ;
#2028 = SURFACE_SIDE_STYLE ('',( #5452 ) ) ;
#2029 = CARTESIAN_POINT ( 'NONE',  ( 0.2257948226631076860, 0.9044999999985200434, 0.1507657006029403113 ) ) ;
#2030 = UNCERTAINTY_MEASURE_WITH_UNIT (LENGTH_MEASURE( 1.000000000000000082E-05 ), #302, 'distance_accuracy_value', 'NONE');
#2031 = VERTEX_POINT ( 'NONE', #6170 ) ;
#2032 = DIRECTION ( 'NONE',  ( 1.000000000000000000, 0.000000000000000000, 0.000000000000000000 ) ) ;
#2033 = CARTESIAN_POINT ( 'NONE',  ( 0.2586495481810772157, 0.9047478011104611584, 0.06954186777281311238 ) ) ;
#2034 = CARTESIAN_POINT ( 'NONE',  ( 0.2238255568380165816, 1.107624999999892834, -7.283212422381933799E-05 ) ) ;
#2035 = CARTESIAN_POINT ( 'NONE',  ( 0.2051462099291757601, 0.8185624999976233163, 0.1097326678232727198 ) ) ;
#2036 = EDGE_LOOP ( 'NONE', ( #5098, #5992, #5237 ) ) ;
#2037 =( NAMED_UNIT ( * ) PLANE_ANGLE_UNIT ( ) SI_UNIT ( $, .RADIAN. ) );
#2038 = CARTESIAN_POINT ( 'NONE',  ( -0.2219031227940141959, 0.9151933385483795869, -0.08665521812416197844 ) ) ;
#2039 = CARTESIAN_POINT ( 'NONE',  ( 0.06767016642349567290, 0.8185624999975670280, 0.2228179758849658243 ) ) ;
#2040 = CARTESIAN_POINT ( 'NONE',  ( -0.1621992732914071256, 0.9429412680571178651, 0.2111076323550781786 ) ) ;
#2041 = CARTESIAN_POINT ( 'NONE',  ( -0.1151476640942361573, 0.8892529661271495467, 0.2418768659862891857 ) ) ;
#2042 = DIRECTION ( 'NONE',  ( 1.000000000000000000, 0.000000000000000000, 0.000000000000000000 ) ) ;
#2043 = FACE_OUTER_BOUND ( 'NONE', #1737, .T. ) ;
#2044 = CARTESIAN_POINT ( 'NONE',  ( 0.2279565833200416503, 0.9400902777763933127, 0.02252129389078634872 ) ) ;
#2045 = ORIENTED_EDGE ( 'NONE', *, *, #4877, .F. ) ;
#2046 = CARTESIAN_POINT ( 'NONE',  ( -0.1931675943452093591, 0.9970509371649227681, 0.1807358481816462858 ) ) ;
#2047 = PRESENTATION_STYLE_ASSIGNMENT (( #86 ) ) ;
#2048 = CARTESIAN_POINT ( 'NONE',  ( 0.003806415504115914436, 0.9477548410408105362, -0.2274833331494888755 ) ) ;
#2049 = CARTESIAN_POINT ( 'NONE',  ( -0.2217363616206216581, 0.9444013147904131156, 0.1477575069403240793 ) ) ;
#2050 = CARTESIAN_POINT ( 'NONE',  ( -8.555884948542874654E-05, 1.088527777777309469, -0.2644082033182514890 ) ) ;
#2051 = CARTESIAN_POINT ( 'NONE',  ( 0.000000000000000000, 0.8170000000000000595, 0.000000000000000000 ) ) ;
#2052 = DIMENSIONAL_EXPONENTS ( 1.000000000000000000, 0.000000000000000000, 0.000000000000000000, 0.000000000000000000, 0.000000000000000000, 0.000000000000000000, 0.000000000000000000 ) ;
#2053 = CARTESIAN_POINT ( 'NONE',  ( -0.1398246143102173655, 1.077420330692198114, -0.1878985086544118499 ) ) ;
#2054 = ADVANCED_FACE ( 'NONE', ( #2279 ), #3350, .T. ) ;
#2055 = CARTESIAN_POINT ( 'NONE',  ( 0.2262407440898347166, 0.9887013888878060097, 0.02220848012778739444 ) ) ;
#2056 = DIRECTION ( 'NONE',  ( 0.8660254037844385966, 0.000000000000000000, 0.4999999999999998335 ) ) ;
#2057 = DIRECTION ( 'NONE',  ( 1.000000000000000000, 0.000000000000000000, 0.000000000000000000 ) ) ;
#2058 = CARTESIAN_POINT ( 'NONE',  ( 0.1045502611679894056, 0.8437361111091369326, 0.2526238078008745114 ) ) ;
#2059 = CARTESIAN_POINT ( 'NONE',  ( 0.1988057688652239419, 1.011814070356502393, 0.1744710088705156981 ) ) ;
#2061 = EDGE_CURVE ( 'NONE', #4976, #4002, #5252, .T. ) ;
#2060 = ORIENTED_EDGE ( 'NONE', *, *, #580, .T. ) ;
#2062 = CARTESIAN_POINT ( 'NONE',  ( -6.768816528139696021E-05, 1.093736111110921394, 0.2242605064046362118 ) ) ;
#2063 = CARTESIAN_POINT ( 'NONE',  ( -0.2042066147035506429, 0.8550208333312510067, 0.1090713809801506229 ) ) ;
#2064 = EDGE_LOOP ( 'NONE', ( #4158, #455 ) ) ;
#2065 = DIMENSIONAL_EXPONENTS ( 1.000000000000000000, 0.000000000000000000, 0.000000000000000000, 0.000000000000000000, 0.000000000000000000, 0.000000000000000000, 0.000000000000000000 ) ;
#2066 = VECTOR ( 'NONE', #5574, 39.37007874015748143 ) ;
#2067 = CARTESIAN_POINT ( 'NONE',  ( -0.1623628071989829391, 0.9201249999984320027, 0.1624684083582677574 ) ) ;
#2068 = CARTESIAN_POINT ( 'NONE',  ( -0.2245629961294201560, 0.9154419954619601452, -0.07926250453070859958 ) ) ;
#2069 = CARTESIAN_POINT ( 'NONE',  ( 0.1290857423596424025, 0.8385277777755726358, -0.1930641244902293330 ) ) ;
#2070 = PRESENTATION_STYLE_ASSIGNMENT (( #1594 ) ) ;
#2071 = CARTESIAN_POINT ( 'NONE',  ( 0.1645165506354905605, 0.8229027777754182038, 0.1646160331499734453 ) ) ;
#2072 = DIRECTION ( 'NONE',  ( 0.000000000000000000, -0.000000000000000000, 1.000000000000000000 ) ) ;
#2073 = PLANE ( 'NONE',  #5648 ) ;
#2074 = CARTESIAN_POINT ( 'NONE',  ( -3.306546357697849419E-17, 0.8170000000000000595, -0.2699999999999996292 ) ) ;
#2075 = CARTESIAN_POINT ( 'NONE',  ( 0.2116785081846268846, 0.9374861111096908228, 0.08775503301043566240 ) ) ;
#2076 = AXIS2_PLACEMENT_3D ( 'NONE', #1690, #5707, #3193 ) ;
#2077 = CARTESIAN_POINT ( 'NONE',  ( 0.2116785081737459773, 0.9374861111096164379, 0.08775503303875996364 ) ) ;
#2078 = ORIENTED_EDGE ( 'NONE', *, *, #4288, .T. ) ;
#2079 =( NAMED_UNIT ( * ) PLANE_ANGLE_UNIT ( ) SI_UNIT ( $, .RADIAN. ) );
#2080 = AXIS2_PLACEMENT_3D ( 'NONE', #3324, #877, #3393 ) ;
#2081 = CARTESIAN_POINT ( 'NONE',  ( 0.2037802594801280121, 0.9364401518942376823, -0.1102553548153707014 ) ) ;
#2082 = B_SPLINE_CURVE_WITH_KNOTS ( 'NONE', 3,
 ( #2048, #4979, #4015, #2594, #1123, #3920, #1480, #3990, #1059, #3069, #4458, #3510, #5546, #2081, #22, #1606, #1985, #585, #4559, #118, #646, #4050, #3102, #5079, #2628, #6449, #6173, #5738, #4683, #677, #3163, #6141, #4651, #1217, #5152, #1657, #155, #2122, #3632, #5674, #1148, #3665 ),
 .UNSPECIFIED., .F., .F.,
 ( 4, 2, 2, 2, 2, 2, 2, 2, 2, 2, 2, 2, 2, 2, 2, 2, 2, 2, 2, 2, 4 ),
 ( 1.250534914076345773E-14, 0.001151499245378801535, 0.001727248868061949600, 0.002302998490745097448, 0.003454497736111396614, 0.004605996981477696213, 0.005757496226843994945, 0.006908995472210294544, 0.007484745094893443043, 0.008060494717576593277, 0.009211993962942890274, 0.01036349320830918727, 0.01151499245367548774, 0.01209074207635863624, 0.01266649169904178647, 0.01381799094440808867, 0.01496949018977439087, 0.01554523981245754284, 0.01612098943514068961, 0.01727248868050699007, 0.01842398792587329054 ),
 .UNSPECIFIED. ) ;
#2083 = PRESENTATION_LAYER_ASSIGNMENT (  '', '', ( #3435 ) ) ;
#2084 = CARTESIAN_POINT ( 'NONE',  ( -0.1242203299654732751, 1.111965277777557937, 0.2325809044596998387 ) ) ;
#2085 = EDGE_LOOP ( 'NONE', ( #6212, #6281, #3375, #1358 ) ) ;
#2086 = DIRECTION ( 'NONE',  ( 0.000000000000000000, 0.000000000000000000, 1.000000000000000000 ) ) ;
#2087 = CARTESIAN_POINT ( 'NONE',  ( -0.1657009796654948242, 1.078257211999368081, -0.1642771514250449538 ) ) ;
#2088 = CARTESIAN_POINT ( 'NONE',  ( -0.08684465064631875786, 1.006930555554696127, -0.2094688108649284120 ) ) ;
#2089 = CARTESIAN_POINT ( 'NONE',  ( -0.2408049855342173640, 0.8956293249525197897, -0.04408288398379875406 ) ) ;
#2090 = FILL_AREA_STYLE_COLOUR ( '', #3138 ) ;
#2091 = CARTESIAN_POINT ( 'NONE',  ( 0.2271452056660450414, 0.8489444444424469882, 0.1518734555518360951 ) ) ;
#2092 = CARTESIAN_POINT ( 'NONE',  ( 0.2637371176108570525, 1.018745571164990871, -0.01692462972429406576 ) ) ;
#2093 = UNCERTAINTY_MEASURE_WITH_UNIT (LENGTH_MEASURE( 1.000000000000000082E-05 ), #2636, 'distance_accuracy_value', 'NONE');
#2094 = EDGE_CURVE ( 'NONE', #175, #4976, #5115, .T. ) ;
#2095 = DIRECTION ( 'NONE',  ( -0.000000000000000000, -0.000000000000000000, 1.000000000000000000 ) ) ;
#2096 = ORIENTED_EDGE ( 'NONE', *, *, #3348, .T. ) ;
#2097 = FILL_AREA_STYLE_COLOUR ( '', #3926 ) ;
#2098 = CIRCLE ( 'NONE', #5779, 0.1250000000000000278 ) ;
#2099 = CARTESIAN_POINT ( 'NONE',  ( -0.2184033683095245593, 0.9591874999987504147, -0.06632397941153553300 ) ) ;
#2100 =( GEOMETRIC_REPRESENTATION_CONTEXT ( 3 ) GLOBAL_UNCERTAINTY_ASSIGNED_CONTEXT ( ( #4956 ) ) GLOBAL_UNIT_ASSIGNED_CONTEXT ( ( #5264, #1346, #2814 ) ) REPRESENTATION_CONTEXT ( 'NONE', 'WORKASPACE' ) );
#2101 = DIRECTION ( 'NONE',  ( 0.000000000000000000, -1.000000000000000000, 0.000000000000000000 ) ) ;
#2102 = CARTESIAN_POINT ( 'NONE',  ( -0.06757258947112859682, 0.8064097222197129655, 0.2230178171468507609 ) ) ;
#2103 = ORIENTED_EDGE ( 'NONE', *, *, #255, .F. ) ;
#2104 = CARTESIAN_POINT ( 'NONE',  ( 0.1223703516893322324, 0.6583749999999999325, 0.2699861033332141003 ) ) ;
#2105 = EDGE_CURVE ( 'NONE', #5926, #4031, #6174, .T. ) ;
#2106 = MECHANICAL_DESIGN_GEOMETRIC_PRESENTATION_REPRESENTATION (  '', ( #4914 ), #2538 ) ;
#2107 = CARTESIAN_POINT ( 'NONE',  ( 1.083812417245407500E-17, 0.8170000000000000595, 0.08849999999999999534 ) ) ;
#2108 = CARTESIAN_POINT ( 'NONE',  ( -0.01550804861195037923, 0.9294154709116078106, 0.2334739993395205659 ) ) ;
#2109 = LENGTH_MEASURE_WITH_UNIT ( LENGTH_MEASURE( 0.02539999999999999897 ), #141 );
#2110 = CARTESIAN_POINT ( 'NONE',  ( 0.2051462099300951913, 0.8255069444421139213, 0.1097326678264720495 ) ) ;
#2111 = CARTESIAN_POINT ( 'NONE',  ( -0.08382299772070822552, 0.8903692399984062256, 0.2548185238141274511 ) ) ;
#2112 = CARTESIAN_POINT ( 'NONE',  ( 0.1450880910531157919, 0.9487708333320110654, -0.1769076125971801583 ) ) ;
#2113 = CIRCLE ( 'NONE', #463, 0.2949999999999999845 ) ;
#2114 = EDGE_CURVE ( 'NONE', #5558, #6320, #2250, .T. ) ;
#2115 = ORIENTED_EDGE ( 'NONE', *, *, #572, .F. ) ;
#2116 = CARTESIAN_POINT ( 'NONE',  ( -0.2377531921604305043, 0.9863346542348364610, -0.1177185571487789073 ) ) ;
#2117 = CARTESIAN_POINT ( 'NONE',  ( 0.2586797286137687002, 0.9093690346563417792, -0.06888703926659857368 ) ) ;
#2118 = B_SPLINE_CURVE_WITH_KNOTS ( 'NONE', 3,
 ( #4548, #1081, #5604, #5101, #4073, #4966, #2652, #5037 ),
 .UNSPECIFIED., .F., .F.,
 ( 4, 2, 2, 4 ),
 ( 0.004377528375927886364, 0.005467759766343699424, 0.006557991156759512483, 0.008738453937591136866 ),
 .UNSPECIFIED. ) ;
#2119 = CARTESIAN_POINT ( 'NONE',  ( 0.1711506365524176621, 0.8880580582847195092, 0.1799449613754368904 ) ) ;
#2120 = DIMENSIONAL_EXPONENTS ( 1.000000000000000000, 0.000000000000000000, 0.000000000000000000, 0.000000000000000000, 0.000000000000000000, 0.000000000000000000, 0.000000000000000000 ) ;
#2121 = CIRCLE ( 'NONE', #3062, 0.1854999999999999150 ) ;
#2122 = CARTESIAN_POINT ( 'NONE',  ( 0.07450336734279063011, 0.9177572709589881805, 0.2257724293954942452 ) ) ;
#2123 = CARTESIAN_POINT ( 'NONE',  ( -0.2328864730001868610, 1.098076388888519661, -0.1245713340350823872 ) ) ;
#2124 = AXIS2_PLACEMENT_3D ( 'NONE', #5095, #1163, #2166 ) ;
#2125 = LINE ( 'NONE', #5157, #388 ) ;
#2126 = CARTESIAN_POINT ( 'NONE',  ( 0.1261881097686093633, 0.9982499999991245598, -0.1887304535006039952 ) ) ;
#2127 = CARTESIAN_POINT ( 'NONE',  ( -0.1479987757099426871, 0.8875963376702652452, -0.1996193664502717291 ) ) ;
#2128 = CARTESIAN_POINT ( 'NONE',  ( 0.000000000000000000, 0.8170000000000000595, 0.000000000000000000 ) ) ;
#2129 = CARTESIAN_POINT ( 'NONE',  ( 0.1040429888099256156, 0.8992916666651331603, 0.2509524715188700128 ) ) ;
#2130 = CARTESIAN_POINT ( 'NONE',  ( 0.2096519524334010398, 1.023960129895467919, -0.1606502754003478195 ) ) ;
#2131 = VECTOR ( 'NONE', #968, 39.37007874015748143 ) ;
#2132 = CARTESIAN_POINT ( 'NONE',  ( -0.1983130086316554908, 1.043959890587948358, -0.1735010072588864249 ) ) ;
#2133 = ORIENTED_EDGE ( 'NONE', *, *, #814, .T. ) ;
#2134 = CARTESIAN_POINT ( 'NONE',  ( 0.000000000000000000, 0.6583750000000000435, 0.1854999999999999982 ) ) ;
#2135 = CARTESIAN_POINT ( 'NONE',  ( 0.2313749118514060177, 0.8237708333309513575, -0.02271783164802028410 ) ) ;
#2136 = ORIENTED_EDGE ( 'NONE', *, *, #2681, .F. ) ;
#2137 = CARTESIAN_POINT ( 'NONE',  ( 0.2949999999999999289, 0.6583750000000000435, -0.02880520499906356890 ) ) ;
#2138 = CARTESIAN_POINT ( 'NONE',  ( 0.2665006685742227766, 0.8541527777754404083, -0.05309985798398188239 ) ) ;
#2139 = AXIS2_PLACEMENT_3D ( 'NONE', #1049, #3562, #4582 ) ;
#2140 = CARTESIAN_POINT ( 'NONE',  ( 0.2637515619618531204, 0.9637717926438303939, -0.03447585627861229907 ) ) ;
#2141 = FILL_AREA_STYLE ('',( #4550 ) ) ;
#2142 = CARTESIAN_POINT ( 'NONE',  ( -0.02290574793916281410, 0.8150902777753082917, 0.2318475016884184725 ) ) ;
#2143 = CARTESIAN_POINT ( 'NONE',  ( 0.1903497260065558916, 0.9462907087501468695, -0.1273778766063774492 ) ) ;
#2144 = CARTESIAN_POINT ( 'NONE',  ( -0.1491638641720413605, 1.037393215162625060, -0.2170771025425894674 ) ) ;
#2145 = EDGE_CURVE ( 'NONE', #6352, #4529, #2752, .T. ) ;
#2146 = CARTESIAN_POINT ( 'NONE',  ( 0.1626667168328450874, 1.060237726791129598, 0.1934247898464775406 ) ) ;
#2147 = SURFACE_SIDE_STYLE ('',( #1975 ) ) ;
#2148 = B_SPLINE_CURVE_WITH_KNOTS ( 'NONE', 3,
 ( #5743, #6282, #746, #3762, #5223, #246 ),
 .UNSPECIFIED., .F., .F.,
 ( 4, 2, 4 ),
 ( 0.02646201715631983642, 0.02865152079119493919, 0.03084102442607004196 ),
 .UNSPECIFIED. ) ;
#2149 = CARTESIAN_POINT ( 'NONE',  ( -0.2378117827135214357, 0.9944451896558850201, 0.1170160011301335928 ) ) ;
#2150 = FILL_AREA_STYLE ('',( #2661 ) ) ;
#2151 = CYLINDRICAL_SURFACE ( 'NONE', #3619, 0.1992599999999999372 ) ;
#2152 =( LENGTH_UNIT ( ) NAMED_UNIT ( * ) SI_UNIT ( $, .METRE. ) );
#2153 = CARTESIAN_POINT ( 'NONE',  ( -0.1018875905276970251, 1.036444444443595181, -0.2457534918213963304 ) ) ;
#2154 = CARTESIAN_POINT ( 'NONE',  ( -7.487568129835278001E-05, 0.8923472222204154036, -0.2303419995287566691 ) ) ;
#2155 = CARTESIAN_POINT ( 'NONE',  ( 0.2012858309739319340, 0.9177826470860106500, -0.1760812620696106390 ) ) ;
#2156 = DIRECTION ( 'NONE',  ( -0.000000000000000000, -0.000000000000000000, 1.000000000000000000 ) ) ;
#2157 = CARTESIAN_POINT ( 'NONE',  ( -0.02230757244869531822, 1.004326388887991639, -0.2257398863757557328 ) ) ;
#2158 = DIRECTION ( 'NONE',  ( 0.000000000000000000, 0.000000000000000000, 1.000000000000000000 ) ) ;
#2159 = DIRECTION ( 'NONE',  ( -0.000000000000000000, -0.000000000000000000, 1.000000000000000000 ) ) ;
#2160 = CARTESIAN_POINT ( 'NONE',  ( -0.2458067630868280562, 0.8873725537724608259, 0.1099759280678491991 ) ) ;
#2161 = CARTESIAN_POINT ( 'NONE',  ( 8.340598808613728884E-05, 0.8124861111089074495, -0.2743810846509645018 ) ) ;
#2162 = CARTESIAN_POINT ( 'NONE',  ( 0.2633188418884182536, 1.017593886522508928, 0.01747720563771712823 ) ) ;
#2163 = B_SPLINE_CURVE_WITH_KNOTS ( 'NONE', 3,
 ( #495, #5445, #3009, #6386, #1891, #2980 ),
 .UNSPECIFIED., .F., .F.,
 ( 4, 2, 4 ),
 ( 0.02207991801287667588, 0.02427096758493711010, 0.02646201715699754431 ),
 .UNSPECIFIED. ) ;
#2164 = FACE_OUTER_BOUND ( 'NONE', #4359, .T. ) ;
#2165 = ORIENTED_EDGE ( 'NONE', *, *, #4761, .F. ) ;
#2166 = DIRECTION ( 'NONE',  ( 0.000000000000000000, 0.000000000000000000, 1.000000000000000000 ) ) ;
#2167 = CARTESIAN_POINT ( 'NONE',  ( 0.07727758772016168898, 1.065090277777601901, 0.2550288551631338940 ) ) ;
#2168 =( CONVERSION_BASED_UNIT ( 'INCH', #1999 ) LENGTH_UNIT ( ) NAMED_UNIT ( #1028 ) );
#2169 = CARTESIAN_POINT ( 'NONE',  ( 0.07820713041889680583, 0.9192569444426550440, -0.2581148188366005347 ) ) ;
#2170 = DIRECTION ( 'NONE',  ( -0.000000000000000000, -0.000000000000000000, 1.000000000000000000 ) ) ;
#2171 = CARTESIAN_POINT ( 'NONE',  ( -0.2140863585820163562, 0.8541527777756098283, -0.08875328207437029049 ) ) ;
#2172 = LINE ( 'NONE', #798, #1794 ) ;
#2173 = FILL_AREA_STYLE ('',( #735 ) ) ;
#2174 = FILL_AREA_STYLE ('',( #3604 ) ) ;
#2175 = ADVANCED_FACE ( 'NONE', ( #478 ), #4321, .T. ) ;
#2176 = DIRECTION ( 'NONE',  ( 0.000000000000000000, 0.000000000000000000, -1.000000000000000000 ) ) ;
#2177 = LINE ( 'NONE', #604, #6416 ) ;
#2178 = SURFACE_STYLE_FILL_AREA ( #4286 ) ;
#2179 = CARTESIAN_POINT ( 'NONE',  ( 0.1024338217626167002, 0.9028029825413836917, -0.2197815712838687430 ) ) ;
#2180 = DIRECTION ( 'NONE',  ( 0.000000000000000000, 0.000000000000000000, 1.000000000000000000 ) ) ;
#2181 = EDGE_CURVE ( 'NONE', #1907, #2677, #6085, .T. ) ;
#2182 = CARTESIAN_POINT ( 'NONE',  ( 0.2534936931013385686, 1.072034722221615999, 0.07698053114999701962 ) ) ;
#2183 = CARTESIAN_POINT ( 'NONE',  ( -0.1091179414337518361, 0.8602291666646137980, 0.2039970047015031152 ) ) ;
#2184 = VERTEX_POINT ( 'NONE', #1400 ) ;
#2185 = DIRECTION ( 'NONE',  ( 0.000000000000000000, 0.000000000000000000, 1.000000000000000000 ) ) ;
#2186 = DIMENSIONAL_EXPONENTS ( 1.000000000000000000, 0.000000000000000000, 0.000000000000000000, 0.000000000000000000, 0.000000000000000000, 0.000000000000000000, 0.000000000000000000 ) ;
#2187 = CARTESIAN_POINT ( 'NONE',  ( -0.2284976862120804697, 1.082741205848822164, 0.005374950688594264808 ) ) ;
#2188 = CARTESIAN_POINT ( 'NONE',  ( -0.2167813770843291798, 1.014743055554683249, -0.06568292153979389536 ) ) ;
#2189 = CARTESIAN_POINT ( 'NONE',  ( 0.000000000000000000, 0.4673999999999999821, 0.7418818897637795562 ) ) ;
#2190 =( NAMED_UNIT ( * ) SI_UNIT ( $, .STERADIAN. ) SOLID_ANGLE_UNIT ( ) );
#2191 = FACE_OUTER_BOUND ( 'NONE', #4882, .T. ) ;
#2192 =( NAMED_UNIT ( * ) SI_UNIT ( $, .STERADIAN. ) SOLID_ANGLE_UNIT ( ) );
#2193 = MECHANICAL_DESIGN_GEOMETRIC_PRESENTATION_REPRESENTATION (  '', ( #1567 ), #3535 ) ;
#2194 = CARTESIAN_POINT ( 'NONE',  ( 0.1944183862259913909, 0.7916527777754330808, 0.1945366291077961496 ) ) ;
#2195 = CARTESIAN_POINT ( 'NONE',  ( 0.2637378591589191190, 1.017881107683581421, 0.008863753723235549831 ) ) ;
#2196 = EDGE_CURVE ( 'NONE', #2772, #4135, #2113, .T. ) ;
#2197 = AXIS2_PLACEMENT_3D ( 'NONE', #3807, #936, #2916 ) ;
#2198 = CARTESIAN_POINT ( 'NONE',  ( 0.1261881097454704004, 1.005194444443578528, -0.1887304535202979916 ) ) ;
#2199 = COLOUR_RGB ( '',0.1019607843137254888, 0.1019607843137254888, 0.1019607843137254888 ) ;
#2200 = ORIENTED_EDGE ( 'NONE', *, *, #2718, .T. ) ;
#2201 = SURFACE_STYLE_FILL_AREA ( #728 ) ;
#2202 = B_SPLINE_CURVE_WITH_KNOTS ( 'NONE', 3,
 ( #5643, #124, #681, #3637, #4157, #5018 ),
 .UNSPECIFIED., .F., .F.,
 ( 4, 2, 4 ),
 ( 0.007926701927333084860, 0.01011595040187882391, 0.01230519887642456470 ),
 .UNSPECIFIED. ) ;
#2203 = CARTESIAN_POINT ( 'NONE',  ( 0.02596092621027363059, 1.089395784745752271, -0.2644480440120576814 ) ) ;
#2204 = CARTESIAN_POINT ( 'NONE',  ( 0.08837468364123121645, 0.8749861111091407073, 0.2135378445170881545 ) ) ;
#2205 = CARTESIAN_POINT ( 'NONE',  ( 0.2704663363316339164, 0.8532847222199226866, -0.02655562325571577884 ) ) ;
#2206 = AXIS2_PLACEMENT_3D ( 'NONE', #1576, #127, #5587 ) ;
#2207 = CARTESIAN_POINT ( 'NONE',  ( 0.04336571819365819813, 0.9750625197462174931, -0.2616531983190480970 ) ) ;
#2208 = AXIS2_PLACEMENT_3D ( 'NONE', #3589, #449, #4854 ) ;
#2209 = CARTESIAN_POINT ( 'NONE',  ( -0.06727859584779151414, 0.8463402777755835160, -0.2220293457033966078 ) ) ;
#2210 = DIRECTION ( 'NONE',  ( -0.000000000000000000, -0.000000000000000000, 1.000000000000000000 ) ) ;
#2211 = CARTESIAN_POINT ( 'NONE',  ( -0.08684465061779730877, 1.006930555554747642, -0.2094688108815867811 ) ) ;
#2212 = CIRCLE ( 'NONE', #1080, 0.08849999999999995370 ) ;
#2213 = CARTESIAN_POINT ( 'NONE',  ( -0.2102872216943943440, 0.9889645518586894779, -0.1615996316328156823 ) ) ;
#2214 = DIRECTION ( 'NONE',  ( 0.000000000000000000, 0.000000000000000000, -1.000000000000000000 ) ) ;
#2215 = CARTESIAN_POINT ( 'NONE',  ( 0.1258363479519673256, 0.9019773812787583722, -0.2075856745450594676 ) ) ;
#2216 = FACE_OUTER_BOUND ( 'NONE', #2036, .T. ) ;
#2217 = CARTESIAN_POINT ( 'NONE',  ( 0.1483267319929125749, 1.010402777776730598, 0.2218312606316008573 ) ) ;
#2218 = CARTESIAN_POINT ( 'NONE',  ( 0.1919807067424757763, 0.8732499999980306571, 0.1283613342118766210 ) ) ;
#2219 = ORIENTED_EDGE ( 'NONE', *, *, #3995, .F. ) ;
#2220 =( CONVERSION_BASED_UNIT ( 'INCH', #1285 ) LENGTH_UNIT ( ) NAMED_UNIT ( #1424 ) );
#2221 = ORIENTED_EDGE ( 'NONE', *, *, #4369, .T. ) ;
#2222 =( LENGTH_UNIT ( ) NAMED_UNIT ( * ) SI_UNIT ( $, .METRE. ) );
#2223 = CARTESIAN_POINT ( 'NONE',  ( 0.1171239553632728303, 0.8864444444449995908, 0.2194183219775197313 ) ) ;
#2224 = ADVANCED_FACE ( 'NONE', ( #3911 ), #2659, .T. ) ;
#2225 = CARTESIAN_POINT ( 'NONE',  ( -0.1748020207714664209, 0.7786319444419371738, 0.2128648815014433926 ) ) ;
#2226 = SURFACE_STYLE_FILL_AREA ( #5748 ) ;
#2227 = AXIS2_PLACEMENT_3D ( 'NONE', #4629, #1572, #2185 ) ;
#2228 = CARTESIAN_POINT ( 'NONE',  ( -0.06606085514950751914, 0.9800208333321261955, 0.2180286650909182000 ) ) ;
#2229 =( GEOMETRIC_REPRESENTATION_CONTEXT ( 3 ) GLOBAL_UNCERTAINTY_ASSIGNED_CONTEXT ( ( #1012 ) ) GLOBAL_UNIT_ASSIGNED_CONTEXT ( ( #4323, #4601, #3821 ) ) REPRESENTATION_CONTEXT ( 'NONE', 'WORKASPACE' ) );
#2230 = ORIENTED_EDGE ( 'NONE', *, *, #5603, .F. ) ;
#2231 = CARTESIAN_POINT ( 'NONE',  ( 0.02213683981380087235, 1.058145833332824859, -0.2240656649583619708 ) ) ;
#2232 = SURFACE_SIDE_STYLE ('',( #5305 ) ) ;
#2233 = MECHANICAL_DESIGN_GEOMETRIC_PRESENTATION_REPRESENTATION (  '', ( #2560 ), #1811 ) ;
#2234 = DIMENSIONAL_EXPONENTS ( 1.000000000000000000, 0.000000000000000000, 0.000000000000000000, 0.000000000000000000, 0.000000000000000000, 0.000000000000000000, 0.000000000000000000 ) ;
#2235 = MECHANICAL_DESIGN_GEOMETRIC_PRESENTATION_REPRESENTATION (  '', ( #2970 ), #384 ) ;
#2236 = CARTESIAN_POINT ( 'NONE',  ( -0.2466026177355732651, 1.052069444444218904, 0.1020584145129328490 ) ) ;
#2237 = CARTESIAN_POINT ( 'NONE',  ( 0.000000000000000000, 0.8864444444449997018, -0.2742930060464869868 ) ) ;
#2238 = PRESENTATION_LAYER_ASSIGNMENT (  '', '', ( #6419 ) ) ;
#2239 = CARTESIAN_POINT ( 'NONE',  ( 0.1731239255086626516, 1.101548611110901410, 0.1421665990326919649 ) ) ;
#2240 = PRESENTATION_LAYER_ASSIGNMENT (  '', '', ( #2350 ) ) ;
#2241 = VERTEX_POINT ( 'NONE', #412 ) ;
#2242 = CARTESIAN_POINT ( 'NONE',  ( 0.2300359771644721329, 0.9672463922685775595, -0.1324957514369298206 ) ) ;
#2243 = LENGTH_MEASURE_WITH_UNIT ( LENGTH_MEASURE( 0.02539999999999999897 ), #1718 );
#2244 = CARTESIAN_POINT ( 'NONE',  ( 0.1251044536161446119, 1.053805555555048068, -0.1873639681957472714 ) ) ;
#2245 = SURFACE_STYLE_USAGE ( .BOTH. , #1178 ) ;
#2246 = CARTESIAN_POINT ( 'NONE',  ( -0.1761837294384052399, 0.9678680555543355268, 0.1446861541229206016 ) ) ;
#2247 = CARTESIAN_POINT ( 'NONE',  ( -0.04470539659858849268, 0.9253333333317633747, 0.2251316963917802949 ) ) ;
#2248 = CARTESIAN_POINT ( 'NONE',  ( 0.1950743991735519878, 0.9137170425207660207, -0.1824965701347436298 ) ) ;
#2249 = CARTESIAN_POINT ( 'NONE',  ( -0.2291047412169005537, 0.9901210966364981658, -0.1326858740325027042 ) ) ;
#2250 = LINE ( 'NONE', #6238, #1386 ) ;
#2251 = CARTESIAN_POINT ( 'NONE',  ( -7.324080457323058665E-05, 1.065958333332893249, -0.2251288453768540143 ) ) ;
#2252 = CARTESIAN_POINT ( 'NONE',  ( 0.1474999999999999367, 0.8170000000000000595, 0.2554774941164094093 ) ) ;
#2253 = CARTESIAN_POINT ( 'NONE',  ( 0.1480207938697055969, 1.027763888887994748, -0.2213832025003711901 ) ) ;
#2254 = CARTESIAN_POINT ( 'NONE',  ( 0.1093990654002513496, 0.8324513888866114097, -0.2048313400095619075 ) ) ;
#2255 = EDGE_LOOP ( 'NONE', ( #3556, #4738, #4707, #5296, #4218 ) ) ;
#2256 = CARTESIAN_POINT ( 'NONE',  ( 0.2012918225081664625, 0.9050607361759396285, 0.1766825036989126962 ) ) ;
#2257 = ORIENTED_EDGE ( 'NONE', *, *, #4, .F. ) ;
#2258 = CARTESIAN_POINT ( 'NONE',  ( -0.08725590850686504307, 0.9722083333322417698, 0.2104745829748785879 ) ) ;
#2259 = CARTESIAN_POINT ( 'NONE',  ( 0.1810145873200759425, 1.069164144362639179, -0.1618945673947260466 ) ) ;
#2260 = CARTESIAN_POINT ( 'NONE',  ( 0.1941071931105811388, 0.8055416666644167334, -0.1942327106500084666 ) ) ;
#2261 = CARTESIAN_POINT ( 'NONE',  ( -0.03430782925405134742, 1.037581427761286035, -0.2614632205481263738 ) ) ;
#2262 = LENGTH_MEASURE_WITH_UNIT ( LENGTH_MEASURE( 0.02539999999999999897 ), #909 );
#2263 = CARTESIAN_POINT ( 'NONE',  ( -0.1265519106145348294, 0.9774166666655438318, 0.1895317119485028512 ) ) ;
#2264 = EDGE_CURVE ( 'NONE', #4949, #5477, #3898, .T. ) ;
#2265 = CARTESIAN_POINT ( 'NONE',  ( 0.2459999999999999964, 0.2459999999999999964, 0.7017244094488189754 ) ) ;
#2266 = DIRECTION ( 'NONE',  ( 0.000000000000000000, -0.000000000000000000, 1.000000000000000000 ) ) ;
#2267 = ORIENTED_EDGE ( 'NONE', *, *, #2640, .T. ) ;
#2268 = SHAPE_DEFINITION_REPRESENTATION ( #603, #5128 ) ;
#2269 = CARTESIAN_POINT ( 'NONE',  ( 0.000000000000000000, 0.8169999999999999485, -2.996271780935429149E-18 ) ) ;
#2270 = CARTESIAN_POINT ( 'NONE',  ( 0.000000000000000000, 0.8170000000000000595, 0.000000000000000000 ) ) ;
#2271 = CARTESIAN_POINT ( 'NONE',  ( 0.2228115346722209233, 1.015611111110453768, 0.1489758229563230285 ) ) ;
#2272 = EDGE_CURVE ( 'NONE', #360, #397, #5573, .T. ) ;
#2273 = CARTESIAN_POINT ( 'NONE',  ( 0.2194852367274547633, 1.109361111111016207, -0.04358947008884633822 ) ) ;
#2274 = ORIENTED_EDGE ( 'NONE', *, *, #4490, .F. ) ;
#2275 = CARTESIAN_POINT ( 'NONE',  ( 0.1616681696738033469, 0.9545163588651403019, 0.2110589732476291225 ) ) ;
#2276 = CARTESIAN_POINT ( 'NONE',  ( 0.000000000000000000, 0.8864444444449997018, -2.948480802763771024E-19 ) ) ;
#2277 = CARTESIAN_POINT ( 'NONE',  ( -0.2288348499101915401, 0.9123124999983406314, -0.02246315587212652232 ) ) ;
#2278 = CARTESIAN_POINT ( 'NONE',  ( -0.1748767054193161308, 1.002270089370880024, 0.1988341392769490401 ) ) ;
#2279 = FACE_OUTER_BOUND ( 'NONE', #5440, .T. ) ;
#2280 = CARTESIAN_POINT ( 'NONE',  ( -0.09755310424177604522, 0.8144888591009028511, 0.2843143478276061731 ) ) ;
#2281 = CARTESIAN_POINT ( 'NONE',  ( -1.568915308382199427E-17, 0.6847233372557268716, -0.3406366588218792124 ) ) ;
#2282 = CARTESIAN_POINT ( 'NONE',  ( 0.2598237377687677707, 1.072902777777186234, 0.05159476346486599474 ) ) ;
#2283 = CARTESIAN_POINT ( 'NONE',  ( 0.1290857423596424025, 0.8315833333310725939, -0.1930641244902293330 ) ) ;
#2284 = EDGE_LOOP ( 'NONE', ( #878, #4700, #745, #5512, #2623, #4083 ) ) ;
#2285 = CARTESIAN_POINT ( 'NONE',  ( 0.2434450817103694931, 0.9151778121715573588, -0.1098598969365742334 ) ) ;
#2286 =( NAMED_UNIT ( * ) PLANE_ANGLE_UNIT ( ) SI_UNIT ( $, .RADIAN. ) );
#2287 = EDGE_LOOP ( 'NONE', ( #818, #4339 ) ) ;
#2288 = CARTESIAN_POINT ( 'NONE',  ( -0.2214000000000002633, 0.2460000000000000242, -0.7773149606299212255 ) ) ;
#2289 = CARTESIAN_POINT ( 'NONE',  ( -0.1632595303829963429, 0.8864444444449997018, 0.2121413061485822038 ) ) ;
#2290 = CARTESIAN_POINT ( 'NONE',  ( 0.05360595212033959084, 0.7864444444419997904, 0.2699241544630503475 ) ) ;
#2291 = CARTESIAN_POINT ( 'NONE',  ( -0.2459999999999998854, 0.2460000000000000242, 0.000000000000000000 ) ) ;
#2292 = CIRCLE ( 'NONE', #5955, 0.1992599999999999927 ) ;
#2293 = CIRCLE ( 'NONE', #2139, 0.2949999999999999845 ) ;
#2294 = CARTESIAN_POINT ( 'NONE',  ( -0.01354196922490256798, 1.087499750084647721, 0.2232026568034006231 ) ) ;
#2295 = CARTESIAN_POINT ( 'NONE',  ( 0.02233581802998111515, 0.9539791666652887026, -0.2275377969994674676 ) ) ;
#2296 = VECTOR ( 'NONE', #5864, 39.37007874015748143 ) ;
#2297 = ORIENTED_EDGE ( 'NONE', *, *, #3337, .F. ) ;
#2298 = CARTESIAN_POINT ( 'NONE',  ( -0.04384332818038338964, 1.060749999999549775, -0.2207635626826697506 ) ) ;
#2299 = CARTESIAN_POINT ( 'NONE',  ( 0.000000000000000000, 0.6583750000000000435, -0.3406366588218792124 ) ) ;
#2300 = CARTESIAN_POINT ( 'NONE',  ( -0.2468048642449105490, 1.045124999999639703, -0.1021363987861752809 ) ) ;
#2301 = EDGE_CURVE ( 'NONE', #3571, #4802, #675, .T. ) ;
#2302 = CARTESIAN_POINT ( 'NONE',  ( 0.1992599999999999372, 0.2459999999999999964, 0.000000000000000000 ) ) ;
#2303 = AXIS2_PLACEMENT_3D ( 'NONE', #965, #1448, #2493 ) ;
#2304 = MECHANICAL_DESIGN_GEOMETRIC_PRESENTATION_REPRESENTATION (  '', ( #558 ), #3230 ) ;
#2305 = B_SPLINE_CURVE_WITH_KNOTS ( 'NONE', 3,
 ( #3353, #1911, #378, #6337, #891, #1846, #5852, #5358, #3848, #3884, #2871, #5920, #5571, #4583, #1142, #5631, #4038, #2615, #2653, #2511, #4481, #6042, #5103, #1113, #3122, #3090, #4615, #6012, #3596, #4005, #4520, #2005, #46, #1023, #5068, #2040, #1083, #3058, #5533, #607, #78, #1649, #2584, #110, #632, #183 ),
 .UNSPECIFIED., .F., .F.,
 ( 4, 2, 2, 2, 2, 2, 2, 2, 2, 2, 2, 2, 2, 2, 2, 2, 2, 2, 2, 2, 2, 2, 4 ),
 ( 0.07981038369717004255, 0.08047153695292687259, 0.08113269020868371650, 0.08245499672019737658, 0.08377730323171105054, 0.08443845648746788057, 0.08509960974322471061, 0.08642191625473838457, 0.08774422276625205852, 0.08906652927776571860, 0.08972768253352256251, 0.09038883578927939255, 0.09171114230079306651, 0.09303344881230674046, 0.09369460206806357050, 0.09435575532382040054, 0.09567806183533407449, 0.09633921509109091841, 0.09700036834684774845, 0.09832267485836140852, 0.09964498136987508248, 0.1003061346256319264, 0.1009672878813887564 ),
 .UNSPECIFIED. ) ;
#2306 = CARTESIAN_POINT ( 'NONE',  ( -0.1250452315707584749, 1.071166666666300671, -0.1870116761548114848 ) ) ;
#2307 = ORIENTED_EDGE ( 'NONE', *, *, #2827, .T. ) ;
#2308 = CARTESIAN_POINT ( 'NONE',  ( 0.000000000000000000, 0.6583750000000000435, 0.000000000000000000 ) ) ;
#2309 = DIRECTION ( 'NONE',  ( -0.000000000000000000, -0.000000000000000000, 1.000000000000000000 ) ) ;
#2310 = CARTESIAN_POINT ( 'NONE',  ( 0.2173363227833125244, 0.9015647562739885768, 0.1559683836644112087 ) ) ;
#2311 = CARTESIAN_POINT ( 'NONE',  ( -0.06518783199612346313, 1.084187499999697657, 0.2146622161238306015 ) ) ;
#2312 = CARTESIAN_POINT ( 'NONE',  ( -0.1536605545877315071, 1.052827373645718101, 0.2111439873026880465 ) ) ;
#2313 = COLOUR_RGB ( '',0.1019607843137254888, 0.1019607843137254888, 0.1019607843137254888 ) ;
#2314 = CARTESIAN_POINT ( 'NONE',  ( -0.1438590406916175346, 1.009534722221348213, -0.1751765330618332284 ) ) ;
#2315 = EDGE_CURVE ( 'NONE', #5812, #2426, #3960, .T. ) ;
#2316 = AXIS2_PLACEMENT_3D ( 'NONE', #274, #865, #1686 ) ;
#2317 = CARTESIAN_POINT ( 'NONE',  ( -0.1927833276119160222, 0.8524166666645116575, -0.1287230960439517957 ) ) ;
#2318 = CARTESIAN_POINT ( 'NONE',  ( -0.2627946680968615834, 0.9959037954179642549, 0.03414927433453649602 ) ) ;
#2319 = CARTESIAN_POINT ( 'NONE',  ( -0.1249999999999999029, 0.2459999999999999964, 0.000000000000000000 ) ) ;
#2320 = CARTESIAN_POINT ( 'NONE',  ( -0.2204175107905870235, 1.078111111110783948, -0.04391293937621090770 ) ) ;
#2321 = ADVANCED_FACE ( 'NONE', ( #1558, #2006 ), #112, .F. ) ;
#2322 = LENGTH_MEASURE_WITH_UNIT ( LENGTH_MEASURE( 0.02539999999999999897 ), #2401 );
#2323 = CARTESIAN_POINT ( 'NONE',  ( -0.05233587846632916513, 0.9791527777764126306, -0.2626661691347270122 ) ) ;
#2324 = DIRECTION ( 'NONE',  ( -0.000000000000000000, -1.000000000000000000, -0.000000000000000000 ) ) ;
#2325 = CARTESIAN_POINT ( 'NONE',  ( -7.324083550958645356E-05, 1.065958333332908348, -0.2251288453748760965 ) ) ;
#2326 = VERTEX_POINT ( 'NONE', #4040 ) ;
#2327 = PRESENTATION_STYLE_ASSIGNMENT (( #2359 ) ) ;
#2328 = EDGE_LOOP ( 'NONE', ( #4202, #69, #1079, #2115, #4170 ) ) ;
#2329 = LENGTH_MEASURE_WITH_UNIT ( LENGTH_MEASURE( 0.02539999999999999897 ), #3291 );
#2330 = CARTESIAN_POINT ( 'NONE',  ( 0.2384081044300373209, 0.9629151897940798621, 0.1180399445439734712 ) ) ;
#2331 = CARTESIAN_POINT ( 'NONE',  ( 0.1088540912091009866, 1.032661233980686877, -0.2398859510019180630 ) ) ;
#2332 = CARTESIAN_POINT ( 'NONE',  ( -0.2264321339164187541, 1.024291666665947398, 7.364951648925636485E-05 ) ) ;
#2333 = CARTESIAN_POINT ( 'NONE',  ( 0.000000000000000000, 0.8170000000000000595, 0.000000000000000000 ) ) ;
#2334 = CARTESIAN_POINT ( 'NONE',  ( -0.2709311943656912414, 0.6767004020442811685, -0.1842144608229805969 ) ) ;
#2335 = ORIENTED_EDGE ( 'NONE', *, *, #2993, .T. ) ;
#2336 =( CONVERSION_BASED_UNIT ( 'INCH', #1352 ) LENGTH_UNIT ( ) NAMED_UNIT ( #1828 ) );
#2337 = DIRECTION ( 'NONE',  ( -0.000000000000000000, 1.000000000000000000, -3.667407320606400744E-18 ) ) ;
#2338 = CARTESIAN_POINT ( 'NONE',  ( -0.1266112161943987735, 1.002590277777133387, 0.2366999470063049227 ) ) ;
#2339 = MECHANICAL_DESIGN_GEOMETRIC_PRESENTATION_REPRESENTATION (  '', ( #2757 ), #2010 ) ;
#2340 =( GEOMETRIC_REPRESENTATION_CONTEXT ( 3 ) GLOBAL_UNCERTAINTY_ASSIGNED_CONTEXT ( ( #1518 ) ) GLOBAL_UNIT_ASSIGNED_CONTEXT ( ( #5808, #3293, #5581 ) ) REPRESENTATION_CONTEXT ( 'NONE', 'WORKASPACE' ) );
#2341 = CARTESIAN_POINT ( 'NONE',  ( -0.2608682114338863878, 0.8272430555529982632, 0.07904693753733688100 ) ) ;
#2342 =( GEOMETRIC_REPRESENTATION_CONTEXT ( 3 ) GLOBAL_UNCERTAINTY_ASSIGNED_CONTEXT ( ( #6032 ) ) GLOBAL_UNIT_ASSIGNED_CONTEXT ( ( #307, #6129, #4435 ) ) REPRESENTATION_CONTEXT ( 'NONE', 'WORKASPACE' ) );
#2343 = ORIENTED_EDGE ( 'NONE', *, *, #5396, .F. ) ;
#2344 = CARTESIAN_POINT ( 'NONE',  ( -0.2045907735744521283, 0.8864444444449995908, -0.1504733194868290436 ) ) ;
#2345 = CIRCLE ( 'NONE', #3469, 0.2214000000000002633 ) ;
#2346 = CARTESIAN_POINT ( 'NONE',  ( 0.08638120628817029523, 1.034708333332718722, 0.2087208924730232229 ) ) ;
#2347 = CARTESIAN_POINT ( 'NONE',  ( -0.2051567605521751880, 1.051339621118089429, 0.1641248997659245090 ) ) ;
#2348 =( NAMED_UNIT ( * ) SI_UNIT ( $, .STERADIAN. ) SOLID_ANGLE_UNIT ( ) );
#2349 = CARTESIAN_POINT ( 'NONE',  ( 0.2005493890902760035, 0.9852291666656201041, 0.1072737621610999337 ) ) ;
#2350 = STYLED_ITEM ( 'NONE', ( #1359 ), #1357 ) ;
#2351 = EDGE_CURVE ( 'NONE', #4976, #175, #158, .T. ) ;
#2352 =( CONVERSION_BASED_UNIT ( 'INCH', #1024 ) LENGTH_UNIT ( ) NAMED_UNIT ( #2120 ) );
#2353 = CARTESIAN_POINT ( 'NONE',  ( -0.1434351279384501743, 1.032104166666002243, 0.1748921827023332265 ) ) ;
#2354 =( NAMED_UNIT ( * ) SI_UNIT ( $, .STERADIAN. ) SOLID_ANGLE_UNIT ( ) );
#2355 = CARTESIAN_POINT ( 'NONE',  ( 0.1024761083817860713, 0.9739444444431104575, -0.2476257237642300602 ) ) ;
#2356 = CARTESIAN_POINT ( 'NONE',  ( -0.1066590357715841847, 1.033840277777056338, 0.1994001838597894982 ) ) ;
#2357 = ORIENTED_EDGE ( 'NONE', *, *, #2181, .T. ) ;
#2358 = CARTESIAN_POINT ( 'NONE',  ( 0.2670598371877304644, 0.9111282090012005064, 0.009001233606227263678 ) ) ;
#2359 = SURFACE_STYLE_USAGE ( .BOTH. , #1854 ) ;
#2360 = DIRECTION ( 'NONE',  ( -0.000000000000000000, -0.000000000000000000, 1.000000000000000000 ) ) ;
#2361 = SURFACE_SIDE_STYLE ('',( #4827 ) ) ;
#2362 = UNCERTAINTY_MEASURE_WITH_UNIT (LENGTH_MEASURE( 1.000000000000000082E-05 ), #5315, 'distance_accuracy_value', 'NONE');
#2363 = DIRECTION ( 'NONE',  ( 0.000000000000000000, -0.000000000000000000, 1.000000000000000000 ) ) ;
#2364 = CARTESIAN_POINT ( 'NONE',  ( 0.000000000000000000, 0.2459999999999999964, 0.7418818897637795562 ) ) ;
#2365 = ORIENTED_EDGE ( 'NONE', *, *, #2301, .F. ) ;
#2366 = CARTESIAN_POINT ( 'NONE',  ( 0.2138693976245925055, 1.062032882081921148, 0.1310461296412989141 ) ) ;
#2367 = CARTESIAN_POINT ( 'NONE',  ( -0.1493832335870001748, 0.9843611111101823186, -0.2237149004400188212 ) ) ;
#2368 = UNCERTAINTY_MEASURE_WITH_UNIT (LENGTH_MEASURE( 1.000000000000000082E-05 ), #7, 'distance_accuracy_value', 'NONE');
#2369 = CARTESIAN_POINT ( 'NONE',  ( 0.1862800962967126606, 1.102416666666535372, 0.1243807251575074768 ) ) ;
#2370 = ORIENTED_EDGE ( 'NONE', *, *, #918, .T. ) ;
#2371 = LENGTH_MEASURE_WITH_UNIT ( LENGTH_MEASURE( 0.02539999999999999897 ), #6397 );
#2372 = FILL_AREA_STYLE_COLOUR ( '', #4681 ) ;
#2373 = CARTESIAN_POINT ( 'NONE',  ( -0.1761837294149279642, 0.9678680555542915620, 0.1446861541456168354 ) ) ;
#2374 = CARTESIAN_POINT ( 'NONE',  ( -0.02313185743415399273, 1.055837533484210278, 0.2561226761578543898 ) ) ;
#2375 = CARTESIAN_POINT ( 'NONE',  ( 0.2019074336223435906, 0.9383541666653079094, -0.1078433699554792458 ) ) ;
#2376 = VERTEX_POINT ( 'NONE', #4076 ) ;
#2377 = PLANE ( 'NONE',  #1076 ) ;
#2378 = CARTESIAN_POINT ( 'NONE',  ( 0.000000000000000000, 0.8170000000000000595, 0.000000000000000000 ) ) ;
#2379 = CARTESIAN_POINT ( 'NONE',  ( 0.1078884886032524387, 0.9435624999985915418, -0.2016985942815883170 ) ) ;
#2380 = CARTESIAN_POINT ( 'NONE',  ( 0.1261881097454704004, 1.005194444443578528, -0.1887304535202979916 ) ) ;
#2381 = CARTESIAN_POINT ( 'NONE',  ( 0.08546245193262286266, 1.111097222222146241, -0.2065146629499949871 ) ) ;
#2382 = DIMENSIONAL_EXPONENTS ( 1.000000000000000000, 0.000000000000000000, 0.000000000000000000, 0.000000000000000000, 0.000000000000000000, 0.000000000000000000, 0.000000000000000000 ) ;
#2383 = ADVANCED_FACE ( 'NONE', ( #3093 ), #5070, .T. ) ;
#2384 = CARTESIAN_POINT ( 'NONE',  ( -0.08518038989515495929, 0.6631928313338240066, 0.2914577377862342389 ) ) ;
#2385 = DIRECTION ( 'NONE',  ( 0.000000000000000000, 0.000000000000000000, -1.000000000000000000 ) ) ;
#2386 = CARTESIAN_POINT ( 'NONE',  ( -0.2360296760801914584, 0.9869652777765136609, -0.1260623465025605683 ) ) ;
#2387 = CARTESIAN_POINT ( 'NONE',  ( 0.06530498795981827531, 1.063354166666258260, -0.2155340890716203051 ) ) ;
#2388 = VERTEX_POINT ( 'NONE', #3212 ) ;
#2389 = CARTESIAN_POINT ( 'NONE',  ( -0.02290574796754054829, 0.8081458333308989550, 0.2318475016823736967 ) ) ;
#2390 = VERTEX_POINT ( 'NONE', #1719 ) ;
#2391 = CARTESIAN_POINT ( 'NONE',  ( 0.09352722865743735847, 0.9776864507055432751, -0.2480953304047108510 ) ) ;
#2392 = EDGE_CURVE ( 'NONE', #1018, #3379, #2172, .T. ) ;
#2393 = SURFACE_STYLE_FILL_AREA ( #3738 ) ;
#2394 =( NAMED_UNIT ( * ) PLANE_ANGLE_UNIT ( ) SI_UNIT ( $, .RADIAN. ) );
#2395 = AXIS2_PLACEMENT_3D ( 'NONE', #5168, #3116, #660 ) ;
#2396 =( GEOMETRIC_REPRESENTATION_CONTEXT ( 3 ) GLOBAL_UNCERTAINTY_ASSIGNED_CONTEXT ( ( #1836 ) ) GLOBAL_UNIT_ASSIGNED_CONTEXT ( ( #4014, #3574, #6083 ) ) REPRESENTATION_CONTEXT ( 'NONE', 'WORKASPACE' ) );
#2397 = CARTESIAN_POINT ( 'NONE',  ( -0.007972125086591232493, 1.084839525481619660, 0.2260338244369095306 ) ) ;
#2398 = DIRECTION ( 'NONE',  ( 0.000000000000000000, 1.000000000000000000, 0.000000000000000000 ) ) ;
#2399 = CARTESIAN_POINT ( 'NONE',  ( 0.1268718254245243260, 0.9748124999991337747, -0.2375452476697182680 ) ) ;
#2400 = DIRECTION ( 'NONE',  ( -0.000000000000000000, -0.000000000000000000, 1.000000000000000000 ) ) ;
#2401 =( LENGTH_UNIT ( ) NAMED_UNIT ( * ) SI_UNIT ( $, .METRE. ) );
#2402 = CIRCLE ( 'NONE', #5551, 0.1992599999999998539 ) ;
#2403 = CARTESIAN_POINT ( 'NONE',  ( 0.1251044536435728660, 1.060749999999588411, -0.1873639681815433000 ) ) ;
#2404 = ORIENTED_EDGE ( 'NONE', *, *, #1147, .T. ) ;
#2405 = DIRECTION ( 'NONE',  ( 0.000000000000000000, 0.000000000000000000, -1.000000000000000000 ) ) ;
#2406 = CARTESIAN_POINT ( 'NONE',  ( -0.1474999999999999645, 0.6583750000000000435, -0.2554774941164094093 ) ) ;
#2407 = CARTESIAN_POINT ( 'NONE',  ( -0.2092706577779693822, 1.013874999999218707, -0.08675678397645304740 ) ) ;
#2408 =( LENGTH_UNIT ( ) NAMED_UNIT ( * ) SI_UNIT ( $, .METRE. ) );
#2409 = CARTESIAN_POINT ( 'NONE',  ( 0.2207820576909544918, 0.8810624999981003791, -0.06690066227074978333 ) ) ;
#2410 = ORIENTED_EDGE ( 'NONE', *, *, #1047, .T. ) ;
#2411 = AXIS2_PLACEMENT_3D ( 'NONE', #5536, #82, #2042 ) ;
#2412 = STYLED_ITEM ( 'NONE', ( #3083 ), #6348 ) ;
#2413 = CARTESIAN_POINT ( 'NONE',  ( -0.03087498783030516794, 0.9070804703671775382, -0.2392545605428565147 ) ) ;
#2414 = MECHANICAL_DESIGN_GEOMETRIC_PRESENTATION_REPRESENTATION (  '', ( #5219 ), #868 ) ;
#2415 = SURFACE_SIDE_STYLE ('',( #3354 ) ) ;
#2416 = CARTESIAN_POINT ( 'NONE',  ( -0.1446479393599423013, 0.9696041666655413893, 0.1761455146292532914 ) ) ;
#2417 = CARTESIAN_POINT ( 'NONE',  ( 0.2101273769884445808, 0.9930416666656159963, 0.08695755992244015575 ) ) ;
#2418 = CARTESIAN_POINT ( 'NONE',  ( 0.1862800962973211183, 1.095472222222050096, 0.1243807251606913605 ) ) ;
#2419 = CIRCLE ( 'NONE', #1580, 0.1820000000000000229 ) ;
#2420 = CARTESIAN_POINT ( 'NONE',  ( 0.1279993675857305224, 0.8940833333315754139, -0.1916994557164331536 ) ) ;
#2421 = CARTESIAN_POINT ( 'NONE',  ( -0.05235633783128252478, 0.9479027777761795948, 0.2636587156157046974 ) ) ;
#2422 = CARTESIAN_POINT ( 'NONE',  ( -0.02406880563430869799, 0.7986745979557188235, -0.3267405274098383328 ) ) ;
#2423 = FILL_AREA_STYLE ('',( #2484 ) ) ;
#2424 = SURFACE_STYLE_USAGE ( .BOTH. , #2973 ) ;
#2425 = CARTESIAN_POINT ( 'NONE',  ( -0.1057150323240334117, 1.089395833333135499, 0.1979337967663012121 ) ) ;
#2426 = VERTEX_POINT ( 'NONE', #5208 ) ;
#2427 = CARTESIAN_POINT ( 'NONE',  ( -0.2465656477601264329, 0.8053209323142193066, -0.1982819157146558375 ) ) ;
#2428 = LENGTH_MEASURE_WITH_UNIT ( LENGTH_MEASURE( 0.02539999999999999897 ), #488 );
#2429 = CARTESIAN_POINT ( 'NONE',  ( -0.2466615795479786821, 0.6700773127001643514, -0.1982265294711152981 ) ) ;
#2430 = CARTESIAN_POINT ( 'NONE',  ( 0.000000000000000000, 0.2459999999999999964, -0.7017244094488186423 ) ) ;
#2431 = AXIS2_PLACEMENT_3D ( 'NONE', #287, #4098, #2158 ) ;
#2432 = CARTESIAN_POINT ( 'NONE',  ( 0.000000000000000000, 0.7906516627442732315, -0.3406366588218792124 ) ) ;
#2433 = SURFACE_STYLE_FILL_AREA ( #5932 ) ;
#2434 = EDGE_CURVE ( 'NONE', #1376, #1267, #5248, .T. ) ;
#2435 = CARTESIAN_POINT ( 'NONE',  ( 0.000000000000000000, 1.092000000000000082, 0.000000000000000000 ) ) ;
#2436 = CARTESIAN_POINT ( 'NONE',  ( -0.1707046683884717309, 0.9852291666658204994, -0.2078671143908910612 ) ) ;
#2437 = UNCERTAINTY_MEASURE_WITH_UNIT (LENGTH_MEASURE( 1.000000000000000082E-05 ), #3662, 'distance_accuracy_value', 'NONE');
#2438 = CARTESIAN_POINT ( 'NONE',  ( 0.2212967185448012630, 1.050333333332770014, 0.04394382223257629894 ) ) ;
#2439 = EDGE_LOOP ( 'NONE', ( #5750, #5788, #6061, #3033 ) ) ;
#2440 = CARTESIAN_POINT ( 'NONE',  ( -0.1847513221310674580, 0.8864444444449997018, -0.1717304841895465339 ) ) ;
#2441 = CARTESIAN_POINT ( 'NONE',  ( -0.2950000000000000400, 0.6847233372557270936, 0.1703183294109395784 ) ) ;
#2442 = CYLINDRICAL_SURFACE ( 'NONE', #1065, 0.1854999999999998317 ) ;
#2443 = CARTESIAN_POINT ( 'NONE',  ( 0.04435104442536849656, 0.9774166666656011193, 0.2233202145843643238 ) ) ;
#2444 = AXIS2_PLACEMENT_3D ( 'NONE', #3532, #5039, #2686 ) ;
#2445 = DIMENSIONAL_EXPONENTS ( 1.000000000000000000, 0.000000000000000000, 0.000000000000000000, 0.000000000000000000, 0.000000000000000000, 0.000000000000000000, 0.000000000000000000 ) ;
#2446 = CARTESIAN_POINT ( 'NONE',  ( -0.04485876070188296594, 0.8940833333315578724, -0.2258768664786135472 ) ) ;
#2447 = CIRCLE ( 'NONE', #3769, 0.2627358757268952738 ) ;
#2448 = FILL_AREA_STYLE_COLOUR ( '', #688 ) ;
#2449 = CARTESIAN_POINT ( 'NONE',  ( -0.06727859581973148762, 0.8463402777756179329, -0.2220293457120320335 ) ) ;
#2450 = CARTESIAN_POINT ( 'NONE',  ( 0.2459999999999997744, 0.2459999999999999964, 0.5032890738579167689 ) ) ;
#2451 = CARTESIAN_POINT ( 'NONE',  ( 0.1320946934710192922, 0.9345103569351697059, 0.1908065138251698600 ) ) ;
#2452 = CARTESIAN_POINT ( 'NONE',  ( 7.405822815354236549E-05, 0.9826249999988443395, 0.2277354224538913896 ) ) ;
#2453 = CARTESIAN_POINT ( 'NONE',  ( 0.06501099437191533437, 1.089395833333129726, 0.2145456176234183110 ) ) ;
#2454 = CARTESIAN_POINT ( 'NONE',  ( -0.2372409283762084986, 0.9400902777761118712, 0.1269065832603956945 ) ) ;
#2455 = SURFACE_SIDE_STYLE ('',( #6412 ) ) ;
#2456 = AXIS2_PLACEMENT_3D ( 'NONE', #1214, #309, #4678 ) ;
#2457 = CARTESIAN_POINT ( 'NONE',  ( 0.1429937124905202306, 1.059881944443959556, -0.1741311218680960948 ) ) ;
#2458 = ORIENTED_EDGE ( 'NONE', *, *, #2264, .F. ) ;
#2459 = CARTESIAN_POINT ( 'NONE',  ( -0.2104268960351640960, 0.9846086379896906715, -0.1616428251218850198 ) ) ;
#2460 = LENGTH_MEASURE_WITH_UNIT ( LENGTH_MEASURE( 0.02539999999999999897 ), #391 );
#2461 = CARTESIAN_POINT ( 'NONE',  ( 0.06871821480383098757, 0.9785524828723524138, -0.2560529611537478156 ) ) ;
#2462 = CARTESIAN_POINT ( 'NONE',  ( -0.2612024082846534090, 1.051732328076758094, 0.01713177925574845342 ) ) ;
#2463 = CARTESIAN_POINT ( 'NONE',  ( 3.471873675582746667E-17, 0.8169999999999999485, 0.2835000000000000298 ) ) ;
#2464 = SURFACE_SIDE_STYLE ('',( #5485 ) ) ;
#2465 = DIRECTION ( 'NONE',  ( -0.000000000000000000, -0.000000000000000000, 1.000000000000000000 ) ) ;
#2466 = CARTESIAN_POINT ( 'NONE',  ( 0.2950000000000000400, 0.8144523933780958291, 0.05802577058544388516 ) ) ;
#2467 = FILL_AREA_STYLE ('',( #2823 ) ) ;
#2468 = CARTESIAN_POINT ( 'NONE',  ( -0.05292627107526918367, 0.9253333333319873066, -0.2656294162882780752 ) ) ;
#2469 = EDGE_CURVE ( 'NONE', #217, #5558, #3862, .T. ) ;
#2470 = EDGE_LOOP ( 'NONE', ( #2045, #6226, #2096, #3812 ) ) ;
#2471 =( LENGTH_UNIT ( ) NAMED_UNIT ( * ) SI_UNIT ( $, .METRE. ) );
#2472 = CARTESIAN_POINT ( 'NONE',  ( 0.000000000000000000, 0.8864444444449997018, -3.250952844868465454E-18 ) ) ;
#2473 = CARTESIAN_POINT ( 'NONE',  ( 0.2003070236049376562, 0.9939097222212421867, -0.1071501057498183973 ) ) ;
#2474 = CARTESIAN_POINT ( 'NONE',  ( 0.1455132675583324930, 0.9262013888873743550, 0.1771909258189411640 ) ) ;
#2475 = EDGE_CURVE ( 'NONE', #170, #761, #2630, .T. ) ;
#2476 = CARTESIAN_POINT ( 'NONE',  ( -0.1564169946606059347, 0.9114931762418385652, -0.1817622850133060741 ) ) ;
#2477 = CARTESIAN_POINT ( 'NONE',  ( -0.1114882005109953944, 0.7925787040773999426, -0.2052059960877642419 ) ) ;
#2478 = SURFACE_STYLE_USAGE ( .BOTH. , #1878 ) ;
#2479 = PRESENTATION_STYLE_ASSIGNMENT (( #5921 ) ) ;
#2480 = CARTESIAN_POINT ( 'NONE',  ( 0.08784289970764602717, 0.9235972222207171622, 0.2118766612595854026 ) ) ;
#2481 = CARTESIAN_POINT ( 'NONE',  ( 0.02208114228634738482, 1.039048611110410469, 0.2248896473122057038 ) ) ;
#2482 = CARTESIAN_POINT ( 'NONE',  ( 0.2244429135974732592, 1.045993055554957918, -0.02217942105756899943 ) ) ;
#2483 = CARTESIAN_POINT ( 'NONE',  ( 0.1922825408240242395, 0.8454722222198344239, 0.1923994436835819721 ) ) ;
#2484 = FILL_AREA_STYLE_COLOUR ( '', #3025 ) ;
#2485 = CARTESIAN_POINT ( 'NONE',  ( 0.06615530320254481289, 0.9852291666655800251, 0.2178297729704095909 ) ) ;
#2486 = VERTEX_POINT ( 'NONE', #6096 ) ;
#2487 = CARTESIAN_POINT ( 'NONE',  ( -0.2213999999999999857, 0.2460000000000000242, 0.7418818897637795562 ) ) ;
#2488 = LINE ( 'NONE', #19, #5036 ) ;
#2489 = CARTESIAN_POINT ( 'NONE',  ( -2.969872986152240272E-17, 0.6583750000000000435, 0.3406366588218791569 ) ) ;
#2490 = CARTESIAN_POINT ( 'NONE',  ( 0.000000000000000000, 0.2459999999999999964, 0.000000000000000000 ) ) ;
#2491 = CARTESIAN_POINT ( 'NONE',  ( -0.01736429449578025599, 0.9525152470859378218, 0.2653578184110033655 ) ) ;
#2492 = DIRECTION ( 'NONE',  ( -0.000000000000000000, -0.000000000000000000, 1.000000000000000000 ) ) ;
#2493 = DIRECTION ( 'NONE',  ( 0.000000000000000000, 0.000000000000000000, 1.000000000000000000 ) ) ;
#2494 = SURFACE_STYLE_USAGE ( .BOTH. , #1008 ) ;
#2495 = DIRECTION ( 'NONE',  ( 0.8660254037844388186, 0.000000000000000000, -0.4999999999999998335 ) ) ;
#2496 = CARTESIAN_POINT ( 'NONE',  ( -0.2103258754940970643, 0.8880069444428356773, 0.1725030458789487409 ) ) ;
#2497 = CARTESIAN_POINT ( 'NONE',  ( 0.000000000000000000, 0.2459999999999999964, 0.000000000000000000 ) ) ;
#2498 = UNCERTAINTY_MEASURE_WITH_UNIT (LENGTH_MEASURE( 1.000000000000000082E-05 ), #1989, 'distance_accuracy_value', 'NONE');
#2499 = MECHANICAL_DESIGN_GEOMETRIC_PRESENTATION_REPRESENTATION (  '', ( #3015 ), #4459 ) ;
#2500 = ORIENTED_EDGE ( 'NONE', *, *, #4618, .F. ) ;
#2501 = LENGTH_MEASURE_WITH_UNIT ( LENGTH_MEASURE( 0.02539999999999999897 ), #5387 );
#2502 = CARTESIAN_POINT ( 'NONE',  ( 0.000000000000000000, 0.2459999999999999964, 0.000000000000000000 ) ) ;
#2503 = CARTESIAN_POINT ( 'NONE',  ( -0.2281703720215976783, 0.9617916666654588997, -6.891430003337424180E-05 ) ) ;
#2504 = EDGE_CURVE ( 'NONE', #3971, #4735, #1218, .T. ) ;
#2505 = SURFACE_STYLE_USAGE ( .BOTH. , #510 ) ;
#2506 = CARTESIAN_POINT ( 'NONE',  ( -0.04518623856805658451, 0.8628333333312814268, 0.2268083431810137551 ) ) ;
#2507 = ORIENTED_EDGE ( 'NONE', *, *, #2514, .F. ) ;
#2508 = CARTESIAN_POINT ( 'NONE',  ( 0.2950000000000000400, 0.6700178533669747249, -0.1142326508667344392 ) ) ;
#2509 =( LENGTH_UNIT ( ) NAMED_UNIT ( * ) SI_UNIT ( $, .METRE. ) );
#2510 = CARTESIAN_POINT ( 'NONE',  ( 0.1859282583877092387, 1.105888888888788557, -0.1243208234468984319 ) ) ;
#2511 = CARTESIAN_POINT ( 'NONE',  ( -0.2629012446739111830, 0.9333892966968341254, -0.04377306900911285409 ) ) ;
#2512 = CARTESIAN_POINT ( 'NONE',  ( 0.1771527110079128831, 0.9279374999984890682, 0.1454750527929209447 ) ) ;
#2513 = CARTESIAN_POINT ( 'NONE',  ( -0.1077648321410559912, 0.9591874999987044514, -0.2014562288333941742 ) ) ;
#2514 = EDGE_CURVE ( 'NONE', #1525, #1751, #4706, .T. ) ;
#2515 = CARTESIAN_POINT ( 'NONE',  ( -0.1060013534183552875, 1.063354166666316214, -0.1984586619999301471 ) ) ;
#2516 = STYLED_ITEM ( 'NONE', ( #5247 ), #6067 ) ;
#2517 = MECHANICAL_DESIGN_GEOMETRIC_PRESENTATION_REPRESENTATION (  '', ( #4146 ), #3335 ) ;
#2518 = CARTESIAN_POINT ( 'NONE',  ( 0.1033948627703464018, 0.8975555555535569274, 0.2498319532808561394 ) ) ;
#2519 = CARTESIAN_POINT ( 'NONE',  ( 0.000000000000000000, 0.8170000000000000595, 0.000000000000000000 ) ) ;
#2520 = CARTESIAN_POINT ( 'NONE',  ( 0.08745592922379000211, 0.9513749999986998995, -0.2113316150077426403 ) ) ;
#2521 = ORIENTED_EDGE ( 'NONE', *, *, #3292, .T. ) ;
#2522 = CARTESIAN_POINT ( 'NONE',  ( -0.2289666742492595664, 0.7933888888862428157, -0.04546697093634621128 ) ) ;
#2523 = DIRECTION ( 'NONE',  ( 0.000000000000000000, 0.000000000000000000, 1.000000000000000000 ) ) ;
#2524 = ADVANCED_FACE ( 'NONE', ( #2989 ), #1055, .F. ) ;
#2525 = VECTOR ( 'NONE', #1515, 39.37007874015748143 ) ;
#2526 = CARTESIAN_POINT ( 'NONE',  ( -0.08580474706174819055, 0.9282083822062601186, -0.2529483937201511545 ) ) ;
#2527 = SURFACE_STYLE_FILL_AREA ( #553 ) ;
#2528 = CARTESIAN_POINT ( 'NONE',  ( 0.02406880563430872227, 0.7986745979557193786, 0.3267405274098383328 ) ) ;
#2529 = CARTESIAN_POINT ( 'NONE',  ( -0.2662087555509800030, 0.9397654931175966064, 0.01692770659185438564 ) ) ;
#2530 = CARTESIAN_POINT ( 'NONE',  ( -0.2626840188783766128, 1.103284722221841818, 0.02579159602368115076 ) ) ;
#2531 = STYLED_ITEM ( 'NONE', ( #3732 ), #706 ) ;
#2532 = AXIS2_PLACEMENT_3D ( 'NONE', #4251, #344, #1244 ) ;
#2533 = DIMENSIONAL_EXPONENTS ( 1.000000000000000000, 0.000000000000000000, 0.000000000000000000, 0.000000000000000000, 0.000000000000000000, 0.000000000000000000, 0.000000000000000000 ) ;
#2534 = CARTESIAN_POINT ( 'NONE',  ( 0.1249999999999999029, 0.2459999999999999964, 0.000000000000000000 ) ) ;
#2535 = CARTESIAN_POINT ( 'NONE',  ( -0.1992600000000001315, 0.2460000000000000242, -0.7418818897637792231 ) ) ;
#2536 = CARTESIAN_POINT ( 'NONE',  ( 0.1139073862749042376, 0.9473376059336300337, -0.1977817832544490617 ) ) ;
#2537 = CARTESIAN_POINT ( 'NONE',  ( 0.2679006584307411232, 0.8524166666647958746, 0.05319872989752127967 ) ) ;
#2538 =( GEOMETRIC_REPRESENTATION_CONTEXT ( 3 ) GLOBAL_UNCERTAINTY_ASSIGNED_CONTEXT ( ( #5025 ) ) GLOBAL_UNIT_ASSIGNED_CONTEXT ( ( #3513, #1066, #4316 ) ) REPRESENTATION_CONTEXT ( 'NONE', 'WORKASPACE' ) );
#2539 = ORIENTED_EDGE ( 'NONE', *, *, #326, .F. ) ;
#2540 = LENGTH_MEASURE_WITH_UNIT ( LENGTH_MEASURE( 0.02539999999999999897 ), #4066 );
#2541 = CARTESIAN_POINT ( 'NONE',  ( -0.04466077454911562827, 0.9496388888875630929, -0.2241439561653254253 ) ) ;
#2542 = AXIS2_PLACEMENT_3D ( 'NONE', #1278, #4746, #1939 ) ;
#2543 = CARTESIAN_POINT ( 'NONE',  ( 0.1854999999999999150, 0.2459999999999999964, 0.000000000000000000 ) ) ;
#2544 = CARTESIAN_POINT ( 'NONE',  ( -0.1941475422572843390, 0.7899166666640232704, -0.1298101504836352560 ) ) ;
#2545 = ORIENTED_EDGE ( 'NONE', *, *, #3065, .F. ) ;
#2546 = CARTESIAN_POINT ( 'NONE',  ( 0.1974658156517478391, 0.8139671491458835284, -0.2266297169995935556 ) ) ;
#2547 = CARTESIAN_POINT ( 'NONE',  ( 0.1463021662081135377, 0.8932152777759844176, -0.1781599074106532121 ) ) ;
#2548 = CARTESIAN_POINT ( 'NONE',  ( -0.1883704326045794464, 0.9129754402193452911, -0.1476109402307777263 ) ) ;
#2549 = CARTESIAN_POINT ( 'NONE',  ( 0.2068628073783203847, 1.097208333333128616, 0.08575853491226567704 ) ) ;
#2550 = CARTESIAN_POINT ( 'NONE',  ( 0.2213999999999999857, 0.2459999999999999964, 0.7773149606299212255 ) ) ;
#2551 = CARTESIAN_POINT ( 'NONE',  ( -0.01692549732873694854, 0.8926190476562405607, 0.2676460342633936174 ) ) ;
#2552 = FACE_OUTER_BOUND ( 'NONE', #3671, .T. ) ;
#2553 =( CONVERSION_BASED_UNIT ( 'INCH', #2322 ) LENGTH_UNIT ( ) NAMED_UNIT ( #4290 ) );
#2554 = EDGE_CURVE ( 'NONE', #1476, #4421, #2419, .T. ) ;
#2555 =( LENGTH_UNIT ( ) NAMED_UNIT ( * ) SI_UNIT ( $, .METRE. ) );
#2556 = CARTESIAN_POINT ( 'NONE',  ( 0.2290387109922614739, 0.9409583333319236909, -7.446697009647901949E-05 ) ) ;
#2557 = VERTEX_POINT ( 'NONE', #5891 ) ;
#2558 = SURFACE_STYLE_FILL_AREA ( #1091 ) ;
#2559 = LINE ( 'NONE', #1537, #4619 ) ;
#2560 = STYLED_ITEM ( 'NONE', ( #2587 ), #3606 ) ;
#2561 = FILL_AREA_STYLE ('',( #614 ) ) ;
#2562 = CARTESIAN_POINT ( 'NONE',  ( -0.06884240451292901464, 0.9276230307806414555, -0.2580982885060096321 ) ) ;
#2563 = DIRECTION ( 'NONE',  ( 1.000000000000000000, 0.000000000000000000, 0.000000000000000000 ) ) ;
#2564 = AXIS2_PLACEMENT_3D ( 'NONE', #2497, #3518, #4931 ) ;
#2565 = EDGE_CURVE ( 'NONE', #4735, #5048, #4056, .T. ) ;
#2566 = CARTESIAN_POINT ( 'NONE',  ( -4.558708846968883704E-16, 1.008651696605920467, 0.2640340226284861869 ) ) ;
#2567 = VECTOR ( 'NONE', #2156, 39.37007874015748143 ) ;
#2568 = DIRECTION ( 'NONE',  ( 0.000000000000000000, 1.000000000000000000, 0.000000000000000000 ) ) ;
#2569 = FILL_AREA_STYLE_COLOUR ( '', #1801 ) ;
#2570 = CARTESIAN_POINT ( 'NONE',  ( -0.1875383961785765663, 1.079087164651893138, -0.1373287236146974732 ) ) ;
#2571 = CARTESIAN_POINT ( 'NONE',  ( -0.1258931720578435887, 1.008666666665761991, -0.1885356616251398498 ) ) ;
#2572 = FILL_AREA_STYLE ('',( #2090 ) ) ;
#2573 = PRODUCT ( '7699N53_Universal-Thread Push-to-Connect Tube Fittings_7699N53', '7699N53_Universal-Thread Push-to-Connect Tube Fittings_7699N53', '', ( #1764 ) ) ;
#2574 = CARTESIAN_POINT ( 'NONE',  ( -0.2669075827664828537, 0.8836666666649842794, 0.05318093091399294509 ) ) ;
#2575 = DIRECTION ( 'NONE',  ( 1.000000000000000000, 0.000000000000000000, 0.000000000000000000 ) ) ;
#2576 =( NAMED_UNIT ( * ) PLANE_ANGLE_UNIT ( ) SI_UNIT ( $, .RADIAN. ) );
#2577 = UNCERTAINTY_MEASURE_WITH_UNIT (LENGTH_MEASURE( 1.000000000000000082E-05 ), #4985, 'distance_accuracy_value', 'NONE');
#2578 = ORIENTED_EDGE ( 'NONE', *, *, #1523, .T. ) ;
#2579 = CARTESIAN_POINT ( 'NONE',  ( 0.08584640158359009565, 1.097208333333185237, 0.2070609604680963833 ) ) ;
#2580 = CARTESIAN_POINT ( 'NONE',  ( -0.1467410541687443337, 0.8584930555535037477, 0.1789230424899559968 ) ) ;
#2581 = ORIENTED_EDGE ( 'NONE', *, *, #4398, .T. ) ;
#2582 = CARTESIAN_POINT ( 'NONE',  ( -0.2340422393627593078, 0.9166775308942822775, -0.04175843160459348502 ) ) ;
#2583 = CARTESIAN_POINT ( 'NONE',  ( 0.06746012682723608045, 0.8411319444422216129, -0.2221445204963916620 ) ) ;
#2584 = CARTESIAN_POINT ( 'NONE',  ( -0.03493521205420218462, 0.9475694220038620719, 0.2637752126507829642 ) ) ;
#2585 = CARTESIAN_POINT ( 'NONE',  ( -0.08845266791325387401, 0.8680416666646768586, 0.2137400910219637851 ) ) ;
#2586 = CARTESIAN_POINT ( 'NONE',  ( -0.2281703720225767840, 0.9687361111099480615, -6.891426939514408900E-05 ) ) ;
#2587 = PRESENTATION_STYLE_ASSIGNMENT (( #6017 ) ) ;
#2588 = CARTESIAN_POINT ( 'NONE',  ( 0.06652272865890904163, 0.9296736111095437183, 0.2195347696820334760 ) ) ;
#2589 = VERTEX_POINT ( 'NONE', #2487 ) ;
#2590 = CARTESIAN_POINT ( 'NONE',  ( -0.03445197127689828692, 1.003136392478007455, 0.2625244859960402799 ) ) ;
#2591 = SURFACE_SIDE_STYLE ('',( #5638 ) ) ;
#2592 = DIRECTION ( 'NONE',  ( 0.000000000000000000, 0.000000000000000000, -1.000000000000000000 ) ) ;
#2593 = EDGE_CURVE ( 'NONE', #1140, #3971, #1411, .T. ) ;
#2594 = CARTESIAN_POINT ( 'NONE',  ( 0.05636503691988434261, 0.9452680487776391471, -0.2213853327832794593 ) ) ;
#2595 = CARTESIAN_POINT ( 'NONE',  ( -0.2004529838822604604, 0.9328285109053523483, -0.1763107117191992090 ) ) ;
#2596 = CARTESIAN_POINT ( 'NONE',  ( 0.2618577018952658042, 1.129326388888771016, 0.02587099749400776846 ) ) ;
#2597 = CARTESIAN_POINT ( 'NONE',  ( -0.2098196101048449558, 0.6631928313338242287, -0.2194972504465846908 ) ) ;
#2598 =( NAMED_UNIT ( * ) SI_UNIT ( $, .STERADIAN. ) SOLID_ANGLE_UNIT ( ) );
#2599 = CARTESIAN_POINT ( 'NONE',  ( -0.2181604792111653535, 1.080767185813881204, -0.07489350292917393292 ) ) ;
#2600 = CARTESIAN_POINT ( 'NONE',  ( -0.2165827222414460351, 1.019951388888112431, 0.06577658739721170544 ) ) ;
#2601 = CARTESIAN_POINT ( 'NONE',  ( -0.1683242211564650870, 0.9061069567442716632, 0.1730468764373783719 ) ) ;
#2602 = CARTESIAN_POINT ( 'NONE',  ( 0.2949999999999999289, 0.7906516627442732315, 0.1703183294109396617 ) ) ;
#2603 = DIRECTION ( 'NONE',  ( 0.000000000000000000, 0.000000000000000000, -1.000000000000000000 ) ) ;
#2604 = EDGE_CURVE ( 'NONE', #2944, #2241, #1087, .T. ) ;
#2605 = CARTESIAN_POINT ( 'NONE',  ( 0.2269665160944790427, 0.8593611111092153143, -0.1515544190458340823 ) ) ;
#2606 = CARTESIAN_POINT ( 'NONE',  ( 0.01722900996867109472, 1.004866775639598586, 0.2641518444544233013 ) ) ;
#2607 = B_SPLINE_CURVE_WITH_KNOTS ( 'NONE', 3,
 ( #5766, #5737, #5253, #5705, #1216, #4680, #5217, #775, #2320, #1783, #2751, #210, #6171, #1183, #804, #4715, #276, #2251, #4214, #1746, #1279, #6312, #4287, #1817, #4747, #311, #4252, #5150, #6276, #3384, #3313, #5427, #3912, #5854, #3356, #1370, #3790, #4851, #2481, #952, #895, #5359, #5950, #2353, #4875, #1913, #2874, #3851, #1470, #414, #6371, #5886, #6338, #380, #2903, #5922, #2932, #3441, #3411, #2842, #4912, #4942, #5826, #5325, #2380, #1941, #1848, #444, #4353, #1881, #3886, #1402, #5395, #2417, #923, #4446, #4387, #6407, #5472, #1436, #479, #2452, #518, #4417, #6441, #989, #2968, #11, #1339, #866, #4817, #4322, #2586, #1495, #610, #3501, #4971, #5608, #5042, #2513, #6015, #6104, #4523, #5635, #3474, #542, #576, #2112, #5505, #671, #1597, #80 ),
 .UNSPECIFIED., .F., .F.,
 ( 4, 2, 2, 2, 2, 2, 2, 2, 2, 2, 2, 2, 2, 2, 2, 2, 2, 2, 2, 2, 2, 2, 2, 2, 2, 2, 2, 2, 2, 2, 2, 2, 2, 2, 2, 2, 2, 2, 2, 2, 2, 2, 2, 2, 2, 2, 2, 2, 2, 2, 2, 2, 2, 2, 2, 4 ),
 ( 0.1025589409897430249, 0.1093750000000000000, 0.1171875000000000000, 0.1250000000000000000, 0.1328125000000000000, 0.1406250000000000000, 0.1484375000000000000, 0.1562500000000000000, 0.1640625000000000000, 0.1718750000000000000, 0.1796875000000000000, 0.1875000000000000000, 0.1953125000000000000, 0.2031250000000000000, 0.2109375000000000000, 0.2187500000000000000, 0.2265625000000000000, 0.2343750000000000000, 0.2421875000000000000, 0.2500000000000000000, 0.2578125000000000000, 0.2656250000000000000, 0.2734375000000000000, 0.2812500000000000000, 0.2890625000000000000, 0.2968750000000000000, 0.3046875000000000000, 0.3125000000000000000, 0.3203125000000000000, 0.3281250000000000000, 0.3359375000000000000, 0.3437500000000000000, 0.3515625000000000000, 0.3593750000000000000, 0.3671875000000000000, 0.3750000000000000000, 0.3828125000000000000, 0.3906250000000000000, 0.3984375000000000000, 0.4062500000000000000, 0.4140625000000000000, 0.4218749999999998890, 0.4296875000000000000, 0.4375000000000000000, 0.4453125000000000000, 0.4531250000000000000, 0.4609375000000000000, 0.4687500000000000000, 0.4765625000000000000, 0.4843750000000000000, 0.4921874999999998890, 0.5000000000000000000, 0.5078125000000000000, 0.5156250000000000000, 0.5234375000000000000, 0.5234866387065896243 ),
 .UNSPECIFIED. ) ;
#2608 = FILL_AREA_STYLE_COLOUR ( '', #3132 ) ;
#2609 = ORIENTED_EDGE ( 'NONE', *, *, #497, .T. ) ;
#2610 = EDGE_CURVE ( 'NONE', #294, #1525, #5014, .T. ) ;
#2611 = CARTESIAN_POINT ( 'NONE',  ( 0.1796338928634402254, 0.8289791666643592238, -0.1473308901710292385 ) ) ;
#2612 = VERTEX_POINT ( 'NONE', #3003 ) ;
#2613 = PRESENTATION_LAYER_ASSIGNMENT (  '', '', ( #4355 ) ) ;
#2614 = DIRECTION ( 'NONE',  ( 0.000000000000000000, 0.000000000000000000, 1.000000000000000000 ) ) ;
#2615 = CARTESIAN_POINT ( 'NONE',  ( -0.2527211737194324237, 0.9319428701504320900, -0.08610934509376814983 ) ) ;
#2616 = CARTESIAN_POINT ( 'NONE',  ( 0.1093990654275266150, 0.8393958333311432041, -0.2048313399987001238 ) ) ;
#2617 = CARTESIAN_POINT ( 'NONE',  ( 0.000000000000000000, 1.092000000000000082, 0.000000000000000000 ) ) ;
#2618 = DIRECTION ( 'NONE',  ( 0.000000000000000000, 0.000000000000000000, -1.000000000000000000 ) ) ;
#2619 = MECHANICAL_DESIGN_GEOMETRIC_PRESENTATION_REPRESENTATION (  '', ( #1462 ), #3125 ) ;
#2620 = PRESENTATION_LAYER_ASSIGNMENT (  '', '', ( #2817 ) ) ;
#2621 = AXIS2_PLACEMENT_3D ( 'NONE', #2490, #1033, #3575 ) ;
#2622 = CARTESIAN_POINT ( 'NONE',  ( 0.1608314499724035340, 0.9895694444432910908, 0.1609286205070023512 ) ) ;
#2623 = ORIENTED_EDGE ( 'NONE', *, *, #5390, .T. ) ;
#2624 = CARTESIAN_POINT ( 'NONE',  ( 0.000000000000000000, 0.2459999999999999964, 0.7017244094488189754 ) ) ;
#2625 =( NAMED_UNIT ( * ) SI_UNIT ( $, .STERADIAN. ) SOLID_ANGLE_UNIT ( ) );
#2626 = DIRECTION ( 'NONE',  ( 1.000000000000000000, 0.000000000000000000, 0.000000000000000000 ) ) ;
#2627 = COLOUR_RGB ( '',0.1019607843137254888, 0.1019607843137254888, 0.1019607843137254888 ) ;
#2628 = CARTESIAN_POINT ( 'NONE',  ( 0.2203391950271345323, 0.9273925533810662980, 0.08061797378884089094 ) ) ;
#2629 =( GEOMETRIC_REPRESENTATION_CONTEXT ( 3 ) GLOBAL_UNCERTAINTY_ASSIGNED_CONTEXT ( ( #5524 ) ) GLOBAL_UNIT_ASSIGNED_CONTEXT ( ( #375, #3844, #6335 ) ) REPRESENTATION_CONTEXT ( 'NONE', 'WORKASPACE' ) );
#2630 = B_SPLINE_CURVE_WITH_KNOTS ( 'NONE', 3,
 ( #825, #333, #267, #4209, #2311, #4281, #2715, #2774, #4742, #5141, #3750, #4242, #4672, #6267, #703, #4177, #3690, #205, #1807, #767, #5819, #2688, #6163, #5790, #3659, #2747, #4709, #2244, #6234, #5698, #1211, #3187, #5177, #734, #5912, #979, #1459, #4347, #3840, #3877, #4903, #4805, #2346, #4869, #3904, #1330, #3815, #436, #5942, #5388, #2959, #2895, #5845, #1903, #2865, #4410, #3430, #5460, #2407, #4377, #509, #1428, #1869, #1360, #3403, #855, #6399, #4844, #4315, #472, #5421, #1841, #5353, #2473, #1934, #6332, #3306, #5316, #2833, #946, #4933, #3342, #2926, #4437, #370, #407, #2443, #3, #1961, #5877, #6432, #3936, #884, #2373, #6361, #1392, #3377, #915, #2503, #3050, #2099, #6007, #4472, #661, #3117, #4988, #3084, #2541, #3590, #1016, #1619, #5977 ),
 .UNSPECIFIED., .F., .F.,
 ( 4, 2, 2, 2, 2, 2, 2, 2, 2, 2, 2, 2, 2, 2, 2, 2, 2, 2, 2, 2, 2, 2, 2, 2, 2, 2, 2, 2, 2, 2, 2, 2, 2, 2, 2, 2, 2, 2, 2, 2, 2, 2, 2, 2, 2, 2, 2, 2, 2, 2, 2, 2, 2, 2, 2, 4 ),
 ( 0.08108913864338818112, 0.08593750000000000000, 0.09375000000000000000, 0.1015625000000000000, 0.1093750000000000000, 0.1171875000000000000, 0.1250000000000000000, 0.1328125000000000000, 0.1406250000000000000, 0.1484375000000000000, 0.1562500000000000000, 0.1640625000000000000, 0.1718750000000000000, 0.1796875000000000000, 0.1875000000000000000, 0.1953125000000000000, 0.2031250000000000000, 0.2109375000000000000, 0.2187500000000000000, 0.2265625000000000000, 0.2343750000000000278, 0.2421875000000000000, 0.2500000000000000000, 0.2578125000000000000, 0.2656250000000000000, 0.2734375000000000000, 0.2812500000000000000, 0.2890625000000000000, 0.2968750000000000000, 0.3046875000000000000, 0.3125000000000000000, 0.3203125000000000000, 0.3281250000000000000, 0.3359375000000000000, 0.3437500000000000000, 0.3515625000000000000, 0.3593750000000000000, 0.3671875000000000000, 0.3750000000000000000, 0.3828125000000000000, 0.3906250000000000000, 0.3984375000000000000, 0.4062500000000000000, 0.4140625000000000000, 0.4218750000000000000, 0.4296875000000000000, 0.4375000000000000000, 0.4453125000000000000, 0.4531250000000000000, 0.4609375000000000000, 0.4687500000000000000, 0.4765625000000000000, 0.4843750000000000000, 0.4921875000000000000, 0.5000000000000000000, 0.5004438102068018424 ),
 .UNSPECIFIED. ) ;
#2631 = CARTESIAN_POINT ( 'NONE',  ( 0.08585940121008579784, 0.9224219336663325164, -0.2526719808668180245 ) ) ;
#2632 = CARTESIAN_POINT ( 'NONE',  ( 0.01258765035082482636, 1.086897666496123405, 0.2235794329428580918 ) ) ;
#2633 = CARTESIAN_POINT ( 'NONE',  ( 0.04419768032402609376, 1.001722222221237857, -0.2225750444953782103 ) ) ;
#2634 = AXIS2_PLACEMENT_3D ( 'NONE', #4033, #6126, #5567 ) ;
#2635 = CARTESIAN_POINT ( 'NONE',  ( -0.2411512179744082218, 0.8991047548098141107, 0.03501258359275560145 ) ) ;
#2636 =( CONVERSION_BASED_UNIT ( 'INCH', #622 ) LENGTH_UNIT ( ) NAMED_UNIT ( #2011 ) );
#2637 = CARTESIAN_POINT ( 'NONE',  ( 0.1036315067790509886, 0.9201249999986289563, -0.2504175782838977682 ) ) ;
#2638 = CARTESIAN_POINT ( 'NONE',  ( 0.2240342093748088903, 1.013247810341190824, 0.1397176533789588060 ) ) ;
#2639 = CIRCLE ( 'NONE', #2837, 0.2949999999999999845 ) ;
#2640 = EDGE_CURVE ( 'NONE', #5678, #2326, #2711, .T. ) ;
#2641 = CARTESIAN_POINT ( 'NONE',  ( -0.2611917773033956558, 1.049186761199179196, -0.03351548797065041774 ) ) ;
#2642 = CARTESIAN_POINT ( 'NONE',  ( 0.1170136539316505020, 1.028006062040841551, -0.2366508674616132901 ) ) ;
#2643 = EDGE_LOOP ( 'NONE', ( #2941, #5541, #5830, #1900 ) ) ;
#2644 = CARTESIAN_POINT ( 'NONE',  ( 0.2459999999999999964, 0.2459999999999999964, -0.5032890738579166579 ) ) ;
#2645 = CARTESIAN_POINT ( 'NONE',  ( 0.1581630610092564226, 1.114569444444419410, -0.1580676244904417882 ) ) ;
#2646 = MECHANICAL_DESIGN_GEOMETRIC_PRESENTATION_REPRESENTATION (  '', ( #4698 ), #5234 ) ;
#2647 = CARTESIAN_POINT ( 'NONE',  ( 0.2147420825261484589, 0.8263749999976437444, -0.08887305297304533280 ) ) ;
#2648 = EDGE_LOOP ( 'NONE', ( #3318, #3874, #2136, #3452 ) ) ;
#2649 = SURFACE_STYLE_FILL_AREA ( #4071 ) ;
#2650 = CARTESIAN_POINT ( 'NONE',  ( -0.02668248692520259341, 0.8671736111089157761, -0.2700167872487604370 ) ) ;
#2651 = SURFACE_SIDE_STYLE ('',( #340 ) ) ;
#2652 = CARTESIAN_POINT ( 'NONE',  ( -0.2709311943656913524, 0.7986745979557188235, 0.1842144608229804859 ) ) ;
#2653 = CARTESIAN_POINT ( 'NONE',  ( -0.2577712819419850088, 0.9325159570338954484, -0.06950610208950930291 ) ) ;
#2654 = FILL_AREA_STYLE ('',( #1633 ) ) ;
#2655 = CARTESIAN_POINT ( 'NONE',  ( -0.2215709251678597558, 0.8602291666645973667, 0.06729145059106651783 ) ) ;
#2656 = CARTESIAN_POINT ( 'NONE',  ( 0.2147850072264569921, 0.9444923454837500509, -0.07893197508783526828 ) ) ;
#2657 = DIRECTION ( 'NONE',  ( -0.000000000000000000, -0.000000000000000000, 1.000000000000000000 ) ) ;
#2658 = DIMENSIONAL_EXPONENTS ( 1.000000000000000000, 0.000000000000000000, 0.000000000000000000, 0.000000000000000000, 0.000000000000000000, 0.000000000000000000, 0.000000000000000000 ) ;
#2659 = CONICAL_SURFACE ( 'NONE', #4174, 0.2699999999999996292, 0.03111922056305896356 ) ;
#2660 = CARTESIAN_POINT ( 'NONE',  ( 2.674790579993294231E-17, 1.092000000000000082, 0.2184132259077137539 ) ) ;
#2661 = FILL_AREA_STYLE_COLOUR ( '', #1174 ) ;
#2662 = LENGTH_MEASURE_WITH_UNIT ( LENGTH_MEASURE( 0.02539999999999999897 ), #4623 );
#2663 = AXIS2_PLACEMENT_3D ( 'NONE', #197, #5896, #4334 ) ;
#2664 = CARTESIAN_POINT ( 'NONE',  ( 0.2708709507674939010, 0.7986946791551274849, 0.1842492424806166929 ) ) ;
#2665 = CARTESIAN_POINT ( 'NONE',  ( 0.08518038989515494541, 0.8121821686661759854, 0.2914577377862341834 ) ) ;
#2666 = CARTESIAN_POINT ( 'NONE',  ( -0.2342553602465775042, 1.051201388888224564, 0.1251206565410778460 ) ) ;
#2667 = MECHANICAL_DESIGN_GEOMETRIC_PRESENTATION_REPRESENTATION (  '', ( #896 ), #2342 ) ;
#2668 = CARTESIAN_POINT ( 'NONE',  ( 0.1279993675589290725, 0.8871388888870188616, -0.1916994557297087287 ) ) ;
#2669 = PRESENTATION_LAYER_ASSIGNMENT (  '', '', ( #3272 ) ) ;
#2670 = LINE ( 'NONE', #4630, #2567 ) ;
#2671 = LENGTH_MEASURE_WITH_UNIT ( LENGTH_MEASURE( 0.02539999999999999897 ), #1152 );
#2672 = CARTESIAN_POINT ( 'NONE',  ( 0.000000000000000000, 0.2459999999999999964, 0.000000000000000000 ) ) ;
#2673 = CARTESIAN_POINT ( 'NONE',  ( -0.1800175540839580590, 0.8910618075035959817, 0.2001166525813359298 ) ) ;
#2674 = CARTESIAN_POINT ( 'NONE',  ( -0.2118576851215794865, 0.8202986111089538568, -0.1739749073373525190 ) ) ;
#2675 = CARTESIAN_POINT ( 'NONE',  ( 0.2603350098574189198, 1.016721566263330212, 0.04337695069871959352 ) ) ;
#2676 = VECTOR ( 'NONE', #470, 39.37007874015748143 ) ;
#2677 = VERTEX_POINT ( 'NONE', #3098 ) ;
#2678 = CARTESIAN_POINT ( 'NONE',  ( -0.1854999999999999150, 0.2459999999999999964, 0.000000000000000000 ) ) ;
#2679 = FACE_OUTER_BOUND ( 'NONE', #6065, .T. ) ;
#2680 = CARTESIAN_POINT ( 'NONE',  ( 0.2648645487964124690, 1.075506944444308166, 0.02616809818860970152 ) ) ;
#2681 = EDGE_CURVE ( 'NONE', #3730, #1299, #6187, .T. ) ;
#2682 = CARTESIAN_POINT ( 'NONE',  ( -0.2949999999999999845, 0.6847233372557268716, -0.1703183294109396340 ) ) ;
#2683 = CARTESIAN_POINT ( 'NONE',  ( 8.245844923478100959E-05, 0.8663055555533220042, -0.2713595955782613922 ) ) ;
#2684 = DIMENSIONAL_EXPONENTS ( 1.000000000000000000, 0.000000000000000000, 0.000000000000000000, 0.000000000000000000, 0.000000000000000000, 0.000000000000000000, 0.000000000000000000 ) ;
#2685 = CARTESIAN_POINT ( 'NONE',  ( 0.2637535356345984128, 0.9614552806264839990, 0.03504848564607794537 ) ) ;
#2686 = DIRECTION ( 'NONE',  ( -1.000000000000000000, 0.000000000000000000, 0.000000000000000000 ) ) ;
#2687 = CARTESIAN_POINT ( 'NONE',  ( -0.2059809305401759383, 0.7977291666640980994, -0.1100130709401138107 ) ) ;
#2688 = CARTESIAN_POINT ( 'NONE',  ( -0.06539787159230499303, 1.061618055555192841, -0.2153356715134709387 ) ) ;
#2689 = FACE_OUTER_BOUND ( 'NONE', #4454, .T. ) ;
#2690 =( NAMED_UNIT ( * ) SI_UNIT ( $, .STERADIAN. ) SOLID_ANGLE_UNIT ( ) );
#2691 = CARTESIAN_POINT ( 'NONE',  ( 0.1431984823848659050, 1.037312499999329507, 0.1745953181270818999 ) ) ;
#2692 = ADVANCED_FACE ( 'NONE', ( #6110 ), #1618, .T. ) ;
#2693 = DIRECTION ( 'NONE',  ( 8.924803199086206459E-17, -0.6847633651394248178, 0.7287654861222029323 ) ) ;
#2694 = CARTESIAN_POINT ( 'NONE',  ( 0.2321288121826899919, 0.8966257325956946689, -0.07674236498038315701 ) ) ;
#2695 = FILL_AREA_STYLE_COLOUR ( '', #5099 ) ;
#2696 = CARTESIAN_POINT ( 'NONE',  ( 0.2059742018504117089, 1.025159722221249625, -0.1689340028467235799 ) ) ;
#2697 = CARTESIAN_POINT ( 'NONE',  ( 0.2130805864584053577, 0.8819305555536733898, -0.08834202423946961591 ) ) ;
#2698 = ORIENTED_EDGE ( 'NONE', *, *, #4605, .F. ) ;
#2699 = LENGTH_MEASURE_WITH_UNIT ( LENGTH_MEASURE( 0.02539999999999999897 ), #6086 );
#2700 = LINE ( 'NONE', #3136, #1714 ) ;
#2701 = FILL_AREA_STYLE ('',( #5123 ) ) ;
#2702 = FILL_AREA_STYLE ('',( #3139 ) ) ;
#2703 = FACE_BOUND ( 'NONE', #5450, .T. ) ;
#2704 = CARTESIAN_POINT ( 'NONE',  ( -0.1046282454416869734, 0.8367916666646488810, 0.2528260543115875558 ) ) ;
#2705 = CARTESIAN_POINT ( 'NONE',  ( 0.1608374556218480633, 1.010069130955246530, 0.2100406494045744255 ) ) ;
#2706 = UNCERTAINTY_MEASURE_WITH_UNIT (LENGTH_MEASURE( 1.000000000000000082E-05 ), #4771, 'distance_accuracy_value', 'NONE');
#2707 = CARTESIAN_POINT ( 'NONE',  ( -0.02230757241891773851, 1.011270833332499786, -0.2257398863822900337 ) ) ;
#2708 = FILL_AREA_STYLE ('',( #6165 ) ) ;
#2709 = CARTESIAN_POINT ( 'NONE',  ( 0.000000000000000000, 0.000000000000000000, 0.000000000000000000 ) ) ;
#2710 = CARTESIAN_POINT ( 'NONE',  ( 0.1698393401624923027, 1.028631944443923807, -0.2068217032193088722 ) ) ;
#2711 = B_SPLINE_CURVE_WITH_KNOTS ( 'NONE', 3,
 ( #6415, #5993, #5927, #1032, #3417, #5437, #4455, #2942, #4919, #4977, #549, #487, #2459, #5959, #2116, #3627, #5578, #6022, #3161, #6047, #1536, #676, #5076, #3508, #3542, #644, #2149, #1564, #152, #5147, #4621, #2046, #4122, #5007, #1120, #4592, #6080, #5049, #3988, #5542, #2590, #5615, #1057 ),
 .UNSPECIFIED., .F., .F.,
 ( 4, 2, 2, 2, 2, 2, 2, 2, 2, 1, 2, 2, 2, 2, 2, 2, 2, 2, 2, 2, 2, 4 ),
 ( 0.1220596710691172204, 0.1233737252036842674, 0.1246877793382513283, 0.1253448064055348588, 0.1260018334728183753, 0.1273158876073854084, 0.1286299417419524693, 0.1299439958765195025, 0.1306010229438030468, 0.1312580500110865633, 0.1319150770783700799, 0.1325721041456536242, 0.1338861582802206573, 0.1352002124147877182, 0.1365142665493547514, 0.1371712936166382957, 0.1378283206839218122, 0.1391423748184888454, 0.1404564289530559063, 0.1411134560203394228, 0.1417704830876229671, 0.1430845372221900003 ),
 .UNSPECIFIED. ) ;
#2712 = CARTESIAN_POINT ( 'NONE',  ( -0.1276449661124779422, 0.8897430555534284746, 0.2386324990506019650 ) ) ;
#2713 = CARTESIAN_POINT ( 'NONE',  ( 0.2654799171186681961, 0.9631861041638045684, -0.01689064517477310498 ) ) ;
#2714 = CARTESIAN_POINT ( 'NONE',  ( -0.1927833276000190943, 0.8524166666645980328, -0.1287230960707310412 ) ) ;
#2715 = CARTESIAN_POINT ( 'NONE',  ( -0.1247392934730521402, 1.081583333333033359, 0.1865636180057448357 ) ) ;
#2716 = CARTESIAN_POINT ( 'NONE',  ( -0.1884478400667038422, 1.012138888888063581, -0.1258281821326781846 ) ) ;
#2717 = FACE_OUTER_BOUND ( 'NONE', #1697, .T. ) ;
#2718 = EDGE_CURVE ( 'NONE', #5812, #1236, #5109, .T. ) ;
#2719 = CARTESIAN_POINT ( 'NONE',  ( -0.2292159334777519875, 0.9993771096338124327, 0.1319151477481532164 ) ) ;
#2720 =( LENGTH_UNIT ( ) NAMED_UNIT ( * ) SI_UNIT ( $, .METRE. ) );
#2721 = CARTESIAN_POINT ( 'NONE',  ( -0.1474999999999999645, 0.8170000000000000595, 0.2554774941164094093 ) ) ;
#2722 = B_SPLINE_CURVE_WITH_KNOTS ( 'NONE', 3,
 ( #1691, #2664, #3569, #6305, #139, #4342 ),
 .UNSPECIFIED., .F., .F.,
 ( 4, 2, 4 ),
 ( 2.380732032311537418E-07, 0.002188883224565559265, 0.004377528375927887232 ),
 .UNSPECIFIED. ) ;
#2723 = FILL_AREA_STYLE ('',( #2695 ) ) ;
#2724 =( GEOMETRIC_REPRESENTATION_CONTEXT ( 3 ) GLOBAL_UNCERTAINTY_ASSIGNED_CONTEXT ( ( #2765 ) ) GLOBAL_UNIT_ASSIGNED_CONTEXT ( ( #2887, #2394, #6387 ) ) REPRESENTATION_CONTEXT ( 'NONE', 'WORKASPACE' ) );
#2725 = CARTESIAN_POINT ( 'NONE',  ( 0.2351848834224240237, 1.014743055554489182, 0.1258007868675347085 ) ) ;
#2726 = CARTESIAN_POINT ( 'NONE',  ( -0.2042066147154317501, 0.8550208333311983822, 0.1090713809509228915 ) ) ;
#2727 = VERTEX_POINT ( 'NONE', #58 ) ;
#2728 = CARTESIAN_POINT ( 'NONE',  ( 0.2123217682579896237, 0.9056296691918478414, 0.1632206428559528077 ) ) ;
#2729 = FACE_OUTER_BOUND ( 'NONE', #3388, .T. ) ;
#2730 = VERTEX_POINT ( 'NONE', #2017 ) ;
#2731 = CARTESIAN_POINT ( 'NONE',  ( -0.02239314253213798775, 0.9748124999988830863, 0.2266596105348478718 ) ) ;
#2732 = CARTESIAN_POINT ( 'NONE',  ( -0.2950000000000000400, 0.7986032546658728970, 0.1427732069924096958 ) ) ;
#2733 = CARTESIAN_POINT ( 'NONE',  ( 0.07946435377683144785, 0.8864444444449998128, 0.2381354491825193875 ) ) ;
#2734 = AXIS2_PLACEMENT_3D ( 'NONE', #967, #3488, #559 ) ;
#2735 = CARTESIAN_POINT ( 'NONE',  ( -0.1054524957360841037, 0.7812361111086125742, 0.2543660940289936834 ) ) ;
#2736 = DIRECTION ( 'NONE',  ( 1.000000000000000000, 0.000000000000000000, 0.000000000000000000 ) ) ;
#2737 = AXIS2_PLACEMENT_3D ( 'NONE', #4889, #4831, #5933 ) ;
#2738 = CARTESIAN_POINT ( 'NONE',  ( 0.06594526357977072151, 1.007798611110266807, -0.2171563175966801373 ) ) ;
#2739 = CIRCLE ( 'NONE', #1479, 0.1820000000000000229 ) ;
#2740 =( NAMED_UNIT ( * ) PLANE_ANGLE_UNIT ( ) SI_UNIT ( $, .RADIAN. ) );
#2741 = ORIENTED_EDGE ( 'NONE', *, *, #918, .F. ) ;
#2742 = CARTESIAN_POINT ( 'NONE',  ( 0.1992599999999998539, 0.2459999999999999964, 0.7418818897637794452 ) ) ;
#2743 = CARTESIAN_POINT ( 'NONE',  ( 0.2563848028106416321, 1.018215277777211103, 0.07785852986752696270 ) ) ;
#2744 = VECTOR ( 'NONE', #4461, 39.37007874015748143 ) ;
#2745 = CARTESIAN_POINT ( 'NONE',  ( -0.2235925944020678291, 1.080715277777425598, 0.02195380441449039724 ) ) ;
#2746 = VERTEX_POINT ( 'NONE', #829 ) ;
#2747 = CARTESIAN_POINT ( 'NONE',  ( 0.06530498795981827531, 1.056409722221758107, -0.2155340890716203051 ) ) ;
#2748 = CARTESIAN_POINT ( 'NONE',  ( -0.2464987907588998550, 1.042724928090635661, -0.09438903205739727909 ) ) ;
#2749 = CARTESIAN_POINT ( 'NONE',  ( -0.2640469918535778837, 0.9941737679123516802, -0.01752365724604715291 ) ) ;
#2750 = CARTESIAN_POINT ( 'NONE',  ( 0.09755310424177604522, 0.8144888591009028511, -0.2843143478276061731 ) ) ;
#2751 = CARTESIAN_POINT ( 'NONE',  ( -0.1982509786679079455, 1.075506944444103441, -0.1060443093311180252 ) ) ;
#2752 = CIRCLE ( 'NONE', #2542, 0.2459999999999999964 ) ;
#2753 = EDGE_CURVE ( 'NONE', #4639, #582, #6202, .T. ) ;
#2754 = CARTESIAN_POINT ( 'NONE',  ( -0.2543729547927364165, 1.044256944443642698, -0.07707332967849730987 ) ) ;
#2755 = CARTESIAN_POINT ( 'NONE',  ( -0.1287880860010761630, 0.8419999999977894056, -0.1928711491594834460 ) ) ;
#2756 = EDGE_LOOP ( 'NONE', ( #103, #4192, #2267, #2500 ) ) ;
#2757 = STYLED_ITEM ( 'NONE', ( #5712 ), #3137 ) ;
#2758 = ORIENTED_EDGE ( 'NONE', *, *, #3443, .T. ) ;
#2759 = DIRECTION ( 'NONE',  ( 1.000000000000000000, 0.000000000000000000, 0.000000000000000000 ) ) ;
#2760 = CARTESIAN_POINT ( 'NONE',  ( -0.01687298934197367997, 0.8864444444449998128, 0.2568213957916866130 ) ) ;
#2761 = CARTESIAN_POINT ( 'NONE',  ( -0.2293120411596117625, 0.7656111111084954457, -0.1533222718473606083 ) ) ;
#2762 = LENGTH_MEASURE_WITH_UNIT ( LENGTH_MEASURE( 0.02539999999999999897 ), #6252 );
#2763 = EDGE_CURVE ( 'NONE', #2612, #6210, #3576, .T. ) ;
#2764 = AXIS2_PLACEMENT_3D ( 'NONE', #5827, #368, #1301 ) ;
#2765 = UNCERTAINTY_MEASURE_WITH_UNIT (LENGTH_MEASURE( 1.000000000000000082E-05 ), #2887, 'distance_accuracy_value', 'NONE');
#2766 = CARTESIAN_POINT ( 'NONE',  ( 0.1854999999999998317, 0.2459999999999999964, 0.000000000000000000 ) ) ;
#2767 = CARTESIAN_POINT ( 'NONE',  ( -0.2238533704445410666, 0.9669999999987599626, -0.04445153847694904153 ) ) ;
#2768 = ORIENTED_EDGE ( 'NONE', *, *, #3905, .F. ) ;
#2769 =( GEOMETRIC_REPRESENTATION_CONTEXT ( 3 ) GLOBAL_UNCERTAINTY_ASSIGNED_CONTEXT ( ( #5841 ) ) GLOBAL_UNIT_ASSIGNED_CONTEXT ( ( #4723, #2286, #4331 ) ) REPRESENTATION_CONTEXT ( 'NONE', 'WORKASPACE' ) );
#2770 = CARTESIAN_POINT ( 'NONE',  ( 0.2459386176377659217, 1.072902777777630101, 0.1019586240133792121 ) ) ;
#2771 = CARTESIAN_POINT ( 'NONE',  ( -0.1302279603419266019, 0.8151481485202131116, -0.2396993453535501417 ) ) ;
#2772 = VERTEX_POINT ( 'NONE', #3661 ) ;
#2773 = DIRECTION ( 'NONE',  ( -0.000000000000000000, -0.000000000000000000, 1.000000000000000000 ) ) ;
#2774 = CARTESIAN_POINT ( 'NONE',  ( -0.1586777065321572089, 1.079847222221924641, 0.1587809957121704141 ) ) ;
#2775 = CARTESIAN_POINT ( 'NONE',  ( -0.2625970333506441046, 1.045395013396056338, -0.01677558210027267974 ) ) ;
#2776 = CARTESIAN_POINT ( 'NONE',  ( -0.1081710544027555398, 0.9227291666650788704, 0.2025321589184196358 ) ) ;
#2777 = CARTESIAN_POINT ( 'NONE',  ( -0.03479746434284976264, 0.9820356160207712737, -0.2631338787808942814 ) ) ;
#2778 = DIRECTION ( 'NONE',  ( 0.000000000000000000, -1.000000000000000000, 0.000000000000000000 ) ) ;
#2779 = DIRECTION ( 'NONE',  ( 1.000000000000000000, 0.000000000000000000, 0.000000000000000000 ) ) ;
#2780 = CARTESIAN_POINT ( 'NONE',  ( 0.2635319233148090690, 1.075506944443952229, -0.02604173012959843173 ) ) ;
#2781 = CARTESIAN_POINT ( 'NONE',  ( -0.1927833276119160222, 0.8454722222200116155, -0.1287230960439517957 ) ) ;
#2782 = EDGE_LOOP ( 'NONE', ( #4786, #932 ) ) ;
#2783 = CARTESIAN_POINT ( 'NONE',  ( 0.1184561075538066582, 0.9015895357690321132, 0.2403384653131211135 ) ) ;
#2785 = EDGE_CURVE ( 'NONE', #3259, #1018, #4390, .T. ) ;
#2784 = ORIENTED_EDGE ( 'NONE', *, *, #3265, .F. ) ;
#2786 = FILL_AREA_STYLE_COLOUR ( '', #3243 ) ;
#2787 = CARTESIAN_POINT ( 'NONE',  ( 0.07973296672320366596, 1.071965628656439629, -0.2262335996799867965 ) ) ;
#2788 = CARTESIAN_POINT ( 'NONE',  ( 0.2123413053897008351, 0.8046736111088313992, -0.1741560089948539503 ) ) ;
#2789 = CARTESIAN_POINT ( 'NONE',  ( -3.734948428837859792E-17, 1.036427078905465038, -0.2631693952590506980 ) ) ;
#2790 = B_SPLINE_CURVE_WITH_KNOTS ( 'NONE', 3,
 ( #1870, #1393, #916, #1905, #5913, #5521, #1036, #4632, #3173, #5058, #2601, #620, #3045, #4058, #1699, #195, #126, #4565, #2635, #5716, #3109, #1153, #2089, #5085, #5159, #6089, #5621, #653, #5586, #6055, #2127, #5124 ),
 .UNSPECIFIED., .F., .F.,
 ( 4, 2, 2, 2, 2, 2, 2, 2, 2, 2, 2, 2, 2, 2, 2, 4 ),
 ( 0.01842398792587329054, 0.01942804039346755079, 0.02043209286106181105, 0.02143614532865607131, 0.02244019779625033156, 0.02344425026384459182, 0.02444830273143885208, 0.02545235519903311233, 0.02645640766662737259, 0.02746046013422163284, 0.02846451260181589310, 0.02946856506941015336, 0.03047261753700441361, 0.03147667000459867387, 0.03248072247219293412, 0.03448882740738145464 ),
 .UNSPECIFIED. ) ;
#2791 = FACE_BOUND ( 'NONE', #4847, .T. ) ;
#2792 = CARTESIAN_POINT ( 'NONE',  ( 0.2228657896974893526, 0.9982499999989971062, -0.04440611468187996569 ) ) ;
#2794 = ADVANCED_FACE ( 'NONE', ( #1308 ), #6192, .T. ) ;
#2793 = VERTEX_POINT ( 'NONE', #5796 ) ;
#2795 = CARTESIAN_POINT ( 'NONE',  ( 0.000000000000000000, -3.937007874047004035E-05, 0.000000000000000000 ) ) ;
#2796 = CARTESIAN_POINT ( 'NONE',  ( -0.1738844677691630813, 1.066826388888435950, -0.1426086463534048387 ) ) ;
#2797 =( CONVERSION_BASED_UNIT ( 'INCH', #3331 ) LENGTH_UNIT ( ) NAMED_UNIT ( #2533 ) );
#2798 = CARTESIAN_POINT ( 'NONE',  ( 0.1016380294559440373, 1.086791666666618417, -0.2456006262342081692 ) ) ;
#2799 = CARTESIAN_POINT ( 'NONE',  ( -0.1738844677532606908, 1.073770833332979624, -0.1426086463800684268 ) ) ;
#2800 = ORIENTED_EDGE ( 'NONE', *, *, #2114, .F. ) ;
#2801 = CARTESIAN_POINT ( 'NONE',  ( 0.2514458288282946929, 0.9597162581989224783, 0.08585931274664856949 ) ) ;
#2802 = CARTESIAN_POINT ( 'NONE',  ( 0.000000000000000000, 0.8170000000000000595, 0.000000000000000000 ) ) ;
#2803 = CARTESIAN_POINT ( 'NONE',  ( -0.2375678110165884149, 1.041967109656076529, -0.1150964146040710373 ) ) ;
#2804 = CARTESIAN_POINT ( 'NONE',  ( 0.2229738437481450508, 0.9878333333321817067, 0.04442225905175074124 ) ) ;
#2805 = CARTESIAN_POINT ( 'NONE',  ( -0.06841494576780449144, 1.006336206976979453, 0.2552384261013460054 ) ) ;
#2806 = DIRECTION ( 'NONE',  ( -0.000000000000000000, -0.000000000000000000, 1.000000000000000000 ) ) ;
#2807 = CARTESIAN_POINT ( 'NONE',  ( 0.2393151840007774478, 0.8958029353863209421, -0.05130323632088274605 ) ) ;
#2808 = DIRECTION ( 'NONE',  ( -1.000000000000000000, 0.000000000000000000, 0.000000000000000000 ) ) ;
#2809 = DIMENSIONAL_EXPONENTS ( 1.000000000000000000, 0.000000000000000000, 0.000000000000000000, 0.000000000000000000, 0.000000000000000000, 0.000000000000000000, 0.000000000000000000 ) ;
#2810 = CARTESIAN_POINT ( 'NONE',  ( -0.1269626730781553692, 0.9262013888871212242, -0.2377041318670671532 ) ) ;
#2811 = CARTESIAN_POINT ( 'NONE',  ( 6.850558844362074373E-05, 1.010402777776970407, -0.2268670834835015693 ) ) ;
#2812 = ORIENTED_EDGE ( 'NONE', *, *, #4888, .F. ) ;
#2813 = CARTESIAN_POINT ( 'NONE',  ( 0.03504607764218833216, 0.8987003823225735433, 0.2652962223004353137 ) ) ;
#2814 =( NAMED_UNIT ( * ) SI_UNIT ( $, .STERADIAN. ) SOLID_ANGLE_UNIT ( ) );
#2815 = LENGTH_MEASURE_WITH_UNIT ( LENGTH_MEASURE( 0.02539999999999999897 ), #4693 );
#2816 = CARTESIAN_POINT ( 'NONE',  ( 0.2158427213439045034, 0.9724718347400925778, -0.1542639379501560548 ) ) ;
#2817 = STYLED_ITEM ( 'NONE', ( #5545 ), #99 ) ;
#2818 = CARTESIAN_POINT ( 'NONE',  ( -0.06664919522967152621, 1.087438479803606084, 0.2135082874487005677 ) ) ;
#2819 = CARTESIAN_POINT ( 'NONE',  ( -0.02695842118689230349, 1.087483283793430067, 0.2219978057677531591 ) ) ;
#2820 = CARTESIAN_POINT ( 'NONE',  ( 6.850555746515172683E-05, 1.010402777776874483, -0.2268670834809536074 ) ) ;
#2821 = ORIENTED_EDGE ( 'NONE', *, *, #4441, .F. ) ;
#2822 = FACE_BOUND ( 'NONE', #2782, .T. ) ;
#2823 = FILL_AREA_STYLE_COLOUR ( '', #3982 ) ;
#2824 = CARTESIAN_POINT ( 'NONE',  ( 0.07844728527012839736, 0.9539791666656317615, 0.2583053089311224126 ) ) ;
#2825 =( GEOMETRIC_REPRESENTATION_CONTEXT ( 3 ) GLOBAL_UNCERTAINTY_ASSIGNED_CONTEXT ( ( #5650 ) ) GLOBAL_UNIT_ASSIGNED_CONTEXT ( ( #4436, #3461, #5876 ) ) REPRESENTATION_CONTEXT ( 'NONE', 'WORKASPACE' ) );
#2826 = UNCERTAINTY_MEASURE_WITH_UNIT (LENGTH_MEASURE( 1.000000000000000082E-05 ), #1640, 'distance_accuracy_value', 'NONE');
#2827 = EDGE_CURVE ( 'NONE', #3747, #3492, #2121, .T. ) ;
#2828 = VECTOR ( 'NONE', #2095, 39.37007874015748143 ) ;
#2829 = CARTESIAN_POINT ( 'NONE',  ( 0.1859282584086169865, 1.112833333333289598, -0.1243208234235635284 ) ) ;
#2830 = ORIENTED_EDGE ( 'NONE', *, *, #850, .T. ) ;
#2831 = DIRECTION ( 'NONE',  ( -0.000000000000000000, -0.000000000000000000, 1.000000000000000000 ) ) ;
#2832 = DIRECTION ( 'NONE',  ( 1.000000000000000000, 0.000000000000000000, 0.000000000000000000 ) ) ;
#2833 = CARTESIAN_POINT ( 'NONE',  ( 0.2229738437384844452, 0.9878333333323221499, 0.04442225908321116579 ) ) ;
#2834 = CYLINDRICAL_SURFACE ( 'NONE', #43, 0.2460000000000001352 ) ;
#2835 = CIRCLE ( 'NONE', #1371, 0.08849999999999995370 ) ;
#2836 = CARTESIAN_POINT ( 'NONE',  ( 0.1758998976464189734, 0.9834930555544628694, 0.1442616094963160289 ) ) ;
#2837 = AXIS2_PLACEMENT_3D ( 'NONE', #774, #4714, #4180 ) ;
#2838 = CYLINDRICAL_SURFACE ( 'NONE', #1890, 0.2214000000000002633 ) ;
#2839 = CARTESIAN_POINT ( 'NONE',  ( -0.1467410541429945703, 0.8654374999979689287, 0.1789230425084590848 ) ) ;
#2840 = PLANE ( 'NONE',  #6409 ) ;
#2841 = DIRECTION ( 'NONE',  ( 1.000000000000000000, 0.000000000000000000, 0.000000000000000000 ) ) ;
#2842 = CARTESIAN_POINT ( 'NONE',  ( -0.02230757241891773851, 1.011270833332499786, -0.2257398863822900337 ) ) ;
#2843 = CARTESIAN_POINT ( 'NONE',  ( 0.2229146783783448604, 0.9687361111097312349, -0.1490511401402663527 ) ) ;
#2844 = CARTESIAN_POINT ( 'NONE',  ( 0.03483361937932938357, 0.9198015924190323656, -0.2650927370135088834 ) ) ;
#2845 = CARTESIAN_POINT ( 'NONE',  ( -0.04384332818038338964, 1.067694444444049928, -0.2207635626826697506 ) ) ;
#2846 = VERTEX_POINT ( 'NONE', #2450 ) ;
#2847 = FILL_AREA_STYLE_COLOUR ( '', #3882 ) ;
#2848 = AXIS2_PLACEMENT_3D ( 'NONE', #2802, #1680, #3783 ) ;
#2849 = FACE_OUTER_BOUND ( 'NONE', #1959, .T. ) ;
#2850 =( NAMED_UNIT ( * ) SI_UNIT ( $, .STERADIAN. ) SOLID_ANGLE_UNIT ( ) );
#2851 = CARTESIAN_POINT ( 'NONE',  ( 0.03453366219910804225, 0.9542443426487090541, 0.2640558787245758099 ) ) ;
#2852 = DIRECTION ( 'NONE',  ( 1.000000000000000000, 0.000000000000000000, 0.000000000000000000 ) ) ;
#2853 =( LENGTH_UNIT ( ) NAMED_UNIT ( * ) SI_UNIT ( $, .METRE. ) );
#2854 = ORIENTED_EDGE ( 'NONE', *, *, #5726, .F. ) ;
#2855 = CARTESIAN_POINT ( 'NONE',  ( -0.2236466382756342464, 1.072034722221887337, -0.02195380438340884671 ) ) ;
#2856 = CARTESIAN_POINT ( 'NONE',  ( -0.05354161577743209166, 1.087456749435767867, 0.2171535991766305185 ) ) ;
#2857 = CARTESIAN_POINT ( 'NONE',  ( -0.2687329809300606498, 0.9930416666658237190, 8.691510019767870339E-05 ) ) ;
#2858 = AXIS2_PLACEMENT_3D ( 'NONE', #3672, #1439, #5537 ) ;
#2859 = COLOUR_RGB ( '',0.1019607843137254888, 0.1019607843137254888, 0.1019607843137254888 ) ;
#2860 = CARTESIAN_POINT ( 'NONE',  ( 0.08546245193052316724, 1.118041666666648171, -0.2065146629518219146 ) ) ;
#2861 = AXIS2_PLACEMENT_3D ( 'NONE', #417, #4009, #2176 ) ;
#2862 = ORIENTED_EDGE ( 'NONE', *, *, #1623, .T. ) ;
#2863 = AXIS2_PLACEMENT_3D ( 'NONE', #6344, #284, #5295 ) ;
#2864 = FACE_OUTER_BOUND ( 'NONE', #3019, .T. ) ;
#2865 = CARTESIAN_POINT ( 'NONE',  ( -0.2220418886300863925, 1.019083333332461816, 0.04409718630261941913 ) ) ;
#2866 = CARTESIAN_POINT ( 'NONE',  ( -0.1992600000000000204, 0.2460000000000000242, 0.7017244094488189754 ) ) ;
#2867 = ADVANCED_FACE ( 'NONE', ( #5502, #442 ), #2840, .F. ) ;
#2868 = CARTESIAN_POINT ( 'NONE',  ( -0.2123336065019639229, 0.9097083333316962062, 0.08787631431243046742 ) ) ;
#2869 = AXIS2_PLACEMENT_3D ( 'NONE', #961, #2101, #980 ) ;
#2870 = CARTESIAN_POINT ( 'NONE',  ( -0.1084573754374540677, 0.9036319444427360903, -0.2030570241729333925 ) ) ;
#2871 = CARTESIAN_POINT ( 'NONE',  ( -0.1621594496794490359, 0.9267340436299893458, -0.2117726520970636128 ) ) ;
#2872 = FILL_AREA_STYLE_COLOUR ( '', #3656 ) ;
#2873 = CARTESIAN_POINT ( 'NONE',  ( -0.1077648321645957724, 0.9522430555542329422, -0.2014562288142109359 ) ) ;
#2874 = CARTESIAN_POINT ( 'NONE',  ( -0.1996082525419862197, 1.028631944443808344, 0.1066153589285105535 ) ) ;
#2875 = EDGE_CURVE ( 'NONE', #4572, #6244, #2305, .T. ) ;
#2876 = CARTESIAN_POINT ( 'NONE',  ( 0.06530498799251467645, 1.056409722221711256, -0.2155340890645277285 ) ) ;
#2877 = CARTESIAN_POINT ( 'NONE',  ( 0.2568675308234743548, 0.9609236111096269850, 0.07782919683896151464 ) ) ;
#2878 = CARTESIAN_POINT ( 'NONE',  ( -0.1438590407097529167, 1.016479166665800626, -0.1751765330333125981 ) ) ;
#2879 = CARTESIAN_POINT ( 'NONE',  ( -0.1974658156517478114, 0.6614078508541165746, -0.2266297169995935834 ) ) ;
#2880 = ORIENTED_EDGE ( 'NONE', *, *, #2504, .T. ) ;
#2881 = CARTESIAN_POINT ( 'NONE',  ( -0.1726296483106676827, 0.8170000000000001705, -0.2409688848996048016 ) ) ;
#2882 = SURFACE_STYLE_USAGE ( .BOTH. , #5994 ) ;
#2883 = EDGE_CURVE ( 'NONE', #4529, #6352, #1605, .T. ) ;
#2884 = CARTESIAN_POINT ( 'NONE',  ( -1.696733714814913445E-16, 0.9530937220069095606, 0.2657635018093899570 ) ) ;
#2885 = CARTESIAN_POINT ( 'NONE',  ( 0.2365367379613239063, 1.018479015517980590, 0.1169497563683262881 ) ) ;
#2886 =( NAMED_UNIT ( * ) SI_UNIT ( $, .STERADIAN. ) SOLID_ANGLE_UNIT ( ) );
#2887 =( CONVERSION_BASED_UNIT ( 'INCH', #2948 ) LENGTH_UNIT ( ) NAMED_UNIT ( #4894 ) );
#2888 = SURFACE_STYLE_FILL_AREA ( #4232 ) ;
#2889 = CARTESIAN_POINT ( 'NONE',  ( -0.2691327157908894319, 0.9383541666654395819, 0.02659513354270999844 ) ) ;
#2890 = UNCERTAINTY_MEASURE_WITH_UNIT (LENGTH_MEASURE( 1.000000000000000082E-05 ), #4925, 'distance_accuracy_value', 'NONE');
#2891 = CARTESIAN_POINT ( 'NONE',  ( 0.2082648856789718061, 1.055541666666151457, -0.08634552608663617623 ) ) ;
#2892 = SURFACE_STYLE_USAGE ( .BOTH. , #1647 ) ;
#2893 = ORIENTED_EDGE ( 'NONE', *, *, #1893, .T. ) ;
#2894 = CARTESIAN_POINT ( 'NONE',  ( -0.1506660509632921363, 0.8864444444449998128, -0.1990447301129356916 ) ) ;
#2895 = CARTESIAN_POINT ( 'NONE',  ( -0.1880950938827315178, 1.022555555554798934, 0.1257696397425587254 ) ) ;
#2896 = DIRECTION ( 'NONE',  ( -0.000000000000000000, -0.000000000000000000, 1.000000000000000000 ) ) ;
#2897 =( CONVERSION_BASED_UNIT ( 'INCH', #3752 ) LENGTH_UNIT ( ) NAMED_UNIT ( #5080 ) );
#2898 = CARTESIAN_POINT ( 'NONE',  ( 0.1463021662059273420, 0.8862708333314831544, -0.1781599074121964499 ) ) ;
#2899 =( LENGTH_UNIT ( ) NAMED_UNIT ( * ) SI_UNIT ( $, .METRE. ) );
#2900 = FILL_AREA_STYLE_COLOUR ( '', #3973 ) ;
#2901 = CARTESIAN_POINT ( 'NONE',  ( -0.1779153275614870355, 0.9071041666650010438, -0.1459145725859181397 ) ) ;
#2902 = DIRECTION ( 'NONE',  ( -0.000000000000000000, -0.000000000000000000, 1.000000000000000000 ) ) ;
#2903 = CARTESIAN_POINT ( 'NONE',  ( -0.1751383182693503626, 1.018215277776950867, -0.1438208259025056668 ) ) ;
#2904 = CARTESIAN_POINT ( 'NONE',  ( -0.04384332821384053641, 1.060749999999539783, -0.2207635626810143248 ) ) ;
#2905 = ADVANCED_FACE ( 'NONE', ( #667 ), #4716, .T. ) ;
#2906 = CARTESIAN_POINT ( 'NONE',  ( 0.1704413504225231746, 0.9557152777763345819, 0.2075464656236506722 ) ) ;
#2907 = CARTESIAN_POINT ( 'NONE',  ( 0.000000000000000000, 0.2459999999999999964, -0.7773149606299212255 ) ) ;
#2908 = CARTESIAN_POINT ( 'NONE',  ( 0.02213683981380087235, 1.065090277777325012, -0.2240656649583619708 ) ) ;
#2909 = ORIENTED_EDGE ( 'NONE', *, *, #1007, .F. ) ;
#2910 = CARTESIAN_POINT ( 'NONE',  ( 0.05184209972998106430, 0.3344999999999999640, 0.08849999999999996758 ) ) ;
#2911 =( LENGTH_UNIT ( ) NAMED_UNIT ( * ) SI_UNIT ( $, .METRE. ) );
#2912 = CARTESIAN_POINT ( 'NONE',  ( 0.1997884366015002244, 0.9606023330828129536, 0.1757588985684961358 ) ) ;
#2913 = COLOUR_RGB ( '',0.1019607843137254888, 0.1019607843137254888, 0.1019607843137254888 ) ;
#2914 = CARTESIAN_POINT ( 'NONE',  ( 0.2094586861707147807, 1.016737359157595444, 0.1612737510453994272 ) ) ;
#2915 = FILL_AREA_STYLE_COLOUR ( '', #5673 ) ;
#2916 = DIRECTION ( 'NONE',  ( 0.000000000000000000, 0.000000000000000000, 1.000000000000000000 ) ) ;
#2917 = CARTESIAN_POINT ( 'NONE',  ( 0.1874517897437037450, 1.050333333332819086, -0.1251694435732106647 ) ) ;
#2918 = MECHANICAL_DESIGN_GEOMETRIC_PRESENTATION_REPRESENTATION (  '', ( #2817 ), #2396 ) ;
#2919 = FACE_OUTER_BOUND ( 'NONE', #2975, .T. ) ;
#2920 = CARTESIAN_POINT ( 'NONE',  ( 0.1497002311068943159, 0.9739444444435131354, -0.2238949524228348031 ) ) ;
#2921 = MECHANICAL_DESIGN_GEOMETRIC_PRESENTATION_REPRESENTATION (  '', ( #1987 ), #3527 ) ;
#2922 = CARTESIAN_POINT ( 'NONE',  ( 0.2255637949458229874, 1.052069444443938018, 6.809684601802204300E-05 ) ) ;
#2923 = VERTEX_POINT ( 'NONE', #2550 ) ;
#2924 = DIRECTION ( 'NONE',  ( 0.000000000000000000, 0.000000000000000000, -1.000000000000000000 ) ) ;
#2925 = CARTESIAN_POINT ( 'NONE',  ( -0.1247392934730521402, 1.081583333333033359, 0.1865636180057448357 ) ) ;
#2926 = CARTESIAN_POINT ( 'NONE',  ( 0.1608314499724035340, 0.9826249999987910488, 0.1609286205070023512 ) ) ;
#2927 = AXIS2_PLACEMENT_3D ( 'NONE', #2276, #5756, #1772 ) ;
#2928 = CARTESIAN_POINT ( 'NONE',  ( -0.1081710544052632561, 0.9157847222205717230, 0.2025321589178805948 ) ) ;
#2929 = MECHANICAL_DESIGN_GEOMETRIC_PRESENTATION_REPRESENTATION (  '', ( #3435 ), #2629 ) ;
#2930 = CARTESIAN_POINT ( 'NONE',  ( -0.2026054340436369283, 0.9175208333316956510, 0.1083795585568588515 ) ) ;
#2931 =( NAMED_UNIT ( * ) SI_UNIT ( $, .STERADIAN. ) SOLID_ANGLE_UNIT ( ) );
#2932 = CARTESIAN_POINT ( 'NONE',  ( -0.1258931720840087143, 1.015611111110279019, -0.1885356616092891957 ) ) ;
#2933 = CARTESIAN_POINT ( 'NONE',  ( 0.2068628073939323408, 1.097208333333157926, 0.08575853488231323374 ) ) ;
#2934 = DIMENSIONAL_EXPONENTS ( 1.000000000000000000, 0.000000000000000000, 0.000000000000000000, 0.000000000000000000, 0.000000000000000000, 0.000000000000000000, 0.000000000000000000 ) ;
#2935 = AXIS2_PLACEMENT_3D ( 'NONE', #6151, #1195, #3174 ) ;
#2936 = CARTESIAN_POINT ( 'NONE',  ( -0.1349821501323107409, 0.6583749999999999325, 0.2627046781071951109 ) ) ;
#2937 = AXIS2_PLACEMENT_3D ( 'NONE', #802, #1723, #3723 ) ;
#2938 = CARTESIAN_POINT ( 'NONE',  ( -0.1483641105791571047, 0.9999861111099600519, 0.2221981480064569581 ) ) ;
#2939 = FACE_OUTER_BOUND ( 'NONE', #17, .T. ) ;
#2940 = CARTESIAN_POINT ( 'NONE',  ( -0.2220418886300863925, 1.026027777776961969, 0.04409718630261941913 ) ) ;
#2941 = ORIENTED_EDGE ( 'NONE', *, *, #971, .F. ) ;
#2942 = CARTESIAN_POINT ( 'NONE',  ( -0.1323029341660193481, 0.9811346365382024315, -0.2296485795472352764 ) ) ;
#2943 = CIRCLE ( 'NONE', #2206, 0.1854999999999999982 ) ;
#2944 = VERTEX_POINT ( 'NONE', #1173 ) ;
#2945 = ADVANCED_FACE ( 'NONE', ( #5663, #3156 ), #5139, .T. ) ;
#2946 = CARTESIAN_POINT ( 'NONE',  ( 0.2547091973615859262, 1.020207595903844133, 0.06871552802425996698 ) ) ;
#2947 = LENGTH_MEASURE_WITH_UNIT ( LENGTH_MEASURE( 0.02539999999999999897 ), #4425 );
#2948 = LENGTH_MEASURE_WITH_UNIT ( LENGTH_MEASURE( 0.02539999999999999897 ), #2853 );
#2949 = CARTESIAN_POINT ( 'NONE',  ( 0.1919807067593283789, 0.8801944444425967573, 0.1283613341875169400 ) ) ;
#2950 = CARTESIAN_POINT ( 'NONE',  ( 0.2212967185473148912, 1.043388888888325372, 0.04394382220182554977 ) ) ;
#2951 = LINE ( 'NONE', #6001, #2525 ) ;
#2952 = ADVANCED_FACE ( 'NONE', ( #590 ), #1126, .F. ) ;
#2953 = CARTESIAN_POINT ( 'NONE',  ( -0.1035535225053563213, 0.9270694444431654135, -0.2502153317729073345 ) ) ;
#2954 = COLOUR_RGB ( '',0.1019607843137254888, 0.1019607843137254888, 0.1019607843137254888 ) ;
#2955 = UNCERTAINTY_MEASURE_WITH_UNIT (LENGTH_MEASURE( 1.000000000000000082E-05 ), #1433, 'distance_accuracy_value', 'NONE');
#2956 = CARTESIAN_POINT ( 'NONE',  ( -0.1996082525419862197, 1.028631944443808344, 0.1066153589285105535 ) ) ;
#2957 = VERTEX_POINT ( 'NONE', #5156 ) ;
#2958 = DIRECTION ( 'NONE',  ( 1.000000000000000000, 0.000000000000000000, 0.000000000000000000 ) ) ;
#2959 = CARTESIAN_POINT ( 'NONE',  ( -0.1600067673412590152, 1.024291666665908762, 0.1599101748119518829 ) ) ;
#2960 = STYLED_ITEM ( 'NONE', ( #2070 ), #2905 ) ;
#2961 = CARTESIAN_POINT ( 'NONE',  ( 0.1919807067638364395, 0.8732499999979748129, 0.1283613341879402125 ) ) ;
#2962 = ORIENTED_EDGE ( 'NONE', *, *, #1936, .T. ) ;
#2963 = MECHANICAL_DESIGN_GEOMETRIC_PRESENTATION_REPRESENTATION (  '', ( #795 ), #4828 ) ;
#2964 = CARTESIAN_POINT ( 'NONE',  ( -0.1184081701884382165, 0.9100228772866525428, -0.2086440953167930379 ) ) ;
#2965 = CARTESIAN_POINT ( 'NONE',  ( 0.2313749118527330395, 0.8307152777754558404, -0.02271783161616475200 ) ) ;
#2966 = CARTESIAN_POINT ( 'NONE',  ( 0.01081379926892557693, 0.9302725502013371450, 0.2331955173970544637 ) ) ;
#2967 = CARTESIAN_POINT ( 'NONE',  ( 0.2192759531126976524, 0.9314097222206898508, 0.06643878870025914096 ) ) ;
#2968 = CARTESIAN_POINT ( 'NONE',  ( -0.1446479393367504918, 0.9765486111100641908, 0.1761455146486060053 ) ) ;
#2969 = CARTESIAN_POINT ( 'NONE',  ( 0.2157929056327416439, 1.047729166666124812, -0.06538892795083646459 ) ) ;
#2970 = STYLED_ITEM ( 'NONE', ( #153 ), #1774 ) ;
#2971 = CARTESIAN_POINT ( 'NONE',  ( 0.1455132675610450177, 0.9331458333319183618, 0.1771909258182493563 ) ) ;
#2972 = CARTESIAN_POINT ( 'NONE',  ( 0.2397817042628105910, 0.8480763888865301414, 0.1282596925297759538 ) ) ;
#2973 = SURFACE_SIDE_STYLE ('',( #259 ) ) ;
#2974 = CARTESIAN_POINT ( 'NONE',  ( 0.1758998976668440795, 0.9904374999989413730, 0.1442616094704865515 ) ) ;
#2975 = EDGE_LOOP ( 'NONE', ( #994, #4278, #2830, #4784 ) ) ;
#2976 = CARTESIAN_POINT ( 'NONE',  ( 0.08849999999999995370, 0.2459999999999999964, 0.000000000000000000 ) ) ;
#2977 = DIRECTION ( 'NONE',  ( 0.000000000000000000, 0.000000000000000000, -1.000000000000000000 ) ) ;
#2978 = ORIENTED_EDGE ( 'NONE', *, *, #2875, .T. ) ;
#2979 = CARTESIAN_POINT ( 'NONE',  ( -0.1621045161283186931, 0.9310959369416813569, -0.2116440086320107439 ) ) ;
#2980 = CARTESIAN_POINT ( 'NONE',  ( 0.2949999999999999845, 0.6583750000000000435, 1.182924880895401018E-16 ) ) ;
#2981 = ADVANCED_FACE ( 'NONE', ( #159 ), #1397, .T. ) ;
#2982 = DIMENSIONAL_EXPONENTS ( 1.000000000000000000, 0.000000000000000000, 0.000000000000000000, 0.000000000000000000, 0.000000000000000000, 0.000000000000000000, 0.000000000000000000 ) ;
#2983 = CARTESIAN_POINT ( 'NONE',  ( 0.1431984823571361698, 1.037312499999361481, 0.1745953181455505154 ) ) ;
#2984 =( LENGTH_UNIT ( ) NAMED_UNIT ( * ) SI_UNIT ( $, .METRE. ) );
#2985 = CARTESIAN_POINT ( 'NONE',  ( 0.02680885498465160333, 0.8671736111093278909, -0.2713494127334708517 ) ) ;
#2986 = ADVANCED_FACE ( 'NONE', ( #4018 ), #4296, .T. ) ;
#2987 = ORIENTED_EDGE ( 'NONE', *, *, #1124, .T. ) ;
#2988 = DIRECTION ( 'NONE',  ( -3.810390315224336117E-18, -0.9995158361299276706, -0.03111419813351309557 ) ) ;
#2989 = FACE_OUTER_BOUND ( 'NONE', #6021, .T. ) ;
#2990 = CARTESIAN_POINT ( 'NONE',  ( 0.1781981221972741558, 0.8845347222203497894, -0.1463403809910051867 ) ) ;
#2991 = ORIENTED_EDGE ( 'NONE', *, *, #186, .T. ) ;
#2992 = CARTESIAN_POINT ( 'NONE',  ( 0.2950000000000000400, 0.7906516627442730094, -0.1703183294109395784 ) ) ;
#2993 = EDGE_CURVE ( 'NONE', #404, #3320, #4712, .T. ) ;
#2994 = CARTESIAN_POINT ( 'NONE',  ( -6.769737118488285328E-13, 1.056338193188769425, 0.2563666201747840656 ) ) ;
#2995 = CARTESIAN_POINT ( 'NONE',  ( 0.1096853864629342284, 0.8202986111087660070, 0.2053562052556276440 ) ) ;
#2996 = DIRECTION ( 'NONE',  ( -0.000000000000000000, -0.000000000000000000, 1.000000000000000000 ) ) ;
#2997 = CARTESIAN_POINT ( 'NONE',  ( -0.2254221226445471682, 0.9079722222205374171, 0.04491543438816823081 ) ) ;
#2998 = CARTESIAN_POINT ( 'NONE',  ( 0.000000000000000000, 0.4674000000000002597, -0.7418818897637793341 ) ) ;
#2999 = CARTESIAN_POINT ( 'NONE',  ( -0.1982509786706193877, 1.068562499999605730, -0.1060443093299361095 ) ) ;
#3000 = CARTESIAN_POINT ( 'NONE',  ( -0.2250815138728027021, 0.8854027777757221829, 0.1504999564364125353 ) ) ;
#3001 = CARTESIAN_POINT ( 'NONE',  ( -0.2238533704455201723, 0.9669999999987493045, -0.04445153844631081347 ) ) ;
#3002 = ORIENTED_EDGE ( 'NONE', *, *, #3520, .T. ) ;
#3003 = CARTESIAN_POINT ( 'NONE',  ( 3.306546357697849419E-17, 0.8170000000000000595, -0.2699999999999996292 ) ) ;
#3004 = DIRECTION ( 'NONE',  ( -0.000000000000000000, -0.000000000000000000, 1.000000000000000000 ) ) ;
#3005 = PRESENTATION_STYLE_ASSIGNMENT (( #1604 ) ) ;
#3006 = CARTESIAN_POINT ( 'NONE',  ( -0.1179479041911757897, 0.9293596138858478684, -0.2396133006072892480 ) ) ;
#3007 = CARTESIAN_POINT ( 'NONE',  ( 0.04833842045202113580, 0.8052976872998357516, 0.3127284587617034095 ) ) ;
#3008 = CARTESIAN_POINT ( 'NONE',  ( -0.03477228746408116133, 0.9519350245691604595, 0.2636603495138297171 ) ) ;
#3009 = CARTESIAN_POINT ( 'NONE',  ( 0.2949999999999999845, 0.6701532467277805383, 0.1148763842346835623 ) ) ;
#3010 = CARTESIAN_POINT ( 'NONE',  ( -0.2326441075363088196, 1.106756944444162949, 0.1244476775986599892 ) ) ;
#3011 = ORIENTED_EDGE ( 'NONE', *, *, #5945, .F. ) ;
#3012 = CARTESIAN_POINT ( 'NONE',  ( 0.000000000000000000, 1.092000000000000082, 0.1820000000000000229 ) ) ;
#3013 = CARTESIAN_POINT ( 'NONE',  ( 0.1719132098793738628, 0.9175208333319535559, -0.2096150251232545281 ) ) ;
#3014 = UNCERTAINTY_MEASURE_WITH_UNIT (LENGTH_MEASURE( 1.000000000000000082E-05 ), #199, 'distance_accuracy_value', 'NONE');
#3015 = STYLED_ITEM ( 'NONE', ( #3005 ), #116 ) ;
#3016 = ORIENTED_EDGE ( 'NONE', *, *, #2392, .T. ) ;
#3017 = CARTESIAN_POINT ( 'NONE',  ( -1.568915308382199427E-17, 0.6847233372557268716, -0.3406366588218792124 ) ) ;
#3018 = CARTESIAN_POINT ( 'NONE',  ( -0.2333835261760342505, 0.7951249999974248084, -7.054911435595986012E-05 ) ) ;
#3019 = EDGE_LOOP ( 'NONE', ( #2335, #5653 ) ) ;
#3020 = DIMENSIONAL_EXPONENTS ( 1.000000000000000000, 0.000000000000000000, 0.000000000000000000, 0.000000000000000000, 0.000000000000000000, 0.000000000000000000, 0.000000000000000000 ) ;
#3021 = EDGE_CURVE ( 'NONE', #4543, #4572, #6180, .T. ) ;
#3022 = CONICAL_SURFACE ( 'NONE', #6263, 0.2699999999999996292, 0.3141592653589801443 ) ;
#3023 = FILL_AREA_STYLE_COLOUR ( '', #2199 ) ;
#3024 = CARTESIAN_POINT ( 'NONE',  ( -0.2297757235204839765, 0.9199000343466798846, 0.05835976593121430106 ) ) ;
#3025 = COLOUR_RGB ( '',0.1019607843137254888, 0.1019607843137254888, 0.1019607843137254888 ) ;
#3026 = CARTESIAN_POINT ( 'NONE',  ( 0.2314289557262450003, 0.8289791666643773205, 0.02271783161616498098 ) ) ;
#3027 = LINE ( 'NONE', #6044, #1862 ) ;
#3028 = VECTOR ( 'NONE', #3768, 39.37007874015748143 ) ;
#3029 = AXIS2_PLACEMENT_3D ( 'NONE', #6351, #4397, #5901 ) ;
#3030 = STYLED_ITEM ( 'NONE', ( #227 ), #4797 ) ;
#3031 = CARTESIAN_POINT ( 'NONE',  ( 0.1712302490694955770, 0.9157847222204006377, -0.2085154472161507011 ) ) ;
#3032 = CARTESIAN_POINT ( 'NONE',  ( -0.2182874816678726237, 0.9713402777766410034, 0.06614479507859644114 ) ) ;
#3033 = ORIENTED_EDGE ( 'NONE', *, *, #2883, .T. ) ;
#3034 = DIRECTION ( 'NONE',  ( -0.000000000000000000, -0.000000000000000000, 1.000000000000000000 ) ) ;
#3035 = CARTESIAN_POINT ( 'NONE',  ( 0.2401581492352505842, 0.9111106589627105956, -0.1181299474150390993 ) ) ;
#3036 = CYLINDRICAL_SURFACE ( 'NONE', #142, 0.2460000000000001352 ) ;
#3037 = STYLED_ITEM ( 'NONE', ( #4620 ), #5297 ) ;
#3038 = SURFACE_STYLE_USAGE ( .BOTH. , #1539 ) ;
#3039 = CARTESIAN_POINT ( 'NONE',  ( -0.06916362884666933664, 0.9507731031295189039, 0.2572726729545596336 ) ) ;
#3040 = CARTESIAN_POINT ( 'NONE',  ( -0.2438107632134042524, 1.105888888888561628, 0.1009030161146714927 ) ) ;
#3041 = STYLED_ITEM ( 'NONE', ( #4231 ), #771 ) ;
#3042 = AXIS2_PLACEMENT_3D ( 'NONE', #906, #3765, #403 ) ;
#3043 = DIRECTION ( 'NONE',  ( 0.000000000000000000, 0.000000000000000000, 1.000000000000000000 ) ) ;
#3044 = CARTESIAN_POINT ( 'NONE',  ( -0.2052435755968853581, 1.079928341953172222, -0.1072056066466173380 ) ) ;
#3045 = CARTESIAN_POINT ( 'NONE',  ( -0.1949111773958708826, 0.9043477532741557301, 0.1434004219212456910 ) ) ;
#3046 = CARTESIAN_POINT ( 'NONE',  ( 0.02038739860411083876, 0.9476982277173503499, -0.2272242855180535703 ) ) ;
#3047 = CARTESIAN_POINT ( 'NONE',  ( 0.2409940192949629190, 0.8498124999980164462, 0.1287138419635219244 ) ) ;
#3048 = ORIENTED_EDGE ( 'NONE', *, *, #1739, .T. ) ;
#3049 = DIRECTION ( 'NONE',  ( 0.000000000000000000, 0.000000000000000000, 1.000000000000000000 ) ) ;
#3050 = CARTESIAN_POINT ( 'NONE',  ( -0.2238533704455201723, 0.9600555555542492625, -0.04445153844631081347 ) ) ;
#3051 = VECTOR ( 'NONE', #4143, 39.37007874015748143 ) ;
#3052 = CARTESIAN_POINT ( 'NONE',  ( -0.2316452880683272653, 0.8506805555534066032, 7.528436094411254968E-05 ) ) ;
#3053 = ORIENTED_EDGE ( 'NONE', *, *, #1715, .F. ) ;
#3054 = LINE ( 'NONE', #5100, #1575 ) ;
#3055 = EDGE_CURVE ( 'NONE', #4374, #4833, #1904, .T. ) ;
#3056 = CARTESIAN_POINT ( 'NONE',  ( -0.2055819337991927620, 0.9139572849067159055, -0.1218860350455078234 ) ) ;
#3057 = CARTESIAN_POINT ( 'NONE',  ( 0.2279784556037147691, 0.8315833333310440612, -0.04542475406630210044 ) ) ;
#3058 = CARTESIAN_POINT ( 'NONE',  ( -0.1335440517991084430, 0.9440996554812209896, 0.2307520813603912979 ) ) ;
#3059 = CARTESIAN_POINT ( 'NONE',  ( -0.1287880860267746896, 0.8489444444422783453, -0.1928711491454708771 ) ) ;
#3060 = CARTESIAN_POINT ( 'NONE',  ( -0.1848861407026560766, 0.8864444444449997018, 0.1937896812075945441 ) ) ;
#3061 = LINE ( 'NONE', #1971, #3923 ) ;
#3062 = AXIS2_PLACEMENT_3D ( 'NONE', #4873, #986, #3408 ) ;
#3063 = DIMENSIONAL_EXPONENTS ( 1.000000000000000000, 0.000000000000000000, 0.000000000000000000, 0.000000000000000000, 0.000000000000000000, 0.000000000000000000, 0.000000000000000000 ) ;
#3064 = SURFACE_SIDE_STYLE ('',( #3539 ) ) ;
#3065 = EDGE_CURVE ( 'NONE', #4543, #2184, #1000, .T. ) ;
#3066 = CARTESIAN_POINT ( 'NONE',  ( -0.1761837294149279642, 0.9748124999987916040, 0.1446861541456168354 ) ) ;
#3067 = ORIENTED_EDGE ( 'NONE', *, *, #3021, .T. ) ;
#3068 = PRESENTATION_LAYER_ASSIGNMENT (  '', '', ( #694 ) ) ;
#3069 = CARTESIAN_POINT ( 'NONE',  ( 0.1447273127693933514, 0.9406681079591749928, -0.1791647300991831004 ) ) ;
#3070 = LINE ( 'NONE', #999, #4717 ) ;
#3071 = CARTESIAN_POINT ( 'NONE',  ( -0.2310504625683371116, 0.9345671458639766005, -0.1336492776314782693 ) ) ;
#3072 = AXIS2_PLACEMENT_3D ( 'NONE', #1426, #943, #2924 ) ;
#3073 = CARTESIAN_POINT ( 'NONE',  ( -0.07681185494110333301, 1.091131944443997304, -0.2529200977628635605 ) ) ;
#3074 = CARTESIAN_POINT ( 'NONE',  ( 0.008779653694295487532, 0.9250272117597833077, -0.2666371917792523805 ) ) ;
#3075 = CARTESIAN_POINT ( 'NONE',  ( -0.05738787930425315320, 1.075220712784515475, -0.2294878036035531421 ) ) ;
#3076 = FILL_AREA_STYLE_COLOUR ( '', #243 ) ;
#3077 = CARTESIAN_POINT ( 'NONE',  ( -0.1511490474015642349, 0.8906111111094662247, 0.2260617879161767874 ) ) ;
#3078 = SURFACE_STYLE_FILL_AREA ( #6153 ) ;
#3079 = UNCERTAINTY_MEASURE_WITH_UNIT (LENGTH_MEASURE( 1.000000000000000082E-05 ), #5178, 'distance_accuracy_value', 'NONE');
#3080 = CARTESIAN_POINT ( 'NONE',  ( -0.2290222330966242281, 1.060106430965053859, 0.1071850878363958953 ) ) ;
#3081 =( LENGTH_UNIT ( ) NAMED_UNIT ( * ) SI_UNIT ( $, .METRE. ) );
#3082 = ORIENTED_EDGE ( 'NONE', *, *, #1623, .F. ) ;
#3083 = PRESENTATION_STYLE_ASSIGNMENT (( #3180 ) ) ;
#3084 = CARTESIAN_POINT ( 'NONE',  ( -0.08737794495067502387, 0.9513749999986449435, -0.2111293684994142161 ) ) ;
#3085 = CARTESIAN_POINT ( 'NONE',  ( 0.06767016639413286905, 0.8116180555530662089, 0.2228179758976325531 ) ) ;
#3086 = ORIENTED_EDGE ( 'NONE', *, *, #6261, .F. ) ;
#3087 = CARTESIAN_POINT ( 'NONE',  ( 0.09755310424177600359, 0.6608861408990971409, 0.2843143478276060621 ) ) ;
#3088 = SURFACE_STYLE_FILL_AREA ( #6068 ) ;
#3089 = CARTESIAN_POINT ( 'NONE',  ( -0.1992600000000001870, 0.2460000000000000242, 0.000000000000000000 ) ) ;
#3090 = CARTESIAN_POINT ( 'NONE',  ( -0.2577989296074553183, 0.9371544245683930408, 0.06886139975729914375 ) ) ;
#3091 = SURFACE_STYLE_FILL_AREA ( #2654 ) ;
#3092 = CARTESIAN_POINT ( 'NONE',  ( 0.2049038444629845135, 0.8341874999976967020, -0.1096090113876833916 ) ) ;
#3093 = FACE_OUTER_BOUND ( 'NONE', #3521, .T. ) ;
#3094 = CARTESIAN_POINT ( 'NONE',  ( -0.1474999999999999645, 0.8170000000000000595, 0.2554774941164094093 ) ) ;
#3095 = CARTESIAN_POINT ( 'NONE',  ( 1.074138087161970312E-12, 0.9143537889079038639, 0.2383678364809209971 ) ) ;
#3096 = CARTESIAN_POINT ( 'NONE',  ( 0.1771527110079128831, 0.9348819444429891101, 0.1454750527929209447 ) ) ;
#3097 = ORIENTED_EDGE ( 'NONE', *, *, #2114, .T. ) ;
#3098 = CARTESIAN_POINT ( 'NONE',  ( 2.228857174448183448E-17, 0.8170000000000000595, -0.1820000000000000229 ) ) ;
#3099 =( LENGTH_UNIT ( ) NAMED_UNIT ( * ) SI_UNIT ( $, .METRE. ) );
#3100 = DIRECTION ( 'NONE',  ( 1.000000000000000000, 0.000000000000000000, 0.000000000000000000 ) ) ;
#3101 = CARTESIAN_POINT ( 'NONE',  ( -9.465426446797661664E-16, 1.087517451239683242, 0.2231838181921204367 ) ) ;
#3102 = CARTESIAN_POINT ( 'NONE',  ( 0.2310679761180640113, 0.9294681361728480695, 0.03658799039278914228 ) ) ;
#3103 = EDGE_CURVE ( 'NONE', #1751, #294, #2148, .T. ) ;
#3104 = CARTESIAN_POINT ( 'NONE',  ( 0.1008893414626353680, 1.119777777777593464, 0.2433456414209047847 ) ) ;
#3105 = CARTESIAN_POINT ( 'NONE',  ( 0.05224213194852309061, 0.9235745705586896337, -0.2619481028389396560 ) ) ;
#3106 = CARTESIAN_POINT ( 'NONE',  ( 0.2950000000000000400, 0.7986550857046714746, -0.1425936590071959775 ) ) ;
#3107 = CARTESIAN_POINT ( 'NONE',  ( -0.06576686149885076216, 1.006062499999091475, -0.2170401936553725264 ) ) ;
#3108 = SURFACE_SIDE_STYLE ('',( #6248 ) ) ;
#3109 = CARTESIAN_POINT ( 'NONE',  ( -0.2442021255410842806, 0.8973645197363372406, -0.004645033459656106381 ) ) ;
#3110 = CARTESIAN_POINT ( 'NONE',  ( 0.2949999999999999845, 0.8170000000000000595, 1.182924880895401018E-16 ) ) ;
#3111 = CARTESIAN_POINT ( 'NONE',  ( 0.1278406690242925858, 0.9192569444430738201, -0.2389983574253050636 ) ) ;
#3112 = PRESENTATION_STYLE_ASSIGNMENT (( #5127 ) ) ;
#3113 = SURFACE_STYLE_FILL_AREA ( #2174 ) ;
#3114 = SURFACE_STYLE_USAGE ( .BOTH. , #1104 ) ;
#3115 = ORIENTED_EDGE ( 'NONE', *, *, #5940, .T. ) ;
#3116 = DIRECTION ( 'NONE',  ( -1.000000000000000000, 0.000000000000000000, -2.004957425246442428E-16 ) ) ;
#3117 = CARTESIAN_POINT ( 'NONE',  ( -0.1448514454726514133, 0.9539791666653502089, -0.1766107480407965169 ) ) ;
#3118 = CARTESIAN_POINT ( 'NONE',  ( -0.2233915712332538162, 0.7925208333307415254, -0.06783884260157208024 ) ) ;
#3119 = ORIENTED_EDGE ( 'NONE', *, *, #1978, .T. ) ;
#3120 =( LENGTH_UNIT ( ) NAMED_UNIT ( * ) SI_UNIT ( $, .METRE. ) );
#3121 = CARTESIAN_POINT ( 'NONE',  ( -0.07640884564236044563, 0.9274013681949271337, 0.2214462097310089250 ) ) ;
#3122 = CARTESIAN_POINT ( 'NONE',  ( -0.2646422603443669419, 0.9359920739989211480, 0.03443724795413521250 ) ) ;
#3123 = CARTESIAN_POINT ( 'NONE',  ( 0.2313749118553251327, 0.8307152777755064665, -0.02271783164568274074 ) ) ;
#3124 = FILL_AREA_STYLE_COLOUR ( '', #256 ) ;
#3125 =( GEOMETRIC_REPRESENTATION_CONTEXT ( 3 ) GLOBAL_UNCERTAINTY_ASSIGNED_CONTEXT ( ( #4365 ) ) GLOBAL_UNIT_ASSIGNED_CONTEXT ( ( #2336, #5838, #727 ) ) REPRESENTATION_CONTEXT ( 'NONE', 'WORKASPACE' ) );
#3126 = MECHANICAL_DESIGN_GEOMETRIC_PRESENTATION_REPRESENTATION (  '', ( #3426 ), #5210 ) ;
#3127 = DIRECTION ( 'NONE',  ( 0.000000000000000000, 1.000000000000000000, 0.000000000000000000 ) ) ;
#3128 = DIRECTION ( 'NONE',  ( 0.000000000000000000, 1.000000000000000000, 0.000000000000000000 ) ) ;
#3129 = CARTESIAN_POINT ( 'NONE',  ( 0.2233684825859165446, 0.8909026911319889441, 0.1038862263171933115 ) ) ;
#3130 = PRESENTATION_LAYER_ASSIGNMENT (  '', '', ( #1158 ) ) ;
#3131 = DIRECTION ( 'NONE',  ( 0.000000000000000000, 1.000000000000000000, 0.000000000000000000 ) ) ;
#3132 = COLOUR_RGB ( '',0.1019607843137254888, 0.1019607843137254888, 0.1019607843137254888 ) ;
#3133 = CARTESIAN_POINT ( 'NONE',  ( 0.1004826310588854826, 1.140611111111064391, -0.2428087717158309011 ) ) ;
#3134 = CARTESIAN_POINT ( 'NONE',  ( 0.2280865096551190074, 0.8211666666643371304, 0.04544089843856766175 ) ) ;
#3135 = SURFACE_SIDE_STYLE ('',( #1190 ) ) ;
#3136 = CARTESIAN_POINT ( 'NONE',  ( 0.2214000000000002633, 0.2459999999999999964, 0.000000000000000000 ) ) ;
#3137 = ADVANCED_FACE ( 'NONE', ( #5804, #4785 ), #3728, .F. ) ;
#3138 = COLOUR_RGB ( '',0.1019607843137254888, 0.1019607843137254888, 0.1019607843137254888 ) ;
#3139 = FILL_AREA_STYLE_COLOUR ( '', #5238 ) ;
#3140 = LENGTH_MEASURE_WITH_UNIT ( LENGTH_MEASURE( 0.02539999999999999897 ), #2222 );
#3141 = CARTESIAN_POINT ( 'NONE',  ( -0.09599219125793702345, 0.8943004093853267333, 0.2501775827041259892 ) ) ;
#3142 = CARTESIAN_POINT ( 'NONE',  ( -0.1749824905506860706, 0.7630069444418693392, -0.2133490203364475646 ) ) ;
#3143 = CARTESIAN_POINT ( 'NONE',  ( 0.2552725683889513486, 1.015851242832803925, 0.06877209047705243328 ) ) ;
#3144 = COLOUR_RGB ( '',0.1019607843137254888, 0.1019607843137254888, 0.1019607843137254888 ) ;
#3145 = VECTOR ( 'NONE', #5825, 39.37007874015748143 ) ;
#3146 = PRESENTATION_STYLE_ASSIGNMENT (( #4636 ) ) ;
#3147 = CARTESIAN_POINT ( 'NONE',  ( -1.568915308382199427E-17, 0.6847233372557268716, -0.3406366588218792124 ) ) ;
#3148 = CARTESIAN_POINT ( 'NONE',  ( 0.01739372807290920017, 1.031483789225832171, -0.2633232762571937058 ) ) ;
#3150 = EDGE_CURVE ( 'NONE', #5222, #602, #6291, .T. ) ;
#3149 = ORIENTED_EDGE ( 'NONE', *, *, #3219, .F. ) ;
#3151 =( LENGTH_UNIT ( ) NAMED_UNIT ( * ) SI_UNIT ( $, .METRE. ) );
#3152 = CARTESIAN_POINT ( 'NONE',  ( 0.003806415504115914436, 0.9477548410408105362, -0.2274833331494888755 ) ) ;
#3153 = CARTESIAN_POINT ( 'NONE',  ( -0.2322247503166777194, 0.7959930555529493024, 0.02294832921299551354 ) ) ;
#3154 = EDGE_LOOP ( 'NONE', ( #1731, #6005 ) ) ;
#3155 = CARTESIAN_POINT ( 'NONE',  ( -0.2656822116552958746, 0.8819305555535290608, 0.05276356005494401563 ) ) ;
#3156 = FACE_BOUND ( 'NONE', #3328, .T. ) ;
#3157 = CARTESIAN_POINT ( 'NONE',  ( -0.2289666742463069282, 0.8003333333308191300, -0.04546697096556406859 ) ) ;
#3158 = LENGTH_MEASURE_WITH_UNIT ( LENGTH_MEASURE( 0.02539999999999999897 ), #4210 );
#3159 = APPLICATION_CONTEXT ( 'automotive_design' ) ;
#3160 = CARTESIAN_POINT ( 'NONE',  ( -0.06670269521620576791, 0.9244652777762394358, 0.2196504190375623000 ) ) ;
#3161 = CARTESIAN_POINT ( 'NONE',  ( -0.2599211096559833067, 0.9886568619907456501, -0.05202464237770113714 ) ) ;
#3162 = CARTESIAN_POINT ( 'NONE',  ( 0.2368138582496165101, 0.8921341946199932149, 0.06637356910681917188 ) ) ;
#3163 = CARTESIAN_POINT ( 'NONE',  ( 0.1745514449661204059, 0.9232570375203379420, 0.1587896868794572425 ) ) ;
#3164 = LINE ( 'NONE', #5708, #691 ) ;
#3165 = CARTESIAN_POINT ( 'NONE',  ( 0.2349425179541817787, 1.023423611110165776, -0.1256771304281550927 ) ) ;
#3166 = VECTOR ( 'NONE', #5328, 39.37007874015748143 ) ;
#3167 = CARTESIAN_POINT ( 'NONE',  ( 0.2264100223483360708, 0.8767222222202982751, 0.04495925469158280202 ) ) ;
#3168 = CONICAL_SURFACE ( 'NONE', #4302, 0.2949999999999999845, 1.047197551196600074 ) ;
#3169 = ORIENTED_EDGE ( 'NONE', *, *, #1936, .F. ) ;
#3170 = DIRECTION ( 'NONE',  ( -0.000000000000000000, -0.000000000000000000, 1.000000000000000000 ) ) ;
#3171 = CARTESIAN_POINT ( 'NONE',  ( -0.1480996561144022894, 1.087327575225386811, 0.1672356126353821970 ) ) ;
#3172 = CARTESIAN_POINT ( 'NONE',  ( 0.2005493890698508974, 0.9852291666656416425, 0.1072737621869294250 ) ) ;
#3173 = CARTESIAN_POINT ( 'NONE',  ( -0.1374727330511717471, 0.9078620749780839105, 0.1977488632479880715 ) ) ;
#3174 = DIRECTION ( 'NONE',  ( 1.000000000000000000, 0.000000000000000000, 0.000000000000000000 ) ) ;
#3175 = CARTESIAN_POINT ( 'NONE',  ( 0.2424459730569641369, 0.7942569444420954916, 0.1296848482726777052 ) ) ;
#3176 =( NAMED_UNIT ( * ) SI_UNIT ( $, .STERADIAN. ) SOLID_ANGLE_UNIT ( ) );
#3177 = CARTESIAN_POINT ( 'NONE',  ( 0.2190768237111526684, 0.9435624999985736672, -0.06653401898011426785 ) ) ;
#3178 = SURFACE_STYLE_FILL_AREA ( #1581 ) ;
#3179 = EDGE_LOOP ( 'NONE', ( #5577, #4221, #784, #1707, #1920 ) ) ;
#3180 = SURFACE_STYLE_USAGE ( .BOTH. , #1107 ) ;
#3181 = CARTESIAN_POINT ( 'NONE',  ( 0.1024577485453240233, 1.031236111110665599, -0.2471425428368612676 ) ) ;
#3182 = EDGE_CURVE ( 'NONE', #2241, #4064, #4236, .T. ) ;
#3183 = CARTESIAN_POINT ( 'NONE',  ( 0.000000000000000000, 0.6583750000000000435, -0.2949999999999999845 ) ) ;
#3184 = CARTESIAN_POINT ( 'NONE',  ( 0.1032970974495269340, 0.9183888888870486156, -0.2491671143246431130 ) ) ;
#3185 = CARTESIAN_POINT ( 'NONE',  ( 0.1176012854880153780, 0.9527789902840583247, 0.2389686877295054968 ) ) ;
#3186 = CARTESIAN_POINT ( 'NONE',  ( -0.1114882004544907185, 0.7925787040757968915, -0.2052059961264065258 ) ) ;
#3187 = CARTESIAN_POINT ( 'NONE',  ( 0.2082648856645701874, 1.048597222221638647, -0.08634552611393674082 ) ) ;
#3188 = CARTESIAN_POINT ( 'NONE',  ( -0.1673686938976345351, 1.038159212871477610, -0.2033408434306377688 ) ) ;
#3189 = DIMENSIONAL_EXPONENTS ( 1.000000000000000000, 0.000000000000000000, 0.000000000000000000, 0.000000000000000000, 0.000000000000000000, 0.000000000000000000, 0.000000000000000000 ) ;
#3190 = CARTESIAN_POINT ( 'NONE',  ( -0.1776184629866277287, 0.9192569444428482228, 0.1456779270291415074 ) ) ;
#3191 = CARTESIAN_POINT ( 'NONE',  ( -0.06003796341357438282, 1.006623307605220230, 0.2573265763321325172 ) ) ;
#3192 = CARTESIAN_POINT ( 'NONE',  ( -7.256471233170699482E-17, 0.9061101183300270812, -0.2410463674209289420 ) ) ;
#3193 = DIRECTION ( 'NONE',  ( 1.000000000000000000, 0.000000000000000000, 0.000000000000000000 ) ) ;
#3194 = CARTESIAN_POINT ( 'NONE',  ( 0.2445495666195239004, 1.078111111110567677, -0.1013884659942997646 ) ) ;
#3195 = CARTESIAN_POINT ( 'NONE',  ( -0.1636941800044963979, 0.8576249999979856931, 0.1635952754539350407 ) ) ;
#3196 = ORIENTED_EDGE ( 'NONE', *, *, #295, .F. ) ;
#3197 = CARTESIAN_POINT ( 'NONE',  ( 0.1626111723489632732, 0.9033156830705603157, 0.2123449376108088593 ) ) ;
#3198 = VERTEX_POINT ( 'NONE', #3336 ) ;
#3199 = CARTESIAN_POINT ( 'NONE',  ( 0.1902619293783117671, 0.9392222222207781135, -0.1272184560387311647 ) ) ;
#3200 = DIRECTION ( 'NONE',  ( 1.000000000000000000, 0.000000000000000000, 0.000000000000000000 ) ) ;
#3201 = CARTESIAN_POINT ( 'NONE',  ( 0.000000000000000000, 0.2459999999999999964, -0.3985000000000000209 ) ) ;
#3202 = CARTESIAN_POINT ( 'NONE',  ( 0.08737903755458176214, 1.071777800462640817, -0.2236035768871597051 ) ) ;
#3203 = CARTESIAN_POINT ( 'NONE',  ( -0.2622537666730977990, 0.8237708333312356856, -0.07946124924088206198 ) ) ;
#3204 = CARTESIAN_POINT ( 'NONE',  ( -0.1165035415899671328, 1.040482433085358815, -0.2359938056377844651 ) ) ;
#3205 = DIMENSIONAL_EXPONENTS ( 1.000000000000000000, 0.000000000000000000, 0.000000000000000000, 0.000000000000000000, 0.000000000000000000, 0.000000000000000000, 0.000000000000000000 ) ;
#3206 = CARTESIAN_POINT ( 'NONE',  ( 0.2261867002217896605, 0.9973819444434763870, -0.02220848015805914483 ) ) ;
#3207 = ORIENTED_EDGE ( 'NONE', *, *, #4810, .F. ) ;
#3208 = CARTESIAN_POINT ( 'NONE',  ( -0.1735876031993156265, 1.078979166666442335, 0.1423720008002999082 ) ) ;
#3209 = CARTESIAN_POINT ( 'NONE',  ( 0.2627873546327264553, 1.019083333332772900, 0.05218329740877574591 ) ) ;
#3210 = CARTESIAN_POINT ( 'NONE',  ( -0.1057150323530959418, 1.089395833333141717, 0.1979337967550145461 ) ) ;
#3211 = ORIENTED_EDGE ( 'NONE', *, *, #6339, .F. ) ;
#3212 = CARTESIAN_POINT ( 'NONE',  ( -9.987337468962237344E-13, 1.085634954334570246, 0.2251872822236677674 ) ) ;
#3213 = CARTESIAN_POINT ( 'NONE',  ( -0.2017149606299212250, 0.2459999999999999964, 0.7970000000000000417 ) ) ;
#3214 = EDGE_CURVE ( 'NONE', #4031, #5926, #3664, .T. ) ;
#3215 = CARTESIAN_POINT ( 'NONE',  ( 0.06615530317269305294, 0.9782847222211594751, 0.2178297729842366137 ) ) ;
#3216 = CARTESIAN_POINT ( 'NONE',  ( -0.2509462045329193813, 0.9976481921579152257, 0.08495710359606396811 ) ) ;
#3217 = CARTESIAN_POINT ( 'NONE',  ( 0.02412904923250593081, 0.7986946791551274849, -0.3267057457522020703 ) ) ;
#3218 = CARTESIAN_POINT ( 'NONE',  ( 0.1249999999999999029, 0.2459999999999999964, 0.3985000000000000209 ) ) ;
#3219 = EDGE_CURVE ( 'NONE', #1525, #3449, #5026, .T. ) ;
#3220 = SURFACE_SIDE_STYLE ('',( #4183 ) ) ;
#3221 =( GEOMETRIC_REPRESENTATION_CONTEXT ( 3 ) GLOBAL_UNCERTAINTY_ASSIGNED_CONTEXT ( ( #6426 ) ) GLOBAL_UNIT_ASSIGNED_CONTEXT ( ( #4228, #5836, #2886 ) ) REPRESENTATION_CONTEXT ( 'NONE', 'WORKASPACE' ) );
#3222 = CARTESIAN_POINT ( 'NONE',  ( 0.1469166536079175023, 1.083319444444004631, -0.2200304042396463988 ) ) ;
#3223 = CARTESIAN_POINT ( 'NONE',  ( -0.06691273481320139660, 0.8949513888870969103, -0.2203238744290644535 ) ) ;
#3224 = ORIENTED_EDGE ( 'NONE', *, *, #5170, .T. ) ;
#3225 = CARTESIAN_POINT ( 'NONE',  ( 0.2636179286328147464, 0.9099703323632775120, 0.04390732504652779256 ) ) ;
#3226 = ORIENTED_EDGE ( 'NONE', *, *, #21, .T. ) ;
#3227 = CIRCLE ( 'NONE', #1668, 0.2213999999999999857 ) ;
#3228 = PRESENTATION_STYLE_ASSIGNMENT (( #3552 ) ) ;
#3229 = CARTESIAN_POINT ( 'NONE',  ( 0.2150842163737584356, 1.067863074856100658, -0.1165604043502119769 ) ) ;
#3230 =( GEOMETRIC_REPRESENTATION_CONTEXT ( 3 ) GLOBAL_UNCERTAINTY_ASSIGNED_CONTEXT ( ( #3836 ) ) GLOBAL_UNIT_ASSIGNED_CONTEXT ( ( #4661, #5061, #3176 ) ) REPRESENTATION_CONTEXT ( 'NONE', 'WORKASPACE' ) );
#3231 = CARTESIAN_POINT ( 'NONE',  ( -0.2756843731900162631, 0.7708194444418970948, -8.381469984911982599E-05 ) ) ;
#3232 = DIRECTION ( 'NONE',  ( 0.000000000000000000, 1.000000000000000000, 0.000000000000000000 ) ) ;
#3233 = AXIS2_PLACEMENT_3D ( 'NONE', #5459, #978, #2958 ) ;
#3234 = DIRECTION ( 'NONE',  ( -0.000000000000000000, 1.000000000000000000, -3.667407320606400744E-18 ) ) ;
#3235 = CARTESIAN_POINT ( 'NONE',  ( -0.2270368591707945805, 0.9696041666655468294, 0.02243572377836392309 ) ) ;
#3236 = AXIS2_PLACEMENT_3D ( 'NONE', #983, #4935, #5566 ) ;
#3237 = CARTESIAN_POINT ( 'NONE',  ( 0.2296308047444261535, 0.8862708333314394116, -0.02269202649707762962 ) ) ;
#3238 = ORIENTED_EDGE ( 'NONE', *, *, #4973, .F. ) ;
#3239 = CARTESIAN_POINT ( 'NONE',  ( 0.2609758728176281295, 1.078111111111058840, -0.05182894526517665273 ) ) ;
#3240 = CIRCLE ( 'NONE', #2935, 0.2214000000000002633 ) ;
#3241 = AXIS2_PLACEMENT_3D ( 'NONE', #2624, #3034, #4084 ) ;
#3242 = CARTESIAN_POINT ( 'NONE',  ( -0.02676805700788383383, 0.8376597222197245118, 0.2709365114058367441 ) ) ;
#3243 = COLOUR_RGB ( '',0.1019607843137254888, 0.1019607843137254888, 0.1019607843137254888 ) ;
#3244 = ORIENTED_EDGE ( 'NONE', *, *, #1234, .F. ) ;
#3245 = COLOUR_RGB ( '',0.1019607843137254888, 0.1019607843137254888, 0.1019607843137254888 ) ;
#3246 =( LENGTH_UNIT ( ) NAMED_UNIT ( * ) SI_UNIT ( $, .METRE. ) );
#3247 = DIRECTION ( 'NONE',  ( 0.000000000000000000, 1.000000000000000000, 0.000000000000000000 ) ) ;
#3248 = CARTESIAN_POINT ( 'NONE',  ( -0.07806257195463461862, 1.034729649160620157, -0.2516358192571517827 ) ) ;
#3249 = CARTESIAN_POINT ( 'NONE',  ( -0.1751383182690750551, 1.011270833332484687, -0.1438208258988585009 ) ) ;
#3250 = CIRCLE ( 'NONE', #4061, 0.2459999999999999964 ) ;
#3251 = ADVANCED_FACE ( 'NONE', ( #5364 ), #5897, .T. ) ;
#3252 = CARTESIAN_POINT ( 'NONE',  ( -0.06865798349756072061, 0.9831884674969215698, -0.2563540009566330768 ) ) ;
#3253 = CARTESIAN_POINT ( 'NONE',  ( 0.1223703516893322879, 0.8170000000000001705, -0.2699861033332139892 ) ) ;
#3254 = CARTESIAN_POINT ( 'NONE',  ( 0.01885784531283208124, 1.087539731563072154, 0.2223619001799378159 ) ) ;
#3255 = MECHANICAL_DESIGN_GEOMETRIC_PRESENTATION_REPRESENTATION (  '', ( #1292 ), #4921 ) ;
#3256 = EDGE_CURVE ( 'NONE', #3267, #360, #6315, .T. ) ;
#3257 = CARTESIAN_POINT ( 'NONE',  ( 0.2533844833481223580, 1.077243055554963469, -0.07677933605711155518 ) ) ;
#3258 = CARTESIAN_POINT ( 'NONE',  ( 0.1917872772770614909, 0.8836666666647846613, -0.1280643575157456582 ) ) ;
#3259 = VERTEX_POINT ( 'NONE', #3794 ) ;
#3260 = SURFACE_SIDE_STYLE ('',( #5772 ) ) ;
#3261 = ORIENTED_EDGE ( 'NONE', *, *, #1388, .F. ) ;
#3262 =( CONVERSION_BASED_UNIT ( 'INCH', #2329 ) LENGTH_UNIT ( ) NAMED_UNIT ( #5914 ) );
#3263 = CARTESIAN_POINT ( 'NONE',  ( 0.2226289218099316292, 1.067498942919211435, -0.1023344194337523494 ) ) ;
#3264 = CARTESIAN_POINT ( 'NONE',  ( -0.07983918282024797530, 0.7821041666641851409, 0.2635010546863859604 ) ) ;
#3265 = EDGE_CURVE ( 'NONE', #3288, #5048, #2177, .T. ) ;
#3266 = CARTESIAN_POINT ( 'NONE',  ( 0.1069430433761656279, 1.006062499999066162, -0.2002329778320640907 ) ) ;
#3267 = VERTEX_POINT ( 'NONE', #107 ) ;
#3268 =( LENGTH_UNIT ( ) NAMED_UNIT ( * ) SI_UNIT ( $, .METRE. ) );
#3269 = DIRECTION ( 'NONE',  ( -0.000000000000000000, -0.000000000000000000, 1.000000000000000000 ) ) ;
#3270 = STYLED_ITEM ( 'NONE', ( #3146 ), #3713 ) ;
#3271 = CARTESIAN_POINT ( 'NONE',  ( 0.2384863778138560930, 1.063478766269473574, 0.07123833084209052480 ) ) ;
#3272 = STYLED_ITEM ( 'NONE', ( #904 ), #1658 ) ;
#3273 = CARTESIAN_POINT ( 'NONE',  ( 0.02629624954785996990, 1.033840277777344108, -0.2661615215841386384 ) ) ;
#3274 = CARTESIAN_POINT ( 'NONE',  ( -0.1735876031776751593, 1.085923611110836351, 0.1423720008232379208 ) ) ;
#3275 = ORIENTED_EDGE ( 'NONE', *, *, #497, .F. ) ;
#3276 = CARTESIAN_POINT ( 'NONE',  ( 0.2565219913317346445, 0.9602957492467021350, 0.06916439734710126686 ) ) ;
#3277 = CARTESIAN_POINT ( 'NONE',  ( -0.2582979379947331622, 1.044251446486538226, -0.05040111222520620576 ) ) ;
#3278 = CARTESIAN_POINT ( 'NONE',  ( 0.2101273769867605112, 0.9860972222212763816, 0.08695755992447451455 ) ) ;
#3279 = FACE_OUTER_BOUND ( 'NONE', #4312, .T. ) ;
#3280 = CARTESIAN_POINT ( 'NONE',  ( -0.2271551924328695515, 0.8593611111091281618, 0.04511261879240015954 ) ) ;
#3281 = CARTESIAN_POINT ( 'NONE',  ( 0.000000000000000000, 0.2459999999999999964, 0.3985000000000000209 ) ) ;
#3282 = CARTESIAN_POINT ( 'NONE',  ( -0.2460000000000003018, 0.2460000000000000242, -0.7017244094488186423 ) ) ;
#3283 = CARTESIAN_POINT ( 'NONE',  ( 0.2448396520000440668, 0.8945838406861805758, -0.01223770986546800742 ) ) ;
#3284 = CYLINDRICAL_SURFACE ( 'NONE', #2208, 0.08849999999999999534 ) ;
#3285 =( NAMED_UNIT ( * ) PLANE_ANGLE_UNIT ( ) SI_UNIT ( $, .RADIAN. ) );
#3286 = CARTESIAN_POINT ( 'NONE',  ( 0.2648431528872208784, 1.074638888888354238, 8.041489088183661029E-05 ) ) ;
#3287 = CARTESIAN_POINT ( 'NONE',  ( 0.2157929056403043167, 1.054673611110557019, -0.06538892791839286123 ) ) ;
#3288 = VERTEX_POINT ( 'NONE', #2107 ) ;
#3289 = SURFACE_SIDE_STYLE ('',( #1752 ) ) ;
#3290 = ORIENTED_EDGE ( 'NONE', *, *, #696, .F. ) ;
#3291 =( LENGTH_UNIT ( ) NAMED_UNIT ( * ) SI_UNIT ( $, .METRE. ) );
#3292 = EDGE_CURVE ( 'NONE', #6154, #4002, #173, .T. ) ;
#3293 =( NAMED_UNIT ( * ) PLANE_ANGLE_UNIT ( ) SI_UNIT ( $, .RADIAN. ) );
#3294 = CARTESIAN_POINT ( 'NONE',  ( -0.1087364455406909514, 1.040195368552638389, -0.2396800581954674214 ) ) ;
#3295 = CARTESIAN_POINT ( 'NONE',  ( 0.06846794854157167709, 1.034107134204537815, -0.2547649811838945677 ) ) ;
#3296 = PRESENTATION_STYLE_ASSIGNMENT (( #3770 ) ) ;
#3297 = CARTESIAN_POINT ( 'NONE',  ( 0.1618504736528557919, 0.9479027777763932017, -0.1617527251554947143 ) ) ;
#3298 = ORIENTED_EDGE ( 'NONE', *, *, #1319, .T. ) ;
#3299 = CARTESIAN_POINT ( 'NONE',  ( -0.2204175107787411381, 1.071166666666225176, -0.04391293940500846232 ) ) ;
#3300 = CARTESIAN_POINT ( 'NONE',  ( 0.1959091940927051301, 1.061313217063627024, 0.1578505790121543795 ) ) ;
#3301 = CARTESIAN_POINT ( 'NONE',  ( 0.2226310285587607685, 1.026027777777260841, -0.1486595051026740333 ) ) ;
#3302 = CARTESIAN_POINT ( 'NONE',  ( 0.2068628073945407986, 1.104152777777672956, 0.08575853488549711745 ) ) ;
#3303 = SURFACE_STYLE_USAGE ( .BOTH. , #2651 ) ;
#3304 = ORIENTED_EDGE ( 'NONE', *, *, #2094, .F. ) ;
#3305 = CARTESIAN_POINT ( 'NONE',  ( -0.2364864649269652064, 0.8864444444449995908, -0.1016107602744463351 ) ) ;
#3306 = CARTESIAN_POINT ( 'NONE',  ( 0.2261867002219770106, 0.9904374999990271933, -0.02220848012778764077 ) ) ;
#3307 = CARTESIAN_POINT ( 'NONE',  ( -0.1720466764265096427, 1.052341046676271930, 0.1971536404846075119 ) ) ;
#3308 = CARTESIAN_POINT ( 'NONE',  ( -0.04466077451828961986, 0.9496388888875150203, -0.2241439561758717669 ) ) ;
#3309 = ORIENTED_EDGE ( 'NONE', *, *, #88, .F. ) ;
#3310 = CARTESIAN_POINT ( 'NONE',  ( -0.2305505288964531940, 0.8567569444423569491, -0.02277759660927410751 ) ) ;
#3311 = CARTESIAN_POINT ( 'NONE',  ( -0.1612873885273214403, 0.9866491527542170514, -0.2106164152721383964 ) ) ;
#3312 = CARTESIAN_POINT ( 'NONE',  ( 0.000000000000000000, 0.2459999999999999964, -0.7017244094488186423 ) ) ;
#3313 = CARTESIAN_POINT ( 'NONE',  ( 0.2159092668652269897, 1.049465277777199779, 0.06556654777322498684 ) ) ;
#3314 = FACE_BOUND ( 'NONE', #3615, .T. ) ;
#3315 = CARTESIAN_POINT ( 'NONE',  ( 0.1491528290196647011, 0.9548472222207482485, 0.2233698414340235805 ) ) ;
#3316 = AXIS2_PLACEMENT_3D ( 'NONE', #3751, #4743, #4645 ) ;
#3317 = CARTESIAN_POINT ( 'NONE',  ( 0.1251044536161446119, 1.060749999999548221, -0.1873639681957472714 ) ) ;
#3318 = ORIENTED_EDGE ( 'NONE', *, *, #6058, .T. ) ;
#3319 = LENGTH_MEASURE_WITH_UNIT ( LENGTH_MEASURE( 0.02539999999999999897 ), #5331 );
#3320 = VERTEX_POINT ( 'NONE', #6018 ) ;
#3321 = CARTESIAN_POINT ( 'NONE',  ( 0.01733100770901989732, 0.9802946470404994006, -0.2649167568752444635 ) ) ;
#3322 = CARTESIAN_POINT ( 'NONE',  ( -0.1480996561144022894, 1.087327575225386811, 0.1672356126353821970 ) ) ;
#3323 =( NAMED_UNIT ( * ) SI_UNIT ( $, .STERADIAN. ) SOLID_ANGLE_UNIT ( ) );
#3324 = CARTESIAN_POINT ( 'NONE',  ( 0.000000000000000000, 0.8170000000000000595, 0.000000000000000000 ) ) ;
#3325 = EDGE_CURVE ( 'NONE', #352, #835, #2447, .T. ) ;
#3326 = STYLED_ITEM ( 'NONE', ( #428 ), #5834 ) ;
#3327 = B_SPLINE_CURVE_WITH_KNOTS ( 'NONE', 3,
 ( #6322, #1924, #6385, #3295, #5407, #2331, #459, #5898, #4829, #963, #4301, #5300, #3805, #1348, #395, #4335, #6349, #934, #1858, #5862, #1380, #1889, #3894, #3367, #2946, #908, #5376, #3865, #2885, #5931, #1446, #2914, #3419, #4924, #493, #4424, #1986, #1540, #6025, #3924, #4016, #1511, #527, #2566 ),
 .UNSPECIFIED., .F., .F.,
 ( 4, 2, 2, 2, 2, 2, 2, 2, 2, 2, 2, 2, 2, 2, 2, 2, 2, 2, 2, 2, 2, 4 ),
 ( 0.01047563664614152394, 0.01178476705056279508, 0.01309389745498406622, 0.01374846265719470093, 0.01440302785940533736, 0.01571215826382661024, 0.01702128866824788311, 0.01767585387045851608, 0.01833041907266915599, 0.01963954947709042193, 0.02094867988151169480, 0.02225781028593296768, 0.02291237548814360064, 0.02356694069035424055, 0.02422150589256487352, 0.02487607109477550649, 0.02618520149919677936, 0.02749433190361804530, 0.02880346230803931817, 0.02945802751024994420, 0.03011259271246058411, 0.03142172311688185005 ),
 .UNSPECIFIED. ) ;
#3328 = EDGE_LOOP ( 'NONE', ( #3053, #3541 ) ) ;
#3329 = CARTESIAN_POINT ( 'NONE',  ( -0.1982509786520055273, 1.068562499999646809, -0.1060443093577815993 ) ) ;
#3330 = CARTESIAN_POINT ( 'NONE',  ( -0.1725918398996689751, 0.6589977767815530241, -0.2409907135958726243 ) ) ;
#3331 = LENGTH_MEASURE_WITH_UNIT ( LENGTH_MEASURE( 0.02539999999999999897 ), #1384 );
#3332 = CARTESIAN_POINT ( 'NONE',  ( 0.2492133402708274215, 0.9617916666657486680, 0.1031331374482198776 ) ) ;
#3333 = COLOUR_RGB ( '',0.1019607843137254888, 0.1019607843137254888, 0.1019607843137254888 ) ;
#3334 = UNCERTAINTY_MEASURE_WITH_UNIT (LENGTH_MEASURE( 1.000000000000000082E-05 ), #1239, 'distance_accuracy_value', 'NONE');
#3335 =( GEOMETRIC_REPRESENTATION_CONTEXT ( 3 ) GLOBAL_UNCERTAINTY_ASSIGNED_CONTEXT ( ( #4570 ) ) GLOBAL_UNIT_ASSIGNED_CONTEXT ( ( #291, #3707, #5231 ) ) REPRESENTATION_CONTEXT ( 'NONE', 'WORKASPACE' ) );
#3336 = CARTESIAN_POINT ( 'NONE',  ( -0.1250000000000000278, 0.2459999999999999964, -0.3985000000000000209 ) ) ;
#3337 = EDGE_CURVE ( 'NONE', #2772, #6260, #6220, .T. ) ;
#3338 = CARTESIAN_POINT ( 'NONE',  ( 8.801111935351731206E-05, 0.8385277777754269746, 0.2722279345498390679 ) ) ;
#3339 = ORIENTED_EDGE ( 'NONE', *, *, #4362, .T. ) ;
#3340 = CARTESIAN_POINT ( 'NONE',  ( -0.2595793804475641786, 0.8864444444449997018, -0.03255605190076895500 ) ) ;
#3341 = CARTESIAN_POINT ( 'NONE',  ( 0.000000000000000000, 0.4452600000000002667, -0.7017244094488186423 ) ) ;
#3342 = CARTESIAN_POINT ( 'NONE',  ( 0.1758998976668440795, 0.9834930555544413311, 0.1442616094704865515 ) ) ;
#3343 = CARTESIAN_POINT ( 'NONE',  ( 2.271719812418340408E-17, 0.4315000000000000502, -0.1854999999999999982 ) ) ;
#3344 = CARTESIAN_POINT ( 'NONE',  ( -0.05783802351455955698, 1.055078089860283175, 0.2513993074821267437 ) ) ;
#3345 = MECHANICAL_DESIGN_GEOMETRIC_PRESENTATION_REPRESENTATION (  '', ( #4267 ), #769 ) ;
#3346 = CARTESIAN_POINT ( 'NONE',  ( 0.02264944521845591030, 0.8914791666648557156, -0.2292535561146764878 ) ) ;
#3347 =( LENGTH_UNIT ( ) NAMED_UNIT ( * ) SI_UNIT ( $, .METRE. ) );
#3348 = EDGE_CURVE ( 'NONE', #5593, #714, #5241, .T. ) ;
#3349 = MECHANICAL_DESIGN_GEOMETRIC_PRESENTATION_REPRESENTATION (  '', ( #1274 ), #1482 ) ;
#3350 = CONICAL_SURFACE ( 'NONE', #569, 0.2184132259077137539, 0.8165173839605074368 ) ;
#3351 =( NAMED_UNIT ( * ) PLANE_ANGLE_UNIT ( ) SI_UNIT ( $, .RADIAN. ) );
#3352 = CARTESIAN_POINT ( 'NONE',  ( -0.2254221226445471682, 0.9149166666650374591, 0.04491543438816823081 ) ) ;
#3353 = CARTESIAN_POINT ( 'NONE',  ( -1.077799403750353794E-16, 0.9209583446604344692, -0.2667638526409732980 ) ) ;
#3354 = SURFACE_STYLE_FILL_AREA ( #1368 ) ;
#3355 = CARTESIAN_POINT ( 'NONE',  ( 0.1264940478906867172, 0.9808888888879169210, 0.1891785116304936509 ) ) ;
#3356 = CARTESIAN_POINT ( 'NONE',  ( 0.1431984823817432917, 1.044256944443807678, 0.1745953181270407661 ) ) ;
#3357 = DIRECTION ( 'NONE',  ( 0.000000000000000000, 0.000000000000000000, -1.000000000000000000 ) ) ;
#3358 = DIRECTION ( 'NONE',  ( 0.000000000000000000, 0.000000000000000000, 1.000000000000000000 ) ) ;
#3359 = CARTESIAN_POINT ( 'NONE',  ( -0.2469574170154207049, 0.9947777777765683949, 0.1023867150568871925 ) ) ;
#3360 = CARTESIAN_POINT ( 'NONE',  ( -0.1735876031993156265, 1.085923611110942488, 0.1423720008002999082 ) ) ;
#3361 = ORIENTED_EDGE ( 'NONE', *, *, #2875, .F. ) ;
#3362 = CARTESIAN_POINT ( 'NONE',  ( -0.2059809305504711474, 0.7907847222195933945, -0.1100130709126306838 ) ) ;
#3363 = AXIS2_PLACEMENT_3D ( 'NONE', #1434, #4940, #3885 ) ;
#3364 = CARTESIAN_POINT ( 'NONE',  ( 0.000000000000000000, 0.2459999999999999964, 0.7017244094488189754 ) ) ;
#3365 = CARTESIAN_POINT ( 'NONE',  ( 0.08550283033672463617, 0.9559860976632016394, 0.2521321027749229837 ) ) ;
#3366 = B_SPLINE_CURVE_WITH_KNOTS ( 'NONE', 3,
 ( #3171, #4598, #216, #160, #5585, #3608, #4562, #1664, #716, #2187, #6115, #1634, #3674, #5713, #2599, #5680, #3044, #591, #2570, #4539, #2087, #93, #2053, #3551, #618, #6053, #1573, #3075, #5056, #4057, #6087, #1611 ),
 .UNSPECIFIED., .F., .F.,
 ( 4, 2, 2, 2, 2, 2, 2, 2, 2, 2, 2, 2, 2, 2, 2, 4 ),
 ( 1.061774415835218601E-16, 0.001762172282622915306, 0.002643258423934320266, 0.003524344565245725661, 0.004405430706557130621, 0.005286516847868535582, 0.006167602989179941410, 0.007048689130491346370, 0.007929775271802752198, 0.008810861413114158894, 0.009691947554425567324, 0.01057303369573697228, 0.01145411983704838071, 0.01233520597835978914, 0.01321629211967119584, 0.01409737826098260600 ),
 .UNSPECIFIED. ) ;
#3367 = CARTESIAN_POINT ( 'NONE',  ( 0.2568359694612478150, 1.020499992446245230, 0.06024723484171682492 ) ) ;
#3368 = CARTESIAN_POINT ( 'NONE',  ( 0.000000000000000000, 0.8170000000000000595, 0.2949999999999999845 ) ) ;
#3369 = CARTESIAN_POINT ( 'NONE',  ( 2.946188536147387313E-17, 1.092000000000000082, 0.2184132259077137539 ) ) ;
#3370 = CARTESIAN_POINT ( 'NONE',  ( 0.07940502431798904248, 1.058102792561169680, 0.2423188647661486117 ) ) ;
#3371 = CARTESIAN_POINT ( 'NONE',  ( -0.2247987723256460457, 0.9426944444432457937, 0.1501069620734540588 ) ) ;
#3372 = STYLED_ITEM ( 'NONE', ( #477 ), #2867 ) ;
#3373 = CARTESIAN_POINT ( 'NONE',  ( 0.04415145484317247598, 1.039916666666103717, 0.2215876232198474571 ) ) ;
#3374 =( GEOMETRIC_REPRESENTATION_CONTEXT ( 3 ) GLOBAL_UNCERTAINTY_ASSIGNED_CONTEXT ( ( #1326 ) ) GLOBAL_UNIT_ASSIGNED_CONTEXT ( ( #4034, #5002, #6167 ) ) REPRESENTATION_CONTEXT ( 'NONE', 'WORKASPACE' ) );
#3375 = ORIENTED_EDGE ( 'NONE', *, *, #5303, .T. ) ;
#3376 = CONICAL_SURFACE ( 'NONE', #2863, 0.2835000000000000298, 0.1318119853188208512 ) ;
#3377 = CARTESIAN_POINT ( 'NONE',  ( -0.2182874816678726237, 0.9643958333321409615, 0.06614479507859644114 ) ) ;
#3378 = CARTESIAN_POINT ( 'NONE',  ( 0.1771527110306916342, 0.9279374999984585370, 0.1454750527700817975 ) ) ;
#3379 = VERTEX_POINT ( 'NONE', #3714 ) ;
#3380 = ADVANCED_FACE ( 'NONE', ( #5693 ), #4105, .F. ) ;
#3381 = CARTESIAN_POINT ( 'NONE',  ( -0.01540552025497218813, 0.9065933182693413084, -0.2408893662434272442 ) ) ;
#3382 =( LENGTH_UNIT ( ) NAMED_UNIT ( * ) SI_UNIT ( $, .METRE. ) );
#3383 = CARTESIAN_POINT ( 'NONE',  ( 0.2262848727329523912, 0.9430544785952249542, -0.03704605861215816420 ) ) ;
#3384 = CARTESIAN_POINT ( 'NONE',  ( 0.2212967185448012630, 1.050333333332770014, 0.04394382223257629894 ) ) ;
#3385 = CARTESIAN_POINT ( 'NONE',  ( 0.02182768286636373178, 1.113701340524505090, -0.2223495868767353667 ) ) ;
#3386 = CARTESIAN_POINT ( 'NONE',  ( -0.2559877945585958825, 0.9887013888876516887, -0.07773796276053109022 ) ) ;
#3387 = CARTESIAN_POINT ( 'NONE',  ( 0.2255637949433093592, 1.052069444443882951, 6.809687676877018226E-05 ) ) ;
#3388 = EDGE_LOOP ( 'NONE', ( #2741, #6256, #5027 ) ) ;
#3389 = CARTESIAN_POINT ( 'NONE',  ( -0.2232766337252184985, 0.7977291666641099788, 0.06765652939965105528 ) ) ;
#3390 = LENGTH_MEASURE_WITH_UNIT ( LENGTH_MEASURE( 0.02539999999999999897 ), #2911 );
#3391 = EDGE_LOOP ( 'NONE', ( #3507, #5200, #3560, #2165 ) ) ;
#3392 = CARTESIAN_POINT ( 'NONE',  ( -1.050957930084479913E-12, 0.9808715193518139364, -0.2648987992613558440 ) ) ;
#3393 = DIRECTION ( 'NONE',  ( 0.000000000000000000, 0.000000000000000000, 1.000000000000000000 ) ) ;
#3394 = CARTESIAN_POINT ( 'NONE',  ( 0.1475000000000000200, 0.6583750000000000435, -0.2554774941164094648 ) ) ;
#3395 = CARTESIAN_POINT ( 'NONE',  ( 0.1854999999999999150, 0.2459999999999999964, 0.000000000000000000 ) ) ;
#3396 = CARTESIAN_POINT ( 'NONE',  ( 0.2378491522177826889, 0.9609236111100922795, 0.1272259426109223490 ) ) ;
#3397 = B_SPLINE_CURVE_WITH_KNOTS ( 'NONE', 3,
 ( #3110, #1037, #2466, #6000, #4428, #2602 ),
 .UNSPECIFIED., .F., .F.,
 ( 4, 2, 4 ),
 ( 0.01230519887717961523, 0.01449599310874609068, 0.01668678734031256439 ),
 .UNSPECIFIED. ) ;
#3398 = UNCERTAINTY_MEASURE_WITH_UNIT (LENGTH_MEASURE( 1.000000000000000082E-05 ), #6436, 'distance_accuracy_value', 'NONE');
#3399 = CARTESIAN_POINT ( 'NONE',  ( -0.04416759921516193177, 1.036444444443790802, 0.2216956772693820521 ) ) ;
#3400 = ORIENTED_EDGE ( 'NONE', *, *, #3630, .F. ) ;
#3401 = CARTESIAN_POINT ( 'NONE',  ( -0.2609264192552777639, 0.8864444444449999239, 0.05466307289504274136 ) ) ;
#3402 = CARTESIAN_POINT ( 'NONE',  ( -0.04368996407943943894, 1.085055555555286544, 0.2200183925977499122 ) ) ;
#3403 = CARTESIAN_POINT ( 'NONE',  ( -0.06576686149885076216, 1.006062499999091475, -0.2170401936553725264 ) ) ;
#3404 = CARTESIAN_POINT ( 'NONE',  ( 0.08745592925519946048, 0.9444305555541567809, -0.2113316149998601678 ) ) ;
#3405 = DIRECTION ( 'NONE',  ( 1.000000000000000000, 0.000000000000000000, 0.000000000000000000 ) ) ;
#3406 = EDGE_CURVE ( 'NONE', #2677, #1907, #2019, .T. ) ;
#3407 = CARTESIAN_POINT ( 'NONE',  ( -0.1091179414337518361, 0.8671736111091138399, 0.2039970047015031152 ) ) ;
#3408 = DIRECTION ( 'NONE',  ( 1.000000000000000000, 0.000000000000000000, 0.000000000000000000 ) ) ;
#3409 = CARTESIAN_POINT ( 'NONE',  ( 0.05374798531581865407, 0.9316830340188616555, 0.2267023794390765623 ) ) ;
#3410 = CARTESIAN_POINT ( 'NONE',  ( -0.02233581799984555097, 0.9487708333320110654, -0.2274837531283336600 ) ) ;
#3411 = CARTESIAN_POINT ( 'NONE',  ( -0.06576686152862833146, 1.013006944443583190, -0.2170401936488382255 ) ) ;
#3412 = CARTESIAN_POINT ( 'NONE',  ( 0.2238255568389998784, 1.100680555555371365, -7.283209034461009907E-05 ) ) ;
#3413 = CARTESIAN_POINT ( 'NONE',  ( -0.1262918568447048140, 0.9817569444431206716, -0.2360917231658883064 ) ) ;
#3414 = ADVANCED_FACE ( 'NONE', ( #1457, #977 ), #4109, .F. ) ;
#3415 = CARTESIAN_POINT ( 'NONE',  ( -0.1247392934730521402, 1.088527777777533290, 0.1865636180057448357 ) ) ;
#3416 = ORIENTED_EDGE ( 'NONE', *, *, #3182, .T. ) ;
#3417 = CARTESIAN_POINT ( 'NONE',  ( -0.08526451889976147114, 0.9794021955308260807, -0.2514417942175004583 ) ) ;
#3418 =( NAMED_UNIT ( * ) PLANE_ANGLE_UNIT ( ) SI_UNIT ( $, .RADIAN. ) );
#3419 = CARTESIAN_POINT ( 'NONE',  ( 0.1985413099352507094, 1.016163872301278470, 0.1745493105139674372 ) ) ;
#3420 = FILL_AREA_STYLE_COLOUR ( '', #2627 ) ;
#3421 = CARTESIAN_POINT ( 'NONE',  ( 0.2255637949433093592, 1.045124999999382798, 6.809687676877018226E-05 ) ) ;
#3422 = LENGTH_MEASURE_WITH_UNIT ( LENGTH_MEASURE( 0.02539999999999999897 ), #3268 );
#3423 = DIRECTION ( 'NONE',  ( -0.000000000000000000, 1.000000000000000000, -0.000000000000000000 ) ) ;
#3424 = CARTESIAN_POINT ( 'NONE',  ( 0.1658133183263276744, 0.9470793498374999730, -0.1569839357453583772 ) ) ;
#3425 = CARTESIAN_POINT ( 'NONE',  ( -0.02655255226610566191, 0.9505069444433128512, 0.2687554671583990973 ) ) ;
#3426 = STYLED_ITEM ( 'NONE', ( #190 ), #5767 ) ;
#3427 = CARTESIAN_POINT ( 'NONE',  ( -0.1600067673213109998, 1.031236111110435116, 0.1599101748352063368 ) ) ;
#3428 = ORIENTED_EDGE ( 'NONE', *, *, #2593, .T. ) ;
#3429 = DIRECTION ( 'NONE',  ( 0.000000000000000000, 0.000000000000000000, 1.000000000000000000 ) ) ;
#3430 = CARTESIAN_POINT ( 'NONE',  ( -0.2253626377465665354, 1.016479166665899880, -0.02226499117296570907 ) ) ;
#3431 = FACE_OUTER_BOUND ( 'NONE', #4230, .T. ) ;
#3432 = PRESENTATION_LAYER_ASSIGNMENT (  '', '', ( #2516 ) ) ;
#3433 = PLANE ( 'NONE',  #899 ) ;
#3434 = CARTESIAN_POINT ( 'NONE',  ( 0.1917872772631500633, 0.8836666666647431390, -0.1280643575448063565 ) ) ;
#3435 = STYLED_ITEM ( 'NONE', ( #5174 ), #4573 ) ;
#3436 = CARTESIAN_POINT ( 'NONE',  ( 0.1475000000000000200, 0.8170000000000000595, -0.2554774941164094648 ) ) ;
#3437 = SURFACE_STYLE_FILL_AREA ( #919 ) ;
#3438 = CONICAL_SURFACE ( 'NONE', #3236, 0.2949999999999999845, 1.047197551196600074 ) ;
#3439 = CARTESIAN_POINT ( 'NONE',  ( 0.1796338928823284220, 0.8359236111088419463, -0.1473308901445775365 ) ) ;
#3440 = CARTESIAN_POINT ( 'NONE',  ( -0.2028477994907197657, 0.9018958333315819642, -0.1085032150177176885 ) ) ;
#3441 = CARTESIAN_POINT ( 'NONE',  ( -0.08684465062015363224, 1.013874999999178961, -0.2094688108807790661 ) ) ;
#3442 = CARTESIAN_POINT ( 'NONE',  ( 0.2082648856811133709, 1.048597222221669290, -0.08634552608498226312 ) ) ;
#3443 = EDGE_CURVE ( 'NONE', #835, #2388, #4553, .T. ) ;
#3444 = PRESENTATION_LAYER_ASSIGNMENT (  '', '', ( #3037 ) ) ;
#3445 = AXIS2_PLACEMENT_3D ( 'NONE', #3312, #1215, #5736 ) ;
#3446 = CARTESIAN_POINT ( 'NONE',  ( 0.08784289968329603293, 0.9305416666651261659, 0.2118766612775348224 ) ) ;
#3447 = CARTESIAN_POINT ( 'NONE',  ( -0.2082864963203964748, 0.9296736111093832911, -0.1708236115178248804 ) ) ;
#3448 = CARTESIAN_POINT ( 'NONE',  ( -0.2184033683095245593, 0.9661319444432504566, -0.06632397941153553300 ) ) ;
#3449 = VERTEX_POINT ( 'NONE', #2432 ) ;
#3450 = CARTESIAN_POINT ( 'NONE',  ( -0.1114882005109953944, 0.7856342596328999006, -0.2052059960877642419 ) ) ;
#3451 =( CONVERSION_BASED_UNIT ( 'INCH', #2428 ) LENGTH_UNIT ( ) NAMED_UNIT ( #5024 ) );
#3452 = ORIENTED_EDGE ( 'NONE', *, *, #1276, .F. ) ;
#3453 = CARTESIAN_POINT ( 'NONE',  ( -0.01750529118998277178, 0.9258988750071096563, -0.2666100575388508087 ) ) ;
#3454 = EDGE_CURVE ( 'NONE', #106, #5745, #3568, .T. ) ;
#3455 = CARTESIAN_POINT ( 'NONE',  ( -0.2577045271375588142, 0.9415099083734229657, 0.06864503695055139409 ) ) ;
#3456 =( LENGTH_UNIT ( ) NAMED_UNIT ( * ) SI_UNIT ( $, .METRE. ) );
#3457 = SURFACE_STYLE_FILL_AREA ( #5971 ) ;
#3458 = CARTESIAN_POINT ( 'NONE',  ( -0.2709333070389219889, 0.8810624999983691641, -0.02659616225359528324 ) ) ;
#3459 = UNCERTAINTY_MEASURE_WITH_UNIT (LENGTH_MEASURE( 1.000000000000000082E-05 ), #2553, 'distance_accuracy_value', 'NONE');
#3460 = ORIENTED_EDGE ( 'NONE', *, *, #2434, .F. ) ;
#3461 =( NAMED_UNIT ( * ) PLANE_ANGLE_UNIT ( ) SI_UNIT ( $, .RADIAN. ) );
#3462 = AXIS2_PLACEMENT_3D ( 'NONE', #3579, #3170, #1663 ) ;
#3463 = FILL_AREA_STYLE ('',( #4438 ) ) ;
#3464 = DIMENSIONAL_EXPONENTS ( 1.000000000000000000, 0.000000000000000000, 0.000000000000000000, 0.000000000000000000, 0.000000000000000000, 0.000000000000000000, 0.000000000000000000 ) ;
#3465 = CARTESIAN_POINT ( 'NONE',  ( 0.04467691889082001100, 0.9461666666653013591, -0.2242520102263036164 ) ) ;
#3466 = ORIENTED_EDGE ( 'NONE', *, *, #2196, .T. ) ;
#3467 = CARTESIAN_POINT ( 'NONE',  ( 0.08849999999999995370, 0.2459999999999999964, 0.000000000000000000 ) ) ;
#3468 = AXIS2_PLACEMENT_3D ( 'NONE', #2237, #5308, #5129 ) ;
#3469 = AXIS2_PLACEMENT_3D ( 'NONE', #524, #3004, #3483 ) ;
#3470 = CARTESIAN_POINT ( 'NONE',  ( -0.2133887839774285811, 0.9214011807482597183, 0.1021704221289404524 ) ) ;
#3471 = CARTESIAN_POINT ( 'NONE',  ( 7.014043396203656930E-05, 0.8437361111089088928, -0.2320802376343135964 ) ) ;
#3472 = CARTESIAN_POINT ( 'NONE',  ( 0.2289990443606164938, 0.9423384509625744032, -0.01559871822153876229 ) ) ;
#3473 = CARTESIAN_POINT ( 'NONE',  ( -0.2026054340261505271, 0.9105763888872346890, 0.1083795585812247914 ) ) ;
#3474 = CARTESIAN_POINT ( 'NONE',  ( 0.04467691889312600667, 0.9531111111097636535, -0.2242520102257804515 ) ) ;
#3475 = CARTESIAN_POINT ( 'NONE',  ( -0.1738844677505492209, 1.066826388888477473, -0.1426086463812503424 ) ) ;
#3476 = PLANE ( 'NONE',  #5704 ) ;
#3477 = AXIS2_PLACEMENT_3D ( 'NONE', #5418, #5386, #914 ) ;
#3478 = CARTESIAN_POINT ( 'NONE',  ( 0.01750817862199452457, 0.9203796039149867436, -0.2667818684177836741 ) ) ;
#3479 = CARTESIAN_POINT ( 'NONE',  ( 0.2666087226227881191, 0.8506805555532609420, 0.05311600235554898158 ) ) ;
#3480 = CARTESIAN_POINT ( 'NONE',  ( -0.1898138712463689204, 0.9635277777764964524, -0.1269125179150155103 ) ) ;
#3481 = VERTEX_POINT ( 'NONE', #4842 ) ;
#3482 = CARTESIAN_POINT ( 'NONE',  ( 1.083812417245407500E-17, 0.3344999999999999640, 0.08849999999999999534 ) ) ;
#3483 = DIRECTION ( 'NONE',  ( 1.000000000000000000, 0.000000000000000000, 0.000000000000000000 ) ) ;
#3484 = CARTESIAN_POINT ( 'NONE',  ( -1.696733714814913445E-16, 0.9530937220069095606, 0.2657635018093899570 ) ) ;
#3485 = SURFACE_STYLE_USAGE ( .BOTH. , #528 ) ;
#3486 = CARTESIAN_POINT ( 'NONE',  ( -0.2039587719527585219, 1.108493055555252571, 0.1672810397299888119 ) ) ;
#3487 = EDGE_CURVE ( 'NONE', #3481, #1014, #1804, .T. ) ;
#3488 = DIRECTION ( 'NONE',  ( 0.000000000000000000, 1.000000000000000000, 0.000000000000000000 ) ) ;
#3489 = CARTESIAN_POINT ( 'NONE',  ( -0.1854999999999999150, 0.2459999999999999964, 0.000000000000000000 ) ) ;
#3490 = DIRECTION ( 'NONE',  ( 0.000000000000000000, 0.000000000000000000, 1.000000000000000000 ) ) ;
#3491 = CARTESIAN_POINT ( 'NONE',  ( 0.1731477939024770873, 0.8619652777759553297, -0.2108504887415587892 ) ) ;
#3492 = VERTEX_POINT ( 'NONE', #4318 ) ;
#3493 = CARTESIAN_POINT ( 'NONE',  ( 0.000000000000000000, 1.121513888888916455, -0.2223225634307162968 ) ) ;
#3494 = CARTESIAN_POINT ( 'NONE',  ( -0.07188113374115533138, 0.7840138900150569468, -0.2212273831361369070 ) ) ;
#3495 = ORIENTED_EDGE ( 'NONE', *, *, #6389, .F. ) ;
#3496 = CARTESIAN_POINT ( 'NONE',  ( -0.2371723045966623589, 0.9176678103160460509, -0.01083093705127935458 ) ) ;
#3497 = CARTESIAN_POINT ( 'NONE',  ( 0.1973090714704341386, 1.105020833333233865, -0.1053873478739223157 ) ) ;
#3498 = SURFACE_STYLE_FILL_AREA ( #2141 ) ;
#3499 = PRESENTATION_STYLE_ASSIGNMENT (( #4969 ) ) ;
#3500 = CARTESIAN_POINT ( 'NONE',  ( -0.2125358530204058682, 0.9027638888871211131, -0.08795429855475973835 ) ) ;
#3501 = CARTESIAN_POINT ( 'NONE',  ( -0.2013825683756704232, 0.9643958333320974408, -0.1075570488897914095 ) ) ;
#3502 = LINE ( 'NONE', #2074, #4307 ) ;
#3503 = CARTESIAN_POINT ( 'NONE',  ( -0.2593621068494023629, 0.8775902777756375839, -0.07858506399884988836 ) ) ;
#3504 = CARTESIAN_POINT ( 'NONE',  ( -0.04485876069940762656, 0.9010277777760622442, -0.2258768664792920600 ) ) ;
#3505 = DIRECTION ( 'NONE',  ( -0.000000000000000000, -0.000000000000000000, 1.000000000000000000 ) ) ;
#3506 = CARTESIAN_POINT ( 'NONE',  ( 0.1902619293783117671, 0.9461666666652781554, -0.1272184560387311647 ) ) ;
#3507 = ORIENTED_EDGE ( 'NONE', *, *, #1165, .T. ) ;
#3508 = CARTESIAN_POINT ( 'NONE',  ( -0.2628984045811790793, 0.9915474540370606826, 0.03431936892756085045 ) ) ;
#3509 = SURFACE_STYLE_USAGE ( .BOTH. , #1538 ) ;
#3510 = CARTESIAN_POINT ( 'NONE',  ( 0.1776604331693045769, 0.9385546130388673358, -0.1476393841174926669 ) ) ;
#3511 = FILL_AREA_STYLE_COLOUR ( '', #4086 ) ;
#3512 = CARTESIAN_POINT ( 'NONE',  ( 0.2580122559514300140, 1.131930555555432427, -0.05124041132093912904 ) ) ;
#3513 =( CONVERSION_BASED_UNIT ( 'INCH', #5846 ) LENGTH_UNIT ( ) NAMED_UNIT ( #3822 ) );
#3514 = DIRECTION ( 'NONE',  ( 0.4999999999999998335, -0.000000000000000000, 0.8660254037844388186 ) ) ;
#3515 = CARTESIAN_POINT ( 'NONE',  ( -0.1922646427897432286, 0.8888749999984361105, 0.1923890043171082309 ) ) ;
#3516 = CARTESIAN_POINT ( 'NONE',  ( 0.2502842397352664783, 1.015278390029181521, 0.08520961399983814633 ) ) ;
#3517 = COLOUR_RGB ( '',0.1019607843137254888, 0.1019607843137254888, 0.1019607843137254888 ) ;
#3518 = DIRECTION ( 'NONE',  ( -0.000000000000000000, -0.000000000000000000, 1.000000000000000000 ) ) ;
#3519 = UNCERTAINTY_MEASURE_WITH_UNIT (LENGTH_MEASURE( 1.000000000000000082E-05 ), #5616, 'distance_accuracy_value', 'NONE');
#3520 = EDGE_CURVE ( 'NONE', #4724, #1344, #1813, .T. ) ;
#3521 = EDGE_LOOP ( 'NONE', ( #663, #4412, #4069, #115 ) ) ;
#3522 = FACE_OUTER_BOUND ( 'NONE', #2328, .T. ) ;
#3523 = CARTESIAN_POINT ( 'NONE',  ( 0.1862800963129330745, 1.102416666666579559, 0.1243807251307389172 ) ) ;
#3524 = CARTESIAN_POINT ( 'NONE',  ( 0.000000000000000000, 0.3710000000000001630, -0.7970000000000000417 ) ) ;
#3525 = CARTESIAN_POINT ( 'NONE',  ( -0.1091179414080020449, 0.8602291666645789370, 0.2039970047200062031 ) ) ;
#3526 = VERTEX_POINT ( 'NONE', #3436 ) ;
#3527 =( GEOMETRIC_REPRESENTATION_CONTEXT ( 3 ) GLOBAL_UNCERTAINTY_ASSIGNED_CONTEXT ( ( #5091 ) ) GLOBAL_UNIT_ASSIGNED_CONTEXT ( ( #427, #4791, #3323 ) ) REPRESENTATION_CONTEXT ( 'NONE', 'WORKASPACE' ) );
#3528 = ADVANCED_FACE ( 'NONE', ( #571 ), #551, .T. ) ;
#3529 = LINE ( 'NONE', #3089, #4635 ) ;
#3530 = MECHANICAL_DESIGN_GEOMETRIC_PRESENTATION_REPRESENTATION (  '', ( #1158 ), #2825 ) ;
#3531 = CARTESIAN_POINT ( 'NONE',  ( 0.1422048138435421938, 1.092868055555392237, 0.1731621402753499572 ) ) ;
#3532 = CARTESIAN_POINT ( 'NONE',  ( 0.000000000000000000, 0.2459999999999999964, 0.7773149606299212255 ) ) ;
#3533 = CARTESIAN_POINT ( 'NONE',  ( -0.1791671037900581798, 0.8515486111089576315, -0.1471292796417888737 ) ) ;
#3534 = CARTESIAN_POINT ( 'NONE',  ( 0.000000000000000000, 0.8170000000000000595, 0.1820000000000000229 ) ) ;
#3535 =( GEOMETRIC_REPRESENTATION_CONTEXT ( 3 ) GLOBAL_UNCERTAINTY_ASSIGNED_CONTEXT ( ( #2826 ) ) GLOBAL_UNIT_ASSIGNED_CONTEXT ( ( #1640, #5166, #3681 ) ) REPRESENTATION_CONTEXT ( 'NONE', 'WORKASPACE' ) );
#3536 = EDGE_CURVE ( 'NONE', #2677, #758, #3164, .T. ) ;
#3537 = PRESENTATION_LAYER_ASSIGNMENT (  '', '', ( #6161 ) ) ;
#3538 = PRESENTATION_LAYER_ASSIGNMENT (  '', '', ( #3030 ) ) ;
#3539 = SURFACE_STYLE_FILL_AREA ( #1053 ) ;
#3540 = CARTESIAN_POINT ( 'NONE',  ( 0.08784289970764602717, 0.9305416666652172042, 0.2118766612595854026 ) ) ;
#3541 = ORIENTED_EDGE ( 'NONE', *, *, #4927, .F. ) ;
#3542 = CARTESIAN_POINT ( 'NONE',  ( -0.2561748666457511203, 0.9927011487693236935, 0.06818230045885584345 ) ) ;
#3543 = FILL_AREA_STYLE ('',( #5639 ) ) ;
#3544 = PRESENTATION_LAYER_ASSIGNMENT (  '', '', ( #1274 ) ) ;
#3545 = CARTESIAN_POINT ( 'NONE',  ( -0.03477294084721244821, 0.9264676092714031475, -0.2648849217349299456 ) ) ;
#3546 = CARTESIAN_POINT ( 'NONE',  ( 0.1854999999999997762, 0.2459999999999999964, 0.3985000000000000209 ) ) ;
#3547 = CARTESIAN_POINT ( 'NONE',  ( -0.2593702827164469094, 0.9371678287647368100, -0.06080466258708296795 ) ) ;
#3548 = CARTESIAN_POINT ( 'NONE',  ( 0.2631049147832246748, 1.130194444444358126, -8.515013823205536928E-05 ) ) ;
#3549 = STYLED_ITEM ( 'NONE', ( #4464 ), #845 ) ;
#3550 = CARTESIAN_POINT ( 'NONE',  ( 9.211143456245513347E-16, 0.9253183632719230722, -0.2666281284452778899 ) ) ;
#3551 = CARTESIAN_POINT ( 'NONE',  ( -0.1209431059831134331, 1.076871338550039248, -0.2012541552015953139 ) ) ;
#3552 = SURFACE_STYLE_USAGE ( .BOTH. , #1194 ) ;
#3553 = CARTESIAN_POINT ( 'NONE',  ( -0.2106227400679346329, 0.8758541666649273250, -0.1727396914348726942 ) ) ;
#3554 = CARTESIAN_POINT ( 'NONE',  ( 0.2403849776936432814, 1.014413217981470883, 0.1091274510841680478 ) ) ;
#3555 = CARTESIAN_POINT ( 'NONE',  ( -0.2627337994090958029, 1.050353506827627292, 0.001044529584056204862 ) ) ;
#3556 = ORIENTED_EDGE ( 'NONE', *, *, #5130, .F. ) ;
#3557 = CARTESIAN_POINT ( 'NONE',  ( -0.04368996407943943894, 1.091999999999786697, 0.2200183925977499122 ) ) ;
#3558 = COLOUR_RGB ( '',0.1019607843137254888, 0.1019607843137254888, 0.1019607843137254888 ) ;
#3559 = CARTESIAN_POINT ( 'NONE',  ( 0.2280865096646456647, 0.8211666666642427614, 0.04544089840859363849 ) ) ;
#3560 = ORIENTED_EDGE ( 'NONE', *, *, #2145, .F. ) ;
#3561 = CARTESIAN_POINT ( 'NONE',  ( 0.2950000000000000400, 0.6847233372557270936, -0.1703183294109395784 ) ) ;
#3562 = DIRECTION ( 'NONE',  ( 0.000000000000000000, 1.000000000000000000, 0.000000000000000000 ) ) ;
#3563 = CARTESIAN_POINT ( 'NONE',  ( 0.1645165506157649227, 0.8229027777753966655, 0.1646160331717608782 ) ) ;
#3564 = CARTESIAN_POINT ( 'NONE',  ( 0.2147420825257556065, 0.8333194444421838654, -0.08887305297095320078 ) ) ;
#3565 = CARTESIAN_POINT ( 'NONE',  ( -0.1303324943454981510, 0.8886879295950923519, 0.2340646558209258099 ) ) ;
#3566 = EDGE_CURVE ( 'NONE', #106, #6320, #1991, .T. ) ;
#3567 = CARTESIAN_POINT ( 'NONE',  ( 0.08638120632016842160, 1.034708333332639008, 0.2087208924635891583 ) ) ;
#3568 = CIRCLE ( 'NONE', #2764, 0.2949999999999999845 ) ;
#3569 = CARTESIAN_POINT ( 'NONE',  ( 0.2465656477601264052, 0.8053209323142193066, 0.1982819157146558375 ) ) ;
#3570 = CARTESIAN_POINT ( 'NONE',  ( -0.04470539656892295183, 0.9253333333317521614, 0.2251316963957213368 ) ) ;
#3571 = VERTEX_POINT ( 'NONE', #304 ) ;
#3572 =( NAMED_UNIT ( * ) PLANE_ANGLE_UNIT ( ) SI_UNIT ( $, .RADIAN. ) );
#3573 = PRESENTATION_LAYER_ASSIGNMENT (  '', '', ( #3270 ) ) ;
#3574 =( NAMED_UNIT ( * ) PLANE_ANGLE_UNIT ( ) SI_UNIT ( $, .RADIAN. ) );
#3575 = DIRECTION ( 'NONE',  ( 1.000000000000000000, 0.000000000000000000, 0.000000000000000000 ) ) ;
#3576 = CIRCLE ( 'NONE', #2456, 0.2699999999999996292 ) ;
#3577 = CARTESIAN_POINT ( 'NONE',  ( 0.2120378186329769932, 0.9128524966354166770, -0.1625242498439024019 ) ) ;
#3578 = CARTESIAN_POINT ( 'NONE',  ( -0.1468779156951567633, 1.093736111110716891, -0.2196644251347530385 ) ) ;
#3579 = CARTESIAN_POINT ( 'NONE',  ( 0.000000000000000000, 0.2459999999999999964, 0.000000000000000000 ) ) ;
#3580 = CARTESIAN_POINT ( 'NONE',  ( -0.1474999999999999645, 0.8170000000000000595, -0.2554774941164094093 ) ) ;
#3581 = SURFACE_STYLE_FILL_AREA ( #1099 ) ;
#3582 = CYLINDRICAL_SURFACE ( 'NONE', #3740, 0.1250000000000001110 ) ;
#3583 = CARTESIAN_POINT ( 'NONE',  ( 0.07878932203935781753, 0.8984236111095416089, 0.2600180072143311039 ) ) ;
#3584 = CARTESIAN_POINT ( 'NONE',  ( 0.2552978349622244125, 1.020486453834326568, -0.06815297503948972158 ) ) ;
#3585 = UNCERTAINTY_MEASURE_WITH_UNIT (LENGTH_MEASURE( 1.000000000000000082E-05 ), #32, 'distance_accuracy_value', 'NONE');
#3586 = CARTESIAN_POINT ( 'NONE',  ( -0.2463548654708773988, 1.047156372559955528, -0.09201305314250037004 ) ) ;
#3587 = CARTESIAN_POINT ( 'NONE',  ( 0.1321667420918863911, 1.027435902795103662, -0.2285477773039766014 ) ) ;
#3588 = ORIENTED_EDGE ( 'NONE', *, *, #1444, .F. ) ;
#3589 = CARTESIAN_POINT ( 'NONE',  ( 0.000000000000000000, 0.8170000000000000595, 0.000000000000000000 ) ) ;
#3590 = CARTESIAN_POINT ( 'NONE',  ( -0.02233581799984555097, 0.9487708333320110654, -0.2274837531283336600 ) ) ;
#3591 = CARTESIAN_POINT ( 'NONE',  ( -0.1939550210309765321, 0.8003333333308088049, 0.1295118145151784861 ) ) ;
#3592 = ORIENTED_EDGE ( 'NONE', *, *, #1047, .F. ) ;
#3593 = SURFACE_SIDE_STYLE ('',( #2649 ) ) ;
#3594 = ADVANCED_FACE ( 'NONE', ( #2717 ), #6306, .F. ) ;
#3595 = PRESENTATION_STYLE_ASSIGNMENT (( #605 ) ) ;
#3596 = CARTESIAN_POINT ( 'NONE',  ( -0.2390699175656438580, 0.9388847149279111459, 0.1174217323140437225 ) ) ;
#3597 = CARTESIAN_POINT ( 'NONE',  ( -0.02282017785632201035, 0.8446041666644995560, -0.2309277775314019232 ) ) ;
#3598 = DIRECTION ( 'NONE',  ( -0.000000000000000000, -0.000000000000000000, 1.000000000000000000 ) ) ;
#3599 = CARTESIAN_POINT ( 'NONE',  ( -3.572673985899805740E-17, 0.6847233372557268716, 0.3406366588218791569 ) ) ;
#3600 = CARTESIAN_POINT ( 'NONE',  ( -0.1600067673177358041, 1.024291666665953393, 0.1599101748353532748 ) ) ;
#3601 = ADVANCED_FACE ( 'NONE', ( #4450 ), #5701, .T. ) ;
#3602 = PRESENTATION_STYLE_ASSIGNMENT (( #4452 ) ) ;
#3603 = CARTESIAN_POINT ( 'NONE',  ( 0.2042696265705705450, 0.8896919524403561486, 0.1383848092785301409 ) ) ;
#3604 = FILL_AREA_STYLE_COLOUR ( '', #1908 ) ;
#3605 = CARTESIAN_POINT ( 'NONE',  ( 0.2465656477601265162, 0.6700540676857811295, -0.1982819157146557265 ) ) ;
#3606 = ADVANCED_FACE ( 'NONE', ( #3279 ), #4505, .F. ) ;
#3607 = CARTESIAN_POINT ( 'NONE',  ( -3.306546357697849419E-17, 0.8170000000000000595, -0.2699999999999996292 ) ) ;
#3608 = CARTESIAN_POINT ( 'NONE',  ( -0.2145095392964384284, 1.084450061886525818, 0.07347157121356172327 ) ) ;
#3609 = SURFACE_STYLE_USAGE ( .BOTH. , #3108 ) ;
#3610 = CARTESIAN_POINT ( 'NONE',  ( -0.06928848832539005742, 0.8952246587529828492, 0.2588185308201157997 ) ) ;
#3611 = CARTESIAN_POINT ( 'NONE',  ( -0.2279625664297431353, 0.8211666666645234258, -0.1522131575735612419 ) ) ;
#3612 = CARTESIAN_POINT ( 'NONE',  ( 0.000000000000000000, 0.2459999999999999964, -0.7773149606299212255 ) ) ;
#3613 = CARTESIAN_POINT ( 'NONE',  ( 0.1337412667333457428, 0.9163280393715619310, -0.2316517092562404567 ) ) ;
#3614 = LINE ( 'NONE', #200, #2828 ) ;
#3615 = EDGE_LOOP ( 'NONE', ( #6345, #811 ) ) ;
#3616 = FILL_AREA_STYLE_COLOUR ( '', #1571 ) ;
#3617 = LENGTH_MEASURE_WITH_UNIT ( LENGTH_MEASURE( 0.02539999999999999897 ), #4703 );
#3618 = CARTESIAN_POINT ( 'NONE',  ( -0.1471674944252042427, 0.8428680555533515362, -0.1792053185764987122 ) ) ;
#3619 = AXIS2_PLACEMENT_3D ( 'NONE', #4087, #4558, #2626 ) ;
#3620 = CARTESIAN_POINT ( 'NONE',  ( 0.2493652674128053193, 0.9114444444425578995, -0.1033849641201490949 ) ) ;
#3621 = CARTESIAN_POINT ( 'NONE',  ( 0.1545944430370846112, 0.9542236420811757158, 0.2163053352244486971 ) ) ;
#3622 = CARTESIAN_POINT ( 'NONE',  ( 0.000000000000000000, 0.2459999999999999964, -0.5032890738579166579 ) ) ;
#3623 = CARTESIAN_POINT ( 'NONE',  ( -0.06757258946930942700, 0.8133541666642746248, 0.2230178171470777460 ) ) ;
#3624 = CARTESIAN_POINT ( 'NONE',  ( -0.2607394963220845963, 1.047304336452498097, 0.04005219591806185447 ) ) ;
#3625 = PRESENTATION_LAYER_ASSIGNMENT (  '', '', ( #1967 ) ) ;
#3626 = B_SPLINE_CURVE_WITH_KNOTS ( 'NONE', 3,
 ( #6253, #2294, #2819, #2856, #2818, #426, #6451, #3829, #5336, #3322 ),
 .UNSPECIFIED., .F., .F.,
 ( 4, 2, 2, 2, 4 ),
 ( 0.0004796365778452854828, 0.001513689920355426339, 0.002547743262865566870, 0.003581796605375707401, 0.004615849947885848799 ),
 .UNSPECIFIED. ) ;
#3627 = CARTESIAN_POINT ( 'NONE',  ( -0.2477526311571511819, 0.9872065618150764887, -0.09360182424050401961 ) ) ;
#3628 =( NAMED_UNIT ( * ) SI_UNIT ( $, .STERADIAN. ) SOLID_ANGLE_UNIT ( ) );
#3629 = CARTESIAN_POINT ( 'NONE',  ( 0.2329976815998553441, 0.8917214443314221972, 0.07916500806786251621 ) ) ;
#3630 = EDGE_CURVE ( 'NONE', #5222, #2486, #4431, .T. ) ;
#3631 = VECTOR ( 'NONE', #6006, 39.37007874015748143 ) ;
#3632 = CARTESIAN_POINT ( 'NONE',  ( 0.06008825428897852927, 0.9170854092094214982, 0.2302506426787415128 ) ) ;
#3633 = CARTESIAN_POINT ( 'NONE',  ( -0.02591893389568085404, 1.059881944443838764, 0.2640351156591101422 ) ) ;
#3634 = CARTESIAN_POINT ( 'NONE',  ( 0.2149443290447687893, 0.8194305555531209428, 0.08895103721682075248 ) ) ;
#3635 = ORIENTED_EDGE ( 'NONE', *, *, #2993, .F. ) ;
#3636 = CARTESIAN_POINT ( 'NONE',  ( 0.2314570521800258240, 0.9160443484577862616, -0.1332259921059935626 ) ) ;
#3637 = CARTESIAN_POINT ( 'NONE',  ( -0.2949999999999998734, 0.6608525928986700437, -0.05740012814197054808 ) ) ;
#3638 = CARTESIAN_POINT ( 'NONE',  ( -0.1434351279127219214, 1.025159722221526737, 0.1748921827191494971 ) ) ;
#3639 = SURFACE_SIDE_STYLE ('',( #5644 ) ) ;
#3640 = DIRECTION ( 'NONE',  ( 1.000000000000000000, 0.000000000000000000, 0.000000000000000000 ) ) ;
#3641 = DIRECTION ( 'NONE',  ( -0.000000000000000000, -0.000000000000000000, 1.000000000000000000 ) ) ;
#3642 = EDGE_CURVE ( 'NONE', #2031, #4735, #6278, .T. ) ;
#3643 = CARTESIAN_POINT ( 'NONE',  ( -0.1529368860574774613, 0.7794999999975400495, 0.2290464383103725798 ) ) ;
#3644 = LENGTH_MEASURE_WITH_UNIT ( LENGTH_MEASURE( 0.02539999999999999897 ), #5023 );
#3645 = UNCERTAINTY_MEASURE_WITH_UNIT (LENGTH_MEASURE( 1.000000000000000082E-05 ), #5116, 'distance_accuracy_value', 'NONE');
#3646 = PRESENTATION_LAYER_ASSIGNMENT (  '', '', ( #1987 ) ) ;
#3647 = CARTESIAN_POINT ( 'NONE',  ( -0.2013825683756704232, 0.9643958333320974408, -0.1075570488897914095 ) ) ;
#3648 = DIRECTION ( 'NONE',  ( -0.000000000000000000, -1.000000000000000000, -0.000000000000000000 ) ) ;
#3649 = CARTESIAN_POINT ( 'NONE',  ( -0.1740439084208998122, 1.042806218606397106, -0.1978844452918481212 ) ) ;
#3650 = ORIENTED_EDGE ( 'NONE', *, *, #3406, .F. ) ;
#3651 =( NAMED_UNIT ( * ) PLANE_ANGLE_UNIT ( ) SI_UNIT ( $, .RADIAN. ) );
#3652 =( GEOMETRIC_REPRESENTATION_CONTEXT ( 3 ) GLOBAL_UNCERTAINTY_ASSIGNED_CONTEXT ( ( #5592 ) ) GLOBAL_UNIT_ASSIGNED_CONTEXT ( ( #812, #4333, #2850 ) ) REPRESENTATION_CONTEXT ( 'NONE', 'WORKASPACE' ) );
#3653 = PRODUCT_RELATED_PRODUCT_CATEGORY ( 'part', '', ( #2573 ) ) ;
#3654 = CARTESIAN_POINT ( 'NONE',  ( -0.07768985365843537882, 1.037312499999489157, -0.2558112074716301088 ) ) ;
#3655 = CARTESIAN_POINT ( 'NONE',  ( 0.2100050616399339598, 0.8584930555533023533, -0.1722399290763253488 ) ) ;
#3656 = COLOUR_RGB ( '',0.1019607843137254888, 0.1019607843137254888, 0.1019607843137254888 ) ;
#3657 = CARTESIAN_POINT ( 'NONE',  ( 0.2108278853463994018, 0.9683960445487959090, -0.1612589130561626338 ) ) ;
#3658 = CARTESIAN_POINT ( 'NONE',  ( -0.1802125149557029238, 0.8081458333308099151, 0.1479946078617285499 ) ) ;
#3659 = CARTESIAN_POINT ( 'NONE',  ( 0.02213683981380087235, 1.058145833332824859, -0.2240656649583619708 ) ) ;
#3660 = CARTESIAN_POINT ( 'NONE',  ( -0.1099558123742160193, 1.035876002053632838, -0.2393856746865800356 ) ) ;
#3661 = CARTESIAN_POINT ( 'NONE',  ( -0.1474999999999999645, 0.6583750000000000435, -0.2554774941164094093 ) ) ;
#3662 =( CONVERSION_BASED_UNIT ( 'INCH', #4679 ) LENGTH_UNIT ( ) NAMED_UNIT ( #2684 ) );
#3663 = CARTESIAN_POINT ( 'NONE',  ( 0.1863577151403474907, 0.8995053238285996011, -0.1568035934381002139 ) ) ;
#3664 = CIRCLE ( 'NONE', #1703, 0.1250000000000001665 ) ;
#3665 = CARTESIAN_POINT ( 'NONE',  ( 1.074138087161970312E-12, 0.9143537889079038639, 0.2383678364809209971 ) ) ;
#3666 = MECHANICAL_DESIGN_GEOMETRIC_PRESENTATION_REPRESENTATION (  '', ( #4514 ), #5033 ) ;
#3667 = CARTESIAN_POINT ( 'NONE',  ( -0.2054938580745966359, 1.040784722221367087, -0.1687489087641388663 ) ) ;
#3668 = COLOUR_RGB ( '',0.2509803921568627416, 0.2509803921568627416, 0.2509803921568627416 ) ;
#3669 = CARTESIAN_POINT ( 'NONE',  ( 0.02259049374431386023, 0.8654374999979446148, 0.2300778589454741674 ) ) ;
#3670 = COLOUR_RGB ( '',0.1019607843137254888, 0.1019607843137254888, 0.1019607843137254888 ) ;
#3671 = EDGE_LOOP ( 'NONE', ( #3048, #5240 ) ) ;
#3672 = CARTESIAN_POINT ( 'NONE',  ( 0.000000000000000000, 0.4452599999999999891, 0.7017244094488189754 ) ) ;
#3673 = PLANE ( 'NONE',  #148 ) ;
#3674 = CARTESIAN_POINT ( 'NONE',  ( -0.2260784773222741795, 1.081612286063878159, -0.04098342834199306811 ) ) ;
#3675 = ORIENTED_EDGE ( 'NONE', *, *, #295, .T. ) ;
#3676 = FACE_OUTER_BOUND ( 'NONE', #4344, .T. ) ;
#3677 = CARTESIAN_POINT ( 'NONE',  ( -0.07954518919951800160, 0.8150902777755830719, -0.2625125832429288653 ) ) ;
#3678 = CARTESIAN_POINT ( 'NONE',  ( 0.1605202568768980265, 1.003458333332379659, -0.1606247020246287238 ) ) ;
#3679 = EDGE_CURVE ( 'NONE', #2944, #4064, #4400, .T. ) ;
#3680 = CYLINDRICAL_SURFACE ( 'NONE', #4405, 0.1249999999999999029 ) ;
#3681 =( NAMED_UNIT ( * ) SI_UNIT ( $, .STERADIAN. ) SOLID_ANGLE_UNIT ( ) );
#3682 = EDGE_LOOP ( 'NONE', ( #2507, #1621, #4206 ) ) ;
#3683 = CARTESIAN_POINT ( 'NONE',  ( 0.000000000000000000, 0.2459999999999999964, 0.000000000000000000 ) ) ;
#3684 = DIRECTION ( 'NONE',  ( 0.000000000000000000, 0.000000000000000000, 1.000000000000000000 ) ) ;
#3685 = CARTESIAN_POINT ( 'NONE',  ( 0.2562761431724182026, 1.023423611110596987, -0.07765552129922144442 ) ) ;
#3686 = ADVANCED_FACE ( 'NONE', ( #4625 ), #710, .F. ) ;
#3687 = CARTESIAN_POINT ( 'NONE',  ( -0.1730664106339247776, 0.8168263888862723476, -0.2110127765877518047 ) ) ;
#3688 = ORIENTED_EDGE ( 'NONE', *, *, #928, .F. ) ;
#3689 = CARTESIAN_POINT ( 'NONE',  ( -9.465426446797661664E-16, 1.087517451239683242, 0.2231838181921204367 ) ) ;
#3690 = CARTESIAN_POINT ( 'NONE',  ( -0.1982509786520055273, 1.068562499999646809, -0.1060443093577815993 ) ) ;
#3691 = CARTESIAN_POINT ( 'NONE',  ( -0.1996601281248936433, 1.039678759948569509, -0.1716637940170012144 ) ) ;
#3692 = CARTESIAN_POINT ( 'NONE',  ( 0.1264940478655355860, 0.9808888888877612677, 0.1891785116515797283 ) ) ;
#3693 = CARTESIAN_POINT ( 'NONE',  ( -0.2410616035255858380, 0.9985125671710860518, 0.1088311767728166457 ) ) ;
#3694 = DIRECTION ( 'NONE',  ( 0.000000000000000000, 0.000000000000000000, -1.000000000000000000 ) ) ;
#3695 = DIRECTION ( 'NONE',  ( -0.000000000000000000, -0.000000000000000000, 1.000000000000000000 ) ) ;
#3696 = LENGTH_MEASURE_WITH_UNIT ( LENGTH_MEASURE( 0.02539999999999999897 ), #2152 );
#3697 = CARTESIAN_POINT ( 'NONE',  ( -0.1877901778553419943, 1.053805555554851336, 0.1876761650232122713 ) ) ;
#3698 = CARTESIAN_POINT ( 'NONE',  ( -0.04485876067009000878, 0.8940833333315427733, -0.2258768664817416560 ) ) ;
#3699 = ORIENTED_EDGE ( 'NONE', *, *, #6277, .F. ) ;
#3700 = CARTESIAN_POINT ( 'NONE',  ( 0.01755892288022786046, 0.8981177782663807285, 0.2670425039059550198 ) ) ;
#3701 = ORIENTED_EDGE ( 'NONE', *, *, #696, .T. ) ;
#3702 = CARTESIAN_POINT ( 'NONE',  ( -0.1896195335102481561, 0.9669999999988089234, 0.1266169005443792128 ) ) ;
#3703 = CARTESIAN_POINT ( 'NONE',  ( 0.1250000000000001665, 0.2459999999999999964, -0.7970000000000001528 ) ) ;
#3704 = CARTESIAN_POINT ( 'NONE',  ( -0.2949999999999999845, 0.8144523933780765113, 0.05802577058558320428 ) ) ;
#3705 = CARTESIAN_POINT ( 'NONE',  ( 0.05613540326860955165, 1.072532737338171005, -0.2325897654896275368 ) ) ;
#3706 = CARTESIAN_POINT ( 'NONE',  ( -0.2743206069355199062, 0.7716874999974216998, 0.02710773897895523907 ) ) ;
#3707 =( NAMED_UNIT ( * ) PLANE_ANGLE_UNIT ( ) SI_UNIT ( $, .RADIAN. ) );
#3708 = CARTESIAN_POINT ( 'NONE',  ( 0.04419768035500456355, 1.008666666665833489, -0.2225750444979261722 ) ) ;
#3709 = FACE_OUTER_BOUND ( 'NONE', #2284, .T. ) ;
#3710 = VERTEX_POINT ( 'NONE', #4780 ) ;
#3711 = CARTESIAN_POINT ( 'NONE',  ( 0.1700236012080542369, 1.013006944443801904, 0.2073027306537734704 ) ) ;
#3712 = EDGE_LOOP ( 'NONE', ( #1317, #1675, #2854, #4238 ) ) ;
#3713 = ADVANCED_FACE ( 'NONE', ( #1882 ), #3680, .F. ) ;
#3714 = CARTESIAN_POINT ( 'NONE',  ( 0.2949999999999999289, 0.7906516627442732315, 0.1703183294109396617 ) ) ;
#3715 = CARTESIAN_POINT ( 'NONE',  ( 0.1973090714589638972, 1.111965277777725580, -0.1053873479030440763 ) ) ;
#3716 = EDGE_LOOP ( 'NONE', ( #2365, #1031, #1109, #3800, #5410, #6079, #2578, #3224, #201, #5711, #1489, #1461, #6292, #3361, #2821 ) ) ;
#3717 = CARTESIAN_POINT ( 'NONE',  ( 0.2485142156248818235, 0.9594276453241575853, 0.09402670141472850573 ) ) ;
#3718 = CARTESIAN_POINT ( 'NONE',  ( 0.000000000000000000, -3.937007874047004035E-05, 0.000000000000000000 ) ) ;
#3719 = CARTESIAN_POINT ( 'NONE',  ( 0.2261867002190162124, 0.9904374999989788986, -0.02220848016048796239 ) ) ;
#3720 = ADVANCED_FACE ( 'NONE', ( #4201 ), #1407, .T. ) ;
#3721 = CARTESIAN_POINT ( 'NONE',  ( -0.2410482179336281283, 0.9909930494978139714, -0.1094314252771097923 ) ) ;
#3722 = MECHANICAL_DESIGN_GEOMETRIC_PRESENTATION_REPRESENTATION (  '', ( #4027 ), #328 ) ;
#3723 = DIRECTION ( 'NONE',  ( 1.000000000000000000, 0.000000000000000000, 0.000000000000000000 ) ) ;
#3724 = CARTESIAN_POINT ( 'NONE',  ( 0.05245247603849744616, 0.9044507392742806573, -0.2361957475413585250 ) ) ;
#3725 = CARTESIAN_POINT ( 'NONE',  ( 0.05200198568800408483, 1.006930555554529816, 0.2618472338040679359 ) ) ;
#3726 = CARTESIAN_POINT ( 'NONE',  ( 0.06681672228104749978, 0.8897430555537009234, -0.2205232411290460326 ) ) ;
#3727 = ORIENTED_EDGE ( 'NONE', *, *, #5945, .T. ) ;
#3728 = PLANE ( 'NONE',  #2858 ) ;
#3729 =( NAMED_UNIT ( * ) PLANE_ANGLE_UNIT ( ) SI_UNIT ( $, .RADIAN. ) );
#3730 = VERTEX_POINT ( 'NONE', #2265 ) ;
#3731 = CARTESIAN_POINT ( 'NONE',  ( 0.06615530320254481289, 0.9782847222210799831, 0.2178297729704095909 ) ) ;
#3732 = PRESENTATION_STYLE_ASSIGNMENT (( #5193 ) ) ;
#3733 = CARTESIAN_POINT ( 'NONE',  ( 0.1864453734137195284, 1.068979864136474944, -0.1559182412645472027 ) ) ;
#3734 = AXIS2_PLACEMENT_3D ( 'NONE', #597, #102, #1013 ) ;
#3735 = LENGTH_MEASURE_WITH_UNIT ( LENGTH_MEASURE( 0.02539999999999999897 ), #6122 );
#3736 = CARTESIAN_POINT ( 'NONE',  ( -0.02697958761970426986, 0.8133541666644442669, -0.2730236341502377817 ) ) ;
#3737 = LINE ( 'NONE', #1793, #3028 ) ;
#3738 = FILL_AREA_STYLE ('',( #4732 ) ) ;
#3739 = CARTESIAN_POINT ( 'NONE',  ( -0.02239314250239289941, 0.9817569444434568471, 0.2266596105408908157 ) ) ;
#3740 = AXIS2_PLACEMENT_3D ( 'NONE', #1130, #3641, #2057 ) ;
#3741 = SURFACE_STYLE_USAGE ( .BOTH. , #1762 ) ;
#3742 = ORIENTED_EDGE ( 'NONE', *, *, #6435, .T. ) ;
#3743 = CARTESIAN_POINT ( 'NONE',  ( 0.2470216827415092908, 1.064562875012378340, 0.02361589036460658847 ) ) ;
#3744 = CARTESIAN_POINT ( 'NONE',  ( 0.05192377609174091135, 1.088527777777783756, -0.2606248044234028005 ) ) ;
#3745 = CARTESIAN_POINT ( 'NONE',  ( -0.2075166544494395915, 1.083319444444145407, 0.08588283698619970929 ) ) ;
#3746 =( GEOMETRIC_REPRESENTATION_CONTEXT ( 3 ) GLOBAL_UNCERTAINTY_ASSIGNED_CONTEXT ( ( #4310 ) ) GLOBAL_UNIT_ASSIGNED_CONTEXT ( ( #6293, #1545, #97 ) ) REPRESENTATION_CONTEXT ( 'NONE', 'WORKASPACE' ) );
#3747 = VERTEX_POINT ( 'NONE', #4734 ) ;
#3748 = CARTESIAN_POINT ( 'NONE',  ( 0.1175977867050873316, 0.9724610768101291658, -0.2382895626592910487 ) ) ;
#3749 = CIRCLE ( 'NONE', #2431, 0.2949999999999999845 ) ;
#3750 = CARTESIAN_POINT ( 'NONE',  ( -0.2075166544598458507, 1.076374999999677673, 0.08588283695695794751 ) ) ;
#3751 = CARTESIAN_POINT ( 'NONE',  ( 0.000000000000000000, 0.8170000000000000595, 0.000000000000000000 ) ) ;
#3752 = LENGTH_MEASURE_WITH_UNIT ( LENGTH_MEASURE( 0.02539999999999999897 ), #2471 );
#3753 = CARTESIAN_POINT ( 'NONE',  ( -0.1898138712672274575, 0.9565833333320168386, -0.1269125178899580819 ) ) ;
#3754 = ADVANCED_FACE ( 'NONE', ( #3709 ), #3476, .T. ) ;
#3755 = CARTESIAN_POINT ( 'NONE',  ( -0.08845266788535084690, 0.8680416666646917356, 0.2137400910315198077 ) ) ;
#3756 = CARTESIAN_POINT ( 'NONE',  ( 0.1600178498676891325, 0.6583750000000000435, 0.2482503101256237354 ) ) ;
#3757 = CARTESIAN_POINT ( 'NONE',  ( 0.1948213727900175718, 0.8990898588532089120, -0.1463798760818038336 ) ) ;
#3758 = CARTESIAN_POINT ( 'NONE',  ( -0.2657114918578246665, 1.046861111110363618, 8.596756126721835601E-05 ) ) ;
#3759 = CARTESIAN_POINT ( 'NONE',  ( -0.1626740003156181558, 0.9062361111094017208, -0.1627723268189561201 ) ) ;
#3760 = CARTESIAN_POINT ( 'NONE',  ( 0.2313749118527330395, 0.8237708333309557984, -0.02271783161616475200 ) ) ;
#3761 = EDGE_LOOP ( 'NONE', ( #3650, #1798, #5191, #3196 ) ) ;
#3762 = CARTESIAN_POINT ( 'NONE',  ( -0.2949999999999998734, 0.8053571466330057271, -0.1142326508668278506 ) ) ;
#3763 = FACE_OUTER_BOUND ( 'NONE', #2439, .T. ) ;
#3764 = ORIENTED_EDGE ( 'NONE', *, *, #5759, .T. ) ;
#3765 = DIRECTION ( 'NONE',  ( -0.000000000000000000, -0.000000000000000000, 1.000000000000000000 ) ) ;
#3766 = CYLINDRICAL_SURFACE ( 'NONE', #4054, 0.2214000000000002633 ) ;
#3767 = B_SPLINE_CURVE_WITH_KNOTS ( 'NONE', 3,
 ( #685, #2606, #1102, #1132, #4165, #1614, #6120, #655, #5647, #2705, #4133, #2059, #723, #2638, #4023, #1157, #3554, #3516, #3143, #2675, #129, #2162, #2195, #2092, #6091, #3584, #4604, #4634, #5623, #5089, #165, #2130, #198, #4507, #1617, #3587, #2642, #1641, #168, #5132, #1161, #1072, #3148, #4638 ),
 .UNSPECIFIED., .F., .F.,
 ( 4, 2, 2, 2, 2, 2, 2, 2, 2, 2, 2, 2, 2, 2, 2, 2, 2, 2, 2, 2, 2, 4 ),
 ( 0.1430845372221900003, 0.1443939301609625248, 0.1457033230997350215, 0.1463580195691212837, 0.1470127160385075460, 0.1483221089772800427, 0.1496315019160525672, 0.1502861983854388017, 0.1509408948548250640, 0.1522502877935975607, 0.1529049842629838230, 0.1535596807323700852, 0.1548690736711425819, 0.1561784666099151064, 0.1568331630793013409, 0.1574878595486876032, 0.1587972524874600999, 0.1601066454262326244, 0.1614160383650051211, 0.1620707348343913834, 0.1627254313037776456, 0.1640348242425501424 ),
 .UNSPECIFIED. ) ;
#3768 = DIRECTION ( 'NONE',  ( 8.924803199086206459E-17, -0.6847633651394248178, 0.7287654861222029323 ) ) ;
#3769 = AXIS2_PLACEMENT_3D ( 'NONE', #1628, #6240, #2385 ) ;
#3770 = SURFACE_STYLE_USAGE ( .BOTH. , #1795 ) ;
#3771 = CARTESIAN_POINT ( 'NONE',  ( 0.1450880910531157919, 0.9487708333320110654, -0.1769076125971801583 ) ) ;
#3772 = ORIENTED_EDGE ( 'NONE', *, *, #1893, .F. ) ;
#3773 = DIRECTION ( 'NONE',  ( -0.000000000000000000, -0.000000000000000000, 1.000000000000000000 ) ) ;
#3774 = PRESENTATION_LAYER_ASSIGNMENT (  '', '', ( #1510 ) ) ;
#3775 = CARTESIAN_POINT ( 'NONE',  ( 0.01609385439648176180, 1.056688184789545737, 0.2559941385088045918 ) ) ;
#3776 = CONICAL_SURFACE ( 'NONE', #1003, 0.2949999999999999845, 1.047197551196600074 ) ;
#3777 = CARTESIAN_POINT ( 'NONE',  ( -0.1885795421472413191, 1.055541666666386602, 0.1887015916525441039 ) ) ;
#3778 = UNCERTAINTY_MEASURE_WITH_UNIT (LENGTH_MEASURE( 1.000000000000000082E-05 ), #3910, 'distance_accuracy_value', 'NONE');
#3779 = CARTESIAN_POINT ( 'NONE',  ( 0.2227686921780560048, 1.106756944444354795, 0.02200868842431679892 ) ) ;
#3780 = EDGE_LOOP ( 'NONE', ( #6324, #2893, #1672, #5075 ) ) ;
#3781 = CARTESIAN_POINT ( 'NONE',  ( -0.08849999999999995370, 0.2459999999999999964, 0.000000000000000000 ) ) ;
#3782 = FILL_AREA_STYLE_COLOUR ( '', #3333 ) ;
#3783 = DIRECTION ( 'NONE',  ( 0.000000000000000000, 0.000000000000000000, 1.000000000000000000 ) ) ;
#3784 = CARTESIAN_POINT ( 'NONE',  ( -0.1127557445189864560, 1.053831717668237911, 0.2334935519373450563 ) ) ;
#3785 = CARTESIAN_POINT ( 'NONE',  ( 0.1261881097426756082, 0.9982499999990409600, -0.1887304535208992606 ) ) ;
#3786 = FACE_OUTER_BOUND ( 'NONE', #3934, .T. ) ;
#3787 = CARTESIAN_POINT ( 'NONE',  ( 0.08837468361160806529, 0.8749861111091892241, 0.2135378445212831322 ) ) ;
#3788 = SURFACE_SIDE_STYLE ('',( #2178 ) ) ;
#3789 = CARTESIAN_POINT ( 'NONE',  ( 0.000000000000000000, 0.8170000000000000595, 0.1820000000000000229 ) ) ;
#3790 = CARTESIAN_POINT ( 'NONE',  ( 0.08638120631703878616, 1.041652777777104300, 0.2087208924624095185 ) ) ;
#3791 = DIRECTION ( 'NONE',  ( 0.000000000000000000, 1.000000000000000000, 0.000000000000000000 ) ) ;
#3792 = EDGE_CURVE ( 'NONE', #3747, #4529, #6327, .T. ) ;
#3793 = CARTESIAN_POINT ( 'NONE',  ( 0.1028858395905587336, 0.9531111111095423860, 0.2481613422182982476 ) ) ;
#3794 = CARTESIAN_POINT ( 'NONE',  ( 0.1474999999999999367, 0.6583750000000000435, 0.2554774941164094093 ) ) ;
#3795 = DIMENSIONAL_EXPONENTS ( 1.000000000000000000, 0.000000000000000000, 0.000000000000000000, 0.000000000000000000, 0.000000000000000000, 0.000000000000000000, 0.000000000000000000 ) ;
#3796 = CARTESIAN_POINT ( 'NONE',  ( -0.2253626377465665354, 1.023423611110400033, -0.02226499117296570907 ) ) ;
#3797 = ORIENTED_EDGE ( 'NONE', *, *, #3103, .T. ) ;
#3798 = CARTESIAN_POINT ( 'NONE',  ( 0.08596061817830719098, 0.9004229269983252681, 0.2538200543302243650 ) ) ;
#3799 = FILL_AREA_STYLE_COLOUR ( '', #494 ) ;
#3800 = ORIENTED_EDGE ( 'NONE', *, *, #1086, .T. ) ;
#3801 =( LENGTH_UNIT ( ) NAMED_UNIT ( * ) SI_UNIT ( $, .METRE. ) );
#3802 = CARTESIAN_POINT ( 'NONE',  ( 0.000000000000000000, 0.2459999999999999964, 0.000000000000000000 ) ) ;
#3803 = CARTESIAN_POINT ( 'NONE',  ( 0.1094608412943061243, 0.9568493844122332170, 0.2422006829555756191 ) ) ;
#3804 = ADVANCED_FACE ( 'NONE', ( #425 ), #5379, .T. ) ;
#3805 = CARTESIAN_POINT ( 'NONE',  ( 0.2096737459961180439, 1.028311022399737151, -0.1603843006881697508 ) ) ;
#3806 = DIRECTION ( 'NONE',  ( -0.000000000000000000, -0.000000000000000000, 1.000000000000000000 ) ) ;
#3807 = CARTESIAN_POINT ( 'NONE',  ( 0.000000000000000000, 0.8169999999999999485, -2.996271780935429149E-18 ) ) ;
#3808 = ORIENTED_EDGE ( 'NONE', *, *, #392, .T. ) ;
#3809 = PLANE ( 'NONE',  #4049 ) ;
#3810 = CARTESIAN_POINT ( 'NONE',  ( -0.02646882438151747230, 0.9244652777764397200, -0.2695822102580862634 ) ) ;
#3811 = CARTESIAN_POINT ( 'NONE',  ( 0.07908414977267584633, 0.8411319444420014557, 0.2604024021337443817 ) ) ;
#3812 = ORIENTED_EDGE ( 'NONE', *, *, #5480, .F. ) ;
#3813 = FILL_AREA_STYLE_COLOUR ( '', #699 ) ;
#3814 = CARTESIAN_POINT ( 'NONE',  ( 0.2318437131762831616, 0.9024309206941030226, 0.1342486240597069169 ) ) ;
#3815 = CARTESIAN_POINT ( 'NONE',  ( -0.04416759924441467089, 1.029499999999345716, 0.2216956772599137371 ) ) ;
#3816 = DIRECTION ( 'NONE',  ( 0.000000000000000000, 0.000000000000000000, -1.000000000000000000 ) ) ;
#3817 = CARTESIAN_POINT ( 'NONE',  ( 0.1906155838316827555, 0.9288055555540478680, 0.1272756391020930244 ) ) ;
#3818 = DIRECTION ( 'NONE',  ( 1.000000000000000000, 0.000000000000000000, 0.000000000000000000 ) ) ;
#3819 = DIRECTION ( 'NONE',  ( 1.000000000000000000, 0.000000000000000000, 0.000000000000000000 ) ) ;
#3820 = CARTESIAN_POINT ( 'NONE',  ( 0.2232167643922799150, 0.9398326727812188475, 0.05990006565924853310 ) ) ;
#3821 =( NAMED_UNIT ( * ) SI_UNIT ( $, .STERADIAN. ) SOLID_ANGLE_UNIT ( ) );
#3822 = DIMENSIONAL_EXPONENTS ( 1.000000000000000000, 0.000000000000000000, 0.000000000000000000, 0.000000000000000000, 0.000000000000000000, 0.000000000000000000, 0.000000000000000000 ) ;
#3823 = CARTESIAN_POINT ( 'NONE',  ( -0.1893299657275281656, 0.9843611111098281574, -0.1892075222279625824 ) ) ;
#3824 = MECHANICAL_DESIGN_GEOMETRIC_PRESENTATION_REPRESENTATION (  '', ( #4024 ), #4568 ) ;
#3825 = CARTESIAN_POINT ( 'NONE',  ( 0.2159092668531316372, 1.049465277777186012, 0.06556654780155767026 ) ) ;
#3826 = ORIENTED_EDGE ( 'NONE', *, *, #5956, .F. ) ;
#3827 = CARTESIAN_POINT ( 'NONE',  ( -0.1294468245293249609, 0.8038055555530516649, 0.1938671994944536625 ) ) ;
#3828 = CARTESIAN_POINT ( 'NONE',  ( 0.1752643968526557128, 0.9594511132737028047, 0.2002699021089624221 ) ) ;
#3829 = CARTESIAN_POINT ( 'NONE',  ( -0.1269524608730080995, 1.087362134625254662, 0.1842575879815321338 ) ) ;
#3830 = DIRECTION ( 'NONE',  ( 0.000000000000000000, 1.000000000000000000, 0.000000000000000000 ) ) ;
#3831 = DIRECTION ( 'NONE',  ( -0.000000000000000000, -0.000000000000000000, 1.000000000000000000 ) ) ;
#3832 = ADVANCED_FACE ( 'NONE', ( #1077 ), #3433, .T. ) ;
#3833 =( NAMED_UNIT ( * ) PLANE_ANGLE_UNIT ( ) SI_UNIT ( $, .RADIAN. ) );
#3834 = CARTESIAN_POINT ( 'NONE',  ( 8.732381220691599866E-05, 0.9513749999989012940, 0.2700362694721689105 ) ) ;
#3835 = AXIS2_PLACEMENT_3D ( 'NONE', #1270, #2309, #1302 ) ;
#3836 = UNCERTAINTY_MEASURE_WITH_UNIT (LENGTH_MEASURE( 1.000000000000000082E-05 ), #4661, 'distance_accuracy_value', 'NONE');
#3837 = CARTESIAN_POINT ( 'NONE',  ( 0.1876470357701799652, 1.046861111110557019, 0.1254637015949702783 ) ) ;
#3838 = ORIENTED_EDGE ( 'NONE', *, *, #736, .T. ) ;
#3839 =( NAMED_UNIT ( * ) PLANE_ANGLE_UNIT ( ) SI_UNIT ( $, .RADIAN. ) );
#3840 = CARTESIAN_POINT ( 'NONE',  ( 0.1876470357502996178, 1.039916666666018452, 0.1254637016184441400 ) ) ;
#3841 = CARTESIAN_POINT ( 'NONE',  ( -0.2364053522575755573, 1.049967670220135041, 0.1152379406227660580 ) ) ;
#3842 = AXIS2_PLACEMENT_3D ( 'NONE', #5059, #2603, #4602 ) ;
#3843 = CARTESIAN_POINT ( 'NONE',  ( 0.02256387513528730973, 0.9209930555540138952, 0.2283338319582289833 ) ) ;
#3844 =( NAMED_UNIT ( * ) PLANE_ANGLE_UNIT ( ) SI_UNIT ( $, .RADIAN. ) );
#3845 = COLOUR_RGB ( '',0.1019607843137254888, 0.1019607843137254888, 0.1019607843137254888 ) ;
#3846 = CARTESIAN_POINT ( 'NONE',  ( 0.000000000000000000, 0.4315000000000000502, 0.1854999999999999982 ) ) ;
#3847 = CARTESIAN_POINT ( 'NONE',  ( 0.1089942849950621406, 0.8758541666647596813, 0.2037546392344184720 ) ) ;
#3848 = CARTESIAN_POINT ( 'NONE',  ( -0.1335428931073646130, 0.9255868119428074525, -0.2314160632127860995 ) ) ;
#3849 = CARTESIAN_POINT ( 'NONE',  ( 0.2292630955396906811, 0.9412726860047735400, 0.01676513255695940771 ) ) ;
#3850 = CARTESIAN_POINT ( 'NONE',  ( 7.405825827217502391E-05, 0.9756805555543568431, 0.2277354224496576651 ) ) ;
#3851 = CARTESIAN_POINT ( 'NONE',  ( -0.2165827222521007345, 1.026895833332524655, 0.06577658736847961929 ) ) ;
#3852 = CARTESIAN_POINT ( 'NONE',  ( 0.1581630609877288651, 1.107624999999914817, -0.1580676245165356930 ) ) ;
#3853 = CARTESIAN_POINT ( 'NONE',  ( 0.2130805864719803322, 0.8888749999981415684, -0.08834202421298822938 ) ) ;
#3854 = STYLED_ITEM ( 'NONE', ( #4020 ), #589 ) ;
#3855 = DIMENSIONAL_EXPONENTS ( 1.000000000000000000, 0.000000000000000000, 0.000000000000000000, 0.000000000000000000, 0.000000000000000000, 0.000000000000000000, 0.000000000000000000 ) ;
#3856 = CIRCLE ( 'NONE', #6393, 0.08849999999999999534 ) ;
#3857 = CARTESIAN_POINT ( 'NONE',  ( -0.1697604844032846727, 0.9834930555542947817, -0.2069819167964604689 ) ) ;
#3858 = CARTESIAN_POINT ( 'NONE',  ( -0.2203094567311700003, 1.081583333333030472, 0.04389679503346286676 ) ) ;
#3859 = ORIENTED_EDGE ( 'NONE', *, *, #2475, .F. ) ;
#3860 = CARTESIAN_POINT ( 'NONE',  ( -0.07188113373626697777, 0.7840138900150576129, -0.2212273831375891897 ) ) ;
#3861 =( NAMED_UNIT ( * ) SI_UNIT ( $, .STERADIAN. ) SOLID_ANGLE_UNIT ( ) );
#3862 = CIRCLE ( 'NONE', #2848, 0.2949999999999999845 ) ;
#3863 = PRESENTATION_STYLE_ASSIGNMENT (( #2882 ) ) ;
#3864 = CARTESIAN_POINT ( 'NONE',  ( 0.1619667934978768209, 0.9750749543291155064, -0.2105707842000925090 ) ) ;
#3865 = CARTESIAN_POINT ( 'NONE',  ( 0.2402103661790911115, 1.018768383705285441, 0.1091807945449384254 ) ) ;
#3866 = DIRECTION ( 'NONE',  ( 1.609560935026995396E-17, -0.9913253708875073844, 0.1314306244173940041 ) ) ;
#3867 = CARTESIAN_POINT ( 'NONE',  ( 0.000000000000000000, 0.2459999999999999964, 0.7017244094488189754 ) ) ;
#3868 = CARTESIAN_POINT ( 'NONE',  ( 0.06898790114659507366, 0.9475034556216597181, -0.2175215752015379755 ) ) ;
#3869 = DIRECTION ( 'NONE',  ( -0.4999999999999999445, 0.000000000000000000, -0.8660254037844387076 ) ) ;
#3870 = CARTESIAN_POINT ( 'NONE',  ( -0.2587707191995199940, 0.9400902777765878238, 0.07841138845908671162 ) ) ;
#3871 = ADVANCED_FACE ( 'NONE', ( #4892 ), #6004, .T. ) ;
#3872 = CARTESIAN_POINT ( 'NONE',  ( -0.1349821501323107964, 0.8170000000000001705, -0.2627046781071951109 ) ) ;
#3873 = CARTESIAN_POINT ( 'NONE',  ( 0.1065353793092831403, 1.042520833332775343, 0.1991578184124555007 ) ) ;
#3874 = ORIENTED_EDGE ( 'NONE', *, *, #4193, .T. ) ;
#3875 = CARTESIAN_POINT ( 'NONE',  ( -0.2296304446270683308, 0.8864444444449994798, -0.1143972252300667208 ) ) ;
#3876 = CARTESIAN_POINT ( 'NONE',  ( -0.09755310424177608686, 0.6608861408990971409, -0.2843143478276061731 ) ) ;
#3877 = CARTESIAN_POINT ( 'NONE',  ( 0.1597028488811214342, 1.038180555554939710, 0.1595989816953446716 ) ) ;
#3878 = CARTESIAN_POINT ( 'NONE',  ( 0.1086633841797907812, 0.4314999999999999392, -0.1854999999999998594 ) ) ;
#3879 = CARTESIAN_POINT ( 'NONE',  ( -0.2309407051634675134, 1.050353506827586436, 0.1252857976491306979 ) ) ;
#3880 = CARTESIAN_POINT ( 'NONE',  ( -0.06670269518644492135, 0.9175208333317613763, 0.2196504190494603936 ) ) ;
#3881 = EDGE_CURVE ( 'NONE', #1192, #5880, #3502, .T. ) ;
#3882 = COLOUR_RGB ( '',0.2509803921568627416, 0.2509803921568627416, 0.2509803921568627416 ) ;
#3883 = CARTESIAN_POINT ( 'NONE',  ( 0.2264100223483360708, 0.8836666666647983170, 0.04495925469158280202 ) ) ;
#3884 = CARTESIAN_POINT ( 'NONE',  ( -0.1551759143530115070, 0.9264475901590379925, -0.2169504543900103999 ) ) ;
#3885 = DIRECTION ( 'NONE',  ( 0.000000000000000000, 0.000000000000000000, 1.000000000000000000 ) ) ;
#3886 = CARTESIAN_POINT ( 'NONE',  ( 0.2261867002217896605, 0.9973819444434763870, -0.02220848015805914483 ) ) ;
#3887 = CARTESIAN_POINT ( 'NONE',  ( 0.1422048138204415613, 1.092868055555410889, 0.1731621402999445614 ) ) ;
#3888 = CARTESIAN_POINT ( 'NONE',  ( -0.1901287973872761716, 0.9426944444428482228, 0.1902518188920604980 ) ) ;
#3889 = CARTESIAN_POINT ( 'NONE',  ( -0.2264321339156975532, 1.024291666665996470, 7.364954714740340642E-05 ) ) ;
#3890 = ORIENTED_EDGE ( 'NONE', *, *, #6389, .T. ) ;
#3891 = CARTESIAN_POINT ( 'NONE',  ( 0.06767016642349567290, 0.8116180555530669860, 0.2228179758849658243 ) ) ;
#3892 = SURFACE_SIDE_STYLE ('',( #3919 ) ) ;
#3893 = CARTESIAN_POINT ( 'NONE',  ( 0.06889259000821450207, 0.9554069412389192273, 0.2572015930096343550 ) ) ;
#3894 = CARTESIAN_POINT ( 'NONE',  ( 0.2619122306669272038, 1.021374281174195486, 0.03474776406413394858 ) ) ;
#3895 = CYLINDRICAL_SURFACE ( 'NONE', #5978, 0.1854999999999998317 ) ;
#3896 = CARTESIAN_POINT ( 'NONE',  ( -0.1250000000000001388, 0.2459999999999999964, -0.7970000000000001528 ) ) ;
#3897 = DIRECTION ( 'NONE',  ( 1.000000000000000000, 0.000000000000000000, 0.000000000000000000 ) ) ;
#3898 = B_SPLINE_CURVE_WITH_KNOTS ( 'NONE', 3,
 ( #1879, #2966, #1969, #379, #3409, #1493, #5884, #2451, #922, #5425, #6439, #443, #1468, #4874, #4351, #3943, #3820, #5985, #3849, #6369, #3472, #3383, #5393, #5503, #2656, #1085, #2143, #47 ),
 .UNSPECIFIED., .F., .F.,
 ( 4, 2, 2, 2, 2, 2, 2, 2, 2, 2, 2, 2, 2, 4 ),
 ( 0.03487779217053690872, 0.03569903166838912789, 0.03652027116624134706, 0.03816275016194578540, 0.03898398965979800457, 0.03980522915765022374, 0.04062646865550244291, 0.04144770815335466208, 0.04309018714905910041, 0.04391142664691131958, 0.04473266614476353875, 0.04555390564261575792, 0.04637514514046797709, 0.04801762413617241543 ),
 .UNSPECIFIED. ) ;
#3899 = CARTESIAN_POINT ( 'NONE',  ( -0.1716765643221535853, 0.9296736111098132804, -0.2093181605478799390 ) ) ;
#3900 = UNCERTAINTY_MEASURE_WITH_UNIT (LENGTH_MEASURE( 1.000000000000000082E-05 ), #5637, 'distance_accuracy_value', 'NONE');
#3901 = CARTESIAN_POINT ( 'NONE',  ( 0.1874517897293021262, 1.057277777777306582, -0.1251694436005112154 ) ) ;
#3902 = EDGE_LOOP ( 'NONE', ( #1983, #2000, #5614 ) ) ;
#3903 = SURFACE_STYLE_FILL_AREA ( #1902 ) ;
#3904 = CARTESIAN_POINT ( 'NONE',  ( 0.02208114225561150917, 1.032104166665992029, 0.2248896473114183059 ) ) ;
#3905 = EDGE_CURVE ( 'NONE', #40, #2846, #6450, .T. ) ;
#3906 = CARTESIAN_POINT ( 'NONE',  ( -0.2255301767037852789, 0.9044999999982723526, -0.04493157872938245700 ) ) ;
#3907 = ORIENTED_EDGE ( 'NONE', *, *, #2565, .F. ) ;
#3908 = CARTESIAN_POINT ( 'NONE',  ( -0.07628861491741976975, 0.9085514071514527723, -0.2283433690601105737 ) ) ;
#3909 = CARTESIAN_POINT ( 'NONE',  ( 0.2149443290447687893, 0.8263749999976209848, 0.08895103721682075248 ) ) ;
#3910 =( CONVERSION_BASED_UNIT ( 'INCH', #1938 ) LENGTH_UNIT ( ) NAMED_UNIT ( #5254 ) );
#3911 = FACE_OUTER_BOUND ( 'NONE', #2756, .T. ) ;
#3912 = CARTESIAN_POINT ( 'NONE',  ( 0.1876470357701799652, 1.046861111110557019, 0.1254637015949702783 ) ) ;
#3913 = ADVANCED_FACE ( 'NONE', ( #187 ), #2377, .T. ) ;
#3914 = CARTESIAN_POINT ( 'NONE',  ( -0.2236466382744022874, 1.072034722221860026, -0.02195380441695293783 ) ) ;
#3915 = CARTESIAN_POINT ( 'NONE',  ( -0.2374832938391517045, 0.9314097222205323101, -0.1270302396965529712 ) ) ;
#3916 = CARTESIAN_POINT ( 'NONE',  ( 0.2261867002219770106, 0.9973819444435272352, -0.02220848012778764077 ) ) ;
#3917 = ORIENTED_EDGE ( 'NONE', *, *, #2181, .F. ) ;
#3918 = CARTESIAN_POINT ( 'NONE',  ( 0.08849999999999998146, 0.2978420997299810469, 0.05184209972998105043 ) ) ;
#3919 = SURFACE_STYLE_FILL_AREA ( #5439 ) ;
#3920 = CARTESIAN_POINT ( 'NONE',  ( 0.07824200315610413403, 0.9442023275996599407, -0.2150019459503654529 ) ) ;
#3921 = DIRECTION ( 'NONE',  ( 0.000000000000000000, 0.000000000000000000, -1.000000000000000000 ) ) ;
#3922 = DIRECTION ( 'NONE',  ( 0.000000000000000000, 0.000000000000000000, 1.000000000000000000 ) ) ;
#3923 = VECTOR ( 'NONE', #4586, 39.37007874015748143 ) ;
#3924 = CARTESIAN_POINT ( 'NONE',  ( 0.06814071168149232749, 1.010958935466292896, 0.2551625027828542946 ) ) ;
#3925 = DIRECTION ( 'NONE',  ( 1.000000000000000000, 0.000000000000000000, 0.000000000000000000 ) ) ;
#3926 = COLOUR_RGB ( '',0.7529411764705882248, 0.7529411764705882248, 0.7529411764705882248 ) ;
#3927 = FILL_AREA_STYLE_COLOUR ( '', #1994 ) ;
#3928 = VECTOR ( 'NONE', #1855, 39.37007874015748143 ) ;
#3929 = CARTESIAN_POINT ( 'NONE',  ( -0.1249999999999999029, 0.2459999999999999964, 0.3985000000000000209 ) ) ;
#3930 = CARTESIAN_POINT ( 'NONE',  ( -0.2078288995981329712, 0.9869652777769568619, -0.1706664535957126139 ) ) ;
#3931 = CARTESIAN_POINT ( 'NONE',  ( -0.2459999999999999964, 0.2459999999999999964, -0.5032890738579166579 ) ) ;
#3932 = CARTESIAN_POINT ( 'NONE',  ( -0.2950000000000000400, 0.6583750000000000435, 0.1703183294109395784 ) ) ;
#3933 = AXIS2_PLACEMENT_3D ( 'NONE', #4498, #5995, #3957 ) ;
#3934 = EDGE_LOOP ( 'NONE', ( #6094, #3955, #4721, #6034 ) ) ;
#3935 = CARTESIAN_POINT ( 'NONE',  ( -0.2950000000000000955, 0.6701532467277838689, 0.1148763842346844921 ) ) ;
#3936 = CARTESIAN_POINT ( 'NONE',  ( -0.1265519105871913130, 0.9704722222209662963, 0.1895317119617739854 ) ) ;
#3937 = CARTESIAN_POINT ( 'NONE',  ( 0.08825415754091878173, 0.8888749999981305772, -0.2128824333854912876 ) ) ;
#3938 = COLOUR_RGB ( '',0.1019607843137254888, 0.1019607843137254888, 0.1019607843137254888 ) ;
#3939 = CARTESIAN_POINT ( 'NONE',  ( -0.1248984034901687579, 1.073234993082698319, 0.2036668427826142103 ) ) ;
#3940 = CARTESIAN_POINT ( 'NONE',  ( 0.000000000000000000, 0.2459999999999999964, -0.7017244094488186423 ) ) ;
#3941 = CARTESIAN_POINT ( 'NONE',  ( 0.04365827956733274451, 1.112833333333330899, -0.2191393443035638544 ) ) ;
#3942 = FILL_AREA_STYLE ('',( #4350 ) ) ;
#3943 = CARTESIAN_POINT ( 'NONE',  ( 0.2168859506731606601, 0.9391338829330331262, 0.08050729955667172699 ) ) ;
#3944 = CARTESIAN_POINT ( 'NONE',  ( -6.932301129411078838E-05, 0.9201249999984559835, 0.2294736605596347789 ) ) ;
#3945 =( LENGTH_UNIT ( ) NAMED_UNIT ( * ) SI_UNIT ( $, .METRE. ) );
#3946 = CARTESIAN_POINT ( 'NONE',  ( 0.08625765941437851803, 1.055541666666193423, -0.2080667325929492217 ) ) ;
#3947 = SURFACE_SIDE_STYLE ('',( #867 ) ) ;
#3948 = AXIS2_PLACEMENT_3D ( 'NONE', #5484, #1004, #5519 ) ;
#3949 = ADVANCED_FACE ( 'NONE', ( #5964 ), #5372, .T. ) ;
#3950 = CARTESIAN_POINT ( 'NONE',  ( -6.932298162857646355E-05, 0.9270694444429445902, 0.2294736605635758209 ) ) ;
#3951 = CARTESIAN_POINT ( 'NONE',  ( -0.2388537224078618737, 0.8845347222201519477, 0.1275766785905237954 ) ) ;
#3952 = CARTESIAN_POINT ( 'NONE',  ( -0.1077648321645957724, 0.9591874999987329842, -0.2014562288142109359 ) ) ;
#3953 = ORIENTED_EDGE ( 'NONE', *, *, #2094, .T. ) ;
#3954 = DIRECTION ( 'NONE',  ( 0.000000000000000000, 1.000000000000000000, 0.000000000000000000 ) ) ;
#3955 = ORIENTED_EDGE ( 'NONE', *, *, #6143, .T. ) ;
#3956 = CARTESIAN_POINT ( 'NONE',  ( 0.09753418434825217309, 0.6614078508541167967, -0.2843252712332252630 ) ) ;
#3957 = DIRECTION ( 'NONE',  ( 0.000000000000000000, 0.000000000000000000, 1.000000000000000000 ) ) ;
#3958 = CARTESIAN_POINT ( 'NONE',  ( -0.2388819648326356571, 0.9432487733851778744, 0.1174929208751740589 ) ) ;
#3959 = FACE_OUTER_BOUND ( 'NONE', #3716, .T. ) ;
#3960 = CIRCLE ( 'NONE', #679, 0.2184132259077137539 ) ;
#3961 = DIRECTION ( 'NONE',  ( 0.000000000000000000, 0.000000000000000000, -1.000000000000000000 ) ) ;
#3962 = CARTESIAN_POINT ( 'NONE',  ( 3.471873675582746667E-17, 0.8169999999999999485, 0.2835000000000000298 ) ) ;
#3963 = SURFACE_STYLE_FILL_AREA ( #2467 ) ;
#3964 = CARTESIAN_POINT ( 'NONE',  ( -0.2401475626383814121, 0.8775902777761001028, -0.1284553954419028199 ) ) ;
#3965 = DIMENSIONAL_EXPONENTS ( 1.000000000000000000, 0.000000000000000000, 0.000000000000000000, 0.000000000000000000, 0.000000000000000000, 0.000000000000000000, 0.000000000000000000 ) ;
#3966 = UNCERTAINTY_MEASURE_WITH_UNIT (LENGTH_MEASURE( 1.000000000000000082E-05 ), #1602, 'distance_accuracy_value', 'NONE');
#3967 = CARTESIAN_POINT ( 'NONE',  ( -0.2399047088398131855, 1.057983529421956392, 0.08566709364301586249 ) ) ;
#3968 = ORIENTED_EDGE ( 'NONE', *, *, #1165, .F. ) ;
#3969 = MECHANICAL_DESIGN_GEOMETRIC_PRESENTATION_REPRESENTATION (  '', ( #2960 ), #1096 ) ;
#3970 = CARTESIAN_POINT ( 'NONE',  ( -0.09214336901272159042, 0.7848240748239760922, -0.2146147092396017142 ) ) ;
#3971 = VERTEX_POINT ( 'NONE', #5311 ) ;
#3972 = CARTESIAN_POINT ( 'NONE',  ( -4.558708846968883704E-16, 1.008651696605920467, 0.2640340226284861869 ) ) ;
#3973 = COLOUR_RGB ( '',0.1019607843137254888, 0.1019607843137254888, 0.1019607843137254888 ) ;
#3974 = PRESENTATION_LAYER_ASSIGNMENT (  '', '', ( #271 ) ) ;
#3975 = CARTESIAN_POINT ( 'NONE',  ( 0.000000000000000000, 0.8170000000000000595, -0.08849999999999999534 ) ) ;
#3976 = CARTESIAN_POINT ( 'NONE',  ( 0.2238255568380165816, 1.100680555555392681, -7.283212422381933799E-05 ) ) ;
#3977 = DIRECTION ( 'NONE',  ( 1.000000000000000000, 0.000000000000000000, 0.000000000000000000 ) ) ;
#3978 =( LENGTH_UNIT ( ) NAMED_UNIT ( * ) SI_UNIT ( $, .METRE. ) );
#3979 = CARTESIAN_POINT ( 'NONE',  ( -0.1623628071774240456, 0.9131805555539065367, 0.1624684083789691424 ) ) ;
#3980 = SURFACE_STYLE_FILL_AREA ( #1531 ) ;
#3981 = CARTESIAN_POINT ( 'NONE',  ( -0.1586777065599215275, 1.079847222221914427, 0.1587809956929613631 ) ) ;
#3982 = COLOUR_RGB ( '',0.1019607843137254888, 0.1019607843137254888, 0.1019607843137254888 ) ;
#3983 = CARTESIAN_POINT ( 'NONE',  ( 0.2949999999999999289, 0.6583750000000000435, 0.1703183294109396340 ) ) ;
#3984 = CONICAL_SURFACE ( 'NONE', #4837, 0.2949999999999999845, 1.047197551196600074 ) ;
#3985 = CARTESIAN_POINT ( 'NONE',  ( -0.2591553514041947670, 0.8827986111090135868, 0.07870543396729474950 ) ) ;
#3986 = CARTESIAN_POINT ( 'NONE',  ( 0.2019074336316319107, 0.9452986111097506639, -0.1078433699241437699 ) ) ;
#3987 = ORIENTED_EDGE ( 'NONE', *, *, #6307, .F. ) ;
#3988 = CARTESIAN_POINT ( 'NONE',  ( -0.06851740352676100043, 1.001973068763716723, 0.2553517820223218937 ) ) ;
#3989 = ADVANCED_FACE ( 'NONE', ( #2164, #1953 ), #3673, .F. ) ;
#3990 = CARTESIAN_POINT ( 'NONE',  ( 0.1064269319467192332, 0.9427775573054751890, -0.2034831445223727608 ) ) ;
#3991 = CARTESIAN_POINT ( 'NONE',  ( -0.2521376573253495401, 0.9362963622193175572, -0.08608947154846158245 ) ) ;
#3992 = DIRECTION ( 'NONE',  ( 0.000000000000000000, 0.000000000000000000, 1.000000000000000000 ) ) ;
#3993 = LINE ( 'NONE', #331, #6318 ) ;
#3994 =( NAMED_UNIT ( * ) PLANE_ANGLE_UNIT ( ) SI_UNIT ( $, .RADIAN. ) );
#3995 = EDGE_CURVE ( 'NONE', #1751, #217, #3749, .T. ) ;
#3996 = CARTESIAN_POINT ( 'NONE',  ( -0.1514549855263967182, 0.8732499999982837879, -0.2265098460492678545 ) ) ;
#3997 = ORIENTED_EDGE ( 'NONE', *, *, #5490, .F. ) ;
#3998 =( NAMED_UNIT ( * ) SI_UNIT ( $, .STERADIAN. ) SOLID_ANGLE_UNIT ( ) );
#3999 = CARTESIAN_POINT ( 'NONE',  ( 0.2227686921739248926, 1.106756944444356128, 0.02200868845536223598 ) ) ;
#4000 =( LENGTH_UNIT ( ) NAMED_UNIT ( * ) SI_UNIT ( $, .METRE. ) );
#4001 = CARTESIAN_POINT ( 'NONE',  ( -0.1287880860292962004, 0.8419999999978269312, -0.1928711491450436355 ) ) ;
#4002 = VERTEX_POINT ( 'NONE', #250 ) ;
#4003 = CARTESIAN_POINT ( 'NONE',  ( -0.1569822757807089741, 0.9243933445441304686, 0.1756996937758204813 ) ) ;
#4004 = CARTESIAN_POINT ( 'NONE',  ( -0.06757258944093168240, 0.8133541666641839196, 0.2230178171531225495 ) ) ;
#4005 = CARTESIAN_POINT ( 'NONE',  ( -0.2308163890161021858, 0.9394651694165710998, 0.1328776255825894481 ) ) ;
#4006 =( NAMED_UNIT ( * ) SI_UNIT ( $, .STERADIAN. ) SOLID_ANGLE_UNIT ( ) );
#4007 = CARTESIAN_POINT ( 'NONE',  ( 0.000000000000000000, 0.2459999999999999964, -0.7017244094488186423 ) ) ;
#4008 = DIRECTION ( 'NONE',  ( 1.000000000000000000, 0.000000000000000000, 0.000000000000000000 ) ) ;
#4009 = DIRECTION ( 'NONE',  ( 0.000000000000000000, -1.000000000000000000, 0.000000000000000000 ) ) ;
#4010 = CARTESIAN_POINT ( 'NONE',  ( 0.008703315212984586227, 0.8934657749239495184, 0.2676196762618309188 ) ) ;
#4011 = CARTESIAN_POINT ( 'NONE',  ( 0.1455132675811112442, 0.9331458333318439768, 0.1771909257961020445 ) ) ;
#4012 = ORIENTED_EDGE ( 'NONE', *, *, #392, .F. ) ;
#4013 = SURFACE_STYLE_USAGE ( .BOTH. , #613 ) ;
#4014 =( CONVERSION_BASED_UNIT ( 'INCH', #87 ) LENGTH_UNIT ( ) NAMED_UNIT ( #3464 ) );
#4015 = CARTESIAN_POINT ( 'NONE',  ( 0.03416808409951066494, 0.9463257576022149342, -0.2259097746950614327 ) ) ;
#4016 = CARTESIAN_POINT ( 'NONE',  ( 0.05978397246153884653, 1.010669114996970208, 0.2572556580028397821 ) ) ;
#4017 = CARTESIAN_POINT ( 'NONE',  ( 0.1013005993241256064, 1.085055555555035856, -0.2443514135320504488 ) ) ;
#4018 = FACE_OUTER_BOUND ( 'NONE', #5273, .T. ) ;
#4019 = CARTESIAN_POINT ( 'NONE',  ( 0.000000000000000000, 0.8170000000000000595, 0.1820000000000000229 ) ) ;
#4020 = PRESENTATION_STYLE_ASSIGNMENT (( #1129 ) ) ;
#4021 = CARTESIAN_POINT ( 'NONE',  ( 0.2213999999999999857, 0.2459999999999999964, 0.7418818897637795562 ) ) ;
#4022 = CARTESIAN_POINT ( 'NONE',  ( 0.2254264283013206194, 0.9149166666652539526, -0.1507305773781680847 ) ) ;
#4023 = CARTESIAN_POINT ( 'NONE',  ( 0.2284734075371245288, 1.013538043288392476, 0.1323210622591985408 ) ) ;
#4024 = STYLED_ITEM ( 'NONE', ( #4617 ), #241 ) ;
#4025 = UNCERTAINTY_MEASURE_WITH_UNIT (LENGTH_MEASURE( 1.000000000000000082E-05 ), #2352, 'distance_accuracy_value', 'NONE');
#4026 = ADVANCED_FACE ( 'NONE', ( #4223 ), #5451, .T. ) ;
#4027 = STYLED_ITEM ( 'NONE', ( #3863 ), #54 ) ;
#4028 = ORIENTED_EDGE ( 'NONE', *, *, #4125, .F. ) ;
#4029 = SURFACE_STYLE_FILL_AREA ( #600 ) ;
#4030 = CARTESIAN_POINT ( 'NONE',  ( -0.02282017785367876014, 0.8376597222199720916, -0.2309277775314180770 ) ) ;
#4031 = VERTEX_POINT ( 'NONE', #3703 ) ;
#4032 = AXIS2_PLACEMENT_3D ( 'NONE', #2519, #927, #4357 ) ;
#4033 = CARTESIAN_POINT ( 'NONE',  ( 0.000000000000000000, 0.2459999999999999964, 0.000000000000000000 ) ) ;
#4034 =( CONVERSION_BASED_UNIT ( 'INCH', #5849 ) LENGTH_UNIT ( ) NAMED_UNIT ( #3205 ) );
#4035 = CARTESIAN_POINT ( 'NONE',  ( -0.2367640348308087395, 0.9174186908237647042, -0.01866769331102364343 ) ) ;
#4036 = PRESENTATION_LAYER_ASSIGNMENT (  '', '', ( #447 ) ) ;
#4037 = CARTESIAN_POINT ( 'NONE',  ( 0.2147420825347649276, 0.8333194444421641034, -0.08887305294286464152 ) ) ;
#4038 = CARTESIAN_POINT ( 'NONE',  ( -0.2394225319464654000, 0.9307922096587810668, -0.1182317617589577624 ) ) ;
#4039 = CARTESIAN_POINT ( 'NONE',  ( 0.06767016639660820843, 0.8185624999975852356, 0.2228179758973369007 ) ) ;
#4040 = CARTESIAN_POINT ( 'NONE',  ( -1.516389062108171157E-15, 1.004291655271409622, 0.2641697475315327726 ) ) ;
#4041 = DIRECTION ( 'NONE',  ( -1.000000000000000000, 0.000000000000000000, -0.000000000000000000 ) ) ;
#4042 = CIRCLE ( 'NONE', #3734, 0.2474361322058673818 ) ;
#4043 = MECHANICAL_DESIGN_GEOMETRIC_PRESENTATION_REPRESENTATION (  '', ( #3030 ), #664 ) ;
#4044 = CARTESIAN_POINT ( 'NONE',  ( -6.932301129411078838E-05, 0.9270694444429560255, 0.2294736605596347789 ) ) ;
#4045 = ORIENTED_EDGE ( 'NONE', *, *, #4152, .T. ) ;
#4046 = LENGTH_MEASURE_WITH_UNIT ( LENGTH_MEASURE( 0.02539999999999999897 ), #4556 );
#4047 = SURFACE_STYLE_FILL_AREA ( #2561 ) ;
#4048 = DIMENSIONAL_EXPONENTS ( 1.000000000000000000, 0.000000000000000000, 0.000000000000000000, 0.000000000000000000, 0.000000000000000000, 0.000000000000000000, 0.000000000000000000 ) ;
#4049 = AXIS2_PLACEMENT_3D ( 'NONE', #2270, #1354, #5839 ) ;
#4050 = CARTESIAN_POINT ( 'NONE',  ( 0.2327521685336256529, 0.9301664922254455625, 0.02124815111941188994 ) ) ;
#4051 = STYLED_ITEM ( 'NONE', ( #4530 ), #2692 ) ;
#4052 = FILL_AREA_STYLE_COLOUR ( '', #346 ) ;
#4053 = CARTESIAN_POINT ( 'NONE',  ( -0.2589397237518409334, 1.100680555555200169, -0.05158804332276931831 ) ) ;
#4054 = AXIS2_PLACEMENT_3D ( 'NONE', #3802, #393, #6346 ) ;
#4055 = MECHANICAL_DESIGN_GEOMETRIC_PRESENTATION_REPRESENTATION (  '', ( #1586 ), #6077 ) ;
#4056 =( BOUNDED_CURVE ( )  B_SPLINE_CURVE ( 3, ( #2976, #3918, #2910, #3482 ),
 .UNSPECIFIED., .F., .F. ) 
 B_SPLINE_CURVE_WITH_KNOTS ( ( 4, 4 ),
 ( 4.712388980384689674, 6.283185307179586232 ),
 .UNSPECIFIED. ) 
 CURVE ( )  GEOMETRIC_REPRESENTATION_ITEM ( )  RATIONAL_B_SPLINE_CURVE ( ( 1.000000000000000000, 0.8047378541243649375, 0.8047378541243649375, 1.000000000000000000 ) ) 
 REPRESENTATION_ITEM ( '' )  );
#4057 = CARTESIAN_POINT ( 'NONE',  ( -0.02334638948939401007, 1.074401391341406775, -0.2362748493919537562 ) ) ;
#4058 = CARTESIAN_POINT ( 'NONE',  ( -0.2096931163448376156, 0.9031794841508079541, 0.1215171724548346349 ) ) ;
#4059 = PRESENTATION_STYLE_ASSIGNMENT (( #5588 ) ) ;
#4060 = CARTESIAN_POINT ( 'NONE',  ( 0.2595523596572706926, 0.9123124999984972838, -0.07882600107461863737 ) ) ;
#4061 = AXIS2_PLACEMENT_3D ( 'NONE', #4195, #4787, #4260 ) ;
#4062 = DIRECTION ( 'NONE',  ( 0.000000000000000000, 0.000000000000000000, 1.000000000000000000 ) ) ;
#4063 = CARTESIAN_POINT ( 'NONE',  ( -0.2492697606285868561, 1.047451816632216870, -0.08376833081479079235 ) ) ;
#4064 = VERTEX_POINT ( 'NONE', #3147 ) ;
#4065 = DIRECTION ( 'NONE',  ( 1.000000000000000000, 0.000000000000000000, 0.000000000000000000 ) ) ;
#4066 =( LENGTH_UNIT ( ) NAMED_UNIT ( * ) SI_UNIT ( $, .METRE. ) );
#4067 = FILL_AREA_STYLE_COLOUR ( '', #1207 ) ;
#4068 = CARTESIAN_POINT ( 'NONE',  ( -0.2217705291335627660, 0.8480763888867635103, -0.06719465589182284371 ) ) ;
#4069 = ORIENTED_EDGE ( 'NONE', *, *, #5046, .T. ) ;
#4070 = ADVANCED_FACE ( 'NONE', ( #4134 ), #5666, .T. ) ;
#4071 = FILL_AREA_STYLE ('',( #3023 ) ) ;
#4072 = AXIS2_PLACEMENT_3D ( 'NONE', #5619, #1632, #6114 ) ;
#4073 = CARTESIAN_POINT ( 'NONE',  ( -0.2098196101048450390, 0.8121821686661760964, 0.2194972504465846075 ) ) ;
#4074 =( CONVERSION_BASED_UNIT ( 'INCH', #2109 ) LENGTH_UNIT ( ) NAMED_UNIT ( #2382 ) );
#4075 = CARTESIAN_POINT ( 'NONE',  ( -0.1294468245565500442, 0.8107499999975531502, 0.1938671994846751789 ) ) ;
#4076 = CARTESIAN_POINT ( 'NONE',  ( -0.1992600000000002980, 0.2460000000000000242, -0.7017244094488186423 ) ) ;
#4077 = SURFACE_STYLE_USAGE ( .BOTH. , #1559 ) ;
#4078 = CARTESIAN_POINT ( 'NONE',  ( -0.01596861906237308226, 1.084052567461228245, 0.2264491439992053212 ) ) ;
#4079 =( GEOMETRIC_REPRESENTATION_CONTEXT ( 3 ) GLOBAL_UNCERTAINTY_ASSIGNED_CONTEXT ( ( #3398 ) ) GLOBAL_UNIT_ASSIGNED_CONTEXT ( ( #6436, #950, #5321 ) ) REPRESENTATION_CONTEXT ( 'NONE', 'WORKASPACE' ) );
#4080 = ADVANCED_FACE ( 'NONE', ( #4103 ), #5092, .F. ) ;
#4081 = PRESENTATION_LAYER_ASSIGNMENT (  '', '', ( #5035 ) ) ;
#4082 = LENGTH_MEASURE_WITH_UNIT ( LENGTH_MEASURE( 0.02539999999999999897 ), #6242 );
#4083 = ORIENTED_EDGE ( 'NONE', *, *, #4646, .T. ) ;
#4084 = DIRECTION ( 'NONE',  ( 1.000000000000000000, 0.000000000000000000, 0.000000000000000000 ) ) ;
#4085 =( NAMED_UNIT ( * ) PLANE_ANGLE_UNIT ( ) SI_UNIT ( $, .RADIAN. ) );
#4086 = COLOUR_RGB ( '',0.1019607843137254888, 0.1019607843137254888, 0.1019607843137254888 ) ;
#4087 = CARTESIAN_POINT ( 'NONE',  ( 0.000000000000000000, 0.2459999999999999964, 0.000000000000000000 ) ) ;
#4088 = CARTESIAN_POINT ( 'NONE',  ( -0.03200696885105607653, 1.082473888718882504, 0.2264396870179461174 ) ) ;
#4089 =( GEOMETRIC_REPRESENTATION_CONTEXT ( 3 ) GLOBAL_UNCERTAINTY_ASSIGNED_CONTEXT ( ( #625 ) ) GLOBAL_UNIT_ASSIGNED_CONTEXT ( ( #1922, #5369, #3861 ) ) REPRESENTATION_CONTEXT ( 'NONE', 'WORKASPACE' ) );
#4090 = CARTESIAN_POINT ( 'NONE',  ( 0.1726296483106677659, 0.6583750000000000435, -0.2409688848996047739 ) ) ;
#4091 = CARTESIAN_POINT ( 'NONE',  ( 0.09753418434825213146, 0.8139671491458830843, 0.2843252712332250409 ) ) ;
#4092 = VECTOR ( 'NONE', #2693, 39.37007874015748143 ) ;
#4093 = CARTESIAN_POINT ( 'NONE',  ( -0.2042556365283231534, 1.096340277777395844, -0.1675176852868461852 ) ) ;
#4094 = CARTESIAN_POINT ( 'NONE',  ( 0.06912099255422146649, 0.9186433634930355474, -0.2583197026689990627 ) ) ;
#4095 = DIRECTION ( 'NONE',  ( -0.000000000000000000, -1.000000000000000000, -0.000000000000000000 ) ) ;
#4096 = CARTESIAN_POINT ( 'NONE',  ( -9.987337468962237344E-13, 1.085634954334570246, 0.2251872822236677674 ) ) ;
#4097 = CARTESIAN_POINT ( 'NONE',  ( -0.1600067673412590152, 1.024291666665908762, 0.1599101748119518829 ) ) ;
#4098 = DIRECTION ( 'NONE',  ( 0.000000000000000000, 1.000000000000000000, 0.000000000000000000 ) ) ;
#4099 = DIRECTION ( 'NONE',  ( -0.000000000000000000, -1.000000000000000000, -0.000000000000000000 ) ) ;
#4100 = CARTESIAN_POINT ( 'NONE',  ( -0.1280998364503143361, 0.8914791666650438984, 0.2398444287533194608 ) ) ;
#4101 = DIRECTION ( 'NONE',  ( -0.000000000000000000, -0.000000000000000000, 1.000000000000000000 ) ) ;
#4102 = CARTESIAN_POINT ( 'NONE',  ( 0.1556881161867573748, 0.9154564506864675266, -0.2170090124482119132 ) ) ;
#4103 = FACE_OUTER_BOUND ( 'NONE', #3761, .T. ) ;
#4104 = ORIENTED_EDGE ( 'NONE', *, *, #2315, .T. ) ;
#4105 = CYLINDRICAL_SURFACE ( 'NONE', #5798, 0.08849999999999995370 ) ;
#4106 = SURFACE_STYLE_FILL_AREA ( #1583 ) ;
#4107 = CARTESIAN_POINT ( 'NONE',  ( -0.1927833275984390249, 0.8454722222200512505, -0.1287230960724971007 ) ) ;
#4108 = ORIENTED_EDGE ( 'NONE', *, *, #2315, .F. ) ;
#4109 = PLANE ( 'NONE',  #3468 ) ;
#4110 = CARTESIAN_POINT ( 'NONE',  ( -0.2288348499066697184, 0.9123124999983475147, -0.02246315590204801815 ) ) ;
#4111 = CARTESIAN_POINT ( 'NONE',  ( 0.1275213096743157415, 0.8984236111090860843, 0.2383901335833520374 ) ) ;
#4112 = EDGE_CURVE ( 'NONE', #2589, #1662, #3614, .T. ) ;
#4113 = CARTESIAN_POINT ( 'NONE',  ( 0.2519982103321652955, 0.9654988402678562620, -0.08501501507886549680 ) ) ;
#4114 = CARTESIAN_POINT ( 'NONE',  ( 0.1244457150865423967, 1.091999999999772708, 0.1863679178583832197 ) ) ;
#4115 =( NAMED_UNIT ( * ) SI_UNIT ( $, .STERADIAN. ) SOLID_ANGLE_UNIT ( ) );
#4116 = CARTESIAN_POINT ( 'NONE',  ( -0.2316452880673521564, 0.8576249999978449168, 7.528436324865255848E-05 ) ) ;
#4117 = SURFACE_SIDE_STYLE ('',( #5105 ) ) ;
#4118 = CARTESIAN_POINT ( 'NONE',  ( -0.2632690539285382769, 1.046531818134172065, 0.01707247630739778393 ) ) ;
#4119 = SURFACE_STYLE_FILL_AREA ( #705 ) ;
#4120 = SURFACE_STYLE_USAGE ( .BOTH. , #638 ) ;
#4121 = EDGE_CURVE ( 'NONE', #835, #4724, #1757, .T. ) ;
#4122 = CARTESIAN_POINT ( 'NONE',  ( -0.1748658232159269466, 0.9979161153184676891, 0.1990225840190563977 ) ) ;
#4123 = DIRECTION ( 'NONE',  ( -1.000000000000000000, 0.000000000000000000, 0.000000000000000000 ) ) ;
#4124 = CARTESIAN_POINT ( 'NONE',  ( -0.1279428641646432885, 0.9044999999983065475, -0.1913453471455640043 ) ) ;
#4125 = EDGE_CURVE ( 'NONE', #3526, #1525, #4891, .T. ) ;
#4126 = CARTESIAN_POINT ( 'NONE',  ( -0.08884114877116154607, 0.8402638888866689193, -0.2142845116577935805 ) ) ;
#4127 = CARTESIAN_POINT ( 'NONE',  ( 0.2123222052368776702, 0.9172089945305180736, -0.1626363763058203404 ) ) ;
#4128 = DIRECTION ( 'NONE',  ( -0.000000000000000000, 1.000000000000000000, -0.000000000000000000 ) ) ;
#4129 = CARTESIAN_POINT ( 'NONE',  ( -0.2220418886300863925, 1.019083333332461816, 0.04409718630261941913 ) ) ;
#4130 = CYLINDRICAL_SURFACE ( 'NONE', #6081, 0.2213999999999999857 ) ;
#4131 = CARTESIAN_POINT ( 'NONE',  ( -0.2545867402838176141, 0.8864444444449997018, 0.08320406984091910374 ) ) ;
#4132 = CARTESIAN_POINT ( 'NONE',  ( 0.2735274128559341822, 0.7977291666643540058, 0.02685083799771498594 ) ) ;
#4133 = CARTESIAN_POINT ( 'NONE',  ( 0.1742445016204681729, 1.010646905179323429, 0.1990525076160234719 ) ) ;
#4134 = FACE_OUTER_BOUND ( 'NONE', #1833, .T. ) ;
#4135 = VERTEX_POINT ( 'NONE', #4758 ) ;
#4136 = CARTESIAN_POINT ( 'NONE',  ( -0.2355507417979748053, 1.044256944444077906, -0.1259964897799907002 ) ) ;
#4137 = CARTESIAN_POINT ( 'NONE',  ( -0.2516187418930381781, 1.055171608722428322, 0.05579314524911868634 ) ) ;
#4138 = DIMENSIONAL_EXPONENTS ( 1.000000000000000000, 0.000000000000000000, 0.000000000000000000, 0.000000000000000000, 0.000000000000000000, 0.000000000000000000, 0.000000000000000000 ) ;
#4139 = AXIS2_PLACEMENT_3D ( 'NONE', #3718, #5733, #1773 ) ;
#4140 = CARTESIAN_POINT ( 'NONE',  ( -0.2709246460088222119, 0.8801944444422612479, 8.760240747448245200E-05 ) ) ;
#4141 = CARTESIAN_POINT ( 'NONE',  ( 0.1815435987815182117, 0.9553807101796079060, 0.1941883461402460209 ) ) ;
#4142 = CARTESIAN_POINT ( 'NONE',  ( 0.02259049377342604858, 0.8723819444424497638, 0.2300778589466855595 ) ) ;
#4143 = DIRECTION ( 'NONE',  ( -0.000000000000000000, -0.000000000000000000, 1.000000000000000000 ) ) ;
#4144 =( NAMED_UNIT ( * ) PLANE_ANGLE_UNIT ( ) SI_UNIT ( $, .RADIAN. ) );
#4145 = PRESENTATION_LAYER_ASSIGNMENT (  '', '', ( #3326 ) ) ;
#4146 = STYLED_ITEM ( 'NONE', ( #843 ), #4235 ) ;
#4147 = CARTESIAN_POINT ( 'NONE',  ( -0.1623628071774240456, 0.9201249999984065786, 0.1624684083789691424 ) ) ;
#4148 = CARTESIAN_POINT ( 'NONE',  ( -0.2623419501907463536, 0.9935935776974065270, -0.03484462123645795661 ) ) ;
#4149 = CARTESIAN_POINT ( 'NONE',  ( 0.2274409298061552398, 0.8970408588513347770, -0.08931379117034903004 ) ) ;
#4150 = AXIS2_PLACEMENT_3D ( 'NONE', #678, #2568, #3992 ) ;
#4151 = CARTESIAN_POINT ( 'NONE',  ( 0.1974468957582239392, 0.6608861408990971409, -0.2266406404052125900 ) ) ;
#4152 = EDGE_CURVE ( 'NONE', #1376, #434, #1670, .T. ) ;
#4153 = PRESENTATION_LAYER_ASSIGNMENT (  '', '', ( #558 ) ) ;
#4154 = CARTESIAN_POINT ( 'NONE',  ( 0.1679217953332932112, 1.082451388888453048, -0.2044866616980227370 ) ) ;
#4155 = CARTESIAN_POINT ( 'NONE',  ( -0.1779153275614870355, 0.9001597222205010018, -0.1459145725859181397 ) ) ;
#4156 = EDGE_LOOP ( 'NONE', ( #1550, #1788, #85 ) ) ;
#4157 = CARTESIAN_POINT ( 'NONE',  ( -0.2950000000000000400, 0.6583750000000000435, -0.02880520499912196317 ) ) ;
#4158 = ORIENTED_EDGE ( 'NONE', *, *, #5871, .T. ) ;
#4159 = CARTESIAN_POINT ( 'NONE',  ( 0.2099251304849498734, 0.9930416666656701752, -0.08687957561897885483 ) ) ;
#4160 = CIRCLE ( 'NONE', #3842, 0.2213999999999999857 ) ;
#4161 =( NAMED_UNIT ( * ) SI_UNIT ( $, .STERADIAN. ) SOLID_ANGLE_UNIT ( ) );
#4162 = DIRECTION ( 'NONE',  ( -0.4999999999999998890, 0.000000000000000000, 0.8660254037844387076 ) ) ;
#4163 = SURFACE_STYLE_FILL_AREA ( #4818 ) ;
#4164 = CARTESIAN_POINT ( 'NONE',  ( 8.895865881559101413E-05, 0.7847083333309025077, 0.2752494236251622484 ) ) ;
#4165 = CARTESIAN_POINT ( 'NONE',  ( 0.08490761011702741001, 1.007176365833979848, 0.2506574713155135248 ) ) ;
#4166 = MECHANICAL_DESIGN_GEOMETRIC_PRESENTATION_REPRESENTATION (  '', ( #2531 ), #5982 ) ;
#4167 = B_SPLINE_CURVE_WITH_KNOTS ( 'NONE', 3,
 ( #4196, #1733, #5777, #3705, #1289, #2787, #3202, #4225, #252, #6250, #317, #2259, #3733, #5746, #1255, #3229, #3263, #5229, #785, #1653, #848, #3743, #5341, #6135, #3271, #820, #879, #398, #2366, #3300, #5868, #2146, #1295, #5306, #4340, #297, #361, #3370, #1179, #5784, #3775, #6354 ),
 .UNSPECIFIED., .F., .F.,
 ( 4, 2, 2, 2, 2, 2, 2, 2, 2, 2, 2, 2, 2, 2, 2, 2, 2, 2, 2, 2, 4 ),
 ( 0.01409737826098260600, 0.01532540254683795178, 0.01593941468976562553, 0.01655342683269329929, 0.01778145111854864679, 0.01900947540440399430, 0.01962348754733167153, 0.02023749969025934528, 0.02146552397611469279, 0.02269354826197004377, 0.02392157254782539128, 0.02514959683368073878, 0.02576360897660841254, 0.02637762111953608282, 0.02760564540539142686, 0.02883366969124677437, 0.03006169397710212882, 0.03067570612002979563, 0.03128971826295746939, 0.03251774254881281689, 0.03374576683466816440 ),
 .UNSPECIFIED. ) ;
#4168 = MECHANICAL_DESIGN_GEOMETRIC_PRESENTATION_REPRESENTATION (  '', ( #4904 ), #1377 ) ;
#4169 = CARTESIAN_POINT ( 'NONE',  ( -0.2253626377536148417, 1.023423611110356513, -0.02226499114314861583 ) ) ;
#4170 = ORIENTED_EDGE ( 'NONE', *, *, #1708, .F. ) ;
#4171 = CARTESIAN_POINT ( 'NONE',  ( 0.2214593351290078671, 1.071166666666522493, 0.1478707866610635413 ) ) ;
#4172 = B_SPLINE_CURVE_WITH_KNOTS ( 'NONE', 3,
 ( #3484, #1060, #2491, #3008, #90, #3039, #5015, #4981, #23, #5547, #5483, #586, #5518, #4460, #2049, #6050, #3958, #5998, #5054, #3455, #555, #2529, #62, #1568, #3547, #2024, #3991, #5582, #1094, #3071, #616, #2595, #1481, #1002, #2979, #4953, #6084, #3006, #2526, #2562, #3545, #3453, #998 ),
 .UNSPECIFIED., .F., .F.,
 ( 4, 2, 2, 2, 2, 2, 2, 1, 2, 2, 2, 2, 2, 2, 2, 2, 2, 2, 2, 2, 2, 4 ),
 ( 0.07352459704366193227, 0.07418570859080927948, 0.07484682013795662670, 0.07616904323225133500, 0.07749126632654604330, 0.07881348942084073772, 0.07947460096798808493, 0.08013571251513544602, 0.08079682406228279323, 0.08145793560943014044, 0.08278015870372484875, 0.08410238179801954317, 0.08542460489231425147, 0.08608571643946159868, 0.08674682798660894589, 0.08806905108090365419, 0.08939127417519834862, 0.09005238572234569583, 0.09071349726949304304, 0.09203572036378775134, 0.09335794345808244576, 0.09468016655237714019 ),
 .UNSPECIFIED. ) ;
#4173 = CARTESIAN_POINT ( 'NONE',  ( 0.1509184264606796277, 0.8610972222199302362, -0.2257168734887373962 ) ) ;
#4174 = AXIS2_PLACEMENT_3D ( 'NONE', #2378, #9, #893 ) ;
#4175 = CARTESIAN_POINT ( 'NONE',  ( -7.256471233170699482E-17, 0.9061101183300270812, -0.2410463674209289420 ) ) ;
#4176 = CARTESIAN_POINT ( 'NONE',  ( -0.1939550210320177825, 0.8072777777752819794, 0.1295118145140371768 ) ) ;
#4177 = CARTESIAN_POINT ( 'NONE',  ( -0.2077189009736820913, 1.069430555555233031, -0.08596082123163656386 ) ) ;
#4178 = CARTESIAN_POINT ( 'NONE',  ( 0.1605202568796927909, 0.9965138888879170320, -0.1606247020240274825 ) ) ;
#4179 = CARTESIAN_POINT ( 'NONE',  ( -0.2559799928773451305, 0.9924353343932290628, -0.06895249254180270404 ) ) ;
#4180 = DIRECTION ( 'NONE',  ( 0.000000000000000000, 0.000000000000000000, 1.000000000000000000 ) ) ;
#4181 = CARTESIAN_POINT ( 'NONE',  ( 0.2439947017706588506, 0.8933483509600873562, 0.02759351068244756539 ) ) ;
#4182 = COLOUR_RGB ( '',0.1019607843137254888, 0.1019607843137254888, 0.1019607843137254888 ) ;
#4183 = SURFACE_STYLE_FILL_AREA ( #2723 ) ;
#4184 = VECTOR ( 'NONE', #889, 39.37007874015748143 ) ;
#4185 = CARTESIAN_POINT ( 'NONE',  ( -0.1687871235529754543, 1.039048611110298781, -0.2055320728634322525 ) ) ;
#4186 = PRESENTATION_LAYER_ASSIGNMENT (  '', '', ( #795 ) ) ;
#4187 = CARTESIAN_POINT ( 'NONE',  ( 0.02264944524913803034, 0.8914791666648821389, -0.2292535561046067927 ) ) ;
#4188 = AXIS2_PLACEMENT_3D ( 'NONE', #390, #810, #4753 ) ;
#4189 = ORIENTED_EDGE ( 'NONE', *, *, #3325, .F. ) ;
#4190 = CARTESIAN_POINT ( 'NONE',  ( 0.008736141944808793053, 0.8978261219591001652, 0.2674839418425213888 ) ) ;
#4191 = SURFACE_STYLE_FILL_AREA ( #1222 ) ;
#4193 = EDGE_CURVE ( 'NONE', #4987, #1299, #320, .T. ) ;
#4192 = ORIENTED_EDGE ( 'NONE', *, *, #6261, .T. ) ;
#4194 =( NAMED_UNIT ( * ) PLANE_ANGLE_UNIT ( ) SI_UNIT ( $, .RADIAN. ) );
#4195 = CARTESIAN_POINT ( 'NONE',  ( 0.000000000000000000, 0.2459999999999999964, 0.7017244094488189754 ) ) ;
#4196 = CARTESIAN_POINT ( 'NONE',  ( -8.124547947001197021E-13, 1.073854453879861781, -0.2377247843414846407 ) ) ;
#4197 = CARTESIAN_POINT ( 'NONE',  ( -0.2739461350822781638, 0.8263749999978788896, 8.854994659821251602E-05 ) ) ;
#4198 = AXIS2_PLACEMENT_3D ( 'NONE', #1340, #5952, #3358 ) ;
#4199 =( GEOMETRIC_REPRESENTATION_CONTEXT ( 3 ) GLOBAL_UNCERTAINTY_ASSIGNED_CONTEXT ( ( #2030 ) ) GLOBAL_UNIT_ASSIGNED_CONTEXT ( ( #302, #229, #765 ) ) REPRESENTATION_CONTEXT ( 'NONE', 'WORKASPACE' ) );
#4200 = CARTESIAN_POINT ( 'NONE',  ( -0.08725590847952154061, 0.9791527777766643181, 0.2104745829881497221 ) ) ;
#4201 = FACE_OUTER_BOUND ( 'NONE', #570, .T. ) ;
#4203 = EDGE_CURVE ( 'NONE', #2388, #1119, #3737, .T. ) ;
#4202 = ORIENTED_EDGE ( 'NONE', *, *, #1086, .F. ) ;
#4204 = CARTESIAN_POINT ( 'NONE',  ( 0.1686072836481411763, 1.084187499999940796, -0.2055841653316872186 ) ) ;
#4205 = CARTESIAN_POINT ( 'NONE',  ( 0.2140886207965268240, 1.110229166666607759, -0.06501915575817303339 ) ) ;
#4206 = ORIENTED_EDGE ( 'NONE', *, *, #3103, .F. ) ;
#4207 = CARTESIAN_POINT ( 'NONE',  ( 0.1619993428022966642, 0.9707152549127312513, -0.2107019894018421491 ) ) ;
#4208 = DIRECTION ( 'NONE',  ( 0.000000000000000000, -0.000000000000000000, 1.000000000000000000 ) ) ;
#4209 = CARTESIAN_POINT ( 'NONE',  ( -0.04368996407943943894, 1.085055555555286544, 0.2200183925977499122 ) ) ;
#4210 =( LENGTH_UNIT ( ) NAMED_UNIT ( * ) SI_UNIT ( $, .METRE. ) );
#4211 = CARTESIAN_POINT ( 'NONE',  ( -0.2253626377557501614, 1.016479166665886114, -0.02226499114105417662 ) ) ;
#4212 = CARTESIAN_POINT ( 'NONE',  ( -0.2373772508934547942, 0.9987992157193338327, 0.1166323345834619218 ) ) ;
#4213 = CARTESIAN_POINT ( 'NONE',  ( 0.000000000000000000, 1.092000000000000082, 0.000000000000000000 ) ) ;
#4214 = CARTESIAN_POINT ( 'NONE',  ( 0.02213683978401817520, 1.065090277777363426, -0.2240656649672769785 ) ) ;
#4215 = SURFACE_STYLE_USAGE ( .BOTH. , #1247 ) ;
#4216 = CARTESIAN_POINT ( 'NONE',  ( 0.2652781246980984720, 1.019951388887892607, -0.02604627176750913195 ) ) ;
#4217 = CARTESIAN_POINT ( 'NONE',  ( 0.1796338928823284220, 0.8289791666643419044, -0.1473308901445775365 ) ) ;
#4218 = ORIENTED_EDGE ( 'NONE', *, *, #6028, .T. ) ;
#4219 = CARTESIAN_POINT ( 'NONE',  ( 7.505645649780310588E-13, 0.8975381624527509761, 0.2674929058117108127 ) ) ;
#4220 = FILL_AREA_STYLE_COLOUR ( '', #68 ) ;
#4221 = ORIENTED_EDGE ( 'NONE', *, *, #1396, .T. ) ;
#4222 = CARTESIAN_POINT ( 'NONE',  ( -0.2106727360616299505, 0.9652638888876492462, 0.08734377517680624869 ) ) ;
#4223 = FACE_OUTER_BOUND ( 'NONE', #3780, .T. ) ;
#4224 = FACE_OUTER_BOUND ( 'NONE', #314, .T. ) ;
#4225 = CARTESIAN_POINT ( 'NONE',  ( 0.1098196608329828072, 1.071215055247611403, -0.2146061032482087516 ) ) ;
#4226 = CARTESIAN_POINT ( 'NONE',  ( -0.1316694803733388097, 0.7613287040773115688, -0.2423526798852030650 ) ) ;
#4227 = CARTESIAN_POINT ( 'NONE',  ( -0.09287977769066013689, 1.039618139174522948, -0.2462781872759304547 ) ) ;
#4228 =( CONVERSION_BASED_UNIT ( 'INCH', #2262 ) LENGTH_UNIT ( ) NAMED_UNIT ( #5725 ) );
#4229 = CARTESIAN_POINT ( 'NONE',  ( -0.1448514454961912223, 0.9609236111098785615, -0.1766107480216132786 ) ) ;
#4230 = EDGE_LOOP ( 'NONE', ( #535, #4555, #365, #4538 ) ) ;
#4231 = PRESENTATION_STYLE_ASSIGNMENT (( #6124 ) ) ;
#4232 = FILL_AREA_STYLE ('',( #6294 ) ) ;
#4233 = CARTESIAN_POINT ( 'NONE',  ( -0.2619029709039584763, 1.046861111110762632, -0.05217843593130457036 ) ) ;
#4234 = ORIENTED_EDGE ( 'NONE', *, *, #4362, .F. ) ;
#4235 = ADVANCED_FACE ( 'NONE', ( #1257 ), #4788, .T. ) ;
#4236 = LINE ( 'NONE', #3183, #64 ) ;
#4237 = CARTESIAN_POINT ( 'NONE',  ( 0.1244457151152909002, 1.098944444444280855, 0.1863679178460582453 ) ) ;
#4238 = ORIENTED_EDGE ( 'NONE', *, *, #3348, .F. ) ;
#4239 = CARTESIAN_POINT ( 'NONE',  ( 0.1328599259813978417, 0.9533516516823544729, 0.2308198281956071740 ) ) ;
#4240 = SURFACE_STYLE_USAGE ( .BOTH. , #4804 ) ;
#4241 = CARTESIAN_POINT ( 'NONE',  ( 0.2010171580519319878, 0.9006948327827009049, 0.1765472640812676408 ) ) ;
#4242 = CARTESIAN_POINT ( 'NONE',  ( -0.2203094567311700003, 1.074638888888530541, 0.04389679503346286676 ) ) ;
#4243 = CARTESIAN_POINT ( 'NONE',  ( -0.08849999999999995370, 0.2459999999999999964, 0.3985000000000000209 ) ) ;
#4244 = DIMENSIONAL_EXPONENTS ( 1.000000000000000000, 0.000000000000000000, 0.000000000000000000, 0.000000000000000000, 0.000000000000000000, 0.000000000000000000, 0.000000000000000000 ) ;
#4245 = CARTESIAN_POINT ( 'NONE',  ( -0.2184033683239688384, 0.9591874999988135864, -0.06632397938213965838 ) ) ;
#4246 = CONICAL_SURFACE ( 'NONE', #3316, 0.2699999999999996292, 0.3141592653589801443 ) ;
#4247 =( NAMED_UNIT ( * ) SI_UNIT ( $, .STERADIAN. ) SOLID_ANGLE_UNIT ( ) );
#4248 = CARTESIAN_POINT ( 'NONE',  ( 0.1633902615429814187, 0.8784583333314276432, 0.1632840823362416149 ) ) ;
#4249 = CARTESIAN_POINT ( 'NONE',  ( 0.1725918398996689196, 0.6589977767815530241, 0.2409907135958725688 ) ) ;
#4250 = AXIS2_PLACEMENT_3D ( 'NONE', #4859, #4361, #6382 ) ;
#4251 = CARTESIAN_POINT ( 'NONE',  ( -0.2017149606299215026, 0.2460000000000000242, -0.7773149606299212255 ) ) ;
#4252 = CARTESIAN_POINT ( 'NONE',  ( 0.2157929056326584882, 1.054673611110547249, -0.06538892794832501520 ) ) ;
#4253 = CARTESIAN_POINT ( 'NONE',  ( -0.1251860604497080920, 1.056409722221497205, 0.2340356782089548227 ) ) ;
#4254 = CARTESIAN_POINT ( 'NONE',  ( 0.2147420825347649276, 0.8263749999976639504, -0.08887305294286464152 ) ) ;
#4255 = ORIENTED_EDGE ( 'NONE', *, *, #650, .T. ) ;
#4256 = CARTESIAN_POINT ( 'NONE',  ( 0.2653748726558700644, 0.9125704821104663189, -0.03448563743379002428 ) ) ;
#4257 =( CONVERSION_BASED_UNIT ( 'INCH', #3319 ) LENGTH_UNIT ( ) NAMED_UNIT ( #4048 ) );
#4258 = ORIENTED_EDGE ( 'NONE', *, *, #650, .F. ) ;
#4259 =( GEOMETRIC_REPRESENTATION_CONTEXT ( 3 ) GLOBAL_UNCERTAINTY_ASSIGNED_CONTEXT ( ( #2706 ) ) GLOBAL_UNIT_ASSIGNED_CONTEXT ( ( #4771, #6194, #4843 ) ) REPRESENTATION_CONTEXT ( 'NONE', 'WORKASPACE' ) );
#4260 = DIRECTION ( 'NONE',  ( 1.000000000000000000, 0.000000000000000000, 0.000000000000000000 ) ) ;
#4261 = CARTESIAN_POINT ( 'NONE',  ( 0.1287035157935526031, 0.8864444444449997018, 0.2113292325812455852 ) ) ;
#4262 = AXIS2_PLACEMENT_3D ( 'NONE', #5192, #6216, #1754 ) ;
#4263 = CARTESIAN_POINT ( 'NONE',  ( -0.2620464611147771961, 0.8289791666645542900, 0.07958343268547421467 ) ) ;
#4264 = CARTESIAN_POINT ( 'NONE',  ( -0.1317102838576923174, 1.041060933635600927, -0.2278356403921253381 ) ) ;
#4265 = CARTESIAN_POINT ( 'NONE',  ( 0.000000000000000000, 0.8170000000000000595, 0.000000000000000000 ) ) ;
#4266 = CARTESIAN_POINT ( 'NONE',  ( 0.04467691889312600667, 0.9531111111097636535, -0.2242520102257804515 ) ) ;
#4267 = STYLED_ITEM ( 'NONE', ( #1322 ), #4728 ) ;
#4268 = ORIENTED_EDGE ( 'NONE', *, *, #5565, .F. ) ;
#4269 = CARTESIAN_POINT ( 'NONE',  ( -0.1980086131824103091, 1.077243055555140439, 0.1059206529176068001 ) ) ;
#4270 = CARTESIAN_POINT ( 'NONE',  ( 0.1339912407259133409, 0.8978056710253164985, 0.2321623429944804917 ) ) ;
#4271 = PRESENTATION_STYLE_ASSIGNMENT (( #4701 ) ) ;
#4272 = CARTESIAN_POINT ( 'NONE',  ( -0.2950000000000000400, 0.6847233372557270936, 0.1703183294109395784 ) ) ;
#4273 = CARTESIAN_POINT ( 'NONE',  ( 0.1020464906849113118, 1.065958333333155483, 0.2461367707277845318 ) ) ;
#4274 = COLOUR_RGB ( '',0.1019607843137254888, 0.1019607843137254888, 0.1019607843137254888 ) ;
#4275 = AXIS2_PLACEMENT_3D ( 'NONE', #4213, #1816, #2214 ) ;
#4276 = CARTESIAN_POINT ( 'NONE',  ( -0.2490582055412453311, 1.055869907960890419, 0.06335025141771911950 ) ) ;
#4277 = CARTESIAN_POINT ( 'NONE',  ( -0.1042953465125840834, 0.8350555555531171681, 0.2515749647200785089 ) ) ;
#4278 = ORIENTED_EDGE ( 'NONE', *, *, #1516, .T. ) ;
#4279 =( NAMED_UNIT ( * ) SI_UNIT ( $, .STERADIAN. ) SOLID_ANGLE_UNIT ( ) );
#4280 = CIRCLE ( 'NONE', #6178, 0.08849999999999995370 ) ;
#4281 = CARTESIAN_POINT ( 'NONE',  ( -0.1057150323240334117, 1.082451388888635346, 0.1979337967663012121 ) ) ;
#4282 = CARTESIAN_POINT ( 'NONE',  ( 0.2460000000000002462, 0.2459999999999999964, -0.7017244094488186423 ) ) ;
#4283 = ADVANCED_FACE ( 'NONE', ( #5809 ), #448, .T. ) ;
#4284 = CARTESIAN_POINT ( 'NONE',  ( -0.1448514454987562539, 0.9539791666653411051, -0.1766107480213330583 ) ) ;
#4285 = CARTESIAN_POINT ( 'NONE',  ( -0.1791671037672300237, 0.8515486111089889398, -0.1471292796605680187 ) ) ;
#4286 = FILL_AREA_STYLE ('',( #4777 ) ) ;
#4287 = CARTESIAN_POINT ( 'NONE',  ( 0.1429937124715450480, 1.059881944444036828, -0.1741311218928914828 ) ) ;
#4288 = EDGE_CURVE ( 'NONE', #2326, #1344, #3767, .T. ) ;
#4289 = VECTOR ( 'NONE', #5513, 39.37007874015748143 ) ;
#4290 = DIMENSIONAL_EXPONENTS ( 1.000000000000000000, 0.000000000000000000, 0.000000000000000000, 0.000000000000000000, 0.000000000000000000, 0.000000000000000000, 0.000000000000000000 ) ;
#4291 = CARTESIAN_POINT ( 'NONE',  ( 0.2232820198917411791, 0.9583194444429332659, 0.1490878390653445906 ) ) ;
#4292 = DIRECTION ( 'NONE',  ( 0.000000000000000000, 0.000000000000000000, 1.000000000000000000 ) ) ;
#4293 = CARTESIAN_POINT ( 'NONE',  ( 0.1874517897437037450, 1.057277777777319239, -0.1251694435732106647 ) ) ;
#4294 = ORIENTED_EDGE ( 'NONE', *, *, #3487, .T. ) ;
#4295 = CARTESIAN_POINT ( 'NONE',  ( 0.2654826780709675926, 0.9082130349784367507, -0.03462369564625156215 ) ) ;
#4296 = CONICAL_SURFACE ( 'NONE', #1497, 0.2699999999999996292, 0.03111922056305896356 ) ;
#4297 = ORIENTED_EDGE ( 'NONE', *, *, #2610, .T. ) ;
#4298 = PRESENTATION_LAYER_ASSIGNMENT (  '', '', ( #2012 ) ) ;
#4299 = CARTESIAN_POINT ( 'NONE',  ( 0.2513979950509724337, 0.9698686309806299199, -0.08501924733078573826 ) ) ;
#4300 = PRESENTATION_LAYER_ASSIGNMENT (  '', '', ( #1298 ) ) ;
#4301 = CARTESIAN_POINT ( 'NONE',  ( 0.1741457168544318646, 1.030059450349145589, -0.1983407467227089882 ) ) ;
#4302 = AXIS2_PLACEMENT_3D ( 'NONE', #838, #4884, #4394 ) ;
#4303 = CARTESIAN_POINT ( 'NONE',  ( -0.08684465062015363224, 1.013874999999178961, -0.2094688108807790661 ) ) ;
#4304 = CYLINDRICAL_SURFACE ( 'NONE', #5569, 0.1854999999999999982 ) ;
#4305 = ORIENTED_EDGE ( 'NONE', *, *, #2301, .T. ) ;
#4306 = CARTESIAN_POINT ( 'NONE',  ( -0.1250452315939658554, 1.064222222221787861, -0.1870116761342204004 ) ) ;
#4307 = VECTOR ( 'NONE', #1146, 39.37007874015748854 ) ;
#4308 = CIRCLE ( 'NONE', #2025, 0.1250000000000000278 ) ;
#4309 = CARTESIAN_POINT ( 'NONE',  ( -0.2704712190367947189, 0.9374861111099278554, -8.217985322489889635E-05 ) ) ;
#4310 = UNCERTAINTY_MEASURE_WITH_UNIT (LENGTH_MEASURE( 1.000000000000000082E-05 ), #6293, 'distance_accuracy_value', 'NONE');
#4311 = CARTESIAN_POINT ( 'NONE',  ( -0.1728844759369697615, 0.8324513888864389921, 0.2105298399755442251 ) ) ;
#4312 = EDGE_LOOP ( 'NONE', ( #6109, #3244, #3907, #4918, #1105 ) ) ;
#4313 = CARTESIAN_POINT ( 'NONE',  ( -0.2583582754454805674, 0.8864444444449997018, 0.06902112627388738708 ) ) ;
#4314 = PLANE ( 'NONE',  #5102 ) ;
#4315 = CARTESIAN_POINT ( 'NONE',  ( 0.06594526360675574683, 1.000854166665763767, -0.2171563175820770408 ) ) ;
#4316 =( NAMED_UNIT ( * ) SI_UNIT ( $, .STERADIAN. ) SOLID_ANGLE_UNIT ( ) );
#4317 = CARTESIAN_POINT ( 'NONE',  ( 0.02259049377578915135, 0.8654374999979804750, 0.2300778589467198099 ) ) ;
#4318 = CARTESIAN_POINT ( 'NONE',  ( 0.1854999999999999150, 0.2460000000000000242, -0.3984999999999998543 ) ) ;
#4319 = CARTESIAN_POINT ( 'NONE',  ( -0.2255301766969822208, 0.9114444444428370096, -0.04493157876104535847 ) ) ;
#4320 =( NAMED_UNIT ( * ) PLANE_ANGLE_UNIT ( ) SI_UNIT ( $, .RADIAN. ) );
#4321 = CYLINDRICAL_SURFACE ( 'NONE', #5479, 0.2459999999999998854 ) ;
#4322 = CARTESIAN_POINT ( 'NONE',  ( -0.2270368591707945805, 0.9696041666655468294, 0.02243572377836392309 ) ) ;
#4323 =( CONVERSION_BASED_UNIT ( 'INCH', #3140 ) LENGTH_UNIT ( ) NAMED_UNIT ( #2982 ) );
#4324 = FILL_AREA_STYLE ('',( #4052 ) ) ;
#4325 = EDGE_CURVE ( 'NONE', #726, #5880, #4042, .T. ) ;
#4326 = CARTESIAN_POINT ( 'NONE',  ( -0.1896244133488900752, 1.065851134047070214, 0.1572957112771899701 ) ) ;
#4327 = CARTESIAN_POINT ( 'NONE',  ( -0.02617360963958248465, 0.9782847222209605231, -0.2665751776054402500 ) ) ;
#4328 = CARTESIAN_POINT ( 'NONE',  ( -0.2165827222414460351, 1.026895833332612362, 0.06577658739721170544 ) ) ;
#4329 = ORIENTED_EDGE ( 'NONE', *, *, #572, .T. ) ;
#4330 = CARTESIAN_POINT ( 'NONE',  ( 0.1761324903894160299, 0.9038958952940754354, 0.2012472505732134931 ) ) ;
#4331 =( NAMED_UNIT ( * ) SI_UNIT ( $, .STERADIAN. ) SOLID_ANGLE_UNIT ( ) );
#4332 = ORIENTED_EDGE ( 'NONE', *, *, #3256, .F. ) ;
#4333 =( NAMED_UNIT ( * ) PLANE_ANGLE_UNIT ( ) SI_UNIT ( $, .RADIAN. ) );
#4334 = DIRECTION ( 'NONE',  ( 0.000000000000000000, 0.000000000000000000, -1.000000000000000000 ) ) ;
#4335 = CARTESIAN_POINT ( 'NONE',  ( 0.2365701169729277353, 1.026580850717068394, -0.1163142111005666945 ) ) ;
#4336 = CARTESIAN_POINT ( 'NONE',  ( -7.487565198072783281E-05, 0.8992916666648957946, -0.2303419995312062651 ) ) ;
#4337 = SURFACE_STYLE_FILL_AREA ( #6289 ) ;
#4338 = DIMENSIONAL_EXPONENTS ( 1.000000000000000000, 0.000000000000000000, 0.000000000000000000, 0.000000000000000000, 0.000000000000000000, 0.000000000000000000, 0.000000000000000000 ) ;
#4339 = ORIENTED_EDGE ( 'NONE', *, *, #5480, .T. ) ;
#4340 = CARTESIAN_POINT ( 'NONE',  ( 0.1231274964153154239, 1.059167149741636615, 0.2215728473970523804 ) ) ;
#4341 = CARTESIAN_POINT ( 'NONE',  ( -0.1030447397486003447, 0.9826249999992199280, -0.2485446211255697702 ) ) ;
#4342 = CARTESIAN_POINT ( 'NONE',  ( 0.1474999999999999367, 0.8170000000000000595, 0.2554774941164094093 ) ) ;
#4343 = CARTESIAN_POINT ( 'NONE',  ( 0.05301741817693789161, 0.8402638888863631639, 0.2669605376025173116 ) ) ;
#4344 = EDGE_LOOP ( 'NONE', ( #4900, #330, #1323, #522 ) ) ;
#4345 = CARTESIAN_POINT ( 'NONE',  ( 0.2459999999999998854, 0.2459999999999999964, 0.000000000000000000 ) ) ;
#4346 = CARTESIAN_POINT ( 'NONE',  ( 0.1249999999999999029, 0.2459999999999999964, 0.7970000000000001528 ) ) ;
#4347 = CARTESIAN_POINT ( 'NONE',  ( 0.1990833873063144188, 1.040784722221647307, 0.1063290378364923627 ) ) ;
#4348 = CARTESIAN_POINT ( 'NONE',  ( -0.1276369260375642412, 0.9149166666649940494, 0.1908972890140414880 ) ) ;
#4349 = CARTESIAN_POINT ( 'NONE',  ( 0.2296308047357591142, 0.8862708333314560649, -0.02269202652541921564 ) ) ;
#4350 = FILL_AREA_STYLE_COLOUR ( '', #4182 ) ;
#4351 = CARTESIAN_POINT ( 'NONE',  ( 0.2029819315061633100, 0.9380558567013277393, 0.1101101138622876119 ) ) ;
#4352 = CARTESIAN_POINT ( 'NONE',  ( 0.2019074336316319107, 0.9383541666652506219, -0.1078433699241437699 ) ) ;
#4353 = CARTESIAN_POINT ( 'NONE',  ( 0.2099251304760088588, 0.9999861111102110733, -0.08687957564812137656 ) ) ;
#4354 = CARTESIAN_POINT ( 'NONE',  ( 0.04365827953422721924, 1.112833333333311581, -0.2191393443111701866 ) ) ;
#4355 = STYLED_ITEM ( 'NONE', ( #5665 ), #381 ) ;
#4356 = CARTESIAN_POINT ( 'NONE',  ( 0.2365545413260540797, 0.9678680555541757657, -0.1263486675654810487 ) ) ;
#4357 = DIRECTION ( 'NONE',  ( 0.000000000000000000, 0.000000000000000000, 1.000000000000000000 ) ) ;
#4358 = CARTESIAN_POINT ( 'NONE',  ( -0.06539787159230499303, 1.068562499999692772, -0.2153356715134709387 ) ) ;
#4359 = EDGE_LOOP ( 'NONE', ( #4793, #3699 ) ) ;
#4360 = CARTESIAN_POINT ( 'NONE',  ( 0.04536647691513909231, 0.8107499999975752436, 0.2284335183820029036 ) ) ;
#4361 = DIRECTION ( 'NONE',  ( -1.224646799147353207E-16, 1.000000000000000000, 0.000000000000000000 ) ) ;
#4362 = EDGE_CURVE ( 'NONE', #170, #1236, #4946, .T. ) ;
#4363 = PRESENTATION_LAYER_ASSIGNMENT (  '', '', ( #1466 ) ) ;
#4364 = CARTESIAN_POINT ( 'NONE',  ( 0.2564634733625624219, 0.9692862941437024871, -0.06830320587263606635 ) ) ;
#4365 = UNCERTAINTY_MEASURE_WITH_UNIT (LENGTH_MEASURE( 1.000000000000000082E-05 ), #2336, 'distance_accuracy_value', 'NONE');
#4366 = DIRECTION ( 'NONE',  ( 0.000000000000000000, 0.000000000000000000, 1.000000000000000000 ) ) ;
#4367 = DIRECTION ( 'NONE',  ( -0.000000000000000000, 1.000000000000000000, -0.000000000000000000 ) ) ;
#4368 =( CONVERSION_BASED_UNIT ( 'INCH', #501 ) LENGTH_UNIT ( ) NAMED_UNIT ( #1526 ) );
#4369 = EDGE_CURVE ( 'NONE', #1056, #6417, #95, .T. ) ;
#4370 = CARTESIAN_POINT ( 'NONE',  ( 0.2490110937612186048, 0.9687361111101969735, -0.1030551531746098232 ) ) ;
#4371 = AXIS2_PLACEMENT_3D ( 'NONE', #4959, #1933, #3429 ) ;
#4372 = UNCERTAINTY_MEASURE_WITH_UNIT (LENGTH_MEASURE( 1.000000000000000082E-05 ), #318, 'distance_accuracy_value', 'NONE');
#4373 = CARTESIAN_POINT ( 'NONE',  ( 0.1990833872942190386, 1.047729166666133027, 0.1063290378648250323 ) ) ;
#4374 = VERTEX_POINT ( 'NONE', #1990 ) ;
#4375 = CARTESIAN_POINT ( 'NONE',  ( 0.1992600000000001315, 0.2459999999999999964, -0.7418818897637792231 ) ) ;
#4376 = CARTESIAN_POINT ( 'NONE',  ( -0.05184209972998106430, 0.3344999999999999085, -0.08849999999999995370 ) ) ;
#4377 = CARTESIAN_POINT ( 'NONE',  ( -0.1884478400768883066, 1.012138888887989197, -0.1258281821005892420 ) ) ;
#4378 = DIRECTION ( 'NONE',  ( 0.000000000000000000, 1.000000000000000000, 0.000000000000000000 ) ) ;
#4379 = COLOUR_RGB ( '',0.1019607843137254888, 0.1019607843137254888, 0.1019607843137254888 ) ;
#4380 = CARTESIAN_POINT ( 'NONE',  ( 0.2296308047429305166, 0.8793263888869828904, -0.02269202649422352724 ) ) ;
#4381 = ORIENTED_EDGE ( 'NONE', *, *, #5640, .F. ) ;
#4382 = MECHANICAL_DESIGN_GEOMETRIC_PRESENTATION_REPRESENTATION (  '', ( #3549 ), #6076 ) ;
#4383 = CARTESIAN_POINT ( 'NONE',  ( -0.2028477994907197657, 0.9088402777760820062, -0.1085032150177176885 ) ) ;
#4384 = SURFACE_STYLE_USAGE ( .BOTH. , #3788 ) ;
#4385 =( NAMED_UNIT ( * ) PLANE_ANGLE_UNIT ( ) SI_UNIT ( $, .RADIAN. ) );
#4386 = CARTESIAN_POINT ( 'NONE',  ( -0.1898138712463689204, 0.9565833333319964105, -0.1269125179150155103 ) ) ;
#4387 = CARTESIAN_POINT ( 'NONE',  ( 0.1608314499943800935, 0.9895694444433938974, 0.1609286204860077008 ) ) ;
#4388 = CARTESIAN_POINT ( 'NONE',  ( 0.2194852367302903562, 1.102416666666586664, -0.04358947009167300074 ) ) ;
#4389 = CARTESIAN_POINT ( 'NONE',  ( 0.2683180689351685189, 0.9635277777763073814, -8.678498436344665842E-05 ) ) ;
#4390 = B_SPLINE_CURVE_WITH_KNOTS ( 'NONE', 3,
 ( #5182, #3756, #4249, #738, #6274, #5824, #5287, #236 ),
 .UNSPECIFIED., .F., .F.,
 ( 4, 2, 2, 4 ),
 ( 0.004377528375927887232, 0.005467759766343697689, 0.006557991156759507279, 0.008738453937591131662 ),
 .UNSPECIFIED. ) ;
#4391 = CARTESIAN_POINT ( 'NONE',  ( -0.2167813770843291798, 1.021687499999183180, -0.06568292153979389536 ) ) ;
#4392 = ORIENTED_EDGE ( 'NONE', *, *, #4612, .T. ) ;
#4393 = CARTESIAN_POINT ( 'NONE',  ( 0.1096853864629342284, 0.8133541666642659651, 0.2053562052556276440 ) ) ;
#4394 = DIRECTION ( 'NONE',  ( 0.000000000000000000, 0.000000000000000000, -1.000000000000000000 ) ) ;
#4395 = FILL_AREA_STYLE ('',( #5405 ) ) ;
#4396 =( LENGTH_UNIT ( ) NAMED_UNIT ( * ) SI_UNIT ( $, .METRE. ) );
#4397 = DIRECTION ( 'NONE',  ( -0.000000000000000000, -0.000000000000000000, 1.000000000000000000 ) ) ;
#4398 = EDGE_CURVE ( 'NONE', #3259, #3710, #1974, .T. ) ;
#4399 = CARTESIAN_POINT ( 'NONE',  ( 0.2082648856645701874, 1.048597222221638647, -0.08634552611393674082 ) ) ;
#4400 = B_SPLINE_CURVE_WITH_KNOTS ( 'NONE', 3,
 ( #3394, #499, #5111, #3956, #4497, #5011, #2021, #2281 ),
 .UNSPECIFIED., .F., .F.,
 ( 4, 2, 2, 4 ),
 ( 0.004377528375927891569, 0.005467759766343703760, 0.006557991156759515952, 0.008738453937591138601 ),
 .UNSPECIFIED. ) ;
#4401 = CARTESIAN_POINT ( 'NONE',  ( -0.2249783701692693871, 0.9322777777764891249, -0.1504246392540625754 ) ) ;
#4402 = EDGE_CURVE ( 'NONE', #175, #6154, #498, .T. ) ;
#4403 = CARTESIAN_POINT ( 'NONE',  ( -0.1066590357458559318, 1.033840277777080985, 0.1994001838766057688 ) ) ;
#4404 = DIMENSIONAL_EXPONENTS ( 1.000000000000000000, 0.000000000000000000, 0.000000000000000000, 0.000000000000000000, 0.000000000000000000, 0.000000000000000000, 0.000000000000000000 ) ;
#4405 = AXIS2_PLACEMENT_3D ( 'NONE', #5722, #5199, #1160 ) ;
#4406 = ORIENTED_EDGE ( 'NONE', *, *, #3214, .F. ) ;
#4407 = CARTESIAN_POINT ( 'NONE',  ( -0.1739769437348691605, 0.8864444444449995908, -0.1814559318273703259 ) ) ;
#4408 = MECHANICAL_DESIGN_GEOMETRIC_PRESENTATION_REPRESENTATION (  '', ( #271 ), #1806 ) ;
#4409 = CARTESIAN_POINT ( 'NONE',  ( -0.2949999999999999845, 0.6847233372557268716, -0.1703183294109396340 ) ) ;
#4410 = CARTESIAN_POINT ( 'NONE',  ( -0.2264321339156975532, 1.017347222221496539, 7.364954714740340642E-05 ) ) ;
#4411 = CARTESIAN_POINT ( 'NONE',  ( -6.932297929713627399E-05, 0.9201249999984261185, 0.2294736605642924698 ) ) ;
#4412 = ORIENTED_EDGE ( 'NONE', *, *, #4112, .T. ) ;
#4413 = AXIS2_PLACEMENT_3D ( 'NONE', #583, #3127, #707 ) ;
#4414 =( LENGTH_UNIT ( ) NAMED_UNIT ( * ) SI_UNIT ( $, .METRE. ) );
#4415 = CARTESIAN_POINT ( 'NONE',  ( -0.09214336898977432133, 0.7917685192684840167, -0.2146147092456426875 ) ) ;
#4416 = CARTESIAN_POINT ( 'NONE',  ( -0.2182874816678726237, 0.9643958333321409615, 0.06614479507859644114 ) ) ;
#4417 = CARTESIAN_POINT ( 'NONE',  ( -0.06606085514950751914, 0.9800208333321261955, 0.2180286650909182000 ) ) ;
#4418 = CARTESIAN_POINT ( 'NONE',  ( -0.2203094567396074455, 1.074638888888461485, 0.04389679500093239539 ) ) ;
#4419 = CARTESIAN_POINT ( 'NONE',  ( -0.2488299617750759085, 0.9322777777760832274, -0.1029744777120571997 ) ) ;
#4420 = CARTESIAN_POINT ( 'NONE',  ( -0.2092706577779693822, 1.020819444443718860, -0.08675678397645304740 ) ) ;
#4421 = VERTEX_POINT ( 'NONE', #113 ) ;
#4422 = DIRECTION ( 'NONE',  ( 0.000000000000000000, -1.000000000000000000, 0.000000000000000000 ) ) ;
#4423 =( CONVERSION_BASED_UNIT ( 'INCH', #2460 ) LENGTH_UNIT ( ) NAMED_UNIT ( #826 ) );
#4424 = CARTESIAN_POINT ( 'NONE',  ( 0.1320018245814189584, 1.013271714574069948, 0.2291522166281624029 ) ) ;
#4425 =( LENGTH_UNIT ( ) NAMED_UNIT ( * ) SI_UNIT ( $, .METRE. ) );
#4426 = SURFACE_STYLE_USAGE ( .BOTH. , #2464 ) ;
#4427 = CARTESIAN_POINT ( 'NONE',  ( 0.1990833873063144188, 1.040784722221647307, 0.1063290378364923627 ) ) ;
#4428 = CARTESIAN_POINT ( 'NONE',  ( 0.2949999999999999289, 0.7986032546658683451, 0.1427732069924252389 ) ) ;
#4429 = CARTESIAN_POINT ( 'NONE',  ( -0.02621414863782346380, 1.006062499999341719, 0.2670421483120373196 ) ) ;
#4430 = DIMENSIONAL_EXPONENTS ( 1.000000000000000000, 0.000000000000000000, 0.000000000000000000, 0.000000000000000000, 0.000000000000000000, 0.000000000000000000, 0.000000000000000000 ) ;
#4431 = LINE ( 'NONE', #3932, #5149 ) ;
#4432 = UNCERTAINTY_MEASURE_WITH_UNIT (LENGTH_MEASURE( 1.000000000000000082E-05 ), #2168, 'distance_accuracy_value', 'NONE');
#4433 = CARTESIAN_POINT ( 'NONE',  ( 0.2950000000000000400, 0.6583750000000000435, -0.1703183294109395784 ) ) ;
#4434 = VERTEX_POINT ( 'NONE', #3095 ) ;
#4435 =( NAMED_UNIT ( * ) SI_UNIT ( $, .STERADIAN. ) SOLID_ANGLE_UNIT ( ) );
#4436 =( CONVERSION_BASED_UNIT ( 'INCH', #2501 ) LENGTH_UNIT ( ) NAMED_UNIT ( #4138 ) );
#4437 = CARTESIAN_POINT ( 'NONE',  ( 0.1264940478906867172, 0.9808888888879169210, 0.1891785116304936509 ) ) ;
#4438 = FILL_AREA_STYLE_COLOUR ( '', #656 ) ;
#4439 = CARTESIAN_POINT ( 'NONE',  ( -0.1084573754684076824, 0.8966874999982251682, -0.2030570241645491270 ) ) ;
#4440 = ORIENTED_EDGE ( 'NONE', *, *, #2604, .F. ) ;
#4441 = EDGE_CURVE ( 'NONE', #4802, #4572, #1464, .T. ) ;
#4442 = LENGTH_MEASURE_WITH_UNIT ( LENGTH_MEASURE( 0.02539999999999999897 ), #4414 );
#4443 = CARTESIAN_POINT ( 'NONE',  ( -0.07188113373626697777, 0.7909583344595576548, -0.2212273831375891897 ) ) ;
#4444 = DIRECTION ( 'NONE',  ( -0.000000000000000000, -0.000000000000000000, 1.000000000000000000 ) ) ;
#4445 = CARTESIAN_POINT ( 'NONE',  ( 0.06652272865890904163, 0.9227291666650436763, 0.2195347696820334760 ) ) ;
#4446 = CARTESIAN_POINT ( 'NONE',  ( 0.1758998976466968345, 0.9904374999990102069, 0.1442616094936239046 ) ) ;
#4447 = CARTESIAN_POINT ( 'NONE',  ( 0.2255637949452221347, 1.045124999999407445, 6.809684351418516992E-05 ) ) ;
#4448 = CARTESIAN_POINT ( 'NONE',  ( 0.1771527110279791095, 0.9348819444429146142, 0.1454750527707736052 ) ) ;
#4449 = FILL_AREA_STYLE ('',( #5073 ) ) ;
#4450 = FACE_OUTER_BOUND ( 'NONE', #5313, .T. ) ;
#4451 = CARTESIAN_POINT ( 'NONE',  ( 0.1512243645857166419, 0.8437361111087059440, 0.2261649316220036288 ) ) ;
#4452 = SURFACE_STYLE_USAGE ( .BOTH. , #2455 ) ;
#4453 = CARTESIAN_POINT ( 'NONE',  ( -0.1265519105871913130, 0.9774166666654663382, 0.1895317119617739854 ) ) ;
#4454 = EDGE_LOOP ( 'NONE', ( #5263, #913, #5564 ) ) ;
#4455 = CARTESIAN_POINT ( 'NONE',  ( -0.1169768958968410433, 0.9805561093060816136, -0.2378412990349631773 ) ) ;
#4456 = CYLINDRICAL_SURFACE ( 'NONE', #1405, 0.08849999999999999534 ) ;
#4457 = CYLINDRICAL_SURFACE ( 'NONE', #5093, 0.1992600000000001870 ) ;
#4458 = CARTESIAN_POINT ( 'NONE',  ( 0.1565384181143762987, 0.9399528491057151935, -0.1692545546111113852 ) ) ;
#4459 =( GEOMETRIC_REPRESENTATION_CONTEXT ( 3 ) GLOBAL_UNCERTAINTY_ASSIGNED_CONTEXT ( ( #3519 ) ) GLOBAL_UNIT_ASSIGNED_CONTEXT ( ( #5616, #2079, #1122 ) ) REPRESENTATION_CONTEXT ( 'NONE', 'WORKASPACE' ) );
#4460 = CARTESIAN_POINT ( 'NONE',  ( -0.2114041012161915478, 0.9449774805762473084, 0.1617057394034233375 ) ) ;
#4461 = DIRECTION ( 'NONE',  ( 0.000000000000000000, -0.9995158361299276706, 0.03111419813351309557 ) ) ;
#4462 = CARTESIAN_POINT ( 'NONE',  ( 0.02566569454405434256, 1.143215229203858430, -0.2614410113601461916 ) ) ;
#4463 = DIMENSIONAL_EXPONENTS ( 1.000000000000000000, 0.000000000000000000, 0.000000000000000000, 0.000000000000000000, 0.000000000000000000, 0.000000000000000000, 0.000000000000000000 ) ;
#4464 = PRESENTATION_STYLE_ASSIGNMENT (( #2494 ) ) ;
#4465 = CARTESIAN_POINT ( 'NONE',  ( -0.2459999999999997744, 0.2460000000000000242, 0.5032890738579167689 ) ) ;
#4466 = CARTESIAN_POINT ( 'NONE',  ( -0.2399051971727904076, 0.8862708333316915432, 0.1283317390045573547 ) ) ;
#4467 = CARTESIAN_POINT ( 'NONE',  ( 0.2460000000000001352, 0.2459999999999999964, 0.000000000000000000 ) ) ;
#4468 = STYLED_ITEM ( 'NONE', ( #1508 ), #5618 ) ;
#4469 = EDGE_LOOP ( 'NONE', ( #3016, #1203, #5202, #2257, #6429, #1 ) ) ;
#4470 = CARTESIAN_POINT ( 'NONE',  ( -6.768816528139696021E-05, 1.086791666666421463, 0.2242605064046362118 ) ) ;
#4471 = LINE ( 'NONE', #5976, #3631 ) ;
#4472 = CARTESIAN_POINT ( 'NONE',  ( -0.1898138712463689204, 0.9565833333319964105, -0.1269125179150155103 ) ) ;
#4473 =( NAMED_UNIT ( * ) PLANE_ANGLE_UNIT ( ) SI_UNIT ( $, .RADIAN. ) );
#4474 = CARTESIAN_POINT ( 'NONE',  ( -0.1652339678551841551, 0.7881805555529348695, -0.1651266326816421548 ) ) ;
#4475 = ORIENTED_EDGE ( 'NONE', *, *, #3642, .T. ) ;
#4476 = AXIS2_PLACEMENT_3D ( 'NONE', #1291, #3232, #4697 ) ;
#4477 = SURFACE_STYLE_USAGE ( .BOTH. , #3593 ) ;
#4478 = CARTESIAN_POINT ( 'NONE',  ( -0.1276369260405563477, 0.9218611111095257327, 0.1908972890136833023 ) ) ;
#4479 = EDGE_CURVE ( 'NONE', #1231, #3481, #6376, .T. ) ;
#4480 = CARTESIAN_POINT ( 'NONE',  ( 0.2140886207850565826, 1.103284722222098946, -0.06501915578729478007 ) ) ;
#4481 = CARTESIAN_POINT ( 'NONE',  ( -0.2641972181155080590, 0.9336820538688670457, -0.03503910473683675975 ) ) ;
#4482 = CARTESIAN_POINT ( 'NONE',  ( -0.1377928469046379445, 0.8884024087952721027, 0.2297613446034283968 ) ) ;
#4483 = CARTESIAN_POINT ( 'NONE',  ( 0.1273406290305536537, 0.9253333333317407261, 0.1907034053940874496 ) ) ;
#4484 = DIRECTION ( 'NONE',  ( 0.000000000000000000, 0.000000000000000000, 1.000000000000000000 ) ) ;
#4485 = CARTESIAN_POINT ( 'NONE',  ( -0.04368996411282300568, 1.085055555555305640, 0.2200183925932953366 ) ) ;
#4486 =( GEOMETRIC_REPRESENTATION_CONTEXT ( 3 ) GLOBAL_UNCERTAINTY_ASSIGNED_CONTEXT ( ( #3585 ) ) GLOBAL_UNIT_ASSIGNED_CONTEXT ( ( #32, #757, #1860 ) ) REPRESENTATION_CONTEXT ( 'NONE', 'WORKASPACE' ) );
#4487 = STYLED_ITEM ( 'NONE', ( #2047 ), #1818 ) ;
#4488 = CARTESIAN_POINT ( 'NONE',  ( 0.2192759531080496205, 0.9383541666652106539, 0.06643878872982926509 ) ) ;
#4489 = CARTESIAN_POINT ( 'NONE',  ( 0.2244537133213104496, 0.9131805555537327868, -0.1498765575070900580 ) ) ;
#4490 = EDGE_CURVE ( 'NONE', #602, #248, #4796, .T. ) ;
#4491 = CARTESIAN_POINT ( 'NONE',  ( 0.1450880910272741298, 0.9487708333319915255, -0.1769076126128620863 ) ) ;
#4492 = ORIENTED_EDGE ( 'NONE', *, *, #1242, .F. ) ;
#4493 = CARTESIAN_POINT ( 'NONE',  ( -0.2233915712247809271, 0.7925208333307398600, -0.06783884263274224391 ) ) ;
#4494 = AXIS2_PLACEMENT_3D ( 'NONE', #4806, #3816, #4845 ) ;
#4495 = CARTESIAN_POINT ( 'NONE',  ( 0.000000000000000000, 0.2459999999999999964, -0.7418818897637793341 ) ) ;
#4496 = CARTESIAN_POINT ( 'NONE',  ( 0.1966422227776630505, 0.8892820152939412415, 0.1492577658926634576 ) ) ;
#4497 = CARTESIAN_POINT ( 'NONE',  ( 0.08518038989515497317, 0.6631928313338241177, -0.2914577377862342389 ) ) ;
#4498 = CARTESIAN_POINT ( 'NONE',  ( 0.000000000000000000, 0.8864444444449997018, -3.250952844868465454E-18 ) ) ;
#4499 = DIMENSIONAL_EXPONENTS ( 1.000000000000000000, 0.000000000000000000, 0.000000000000000000, 0.000000000000000000, 0.000000000000000000, 0.000000000000000000, 0.000000000000000000 ) ;
#4500 = CARTESIAN_POINT ( 'NONE',  ( -0.2627380627524607548, 1.101548611110823694, -0.02579159602368105708 ) ) ;
#4501 = PRESENTATION_LAYER_ASSIGNMENT (  '', '', ( #4812 ) ) ;
#4502 =( LENGTH_UNIT ( ) NAMED_UNIT ( * ) SI_UNIT ( $, .METRE. ) );
#4503 = CARTESIAN_POINT ( 'NONE',  ( 0.1539518429942799971, 0.9471596103548096668, -0.1685856610044563220 ) ) ;
#4504 = CARTESIAN_POINT ( 'NONE',  ( 0.2507543184308592688, 0.9062361111096324251, 0.1039551221395696445 ) ) ;
#4505 = CYLINDRICAL_SURFACE ( 'NONE', #2564, 0.08849999999999995370 ) ;
#4506 = UNCERTAINTY_MEASURE_WITH_UNIT (LENGTH_MEASURE( 1.000000000000000082E-05 ), #5979, 'distance_accuracy_value', 'NONE');
#4507 = CARTESIAN_POINT ( 'NONE',  ( 0.1743970697522361779, 1.025690211445491107, -0.1982833612717316285 ) ) ;
#4508 = ORIENTED_EDGE ( 'NONE', *, *, #3679, .F. ) ;
#4509 = DIRECTION ( 'NONE',  ( 0.000000000000000000, 0.000000000000000000, -1.000000000000000000 ) ) ;
#4510 = CARTESIAN_POINT ( 'NONE',  ( 0.1973090714704341386, 1.111965277777733796, -0.1053873478739223157 ) ) ;
#4511 = COLOUR_RGB ( '',0.1019607843137254888, 0.1019607843137254888, 0.1019607843137254888 ) ;
#4512 = CARTESIAN_POINT ( 'NONE',  ( 0.2279784556123312378, 0.8246388888865644473, -0.04542475403612142304 ) ) ;
#4513 = ORIENTED_EDGE ( 'NONE', *, *, #6224, .T. ) ;
#4514 = STYLED_ITEM ( 'NONE', ( #5946 ), #973 ) ;
#4515 = CARTESIAN_POINT ( 'NONE',  ( 0.2950000000000000955, 0.6767199142953287394, -0.1425936590071959498 ) ) ;
#4516 = MECHANICAL_DESIGN_GEOMETRIC_PRESENTATION_REPRESENTATION (  '', ( #5035 ), #6199 ) ;
#4517 = STYLED_ITEM ( 'NONE', ( #5404 ), #1629 ) ;
#4518 = CARTESIAN_POINT ( 'NONE',  ( -0.2290987418913585649, 0.9159361154609443334, -0.06440846249412668367 ) ) ;
#4519 = CARTESIAN_POINT ( 'NONE',  ( 0.1862800963129330745, 1.095472222222079628, 0.1243807251307389172 ) ) ;
#4520 = CARTESIAN_POINT ( 'NONE',  ( -0.2262842204526455958, 0.9397560235824758967, 0.1404367489914780665 ) ) ;
#4521 = FILL_AREA_STYLE_COLOUR ( '', #2954 ) ;
#4522 = DIRECTION ( 'NONE',  ( 0.000000000000000000, 1.000000000000000000, 0.000000000000000000 ) ) ;
#4523 = CARTESIAN_POINT ( 'NONE',  ( -0.02233581802998144822, 0.9557152777765443030, -0.2274837531291314385 ) ) ;
#4524 = MECHANICAL_DESIGN_GEOMETRIC_PRESENTATION_REPRESENTATION (  '', ( #6419 ), #4835 ) ;
#4525 = VECTOR ( 'NONE', #4128, 39.37007874015748143 ) ;
#4526 = CARTESIAN_POINT ( 'NONE',  ( -0.2708709507674940120, 0.6766803208448727291, 0.1842492424806166096 ) ) ;
#4527 = CARTESIAN_POINT ( 'NONE',  ( 0.1906155838447006756, 0.9357499999985917638, 0.1272756390723118747 ) ) ;
#4528 = B_SPLINE_SURFACE_WITH_KNOTS ( 'NONE', 1, 3, ( 
 ( #1972, #3385, #4354, #2381, #6372, #4852, #3852, #415, #5360, #990, #4388, #3412, #5428, #1403, #2933, #2418, #1914, #3887, #4913, #4943, #2453, #4972, #5923, #4485, #4876, #51, #1027, #3981, #924, #480, #543, #4418, #5887, #3914, #445, #13, #2999, #3475, #6442, #1942, #2515, #6016, #2904, #5951, #1471, #2876, #3946, #5473, #6408, #5988, #1438, #3442, #2969, #2482, #4447, #1496, #5144, #4999, #5043, #6075, #2691, #6136, #3567, #1627, #5535, #5609, #5072, #637, #4587, #1654, #3600, #5107, #5668, #5636, #1145, #672, #4211, #1213, #737, #2716, #3249, #2314, #6164, #2211, #4674, #233, #6270, #373, #269, #4711, #3785, #4178, #1810, #1682, #1721, #1304, #3719, #6198, #2804, #3278, #2349, #2836, #5318, #3692, #1241, #3215, #5700, #4773, #5760, #5211, #5285, #6304, #770, #2246, #6235, #1273, #5250, #4807, #337, #800, #4245, #1776, #3753, #5791, #4284, #5820, #1333, #3308, #858, #5355, #3465, #3404, #886, #6401, #5, #4846, #2375, #473, #1395, #1935, #4934, #5498, #6334, #3817, #3378, #2474, #408, #947, #5391, #3843, #4411, #5879, #3880, #2928, #4348, #1872, #1017, #511, #2868, #1843, #5847, #1363, #3906, #5980, #4870, #438, #917, #1906, #4439, #4905, #2446, #1962, #3346, #6433, #3937, #1488, #2898, #2990, #3434, #6362, #2409, #4380, #5915, #4961, #1460, #1431, #2961, #5422, #5943, #5464, #981, #534, #4317, #6008, #2506, #136, #3525, #2580, #4546, #568, #2063, #1552, #1078, #3052, #105, #4068, #1588, #4107, #5031, #3618, #4001, #5656, #4610, #4030, #4576, #662, #6038, #1108, #174, #5563, #2611, #1166, #2647, #4512, #2135, #1044, #3559, #627, #2035, #6064, #6125, #601, #5598, #3085, #4990, #5528, #5064, #2102, #6097, #1643, #1620, #1524, #3591, #5626, #1139, #3153, #3018, #5135, #3118, #5097, #2544, #4474, #38, #1998, #3970, #3494 ),
 ( #74, #2203, #3744, #2798, #821, #4204, #1738, #6295, #325, #224, #3239, #1263, #2680, #1296, #2770, #4171, #5785, #4640, #1711, #4273, #2167, #5692, #5724, #1800, #5276, #5169, #5239, #3777, #6157, #6190, #2236, #5814, #4767, #5201, #4233, #2300, #4136, #1325, #298, #760, #1674, #3654, #1206, #6228, #3273, #695, #3181, #729, #2710, #792, #3301, #1233, #3685, #202, #4667, #3209, #2743, #4704, #2271, #261, #3711, #1766, #6259, #5751, #4736, #4429, #1355, #880, #2338, #5973, #6425, #4863, #4795, #465, #5454, #2857, #4838, #399, #5307, #6355, #3930, #2436, #2367, #4341, #430, #1484, #5382, #1420, #4930, #2399, #2920, #849, #6326, #6456, #4370, #1835, #911, #969, #5840, #3332, #3396, #1863, #4893, #5937, #1957, #2824, #362, #3834, #3425, #5343, #1895, #5869, #1385, #5412, #3371, #6391, #3870, #2889, #4309, #5905, #938, #502, #4401, #1929, #3899, #1451, #2953, #2468, #3810, #595, #4542, #2637, #3111, #3013, #6057, #4022, #5491, #4060, #5589, #4986, #128, #1011, #4504, #2029, #4955, #1131, #6031, #2129, #3583, #1548, #623, #5622, #531, #4100, #3077, #3515, #2496, #4466, #30, #2574, #6090, #3458, #6002, #1993, #3964, #3553, #6119, #3996, #67, #5088, #1517, #654, #2985, #5523, #5060, #1068, #3491, #4567, #2605, #1039, #164, #4603, #561, #2537, #5555, #3047, #2091, #5022, #100, #1613, #2058, #1578, #1101, #5685, #1638, #2704, #319, #5230, #5162, #1196, #1227, #4263, #1701, #4197, #1290, #3203, #5747, #3611, #2674, #815, #751, #4633, #3677, #3736, #2161, #6152, #6219, #722, #1256, #2260, #2788, #5646, #1156, #4660, #6251, #4132, #4696, #219, #3175, #1734, #2194, #5196, #253, #1666, #2290, #4164, #5718, #3264, #2735, #3643, #2225, #6186, #4730, #5778, #1756, #3706, #3231, #4757, #5266, #786, #2761, #290, #3142, #4226, #5126, #684 ) ),
 .UNSPECIFIED., .F., .F., .F.,
 ( 2, 2 ),
 ( 4, 2, 2, 2, 2, 2, 2, 2, 2, 2, 2, 2, 2, 2, 2, 2, 2, 2, 2, 2, 2, 2, 2, 2, 2, 2, 2, 2, 2, 2, 2, 2, 2, 2, 2, 2, 2, 2, 2, 2, 2, 2, 2, 2, 2, 2, 2, 2, 2, 2, 2, 2, 2, 2, 2, 2, 2, 2, 2, 2, 2, 2, 2, 2, 2, 2, 2, 2, 2, 2, 2, 2, 2, 2, 2, 2, 2, 2, 2, 2, 2, 2, 2, 2, 2, 2, 2, 2, 2, 2, 2, 2, 2, 2, 2, 2, 2, 2, 2, 2, 2, 2, 2, 2, 2, 2, 2, 2, 2, 2, 2, 2, 2, 2, 2, 2, 2, 2, 2, 2, 2, 2, 2, 2, 2, 2, 2, 4 ),
 ( 0.000000000000000000, 1.000000000000000000 ),
 ( 0.000000000000000000, 0.007812500000000000000, 0.01562500000000000000, 0.02343750000000000000, 0.03125000000000000000, 0.03906250000000000000, 0.04687500000000000000, 0.05468750000000000000, 0.06250000000000000000, 0.07031250000000000000, 0.07812500000000000000, 0.08593750000000000000, 0.09375000000000000000, 0.1015625000000000000, 0.1093750000000000000, 0.1171875000000000000, 0.1250000000000000000, 0.1328125000000000000, 0.1406250000000000000, 0.1484375000000000000, 0.1562500000000000000, 0.1640625000000000000, 0.1718750000000000000, 0.1796875000000000000, 0.1875000000000000000, 0.1953125000000000000, 0.2031250000000000000, 0.2109375000000000000, 0.2187500000000000000, 0.2265625000000000000, 0.2343750000000000000, 0.2421875000000000000, 0.2500000000000000000, 0.2578125000000000000, 0.2656250000000000000, 0.2734375000000000000, 0.2812500000000000000, 0.2890625000000000000, 0.2968750000000000000, 0.3046875000000000000, 0.3125000000000000000, 0.3203125000000000000, 0.3281250000000000000, 0.3359375000000000000, 0.3437500000000000000, 0.3515625000000000000, 0.3593750000000000000, 0.3671875000000000000, 0.3750000000000000000, 0.3828125000000000000, 0.3906250000000000000, 0.3984375000000000000, 0.4062500000000000000, 0.4140625000000000000, 0.4218750000000000000, 0.4296875000000000000, 0.4375000000000000000, 0.4453125000000000000, 0.4531250000000000000, 0.4609375000000000000, 0.4687500000000000000, 0.4765625000000000000, 0.4843750000000000000, 0.4921875000000000000, 0.5000000000000000000, 0.5078125000000000000, 0.5156250000000000000, 0.5234375000000000000, 0.5312500000000000000, 0.5390625000000000000, 0.5468750000000000000, 0.5546875000000000000, 0.5625000000000000000, 0.5703125000000000000, 0.5781250000000000000, 0.5859375000000000000, 0.5937500000000000000, 0.6015625000000000000, 0.6093750000000000000, 0.6171875000000000000, 0.6250000000000000000, 0.6328125000000000000, 0.6406250000000000000, 0.6484375000000000000, 0.6562500000000000000, 0.6640625000000000000, 0.6718750000000000000, 0.6796875000000000000, 0.6875000000000000000, 0.6953125000000000000, 0.7031250000000000000, 0.7109375000000000000, 0.7187500000000000000, 0.7265625000000000000, 0.7343750000000000000, 0.7421875000000000000, 0.7500000000000000000, 0.7578125000000000000, 0.7656250000000000000, 0.7734375000000000000, 0.7812500000000000000, 0.7890625000000000000, 0.7968750000000000000, 0.8046875000000000000, 0.8125000000000000000, 0.8203125000000000000, 0.8281250000000000000, 0.8359375000000000000, 0.8437500000000000000, 0.8515625000000000000, 0.8593750000000000000, 0.8671875000000000000, 0.8750000000000000000, 0.8828125000000000000, 0.8906250000000000000, 0.8984375000000000000, 0.9062500000000000000, 0.9140625000000000000, 0.9218750000000000000, 0.9296875000000000000, 0.9375000000000000000, 0.9453125000000000000, 0.9531250000000000000, 0.9609375000000000000, 0.9687500000000000000, 0.9765625000000000000, 0.9843750000000000000, 0.9916666632801524051 ),
 .UNSPECIFIED. ) ;
#4529 = VERTEX_POINT ( 'NONE', #4816 ) ;
#4530 = PRESENTATION_STYLE_ASSIGNMENT (( #4013 ) ) ;
#4531 = SURFACE_SIDE_STYLE ('',( #584 ) ) ;
#4532 = B_SPLINE_CURVE_WITH_KNOTS ( 'NONE', 3,
 ( #4901, #5818, #2894, #4407, #2440, #2344, #6430, #3875, #3305, #4803, #5314, #3340, #2027, #1901, #366, #3401, #4313, #853 ),
 .UNSPECIFIED., .F., .F.,
 ( 4, 2, 2, 2, 2, 2, 2, 2, 4 ),
 ( 0.007236843920045868232, 0.008343056741663577511, 0.009449269563281284187, 0.01055548238489899260, 0.01166169520651669927, 0.01276790802813440595, 0.01387412084975211436, 0.01498033367136982277, 0.01608654649298752945 ),
 .UNSPECIFIED. ) ;
#4533 = FACE_OUTER_BOUND ( 'NONE', #5499, .T. ) ;
#4534 =( CONVERSION_BASED_UNIT ( 'INCH', #5051 ) LENGTH_UNIT ( ) NAMED_UNIT ( #5761 ) );
#4535 = EDGE_CURVE ( 'NONE', #3288, #1140, #5763, .T. ) ;
#4536 = CARTESIAN_POINT ( 'NONE',  ( 0.1992599999999999927, 0.2459999999999999964, 0.7017244094488189754 ) ) ;
#4537 = CARTESIAN_POINT ( 'NONE',  ( 0.07640140247734183987, 1.118909722221982816, 0.2521371953356417728 ) ) ;
#4538 = ORIENTED_EDGE ( 'NONE', *, *, #4402, .F. ) ;
#4539 = CARTESIAN_POINT ( 'NONE',  ( -0.1734326846370403130, 1.078534331557562398, -0.1556420884235266144 ) ) ;
#4540 = CARTESIAN_POINT ( 'NONE',  ( 0.2228657896885483380, 0.9913055555545378095, -0.04440611471102247354 ) ) ;
#4541 =( CONVERSION_BASED_UNIT ( 'INCH', #6117 ) LENGTH_UNIT ( ) NAMED_UNIT ( #1883 ) );
#4542 = CARTESIAN_POINT ( 'NONE',  ( 0.05294241544780322467, 0.9218611111097735344, -0.2657374703387118120 ) ) ;
#4543 = VERTEX_POINT ( 'NONE', #49 ) ;
#4544 =( NAMED_UNIT ( * ) SI_UNIT ( $, .STERADIAN. ) SOLID_ANGLE_UNIT ( ) );
#4545 = CARTESIAN_POINT ( 'NONE',  ( 0.06501099433766485691, 1.096340277777604344, 0.2145456176238411949 ) ) ;
#4546 = CARTESIAN_POINT ( 'NONE',  ( -0.1636941799815105347, 0.8576249999979069782, 0.1635952754762484418 ) ) ;
#4547 = ORIENTED_EDGE ( 'NONE', *, *, #1430, .F. ) ;
#4548 = CARTESIAN_POINT ( 'NONE',  ( -0.1474999999999999645, 0.8170000000000000595, 0.2554774941164094093 ) ) ;
#4549 = CARTESIAN_POINT ( 'NONE',  ( 7.569310399868083732E-05, 0.8159583333308826347, 0.2329485766049890771 ) ) ;
#4550 = FILL_AREA_STYLE_COLOUR ( '', #4511 ) ;
#4551 = CARTESIAN_POINT ( 'NONE',  ( -0.1636941799855690938, 0.8645694444424019132, 0.1635952754763387862 ) ) ;
#4552 = SURFACE_STYLE_FILL_AREA ( #575 ) ;
#4553 = B_SPLINE_CURVE_WITH_KNOTS ( 'NONE', 3,
 ( #4731, #2462, #697, #4137, #4276, #4898, #3967, #3080, #596, #1519, #832, #4326, #5968, #6106, #1019, #3939, #4668, #651, #5441, #526, #4088, #4078, #2397, #1009 ),
 .UNSPECIFIED., .F., .F.,
 ( 4, 2, 2, 2, 2, 2, 2, 2, 2, 2, 2, 4 ),
 ( 8.096168998253212198E-14, 0.001218306654444193662, 0.001827459981625809094, 0.002436613308807423876, 0.003654919963170656476, 0.004264073290352272776, 0.004873226617533888208, 0.006091533271897117338, 0.007309839926260347336, 0.008528146580623577333, 0.009137299907805191898, 0.009746453234986806463 ),
 .UNSPECIFIED. ) ;
#4554 = CARTESIAN_POINT ( 'NONE',  ( 0.02256387516692246603, 0.9279374999985395833, 0.2283338319509384540 ) ) ;
#4555 = ORIENTED_EDGE ( 'NONE', *, *, #2061, .T. ) ;
#4556 =( LENGTH_UNIT ( ) NAMED_UNIT ( * ) SI_UNIT ( $, .METRE. ) );
#4557 =( NAMED_UNIT ( * ) PLANE_ANGLE_UNIT ( ) SI_UNIT ( $, .RADIAN. ) );
#4558 = DIRECTION ( 'NONE',  ( -0.000000000000000000, -0.000000000000000000, 1.000000000000000000 ) ) ;
#4559 = CARTESIAN_POINT ( 'NONE',  ( 0.2276381282176377363, 0.9332956545352917299, -0.04649464152435005271 ) ) ;
#4560 = DIRECTION ( 'NONE',  ( 0.000000000000000000, 0.000000000000000000, 1.000000000000000000 ) ) ;
#4561 = DIRECTION ( 'NONE',  ( 0.000000000000000000, -0.000000000000000000, 1.000000000000000000 ) ) ;
#4562 = CARTESIAN_POINT ( 'NONE',  ( -0.2182635576570652047, 1.084166280324725173, 0.06254289739011652249 ) ) ;
#4563 = EDGE_CURVE ( 'NONE', #6039, #1221, #1864, .T. ) ;
#4564 = CARTESIAN_POINT ( 'NONE',  ( -0.2092706577779693822, 1.013874999999218707, -0.08675678397645304740 ) ) ;
#4565 = CARTESIAN_POINT ( 'NONE',  ( -0.2387265269122028355, 0.8996824882831100378, 0.04794538174390303165 ) ) ;
#4566 = CARTESIAN_POINT ( 'NONE',  ( -0.2627337994090958029, 1.050353506827627292, 0.001044529584056204862 ) ) ;
#4567 = CARTESIAN_POINT ( 'NONE',  ( 0.2108887035266365229, 0.8602291666648219648, -0.1731860086875548765 ) ) ;
#4568 =( GEOMETRIC_REPRESENTATION_CONTEXT ( 3 ) GLOBAL_UNCERTAINTY_ASSIGNED_CONTEXT ( ( #431 ) ) GLOBAL_UNIT_ASSIGNED_CONTEXT ( ( #2008, #1026, #5987 ) ) REPRESENTATION_CONTEXT ( 'NONE', 'WORKASPACE' ) );
#4569 = DIMENSIONAL_EXPONENTS ( 1.000000000000000000, 0.000000000000000000, 0.000000000000000000, 0.000000000000000000, 0.000000000000000000, 0.000000000000000000, 0.000000000000000000 ) ;
#4570 = UNCERTAINTY_MEASURE_WITH_UNIT (LENGTH_MEASURE( 1.000000000000000082E-05 ), #291, 'distance_accuracy_value', 'NONE');
#4571 = CLOSED_SHELL ( 'NONE', ( #4080, #2054, #3601, #687, #2224, #5053, #3720, #5345, #2981, #6427, #3251, #771, #3414, #5525, #1590, #372, #2986, #2524, #6003, #887, #3686, #2945, #1965 ) ) ;
#4573 = ADVANCED_FACE ( 'NONE', ( #3431 ), #537, .F. ) ;
#4572 = VERTEX_POINT ( 'NONE', #1331 ) ;
#4574 = CARTESIAN_POINT ( 'NONE',  ( 0.000000000000000000, 0.8170000000000000595, 0.000000000000000000 ) ) ;
#4575 = LENGTH_MEASURE_WITH_UNIT ( LENGTH_MEASURE( 0.02539999999999999897 ), #4000 );
#4576 = CARTESIAN_POINT ( 'NONE',  ( 7.014040246338528004E-05, 0.8367916666644352741, -0.2320802376370069697 ) ) ;
#4577 = ORIENTED_EDGE ( 'NONE', *, *, #6185, .T. ) ;
#4578 = COLOUR_RGB ( '',0.2509803921568627416, 0.2509803921568627416, 0.2509803921568627416 ) ;
#4579 =( NAMED_UNIT ( * ) PLANE_ANGLE_UNIT ( ) SI_UNIT ( $, .RADIAN. ) );
#4580 = B_SPLINE_SURFACE_WITH_KNOTS ( 'NONE', 1, 3, ( 
 ( #2026, #4462, #5548, #3133, #1608, #1541, #6026, #63, #1513, #6051, #3512, #3548, #2596, #5641, #4595, #5520, #1149, #5583, #1035, #3104, #4537, #1095, #120, #617, #1061, #2084, #5081, #5999, #3486, #3010, #3040, #556, #2530, #4500, #4053, #91, #2123, #4093, #5016, #3578, #1125, #3073, #1631, #2050, #587, #1569, #4017, #3222, #4154, #1281, #4748, #3194, #3257, #2780, #3286, #2282, #2182, #5220, #778, #4627, #5257, #4718, #6175, #4652, #806, #3633, #280, #312, #4253, #6279, #3697, #1786, #2666, #1692, #5739, #3758, #712, #2754, #5800, #1660, #3667, #4185, #1311, #2153, #5291, #212, #6208, #191, #5709, #5187, #2253, #6241, #2696, #3165, #742, #6144, #4216, #1187, #1748, #5153, #2725, #4686, #242, #2217, #1726, #1248, #3725, #4878, #6444, #347, #4819, #2938, #418, #6341, #1372, #3359, #1440, #5363, #1850, #385, #3386, #2386, #6314, #3823, #3857, #3413, #5888, #2323, #4327, #1406, #4916, #2355, #926, #5954, #5432, #2843, #4356, #898, #5399, #4389, #6377, #2877, #4782, #4291, #4855, #2906, #3315, #3793, #955, #5924, #450, #2421, #6411, #1819, #1917, #3888, #483, #2454, #5828, #1474, #5327, #1341, #1943, #4419, #3915, #3447, #869, #833, #2810, #1029, #4974, #203, #546, #2169, #3184, #6191, #3031, #228, #4489, #3620, #5990, #2013, #698, #5659, #1169, #6019, #5509, #6128, #4945, #4111, #2518, #1976, #1500, #579, #5004, #179, #2712, #992, #55, #3000, #3951, #3985, #3155, #4140, #1532, #3503, #5538, #1052, #6159, #1646, #5136, #5694, #1208, #2650, #2683, #5173, #730, #1676, #4173, #4641, #3655, #4613, #4669, #2138, #2205, #1713, #3479, #5475, #2972, #520, #2483, #4451, #15, #3811, #4343, #3338, #3242, #6297, #4277, #5728, #4311, #5816, #5243, #5753, #2341, #4705, #1327, #364, #1837, #5842, #4769, #882, #3687, #2771, #329, #1356 ),
 ( #5347, #794, #851, #2860, #299, #6264, #1803, #2829, #3715, #4205, #2273, #4840, #3779, #402, #3302, #2369, #2239, #6328, #4237, #4737, #262, #763, #1235, #5310, #6357, #3210, #1266, #5205, #3274, #1768, #3745, #5786, #2745, #1297, #5279, #822, #4800, #2799, #6231, #2306, #1740, #1930, #5415, #5872, #432, #940, #5938, #2403, #4899, #974, #3901, #2891, #5909, #6394, #2922, #2438, #1423, #4373, #3837, #1389, #1899, #3873, #5384, #3373, #1453, #6428, #3399, #467, #4403, #912, #3427, #5457, #2956, #1865, #4865, #2332, #4169, #724, #844, #1736, #755, #1321, #221, #4303, #6188, #2707, #2820, #3708, #2738, #3266, #2198, #3678, #1705, #5721, #1229, #2792, #3206, #4760, #5811, #1669, #5749, #4792, #4699, #6254, #5198, #257, #5271, #1760, #3739, #2228, #4200, #2263, #1198, #293, #6223, #4662, #1259, #3235, #5235, #2767, #5301, #3647, #788, #4733, #4229, #5781, #1293, #321, #817, #2295, #4266, #6290, #1796, #3771, #3297, #358, #5687, #3177, #5164, #1246, #1498, #4488, #2075, #6443, #4448, #2971, #5507, #3446, #14, #1973, #3950, #2247, #376, #2776, #4478, #2067, #475, #2930, #5601, #5172, #5629, #4110, #401, #1006, #92, #1609, #3759, #4124, #1342, #870, #3504, #4336, #1829, #5863, #6340, #2420, #2547, #235, #578, #3853, #6213, #3237, #5342, #805, #1931, #5461, #2949, #5474, #5333, #5815, #2204, #1625, #4142, #5069, #1084, #2585, #733, #669, #4551, #204, #6102, #2655, #1650, #4116, #634, #5664, #2171, #2714, #3533, #111, #3059, #4616, #2209, #3597, #1114, #5606, #1557, #2616, #231, #5140, #4585, #3092, #3564, #5040, #3123, #143, #5633, #6162, #2110, #608, #2071, #4671, #184, #4039, #1679, #1143, #2142, #3623, #6132, #4075, #1175, #3658, #4176, #5572, #6073, #5104, #1595, #3157, #702, #2687, #4643, #5697, #1210, #3186, #5176, #332 ) ),
 .UNSPECIFIED., .F., .F., .F.,
 ( 2, 2 ),
 ( 4, 2, 2, 2, 2, 2, 2, 2, 2, 2, 2, 2, 2, 2, 2, 2, 2, 2, 2, 2, 2, 2, 2, 2, 2, 2, 2, 2, 2, 2, 2, 2, 2, 2, 2, 2, 2, 2, 2, 2, 2, 2, 2, 2, 2, 2, 2, 2, 2, 2, 2, 2, 2, 2, 2, 2, 2, 2, 2, 2, 2, 2, 2, 2, 2, 2, 2, 2, 2, 2, 2, 2, 2, 2, 2, 2, 2, 2, 2, 2, 2, 2, 2, 2, 2, 2, 2, 2, 2, 2, 2, 2, 2, 2, 2, 2, 2, 2, 2, 2, 2, 2, 2, 2, 2, 2, 2, 2, 2, 2, 2, 2, 2, 2, 2, 2, 2, 2, 2, 2, 2, 2, 2, 2, 2, 2, 2, 4 ),
 ( 0.000000000000000000, 1.000000000000000000 ),
 ( 0.000000000000000000, 0.007812500000000000000, 0.01562500000000000000, 0.02343750000000000000, 0.03125000000000000000, 0.03906250000000000000, 0.04687500000000000000, 0.05468750000000000000, 0.06250000000000000000, 0.07031250000000000000, 0.07812500000000000000, 0.08593750000000000000, 0.09375000000000000000, 0.1015625000000000000, 0.1093750000000000000, 0.1171875000000000000, 0.1250000000000000000, 0.1328125000000000000, 0.1406250000000000000, 0.1484375000000000000, 0.1562500000000000000, 0.1640625000000000000, 0.1718750000000000000, 0.1796875000000000000, 0.1875000000000000000, 0.1953125000000000000, 0.2031250000000000000, 0.2109375000000000000, 0.2187500000000000000, 0.2265625000000000000, 0.2343750000000000000, 0.2421875000000000000, 0.2500000000000000000, 0.2578125000000000000, 0.2656250000000000000, 0.2734375000000000000, 0.2812500000000000000, 0.2890625000000000000, 0.2968750000000000000, 0.3046875000000000000, 0.3125000000000000000, 0.3203125000000000000, 0.3281250000000000000, 0.3359375000000000000, 0.3437500000000000000, 0.3515625000000000000, 0.3593750000000000000, 0.3671875000000000000, 0.3750000000000000000, 0.3828125000000000000, 0.3906250000000000000, 0.3984375000000000000, 0.4062500000000000000, 0.4140625000000000000, 0.4218750000000000000, 0.4296875000000000000, 0.4375000000000000000, 0.4453125000000000000, 0.4531250000000000000, 0.4609375000000000000, 0.4687500000000000000, 0.4765625000000000000, 0.4843750000000000000, 0.4921875000000000000, 0.5000000000000000000, 0.5078125000000000000, 0.5156250000000000000, 0.5234375000000000000, 0.5312500000000000000, 0.5390625000000000000, 0.5468750000000000000, 0.5546875000000000000, 0.5625000000000000000, 0.5703125000000000000, 0.5781250000000000000, 0.5859375000000000000, 0.5937500000000000000, 0.6015625000000000000, 0.6093750000000000000, 0.6171875000000000000, 0.6250000000000000000, 0.6328125000000000000, 0.6406250000000000000, 0.6484375000000000000, 0.6562500000000000000, 0.6640625000000000000, 0.6718750000000000000, 0.6796875000000000000, 0.6875000000000000000, 0.6953125000000000000, 0.7031250000000000000, 0.7109375000000000000, 0.7187500000000000000, 0.7265625000000000000, 0.7343750000000000000, 0.7421875000000000000, 0.7500000000000000000, 0.7578125000000000000, 0.7656250000000000000, 0.7734375000000000000, 0.7812500000000000000, 0.7890625000000000000, 0.7968750000000000000, 0.8046875000000000000, 0.8125000000000000000, 0.8203125000000000000, 0.8281250000000000000, 0.8359375000000000000, 0.8437500000000000000, 0.8515625000000000000, 0.8593750000000000000, 0.8671875000000000000, 0.8750000000000000000, 0.8828125000000000000, 0.8906250000000000000, 0.8984375000000000000, 0.9062500000000000000, 0.9140625000000000000, 0.9218750000000000000, 0.9296875000000000000, 0.9375000000000000000, 0.9453125000000000000, 0.9531250000000000000, 0.9609375000000000000, 0.9687500000000000000, 0.9765625000000000000, 0.9843750000000000000, 0.9916666632943745840 ),
 .UNSPECIFIED. ) ;
#4581 = FILL_AREA_STYLE ('',( #1418 ) ) ;
#4582 = DIRECTION ( 'NONE',  ( 0.000000000000000000, 0.000000000000000000, 1.000000000000000000 ) ) ;
#4583 = CARTESIAN_POINT ( 'NONE',  ( -0.2007279871314038289, 0.9284793449612338545, -0.1762147592488598757 ) ) ;
#4584 = SURFACE_SIDE_STYLE ('',( #3091 ) ) ;
#4585 = CARTESIAN_POINT ( 'NONE',  ( 0.1796338928653043732, 0.8359236111088861332, -0.1473308901689043826 ) ) ;
#4586 = DIRECTION ( 'NONE',  ( 0.000000000000000000, -0.6847633651394248178, -0.7287654861222029323 ) ) ;
#4587 = CARTESIAN_POINT ( 'NONE',  ( -0.1066590357444596598, 1.026895833332661212, 0.1994001838788677650 ) ) ;
#4588 = PRESENTATION_LAYER_ASSIGNMENT (  '', '', ( #4897 ) ) ;
#4589 = CARTESIAN_POINT ( 'NONE',  ( 0.03482190294481743442, 0.8943347107099979265, 0.2654614878736837880 ) ) ;
#4590 = CARTESIAN_POINT ( 'NONE',  ( -0.1896195335102481561, 0.9739444444433089654, 0.1266169005443792128 ) ) ;
#4591 = ORIENTED_EDGE ( 'NONE', *, *, #5046, .F. ) ;
#4592 = CARTESIAN_POINT ( 'NONE',  ( -0.1171738326826789744, 1.000237198653345150, 0.2375288512067305624 ) ) ;
#4593 = CARTESIAN_POINT ( 'NONE',  ( 0.1287035157935526031, 0.8864444444449997018, 0.2113292325812455852 ) ) ;
#4594 = CARTESIAN_POINT ( 'NONE',  ( 0.2950000000000000400, 0.6847233372557270936, -0.1703183294109395784 ) ) ;
#4595 = CARTESIAN_POINT ( 'NONE',  ( 0.2431474883350258354, 1.126722222222089176, 0.1008014747933000665 ) ) ;
#4596 = VECTOR ( 'NONE', #1849, 39.37007874015748143 ) ;
#4597 =( NAMED_UNIT ( * ) PLANE_ANGLE_UNIT ( ) SI_UNIT ( $, .RADIAN. ) );
#4598 = CARTESIAN_POINT ( 'NONE',  ( -0.1660619136651012573, 1.086743958792820708, 0.1521583518162467341 ) ) ;
#4599 = CARTESIAN_POINT ( 'NONE',  ( 0.06594526360675574683, 1.000854166665763767, -0.2171563175820770408 ) ) ;
#4600 = CARTESIAN_POINT ( 'NONE',  ( 0.000000000000000000, 0.2459999999999999964, 0.3985000000000000209 ) ) ;
#4601 =( NAMED_UNIT ( * ) PLANE_ANGLE_UNIT ( ) SI_UNIT ( $, .RADIAN. ) );
#4602 = DIRECTION ( 'NONE',  ( -1.000000000000000000, 0.000000000000000000, 0.000000000000000000 ) ) ;
#4603 = CARTESIAN_POINT ( 'NONE',  ( 0.2717266613617309035, 0.8550208333314550657, -0.02685143626040222345 ) ) ;
#4604 = CARTESIAN_POINT ( 'NONE',  ( 0.2502573633695483468, 1.021064112199430829, -0.08471394866390699607 ) ) ;
#4605 = EDGE_CURVE ( 'NONE', #248, #3259, #5368, .T. ) ;
#4606 = DIRECTION ( 'NONE',  ( -0.000000000000000000, 1.000000000000000000, -0.000000000000000000 ) ) ;
#4607 = ORIENTED_EDGE ( 'NONE', *, *, #5681, .F. ) ;
#4608 = CARTESIAN_POINT ( 'NONE',  ( 0.000000000000000000, 0.4315000000000000502, 0.1854999999999999982 ) ) ;
#4609 = AXIS2_PLACEMENT_3D ( 'NONE', #4574, #1138, #5096 ) ;
#4610 = CARTESIAN_POINT ( 'NONE',  ( -0.06727859585043477475, 0.8393958333311108966, -0.2220293457033804541 ) ) ;
#4611 = ORIENTED_EDGE ( 'NONE', *, *, #5396, .T. ) ;
#4612 = EDGE_CURVE ( 'NONE', #3526, #5890, #5029, .T. ) ;
#4613 = CARTESIAN_POINT ( 'NONE',  ( 0.2395393387956961107, 0.8567569444421130331, -0.1281360360910048235 ) ) ;
#4614 = DIMENSIONAL_EXPONENTS ( 1.000000000000000000, 0.000000000000000000, 0.000000000000000000, 0.000000000000000000, 0.000000000000000000, 0.000000000000000000, 0.000000000000000000 ) ;
#4615 = CARTESIAN_POINT ( 'NONE',  ( -0.2527435971248327973, 0.9377283994688748736, 0.08547995206859372586 ) ) ;
#4616 = CARTESIAN_POINT ( 'NONE',  ( -0.08884114874546301943, 0.8472083333311798414, -0.2142845116718061493 ) ) ;
#4617 = PRESENTATION_STYLE_ASSIGNMENT (( #4077 ) ) ;
#4618 = EDGE_CURVE ( 'NONE', #4639, #2326, #3054, .T. ) ;
#4619 = VECTOR ( 'NONE', #1182, 39.37007874015748143 ) ;
#4620 = PRESENTATION_STYLE_ASSIGNMENT (( #149 ) ) ;
#4621 = CARTESIAN_POINT ( 'NONE',  ( -0.1989805672782240242, 0.9967636065444712701, 0.1743325688313445143 ) ) ;
#4622 = PRESENTATION_LAYER_ASSIGNMENT (  '', '', ( #1001 ) ) ;
#4623 =( LENGTH_UNIT ( ) NAMED_UNIT ( * ) SI_UNIT ( $, .METRE. ) );
#4624 = AXIS2_PLACEMENT_3D ( 'NONE', #4495, #2018, #5858 ) ;
#4625 = FACE_OUTER_BOUND ( 'NONE', #5349, .T. ) ;
#4626 = CARTESIAN_POINT ( 'NONE',  ( 2.271719812418340408E-17, 0.4315000000000000502, -0.1854999999999999982 ) ) ;
#4627 = CARTESIAN_POINT ( 'NONE',  ( 0.1874862593953170731, 1.067694444443817448, 0.1873649719067947972 ) ) ;
#4628 = CARTESIAN_POINT ( 'NONE',  ( -0.02259049374431335716, 0.8637013888868885214, 0.2301319028167166381 ) ) ;
#4629 = CARTESIAN_POINT ( 'NONE',  ( 0.000000000000000000, 0.8169999999999999485, -2.996271780935429149E-18 ) ) ;
#4630 = CARTESIAN_POINT ( 'NONE',  ( -0.1250000000000001110, 0.2459999999999999964, 0.000000000000000000 ) ) ;
#4631 = CARTESIAN_POINT ( 'NONE',  ( -0.1996082525526409468, 1.021687499999220705, 0.1066153588997784674 ) ) ;
#4632 = CARTESIAN_POINT ( 'NONE',  ( -0.1261288196522947769, 0.9084547919758731993, 0.2049458614297662573 ) ) ;
#4633 = CARTESIAN_POINT ( 'NONE',  ( -0.1050412378732364371, 0.8159583333311033471, -0.2533603219164963782 ) ) ;
#4634 = CARTESIAN_POINT ( 'NONE',  ( 0.2404004287184412503, 1.021930726507689124, -0.1085231120069579946 ) ) ;
#4635 = VECTOR ( 'NONE', #5568, 39.37007874015748143 ) ;
#4636 = SURFACE_STYLE_USAGE ( .BOTH. , #5688 ) ;
#4637 = CARTESIAN_POINT ( 'NONE',  ( 0.000000000000000000, 0.8170000000000000595, 0.000000000000000000 ) ) ;
#4638 = CARTESIAN_POINT ( 'NONE',  ( -2.210022341749487930E-15, 1.032069435265718038, -0.2633050455236100040 ) ) ;
#4639 = VERTEX_POINT ( 'NONE', #3972 ) ;
#4640 = CARTESIAN_POINT ( 'NONE',  ( 0.1690504415175039243, 1.068562499999883064, 0.2058527216287943107 ) ) ;
#4641 = CARTESIAN_POINT ( 'NONE',  ( 0.1919713477083511977, 0.8593611111088602650, -0.1920955252242917688 ) ) ;
#4642 = CARTESIAN_POINT ( 'NONE',  ( -7.475255772425889160E-16, 0.9765115672609471220, -0.2650345213863129490 ) ) ;
#4643 = CARTESIAN_POINT ( 'NONE',  ( -0.1941475422554618524, 0.7968611111085392995, -0.1298101504850805998 ) ) ;
#4644 =( NAMED_UNIT ( * ) SI_UNIT ( $, .STERADIAN. ) SOLID_ANGLE_UNIT ( ) );
#4645 = DIRECTION ( 'NONE',  ( 0.000000000000000000, 0.000000000000000000, 1.000000000000000000 ) ) ;
#4646 = EDGE_CURVE ( 'NONE', #3710, #2727, #4808, .T. ) ;
#4647 = CARTESIAN_POINT ( 'NONE',  ( -0.1612595193032419216, 1.002860704013896154, 0.2100070981061650799 ) ) ;
#4648 = DIMENSIONAL_EXPONENTS ( 1.000000000000000000, 0.000000000000000000, 0.000000000000000000, 0.000000000000000000, 0.000000000000000000, 0.000000000000000000, 0.000000000000000000 ) ;
#4649 = SURFACE_STYLE_USAGE ( .BOTH. , #2591 ) ;
#4650 = CARTESIAN_POINT ( 'NONE',  ( 0.06540728109718452199, 0.9040367821710487695, -0.2330723793114699016 ) ) ;
#4651 = CARTESIAN_POINT ( 'NONE',  ( 0.1411449153903082121, 0.9211832728234193857, 0.1899271186982354198 ) ) ;
#4652 = CARTESIAN_POINT ( 'NONE',  ( 0.05182655878960978901, 1.062486111110519937, 0.2601098361811373105 ) ) ;
#4653 = CARTESIAN_POINT ( 'NONE',  ( 0.1463021662280300506, 0.8862708333315046927, -0.1781599073888724127 ) ) ;
#4654 = ORIENTED_EDGE ( 'NONE', *, *, #5303, .F. ) ;
#4655 = CARTESIAN_POINT ( 'NONE',  ( 0.09417898687879421027, 0.9221278061513317192, -0.2497019558955624607 ) ) ;
#4656 = CARTESIAN_POINT ( 'NONE',  ( 0.01885784531283208124, 1.087539731563072154, 0.2223619001799378159 ) ) ;
#4657 = ORIENTED_EDGE ( 'NONE', *, *, #4, .T. ) ;
#4658 = PLANE ( 'NONE',  #1684 ) ;
#4659 = SURFACE_STYLE_FILL_AREA ( #2572 ) ;
#4660 = CARTESIAN_POINT ( 'NONE',  ( 0.2694639157248368555, 0.8003333333310366227, -0.05369025059277648254 ) ) ;
#4661 =( CONVERSION_BASED_UNIT ( 'INCH', #3644 ) LENGTH_UNIT ( ) NAMED_UNIT ( #1186 ) );
#4662 = CARTESIAN_POINT ( 'NONE',  ( -0.2106727360747391309, 0.9722083333321521748, 0.08734377514946438381 ) ) ;
#4663 =( CONVERSION_BASED_UNIT ( 'INCH', #5272 ) LENGTH_UNIT ( ) NAMED_UNIT ( #4499 ) );
#4664 = DIRECTION ( 'NONE',  ( 0.000000000000000000, -1.000000000000000000, 0.000000000000000000 ) ) ;
#4665 = EDGE_LOOP ( 'NONE', ( #6414, #2404, #4857 ) ) ;
#4666 = DIRECTION ( 'NONE',  ( 1.000000000000000000, 0.000000000000000000, 0.000000000000000000 ) ) ;
#4667 = CARTESIAN_POINT ( 'NONE',  ( 0.2678646419591183547, 1.020819444443879620, 8.136242983585489550E-05 ) ) ;
#4668 = CARTESIAN_POINT ( 'NONE',  ( -0.1099950925731336265, 1.074768497966476666, 0.2102475955194417212 ) ) ;
#4669 = CARTESIAN_POINT ( 'NONE',  ( 0.2510361912894752967, 0.8558888888866000855, -0.1038932321002300069 ) ) ;
#4670 = CARTESIAN_POINT ( 'NONE',  ( 0.1854999999999999150, 0.2459999999999999964, 0.000000000000000000 ) ) ;
#4671 = CARTESIAN_POINT ( 'NONE',  ( 0.1293916804619290595, 0.8211666666642897239, 0.1935121826415587554 ) ) ;
#4672 = CARTESIAN_POINT ( 'NONE',  ( -0.2235925944025855538, 1.073770833332945651, 0.02195380438340893345 ) ) ;
#4673 = FACE_OUTER_BOUND ( 'NONE', #3179, .T. ) ;
#4674 = CARTESIAN_POINT ( 'NONE',  ( -0.06576686153059305151, 1.006062499999074156, -0.2170401936459188663 ) ) ;
#4675 = DIMENSIONAL_EXPONENTS ( 1.000000000000000000, 0.000000000000000000, 0.000000000000000000, 0.000000000000000000, 0.000000000000000000, 0.000000000000000000, 0.000000000000000000 ) ;
#4676 = ADVANCED_FACE ( 'NONE', ( #5600 ), #5671, .T. ) ;
#4677 = SURFACE_STYLE_USAGE ( .BOTH. , #2147 ) ;
#4678 = DIRECTION ( 'NONE',  ( 0.000000000000000000, 0.000000000000000000, 1.000000000000000000 ) ) ;
#4679 = LENGTH_MEASURE_WITH_UNIT ( LENGTH_MEASURE( 0.02539999999999999897 ), #2720 );
#4680 = CARTESIAN_POINT ( 'NONE',  ( -0.2203094567415762595, 1.081583333333062891, 0.04389679500422110497 ) ) ;
#4682 =( NAMED_UNIT ( * ) PLANE_ANGLE_UNIT ( ) SI_UNIT ( $, .RADIAN. ) );
#4681 = COLOUR_RGB ( '',0.1019607843137254888, 0.1019607843137254888, 0.1019607843137254888 ) ;
#4683 = CARTESIAN_POINT ( 'NONE',  ( 0.1969016555094453558, 0.9249683818321370321, 0.1283495727668575448 ) ) ;
#4684 = AXIS2_PLACEMENT_3D ( 'NONE', #6455, #3514, #2495 ) ;
#4685 = EDGE_CURVE ( 'NONE', #3379, #106, #2722, .T. ) ;
#4686 = CARTESIAN_POINT ( 'NONE',  ( 0.2062710664216124146, 1.013006944443426427, 0.1691706484006233469 ) ) ;
#4687 = CARTESIAN_POINT ( 'NONE',  ( 0.06746012682723608045, 0.8341874999977215710, -0.2221445204963916620 ) ) ;
#4688 = ORIENTED_EDGE ( 'NONE', *, *, #1444, .T. ) ;
#4689 = FACE_OUTER_BOUND ( 'NONE', #1136, .T. ) ;
#4690 = CARTESIAN_POINT ( 'NONE',  ( -0.2184033683095245593, 0.9591874999987504147, -0.06632397941153553300 ) ) ;
#4691 = COLOUR_RGB ( '',0.1019607843137254888, 0.1019607843137254888, 0.1019607843137254888 ) ;
#4692 =( CONVERSION_BASED_UNIT ( 'INCH', #2671 ) LENGTH_UNIT ( ) NAMED_UNIT ( #1230 ) );
#4693 =( LENGTH_UNIT ( ) NAMED_UNIT ( * ) SI_UNIT ( $, .METRE. ) );
#4694 =( NAMED_UNIT ( * ) PLANE_ANGLE_UNIT ( ) SI_UNIT ( $, .RADIAN. ) );
#4695 = CARTESIAN_POINT ( 'NONE',  ( 0.08594620162528066043, 0.8864444444449998128, 0.2354059259661365477 ) ) ;
#4696 = CARTESIAN_POINT ( 'NONE',  ( 0.2695719697771763457, 0.7968611111087149368, 0.05370639496514173494 ) ) ;
#4697 = DIRECTION ( 'NONE',  ( 0.000000000000000000, 0.000000000000000000, 1.000000000000000000 ) ) ;
#4698 = STYLED_ITEM ( 'NONE', ( #1051 ), #3989 ) ;
#4699 = CARTESIAN_POINT ( 'NONE',  ( 0.1608314499943800935, 0.9895694444433938974, 0.1609286204860077008 ) ) ;
#4700 = ORIENTED_EDGE ( 'NONE', *, *, #1549, .T. ) ;
#4701 = SURFACE_STYLE_USAGE ( .BOTH. , #2232 ) ;
#4702 = MECHANICAL_DESIGN_GEOMETRIC_PRESENTATION_REPRESENTATION (  '', ( #5348 ), #3652 ) ;
#4703 =( LENGTH_UNIT ( ) NAMED_UNIT ( * ) SI_UNIT ( $, .METRE. ) );
#4704 = CARTESIAN_POINT ( 'NONE',  ( 0.2363956571311997268, 1.016479166666066414, 0.1262578199128354950 ) ) ;
#4705 = CARTESIAN_POINT ( 'NONE',  ( -0.2713137600345588152, 0.8255069444419167457, 0.02681063828422654630 ) ) ;
#4706 = CIRCLE ( 'NONE', #4609, 0.2949999999999999845 ) ;
#4707 = ORIENTED_EDGE ( 'NONE', *, *, #1310, .F. ) ;
#4708 = CARTESIAN_POINT ( 'NONE',  ( 0.03465324925780047249, 0.9753559374888229883, -0.2629399769855656488 ) ) ;
#4709 = CARTESIAN_POINT ( 'NONE',  ( 0.08625765944387474293, 1.055541666666159895, -0.2080667325773006004 ) ) ;
#4710 = CARTESIAN_POINT ( 'NONE',  ( -0.2558653381787217018, 1.043867008261135654, -0.06162956685784636707 ) ) ;
#4711 = CARTESIAN_POINT ( 'NONE',  ( 0.1069430433797049773, 0.9991180555546615993, -0.2002329778341751798 ) ) ;
#4712 = CIRCLE ( 'NONE', #4072, 0.2017149606299212250 ) ;
#4713 = CARTESIAN_POINT ( 'NONE',  ( -0.2102265332351432314, 1.000544237600127895, 0.1611023991222323981 ) ) ;
#4714 = DIRECTION ( 'NONE',  ( 0.000000000000000000, 1.000000000000000000, 0.000000000000000000 ) ) ;
#4715 = CARTESIAN_POINT ( 'NONE',  ( -0.06539787156427452619, 1.068562499999581084, -0.2153356715267575883 ) ) ;
#4716 = TOROIDAL_SURFACE ( 'NONE', #2444, 0.2017149606299212250, 0.01968503937007873988 ) ;
#4717 = VECTOR ( 'NONE', #5963, 39.37007874015748143 ) ;
#4718 = CARTESIAN_POINT ( 'NONE',  ( 0.1250624040131720349, 1.065090277777191563, 0.2337933127447794079 ) ) ;
#4719 = PRESENTATION_LAYER_ASSIGNMENT (  '', '', ( #2560 ) ) ;
#4720 = CARTESIAN_POINT ( 'NONE',  ( -0.06727859581973148762, 0.8393958333311178910, -0.2220293457120320335 ) ) ;
#4721 = ORIENTED_EDGE ( 'NONE', *, *, #1739, .F. ) ;
#4722 = CARTESIAN_POINT ( 'NONE',  ( 0.2670624148483676796, 0.9119945957521605751, -0.01709533413309277314 ) ) ;
#4723 =( CONVERSION_BASED_UNIT ( 'INCH', #1316 ) LENGTH_UNIT ( ) NAMED_UNIT ( #3965 ) );
#4724 = VERTEX_POINT ( 'NONE', #1639 ) ;
#4725 = DIRECTION ( 'NONE',  ( 0.000000000000000000, -0.000000000000000000, 1.000000000000000000 ) ) ;
#4726 = DIRECTION ( 'NONE',  ( -0.000000000000000000, -0.000000000000000000, 1.000000000000000000 ) ) ;
#4727 = CARTESIAN_POINT ( 'NONE',  ( 0.1049799245984200935, 0.8864444444449998128, 0.2264348419021858794 ) ) ;
#4728 = ADVANCED_FACE ( 'NONE', ( #789 ), #3438, .T. ) ;
#4729 =( CONVERSION_BASED_UNIT ( 'INCH', #1414 ) LENGTH_UNIT ( ) NAMED_UNIT ( #4915 ) );
#4730 = CARTESIAN_POINT ( 'NONE',  ( -0.2291342598622267412, 0.7760277777752343509, 0.1530018760163435465 ) ) ;
#4731 = CARTESIAN_POINT ( 'NONE',  ( -0.2627337994090958029, 1.050353506827627292, 0.001044529584056204862 ) ) ;
#4732 = FILL_AREA_STYLE_COLOUR ( '', #3144 ) ;
#4733 = CARTESIAN_POINT ( 'NONE',  ( -0.1615465551936290378, 0.9617916666654119373, -0.1614415320397799003 ) ) ;
#4734 = CARTESIAN_POINT ( 'NONE',  ( -0.1854999999999999150, 0.2459999999999999964, -0.3984999999999998543 ) ) ;
#4735 = VERTEX_POINT ( 'NONE', #3467 ) ;
#4736 = CARTESIAN_POINT ( 'NONE',  ( 0.02621414863782365809, 1.007798611110435782, 0.2669881044396940628 ) ) ;
#4737 = CARTESIAN_POINT ( 'NONE',  ( 0.08584640155484159207, 1.097208333333177244, 0.2070609604804213577 ) ) ;
#4738 = ORIENTED_EDGE ( 'NONE', *, *, #5179, .F. ) ;
#4739 = CARTESIAN_POINT ( 'NONE',  ( 0.2211356269228208771, 0.9678226059663627145, -0.1473421648587920074 ) ) ;
#4740 = FACE_BOUND ( 'NONE', #957, .T. ) ;
#4741 =( BOUNDED_CURVE ( )  B_SPLINE_CURVE ( 3, ( #564, #5497, #4376, #1043 ),
 .UNSPECIFIED., .F., .F. ) 
 B_SPLINE_CURVE_WITH_KNOTS ( ( 4, 4 ),
 ( 1.570796326794896780, 3.141592653589793116 ),
 .UNSPECIFIED. ) 
 CURVE ( )  GEOMETRIC_REPRESENTATION_ITEM ( )  RATIONAL_B_SPLINE_CURVE ( ( 1.000000000000000000, 0.8047378541243650485, 0.8047378541243650485, 1.000000000000000000 ) ) 
 REPRESENTATION_ITEM ( '' )  );
#4742 = CARTESIAN_POINT ( 'NONE',  ( -0.1735876031993156265, 1.078979166666442335, 0.1423720008002999082 ) ) ;
#4743 = DIRECTION ( 'NONE',  ( -0.000000000000000000, -1.000000000000000000, -0.000000000000000000 ) ) ;
#4744 = DIRECTION ( 'NONE',  ( 0.000000000000000000, 0.000000000000000000, -1.000000000000000000 ) ) ;
#4745 = CARTESIAN_POINT ( 'NONE',  ( -0.01745092425003747991, 1.008067302039999724, 0.2640522144045990283 ) ) ;
#4746 = DIRECTION ( 'NONE',  ( -0.000000000000000000, -0.000000000000000000, 1.000000000000000000 ) ) ;
#4747 = CARTESIAN_POINT ( 'NONE',  ( 0.1874517897293021262, 1.057277777777306582, -0.1251694436005112154 ) ) ;
#4748 = CARTESIAN_POINT ( 'NONE',  ( 0.2201182257873990078, 1.079847222221722802, -0.1469816435648714781 ) ) ;
#4749 = B_SPLINE_CURVE_WITH_KNOTS ( 'NONE', 3,
 ( #4096, #1191, #2632, #4656 ),
 .UNSPECIFIED., .F., .F.,
 ( 4, 4 ),
 ( 0.009746453234986806463, 0.01022794880969167715 ),
 .UNSPECIFIED. ) ;
#4750 = CARTESIAN_POINT ( 'NONE',  ( -0.1791671037672300237, 0.8446041666644888979, -0.1471292796605680187 ) ) ;
#4751 = ORIENTED_EDGE ( 'NONE', *, *, #3337, .T. ) ;
#4752 =( NAMED_UNIT ( * ) PLANE_ANGLE_UNIT ( ) SI_UNIT ( $, .RADIAN. ) );
#4753 = DIRECTION ( 'NONE',  ( 1.000000000000000000, 0.000000000000000000, 0.000000000000000000 ) ) ;
#4754 = ORIENTED_EDGE ( 'NONE', *, *, #5940, .F. ) ;
#4755 = CARTESIAN_POINT ( 'NONE',  ( 0.05942848334422498602, 0.8864444444449997018, 0.2452591223653077246 ) ) ;
#4756 =( LENGTH_UNIT ( ) NAMED_UNIT ( * ) SI_UNIT ( $, .METRE. ) );
#4757 = CARTESIAN_POINT ( 'NONE',  ( -0.2704573103312922222, 0.7690833333307554032, -0.05370644614200883321 ) ) ;
#4758 = CARTESIAN_POINT ( 'NONE',  ( -0.2949999999999999845, 0.6583750000000000435, -5.914624404477005089E-17 ) ) ;
#4759 = FACE_OUTER_BOUND ( 'NONE', #6189, .T. ) ;
#4760 = CARTESIAN_POINT ( 'NONE',  ( 0.2262407440900220390, 0.9956458333323566778, 0.02220848015805889850 ) ) ;
#4761 = EDGE_CURVE ( 'NONE', #469, #6352, #41, .T. ) ;
#4762 = ORIENTED_EDGE ( 'NONE', *, *, #1310, .T. ) ;
#4763 = CARTESIAN_POINT ( 'NONE',  ( 0.1182986741720692542, 0.8972240690017011522, 0.2405559478923111894 ) ) ;
#4764 = APPLICATION_PROTOCOL_DEFINITION ( 'draft international standard', 'automotive_design', 1998, #3159 ) ;
#4765 = SURFACE_SIDE_STYLE ('',( #2201 ) ) ;
#4766 = FACE_OUTER_BOUND ( 'NONE', #1563, .T. ) ;
#4767 = CARTESIAN_POINT ( 'NONE',  ( -0.2656910515321797006, 1.049465277777445138, 0.02608681076577880342 ) ) ;
#4768 = EDGE_CURVE ( 'NONE', #2727, #5890, #6121, .T. ) ;
#4769 = CARTESIAN_POINT ( 'NONE',  ( -0.2268002912359489143, 0.8194305555529555196, -0.1516428346088247170 ) ) ;
#4770 = ORIENTED_EDGE ( 'NONE', *, *, #5640, .T. ) ;
#4771 =( CONVERSION_BASED_UNIT ( 'INCH', #1238 ) LENGTH_UNIT ( ) NAMED_UNIT ( #837 ) );
#4772 = CARTESIAN_POINT ( 'NONE',  ( 0.2121414387159107073, 0.9012749042018490808, 0.1629821701739032069 ) ) ;
#4773 = CARTESIAN_POINT ( 'NONE',  ( 7.405822612617393936E-05, 0.9756805555544291186, 0.2277354224582604225 ) ) ;
#4774 =( GEOMETRIC_REPRESENTATION_CONTEXT ( 3 ) GLOBAL_UNCERTAINTY_ASSIGNED_CONTEXT ( ( #3079 ) ) GLOBAL_UNIT_ASSIGNED_CONTEXT ( ( #5178, #4144, #1303 ) ) REPRESENTATION_CONTEXT ( 'NONE', 'WORKASPACE' ) );
#4775 = CARTESIAN_POINT ( 'NONE',  ( 0.2650373333544729926, 0.9058965793788383847, 0.03529151642374019071 ) ) ;
#4776 = CARTESIAN_POINT ( 'NONE',  ( 0.08825415756916503429, 0.8958194444426892389, -0.2128824333705480742 ) ) ;
#4777 = FILL_AREA_STYLE_COLOUR ( '', #6108 ) ;
#4778 = CARTESIAN_POINT ( 'NONE',  ( 0.000000000000000000, 0.2459999999999999964, 0.000000000000000000 ) ) ;
#4779 = CARTESIAN_POINT ( 'NONE',  ( 0.2097346071899627851, 0.8982660813186500448, -0.1245959886069375050 ) ) ;
#4780 = CARTESIAN_POINT ( 'NONE',  ( 0.2949999999999999845, 0.6583750000000000435, 1.182924880895401018E-16 ) ) ;
#4781 = AXIS2_PLACEMENT_3D ( 'NONE', #2907, #4879, #5433 ) ;
#4782 = CARTESIAN_POINT ( 'NONE',  ( 0.2479631891253544496, 0.9600555555541070429, 0.1027979729177510154 ) ) ;
#4783 = CARTESIAN_POINT ( 'NONE',  ( 0.02208114225561150917, 1.039048611110492182, 0.2248896473114183059 ) ) ;
#4784 = ORIENTED_EDGE ( 'NONE', *, *, #1351, .F. ) ;
#4785 = FACE_OUTER_BOUND ( 'NONE', #846, .T. ) ;
#4786 = ORIENTED_EDGE ( 'NONE', *, *, #5871, .F. ) ;
#4787 = DIRECTION ( 'NONE',  ( -0.000000000000000000, -0.000000000000000000, 1.000000000000000000 ) ) ;
#4788 = TOROIDAL_SURFACE ( 'NONE', #226, 0.2017149606299215026, 0.01968503937007873988 ) ;
#4789 = CARTESIAN_POINT ( 'NONE',  ( 0.2585368991179479159, 0.9649488723990655714, 0.06056071174553581682 ) ) ;
#4790 = B_SPLINE_CURVE_WITH_KNOTS ( 'NONE', 3,
 ( #3392, #3321, #5835, #5861, #2461, #6347, #2391, #5930, #1378, #3864, #1792, #842, #5444, #5374, #2816, #1857, #1923, #355, #4299, #4364, #5335, #5406, #6384, #1347, #1445, #4789, #491, #1415, #424, #2330, #394, #6418, #2912, #3828, #876, #6321, #1827, #907, #3803, #3365, #3893, #2851, #960, #2884 ),
 .UNSPECIFIED., .F., .F.,
 ( 4, 2, 2, 2, 2, 2, 2, 2, 2, 2, 2, 2, 2, 2, 2, 2, 2, 2, 2, 2, 2, 4 ),
 ( 0.05243590010840177423, 0.05375394366685553454, 0.05441296544608241470, 0.05507198722530930179, 0.05639003078376306211, 0.05770807434221682242, 0.05836709612144370257, 0.05902611790067058273, 0.06034416145912434304, 0.06100318323835121626, 0.06166220501757810335, 0.06298024857603186366, 0.06429829213448561009, 0.06495731391371249719, 0.06561633569293937041, 0.06693437925139313072, 0.06825242280984689103, 0.06957046636830065134, 0.07022948814752752456, 0.07088850992675441165, 0.07220655348520817196, 0.07352459704366193227 ),
 .UNSPECIFIED. ) ;
#4791 =( NAMED_UNIT ( * ) PLANE_ANGLE_UNIT ( ) SI_UNIT ( $, .RADIAN. ) );
#4792 = CARTESIAN_POINT ( 'NONE',  ( 0.1758998976466968345, 0.9904374999990102069, 0.1442616094936239046 ) ) ;
#4793 = ORIENTED_EDGE ( 'NONE', *, *, #5866, .F. ) ;
#4794 = PRESENTATION_STYLE_ASSIGNMENT (( #1799 ) ) ;
#4795 = CARTESIAN_POINT ( 'NONE',  ( -0.2369205223757613055, 0.9973819444437329595, 0.1265441409752033619 ) ) ;
#4796 = B_SPLINE_CURVE_WITH_KNOTS ( 'NONE', 3,
 ( #1088, #2936, #279, #5362, #2384, #5398, #5256, #6440 ),
 .UNSPECIFIED., .F., .F.,
 ( 4, 2, 2, 4 ),
 ( 0.004377528375927892436, 0.005467759766343702893, 0.006557991156759514217, 0.008738453937591135132 ),
 .UNSPECIFIED. ) ;
#4797 = ADVANCED_FACE ( 'NONE', ( #1416 ), #2442, .T. ) ;
#4798 = MECHANICAL_DESIGN_GEOMETRIC_PRESENTATION_REPRESENTATION (  '', ( #5113 ), #4486 ) ;
#4799 = MECHANICAL_DESIGN_GEOMETRIC_PRESENTATION_REPRESENTATION (  '', ( #4487 ), #5465 ) ;
#4800 = CARTESIAN_POINT ( 'NONE',  ( -0.1982509786679079455, 1.075506944444103441, -0.1060443093311180252 ) ) ;
#4801 = AXIS2_PLACEMENT_3D ( 'NONE', #2269, #5020, #3961 ) ;
#4802 = VERTEX_POINT ( 'NONE', #6390 ) ;
#4803 = CARTESIAN_POINT ( 'NONE',  ( -0.2480268057774145662, 0.8864444444449992577, -0.07490017609386545594 ) ) ;
#4804 = SURFACE_SIDE_STYLE ('',( #266 ) ) ;
#4805 = CARTESIAN_POINT ( 'NONE',  ( 0.1065353793338902760, 1.035576388888221455, 0.1991578183939457514 ) ) ;
#4806 = CARTESIAN_POINT ( 'NONE',  ( 0.000000000000000000, 0.2459999999999999964, 0.7773149606299212255 ) ) ;
#4807 = CARTESIAN_POINT ( 'NONE',  ( -0.2270368591721508567, 0.9626597222209674065, 0.02243572377626510544 ) ) ;
#4808 = B_SPLINE_CURVE_WITH_KNOTS ( 'NONE', 3,
 ( #1622, #2137, #4963, #2508, #4515, #3561 ),
 .UNSPECIFIED., .F., .F.,
 ( 4, 2, 4 ),
 ( 0.02646201715699754431, 0.02865152079187913148, 0.03084102442676072212 ),
 .UNSPECIFIED. ) ;
#4809 = DIRECTION ( 'NONE',  ( -0.000000000000000000, -0.000000000000000000, 1.000000000000000000 ) ) ;
#4810 = EDGE_CURVE ( 'NONE', #5477, #761, #5702, .T. ) ;
#4811 = LENGTH_MEASURE_WITH_UNIT ( LENGTH_MEASURE( 0.02539999999999999897 ), #3347 );
#4812 = STYLED_ITEM ( 'NONE', ( #1651 ), #2383 ) ;
#4813 = DIRECTION ( 'NONE',  ( -0.000000000000000000, -0.000000000000000000, 1.000000000000000000 ) ) ;
#4814 = CARTESIAN_POINT ( 'NONE',  ( -0.2125358530204058682, 0.9097083333316211551, -0.08795429855475973835 ) ) ;
#4815 =( NAMED_UNIT ( * ) SI_UNIT ( $, .STERADIAN. ) SOLID_ANGLE_UNIT ( ) );
#4816 = CARTESIAN_POINT ( 'NONE',  ( -0.2459999999999999964, 0.2460000000000000242, -0.5032890738579166579 ) ) ;
#4817 = CARTESIAN_POINT ( 'NONE',  ( -0.2182874816612467572, 0.9713402777765363094, 0.06614479510832396714 ) ) ;
#4818 = FILL_AREA_STYLE ('',( #1226 ) ) ;
#4819 = CARTESIAN_POINT ( 'NONE',  ( -0.1022988483869228943, 1.001722222221080649, 0.2467592639288446743 ) ) ;
#4820 = CARTESIAN_POINT ( 'NONE',  ( 0.000000000000000000, 0.7906516627442732315, -0.3406366588218792124 ) ) ;
#4821 = CARTESIAN_POINT ( 'NONE',  ( -0.2075166544598458507, 1.083319444444177604, 0.08588283695695794751 ) ) ;
#4822 = EDGE_LOOP ( 'NONE', ( #612, #5723, #3211, #2221, #6446 ) ) ;
#4823 = CARTESIAN_POINT ( 'NONE',  ( 0.2316924285288421981, 0.9067861813607644983, 0.1342419058942577459 ) ) ;
#4824 = CARTESIAN_POINT ( 'NONE',  ( 0.2950000000000000400, 0.8053571466330253781, -0.1142326508667345780 ) ) ;
#4825 = ORIENTED_EDGE ( 'NONE', *, *, #3679, .T. ) ;
#4826 = CONICAL_SURFACE ( 'NONE', #5488, 0.2949999999999999845, 1.047197551196600074 ) ;
#4827 = SURFACE_STYLE_FILL_AREA ( #933 ) ;
#4828 =( GEOMETRIC_REPRESENTATION_CONTEXT ( 3 ) GLOBAL_UNCERTAINTY_ASSIGNED_CONTEXT ( ( #5455 ) ) GLOBAL_UNIT_ASSIGNED_CONTEXT ( ( #5186, #5351, #2348 ) ) REPRESENTATION_CONTEXT ( 'NONE', 'WORKASPACE' ) );
#4829 = CARTESIAN_POINT ( 'NONE',  ( 0.1394058582946297031, 1.031497888338765323, -0.2235591359687924828 ) ) ;
#4830 = PLANE ( 'NONE',  #1260 ) ;
#4831 = DIRECTION ( 'NONE',  ( -0.000000000000000000, -0.000000000000000000, 1.000000000000000000 ) ) ;
#4832 = CARTESIAN_POINT ( 'NONE',  ( -0.08518038989515497317, 0.8121821686661760964, -0.2914577377862342389 ) ) ;
#4833 = VERTEX_POINT ( 'NONE', #3962 ) ;
#4834 = CARTESIAN_POINT ( 'NONE',  ( 0.1251044536161446119, 1.053805555555048068, -0.1873639681957472714 ) ) ;
#4835 =( GEOMETRIC_REPRESENTATION_CONTEXT ( 3 ) GLOBAL_UNCERTAINTY_ASSIGNED_CONTEXT ( ( #5309 ) ) GLOBAL_UNIT_ASSIGNED_CONTEXT ( ( #4729, #4682, #2354 ) ) REPRESENTATION_CONTEXT ( 'NONE', 'WORKASPACE' ) );
#4836 = SURFACE_SIDE_STYLE ('',( #4119 ) ) ;
#4837 = AXIS2_PLACEMENT_3D ( 'NONE', #2308, #1839, #2405 ) ;
#4838 = CARTESIAN_POINT ( 'NONE',  ( -0.2674584943744643395, 0.9921736111103583999, -0.02642440090766982191 ) ) ;
#4839 = UNCERTAINTY_MEASURE_WITH_UNIT (LENGTH_MEASURE( 1.000000000000000082E-05 ), #4541, 'distance_accuracy_value', 'NONE');
#4840 = CARTESIAN_POINT ( 'NONE',  ( 0.2238255568418354713, 1.107624999999941906, -7.283209317126602771E-05 ) ) ;
#4841 = EDGE_LOOP ( 'NONE', ( #2909, #5293, #1294, #1553 ) ) ;
#4842 = CARTESIAN_POINT ( 'NONE',  ( 0.2017149606299215026, 0.2459999999999999964, -0.7970000000000000417 ) ) ;
#4843 =( NAMED_UNIT ( * ) SI_UNIT ( $, .STERADIAN. ) SOLID_ANGLE_UNIT ( ) );
#4844 = CARTESIAN_POINT ( 'NONE',  ( 0.04419768032402609376, 1.001722222221237857, -0.2225750444953782103 ) ) ;
#4845 = DIRECTION ( 'NONE',  ( -1.000000000000000000, 0.000000000000000000, 0.000000000000000000 ) ) ;
#4846 = CARTESIAN_POINT ( 'NONE',  ( 0.1902619293992684757, 0.9392222222207817772, -0.1272184560140943166 ) ) ;
#4847 = EDGE_LOOP ( 'NONE', ( #2357, #5944 ) ) ;
#4848 = EDGE_CURVE ( 'NONE', #4421, #1476, #1984, .T. ) ;
#4849 = CARTESIAN_POINT ( 'NONE',  ( -0.2287808060351945727, 0.9140486111094926480, 0.02246315587212775397 ) ) ;
#4850 = CARTESIAN_POINT ( 'NONE',  ( -0.08737794495067502387, 0.9513749999986449435, -0.2111293684994142161 ) ) ;
#4851 = CARTESIAN_POINT ( 'NONE',  ( 0.04415145484317247598, 1.039916666666103717, 0.2215876232198474571 ) ) ;
#4852 = CARTESIAN_POINT ( 'NONE',  ( 0.1417821648251730016, 1.108493055555468620, -0.1728767528048558155 ) ) ;
#4853 = SURFACE_STYLE_FILL_AREA ( #4324 ) ;
#4854 = DIRECTION ( 'NONE',  ( 0.000000000000000000, 0.000000000000000000, -1.000000000000000000 ) ) ;
#4855 = CARTESIAN_POINT ( 'NONE',  ( 0.2075082508333805087, 0.9574513888873308343, 0.1704031356322516511 ) ) ;
#4856 = CARTESIAN_POINT ( 'NONE',  ( -0.06576686149885076216, 1.013006944443591406, -0.2170401936553725264 ) ) ;
#4857 = ORIENTED_EDGE ( 'NONE', *, *, #3150, .F. ) ;
#4858 = CARTESIAN_POINT ( 'NONE',  ( 7.569310399868083732E-05, 0.8090138888863825928, 0.2329485766049890771 ) ) ;
#4859 = CARTESIAN_POINT ( 'NONE',  ( 0.2017149606299212250, 0.2460000000000000242, 0.7773149606299212255 ) ) ;
#4860 = FILL_AREA_STYLE_COLOUR ( '', #2859 ) ;
#4861 = CARTESIAN_POINT ( 'NONE',  ( -7.324083550958645356E-05, 1.059013888888408195, -0.2251288453748760965 ) ) ;
#4862 = SURFACE_SIDE_STYLE ('',( #2888 ) ) ;
#4863 = CARTESIAN_POINT ( 'NONE',  ( -0.2232595928081317349, 0.9982499999992267004, 0.1492817610834596409 ) ) ;
#4864 = CARTESIAN_POINT ( 'NONE',  ( -0.1600178498676892436, 0.6583750000000000435, -0.2482503101256237910 ) ) ;
#4865 = CARTESIAN_POINT ( 'NONE',  ( -0.2220418886293651917, 1.026027777777010597, 0.04409718633327756182 ) ) ;
#4866 = ORIENTED_EDGE ( 'NONE', *, *, #2753, .F. ) ;
#4867 = DIRECTION ( 'NONE',  ( -0.000000000000000000, -0.000000000000000000, 1.000000000000000000 ) ) ;
#4868 = PLANE ( 'NONE',  #26 ) ;
#4869 = CARTESIAN_POINT ( 'NONE',  ( 0.04415145487204095998, 1.032972222221489211, 0.2215876232092337528 ) ) ;
#4870 = CARTESIAN_POINT ( 'NONE',  ( -0.2028477995106946485, 0.9018958333316278164, -0.1085032149923521178 ) ) ;
#4871 = PRESENTATION_STYLE_ASSIGNMENT (( #4677 ) ) ;
#4872 = CARTESIAN_POINT ( 'NONE',  ( -0.04485876067009000878, 0.9010277777760428153, -0.2258768664817416560 ) ) ;
#4873 = CARTESIAN_POINT ( 'NONE',  ( 0.000000000000000000, 0.2459999999999999964, -0.3984999999999998543 ) ) ;
#4874 = CARTESIAN_POINT ( 'NONE',  ( 0.1976526302465420881, 0.9376999370924982147, 0.1196255355974395751 ) ) ;
#4875 = CARTESIAN_POINT ( 'NONE',  ( -0.1600067673213109998, 1.031236111110435116, 0.1599101748352063368 ) ) ;
#4876 = CARTESIAN_POINT ( 'NONE',  ( -0.06518783196532086655, 1.084187499999736515, 0.2146622161374024396 ) ) ;
#4877 = EDGE_CURVE ( 'NONE', #512, #2746, #2951, .T. ) ;
#4878 = CARTESIAN_POINT ( 'NONE',  ( 8.637627279016536264E-05, 1.005194444443260560, 0.2670147803953185073 ) ) ;
#4879 = DIRECTION ( 'NONE',  ( -0.000000000000000000, -0.000000000000000000, 1.000000000000000000 ) ) ;
#4880 = CIRCLE ( 'NONE', #1758, 0.1992600000000002702 ) ;
#4881 = CARTESIAN_POINT ( 'NONE',  ( -0.1600067673412590152, 1.031236111110408915, 0.1599101748119518829 ) ) ;
#4882 = EDGE_LOOP ( 'NONE', ( #3953, #5526 ) ) ;
#4883 = CARTESIAN_POINT ( 'NONE',  ( -0.2708709507674940120, 0.7986946791551274849, -0.1842492424806166929 ) ) ;
#4884 = DIRECTION ( 'NONE',  ( 0.000000000000000000, 1.000000000000000000, 0.000000000000000000 ) ) ;
#4885 = CARTESIAN_POINT ( 'NONE',  ( 0.1854999999999997762, 0.2459999999999999964, 0.3985000000000000209 ) ) ;
#4886 =( GEOMETRIC_REPRESENTATION_CONTEXT ( 3 ) GLOBAL_UNCERTAINTY_ASSIGNED_CONTEXT ( ( #939 ) ) GLOBAL_UNIT_ASSIGNED_CONTEXT ( ( #4534, #89, #5516 ) ) REPRESENTATION_CONTEXT ( 'NONE', 'WORKASPACE' ) );
#4887 = SURFACE_STYLE_USAGE ( .BOTH. , #2361 ) ;
#4888 = EDGE_CURVE ( 'NONE', #285, #397, #2835, .T. ) ;
#4889 = CARTESIAN_POINT ( 'NONE',  ( 0.000000000000000000, 0.2459999999999999964, 0.7970000000000001528 ) ) ;
#4890 = AXIS2_PLACEMENT_3D ( 'NONE', #1005, #157, #4560 ) ;
#4891 = CIRCLE ( 'NONE', #4476, 0.2949999999999999845 ) ;
#4892 = FACE_OUTER_BOUND ( 'NONE', #2643, .T. ) ;
#4893 = CARTESIAN_POINT ( 'NONE',  ( 0.1907332855851439635, 0.9583194444434190995, 0.1908492164452750828 ) ) ;
#4894 = DIMENSIONAL_EXPONENTS ( 1.000000000000000000, 0.000000000000000000, 0.000000000000000000, 0.000000000000000000, 0.000000000000000000, 0.000000000000000000, 0.000000000000000000 ) ;
#4895 = PRESENTATION_LAYER_ASSIGNMENT (  '', '', ( #2412 ) ) ;
#4896 = UNCERTAINTY_MEASURE_WITH_UNIT (LENGTH_MEASURE( 1.000000000000000082E-05 ), #1565, 'distance_accuracy_value', 'NONE');
#4897 = STYLED_ITEM ( 'NONE', ( #560 ), #4964 ) ;
#4898 = CARTESIAN_POINT ( 'NONE',  ( -0.2432110783576040269, 1.057274759085723215, 0.07826723560272806635 ) ) ;
#4899 = CARTESIAN_POINT ( 'NONE',  ( 0.1429937124715450480, 1.059881944444036828, -0.1741311218928914828 ) ) ;
#4900 = ORIENTED_EDGE ( 'NONE', *, *, #4112, .F. ) ;
#4901 = CARTESIAN_POINT ( 'NONE',  ( -0.1251714066008462189, 0.8864444444449997018, -0.2134402925657784278 ) ) ;
#4902 = SURFACE_STYLE_USAGE ( .BOTH. , #1391 ) ;
#4903 = CARTESIAN_POINT ( 'NONE',  ( 0.1431984823571361698, 1.037312499999361481, 0.1745953181455505154 ) ) ;
#4904 = STYLED_ITEM ( 'NONE', ( #24 ), #5312 ) ;
#4905 = CARTESIAN_POINT ( 'NONE',  ( -0.06691273478224778193, 0.8949513888871079015, -0.2203238744374487190 ) ) ;
#4906 = CONICAL_SURFACE ( 'NONE', #5776, 0.2949999999999999845, 1.047197551196600074 ) ;
#4907 = AXIS2_PLACEMENT_3D ( 'NONE', #2672, #5086, #3640 ) ;
#4908 = STYLED_ITEM ( 'NONE', ( #218 ), #4026 ) ;
#4909 = CARTESIAN_POINT ( 'NONE',  ( -0.06150799642639782905, 0.9080683314370359138, -0.2329341998243569245 ) ) ;
#4910 = CARTESIAN_POINT ( 'NONE',  ( -0.2232766337252184985, 0.8046736111086100207, 0.06765652939965105528 ) ) ;
#4911 = DIRECTION ( 'NONE',  ( 0.000000000000000000, 0.000000000000000000, 1.000000000000000000 ) ) ;
#4912 = CARTESIAN_POINT ( 'NONE',  ( 6.850555746515172683E-05, 1.010402777776874483, -0.2268670834809536074 ) ) ;
#4913 = CARTESIAN_POINT ( 'NONE',  ( 0.1244457151162766256, 1.091999999999774706, 0.1863679178425404759 ) ) ;
#4914 = STYLED_ITEM ( 'NONE', ( #5354 ), #464 ) ;
#4915 = DIMENSIONAL_EXPONENTS ( 1.000000000000000000, 0.000000000000000000, 0.000000000000000000, 0.000000000000000000, 0.000000000000000000, 0.000000000000000000, 0.000000000000000000 ) ;
#4916 = CARTESIAN_POINT ( 'NONE',  ( 0.05235202283927827688, 0.9756805555541799846, -0.2627742231871522116 ) ) ;
#4917 = CARTESIAN_POINT ( 'NONE',  ( -0.08684465064631875786, 1.013874999999196058, -0.2094688108649284120 ) ) ;
#4918 = ORIENTED_EDGE ( 'NONE', *, *, #457, .T. ) ;
#4919 = CARTESIAN_POINT ( 'NONE',  ( -0.1398296123214780307, 0.9814257096874706709, -0.2251336027767155412 ) ) ;
#4920 = FILL_AREA_STYLE_COLOUR ( '', #5145 ) ;
#4921 =( GEOMETRIC_REPRESENTATION_CONTEXT ( 3 ) GLOBAL_UNCERTAINTY_ASSIGNED_CONTEXT ( ( #4025 ) ) GLOBAL_UNIT_ASSIGNED_CONTEXT ( ( #2352, #4385, #2931 ) ) REPRESENTATION_CONTEXT ( 'NONE', 'WORKASPACE' ) );
#4922 = ORIENTED_EDGE ( 'NONE', *, *, #5575, .T. ) ;
#4923 = LENGTH_MEASURE_WITH_UNIT ( LENGTH_MEASURE( 0.02539999999999999897 ), #4396 );
#4924 = CARTESIAN_POINT ( 'NONE',  ( 0.1742319054115319676, 1.015008309488876215, 0.1988676362070086190 ) ) ;
#4925 =( CONVERSION_BASED_UNIT ( 'INCH', #2947 ) LENGTH_UNIT ( ) NAMED_UNIT ( #2186 ) );
#4926 = DIRECTION ( 'NONE',  ( -0.000000000000000000, -0.000000000000000000, 1.000000000000000000 ) ) ;
#4927 = EDGE_CURVE ( 'NONE', #758, #563, #2739, .T. ) ;
#4928 = CARTESIAN_POINT ( 'NONE',  ( 0.2159092668531316372, 1.042520833332685859, 0.06556654780155767026 ) ) ;
#4929 = PRESENTATION_LAYER_ASSIGNMENT (  '', '', ( #5373 ) ) ;
#4930 = CARTESIAN_POINT ( 'NONE',  ( 0.07823724567372443428, 0.9765486111101436828, -0.2576318535414212629 ) ) ;
#4931 = DIRECTION ( 'NONE',  ( 1.000000000000000000, 0.000000000000000000, 0.000000000000000000 ) ) ;
#4932 = ORIENTED_EDGE ( 'NONE', *, *, #3566, .F. ) ;
#4933 = CARTESIAN_POINT ( 'NONE',  ( 0.2005493890698508974, 0.9852291666656416425, 0.1072737621869294250 ) ) ;
#4934 = CARTESIAN_POINT ( 'NONE',  ( 0.2279565833287491572, 0.9331458333318690679, 0.02252129385935569897 ) ) ;
#4935 = DIRECTION ( 'NONE',  ( 0.000000000000000000, 1.000000000000000000, 0.000000000000000000 ) ) ;
#4936 = STYLED_ITEM ( 'NONE', ( #515 ), #2794 ) ;
#4937 = CARTESIAN_POINT ( 'NONE',  ( -0.1251395852955892729, 0.9102712553246795624, -0.2045820481413884451 ) ) ;
#4938 = CARTESIAN_POINT ( 'NONE',  ( -0.2333835261708283315, 0.8020694444419653735, -7.054914549441271960E-05 ) ) ;
#4939 =( NAMED_UNIT ( * ) SI_UNIT ( $, .STERADIAN. ) SOLID_ANGLE_UNIT ( ) );
#4940 = DIRECTION ( 'NONE',  ( 0.000000000000000000, 1.000000000000000000, 0.000000000000000000 ) ) ;
#4941 = CARTESIAN_POINT ( 'NONE',  ( 0.1455132675811112442, 0.9262013888873439349, 0.1771909257961020445 ) ) ;
#4942 = CARTESIAN_POINT ( 'NONE',  ( 0.04419768035500456355, 1.008666666665833489, -0.2225750444979261722 ) ) ;
#4943 = CARTESIAN_POINT ( 'NONE',  ( 0.08584640155385588056, 1.090263888888683308, 0.2070609604839391271 ) ) ;
#4944 = FILL_AREA_STYLE_COLOUR ( '', #674 ) ;
#4945 = CARTESIAN_POINT ( 'NONE',  ( 0.1714134475198938745, 0.9001597222203293613, 0.2089973466945082570 ) ) ;
#4946 = B_SPLINE_CURVE_WITH_KNOTS ( 'NONE', 3,
 ( #1455, #5775, #6284, #3101 ),
 .UNSPECIFIED., .F., .F.,
 ( 4, 4 ),
 ( 1.179552669867704595E-17, 0.0004796365778452854828 ),
 .UNSPECIFIED. ) ;
#4947 = CARTESIAN_POINT ( 'NONE',  ( 0.04357888796219504257, 0.8946269121363401577, 0.2641571384611828832 ) ) ;
#4948 = CARTESIAN_POINT ( 'NONE',  ( 0.2003070236049376562, 1.000854166665742229, -0.1071501057498183973 ) ) ;
#4949 = VERTEX_POINT ( 'NONE', #1927 ) ;
#4950 = CARTESIAN_POINT ( 'NONE',  ( 0.000000000000000000, 0.6583750000000000435, 0.000000000000000000 ) ) ;
#4951 = CARTESIAN_POINT ( 'NONE',  ( -0.2213999999999999857, 0.2460000000000000242, 0.7773149606299212255 ) ) ;
#4952 = DIMENSIONAL_EXPONENTS ( 1.000000000000000000, 0.000000000000000000, 0.000000000000000000, 0.000000000000000000, 0.000000000000000000, 0.000000000000000000, 0.000000000000000000 ) ;
#4953 = CARTESIAN_POINT ( 'NONE',  ( -0.1550121337062904670, 0.9308049109803741006, -0.2169029398905976680 ) ) ;
#4954 = SURFACE_STYLE_USAGE ( .BOTH. , #2028 ) ;
#4955 = CARTESIAN_POINT ( 'NONE',  ( 0.2098432923599301281, 0.9036319444429308234, 0.1723206804667553882 ) ) ;
#4956 = UNCERTAINTY_MEASURE_WITH_UNIT (LENGTH_MEASURE( 1.000000000000000082E-05 ), #5264, 'distance_accuracy_value', 'NONE');
#4957 = EDGE_CURVE ( 'NONE', #1221, #1056, #5894, .T. ) ;
#4958 = ORIENTED_EDGE ( 'NONE', *, *, #5565, .T. ) ;
#4959 = CARTESIAN_POINT ( 'NONE',  ( 0.000000000000000000, 0.6583750000000000435, 0.000000000000000000 ) ) ;
#4960 = CARTESIAN_POINT ( 'NONE',  ( 0.08546245189951733046, 1.118041666666627298, -0.2065146629576013193 ) ) ;
#4961 = CARTESIAN_POINT ( 'NONE',  ( 0.2264100223434692416, 0.8767222222203236992, 0.04495925472326414013 ) ) ;
#4962 = ORIENTED_EDGE ( 'NONE', *, *, #5390, .F. ) ;
#4963 = CARTESIAN_POINT ( 'NONE',  ( 0.2950000000000000400, 0.6608525928986607179, -0.05740012814188404783 ) ) ;
#4964 = ADVANCED_FACE ( 'NONE', ( #1450 ), #937, .T. ) ;
#4965 =( LENGTH_UNIT ( ) NAMED_UNIT ( * ) SI_UNIT ( $, .METRE. ) );
#4966 = CARTESIAN_POINT ( 'NONE',  ( -0.2466615795479788487, 0.8052976872998358626, 0.1982265294711153536 ) ) ;
#4967 = CARTESIAN_POINT ( 'NONE',  ( 0.02182768284165136422, 1.113701340527951666, -0.2223495868686046484 ) ) ;
#4968 = SURFACE_SIDE_STYLE ('',( #3498 ) ) ;
#4969 = SURFACE_STYLE_USAGE ( .BOTH. , #670 ) ;
#4970 = CARTESIAN_POINT ( 'NONE',  ( -0.2287808060351945727, 0.9071041666649926061, 0.02246315587212775397 ) ) ;
#4971 = CARTESIAN_POINT ( 'NONE',  ( -0.1898138712648168025, 0.9635277777765458573, -0.1269125178911791607 ) ) ;
#4972 = CARTESIAN_POINT ( 'NONE',  ( 0.02205126969734570036, 1.087659722221953063, 0.2231459408058661387 ) ) ;
#4973 = EDGE_CURVE ( 'NONE', #486, #5366, #1067, .T. ) ;
#4974 = CARTESIAN_POINT ( 'NONE',  ( -0.05250970193215643428, 0.9235972222204784643, -0.2644038857032116607 ) ) ;
#4975 = CARTESIAN_POINT ( 'NONE',  ( 0.04467691892222947631, 0.9531111111097582134, -0.2242520102184211439 ) ) ;
#4976 = VERTEX_POINT ( 'NONE', #3929 ) ;
#4977 = CARTESIAN_POINT ( 'NONE',  ( -0.1614568824399648383, 0.9822942422915391658, -0.2106667702990039082 ) ) ;
#4978 = DIRECTION ( 'NONE',  ( 0.000000000000000000, 1.000000000000000000, 0.000000000000000000 ) ) ;
#4979 = CARTESIAN_POINT ( 'NONE',  ( 0.01911843755081088156, 0.9470345079550458456, -0.2274612045028519824 ) ) ;
#4980 = DIRECTION ( 'NONE',  ( 0.000000000000000000, 1.000000000000000000, 0.000000000000000000 ) ) ;
#4981 = CARTESIAN_POINT ( 'NONE',  ( -0.1179349357764183648, 0.9490405055550759084, 0.2389387680923122648 ) ) ;
#4982 =( NAMED_UNIT ( * ) SI_UNIT ( $, .STERADIAN. ) SOLID_ANGLE_UNIT ( ) );
#4983 = PRESENTATION_LAYER_ASSIGNMENT (  '', '', ( #1462 ) ) ;
#4984 = CARTESIAN_POINT ( 'NONE',  ( 0.08849999999999995370, 0.2459999999999999964, 0.000000000000000000 ) ) ;
#4985 =( CONVERSION_BASED_UNIT ( 'INCH', #621 ) LENGTH_UNIT ( ) NAMED_UNIT ( #2934 ) );
#4986 = CARTESIAN_POINT ( 'NONE',  ( 0.2713395580049972611, 0.9097083333319029297, -8.773252358577936704E-05 ) ) ;
#4987 = VERTEX_POINT ( 'NONE', #4465 ) ;
#4988 = CARTESIAN_POINT ( 'NONE',  ( -0.1077648321645957724, 0.9522430555542329422, -0.2014562288142109359 ) ) ;
#4989 = AXIS2_PLACEMENT_3D ( 'NONE', #3867, #3831, #5337 ) ;
#4990 = CARTESIAN_POINT ( 'NONE',  ( 0.04536647694585832502, 0.8107499999975276150, 0.2284335183758045007 ) ) ;
#4991 = ORIENTED_EDGE ( 'NONE', *, *, #5603, .T. ) ;
#4992 = VECTOR ( 'NONE', #5517, 39.37007874015748143 ) ;
#4993 = FILL_AREA_STYLE_COLOUR ( '', #169 ) ;
#4994 = AXIS2_PLACEMENT_3D ( 'NONE', #5972, #2398, #1992 ) ;
#4995 = CARTESIAN_POINT ( 'NONE',  ( 0.2142868010551441660, 1.098076388888726829, 0.06492705437911595878 ) ) ;
#4996 = CARTESIAN_POINT ( 'NONE',  ( -0.1725876007076526386, 0.8870058916749328226, 0.2054990170934782034 ) ) ;
#4997 = CARTESIAN_POINT ( 'NONE',  ( -0.2949999999999999845, 0.7906516627442732315, -0.1703183294109396340 ) ) ;
#4998 = ADVANCED_FACE ( 'NONE', ( #2919 ), #3582, .F. ) ;
#4999 = CARTESIAN_POINT ( 'NONE',  ( 0.1990833872955987960, 1.040784722221594238, 0.1063290378681563675 ) ) ;
#5000 = VECTOR ( 'NONE', #3269, 39.37007874015748143 ) ;
#5001 = STYLED_ITEM ( 'NONE', ( #5275 ), #5213 ) ;
#5002 =( NAMED_UNIT ( * ) PLANE_ANGLE_UNIT ( ) SI_UNIT ( $, .RADIAN. ) );
#5003 = DIMENSIONAL_EXPONENTS ( 1.000000000000000000, 0.000000000000000000, 0.000000000000000000, 0.000000000000000000, 0.000000000000000000, 0.000000000000000000, 0.000000000000000000 ) ;
#5004 = CARTESIAN_POINT ( 'NONE',  ( -0.05286134251823765284, 0.8923472222201972448, 0.2653305561481458796 ) ) ;
#5005 = CARTESIAN_POINT ( 'NONE',  ( -0.1448514454726514133, 0.9609236111098502509, -0.1766107480407965169 ) ) ;
#5006 = EDGE_LOOP ( 'NONE', ( #4770, #4329, #4762, #1486, #2545, #2230, #3688, #4866, #1073, #1873, #2758, #4688, #5495 ) ) ;
#5007 = CARTESIAN_POINT ( 'NONE',  ( -0.1615226216695062611, 0.9984949716438963341, 0.2099920828197328337 ) ) ;
#5008 = CIRCLE ( 'NONE', #4494, 0.2213999999999999857 ) ;
#5009 = FACE_OUTER_BOUND ( 'NONE', #4156, .T. ) ;
#5010 = SURFACE_SIDE_STYLE ('',( #5580 ) ) ;
#5011 = CARTESIAN_POINT ( 'NONE',  ( 0.04833842045202117049, 0.6700773127001644625, -0.3127284587617034650 ) ) ;
#5012 = CYLINDRICAL_SURFACE ( 'NONE', #2621, 0.1992600000000001870 ) ;
#5013 = DIRECTION ( 'NONE',  ( -0.000000000000000000, -0.000000000000000000, 1.000000000000000000 ) ) ;
#5014 = B_SPLINE_CURVE_WITH_KNOTS ( 'NONE', 3,
 ( #5478, #4883, #2427, #1443, #2881, #1921 ),
 .UNSPECIFIED., .F., .F.,
 ( 4, 2, 4 ),
 ( 2.380732032311537418E-07, 0.002188883224565560566, 0.004377528375927889834 ),
 .UNSPECIFIED. ) ;
#5015 = CARTESIAN_POINT ( 'NONE',  ( -0.08575956437655854470, 0.9501951523863837457, 0.2522430741812466959 ) ) ;
#5016 = CARTESIAN_POINT ( 'NONE',  ( -0.1867548898630957410, 1.095472222221823611, -0.1868683246897849259 ) ) ;
#5017 = DIRECTION ( 'NONE',  ( 0.000000000000000000, 1.000000000000000000, 0.000000000000000000 ) ) ;
#5018 = CARTESIAN_POINT ( 'NONE',  ( -0.2949999999999999845, 0.6583750000000000435, -5.914624404477005089E-17 ) ) ;
#5019 = CARTESIAN_POINT ( 'NONE',  ( -0.1751383182509396452, 1.011270833332532426, -0.1438208259273791312 ) ) ;
#5020 = DIRECTION ( 'NONE',  ( 0.000000000000000000, -1.000000000000000000, 3.667407320606400744E-18 ) ) ;
#5021 = CARTESIAN_POINT ( 'NONE',  ( -0.2331056997659767538, 0.8882858280833157982, 0.1347845569132847532 ) ) ;
#5022 = CARTESIAN_POINT ( 'NONE',  ( 0.1933108574807461955, 0.8472083333314553988, 0.1931859179480502620 ) ) ;
#5023 =( LENGTH_UNIT ( ) NAMED_UNIT ( * ) SI_UNIT ( $, .METRE. ) );
#5024 = DIMENSIONAL_EXPONENTS ( 1.000000000000000000, 0.000000000000000000, 0.000000000000000000, 0.000000000000000000, 0.000000000000000000, 0.000000000000000000, 0.000000000000000000 ) ;
#5025 = UNCERTAINTY_MEASURE_WITH_UNIT (LENGTH_MEASURE( 1.000000000000000082E-05 ), #3513, 'distance_accuracy_value', 'NONE');
#5026 = B_SPLINE_CURVE_WITH_KNOTS ( 'NONE', 3,
 ( #400, #3872, #5907, #1797, #4832, #396, #2422, #4820 ),
 .UNSPECIFIED., .F., .F.,
 ( 4, 2, 2, 4 ),
 ( 0.004377528375927889834, 0.005467759766343701158, 0.006557991156759513350, 0.008738453937591135132 ),
 .UNSPECIFIED. ) ;
#5027 = ORIENTED_EDGE ( 'NONE', *, *, #4646, .F. ) ;
#5028 = CARTESIAN_POINT ( 'NONE',  ( 0.04365827956733274451, 1.119777777777830829, -0.2191393443035638544 ) ) ;
#5029 = B_SPLINE_CURVE_WITH_KNOTS ( 'NONE', 3,
 ( #1644, #629, #1591, #2546, #5066, #6099, #177, #2992 ),
 .UNSPECIFIED., .F., .F.,
 ( 4, 2, 2, 4 ),
 ( 0.004377528375927889834, 0.005467759766343700291, 0.006557991156759510748, 0.008738453937591138601 ),
 .UNSPECIFIED. ) ;
#5030 =( NAMED_UNIT ( * ) SI_UNIT ( $, .STERADIAN. ) SOLID_ANGLE_UNIT ( ) );
#5031 = CARTESIAN_POINT ( 'NONE',  ( -0.1791671037921637177, 0.8446041666644816814, -0.1471292796408678882 ) ) ;
#5032 = EDGE_LOOP ( 'NONE', ( #20, #5529, #1456, #507, #4607, #4440, #2370 ) ) ;
#5033 =( GEOMETRIC_REPRESENTATION_CONTEXT ( 3 ) GLOBAL_UNCERTAINTY_ASSIGNED_CONTEXT ( ( #2368 ) ) GLOBAL_UNIT_ASSIGNED_CONTEXT ( ( #7, #3351, #1844 ) ) REPRESENTATION_CONTEXT ( 'NONE', 'WORKASPACE' ) );
#5034 = DIRECTION ( 'NONE',  ( 0.000000000000000000, -0.9995158361299276706, 0.03111419813351309557 ) ) ;
#5035 = STYLED_ITEM ( 'NONE', ( #6137 ), #3414 ) ;
#5036 = VECTOR ( 'NONE', #5892, 39.37007874015748854 ) ;
#5037 = CARTESIAN_POINT ( 'NONE',  ( -0.2950000000000000400, 0.7906516627442730094, 0.1703183294109395784 ) ) ;
#5038 = CARTESIAN_POINT ( 'NONE',  ( 0.1293916804816546973, 0.8211666666643112622, 0.1935121826197713502 ) ) ;
#5039 = DIRECTION ( 'NONE',  ( 0.000000000000000000, 0.000000000000000000, -1.000000000000000000 ) ) ;
#5040 = CARTESIAN_POINT ( 'NONE',  ( 0.2279784556127240902, 0.8315833333310241882, -0.04542475403821354812 ) ) ;
#5041 = DIRECTION ( 'NONE',  ( 0.000000000000000000, 0.000000000000000000, 1.000000000000000000 ) ) ;
#5042 = CARTESIAN_POINT ( 'NONE',  ( -0.1448514454961912223, 0.9609236111098785615, -0.1766107480216132786 ) ) ;
#5043 = CARTESIAN_POINT ( 'NONE',  ( 0.1876470357703905190, 1.039916666665981593, 0.1254637015919952692 ) ) ;
#5044 = DIMENSIONAL_EXPONENTS ( 1.000000000000000000, 0.000000000000000000, 0.000000000000000000, 0.000000000000000000, 0.000000000000000000, 0.000000000000000000, 0.000000000000000000 ) ;
#5045 = MECHANICAL_DESIGN_GEOMETRIC_PRESENTATION_REPRESENTATION (  '', ( #2350 ), #1409 ) ;
#5046 = EDGE_CURVE ( 'NONE', #1662, #2923, #4160, .T. ) ;
#5047 = CARTESIAN_POINT ( 'NONE',  ( -0.1446479393599423013, 0.9765486111100414313, 0.1761455146292532914 ) ) ;
#5048 = VERTEX_POINT ( 'NONE', #163 ) ;
#5049 = CARTESIAN_POINT ( 'NONE',  ( -0.08513614300585062300, 1.001393625382857255, 0.2503208685942481804 ) ) ;
#5050 = FILL_AREA_STYLE ('',( #5110 ) ) ;
#5051 = LENGTH_MEASURE_WITH_UNIT ( LENGTH_MEASURE( 0.02539999999999999897 ), #5617 );
#5052 = LINE ( 'NONE', #5881, #4184 ) ;
#5053 = ADVANCED_FACE ( 'NONE', ( #1700 ), #5774, .T. ) ;
#5054 = CARTESIAN_POINT ( 'NONE',  ( -0.2526860674726302824, 0.9420795804267039220, 0.08525704513556355002 ) ) ;
#5055 =( NAMED_UNIT ( * ) PLANE_ANGLE_UNIT ( ) SI_UNIT ( $, .RADIAN. ) );
#5056 = CARTESIAN_POINT ( 'NONE',  ( -0.04617878349580760433, 1.074948387469056410, -0.2322985451989676986 ) ) ;
#5057 = CARTESIAN_POINT ( 'NONE',  ( -0.04416759924441467089, 1.029499999999345716, 0.2216956772599137371 ) ) ;
#5058 = CARTESIAN_POINT ( 'NONE',  ( -0.1585175768419360698, 0.9066925979356644794, 0.1818198102789070625 ) ) ;
#5059 = CARTESIAN_POINT ( 'NONE',  ( 0.000000000000000000, 0.2459999999999999964, 0.7773149606299212255 ) ) ;
#5060 = CARTESIAN_POINT ( 'NONE',  ( 0.1044542466713911377, 0.8645694444426027525, -0.2519582436296501360 ) ) ;
#5061 =( NAMED_UNIT ( * ) PLANE_ANGLE_UNIT ( ) SI_UNIT ( $, .RADIAN. ) );
#5062 = VERTEX_POINT ( 'NONE', #4021 ) ;
#5063 = CARTESIAN_POINT ( 'NONE',  ( 0.05184209972998105737, 0.3344999999999999640, -0.08849999999999996758 ) ) ;
#5064 = CARTESIAN_POINT ( 'NONE',  ( -0.02290574793734362694, 0.8081458333308700892, 0.2318475016886454576 ) ) ;
#5065 = ORIENTED_EDGE ( 'NONE', *, *, #962, .T. ) ;
#5066 = CARTESIAN_POINT ( 'NONE',  ( 0.2098196101048450668, 0.8121821686661762074, -0.2194972504465846075 ) ) ;
#5067 = CARTESIAN_POINT ( 'NONE',  ( -0.2372278765900106556, 0.9184153602374007797, 0.01259541940475822699 ) ) ;
#5068 = CARTESIAN_POINT ( 'NONE',  ( -0.1757429305129696862, 0.9423592332419156170, 0.1999977530515943680 ) ) ;
#5069 = CARTESIAN_POINT ( 'NONE',  ( -0.02259049377342554205, 0.8706458333313832343, 0.2301319028155052737 ) ) ;
#5070 = CYLINDRICAL_SURFACE ( 'NONE', #577, 0.2213999999999999857 ) ;
#5071 = DIRECTION ( 'NONE',  ( 1.000000000000000000, 0.000000000000000000, 0.000000000000000000 ) ) ;
#5072 = CARTESIAN_POINT ( 'NONE',  ( -0.04416759921262380928, 1.029499999999259785, 0.2216956772689351873 ) ) ;
#5073 = FILL_AREA_STYLE_COLOUR ( '', #4379 ) ;
#5074 = CARTESIAN_POINT ( 'NONE',  ( 0.2192759531126976524, 0.9383541666651898927, 0.06643878870025914096 ) ) ;
#5075 = ORIENTED_EDGE ( 'NONE', *, *, #3487, .F. ) ;
#5076 = CARTESIAN_POINT ( 'NONE',  ( -0.2646018305548082372, 0.9909773449440890669, 0.01714776897211262724 ) ) ;
#5077 = DIRECTION ( 'NONE',  ( 0.000000000000000000, 0.000000000000000000, -1.000000000000000000 ) ) ;
#5078 = EDGE_CURVE ( 'NONE', #2184, #5939, #1315, .T. ) ;
#5079 = CARTESIAN_POINT ( 'NONE',  ( 0.2248511105987512915, 0.9280809648442438498, 0.06620965852624456638 ) ) ;
#5080 = DIMENSIONAL_EXPONENTS ( 1.000000000000000000, 0.000000000000000000, 0.000000000000000000, 0.000000000000000000, 0.000000000000000000, 0.000000000000000000, 0.000000000000000000 ) ;
#5081 = CARTESIAN_POINT ( 'NONE',  ( -0.1465719775708790862, 1.111097222221984149, 0.2192163670023001276 ) ) ;
#5082 = CARTESIAN_POINT ( 'NONE',  ( 0.03501310975232856809, 0.9241513230298479264, -0.2645003337231514595 ) ) ;
#5083 = DIRECTION ( 'NONE',  ( 0.5000000000000015543, 6.123233995736784525E-17, -0.8660254037844377084 ) ) ;
#5084 = CARTESIAN_POINT ( 'NONE',  ( 6.850558844362074373E-05, 1.003458333332470476, -0.2268670834835015693 ) ) ;
#5085 = CARTESIAN_POINT ( 'NONE',  ( -0.2350328263859468303, 0.8944816427397643821, -0.06980233280446493382 ) ) ;
#5086 = DIRECTION ( 'NONE',  ( -0.000000000000000000, -0.000000000000000000, 1.000000000000000000 ) ) ;
#5087 = EDGE_CURVE ( 'NONE', #1642, #2390, #3240, .T. ) ;
#5088 = CARTESIAN_POINT ( 'NONE',  ( -0.07920471687945111749, 0.8706458333315800768, -0.2607994103844102352 ) ) ;
#5089 = CARTESIAN_POINT ( 'NONE',  ( 0.2285834997174437111, 1.022797319015712469, -0.1315519117559437456 ) ) ;
#5090 = MECHANICAL_DESIGN_GEOMETRIC_PRESENTATION_REPRESENTATION (  '', ( #4355 ), #4774 ) ;
#5091 = UNCERTAINTY_MEASURE_WITH_UNIT (LENGTH_MEASURE( 1.000000000000000082E-05 ), #427, 'distance_accuracy_value', 'NONE');
#5092 = CYLINDRICAL_SURFACE ( 'NONE', #862, 0.1820000000000000229 ) ;
#5093 = AXIS2_PLACEMENT_3D ( 'NONE', #1478, #5859, #997 ) ;
#5094 = ORIENTED_EDGE ( 'NONE', *, *, #1351, .T. ) ;
#5095 = CARTESIAN_POINT ( 'NONE',  ( 0.000000000000000000, 0.8170000000000000595, 0.000000000000000000 ) ) ;
#5096 = DIRECTION ( 'NONE',  ( 0.000000000000000000, 0.000000000000000000, 1.000000000000000000 ) ) ;
#5097 = CARTESIAN_POINT ( 'NONE',  ( -0.2059809305419982584, 0.7907847222195915071, -0.1100130709438008753 ) ) ;
#5098 = ORIENTED_EDGE ( 'NONE', *, *, #3454, .F. ) ;
#5099 = COLOUR_RGB ( '',0.1019607843137254888, 0.1019607843137254888, 0.1019607843137254888 ) ;
#5100 = CARTESIAN_POINT ( 'NONE',  ( 0.000000000000000000, 0.8170000000000000595, 0.2699999999999996292 ) ) ;
#5101 = CARTESIAN_POINT ( 'NONE',  ( -0.1974658156517478946, 0.8139671491458835284, 0.2266297169995935279 ) ) ;
#5102 = AXIS2_PLACEMENT_3D ( 'NONE', #3341, #4208, #5352 ) ;
#5103 = CARTESIAN_POINT ( 'NONE',  ( -0.2663301761478225060, 0.9345462942068578638, -0.008995741132578737725 ) ) ;
#5104 = CARTESIAN_POINT ( 'NONE',  ( -0.2322247503171650518, 0.8029374999975006366, 0.02294832921545652063 ) ) ;
#5105 = SURFACE_STYLE_FILL_AREA ( #1626 ) ;
#5106 = DIRECTION ( 'NONE',  ( -0.000000000000000000, -0.000000000000000000, 1.000000000000000000 ) ) ;
#5107 = CARTESIAN_POINT ( 'NONE',  ( -0.1880950939062547567, 1.022555555554754525, 0.1257696397191573057 ) ) ;
#5108 =( GEOMETRIC_REPRESENTATION_CONTEXT ( 3 ) GLOBAL_UNCERTAINTY_ASSIGNED_CONTEXT ( ( #1897 ) ) GLOBAL_UNIT_ASSIGNED_CONTEXT ( ( #4368, #3994, #6030 ) ) REPRESENTATION_CONTEXT ( 'NONE', 'WORKASPACE' ) );
#5109 = LINE ( 'NONE', #2660, #4092 ) ;
#5110 = FILL_AREA_STYLE_COLOUR ( '', #5899 ) ;
#5111 = CARTESIAN_POINT ( 'NONE',  ( 0.1224081601003310371, 0.6589977767815530241, -0.2699642746369462776 ) ) ;
#5112 = DIMENSIONAL_EXPONENTS ( 1.000000000000000000, 0.000000000000000000, 0.000000000000000000, 0.000000000000000000, 0.000000000000000000, 0.000000000000000000, 0.000000000000000000 ) ;
#5113 = STYLED_ITEM ( 'NONE', ( #4871 ), #5270 ) ;
#5114 = CARTESIAN_POINT ( 'NONE',  ( 0.2708709507674940675, 0.6766803208448727291, -0.1842492424806165818 ) ) ;
#5115 = CIRCLE ( 'NONE', #2316, 0.1249999999999999029 ) ;
#5116 =( CONVERSION_BASED_UNIT ( 'INCH', #25 ) LENGTH_UNIT ( ) NAMED_UNIT ( #4430 ) );
#5117 = COLOUR_RGB ( '',0.1019607843137254888, 0.1019607843137254888, 0.1019607843137254888 ) ;
#5118 = PRESENTATION_LAYER_ASSIGNMENT (  '', '', ( #1586 ) ) ;
#5119 = CARTESIAN_POINT ( 'NONE',  ( 0.08837468361160806529, 0.8680416666646891821, 0.2135378445212831322 ) ) ;
#5120 =( CONVERSION_BASED_UNIT ( 'INCH', #2699 ) LENGTH_UNIT ( ) NAMED_UNIT ( #3855 ) );
#5121 = CARTESIAN_POINT ( 'NONE',  ( 0.2459999999999999964, 0.2460000000000000242, -0.5032890738579166579 ) ) ;
#5122 = CARTESIAN_POINT ( 'NONE',  ( 0.04415145487204095998, 1.032972222221489211, 0.2215876232092337528 ) ) ;
#5123 = FILL_AREA_STYLE_COLOUR ( '', #466 ) ;
#5124 = CARTESIAN_POINT ( 'NONE',  ( -0.1251714066008462189, 0.8864444444449997018, -0.2134402925657784278 ) ) ;
#5125 = CARTESIAN_POINT ( 'NONE',  ( -0.1337541679722347998, 0.8929164095928288081, 0.2322363510342157766 ) ) ;
#5126 = CARTESIAN_POINT ( 'NONE',  ( -0.1088209851427022062, 0.7605185192684482676, -0.2534602443684632056 ) ) ;
#5127 = SURFACE_STYLE_USAGE ( .BOTH. , #5590 ) ;
#5128 = ADVANCED_BREP_SHAPE_REPRESENTATION ( '7699N53_Universal-Thread Push-to-Connect Tube Fittings_7699N53', ( #973, #1159, #5203 ), #5431 ) ;
#5129 = DIRECTION ( 'NONE',  ( 0.000000000000000000, -3.667407320606400744E-18, -1.000000000000000000 ) ) ;
#5130 = EDGE_CURVE ( 'NONE', #3571, #2557, #81, .T. ) ;
#5131 = DIRECTION ( 'NONE',  ( 0.000000000000000000, 0.000000000000000000, 1.000000000000000000 ) ) ;
#5132 = CARTESIAN_POINT ( 'NONE',  ( 0.06823349800245261110, 1.029754451428277928, -0.2545318078996307021 ) ) ;
#5133 = ORIENTED_EDGE ( 'NONE', *, *, #2785, .F. ) ;
#5134 = PLANE ( 'NONE',  #2395 ) ;
#5135 = CARTESIAN_POINT ( 'NONE',  ( -0.2289666742440536473, 0.7933888888862832278, -0.04546697096748466421 ) ) ;
#5136 = CARTESIAN_POINT ( 'NONE',  ( -0.1506002859917535686, 0.8715138888866945654, -0.2255375852032492356 ) ) ;
#5137 = VECTOR ( 'NONE', #215, 39.37007874015748143 ) ;
#5138 = CARTESIAN_POINT ( 'NONE',  ( -1.050273900957941345E-12, 0.9487361246530834347, 0.2658991506331023769 ) ) ;
#5139 = PLANE ( 'NONE',  #166 ) ;
#5140 = CARTESIAN_POINT ( 'NONE',  ( 0.1642053575198565152, 0.8367916666644439339, -0.1643121146906516006 ) ) ;
#5141 = CARTESIAN_POINT ( 'NONE',  ( -0.1980086131824103091, 1.077243055555140439, 0.1059206529176068001 ) ) ;
#5142 = CARTESIAN_POINT ( 'NONE',  ( -0.2527224990989770936, 1.048443668636377168, 0.07293854878273660358 ) ) ;
#5143 = DIRECTION ( 'NONE',  ( 8.881784197001252323E-16, 0.000000000000000000, -1.000000000000000000 ) ) ;
#5144 = CARTESIAN_POINT ( 'NONE',  ( 0.2159092668638472323, 1.042520833332738928, 0.06556654776989365163 ) ) ;
#5145 = COLOUR_RGB ( '',0.1019607843137254888, 0.1019607843137254888, 0.1019607843137254888 ) ;
#5146 = CARTESIAN_POINT ( 'NONE',  ( -0.1276369260621152413, 0.9218611111095514898, 0.1908972889929819450 ) ) ;
#5147 = CARTESIAN_POINT ( 'NONE',  ( -0.2100171191101754542, 0.9961836915119977043, 0.1608958263499231933 ) ) ;
#5148 =( LENGTH_UNIT ( ) NAMED_UNIT ( * ) SI_UNIT ( $, .METRE. ) );
#5149 = VECTOR ( 'NONE', #3791, 39.37007874015748143 ) ;
#5150 = CARTESIAN_POINT ( 'NONE',  ( 0.2244429135975564149, 1.052937499999536008, -0.02217942106008045228 ) ) ;
#5151 = CIRCLE ( 'NONE', #1512, 0.2460000000000002462 ) ;
#5152 = CARTESIAN_POINT ( 'NONE',  ( 0.1158403671323255113, 0.9198221845036396171, 0.2064320016587963824 ) ) ;
#5153 = CARTESIAN_POINT ( 'NONE',  ( 0.2464214857523369107, 1.015611111110032105, 0.1019777390512182219 ) ) ;
#5154 = CARTESIAN_POINT ( 'NONE',  ( -0.1626740002931547080, 0.8992916666649213298, -0.1627723268385502242 ) ) ;
#5155 = ORIENTED_EDGE ( 'NONE', *, *, #971, .T. ) ;
#5156 = CARTESIAN_POINT ( 'NONE',  ( -0.1480996561144022894, 1.087327575225386811, 0.1672356126353821970 ) ) ;
#5157 = CARTESIAN_POINT ( 'NONE',  ( -0.2949999999999999845, 0.6583750000000000435, -0.1703183294109396340 ) ) ;
#5158 = CARTESIAN_POINT ( 'NONE',  ( 0.1758998976668440795, 0.9834930555544413311, 0.1442616094704865515 ) ) ;
#5159 = CARTESIAN_POINT ( 'NONE',  ( -0.2310502527459098177, 0.8938965986777097639, -0.08260366155188615667 ) ) ;
#5160 = DIRECTION ( 'NONE',  ( 1.000000000000000000, 0.000000000000000000, 0.000000000000000000 ) ) ;
#5161 = CARTESIAN_POINT ( 'NONE',  ( -0.1848861407026560766, 0.8864444444449997018, 0.1937896812075945441 ) ) ;
#5162 = CARTESIAN_POINT ( 'NONE',  ( -0.1936147759406121049, 0.8333194444423791536, 0.1934971110641468539 ) ) ;
#5163 = DIMENSIONAL_EXPONENTS ( 1.000000000000000000, 0.000000000000000000, 0.000000000000000000, 0.000000000000000000, 0.000000000000000000, 0.000000000000000000, 0.000000000000000000 ) ;
#5164 = CARTESIAN_POINT ( 'NONE',  ( 0.2245985405285561565, 0.9426944444430669368, -0.04460490257762524113 ) ) ;
#5165 =( LENGTH_UNIT ( ) NAMED_UNIT ( * ) SI_UNIT ( $, .METRE. ) );
#5166 =( NAMED_UNIT ( * ) PLANE_ANGLE_UNIT ( ) SI_UNIT ( $, .RADIAN. ) );
#5167 = ORIENTED_EDGE ( 'NONE', *, *, #21, .F. ) ;
#5168 = CARTESIAN_POINT ( 'NONE',  ( -0.2949999999999999845, 0.6583750000000000435, -0.1703183294109396340 ) ) ;
#5169 = CARTESIAN_POINT ( 'NONE',  ( -0.1256438143993778289, 1.058145833333068886, 0.2352460665883977786 ) ) ;
#5170 = EDGE_CURVE ( 'NONE', #1045, #1119, #4167, .T. ) ;
#5171 = SURFACE_SIDE_STYLE ('',( #4853 ) ) ;
#5172 = CARTESIAN_POINT ( 'NONE',  ( -0.2254221226543394185, 0.9149166666650200286, 0.04491543435988332167 ) ) ;
#5173 = CARTESIAN_POINT ( 'NONE',  ( 0.05286405407588307126, 0.8645694444422183933, -0.2662153675189354307 ) ) ;
#5174 = PRESENTATION_STYLE_ASSIGNMENT (( #3303 ) ) ;
#5175 = CARTESIAN_POINT ( 'NONE',  ( 0.008649439452776635714, 0.9762230092435458806, -0.2650435039866900211 ) ) ;
#5176 = CARTESIAN_POINT ( 'NONE',  ( -0.09214336893526006711, 0.7917685192652554882, -0.2146147092757972052 ) ) ;
#5177 = CARTESIAN_POINT ( 'NONE',  ( 0.2157929056403043167, 1.047729166666056866, -0.06538892791839286123 ) ) ;
#5178 =( CONVERSION_BASED_UNIT ( 'INCH', #3158 ) LENGTH_UNIT ( ) NAMED_UNIT ( #2445 ) );
#5179 = EDGE_CURVE ( 'NONE', #5939, #3571, #1777, .T. ) ;
#5180 = LENGTH_MEASURE_WITH_UNIT ( LENGTH_MEASURE( 0.02539999999999999897 ), #6138 );
#5181 = CARTESIAN_POINT ( 'NONE',  ( -0.2026054340261505271, 0.9175208333317347309, 0.1083795585812247914 ) ) ;
#5182 = CARTESIAN_POINT ( 'NONE',  ( 0.1474999999999999367, 0.6583750000000000435, 0.2554774941164094093 ) ) ;
#5183 = DIRECTION ( 'NONE',  ( -0.000000000000000000, -0.000000000000000000, 1.000000000000000000 ) ) ;
#5184 = CARTESIAN_POINT ( 'NONE',  ( 0.1681083018789112649, 0.9003259771652944998, -0.1758594384096411889 ) ) ;
#5185 = CARTESIAN_POINT ( 'NONE',  ( -0.1854999999999999427, 0.3546633841797907638, -0.1086633841797907674 ) ) ;
#5186 =( CONVERSION_BASED_UNIT ( 'INCH', #503 ) LENGTH_UNIT ( ) NAMED_UNIT ( #6107 ) );
#5187 = CARTESIAN_POINT ( 'NONE',  ( 0.1254483409888063894, 1.028631944443482382, -0.2348800855366252327 ) ) ;
#5188 = CARTESIAN_POINT ( 'NONE',  ( -0.2217705291381127375, 0.8480763888867262068, -0.06719465586005304858 ) ) ;
#5189 = EDGE_LOOP ( 'NONE', ( #33, #4406, #5094, #3298 ) ) ;
#5190 = CARTESIAN_POINT ( 'NONE',  ( 0.2534264898490986018, 0.9143130457770369812, -0.08573934179360227781 ) ) ;
#5191 = ORIENTED_EDGE ( 'NONE', *, *, #4927, .T. ) ;
#5192 = CARTESIAN_POINT ( 'NONE',  ( 0.000000000000000000, 0.2459999999999999964, -0.7773149606299212255 ) ) ;
#5193 = SURFACE_STYLE_USAGE ( .BOTH. , #875 ) ;
#5194 = PLANE ( 'NONE',  #482 ) ;
#5195 = CARTESIAN_POINT ( 'NONE',  ( -0.1393102165225402200, 0.8864444444449997018, 0.2267006415455330159 ) ) ;
#5196 = CARTESIAN_POINT ( 'NONE',  ( 0.1529038018231964058, 0.7899166666642194468, 0.2286766815450700929 ) ) ;
#5197 = CARTESIAN_POINT ( 'NONE',  ( -0.08479020999924789803, 1.039327927170541122, -0.2491900695216021921 ) ) ;
#5198 = CARTESIAN_POINT ( 'NONE',  ( 0.1072293644402161905, 0.9869652777767590202, 0.2007578430809870695 ) ) ;
#5199 = DIRECTION ( 'NONE',  ( -0.000000000000000000, -0.000000000000000000, 1.000000000000000000 ) ) ;
#5200 = ORIENTED_EDGE ( 'NONE', *, *, #1007, .T. ) ;
#5201 = CARTESIAN_POINT ( 'NONE',  ( -0.2657450954027644752, 1.047729166666332201, -0.02608681076577870975 ) ) ;
#5202 = ORIENTED_EDGE ( 'NONE', *, *, #3566, .T. ) ;
#5203 = AXIS2_PLACEMENT_3D ( 'NONE', #2709, #3684, #4666 ) ;
#5204 = COLOUR_RGB ( '',0.1019607843137254888, 0.1019607843137254888, 0.1019607843137254888 ) ;
#5205 = CARTESIAN_POINT ( 'NONE',  ( -0.1586777065587784419, 1.086791666666390155, 0.1587809956955085200 ) ) ;
#5206 = EDGE_LOOP ( 'NONE', ( #791, #3002, #260, #5843 ) ) ;
#5207 = CARTESIAN_POINT ( 'NONE',  ( 0.1998051573066681741, 0.9689754038816705828, -0.1747030760849602737 ) ) ;
#5208 = CARTESIAN_POINT ( 'NONE',  ( 0.000000000000000000, 1.092000000000000082, -0.2184132259077137539 ) ) ;
#5209 = CARTESIAN_POINT ( 'NONE',  ( -0.2201150000999826106, 1.040822893307878250, -0.1444474909886330760 ) ) ;
#5210 =( GEOMETRIC_REPRESENTATION_CONTEXT ( 3 ) GLOBAL_UNCERTAINTY_ASSIGNED_CONTEXT ( ( #356 ) ) GLOBAL_UNIT_ASSIGNED_CONTEXT ( ( #2014, #1533, #5400 ) ) REPRESENTATION_CONTEXT ( 'NONE', 'WORKASPACE' ) );
#5211 = CARTESIAN_POINT ( 'NONE',  ( -0.06606085515225788851, 0.9730763888877425050, 0.2180286650921489655 ) ) ;
#5212 = CIRCLE ( 'NONE', #4371, 0.1854999999999999982 ) ;
#5213 = ADVANCED_FACE ( 'NONE', ( #2822, #6258 ), #3809, .T. ) ;
#5214 = VECTOR ( 'NONE', #6287, 39.37007874015748143 ) ;
#5215 = CARTESIAN_POINT ( 'NONE',  ( -0.2560070578063874391, 0.9970656846122449846, 0.06832620219027682462 ) ) ;
#5216 =( NAMED_UNIT ( * ) PLANE_ANGLE_UNIT ( ) SI_UNIT ( $, .RADIAN. ) );
#5217 = CARTESIAN_POINT ( 'NONE',  ( -0.2235925944020678291, 1.080715277777425598, 0.02195380441449039724 ) ) ;
#5218 = CIRCLE ( 'NONE', #3233, 0.2213999999999999857 ) ;
#5219 = STYLED_ITEM ( 'NONE', ( #4059 ), #4998 ) ;
#5220 = CARTESIAN_POINT ( 'NONE',  ( 0.2337304949988523450, 1.070298611110549247, 0.1248343354773220615 ) ) ;
#5221 = CARTESIAN_POINT ( 'NONE',  ( -0.08845266788535084690, 0.8610972222201916937, 0.2137400910315198077 ) ) ;
#5222 = VERTEX_POINT ( 'NONE', #4272 ) ;
#5223 = CARTESIAN_POINT ( 'NONE',  ( -0.2949999999999999845, 0.7986550857046570417, -0.1425936590072456600 ) ) ;
#5224 = DIRECTION ( 'NONE',  ( 0.000000000000000000, 0.000000000000000000, -1.000000000000000000 ) ) ;
#5225 = ORIENTED_EDGE ( 'NONE', *, *, #5916, .F. ) ;
#5226 =( NAMED_UNIT ( * ) SI_UNIT ( $, .STERADIAN. ) SOLID_ANGLE_UNIT ( ) );
#5227 = CARTESIAN_POINT ( 'NONE',  ( 0.04435104442536849656, 0.9774166666656011193, 0.2233202145843643238 ) ) ;
#5228 = MECHANICAL_DESIGN_GEOMETRIC_PRESENTATION_REPRESENTATION (  '', ( #4812 ), #5686 ) ;
#5229 = CARTESIAN_POINT ( 'NONE',  ( 0.2348940185910666778, 1.066763852651696709, -0.07241493064360195187 ) ) ;
#5230 = CARTESIAN_POINT ( 'NONE',  ( -0.1735661729923876073, 0.8341874999979759231, 0.2116304550163465859 ) ) ;
#5231 =( NAMED_UNIT ( * ) SI_UNIT ( $, .STERADIAN. ) SOLID_ANGLE_UNIT ( ) );
#5232 = DIRECTION ( 'NONE',  ( -0.5000000000000015543, 0.000000000000000000, -0.8660254037844377084 ) ) ;
#5233 = CONICAL_SURFACE ( 'NONE', #4801, 0.2835000000000000298, 0.1318119853188208512 ) ;
#5234 =( GEOMETRIC_REPRESENTATION_CONTEXT ( 3 ) GLOBAL_UNCERTAINTY_ASSIGNED_CONTEXT ( ( #2498 ) ) GLOBAL_UNIT_ASSIGNED_CONTEXT ( ( #1989, #5552, #4161 ) ) REPRESENTATION_CONTEXT ( 'NONE', 'WORKASPACE' ) );
#5235 = CARTESIAN_POINT ( 'NONE',  ( -0.2281703720225767840, 0.9687361111099480615, -6.891426939514408900E-05 ) ) ;
#5236 = FILL_AREA_STYLE_COLOUR ( '', #178 ) ;
#5237 = ORIENTED_EDGE ( 'NONE', *, *, #777, .F. ) ;
#5238 = COLOUR_RGB ( '',0.1019607843137254888, 0.1019607843137254888, 0.1019607843137254888 ) ;
#5239 = CARTESIAN_POINT ( 'NONE',  ( -0.1482514148097362761, 1.057277777777515748, 0.2217281169267051044 ) ) ;
#5240 = ORIENTED_EDGE ( 'NONE', *, *, #5087, .T. ) ;
#5241 = LINE ( 'NONE', #2302, #489 ) ;
#5242 = B_SPLINE_CURVE_WITH_KNOTS ( 'NONE', 3,
 ( #4593, #154, #2119, #4496, #3603, #6112, #3129, #3629, #3162, #238, #4181, #709, #3283, #1724, #2807, #2694, #4149, #6205, #4779, #3757, #3663, #5184, #1245, #5672, #2215, #2179, #345, #4650, #3724, #5289, #5797, #3192 ),
 .UNSPECIFIED., .F., .F.,
 ( 4, 2, 2, 2, 2, 2, 2, 2, 2, 2, 2, 2, 2, 2, 2, 4 ),
 ( 5.222209201006511141E-18, 0.002004248071002287523, 0.003006372106503429117, 0.004008496142004571577, 0.005010620177505713604, 0.006012744213006854764, 0.007014868248507997658, 0.008016992284009139685, 0.009019116319510279978, 0.01002124035501142200, 0.01102336439051256230, 0.01202548842601370259, 0.01302761246151484809, 0.01402973649701599185, 0.01503186053251713734, 0.01603398456801828284 ),
 .UNSPECIFIED. ) ;
#5243 = CARTESIAN_POINT ( 'NONE',  ( -0.2266214570897021330, 0.8298472222196980885, 0.1513240144791579977 ) ) ;
#5244 = PRESENTATION_LAYER_ASSIGNMENT (  '', '', ( #1896 ) ) ;
#5245 = ORIENTED_EDGE ( 'NONE', *, *, #659, .T. ) ;
#5246 = CARTESIAN_POINT ( 'NONE',  ( 1.083812417245407500E-17, 0.3344999999999999640, 0.08849999999999999534 ) ) ;
#5247 = PRESENTATION_STYLE_ASSIGNMENT (( #854 ) ) ;
#5248 = LINE ( 'NONE', #6302, #3051 ) ;
#5249 = CARTESIAN_POINT ( 'NONE',  ( -0.1921364007697159981, 1.039298151357548994, -0.1800618309404324879 ) ) ;
#5250 = CARTESIAN_POINT ( 'NONE',  ( -0.2182874816598905088, 0.9643958333321155374, 0.06614479511042277438 ) ) ;
#5251 = CARTESIAN_POINT ( 'NONE',  ( -0.01726976610271515472, 0.9814463532018468106, -0.2648809051032787742 ) ) ;
#5252 = LINE ( 'NONE', #2319, #3145 ) ;
#5253 = CARTESIAN_POINT ( 'NONE',  ( -0.1751449852833523446, 1.085812895445310788, 0.1400474173219636298 ) ) ;
#5254 = DIMENSIONAL_EXPONENTS ( 1.000000000000000000, 0.000000000000000000, 0.000000000000000000, 0.000000000000000000, 0.000000000000000000, 0.000000000000000000, 0.000000000000000000 ) ;
#5255 = ADVANCED_FACE ( 'NONE', ( #4766 ), #3284, .F. ) ;
#5256 = CARTESIAN_POINT ( 'NONE',  ( -0.02406880563430875003, 0.6767004020442810575, 0.3267405274098382773 ) ) ;
#5257 = CARTESIAN_POINT ( 'NONE',  ( 0.1681075212885965176, 1.066826388888223898, 0.2049664869020582647 ) ) ;
#5258 =( GEOMETRIC_REPRESENTATION_CONTEXT ( 3 ) GLOBAL_UNCERTAINTY_ASSIGNED_CONTEXT ( ( #3900 ) ) GLOBAL_UNIT_ASSIGNED_CONTEXT ( ( #5637, #2037, #1062 ) ) REPRESENTATION_CONTEXT ( 'NONE', 'WORKASPACE' ) );
#5259 = CARTESIAN_POINT ( 'NONE',  ( 0.2208974697661375830, 0.8758541666647516877, 0.06708141102156232882 ) ) ;
#5260 = PRESENTATION_LAYER_ASSIGNMENT (  '', '', ( #2970 ) ) ;
#5261 = ORIENTED_EDGE ( 'NONE', *, *, #286, .F. ) ;
#5262 = CARTESIAN_POINT ( 'NONE',  ( 0.2584808168148208796, 0.9091004566978551082, 0.06967429928937621253 ) ) ;
#5263 = ORIENTED_EDGE ( 'NONE', *, *, #3881, .F. ) ;
#5264 =( CONVERSION_BASED_UNIT ( 'INCH', #5832 ) LENGTH_UNIT ( ) NAMED_UNIT ( #6323 ) );
#5265 = CARTESIAN_POINT ( 'NONE',  ( -0.08664709146821553132, 0.8864444444449997018, 0.2480402940089690700 ) ) ;
#5266 = CARTESIAN_POINT ( 'NONE',  ( -0.2638671071803966317, 0.7682152777752137007, -0.08013082469837480570 ) ) ;
#5267 = DIRECTION ( 'NONE',  ( -0.8660254037844385966, 0.000000000000000000, -0.4999999999999998890 ) ) ;
#5268 = CARTESIAN_POINT ( 'NONE',  ( -0.06828379315873135680, 1.038746297233893667, -0.2542280882394445385 ) ) ;
#5269 = MECHANICAL_DESIGN_GEOMETRIC_PRESENTATION_REPRESENTATION (  '', ( #4936 ), #793 ) ;
#5270 = ADVANCED_FACE ( 'NONE', ( #3314, #2043 ), #5508, .T. ) ;
#5271 = CARTESIAN_POINT ( 'NONE',  ( 0.04435104445548712637, 0.9843611111101134847, 0.2233202145801306271 ) ) ;
#5272 = LENGTH_MEASURE_WITH_UNIT ( LENGTH_MEASURE( 0.02539999999999999897 ), #5165 );
#5273 = EDGE_LOOP ( 'NONE', ( #4654, #5910, #5730, #4305 ) ) ;
#5274 = CARTESIAN_POINT ( 'NONE',  ( -0.2203094567311700003, 1.074638888888530541, 0.04389679503346286676 ) ) ;
#5275 = PRESENTATION_STYLE_ASSIGNMENT (( #5667 ) ) ;
#5276 = CARTESIAN_POINT ( 'NONE',  ( -0.07747981406309147057, 1.059881944444208690, 0.2551377520841293656 ) ) ;
#5277 = CARTESIAN_POINT ( 'NONE',  ( -0.1474999999999999645, 0.6583750000000000435, -0.2554774941164094093 ) ) ;
#5278 = DIRECTION ( 'NONE',  ( 0.000000000000000000, -1.000000000000000000, 0.000000000000000000 ) ) ;
#5279 = CARTESIAN_POINT ( 'NONE',  ( -0.2204175107905870235, 1.078111111110783948, -0.04391293937621090770 ) ) ;
#5280 = EDGE_LOOP ( 'NONE', ( #532, #2133 ) ) ;
#5281 = CARTESIAN_POINT ( 'NONE',  ( 0.2586618114604175567, 0.9605868260017585980, 0.06062978922167729101 ) ) ;
#5282 =( NAMED_UNIT ( * ) PLANE_ANGLE_UNIT ( ) SI_UNIT ( $, .RADIAN. ) );
#5283 = CARTESIAN_POINT ( 'NONE',  ( 0.000000000000000000, 0.2459999999999999964, 0.000000000000000000 ) ) ;
#5284 = CARTESIAN_POINT ( 'NONE',  ( -0.1760138763712787158, 1.038539853396515111, -0.1958831169087070778 ) ) ;
#5285 = CARTESIAN_POINT ( 'NONE',  ( -0.08725590847653585946, 0.9722083333321289711, 0.2104745829868152895 ) ) ;
#5286 = CARTESIAN_POINT ( 'NONE',  ( -0.2316452880658841640, 0.8576249999978294847, 7.528439286457396808E-05 ) ) ;
#5287 = CARTESIAN_POINT ( 'NONE',  ( 0.2709311943656911303, 0.6767004020442811685, 0.1842144608229805691 ) ) ;
#5288 = FACE_OUTER_BOUND ( 'NONE', #316, .T. ) ;
#5289 = CARTESIAN_POINT ( 'NONE',  ( 0.02622053638497316361, 0.9052860095046265654, -0.2402522007251408909 ) ) ;
#5290 = APPLICATION_CONTEXT ( 'automotive_design' ) ;
#5291 = CARTESIAN_POINT ( 'NONE',  ( -0.07715726963754522549, 1.035576388887999411, -0.2546317713642814451 ) ) ;
#5292 = CARTESIAN_POINT ( 'NONE',  ( -0.1060013533867987107, 1.070298611110640064, -0.1984586620113178435 ) ) ;
#5293 = ORIENTED_EDGE ( 'NONE', *, *, #1856, .T. ) ;
#5294 = CARTESIAN_POINT ( 'NONE',  ( 0.04368457746539485681, 0.8989904377807832470, 0.2639994650037103541 ) ) ;
#5295 = DIRECTION ( 'NONE',  ( 0.000000000000000000, 0.000000000000000000, -1.000000000000000000 ) ) ;
#5297 = ADVANCED_FACE ( 'NONE', ( #359 ), #4304, .T. ) ;
#5296 = ORIENTED_EDGE ( 'NONE', *, *, #4325, .T. ) ;
#5298 = CARTESIAN_POINT ( 'NONE',  ( -0.2949999999999999845, 0.8170000000000000595, -5.914624404477005089E-17 ) ) ;
#5299 = SURFACE_STYLE_USAGE ( .BOTH. , #1318 ) ;
#5300 = CARTESIAN_POINT ( 'NONE',  ( 0.1987713257198550354, 1.028890027315510380, -0.1737092939332594010 ) ) ;
#5301 = CARTESIAN_POINT ( 'NONE',  ( -0.2184033683223720601, 0.9661319444432354686, -0.06632397938403121473 ) ) ;
#5303 = EDGE_CURVE ( 'NONE', #2184, #4802, #5965, .T. ) ;
#5302 = EDGE_LOOP ( 'NONE', ( #872, #3416, #4508 ) ) ;
#5304 = CARTESIAN_POINT ( 'NONE',  ( 0.06530498795981827531, 1.056409722221758107, -0.2155340890716203051 ) ) ;
#5305 = SURFACE_STYLE_FILL_AREA ( #847 ) ;
#5306 = CARTESIAN_POINT ( 'NONE',  ( 0.1301279430697553086, 1.059346420026259006, 0.2173129327153688339 ) ) ;
#5307 = CARTESIAN_POINT ( 'NONE',  ( -0.2483464680321188500, 0.9895694444436167192, -0.1029568730751747041 ) ) ;
#5308 = DIRECTION ( 'NONE',  ( 0.000000000000000000, -1.000000000000000000, 3.667407320606400744E-18 ) ) ;
#5309 = UNCERTAINTY_MEASURE_WITH_UNIT (LENGTH_MEASURE( 1.000000000000000082E-05 ), #4729, 'distance_accuracy_value', 'NONE');
#5310 = CARTESIAN_POINT ( 'NONE',  ( -0.04368996411043746253, 1.091999999999800908, 0.2200183925948889507 ) ) ;
#5311 = CARTESIAN_POINT ( 'NONE',  ( 0.000000000000000000, 0.3344999999999999640, -0.08849999999999999534 ) ) ;
#5313 = EDGE_LOOP ( 'NONE', ( #5773, #3275, #151, #5742, #4268 ) ) ;
#5312 = ADVANCED_FACE ( 'NONE', ( #935 ), #3895, .T. ) ;
#5314 = CARTESIAN_POINT ( 'NONE',  ( -0.2527160015188505415, 0.8864444444449997018, -0.06085476366860814723 ) ) ;
#5315 =( CONVERSION_BASED_UNIT ( 'INCH', #2243 ) LENGTH_UNIT ( ) NAMED_UNIT ( #2065 ) );
#5316 = CARTESIAN_POINT ( 'NONE',  ( 0.2262407440898347166, 0.9887013888878060097, 0.02220848012778739444 ) ) ;
#5317 = CARTESIAN_POINT ( 'NONE',  ( -0.2193085978274480208, 1.050851581437382443, 0.1456157632229341248 ) ) ;
#5318 = CARTESIAN_POINT ( 'NONE',  ( 0.1608314499975547207, 0.9826249999989469242, 0.1609286204859162739 ) ) ;
#5319 = ORIENTED_EDGE ( 'NONE', *, *, #5490, .T. ) ;
#5320 = LENGTH_MEASURE_WITH_UNIT ( LENGTH_MEASURE( 0.02539999999999999897 ), #641 );
#5321 =( NAMED_UNIT ( * ) SI_UNIT ( $, .STERADIAN. ) SOLID_ANGLE_UNIT ( ) );
#5322 = CARTESIAN_POINT ( 'NONE',  ( -0.04518623860024845174, 0.8697777777757663697, 0.2268083431771264757 ) ) ;
#5323 = CARTESIAN_POINT ( 'NONE',  ( -0.2373056737703399810, 0.9907023282580589285, -0.1173497582595227073 ) ) ;
#5324 = CARTESIAN_POINT ( 'NONE',  ( 0.000000000000000000, 0.7906516627442732315, -0.3406366588218792124 ) ) ;
#5325 = CARTESIAN_POINT ( 'NONE',  ( 0.1069430433761656279, 1.006062499999066162, -0.2002329778320640907 ) ) ;
#5326 = MECHANICAL_DESIGN_GEOMETRIC_PRESENTATION_REPRESENTATION (  '', ( #1967 ), #6158 ) ;
#5327 = CARTESIAN_POINT ( 'NONE',  ( -0.2678722305150252336, 0.9366180555539017627, 0.02630094751182446289 ) ) ;
#5328 = DIRECTION ( 'NONE',  ( -0.000000000000000000, -0.000000000000000000, 1.000000000000000000 ) ) ;
#5329 = CARTESIAN_POINT ( 'NONE',  ( 0.1876470357502996178, 1.046861111110518383, 0.1254637016184441400 ) ) ;
#5330 = ORIENTED_EDGE ( 'NONE', *, *, #4490, .T. ) ;
#5331 =( LENGTH_UNIT ( ) NAMED_UNIT ( * ) SI_UNIT ( $, .METRE. ) );
#5332 = ORIENTED_EDGE ( 'NONE', *, *, #3055, .F. ) ;
#5333 = CARTESIAN_POINT ( 'NONE',  ( 0.1465044086126166267, 0.8775902777759130302, 0.1786261779197844957 ) ) ;
#5334 = PRESENTATION_LAYER_ASSIGNMENT (  '', '', ( #4146 ) ) ;
#5335 = CARTESIAN_POINT ( 'NONE',  ( 0.2585664348343709174, 0.9689956469723827182, -0.05988010706886252171 ) ) ;
#5336 = CARTESIAN_POINT ( 'NONE',  ( -0.1379259850592346737, 1.087341050175844925, 0.1762260042150638195 ) ) ;
#5337 = DIRECTION ( 'NONE',  ( 1.000000000000000000, 0.000000000000000000, 0.000000000000000000 ) ) ;
#5338 = VECTOR ( 'NONE', #2400, 39.37007874015748143 ) ;
#5339 = ORIENTED_EDGE ( 'NONE', *, *, #186, .F. ) ;
#5340 = CARTESIAN_POINT ( 'NONE',  ( -0.1589888996519653319, 1.065958333332920116, -0.1590849141762642749 ) ) ;
#5341 = CARTESIAN_POINT ( 'NONE',  ( 0.2453185657763482519, 1.064200979593028951, 0.03976390965077632178 ) ) ;
#5342 = CARTESIAN_POINT ( 'NONE',  ( 0.2307769490999591888, 0.8854027777759486684, 6.973169308339800614E-05 ) ) ;
#5343 = CARTESIAN_POINT ( 'NONE',  ( -0.07832744850090335442, 0.9487708333322146803, 0.2585119026317780899 ) ) ;
#5344 = PRESENTATION_LAYER_ASSIGNMENT (  '', '', ( #4904 ) ) ;
#5345 = ADVANCED_FACE ( 'NONE', ( #460 ), #874, .T. ) ;
#5346 = DIRECTION ( 'NONE',  ( -0.000000000000000000, -0.000000000000000000, 1.000000000000000000 ) ) ;
#5347 = CARTESIAN_POINT ( 'NONE',  ( 0.000000000000000000, 1.121513888888916455, -0.2223225634307162968 ) ) ;
#5348 = STYLED_ITEM ( 'NONE', ( #3228 ), #615 ) ;
#5349 = EDGE_LOOP ( 'NONE', ( #6046, #3917, #3675, #137 ) ) ;
#5350 = SURFACE_SIDE_STYLE ('',( #5844 ) ) ;
#5351 =( NAMED_UNIT ( * ) PLANE_ANGLE_UNIT ( ) SI_UNIT ( $, .RADIAN. ) );
#5352 = DIRECTION ( 'NONE',  ( 1.000000000000000000, 0.000000000000000000, 0.000000000000000000 ) ) ;
#5353 = CARTESIAN_POINT ( 'NONE',  ( 0.1756030330923144256, 0.9956458333323406906, -0.1440249639143181271 ) ) ;
#5354 = PRESENTATION_STYLE_ASSIGNMENT (( #1808 ) ) ;
#5355 = CARTESIAN_POINT ( 'NONE',  ( 0.02233581803228652449, 0.9470347222208657101, -0.2275377969988748028 ) ) ;
#5356 =( GEOMETRIC_REPRESENTATION_CONTEXT ( 3 ) GLOBAL_UNCERTAINTY_ASSIGNED_CONTEXT ( ( #504 ) ) GLOBAL_UNIT_ASSIGNED_CONTEXT ( ( #144, #6103, #4006 ) ) REPRESENTATION_CONTEXT ( 'NONE', 'WORKASPACE' ) );
#5357 = CARTESIAN_POINT ( 'NONE',  ( 0.2207820576981258942, 0.8880069444426271774, -0.06690066223955409841 ) ) ;
#5358 = CARTESIAN_POINT ( 'NONE',  ( -0.1181834374099650642, 0.9250075878472419078, -0.2396608337399621369 ) ) ;
#5359 = CARTESIAN_POINT ( 'NONE',  ( -0.08645919059127342432, 1.034708333332666763, 0.2089231389742821909 ) ) ;
#5360 = CARTESIAN_POINT ( 'NONE',  ( 0.1973090714588466299, 1.105020833333266506, -0.1053873479057219342 ) ) ;
#5361 = B_SPLINE_CURVE_WITH_KNOTS ( 'NONE', 3,
 ( #1272, #1720, #6134, #3248, #6268, #3660, #5699, #1212, #2144, #3188, #5284, #5249, #3691, #1240, #5209, #2803, #2748, #4710, #3277, #799, #2775, #4118, #3624, #5142, #206, #704, #3841, #437 ),
 .UNSPECIFIED., .F., .F.,
 ( 4, 2, 2, 2, 2, 2, 2, 2, 2, 2, 2, 2, 2, 4 ),
 ( 0.1640348242425501424, 0.1657537241150551510, 0.1666131740513076831, 0.1674726239875601874, 0.1683320739238126917, 0.1691915238600651961, 0.1700509737963177004, 0.1709104237325702325, 0.1726293236050752411, 0.1734887735413277454, 0.1743482234775802497, 0.1760671233500852861, 0.1769265732863377905, 0.1777860232225902948 ),
 .UNSPECIFIED. ) ;
#5362 = CARTESIAN_POINT ( 'NONE',  ( -0.09753418434825211758, 0.6614078508541165746, 0.2843252712332251519 ) ) ;
#5363 = CARTESIAN_POINT ( 'NONE',  ( -0.2661258688880910883, 0.9921736111099630495, 0.02629803284759761953 ) ) ;
#5364 = FACE_OUTER_BOUND ( 'NONE', #1805, .T. ) ;
#5365 = CARTESIAN_POINT ( 'NONE',  ( 0.1597028488811214342, 1.045124999999439641, 0.1595989816953446716 ) ) ;
#5366 = VERTEX_POINT ( 'NONE', #1034 ) ;
#5367 = CARTESIAN_POINT ( 'NONE',  ( 0.000000000000000000, 0.8170000000000000595, -0.08849999999999999534 ) ) ;
#5368 = B_SPLINE_CURVE_WITH_KNOTS ( 'NONE', 3,
 ( #5530, #2002, #1046, #3087, #2104, #1554 ),
 .UNSPECIFIED., .F., .F.,
 ( 4, 2, 4 ),
 ( 2.380732032311680884E-07, 0.002188883224565558398, 0.004377528375927887232 ),
 .UNSPECIFIED. ) ;
#5369 =( NAMED_UNIT ( * ) PLANE_ANGLE_UNIT ( ) SI_UNIT ( $, .RADIAN. ) );
#5370 = PRESENTATION_LAYER_ASSIGNMENT (  '', '', ( #2757 ) ) ;
#5371 = DIRECTION ( 'NONE',  ( 1.000000000000000000, 0.000000000000000000, 0.000000000000000000 ) ) ;
#5372 = CYLINDRICAL_SURFACE ( 'NONE', #3042, 0.1854999999999998317 ) ;
#5373 = STYLED_ITEM ( 'NONE', ( #458 ), #953 ) ;
#5374 = CARTESIAN_POINT ( 'NONE',  ( 0.2106075031430461875, 0.9727629893977484121, -0.1613250675911530874 ) ) ;
#5375 = AXIS2_PLACEMENT_3D ( 'NONE', #6378, #2324, #4292 ) ;
#5376 = CARTESIAN_POINT ( 'NONE',  ( 0.2467862144702109295, 1.019344180081248608, 0.09331975525151982309 ) ) ;
#5377 = CIRCLE ( 'NONE', #4624, 0.2214000000000002633 ) ;
#5378 = CARTESIAN_POINT ( 'NONE',  ( 0.08608275448369756555, 0.8960682704228164486, 0.2539109097676309768 ) ) ;
#5379 = CONICAL_SURFACE ( 'NONE', #2869, 0.2949999999999999845, 1.047197551196600074 ) ;
#5380 = FILL_AREA_STYLE_COLOUR ( '', #1678 ) ;
#5381 = VECTOR ( 'NONE', #1696, 39.37007874015748143 ) ;
#5382 = CARTESIAN_POINT ( 'NONE',  ( 8.177114149853592455E-05, 0.9791527777768517238, -0.2691679304981148824 ) ) ;
#5383 = UNCERTAINTY_MEASURE_WITH_UNIT (LENGTH_MEASURE( 1.000000000000000082E-05 ), #4257, 'distance_accuracy_value', 'NONE');
#5384 = CARTESIAN_POINT ( 'NONE',  ( 0.08638120631703878616, 1.041652777777104300, 0.2087208924624095185 ) ) ;
#5385 = EDGE_LOOP ( 'NONE', ( #5690, #5599, #548, #3742, #764, #5402, #1932 ) ) ;
#5386 = DIRECTION ( 'NONE',  ( -0.000000000000000000, -0.000000000000000000, 1.000000000000000000 ) ) ;
#5387 =( LENGTH_UNIT ( ) NAMED_UNIT ( * ) SI_UNIT ( $, .METRE. ) );
#5388 = CARTESIAN_POINT ( 'NONE',  ( -0.1434351279127219214, 1.025159722221526737, 0.1748921827191494971 ) ) ;
#5389 = CARTESIAN_POINT ( 'NONE',  ( 0.000000000000000000, 0.2459999999999999964, 0.000000000000000000 ) ) ;
#5390 = EDGE_CURVE ( 'NONE', #1018, #3710, #2163, .T. ) ;
#5391 = CARTESIAN_POINT ( 'NONE',  ( 0.06652272869054419446, 0.9227291666650694335, 0.2195347696747429467 ) ) ;
#5392 = CARTESIAN_POINT ( 'NONE',  ( 0.1781981221751715028, 0.8914791666648285151, -0.1463403810143291961 ) ) ;
#5393 = CARTESIAN_POINT ( 'NONE',  ( 0.2241376772787729843, 0.9434187955626834876, -0.04781640954997214837 ) ) ;
#5394 = CARTESIAN_POINT ( 'NONE',  ( 0.1072293644123385181, 0.9800208333322530940, 0.2007578430929916613 ) ) ;
#5395 = CARTESIAN_POINT ( 'NONE',  ( 0.2229738437464609813, 0.9947777777768419538, 0.04442225905378509310 ) ) ;
#5396 = EDGE_CURVE ( 'NONE', #2730, #4833, #964, .T. ) ;
#5397 = DIRECTION ( 'NONE',  ( -1.000000000000000000, 0.000000000000000000, -0.000000000000000000 ) ) ;
#5398 = CARTESIAN_POINT ( 'NONE',  ( -0.04833842045202121906, 0.6700773127001644625, 0.3127284587617034650 ) ) ;
#5399 = CARTESIAN_POINT ( 'NONE',  ( 0.2631255597524733703, 0.9652638888874831569, -0.05225584381030731751 ) ) ;
#5400 =( NAMED_UNIT ( * ) SI_UNIT ( $, .STERADIAN. ) SOLID_ANGLE_UNIT ( ) );
#5401 = CARTESIAN_POINT ( 'NONE',  ( -0.2204175107787411381, 1.078111111110725107, -0.04391293940500846232 ) ) ;
#5402 = ORIENTED_EDGE ( 'NONE', *, *, #2514, .T. ) ;
#5403 = CARTESIAN_POINT ( 'NONE',  ( -0.1652339678756697683, 0.7881805555529073359, -0.1651266326581082577 ) ) ;
#5404 = PRESENTATION_STYLE_ASSIGNMENT (( #5960 ) ) ;
#5405 = FILL_AREA_STYLE_COLOUR ( '', #1465 ) ;
#5406 = CARTESIAN_POINT ( 'NONE',  ( 0.2636215764560937980, 0.9681281505931861320, -0.03442086655359158365 ) ) ;
#5407 = CARTESIAN_POINT ( 'NONE',  ( 0.08490369622706880892, 1.033529230368948504, -0.2497909680454392656 ) ) ;
#5408 = PLANE ( 'NONE',  #951 ) ;
#5409 = DIRECTION ( 'NONE',  ( 1.000000000000000000, 0.000000000000000000, 0.000000000000000000 ) ) ;
#5410 = ORIENTED_EDGE ( 'NONE', *, *, #2264, .T. ) ;
#5411 = CARTESIAN_POINT ( 'NONE',  ( 0.03673930038089859296, 0.9476476704270905271, -0.2251751820558927086 ) ) ;
#5412 = CARTESIAN_POINT ( 'NONE',  ( -0.2088743107675609667, 0.9435624999988078132, 0.1715317818196769595 ) ) ;
#5413 = CARTESIAN_POINT ( 'NONE',  ( 0.000000000000000000, 0.2459999999999999964, -0.7970000000000001528 ) ) ;
#5414 = CARTESIAN_POINT ( 'NONE',  ( 0.1763065968057633826, 0.9145832406486413824, -0.2006521610304644876 ) ) ;
#5415 = CARTESIAN_POINT ( 'NONE',  ( -0.04384332821131974728, 1.067694444444064805, -0.2207635626806918328 ) ) ;
#5416 =( LENGTH_UNIT ( ) NAMED_UNIT ( * ) SI_UNIT ( $, .METRE. ) );
#5417 = ORIENTED_EDGE ( 'NONE', *, *, #6058, .F. ) ;
#5418 = CARTESIAN_POINT ( 'NONE',  ( 0.000000000000000000, 0.2459999999999999964, 0.7970000000000000417 ) ) ;
#5419 = CARTESIAN_POINT ( 'NONE',  ( -0.06518783199612346313, 1.084187499999697657, 0.2146622161238306015 ) ) ;
#5420 = CARTESIAN_POINT ( 'NONE',  ( -0.2949999999999999845, 0.6583750000000000435, -5.914624404477005089E-17 ) ) ;
#5421 = CARTESIAN_POINT ( 'NONE',  ( 0.1261881097686093633, 0.9982499999991245598, -0.1887304535006039952 ) ) ;
#5422 = CARTESIAN_POINT ( 'NONE',  ( 0.1633902615216207832, 0.8715138888869831124, 0.1632840823601780234 ) ) ;
#5423 = DIRECTION ( 'NONE',  ( 1.000000000000000000, 0.000000000000000000, 0.000000000000000000 ) ) ;
#5424 =( LENGTH_UNIT ( ) NAMED_UNIT ( * ) SI_UNIT ( $, .METRE. ) );
#5425 = CARTESIAN_POINT ( 'NONE',  ( 0.1571948783055011900, 0.9355697291915802127, 0.1702573498066229651 ) ) ;
#5426 = CARTESIAN_POINT ( 'NONE',  ( 0.08745592922379000211, 0.9444305555541998576, -0.2113316150077426403 ) ) ;
#5427 = CARTESIAN_POINT ( 'NONE',  ( 0.1990833872942190386, 1.047729166666133027, 0.1063290378648250323 ) ) ;
#5428 = CARTESIAN_POINT ( 'NONE',  ( 0.2227686921777623230, 1.099812499999835991, 0.02200868842171238571 ) ) ;
#5429 = PRESENTATION_LAYER_ASSIGNMENT (  '', '', ( #3015 ) ) ;
#5430 = ADVANCED_FACE ( 'NONE', ( #5900, #1417 ), #5408, .T. ) ;
#5431 =( GEOMETRIC_REPRESENTATION_CONTEXT ( 3 ) GLOBAL_UNCERTAINTY_ASSIGNED_CONTEXT ( ( #1704 ) ) GLOBAL_UNIT_ASSIGNED_CONTEXT ( ( #1673, #3651, #3998 ) ) REPRESENTATION_CONTEXT ( 'NONE', 'WORKASPACE' ) );
#5432 = CARTESIAN_POINT ( 'NONE',  ( 0.1896338841867101221, 0.9704722222208095328, -0.1895187153437250249 ) ) ;
#5433 = DIRECTION ( 'NONE',  ( 1.000000000000000000, 0.000000000000000000, 0.000000000000000000 ) ) ;
#5434 = TOROIDAL_SURFACE ( 'NONE', #1560, 0.2017149606299212250, 0.01968503937007873988 ) ;
#5435 = CARTESIAN_POINT ( 'NONE',  ( -0.04416759924441467089, 1.036444444443845647, 0.2216956772599137371 ) ) ;
#5436 = ORIENTED_EDGE ( 'NONE', *, *, #5170, .F. ) ;
#5437 = CARTESIAN_POINT ( 'NONE',  ( -0.1091608881152718730, 0.9802678862942810767, -0.2415358801164543268 ) ) ;
#5438 = SURFACE_STYLE_USAGE ( .BOTH. , #1947 ) ;
#5439 = FILL_AREA_STYLE ('',( #4920 ) ) ;
#5440 = EDGE_LOOP ( 'NONE', ( #4108, #2200, #4234, #3588, #6343, #5436, #2539 ) ) ;
#5441 = CARTESIAN_POINT ( 'NONE',  ( -0.06409523063023724043, 1.079326154924163728, 0.2234420513883925152 ) ) ;
#5442 =( BOUNDED_CURVE ( )  B_SPLINE_CURVE ( 3, ( #4608, #5655, #690, #2678 ),
 .UNSPECIFIED., .F., .F. ) 
 B_SPLINE_CURVE_WITH_KNOTS ( ( 4, 4 ),
 ( 0.000000000000000000, 1.570796326794896780 ),
 .UNSPECIFIED. ) 
 CURVE ( )  GEOMETRIC_REPRESENTATION_ITEM ( )  RATIONAL_B_SPLINE_CURVE ( ( 1.000000000000000000, 0.8047378541243649375, 0.8047378541243649375, 1.000000000000000000 ) ) 
 REPRESENTATION_ITEM ( '' )  );
#5443 = COLOUR_RGB ( '',0.1019607843137254888, 0.1019607843137254888, 0.1019607843137254888 ) ;
#5444 = CARTESIAN_POINT ( 'NONE',  ( 0.1995318456989768341, 0.9733432984051909598, -0.1748106432482433026 ) ) ;
#5445 = CARTESIAN_POINT ( 'NONE',  ( 0.2949999999999998734, 0.6767717453341317579, 0.1427732069924252112 ) ) ;
#5446 = DIRECTION ( 'NONE',  ( 1.000000000000000000, 0.000000000000000000, 0.000000000000000000 ) ) ;
#5447 = FILL_AREA_STYLE ('',( #3420 ) ) ;
#5448 = CIRCLE ( 'NONE', #2737, 0.1249999999999999029 ) ;
#5449 = CARTESIAN_POINT ( 'NONE',  ( 0.000000000000000000, 0.2459999999999999964, 0.7970000000000001528 ) ) ;
#5450 = EDGE_LOOP ( 'NONE', ( #2812, #6423 ) ) ;
#5451 = TOROIDAL_SURFACE ( 'NONE', #4262, 0.2017149606299215026, 0.01968503937007873988 ) ;
#5452 = SURFACE_STYLE_FILL_AREA ( #1038 ) ;
#5453 = STYLED_ITEM ( 'NONE', ( #3595 ), #1159 ) ;
#5454 = CARTESIAN_POINT ( 'NONE',  ( -0.2635325247169438834, 0.9947777777770786534, 0.05233666150958647678 ) ) ;
#5455 = UNCERTAINTY_MEASURE_WITH_UNIT (LENGTH_MEASURE( 1.000000000000000082E-05 ), #5186, 'distance_accuracy_value', 'NONE');
#5456 = PRESENTATION_LAYER_ASSIGNMENT (  '', '', ( #6066 ) ) ;
#5457 = CARTESIAN_POINT ( 'NONE',  ( -0.1880950939026795332, 1.029499999999272664, 0.1257696397193042714 ) ) ;
#5458 = ORIENTED_EDGE ( 'NONE', *, *, #2105, .T. ) ;
#5459 = CARTESIAN_POINT ( 'NONE',  ( 0.000000000000000000, 0.2459999999999999964, 0.7418818897637795562 ) ) ;
#5460 = CARTESIAN_POINT ( 'NONE',  ( -0.2167813770843291798, 1.014743055554683249, -0.06568292153979389536 ) ) ;
#5461 = CARTESIAN_POINT ( 'NONE',  ( 0.2036817494609722556, 0.8810624999981063743, 0.1087850599161058890 ) ) ;
#5462 = DIMENSIONAL_EXPONENTS ( 1.000000000000000000, 0.000000000000000000, 0.000000000000000000, 0.000000000000000000, 0.000000000000000000, 0.000000000000000000, 0.000000000000000000 ) ;
#5463 =( GEOMETRIC_REPRESENTATION_CONTEXT ( 3 ) GLOBAL_UNCERTAINTY_ASSIGNED_CONTEXT ( ( #1134 ) ) GLOBAL_UNIT_ASSIGNED_CONTEXT ( ( #6273, #6365, #6035 ) ) REPRESENTATION_CONTEXT ( 'NONE', 'WORKASPACE' ) );
#5464 = CARTESIAN_POINT ( 'NONE',  ( 0.1089942849699718636, 0.8689097222202355475, 0.2037546392538880646 ) ) ;
#5465 =( GEOMETRIC_REPRESENTATION_CONTEXT ( 3 ) GLOBAL_UNCERTAINTY_ASSIGNED_CONTEXT ( ( #2437 ) ) GLOBAL_UNIT_ASSIGNED_CONTEXT ( ( #3662, #5216, #6275 ) ) REPRESENTATION_CONTEXT ( 'NONE', 'WORKASPACE' ) );
#5466 = ORIENTED_EDGE ( 'NONE', *, *, #6230, .T. ) ;
#5467 = PRESENTATION_LAYER_ASSIGNMENT (  '', '', ( #1785 ) ) ;
#5468 = PRESENTATION_LAYER_ASSIGNMENT (  '', '', ( #239 ) ) ;
#5469 = CARTESIAN_POINT ( 'NONE',  ( -0.09767930677353633961, 0.9092830886675136171, -0.2193761995460453418 ) ) ;
#5470 = CARTESIAN_POINT ( 'NONE',  ( -0.1802125149343150601, 0.8081458333308717545, 0.1479946078825188638 ) ) ;
#5471 = CARTESIAN_POINT ( 'NONE',  ( -0.1081710543755024234, 0.9157847222205937054, 0.2025321589297786884 ) ) ;
#5472 = CARTESIAN_POINT ( 'NONE',  ( 0.1072293644402161905, 0.9869652777767590202, 0.2007578430809870695 ) ) ;
#5473 = CARTESIAN_POINT ( 'NONE',  ( 0.1251044536456408229, 1.053805555555014761, -0.1873639681800986223 ) ) ;
#5474 = CARTESIAN_POINT ( 'NONE',  ( 0.1633902615261288438, 0.8784583333313609188, 0.1632840823606012959 ) ) ;
#5475 = CARTESIAN_POINT ( 'NONE',  ( 0.2512384378023181930, 0.8489444444420294333, 0.1039712163748841151 ) ) ;
#5476 = CARTESIAN_POINT ( 'NONE',  ( 0.1605202568537590080, 1.003458333332333474, -0.1606247020443227203 ) ) ;
#5477 = VERTEX_POINT ( 'NONE', #1830 ) ;
#5478 = CARTESIAN_POINT ( 'NONE',  ( -0.2949999999999999845, 0.7906516627442732315, -0.1703183294109396340 ) ) ;
#5479 = AXIS2_PLACEMENT_3D ( 'NONE', #1847, #2902, #6406 ) ;
#5480 = EDGE_CURVE ( 'NONE', #2746, #714, #2402, .T. ) ;
#5481 = FILL_AREA_STYLE ('',( #6024 ) ) ;
#5482 = CARTESIAN_POINT ( 'NONE',  ( 0.000000000000000000, 0.2459999999999999964, -0.3984999999999998543 ) ) ;
#5483 = CARTESIAN_POINT ( 'NONE',  ( -0.1758634180978995154, 0.9467258647456281428, 0.2002866380688417269 ) ) ;
#5484 = CARTESIAN_POINT ( 'NONE',  ( 0.000000000000000000, 0.8170000000000000595, 0.000000000000000000 ) ) ;
#5485 = SURFACE_STYLE_FILL_AREA ( #5447 ) ;
#5486 = PRESENTATION_LAYER_ASSIGNMENT (  '', '', ( #481 ) ) ;
#5487 = SURFACE_STYLE_FILL_AREA ( #1952 ) ;
#5488 = AXIS2_PLACEMENT_3D ( 'NONE', #1888, #4980, #3921 ) ;
#5489 = CARTESIAN_POINT ( 'NONE',  ( 0.000000000000000000, 0.2459999999999999964, 0.3985000000000000209 ) ) ;
#5490 = EDGE_CURVE ( 'NONE', #3492, #1221, #292, .T. ) ;
#5491 = CARTESIAN_POINT ( 'NONE',  ( 0.2392197034578240344, 0.9140486111097801958, -0.1277721520004636568 ) ) ;
#5492 = SURFACE_SIDE_STYLE ('',( #1683 ) ) ;
#5493 = MECHANICAL_DESIGN_GEOMETRIC_PRESENTATION_REPRESENTATION (  '', ( #4517 ), #4089 ) ;
#5494 =( GEOMETRIC_REPRESENTATION_CONTEXT ( 3 ) GLOBAL_UNCERTAINTY_ASSIGNED_CONTEXT ( ( #1958 ) ) GLOBAL_UNIT_ASSIGNED_CONTEXT ( ( #2897, #336, #1809 ) ) REPRESENTATION_CONTEXT ( 'NONE', 'WORKASPACE' ) );
#5495 = ORIENTED_EDGE ( 'NONE', *, *, #2475, .T. ) ;
#5496 = MECHANICAL_DESIGN_GEOMETRIC_PRESENTATION_REPRESENTATION (  '', ( #6206 ), #2769 ) ;
#5497 = CARTESIAN_POINT ( 'NONE',  ( -0.08849999999999995370, 0.2978420997299809914, -0.05184209972998106430 ) ) ;
#5498 = CARTESIAN_POINT ( 'NONE',  ( 0.2192759531039901733, 0.9314097222207140536, 0.06643878873168979071 ) ) ;
#5499 = EDGE_LOOP ( 'NONE', ( #6265, #3635, #1313, #75 ) ) ;
#5500 = CARTESIAN_POINT ( 'NONE',  ( -0.1786126751089574249, 0.9233981665409141115, 0.1535746080438217809 ) ) ;
#5501 = CARTESIAN_POINT ( 'NONE',  ( 0.2049038444459604646, 0.8341874999977415550, -0.1096090114120102238 ) ) ;
#5502 = FACE_OUTER_BOUND ( 'NONE', #6179, .T. ) ;
#5503 = CARTESIAN_POINT ( 'NONE',  ( 0.2183800536070582554, 0.9441376296327910200, -0.06875592777879306616 ) ) ;
#5504 = CARTESIAN_POINT ( 'NONE',  ( -0.2123336065114501126, 0.9097083333316705600, 0.08787631428141835788 ) ) ;
#5505 = CARTESIAN_POINT ( 'NONE',  ( 0.1618504736528557919, 0.9479027777763932017, -0.1617527251554947143 ) ) ;
#5506 = CARTESIAN_POINT ( 'NONE',  ( 0.000000000000000000, 0.3344999999999999640, 0.3985000000000000209 ) ) ;
#5507 = CARTESIAN_POINT ( 'NONE',  ( 0.1273406290549036479, 0.9322777777763320284, 0.1907034053761380299 ) ) ;
#5508 = PLANE ( 'NONE',  #5870 ) ;
#5509 = CARTESIAN_POINT ( 'NONE',  ( 0.2246334557396424958, 0.9027638888870130884, 0.1501940183114485183 ) ) ;
#5510 = FILL_AREA_STYLE_COLOUR ( '', #270 ) ;
#5511 = CARTESIAN_POINT ( 'NONE',  ( -0.04466077454911562827, 0.9565833333320631349, -0.2241439561653254253 ) ) ;
#5512 = ORIENTED_EDGE ( 'NONE', *, *, #2392, .F. ) ;
#5513 = DIRECTION ( 'NONE',  ( 0.000000000000000000, -1.000000000000000000, 0.000000000000000000 ) ) ;
#5514 = SURFACE_SIDE_STYLE ('',( #4191 ) ) ;
#5515 =( NAMED_UNIT ( * ) SI_UNIT ( $, .STERADIAN. ) SOLID_ANGLE_UNIT ( ) );
#5516 =( NAMED_UNIT ( * ) SI_UNIT ( $, .STERADIAN. ) SOLID_ANGLE_UNIT ( ) );
#5517 = DIRECTION ( 'NONE',  ( 0.000000000000000000, 1.000000000000000000, 0.000000000000000000 ) ) ;
#5518 = CARTESIAN_POINT ( 'NONE',  ( -0.2003607917962820784, 0.9455580164888973682, 0.1751752804989679391 ) ) ;
#5519 = DIRECTION ( 'NONE',  ( 0.000000000000000000, 0.000000000000000000, 1.000000000000000000 ) ) ;
#5520 = CARTESIAN_POINT ( 'NONE',  ( 0.2189465323548765996, 1.124986111110951592, 0.1461929251217283232 ) ) ;
#5521 = CARTESIAN_POINT ( 'NONE',  ( -0.09058962041372438379, 0.9102203823366534774, 0.2223258961054741800 ) ) ;
#5522 = DIRECTION ( 'NONE',  ( 1.000000000000000000, 0.000000000000000000, 0.000000000000000000 ) ) ;
#5523 = CARTESIAN_POINT ( 'NONE',  ( 0.07908331566064247253, 0.8654374999981996330, -0.2610064786585500896 ) ) ;
#5524 = UNCERTAINTY_MEASURE_WITH_UNIT (LENGTH_MEASURE( 1.000000000000000082E-05 ), #375, 'distance_accuracy_value', 'NONE');
#5525 = ADVANCED_FACE ( 'NONE', ( #2791, #4759 ), #4830, .F. ) ;
#5526 = ORIENTED_EDGE ( 'NONE', *, *, #2351, .T. ) ;
#5527 = CARTESIAN_POINT ( 'NONE',  ( 0.1417821647957110409, 1.115437499999945015, -0.1728767528217291516 ) ) ;
#5528 = CARTESIAN_POINT ( 'NONE',  ( 7.569307327944285225E-05, 0.8090138888864302213, 0.2329485766111874800 ) ) ;
#5529 = ORIENTED_EDGE ( 'NONE', *, *, #1978, .F. ) ;
#5530 = CARTESIAN_POINT ( 'NONE',  ( -3.572673985899805740E-17, 0.6847233372557268716, 0.3406366588218791569 ) ) ;
#5531 = CARTESIAN_POINT ( 'NONE',  ( -0.05383046311465089495, 0.9281616706426960572, 0.2277351477442024485 ) ) ;
#5532 = CARTESIAN_POINT ( 'NONE',  ( 0.2194852367312736530, 1.102416666666565348, -0.04358947005779378880 ) ) ;
#5533 = CARTESIAN_POINT ( 'NONE',  ( -0.1182302920933879231, 0.9446704167033765920, 0.2389548541774777490 ) ) ;
#5534 = CARTESIAN_POINT ( 'NONE',  ( -0.03392796113169098404, 0.8920613478701077126, 0.2660559612014155584 ) ) ;
#5535 = CARTESIAN_POINT ( 'NONE',  ( 0.02208114228884079308, 1.032104166665963607, 0.2248896473113318750 ) ) ;
#5536 = CARTESIAN_POINT ( 'NONE',  ( 0.000000000000000000, 0.2459999999999999964, -0.7970000000000000417 ) ) ;
#5537 = DIRECTION ( 'NONE',  ( -1.000000000000000000, 0.000000000000000000, -0.000000000000000000 ) ) ;
#5538 = CARTESIAN_POINT ( 'NONE',  ( -0.2503710395228749275, 0.8767222222200260484, -0.1037962219814735909 ) ) ;
#5539 = PRESENTATION_STYLE_ASSIGNMENT (( #2424 ) ) ;
#5540 = CARTESIAN_POINT ( 'NONE',  ( -0.2106727360616299505, 0.9722083333321492882, 0.08734377517680624869 ) ) ;
#5541 = ORIENTED_EDGE ( 'NONE', *, *, #1473, .T. ) ;
#5542 = CARTESIAN_POINT ( 'NONE',  ( -0.05999889605388630115, 1.002264942922638680, 0.2574771284185267128 ) ) ;
#5543 = PRESENTATION_STYLE_ASSIGNMENT (( #5438 ) ) ;
#5544 = FILL_AREA_STYLE_COLOUR ( '', #3670 ) ;
#5545 = PRESENTATION_STYLE_ASSIGNMENT (( #3509 ) ) ;
#5546 = CARTESIAN_POINT ( 'NONE',  ( 0.1871222033720920386, 0.9378548998232917322, -0.1358513221126416426 ) ) ;
#5547 = CARTESIAN_POINT ( 'NONE',  ( -0.1624356206809256242, 0.9472960840311648312, 0.2112874114242337398 ) ) ;
#5548 = CARTESIAN_POINT ( 'NONE',  ( 0.05133338348300958004, 1.142347222222225955, -0.2576615572705527324 ) ) ;
#5549 = FILL_AREA_STYLE ('',( #2569 ) ) ;
#5550 = FILL_AREA_STYLE ('',( #3813 ) ) ;
#5551 = AXIS2_PLACEMENT_3D ( 'NONE', #1759, #3806, #2852 ) ;
#5552 =( NAMED_UNIT ( * ) PLANE_ANGLE_UNIT ( ) SI_UNIT ( $, .RADIAN. ) );
#5553 = DIRECTION ( 'NONE',  ( 0.000000000000000000, 0.000000000000000000, 1.000000000000000000 ) ) ;
#5554 = CARTESIAN_POINT ( 'NONE',  ( 0.1763239491658568081, 0.9470183426519915848, -0.1441595225047291040 ) ) ;
#5555 = CARTESIAN_POINT ( 'NONE',  ( 0.2613730057240875038, 0.8515486111092610555, 0.07937339308839237717 ) ) ;
#5556 = CARTESIAN_POINT ( 'NONE',  ( 0.000000000000000000, 0.8170000000000000595, 0.000000000000000000 ) ) ;
#5557 = CIRCLE ( 'NONE', #3933, 0.2742930060464869868 ) ;
#5558 = VERTEX_POINT ( 'NONE', #3368 ) ;
#5559 = DIRECTION ( 'NONE',  ( -0.000000000000000000, -1.000000000000000000, -0.000000000000000000 ) ) ;
#5560 = CARTESIAN_POINT ( 'NONE',  ( 0.1731239254888185530, 1.101548611110940934, 0.1421665990570107341 ) ) ;
#5561 =( CONVERSION_BASED_UNIT ( 'INCH', #1286 ) LENGTH_UNIT ( ) NAMED_UNIT ( #3063 ) );
#5562 =( GEOMETRIC_REPRESENTATION_CONTEXT ( 3 ) GLOBAL_UNCERTAINTY_ASSIGNED_CONTEXT ( ( #2362 ) ) GLOBAL_UNIT_ASSIGNED_CONTEXT ( ( #5315, #5282, #369 ) ) REPRESENTATION_CONTEXT ( 'NONE', 'WORKASPACE' ) );
#5563 = CARTESIAN_POINT ( 'NONE',  ( 0.1642053575226510576, 0.8298472222199444470, -0.1643121146909063135 ) ) ;
#5564 = ORIENTED_EDGE ( 'NONE', *, *, #6028, .F. ) ;
#5565 = EDGE_CURVE ( 'NONE', #1236, #2957, #3626, .T. ) ;
#5566 = DIRECTION ( 'NONE',  ( 0.000000000000000000, 0.000000000000000000, -1.000000000000000000 ) ) ;
#5567 = DIRECTION ( 'NONE',  ( 1.000000000000000000, 0.000000000000000000, 0.000000000000000000 ) ) ;
#5568 = DIRECTION ( 'NONE',  ( -0.000000000000000000, -0.000000000000000000, 1.000000000000000000 ) ) ;
#5569 = AXIS2_PLACEMENT_3D ( 'NONE', #2795, #4367, #4366 ) ;
#5570 = CARTESIAN_POINT ( 'NONE',  ( 0.1054295829423655961, 1.110229166666638179, -0.1971017734416835032 ) ) ;
#5571 = CARTESIAN_POINT ( 'NONE',  ( -0.1822057217001154250, 0.9276076127914172353, -0.1947561425474230168 ) ) ;
#5572 = CARTESIAN_POINT ( 'NONE',  ( -0.2154884368670540173, 0.8055416666641759260, 0.08934027327521469608 ) ) ;
#5573 = LINE ( 'NONE', #79, #5787 ) ;
#5574 = DIRECTION ( 'NONE',  ( -0.000000000000000000, 1.000000000000000000, -0.000000000000000000 ) ) ;
#5575 = EDGE_CURVE ( 'NONE', #4724, #4639, #3327, .T. ) ;
#5576 = CARTESIAN_POINT ( 'NONE',  ( 0.1069430433491806026, 1.006062499999069271, -0.2002329778466671872 ) ) ;
#5577 = ORIENTED_EDGE ( 'NONE', *, *, #4563, .F. ) ;
#5578 = CARTESIAN_POINT ( 'NONE',  ( -0.2507042472762940899, 0.9875005430493465353, -0.08534934902729268691 ) ) ;
#5579 =( CONVERSION_BASED_UNIT ( 'INCH', #1655 ) LENGTH_UNIT ( ) NAMED_UNIT ( #4569 ) );
#5580 = SURFACE_STYLE_FILL_AREA ( #3543 ) ;
#5581 =( NAMED_UNIT ( * ) SI_UNIT ( $, .STERADIAN. ) SOLID_ANGLE_UNIT ( ) );
#5582 = CARTESIAN_POINT ( 'NONE',  ( -0.2492006500394263468, 0.9360095936040825348, -0.09427331574032793426 ) ) ;
#5583 = CARTESIAN_POINT ( 'NONE',  ( 0.1671328966855481768, 1.122381944444348134, 0.2035176801046981454 ) ) ;
#5584 = CARTESIAN_POINT ( 'NONE',  ( 0.2269056612669280160, 0.9163372272286469666, -0.1408192523691119136 ) ) ;
#5585 = CARTESIAN_POINT ( 'NONE',  ( -0.2053502243832913687, 1.085021423293332399, 0.09470308102637275960 ) ) ;
#5586 = CARTESIAN_POINT ( 'NONE',  ( -0.1937922078932989567, 0.8904450312189939876, -0.1523264965565727103 ) ) ;
#5587 = DIRECTION ( 'NONE',  ( 0.000000000000000000, 0.000000000000000000, 1.000000000000000000 ) ) ;
#5588 = SURFACE_STYLE_USAGE ( .BOTH. , #98 ) ;
#5589 = CARTESIAN_POINT ( 'NONE',  ( 0.2660891766185008445, 0.9114444444429994352, -0.05284437775394876941 ) ) ;
#5590 = SURFACE_SIDE_STYLE ('',( #3078 ) ) ;
#5591 = COLOUR_RGB ( '',0.1019607843137254888, 0.1019607843137254888, 0.1019607843137254888 ) ;
#5592 = UNCERTAINTY_MEASURE_WITH_UNIT (LENGTH_MEASURE( 1.000000000000000082E-05 ), #812, 'distance_accuracy_value', 'NONE');
#5593 = VERTEX_POINT ( 'NONE', #4536 ) ;
#5594 = CARTESIAN_POINT ( 'NONE',  ( 0.000000000000000000, 0.2459999999999999964, 0.000000000000000000 ) ) ;
#5595 = CARTESIAN_POINT ( 'NONE',  ( 0.000000000000000000, 0.8170000000000000595, 0.000000000000000000 ) ) ;
#5596 = CARTESIAN_POINT ( 'NONE',  ( 0.1054295829423655961, 1.117173611111138110, -0.1971017734416835032 ) ) ;
#5597 = AXIS2_PLACEMENT_3D ( 'NONE', #1725, #4809, #3405 ) ;
#5598 = CARTESIAN_POINT ( 'NONE',  ( 0.1096853864922970323, 0.8133541666642668533, 0.2053562052429609153 ) ) ;
#5599 = ORIENTED_EDGE ( 'NONE', *, *, #5997, .T. ) ;
#5600 = FACE_OUTER_BOUND ( 'NONE', #1502, .T. ) ;
#5601 = CARTESIAN_POINT ( 'NONE',  ( -0.2123336065016578622, 0.9166527777761881435, 0.08787631430970326007 ) ) ;
#5602 =( NAMED_UNIT ( * ) SI_UNIT ( $, .STERADIAN. ) SOLID_ANGLE_UNIT ( ) );
#5603 = EDGE_CURVE ( 'NONE', #5817, #4543, #4172, .T. ) ;
#5604 = CARTESIAN_POINT ( 'NONE',  ( -0.1725918398996689751, 0.8163772232184468569, 0.2409907135958725133 ) ) ;
#5605 = CARTESIAN_POINT ( 'NONE',  ( -0.1941475422367987258, 0.7968611111085508458, -0.1298101505071691808 ) ) ;
#5606 = CARTESIAN_POINT ( 'NONE',  ( 0.04521311284295273514, 0.8419999999978021732, -0.2276883482950386450 ) ) ;
#5607 = CARTESIAN_POINT ( 'NONE',  ( -0.1592798545811942024, 0.8875576985476032466, 0.2159595986970689052 ) ) ;
#5608 = CARTESIAN_POINT ( 'NONE',  ( -0.1615465551936290378, 0.9617916666654119373, -0.1614415320397799003 ) ) ;
#5609 = CARTESIAN_POINT ( 'NONE',  ( -0.02208114228884063002, 1.030368055554869544, 0.2249436911836751318 ) ) ;
#5610 =( GEOMETRIC_REPRESENTATION_CONTEXT ( 3 ) GLOBAL_UNCERTAINTY_ASSIGNED_CONTEXT ( ( #5906 ) ) GLOBAL_UNIT_ASSIGNED_CONTEXT ( ( #4663, #2740, #1200 ) ) REPRESENTATION_CONTEXT ( 'NONE', 'WORKASPACE' ) );
#5611 = DIRECTION ( 'NONE',  ( 4.009914850492884856E-16, 0.000000000000000000, -1.000000000000000000 ) ) ;
#5612 = EDGE_CURVE ( 'NONE', #2730, #823, #5557, .T. ) ;
#5613 = CARTESIAN_POINT ( 'NONE',  ( 0.1261881097686093633, 1.005194444443624491, -0.1887304535006039952 ) ) ;
#5614 = ORIENTED_EDGE ( 'NONE', *, *, #4612, .F. ) ;
#5615 = CARTESIAN_POINT ( 'NONE',  ( -0.01729034204587846443, 1.003714487581471193, 0.2641877143402732164 ) ) ;
#5616 =( CONVERSION_BASED_UNIT ( 'INCH', #2662 ) LENGTH_UNIT ( ) NAMED_UNIT ( #2809 ) );
#5617 =( LENGTH_UNIT ( ) NAMED_UNIT ( * ) SI_UNIT ( $, .METRE. ) );
#5618 = ADVANCED_FACE ( 'NONE', ( #1949 ), #5012, .T. ) ;
#5619 = CARTESIAN_POINT ( 'NONE',  ( 0.000000000000000000, 0.2459999999999999964, 0.7970000000000000417 ) ) ;
#5620 = LINE ( 'NONE', #5121, #277 ) ;
#5621 = CARTESIAN_POINT ( 'NONE',  ( -0.2152539196539934863, 0.8921705518116544997, -0.1189392688092513056 ) ) ;
#5622 = CARTESIAN_POINT ( 'NONE',  ( -0.05294487177504014069, 0.8940833333317542708, 0.2666223324783418280 ) ) ;
#5623 = CARTESIAN_POINT ( 'NONE',  ( 0.2367256883141894697, 1.022219047100839884, -0.1163046028400444992 ) ) ;
#5624 = CARTESIAN_POINT ( 'NONE',  ( -0.2365162920220722220, 1.046281809567262577, -0.1159978425244699712 ) ) ;
#5625 = EDGE_LOOP ( 'NONE', ( #6283, #852 ) ) ;
#5626 = CARTESIAN_POINT ( 'NONE',  ( -0.2154884368680952678, 0.7985972222196489057, 0.08934027327407337293 ) ) ;
#5627 = EDGE_LOOP ( 'NONE', ( #5155, #3838, #3764, #1728, #3997 ) ) ;
#5628 = PRESENTATION_STYLE_ASSIGNMENT (( #4477 ) ) ;
#5629 = CARTESIAN_POINT ( 'NONE',  ( -0.2287808060387163944, 0.9140486111094855426, 0.02246315590204924981 ) ) ;
#5630 = CARTESIAN_POINT ( 'NONE',  ( -0.1885078545230737812, 0.9228950745447790371, 0.1415253760347970624 ) ) ;
#5631 = CARTESIAN_POINT ( 'NONE',  ( -0.2310617223096006756, 0.9302024396620068858, -0.1338751596658322995 ) ) ;
#5632 = SURFACE_STYLE_USAGE ( .BOTH. , #4584 ) ;
#5633 = CARTESIAN_POINT ( 'NONE',  ( 0.2280865096612854082, 0.8281111111088447219, 0.04544089840983736583 ) ) ;
#5634 = CARTESIAN_POINT ( 'NONE',  ( 0.000000000000000000, 0.6583750000000000435, 0.000000000000000000 ) ) ;
#5635 = CARTESIAN_POINT ( 'NONE',  ( 0.02233581802998111515, 0.9539791666652887026, -0.2275377969994674676 ) ) ;
#5636 = CARTESIAN_POINT ( 'NONE',  ( -0.2165827222539041808, 1.019951388888072463, 0.06577658736652250426 ) ) ;
#5637 =( CONVERSION_BASED_UNIT ( 'INCH', #4082 ) LENGTH_UNIT ( ) NAMED_UNIT ( #4952 ) );
#5638 = SURFACE_STYLE_FILL_AREA ( #5050 ) ;
#5639 = FILL_AREA_STYLE_COLOUR ( '', #5204 ) ;
#5640 = EDGE_CURVE ( 'NONE', #761, #4434, #2082, .T. ) ;
#5641 = CARTESIAN_POINT ( 'NONE',  ( 0.2518783787665196949, 1.127590277777644756, 0.07631746251877490061 ) ) ;
#5642 = CARTESIAN_POINT ( 'NONE',  ( 0.1185355770075364745, 0.9212515394350594411, -0.2396169185450543193 ) ) ;
#5643 = CARTESIAN_POINT ( 'NONE',  ( -0.2949999999999999845, 0.6847233372557268716, -0.1703183294109396340 ) ) ;
#5644 = SURFACE_STYLE_FILL_AREA ( #2702 ) ;
#5645 =( NAMED_UNIT ( * ) SI_UNIT ( $, .STERADIAN. ) SOLID_ANGLE_UNIT ( ) );
#5646 = CARTESIAN_POINT ( 'NONE',  ( 0.2422036075926970455, 0.8029374999976963689, -0.1295611918348739677 ) ) ;
#5647 = CARTESIAN_POINT ( 'NONE',  ( 0.1394199028453159961, 1.009208440691895525, 0.2243672833287689850 ) ) ;
#5648 = AXIS2_PLACEMENT_3D ( 'NONE', #2998, #2618, #4041 ) ;
#5649 = DIMENSIONAL_EXPONENTS ( 1.000000000000000000, 0.000000000000000000, 0.000000000000000000, 0.000000000000000000, 0.000000000000000000, 0.000000000000000000, 0.000000000000000000 ) ;
#5650 = UNCERTAINTY_MEASURE_WITH_UNIT (LENGTH_MEASURE( 1.000000000000000082E-05 ), #4436, 'distance_accuracy_value', 'NONE');
#5651 = CARTESIAN_POINT ( 'NONE',  ( -0.2542241790390985523, 1.048034044161716194, -0.06717951205853274488 ) ) ;
#5652 = COLOUR_RGB ( '',0.1019607843137254888, 0.1019607843137254888, 0.1019607843137254888 ) ;
#5653 = ORIENTED_EDGE ( 'NONE', *, *, #1242, .T. ) ;
#5654 = DIRECTION ( 'NONE',  ( -0.000000000000000000, -0.000000000000000000, 1.000000000000000000 ) ) ;
#5655 = CARTESIAN_POINT ( 'NONE',  ( -0.1086633841797907812, 0.4314999999999999392, 0.1854999999999998594 ) ) ;
#5656 = CARTESIAN_POINT ( 'NONE',  ( -0.08884114874294150865, 0.8402638888866311717, -0.2142845116722334187 ) ) ;
#5657 = CIRCLE ( 'NONE', #6269, 0.2949999999999999845 ) ;
#5658 = PRESENTATION_STYLE_ASSIGNMENT (( #630 ) ) ;
#5659 = CARTESIAN_POINT ( 'NONE',  ( 0.2649370415675398327, 0.9062361111091752353, 0.05261019595385835190 ) ) ;
#5660 = FILL_AREA_STYLE ('',( #2900 ) ) ;
#5661 = CARTESIAN_POINT ( 'NONE',  ( 0.06897970249711762869, 0.9741891332846311924, -0.2565667801881583721 ) ) ;
#5662 = AXIS2_PLACEMENT_3D ( 'NONE', #1743, #2773, #2832 ) ;
#5663 = FACE_OUTER_BOUND ( 'NONE', #6247, .T. ) ;
#5664 = CARTESIAN_POINT ( 'NONE',  ( -0.2217705291340493490, 0.8550208333312213638, -0.06719465588942166723 ) ) ;
#5665 = PRESENTATION_STYLE_ASSIGNMENT (( #2245 ) ) ;
#5666 = CONICAL_SURFACE ( 'NONE', #762, 0.2949999999999999845, 1.047197551196600074 ) ;
#5667 = SURFACE_STYLE_USAGE ( .BOTH. , #4836 ) ;
#5668 = CARTESIAN_POINT ( 'NONE',  ( -0.1996082525401828012, 1.021687499999260673, 0.1066153589304676685 ) ) ;
#5669 = DIMENSIONAL_EXPONENTS ( 1.000000000000000000, 0.000000000000000000, 0.000000000000000000, 0.000000000000000000, 0.000000000000000000, 0.000000000000000000, 0.000000000000000000 ) ;
#5670 = B_SPLINE_CURVE_WITH_KNOTS ( 'NONE', 3,
 ( #1127, #3106, #4824, #5831, #5744, #5805 ),
 .UNSPECIFIED., .F., .F.,
 ( 4, 2, 4 ),
 ( 0.007926701928083566134, 0.01011595040263158982, 0.01230519887717961523 ),
 .UNSPECIFIED. ) ;
#5671 = CONICAL_SURFACE ( 'NONE', #5860, 0.2949999999999999845, 1.047197551196600074 ) ;
#5672 = CARTESIAN_POINT ( 'NONE',  ( 0.1371954309391362203, 0.9015616347548004450, -0.2004226254203676783 ) ) ;
#5673 = COLOUR_RGB ( '',0.1019607843137254888, 0.1019607843137254888, 0.1019607843137254888 ) ;
#5674 = CARTESIAN_POINT ( 'NONE',  ( 0.03045625345643604778, 0.9157236323663791033, 0.2364502570635630130 ) ) ;
#5675 = CIRCLE ( 'NONE', #3445, 0.2460000000000002462 ) ;
#5676 = SURFACE_STYLE_FILL_AREA ( #6142 ) ;
#5677 = CARTESIAN_POINT ( 'NONE',  ( -0.1924287648735297507, 0.8558888888867224320, 0.1286672723349055192 ) ) ;
#5678 = VERTEX_POINT ( 'NONE', #211 ) ;
#5679 = CARTESIAN_POINT ( 'NONE',  ( 0.000000000000000000, 0.8170000000000000595, 0.000000000000000000 ) ) ;
#5680 = CARTESIAN_POINT ( 'NONE',  ( -0.2101158479162428538, 1.080209778020665867, -0.09658174943272060387 ) ) ;
#5681 = EDGE_CURVE ( 'NONE', #2241, #2772, #5657, .T. ) ;
#5682 = CARTESIAN_POINT ( 'NONE',  ( 0.2229738437384844452, 0.9878333333323221499, 0.04442225908321116579 ) ) ;
#5683 =( LENGTH_UNIT ( ) NAMED_UNIT ( * ) SI_UNIT ( $, .METRE. ) );
#5684 = CARTESIAN_POINT ( 'NONE',  ( -0.1088818824299727650, 0.8938410468631450279, 0.2448534863308328979 ) ) ;
#5685 = CARTESIAN_POINT ( 'NONE',  ( -0.02672350012527167570, 0.8393958333313249476, 0.2722303599438332111 ) ) ;
#5686 =( GEOMETRIC_REPRESENTATION_CONTEXT ( 3 ) GLOBAL_UNCERTAINTY_ASSIGNED_CONTEXT ( ( #3334 ) ) GLOBAL_UNIT_ASSIGNED_CONTEXT ( ( #1239, #6195, #4644 ) ) REPRESENTATION_CONTEXT ( 'NONE', 'WORKASPACE' ) );
#5687 = CARTESIAN_POINT ( 'NONE',  ( 0.2019074336215467003, 0.9452986111097595456, -0.1078433699526555184 ) ) ;
#5688 = SURFACE_SIDE_STYLE ('',( #756 ) ) ;
#5689 = CARTESIAN_POINT ( 'NONE',  ( -0.1607902529183537765, 1.042231184902555174, -0.2088311508987114595 ) ) ;
#5691 = EDGE_CURVE ( 'NONE', #2727, #2944, #633, .T. ) ;
#5690 = ORIENTED_EDGE ( 'NONE', *, *, #2469, .T. ) ;
#5692 = CARTESIAN_POINT ( 'NONE',  ( 0.02621067946420806843, 1.063354166666425238, 0.2652417974245186993 ) ) ;
#5693 = FACE_OUTER_BOUND ( 'NONE', #525, .T. ) ;
#5694 = CARTESIAN_POINT ( 'NONE',  ( -0.1038840886525079221, 0.8697777777755960615, -0.2505691926126767943 ) ) ;
#5695 = MECHANICAL_DESIGN_GEOMETRIC_PRESENTATION_REPRESENTATION (  '', ( #3372 ), #686 ) ;
#5696 = CARTESIAN_POINT ( 'NONE',  ( 0.1753845767780241871, 0.9701449264003350059, -0.1997330450605254715 ) ) ;
#5697 = CARTESIAN_POINT ( 'NONE',  ( -0.1652339678570066417, 0.7951249999974187022, -0.1651266326801968110 ) ) ;
#5698 = CARTESIAN_POINT ( 'NONE',  ( 0.1741693366560060907, 1.051201388888373556, -0.1430319272784303652 ) ) ;
#5699 = CARTESIAN_POINT ( 'NONE',  ( -0.1201019130608975832, 1.036252294929702611, -0.2344434011658818873 ) ) ;
#5700 = CARTESIAN_POINT ( 'NONE',  ( 0.04435104445751449770, 0.9774166666655286217, 0.2233202145757615664 ) ) ;
#5701 = CONICAL_SURFACE ( 'NONE', #2861, 0.2184132259077137539, 0.8165173839605074368 ) ;
#5702 = B_SPLINE_CURVE_WITH_KNOTS ( 'NONE', 3,
 ( #5554, #3424, #4503, #1894, #2536, #29, #3868, #5411, #3046, #1419 ),
 .UNSPECIFIED., .F., .F.,
 ( 4, 2, 2, 2, 4 ),
 ( 6.186174933792171595E-14, 0.001262908537608169006, 0.002525817075154476038, 0.003788725612700783504, 0.005051634150247090969 ),
 .UNSPECIFIED. ) ;
#5703 = CARTESIAN_POINT ( 'NONE',  ( -0.1173274285912152132, 1.004586931520102366, 0.2373102020189917505 ) ) ;
#5704 = AXIS2_PLACEMENT_3D ( 'NONE', #3983, #6373, #5611 ) ;
#5705 = CARTESIAN_POINT ( 'NONE',  ( -0.1980086132040507763, 1.084187499999746729, 0.1059206528946687875 ) ) ;
#5706 = CIRCLE ( 'NONE', #3477, 0.2017149606299212250 ) ;
#5707 = DIRECTION ( 'NONE',  ( -0.000000000000000000, -0.000000000000000000, 1.000000000000000000 ) ) ;
#5708 = CARTESIAN_POINT ( 'NONE',  ( 2.228857174448183448E-17, 0.8170000000000000595, -0.1820000000000000229 ) ) ;
#5709 = CARTESIAN_POINT ( 'NONE',  ( 0.07735924695639902204, 1.030368055554683027, -0.2547407438328638252 ) ) ;
#5710 = CARTESIAN_POINT ( 'NONE',  ( -0.2316452880658841640, 0.8506805555533294427, 7.528439286457396808E-05 ) ) ;
#5711 = ORIENTED_EDGE ( 'NONE', *, *, #416, .F. ) ;
#5712 = PRESENTATION_STYLE_ASSIGNMENT (( #350 ) ) ;
#5713 = CARTESIAN_POINT ( 'NONE',  ( -0.2213608879617160186, 1.081045997270439818, -0.06377641346053238014 ) ) ;
#5714 = ORIENTED_EDGE ( 'NONE', *, *, #1856, .F. ) ;
#5715 = CARTESIAN_POINT ( 'NONE',  ( 0.1065353793338902760, 1.035576388888221455, 0.1991578183939457514 ) ) ;
#5716 = CARTESIAN_POINT ( 'NONE',  ( -0.2438963628050658805, 0.8979503482370680967, 0.008776746323842956124 ) ) ;
#5717 =( NAMED_UNIT ( * ) PLANE_ANGLE_UNIT ( ) SI_UNIT ( $, .RADIAN. ) );
#5718 = CARTESIAN_POINT ( 'NONE',  ( -0.02706515770333307869, 0.7838402777753423756, 0.2739433583074783463 ) ) ;
#5719 = CARTESIAN_POINT ( 'NONE',  ( 0.000000000000000000, 0.2459999999999999964, -0.7418818897637792231 ) ) ;
#5720 = PRODUCT_DEFINITION_CONTEXT ( 'detailed design', #5290, 'design' ) ;
#5721 = CARTESIAN_POINT ( 'NONE',  ( 0.2003070236217686095, 1.000854166665749556, -0.1071501057243951227 ) ) ;
#5722 = CARTESIAN_POINT ( 'NONE',  ( 0.000000000000000000, 0.2459999999999999964, 0.000000000000000000 ) ) ;
#5723 = ORIENTED_EDGE ( 'NONE', *, *, #5759, .F. ) ;
#5724 = CARTESIAN_POINT ( 'NONE',  ( -8.095371835540092975E-05, 1.062486111110874543, 0.2665613534229806514 ) ) ;
#5725 = DIMENSIONAL_EXPONENTS ( 1.000000000000000000, 0.000000000000000000, 0.000000000000000000, 0.000000000000000000, 0.000000000000000000, 0.000000000000000000, 0.000000000000000000 ) ;
#5726 = EDGE_CURVE ( 'NONE', #714, #2746, #1871, .T. ) ;
#5727 = DIRECTION ( 'NONE',  ( 0.000000000000000000, 0.4999999999999979461, -0.8660254037844397068 ) ) ;
#5728 = CARTESIAN_POINT ( 'NONE',  ( -0.1512590245215630902, 0.8333194444419230740, 0.2265336355424163728 ) ) ;
#5729 =( LENGTH_UNIT ( ) NAMED_UNIT ( * ) SI_UNIT ( $, .METRE. ) );
#5730 = ORIENTED_EDGE ( 'NONE', *, *, #5179, .T. ) ;
#5731 = CARTESIAN_POINT ( 'NONE',  ( 0.01730993075079433757, 0.9759356536467408416, -0.2646300791774400807 ) ) ;
#5732 = FACE_OUTER_BOUND ( 'NONE', #1223, .T. ) ;
#5733 = DIRECTION ( 'NONE',  ( -0.000000000000000000, 1.000000000000000000, -0.000000000000000000 ) ) ;
#5734 = B_SPLINE_CURVE_WITH_KNOTS ( 'NONE', 3,
 ( #5138, #1648, #265, #824, #732, #3185, #4239, #3621, #2275, #182, #4141, #1742, #6193, #700, #1268, #3717, #2801, #3276, #5281, #2685, #6160, #2713, #2140, #1677, #4113, #6266, #1717, #2242, #4739, #3657, #5207, #1771, #5696, #4207, #6130, #3748, #1209, #5661, #2207, #4708, #5731, #5175, #4642 ),
 .UNSPECIFIED., .F., .F.,
 ( 4, 2, 2, 2, 2, 2, 2, 2, 2, 2, 2, 2, 2, 2, 1, 2, 2, 2, 2, 2, 2, 4 ),
 ( 0.1009672878813887564, 0.1022855618306217768, 0.1036038357798548110, 0.1049221097290878313, 0.1055812467037043484, 0.1062403836783208655, 0.1075586576275538858, 0.1088769315767869200, 0.1095360685514034371, 0.1101952055260199542, 0.1115134794752529745, 0.1128317534244860088, 0.1141500273737190430, 0.1148091643483355601, 0.1154683013229520772, 0.1161274382975685943, 0.1167865752721851114, 0.1181048492214181317, 0.1194231231706511520, 0.1207413971198841862, 0.1214005340945007033, 0.1220596710691172204 ),
 .UNSPECIFIED. ) ;
#5735 = CARTESIAN_POINT ( 'NONE',  ( -0.1992842395716816484, 1.001118184372148168, 0.1744179459654061071 ) ) ;
#5736 = DIRECTION ( 'NONE',  ( 1.000000000000000000, 0.000000000000000000, 0.000000000000000000 ) ) ;
#5737 = CARTESIAN_POINT ( 'NONE',  ( -0.1624371430028451746, 1.086570235335336809, 0.1545656903690108275 ) ) ;
#5738 = CARTESIAN_POINT ( 'NONE',  ( 0.2008358465749674193, 0.9253137421696733256, 0.1218888425973201628 ) ) ;
#5739 = CARTESIAN_POINT ( 'NONE',  ( -0.2605689078533237057, 1.048597222221426817, 0.05174812756565316807 ) ) ;
#5740 = PRESENTATION_STYLE_ASSIGNMENT (( #3741 ) ) ;
#5741 = CARTESIAN_POINT ( 'NONE',  ( 0.1633902615429814187, 0.8715138888869276013, 0.1632840823362416149 ) ) ;
#5742 = ORIENTED_EDGE ( 'NONE', *, *, #1523, .F. ) ;
#5743 = CARTESIAN_POINT ( 'NONE',  ( -0.2949999999999999845, 0.8170000000000000595, -5.914624404477005089E-17 ) ) ;
#5744 = CARTESIAN_POINT ( 'NONE',  ( 0.2949999999999999845, 0.8170000000000001705, -0.02880520499906355850 ) ) ;
#5745 = VERTEX_POINT ( 'NONE', #240 ) ;
#5746 = CARTESIAN_POINT ( 'NONE',  ( 0.1967463113300757793, 1.068608221828188265, -0.1433721590636307663 ) ) ;
#5747 = CARTESIAN_POINT ( 'NONE',  ( -0.2531621688278127280, 0.8229027777756292572, -0.1049533712029781934 ) ) ;
#5748 = FILL_AREA_STYLE ('',( #254 ) ) ;
#5749 = CARTESIAN_POINT ( 'NONE',  ( 0.2005493890899981424, 0.9921736111100728506, 0.1072737621637920857 ) ) ;
#5750 = ORIENTED_EDGE ( 'NONE', *, *, #1473, .F. ) ;
#5751 = CARTESIAN_POINT ( 'NONE',  ( 0.05241695139728103081, 1.008666666666041323, 0.2630730833309978256 ) ) ;
#5752 = CIRCLE ( 'NONE', #327, 0.2017149606299215026 ) ;
#5753 = CARTESIAN_POINT ( 'NONE',  ( -0.2517731178080186982, 0.8281111111085920351, 0.1043832131821175457 ) ) ;
#5754 = EDGE_LOOP ( 'NONE', ( #2862, #3808, #5417, #2768 ) ) ;
#5755 = CARTESIAN_POINT ( 'NONE',  ( -0.2017149606299215026, 0.2460000000000000242, -0.7970000000000000417 ) ) ;
#5756 = DIRECTION ( 'NONE',  ( 0.000000000000000000, -1.000000000000000000, 3.667407320606400744E-18 ) ) ;
#5757 = LENGTH_MEASURE_WITH_UNIT ( LENGTH_MEASURE( 0.02539999999999999897 ), #1271 );
#5758 = CARTESIAN_POINT ( 'NONE',  ( -0.1854999999999997762, 0.2460000000000000242, 0.3985000000000000209 ) ) ;
#5759 = EDGE_CURVE ( 'NONE', #486, #6039, #1832, .T. ) ;
#5760 = CARTESIAN_POINT ( 'NONE',  ( -0.02239314249964251616, 0.9748124999988406758, 0.2266596105396600502 ) ) ;
#5761 = DIMENSIONAL_EXPONENTS ( 1.000000000000000000, 0.000000000000000000, 0.000000000000000000, 0.000000000000000000, 0.000000000000000000, 0.000000000000000000, 0.000000000000000000 ) ;
#5762 =( GEOMETRIC_REPRESENTATION_CONTEXT ( 3 ) GLOBAL_UNCERTAINTY_ASSIGNED_CONTEXT ( ( #3645 ) ) GLOBAL_UNIT_ASSIGNED_CONTEXT ( ( #5116, #5055, #4982 ) ) REPRESENTATION_CONTEXT ( 'NONE', 'WORKASPACE' ) );
#5763 = CIRCLE ( 'NONE', #1265, 0.08849999999999999534 ) ;
#5764 = CARTESIAN_POINT ( 'NONE',  ( -0.1171311517669628016, 0.9849233290628615078, -0.2376130890047493949 ) ) ;
#5765 = DIRECTION ( 'NONE',  ( 0.000000000000000000, -0.4999999999999979461, 0.8660254037844397068 ) ) ;
#5766 = CARTESIAN_POINT ( 'NONE',  ( -0.1480996561144022894, 1.087327575225386811, 0.1672356126353821970 ) ) ;
#5767 = ADVANCED_FACE ( 'NONE', ( #2216 ), #6054, .T. ) ;
#5768 = B_SPLINE_CURVE_WITH_KNOTS ( 'NONE', 3,
 ( #885, #1842, #2374, #334, #3344, #1332, #1544, #3784, #6400, #2312, #3307, #2347, #5317, #3879 ),
 .UNSPECIFIED., .F., .F.,
 ( 4, 2, 2, 2, 2, 2, 4 ),
 ( 0.03374576683466816440, 0.03462704070345708207, 0.03550831457224600668, 0.03638958844103492435, 0.03727086230982384202, 0.03903341004740168430, 0.04079595778497951963 ),
 .UNSPECIFIED. ) ;
#5769 = CARTESIAN_POINT ( 'NONE',  ( 0.2307769490952580049, 0.8784583333314095466, 6.973172250874314190E-05 ) ) ;
#5770 = ORIENTED_EDGE ( 'NONE', *, *, #3219, .T. ) ;
#5771 =( LENGTH_UNIT ( ) NAMED_UNIT ( * ) SI_UNIT ( $, .METRE. ) );
#5772 = SURFACE_STYLE_FILL_AREA ( #1730 ) ;
#5773 = ORIENTED_EDGE ( 'NONE', *, *, #2718, .F. ) ;
#5774 = CONICAL_SURFACE ( 'NONE', #567, 0.2699999999999996292, 0.03111922056305896356 ) ;
#5775 = CARTESIAN_POINT ( 'NONE',  ( 0.01258349432622007415, 1.087533149656352061, 0.2229010390517529305 ) ) ;
#5776 = AXIS2_PLACEMENT_3D ( 'NONE', #189, #3128, #1603 ) ;
#5777 = CARTESIAN_POINT ( 'NONE',  ( 0.03226214629097530484, 1.073098198556693417, -0.2368900637583899182 ) ) ;
#5778 = CARTESIAN_POINT ( 'NONE',  ( -0.2545642471123655270, 0.7742916666641681545, 0.1055403624043463467 ) ) ;
#5779 = AXIS2_PLACEMENT_3D ( 'NONE', #3201, #2159, #5160 ) ;
#5780 = UNCERTAINTY_MEASURE_WITH_UNIT (LENGTH_MEASURE( 1.000000000000000082E-05 ), #5561, 'distance_accuracy_value', 'NONE');
#5781 = CARTESIAN_POINT ( 'NONE',  ( -0.1077648321410559912, 0.9591874999987044514, -0.2014562288333941742 ) ) ;
#5782 = ORIENTED_EDGE ( 'NONE', *, *, #3256, .T. ) ;
#5783 = FILL_AREA_STYLE_COLOUR ( '', #1180 ) ;
#5784 = CARTESIAN_POINT ( 'NONE',  ( 0.03214063011069817621, 1.057040939488947062, 0.2541140567527210292 ) ) ;
#5785 = CARTESIAN_POINT ( 'NONE',  ( 0.2058145068407689071, 1.070298611110894305, 0.1690122267294784375 ) ) ;
#5786 = CARTESIAN_POINT ( 'NONE',  ( -0.2203094567415762595, 1.081583333333062891, 0.04389679500422110497 ) ) ;
#5787 = VECTOR ( 'NONE', #1177, 39.37007874015748143 ) ;
#5788 = ORIENTED_EDGE ( 'NONE', *, *, #2827, .F. ) ;
#5789 = SURFACE_SIDE_STYLE ('',( #766 ) ) ;
#5790 = CARTESIAN_POINT ( 'NONE',  ( -7.324083550958645356E-05, 1.059013888888408195, -0.2251288453748760965 ) ) ;
#5791 = CARTESIAN_POINT ( 'NONE',  ( -0.1615465551912184106, 0.9548472222209410942, -0.1614415320410009791 ) ) ;
#5792 = AXIS2_PLACEMENT_3D ( 'NONE', #3622, #2996, #3977 ) ;
#5793 = EDGE_CURVE ( 'NONE', #643, #1014, #335, .T. ) ;
#5794 = CARTESIAN_POINT ( 'NONE',  ( -0.1636941800044963979, 0.8645694444424857350, 0.1635952754539350407 ) ) ;
#5795 = CIRCLE ( 'NONE', #2663, 0.2949999999999999845 ) ;
#5796 = CARTESIAN_POINT ( 'NONE',  ( 2.271719812418340408E-17, 0.6583750000000000435, -0.1854999999999999982 ) ) ;
#5797 = CARTESIAN_POINT ( 'NONE',  ( 0.01310838442213426054, 0.9056989689204358873, -0.2411799579621995704 ) ) ;
#5798 = AXIS2_PLACEMENT_3D ( 'NONE', #5594, #5654, #4065 ) ;
#5799 = ADVANCED_FACE ( 'NONE', ( #2939, #451 ), #484, .F. ) ;
#5800 = CARTESIAN_POINT ( 'NONE',  ( -0.2455553387279332256, 1.043388888888093335, -0.1017997238543724425 ) ) ;
#5801 = COLOUR_RGB ( '',0.1019607843137254888, 0.1019607843137254888, 0.1019607843137254888 ) ;
#5802 = CARTESIAN_POINT ( 'NONE',  ( -0.02230757244869531822, 1.011270833332491570, -0.2257398863757557328 ) ) ;
#5803 = ORIENTED_EDGE ( 'NONE', *, *, #4203, .F. ) ;
#5804 = FACE_BOUND ( 'NONE', #1694, .T. ) ;
#5805 = CARTESIAN_POINT ( 'NONE',  ( 0.2949999999999999845, 0.8170000000000000595, 1.182924880895401018E-16 ) ) ;
#5806 = ORIENTED_EDGE ( 'NONE', *, *, #6339, .T. ) ;
#5807 =( NAMED_UNIT ( * ) SI_UNIT ( $, .STERADIAN. ) SOLID_ANGLE_UNIT ( ) );
#5808 =( CONVERSION_BASED_UNIT ( 'INCH', #4923 ) LENGTH_UNIT ( ) NAMED_UNIT ( #121 ) );
#5809 = FACE_OUTER_BOUND ( 'NONE', #3682, .T. ) ;
#5810 = PRESENTATION_STYLE_ASSIGNMENT (( #787 ) ) ;
#5811 = CARTESIAN_POINT ( 'NONE',  ( 0.2229738437464609813, 0.9947777777768419538, 0.04442225905378509310 ) ) ;
#5812 = VERTEX_POINT ( 'NONE', #3369 ) ;
#5813 = DIRECTION ( 'NONE',  ( -0.8660254037844385966, 0.000000000000000000, 0.4999999999999998890 ) ) ;
#5814 = CARTESIAN_POINT ( 'NONE',  ( -0.2617949168518883818, 1.050333333332933661, 0.05216229155832284581 ) ) ;
#5815 = CARTESIAN_POINT ( 'NONE',  ( 0.1089942849708507022, 0.8758541666646698642, 0.2037546392507345594 ) ) ;
#5816 = CARTESIAN_POINT ( 'NONE',  ( -0.2105680547614424969, 0.8307152777752261352, 0.1729226907228684496 ) ) ;
#5817 = VERTEX_POINT ( 'NONE', #1951 ) ;
#5818 = CARTESIAN_POINT ( 'NONE',  ( -0.1381249882132429274, 0.8864444444450003679, -0.2068648036302099813 ) ) ;
#5819 = CARTESIAN_POINT ( 'NONE',  ( -0.1060013533867987107, 1.063354166666140133, -0.1984586620113178435 ) ) ;
#5820 = CARTESIAN_POINT ( 'NONE',  ( -0.1077648321384909597, 0.9522430555542418240, -0.2014562288336743945 ) ) ;
#5821 =( LENGTH_UNIT ( ) NAMED_UNIT ( * ) SI_UNIT ( $, .METRE. ) );
#5822 = SURFACE_STYLE_USAGE ( .BOTH. , #5850 ) ;
#5823 = CARTESIAN_POINT ( 'NONE',  ( -0.2123336065114501126, 0.9166527777761706020, 0.08787631428141835788 ) ) ;
#5824 = CARTESIAN_POINT ( 'NONE',  ( 0.2466615795479786821, 0.6700773127001642404, 0.1982265294711154091 ) ) ;
#5825 = DIRECTION ( 'NONE',  ( -0.000000000000000000, -0.000000000000000000, 1.000000000000000000 ) ) ;
#5826 = CARTESIAN_POINT ( 'NONE',  ( 0.06594526357977072151, 1.007798611110266807, -0.2171563175966801373 ) ) ;
#5827 = CARTESIAN_POINT ( 'NONE',  ( 0.000000000000000000, 0.8170000000000000595, 0.000000000000000000 ) ) ;
#5828 = CARTESIAN_POINT ( 'NONE',  ( -0.2486277152654788603, 0.9392222222206043636, 0.1028964934387102126 ) ) ;
#5829 = CARTESIAN_POINT ( 'NONE',  ( -0.1589888996519653319, 1.072902777777420269, -0.1590849141762642749 ) ) ;
#5830 = ORIENTED_EDGE ( 'NONE', *, *, #2145, .T. ) ;
#5831 = CARTESIAN_POINT ( 'NONE',  ( 0.2950000000000000400, 0.8145224071013397182, -0.05740012814188411722 ) ) ;
#5832 = LENGTH_MEASURE_WITH_UNIT ( LENGTH_MEASURE( 0.02539999999999999897 ), #3801 );
#5833 =( NAMED_UNIT ( * ) PLANE_ANGLE_UNIT ( ) SI_UNIT ( $, .RADIAN. ) );
#5834 = ADVANCED_FACE ( 'NONE', ( #461 ), #6059, .T. ) ;
#5835 = CARTESIAN_POINT ( 'NONE',  ( 0.03454259695770486166, 0.9797203142102907103, -0.2632501484556323268 ) ) ;
#5836 =( NAMED_UNIT ( * ) PLANE_ANGLE_UNIT ( ) SI_UNIT ( $, .RADIAN. ) );
#5837 = ORIENTED_EDGE ( 'NONE', *, *, #1276, .T. ) ;
#5838 =( NAMED_UNIT ( * ) PLANE_ANGLE_UNIT ( ) SI_UNIT ( $, .RADIAN. ) );
#5839 = DIRECTION ( 'NONE',  ( 0.000000000000000000, -0.000000000000000000, 1.000000000000000000 ) ) ;
#5840 = CARTESIAN_POINT ( 'NONE',  ( 0.2644593038605239088, 0.9635277777766538820, 0.05268775560884023101 ) ) ;
#5841 = UNCERTAINTY_MEASURE_WITH_UNIT (LENGTH_MEASURE( 1.000000000000000082E-05 ), #4723, 'distance_accuracy_value', 'NONE');
#5842 = CARTESIAN_POINT ( 'NONE',  ( -0.2406280382445043498, 0.8202986111085143195, -0.1285183685533648201 ) ) ;
#5843 = ORIENTED_EDGE ( 'NONE', *, *, #3325, .T. ) ;
#5844 = SURFACE_STYLE_FILL_AREA ( #5550 ) ;
#5845 = CARTESIAN_POINT ( 'NONE',  ( -0.1996082525526409468, 1.021687499999220705, 0.1066153588997784674 ) ) ;
#5846 = LENGTH_MEASURE_WITH_UNIT ( LENGTH_MEASURE( 0.02539999999999999897 ), #2408 );
#5847 = CARTESIAN_POINT ( 'NONE',  ( -0.2287808060348263117, 0.9071041666649362067, 0.02246315590420797093 ) ) ;
#5848 = COLOUR_RGB ( '',0.1019607843137254888, 0.1019607843137254888, 0.1019607843137254888 ) ;
#5849 = LENGTH_MEASURE_WITH_UNIT ( LENGTH_MEASURE( 0.02539999999999999897 ), #4965 );
#5850 = SURFACE_SIDE_STYLE ('',( #3437 ) ) ;
#5851 = CARTESIAN_POINT ( 'NONE',  ( -0.06691273481320139660, 0.9018958333315969522, -0.2203238744290644535 ) ) ;
#5852 = CARTESIAN_POINT ( 'NONE',  ( -0.08571555099418255719, 0.9238420386917208793, -0.2531340246131295046 ) ) ;
#5853 = DIRECTION ( 'NONE',  ( 0.000000000000000000, 1.000000000000000000, 0.000000000000000000 ) ) ;
#5854 = CARTESIAN_POINT ( 'NONE',  ( 0.1597028488612411146, 1.045124999999401227, 0.1595989817188185056 ) ) ;
#5855 = CARTESIAN_POINT ( 'NONE',  ( -0.2077189009736820913, 1.076374999999732962, -0.08596082123163656386 ) ) ;
#5856 = ORIENTED_EDGE ( 'NONE', *, *, #5087, .F. ) ;
#5857 = CARTESIAN_POINT ( 'NONE',  ( 0.1645165506157649227, 0.8159583333308966235, 0.1646160331717608782 ) ) ;
#5858 = DIRECTION ( 'NONE',  ( 1.000000000000000000, 0.000000000000000000, 0.000000000000000000 ) ) ;
#5859 = DIRECTION ( 'NONE',  ( -0.000000000000000000, -0.000000000000000000, 1.000000000000000000 ) ) ;
#5860 = AXIS2_PLACEMENT_3D ( 'NONE', #1110, #5278, #3922 ) ;
#5861 = CARTESIAN_POINT ( 'NONE',  ( 0.06017754191931827534, 0.9788458625210438857, -0.2581846558001781311 ) ) ;
#5862 = CARTESIAN_POINT ( 'NONE',  ( 0.2619020119633751476, 1.023688485272586046, -0.03422203247312256141 ) ) ;
#5863 = CARTESIAN_POINT ( 'NONE',  ( 0.06681672230962007464, 0.8966874999982388239, -0.2205232411212288413 ) ) ;
#5864 = DIRECTION ( 'NONE',  ( -0.000000000000000000, -0.000000000000000000, 1.000000000000000000 ) ) ;
#5865 = SURFACE_STYLE_USAGE ( .BOTH. , #1925 ) ;
#5866 = EDGE_CURVE ( 'NONE', #5062, #2589, #3227, .T. ) ;
#5867 = CARTESIAN_POINT ( 'NONE',  ( 0.1741693366560060907, 1.051201388888373556, -0.1430319272784303652 ) ) ;
#5868 = CARTESIAN_POINT ( 'NONE',  ( 0.1854673034003060106, 1.060951169642568415, 0.1705668669589280317 ) ) ;
#5869 = CARTESIAN_POINT ( 'NONE',  ( -0.1500419721182345012, 0.9461666666655512703, 0.2247109507813357943 ) ) ;
#5870 = AXIS2_PLACEMENT_3D ( 'NONE', #2333, #1261, #2266 ) ;
#5871 = EDGE_CURVE ( 'NONE', #6210, #2612, #1566, .T. ) ;
#5872 = CARTESIAN_POINT ( 'NONE',  ( -7.324080457323058665E-05, 1.065958333332893249, -0.2251288453768540143 ) ) ;
#5873 = CIRCLE ( 'NONE', #1379, 0.2184132259077137539 ) ;
#5874 = EDGE_LOOP ( 'NONE', ( #626, #3701, #3797, #1162, #839, #5466 ) ) ;
#5875 = CARTESIAN_POINT ( 'NONE',  ( 0.000000000000000000, 0.2459999999999999964, -0.3985000000000000209 ) ) ;
#5876 =( NAMED_UNIT ( * ) SI_UNIT ( $, .STERADIAN. ) SOLID_ANGLE_UNIT ( ) );
#5877 = CARTESIAN_POINT ( 'NONE',  ( -0.06606085511976242386, 0.9730763888876997614, 0.2180286650969611439 ) ) ;
#5878 = FILL_AREA_STYLE ('',( #857 ) ) ;
#5879 = CARTESIAN_POINT ( 'NONE',  ( -0.04470539660091992634, 0.9183888888872820955, 0.2251316963910636182 ) ) ;
#5880 = VERTEX_POINT ( 'NONE', #496 ) ;
#5881 = CARTESIAN_POINT ( 'NONE',  ( -0.2460000000000001352, 0.2460000000000000242, 0.000000000000000000 ) ) ;
#5882 = CARTESIAN_POINT ( 'NONE',  ( -0.2042066147154317501, 0.8619652777756984241, 0.1090713809509228915 ) ) ;
#5883 = CARTESIAN_POINT ( 'NONE',  ( 0.000000000000000000, 0.3344999999999999640, -0.3985000000000000209 ) ) ;
#5884 = CARTESIAN_POINT ( 'NONE',  ( 0.1048520184794041327, 0.9334500122940602163, 0.2082567994045456949 ) ) ;
#5885 = CARTESIAN_POINT ( 'NONE',  ( 0.02233581799984521790, 0.9470347222208221893, -0.2275377970002652461 ) ) ;
#5886 = CARTESIAN_POINT ( 'NONE',  ( -0.2167813770772808735, 1.021687499999226478, -0.06568292156961097472 ) ) ;
#5887 = CARTESIAN_POINT ( 'NONE',  ( -0.2235925944038175128, 1.073770833332972963, 0.02195380441695302456 ) ) ;
#5888 = CARTESIAN_POINT ( 'NONE',  ( -0.1023981241085064608, 0.9808888888876279299, -0.2474234772552310335 ) ) ;
#5889 = CARTESIAN_POINT ( 'NONE',  ( -0.1982509786520055273, 1.075506944444146962, -0.1060443093577815993 ) ) ;
#5890 = VERTEX_POINT ( 'NONE', #1892 ) ;
#5891 = CARTESIAN_POINT ( 'NONE',  ( 0.1287035157935526031, 0.8864444444449997018, 0.2113292325812455852 ) ) ;
#5892 = DIRECTION ( 'NONE',  ( 0.000000000000000000, -0.9510565162951533091, 0.3090169943749481174 ) ) ;
#5893 =( NAMED_UNIT ( * ) PLANE_ANGLE_UNIT ( ) SI_UNIT ( $, .RADIAN. ) );
#5894 =( BOUNDED_CURVE ( )  B_SPLINE_CURVE ( 3, ( #3395, #5936, #1010, #66 ),
 .UNSPECIFIED., .F., .F. ) 
 B_SPLINE_CURVE_WITH_KNOTS ( ( 4, 4 ),
 ( 4.712388980384689674, 6.283185307179586232 ),
 .UNSPECIFIED. ) 
 CURVE ( )  GEOMETRIC_REPRESENTATION_ITEM ( )  RATIONAL_B_SPLINE_CURVE ( ( 1.000000000000000000, 0.8047378541243649375, 0.8047378541243649375, 1.000000000000000000 ) ) 
 REPRESENTATION_ITEM ( '' )  );
#5895 = MECHANICAL_DESIGN_GEOMETRIC_PRESENTATION_REPRESENTATION (  '', ( #2012 ), #4079 ) ;
#5896 = DIRECTION ( 'NONE',  ( 0.000000000000000000, -1.000000000000000000, 0.000000000000000000 ) ) ;
#5897 = CONICAL_SURFACE ( 'NONE', #5375, 0.2699999999999996292, 0.3141592653589801443 ) ;
#5898 = CARTESIAN_POINT ( 'NONE',  ( 0.1320223039228913542, 1.031788277445652380, -0.2279893960336509817 ) ) ;
#5899 = COLOUR_RGB ( '',0.1019607843137254888, 0.1019607843137254888, 0.1019607843137254888 ) ;
#5900 = FACE_OUTER_BOUND ( 'NONE', #2064, .T. ) ;
#5901 = DIRECTION ( 'NONE',  ( 1.000000000000000000, 0.000000000000000000, 0.000000000000000000 ) ) ;
#5902 = MECHANICAL_DESIGN_GEOMETRIC_PRESENTATION_REPRESENTATION (  '', ( #1510 ), #5494 ) ;
#5903 = DIRECTION ( 'NONE',  ( -0.000000000000000000, -0.000000000000000000, 1.000000000000000000 ) ) ;
#5904 = CIRCLE ( 'NONE', #3072, 0.01968503937007875723 ) ;
#5905 = CARTESIAN_POINT ( 'NONE',  ( -0.2653440065315437191, 0.9357499999987247685, -0.05269101365313669239 ) ) ;
#5906 = UNCERTAINTY_MEASURE_WITH_UNIT (LENGTH_MEASURE( 1.000000000000000082E-05 ), #4663, 'distance_accuracy_value', 'NONE');
#5907 = CARTESIAN_POINT ( 'NONE',  ( -0.1224081601003309816, 0.8163772232184468569, -0.2699642746369463331 ) ) ;
#5908 = CARTESIAN_POINT ( 'NONE',  ( 0.1827619906640936542, 0.9142934781526973476, -0.1948011619385764392 ) ) ;
#5909 = CARTESIAN_POINT ( 'NONE',  ( 0.2157929056326584882, 1.054673611110547249, -0.06538892794832501520 ) ) ;
#5910 = ORIENTED_EDGE ( 'NONE', *, *, #5078, .T. ) ;
#5911 = CARTESIAN_POINT ( 'NONE',  ( -0.1223703516893323434, 0.6583750000000000435, -0.2699861033332139892 ) ) ;
#5912 = CARTESIAN_POINT ( 'NONE',  ( 0.2255637949433093592, 1.045124999999382798, 6.809687676877018226E-05 ) ) ;
#5913 = CARTESIAN_POINT ( 'NONE',  ( -0.06552479567231088431, 0.9113937412180227460, 0.2305626847877462471 ) ) ;
#5914 = DIMENSIONAL_EXPONENTS ( 1.000000000000000000, 0.000000000000000000, 0.000000000000000000, 0.000000000000000000, 0.000000000000000000, 0.000000000000000000, 0.000000000000000000 ) ;
#5915 = CARTESIAN_POINT ( 'NONE',  ( 0.2307769491001248341, 0.8784583333313841225, 6.973169082741232467E-05 ) ) ;
#5916 = EDGE_CURVE ( 'NONE', #5593, #512, #954, .T. ) ;
#5917 = FILL_AREA_STYLE_COLOUR ( '', #3845 ) ;
#5918 = CARTESIAN_POINT ( 'NONE',  ( 0.2949999999999999289, 0.6847233372557268716, 0.1703183294109396340 ) ) ;
#5919 = CARTESIAN_POINT ( 'NONE',  ( 0.2307769490952580049, 0.8854027777759095885, 6.973172250874314190E-05 ) ) ;
#5920 = CARTESIAN_POINT ( 'NONE',  ( -0.1756618486952164493, 0.9273133647380676914, -0.2006904169724575138 ) ) ;
#5921 = SURFACE_STYLE_USAGE ( .BOTH. , #2415 ) ;
#5922 = CARTESIAN_POINT ( 'NONE',  ( -0.1438590406913421993, 1.016479166665882561, -0.1751765330581860902 ) ) ;
#5923 = CARTESIAN_POINT ( 'NONE',  ( -6.768813189783031076E-05, 1.086791666666402145, 0.2242605064090907874 ) ) ;
#5924 = CARTESIAN_POINT ( 'NONE',  ( 0.02642618420630408679, 0.9505069444428886349, 0.2674228416732524205 ) ) ;
#5925 = CARTESIAN_POINT ( 'NONE',  ( 0.04415145487204095998, 1.039916666665989364, 0.2215876232092337528 ) ) ;
#5926 = VERTEX_POINT ( 'NONE', #3896 ) ;
#5927 = CARTESIAN_POINT ( 'NONE',  ( -0.03445555006406514353, 0.9776649631706303412, -0.2633299164120368463 ) ) ;
#5928 = CARTESIAN_POINT ( 'NONE',  ( 0.000000000000000000, 0.8170000000000000595, 0.000000000000000000 ) ) ;
#5929 = DIRECTION ( 'NONE',  ( -0.000000000000000000, -0.000000000000000000, 1.000000000000000000 ) ) ;
#5930 = CARTESIAN_POINT ( 'NONE',  ( 0.1174921404679300091, 0.9768211609678177920, -0.2381862252221265963 ) ) ;
#5931 = CARTESIAN_POINT ( 'NONE',  ( 0.2284076540409256117, 1.017899244922483071, 0.1321602711258346718 ) ) ;
#5932 = FILL_AREA_STYLE ('',( #2915 ) ) ;
#5933 = DIRECTION ( 'NONE',  ( 1.000000000000000000, 0.000000000000000000, 0.000000000000000000 ) ) ;
#5934 = CARTESIAN_POINT ( 'NONE',  ( 0.2244429135899105865, 1.045993055555026086, -0.02217942109001260279 ) ) ;
#5935 = CARTESIAN_POINT ( 'NONE',  ( 0.000000000000000000, -3.937007874047004035E-05, 0.1854999999999999982 ) ) ;
#5936 = CARTESIAN_POINT ( 'NONE',  ( 0.1854999999999999427, 0.3546633841797907638, 0.1086633841797907674 ) ) ;
#5937 = CARTESIAN_POINT ( 'NONE',  ( 0.1500061692297145199, 0.9565833333322335541, 0.2243430105535549612 ) ) ;
#5938 = CARTESIAN_POINT ( 'NONE',  ( 0.08625765941644648882, 1.062486111110619635, -0.2080667325915045718 ) ) ;
#5939 = VERTEX_POINT ( 'NONE', #1831 ) ;
#5940 = EDGE_CURVE ( 'NONE', #5366, #40, #5967, .T. ) ;
#5941 = PRESENTATION_STYLE_ASSIGNMENT (( #4902 ) ) ;
#5942 = CARTESIAN_POINT ( 'NONE',  ( -0.1066590357715841847, 1.026895833332556407, 0.1994001838597894982 ) ) ;
#5943 = CARTESIAN_POINT ( 'NONE',  ( 0.1465044086134954515, 0.8706458333313475961, 0.1786261779166309627 ) ) ;
#5944 = ORIENTED_EDGE ( 'NONE', *, *, #3406, .T. ) ;
#5945 = EDGE_CURVE ( 'NONE', #4833, #4374, #1063, .T. ) ;
#5946 = PRESENTATION_STYLE_ASSIGNMENT (( #1509 ) ) ;
#5947 = CARTESIAN_POINT ( 'NONE',  ( -0.1294468245293249609, 0.8107499999975517069, 0.1938671994944536625 ) ) ;
#5948 = SURFACE_STYLE_FILL_AREA ( #3942 ) ;
#5949 = CARTESIAN_POINT ( 'NONE',  ( 0.1618504736726898707, 0.9409583333319297971, -0.1617527251329388405 ) ) ;
#5950 = CARTESIAN_POINT ( 'NONE',  ( -0.1066590357458559318, 1.033840277777080985, 0.1994001838766057688 ) ) ;
#5951 = CARTESIAN_POINT ( 'NONE',  ( -7.324080205244772848E-05, 1.059013888888418187, -0.2251288453765315223 ) ) ;
#5952 = DIRECTION ( 'NONE',  ( -0.000000000000000000, 1.000000000000000000, -0.000000000000000000 ) ) ;
#5953 = CARTESIAN_POINT ( 'NONE',  ( -0.1726296483106676827, 0.6583750000000000435, 0.2409688848996047739 ) ) ;
#5954 = CARTESIAN_POINT ( 'NONE',  ( 0.1699971299602506536, 0.9713402777764272855, -0.2072787813720005923 ) ) ;
#5955 = AXIS2_PLACEMENT_3D ( 'NONE', #3364, #1887, #3100 ) ;
#5956 = EDGE_CURVE ( 'NONE', #4002, #6154, #5448, .T. ) ;
#5957 = CARTESIAN_POINT ( 'NONE',  ( 0.2005493890698508974, 0.9921736111101416844, 0.1072737621869294250 ) ) ;
#5958 = EDGE_LOOP ( 'NONE', ( #4991, #3067, #2978, #122 ) ) ;
#5959 = CARTESIAN_POINT ( 'NONE',  ( -0.2296070402494736762, 0.9857650020995775142, -0.1329263977726339585 ) ) ;
#5960 = SURFACE_STYLE_USAGE ( .BOTH. , #5514 ) ;
#5961 = ORIENTED_EDGE ( 'NONE', *, *, #736, .F. ) ;
#5962 = PRESENTATION_LAYER_ASSIGNMENT (  '', '', ( #4468 ) ) ;
#5963 = DIRECTION ( 'NONE',  ( 0.000000000000000000, 1.000000000000000000, 0.000000000000000000 ) ) ;
#5964 = FACE_OUTER_BOUND ( 'NONE', #1189, .T. ) ;
#5965 = LINE ( 'NONE', #1447, #2744 ) ;
#5966 = SURFACE_STYLE_FILL_AREA ( #6422 ) ;
#5967 = CIRCLE ( 'NONE', #3029, 0.1854999999999997762 ) ;
#5968 = CARTESIAN_POINT ( 'NONE',  ( -0.1837797482659614678, 1.066587364956975259, 0.1629063680716443530 ) ) ;
#5969 = CARTESIAN_POINT ( 'NONE',  ( 0.1597028488811214342, 1.038180555554939710, 0.1595989816953446716 ) ) ;
#5970 = AXIS2_PLACEMENT_3D ( 'NONE', #5719, #1228, #2736 ) ;
#5971 = FILL_AREA_STYLE ('',( #3927 ) ) ;
#5972 = CARTESIAN_POINT ( 'NONE',  ( 0.000000000000000000, 0.8170000000000000595, 0.000000000000000000 ) ) ;
#5973 = CARTESIAN_POINT ( 'NONE',  ( -0.1702602467630471017, 1.000854166665894107, 0.2075995952267433720 ) ) ;
#5974 = UNCERTAINTY_MEASURE_WITH_UNIT (LENGTH_MEASURE( 1.000000000000000082E-05 ), #5579, 'distance_accuracy_value', 'NONE');
#5975 = ORIENTED_EDGE ( 'NONE', *, *, #5612, .F. ) ;
#5976 = CARTESIAN_POINT ( 'NONE',  ( -0.2214000000000002633, 0.2460000000000000242, 0.000000000000000000 ) ) ;
#5977 = CARTESIAN_POINT ( 'NONE',  ( 0.003806415504115914436, 0.9477548410408105362, -0.2274833331494888755 ) ) ;
#5978 = AXIS2_PLACEMENT_3D ( 'NONE', #1950, #2492, #3925 ) ;
#5979 =( CONVERSION_BASED_UNIT ( 'INCH', #4575 ) LENGTH_UNIT ( ) NAMED_UNIT ( #156 ) );
#5980 = CARTESIAN_POINT ( 'NONE',  ( -0.2125358530136028379, 0.9027638888871857281, -0.08795429858642264676 ) ) ;
#5981 = ORIENTED_EDGE ( 'NONE', *, *, #5793, .T. ) ;
#5982 =( GEOMETRIC_REPRESENTATION_CONTEXT ( 3 ) GLOBAL_UNCERTAINTY_ASSIGNED_CONTEXT ( ( #562 ) ) GLOBAL_UNIT_ASSIGNED_CONTEXT ( ( #3262, #5833, #5807 ) ) REPRESENTATION_CONTEXT ( 'NONE', 'WORKASPACE' ) );
#5983 = CARTESIAN_POINT ( 'NONE',  ( -0.2357355763392687820, 0.9189111726806027391, 0.02799293004294029635 ) ) ;
#5984 = CARTESIAN_POINT ( 'NONE',  ( -0.02282017788438204381, 0.8446041666644651391, -0.2309277775227664975 ) ) ;
#5985 = CARTESIAN_POINT ( 'NONE',  ( 0.2283233603193343675, 0.9409103627122890057, 0.02768861581981968412 ) ) ;
#5986 = CARTESIAN_POINT ( 'NONE',  ( -0.04470539656892295183, 0.9183888888872521195, 0.2251316963957213368 ) ) ;
#5987 =( NAMED_UNIT ( * ) SI_UNIT ( $, .STERADIAN. ) SOLID_ANGLE_UNIT ( ) );
#5988 = CARTESIAN_POINT ( 'NONE',  ( 0.1741693366809948518, 1.051201388888381327, -0.1430319272561688393 ) ) ;
#5989 = ADVANCED_FACE ( 'NONE', ( #1349 ), #230, .T. ) ;
#5990 = CARTESIAN_POINT ( 'NONE',  ( 0.2583736354048256634, 0.9105763888870598288, -0.07829107037718900652 ) ) ;
#5991 = CARTESIAN_POINT ( 'NONE',  ( -0.02239314253213798775, 0.9817569444433832393, 0.2266596105348478718 ) ) ;
#5992 = ORIENTED_EDGE ( 'NONE', *, *, #4685, .F. ) ;
#5993 = CARTESIAN_POINT ( 'NONE',  ( -0.01724350493495150835, 0.9770868359386740698, -0.2650166136924357874 ) ) ;
#5994 = SURFACE_SIDE_STYLE ('',( #490 ) ) ;
#5995 = DIRECTION ( 'NONE',  ( -0.000000000000000000, 1.000000000000000000, -3.667407320606400744E-18 ) ) ;
#5996 = SURFACE_SIDE_STYLE ('',( #2527 ) ) ;
#5997 = EDGE_CURVE ( 'NONE', #5558, #106, #338, .T. ) ;
#5998 = CARTESIAN_POINT ( 'NONE',  ( -0.2426516586197131065, 0.9429544564758542968, 0.1095211382503106790 ) ) ;
#5999 = CARTESIAN_POINT ( 'NONE',  ( -0.1864436967466515938, 1.109361111110806375, 0.1865644062296684114 ) ) ;
#6000 = CARTESIAN_POINT ( 'NONE',  ( 0.2949999999999999845, 0.8052217532722197868, 0.1148763842346836317 ) ) ;
#6001 = CARTESIAN_POINT ( 'NONE',  ( -0.1992599999999999372, 0.2460000000000000242, 0.000000000000000000 ) ) ;
#6002 = CARTESIAN_POINT ( 'NONE',  ( -0.2670156368162412419, 0.8801944444427446390, -0.05319707528619982417 ) ) ;
#6003 = ADVANCED_FACE ( 'NONE', ( #3959 ), #4580, .F. ) ;
#6004 = CONICAL_SURFACE ( 'NONE', #2023, 0.2459999999999999964, 0.5235987755983007030 ) ;
#6005 = ORIENTED_EDGE ( 'NONE', *, *, #5612, .T. ) ;
#6006 = DIRECTION ( 'NONE',  ( -0.000000000000000000, -0.000000000000000000, 1.000000000000000000 ) ) ;
#6007 = CARTESIAN_POINT ( 'NONE',  ( -0.2013825683885179241, 0.9574513888875826328, -0.1075570488622870774 ) ) ;
#6008 = CARTESIAN_POINT ( 'NONE',  ( -0.02259049377578864828, 0.8637013888868527722, 0.2301319028154710233 ) ) ;
#6009 = ORIENTED_EDGE ( 'NONE', *, *, #3214, .T. ) ;
#6010 =( NAMED_UNIT ( * ) SI_UNIT ( $, .STERADIAN. ) SOLID_ANGLE_UNIT ( ) );
#6011 = CARTESIAN_POINT ( 'NONE',  ( 0.2227686921739248926, 1.099812499999856197, 0.02200868845536223598 ) ) ;
#6012 = CARTESIAN_POINT ( 'NONE',  ( -0.2427871584493617174, 0.9385957377672581314, 0.1095448943102978745 ) ) ;
#6013 =( NAMED_UNIT ( * ) PLANE_ANGLE_UNIT ( ) SI_UNIT ( $, .RADIAN. ) );
#6014 = CARTESIAN_POINT ( 'NONE',  ( -0.2288348499101915401, 0.9053680555538405894, -0.02246315587212652232 ) ) ;
#6015 = CARTESIAN_POINT ( 'NONE',  ( -0.08737794497963594087, 0.9583194444432117098, -0.2111293684913875535 ) ) ;
#6016 = CARTESIAN_POINT ( 'NONE',  ( -0.06539787156074841623, 1.061618055555016982, -0.2153356715248586351 ) ) ;
#6017 = SURFACE_STYLE_USAGE ( .BOTH. , #3947 ) ;
#6018 = CARTESIAN_POINT ( 'NONE',  ( 0.2017149606299212250, 0.2460000000000000242, 0.7970000000000000417 ) ) ;
#6019 = CARTESIAN_POINT ( 'NONE',  ( 0.2383288571653954802, 0.9036319444425225944, 0.1272903575291063905 ) ) ;
#6020 = CARTESIAN_POINT ( 'NONE',  ( 0.2190768237010674857, 0.9435624999985825490, -0.06653401900862603024 ) ) ;
#6021 = EDGE_LOOP ( 'NONE', ( #6329, #689, #3859, #3339, #4958 ) ) ;
#6022 = CARTESIAN_POINT ( 'NONE',  ( -0.2557310221447700593, 0.9880808776212920419, -0.06876926694184490318 ) ) ;
#6023 = FILL_AREA_STYLE ('',( #5544 ) ) ;
#6024 = FILL_AREA_STYLE_COLOUR ( '', #5443 ) ;
#6025 = CARTESIAN_POINT ( 'NONE',  ( 0.08471582878147286555, 1.011539259596593077, 0.2501294686871848860 ) ) ;
#6026 = CARTESIAN_POINT ( 'NONE',  ( 0.1859464715225549458, 1.137138888888834742, -0.1858336147015703377 ) ) ;
#6027 = FACE_OUTER_BOUND ( 'NONE', #6123, .T. ) ;
#6028 = EDGE_CURVE ( 'NONE', #5880, #2557, #6272, .T. ) ;
#6029 = LINE ( 'NONE', #4984, #1353 ) ;
#6030 =( NAMED_UNIT ( * ) SI_UNIT ( $, .STERADIAN. ) SOLID_ANGLE_UNIT ( ) );
#6031 = CARTESIAN_POINT ( 'NONE',  ( 0.1508306905597121550, 0.9010277777762690787, 0.2258826442103231968 ) ) ;
#6032 = UNCERTAINTY_MEASURE_WITH_UNIT (LENGTH_MEASURE( 1.000000000000000082E-05 ), #307, 'distance_accuracy_value', 'NONE');
#6033 = CARTESIAN_POINT ( 'NONE',  ( 0.1627893012683683527, 0.9151639665666625456, -0.2117434708822205636 ) ) ;
#6034 = ORIENTED_EDGE ( 'NONE', *, *, #1437, .F. ) ;
#6035 =( NAMED_UNIT ( * ) SI_UNIT ( $, .STERADIAN. ) SOLID_ANGLE_UNIT ( ) );
#6036 = FACE_OUTER_BOUND ( 'NONE', #5874, .T. ) ;
#6037 = CARTESIAN_POINT ( 'NONE',  ( 0.2142868010551441660, 1.105020833333226760, 0.06492705437911595878 ) ) ;
#6038 = CARTESIAN_POINT ( 'NONE',  ( 0.06746012679759093300, 0.8341874999977645366, -0.2221445205073084850 ) ) ;
#6039 = VERTEX_POINT ( 'NONE', #6301 ) ;
#6040 = CARTESIAN_POINT ( 'NONE',  ( -4.033744303144887934E-16, 0.9299204364956948909, 0.2333099260753311033 ) ) ;
#6041 = CARTESIAN_POINT ( 'NONE',  ( 0.1731239254888185530, 1.094604166666440781, 0.1421665990570107341 ) ) ;
#6042 = CARTESIAN_POINT ( 'NONE',  ( -0.2659059356050482159, 0.9342597464165104393, -0.01767377697053609115 ) ) ;
#6043 = DIRECTION ( 'NONE',  ( 0.000000000000000000, 1.000000000000000000, 0.000000000000000000 ) ) ;
#6044 = CARTESIAN_POINT ( 'NONE',  ( 0.1854999999999998317, 0.2459999999999999964, 0.000000000000000000 ) ) ;
#6045 = CARTESIAN_POINT ( 'NONE',  ( -0.2270368591641687417, 0.9696041666654420244, 0.02243572380809143521 ) ) ;
#6046 = ORIENTED_EDGE ( 'NONE', *, *, #3536, .F. ) ;
#6047 = CARTESIAN_POINT ( 'NONE',  ( -0.2624626518577061751, 0.9892296755919767204, -0.03495600062395602670 ) ) ;
#6048 = FACE_OUTER_BOUND ( 'NONE', #3712, .T. ) ;
#6049 =( GEOMETRIC_REPRESENTATION_CONTEXT ( 3 ) GLOBAL_UNCERTAINTY_ASSIGNED_CONTEXT ( ( #6221 ) ) GLOBAL_UNIT_ASSIGNED_CONTEXT ( ( #6062, #1204, #4544 ) ) REPRESENTATION_CONTEXT ( 'NONE', 'WORKASPACE' ) );
#6050 = CARTESIAN_POINT ( 'NONE',  ( -0.2306653907099186218, 0.9438280978642807906, 0.1328648217099163975 ) ) ;
#6051 = CARTESIAN_POINT ( 'NONE',  ( 0.2516730470325682645, 1.132798611111023979, -0.07643313913514053481 ) ) ;
#6052 = DIRECTION ( 'NONE',  ( -0.000000000000000000, -1.000000000000000000, -0.000000000000000000 ) ) ;
#6053 = CARTESIAN_POINT ( 'NONE',  ( -0.09027048320597283459, 1.076043660580468186, -0.2177089962122470967 ) ) ;
#6054 = CONICAL_SURFACE ( 'NONE', #4032, 0.2949999999999999845, 1.047197551196600074 ) ;
#6055 = CARTESIAN_POINT ( 'NONE',  ( -0.1679926498531141565, 0.8887178571583206343, -0.1825951543502705166 ) ) ;
#6056 = CARTESIAN_POINT ( 'NONE',  ( -0.05547873002582649760, 0.8956929217040621172, 0.2621072414841647547 ) ) ;
#6057 = CARTESIAN_POINT ( 'NONE',  ( 0.1917710696110150326, 0.9166527777763986418, -0.1916545607452702082 ) ) ;
#6058 = EDGE_CURVE ( 'NONE', #2846, #4987, #1767, .T. ) ;
#6059 = CONICAL_SURFACE ( 'NONE', #2303, 0.2949999999999999845, 1.047197551196600074 ) ;
#6060 = PRESENTATION_LAYER_ASSIGNMENT (  '', '', ( #1567 ) ) ;
#6061 = ORIENTED_EDGE ( 'NONE', *, *, #3792, .T. ) ;
#6062 =( CONVERSION_BASED_UNIT ( 'INCH', #2540 ) LENGTH_UNIT ( ) NAMED_UNIT ( #4648 ) );
#6063 = MECHANICAL_DESIGN_GEOMETRIC_PRESENTATION_REPRESENTATION (  '', ( #2412 ), #6049 ) ;
#6064 = CARTESIAN_POINT ( 'NONE',  ( 0.1799307574385572983, 0.8168263888864593092, 0.1475675357265926191 ) ) ;
#6065 = EDGE_LOOP ( 'NONE', ( #5975, #4611, #3727, #3169 ) ) ;
#6066 = STYLED_ITEM ( 'NONE', ( #5628 ), #4676 ) ;
#6067 = ADVANCED_FACE ( 'NONE', ( #406 ), #1264, .T. ) ;
#6068 = FILL_AREA_STYLE ('',( #5917 ) ) ;
#6069 = CARTESIAN_POINT ( 'NONE',  ( -0.08371721179079376352, 0.9271497489428379701, 0.2188734224596879385 ) ) ;
#6070 = MECHANICAL_DESIGN_GEOMETRIC_PRESENTATION_REPRESENTATION (  '', ( #3037 ), #5463 ) ;
#6071 = CARTESIAN_POINT ( 'NONE',  ( 0.2280865096551190074, 0.8281111111088371723, 0.04544089843856766175 ) ) ;
#6072 = AXIS2_PLACEMENT_3D ( 'NONE', #4950, #3954, #1981 ) ;
#6073 = CARTESIAN_POINT ( 'NONE',  ( -0.2232766337185637384, 0.8046736111085821541, 0.06765652942780221724 ) ) ;
#6074 = CARTESIAN_POINT ( 'NONE',  ( 0.000000000000000000, 0.2459999999999999964, 0.3985000000000000209 ) ) ;
#6075 = CARTESIAN_POINT ( 'NONE',  ( 0.1597028488610305608, 1.038180555554976570, 0.1595989817217935425 ) ) ;
#6076 =( GEOMETRIC_REPRESENTATION_CONTEXT ( 3 ) GLOBAL_UNCERTAINTY_ASSIGNED_CONTEXT ( ( #2577 ) ) GLOBAL_UNIT_ASSIGNED_CONTEXT ( ( #4985, #4694, #5645 ) ) REPRESENTATION_CONTEXT ( 'NONE', 'WORKASPACE' ) );
#6077 =( GEOMETRIC_REPRESENTATION_CONTEXT ( 3 ) GLOBAL_UNCERTAINTY_ASSIGNED_CONTEXT ( ( #3459 ) ) GLOBAL_UNIT_ASSIGNED_CONTEXT ( ( #2553, #639, #4247 ) ) REPRESENTATION_CONTEXT ( 'NONE', 'WORKASPACE' ) );
#6078 = CARTESIAN_POINT ( 'NONE',  ( 0.04435104442536849656, 0.9843611111101011613, 0.2233202145843643238 ) ) ;
#6079 = ORIENTED_EDGE ( 'NONE', *, *, #207, .F. ) ;
#6080 = CARTESIAN_POINT ( 'NONE',  ( -0.09327258803305434054, 1.001104853718108867, 0.2474118618754656551 ) ) ;
#6081 = AXIS2_PLACEMENT_3D ( 'NONE', #1826, #2360, #3200 ) ;
#6082 = SURFACE_SIDE_STYLE ('',( #209 ) ) ;
#6083 =( NAMED_UNIT ( * ) SI_UNIT ( $, .STERADIAN. ) SOLID_ANGLE_UNIT ( ) );
#6084 = CARTESIAN_POINT ( 'NONE',  ( -0.1332434125999547025, 0.9299361729198444282, -0.2314403963812405873 ) ) ;
#6085 = CIRCLE ( 'NONE', #3363, 0.1820000000000000229 ) ;
#6086 =( LENGTH_UNIT ( ) NAMED_UNIT ( * ) SI_UNIT ( $, .METRE. ) );
#6087 = CARTESIAN_POINT ( 'NONE',  ( -0.01162558298020423611, 1.074126440358435186, -0.2374353203187370143 ) ) ;
#6088 = CARTESIAN_POINT ( 'NONE',  ( 0.08638120628817029523, 1.034708333332718722, 0.2087208924730232229 ) ) ;
#6089 = CARTESIAN_POINT ( 'NONE',  ( -0.2211486470211840305, 0.8927394855505088600, -0.1071691994813250837 ) ) ;
#6090 = CARTESIAN_POINT ( 'NONE',  ( -0.2708792631631884995, 0.8827986111094083821, 0.02659616225359674388 ) ) ;
#6091 = CARTESIAN_POINT ( 'NONE',  ( 0.2620717953735615668, 1.019323556896981176, -0.03404816270644882986 ) ) ;
#6092 = MECHANICAL_DESIGN_GEOMETRIC_PRESENTATION_REPRESENTATION (  '', ( #481 ), #1197 ) ;
#6093 = UNCERTAINTY_MEASURE_WITH_UNIT (LENGTH_MEASURE( 1.000000000000000082E-05 ), #1449, 'distance_accuracy_value', 'NONE');
#6094 = ORIENTED_EDGE ( 'NONE', *, *, #1698, .T. ) ;
#6095 = CARTESIAN_POINT ( 'NONE',  ( 0.000000000000000000, 0.2459999999999999964, -0.7970000000000000417 ) ) ;
#6096 = CARTESIAN_POINT ( 'NONE',  ( -0.2950000000000000400, 0.7906516627442730094, 0.1703183294109395784 ) ) ;
#6097 = CARTESIAN_POINT ( 'NONE',  ( -0.08925240660583201591, 0.8055416666641403989, 0.2152902837847203710 ) ) ;
#6098 = ORIENTED_EDGE ( 'NONE', *, *, #2554, .T. ) ;
#6099 = CARTESIAN_POINT ( 'NONE',  ( 0.2466615795479788487, 0.8052976872998357516, -0.1982265294711154091 ) ) ;
#6100 = AXIS2_PLACEMENT_3D ( 'NONE', #351, #5224, #1824 ) ;
#6101 = CARTESIAN_POINT ( 'NONE',  ( -0.2061234992867231886, 0.9218927177625120262, 0.1158104115468919365 ) ) ;
#6102 = CARTESIAN_POINT ( 'NONE',  ( -0.2042066147034520551, 0.8619652777757357276, 0.1090713809774828541 ) ) ;
#6103 =( NAMED_UNIT ( * ) PLANE_ANGLE_UNIT ( ) SI_UNIT ( $, .RADIAN. ) );
#6104 = CARTESIAN_POINT ( 'NONE',  ( -0.04466077452015470434, 0.9565833333319964105, -0.2241439561733520880 ) ) ;
#6105 = ADVANCED_FACE ( 'NONE', ( #5732, #4740 ), #4314, .F. ) ;
#6106 = CARTESIAN_POINT ( 'NONE',  ( -0.1656563636199767098, 1.068789388948266250, 0.1786526466463015661 ) ) ;
#6107 = DIMENSIONAL_EXPONENTS ( 1.000000000000000000, 0.000000000000000000, 0.000000000000000000, 0.000000000000000000, 0.000000000000000000, 0.000000000000000000, 0.000000000000000000 ) ;
#6108 = COLOUR_RGB ( '',0.1019607843137254888, 0.1019607843137254888, 0.1019607843137254888 ) ;
#6109 = ORIENTED_EDGE ( 'NONE', *, *, #2272, .F. ) ;
#6110 = FACE_OUTER_BOUND ( 'NONE', #4665, .T. ) ;
#6111 = LENGTH_MEASURE_WITH_UNIT ( LENGTH_MEASURE( 0.02539999999999999897 ), #5148 );
#6112 = CARTESIAN_POINT ( 'NONE',  ( 0.2176116684352643604, 0.8905013590691204239, 0.1157241296707742645 ) ) ;
#6113 = CARTESIAN_POINT ( 'NONE',  ( -0.1854999999999999150, 0.2459999999999999964, 0.000000000000000000 ) ) ;
#6114 = DIRECTION ( 'NONE',  ( -1.000000000000000000, 0.000000000000000000, 0.000000000000000000 ) ) ;
#6115 = CARTESIAN_POINT ( 'NONE',  ( -0.2287756979832882842, 1.082460217518443013, -0.006174039256754263773 ) ) ;
#6116 = CARTESIAN_POINT ( 'NONE',  ( 0.1756030330923144256, 0.9956458333323406906, -0.1440249639143181271 ) ) ;
#6117 = LENGTH_MEASURE_WITH_UNIT ( LENGTH_MEASURE( 0.02539999999999999897 ), #5683 );
#6118 = CARTESIAN_POINT ( 'NONE',  ( 7.505645649780310588E-13, 0.8975381624527509761, 0.2674929058117108127 ) ) ;
#6119 = CARTESIAN_POINT ( 'NONE',  ( -0.1925758359056330693, 0.8749861111093688582, -0.1926929227765860897 ) ) ;
#6120 = CARTESIAN_POINT ( 'NONE',  ( 0.1168157688290270696, 1.008340570574063344, 0.2369552179120661128 ) ) ;
#6121 = LINE ( 'NONE', #754, #4992 ) ;
#6122 =( LENGTH_UNIT ( ) NAMED_UNIT ( * ) SI_UNIT ( $, .METRE. ) );
#6123 = EDGE_LOOP ( 'NONE', ( #2274, #3119, #2698 ) ) ;
#6124 = SURFACE_STYLE_USAGE ( .BOTH. , #4765 ) ;
#6125 = CARTESIAN_POINT ( 'NONE',  ( 0.1645165506379434872, 0.8159583333309609054, 0.1646160331488013273 ) ) ;
#6126 = DIRECTION ( 'NONE',  ( -0.000000000000000000, -0.000000000000000000, 1.000000000000000000 ) ) ;
#6127 = CARTESIAN_POINT ( 'NONE',  ( -0.2465656477601264607, 0.6700540676857811295, 0.1982819157146558375 ) ) ;
#6128 = CARTESIAN_POINT ( 'NONE',  ( 0.1911736720598680994, 0.9010277777757771389, 0.1910500725489909513 ) ) ;
#6129 =( NAMED_UNIT ( * ) PLANE_ANGLE_UNIT ( ) SI_UNIT ( $, .RADIAN. ) );
#6130 = CARTESIAN_POINT ( 'NONE',  ( 0.1331922981065212785, 0.9718703328015848575, -0.2299562043051785742 ) ) ;
#6131 = CARTESIAN_POINT ( 'NONE',  ( 0.08584640158359009565, 1.090263888888685084, 0.2070609604680963833 ) ) ;
#6132 = CARTESIAN_POINT ( 'NONE',  ( -0.08925240660557356986, 0.8124861111086546517, 0.2152902837791705881 ) ) ;
#6133 = CARTESIAN_POINT ( 'NONE',  ( -1.874771769424990420E-14, 0.8931782339269439541, 0.2676286272031049851 ) ) ;
#6134 = CARTESIAN_POINT ( 'NONE',  ( -0.04520007709544614921, 1.033583821731471675, -0.2603368963797270119 ) ) ;
#6135 = CARTESIAN_POINT ( 'NONE',  ( 0.2404816061380412595, 1.063659677708462370, 0.06342498905664761821 ) ) ;
#6136 = CARTESIAN_POINT ( 'NONE',  ( 0.1065353793061605270, 1.035576388888253208, 0.1991578184124143391 ) ) ;
#6137 = PRESENTATION_STYLE_ASSIGNMENT (( #4120 ) ) ;
#6138 =( LENGTH_UNIT ( ) NAMED_UNIT ( * ) SI_UNIT ( $, .METRE. ) );
#6139 = ADVANCED_FACE ( 'NONE', ( #2864, #6233 ), #4868, .F. ) ;
#6140 = CARTESIAN_POINT ( 'NONE',  ( 0.000000000000000000, 0.6583750000000000435, 0.000000000000000000 ) ) ;
#6141 = CARTESIAN_POINT ( 'NONE',  ( 0.1528589071510246811, 0.9218677359394397142, 0.1803588702927086951 ) ) ;
#6142 = FILL_AREA_STYLE ('',( #3511 ) ) ;
#6143 = EDGE_CURVE ( 'NONE', #643, #1642, #4471, .T. ) ;
#6144 = CARTESIAN_POINT ( 'NONE',  ( 0.2613880026588168981, 1.020819444443413326, -0.05208121862817488568 ) ) ;
#6145 = CARTESIAN_POINT ( 'NONE',  ( 0.2036817494705174536, 0.8741180555535813523, 0.1087850598880396036 ) ) ;
#6146 = CARTESIAN_POINT ( 'NONE',  ( 0.1766000925583018633, 0.9189364877639198959, -0.2007830539053555019 ) ) ;
#6147 = CARTESIAN_POINT ( 'NONE',  ( 0.2213999999999999857, 0.2459999999999999964, 0.000000000000000000 ) ) ;
#6148 = CARTESIAN_POINT ( 'NONE',  ( 0.1605202568537590080, 0.9965138888878334322, -0.1606247020443227203 ) ) ;
#6149 =( NAMED_UNIT ( * ) SI_UNIT ( $, .STERADIAN. ) SOLID_ANGLE_UNIT ( ) );
#6150 = CARTESIAN_POINT ( 'NONE',  ( -1.050957930084479913E-12, 0.9808715193518139364, -0.2648987992613558440 ) ) ;
#6151 = CARTESIAN_POINT ( 'NONE',  ( 0.000000000000000000, 0.2459999999999999964, -0.7418818897637793341 ) ) ;
#6152 = CARTESIAN_POINT ( 'NONE',  ( 0.05345258801989547642, 0.8107499999977451077, -0.2691789843820884820 ) ) ;
#6153 = FILL_AREA_STYLE ('',( #1667 ) ) ;
#6154 = VERTEX_POINT ( 'NONE', #4346 ) ;
#6155 = CARTESIAN_POINT ( 'NONE',  ( 2.228857174448183448E-17, 1.092000000000000082, -0.1820000000000000229 ) ) ;
#6156 = DIMENSIONAL_EXPONENTS ( 1.000000000000000000, 0.000000000000000000, 0.000000000000000000, 0.000000000000000000, 0.000000000000000000, 0.000000000000000000, 0.000000000000000000 ) ;
#6157 = CARTESIAN_POINT ( 'NONE',  ( -0.2062950157060872147, 1.054673611110852782, 0.1691971196503813391 ) ) ;
#6158 =( GEOMETRIC_REPRESENTATION_CONTEXT ( 3 ) GLOBAL_UNCERTAINTY_ASSIGNED_CONTEXT ( ( #5780 ) ) GLOBAL_UNIT_ASSIGNED_CONTEXT ( ( #5561, #692, #5030 ) ) REPRESENTATION_CONTEXT ( 'NONE', 'WORKASPACE' ) );
#6159 = CARTESIAN_POINT ( 'NONE',  ( -0.2095226435956761279, 0.8741180555533738517, -0.1720573625030504816 ) ) ;
#6160 = CARTESIAN_POINT ( 'NONE',  ( 0.2654538169676762260, 0.9620324026909445880, 0.01783870141589534095 ) ) ;
#6161 = STYLED_ITEM ( 'NONE', ( #6331 ), #6105 ) ;
#6162 = CARTESIAN_POINT ( 'NONE',  ( 0.2149443290386023886, 0.8263749999976132132, 0.08895103724555104840 ) ) ;
#6163 = CARTESIAN_POINT ( 'NONE',  ( -0.04384332818038338964, 1.060749999999549775, -0.2207635626826697506 ) ) ;
#6164 = CARTESIAN_POINT ( 'NONE',  ( -0.1258931720863650239, 1.008666666665710032, -0.1885356616084815085 ) ) ;
#6165 = FILL_AREA_STYLE_COLOUR ( '', #5801 ) ;
#6166 = FILL_AREA_STYLE ('',( #4944 ) ) ;
#6167 =( NAMED_UNIT ( * ) SI_UNIT ( $, .STERADIAN. ) SOLID_ANGLE_UNIT ( ) );
#6168 = MECHANICAL_DESIGN_GEOMETRIC_PRESENTATION_REPRESENTATION (  '', ( #4897 ), #5108 ) ;
#6169 = CARTESIAN_POINT ( 'NONE',  ( -0.2509794576538941224, 0.9918584847403958404, -0.08543615938611340277 ) ) ;
#6170 = CARTESIAN_POINT ( 'NONE',  ( 0.08849999999999995370, 0.2459999999999999964, -0.3985000000000000209 ) ) ;
#6171 = CARTESIAN_POINT ( 'NONE',  ( -0.1589888996751726846, 1.072902777777407390, -0.1590849141556731905 ) ) ;
#6172 = CONICAL_SURFACE ( 'NONE', #873, 0.2699999999999996292, 0.03111922056305896356 ) ;
#6173 = CARTESIAN_POINT ( 'NONE',  ( 0.2080992435447124034, 0.9260071138392351742, 0.1085397786114571106 ) ) ;
#6174 = CIRCLE ( 'NONE', #2937, 0.1250000000000001665 ) ;
#6175 = CARTESIAN_POINT ( 'NONE',  ( 0.1014013854456465441, 1.064222222221520742, 0.2450150012263380694 ) ) ;
#6176 = PRESENTATION_LAYER_ASSIGNMENT (  '', '', ( #5348 ) ) ;
#6177 = CARTESIAN_POINT ( 'NONE',  ( 0.1089942849950621406, 0.8689097222202596393, 0.2037546392344184720 ) ) ;
#6178 = AXIS2_PLACEMENT_3D ( 'NONE', #6366, #1875, #5423 ) ;
#6179 = EDGE_LOOP ( 'NONE', ( #264, #1885 ) ) ;
#6180 = LINE ( 'NONE', #3607, #5137 ) ;
#6181 = LINE ( 'NONE', #6147, #5381 ) ;
#6182 = EDGE_LOOP ( 'NONE', ( #2219, #3290, #1410 ) ) ;
#6183 = CARTESIAN_POINT ( 'NONE',  ( -0.1474999999999999645, 0.6583750000000000435, 0.2554774941164094093 ) ) ;
#6184 = SURFACE_STYLE_USAGE ( .BOTH. , #1636 ) ;
#6185 = EDGE_CURVE ( 'NONE', #4064, #2772, #181, .T. ) ;
#6186 = CARTESIAN_POINT ( 'NONE',  ( -0.2129030962859784493, 0.7768958333308403352, 0.1748402355560019217 ) ) ;
#6187 = CIRCLE ( 'NONE', #3241, 0.2459999999999999964 ) ;
#6188 = CARTESIAN_POINT ( 'NONE',  ( -0.06576686152862833146, 1.013006944443583190, -0.2170401936488382255 ) ) ;
#6189 = EDGE_LOOP ( 'NONE', ( #5332, #3011 ) ) ;
#6190 = CARTESIAN_POINT ( 'NONE',  ( -0.2353083763297479369, 1.052937499999674564, 0.1258728333406651800 ) ) ;
#6191 = CARTESIAN_POINT ( 'NONE',  ( 0.1498115675505908018, 0.9166527777759916340, -0.2243658917742628323 ) ) ;
#6192 = CONICAL_SURFACE ( 'NONE', #888, 0.1854999999999997762, 0.5235987755983002589 ) ;
#6193 = CARTESIAN_POINT ( 'NONE',  ( 0.2109437169601947049, 0.9568241455089074865, 0.1624134091227851517 ) ) ;
#6194 =( NAMED_UNIT ( * ) PLANE_ANGLE_UNIT ( ) SI_UNIT ( $, .RADIAN. ) );
#6195 =( NAMED_UNIT ( * ) PLANE_ANGLE_UNIT ( ) SI_UNIT ( $, .RADIAN. ) );
#6196 = CYLINDRICAL_SURFACE ( 'NONE', #4139, 0.1854999999999999982 ) ;
#6197 = CIRCLE ( 'NONE', #1201, 0.1854999999999999150 ) ;
#6198 = CARTESIAN_POINT ( 'NONE',  ( 0.2262407440927954871, 0.9887013888878539714, 0.02220848016048771606 ) ) ;
#6199 =( GEOMETRIC_REPRESENTATION_CONTEXT ( 3 ) GLOBAL_UNCERTAINTY_ASSIGNED_CONTEXT ( ( #4432 ) ) GLOBAL_UNIT_ASSIGNED_CONTEXT ( ( #2168, #3285, #5602 ) ) REPRESENTATION_CONTEXT ( 'NONE', 'WORKASPACE' ) );
#6200 = MECHANICAL_DESIGN_GEOMETRIC_PRESENTATION_REPRESENTATION (  '', ( #3272 ), #1916 ) ;
#6201 = CARTESIAN_POINT ( 'NONE',  ( -0.2246553144392939017, 0.9898309155732653020, -0.1400998889179916329 ) ) ;
#6202 = B_SPLINE_CURVE_WITH_KNOTS ( 'NONE', 3,
 ( #343, #4745, #6310, #3191, #2805, #1243, #1722, #5703, #1685, #4647, #2278, #5735, #4713, #273, #2719, #4212, #3693, #3216, #5215, #2318, #773, #1815, #2749, #4148, #1337, #4179, #6169, #3721, #5323, #2249, #6201, #2213, #208, #6237, #3311, #1781, #1745, #5764, #1277, #864, #3252, #2777, #5251, #801 ),
 .UNSPECIFIED., .F., .F.,
 ( 4, 2, 2, 2, 2, 2, 2, 2, 2, 2, 2, 2, 2, 2, 2, 2, 2, 2, 2, 2, 2, 4 ),
 ( 0.03142172311688185005, 0.03273510917885184834, 0.03339180220983684055, 0.03404849524082183970, 0.03536188130279183800, 0.03667526736476183630, 0.03798865342673183459, 0.03864534645771682680, 0.03930203948870182595, 0.04061542555067181731, 0.04192881161264180867, 0.04258550464362680782, 0.04324219767461180697, 0.04455558373658179833, 0.04521227676756679748, 0.04586896979855179662, 0.04718235586052178798, 0.04849574192249178628, 0.04915243495347678543, 0.04980912798446178458, 0.05112251404643178287, 0.05243590010840177423 ),
 .UNSPECIFIED. ) ;
#6203 = CARTESIAN_POINT ( 'NONE',  ( 0.000000000000000000, 1.092000000000000082, 0.000000000000000000 ) ) ;
#6204 = AXIS2_PLACEMENT_3D ( 'NONE', #6225, #3648, #258 ) ;
#6205 = CARTESIAN_POINT ( 'NONE',  ( 0.2162564685183924196, 0.8978574057090132898, -0.1131815857894044736 ) ) ;
#6206 = STYLED_ITEM ( 'NONE', ( #2327 ), #1590 ) ;
#6207 = SURFACE_STYLE_USAGE ( .BOTH. , #3220 ) ;
#6208 = CARTESIAN_POINT ( 'NONE',  ( 8.082360219000060512E-05, 1.032972222221290703, -0.2661464414223674857 ) ) ;
#6209 = CARTESIAN_POINT ( 'NONE',  ( 0.08825415756916503429, 0.8888749999981891969, -0.2128824333705480742 ) ) ;
#6210 = VERTEX_POINT ( 'NONE', #34 ) ;
#6211 =( NAMED_UNIT ( * ) SI_UNIT ( $, .STERADIAN. ) SOLID_ANGLE_UNIT ( ) );
#6212 = ORIENTED_EDGE ( 'NONE', *, *, #3021, .F. ) ;
#6213 = CARTESIAN_POINT ( 'NONE',  ( 0.2207820576894588827, 0.8880069444426436087, -0.06690066226789569137 ) ) ;
#6214 = CARTESIAN_POINT ( 'NONE',  ( 0.000000000000000000, 0.2459999999999999964, -0.5032890738579166579 ) ) ;
#6215 = CARTESIAN_POINT ( 'NONE',  ( -0.1265519105871913130, 0.9704722222209662963, 0.1895317119617739854 ) ) ;
#6216 = DIRECTION ( 'NONE',  ( -0.000000000000000000, -0.000000000000000000, 1.000000000000000000 ) ) ;
#6217 = CARTESIAN_POINT ( 'NONE',  ( -0.2950000000000000955, 0.8052217532722162341, 0.1148763842346844505 ) ) ;
#6218 = CARTESIAN_POINT ( 'NONE',  ( -0.05927171268870861515, 0.8864444444449995908, 0.2542638124677765177 ) ) ;
#6219 = CARTESIAN_POINT ( 'NONE',  ( 0.07975210889457971797, 0.8098819444422367120, -0.2626200564543802463 ) ) ;
#6220 = B_SPLINE_CURVE_WITH_KNOTS ( 'NONE', 3,
 ( #5277, #4864, #3330, #2879, #2597, #2429, #2334, #2682 ),
 .UNSPECIFIED., .F., .F.,
 ( 4, 2, 2, 4 ),
 ( 0.004377528375927889834, 0.005467759766343702893, 0.006557991156759515085, 0.008738453937591135132 ),
 .UNSPECIFIED. ) ;
#6221 = UNCERTAINTY_MEASURE_WITH_UNIT (LENGTH_MEASURE( 1.000000000000000082E-05 ), #6062, 'distance_accuracy_value', 'NONE');
#6222 = FILL_AREA_STYLE_COLOUR ( '', #4578 ) ;
#6223 = CARTESIAN_POINT ( 'NONE',  ( -0.1896195334971389757, 0.9739444444433057457, 0.1266169005717210916 ) ) ;
#6224 = EDGE_CURVE ( 'NONE', #360, #3971, #4741, .T. ) ;
#6225 = CARTESIAN_POINT ( 'NONE',  ( 0.000000000000000000, 0.8170000000000000595, 0.000000000000000000 ) ) ;
#6226 = ORIENTED_EDGE ( 'NONE', *, *, #88, .T. ) ;
#6227 = CARTESIAN_POINT ( 'NONE',  ( -0.2077189009736820913, 1.069430555555233031, -0.08596082123163656386 ) ) ;
#6228 = CARTESIAN_POINT ( 'NONE',  ( -8.650638841838191866E-05, 1.034708333332890362, -0.2674296923904163625 ) ) ;
#6229 = SURFACE_STYLE_USAGE ( .BOTH. , #5171 ) ;
#6230 = EDGE_CURVE ( 'NONE', #4135, #5222, #1769, .T. ) ;
#6231 = CARTESIAN_POINT ( 'NONE',  ( -0.1589888996751726846, 1.072902777777407390, -0.1590849141556731905 ) ) ;
#6232 = ORIENTED_EDGE ( 'NONE', *, *, #4973, .T. ) ;
#6233 = FACE_BOUND ( 'NONE', #1995, .T. ) ;
#6234 = CARTESIAN_POINT ( 'NONE',  ( 0.1429937124905202306, 1.052937499999459403, -0.1741311218680960948 ) ) ;
#6235 = CARTESIAN_POINT ( 'NONE',  ( -0.1896195334941605526, 0.9669999999987736183, 0.1266169005727254548 ) ) ;
#6236 = CARTESIAN_POINT ( 'NONE',  ( 0.2637508370766654675, 0.9056096747414604797, 0.04392492057183580018 ) ) ;
#6237 = CARTESIAN_POINT ( 'NONE',  ( -0.1747091747023501729, 0.9872299353623176232, -0.1996178143132003036 ) ) ;
#6238 = CARTESIAN_POINT ( 'NONE',  ( 0.000000000000000000, 0.8170000000000000595, 0.2949999999999999845 ) ) ;
#6239 = CARTESIAN_POINT ( 'NONE',  ( -0.02412904923250597591, 0.7986946791551274849, 0.3267057457522020703 ) ) ;
#6240 = DIRECTION ( 'NONE',  ( -0.000000000000000000, -1.000000000000000000, -0.000000000000000000 ) ) ;
#6241 = CARTESIAN_POINT ( 'NONE',  ( 0.1882862470649840636, 1.026027777776795880, -0.1884081125586088978 ) ) ;
#6242 =( LENGTH_UNIT ( ) NAMED_UNIT ( * ) SI_UNIT ( $, .METRE. ) );
#6243 = CARTESIAN_POINT ( 'NONE',  ( 0.2279784556037147691, 0.8246388888865440192, -0.04542475406630210044 ) ) ;
#6244 = VERTEX_POINT ( 'NONE', #1996 ) ;
#6245 = FILL_AREA_STYLE_COLOUR ( '', #5591 ) ;
#6246 = DIMENSIONAL_EXPONENTS ( 1.000000000000000000, 0.000000000000000000, 0.000000000000000000, 0.000000000000000000, 0.000000000000000000, 0.000000000000000000, 0.000000000000000000 ) ;
#6247 = EDGE_LOOP ( 'NONE', ( #2609, #4104 ) ) ;
#6248 = SURFACE_STYLE_FILL_AREA ( #2701 ) ;
#6249 = DIRECTION ( 'NONE',  ( 0.000000000000000000, 0.000000000000000000, 1.000000000000000000 ) ) ;
#6250 = CARTESIAN_POINT ( 'NONE',  ( 0.1513613293704208218, 1.070091989666954957, -0.1891789319415794479 ) ) ;
#6251 = CARTESIAN_POINT ( 'NONE',  ( 0.2734733689797682055, 0.7994652777754235329, -0.02685083799771472227 ) ) ;
#6252 =( LENGTH_UNIT ( ) NAMED_UNIT ( * ) SI_UNIT ( $, .METRE. ) );
#6253 = CARTESIAN_POINT ( 'NONE',  ( -9.465426446797661664E-16, 1.087517451239683242, 0.2231838181921204367 ) ) ;
#6254 = CARTESIAN_POINT ( 'NONE',  ( 0.1264940478687101855, 0.9878333333323143783, 0.1891785116514883291 ) ) ;
#6255 = SURFACE_STYLE_FILL_AREA ( #790 ) ;
#6256 = ORIENTED_EDGE ( 'NONE', *, *, #5691, .F. ) ;
#6257 = CARTESIAN_POINT ( 'NONE',  ( -0.2075166544598458507, 1.076374999999677673, 0.08588283695695794751 ) ) ;
#6258 = FACE_OUTER_BOUND ( 'NONE', #5385, .T. ) ;
#6259 = CARTESIAN_POINT ( 'NONE',  ( 0.1025567838437652091, 1.010402777777111183, 0.2478068557477048905 ) ) ;
#6260 = VERTEX_POINT ( 'NONE', #4409 ) ;
#6261 = EDGE_CURVE ( 'NONE', #582, #5678, #6431, .T. ) ;
#6262 = DIRECTION ( 'NONE',  ( -0.000000000000000000, -0.000000000000000000, 1.000000000000000000 ) ) ;
#6263 = AXIS2_PLACEMENT_3D ( 'NONE', #1137, #5559, #1164 ) ;
#6264 = CARTESIAN_POINT ( 'NONE',  ( 0.1417821648222110376, 1.115437499999962778, -0.1728767528049871549 ) ) ;
#6265 = ORIENTED_EDGE ( 'NONE', *, *, #12, .F. ) ;
#6266 = CARTESIAN_POINT ( 'NONE',  ( 0.2419773337731667973, 0.9663722998148985832, -0.1092430836718164266 ) ) ;
#6267 = CARTESIAN_POINT ( 'NONE',  ( -0.2236466382756342464, 1.072034722221887337, -0.02195380438340884671 ) ) ;
#6268 = CARTESIAN_POINT ( 'NONE',  ( -0.08896432005693495626, 1.035115875956756026, -0.2479790058990559432 ) ) ;
#6269 = AXIS2_PLACEMENT_3D ( 'NONE', #1185, #3131, #2180 ) ;
#6270 = CARTESIAN_POINT ( 'NONE',  ( 6.850555532672086920E-05, 1.003458333332379659, -0.2268670834841968742 ) ) ;
#6271 = EDGE_CURVE ( 'NONE', #6417, #2793, #5212, .T. ) ;
#6272 = CIRCLE ( 'NONE', #2927, 0.2474361322058673818 ) ;
#6273 =( CONVERSION_BASED_UNIT ( 'INCH', #306 ) LENGTH_UNIT ( ) NAMED_UNIT ( #2052 ) );
#6274 = CARTESIAN_POINT ( 'NONE',  ( 0.2098196101048449558, 0.6631928313338240066, 0.2194972504465846630 ) ) ;
#6275 =( NAMED_UNIT ( * ) SI_UNIT ( $, .STERADIAN. ) SOLID_ANGLE_UNIT ( ) );
#6276 = CARTESIAN_POINT ( 'NONE',  ( 0.2255637949458229874, 1.052069444443938018, 6.809684601802204300E-05 ) ) ;
#6277 = EDGE_CURVE ( 'NONE', #2589, #5062, #5218, .T. ) ;
#6278 = LINE ( 'NONE', #910, #2131 ) ;
#6279 = CARTESIAN_POINT ( 'NONE',  ( -0.1683441668453400930, 1.054673611110418463, 0.2052633514773256618 ) ) ;
#6280 = CARTESIAN_POINT ( 'NONE',  ( 0.2296308047357591142, 0.8793263888869560230, -0.02269202652541921564 ) ) ;
#6281 = ORIENTED_EDGE ( 'NONE', *, *, #3065, .T. ) ;
#6282 = CARTESIAN_POINT ( 'NONE',  ( -0.2950000000000000400, 0.8170000000000000595, -0.02880520499912190419 ) ) ;
#6283 = ORIENTED_EDGE ( 'NONE', *, *, #4152, .F. ) ;
#6284 = CARTESIAN_POINT ( 'NONE',  ( 0.006281323708649148158, 1.087525661765269103, 0.2231750800674278667 ) ) ;
#6285 = CARTESIAN_POINT ( 'NONE',  ( 0.000000000000000000, 0.2459999999999999964, 0.5032890738579167689 ) ) ;
#6286 = FACE_OUTER_BOUND ( 'NONE', #1090, .T. ) ;
#6287 = DIRECTION ( 'NONE',  ( -0.000000000000000000, -0.000000000000000000, 1.000000000000000000 ) ) ;
#6288 = MECHANICAL_DESIGN_GEOMETRIC_PRESENTATION_REPRESENTATION (  '', ( #4908 ), #1874 ) ;
#6289 = FILL_AREA_STYLE ('',( #6222 ) ) ;
#6290 = CARTESIAN_POINT ( 'NONE',  ( 0.08745592925289347175, 0.9513749999986942374, -0.2113316150003833604 ) ) ;
#6291 = B_SPLINE_CURVE_WITH_KNOTS ( 'NONE', 3,
 ( #519, #4526, #6127, #6410, #5953, #1472 ),
 .UNSPECIFIED., .F., .F.,
 ( 4, 2, 4 ),
 ( 2.380732032311537418E-07, 0.002188883224565561867, 0.004377528375927892436 ),
 .UNSPECIFIED. ) ;
#6292 = ORIENTED_EDGE ( 'NONE', *, *, #1199, .F. ) ;
#6293 =( CONVERSION_BASED_UNIT ( 'INCH', #3617 ) LENGTH_UNIT ( ) NAMED_UNIT ( #5462 ) );
#6294 = FILL_AREA_STYLE_COLOUR ( '', #4691 ) ;
#6295 = CARTESIAN_POINT ( 'NONE',  ( 0.2210927573109238431, 1.081583333333265395, -0.1478329447853193590 ) ) ;
#6296 = UNCERTAINTY_MEASURE_WITH_UNIT (LENGTH_MEASURE( 1.000000000000000082E-05 ), #2797, 'distance_accuracy_value', 'NONE');
#6297 = CARTESIAN_POINT ( 'NONE',  ( -0.07896299757889300996, 0.8359236111086908450, 0.2606093948623759426 ) ) ;
#6298 = ORIENTED_EDGE ( 'NONE', *, *, #3520, .F. ) ;
#6299 = SURFACE_STYLE_USAGE ( .BOTH. , #5350 ) ;
#6300 = CARTESIAN_POINT ( 'NONE',  ( 0.06501099433766485691, 1.089395833333104191, 0.2145456176238411949 ) ) ;
#6301 = CARTESIAN_POINT ( 'NONE',  ( 2.271719812418340408E-17, 0.4315000000000000502, -0.1854999999999999982 ) ) ;
#6302 = CARTESIAN_POINT ( 'NONE',  ( 0.1992600000000001870, 0.2459999999999999964, 0.000000000000000000 ) ) ;
#6303 = CARTESIAN_POINT ( 'NONE',  ( 0.000000000000000000, 1.092000000000000082, 0.000000000000000000 ) ) ;
#6304 = CARTESIAN_POINT ( 'NONE',  ( -0.1265519106175204966, 0.9704722222210790950, 0.1895317119498372838 ) ) ;
#6305 = CARTESIAN_POINT ( 'NONE',  ( 0.1974468957582238005, 0.8144888591009028511, 0.2266406404052127010 ) ) ;
#6306 = CYLINDRICAL_SURFACE ( 'NONE', #383, 0.08849999999999995370 ) ;
#6307 = EDGE_CURVE ( 'NONE', #823, #2730, #1269, .T. ) ;
#6308 = CARTESIAN_POINT ( 'NONE',  ( 0.2208974697661375830, 0.8827986111092517296, 0.06708141102156232882 ) ) ;
#6309 = PRESENTATION_LAYER_ASSIGNMENT (  '', '', ( #4514 ) ) ;
#6310 = CARTESIAN_POINT ( 'NONE',  ( -0.03468677670922033773, 1.007486172005275238, 0.2623486211041391458 ) ) ;
#6311 = DIRECTION ( 'NONE',  ( 0.000000000000000000, -0.9913253708875073844, -0.1314306244173940041 ) ) ;
#6312 = CARTESIAN_POINT ( 'NONE',  ( 0.1251044536435728660, 1.060749999999588411, -0.1873639681815433000 ) ) ;
#6313 = MECHANICAL_DESIGN_GEOMETRIC_PRESENTATION_REPRESENTATION (  '', ( #1298 ), #3374 ) ;
#6314 = CARTESIAN_POINT ( 'NONE',  ( -0.2224666202449711305, 0.9860972222209620774, -0.1487452020153176568 ) ) ;
#6315 = LINE ( 'NONE', #1820, #3166 ) ;
#6316 =( GEOMETRIC_REPRESENTATION_CONTEXT ( 3 ) GLOBAL_UNCERTAINTY_ASSIGNED_CONTEXT ( ( #4506 ) ) GLOBAL_UNIT_ASSIGNED_CONTEXT ( ( #5979, #4473, #693 ) ) REPRESENTATION_CONTEXT ( 'NONE', 'WORKASPACE' ) );
#6317 = CARTESIAN_POINT ( 'NONE',  ( 0.08625765944387474293, 1.062486111110660048, -0.2080667325773006004 ) ) ;
#6318 = VECTOR ( 'NONE', #2831, 39.37007874015748143 ) ;
#6319 = ORIENTED_EDGE ( 'NONE', *, *, #1437, .T. ) ;
#6320 = VERTEX_POINT ( 'NONE', #1521 ) ;
#6321 = CARTESIAN_POINT ( 'NONE',  ( 0.1401985107641605388, 0.9580064045506140324, 0.2257634275300544058 ) ) ;
#6322 = CARTESIAN_POINT ( 'NONE',  ( -3.734948428837859792E-17, 1.036427078905465038, -0.2631693952590506980 ) ) ;
#6323 = DIMENSIONAL_EXPONENTS ( 1.000000000000000000, 0.000000000000000000, 0.000000000000000000, 0.000000000000000000, 0.000000000000000000, 0.000000000000000000, 0.000000000000000000 ) ;
#6324 = ORIENTED_EDGE ( 'NONE', *, *, #4479, .F. ) ;
#6325 = CARTESIAN_POINT ( 'NONE',  ( 0.08625765944387474293, 1.055541666666159895, -0.2080667325773006004 ) ) ;
#6326 = CARTESIAN_POINT ( 'NONE',  ( 0.2083104456010647920, 0.9713402777768798124, -0.1708500827653590126 ) ) ;
#6327 = LINE ( 'NONE', #3931, #386 ) ;
#6328 = CARTESIAN_POINT ( 'NONE',  ( 0.1422048138236980952, 1.099812499999931914, 0.1731621402996687265 ) ) ;
#6329 = ORIENTED_EDGE ( 'NONE', *, *, #207, .T. ) ;
#6330 = LINE ( 'NONE', #4345, #2676 ) ;
#6331 = PRESENTATION_STYLE_ASSIGNMENT (( #4240 ) ) ;
#6332 = CARTESIAN_POINT ( 'NONE',  ( 0.2228657896885483380, 0.9913055555545378095, -0.04440611471102247354 ) ) ;
#6333 = DIRECTION ( 'NONE',  ( -0.000000000000000000, -0.000000000000000000, 1.000000000000000000 ) ) ;
#6334 = CARTESIAN_POINT ( 'NONE',  ( 0.2116785081867638696, 0.9305416666651602497, 0.08775503300897881387 ) ) ;
#6335 =( NAMED_UNIT ( * ) SI_UNIT ( $, .STERADIAN. ) SOLID_ANGLE_UNIT ( ) );
#6336 = CARTESIAN_POINT ( 'NONE',  ( -7.487568129835278001E-05, 0.8992916666649154456, -0.2303419995287566691 ) ) ;
#6337 = CARTESIAN_POINT ( 'NONE',  ( -0.03494972673857986434, 0.9221174048652680533, -0.2645727686812265333 ) ) ;
#6338 = CARTESIAN_POINT ( 'NONE',  ( -0.2092706577873298945, 1.020819444443677115, -0.08675678394681059225 ) ) ;
#6339 = EDGE_CURVE ( 'NONE', #1056, #486, #5442, .T. ) ;
#6340 = CARTESIAN_POINT ( 'NONE',  ( 0.08825415754236359822, 0.8958194444426323955, -0.2128824333838236771 ) ) ;
#6341 = CARTESIAN_POINT ( 'NONE',  ( -0.2065392692434180888, 0.9973819444431847314, 0.1696142369878339273 ) ) ;
#6342 = CARTESIAN_POINT ( 'NONE',  ( -0.2235925944025855538, 1.080715277777445582, 0.02195380438340893345 ) ) ;
#6343 = ORIENTED_EDGE ( 'NONE', *, *, #4203, .T. ) ;
#6344 = CARTESIAN_POINT ( 'NONE',  ( 0.000000000000000000, 0.8169999999999999485, -2.996271780935429149E-18 ) ) ;
#6345 = ORIENTED_EDGE ( 'NONE', *, *, #1117, .F. ) ;
#6346 = DIRECTION ( 'NONE',  ( 1.000000000000000000, 0.000000000000000000, 0.000000000000000000 ) ) ;
#6347 = CARTESIAN_POINT ( 'NONE',  ( 0.08537137598043297027, 0.9779735160777732750, -0.2510111381889815196 ) ) ;
#6348 = ADVANCED_FACE ( 'NONE', ( #6036 ), #5134, .T. ) ;
#6349 = CARTESIAN_POINT ( 'NONE',  ( 0.2403051272429410912, 1.026286176057984445, -0.1084089190538780612 ) ) ;
#6350 = DIRECTION ( 'NONE',  ( 0.000000000000000000, 3.667407320606400744E-18, 1.000000000000000000 ) ) ;
#6351 = CARTESIAN_POINT ( 'NONE',  ( 0.000000000000000000, 0.2459999999999999964, 0.3985000000000000209 ) ) ;
#6352 = VERTEX_POINT ( 'NONE', #2644 ) ;
#6353 = CARTESIAN_POINT ( 'NONE',  ( 0.1429937124905202306, 1.052937499999459403, -0.1741311218680960948 ) ) ;
#6354 = CARTESIAN_POINT ( 'NONE',  ( -6.769737118488285328E-13, 1.056338193188769425, 0.2563666201747840656 ) ) ;
#6355 = CARTESIAN_POINT ( 'NONE',  ( -0.2236270788982592517, 0.9878333333325357568, -0.1493182436333057583 ) ) ;
#6356 = UNCERTAINTY_MEASURE_WITH_UNIT (LENGTH_MEASURE( 1.000000000000000082E-05 ), #4423, 'distance_accuracy_value', 'NONE');
#6357 = CARTESIAN_POINT ( 'NONE',  ( -0.06518783196706093297, 1.091131944444191149, 0.2146622161351172675 ) ) ;
#6358 = ORIENTED_EDGE ( 'NONE', *, *, #3642, .F. ) ;
#6359 = DIRECTION ( 'NONE',  ( 1.000000000000000000, 0.000000000000000000, 0.000000000000000000 ) ) ;
#6360 = CARTESIAN_POINT ( 'NONE',  ( 0.1950648220748865402, 0.9004036570148137297, 0.1831152544613583455 ) ) ;
#6361 = CARTESIAN_POINT ( 'NONE',  ( -0.1896195335102481561, 0.9669999999988089234, 0.1266169005443792128 ) ) ;
#6362 = CARTESIAN_POINT ( 'NONE',  ( 0.2130805864723167853, 0.8819305555537149122, -0.08834202421040890374 ) ) ;
#6363 = AXIS2_PLACEMENT_3D ( 'NONE', #831, #3695, #2779 ) ;
#6364 = CARTESIAN_POINT ( 'NONE',  ( 0.2017149606299215026, 0.2459999999999999964, -0.7773149606299212255 ) ) ;
#6365 =( NAMED_UNIT ( * ) PLANE_ANGLE_UNIT ( ) SI_UNIT ( $, .RADIAN. ) );
#6366 = CARTESIAN_POINT ( 'NONE',  ( 0.000000000000000000, 0.2459999999999999964, -0.3985000000000000209 ) ) ;
#6367 = CARTESIAN_POINT ( 'NONE',  ( 0.2036817494705174536, 0.8810624999980813943, 0.1087850598880396036 ) ) ;
#6368 = DIRECTION ( 'NONE',  ( 0.000000000000000000, -0.000000000000000000, 1.000000000000000000 ) ) ;
#6369 = CARTESIAN_POINT ( 'NONE',  ( 0.2295930728027808509, 0.9419852148754948029, -0.004836294403458191865 ) ) ;
#6370 = CARTESIAN_POINT ( 'NONE',  ( -0.1761837294149279642, 0.9678680555542915620, 0.1446861541456168354 ) ) ;
#6371 = CARTESIAN_POINT ( 'NONE',  ( -0.2253626377536148417, 1.023423611110356513, -0.02226499114314861583 ) ) ;
#6372 = CARTESIAN_POINT ( 'NONE',  ( 0.1054295829129036355, 1.110229166666614420, -0.1971017734585568393 ) ) ;
#6373 = DIRECTION ( 'NONE',  ( 1.000000000000000000, -0.000000000000000000, 4.009914850492884856E-16 ) ) ;
#6374 = FILL_AREA_STYLE_COLOUR ( '', #1709 ) ;
#6375 = COLOUR_RGB ( '',0.1019607843137254888, 0.1019607843137254888, 0.1019607843137254888 ) ;
#6376 = CIRCLE ( 'NONE', #2411, 0.2017149606299215026 ) ;
#6377 = CARTESIAN_POINT ( 'NONE',  ( 0.2670455930419814439, 0.9626597222207884386, 0.02638360293038847018 ) ) ;
#6378 = CARTESIAN_POINT ( 'NONE',  ( 0.000000000000000000, 0.8170000000000000595, 0.000000000000000000 ) ) ;
#6379 = CARTESIAN_POINT ( 'NONE',  ( -0.1250452315939658554, 1.071166666666287792, -0.1870116761342204004 ) ) ;
#6380 = ORIENTED_EDGE ( 'NONE', *, *, #962, .F. ) ;
#6381 = CARTESIAN_POINT ( 'NONE',  ( -0.09214336898977432133, 0.7848240748239839748, -0.2146147092456426875 ) ) ;
#6382 = DIRECTION ( 'NONE',  ( -1.000000000000000000, 0.000000000000000000, 0.000000000000000000 ) ) ;
#6383 = COLOUR_RGB ( '',0.1019607843137254888, 0.1019607843137254888, 0.1019607843137254888 ) ;
#6384 = CARTESIAN_POINT ( 'NONE',  ( 0.2653319543791803348, 0.9675581670675527102, -0.01719650633910778381 ) ) ;
#6385 = CARTESIAN_POINT ( 'NONE',  ( 0.03466660589585108393, 1.035264869990531356, -0.2614809919924482307 ) ) ;
#6386 = CARTESIAN_POINT ( 'NONE',  ( 0.2949999999999999845, 0.6609226066219043849, 0.05802577058544378802 ) ) ;
#6387 =( NAMED_UNIT ( * ) SI_UNIT ( $, .STERADIAN. ) SOLID_ANGLE_UNIT ( ) );
#6388 = AXIS2_PLACEMENT_3D ( 'NONE', #324, #2337, #5143 ) ;
#6389 = EDGE_CURVE ( 'NONE', #3481, #1231, #5752, .T. ) ;
#6390 = CARTESIAN_POINT ( 'NONE',  ( -1.874771769424990420E-14, 0.8931782339269439541, 0.2676286272031049851 ) ) ;
#6391 = CARTESIAN_POINT ( 'NONE',  ( -0.2497485463217524182, 0.9409583333321567267, 0.1035438642791696312 ) ) ;
#6392 = PRESENTATION_LAYER_ASSIGNMENT (  '', '', ( #2531 ) ) ;
#6393 = AXIS2_PLACEMENT_3D ( 'NONE', #1527, #1555, #2614 ) ;
#6394 = CARTESIAN_POINT ( 'NONE',  ( 0.2244429135975564149, 1.052937499999536008, -0.02217942106008045228 ) ) ;
#6395 = MECHANICAL_DESIGN_GEOMETRIC_PRESENTATION_REPRESENTATION (  '', ( #3854 ), #779 ) ;
#6396 = ORIENTED_EDGE ( 'NONE', *, *, #255, .T. ) ;
#6397 =( LENGTH_UNIT ( ) NAMED_UNIT ( * ) SI_UNIT ( $, .METRE. ) );
#6398 = FILL_AREA_STYLE_COLOUR ( '', #6375 ) ;
#6399 = CARTESIAN_POINT ( 'NONE',  ( 6.850558844362074373E-05, 1.003458333332470476, -0.2268670834835015693 ) ) ;
#6400 = CARTESIAN_POINT ( 'NONE',  ( -0.1233597768893455460, 1.053578334218982837, 0.2283763959927188614 ) ) ;
#6401 = CARTESIAN_POINT ( 'NONE',  ( 0.1450880910558935699, 0.9418263888874813805, -0.1769076125967668223 ) ) ;
#6402 = MECHANICAL_DESIGN_GEOMETRIC_PRESENTATION_REPRESENTATION (  '', ( #1896 ), #5356 ) ;
#6403 = CARTESIAN_POINT ( 'NONE',  ( 0.2214000000000002633, 0.2459999999999999964, -0.7773149606299212255 ) ) ;
#6404 = CARTESIAN_POINT ( 'NONE',  ( 0.1917872772770614909, 0.8906111111092847032, -0.1280643575157456582 ) ) ;
#6405 = DIRECTION ( 'NONE',  ( 1.000000000000000000, 0.000000000000000000, 0.000000000000000000 ) ) ;
#6406 = DIRECTION ( 'NONE',  ( 1.000000000000000000, 0.000000000000000000, 0.000000000000000000 ) ) ;
#6407 = CARTESIAN_POINT ( 'NONE',  ( 0.1264940478687101855, 0.9878333333323143783, 0.1891785116514883291 ) ) ;
#6408 = CARTESIAN_POINT ( 'NONE',  ( 0.1429937124655314973, 1.052937499999451632, -0.1741311218903576208 ) ) ;
#6409 = AXIS2_PLACEMENT_3D ( 'NONE', #5883, #6368, #3819 ) ;
#6410 = CARTESIAN_POINT ( 'NONE',  ( -0.1974468957582238282, 0.6608861408990971409, 0.2266406404052126455 ) ) ;
#6411 = CARTESIAN_POINT ( 'NONE',  ( -0.07811667856536760879, 0.9470347222206703108, 0.2572348452851926925 ) ) ;
#6412 = SURFACE_STYLE_FILL_AREA ( #2423 ) ;
#6413 = CARTESIAN_POINT ( 'NONE',  ( 0.1741693366560060907, 1.058145833332873487, -0.1430319272784303652 ) ) ;
#6414 = ORIENTED_EDGE ( 'NONE', *, *, #6230, .F. ) ;
#6415 = CARTESIAN_POINT ( 'NONE',  ( -7.475255772425889160E-16, 0.9765115672609471220, -0.2650345213863129490 ) ) ;
#6416 = VECTOR ( 'NONE', #949, 39.37007874015748143 ) ;
#6417 = VERTEX_POINT ( 'NONE', #2134 ) ;
#6418 = CARTESIAN_POINT ( 'NONE',  ( 0.2110012118199162123, 0.9611921120612383351, 0.1620951418134541355 ) ) ;
#6419 = STYLED_ITEM ( 'NONE', ( #721 ), #3871 ) ;
#6420 = CIRCLE ( 'NONE', #4188, 0.1854999999999997762 ) ;
#6421 =( NAMED_UNIT ( * ) PLANE_ANGLE_UNIT ( ) SI_UNIT ( $, .RADIAN. ) );
#6422 = FILL_AREA_STYLE ('',( #529 ) ) ;
#6423 = ORIENTED_EDGE ( 'NONE', *, *, #580, .F. ) ;
#6424 = DIRECTION ( 'NONE',  ( 0.000000000000000000, 1.000000000000000000, 0.000000000000000000 ) ) ;
#6425 = CARTESIAN_POINT ( 'NONE',  ( -0.1899273632771927567, 0.9999861111104256794, 0.1898120104228191440 ) ) ;
#6426 = UNCERTAINTY_MEASURE_WITH_UNIT (LENGTH_MEASURE( 1.000000000000000082E-05 ), #4228, 'distance_accuracy_value', 'NONE');
#6427 = ADVANCED_FACE ( 'NONE', ( #3522 ), #3022, .T. ) ;
#6428 = CARTESIAN_POINT ( 'NONE',  ( -0.02208114228634722176, 1.037312499999422544, 0.2249436911828013308 ) ) ;
#6429 = ORIENTED_EDGE ( 'NONE', *, *, #4605, .T. ) ;
#6430 = CARTESIAN_POINT ( 'NONE',  ( -0.2137162374077344607, 0.8864444444449997018, -0.1388165406707651817 ) ) ;
#6431 = LINE ( 'NONE', #1458, #860 ) ;
#6432 = CARTESIAN_POINT ( 'NONE',  ( -0.08725590850686504307, 0.9722083333322417698, 0.2104745829748785879 ) ) ;
#6433 = CARTESIAN_POINT ( 'NONE',  ( 0.06681672231172960941, 0.8897430555537274577, -0.2205232411189763375 ) ) ;
#6434 = ORIENTED_EDGE ( 'NONE', *, *, #659, .F. ) ;
#6435 = EDGE_CURVE ( 'NONE', #5745, #3526, #222, .T. ) ;
#6436 =( CONVERSION_BASED_UNIT ( 'INCH', #1366 ) LENGTH_UNIT ( ) NAMED_UNIT ( #3795 ) );
#6437 = CARTESIAN_POINT ( 'NONE',  ( 0.04521311281400238608, 0.8419999999977992866, -0.2276883482975188278 ) ) ;
#6438 =( NAMED_UNIT ( * ) PLANE_ANGLE_UNIT ( ) SI_UNIT ( $, .RADIAN. ) );
#6439 = CARTESIAN_POINT ( 'NONE',  ( 0.1650138437673522029, 0.9359281816090659900, 0.1625240525221542387 ) ) ;
#6440 = CARTESIAN_POINT ( 'NONE',  ( -3.572673985899805740E-17, 0.6847233372557268716, 0.3406366588218791569 ) ) ;
#6441 = CARTESIAN_POINT ( 'NONE',  ( -0.08725590847952154061, 0.9791527777766643181, 0.2104745829881497221 ) ) ;
#6442 = CARTESIAN_POINT ( 'NONE',  ( -0.1589888996768718532, 1.065958333332980290, -0.1590849141537748201 ) ) ;
#6443 = CARTESIAN_POINT ( 'NONE',  ( 0.1906155838338197406, 0.9357499999985170458, 0.1272756391006361898 ) ) ;
#6444 = CARTESIAN_POINT ( 'NONE',  ( -0.02625545157166166155, 1.004326388887873067, 0.2657486202581877954 ) ) ;
#6445 = CARTESIAN_POINT ( 'NONE',  ( -0.1586777065321572089, 1.086791666666424794, 0.1587809957121704141 ) ) ;
#6446 = ORIENTED_EDGE ( 'NONE', *, *, #814, .F. ) ;
#6447 = DIRECTION ( 'NONE',  ( 0.000000000000000000, 0.000000000000000000, 1.000000000000000000 ) ) ;
#6448 = EDGE_LOOP ( 'NONE', ( #4492, #598, #4591, #3261 ) ) ;
#6449 = CARTESIAN_POINT ( 'NONE',  ( 0.2114398070680025277, 0.9263556696753602049, 0.1016185496323645243 ) ) ;
#6450 = LINE ( 'NONE', #3546, #4596 ) ;
#6451 = CARTESIAN_POINT ( 'NONE',  ( -0.1037712097628098601, 1.087393725957852109, 0.1982026856655093039 ) ) ;
#6452 =( NAMED_UNIT ( * ) SI_UNIT ( $, .STERADIAN. ) SOLID_ANGLE_UNIT ( ) );
#6453 = PRESENTATION_STYLE_ASSIGNMENT (( #4426 ) ) ;
#6454 = CARTESIAN_POINT ( 'NONE',  ( 0.000000000000000000, 0.8864444444449997018, -0.2742930060464869868 ) ) ;
#6455 = CARTESIAN_POINT ( 'NONE',  ( -2.969872986152240272E-17, 0.6583750000000000435, 0.3406366588218791569 ) ) ;
#6456 = CARTESIAN_POINT ( 'NONE',  ( 0.2376067867502965059, 0.9696041666656475266, -0.1271022861719173225 ) ) ;
ENDSEC;
END-ISO-10303-21;
