ISO-10303-21;
HEADER;
FILE_DESCRIPTION (( 'STEP AP214' ),
    '1' );
FILE_NAME ('84865K315_Clear Scratch- and UV-Resistant Cast Acrylic Tube.STEP',
    '2026-09-04T22:01:18',
    ( '' ),
    ( '' ),
    'SwSTEP 2.0',
    'SolidWorks 2026',
    '' );
FILE_SCHEMA (( 'AUTOMOTIVE_DESIGN' ));
ENDSEC;

DATA;
#1 = CARTESIAN_POINT ( 'NONE',  ( 4.964124110509318122, -149.1424411557505891, -38.95509905554660435 ) ) ;
#2 = CARTESIAN_POINT ( 'NONE',  ( -14.83016582922704352, 151.6812008575815867, -5.154961674833578478 ) ) ;
#3 =( GEOMETRIC_REPRESENTATION_CONTEXT ( 3 ) GLOBAL_UNCERTAINTY_ASSIGNED_CONTEXT ( ( #307 ) ) GLOBAL_UNIT_ASSIGNED_CONTEXT ( ( #810, #358, #444 ) ) REPRESENTATION_CONTEXT ( 'NONE', 'WORKASPACE' ) );
#4 = CARTESIAN_POINT ( 'NONE',  ( 14.11214665820700276, 151.7463410976594673, -76.51148938235212427 ) ) ;
#5 = SHAPE_DEFINITION_REPRESENTATION ( #1116, #1089 ) ;
#6 = PRESENTATION_LAYER_ASSIGNMENT (  '', '', ( #412 ) ) ;
#7 = CARTESIAN_POINT ( 'NONE',  ( -5.967675594380060566, -149.1056473523869954, 25.16486679089412348 ) ) ;
#8 = PRESENTATION_STYLE_ASSIGNMENT (( #806 ) ) ;
#9 = CARTESIAN_POINT ( 'NONE',  ( 1.698467359210868555, -149.2154579999313171, -36.18867787696444793 ) ) ;
#10 = CARTESIAN_POINT ( 'NONE',  ( 5.773431393599310901, -149.1132946290090331, -42.96848453100437837 ) ) ;
#11 = CARTESIAN_POINT ( 'NONE',  ( -149.2249999999999943, 0.000000000000000000, -152.4000000000000057 ) ) ;
#12 = CARTESIAN_POINT ( 'NONE',  ( 5.884989290484778479, -149.1089969649062255, 23.99771832203524369 ) ) ;
#13 = CARTESIAN_POINT ( 'NONE',  ( -9.336443011604540487, 148.9339279065014807, -3.557772094224569415 ) ) ;
#14 = CARTESIAN_POINT ( 'NONE',  ( -4.866414110840854512, -152.3224571437922918, 22.94050107388050819 ) ) ;
#15 = CARTESIAN_POINT ( 'NONE',  ( -24.67145560120088632, 150.3906329943505398, -10.65421330437611758 ) ) ;
#16 = DIRECTION ( 'NONE',  ( 0.000000000000000000, 0.000000000000000000, 1.000000000000000000 ) ) ;
#17 = UNCERTAINTY_MEASURE_WITH_UNIT (LENGTH_MEASURE( 1.000000000000000082E-05 ), #532, 'distance_accuracy_value', 'NONE');
#18 = CARTESIAN_POINT ( 'NONE',  ( 5.689910037261098452, -149.1166614564525048, 23.63297929853612089 ) ) ;
#19 = CARTESIAN_POINT ( 'NONE',  ( 24.20674874156615175, 147.2493103884498282, -12.25765376341834489 ) ) ;
#20 = EDGE_LOOP ( 'NONE', ( #972, #1021 ) ) ;
#21 = CARTESIAN_POINT ( 'NONE',  ( 4.503568043432611745, -152.3336175874787557, -46.00758140193517676 ) ) ;
#22 = CARTESIAN_POINT ( 'NONE',  ( -0.1193449594216816761, -149.2255271779909265, -48.48613847294615908 ) ) ;
#23 = APPLICATION_CONTEXT ( 'automotive_design' ) ;
#24 = CARTESIAN_POINT ( 'NONE',  ( -2.790810976785954800, -152.3745655658716771, -36.19223929122939154 ) ) ;
#25 = CARTESIAN_POINT ( 'NONE',  ( -20.47231200166095277, 147.8150295862468226, -74.53120946774353683 ) ) ;
#26 = CARTESIAN_POINT ( 'NONE',  ( -3.177246031336654841, -149.1912710021625799, 21.41920321168563035 ) ) ;
#27 =( GEOMETRIC_REPRESENTATION_CONTEXT ( 3 ) GLOBAL_UNCERTAINTY_ASSIGNED_CONTEXT ( ( #765 ) ) GLOBAL_UNIT_ASSIGNED_CONTEXT ( ( #562, #265, #354 ) ) REPRESENTATION_CONTEXT ( 'NONE', 'WORKASPACE' ) );
#28 = CARTESIAN_POINT ( 'NONE',  ( 29.40851518989715530, 146.3054577834186034, -17.69090259703261125 ) ) ;
#29 = AXIS2_PLACEMENT_3D ( 'NONE', #446, #1069, #988 ) ;
#30 = CARTESIAN_POINT ( 'NONE',  ( 37.32797752190361962, 144.4808731947736646, -41.19557198464743664 ) ) ;
#31 = MECHANICAL_DESIGN_GEOMETRIC_PRESENTATION_REPRESENTATION (  '', ( #441 ), #3 ) ;
#32 = CARTESIAN_POINT ( 'NONE',  ( -4.603250017705920349, -152.3307521915167229, 22.61918032708581450 ) ) ;
#33 = CARTESIAN_POINT ( 'NONE',  ( -6.255985624755434849, 149.1146136360484888, -79.44781726339893169 ) ) ;
#34 = CARTESIAN_POINT ( 'NONE',  ( -1.368504162168753924, -149.2192805267514757, -48.44513297634539839 ) ) ;
#35 = CARTESIAN_POINT ( 'NONE',  ( 3.646661369184871937, -152.3566471350534925, -37.35015396387863973 ) ) ;
#36 = CARTESIAN_POINT ( 'NONE',  ( -18.26649304834145937, 148.1069890003308558, -75.73069445024574975 ) ) ;
#37 = CARTESIAN_POINT ( 'NONE',  ( -1.467747006544166233, -149.2179152001689317, 32.95041574538609552 ) ) ;
#38 = CARTESIAN_POINT ( 'NONE',  ( 33.89847768954424367, 145.3245997463729111, -25.27712864833688045 ) ) ;
#39 = ADVANCED_FACE ( 'NONE', ( #645, #739 ), #447, .T. ) ;
#40 = EDGE_LOOP ( 'NONE', ( #477, #699 ) ) ;
#41 = SURFACE_STYLE_USAGE ( .BOTH. , #787 ) ;
#42 = CARTESIAN_POINT ( 'NONE',  ( -30.15885081262376488, 149.3883213161480512, -66.61294139549998761 ) ) ;
#43 = CARTESIAN_POINT ( 'NONE',  ( -6.493233727732245164, -152.2616306767966421, -39.89914192026063233 ) ) ;
#44 = CARTESIAN_POINT ( 'NONE',  ( -5.958489996474583883, -149.1060048097491233, 28.45825022105470836 ) ) ;
#45 = CARTESIAN_POINT ( 'NONE',  ( 21.22879655812539568, 150.9178599652625223, -9.896220461096740806 ) ) ;
#46 = CARTESIAN_POINT ( 'NONE',  ( 32.14867056918963328, 145.7212234935138895, -21.91609284444837158 ) ) ;
#47 = CARTESIAN_POINT ( 'NONE',  ( -9.364299491531355102, 148.9321936846370420, -78.82740498774033711 ) ) ;
#48 = CARTESIAN_POINT ( 'NONE',  ( 1.508966296589093314, -149.2175028808640604, -48.15165363699507850 ) ) ;
#49 = CARTESIAN_POINT ( 'NONE',  ( 4.962505685592603299, -152.3194656066557116, 31.01447873665574662 ) ) ;
#50 = SURFACE_STYLE_USAGE ( .BOTH. , #416 ) ;
#51 = CARTESIAN_POINT ( 'NONE',  ( -9.978339843812504384, 152.0780238415031818, -3.680266923592770745 ) ) ;
#52 = ORIENTED_EDGE ( 'NONE', *, *, #100, .F. ) ;
#53 = CIRCLE ( 'NONE', #440, 152.4000000000000057 ) ;
#54 = CARTESIAN_POINT ( 'NONE',  ( -39.44490137652034178, 147.2077373458211298, -46.26069906528512377 ) ) ;
#55 = ADVANCED_FACE ( 'NONE', ( #1070 ), #1003, .F. ) ;
#56 = CARTESIAN_POINT ( 'NONE',  ( -2.061269667241262926, -152.3861805566868952, 32.75804735905816756 ) ) ;
#57 =( LENGTH_UNIT ( ) NAMED_UNIT ( * ) SI_UNIT ( .MILLI., .METRE. ) );
#58 = ORIENTED_EDGE ( 'NONE', *, *, #89, .T. ) ;
#59 = CARTESIAN_POINT ( 'NONE',  ( -6.885297702872406944, -149.0660702525656234, -41.72192152039770008 ) ) ;
#60 = FILL_AREA_STYLE_COLOUR ( '', #755 ) ;
#61 = CARTESIAN_POINT ( 'NONE',  ( 15.89767371888089009, 151.5868136906207440, -6.622271648573472724 ) ) ;
#62 = DIRECTION ( 'NONE',  ( 0.000000000000000000, 0.000000000000000000, 1.000000000000000000 ) ) ;
#63 = VERTEX_POINT ( 'NONE', #171 ) ;
#64 = PRESENTATION_STYLE_ASSIGNMENT (( #150 ) ) ;
#65 = FACE_OUTER_BOUND ( 'NONE', #510, .T. ) ;
#66 = CARTESIAN_POINT ( 'NONE',  ( 5.802734566694040197, -152.4218185547872508, -42.13628628628684680 ) ) ;
#67 = EDGE_CURVE ( 'NONE', #794, #113, #890, .T. ) ;
#68 = ORIENTED_EDGE ( 'NONE', *, *, #146, .F. ) ;
#69 = VECTOR ( 'NONE', #1155, 1000.000000000000114 ) ;
#70 = CARTESIAN_POINT ( 'NONE',  ( 25.59412279401939116, 147.0144441570467677, -68.85597902281797644 ) ) ;
#71 =( GEOMETRIC_REPRESENTATION_CONTEXT ( 3 ) GLOBAL_UNCERTAINTY_ASSIGNED_CONTEXT ( ( #1113 ) ) GLOBAL_UNIT_ASSIGNED_CONTEXT ( ( #421, #213, #583 ) ) REPRESENTATION_CONTEXT ( 'NONE', 'WORKASPACE' ) );
#72 = SURFACE_STYLE_USAGE ( .BOTH. , #1058 ) ;
#73 = SURFACE_STYLE_FILL_AREA ( #979 ) ;
#74 = CARTESIAN_POINT ( 'NONE',  ( 4.975933062152007480, -149.1421935278925730, -45.31730735175145242 ) ) ;
#75 = CARTESIAN_POINT ( 'NONE',  ( -5.595618189039408108, -152.2974129580116198, -46.00978557640707578 ) ) ;
#76 = ORIENTED_EDGE ( 'NONE', *, *, #1048, .F. ) ;
#77 = SURFACE_STYLE_FILL_AREA ( #1043 ) ;
#78 = CARTESIAN_POINT ( 'NONE',  ( 5.803209794310579817, -152.2894702731716450, -41.71677349047955374 ) ) ;
#79 = PRESENTATION_STYLE_ASSIGNMENT (( #630 ) ) ;
#80 = CARTESIAN_POINT ( 'NONE',  ( -0.1307480052167219464, -152.4005068330056076, -48.48613849977613910 ) ) ;
#81 = DIRECTION ( 'NONE',  ( -0.000000000000000000, -0.000000000000000000, -1.000000000000000000 ) ) ;
#82 = CARTESIAN_POINT ( 'NONE',  ( 5.693716154954645781, -152.2937778399264346, 23.63298512719242339 ) ) ;
#83 = PRESENTATION_LAYER_ASSIGNMENT (  '', '', ( #863 ) ) ;
#84 = PRESENTATION_STYLE_ASSIGNMENT (( #537 ) ) ;
#85 = CIRCLE ( 'NONE', #104, 149.2249999999999943 ) ;
#86 = CARTESIAN_POINT ( 'NONE',  ( 37.30131135606217896, 147.7645836156895598, -41.19557198464743664 ) ) ;
#87 = CARTESIAN_POINT ( 'NONE',  ( 6.491064777020381982, -152.2617240072735854, 25.98180589872057311 ) ) ;
#88 = CARTESIAN_POINT ( 'NONE',  ( 36.78500833804878312, 147.8939910185320343, -47.50535349071226676 ) ) ;
#89 = EDGE_CURVE ( 'NONE', #608, #960, #99, .T. ) ;
#90 = UNCERTAINTY_MEASURE_WITH_UNIT (LENGTH_MEASURE( 1.000000000000000082E-05 ), #995, 'distance_accuracy_value', 'NONE');
#91 =( LENGTH_UNIT ( ) NAMED_UNIT ( * ) SI_UNIT ( .MILLI., .METRE. ) );
#92 =( LENGTH_UNIT ( ) NAMED_UNIT ( * ) SI_UNIT ( .MILLI., .METRE. ) );
#93 = CARTESIAN_POINT ( 'NONE',  ( 0.2918886542698649889, -149.2252661445963042, -35.82689117691752045 ) ) ;
#94 = CARTESIAN_POINT ( 'NONE',  ( -32.84845977589568378, 148.8182368002435680, -19.24954885527505866 ) ) ;
#95 = CARTESIAN_POINT ( 'NONE',  ( -10.01119603604323594, 152.0720819164088766, -78.68739994662523429 ) ) ;
#96 = DIRECTION ( 'NONE',  ( 1.000000000000000000, 0.000000000000000000, 0.000000000000000000 ) ) ;
#97 = CARTESIAN_POINT ( 'NONE',  ( 5.229024040011015728, -149.1335344841641302, 22.94270091521861588 ) ) ;
#98 = B_SPLINE_CURVE_WITH_KNOTS ( 'NONE', 3,
 ( #582, #491, #767, #1121, #218, #378, #592, #651, #284, #234, #1128, #688, #509, #495, #513, #224, #1046, #231, #45, #1141, #61, #142, #779, #606, #964, #773, #147, #870, #1054, #332, #697, #1127, #319, #501, #860, #51, #411, #324, #2, #797, #367, #102, #641, #15, #361, #356, #618, #1086, #653, #465, #108, #547, #94, #635, #998, #826, #814, #721, #1164, #903, #1078, #263, #1170, #974 ),
 .UNSPECIFIED., .F., .F.,
 ( 4, 2, 2, 2, 2, 2, 2, 2, 2, 2, 2, 2, 2, 2, 2, 2, 2, 2, 2, 2, 2, 2, 2, 2, 2, 2, 2, 2, 2, 2, 2, 4 ),
 ( 0.1208589311153651369, 0.1284105566722560654, 0.1359621822291469662, 0.1397379950075924304, 0.1416259013968151625, 0.1435138077860378947, 0.1510654333429287954, 0.1529533397321515276, 0.1548412461213742597, 0.1586170588998196962, 0.1661686844567105970, 0.1680565908459333291, 0.1699444972351560335, 0.1737203100136014977, 0.1774961227920469620, 0.1793840291812696941, 0.1812719355704924262, 0.1888235611273832992, 0.1925993739058287635, 0.1963751866842742277, 0.2039268122411651563, 0.2058147186303878606, 0.2077026250196106205, 0.2114784377980560570, 0.2152542505765014935, 0.2171421569657242534, 0.2190300633549469578, 0.2265816889118378585, 0.2303575016902832950, 0.2322454080795060549, 0.2341333144687287871, 0.2416849400256197433 ),
 .UNSPECIFIED. ) ;
#99 = LINE ( 'NONE', #435, #823 ) ;
#100 = EDGE_CURVE ( 'NONE', #135, #1064, #540, .T. ) ;
#101 = CARTESIAN_POINT ( 'NONE',  ( 4.244607006457441933, -149.1649087526422193, -37.93580548582872325 ) ) ;
#102 = CARTESIAN_POINT ( 'NONE',  ( -23.13987594073768150, 150.6339509261485148, -9.535784954762711152 ) ) ;
#103 = CARTESIAN_POINT ( 'NONE',  ( 37.23954311926662797, 147.7802187369351543, -43.71632405170545610 ) ) ;
#104 = AXIS2_PLACEMENT_3D ( 'NONE', #576, #965, #202 ) ;
#105 =( NAMED_UNIT ( * ) PLANE_ANGLE_UNIT ( ) SI_UNIT ( $, .RADIAN. ) );
#106 = CARTESIAN_POINT ( 'NONE',  ( -11.79357868114260555, 148.7594867518920410, -4.173840399024445702 ) ) ;
#107 = CARTESIAN_POINT ( 'NONE',  ( 5.609121957732424946, -149.1195665773870473, -40.48017913217251618 ) ) ;
#108 = CARTESIAN_POINT ( 'NONE',  ( -31.73058647895495810, 149.0606520462045239, -17.71720662753119413 ) ) ;
#109 =( NAMED_UNIT ( * ) SI_UNIT ( $, .STERADIAN. ) SOLID_ANGLE_UNIT ( ) );
#110 = CARTESIAN_POINT ( 'NONE',  ( 34.11301346287301328, 148.5332413096880089, -56.53444148856056728 ) ) ;
#111 = CARTESIAN_POINT ( 'NONE',  ( 1.825785961269492885, -149.2139626539973563, 20.67784298891150030 ) ) ;
#112 = CARTESIAN_POINT ( 'NONE',  ( -32.82270949150965578, 145.5709427821006443, -19.25045322764168532 ) ) ;
#113 = VERTEX_POINT ( 'NONE', #439 ) ;
#114 = CARTESIAN_POINT ( 'NONE',  ( -37.22193530313570875, 147.7847635592046345, -54.80320920067700285 ) ) ;
#115 = CARTESIAN_POINT ( 'NONE',  ( -6.563009647529536750, -152.2586304695730632, -40.09411599811371474 ) ) ;
#116 = SURFACE_SIDE_STYLE ('',( #909 ) ) ;
#117 = CARTESIAN_POINT ( 'NONE',  ( 3.354138951392522827, -149.1874123170435951, 21.31114405444755988 ) ) ;
#118 = CARTESIAN_POINT ( 'NONE',  ( -29.28390749068423915, 146.3262133951792521, -14.84225725121406114 ) ) ;
#119 = CARTESIAN_POINT ( 'NONE',  ( -6.167745695023900687, -152.2751421376499934, 26.81400036400072295 ) ) ;
#120 = CARTESIAN_POINT ( 'NONE',  ( 0.03396291861090945663, 149.2303296583222618, -79.69608943157041381 ) ) ;
#121 = LINE ( 'NONE', #1117, #426 ) ;
#122 = CARTESIAN_POINT ( 'NONE',  ( -4.421505077838002506, -152.3362383890470824, -37.08818441724986315 ) ) ;
#123 = EDGE_CURVE ( 'NONE', #1038, #530, #353, .T. ) ;
#124 = CARTESIAN_POINT ( 'NONE',  ( -29.29078515909579750, 146.3248403270195865, -67.54159198640763861 ) ) ;
#125 = CARTESIAN_POINT ( 'NONE',  ( 2.412832657602753450, -149.2056163020212409, 32.76160877332311117 ) ) ;
#126 = AXIS2_PLACEMENT_3D ( 'NONE', #1093, #187, #256 ) ;
#127 = DIRECTION ( 'NONE',  ( 1.000000000000000000, 0.000000000000000000, 0.000000000000000000 ) ) ;
#128 = AXIS2_PLACEMENT_3D ( 'NONE', #668, #233, #1034 ) ;
#129 = ORIENTED_EDGE ( 'NONE', *, *, #497, .F. ) ;
#130 = CARTESIAN_POINT ( 'NONE',  ( -5.318065283939012566, -152.3072153779331757, 23.63407118752027714 ) ) ;
#131 = CARTESIAN_POINT ( 'NONE',  ( -38.40197862396384920, 147.4828543252818349, -51.18484791369704112 ) ) ;
#132 = CARTESIAN_POINT ( 'NONE',  ( -3.001690535893295486, -152.3708275478106771, 32.32369066464761431 ) ) ;
#133 = CARTESIAN_POINT ( 'NONE',  ( 5.221618591597632530, -149.1337964712521114, 30.69514556800186611 ) ) ;
#134 = CARTESIAN_POINT ( 'NONE',  ( 5.114794496944922386, 149.1424210178821284, -3.198015488666638984 ) ) ;
#135 = VERTEX_POINT ( 'NONE', #294 ) ;
#136 = CARTESIAN_POINT ( 'NONE',  ( -3.713588158795496863, -149.1788984088018140, -47.63782369132751882 ) ) ;
#137 = CARTESIAN_POINT ( 'NONE',  ( 1.819779939257871293, -152.3892650736740109, 32.95279531596918332 ) ) ;
#138 = FACE_OUTER_BOUND ( 'NONE', #328, .T. ) ;
#139 = ORIENTED_EDGE ( 'NONE', *, *, #473, .T. ) ;
#140 = CARTESIAN_POINT ( 'NONE',  ( -6.843772373956401367, -149.0680046289867278, -42.97167034758598447 ) ) ;
#141 = CARTESIAN_POINT ( 'NONE',  ( 1.090179382913448292, -152.3962309823799330, -35.99749133431838999 ) ) ;
#142 = CARTESIAN_POINT ( 'NONE',  ( 12.96768030718978437, 151.8484290324062442, -5.404473808176450511 ) ) ;
#143 = CLOSED_SHELL ( 'NONE', ( #985, #1062, #55, #518, #742, #39, #1013, #1174, #193, #875, #302, #240 ) ) ;
#144 = ORIENTED_EDGE ( 'NONE', *, *, #856, .T. ) ;
#145 = COLOUR_RGB ( '',0.8588235294117646523, 0.8588235294117646523, 0.8588235294117646523 ) ;
#146 = EDGE_CURVE ( 'NONE', #788, #1056, #1066, .T. ) ;
#147 = CARTESIAN_POINT ( 'NONE',  ( 7.553158240074798968, 152.2177108548993658, -3.691139574231124154 ) ) ;
#148 = CARTESIAN_POINT ( 'NONE',  ( 5.640989368097157453, -152.2955707460025678, -43.57726035782329888 ) ) ;
#149 = ORIENTED_EDGE ( 'NONE', *, *, #401, .F. ) ;
#150 = SURFACE_STYLE_USAGE ( .BOTH. , #535 ) ;
#151 = CARTESIAN_POINT ( 'NONE',  ( -5.584040715013443901, -149.1206661831627684, -38.26209595262211138 ) ) ;
#152 = EDGE_CURVE ( 'NONE', #432, #1038, #784, .T. ) ;
#153 = DIRECTION ( 'NONE',  ( -0.003590711924051484972, -0.9999935533731596493, -0.000000000000000000 ) ) ;
#154 = CARTESIAN_POINT ( 'NONE',  ( -37.62491026702041097, 144.4043397974022298, -28.73818519925332993 ) ) ;
#155 = CARTESIAN_POINT ( 'NONE',  ( -5.963873984604498801, -152.2832847224901229, 25.16487378044913470 ) ) ;
#156 = ORIENTED_EDGE ( 'NONE', *, *, #701, .T. ) ;
#157 = CYLINDRICAL_SURFACE ( 'NONE', #333, 6.349999999999984546 ) ;
#158 = B_SPLINE_CURVE_WITH_KNOTS ( 'NONE', 3,
 ( #922, #915, #467, #1100, #443, #809, #357, #722, #991, #548, #1171, #409, #864, #132, #326, #56, #480, #853, #595, #676, #781, #588, #771, #950, #137, #489, #686, #499, #858, #204, #298, #49, #415, #847, #682, #945, #493, #777, #1136, #1018, #1040, #1030 ),
 .UNSPECIFIED., .F., .F.,
 ( 4, 2, 2, 2, 2, 2, 2, 2, 2, 2, 2, 2, 2, 2, 2, 2, 2, 2, 2, 2, 4 ),
 ( 0.01985514839305858523, 0.02109581321014886851, 0.02171614561869400495, 0.02233647802723914139, 0.02357714284432940732, 0.02481780766141967326, 0.02605847247850993573, 0.02729913729560020166, 0.02791946970414532769, 0.02853980211269045719, 0.02978046692978071272, 0.03102113174687096825, 0.03164146415541609775, 0.03226179656396122031, 0.03350246138105147931, 0.03474312619814173830, 0.03598379101523199730, 0.03660412342377713374, 0.03722445583232227018, 0.03846512064941252917, 0.03970578546650280205 ),
 .UNSPECIFIED. ) ;
#159 = CARTESIAN_POINT ( 'NONE',  ( 5.149146175017798477, -152.3130196351787333, -39.32184728195931456 ) ) ;
#160 = SURFACE_STYLE_FILL_AREA ( #542 ) ;
#161 = CARTESIAN_POINT ( 'NONE',  ( 5.171046774203488461, -149.1354630867137132, -44.95256832825234028 ) ) ;
#162 = CARTESIAN_POINT ( 'NONE',  ( -38.37498466500458960, 144.2068164678667301, -51.18631731618270919 ) ) ;
#163 = CARTESIAN_POINT ( 'NONE',  ( 6.487260872329175143, -149.0839447812828951, 25.98180211928317718 ) ) ;
#164 = EDGE_LOOP ( 'NONE', ( #502, #425 ) ) ;
#165 = FACE_OUTER_BOUND ( 'NONE', #667, .T. ) ;
#166 = PRESENTATION_LAYER_ASSIGNMENT (  '', '', ( #713 ) ) ;
#167 = MECHANICAL_DESIGN_GEOMETRIC_PRESENTATION_REPRESENTATION (  '', ( #1068 ), #252 ) ;
#168 = FILL_AREA_STYLE_COLOUR ( '', #369 ) ;
#169 = DIRECTION ( 'NONE',  ( -1.000000000000000000, 0.000000000000000000, 0.000000000000000000 ) ) ;
#170 = SURFACE_STYLE_USAGE ( .BOTH. , #1151 ) ;
#171 = CARTESIAN_POINT ( 'NONE',  ( 5.814620424966691736, -149.1116722940010391, -42.13628628628684680 ) ) ;
#172 = DIRECTION ( 'NONE',  ( -1.000000000000000000, 0.000000000000000000, 0.000000000000000000 ) ) ;
#173 = CARTESIAN_POINT ( 'NONE',  ( -34.57794670047312735, 145.1706298893255394, -60.51240183506190817 ) ) ;
#174 = FILL_AREA_STYLE_COLOUR ( '', #292 ) ;
#175 = EDGE_CURVE ( 'NONE', #709, #976, #53, .T. ) ;
#176 = CARTESIAN_POINT ( 'NONE',  ( 1.010970556118848895, -152.3971980160047224, 20.50443325605811751 ) ) ;
#177 = CARTESIAN_POINT ( 'NONE',  ( 33.31457745014125038, 148.7144114834396476, -58.25260235659590080 ) ) ;
#178 = FACE_OUTER_BOUND ( 'NONE', #225, .T. ) ;
#179 = CARTESIAN_POINT ( 'NONE',  ( 4.855717642147855173, -149.1460227850242291, -38.77464590749877260 ) ) ;
#180 = AXIS2_PLACEMENT_3D ( 'NONE', #931, #300, #1025 ) ;
#181 = CARTESIAN_POINT ( 'NONE',  ( 35.32067926660744916, 148.2538127665799550, -53.63015954861648993 ) ) ;
#182 =( NAMED_UNIT ( * ) PLANE_ANGLE_UNIT ( ) SI_UNIT ( $, .RADIAN. ) );
#183 = CARTESIAN_POINT ( 'NONE',  ( 36.99997105707289080, 144.5652524637760052, -46.24550096098880658 ) ) ;
#184 = CARTESIAN_POINT ( 'NONE',  ( 6.319773018230746331, -152.2689204339151274, 25.17179557942970547 ) ) ;
#185 = SURFACE_STYLE_USAGE ( .BOTH. , #921 ) ;
#186 = CARTESIAN_POINT ( 'NONE',  ( 29.38629775238930719, 149.5467671069124833, -64.69403631951470857 ) ) ;
#187 = DIRECTION ( 'NONE',  ( -0.008120474462531097545, 0.9999670284036886736, -0.000000000000000000 ) ) ;
#188 = CARTESIAN_POINT ( 'NONE',  ( 37.26619029620183454, 144.4968800961879367, -43.71656183027858589 ) ) ;
#189 = CARTESIAN_POINT ( 'NONE',  ( 2.276047585402084739, -149.2081382578957687, -36.42752919049667071 ) ) ;
#190 = CYLINDRICAL_SURFACE ( 'NONE', #824, 6.349999999999974776 ) ;
#191 = DIRECTION ( 'NONE',  ( -0.000000000000000000, -0.000000000000000000, -1.000000000000000000 ) ) ;
#192 = FACE_OUTER_BOUND ( 'NONE', #272, .T. ) ;
#193 = ADVANCED_FACE ( 'NONE', ( #138, #1072 ), #728, .F. ) ;
#194 = CARTESIAN_POINT ( 'NONE',  ( 12.39948373911332524, 148.7101574659533583, -5.174619597538797855 ) ) ;
#195 = CARTESIAN_POINT ( 'NONE',  ( -4.410100189503886270, -149.1602188098780744, -37.08818424635155253 ) ) ;
#196 = DIRECTION ( 'NONE',  ( 0.9999992837101810972, 0.001196903974680663249, 0.000000000000000000 ) ) ;
#197 = CARTESIAN_POINT ( 'NONE',  ( 33.85680101070258274, 148.5919051592951234, -57.11043846500910348 ) ) ;
#198 = CARTESIAN_POINT ( 'NONE',  ( -22.08847282984406135, 147.5821202297496484, -73.54193287954657876 ) ) ;
#199 =( GEOMETRIC_REPRESENTATION_CONTEXT ( 3 ) GLOBAL_UNCERTAINTY_ASSIGNED_CONTEXT ( ( #937 ) ) GLOBAL_UNIT_ASSIGNED_CONTEXT ( ( #873, #981, #891 ) ) REPRESENTATION_CONTEXT ( 'NONE', 'WORKASPACE' ) );
#200 = CARTESIAN_POINT ( 'NONE',  ( -6.896708333528517088, -152.2438682317361724, -42.13628628628684680 ) ) ;
#201 = CARTESIAN_POINT ( 'NONE',  ( -32.45749591591793859, 145.6528751616772581, -18.73209817547457945 ) ) ;
#202 = DIRECTION ( 'NONE',  ( 1.000000000000000000, 0.000000000000000000, 0.000000000000000000 ) ) ;
#203 = CARTESIAN_POINT ( 'NONE',  ( -37.85024021783024040, 147.6250499948924073, -53.00292447568764231 ) ) ;
#204 = CARTESIAN_POINT ( 'NONE',  ( 4.048971005768907894, -152.3465946894736192, 31.86806816041139356 ) ) ;
#205 = CARTESIAN_POINT ( 'NONE',  ( -1.468582002255289121, -149.2183291404440411, 20.66731693126563840 ) ) ;
#206 = CARTESIAN_POINT ( 'NONE',  ( 3.868660354410570879, 149.1801661691715424, -3.011193394948791457 ) ) ;
#207 = ORIENTED_EDGE ( 'NONE', *, *, #100, .T. ) ;
#208 = FILL_AREA_STYLE ('',( #1028 ) ) ;
#209 = CARTESIAN_POINT ( 'NONE',  ( -14.84686129817290379, 151.6795399941216544, -77.22974532642437850 ) ) ;
#210 = CARTESIAN_POINT ( 'NONE',  ( 2.629522174107034704, -152.3777040541697261, -36.62236950235885757 ) ) ;
#211 = CARTESIAN_POINT ( 'NONE',  ( -1.266432145446291901, -149.2197639481716180, 33.00085684861252844 ) ) ;
#212 = CARTESIAN_POINT ( 'NONE',  ( 37.32797752190361962, 144.4808731947736646, -41.19557198464743664 ) ) ;
#213 =( NAMED_UNIT ( * ) PLANE_ANGLE_UNIT ( ) SI_UNIT ( $, .RADIAN. ) );
#214 = CARTESIAN_POINT ( 'NONE',  ( 3.340963934634062049, -149.1879993404140521, -47.18292636074176016 ) ) ;
#215 = CARTESIAN_POINT ( 'NONE',  ( -5.332706295719537692, -152.3069528072353762, -37.94222537688727925 ) ) ;
#216 = FACE_BOUND ( 'NONE', #20, .T. ) ;
#217 = CARTESIAN_POINT ( 'NONE',  ( 10.60792490346096706, 148.8487071754409499, -4.548310389251256858 ) ) ;
#218 = CARTESIAN_POINT ( 'NONE',  ( 35.31874140001259832, 148.2542596579940266, -28.75642055883764314 ) ) ;
#219 = ORIENTED_EDGE ( 'NONE', *, *, #175, .T. ) ;
#220 = CARTESIAN_POINT ( 'NONE',  ( -3.750927575734694042, 149.1991904836185938, -79.69452725347720445 ) ) ;
#221 = CARTESIAN_POINT ( 'NONE',  ( -24.73945422802714234, 150.3935877352716943, -71.78294261737248405 ) ) ;
#222 = CARTESIAN_POINT ( 'NONE',  ( -1.383489567077582416, -152.3942606156466013, -35.82800642577408468 ) ) ;
#223 = CARTESIAN_POINT ( 'NONE',  ( -0.6576757740742279479, -149.2241026110878863, 33.12227951026655859 ) ) ;
#224 = CARTESIAN_POINT ( 'NONE',  ( 24.18133409035437609, 150.4700906430233260, -12.25830608218934792 ) ) ;
#225 = EDGE_LOOP ( 'NONE', ( #344, #614, #800, #867 ) ) ;
#226 = CARTESIAN_POINT ( 'NONE',  ( 0.9076025271674276196, -149.2223806572337139, -48.32359008670451317 ) ) ;
#227 = CARTESIAN_POINT ( 'NONE',  ( -0.9712965041284391532, -152.3974802262733874, -35.78663614577875052 ) ) ;
#228 = CARTESIAN_POINT ( 'NONE',  ( -5.837781033964066779, -149.1107795766707795, 28.85617743318072215 ) ) ;
#229 = VERTEX_POINT ( 'NONE', #710 ) ;
#230 = CARTESIAN_POINT ( 'NONE',  ( -6.131378582009685552, -149.0990054424090658, 27.64021373086547229 ) ) ;
#231 = CARTESIAN_POINT ( 'NONE',  ( 22.23719646575044706, 150.7721506907150797, -10.64348130756844668 ) ) ;
#232 = VECTOR ( 'NONE', #855, 1000.000000000000114 ) ;
#233 = DIRECTION ( 'NONE',  ( 0.000000000000000000, 0.000000000000000000, 1.000000000000000000 ) ) ;
#234 = CARTESIAN_POINT ( 'NONE',  ( 31.47127286117602196, 149.1154927794019898, -20.83398842490246849 ) ) ;
#235 = ORIENTED_EDGE ( 'NONE', *, *, #401, .T. ) ;
#236 = AXIS2_PLACEMENT_3D ( 'NONE', #1169, #652, #726 ) ;
#237 = CARTESIAN_POINT ( 'NONE',  ( -6.244660352584992857, -149.0943657092163903, -39.32598424336620013 ) ) ;
#238 = FILL_AREA_STYLE ('',( #887 ) ) ;
#239 = ORIENTED_EDGE ( 'NONE', *, *, #687, .F. ) ;
#240 = ADVANCED_FACE ( 'NONE', ( #165 ), #157, .F. ) ;
#241 = PRESENTATION_STYLE_ASSIGNMENT (( #72 ) ) ;
#242 = CARTESIAN_POINT ( 'NONE',  ( 6.528441664543323419, -149.0821252680301825, 27.23351523448741673 ) ) ;
#243 = CARTESIAN_POINT ( 'NONE',  ( 5.410189096550351628, -149.1269152145143266, -44.37578365427658156 ) ) ;
#244 = CARTESIAN_POINT ( 'NONE',  ( -2.194359116210482075, -152.3847454524227203, -48.28297119838367735 ) ) ;
#245 = ORIENTED_EDGE ( 'NONE', *, *, #255, .T. ) ;
#246 = DIRECTION ( 'NONE',  ( -0.000000000000000000, -0.000000000000000000, -1.000000000000000000 ) ) ;
#247 = CARTESIAN_POINT ( 'NONE',  ( 6.124087948264424597, -149.0993042715468562, 24.57450299601100596 ) ) ;
#248 = ORIENTED_EDGE ( 'NONE', *, *, #1084, .T. ) ;
#249 = AXIS2_PLACEMENT_3D ( 'NONE', #526, #881, #169 ) ;
#250 = CARTESIAN_POINT ( 'NONE',  ( 37.32797752190363383, 144.4808731947736362, -42.45511469580328168 ) ) ;
#251 =( GEOMETRIC_REPRESENTATION_CONTEXT ( 3 ) GLOBAL_UNCERTAINTY_ASSIGNED_CONTEXT ( ( #291 ) ) GLOBAL_UNIT_ASSIGNED_CONTEXT ( ( #1079, #429, #109 ) ) REPRESENTATION_CONTEXT ( 'NONE', 'WORKASPACE' ) );
#252 =( GEOMETRIC_REPRESENTATION_CONTEXT ( 3 ) GLOBAL_UNCERTAINTY_ASSIGNED_CONTEXT ( ( #1137 ) ) GLOBAL_UNIT_ASSIGNED_CONTEXT ( ( #434, #352, #1156 ) ) REPRESENTATION_CONTEXT ( 'NONE', 'WORKASPACE' ) );
#253 = FACE_OUTER_BOUND ( 'NONE', #926, .T. ) ;
#254 = CARTESIAN_POINT ( 'NONE',  ( -149.2249999999999943, 0.000000000000000000, 152.4000000000000057 ) ) ;
#255 = EDGE_CURVE ( 'NONE', #1038, #432, #798, .T. ) ;
#256 = DIRECTION ( 'NONE',  ( -0.9999670284036884516, -0.008120474462530941420, 0.000000000000000000 ) ) ;
#257 = CARTESIAN_POINT ( 'NONE',  ( -4.736369722439977892, -149.1501024462325518, -37.35640512422460802 ) ) ;
#258 = CARTESIAN_POINT ( 'NONE',  ( -14.82263221946333509, 148.4915580561075785, -77.22911771345023624 ) ) ;
#259 =( LENGTH_UNIT ( ) NAMED_UNIT ( * ) SI_UNIT ( .MILLI., .METRE. ) );
#260 = CARTESIAN_POINT ( 'NONE',  ( -6.572855752090421610, -152.2582772888386557, -44.18130632664848889 ) ) ;
#261 = DIRECTION ( 'NONE',  ( 0.000000000000000000, 0.000000000000000000, 1.000000000000000000 ) ) ;
#262 = CARTESIAN_POINT ( 'NONE',  ( -2.995528588437857298, -152.3706686040135878, 21.31245929232621350 ) ) ;
#263 = CARTESIAN_POINT ( 'NONE',  ( -39.44496781857024814, 147.2077333821729042, -36.12427869486707976 ) ) ;
#264 = CARTESIAN_POINT ( 'NONE',  ( 22.23543734821516438, 150.7723852247683283, -71.74880383324286015 ) ) ;
#265 =( NAMED_UNIT ( * ) PLANE_ANGLE_UNIT ( ) SI_UNIT ( $, .RADIAN. ) );
#266 = PRESENTATION_LAYER_ASSIGNMENT (  '', '', ( #462 ) ) ;
#267 = CARTESIAN_POINT ( 'NONE',  ( 5.160551880461965446, -149.1357736640345024, -39.32184150180383853 ) ) ;
#268 = COLOUR_RGB ( '',0.8588235294117646523, 0.8588235294117646523, 0.8588235294117646523 ) ;
#269 = EDGE_CURVE ( 'NONE', #1047, #530, #98, .T. ) ;
#270 = SURFACE_STYLE_FILL_AREA ( #527 ) ;
#271 = CARTESIAN_POINT ( 'NONE',  ( -2.441136189980362303, -149.2051555335210367, 21.02583599052045926 ) ) ;
#272 = EDGE_LOOP ( 'NONE', ( #1161, #58, #679, #400 ) ) ;
#273 = CARTESIAN_POINT ( 'NONE',  ( -3.719750664169306109, -149.1790310804053945, -36.62659982042167428 ) ) ;
#274 =( LENGTH_UNIT ( ) NAMED_UNIT ( * ) SI_UNIT ( .MILLI., .METRE. ) );
#275 = EDGE_CURVE ( 'NONE', #417, #1064, #1090, .T. ) ;
#276 = CARTESIAN_POINT ( 'NONE',  ( 3.815042047391558278, 152.3575408533886844, -79.38399292253170358 ) ) ;
#277 = CARTESIAN_POINT ( 'NONE',  ( -5.847628577800516148, -149.1104667761240137, 24.76897346779363929 ) ) ;
#278 = CARTESIAN_POINT ( 'NONE',  ( 27.82056228022089783, 146.6198259841850131, -15.76024164599136235 ) ) ;
#279 = CARTESIAN_POINT ( 'NONE',  ( 2.991318235561176042, -152.3707505787071170, 21.11526938117974694 ) ) ;
#280 =( NAMED_UNIT ( * ) SI_UNIT ( $, .STERADIAN. ) SOLID_ANGLE_UNIT ( ) );
#281 = CARTESIAN_POINT ( 'NONE',  ( 16.40520122674260506, 151.5154834675340965, -75.42497205316820441 ) ) ;
#282 = CARTESIAN_POINT ( 'NONE',  ( 4.055178947716166604, -149.1702943313777894, 21.76736028954584867 ) ) ;
#283 = CARTESIAN_POINT ( 'NONE',  ( 8.799364140744563301, 148.9702390074913296, -3.997979098499227391 ) ) ;
#284 = CARTESIAN_POINT ( 'NONE',  ( 32.12353487216930858, 148.9763394289945495, -21.91832909020435594 ) ) ;
#285 = CARTESIAN_POINT ( 'NONE',  ( -152.4000000000000057, 0.000000000000000000, 152.4000000000000057 ) ) ;
#286 = CARTESIAN_POINT ( 'NONE',  ( -5.929074834070850564, -149.1072095219157632, -45.49396074117235855 ) ) ;
#287 = AXIS2_PLACEMENT_3D ( 'NONE', #550, #261, #1097 ) ;
#288 = CARTESIAN_POINT ( 'NONE',  ( 33.02769324874078904, 148.7784447057593127, -58.82034363434941326 ) ) ;
#289 = SURFACE_STYLE_USAGE ( .BOTH. , #116 ) ;
#290 = PRESENTATION_LAYER_ASSIGNMENT (  '', '', ( #943 ) ) ;
#291 = UNCERTAINTY_MEASURE_WITH_UNIT (LENGTH_MEASURE( 1.000000000000000082E-05 ), #1079, 'distance_accuracy_value', 'NONE');
#292 = COLOUR_RGB ( '',0.8588235294117646523, 0.8588235294117646523, 0.8588235294117646523 ) ;
#293 = PRESENTATION_STYLE_ASSIGNMENT (( #566 ) ) ;
#294 = CARTESIAN_POINT ( 'NONE',  ( 149.2249999999999943, 1.827479186027637520E-14, 152.4000000000000057 ) ) ;
#295 = ORIENTED_EDGE ( 'NONE', *, *, #345, .T. ) ;
#296 = CARTESIAN_POINT ( 'NONE',  ( 3.329557282243253979, -152.3640200571690286, -47.18292823091910293 ) ) ;
#297 = CARTESIAN_POINT ( 'NONE',  ( -39.69614983102184169, 147.1393070820746800, -43.75056814910497849 ) ) ;
#298 = CARTESIAN_POINT ( 'NONE',  ( 4.376043114735950645, -152.3374422525029956, 31.60013268640893358 ) ) ;
#299 = CARTESIAN_POINT ( 'NONE',  ( -38.79948242001407976, 144.0927382625786493, -33.02393214996619264 ) ) ;
#300 = DIRECTION ( 'NONE',  ( -0.003590711924051485839, -0.9999935533731598714, -0.000000000000000000 ) ) ;
#301 = DIRECTION ( 'NONE',  ( 0.000000000000000000, 0.000000000000000000, 1.000000000000000000 ) ) ;
#302 = ADVANCED_FACE ( 'NONE', ( #727 ), #190, .F. ) ;
#303 = ORIENTED_EDGE ( 'NONE', *, *, #1048, .T. ) ;
#304 = FACE_OUTER_BOUND ( 'NONE', #1075, .T. ) ;
#305 = CARTESIAN_POINT ( 'NONE',  ( -0.9477834303873695632, -149.2225650206352725, -48.48643329541880576 ) ) ;
#306 = CARTESIAN_POINT ( 'NONE',  ( -3.731147563452663185, -152.3547103687236586, -36.62659598563995189 ) ) ;
#307 = UNCERTAINTY_MEASURE_WITH_UNIT (LENGTH_MEASURE( 1.000000000000000082E-05 ), #810, 'distance_accuracy_value', 'NONE');
#308 = CARTESIAN_POINT ( 'NONE',  ( -2.640962520516020540, -149.2021225531447612, 32.51886717898958779 ) ) ;
#309 = CARTESIAN_POINT ( 'NONE',  ( 11.20739515393535513, 148.8047459740742227, -4.746860013463081174 ) ) ;
#310 = EDGE_LOOP ( 'NONE', ( #144, #966 ) ) ;
#311 = PRESENTATION_STYLE_ASSIGNMENT (( #41 ) ) ;
#312 = CARTESIAN_POINT ( 'NONE',  ( -17.15963757644164289, 151.4353293702651797, -76.26802034292103372 ) ) ;
#313 = B_SPLINE_CURVE_WITH_KNOTS ( 'NONE', 3,
 ( #1140, #696, #230, #869, #44, #228, #1119, #406, #327, #1126, #692, #605, #419, #331, #308, #600, #684, #37, #211, #223, #596, #958, #778, #580, #938, #848, #125, #946, #952, #398, #500, #677, #133, #859, #410, #1134, #323, #1041, #341, #970, #242, #982 ),
 .UNSPECIFIED., .F., .F.,
 ( 4, 2, 2, 2, 2, 2, 2, 2, 2, 2, 2, 2, 2, 2, 2, 2, 2, 2, 2, 2, 4 ),
 ( 0.01985524068904381476, 0.02109591119070118592, 0.02171624644152987324, 0.02233658169235855709, 0.02357725219401593519, 0.02481792269567331330, 0.02605859319733070528, 0.02729926369898810073, 0.02791959894981679499, 0.02853993420064548925, 0.02978060470230287776, 0.03102127520396026628, 0.03164161045478895706, 0.03226194570561765479, 0.03350261620727504330, 0.03474328670893243182, 0.03598395721058982033, 0.03660429246141851806, 0.03722462771224721578, 0.03846529821390459736, 0.03970596871556198587 ),
 .UNSPECIFIED. ) ;
#314 = EDGE_CURVE ( 'NONE', #63, #608, #514, .T. ) ;
#315 = CARTESIAN_POINT ( 'NONE',  ( -2.193522962007561805, -152.3843441113740198, -35.99986953599227490 ) ) ;
#316 = STYLED_ITEM ( 'NONE', ( #79 ), #1174 ) ;
#317 = FACE_OUTER_BOUND ( 'NONE', #694, .T. ) ;
#318 = MECHANICAL_DESIGN_GEOMETRIC_PRESENTATION_REPRESENTATION (  '', ( #488 ), #464 ) ;
#319 = CARTESIAN_POINT ( 'NONE',  ( -0.5916307540700453949, 152.4001736390932820, -2.695757696840641593 ) ) ;
#320 = ORIENTED_EDGE ( 'NONE', *, *, #616, .T. ) ;
#321 = CARTESIAN_POINT ( 'NONE',  ( -4.728210428942404064, -149.1503691870008765, -46.92378247442798056 ) ) ;
#322 = CARTESIAN_POINT ( 'NONE',  ( -6.734791720981846197, -152.2511222647155193, -40.69616206174259787 ) ) ;
#323 = CARTESIAN_POINT ( 'NONE',  ( 5.963172874500307863, -149.1058265037639785, 29.44125392015502030 ) ) ;
#324 = CARTESIAN_POINT ( 'NONE',  ( -13.64214499203011499, 151.7930947985744865, -4.727972873752963601 ) ) ;
#325 = ORIENTED_EDGE ( 'NONE', *, *, #314, .F. ) ;
#326 = CARTESIAN_POINT ( 'NONE',  ( -2.637154338700888445, -152.3776651815447565, 32.51887064127205207 ) ) ;
#327 = CARTESIAN_POINT ( 'NONE',  ( -5.334397047355617261, -149.1298052092818409, 29.99288944603285856 ) ) ;
#328 = EDGE_LOOP ( 'NONE', ( #52, #829, #1147, #752 ) ) ;
#329 = CARTESIAN_POINT ( 'NONE',  ( -6.672282453533110669, -149.0757690579635835, -40.49203642923288271 ) ) ;
#330 = APPLICATION_CONTEXT ( 'automotive_design' ) ;
#331 = CARTESIAN_POINT ( 'NONE',  ( -3.005497667204491297, -149.1951300909805411, 32.32368682986589192 ) ) ;
#332 = CARTESIAN_POINT ( 'NONE',  ( 1.953241303758766145, 152.3887839841291907, -2.822793802510760841 ) ) ;
#333 = AXIS2_PLACEMENT_3D ( 'NONE', #933, #483, #507 ) ;
#334 = VERTEX_POINT ( 'NONE', #414 ) ;
#335 = STYLED_ITEM ( 'NONE', ( #590 ), #1013 ) ;
#336 = CARTESIAN_POINT ( 'NONE',  ( -6.551597734126596073, -149.0811216770694614, -40.09410921710682629 ) ) ;
#337 = CARTESIAN_POINT ( 'NONE',  ( 1.099980556478488358, -152.3961599339527595, -48.27244517039895300 ) ) ;
#338 = EDGE_LOOP ( 'NONE', ( #484, #76 ) ) ;
#339 = CARTESIAN_POINT ( 'NONE',  ( 33.88284784881221867, 145.3276665053039665, -57.11144809554185287 ) ) ;
#340 = CARTESIAN_POINT ( 'NONE',  ( 5.237838995695241806, -152.3099843914986025, -39.50903987777985549 ) ) ;
#341 = CARTESIAN_POINT ( 'NONE',  ( 6.322983347170378465, -149.0910033065573828, 28.47010751811503937 ) ) ;
#342 = CARTESIAN_POINT ( 'NONE',  ( -37.82313635035126964, 144.3521637050578761, -53.00455930811724414 ) ) ;
#343 = CARTESIAN_POINT ( 'NONE',  ( -6.333839068052657950, -152.2683448441785856, -44.75849116337140998 ) ) ;
#344 = ORIENTED_EDGE ( 'NONE', *, *, #345, .F. ) ;
#345 = EDGE_CURVE ( 'NONE', #432, #1047, #121, .T. ) ;
#346 = FACE_BOUND ( 'NONE', #516, .T. ) ;
#347 = ORIENTED_EDGE ( 'NONE', *, *, #905, .F. ) ;
#348 = MECHANICAL_DESIGN_GEOMETRIC_PRESENTATION_REPRESENTATION (  '', ( #863 ), #251 ) ;
#349 = PRESENTATION_LAYER_ASSIGNMENT (  '', '', ( #1050 ) ) ;
#350 = CARTESIAN_POINT ( 'NONE',  ( 1.625805880782689394, -152.3914655136129568, 20.62669552425712993 ) ) ;
#351 = CARTESIAN_POINT ( 'NONE',  ( -17.13529794031246567, 148.2424865021515075, -76.26729827332758305 ) ) ;
#352 =( NAMED_UNIT ( * ) PLANE_ANGLE_UNIT ( ) SI_UNIT ( $, .RADIAN. ) );
#353 = LINE ( 'NONE', #750, #232 ) ;
#354 =( NAMED_UNIT ( * ) SI_UNIT ( $, .STERADIAN. ) SOLID_ANGLE_UNIT ( ) );
#355 = CARTESIAN_POINT ( 'NONE',  ( -1.860655347730294285, -152.3891262323863600, 20.78726492434684658 ) ) ;
#356 = CARTESIAN_POINT ( 'NONE',  ( -26.62006598074023600, 150.0603148276454419, -12.23639809453641547 ) ) ;
#357 = CARTESIAN_POINT ( 'NONE',  ( -5.764190673727002334, -152.2909727018548551, 29.05114473002694453 ) ) ;
#358 =( NAMED_UNIT ( * ) PLANE_ANGLE_UNIT ( ) SI_UNIT ( $, .RADIAN. ) );
#359 = CARTESIAN_POINT ( 'NONE',  ( -3.357158404892861103, -152.3631298241235186, -47.83450078207341960 ) ) ;
#360 = CARTESIAN_POINT ( 'NONE',  ( 4.058977960656386941, -152.3463332594259043, 21.76735841936847748 ) ) ;
#361 = CARTESIAN_POINT ( 'NONE',  ( -25.16682046504119796, 150.3084583362764306, -11.04161667039605099 ) ) ;
#362 = CARTESIAN_POINT ( 'NONE',  ( 24.17035434114811565, 150.4718553676568433, -70.14246110070462237 ) ) ;
#363 =( NAMED_UNIT ( * ) SI_UNIT ( $, .STERADIAN. ) SOLID_ANGLE_UNIT ( ) );
#364 = CARTESIAN_POINT ( 'NONE',  ( 34.13903761541122606, 145.2676438196600373, -56.53557699248581514 ) ) ;
#365 = CARTESIAN_POINT ( 'NONE',  ( 3.538306895824019360, -152.3590185195160984, 21.41921376538656574 ) ) ;
#366 = AXIS2_PLACEMENT_3D ( 'NONE', #917, #301, #127 ) ;
#367 = CARTESIAN_POINT ( 'NONE',  ( -20.51860971884702423, 151.0272926923817636, -7.782048764016991527 ) ) ;
#368 = CARTESIAN_POINT ( 'NONE',  ( 0.000000000000000000, 0.000000000000000000, 152.4000000000000057 ) ) ;
#369 = COLOUR_RGB ( '',0.8588235294117646523, 0.8588235294117646523, 0.8588235294117646523 ) ;
#370 = CARTESIAN_POINT ( 'NONE',  ( 36.67560774406073421, 147.9211823582331533, -48.13022639549160431 ) ) ;
#371 = APPLICATION_PROTOCOL_DEFINITION ( 'draft international standard', 'automotive_design', 1998, #23 ) ;
#372 = CARTESIAN_POINT ( 'NONE',  ( -152.4000000000000057, 0.000000000000000000, -152.4000000000000057 ) ) ;
#373 = CARTESIAN_POINT ( 'NONE',  ( 5.814620424966692624, -149.1116722940010675, -41.71677141580016013 ) ) ;
#374 = CARTESIAN_POINT ( 'NONE',  ( 5.652398167180517241, -149.1179152550196818, -43.57726612778871100 ) ) ;
#375 = CARTESIAN_POINT ( 'NONE',  ( 1.273900115846109626, 152.3999736850706483, -79.63477473168316578 ) ) ;
#376 = CARTESIAN_POINT ( 'NONE',  ( -3.693347776158721896, -149.1796844397449036, 21.76403755688129138 ) ) ;
#377 = CARTESIAN_POINT ( 'NONE',  ( 32.46293660518623625, 145.6514749702987785, -22.46889319473679691 ) ) ;
#378 = CARTESIAN_POINT ( 'NONE',  ( 33.87277601433785890, 148.5888279625616519, -25.27891390154557882 ) ) ;
#379 = CARTESIAN_POINT ( 'NONE',  ( 6.532245208095347699, -152.2599414571715783, 26.81400036400071940 ) ) ;
#380 = CARTESIAN_POINT ( 'NONE',  ( 8.808516304761043969, 148.9853823683224903, -78.45480777323470534 ) ) ;
#381 = FILL_AREA_STYLE_COLOUR ( '', #992 ) ;
#382 = CARTESIAN_POINT ( 'NONE',  ( 0.008012653685231473782, 152.4052199914198411, -79.69608611293989497 ) ) ;
#383 =( NAMED_UNIT ( * ) PLANE_ANGLE_UNIT ( ) SI_UNIT ( $, .RADIAN. ) );
#384 = CARTESIAN_POINT ( 'NONE',  ( -35.75352826242264825, 144.8819276573959201, -24.07656233838327964 ) ) ;
#385 = CARTESIAN_POINT ( 'NONE',  ( -5.843827840264073537, -152.2880005511793229, 24.76898032363911639 ) ) ;
#386 = CARTESIAN_POINT ( 'NONE',  ( 15.86876218071160771, 148.3799685834070203, -75.70874626834594778 ) ) ;
#387 = CARTESIAN_POINT ( 'NONE',  ( -2.578818159015919598, -149.2032109460906497, -48.16301958642128511 ) ) ;
#388 = STYLED_ITEM ( 'NONE', ( #64 ), #240 ) ;
#389 = CARTESIAN_POINT ( 'NONE',  ( 1.488706065474941997, -152.3928589631825332, -36.11790130161403312 ) ) ;
#390 = PRESENTATION_LAYER_ASSIGNMENT (  '', '', ( #1068 ) ) ;
#391 = PRESENTATION_LAYER_ASSIGNMENT (  '', '', ( #441 ) ) ;
#392 = CARTESIAN_POINT ( 'NONE',  ( 0.000000000000000000, 0.000000000000000000, 152.4000000000000057 ) ) ;
#393 = CARTESIAN_POINT ( 'NONE',  ( -18.28596818711207206, 148.1187587825527601, -6.601439471953312044 ) ) ;
#394 = CARTESIAN_POINT ( 'NONE',  ( -5.211340480973074563, -152.3109161043506106, 23.45633023445523335 ) ) ;
#395 = CARTESIAN_POINT ( 'NONE',  ( -5.584209084503138243, -149.1206564266082069, -46.00978834978038634 ) ) ;
#396 = DIRECTION ( 'NONE',  ( -0.000000000000000000, -0.000000000000000000, -1.000000000000000000 ) ) ;
#397 = CARTESIAN_POINT ( 'NONE',  ( 0.8890952800058198324, -152.3975415371653526, -35.94740147116748119 ) ) ;
#398 = CARTESIAN_POINT ( 'NONE',  ( 4.045175571004096859, -149.1705609784464173, 31.86806369711465337 ) ) ;
#399 = CARTESIAN_POINT ( 'NONE',  ( 0.07147452223397776638, 149.2263422630181537, -2.711680618168143209 ) ) ;
#400 = ORIENTED_EDGE ( 'NONE', *, *, #1084, .F. ) ;
#401 = EDGE_CURVE ( 'NONE', #530, #1047, #723, .T. ) ;
#402 = CARTESIAN_POINT ( 'NONE',  ( 5.762021301043225741, -152.2910556471815369, -42.96848075156699309 ) ) ;
#403 = CARTESIAN_POINT ( 'NONE',  ( -29.31718202494193903, 149.5562448619745624, -67.54143779185959318 ) ) ;
#404 = CARTESIAN_POINT ( 'NONE',  ( -6.683694576776197493, -152.2533805040399102, -40.49204442916445146 ) ) ;
#405 = UNCERTAINTY_MEASURE_WITH_UNIT (LENGTH_MEASURE( 1.000000000000000082E-05 ), #57, 'distance_accuracy_value', 'NONE');
#406 = CARTESIAN_POINT ( 'NONE',  ( -5.530783762921577029, -149.1225539619025540, 29.62430240692136962 ) ) ;
#407 = CARTESIAN_POINT ( 'NONE',  ( 12.99376478784912869, 148.6593731455467093, -5.404543906655834284 ) ) ;
#408 = CARTESIAN_POINT ( 'NONE',  ( -6.035780578409464248, -149.1029163128506809, -45.31621989120125704 ) ) ;
#409 = CARTESIAN_POINT ( 'NONE',  ( -4.018442141362719155, -152.3472932237995394, 31.59388139026038900 ) ) ;
#410 = CARTESIAN_POINT ( 'NONE',  ( 5.678102406501180255, -149.1169656180755965, 29.99518759474097607 ) ) ;
#411 = CARTESIAN_POINT ( 'NONE',  ( -11.20753358067061001, 151.9922463139180593, -3.987889930247467962 ) ) ;
#412 = STYLED_ITEM ( 'NONE', ( #241 ), #518 ) ;
#413 = ORIENTED_EDGE ( 'NONE', *, *, #67, .F. ) ;
#414 = CARTESIAN_POINT ( 'NONE',  ( 5.803209794310578928, -152.2894702731716166, -42.13628628628684680 ) ) ;
#415 = CARTESIAN_POINT ( 'NONE',  ( 5.225423342635163060, -152.3105671741873834, 30.69514204080756414 ) ) ;
#416 = SURFACE_SIDE_STYLE ('',( #494 ) ) ;
#417 = VERTEX_POINT ( 'NONE', #11 ) ;
#418 = CYLINDRICAL_SURFACE ( 'NONE', #1014, 149.2249999999999943 ) ;
#419 = CARTESIAN_POINT ( 'NONE',  ( -3.695929346417115013, -149.1796231573148646, 31.86210240393602078 ) ) ;
#420 = EDGE_CURVE ( 'NONE', #1056, #709, #654, .T. ) ;
#421 =( LENGTH_UNIT ( ) NAMED_UNIT ( * ) SI_UNIT ( .MILLI., .METRE. ) );
#422 = ORIENTED_EDGE ( 'NONE', *, *, #1153, .F. ) ;
#423 = FACE_BOUND ( 'NONE', #338, .T. ) ;
#424 = SURFACE_SIDE_STYLE ('',( #73 ) ) ;
#425 = ORIENTED_EDGE ( 'NONE', *, *, #973, .F. ) ;
#426 = VECTOR ( 'NONE', #1104, 1000.000000000000114 ) ;
#427 = CARTESIAN_POINT ( 'NONE',  ( 32.15476838713489371, 145.7207912357260398, -60.49575918472119440 ) ) ;
#428 = CARTESIAN_POINT ( 'NONE',  ( -6.845135547442393609, -149.0679420484787556, -41.31007291942209037 ) ) ;
#429 =( NAMED_UNIT ( * ) PLANE_ANGLE_UNIT ( ) SI_UNIT ( $, .RADIAN. ) );
#430 = CARTESIAN_POINT ( 'NONE',  ( 152.4000000000000057, 1.866361721900565804E-14, 152.4000000000000057 ) ) ;
#431 = CARTESIAN_POINT ( 'NONE',  ( 0.2813412894560045063, -152.4002915734531030, -48.44585339422946646 ) ) ;
#432 = VERTEX_POINT ( 'NONE', #1005 ) ;
#433 = FILL_AREA_STYLE ('',( #536 ) ) ;
#434 =( LENGTH_UNIT ( ) NAMED_UNIT ( * ) SI_UNIT ( .MILLI., .METRE. ) );
#435 = CARTESIAN_POINT ( 'NONE',  ( -6.897183561145057595, -152.3762165133518067, -42.13628628628684680 ) ) ;
#436 = FILL_AREA_STYLE ('',( #168 ) ) ;
#437 = SURFACE_SIDE_STYLE ('',( #627 ) ) ;
#438 = CARTESIAN_POINT ( 'NONE',  ( 1.887351749332936368, -152.3886720839263660, -48.01197218563851266 ) ) ;
#439 = CARTESIAN_POINT ( 'NONE',  ( -6.167745695023900687, -152.2751421376499934, 26.81400036400072295 ) ) ;
#440 = AXIS2_PLACEMENT_3D ( 'NONE', #1053, #703, #1133 ) ;
#441 = STYLED_ITEM ( 'NONE', ( #538 ), #1062 ) ;
#442 = CARTESIAN_POINT ( 'NONE',  ( -0.2295518686415525811, -152.4003900386657051, 20.46385338141590537 ) ) ;
#443 = CARTESIAN_POINT ( 'NONE',  ( -5.954688838539313522, -152.2836344750799640, 28.45824222112313251 ) ) ;
#444 =( NAMED_UNIT ( * ) SI_UNIT ( $, .STERADIAN. ) SOLID_ANGLE_UNIT ( ) );
#445 = CARTESIAN_POINT ( 'NONE',  ( -31.33126256192433345, 145.8993472344479017, -65.15176150568925095 ) ) ;
#446 = CARTESIAN_POINT ( 'NONE',  ( -1.237560308089723504, 152.3949751287221659, -41.19557198464744374 ) ) ;
#447 = PLANE ( 'NONE',  #287 ) ;
#448 = CARTESIAN_POINT ( 'NONE',  ( 37.07860664396682182, 144.5450854310626880, -45.61165477770349952 ) ) ;
#449 = CARTESIAN_POINT ( 'NONE',  ( 5.814620424966691736, -149.1116722940010391, -42.13628628628684680 ) ) ;
#450 = B_SPLINE_CURVE_WITH_KNOTS ( 'NONE', 3,
 ( #1112, #572, #929, #322, #404, #115, #43, #839, #764, #504, #215, #1125, #122, #306, #758, #24, #1132, #315, #1036, #222, #227, #599, #957, #397, #141, #389, #670, #1024, #210, #579, #35, #936, #1118, #1149, #690, #159, #340, #1154, #702, #615, #78, #978 ),
 .UNSPECIFIED., .F., .F.,
 ( 4, 2, 2, 2, 2, 2, 2, 2, 2, 2, 2, 2, 2, 2, 2, 2, 2, 2, 2, 2, 4 ),
 ( 0.01985514839305861298, 0.02109581321014889280, 0.02171614561869403270, 0.02233647802723916914, 0.02357714284432943161, 0.02481780766141969061, 0.02605847247850995307, 0.02729913729560021554, 0.02791946970414534851, 0.02853980211269048495, 0.02978046692978075435, 0.03102113174687102376, 0.03164146415541616020, 0.03226179656396129664, 0.03350246138105156951, 0.03474312619814183545, 0.03598379101523210138, 0.03660412342377722394, 0.03722445583232235344, 0.03846512064941259856, 0.03970578546650284368 ),
 .UNSPECIFIED. ) ;
#451 = CARTESIAN_POINT ( 'NONE',  ( -9.389017591607697000, 152.1117814848072953, -78.82764330368874539 ) ) ;
#452 = CARTESIAN_POINT ( 'NONE',  ( 0.000000000000000000, 0.000000000000000000, 0.000000000000000000 ) ) ;
#453 = CARTESIAN_POINT ( 'NONE',  ( -1.864462474217928767, -149.2138473446856040, 20.78726706386628820 ) ) ;
#454 = SURFACE_STYLE_FILL_AREA ( #461 ) ;
#455 = CARTESIAN_POINT ( 'NONE',  ( 4.378684883546728024, -152.3373658150194672, 22.03019881233075239 ) ) ;
#456 = DIRECTION ( 'NONE',  ( 1.000000000000000000, 0.000000000000000000, 0.000000000000000000 ) ) ;
#457 = CARTESIAN_POINT ( 'NONE',  ( 36.05410444657371016, 148.0747238762150744, -51.22966801375063994 ) ) ;
#458 = CARTESIAN_POINT ( 'NONE',  ( -39.41821450373503666, 143.9255637037466613, -36.12376499982482869 ) ) ;
#459 = CARTESIAN_POINT ( 'NONE',  ( -31.72131145653251494, 145.8149754936482339, -64.65171386633886641 ) ) ;
#460 = CARTESIAN_POINT ( 'NONE',  ( -5.518460697403029691, -149.1229589691636761, 24.00139670806723302 ) ) ;
#461 = FILL_AREA_STYLE ('',( #639 ) ) ;
#462 = STYLED_ITEM ( 'NONE', ( #744 ), #1089 ) ;
#463 = CARTESIAN_POINT ( 'NONE',  ( 5.487268972805042111, -149.1241620818941840, -40.08186411579659136 ) ) ;
#464 =( GEOMETRIC_REPRESENTATION_CONTEXT ( 3 ) GLOBAL_UNCERTAINTY_ASSIGNED_CONTEXT ( ( #923 ) ) GLOBAL_UNIT_ASSIGNED_CONTEXT ( ( #274, #908, #280 ) ) REPRESENTATION_CONTEXT ( 'NONE', 'WORKASPACE' ) );
#465 = CARTESIAN_POINT ( 'NONE',  ( -31.34335492261525147, 149.1426142245497601, -17.22154556276325721 ) ) ;
#466 = MECHANICAL_DESIGN_GEOMETRIC_PRESENTATION_REPRESENTATION (  '', ( #943 ), #71 ) ;
#467 = CARTESIAN_POINT ( 'NONE',  ( -6.127575241317661181, -152.2767855689875205, 27.64021056744340399 ) ) ;
#468 =( LENGTH_UNIT ( ) NAMED_UNIT ( * ) SI_UNIT ( .MILLI., .METRE. ) );
#469 = CARTESIAN_POINT ( 'NONE',  ( -39.66948366518038682, 143.8555966611587280, -41.19557198464744374 ) ) ;
#470 = CARTESIAN_POINT ( 'NONE',  ( -2.999335867636301778, -149.1949679172519438, 21.31246295896006160 ) ) ;
#471 = CARTESIAN_POINT ( 'NONE',  ( -23.63481370169261098, 147.3423203462855042, -9.903319973292459721 ) ) ;
#472 = CARTESIAN_POINT ( 'NONE',  ( 2.616906980539685179, -152.3778897149562113, 20.93831446464904644 ) ) ;
#473 = EDGE_CURVE ( 'NONE', #113, #632, #158, .T. ) ;
#474 = CARTESIAN_POINT ( 'NONE',  ( 5.481169629877414629, -149.1243141338769931, -44.17749130903744970 ) ) ;
#475 = CARTESIAN_POINT ( 'NONE',  ( 19.14694967149685922, 151.1960890579692318, -73.88672588117393047 ) ) ;
#476 = CARTESIAN_POINT ( 'NONE',  ( -11.18055677016221949, 148.8068368162011836, -4.003984250950739288 ) ) ;
#477 = ORIENTED_EDGE ( 'NONE', *, *, #146, .T. ) ;
#478 = CARTESIAN_POINT ( 'NONE',  ( 5.590697051715825872, -152.2974319139619865, -43.77849107085786073 ) ) ;
#479 = CARTESIAN_POINT ( 'NONE',  ( -34.60512946549718549, 148.4260306482830742, -60.51113234290576059 ) ) ;
#480 = CARTESIAN_POINT ( 'NONE',  ( -1.863283576357796623, -152.3887398975153076, 32.82908586658526673 ) ) ;
#481 = CARTESIAN_POINT ( 'NONE',  ( -2.631474859968486957, -149.2019095304684413, 21.11579019236549115 ) ) ;
#482 = CARTESIAN_POINT ( 'NONE',  ( -31.31761374231948380, 145.9022730906511356, -17.22226299708520969 ) ) ;
#483 = DIRECTION ( 'NONE',  ( -0.003590711924051485839, -0.9999935533731598714, -0.000000000000000000 ) ) ;
#484 = ORIENTED_EDGE ( 'NONE', *, *, #947, .F. ) ;
#485 = CARTESIAN_POINT ( 'NONE',  ( -5.514659528330949634, -152.3002239158923885, 24.00140022532156081 ) ) ;
#486 =( GEOMETRIC_REPRESENTATION_CONTEXT ( 3 ) GLOBAL_UNCERTAINTY_ASSIGNED_CONTEXT ( ( #1019 ) ) GLOBAL_UNIT_ASSIGNED_CONTEXT ( ( #259, #897, #617 ) ) REPRESENTATION_CONTEXT ( 'NONE', 'WORKASPACE' ) );
#487 = CARTESIAN_POINT ( 'NONE',  ( 1.898760593125484064, -149.2132863060222121, -48.01196931973574777 ) ) ;
#488 = STYLED_ITEM ( 'NONE', ( #819 ), #302 ) ;
#489 = CARTESIAN_POINT ( 'NONE',  ( 2.218285910546742290, -152.3839851045406135, 32.83238534867351888 ) ) ;
#490 = CARTESIAN_POINT ( 'NONE',  ( 1.978778861921654419, 149.2132099740685476, -2.822768703404362256 ) ) ;
#491 = CARTESIAN_POINT ( 'NONE',  ( 37.30131135606215764, 147.7645836156895882, -38.67749581618063814 ) ) ;
#492 = CARTESIAN_POINT ( 'NONE',  ( -31.74833743605981340, 149.0568712172157575, -64.65080444904123169 ) ) ;
#493 = CARTESIAN_POINT ( 'NONE',  ( 5.966979102504519794, -152.2831621128010795, 29.44124677250771782 ) ) ;
#494 = SURFACE_STYLE_FILL_AREA ( #512 ) ;
#495 = CARTESIAN_POINT ( 'NONE',  ( 25.57378813226604564, 150.2396238250097156, -13.54089797171929099 ) ) ;
#496 = CARTESIAN_POINT ( 'NONE',  ( -6.245666370407628065, 149.1148117152561667, -2.942935066194022564 ) ) ;
#497 = EDGE_CURVE ( 'NONE', #960, #334, #450, .T. ) ;
#498 = CARTESIAN_POINT ( 'NONE',  ( 1.111387431772424828, -149.2209937081957492, -48.27244366137607301 ) ) ;
#499 = CARTESIAN_POINT ( 'NONE',  ( 2.994166712972799793, -152.3710709314713938, 32.52276034373547020 ) ) ;
#500 = CARTESIAN_POINT ( 'NONE',  ( 4.372244996261650307, -149.1612220569274143, 31.60012924284831470 ) ) ;
#501 = CARTESIAN_POINT ( 'NONE',  ( -3.765453688310512970, 152.3746323812477783, -2.694837230981221410 ) ) ;
#502 = ORIENTED_EDGE ( 'NONE', *, *, #701, .F. ) ;
#503 = CARTESIAN_POINT ( 'NONE',  ( -6.561443667538148894, -149.0807617339515048, -44.18131318249393757 ) ) ;
#504 = CARTESIAN_POINT ( 'NONE',  ( -5.595450412310897903, -152.2974225047172183, -38.26209906551761009 ) ) ;
#505 =( GEOMETRIC_REPRESENTATION_CONTEXT ( 3 ) GLOBAL_UNCERTAINTY_ASSIGNED_CONTEXT ( ( #963 ) ) GLOBAL_UNIT_ASSIGNED_CONTEXT ( ( #664, #553, #655 ) ) REPRESENTATION_CONTEXT ( 'NONE', 'WORKASPACE' ) );
#506 = PLANE ( 'NONE',  #698 ) ;
#507 = DIRECTION ( 'NONE',  ( 0.9999935533731597603, -0.003590711924050726030, 0.000000000000000000 ) ) ;
#508 = MECHANICAL_DESIGN_GEOMETRIC_PRESENTATION_REPRESENTATION (  '', ( #1050 ), #1109 ) ;
#509 = CARTESIAN_POINT ( 'NONE',  ( 27.79462070537518059, 149.8548309667583283, -15.76063216145381141 ) ) ;
#510 = EDGE_LOOP ( 'NONE', ( #156, #207, #1143, #347 ) ) ;
#511 = CARTESIAN_POINT ( 'NONE',  ( 27.82479595743968304, 146.6191186487606046, -66.62712064150427693 ) ) ;
#512 = FILL_AREA_STYLE ('',( #60 ) ) ;
#513 = CARTESIAN_POINT ( 'NONE',  ( 25.11772685785348003, 150.3166154954377589, -13.10673953791729751 ) ) ;
#514 = B_SPLINE_CURVE_WITH_KNOTS ( 'NONE', 3,
 ( #914, #832, #10, #374, #741, #474, #243, #161, #74, #1131, #1039, #1111, #214, #598, #1029, #949, #487, #48, #498, #226, #956, #22, #305, #34, #763, #387, #846, #577, #136, #857, #852, #321, #756, #395, #286, #408, #586, #775, #503, #1017, #140, #862, #685 ),
 .UNSPECIFIED., .F., .F.,
 ( 4, 2, 2, 2, 2, 2, 2, 2, 1, 2, 2, 2, 2, 2, 2, 2, 2, 2, 2, 2, 2, 4 ),
 ( 0.000000000000000000, 0.001240952543065240157, 0.001861428814597850369, 0.002481905086130460365, 0.003722857629195700738, 0.004963810172260940679, 0.006204762715326181920, 0.006825238986858801239, 0.007445715258391422293, 0.008066191529924042480, 0.008686667801456661800, 0.009927620344521902174, 0.01116857288758714081, 0.01240952543065238119, 0.01303000170218500398, 0.01365047797371763023, 0.01489143051678286714, 0.01613238305984810231, 0.01675285933138073030, 0.01737333560291335482, 0.01861428814597860734, 0.01985524068904386333 ),
 .UNSPECIFIED. ) ;
#515 = CARTESIAN_POINT ( 'NONE',  ( 5.398782493388640802, -152.3043647096608311, -44.37577629912557597 ) ) ;
#516 = EDGE_LOOP ( 'NONE', ( #320, #139 ) ) ;
#517 = CARTESIAN_POINT ( 'NONE',  ( -5.321299184060610976, -149.1303793090562806, -37.94222442710069032 ) ) ;
#518 = ADVANCED_FACE ( 'NONE', ( #423, #611, #65 ), #418, .F. ) ;
#519 = DIRECTION ( 'NONE',  ( -0.000000000000000000, -0.000000000000000000, -1.000000000000000000 ) ) ;
#520 = CARTESIAN_POINT ( 'NONE',  ( -39.66948366518039393, 143.8555966611587280, -43.75106564599699510 ) ) ;
#521 = CARTESIAN_POINT ( 'NONE',  ( 0.000000000000000000, 0.000000000000000000, 152.4000000000000057 ) ) ;
#522 = ORIENTED_EDGE ( 'NONE', *, *, #610, .T. ) ;
#523 = CARTESIAN_POINT ( 'NONE',  ( 21.25606836198409511, 147.7070882349572116, -72.49407676726127647 ) ) ;
#524 =( NAMED_UNIT ( * ) SI_UNIT ( $, .STERADIAN. ) SOLID_ANGLE_UNIT ( ) );
#525 = SURFACE_SIDE_STYLE ('',( #160 ) ) ;
#526 = CARTESIAN_POINT ( 'NONE',  ( 0.000000000000000000, 0.000000000000000000, 152.4000000000000057 ) ) ;
#527 = FILL_AREA_STYLE ('',( #381 ) ) ;
#528 = COLOUR_RGB ( '',0.8588235294117646523, 0.8588235294117646523, 0.8588235294117646523 ) ;
#529 = CARTESIAN_POINT ( 'NONE',  ( 6.366251154764769105, -149.0891448136919166, 25.37302052249883744 ) ) ;
#530 = VERTEX_POINT ( 'NONE', #879 ) ;
#531 = B_SPLINE_CURVE_WITH_KNOTS ( 'NONE', 3,
 ( #868, #59, #428, #785, #329, #336, #695, #237, #968, #151, #517, #257, #195, #273, #808, #818, #907, #716, #912, #1004, #720, #1085, #93, #1094, #646, #990, #9, #189, #557, #1071, #1162, #101, #919, #179, #1, #267, #640, #463, #107, #830, #373, #449 ),
 .UNSPECIFIED., .F., .F.,
 ( 4, 2, 2, 2, 2, 2, 2, 2, 2, 2, 2, 2, 2, 2, 2, 2, 2, 2, 2, 2, 4 ),
 ( 0.01985524068904386333, 0.02109591119070123449, 0.02171624644152992181, 0.02233658169235860566, 0.02357725219401600111, 0.02481792269567339310, 0.02605859319733078855, 0.02729926369898818053, 0.02791959894981688173, 0.02853993420064557945, 0.02978060470230297491, 0.03102127520396036342, 0.03164161045478906115, 0.03226194570561775887, 0.03350261620727514739, 0.03474328670893252896, 0.03598395721058991747, 0.03660429246141860826, 0.03722462771224729905, 0.03846529821390468756, 0.03970596871556206914 ),
 .UNSPECIFIED. ) ;
#532 =( LENGTH_UNIT ( ) NAMED_UNIT ( * ) SI_UNIT ( .MILLI., .METRE. ) );
#533 = LINE ( 'NONE', #66, #585 ) ;
#534 = SURFACE_STYLE_FILL_AREA ( #1081 ) ;
#535 = SURFACE_SIDE_STYLE ('',( #77 ) ) ;
#536 = FILL_AREA_STYLE_COLOUR ( '', #565 ) ;
#537 = SURFACE_STYLE_USAGE ( .BOTH. , #525 ) ;
#538 = PRESENTATION_STYLE_ASSIGNMENT (( #707 ) ) ;
#539 = LINE ( 'NONE', #254, #993 ) ;
#540 = LINE ( 'NONE', #893, #564 ) ;
#541 = CARTESIAN_POINT ( 'NONE',  ( 0.5988870148348999223, -152.3993861941094110, 20.46414815051144132 ) ) ;
#542 = FILL_AREA_STYLE ('',( #1061 ) ) ;
#543 = CARTESIAN_POINT ( 'NONE',  ( 37.05197796387158604, 147.8273150820977264, -45.61143505997932834 ) ) ;
#544 = CARTESIAN_POINT ( 'NONE',  ( -0.9591822002573985317, -152.3975444274104518, -48.48643326887167859 ) ) ;
#545 = SURFACE_SIDE_STYLE ('',( #1168 ) ) ;
#546 = CARTESIAN_POINT ( 'NONE',  ( -1.464775905109499954, -152.3935047502956479, 20.66731545190390662 ) ) ;
#547 = CARTESIAN_POINT ( 'NONE',  ( -32.48300446314589607, 148.8984973993537153, -18.73092271019473998 ) ) ;
#548 = CARTESIAN_POINT ( 'NONE',  ( -4.866246290329311108, -152.3224658871396571, 30.68818758476997388 ) ) ;
#549 = CARTESIAN_POINT ( 'NONE',  ( 2.613113198812900162, -149.2024857079907179, 20.93831733055182909 ) ) ;
#550 = CARTESIAN_POINT ( 'NONE',  ( 0.000000000000000000, 0.000000000000000000, 152.4000000000000057 ) ) ;
#551 = CARTESIAN_POINT ( 'NONE',  ( 6.198860883413161993, -152.2738906866835578, 24.77280268360868476 ) ) ;
#552 = CARTESIAN_POINT ( 'NONE',  ( -11.24454272952843681, 151.9858625111785102, -78.37695434403563866 ) ) ;
#553 =( NAMED_UNIT ( * ) PLANE_ANGLE_UNIT ( ) SI_UNIT ( $, .RADIAN. ) );
#554 = CARTESIAN_POINT ( 'NONE',  ( -36.96675412106549174, 144.5739320457501265, -55.39466041643505889 ) ) ;
#555 = CARTESIAN_POINT ( 'NONE',  ( 1.622010032336842711, -149.2163252288926856, 20.62669656358308146 ) ) ;
#556 = DIRECTION ( 'NONE',  ( 0.001196903974680323893, -0.9999992837101812082, -0.000000000000000000 ) ) ;
#557 = CARTESIAN_POINT ( 'NONE',  ( 2.640929410183693093, -149.2020281359307035, -36.62237183740975865 ) ) ;
#558 = CARTESIAN_POINT ( 'NONE',  ( 0.1824081657412362500, -152.3998908374315988, 26.81400036400072295 ) ) ;
#559 = CARTESIAN_POINT ( 'NONE',  ( 23.69314186229744834, 150.5477888705148359, -70.55358570238536231 ) ) ;
#560 = CARTESIAN_POINT ( 'NONE',  ( -4.607055502376953271, -149.1541606596243810, 22.61918412990499760 ) ) ;
#561 = CARTESIAN_POINT ( 'NONE',  ( -13.61889314672052720, 148.6072591148789570, -4.728878291654704746 ) ) ;
#562 =( LENGTH_UNIT ( ) NAMED_UNIT ( * ) SI_UNIT ( .MILLI., .METRE. ) );
#563 = CARTESIAN_POINT ( 'NONE',  ( 5.232829711885533364, -152.3103104376603198, 22.94270524835238234 ) ) ;
#564 = VECTOR ( 'NONE', #81, 1000.000000000000000 ) ;
#565 = COLOUR_RGB ( '',0.8588235294117646523, 0.8588235294117646523, 0.8588235294117646523 ) ;
#566 = SURFACE_STYLE_USAGE ( .BOTH. , #649 ) ;
#567 = CARTESIAN_POINT ( 'NONE',  ( 18.13415038981697336, 148.1339395551424047, -7.809852247103979295 ) ) ;
#568 = EDGE_LOOP ( 'NONE', ( #1033, #1139 ) ) ;
#569 = CARTESIAN_POINT ( 'NONE',  ( 5.803209794310578928, -152.2894702731716166, -42.13628628628684680 ) ) ;
#570 = CARTESIAN_POINT ( 'NONE',  ( 14.14009909295742595, 148.5547144280548650, -76.51060741190295289 ) ) ;
#571 = CARTESIAN_POINT ( 'NONE',  ( -36.99393849859277594, 147.8420456580652171, -55.39303586445636540 ) ) ;
#572 = CARTESIAN_POINT ( 'NONE',  ( -6.896708333528518864, -152.2438682317362293, -41.72192239580027007 ) ) ;
#573 = UNCERTAINTY_MEASURE_WITH_UNIT (LENGTH_MEASURE( 1.000000000000000082E-05 ), #468, 'distance_accuracy_value', 'NONE');
#574 = CYLINDRICAL_SURFACE ( 'NONE', #180, 6.349999999999984546 ) ;
#575 = CARTESIAN_POINT ( 'NONE',  ( 25.59948319900372127, 147.0135048625047318, -13.54040939512799469 ) ) ;
#576 = CARTESIAN_POINT ( 'NONE',  ( 0.000000000000000000, 0.000000000000000000, -152.4000000000000057 ) ) ;
#577 = CARTESIAN_POINT ( 'NONE',  ( -3.345764600760103846, -149.1876011158870767, -47.83449645792207860 ) ) ;
#578 = MANIFOLD_SOLID_BREP ( '1/2 (0.5) Diameter Hole1', #143 ) ;
#579 = CARTESIAN_POINT ( 'NONE',  ( 3.319549190418008777, -152.3642335748670575, -37.08221848987616198 ) ) ;
#580 = CARTESIAN_POINT ( 'NONE',  ( 1.614908958867617539, -149.2163994054694740, 33.00288407815329350 ) ) ;
#581 = CARTESIAN_POINT ( 'NONE',  ( 33.35927109985248507, 145.4497673181714106, -24.14023452632942934 ) ) ;
#582 = CARTESIAN_POINT ( 'NONE',  ( 37.30131135606217896, 147.7645836156895598, -41.19557198464743664 ) ) ;
#583 =( NAMED_UNIT ( * ) SI_UNIT ( $, .STERADIAN. ) SOLID_ANGLE_UNIT ( ) );
#584 = CARTESIAN_POINT ( 'NONE',  ( 14.72233082971582796, 148.4980998696657934, -76.25209109942107943 ) ) ;
#585 = VECTOR ( 'NONE', #153, 1000.000000000000227 ) ;
#586 = CARTESIAN_POINT ( 'NONE',  ( -6.232339367311825917, -149.0948297098136663, -44.94888994222034029 ) ) ;
#587 = PRESENTATION_LAYER_ASSIGNMENT (  '', '', ( #488 ) ) ;
#588 = CARTESIAN_POINT ( 'NONE',  ( 0.5959397223879598915, -152.3994102746582371, 33.16434584735198854 ) ) ;
#589 = B_SPLINE_CURVE_WITH_KNOTS ( 'NONE', 3,
 ( #724, #994, #163, #529, #708, #1063, #247, #12, #18, #97, #1101, #730, #282, #738, #117, #834, #549, #657, #111, #555, #1173, #1092, #1011, #924, #205, #453, #271, #481, #470, #26, #376, #817, #560, #841, #749, #911, #460, #644, #277, #7, #1106, #821, #1002 ),
 .UNSPECIFIED., .F., .F.,
 ( 4, 2, 2, 2, 2, 2, 2, 2, 1, 2, 2, 2, 2, 2, 2, 2, 2, 2, 2, 2, 2, 4 ),
 ( 0.000000000000000000, 0.001240952543065237555, 0.001861428814597856441, 0.002481905086130475110, 0.003722857629195712881, 0.004963810172260950219, 0.006204762715326187991, 0.006825238986858807311, 0.007445715258391425763, 0.008066191529924044215, 0.008686667801456663535, 0.009927620344521900439, 0.01116857288758713908, 0.01240952543065237598, 0.01303000170218499704, 0.01365047797371761809, 0.01489143051678285673, 0.01613238305984809884, 0.01675285933138071642, 0.01737333560291333401, 0.01861428814597857265, 0.01985524068904381476 ),
 .UNSPECIFIED. ) ;
#590 = PRESENTATION_STYLE_ASSIGNMENT (( #50 ) ) ;
#591 = CARTESIAN_POINT ( 'NONE',  ( -3.740344762296010650, 149.1997199720065055, -2.694897591527740666 ) ) ;
#592 = CARTESIAN_POINT ( 'NONE',  ( 33.33372468786468801, 148.7111188640535602, -24.14215370117461035 ) ) ;
#593 = CARTESIAN_POINT ( 'NONE',  ( 1.300173328071544399, 149.2247498758260349, -79.63475550235449418 ) ) ;
#594 = CARTESIAN_POINT ( 'NONE',  ( -22.11378010200553490, 150.7880058851228569, -73.54240244239912272 ) ) ;
#595 = CARTESIAN_POINT ( 'NONE',  ( -1.262626217612588642, -152.3949046163537275, 33.00085815083755136 ) ) ;
#596 = CARTESIAN_POINT ( 'NONE',  ( -0.2454691340470865346, -149.2253858133863673, 33.16365072570337702 ) ) ;
#597 = CARTESIAN_POINT ( 'NONE',  ( 16.43292872636697055, 148.3184813672729661, -75.42406060445745197 ) ) ;
#598 = CARTESIAN_POINT ( 'NONE',  ( 2.820237726811678503, -149.1984484661828674, -47.53107104590710463 ) ) ;
#599 = CARTESIAN_POINT ( 'NONE',  ( -0.1336953791739491360, -152.4005168028046171, -35.78594080293558477 ) ) ;
#600 = CARTESIAN_POINT ( 'NONE',  ( -2.065074502763709408, -149.2108338908325322, 32.75804579768179536 ) ) ;
#601 = EDGE_LOOP ( 'NONE', ( #325, #1135 ) ) ;
#602 = EDGE_CURVE ( 'NONE', #608, #63, #531, .T. ) ;
#603 = CARTESIAN_POINT ( 'NONE',  ( 25.13426796523391005, 147.0938298440873382, -69.29343277395814482 ) ) ;
#604 = COLOUR_RGB ( '',0.8588235294117646523, 0.8588235294117646523, 0.8588235294117646523 ) ;
#605 = CARTESIAN_POINT ( 'NONE',  ( -4.022243573251830462, -149.1710689594558517, 31.59388152606296174 ) ) ;
#606 = CARTESIAN_POINT ( 'NONE',  ( 11.18076807296094266, 151.9904866011378886, -4.746599342814647571 ) ) ;
#607 = PRESENTATION_LAYER_ASSIGNMENT (  '', '', ( #335 ) ) ;
#608 = VERTEX_POINT ( 'NONE', #825 ) ;
#609 = FILL_AREA_STYLE_COLOUR ( '', #268 ) ;
#610 = EDGE_CURVE ( 'NONE', #976, #709, #845, .T. ) ;
#611 = FACE_BOUND ( 'NONE', #601, .T. ) ;
#612 = CARTESIAN_POINT ( 'NONE',  ( 0.1824081657412362500, -152.3998908374315988, 26.81400036400072295 ) ) ;
#613 = SURFACE_STYLE_FILL_AREA ( #208 ) ;
#614 = ORIENTED_EDGE ( 'NONE', *, *, #152, .T. ) ;
#615 = CARTESIAN_POINT ( 'NONE',  ( 5.762035090272448201, -152.2910559145084051, -41.30165798201011285 ) ) ;
#616 = EDGE_CURVE ( 'NONE', #632, #113, #969, .T. ) ;
#617 =( NAMED_UNIT ( * ) SI_UNIT ( $, .STERADIAN. ) SOLID_ANGLE_UNIT ( ) );
#618 = CARTESIAN_POINT ( 'NONE',  ( -27.54517895485895806, 149.8927268887785829, -13.07626610057045369 ) ) ;
#619 = CARTESIAN_POINT ( 'NONE',  ( -38.68112292507384353, 144.1247241735464115, -49.96321108620579565 ) ) ;
#620 = CYLINDRICAL_SURFACE ( 'NONE', #29, 38.50000000000000000 ) ;
#621 = ORIENTED_EDGE ( 'NONE', *, *, #89, .F. ) ;
#622 = PRESENTATION_STYLE_ASSIGNMENT (( #1044 ) ) ;
#623 = MECHANICAL_DESIGN_GEOMETRIC_PRESENTATION_REPRESENTATION (  '', ( #880 ), #660 ) ;
#624 = CARTESIAN_POINT ( 'NONE',  ( -6.243749733289401860, -152.2720764415210510, -44.94888642496602671 ) ) ;
#625 = PRESENTATION_STYLE_ASSIGNMENT (( #725 ) ) ;
#626 = MECHANICAL_DESIGN_GEOMETRIC_PRESENTATION_REPRESENTATION (  '', ( #412 ), #732 ) ;
#627 = SURFACE_STYLE_FILL_AREA ( #238 ) ;
#628 = CARTESIAN_POINT ( 'NONE',  ( -6.855183062191442467, -152.2457653399892763, -42.97166775677580830 ) ) ;
#629 = CARTESIAN_POINT ( 'NONE',  ( 6.532245208095350364, -152.2599414571715499, 26.39439222836645271 ) ) ;
#630 = SURFACE_STYLE_USAGE ( .BOTH. , #424 ) ;
#631 = DIRECTION ( 'NONE',  ( -0.000000000000000000, -0.000000000000000000, -1.000000000000000000 ) ) ;
#632 = VERTEX_POINT ( 'NONE', #379 ) ;
#633 = CARTESIAN_POINT ( 'NONE',  ( 36.70210428223889210, 144.6411857626756898, -48.13100321055193120 ) ) ;
#634 = CARTESIAN_POINT ( 'NONE',  ( 6.127893850860624880, -152.2767719613759141, 24.57451035116201510 ) ) ;
#635 = CARTESIAN_POINT ( 'NONE',  ( -34.60057591765050233, 148.4271631807296501, -21.87070436737737467 ) ) ;
#636 = APPLICATION_PROTOCOL_DEFINITION ( 'draft international standard', 'automotive_design', 1998, #330 ) ;
#637 = CARTESIAN_POINT ( 'NONE',  ( 6.528441664543321643, -149.0821252680302109, 26.81400036400072295 ) ) ;
#638 = MECHANICAL_DESIGN_GEOMETRIC_PRESENTATION_REPRESENTATION (  '', ( #316 ), #486 ) ;
#639 = FILL_AREA_STYLE_COLOUR ( '', #145 ) ;
#640 = CARTESIAN_POINT ( 'NONE',  ( 5.249244641101931563, -149.1326669740725208, -39.50903273013255301 ) ) ;
#641 = CARTESIAN_POINT ( 'NONE',  ( -23.65834910349476772, 150.5533318516087604, -9.901491607202521195 ) ) ;
#642 = CARTESIAN_POINT ( 'NONE',  ( -6.280824210451337208, 152.2908885400365477, -79.44793428680662828 ) ) ;
#643 = CARTESIAN_POINT ( 'NONE',  ( -38.66036079278551796, 144.1301590784640609, -32.40629349578586016 ) ) ;
#644 = CARTESIAN_POINT ( 'NONE',  ( -5.608566897233002280, -149.1195861101205082, 24.19179166302064843 ) ) ;
#645 = FACE_OUTER_BOUND ( 'NONE', #40, .T. ) ;
#646 = CARTESIAN_POINT ( 'NONE',  ( 1.101586859258365303, -149.2210670150950591, -35.99749294507913078 ) ) ;
#647 = CARTESIAN_POINT ( 'NONE',  ( 152.4000000000000057, 1.866361721900565804E-14, 152.4000000000000057 ) ) ;
#648 = FILL_AREA_STYLE ('',( #1006 ) ) ;
#649 = SURFACE_SIDE_STYLE ('',( #1096 ) ) ;
#650 = CARTESIAN_POINT ( 'NONE',  ( 31.49657843658791023, 145.8635579663432225, -20.83222683826843635 ) ) ;
#651 = CARTESIAN_POINT ( 'NONE',  ( 32.43771481430327697, 148.9081870699766625, -22.47109873847416495 ) ) ;
#652 = DIRECTION ( 'NONE',  ( 0.000000000000000000, 0.000000000000000000, 1.000000000000000000 ) ) ;
#653 = CARTESIAN_POINT ( 'NONE',  ( -30.14913959489072681, 149.3902623461094095, -15.76743852356171693 ) ) ;
#654 = LINE ( 'NONE', #647, #918 ) ;
#655 =( NAMED_UNIT ( * ) SI_UNIT ( $, .STERADIAN. ) SOLID_ANGLE_UNIT ( ) );
#656 = CARTESIAN_POINT ( 'NONE',  ( -30.13223542379881081, 146.1534011305028855, -66.61331827396072924 ) ) ;
#657 = CARTESIAN_POINT ( 'NONE',  ( 2.223343556869656901, -149.2085684158688821, 20.79863301329250547 ) ) ;
#658 = CARTESIAN_POINT ( 'NONE',  ( 36.08237086701749519, 144.7978907468648231, -31.16209483739710961 ) ) ;
#659 = PRODUCT_DEFINITION_FORMATION_WITH_SPECIFIED_SOURCE ( 'ANY', '', #671, .NOT_KNOWN. ) ;
#660 =( GEOMETRIC_REPRESENTATION_CONTEXT ( 3 ) GLOBAL_UNCERTAINTY_ASSIGNED_CONTEXT ( ( #748 ) ) GLOBAL_UNIT_ASSIGNED_CONTEXT ( ( #92, #1082, #363 ) ) REPRESENTATION_CONTEXT ( 'NONE', 'WORKASPACE' ) );
#661 = CARTESIAN_POINT ( 'NONE',  ( -38.70804907823949748, 147.4025491005041033, -49.96187103148528763 ) ) ;
#662 = AXIS2_PLACEMENT_3D ( 'NONE', #521, #62, #1142 ) ;
#663 = CARTESIAN_POINT ( 'NONE',  ( 25.56716506703657288, 150.2407575570762219, -68.85671819675317806 ) ) ;
#664 =( LENGTH_UNIT ( ) NAMED_UNIT ( * ) SI_UNIT ( .MILLI., .METRE. ) );
#665 = CARTESIAN_POINT ( 'NONE',  ( -26.64283554605416526, 146.8383240401575449, -70.19244966903892191 ) ) ;
#666 = CARTESIAN_POINT ( 'NONE',  ( 22.26346816115519189, 147.5581686049012546, -10.64363830100662689 ) ) ;
#667 = EDGE_LOOP ( 'NONE', ( #621, #1122, #248, #129 ) ) ;
#668 = CARTESIAN_POINT ( 'NONE',  ( 0.000000000000000000, 0.000000000000000000, 152.4000000000000057 ) ) ;
#669 = CARTESIAN_POINT ( 'NONE',  ( -20.49719787950998295, 151.0162994256865545, -74.53185394383444873 ) ) ;
#670 = CARTESIAN_POINT ( 'NONE',  ( 1.687054967990621046, -152.3907835740473615, -36.18867381810880346 ) ) ;
#671 = PRODUCT ( '84865K315_Clear Scratch- and UV-Resistant Cast Acrylic Tube_84865K315', '84865K315_Clear Scratch- and UV-Resistant Cast Acrylic Tube_84865K315', '', ( #1001 ) ) ;
#672 = CARTESIAN_POINT ( 'NONE',  ( -9.952537070323476343, 148.8940110911053409, -3.696118854006535948 ) ) ;
#673 = ORIENTED_EDGE ( 'NONE', *, *, #269, .T. ) ;
#674 = CARTESIAN_POINT ( 'NONE',  ( -3.689543241197626333, -152.3557209666887218, 21.76403503982577092 ) ) ;
#675 = CARTESIAN_POINT ( 'NONE',  ( -39.69614983102182748, 147.1393070820746516, -41.19557198464744374 ) ) ;
#676 = CARTESIAN_POINT ( 'NONE',  ( -0.6538700942193836907, -152.3991376808665734, 33.12228022451348863 ) ) ;
#677 = CARTESIAN_POINT ( 'NONE',  ( 4.958701114575520208, -149.1428777215983530, 31.01448116445886427 ) ) ;
#678 = CARTESIAN_POINT ( 'NONE',  ( -26.59490905182521558, 146.8392919316337384, -12.23729799938570117 ) ) ;
#679 = ORIENTED_EDGE ( 'NONE', *, *, #856, .F. ) ;
#680 = DIRECTION ( 'NONE',  ( -0.000000000000000000, -0.000000000000000000, -1.000000000000000000 ) ) ;
#681 = CARTESIAN_POINT ( 'NONE',  ( -37.65024756971320841, 147.6762257978586490, -53.60786289782451774 ) ) ;
#682 = CARTESIAN_POINT ( 'NONE',  ( 5.681906034147297113, -152.2940760520158108, 29.99518614490504120 ) ) ;
#683 = COLOUR_RGB ( '',0.8588235294117646523, 0.8588235294117646523, 0.8588235294117646523 ) ;
#684 = CARTESIAN_POINT ( 'NONE',  ( -1.867086369458620387, -149.2134527663273786, 32.82908504551433282 ) ) ;
#685 = CARTESIAN_POINT ( 'NONE',  ( -6.885297702872406056, -149.0660702525655950, -42.13628628628684680 ) ) ;
#686 = CARTESIAN_POINT ( 'NONE',  ( 2.416622603710515182, -152.3809601228722101, 32.76161283217876274 ) ) ;
#687 = EDGE_CURVE ( 'NONE', #1056, #788, #792, .T. ) ;
#688 = CARTESIAN_POINT ( 'NONE',  ( 29.38275814753949433, 149.5475095444058411, -17.69156116701210024 ) ) ;
#689 = ORIENTED_EDGE ( 'NONE', *, *, #67, .T. ) ;
#690 = CARTESIAN_POINT ( 'NONE',  ( 4.952716942823891522, -152.3195333882110560, -38.95510050538253211 ) ) ;
#691 = UNCERTAINTY_MEASURE_WITH_UNIT (LENGTH_MEASURE( 1.000000000000000082E-05 ), #91, 'distance_accuracy_value', 'NONE');
#692 = CARTESIAN_POINT ( 'NONE',  ( -4.607260757803175011, -149.1541464598920186, 31.00806222318685457 ) ) ;
#693 = PRODUCT_DEFINITION ( 'UNKNOWN', '', #659, #951 ) ;
#694 = EDGE_LOOP ( 'NONE', ( #1042, #1129 ) ) ;
#695 = CARTESIAN_POINT ( 'NONE',  ( -6.481821911019742366, -149.0841804845571232, -39.89913544073162655 ) ) ;
#696 = CARTESIAN_POINT ( 'NONE',  ( -6.171549238575927632, -149.0973259485086260, 27.22836512988989810 ) ) ;
#697 = CARTESIAN_POINT ( 'NONE',  ( 1.320135338023148197, 152.3956118022504143, -2.775332542696869798 ) ) ;
#698 = AXIS2_PLACEMENT_3D ( 'NONE', #854, #1045, #866 ) ;
#699 = ORIENTED_EDGE ( 'NONE', *, *, #687, .T. ) ;
#700 = CARTESIAN_POINT ( 'NONE',  ( 19.17426440898436013, 147.9917293007725050, -73.88591570851899348 ) ) ;
#701 = EDGE_CURVE ( 'NONE', #229, #135, #807, .T. ) ;
#702 = CARTESIAN_POINT ( 'NONE',  ( 5.597711655813522924, -152.2971844262257264, -40.48017747151899925 ) ) ;
#703 = DIRECTION ( 'NONE',  ( 0.000000000000000000, 0.000000000000000000, 1.000000000000000000 ) ) ;
#704 = CARTESIAN_POINT ( 'NONE',  ( -152.4000000000000057, 0.000000000000000000, 152.4000000000000057 ) ) ;
#705 = CARTESIAN_POINT ( 'NONE',  ( -6.896708333528517088, -152.2438682317361724, -42.13628628628684680 ) ) ;
#706 = ORIENTED_EDGE ( 'NONE', *, *, #1107, .T. ) ;
#707 = SURFACE_STYLE_USAGE ( .BOTH. , #437 ) ;
#708 = CARTESIAN_POINT ( 'NONE',  ( 6.315968019434224701, -149.0912902700496261, 25.17178923341914398 ) ) ;
#709 = VERTEX_POINT ( 'NONE', #1115 ) ;
#710 = CARTESIAN_POINT ( 'NONE',  ( -149.2249999999999943, 0.000000000000000000, 152.4000000000000057 ) ) ;
#711 = CYLINDRICAL_SURFACE ( 'NONE', #249, 152.4000000000000057 ) ;
#712 = AXIS2_PLACEMENT_3D ( 'NONE', #612, #791, #717 ) ;
#713 = STYLED_ITEM ( 'NONE', ( #8 ), #39 ) ;
#714 = CARTESIAN_POINT ( 'NONE',  ( -3.724984925656931178, -152.3545809277222816, -47.63782735796137757 ) ) ;
#715 = CIRCLE ( 'NONE', #865, 149.2249999999999943 ) ;
#716 = CARTESIAN_POINT ( 'NONE',  ( -2.182126713246783201, -149.2091780721526391, -35.99987090490147068 ) ) ;
#717 = DIRECTION ( 'NONE',  ( 0.9999992837101810972, 0.001196903974680663249, 0.000000000000000000 ) ) ;
#718 = CARTESIAN_POINT ( 'NONE',  ( -6.692877943096180005, -152.2529867806016171, -43.78541286983846703 ) ) ;
#719 =( NAMED_UNIT ( * ) SI_UNIT ( $, .STERADIAN. ) SOLID_ANGLE_UNIT ( ) );
#720 = CARTESIAN_POINT ( 'NONE',  ( -0.9598986151976413028, -149.2225003841523687, -35.78663592458418918 ) ) ;
#721 = CARTESIAN_POINT ( 'NONE',  ( -38.20667559622915377, 147.5332045848456914, -30.56037915363242163 ) ) ;
#722 = CARTESIAN_POINT ( 'NONE',  ( -5.526984029222239414, -152.2998276096904249, 29.62429596217636885 ) ) ;
#723 = B_SPLINE_CURVE_WITH_KNOTS ( 'NONE', 3,
 ( #675, #297, #54, #661, #131, #203, #681, #114, #571, #928, #479, #944, #1035, #492, #838, #42, #403, #770, #221, #594, #935, #669, #1124, #1023, #312, #209, #1088, #833, #552, #95, #451, #642, #1080, #382, #375, #276, #1000, #1095, #1010, #4, #904, #729, #281, #743, #475, #747, #264, #559, #362, #1165, #663, #815, #186, #1105, #820, #288, #177, #197, #110, #181, #457, #370, #88, #736, #543, #103, #896, #86 ),
 .UNSPECIFIED., .F., .F.,
 ( 4, 2, 2, 2, 2, 2, 2, 2, 2, 2, 2, 2, 2, 2, 2, 2, 2, 2, 2, 2, 2, 2, 2, 2, 2, 2, 2, 2, 2, 2, 2, 2, 2, 4 ),
 ( 6.938893903907228378E-18, 0.007553683194710421669, 0.01133052479206562990, 0.01321894559074324009, 0.01510736638942085028, 0.02266104958413127368, 0.02454947038280885091, 0.02643789118148643161, 0.03021473277884158606, 0.03776841597355190538, 0.03965683677222947567, 0.04154525757090704596, 0.04532209916826217960, 0.04909894076561732018, 0.05098736156429489741, 0.05287578236297247464, 0.06042946555768279049, 0.06420630715503794494, 0.06798314875239308552, 0.07553683194710342219, 0.07742525274578102024, 0.07931367354445859053, 0.08309051514181375886, 0.08686735673916889944, 0.08875577753784646973, 0.09064419833652404002, 0.09819788153123434893, 0.1019747231285895173, 0.1038631439272671153, 0.1057515647259446856, 0.1133052479206549390, 0.1151936687193325093, 0.1170820895180100241, 0.1208589311153651369 ),
 .UNSPECIFIED. ) ;
#724 = CARTESIAN_POINT ( 'NONE',  ( 6.528441664543321643, -149.0821252680302109, 26.81400036400072295 ) ) ;
#725 = SURFACE_STYLE_USAGE ( .BOTH. , #900 ) ;
#726 = DIRECTION ( 'NONE',  ( 1.000000000000000000, 0.000000000000000000, 0.000000000000000000 ) ) ;
#727 = FACE_OUTER_BOUND ( 'NONE', #872, .T. ) ;
#728 = CYLINDRICAL_SURFACE ( 'NONE', #753, 149.2249999999999943 ) ;
#729 = CARTESIAN_POINT ( 'NONE',  ( 15.84093198968573901, 151.5755815199792096, -75.70967812756150295 ) ) ;
#730 = CARTESIAN_POINT ( 'NONE',  ( 4.374884317229522424, -149.1611441336708026, 22.03019994641994117 ) ) ;
#731 = COLOUR_RGB ( '',0.8588235294117646523, 0.8588235294117646523, 0.8588235294117646523 ) ;
#732 =( GEOMETRIC_REPRESENTATION_CONTEXT ( 3 ) GLOBAL_UNCERTAINTY_ASSIGNED_CONTEXT ( ( #17 ) ) GLOBAL_UNIT_ASSIGNED_CONTEXT ( ( #532, #886, #524 ) ) REPRESENTATION_CONTEXT ( 'NONE', 'WORKASPACE' ) );
#733 = CARTESIAN_POINT ( 'NONE',  ( 2.227137393065798499, -152.3838553747474691, 20.79863076259258747 ) ) ;
#734 = CARTESIAN_POINT ( 'NONE',  ( -9.986457694786981421, 148.8917514200278163, -78.68714733727111366 ) ) ;
#735 = CARTESIAN_POINT ( 'NONE',  ( 0.000000000000000000, 0.000000000000000000, -152.4000000000000057 ) ) ;
#736 = CARTESIAN_POINT ( 'NONE',  ( 36.97333065224206905, 147.8470230958335208, -46.24539497083674888 ) ) ;
#737 = CARTESIAN_POINT ( 'NONE',  ( -39.66948366518036551, 143.8555966611586996, -38.64077673539143376 ) ) ;
#738 = CARTESIAN_POINT ( 'NONE',  ( 3.534508734047451917, -149.1832363691072203, 21.41921560438047933 ) ) ;
#739 = FACE_BOUND ( 'NONE', #164, .T. ) ;
#740 = CARTESIAN_POINT ( 'NONE',  ( 4.964599715110991518, -152.3193968424152445, 22.61592298286216263 ) ) ;
#741 = CARTESIAN_POINT ( 'NONE',  ( 5.602105336528457435, -149.1198199509680933, -43.77849741686843998 ) ) ;
#742 = ADVANCED_FACE ( 'NONE', ( #746, #304 ), #851, .T. ) ;
#743 = CARTESIAN_POINT ( 'NONE',  ( 18.07145476842963561, 151.3288867114095524, -74.53258334567328802 ) ) ;
#744 = PRESENTATION_STYLE_ASSIGNMENT (( #289 ) ) ;
#745 = CARTESIAN_POINT ( 'NONE',  ( -30.12329327375616117, 146.1552264596497537, -15.76791235022065685 ) ) ;
#746 = FACE_BOUND ( 'NONE', #836, .T. ) ;
#747 = CARTESIAN_POINT ( 'NONE',  ( 21.22894179742274545, 150.9178420807487839, -72.49483662754086311 ) ) ;
#748 = UNCERTAINTY_MEASURE_WITH_UNIT (LENGTH_MEASURE( 1.000000000000000082E-05 ), #92, 'distance_accuracy_value', 'NONE');
#749 = CARTESIAN_POINT ( 'NONE',  ( -5.215140370112670176, -149.1338867284042351, 23.45632590911519344 ) ) ;
#750 = CARTESIAN_POINT ( 'NONE',  ( -39.73629090163173316, 152.0823368619147118, -41.19557198464744374 ) ) ;
#751 = AXIS2_PLACEMENT_3D ( 'NONE', #452, #16, #96 ) ;
#752 = ORIENTED_EDGE ( 'NONE', *, *, #811, .F. ) ;
#753 = AXIS2_PLACEMENT_3D ( 'NONE', #368, #396, #172 ) ;
#754 = CARTESIAN_POINT ( 'NONE',  ( 5.159641385741815967, -152.3127163071674488, -44.95256171837184667 ) ) ;
#755 = COLOUR_RGB ( '',0.8588235294117646523, 0.8588235294117646523, 0.8588235294117646523 ) ;
#756 = CARTESIAN_POINT ( 'NONE',  ( -5.321093998969476324, -149.1303944913080386, -46.33110252038259347 ) ) ;
#757 = MECHANICAL_DESIGN_GEOMETRIC_PRESENTATION_REPRESENTATION (  '', ( #335 ), #1052 ) ;
#758 = CARTESIAN_POINT ( 'NONE',  ( -3.366648279975449132, -152.3632931796369689, -36.43141600901551413 ) ) ;
#759 = CARTESIAN_POINT ( 'NONE',  ( -19.92557891673584436, 147.8897664253353241, -74.84162100846832288 ) ) ;
#760 = FILL_AREA_STYLE_COLOUR ( '', #962 ) ;
#761 = CARTESIAN_POINT ( 'NONE',  ( -23.11639364150999398, 147.4246057416558813, -9.537567352589395142 ) ) ;
#762 = CARTESIAN_POINT ( 'NONE',  ( -6.167745695023903352, -152.2751421376500218, 26.39954230384391209 ) ) ;
#763 = CARTESIAN_POINT ( 'NONE',  ( -2.182963681171101733, -149.2095880100535794, -48.28296971902195622 ) ) ;
#764 = CARTESIAN_POINT ( 'NONE',  ( -6.059726133754028687, -152.2796561792837622, -38.95740938858779856 ) ) ;
#765 = UNCERTAINTY_MEASURE_WITH_UNIT (LENGTH_MEASURE( 1.000000000000000082E-05 ), #562, 'distance_accuracy_value', 'NONE');
#766 = CARTESIAN_POINT ( 'NONE',  ( 31.15845312763624264, 145.9362167817194802, -20.30042115182742180 ) ) ;
#767 = CARTESIAN_POINT ( 'NONE',  ( 37.05611825541343762, 147.8271602437659737, -36.16693369493995647 ) ) ;
#768 = ORIENTED_EDGE ( 'NONE', *, *, #616, .F. ) ;
#769 = CARTESIAN_POINT ( 'NONE',  ( 0.000000000000000000, 0.000000000000000000, 152.4000000000000057 ) ) ;
#770 = CARTESIAN_POINT ( 'NONE',  ( -26.66862563530024133, 150.0592368470467193, -70.19281321995903511 ) ) ;
#771 = CARTESIAN_POINT ( 'NONE',  ( 1.010115119975508513, -152.3971925443518103, 33.12339562571651186 ) ) ;
#772 =( NAMED_UNIT ( * ) PLANE_ANGLE_UNIT ( ) SI_UNIT ( $, .RADIAN. ) );
#773 = CARTESIAN_POINT ( 'NONE',  ( 8.772378095503132300, 152.1521138798961204, -3.997664681515038509 ) ) ;
#774 = CARTESIAN_POINT ( 'NONE',  ( 37.32797752190360541, 144.4808731947736646, -38.67717502411917252 ) ) ;
#775 = CARTESIAN_POINT ( 'NONE',  ( -6.322428386547355394, -149.0910254964776414, -44.75849498726692843 ) ) ;
#776 = VECTOR ( 'NONE', #556, 1000.000000000000114 ) ;
#777 = CARTESIAN_POINT ( 'NONE',  ( 6.204959911342881718, -152.2737130408006578, 28.86841404005847522 ) ) ;
#778 = CARTESIAN_POINT ( 'NONE',  ( 1.006317030495593290, -149.2221584783781907, 33.12339547337003154 ) ) ;
#779 = CARTESIAN_POINT ( 'NONE',  ( 12.37317156850257938, 151.8980652190421949, -5.174456406082831528 ) ) ;
#780 = ORIENTED_EDGE ( 'NONE', *, *, #420, .F. ) ;
#781 = CARTESIAN_POINT ( 'NONE',  ( -0.2416663410445245852, -152.4003838367736137, 33.16365050450882279 ) ) ;
#782 = CARTESIAN_POINT ( 'NONE',  ( -39.66948366518038682, 143.8555966611587280, -41.19557198464744374 ) ) ;
#783 = ORIENTED_EDGE ( 'NONE', *, *, #1153, .T. ) ;
#784 = B_SPLINE_CURVE_WITH_KNOTS ( 'NONE', 3,
 ( #212, #774, #939, #658, #842, #38, #581, #377, #46, #650, #766, #28, #278, #575, #1008, #19, #948, #666, #1020, #567, #1108, #407, #194, #309, #217, #283, #932, #134, #206, #490, #835, #399, #849, #591, #496, #13, #672, #476, #106, #561, #925, #393, #1026, #761, #471, #1120, #828, #678, #1012, #118, #745, #482, #1102, #201, #112, #1031, #384, #1114, #154, #953, #959, #643, #299, #458, #737, #469 ),
 .UNSPECIFIED., .F., .F.,
 ( 4, 2, 2, 2, 2, 2, 2, 2, 2, 2, 2, 2, 2, 2, 2, 2, 2, 2, 2, 2, 2, 2, 2, 2, 2, 2, 2, 2, 2, 2, 2, 2, 4 ),
 ( 0.1208806027775998493, 0.1284335756721873278, 0.1359865485667748064, 0.1397630350140685596, 0.1416512782377154223, 0.1435395214613622850, 0.1510924943559497635, 0.1529807375795966262, 0.1548689808032434889, 0.1586454672505372143, 0.1661984401451247206, 0.1680866833687715833, 0.1699749265924184738, 0.1737514130397121992, 0.1775278994870059524, 0.1794161427106528151, 0.1813043859342997055, 0.1888573588288871841, 0.1907456020525340468, 0.1926338452761809372, 0.1964103317234746626, 0.2039633046180621689, 0.2058515478417090039, 0.2077397910653558943, 0.2115162775126496197, 0.2152927639599433451, 0.2171810071835902356, 0.2190692504072370705, 0.2266222233018245769, 0.2303987097491183023, 0.2322869529727651927, 0.2341751961964120277, 0.2417281690909994230 ),
 .UNSPECIFIED. ) ;
#785 = CARTESIAN_POINT ( 'NONE',  ( -6.723379643162175512, -149.0734665919183328, -40.69615336907833836 ) ) ;
#786 =( NAMED_UNIT ( * ) SI_UNIT ( $, .STERADIAN. ) SOLID_ANGLE_UNIT ( ) );
#787 = SURFACE_SIDE_STYLE ('',( #613 ) ) ;
#788 = VERTEX_POINT ( 'NONE', #285 ) ;
#789 = CARTESIAN_POINT ( 'NONE',  ( 22.26251407228521728, 147.5582899911772188, -71.74805408478157176 ) ) ;
#790 = DIRECTION ( 'NONE',  ( -1.000000000000000000, 0.000000000000000000, 0.000000000000000000 ) ) ;
#791 = DIRECTION ( 'NONE',  ( 0.001196903974680324110, -0.9999992837101813192, -0.000000000000000000 ) ) ;
#792 = CIRCLE ( 'NONE', #128, 152.4000000000000057 ) ;
#793 = CARTESIAN_POINT ( 'NONE',  ( -1.379900466716779128, -152.3942969183313210, -48.44513349836326199 ) ) ;
#794 = VERTEX_POINT ( 'NONE', #1015 ) ;
#795 = CARTESIAN_POINT ( 'NONE',  ( 33.05391292304065587, 145.5184999968221859, -58.82083937398323314 ) ) ;
#796 = SURFACE_STYLE_FILL_AREA ( #433 ) ;
#797 = CARTESIAN_POINT ( 'NONE',  ( -18.31008139442206328, 151.3140540987887164, -6.600511742513059055 ) ) ;
#798 = B_SPLINE_CURVE_WITH_KNOTS ( 'NONE', 3,
 ( #782, #520, #1055, #619, #162, #342, #804, #1172, #554, #910, #173, #888, #1159, #459, #445, #656, #124, #665, #840, #198, #930, #25, #759, #36, #351, #258, #913, #1163, #997, #734, #47, #33, #220, #120, #593, #920, #831, #380, #1016, #570, #584, #386, #597, #977, #700, #523, #789, #955, #878, #603, #70, #511, #967, #1057, #427, #795, #1148, #339, #364, #894, #1076, #633, #1083, #183, #448, #188, #250, #30 ),
 .UNSPECIFIED., .F., .F.,
 ( 4, 2, 2, 2, 2, 2, 2, 2, 2, 2, 2, 2, 2, 2, 2, 2, 2, 2, 2, 2, 2, 2, 2, 2, 2, 2, 2, 2, 2, 2, 2, 2, 2, 4 ),
 ( 0.000000000000000000, 0.007555037673599876089, 0.01133255651039981847, 0.01322131592879979833, 0.01511007534719977993, 0.02266511302079969592, 0.02455387243919968099, 0.02644263185759966953, 0.03022015069439968823, 0.03777518836799969443, 0.03966394778639969337, 0.04155270720479969232, 0.04533022604159971797, 0.04910774487839972974, 0.05099650429679974256, 0.05288526371519975539, 0.06044030138879977893, 0.06421782022559979763, 0.06799533906239980940, 0.07555037673599983294, 0.07743913615439984577, 0.07932789557279985859, 0.08310541440959984261, 0.08688293324639984050, 0.08877169266479982557, 0.09066045208319981064, 0.09821548975679972315, 0.1019930085935997072, 0.1038817680119997061, 0.1057705274303997051, 0.1133255651039997702, 0.1152143245223997831, 0.1171030839407998098, 0.1208806027775998493 ),
 .UNSPECIFIED. ) ;
#799 = CARTESIAN_POINT ( 'NONE',  ( -5.940485352146240849, -152.2842206794128117, -45.49395641583233640 ) ) ;
#800 = ORIENTED_EDGE ( 'NONE', *, *, #123, .T. ) ;
#801 = LINE ( 'NONE', #1166, #69 ) ;
#802 = CARTESIAN_POINT ( 'NONE',  ( -3.166837472530923403, -152.3672146443285556, -47.92445443548327688 ) ) ;
#803 = FILL_AREA_STYLE_COLOUR ( '', #731 ) ;
#804 = CARTESIAN_POINT ( 'NONE',  ( -37.62310056344273335, 144.4044731771231795, -53.60955924671851136 ) ) ;
#805 = MECHANICAL_DESIGN_GEOMETRIC_PRESENTATION_REPRESENTATION (  '', ( #713 ), #898 ) ;
#806 = SURFACE_STYLE_USAGE ( .BOTH. , #545 ) ;
#807 = CIRCLE ( 'NONE', #662, 149.2249999999999943 ) ;
#808 = CARTESIAN_POINT ( 'NONE',  ( -3.355253172441437393, -149.1877687129451715, -36.43141947129797131 ) ) ;
#809 = CARTESIAN_POINT ( 'NONE',  ( -5.833980157655874521, -152.2883065886007898, 28.85617065217385857 ) ) ;
#810 =( LENGTH_UNIT ( ) NAMED_UNIT ( * ) SI_UNIT ( .MILLI., .METRE. ) );
#811 = EDGE_CURVE ( 'NONE', #1064, #417, #85, .T. ) ;
#812 = CARTESIAN_POINT ( 'NONE',  ( -2.590213059178870125, -152.3784716700533863, -48.16302172594073028 ) ) ;
#813 = CARTESIAN_POINT ( 'NONE',  ( 5.888795468081275963, -152.2862683764765563, 23.99772493191573020 ) ) ;
#814 = CARTESIAN_POINT ( 'NONE',  ( -37.65153478153940370, 147.6762268929979882, -28.73841501519047625 ) ) ;
#815 = CARTESIAN_POINT ( 'NONE',  ( 27.79866327038247675, 149.8541854424092890, -66.62705791007130074 ) ) ;
#816 =( NAMED_UNIT ( * ) SI_UNIT ( $, .STERADIAN. ) SOLID_ANGLE_UNIT ( ) );
#817 = CARTESIAN_POINT ( 'NONE',  ( -4.014083096215445678, -149.1712966336878878, 22.02650417585959630 ) ) ;
#818 = CARTESIAN_POINT ( 'NONE',  ( -2.779413461188992240, -149.1992370755004060, -36.19224085260574952 ) ) ;
#819 = PRESENTATION_STYLE_ASSIGNMENT (( #185 ) ) ;
#820 = CARTESIAN_POINT ( 'NONE',  ( 32.12874739239771316, 148.9761058444806565, -60.49503079558970597 ) ) ;
#821 = CARTESIAN_POINT ( 'NONE',  ( -6.171549238575928520, -149.0973259485087112, 26.39954140064190469 ) ) ;
#822 = CARTESIAN_POINT ( 'NONE',  ( -6.167587285818389553, -152.4074911776708348, 26.81400036400072295 ) ) ;
#823 = VECTOR ( 'NONE', #984, 1000.000000000000227 ) ;
#824 = AXIS2_PLACEMENT_3D ( 'NONE', #558, #883, #196 ) ;
#825 = CARTESIAN_POINT ( 'NONE',  ( -6.885297702872406056, -149.0660702525655950, -42.13628628628684680 ) ) ;
#826 = CARTESIAN_POINT ( 'NONE',  ( -37.22480050825945597, 147.7847092756370557, -27.55253739778174449 ) ) ;
#827 =( NAMED_UNIT ( * ) SI_UNIT ( $, .STERADIAN. ) SOLID_ANGLE_UNIT ( ) );
#828 = CARTESIAN_POINT ( 'NONE',  ( -25.14236815822801319, 147.0924998181781973, -11.04294326068451149 ) ) ;
#829 = ORIENTED_EDGE ( 'NONE', *, *, #973, .T. ) ;
#830 = CARTESIAN_POINT ( 'NONE',  ( 5.773445188045798204, -149.1132949003043393, -41.30165591092855237 ) ) ;
#831 = CARTESIAN_POINT ( 'NONE',  ( 5.096980703511418298, 149.1430681801525679, -79.19623795734280236 ) ) ;
#832 = CARTESIAN_POINT ( 'NONE',  ( 5.814620424966692624, -149.1116722940010391, -42.55589652501559783 ) ) ;
#833 = CARTESIAN_POINT ( 'NONE',  ( -11.85460076907332727, 151.9394459347463737, -78.20713794098313087 ) ) ;
#834 = CARTESIAN_POINT ( 'NONE',  ( 2.987523171148649404, -149.1952041697811921, 21.11527225197040281 ) ) ;
#835 = CARTESIAN_POINT ( 'NONE',  ( 1.345365668667722669, 149.2202946151236915, -2.775289675613576978 ) ) ;
#836 = EDGE_LOOP ( 'NONE', ( #235, #673 ) ) ;
#837 = CARTESIAN_POINT ( 'NONE',  ( 4.964528356001453702, -152.3192917217399156, -45.31730152309514636 ) ) ;
#838 = CARTESIAN_POINT ( 'NONE',  ( -31.35820467349333285, 149.1394974735197252, -65.15097351024240879 ) ) ;
#839 = CARTESIAN_POINT ( 'NONE',  ( -6.256072195576112271, -152.2716211350114008, -39.32599068811120446 ) ) ;
#840 = CARTESIAN_POINT ( 'NONE',  ( -24.71400839397272620, 147.1795974634772506, -71.78243699813963019 ) ) ;
#841 = CARTESIAN_POINT ( 'NONE',  ( -4.870214194454052681, -149.1456823977889314, 22.94049830050716565 ) ) ;
#842 = CARTESIAN_POINT ( 'NONE',  ( 35.34479797240118160, 144.9821634054969195, -28.75486438551830659 ) ) ;
#843 = AXIS2_PLACEMENT_3D ( 'NONE', #735, #1099, #456 ) ;
#844 = CARTESIAN_POINT ( 'NONE',  ( -4.010278847012752834, -152.3475160202096106, 22.02650195765683705 ) ) ;
#845 = CIRCLE ( 'NONE', #236, 152.4000000000000057 ) ;
#846 = CARTESIAN_POINT ( 'NONE',  ( -3.155443652759170714, -149.1917583482227201, -47.92445065976711049 ) ) ;
#847 = CARTESIAN_POINT ( 'NONE',  ( 5.573516705430331619, -152.2980938555778039, 30.17564100338482902 ) ) ;
#848 = CARTESIAN_POINT ( 'NONE',  ( 2.214495524807269078, -149.2087006320427918, 32.83238199473234431 ) ) ;
#849 = CARTESIAN_POINT ( 'NONE',  ( -0.5668274505365893390, 149.2252733495417374, -2.695742287563698270 ) ) ;
#850 = B_SPLINE_CURVE_WITH_KNOTS ( 'NONE', 3,
 ( #569, #927, #402, #148, #478, #1123, #515, #754, #837, #21, #1110, #934, #296, #1160, #876, #983, #438, #884, #337, #899, #431, #80, #544, #793, #244, #812, #802, #359, #714, #1146, #889, #1167, #1074, #75, #799, #975, #624, #343, #260, #718, #628, #980, #705 ),
 .UNSPECIFIED., .F., .F.,
 ( 4, 2, 2, 2, 2, 2, 2, 2, 1, 2, 2, 2, 2, 2, 2, 2, 2, 2, 2, 2, 2, 4 ),
 ( 0.000000000000000000, 0.001240946774566166347, 0.001861420161849249846, 0.002481893549132333128, 0.003722840323698502728, 0.004963787098264672328, 0.006204733872830841927, 0.006825207260113926727, 0.007445680647397013262, 0.008066154034680098062, 0.008686627421963181994, 0.009927574196529356798, 0.01116852097109553160, 0.01240946774566170641, 0.01302994113294478687, 0.01365041452022787080, 0.01489136129479403867, 0.01613230806936020306, 0.01675278145664328006, 0.01737325484392635358, 0.01861420161849248328, 0.01985514839305861298 ),
 .UNSPECIFIED. ) ;
#851 = CYLINDRICAL_SURFACE ( 'NONE', #1130, 152.4000000000000057 ) ;
#852 = CARTESIAN_POINT ( 'NONE',  ( -4.407518942228078274, -149.1602924511461197, -47.18624909340631035 ) ) ;
#853 = CARTESIAN_POINT ( 'NONE',  ( -1.463941681952096507, -152.3930994106699472, 32.95041711429529130 ) ) ;
#854 = CARTESIAN_POINT ( 'NONE',  ( 0.000000000000000000, 0.000000000000000000, -152.4000000000000057 ) ) ;
#855 = DIRECTION ( 'NONE',  ( -0.008120474462531097545, 0.9999670284036885626, -0.000000000000000000 ) ) ;
#856 = EDGE_CURVE ( 'NONE', #334, #960, #850, .T. ) ;
#857 = CARTESIAN_POINT ( 'NONE',  ( -3.891478584158409859, -149.1743497723835503, -47.53108343860195362 ) ) ;
#858 = CARTESIAN_POINT ( 'NONE',  ( 3.359016388957943633, -152.3633685916105662, 32.32791714792870152 ) ) ;
#859 = CARTESIAN_POINT ( 'NONE',  ( 5.569714327976654111, -149.1210662137176826, 30.17564074278880781 ) ) ;
#860 = CARTESIAN_POINT ( 'NONE',  ( -6.270507065702657812, 152.2910737615330561, -2.942861872086646180 ) ) ;
#861 = ORIENTED_EDGE ( 'NONE', *, *, #123, .F. ) ;
#862 = CARTESIAN_POINT ( 'NONE',  ( -6.885297702872405168, -149.0660702525655665, -42.55074524964568639 ) ) ;
#863 = STYLED_ITEM ( 'NONE', ( #84 ), #193 ) ;
#864 = CARTESIAN_POINT ( 'NONE',  ( -3.692128574886729186, -152.3556609393442329, 31.86210223303769595 ) ) ;
#865 = AXIS2_PLACEMENT_3D ( 'NONE', #392, #1007, #906 ) ;
#866 = DIRECTION ( 'NONE',  ( 1.000000000000000000, 0.000000000000000000, -0.000000000000000000 ) ) ;
#867 = ORIENTED_EDGE ( 'NONE', *, *, #269, .F. ) ;
#868 = CARTESIAN_POINT ( 'NONE',  ( -6.885297702872406056, -149.0660702525655950, -42.13628628628684680 ) ) ;
#869 = CARTESIAN_POINT ( 'NONE',  ( -6.009597623796034682, -149.1039470032833663, 28.25413328120921008 ) ) ;
#870 = CARTESIAN_POINT ( 'NONE',  ( 5.088139103605337610, 152.3200332778578456, -3.197879339822658817 ) ) ;
#871 = CARTESIAN_POINT ( 'NONE',  ( -6.126211816987289005, -152.2768404175390060, 25.97861889351175790 ) ) ;
#872 = EDGE_LOOP ( 'NONE', ( #413, #303, #783, #1059 ) ) ;
#873 =( LENGTH_UNIT ( ) NAMED_UNIT ( * ) SI_UNIT ( .MILLI., .METRE. ) );
#874 = FACE_BOUND ( 'NONE', #310, .T. ) ;
#875 = ADVANCED_FACE ( 'NONE', ( #178 ), #620, .F. ) ;
#876 = CARTESIAN_POINT ( 'NONE',  ( 2.628442870971365419, -152.3774422438539489, -47.63914500312894518 ) ) ;
#877 = VERTEX_POINT ( 'NONE', #637 ) ;
#878 = CARTESIAN_POINT ( 'NONE',  ( 24.19743047570300476, 147.2508423158353992, -70.14165541700637618 ) ) ;
#879 = CARTESIAN_POINT ( 'NONE',  ( -39.69614983102182748, 147.1393070820746516, -41.19557198464744374 ) ) ;
#880 = STYLED_ITEM ( 'NONE', ( #625 ), #55 ) ;
#881 = DIRECTION ( 'NONE',  ( -0.000000000000000000, -0.000000000000000000, -1.000000000000000000 ) ) ;
#882 = MECHANICAL_DESIGN_GEOMETRIC_PRESENTATION_REPRESENTATION (  '', ( #1158 ), #199 ) ;
#883 = DIRECTION ( 'NONE',  ( 0.001196903974680324110, -0.9999992837101813192, -0.000000000000000000 ) ) ;
#884 = CARTESIAN_POINT ( 'NONE',  ( 1.497558067645351265, -152.3927716122833544, -48.15165588769500005 ) ) ;
#885 = ORIENTED_EDGE ( 'NONE', *, *, #947, .T. ) ;
#886 =( NAMED_UNIT ( * ) PLANE_ANGLE_UNIT ( ) SI_UNIT ( $, .RADIAN. ) );
#887 = FILL_AREA_STYLE_COLOUR ( '', #901 ) ;
#888 = CARTESIAN_POINT ( 'NONE',  ( -32.83492320449360591, 145.5681843342588309, -63.12297025216869173 ) ) ;
#889 = CARTESIAN_POINT ( 'NONE',  ( -4.418920061165756863, -152.3363107932615605, -47.18625161046180949 ) ) ;
#890 = LINE ( 'NONE', #822, #776 ) ;
#891 =( NAMED_UNIT ( * ) SI_UNIT ( $, .STERADIAN. ) SOLID_ANGLE_UNIT ( ) );
#892 = PRESENTATION_STYLE_ASSIGNMENT (( #170 ) ) ;
#893 = CARTESIAN_POINT ( 'NONE',  ( 149.2249999999999943, 1.827479186027637520E-14, 152.4000000000000057 ) ) ;
#894 = CARTESIAN_POINT ( 'NONE',  ( 35.34667091238740966, 144.9817201027927922, -53.63178497206653361 ) ) ;
#895 = CARTESIAN_POINT ( 'NONE',  ( -0.6502808611890674717, -152.3991567999381118, 20.50515315192432553 ) ) ;
#896 = CARTESIAN_POINT ( 'NONE',  ( 37.30131135606220028, 147.7645836156895598, -42.45495312672430543 ) ) ;
#897 =( NAMED_UNIT ( * ) PLANE_ANGLE_UNIT ( ) SI_UNIT ( $, .RADIAN. ) );
#898 =( GEOMETRIC_REPRESENTATION_CONTEXT ( 3 ) GLOBAL_UNCERTAINTY_ASSIGNED_CONTEXT ( ( #90 ) ) GLOBAL_UNIT_ASSIGNED_CONTEXT ( ( #995, #182, #719 ) ) REPRESENTATION_CONTEXT ( 'NONE', 'WORKASPACE' ) );
#899 = CARTESIAN_POINT ( 'NONE',  ( 0.8961970126683566074, -152.3975027258096588, -48.32359112603047180 ) ) ;
#900 = SURFACE_SIDE_STYLE ('',( #454 ) ) ;
#901 = COLOUR_RGB ( '',0.8588235294117646523, 0.8588235294117646523, 0.8588235294117646523 ) ;
#902 = CARTESIAN_POINT ( 'NONE',  ( -2.627665354460209546, -152.3774563941242661, 21.11578586821416081 ) ) ;
#903 = CARTESIAN_POINT ( 'NONE',  ( -38.68693096900268102, 147.4079609322683666, -32.40607562367174665 ) ) ;
#904 = CARTESIAN_POINT ( 'NONE',  ( 14.69427251275345370, 151.6910359735956035, -76.25306061399165003 ) ) ;
#905 = EDGE_CURVE ( 'NONE', #229, #417, #539, .T. ) ;
#906 = DIRECTION ( 'NONE',  ( 1.000000000000000000, 0.000000000000000000, 0.000000000000000000 ) ) ;
#907 = CARTESIAN_POINT ( 'NONE',  ( -2.581440135099504651, -149.2028038100789615, -36.12120160477324049 ) ) ;
#908 =( NAMED_UNIT ( * ) PLANE_ANGLE_UNIT ( ) SI_UNIT ( $, .RADIAN. ) );
#909 = SURFACE_STYLE_FILL_AREA ( #648 ) ;
#910 = CARTESIAN_POINT ( 'NONE',  ( -35.75896299935173772, 144.8806094302289864, -58.30534335344498231 ) ) ;
#911 = CARTESIAN_POINT ( 'NONE',  ( -5.321865445725966204, -149.1301044335625079, 23.63406675908631271 ) ) ;
#912 = CARTESIAN_POINT ( 'NONE',  ( -1.980823010424261676, -149.2119906151259272, -35.94942980167503066 ) ) ;
#913 = CARTESIAN_POINT ( 'NONE',  ( -13.64116383458779147, 148.6051382408817005, -77.65433695625597466 ) ) ;
#914 = CARTESIAN_POINT ( 'NONE',  ( 5.814620424966691736, -149.1116722940010391, -42.13628628628684680 ) ) ;
#915 = CARTESIAN_POINT ( 'NONE',  ( -6.167745695023901575, -152.2751421376499650, 27.22836425448731390 ) ) ;
#916 = FILL_AREA_STYLE ('',( #760 ) ) ;
#917 = CARTESIAN_POINT ( 'NONE',  ( 0.000000000000000000, 0.000000000000000000, 152.4000000000000057 ) ) ;
#918 = VECTOR ( 'NONE', #191, 1000.000000000000000 ) ;
#919 = CARTESIAN_POINT ( 'NONE',  ( 4.507564947719631121, -149.1570863515610768, -38.25514108228570365 ) ) ;
#920 = CARTESIAN_POINT ( 'NONE',  ( 3.842079310522187097, 149.1809466813960228, -79.38384147649330203 ) ) ;
#921 = SURFACE_SIDE_STYLE ('',( #270 ) ) ;
#922 = CARTESIAN_POINT ( 'NONE',  ( -6.167745695023900687, -152.2751421376499934, 26.81400036400072295 ) ) ;
#923 = UNCERTAINTY_MEASURE_WITH_UNIT (LENGTH_MEASURE( 1.000000000000000082E-05 ), #274, 'distance_accuracy_value', 'NONE');
#924 = CARTESIAN_POINT ( 'NONE',  ( -0.6540854135406272141, -149.2241222350965586, 20.50515367394218913 ) ) ;
#925 = CARTESIAN_POINT ( 'NONE',  ( -14.80661398852676669, 148.4931832943883023, -5.155848768953759986 ) ) ;
#926 = EDGE_LOOP ( 'NONE', ( #780, #68, #706, #522 ) ) ;
#927 = CARTESIAN_POINT ( 'NONE',  ( 5.803209794310580705, -152.2894702731716734, -42.55589442192113836 ) ) ;
#928 = CARTESIAN_POINT ( 'NONE',  ( -35.78618045279057469, 148.1421631021562462, -58.30387895964374678 ) ) ;
#929 = CARTESIAN_POINT ( 'NONE',  ( -6.856546208302858325, -152.2457039645284453, -41.31007608284416932 ) ) ;
#930 = CARTESIAN_POINT ( 'NONE',  ( -21.55304952601120760, 147.6613171633169657, -73.88185230255142244 ) ) ;
#931 = CARTESIAN_POINT ( 'NONE',  ( -0.5472244972255085882, -152.3990175340695430, -42.13628628628684680 ) ) ;
#932 = CARTESIAN_POINT ( 'NONE',  ( 7.580146865366527820, 149.0374591950649403, -3.691406487540287884 ) ) ;
#933 = CARTESIAN_POINT ( 'NONE',  ( -0.5472244972255085882, -152.3990175340695430, -42.13628628628684680 ) ) ;
#934 = CARTESIAN_POINT ( 'NONE',  ( 3.649303473671793530, -152.3565833461931902, -46.92008783795683513 ) ) ;
#935 = CARTESIAN_POINT ( 'NONE',  ( -21.57819387003643286, 150.8656334704744495, -73.88240082536238162 ) ) ;
#936 = CARTESIAN_POINT ( 'NONE',  ( 4.233203283890127011, -152.3414784467249774, -37.93580791363184090 ) ) ;
#937 = UNCERTAINTY_MEASURE_WITH_UNIT (LENGTH_MEASURE( 1.000000000000000082E-05 ), #873, 'distance_accuracy_value', 'NONE');
#938 = CARTESIAN_POINT ( 'NONE',  ( 1.815985852040878701, -149.2140828813325015, 32.95279370520844253 ) ) ;
#939 = CARTESIAN_POINT ( 'NONE',  ( 37.08244961369879178, 144.5450053885414832, -36.16464113716228468 ) ) ;
#940 = MECHANICAL_DESIGN_GEOMETRIC_PRESENTATION_REPRESENTATION (  '', ( #462 ), #1087 ) ;
#941 = ORIENTED_EDGE ( 'NONE', *, *, #420, .T. ) ;
#942 = PRESENTATION_LAYER_ASSIGNMENT (  '', '', ( #388 ) ) ;
#943 = STYLED_ITEM ( 'NONE', ( #311 ), #742 ) ;
#944 = CARTESIAN_POINT ( 'NONE',  ( -32.86201370863303595, 148.8152399872797957, -63.12192922030727971 ) ) ;
#945 = CARTESIAN_POINT ( 'NONE',  ( 5.878301829854076566, -152.2866219479412848, 29.62843936832825520 ) ) ;
#946 = CARTESIAN_POINT ( 'NONE',  ( 2.990371220311447420, -149.1955314175430942, 32.52275745979089550 ) ) ;
#947 = EDGE_CURVE ( 'NONE', #877, #794, #589, .T. ) ;
#948 = CARTESIAN_POINT ( 'NONE',  ( 23.72616301925695126, 147.3275718977356235, -11.84334263000727816 ) ) ;
#949 = CARTESIAN_POINT ( 'NONE',  ( 2.273201135612993085, -149.2077973785481220, -47.83501439831718471 ) ) ;
#950 = CARTESIAN_POINT ( 'NONE',  ( 1.618704415324087265, -152.3915383248190096, 33.00288517912009212 ) ) ;
#951 = PRODUCT_DEFINITION_CONTEXT ( 'detailed design', #330, 'design' ) ;
#952 = CARTESIAN_POINT ( 'NONE',  ( 3.355219610456184220, -149.1876744553324272, 32.32791481287779334 ) ) ;
#953 = CARTESIAN_POINT ( 'NONE',  ( -38.18030722404563448, 144.2581069308020858, -30.56115129718893897 ) ) ;
#954 = ORIENTED_EDGE ( 'NONE', *, *, #1107, .F. ) ;
#955 = CARTESIAN_POINT ( 'NONE',  ( 23.72020988678980302, 147.3285248387474269, -70.55280039802613601 ) ) ;
#956 = CARTESIAN_POINT ( 'NONE',  ( 0.2927457511643262178, -149.2252758428138293, -48.44585292639408891 ) ) ;
#957 = CARTESIAN_POINT ( 'NONE',  ( 0.2804858893126326302, -152.4002820063720662, -35.82689102457106145 ) ) ;
#958 = CARTESIAN_POINT ( 'NONE',  ( 0.5921489486987747686, -149.2244128347381604, 33.16434563177869421 ) ) ;
#959 = CARTESIAN_POINT ( 'NONE',  ( -38.35103096893594454, 144.2127757039278322, -31.17571206127241723 ) ) ;
#960 = VERTEX_POINT ( 'NONE', #200 ) ;
#961 = COLOUR_RGB ( '',0.7529411764705882248, 0.7529411764705882248, 0.7529411764705882248 ) ;
#962 = COLOUR_RGB ( '',0.8588235294117646523, 0.8588235294117646523, 0.8588235294117646523 ) ;
#963 = UNCERTAINTY_MEASURE_WITH_UNIT (LENGTH_MEASURE( 1.000000000000000082E-05 ), #664, 'distance_accuracy_value', 'NONE');
#964 = CARTESIAN_POINT ( 'NONE',  ( 10.58117855633788551, 152.0334297260038170, -4.548023880754416659 ) ) ;
#965 = DIRECTION ( 'NONE',  ( 0.000000000000000000, 0.000000000000000000, 1.000000000000000000 ) ) ;
#966 = ORIENTED_EDGE ( 'NONE', *, *, #497, .T. ) ;
#967 = CARTESIAN_POINT ( 'NONE',  ( 29.41218709004327181, 146.3046748636351424, -64.69459483342038197 ) ) ;
#968 = CARTESIAN_POINT ( 'NONE',  ( -6.048310603850971745, -149.1025570956331023, -38.95739720425471830 ) ) ;
#969 = B_SPLINE_CURVE_WITH_KNOTS ( 'NONE', 3,
 ( #996, #629, #87, #1009, #184, #551, #634, #813, #82, #563, #740, #455, #360, #365, #1098, #279, #472, #733, #986, #350, #176, #541, #442, #895, #546, #355, #1077, #902, #262, #971, #674, #844, #32, #14, #394, #130, #485, #1103, #385, #155, #871, #762, #119 ),
 .UNSPECIFIED., .F., .F.,
 ( 4, 2, 2, 2, 2, 2, 2, 2, 1, 2, 2, 2, 2, 2, 2, 2, 2, 2, 2, 2, 2, 4 ),
 ( 3.576224061345498009E-18, 0.001240946774566160059, 0.001861420161849243774, 0.002481893549132327924, 0.003722840323698485381, 0.004963787098264643705, 0.006204733872830801161, 0.006825207260113879890, 0.007445680647396956883, 0.008066154034680035612, 0.008686627421963114340, 0.009927574196529270062, 0.01116852097109542405, 0.01240946774566157977, 0.01302994113294465850, 0.01365041452022773723, 0.01489136129479389989, 0.01613230806936006428, 0.01675278145664314822, 0.01737325484392623215, 0.01861420161849240695, 0.01985514839305858523 ),
 .UNSPECIFIED. ) ;
#970 = CARTESIAN_POINT ( 'NONE',  ( 6.487274667916424598, -149.0839449865327140, 27.64863073935902094 ) ) ;
#971 = CARTESIAN_POINT ( 'NONE',  ( -3.173439618306432841, -152.3670531681341060, 21.41919988339354575 ) ) ;
#972 = ORIENTED_EDGE ( 'NONE', *, *, #275, .T. ) ;
#973 = EDGE_CURVE ( 'NONE', #135, #229, #715, .T. ) ;
#974 = CARTESIAN_POINT ( 'NONE',  ( -39.69614983102182748, 147.1393070820746516, -41.19557198464744374 ) ) ;
#975 = CARTESIAN_POINT ( 'NONE',  ( -6.047191214358068834, -152.2800090391426409, -45.31621546276730328 ) ) ;
#976 = VERTEX_POINT ( 'NONE', #372 ) ;
#977 = CARTESIAN_POINT ( 'NONE',  ( 18.09890777365066228, 148.1275798387346470, -74.53173281037106790 ) ) ;
#978 = CARTESIAN_POINT ( 'NONE',  ( 5.803209794310578928, -152.2894702731716166, -42.13628628628684680 ) ) ;
#979 = FILL_AREA_STYLE ('',( #1067 ) ) ;
#980 = CARTESIAN_POINT ( 'NONE',  ( -6.896708333528513535, -152.2438682317361440, -42.55074434644364345 ) ) ;
#981 =( NAMED_UNIT ( * ) PLANE_ANGLE_UNIT ( ) SI_UNIT ( $, .RADIAN. ) );
#982 = CARTESIAN_POINT ( 'NONE',  ( 6.528441664543321643, -149.0821252680302109, 26.81400036400072295 ) ) ;
#983 = CARTESIAN_POINT ( 'NONE',  ( 2.261792892727058746, -152.3833255629218115, -47.83501726910784413 ) ) ;
#984 = DIRECTION ( 'NONE',  ( -0.003590711924051484972, -0.9999935533731596493, -0.000000000000000000 ) ) ;
#985 = ADVANCED_FACE ( 'NONE', ( #192 ), #574, .F. ) ;
#986 = CARTESIAN_POINT ( 'NONE',  ( 1.829580660343240739, -152.3891471019076391, 20.67784147988863452 ) ) ;
#987 = LINE ( 'NONE', #704, #1032 ) ;
#988 = DIRECTION ( 'NONE',  ( -0.9999670284036884516, -0.008120474462530941420, 0.000000000000000000 ) ) ;
#989 = FILL_AREA_STYLE ('',( #803 ) ) ;
#990 = CARTESIAN_POINT ( 'NONE',  ( 1.500117732932006120, -149.2175927346346782, -36.11790465555521479 ) ) ;
#991 = CARTESIAN_POINT ( 'NONE',  ( -5.330601749030491554, -152.3069225343687094, 29.99287726169977120 ) ) ;
#992 = COLOUR_RGB ( '',0.8588235294117646523, 0.8588235294117646523, 0.8588235294117646523 ) ;
#993 = VECTOR ( 'NONE', #631, 1000.000000000000000 ) ;
#994 = CARTESIAN_POINT ( 'NONE',  ( 6.528441664543321643, -149.0821252680301825, 26.39439012527198969 ) ) ;
#995 =( LENGTH_UNIT ( ) NAMED_UNIT ( * ) SI_UNIT ( .MILLI., .METRE. ) );
#996 = CARTESIAN_POINT ( 'NONE',  ( 6.532245208095347699, -152.2599414571715783, 26.81400036400071940 ) ) ;
#997 = CARTESIAN_POINT ( 'NONE',  ( -11.22002611455127408, 148.8038776114450457, -78.37660019072518480 ) ) ;
#998 = CARTESIAN_POINT ( 'NONE',  ( -35.78054119854102311, 148.1435018682781219, -24.07768193553657810 ) ) ;
#999 = PRODUCT_RELATED_PRODUCT_CATEGORY ( 'part', '', ( #671 ) ) ;
#1000 = CARTESIAN_POINT ( 'NONE',  ( 5.070121858454831987, 152.3206710001456941, -79.19640913829246642 ) ) ;
#1001 = PRODUCT_CONTEXT ( 'NONE', #23, 'mechanical' ) ;
#1002 = CARTESIAN_POINT ( 'NONE',  ( -6.171549238575926744, -149.0973259485086544, 26.81400036400072295 ) ) ;
#1003 = CYLINDRICAL_SURFACE ( 'NONE', #126, 38.50000000000000000 ) ;
#1004 = CARTESIAN_POINT ( 'NONE',  ( -1.372094387602470489, -149.2192437137375691, -35.82800714002100761 ) ) ;
#1005 = CARTESIAN_POINT ( 'NONE',  ( 37.32797752190361962, 144.4808731947736646, -41.19557198464743664 ) ) ;
#1006 = FILL_AREA_STYLE_COLOUR ( '', #961 ) ;
#1007 = DIRECTION ( 'NONE',  ( 0.000000000000000000, 0.000000000000000000, 1.000000000000000000 ) ) ;
#1008 = CARTESIAN_POINT ( 'NONE',  ( 25.14334830892926576, 147.0922776026233691, -13.10620966966652645 ) ) ;
#1009 = CARTESIAN_POINT ( 'NONE',  ( 6.370055847691314277, -152.2668185075098961, 25.37302629246426733 ) ) ;
#1010 = CARTESIAN_POINT ( 'NONE',  ( 11.18809174419283892, 152.0069147124657150, -77.72428389778509938 ) ) ;
#1011 = CARTESIAN_POINT ( 'NONE',  ( -0.2333537786307063044, -149.2253924464017985, 20.46385335486879242 ) ) ;
#1012 = CARTESIAN_POINT ( 'NONE',  ( -27.51971522554330107, 146.6682420921430889, -13.07694945598806768 ) ) ;
#1013 = ADVANCED_FACE ( 'NONE', ( #317, #216 ), #506, .F. ) ;
#1014 = AXIS2_PLACEMENT_3D ( 'NONE', #1065, #246, #790 ) ;
#1015 = CARTESIAN_POINT ( 'NONE',  ( -6.171549238575926744, -149.0973259485086544, 26.81400036400072295 ) ) ;
#1016 = CARTESIAN_POINT ( 'NONE',  ( 11.21559151686180122, 148.8214716715307304, -77.72375717660256100 ) ) ;
#1017 = CARTESIAN_POINT ( 'NONE',  ( -6.681466234800797821, -149.0753676276780482, -43.78541985939344983 ) ) ;
#1018 = CARTESIAN_POINT ( 'NONE',  ( 6.491078567371421748, -152.2617242085799489, 27.64862866827748178 ) ) ;
#1019 = UNCERTAINTY_MEASURE_WITH_UNIT (LENGTH_MEASURE( 1.000000000000000082E-05 ), #259, 'distance_accuracy_value', 'NONE');
#1020 = CARTESIAN_POINT ( 'NONE',  ( 21.25540837503010394, 147.7071797448671191, -9.896617628529147837 ) ) ;
#1021 = ORIENTED_EDGE ( 'NONE', *, *, #811, .T. ) ;
#1022 = DIRECTION ( 'NONE',  ( -1.000000000000000000, 0.000000000000000000, 0.000000000000000000 ) ) ;
#1023 = CARTESIAN_POINT ( 'NONE',  ( -18.29096687203873017, 151.3024933151559139, -75.73142994742514134 ) ) ;
#1024 = CARTESIAN_POINT ( 'NONE',  ( 2.264639803770584603, -152.3836595494009600, -36.42752630655210311 ) ) ;
#1025 = DIRECTION ( 'NONE',  ( 0.9999935533731597603, -0.003590711924050726030, 0.000000000000000000 ) ) ;
#1026 = CARTESIAN_POINT ( 'NONE',  ( -20.49457170644929604, 147.8261671177328651, -7.783123925326365544 ) ) ;
#1027 = EDGE_LOOP ( 'NONE', ( #885, #689, #768, #422 ) ) ;
#1028 = FILL_AREA_STYLE_COLOUR ( '', #683 ) ;
#1029 = CARTESIAN_POINT ( 'NONE',  ( 2.639850018519824371, -149.2017608268767788, -47.63914259584001343 ) ) ;
#1030 = CARTESIAN_POINT ( 'NONE',  ( 6.532245208095347699, -152.2599414571715783, 26.81400036400071940 ) ) ;
#1031 = CARTESIAN_POINT ( 'NONE',  ( -34.57371025476187043, 145.1717032949536019, -21.87015072019770656 ) ) ;
#1032 = VECTOR ( 'NONE', #519, 1000.000000000000000 ) ;
#1033 = ORIENTED_EDGE ( 'NONE', *, *, #255, .F. ) ;
#1034 = DIRECTION ( 'NONE',  ( 1.000000000000000000, 0.000000000000000000, 0.000000000000000000 ) ) ;
#1035 = CARTESIAN_POINT ( 'NONE',  ( -32.49992400451942132, 148.8948042301007035, -63.63660642404264678 ) ) ;
#1036 = CARTESIAN_POINT ( 'NONE',  ( -1.992218447486867383, -152.3871131154155307, -35.94942849945002195 ) ) ;
#1037 = CARTESIAN_POINT ( 'NONE',  ( -39.66948366518038682, 143.8555966611587280, -41.19557198464744374 ) ) ;
#1038 = VERTEX_POINT ( 'NONE', #1037 ) ;
#1039 = CARTESIAN_POINT ( 'NONE',  ( 4.246701767433475716, -149.1648485942761795, -46.33436580887883594 ) ) ;
#1040 = CARTESIAN_POINT ( 'NONE',  ( 6.532245208095346811, -152.2599414571714647, 27.23351315980801246 ) ) ;
#1041 = CARTESIAN_POINT ( 'NONE',  ( 6.201153760220490696, -149.0961821424313882, 28.86842253449098550 ) ) ;
#1042 = ORIENTED_EDGE ( 'NONE', *, *, #610, .F. ) ;
#1043 = FILL_AREA_STYLE ('',( #609 ) ) ;
#1044 = SURFACE_STYLE_USAGE ( .BOTH. , #1060 ) ;
#1045 = DIRECTION ( 'NONE',  ( 0.000000000000000000, 0.000000000000000000, 1.000000000000000000 ) ) ;
#1046 = CARTESIAN_POINT ( 'NONE',  ( 23.70054338647331349, 150.5466300713035537, -11.84377888534633527 ) ) ;
#1047 = VERTEX_POINT ( 'NONE', #1138 ) ;
#1048 = EDGE_CURVE ( 'NONE', #794, #877, #313, .T. ) ;
#1049 = MECHANICAL_DESIGN_GEOMETRIC_PRESENTATION_REPRESENTATION (  '', ( #388 ), #27 ) ;
#1050 = STYLED_ITEM ( 'NONE', ( #293 ), #985 ) ;
#1051 = SURFACE_STYLE_FILL_AREA ( #436 ) ;
#1052 =( GEOMETRIC_REPRESENTATION_CONTEXT ( 3 ) GLOBAL_UNCERTAINTY_ASSIGNED_CONTEXT ( ( #405 ) ) GLOBAL_UNIT_ASSIGNED_CONTEXT ( ( #57, #772, #786 ) ) REPRESENTATION_CONTEXT ( 'NONE', 'WORKASPACE' ) );
#1053 = CARTESIAN_POINT ( 'NONE',  ( 0.000000000000000000, 0.000000000000000000, -152.4000000000000057 ) ) ;
#1054 = CARTESIAN_POINT ( 'NONE',  ( 3.842340658082586735, 152.3567621120785134, -3.011140957113885630 ) ) ;
#1055 = CARTESIAN_POINT ( 'NONE',  ( -39.41815159704952265, 143.9255675863536226, -46.26158578130453236 ) ) ;
#1056 = VERTEX_POINT ( 'NONE', #430 ) ;
#1057 = CARTESIAN_POINT ( 'NONE',  ( 31.50538198020544911, 145.8630180481837328, -61.57346572564765808 ) ) ;
#1058 = SURFACE_SIDE_STYLE ('',( #1051 ) ) ;
#1059 = ORIENTED_EDGE ( 'NONE', *, *, #473, .F. ) ;
#1060 = SURFACE_SIDE_STYLE ('',( #796 ) ) ;
#1061 = FILL_AREA_STYLE_COLOUR ( '', #604 ) ;
#1062 = ADVANCED_FACE ( 'NONE', ( #1145 ), #1150, .F. ) ;
#1063 = CARTESIAN_POINT ( 'NONE',  ( 6.195055215160227391, -149.0963633939200292, 24.77279534125014848 ) ) ;
#1064 = VERTEX_POINT ( 'NONE', #1073 ) ;
#1065 = CARTESIAN_POINT ( 'NONE',  ( 0.000000000000000000, 0.000000000000000000, 152.4000000000000057 ) ) ;
#1066 = CIRCLE ( 'NONE', #366, 152.4000000000000057 ) ;
#1067 = FILL_AREA_STYLE_COLOUR ( '', #528 ) ;
#1068 = STYLED_ITEM ( 'NONE', ( #892 ), #875 ) ;
#1069 = DIRECTION ( 'NONE',  ( -0.008120474462531097545, 0.9999670284036886736, -0.000000000000000000 ) ) ;
#1070 = FACE_OUTER_BOUND ( 'NONE', #1152, .T. ) ;
#1071 = CARTESIAN_POINT ( 'NONE',  ( 3.330959395966190506, -149.1882180922041528, -37.08222295317293060 ) ) ;
#1072 = FACE_BOUND ( 'NONE', #568, .T. ) ;
#1073 = CARTESIAN_POINT ( 'NONE',  ( 149.2249999999999943, 1.827479186027637520E-14, -152.4000000000000057 ) ) ;
#1074 = CARTESIAN_POINT ( 'NONE',  ( -5.332496825352906811, -152.3069678365582718, -46.33110632320174460 ) ) ;
#1075 = EDGE_LOOP ( 'NONE', ( #239, #941, #219, #954 ) ) ;
#1076 = CARTESIAN_POINT ( 'NONE',  ( 36.08033143666527565, 144.7983893199628369, -51.23124343494395561 ) ) ;
#1077 = CARTESIAN_POINT ( 'NONE',  ( -2.437327046791621488, -152.3806299859509465, 21.02583221480431419 ) ) ;
#1078 = CARTESIAN_POINT ( 'NONE',  ( -38.82609349494666162, 147.3713366119052637, -33.02386040587014548 ) ) ;
#1079 =( LENGTH_UNIT ( ) NAMED_UNIT ( * ) SI_UNIT ( .MILLI., .METRE. ) );
#1080 = CARTESIAN_POINT ( 'NONE',  ( -3.776077059755936549, 152.3740982627349467, -79.69453401314773089 ) ) ;
#1081 = FILL_AREA_STYLE ('',( #174 ) ) ;
#1082 =( NAMED_UNIT ( * ) PLANE_ANGLE_UNIT ( ) SI_UNIT ( $, .RADIAN. ) );
#1083 = CARTESIAN_POINT ( 'NONE',  ( 36.81155730755477151, 144.6133442208295321, -47.50593347388335985 ) ) ;
#1084 = EDGE_CURVE ( 'NONE', #63, #334, #533, .T. ) ;
#1085 = CARTESIAN_POINT ( 'NONE',  ( -0.1222854738609334829, -149.2255376016876482, -35.78594101850885068 ) ) ;
#1086 = CARTESIAN_POINT ( 'NONE',  ( -29.30971608750894930, 149.5577045848149567, -14.84178672687224676 ) ) ;
#1087 =( GEOMETRIC_REPRESENTATION_CONTEXT ( 3 ) GLOBAL_UNCERTAINTY_ASSIGNED_CONTEXT ( ( #573 ) ) GLOBAL_UNIT_ASSIGNED_CONTEXT ( ( #468, #383, #816 ) ) REPRESENTATION_CONTEXT ( 'NONE', 'WORKASPACE' ) );
#1088 = CARTESIAN_POINT ( 'NONE',  ( -13.66541643342969437, 151.7909205292208128, -77.65488336445649509 ) ) ;
#1089 = ADVANCED_BREP_SHAPE_REPRESENTATION ( '84865K315_Clear Scratch- and UV-Resistant Cast Acrylic Tube_84865K315', ( #578, #751 ), #505 ) ;
#1090 = CIRCLE ( 'NONE', #843, 149.2249999999999943 ) ;
#1091 = PRESENTATION_LAYER_ASSIGNMENT (  '', '', ( #1158 ) ) ;
#1092 = CARTESIAN_POINT ( 'NONE',  ( 0.5950893795332758973, -149.2243883331374263, 20.46414817734144265 ) ) ;
#1093 = CARTESIAN_POINT ( 'NONE',  ( -1.237560308089723504, 152.3949751287221659, -41.19557198464744374 ) ) ;
#1094 = CARTESIAN_POINT ( 'NONE',  ( 0.9005011799529314409, -149.2224208358212252, -35.94740257213428691 ) ) ;
#1095 = CARTESIAN_POINT ( 'NONE',  ( 8.781309798109475651, 152.1669490941000902, -78.45516047909386259 ) ) ;
#1096 = SURFACE_STYLE_FILL_AREA ( #916 ) ;
#1097 = DIRECTION ( 'NONE',  ( 1.000000000000000000, 0.000000000000000000, -0.000000000000000000 ) ) ;
#1098 = CARTESIAN_POINT ( 'NONE',  ( 3.357935844747244936, -152.3631119515729608, 21.31114164715864945 ) ) ;
#1099 = DIRECTION ( 'NONE',  ( 0.000000000000000000, 0.000000000000000000, 1.000000000000000000 ) ) ;
#1100 = CARTESIAN_POINT ( 'NONE',  ( -6.005796208697770311, -152.2816208946107679, 28.25412458854498254 ) ) ;
#1101 = CARTESIAN_POINT ( 'NONE',  ( 4.960795563529707408, -149.1428075350324605, 22.61592084140876224 ) ) ;
#1102 = CARTESIAN_POINT ( 'NONE',  ( -31.70490729608175329, 145.8185445591261669, -17.71804518811879348 ) ) ;
#1103 = CARTESIAN_POINT ( 'NONE',  ( -5.604765696028298549, -152.2969236735210643, 24.19179548691619885 ) ) ;
#1104 = DIRECTION ( 'NONE',  ( -0.008120474462531097545, 0.9999670284036885626, -0.000000000000000000 ) ) ;
#1105 = CARTESIAN_POINT ( 'NONE',  ( 31.47944559631115524, 149.1150965425003392, -61.57271085547426281 ) ) ;
#1106 = CARTESIAN_POINT ( 'NONE',  ( -6.130015124535750815, -149.0990614958629408, 25.97861630270158528 ) ) ;
#1107 = EDGE_CURVE ( 'NONE', #788, #976, #987, .T. ) ;
#1108 = CARTESIAN_POINT ( 'NONE',  ( 15.92485938684409064, 148.3915221187873215, -6.622817081523883154 ) ) ;
#1109 =( GEOMETRIC_REPRESENTATION_CONTEXT ( 3 ) GLOBAL_UNCERTAINTY_ASSIGNED_CONTEXT ( ( #691 ) ) GLOBAL_UNIT_ASSIGNED_CONTEXT ( ( #91, #105, #827 ) ) REPRESENTATION_CONTEXT ( 'NONE', 'WORKASPACE' ) );
#1110 = CARTESIAN_POINT ( 'NONE',  ( 4.235297618625643246, -152.3414197086600268, -46.33436366742540002 ) ) ;
#1111 = CARTESIAN_POINT ( 'NONE',  ( 3.660709447654145077, -149.1803798707949795, -46.92008670386763214 ) ) ;
#1112 = CARTESIAN_POINT ( 'NONE',  ( -6.896708333528517088, -152.2438682317361724, -42.13628628628684680 ) ) ;
#1113 = UNCERTAINTY_MEASURE_WITH_UNIT (LENGTH_MEASURE( 1.000000000000000082E-05 ), #421, 'distance_accuracy_value', 'NONE');
#1114 = CARTESIAN_POINT ( 'NONE',  ( -37.19802128070906377, 144.5152400883160055, -27.55191592968268566 ) ) ;
#1115 = CARTESIAN_POINT ( 'NONE',  ( 152.4000000000000057, 1.866361721900565804E-14, -152.4000000000000057 ) ) ;
#1116 = PRODUCT_DEFINITION_SHAPE ( 'NONE', 'NONE',  #693 ) ;
#1117 = CARTESIAN_POINT ( 'NONE',  ( 37.26117028545228038, 152.7076133955295916, -41.19557198464743664 ) ) ;
#1118 = CARTESIAN_POINT ( 'NONE',  ( 4.496160529910812720, -152.3338388622885589, -38.25514460948001982 ) ) ;
#1119 = CARTESIAN_POINT ( 'NONE',  ( -5.767991366169574974, -149.1135042899802556, 29.05115120955592900 ) ) ;
#1120 = CARTESIAN_POINT ( 'NONE',  ( -24.64727896229014092, 147.1763412491837641, -10.65569917369044539 ) ) ;
#1121 = CARTESIAN_POINT ( 'NONE',  ( 36.05622507372506647, 148.0742173348490951, -31.16372547802391324 ) ) ;
#1122 = ORIENTED_EDGE ( 'NONE', *, *, #602, .T. ) ;
#1123 = CARTESIAN_POINT ( 'NONE',  ( 5.469762507019782838, -152.3018232301529338, -44.17748396667889921 ) ) ;
#1124 = CARTESIAN_POINT ( 'NONE',  ( -19.95034978809819748, 151.0895579828624022, -74.84229805181750805 ) ) ;
#1125 = CARTESIAN_POINT ( 'NONE',  ( -4.747774843226719277, -152.3263085087400270, -37.35640526002717365 ) ) ;
#1126 = CARTESIAN_POINT ( 'NONE',  ( -4.870045780183458461, -149.1456913481449078, 30.68819069766545837 ) ) ;
#1127 = CARTESIAN_POINT ( 'NONE',  ( 0.04695704672351347364, 152.4013223332680695, -2.711728720012323013 ) ) ;
#1128 = CARTESIAN_POINT ( 'NONE',  ( 31.13306619261378927, 149.1865273572048238, -20.30197547366034172 ) ) ;
#1129 = ORIENTED_EDGE ( 'NONE', *, *, #175, .F. ) ;
#1130 = AXIS2_PLACEMENT_3D ( 'NONE', #769, #680, #1022 ) ;
#1131 = CARTESIAN_POINT ( 'NONE',  ( 4.514971565552613697, -149.1568598218420334, -46.00758573506896454 ) ) ;
#1132 = CARTESIAN_POINT ( 'NONE',  ( -2.592839408066173856, -152.3780727566879705, -36.12120078370230658 ) ) ;
#1133 = DIRECTION ( 'NONE',  ( 1.000000000000000000, 0.000000000000000000, 0.000000000000000000 ) ) ;
#1134 = CARTESIAN_POINT ( 'NONE',  ( 5.874496003943274758, -149.1093577840797479, 29.62844514848373834 ) ) ;
#1135 = ORIENTED_EDGE ( 'NONE', *, *, #602, .F. ) ;
#1136 = CARTESIAN_POINT ( 'NONE',  ( 6.326786357062853305, -152.2686393658573252, 28.47010917876857761 ) ) ;
#1137 = UNCERTAINTY_MEASURE_WITH_UNIT (LENGTH_MEASURE( 1.000000000000000082E-05 ), #434, 'distance_accuracy_value', 'NONE');
#1138 = CARTESIAN_POINT ( 'NONE',  ( 37.30131135606217896, 147.7645836156895598, -41.19557198464743664 ) ) ;
#1139 = ORIENTED_EDGE ( 'NONE', *, *, #152, .F. ) ;
#1140 = CARTESIAN_POINT ( 'NONE',  ( -6.171549238575926744, -149.0973259485086544, 26.81400036400072295 ) ) ;
#1141 = CARTESIAN_POINT ( 'NONE',  ( 18.10689686523718933, 151.3350895368128590, -7.809083632293322808 ) ) ;
#1142 = DIRECTION ( 'NONE',  ( 1.000000000000000000, 0.000000000000000000, 0.000000000000000000 ) ) ;
#1143 = ORIENTED_EDGE ( 'NONE', *, *, #275, .F. ) ;
#1144 = PRESENTATION_LAYER_ASSIGNMENT (  '', '', ( #316 ) ) ;
#1145 = FACE_OUTER_BOUND ( 'NONE', #1027, .T. ) ;
#1146 = CARTESIAN_POINT ( 'NONE',  ( -3.902876607268468412, -152.3501137654333490, -47.53108676689404177 ) ) ;
#1147 = ORIENTED_EDGE ( 'NONE', *, *, #905, .T. ) ;
#1148 = CARTESIAN_POINT ( 'NONE',  ( 33.34071082014960297, 145.4529993923458733, -58.25330818858639503 ) ) ;
#1149 = CARTESIAN_POINT ( 'NONE',  ( 4.844309620660149029, -152.3230322203680487, -38.77464564690273363 ) ) ;
#1150 = CYLINDRICAL_SURFACE ( 'NONE', #712, 6.349999999999974776 ) ;
#1151 = SURFACE_SIDE_STYLE ('',( #534 ) ) ;
#1152 = EDGE_LOOP ( 'NONE', ( #245, #295, #149, #861 ) ) ;
#1153 = EDGE_CURVE ( 'NONE', #877, #632, #801, .T. ) ;
#1154 = CARTESIAN_POINT ( 'NONE',  ( 5.475862315549110626, -152.3016747860463624, -40.08187261022909098 ) ) ;
#1155 = DIRECTION ( 'NONE',  ( 0.001196903974680323893, -0.9999992837101812082, -0.000000000000000000 ) ) ;
#1156 =( NAMED_UNIT ( * ) SI_UNIT ( $, .STERADIAN. ) SOLID_ANGLE_UNIT ( ) );
#1157 = PRESENTATION_LAYER_ASSIGNMENT (  '', '', ( #880 ) ) ;
#1158 = STYLED_ITEM ( 'NONE', ( #622 ), #578 ) ;
#1159 = CARTESIAN_POINT ( 'NONE',  ( -32.47285414276350934, 145.6494504711856735, -63.63760243007522632 ) ) ;
#1160 = CARTESIAN_POINT ( 'NONE',  ( 2.808831452617038149, -152.3742124041665988, -47.53107288490101467 ) ) ;
#1161 = ORIENTED_EDGE ( 'NONE', *, *, #314, .T. ) ;
#1162 = CARTESIAN_POINT ( 'NONE',  ( 3.658069783868793667, -149.1804451571306913, -37.35015740743926926 ) ) ;
#1163 = CARTESIAN_POINT ( 'NONE',  ( -11.83016827232146895, 148.7565618821131466, -78.20673326878674914 ) ) ;
#1164 = CARTESIAN_POINT ( 'NONE',  ( -38.37748524421918006, 147.4888273746159655, -31.17514514538819981 ) ) ;
#1165 = CARTESIAN_POINT ( 'NONE',  ( 25.10715374647329412, 150.3183825003204959, -69.29430213036843611 ) ) ;
#1166 = CARTESIAN_POINT ( 'NONE',  ( 6.532403617300861498, -152.3922904971923913, 26.81400036400072295 ) ) ;
#1167 = CARTESIAN_POINT ( 'NONE',  ( -4.739612709094750187, -152.3265703852305535, -46.92378469263074692 ) ) ;
#1168 = SURFACE_STYLE_FILL_AREA ( #989 ) ;
#1169 = CARTESIAN_POINT ( 'NONE',  ( 0.000000000000000000, 0.000000000000000000, -152.4000000000000057 ) ) ;
#1170 = CARTESIAN_POINT ( 'NONE',  ( -39.69614983102182748, 147.1393070820746800, -38.64127180605545675 ) ) ;
#1171 = CARTESIAN_POINT ( 'NONE',  ( -4.603459557626353948, -152.3307381652276433, 31.00806127340029050 ) ) ;
#1172 = CARTESIAN_POINT ( 'NONE',  ( -37.19476111204742352, 144.5153947349109274, -54.80486151105886705 ) ) ;
#1173 = CARTESIAN_POINT ( 'NONE',  ( 1.007174163998422189, -149.2221640730427055, 20.50443372389350216 ) ) ;
#1174 = ADVANCED_FACE ( 'NONE', ( #253, #874, #346 ), #711, .T. ) ;
ENDSEC;
END-ISO-10303-21;
