ISO-10303-21;
HEADER;
FILE_DESCRIPTION (( 'STEP AP214' ),
    '1' );
FILE_NAME ('90480A195_Low-Strength Steel Hex Nut.STEP',
    '2026-09-04T22:01:20',
    ( '' ),
    ( '' ),
    'SwSTEP 2.0',
    'SolidWorks 2026',
    '' );
FILE_SCHEMA (( 'AUTOMOTIVE_DESIGN' ));
ENDSEC;

DATA;
#1 = CARTESIAN_POINT ( 'NONE',  ( -3.792068328495997154E-17, 0.04575317547305493560, 0.2165063509461096769 ) ) ;
#2 = CARTESIAN_POINT ( 'NONE',  ( -0.05282266525110178301, -0.07421875000000000000, -0.05282266525110175526 ) ) ;
#3 = CARTESIAN_POINT ( 'NONE',  ( 0.07868578704052985040, -0.04923900930666531839, -0.02277644395495252716 ) ) ;
#4 = APPLICATION_CONTEXT ( 'automotive_design' ) ;
#5 = VERTEX_POINT ( 'NONE', #103 ) ;
#6 = CARTESIAN_POINT ( 'NONE',  ( 0.07470252959880212262, -0.02148437500000000694, -0.03094280090340140871 ) ) ;
#7 = CARTESIAN_POINT ( 'NONE',  ( -0.03094280090340145728, -0.01757812500000002082, -0.07470252959880210875 ) ) ;
#8 = B_SPLINE_CURVE_WITH_KNOTS ( 'NONE', 3,
 ( #752, #1853, #406, #1823, #1834, #721 ),
 .UNSPECIFIED., .F., .F.,
 ( 4, 2, 4 ),
 ( 0.007869502702109881093, 0.009262244176610315988, 0.01065498565111074915 ),
 .UNSPECIFIED. ) ;
#9 = AXIS2_PLACEMENT_3D ( 'NONE', #1790, #232, #1811 ) ;
#10 = SURFACE_SIDE_STYLE ('',( #657 ) ) ;
#11 = ORIENTED_EDGE ( 'NONE', *, *, #418, .T. ) ;
#12 = CARTESIAN_POINT ( 'NONE',  ( 0.04734523011643083923, 0.04220252959880219090, -0.05860151420881119788 ) ) ;
#13 = DIRECTION ( 'NONE',  ( 0.000000000000000000, 0.000000000000000000, 1.000000000000000000 ) ) ;
#14 = CARTESIAN_POINT ( 'NONE',  ( 0.03094280090340141218, 0.001953124999999989592, 0.07470252959880212262 ) ) ;
#15 = CARTESIAN_POINT ( 'NONE',  ( -0.1875000000000001110, 0.05509994343403597922, -0.07260430235285134093 ) ) ;
#16 = ORIENTED_EDGE ( 'NONE', *, *, #1735, .T. ) ;
#17 = SURFACE_SIDE_STYLE ('',( #1433 ) ) ;
#18 = CARTESIAN_POINT ( 'NONE',  ( -0.03094280090340139483, 0.05664062499999997918, 0.07470252959880213650 ) ) ;
#19 =( LENGTH_UNIT ( ) NAMED_UNIT ( * ) SI_UNIT ( $, .METRE. ) );
#20 = ORIENTED_EDGE ( 'NONE', *, *, #1924, .F. ) ;
#21 = CARTESIAN_POINT ( 'NONE',  ( 0.09499999999999997335, 0.08203124999999994449, -5.817072295949926409E-18 ) ) ;
#22 = CARTESIAN_POINT ( 'NONE',  ( -0.07679548353859366738, -0.04405611177841265574, -0.0003056053070770752196 ) ) ;
#23 = CARTESIAN_POINT ( 'NONE',  ( 0.07470252959880212262, -0.05664062500000002776, 0.03094280090340139830 ) ) ;
#24 = DIRECTION ( 'NONE',  ( -0.000000000000000000, -1.000000000000000000, -0.000000000000000000 ) ) ;
#25 = ADVANCED_FACE ( 'NONE', ( #272 ), #1661, .F. ) ;
#26 = CARTESIAN_POINT ( 'NONE',  ( -0.03094280090340145728, 0.04492187499999997918, -0.07470252959880210875 ) ) ;
#27 = DIRECTION ( 'NONE',  ( -0.000000000000000000, -1.000000000000000000, 0.000000000000000000 ) ) ;
#28 = UNCERTAINTY_MEASURE_WITH_UNIT (LENGTH_MEASURE( 1.000000000000000082E-05 ), #1410, 'distance_accuracy_value', 'NONE');
#29 = ORIENTED_EDGE ( 'NONE', *, *, #359, .T. ) ;
#30 = CARTESIAN_POINT ( 'NONE',  ( -0.09499999999999997335, -0.05664062500000006245, 0.03935028842544407296 ) ) ;
#31 = DIRECTION ( 'NONE',  ( 0.000000000000000000, 0.000000000000000000, 1.000000000000000000 ) ) ;
#32 = CARTESIAN_POINT ( 'NONE',  ( 0.000000000000000000, 0.04296874999999997918, -0.07470252959880212262 ) ) ;
#33 = CARTESIAN_POINT ( 'NONE',  ( 0.07258674485967515910, -0.04859898224872206962, -0.03773625244241058524 ) ) ;
#34 = EDGE_LOOP ( 'NONE', ( #1315, #522, #864 ) ) ;
#35 = CARTESIAN_POINT ( 'NONE',  ( 0.07470252959880212262, -0.02539062500000001041, -0.03094280090340140871 ) ) ;
#36 = CARTESIAN_POINT ( 'NONE',  ( -0.04671278933383110621, 0.05955339781548479178, -0.07954064953614493894 ) ) ;
#37 = EDGE_CURVE ( 'NONE', #455, #1902, #461, .T. ) ;
#38 = AXIS2_PLACEMENT_3D ( 'NONE', #1361, #2000, #427 ) ;
#39 = CARTESIAN_POINT ( 'NONE',  ( 0.1875000000000000555, -0.06250000000000000000, 0.000000000000000000 ) ) ;
#40 = VERTEX_POINT ( 'NONE', #1050 ) ;
#41 = AXIS2_PLACEMENT_3D ( 'NONE', #142, #27, #607 ) ;
#42 = CARTESIAN_POINT ( 'NONE',  ( 0.09499999999999997335, -0.009765625000000050307, -0.03935028842544403826 ) ) ;
#43 = CONICAL_SURFACE ( 'NONE', #205, 0.1875000000000000555, 1.047197551196600074 ) ;
#44 = CARTESIAN_POINT ( 'NONE',  ( 0.1568275101562872365, -0.05597733875432267525, -0.1259619457410385279 ) ) ;
#45 = CARTESIAN_POINT ( 'NONE',  ( -0.05282266525110176220, -0.007812500000000019082, 0.05282266525110178301 ) ) ;
#46 = CARTESIAN_POINT ( 'NONE',  ( 0.02137872888466579510, -0.05429909003930831479, 0.08429780241122428186 ) ) ;
#47 = ORIENTED_EDGE ( 'NONE', *, *, #555, .T. ) ;
#48 = CARTESIAN_POINT ( 'NONE',  ( 0.09499999999999998723, 0.05273437499999999306, 0.03935028842544401745 ) ) ;
#49 = CARTESIAN_POINT ( 'NONE',  ( 0.07470252959880212262, -0.02929687500000001041, 0.03094280090340140177 ) ) ;
#50 = EDGE_CURVE ( 'NONE', #1070, #516, #1489, .T. ) ;
#51 = CARTESIAN_POINT ( 'NONE',  ( 0.09499999999999995948, 0.05273437499999994449, -0.03935028842544402439 ) ) ;
#52 = VERTEX_POINT ( 'NONE', #623 ) ;
#53 = EDGE_CURVE ( 'NONE', #1000, #1672, #347, .T. ) ;
#54 = CARTESIAN_POINT ( 'NONE',  ( 0.05282266525110176913, 0.06640624999999998612, 0.05282266525110176220 ) ) ;
#55 = B_SPLINE_CURVE_WITH_KNOTS ( 'NONE', 3,
 ( #1864, #574, #1706, #1214, #1226, #286, #1686, #910 ),
 .UNSPECIFIED., .F., .F.,
 ( 4, 2, 2, 4 ),
 ( 0.002782414345151442564, 0.003475358748974648800, 0.004168303152797855037, 0.005554191960444267509 ),
 .UNSPECIFIED. ) ;
#56 = CARTESIAN_POINT ( 'NONE',  ( 0.1874999999999999445, 0.06250000000000000000, -0.1082531754730549217 ) ) ;
#57 = CARTESIAN_POINT ( 'NONE',  ( 0.03094280090340141218, -0.03320312500000002082, 0.07470252959880212262 ) ) ;
#58 = EDGE_LOOP ( 'NONE', ( #1954, #924, #1490, #1617, #931, #1663 ) ) ;
#59 = CARTESIAN_POINT ( 'NONE',  ( -0.05282266525110178301, -0.07812500000000000000, -0.05282266525110175526 ) ) ;
#60 = CARTESIAN_POINT ( 'NONE',  ( -0.09499999999999995948, -0.02929687500000004857, -0.03935028842544403826 ) ) ;
#61 = CARTESIAN_POINT ( 'NONE',  ( 0.02912614909926366721, 0.05367483305469931271, 0.08132117926772768068 ) ) ;
#62 = ORIENTED_EDGE ( 'NONE', *, *, #632, .F. ) ;
#63 = CARTESIAN_POINT ( 'NONE',  ( -0.09499999999999997335, -0.05859375000000005551, 1.745121688784977538E-17 ) ) ;
#64 = EDGE_CURVE ( 'NONE', #2045, #1548, #412, .T. ) ;
#65 = CARTESIAN_POINT ( 'NONE',  ( -0.05282266525110176220, -0.03906250000000000694, 0.05282266525110178301 ) ) ;
#66 = CARTESIAN_POINT ( 'NONE',  ( 0.05013103678073075470, -0.05308853866171518721, 0.06957926026687044629 ) ) ;
#67 = EDGE_LOOP ( 'NONE', ( #763, #317, #579 ) ) ;
#68 = CARTESIAN_POINT ( 'NONE',  ( -0.06717514421272199887, -0.01953125000000000000, 0.06717514421272202663 ) ) ;
#69 = CARTESIAN_POINT ( 'NONE',  ( 1.163414459189985282E-17, -0.01953125000000005204, 0.09499999999999997335 ) ) ;
#70 = CARTESIAN_POINT ( 'NONE',  ( 0.000000000000000000, 0.05859374999999994449, -0.09499999999999997335 ) ) ;
#71 = CARTESIAN_POINT ( 'NONE',  ( 0.09499999999999997335, -0.01171875000000005898, -5.817072295949926409E-18 ) ) ;
#72 = AXIS2_PLACEMENT_3D ( 'NONE', #778, #1753, #1712 ) ;
#73 = CARTESIAN_POINT ( 'NONE',  ( 0.000000000000000000, -0.01953125000000001041, -0.07470252959880212262 ) ) ;
#74 = AXIS2_PLACEMENT_3D ( 'NONE', #1327, #1969, #545 ) ;
#75 = FACE_OUTER_BOUND ( 'NONE', #847, .T. ) ;
#76 = VERTEX_POINT ( 'NONE', #768 ) ;
#77 = CARTESIAN_POINT ( 'NONE',  ( -0.06717514421272202663, 0.003906249999999996964, -0.06717514421272199887 ) ) ;
#78 = CARTESIAN_POINT ( 'NONE',  ( -0.03935028842544394112, -0.02148437500000005898, 0.09500000000000004274 ) ) ;
#79 = B_SPLINE_CURVE_WITH_KNOTS ( 'NONE', 3,
 ( #1557, #117, #433, #1045, #1223, #1716 ),
 .UNSPECIFIED., .F., .F.,
 ( 4, 2, 4 ),
 ( 0.01435272231500610632, 0.01574522092969971726, 0.01713771954439332473 ),
 .UNSPECIFIED. ) ;
#80 = CARTESIAN_POINT ( 'NONE',  ( -0.1875000000000000833, 0.04575317547306445576, -0.1082531754730692158 ) ) ;
#81 = CARTESIAN_POINT ( 'NONE',  ( 0.05282266525110176913, -0.05859375000000002082, 0.05282266525110176220 ) ) ;
#82 = CARTESIAN_POINT ( 'NONE',  ( 0.000000000000000000, -0.03515625000000005551, -0.09499999999999997335 ) ) ;
#83 = DIRECTION ( 'NONE',  ( 0.000000000000000000, 1.000000000000000000, 0.000000000000000000 ) ) ;
#84 = ORIENTED_EDGE ( 'NONE', *, *, #239, .F. ) ;
#85 = CARTESIAN_POINT ( 'NONE',  ( 0.000000000000000000, -0.09375000000000001388, -0.09499999999999998723 ) ) ;
#86 = CARTESIAN_POINT ( 'NONE',  ( -0.06995905547163783211, -0.04059219468263648711, 0.03568627503056571310 ) ) ;
#87 = ADVANCED_FACE ( 'NONE', ( #1096 ), #1394, .F. ) ;
#88 = FACE_OUTER_BOUND ( 'NONE', #1799, .T. ) ;
#89 = CARTESIAN_POINT ( 'NONE',  ( -0.006193603977586543616, -0.06177264746758766301, -0.09427264746758766412 ) ) ;
#90 = CARTESIAN_POINT ( 'NONE',  ( 0.07470252959880212262, 0.007812499999999985255, -4.574210688069171592E-18 ) ) ;
#91 = CARTESIAN_POINT ( 'NONE',  ( 5.084000387365215773E-13, 0.05259414693414972419, 0.08509414693414962816 ) ) ;
#92 = CARTESIAN_POINT ( 'NONE',  ( 1.163414459189985436E-17, 0.06250000000000000000, 0.09499999999999998723 ) ) ;
#93 = ORIENTED_EDGE ( 'NONE', *, *, #1015, .T. ) ;
#94 = CARTESIAN_POINT ( 'NONE',  ( -0.06717514421272202663, -0.05859375000000000000, -0.06717514421272199887 ) ) ;
#95 = CARTESIAN_POINT ( 'NONE',  ( 0.1874999999999999445, 0.06250000000000000000, 0.1082531754730547552 ) ) ;
#96 = FACE_BOUND ( 'NONE', #1875, .T. ) ;
#97 = CARTESIAN_POINT ( 'NONE',  ( -0.1017062776261153101, -0.06250000000000011102, -0.1577862041803971827 ) ) ;
#98 = EDGE_CURVE ( 'NONE', #1607, #40, #598, .T. ) ;
#99 = DIRECTION ( 'NONE',  ( 0.000000000000000000, 0.000000000000000000, -1.000000000000000000 ) ) ;
#100 = CARTESIAN_POINT ( 'NONE',  ( -0.05282266525110176220, -0.003906250000000013878, 0.05282266525110178301 ) ) ;
#101 = CARTESIAN_POINT ( 'NONE',  ( -0.1568275101562872920, -0.05597733875432266831, 0.1259619457410384169 ) ) ;
#102 = STYLED_ITEM ( 'NONE', ( #183 ), #615 ) ;
#103 = CARTESIAN_POINT ( 'NONE',  ( -0.1875000000000000555, 0.04575317547305492866, 0.1082531754730548107 ) ) ;
#104 = CARTESIAN_POINT ( 'NONE',  ( 0.03935028842544404520, -0.04492187500000001388, 0.09499999999999998723 ) ) ;
#105 = FACE_OUTER_BOUND ( 'NONE', #1642, .T. ) ;
#106 = CARTESIAN_POINT ( 'NONE',  ( -0.07470252959880210875, 0.02539062499999998612, 0.03094280090340145728 ) ) ;
#107 = CARTESIAN_POINT ( 'NONE',  ( 0.07470252959880212262, 0.06835937499999998612, -0.03094280090340140871 ) ) ;
#108 = CARTESIAN_POINT ( 'NONE',  ( 0.09375000000000011102, -0.06250000000000000000, 0.1623797632095822785 ) ) ;
#109 = CARTESIAN_POINT ( 'NONE',  ( 0.07470252959880212262, 0.009765624999999984387, -0.03094280090340140871 ) ) ;
#110 = EDGE_CURVE ( 'NONE', #1623, #195, #1572, .T. ) ;
#111 = CARTESIAN_POINT ( 'NONE',  ( 0.000000000000000000, -0.06250000000000000000, 0.000000000000000000 ) ) ;
#112 = CARTESIAN_POINT ( 'NONE',  ( -0.03935028842544394112, -0.05273437500000004857, 0.09500000000000004274 ) ) ;
#113 = ORIENTED_EDGE ( 'NONE', *, *, #239, .T. ) ;
#114 = CARTESIAN_POINT ( 'NONE',  ( 0.07470252959880212262, 0.04101562499999999306, -0.03094280090340140871 ) ) ;
#115 = FACE_OUTER_BOUND ( 'NONE', #799, .T. ) ;
#116 = CARTESIAN_POINT ( 'NONE',  ( -0.09499999999999995948, -0.05664062500000000000, -0.03935028842544405214 ) ) ;
#117 = CARTESIAN_POINT ( 'NONE',  ( 0.1874999999999999445, 0.05080761492756204895, 0.09074408359508080724 ) ) ;
#118 = LINE ( 'NONE', #1996, #729 ) ;
#119 = CARTESIAN_POINT ( 'NONE',  ( 0.000000000000000000, 0.01171874999999998092, -0.07470252959880212262 ) ) ;
#120 = CARTESIAN_POINT ( 'NONE',  ( 1.163414459189985436E-17, 0.06250000000000000000, 0.09499999999999998723 ) ) ;
#121 = ADVANCED_FACE ( 'NONE', ( #1732 ), #1289, .T. ) ;
#122 = CARTESIAN_POINT ( 'NONE',  ( -0.02906993230218239688, -0.04393977661225629411, -0.07094752239648448311 ) ) ;
#123 = VERTEX_POINT ( 'NONE', #335 ) ;
#124 = CARTESIAN_POINT ( 'NONE',  ( 9.148421376138343185E-18, 0.03124999999999998959, 0.07470252959880212262 ) ) ;
#125 = DIRECTION ( 'NONE',  ( -0.000000000000000000, -1.000000000000000000, -0.000000000000000000 ) ) ;
#126 = CARTESIAN_POINT ( 'NONE',  ( 0.07470252959880212262, 0.005859374999999986990, 0.03094280090340140177 ) ) ;
#127 = FACE_OUTER_BOUND ( 'NONE', #1818, .T. ) ;
#128 = CARTESIAN_POINT ( 'NONE',  ( 0.1874999999999999445, -0.04575317547305500498, 0.1082531754730547552 ) ) ;
#129 = CARTESIAN_POINT ( 'NONE',  ( 0.03094280090340140871, 0.009765624999999984387, -0.07470252959880212262 ) ) ;
#130 = ORIENTED_EDGE ( 'NONE', *, *, #276, .T. ) ;
#131 = CARTESIAN_POINT ( 'NONE',  ( -0.09499999999999997335, 0.03515624999999994449, 1.745121688784977538E-17 ) ) ;
#132 = CARTESIAN_POINT ( 'NONE',  ( -0.09375000000000002776, 0.06250000000000000000, 0.1623797632095822230 ) ) ;
#133 = CARTESIAN_POINT ( 'NONE',  ( -0.03935028842544409378, 0.001953124999999998699, -0.09499999999999995948 ) ) ;
#134 = CARTESIAN_POINT ( 'NONE',  ( -0.05282266525110176220, -0.003906250000000013878, 0.05282266525110178301 ) ) ;
#135 = AXIS2_PLACEMENT_3D ( 'NONE', #1646, #401, #525 ) ;
#136 = DIRECTION ( 'NONE',  ( 0.000000000000000000, 1.000000000000000000, -0.000000000000000000 ) ) ;
#137 = AXIS2_PLACEMENT_3D ( 'NONE', #595, #465, #2018 ) ;
#138 = VERTEX_POINT ( 'NONE', #156 ) ;
#139 = CARTESIAN_POINT ( 'NONE',  ( -0.07377208565675429097, -0.04220252959880217009, 0.01175360822523933979 ) ) ;
#140 = CARTESIAN_POINT ( 'NONE',  ( 0.04542277757087701678, 0.04597703607703428758, -0.06430542261480673427 ) ) ;
#141 = CARTESIAN_POINT ( 'NONE',  ( 0.06717514421272201275, 0.05078125000000000000, 0.06717514421272199887 ) ) ;
#142 = CARTESIAN_POINT ( 'NONE',  ( 0.000000000000000000, -0.06250000000000000000, 0.000000000000000000 ) ) ;
#143 = ORIENTED_EDGE ( 'NONE', *, *, #1195, .T. ) ;
#144 = CARTESIAN_POINT ( 'NONE',  ( 0.03050242224828161527, 0.04220252959880217009, -0.06836437687914176387 ) ) ;
#145 = CARTESIAN_POINT ( 'NONE',  ( 0.000000000000000000, 0.06250000000000000000, 0.000000000000000000 ) ) ;
#146 = CARTESIAN_POINT ( 'NONE',  ( 0.07470252959880212262, -0.05468750000000000694, -4.574210688069171592E-18 ) ) ;
#147 = CARTESIAN_POINT ( 'NONE',  ( 0.000000000000000000, 0.000000000000000000, -0.09499999999999998723 ) ) ;
#148 = VERTEX_POINT ( 'NONE', #1564 ) ;
#149 = CARTESIAN_POINT ( 'NONE',  ( -0.03094280090340139483, 0.02539062499999998612, 0.07470252959880213650 ) ) ;
#150 = ADVANCED_FACE ( 'NONE', ( #176 ), #610, .F. ) ;
#151 = B_SPLINE_CURVE_WITH_KNOTS ( 'NONE', 3,
 ( #1770, #1414, #1573, #2047 ),
 .UNSPECIFIED., .F., .F.,
 ( 4, 4 ),
 ( 2.380735675740856682E-07, 0.002782414345151445166 ),
 .UNSPECIFIED. ) ;
#152 = UNCERTAINTY_MEASURE_WITH_UNIT (LENGTH_MEASURE( 1.000000000000000082E-05 ), #1133, 'distance_accuracy_value', 'NONE');
#153 = LENGTH_MEASURE_WITH_UNIT ( LENGTH_MEASURE( 0.02539999999999999897 ), #19 );
#154 = VERTEX_POINT ( 'NONE', #458 ) ;
#155 = CARTESIAN_POINT ( 'NONE',  ( -0.005239782139656785388, 0.04289661847955935498, -0.07539661847950643314 ) ) ;
#156 = CARTESIAN_POINT ( 'NONE',  ( -0.09375000000000005551, -0.06250000000000000000, 0.1623797632095823062 ) ) ;
#157 = CARTESIAN_POINT ( 'NONE',  ( 0.07470252959880212262, -0.02343750000000001388, -4.574210688069171592E-18 ) ) ;
#158 = CYLINDRICAL_SURFACE ( 'NONE', #505, 0.09499999999999998723 ) ;
#159 = EDGE_LOOP ( 'NONE', ( #681, #130, #626, #1440, #990, #1476 ) ) ;
#160 = CARTESIAN_POINT ( 'NONE',  ( 9.148421376138343185E-18, -1.707404996040164512E-17, 0.07470252959880212262 ) ) ;
#161 = CARTESIAN_POINT ( 'NONE',  ( 0.05282266525110176220, 0.007812499999999985255, -0.05282266525110176913 ) ) ;
#162 = ADVANCED_FACE ( 'NONE', ( #1082 ), #1794, .T. ) ;
#163 = DIRECTION ( 'NONE',  ( 0.000000000000000000, -1.000000000000000000, 0.000000000000000000 ) ) ;
#164 = EDGE_LOOP ( 'NONE', ( #641, #1991, #495, #351 ) ) ;
#165 = CARTESIAN_POINT ( 'NONE',  ( 0.09499999999999997335, 0.08398437499999997224, -0.03935028842544403826 ) ) ;
#166 = DIRECTION ( 'NONE',  ( -0.000000000000000000, 1.000000000000000000, -0.000000000000000000 ) ) ;
#167 = CARTESIAN_POINT ( 'NONE',  ( -0.05282266525110178301, -0.01171875000000000694, -0.05282266525110175526 ) ) ;
#168 = CARTESIAN_POINT ( 'NONE',  ( 0.03072356598229059391, -0.05506208769007254339, -0.1987680918557690468 ) ) ;
#169 = EDGE_LOOP ( 'NONE', ( #996, #1208, #1143, #299 ) ) ;
#170 = CARTESIAN_POINT ( 'NONE',  ( 0.07470252959880212262, 0.001953124999999981352, 0.03094280090340139830 ) ) ;
#171 = VECTOR ( 'NONE', #583, 39.37007874015748854 ) ;
#172 = CIRCLE ( 'NONE', #1428, 0.09499999999999998723 ) ;
#173 = CARTESIAN_POINT ( 'NONE',  ( 0.1722020336094338688, 0.05085249760325902951, 0.1170854604867019449 ) ) ;
#174 = DIRECTION ( 'NONE',  ( 0.000000000000000000, 1.000000000000000000, 0.000000000000000000 ) ) ;
#175 = EDGE_CURVE ( 'NONE', #76, #455, #1744, .T. ) ;
#176 = FACE_OUTER_BOUND ( 'NONE', #169, .T. ) ;
#177 = CARTESIAN_POINT ( 'NONE',  ( -0.07470252959880210875, -0.005859375000000019949, 0.03094280090340145728 ) ) ;
#178 = CARTESIAN_POINT ( 'NONE',  ( 0.000000000000000000, 0.06250000000000000000, 0.000000000000000000 ) ) ;
#179 = ORIENTED_EDGE ( 'NONE', *, *, #605, .F. ) ;
#180 = CARTESIAN_POINT ( 'NONE',  ( -0.07470252959880212262, -0.007812500000000010408, 1.372263206420751324E-17 ) ) ;
#181 = CARTESIAN_POINT ( 'NONE',  ( -0.03094280090340145728, -0.04882812500000000694, -0.07470252959880210875 ) ) ;
#182 = CARTESIAN_POINT ( 'NONE',  ( 0.07470252959880212262, 0.003906249999999979617, -4.574210688069171592E-18 ) ) ;
#183 = PRESENTATION_STYLE_ASSIGNMENT (( #640 ) ) ;
#184 = ORIENTED_EDGE ( 'NONE', *, *, #316, .F. ) ;
#185 =( BOUNDED_CURVE ( )  B_SPLINE_CURVE ( 2, ( #1197, #417, #894, #1206, #558, #112, #1679 ),
 .UNSPECIFIED., .F., .T. ) 
 B_SPLINE_CURVE_WITH_KNOTS ( ( 3, 2, 2, 3 ),
 ( 0.02500000000000009159, 0.05000000000000010686, 0.07500000000000001110, 0.1000000000000000333 ),
 .UNSPECIFIED. ) 
 CURVE ( )  GEOMETRIC_REPRESENTATION_ITEM ( )  RATIONAL_B_SPLINE_CURVE ( ( 0.9999999999999997780, 0.9238795325112869605, 1.000000000000000000, 0.9238795325112867385, 1.000000000000000000, 0.9238795325112865164, 1.000000000000000222 ) ) 
 REPRESENTATION_ITEM ( '' )  );
#186 = CARTESIAN_POINT ( 'NONE',  ( -0.03935028842544399663, 0.009765624999999949693, 0.09499999999999998723 ) ) ;
#187 = EDGE_CURVE ( 'NONE', #1690, #76, #501, .T. ) ;
#188 = DIRECTION ( 'NONE',  ( 0.000000000000000000, 0.7071067811865462405, 0.7071067811865486830 ) ) ;
#189 = CARTESIAN_POINT ( 'NONE',  ( 0.07470252959880212262, -0.05664062500000003469, -0.03094280090340140871 ) ) ;
#190 = LINE ( 'NONE', #789, #1562 ) ;
#191 = ORIENTED_EDGE ( 'NONE', *, *, #1030, .T. ) ;
#192 = CARTESIAN_POINT ( 'NONE',  ( -0.05282266525110176220, -0.007812500000000019082, 0.05282266525110178301 ) ) ;
#193 = CYLINDRICAL_SURFACE ( 'NONE', #137, 0.09499999999999998723 ) ;
#194 = CARTESIAN_POINT ( 'NONE',  ( 0.1567764340177094096, 0.05506208769007258502, 0.1259914345633954269 ) ) ;
#195 = VERTEX_POINT ( 'NONE', #1345 ) ;
#196 = CARTESIAN_POINT ( 'NONE',  ( 0.03935028842544401745, -0.03710937500000006245, -0.09499999999999997335 ) ) ;
#197 =( BOUNDED_CURVE ( )  B_SPLINE_CURVE ( 2, ( #922, #1245, #1559, #730, #1357, #1696, #141, #584, #594 ),
 .UNSPECIFIED., .F., .F. ) 
 B_SPLINE_CURVE_WITH_KNOTS ( ( 3, 2, 2, 2, 3 ),
 ( 0.000000000000000000, 0.02500000000000000833, 0.05000000000000001665, 0.07500000000000002498, 0.1000000000000000333 ),
 .UNSPECIFIED. ) 
 CURVE ( )  GEOMETRIC_REPRESENTATION_ITEM ( )  RATIONAL_B_SPLINE_CURVE ( ( 1.000000000000000000, 0.9238795325112867385, 1.000000000000000000, 0.9238795325112867385, 1.000000000000000000, 0.9238795325112867385, 1.000000000000000000, 0.9238795325112866275, 1.000000000000000000 ) ) 
 REPRESENTATION_ITEM ( '' )  );
#198 = CARTESIAN_POINT ( 'NONE',  ( -0.06878640503248403815, -0.05127008885641507613, -0.04819738614057061943 ) ) ;
#199 = CARTESIAN_POINT ( 'NONE',  ( 0.03094280090340141218, 0.02929687499999998265, 0.07470252959880212262 ) ) ;
#200 = DIRECTION ( 'NONE',  ( 0.000000000000000000, 0.000000000000000000, -1.000000000000000000 ) ) ;
#201 = ORIENTED_EDGE ( 'NONE', *, *, #1273, .T. ) ;
#202 = CARTESIAN_POINT ( 'NONE',  ( -0.07470252959880210875, -0.07226562500000002776, 0.03094280090340145728 ) ) ;
#203 = CYLINDRICAL_SURFACE ( 'NONE', #1662, 0.09499999999999998723 ) ;
#204 = EDGE_CURVE ( 'NONE', #1569, #2040, #1648, .T. ) ;
#205 = AXIS2_PLACEMENT_3D ( 'NONE', #1941, #1632, #531 ) ;
#206 = CARTESIAN_POINT ( 'NONE',  ( 0.06824500716410575318, 0.05537695541531821586, 0.05567624824617507101 ) ) ;
#207 = CIRCLE ( 'NONE', #701, 0.09499999999999998723 ) ;
#208 = ORIENTED_EDGE ( 'NONE', *, *, #302, .F. ) ;
#209 = VECTOR ( 'NONE', #918, 39.37007874015748854 ) ;
#210 = CARTESIAN_POINT ( 'NONE',  ( 0.09499999999999997335, -0.01367187500000004857, 0.03935028842544401051 ) ) ;
#211 = DIRECTION ( 'NONE',  ( -0.000000000000000000, 1.000000000000000000, -0.000000000000000000 ) ) ;
#212 = CARTESIAN_POINT ( 'NONE',  ( 0.07470252959880212262, 0.005859374999999978316, -0.03094280090340140871 ) ) ;
#213 = DIRECTION ( 'NONE',  ( 0.000000000000000000, 1.000000000000000000, 0.000000000000000000 ) ) ;
#214 = ORIENTED_EDGE ( 'NONE', *, *, #1835, .T. ) ;
#215 = CARTESIAN_POINT ( 'NONE',  ( 0.000000000000000000, 0.06250000000000000000, -0.09499999999999998723 ) ) ;
#216 = CARTESIAN_POINT ( 'NONE',  ( -0.05282266525110176220, -0.03906250000000000694, 0.05282266525110178301 ) ) ;
#217 = CARTESIAN_POINT ( 'NONE',  ( -0.004473341174401400909, -0.05522331448654712455, 0.08772331448654775710 ) ) ;
#218 = EDGE_CURVE ( 'NONE', #1415, #884, #608, .T. ) ;
#219 = ORIENTED_EDGE ( 'NONE', *, *, #975, .T. ) ;
#220 = CARTESIAN_POINT ( 'NONE',  ( -0.09499999999999997335, -0.06054687500000006939, -0.03935028842544404520 ) ) ;
#221 = CARTESIAN_POINT ( 'NONE',  ( -0.03094280090340139483, 0.02539062499999998612, 0.07470252959880213650 ) ) ;
#222 = CARTESIAN_POINT ( 'NONE',  ( 0.09375000000000005551, 0.06250000000000000000, 0.1623797632095821397 ) ) ;
#223 = ORIENTED_EDGE ( 'NONE', *, *, #617, .F. ) ;
#224 = CARTESIAN_POINT ( 'NONE',  ( 0.09499999999999998723, 0.02539062500000000000, -0.03935028842544403826 ) ) ;
#225 = CARTESIAN_POINT ( 'NONE',  ( -0.03072356598229059738, -0.05506208769007250869, 0.1987680918557689635 ) ) ;
#226 = DIRECTION ( 'NONE',  ( -0.000000000000000000, -1.000000000000000000, 0.000000000000000000 ) ) ;
#227 = CARTESIAN_POINT ( 'NONE',  ( -0.07470252959880210875, 0.05664062499999998612, 0.03094280090340145728 ) ) ;
#228 = CARTESIAN_POINT ( 'NONE',  ( 0.05282266525110176913, -0.06250000000000002776, 0.05282266525110176220 ) ) ;
#229 = FACE_OUTER_BOUND ( 'NONE', #1926, .T. ) ;
#230 = VERTEX_POINT ( 'NONE', #1916 ) ;
#231 = CARTESIAN_POINT ( 'NONE',  ( -0.03094280090340145728, -0.08007812499999998612, -0.07470252959880210875 ) ) ;
#232 = DIRECTION ( 'NONE',  ( 0.4999999999999999445, -0.000000000000000000, 0.8660254037844387076 ) ) ;
#233 = CARTESIAN_POINT ( 'NONE',  ( -0.06533131793303142976, -0.05760374543344256443, 0.06270761954212081268 ) ) ;
#234 = VECTOR ( 'NONE', #587, 39.37007874015748854 ) ;
#235 = AXIS2_PLACEMENT_3D ( 'NONE', #1267, #1256, #1905 ) ;
#236 = CARTESIAN_POINT ( 'NONE',  ( 0.03094280090340141218, -0.02929687500000002429, 0.07470252959880212262 ) ) ;
#237 = CARTESIAN_POINT ( 'NONE',  ( -0.07784047562850004987, 0.04698072897004072074, -0.01689591180681901048 ) ) ;
#238 = CIRCLE ( 'NONE', #407, 0.1875000000000000555 ) ;
#239 = EDGE_CURVE ( 'NONE', #1548, #1672, #1127, .T. ) ;
#240 = CARTESIAN_POINT ( 'NONE',  ( -0.09499999999999995948, 0.03320312499999994449, -0.03935028842544403826 ) ) ;
#241 = ORIENTED_EDGE ( 'NONE', *, *, #204, .F. ) ;
#242 = CARTESIAN_POINT ( 'NONE',  ( 0.03935028842544403826, -0.03320312500000000000, -0.09499999999999998723 ) ) ;
#243 = CARTESIAN_POINT ( 'NONE',  ( 0.000000000000000000, 0.06250000000000000000, 0.000000000000000000 ) ) ;
#244 = CARTESIAN_POINT ( 'NONE',  ( -0.05864310054923194820, -0.05731576753999449020, 0.06862065468651143418 ) ) ;
#245 = CARTESIAN_POINT ( 'NONE',  ( -0.02394555885949883889, -0.05945259800691087004, -0.08899160707583340935 ) ) ;
#246 = CARTESIAN_POINT ( 'NONE',  ( 0.000000000000000000, -0.07812500000000001388, -0.07470252959880212262 ) ) ;
#247 = CARTESIAN_POINT ( 'NONE',  ( -0.07957198179291859186, 0.04819232649711014532, 0.01439754693554894278 ) ) ;
#248 = CARTESIAN_POINT ( 'NONE',  ( -0.1256945062250034162, 0.06250000000000013878, 0.1439365939414468665 ) ) ;
#249 = EDGE_CURVE ( 'NONE', #1520, #1590, #1312, .T. ) ;
#250 = VERTEX_POINT ( 'NONE', #813 ) ;
#251 = CARTESIAN_POINT ( 'NONE',  ( -0.05282266525110178301, 0.01953124999999998265, -0.05282266525110175526 ) ) ;
#252 =( BOUNDED_CURVE ( )  B_SPLINE_CURVE ( 2, ( #733, #2010, #905, #1689, #269, #1981, #1371, #1217, #1507 ),
 .UNSPECIFIED., .F., .T. ) 
 B_SPLINE_CURVE_WITH_KNOTS ( ( 3, 2, 2, 2, 3 ),
 ( 0.1000000000000000333, 0.1250000000000000278, 0.1500000000000000222, 0.1749999999999999889, 0.2000000000000000111 ),
 .UNSPECIFIED. ) 
 CURVE ( )  GEOMETRIC_REPRESENTATION_ITEM ( )  RATIONAL_B_SPLINE_CURVE ( ( 0.9999999999999998890, 0.9238795325112868495, 1.000000000000000000, 0.9238795325112867385, 1.000000000000000000, 0.9238795325112867385, 1.000000000000000000, 0.9238795325112867385, 1.000000000000000000 ) ) 
 REPRESENTATION_ITEM ( '' )  );
#253 = CARTESIAN_POINT ( 'NONE',  ( 0.03935028842544402439, -0.001953124999999998699, -0.09499999999999998723 ) ) ;
#254 = CARTESIAN_POINT ( 'NONE',  ( 9.148421376138343185E-18, 0.03124999999999998959, 0.07470252959880212262 ) ) ;
#255 = CARTESIAN_POINT ( 'NONE',  ( 0.04058248368187272748, 0.04693752988462713410, -0.06857668399492386491 ) ) ;
#256 = CARTESIAN_POINT ( 'NONE',  ( -0.06180549377499664626, -0.06250000000000011102, -0.1808229324777176350 ) ) ;
#257 = CARTESIAN_POINT ( 'NONE',  ( 9.148421376138343185E-18, -1.707404996040164512E-17, 0.07470252959880212262 ) ) ;
#258 = DIRECTION ( 'NONE',  ( 0.000000000000000000, 0.000000000000000000, 1.000000000000000000 ) ) ;
#259 = LINE ( 'NONE', #92, #1351 ) ;
#260 = ORIENTED_EDGE ( 'NONE', *, *, #888, .F. ) ;
#261 = CARTESIAN_POINT ( 'NONE',  ( -0.07470252959880212262, 0.05468749999999998612, 1.372263206420751324E-17 ) ) ;
#262 = LINE ( 'NONE', #1510, #702 ) ;
#263 = CARTESIAN_POINT ( 'NONE',  ( 0.000000000000000000, -0.06250000000000000000, -0.09499999999999998723 ) ) ;
#264 = CARTESIAN_POINT ( 'NONE',  ( 0.000000000000000000, 0.02734374999999994449, -0.09499999999999997335 ) ) ;
#265 = ADVANCED_FACE ( 'NONE', ( #1447 ), #1056, .F. ) ;
#266 = CARTESIAN_POINT ( 'NONE',  ( 0.1722020336094338688, -0.05085249760325905033, 0.1170854604867018756 ) ) ;
#267 = CARTESIAN_POINT ( 'NONE',  ( 9.148421376138343185E-18, -0.03125000000000000694, 0.07470252959880212262 ) ) ;
#268 = CARTESIAN_POINT ( 'NONE',  ( -0.02064224743281908164, 0.05182764111112377753, 0.08192977955881612651 ) ) ;
#269 = CARTESIAN_POINT ( 'NONE',  ( -0.09499999999999998723, 0.03906250000000000000, 1.745121688784978154E-17 ) ) ;
#270 = VECTOR ( 'NONE', #1980, 39.37007874015748143 ) ;
#271 = AXIS2_PLACEMENT_3D ( 'NONE', #111, #1688, #437 ) ;
#272 = FACE_OUTER_BOUND ( 'NONE', #1912, .T. ) ;
#273 = CARTESIAN_POINT ( 'NONE',  ( -0.03094280090340145728, 0.04882812499999997918, -0.07470252959880210875 ) ) ;
#274 = CARTESIAN_POINT ( 'NONE',  ( -0.09375000000000004163, 0.06250000000000000000, -0.1623797632095823340 ) ) ;
#275 = CARTESIAN_POINT ( 'NONE',  ( -0.03935028842544421174, -0.001953125000000049006, -0.09499999999999982070 ) ) ;
#276 = EDGE_CURVE ( 'NONE', #637, #979, #1514, .T. ) ;
#277 = CARTESIAN_POINT ( 'NONE',  ( 0.06180549377499666708, 0.06250000000000016653, 0.1808229324777175517 ) ) ;
#278 = CARTESIAN_POINT ( 'NONE',  ( -0.03094280090340139483, -0.03320312500000002082, 0.07470252959880213650 ) ) ;
#279 = DIRECTION ( 'NONE',  ( -0.000000000000000000, -1.000000000000000000, -0.000000000000000000 ) ) ;
#280 = CARTESIAN_POINT ( 'NONE',  ( -0.03949524278293056745, -0.04343456219532824958, -0.06512876463618079426 ) ) ;
#281 = ORIENTED_EDGE ( 'NONE', *, *, #1162, .F. ) ;
#282 = CARTESIAN_POINT ( 'NONE',  ( 0.000000000000000000, 0.07812499999999998612, -0.07470252959880212262 ) ) ;
#283 = CARTESIAN_POINT ( 'NONE',  ( -1.240311054116486839E-17, 0.04575317547305492866, -0.2165063509461096769 ) ) ;
#284 = CARTESIAN_POINT ( 'NONE',  ( 0.03094280090340140871, 0.01367187499999998786, -0.07470252959880212262 ) ) ;
#285 = CARTESIAN_POINT ( 'NONE',  ( 0.03094280090340140177, 0.07226562499999998612, -0.07470252959880212262 ) ) ;
#286 = CARTESIAN_POINT ( 'NONE',  ( -0.1567764340177046078, 0.05506208769007362586, -0.1259914345633984245 ) ) ;
#287 = CARTESIAN_POINT ( 'NONE',  ( -0.03094280090340139136, 0.02539062499999998612, 0.07470252959880213650 ) ) ;
#288 = ORIENTED_EDGE ( 'NONE', *, *, #2049, .T. ) ;
#289 = CARTESIAN_POINT ( 'NONE',  ( -0.03935028842544407990, 0.06054687499999994449, -0.09499999999999997335 ) ) ;
#290 = CARTESIAN_POINT ( 'NONE',  ( 0.000000000000000000, 0.06250000000000000000, 0.1875000000000000555 ) ) ;
#291 = CARTESIAN_POINT ( 'NONE',  ( 0.000000000000000000, 0.000000000000000000, -0.09499999999999998723 ) ) ;
#292 = CARTESIAN_POINT ( 'NONE',  ( 1.163414459189985436E-17, -0.07812500000000000000, 0.09499999999999998723 ) ) ;
#293 = DIRECTION ( 'NONE',  ( 0.000000000000000000, 0.000000000000000000, 1.000000000000000000 ) ) ;
#294 = ORIENTED_EDGE ( 'NONE', *, *, #1526, .F. ) ;
#295 = CARTESIAN_POINT ( 'NONE',  ( -0.07445292812567810836, -0.04220252959880327337, -0.007810164283541475537 ) ) ;
#296 = CARTESIAN_POINT ( 'NONE',  ( 1.163414459189985436E-17, 0.06250000000000000000, 0.09499999999999998723 ) ) ;
#297 = CARTESIAN_POINT ( 'NONE',  ( 0.000000000000000000, 0.06250000000000000000, 0.000000000000000000 ) ) ;
#298 = CARTESIAN_POINT ( 'NONE',  ( 9.148421376138343185E-18, -0.003906250000000022551, 0.07470252959880212262 ) ) ;
#299 = ORIENTED_EDGE ( 'NONE', *, *, #1273, .F. ) ;
#300 = PRODUCT ( '90480A195_Low-Strength Steel Hex Nut_90480A195', '90480A195_Low-Strength Steel Hex Nut_90480A195', '', ( #1800 ) ) ;
#301 = CARTESIAN_POINT ( 'NONE',  ( -0.01056259223331748077, 0.04311564105825733267, -0.07505818194215098382 ) ) ;
#302 = EDGE_CURVE ( 'NONE', #455, #637, #684, .T. ) ;
#303 = CARTESIAN_POINT ( 'NONE',  ( -0.09499999999999995948, 0.009765625000000000000, 0.03935028842544408684 ) ) ;
#304 = CARTESIAN_POINT ( 'NONE',  ( 0.000000000000000000, 0.07421874999999998612, -0.07470252959880212262 ) ) ;
#305 = AXIS2_PLACEMENT_3D ( 'NONE', #916, #166, #13 ) ;
#306 = DIRECTION ( 'NONE',  ( -0.000000000000000000, -1.000000000000000000, -0.000000000000000000 ) ) ;
#307 = VERTEX_POINT ( 'NONE', #719 ) ;
#308 = FILL_AREA_STYLE ('',( #1767 ) ) ;
#309 = CARTESIAN_POINT ( 'NONE',  ( 0.000000000000000000, 0.04296874999999997918, -0.07470252959880212262 ) ) ;
#310 = FACE_OUTER_BOUND ( 'NONE', #2021, .T. ) ;
#311 = CARTESIAN_POINT ( 'NONE',  ( -0.02376697116471994733, 0.05640491211702203245, -0.08587127221716478465 ) ) ;
#312 = CARTESIAN_POINT ( 'NONE',  ( 0.000000000000000000, 0.06250000000000000000, 0.000000000000000000 ) ) ;
#313 = CARTESIAN_POINT ( 'NONE',  ( -0.06199205473173500375, 0.06057233903586363433, 0.1807152214591244144 ) ) ;
#314 = CARTESIAN_POINT ( 'NONE',  ( 0.07470252959880212262, -0.02148437500000000694, -0.03094280090340140871 ) ) ;
#315 = CARTESIAN_POINT ( 'NONE',  ( -0.09375000000000002776, 0.06250000000000000000, 0.1623797632095822230 ) ) ;
#316 = EDGE_CURVE ( 'NONE', #951, #1123, #1693, .T. ) ;
#317 = ORIENTED_EDGE ( 'NONE', *, *, #875, .F. ) ;
#318 = CARTESIAN_POINT ( 'NONE',  ( 0.03094280090340140871, -0.01757812500000001041, -0.07470252959880212262 ) ) ;
#319 = CARTESIAN_POINT ( 'NONE',  ( 0.03094280090340141218, 0.06054687499999997918, 0.07470252959880212262 ) ) ;
#320 = CARTESIAN_POINT ( 'NONE',  ( -0.1875000000000000555, 0.05080761492754903852, 0.09074408359512567412 ) ) ;
#321 = ORIENTED_EDGE ( 'NONE', *, *, #1773, .T. ) ;
#322 = CARTESIAN_POINT ( 'NONE',  ( -0.06717514421272199887, 0.03906249999999994449, 0.06717514421272201275 ) ) ;
#323 = DIRECTION ( 'NONE',  ( 0.000000000000000000, 1.000000000000000000, 0.000000000000000000 ) ) ;
#324 = CARTESIAN_POINT ( 'NONE',  ( 0.07470252959880212262, 0.009765624999999984387, -0.03094280090340140871 ) ) ;
#325 = FACE_OUTER_BOUND ( 'NONE', #1445, .T. ) ;
#326 = ORIENTED_EDGE ( 'NONE', *, *, #1937, .T. ) ;
#327 = CARTESIAN_POINT ( 'NONE',  ( 0.05282266525110176913, -0.02734375000000001041, 0.05282266525110176220 ) ) ;
#328 = CARTESIAN_POINT ( 'NONE',  ( 0.05282266525110176220, -0.02343750000000002429, -0.05282266525110176913 ) ) ;
#329 = PRODUCT_DEFINITION ( 'General', '', #1923, #1582 ) ;
#330 = CARTESIAN_POINT ( 'NONE',  ( 0.000000000000000000, -0.06250000000000000000, 0.1875000000000000555 ) ) ;
#331 = EDGE_CURVE ( 'NONE', #123, #307, #1043, .T. ) ;
#332 = ORIENTED_EDGE ( 'NONE', *, *, #888, .T. ) ;
#333 =( BOUNDED_CURVE ( )  B_SPLINE_CURVE ( 2, ( #1674, #253, #1384, #1543, #581, #1714, #1064, #1682, #441 ),
 .UNSPECIFIED., .F., .F. ) 
 B_SPLINE_CURVE_WITH_KNOTS ( ( 3, 2, 2, 2, 3 ),
 ( 0.4000000000000000222, 0.4249999999999999889, 0.4500000000000000111, 0.4749999999999999778, 0.5000000000000000000 ),
 .UNSPECIFIED. ) 
 CURVE ( )  GEOMETRIC_REPRESENTATION_ITEM ( )  RATIONAL_B_SPLINE_CURVE ( ( 1.000000000000000000, 0.9238795325112867385, 1.000000000000000000, 0.9238795325112867385, 1.000000000000000000, 0.9238795325112867385, 1.000000000000000000, 0.9238795325112867385, 1.000000000000000000 ) ) 
 REPRESENTATION_ITEM ( '' )  );
#334 = CARTESIAN_POINT ( 'NONE',  ( 0.09499999999999997335, 0.05078124999999993755, -5.817072295949926409E-18 ) ) ;
#335 = CARTESIAN_POINT ( 'NONE',  ( -8.878214572196529745E-19, -0.04575317547305492866, -0.2165063509461097047 ) ) ;
#336 = CARTESIAN_POINT ( 'NONE',  ( 0.05282266525110176220, -0.01953125000000001735, -0.05282266525110176913 ) ) ;
#337 = CARTESIAN_POINT ( 'NONE',  ( 0.000000000000000000, 0.06250000000000000000, -0.09499999999999998723 ) ) ;
#338 = EDGE_LOOP ( 'NONE', ( #201, #1574, #1602 ) ) ;
#339 = CARTESIAN_POINT ( 'NONE',  ( 0.05282266525110176913, -1.707404996040164512E-17, 0.05282266525110176220 ) ) ;
#340 = AXIS2_PLACEMENT_3D ( 'NONE', #1721, #323, #1889 ) ;
#341 = DIMENSIONAL_EXPONENTS ( 1.000000000000000000, 0.000000000000000000, 0.000000000000000000, 0.000000000000000000, 0.000000000000000000, 0.000000000000000000, 0.000000000000000000 ) ;
#342 = CIRCLE ( 'NONE', #1895, 0.09499999999999998723 ) ;
#343 = CARTESIAN_POINT ( 'NONE',  ( -0.1875000000000000278, 0.06249999999999999306, 0.01832810893118898624 ) ) ;
#344 = ORIENTED_EDGE ( 'NONE', *, *, #1783, .T. ) ;
#345 = ADVANCED_FACE ( 'NONE', ( #369 ), #1469, .F. ) ;
#346 = CARTESIAN_POINT ( 'NONE',  ( -0.06717514421272199887, -0.02343750000000004857, 0.06717514421272201275 ) ) ;
#347 =( BOUNDED_CURVE ( )  B_SPLINE_CURVE ( 2, ( #795, #1073, #1417, #1552, #1437, #1231, #1270, #600, #634 ),
 .UNSPECIFIED., .F., .T. ) 
 B_SPLINE_CURVE_WITH_KNOTS ( ( 3, 2, 2, 2, 3 ),
 ( 0.3000000000000000999, 0.3250000000000000111, 0.3500000000000000888, 0.3750000000000001110, 0.4000000000000001332 ),
 .UNSPECIFIED. ) 
 CURVE ( )  GEOMETRIC_REPRESENTATION_ITEM ( )  RATIONAL_B_SPLINE_CURVE ( ( 0.9999999999999997780, 0.9238795325112869605, 1.000000000000000000, 0.9238795325112867385, 1.000000000000000000, 0.9238795325112867385, 1.000000000000000000, 0.9238795325112864054, 1.000000000000000444 ) ) 
 REPRESENTATION_ITEM ( '' )  );
#348 = CARTESIAN_POINT ( 'NONE',  ( 0.000000000000000000, 0.06250000000000000000, 0.09499999999999998723 ) ) ;
#349 = CARTESIAN_POINT ( 'NONE',  ( -0.03094280090340145728, 0.01757812499999998612, -0.07470252959880210875 ) ) ;
#350 = CARTESIAN_POINT ( 'NONE',  ( 0.000000000000000000, -0.06250000000000000000, 0.000000000000000000 ) ) ;
#351 = ORIENTED_EDGE ( 'NONE', *, *, #1030, .F. ) ;
#352 =( NAMED_UNIT ( * ) SI_UNIT ( $, .STERADIAN. ) SOLID_ANGLE_UNIT ( ) );
#353 = CARTESIAN_POINT ( 'NONE',  ( -0.07470252959880210875, 0.04882812499999997918, -0.03094280090340142259 ) ) ;
#354 = CARTESIAN_POINT ( 'NONE',  ( 0.05282266525110176220, 0.03906249999999998612, -0.05282266525110176913 ) ) ;
#355 = CARTESIAN_POINT ( 'NONE',  ( 0.1096982171783106585, 0.06210416635756023374, 0.1531720557285899398 ) ) ;
#356 = ORIENTED_EDGE ( 'NONE', *, *, #2024, .T. ) ;
#357 = B_SPLINE_CURVE_WITH_KNOTS ( 'NONE', 3,
 ( #1057, #750, #277, #901 ),
 .UNSPECIFIED., .F., .F.,
 ( 4, 4 ),
 ( 2.380735675740856682E-07, 0.002782414345151446467 ),
 .UNSPECIFIED. ) ;
#358 = CARTESIAN_POINT ( 'NONE',  ( -0.09499999999999997335, 0.001953124999999938634, -0.03935028842544404520 ) ) ;
#359 = EDGE_CURVE ( 'NONE', #40, #1590, #207, .T. ) ;
#360 = CARTESIAN_POINT ( 'NONE',  ( -8.878214572196529745E-19, -0.04575317547305492866, -0.2165063509461097047 ) ) ;
#361 = CARTESIAN_POINT ( 'NONE',  ( -0.07470252959880212262, -0.04296875000000002082, 1.372263206420751324E-17 ) ) ;
#362 = CARTESIAN_POINT ( 'NONE',  ( 0.09499999999999995948, 0.01757812499999994102, 0.03935028842544401745 ) ) ;
#363 = ORIENTED_EDGE ( 'NONE', *, *, #1657, .T. ) ;
#364 = CARTESIAN_POINT ( 'NONE',  ( 0.09499999999999998723, 0.02148437499999999653, 0.03935028842544401745 ) ) ;
#365 = CARTESIAN_POINT ( 'NONE',  ( -0.05282266525110176220, -0.007812500000000019082, 0.05282266525110178301 ) ) ;
#366 = CARTESIAN_POINT ( 'NONE',  ( 0.000000000000000000, 0.03125000000000000000, -0.09499999999999998723 ) ) ;
#367 = VERTEX_POINT ( 'NONE', #2030 ) ;
#368 = CARTESIAN_POINT ( 'NONE',  ( 1.163414459189985282E-17, -0.01953125000000005204, 0.09499999999999997335 ) ) ;
#369 = FACE_OUTER_BOUND ( 'NONE', #159, .T. ) ;
#370 = CARTESIAN_POINT ( 'NONE',  ( 0.05282266525110176913, 0.03124999999999998265, 0.05282266525110176220 ) ) ;
#371 = CARTESIAN_POINT ( 'NONE',  ( 0.07143093021686476585, -0.05191281579209339192, 0.04529992183360469216 ) ) ;
#372 = ADVANCED_FACE ( 'NONE', ( #310 ), #618, .F. ) ;
#373 = ORIENTED_EDGE ( 'NONE', *, *, #518, .F. ) ;
#374 = CARTESIAN_POINT ( 'NONE',  ( 0.06717514421272201275, 0.05078125000000000000, 0.06717514421272199887 ) ) ;
#375 = CARTESIAN_POINT ( 'NONE',  ( -0.09499999999999995948, -0.02539062500000005551, 0.03935028842544407296 ) ) ;
#376 = DIRECTION ( 'NONE',  ( 1.000000000000000000, 0.000000000000000000, -1.577233174527201604E-16 ) ) ;
#377 = ORIENTED_EDGE ( 'NONE', *, *, #1055, .F. ) ;
#378 = CONICAL_SURFACE ( 'NONE', #1797, 0.1875000000000000555, 1.047197551196600074 ) ;
#379 = CARTESIAN_POINT ( 'NONE',  ( -0.03935028842544399663, -0.02148437500000005551, 0.09499999999999998723 ) ) ;
#380 = CARTESIAN_POINT ( 'NONE',  ( -0.07470252959880210875, -0.009765625000000026021, 0.03094280090340145728 ) ) ;
#381 = CARTESIAN_POINT ( 'NONE',  ( -0.09499999999999997335, 0.03515624999999994449, 1.745121688784977538E-17 ) ) ;
#382 = EDGE_LOOP ( 'NONE', ( #321, #356, #1154, #1708, #1808, #654, #1032 ) ) ;
#383 = SHAPE_DEFINITION_REPRESENTATION ( #1722, #1581 ) ;
#384 = CARTESIAN_POINT ( 'NONE',  ( 1.163414459189985436E-17, -0.01562500000000000347, 0.09499999999999998723 ) ) ;
#385 = CARTESIAN_POINT ( 'NONE',  ( 1.163414459189985282E-17, 0.01171874999999993928, 0.09499999999999997335 ) ) ;
#386 = CARTESIAN_POINT ( 'NONE',  ( 0.08753282765332801030, 0.05849986573893722203, -0.02751046223897672324 ) ) ;
#387 = CARTESIAN_POINT ( 'NONE',  ( 0.000000000000000000, 0.07812499999999998612, -0.07470252959880212262 ) ) ;
#388 = CARTESIAN_POINT ( 'NONE',  ( 0.05282266525110176220, -0.02343750000000002429, -0.05282266525110176913 ) ) ;
#389 = DIRECTION ( 'NONE',  ( 0.000000000000000000, 0.000000000000000000, 1.000000000000000000 ) ) ;
#390 = ORIENTED_EDGE ( 'NONE', *, *, #1966, .T. ) ;
#391 = CARTESIAN_POINT ( 'NONE',  ( -0.03935028842544409378, 0.03320312500000000000, -0.09499999999999997335 ) ) ;
#392 = CARTESIAN_POINT ( 'NONE',  ( -0.01529796639056607219, -0.05085249760325900176, 0.2076740659324625426 ) ) ;
#393 = CARTESIAN_POINT ( 'NONE',  ( 0.02345982772954961770, 0.05345460383526369486, 0.08289942987962047038 ) ) ;
#394 = EDGE_CURVE ( 'NONE', #1607, #154, #197, .T. ) ;
#395 = CARTESIAN_POINT ( 'NONE',  ( -0.07470252959880212262, -0.007812500000000010408, 1.372263206420751324E-17 ) ) ;
#396 = CARTESIAN_POINT ( 'NONE',  ( 0.09375000000000001388, -0.06250000000000000000, -0.1623797632095823062 ) ) ;
#397 = CARTESIAN_POINT ( 'NONE',  ( 0.07823391622614583873, -0.05128787302189218023, 0.03048384212340869009 ) ) ;
#398 = EDGE_LOOP ( 'NONE', ( #1974, #1982, #179 ) ) ;
#399 = CARTESIAN_POINT ( 'NONE',  ( -0.09499999999999997335, 0.009765625000000000000, 0.03935028842544407990 ) ) ;
#400 = CARTESIAN_POINT ( 'NONE',  ( -0.06717514421272199887, -0.02343750000000004857, 0.06717514421272201275 ) ) ;
#401 = DIRECTION ( 'NONE',  ( -0.000000000000000000, -1.000000000000000000, 0.000000000000000000 ) ) ;
#402 = AXIS2_PLACEMENT_3D ( 'NONE', #297, #1515, #99 ) ;
#403 = DIRECTION ( 'NONE',  ( 0.8660254037844385966, 0.000000000000000000, 0.4999999999999998335 ) ) ;
#404 = CARTESIAN_POINT ( 'NONE',  ( -0.03094280090340145728, -0.07617187499999998612, -0.07470252959880210875 ) ) ;
#405 = EDGE_CURVE ( 'NONE', #250, #884, #118, .T. ) ;
#406 = CARTESIAN_POINT ( 'NONE',  ( -0.1875000000000000833, -0.06087971777998550660, 0.03688815761382586988 ) ) ;
#407 = AXIS2_PLACEMENT_3D ( 'NONE', #350, #2044, #1724 ) ;
#408 = FACE_OUTER_BOUND ( 'NONE', #613, .T. ) ;
#409 = EDGE_LOOP ( 'NONE', ( #1595, #1103, #1652, #466 ) ) ;
#410 = CARTESIAN_POINT ( 'NONE',  ( 0.03094280090340141218, 0.06445312500000000000, 0.07470252959880212262 ) ) ;
#411 = CARTESIAN_POINT ( 'NONE',  ( -0.1875000000000000833, -0.04575317547306445576, -0.1082531754730692158 ) ) ;
#412 =( BOUNDED_CURVE ( )  B_SPLINE_CURVE ( 2, ( #1430, #787, #1249, #303, #953, #1899, #478, #133, #291 ),
 .UNSPECIFIED., .F., .F. ) 
 B_SPLINE_CURVE_WITH_KNOTS ( ( 3, 2, 2, 2, 3 ),
 ( 0.2999999999999999889, 0.3250000000000000111, 0.3499999999999999778, 0.3750000000000000000, 0.4000000000000000222 ),
 .UNSPECIFIED. ) 
 CURVE ( )  GEOMETRIC_REPRESENTATION_ITEM ( )  RATIONAL_B_SPLINE_CURVE ( ( 1.000000000000000000, 0.9238795325112867385, 1.000000000000000000, 0.9238795325112867385, 1.000000000000000000, 0.9238795325112867385, 1.000000000000000000, 0.9238795325112867385, 1.000000000000000000 ) ) 
 REPRESENTATION_ITEM ( '' )  );
#413 = CARTESIAN_POINT ( 'NONE',  ( -0.09103252693180451105, -0.05949195541773724671, 0.01599079651546785399 ) ) ;
#414 = CARTESIAN_POINT ( 'NONE',  ( 0.000000000000000000, -0.03515625000000005551, -0.09499999999999997335 ) ) ;
#415 = CARTESIAN_POINT ( 'NONE',  ( -0.03094280090340145728, -0.04492187500000001388, -0.07470252959880210875 ) ) ;
#416 = CARTESIAN_POINT ( 'NONE',  ( -0.03094280090340145728, -0.08007812499999998612, -0.07470252959880210875 ) ) ;
#417 = CARTESIAN_POINT ( 'NONE',  ( -0.09499999999999997335, -0.06054687500000006245, -0.03935028842544392030 ) ) ;
#418 = EDGE_CURVE ( 'NONE', #951, #677, #55, .T. ) ;
#419 = EDGE_LOOP ( 'NONE', ( #811, #559, #691 ) ) ;
#420 = CARTESIAN_POINT ( 'NONE',  ( 0.03935028842544403826, -0.06445312500000001388, -0.09499999999999998723 ) ) ;
#421 = CARTESIAN_POINT ( 'NONE',  ( 0.09499999999999998723, 0.02148437500000000000, 0.03935028842544402439 ) ) ;
#422 = CARTESIAN_POINT ( 'NONE',  ( 0.07470252959880212262, 0.009765624999999984387, -0.03094280090340140871 ) ) ;
#423 = CARTESIAN_POINT ( 'NONE',  ( -0.1875000000000000833, -0.04575317547306445576, -0.1082531754730692158 ) ) ;
#424 = CARTESIAN_POINT ( 'NONE',  ( 0.1333599320255653420, -0.05943781738910954709, 0.1395109582920392721 ) ) ;
#425 = CARTESIAN_POINT ( 'NONE',  ( -0.07470252959880212262, -0.03906250000000002082, 1.372263206420751324E-17 ) ) ;
#426 = CARTESIAN_POINT ( 'NONE',  ( -0.07584987082567151706, 0.04881982919603154725, 0.02978179197122414815 ) ) ;
#427 = DIRECTION ( 'NONE',  ( 0.000000000000000000, 0.000000000000000000, 1.000000000000000000 ) ) ;
#428 = DIRECTION ( 'NONE',  ( -0.000000000000000000, -1.000000000000000000, -0.000000000000000000 ) ) ;
#429 = CARTESIAN_POINT ( 'NONE',  ( 0.06717514421272201275, -0.07421875000000000000, 0.06717514421272199887 ) ) ;
#430 = FACE_OUTER_BOUND ( 'NONE', #1633, .T. ) ;
#431 = EDGE_CURVE ( 'NONE', #367, #250, #1320, .T. ) ;
#432 = DIRECTION ( 'NONE',  ( -0.000000000000000000, -1.000000000000000000, 0.000000000000000000 ) ) ;
#433 = CARTESIAN_POINT ( 'NONE',  ( 0.1874999999999999722, 0.05501383542315020636, 0.07301363270929164817 ) ) ;
#434 = CARTESIAN_POINT ( 'NONE',  ( 1.163414459189985436E-17, -0.01562500000000000347, 0.09499999999999998723 ) ) ;
#435 = CARTESIAN_POINT ( 'NONE',  ( -0.07470252959880210875, -0.005859375000000019949, 0.03094280090340145728 ) ) ;
#436 = COLOUR_RGB ( '',0.7529411764705882248, 0.7529411764705882248, 0.7529411764705882248 ) ;
#437 = DIRECTION ( 'NONE',  ( 0.000000000000000000, 0.000000000000000000, 1.000000000000000000 ) ) ;
#438 = DIRECTION ( 'NONE',  ( 0.5000000000000001110, 0.000000000000000000, -0.8660254037844385966 ) ) ;
#439 = VERTEX_POINT ( 'NONE', #1377 ) ;
#440 = CARTESIAN_POINT ( 'NONE',  ( 0.05282266525110176913, 0.03515624999999998612, 0.05282266525110176220 ) ) ;
#441 = CARTESIAN_POINT ( 'NONE',  ( 1.163414459189985436E-17, -0.01562500000000000347, 0.09499999999999998723 ) ) ;
#442 = CARTESIAN_POINT ( 'NONE',  ( -0.07470252959880212262, 0.02343749999999998959, 1.372263206420751324E-17 ) ) ;
#443 = DIRECTION ( 'NONE',  ( -0.000000000000000000, -1.000000000000000000, -0.000000000000000000 ) ) ;
#444 = CARTESIAN_POINT ( 'NONE',  ( -0.09499999999999995948, -0.02539062500000000347, -0.03935028842544405214 ) ) ;
#445 = CARTESIAN_POINT ( 'NONE',  ( 0.08579372237388409317, 0.06250000000000013878, -0.1669733222387677074 ) ) ;
#446 = CARTESIAN_POINT ( 'NONE',  ( 0.06717514421272201275, -0.04296875000000000000, 0.06717514421272199887 ) ) ;
#447 = CARTESIAN_POINT ( 'NONE',  ( 0.000000000000000000, 0.06250000000000000000, 0.000000000000000000 ) ) ;
#448 = CARTESIAN_POINT ( 'NONE',  ( 0.05282266525110176220, 0.07421874999999998612, -0.05282266525110176913 ) ) ;
#449 = PLANE ( 'NONE',  #1826 ) ;
#450 = B_SPLINE_CURVE_WITH_KNOTS ( 'NONE', 3,
 ( #128, #890, #760, #1527, #1367, #1389 ),
 .UNSPECIFIED., .F., .F.,
 ( 4, 2, 4 ),
 ( 0.01435272231500610632, 0.01574522092969971726, 0.01713771954439332473 ),
 .UNSPECIFIED. ) ;
#451 = DIRECTION ( 'NONE',  ( 0.000000000000000000, -1.000000000000000000, 0.000000000000000000 ) ) ;
#452 = CARTESIAN_POINT ( 'NONE',  ( -0.09250997840028396535, -0.05993936583283806380, 0.002639492329733637323 ) ) ;
#453 = DIRECTION ( 'NONE',  ( -0.000000000000000000, -1.000000000000000000, -0.000000000000000000 ) ) ;
#454 = CARTESIAN_POINT ( 'NONE',  ( 0.01175360822523837008, 0.04220252959880219090, -0.07377208565675444363 ) ) ;
#455 = VERTEX_POINT ( 'NONE', #1068 ) ;
#456 = EDGE_CURVE ( 'NONE', #1070, #1777, #1114, .T. ) ;
#457 = CARTESIAN_POINT ( 'NONE',  ( 0.000000000000000000, 0.02734374999999994449, -0.09499999999999997335 ) ) ;
#458 = CARTESIAN_POINT ( 'NONE',  ( 1.163414459189985436E-17, 0.04687499999999999306, 0.09499999999999998723 ) ) ;
#459 = CARTESIAN_POINT ( 'NONE',  ( 9.148421376138343185E-18, -1.707404996040164512E-17, 0.07470252959880212262 ) ) ;
#460 = FACE_OUTER_BOUND ( 'NONE', #1299, .T. ) ;
#461 = B_SPLINE_CURVE_WITH_KNOTS ( 'NONE', 3,
 ( #1532, #755, #1587, #1262 ),
 .UNSPECIFIED., .F., .F.,
 ( 4, 4 ),
 ( 2.380735675733479025E-07, 0.002782414345151439962 ),
 .UNSPECIFIED. ) ;
#462 = ORIENTED_EDGE ( 'NONE', *, *, #577, .F. ) ;
#463 = CARTESIAN_POINT ( 'NONE',  ( 0.06047579810967061015, 0.04220252959879896432, -0.04385368595065036734 ) ) ;
#464 = CARTESIAN_POINT ( 'NONE',  ( -0.06717514421272199887, -0.01953125000000000000, 0.06717514421272202663 ) ) ;
#465 = DIRECTION ( 'NONE',  ( -0.000000000000000000, -1.000000000000000000, -0.000000000000000000 ) ) ;
#466 = ORIENTED_EDGE ( 'NONE', *, *, #218, .F. ) ;
#467 = DIRECTION ( 'NONE',  ( 0.000000000000000000, 1.000000000000000000, 0.000000000000000000 ) ) ;
#468 = EDGE_CURVE ( 'NONE', #1777, #516, #450, .T. ) ;
#469 = CARTESIAN_POINT ( 'NONE',  ( 9.148421376138343185E-18, 0.05859374999999998612, 0.07470252959880212262 ) ) ;
#470 = VECTOR ( 'NONE', #519, 39.37007874015748143 ) ;
#471 = CARTESIAN_POINT ( 'NONE',  ( 0.03689720553948218351, -0.04669739453299087684, -0.07028750212203961623 ) ) ;
#472 = VECTOR ( 'NONE', #1496, 39.37007874015748143 ) ;
#473 = CARTESIAN_POINT ( 'NONE',  ( -0.05282266525110176220, -0.003906250000000013878, 0.05282266525110178301 ) ) ;
#474 = CARTESIAN_POINT ( 'NONE',  ( -0.07470252959880212262, 0.01953124999999998265, 1.372263206420751324E-17 ) ) ;
#475 = LINE ( 'NONE', #649, #1925 ) ;
#476 = VERTEX_POINT ( 'NONE', #2007 ) ;
#477 = LINE ( 'NONE', #1710, #993 ) ;
#478 = CARTESIAN_POINT ( 'NONE',  ( -0.06717514421272202663, 0.003906249999999996964, -0.06717514421272199887 ) ) ;
#479 = CARTESIAN_POINT ( 'NONE',  ( -0.07470252959880212262, 0.05078124999999998612, 1.372263206420751324E-17 ) ) ;
#480 = CARTESIAN_POINT ( 'NONE',  ( 1.163414459189985436E-17, 0.06250000000000000000, -0.09499999999999998723 ) ) ;
#481 = EDGE_CURVE ( 'NONE', #195, #1690, #357, .T. ) ;
#482 = ORIENTED_EDGE ( 'NONE', *, *, #1567, .T. ) ;
#483 = CARTESIAN_POINT ( 'NONE',  ( 0.05282266525110176220, -0.01953125000000001735, -0.05282266525110176913 ) ) ;
#484 = CARTESIAN_POINT ( 'NONE',  ( -0.03094280090340145728, 0.01367187499999997918, -0.07470252959880210875 ) ) ;
#485 = CARTESIAN_POINT ( 'NONE',  ( -0.1875000000000000833, 0.06087971777998550660, 0.03688815761382586988 ) ) ;
#486 = ORIENTED_EDGE ( 'NONE', *, *, #643, .T. ) ;
#487 = CARTESIAN_POINT ( 'NONE',  ( -0.03935028842544399663, 0.07226562499999993061, 0.09499999999999998723 ) ) ;
#488 = CARTESIAN_POINT ( 'NONE',  ( -0.01529796639056607219, 0.05085249760325900176, 0.2076740659324625426 ) ) ;
#489 = CARTESIAN_POINT ( 'NONE',  ( 0.000000000000000000, -0.01562500000000000347, -0.07470252959880212262 ) ) ;
#490 = CARTESIAN_POINT ( 'NONE',  ( -7.232301839223854333E-13, 0.04268829386829244704, -0.07518829386829235795 ) ) ;
#491 = ORIENTED_EDGE ( 'NONE', *, *, #1783, .F. ) ;
#492 = PRESENTATION_STYLE_ASSIGNMENT (( #1275 ) ) ;
#493 = CARTESIAN_POINT ( 'NONE',  ( 0.03094280090340141218, 0.02929687499999998265, 0.07470252959880212262 ) ) ;
#494 = EDGE_CURVE ( 'NONE', #665, #838, #1851, .T. ) ;
#495 = ORIENTED_EDGE ( 'NONE', *, *, #2049, .F. ) ;
#496 = CARTESIAN_POINT ( 'NONE',  ( -0.06717514421272201275, -0.03125000000000006245, -0.06717514421272198499 ) ) ;
#497 = CARTESIAN_POINT ( 'NONE',  ( -0.06571532605315896780, -0.05213156479767600687, -0.05367499678622069531 ) ) ;
#498 = CARTESIAN_POINT ( 'NONE',  ( 9.148421376138343185E-18, -0.06250000000000001388, 0.07470252959880212262 ) ) ;
#499 = DIRECTION ( 'NONE',  ( 0.000000000000000000, 0.000000000000000000, 1.000000000000000000 ) ) ;
#500 =( GEOMETRIC_REPRESENTATION_CONTEXT ( 3 ) GLOBAL_UNCERTAINTY_ASSIGNED_CONTEXT ( ( #152 ) ) GLOBAL_UNIT_ASSIGNED_CONTEXT ( ( #1133, #932, #352 ) ) REPRESENTATION_CONTEXT ( 'NONE', 'WORKASPACE' ) );
#501 = CIRCLE ( 'NONE', #537, 0.1875000000000000555 ) ;
#502 = ORIENTED_EDGE ( 'NONE', *, *, #1138, .F. ) ;
#503 = CARTESIAN_POINT ( 'NONE',  ( 0.07470252959880212262, 0.005859374999999978316, -0.03094280090340140871 ) ) ;
#504 = CARTESIAN_POINT ( 'NONE',  ( -0.07470252959880212262, 0.01953124999999998265, 1.372263206420751324E-17 ) ) ;
#505 = AXIS2_PLACEMENT_3D ( 'NONE', #653, #1755, #966 ) ;
#506 = AXIS2_PLACEMENT_3D ( 'NONE', #1857, #1364, #293 ) ;
#507 = CARTESIAN_POINT ( 'NONE',  ( 0.1874999999999999722, -0.06092433969396877924, -0.03648964212895571685 ) ) ;
#508 = ORIENTED_EDGE ( 'NONE', *, *, #963, .F. ) ;
#509 = CARTESIAN_POINT ( 'NONE',  ( -0.03935028842544407990, -0.001953125000000058113, -0.09499999999999997335 ) ) ;
#510 = CARTESIAN_POINT ( 'NONE',  ( -0.07377208565675429097, -0.04220252959880217009, 0.01175360822523933979 ) ) ;
#511 = CARTESIAN_POINT ( 'NONE',  ( 0.07470252959880212262, -0.02734375000000002082, -4.574210688069171592E-18 ) ) ;
#512 = FACE_OUTER_BOUND ( 'NONE', #1718, .T. ) ;
#513 = ORIENTED_EDGE ( 'NONE', *, *, #1622, .T. ) ;
#514 = CARTESIAN_POINT ( 'NONE',  ( -0.09499999999999997335, 0.03710937500000000000, -0.03935028842544405214 ) ) ;
#515 = CARTESIAN_POINT ( 'NONE',  ( 0.03094280090340141218, -0.001953125000000015613, 0.07470252959880212262 ) ) ;
#516 = VERTEX_POINT ( 'NONE', #39 ) ;
#517 = CARTESIAN_POINT ( 'NONE',  ( -0.06717514421272199887, 0.007812499999999941887, 0.06717514421272201275 ) ) ;
#518 = EDGE_CURVE ( 'NONE', #1771, #307, #1990, .T. ) ;
#519 = DIRECTION ( 'NONE',  ( -0.000000000000000000, -1.000000000000000000, -0.000000000000000000 ) ) ;
#520 = CARTESIAN_POINT ( 'NONE',  ( -0.07470252959880210875, -0.07617187500000004163, -0.03094280090340142259 ) ) ;
#521 = CARTESIAN_POINT ( 'NONE',  ( 0.08261198327641226802, -0.05045837204613998900, 0.009297879233588960887 ) ) ;
#522 = ORIENTED_EDGE ( 'NONE', *, *, #754, .T. ) ;
#523 = CARTESIAN_POINT ( 'NONE',  ( 0.09499999999999998723, 0.05664062500000000000, -0.03935028842544403826 ) ) ;
#524 = CARTESIAN_POINT ( 'NONE',  ( 9.148421376138343185E-18, -0.03515625000000001388, 0.07470252959880212262 ) ) ;
#525 = DIRECTION ( 'NONE',  ( 0.000000000000000000, 0.000000000000000000, 1.000000000000000000 ) ) ;
#526 = VERTEX_POINT ( 'NONE', #942 ) ;
#527 = CARTESIAN_POINT ( 'NONE',  ( 0.09499999999999997335, -0.04492187500000005551, 0.03935028842544401051 ) ) ;
#528 = ADVANCED_FACE ( 'NONE', ( #1739 ), #1523, .T. ) ;
#529 = DIRECTION ( 'NONE',  ( 0.000000000000000000, 1.000000000000000000, 0.000000000000000000 ) ) ;
#530 = CARTESIAN_POINT ( 'NONE',  ( -0.07470252959880210875, 0.01757812499999998612, -0.03094280090340142259 ) ) ;
#531 = DIRECTION ( 'NONE',  ( 0.000000000000000000, 0.000000000000000000, 1.000000000000000000 ) ) ;
#532 = ORIENTED_EDGE ( 'NONE', *, *, #64, .T. ) ;
#533 = CARTESIAN_POINT ( 'NONE',  ( -0.03935028842544409378, 0.001953124999999998265, -0.09499999999999997335 ) ) ;
#534 = CARTESIAN_POINT ( 'NONE',  ( -0.05414006797443471353, -0.05943781738910948464, 0.1852485681271251183 ) ) ;
#535 = AXIS2_PLACEMENT_3D ( 'NONE', #1462, #83, #1332 ) ;
#536 = CARTESIAN_POINT ( 'NONE',  ( 0.05988476801441205283, 0.05496885406692737092, 0.06402719203724482888 ) ) ;
#537 = AXIS2_PLACEMENT_3D ( 'NONE', #1987, #529, #878 ) ;
#538 = ORIENTED_EDGE ( 'NONE', *, *, #914, .F. ) ;
#539 = CIRCLE ( 'NONE', #74, 0.1875000000000000555 ) ;
#540 = CARTESIAN_POINT ( 'NONE',  ( 0.09499999999999997335, 0.02148437499999993408, -0.03935028842544403826 ) ) ;
#541 = CARTESIAN_POINT ( 'NONE',  ( 0.03094280090340140177, -0.05273437500000002082, -0.07470252959880212262 ) ) ;
#542 = CARTESIAN_POINT ( 'NONE',  ( 0.01085158399408288170, -0.05469176537382648695, 0.08668180075573921062 ) ) ;
#543 = ORIENTED_EDGE ( 'NONE', *, *, #963, .T. ) ;
#544 = CARTESIAN_POINT ( 'NONE',  ( 0.000000000000000000, -0.03124999999999998959, -0.09499999999999998723 ) ) ;
#545 = DIRECTION ( 'NONE',  ( 0.000000000000000000, 0.000000000000000000, 1.000000000000000000 ) ) ;
#546 = EDGE_CURVE ( 'NONE', #1123, #5, #1085, .T. ) ;
#547 = CARTESIAN_POINT ( 'NONE',  ( -0.008933893359441079374, -0.05537960241844423065, 0.08753879038649520217 ) ) ;
#548 = CARTESIAN_POINT ( 'NONE',  ( -0.05282266525110178301, -0.04296875000000001388, -0.05282266525110175526 ) ) ;
#549 = CARTESIAN_POINT ( 'NONE',  ( 9.148421376138343185E-18, -0.06640625000000002776, 0.07470252959880212262 ) ) ;
#550 = CARTESIAN_POINT ( 'NONE',  ( 0.09499999999999995948, 0.02148437499999993408, -0.03935028842544402439 ) ) ;
#551 = ORIENTED_EDGE ( 'NONE', *, *, #546, .F. ) ;
#552 = CARTESIAN_POINT ( 'NONE',  ( 0.05282266525110176913, -0.06250000000000002776, 0.05282266525110176220 ) ) ;
#553 = CARTESIAN_POINT ( 'NONE',  ( -0.05282266525110178301, -0.01562500000000001388, -0.05282266525110175526 ) ) ;
#554 = CARTESIAN_POINT ( 'NONE',  ( 0.03976307842984245361, 0.06111620782474811581, -0.08495792513640748611 ) ) ;
#555 = EDGE_CURVE ( 'NONE', #1690, #439, #1412, .T. ) ;
#556 = CARTESIAN_POINT ( 'NONE',  ( -0.07470252959880212262, -0.07031250000000001388, 1.372263206420751324E-17 ) ) ;
#557 = CARTESIAN_POINT ( 'NONE',  ( -0.09375000000000005551, -0.06250000000000000000, 0.1623797632095823062 ) ) ;
#558 = CARTESIAN_POINT ( 'NONE',  ( -0.06717514421272199887, -0.05468750000000005551, 0.06717514421272201275 ) ) ;
#559 = ORIENTED_EDGE ( 'NONE', *, *, #1286, .F. ) ;
#560 = CARTESIAN_POINT ( 'NONE',  ( 0.09499999999999998723, -0.07226562499999998612, 0.03935028842544401745 ) ) ;
#561 = CARTESIAN_POINT ( 'NONE',  ( -0.09375000000000005551, -0.06250000000000000000, 0.1623797632095823062 ) ) ;
#562 = CARTESIAN_POINT ( 'NONE',  ( 5.084000387365215773E-13, 0.05259414693414972419, 0.08509414693414962816 ) ) ;
#563 = MECHANICAL_DESIGN_GEOMETRIC_PRESENTATION_REPRESENTATION (  '', ( #1385 ), #1594 ) ;
#564 = CLOSED_SHELL ( 'NONE', ( #1429, #1335, #1551, #121, #265, #1247, #900, #1596, #1748, #150, #372, #1184, #1425, #87, #843, #852, #1067, #1998, #1221, #706, #1845, #1647, #1370, #345, #1477, #1109, #1344, #1720, #1986, #1709, #1152, #1803, #528, #25, #1683, #941, #162, #830, #903, #1311 ) ) ;
#565 = CARTESIAN_POINT ( 'NONE',  ( 0.1874999999999999445, 0.05084164280974064892, -0.09062620755346773027 ) ) ;
#566 = B_SPLINE_CURVE_WITH_KNOTS ( 'NONE', 3,
 ( #920, #726, #1511, #274 ),
 .UNSPECIFIED., .F., .F.,
 ( 4, 4 ),
 ( 2.380735675751122722E-07, 0.002782414345151442564 ),
 .UNSPECIFIED. ) ;
#567 = CARTESIAN_POINT ( 'NONE',  ( -0.05282266525110178301, -0.01171875000000000694, -0.05282266525110175526 ) ) ;
#568 = VECTOR ( 'NONE', #1093, 39.37007874015748854 ) ;
#569 = CARTESIAN_POINT ( 'NONE',  ( -0.05329808019346361780, 0.04507270184503098243, -0.05661152210335244905 ) ) ;
#570 = LINE ( 'NONE', #1824, #234 ) ;
#571 = VERTEX_POINT ( 'NONE', #330 ) ;
#572 = CARTESIAN_POINT ( 'NONE',  ( 0.06717514421272201275, -0.04296875000000000000, 0.06717514421272199887 ) ) ;
#573 = CARTESIAN_POINT ( 'NONE',  ( -0.06582491644829903399, -0.04220252959880222560, -0.03565347398724361822 ) ) ;
#574 = CARTESIAN_POINT ( 'NONE',  ( -0.1017062776261153240, 0.06250000000000012490, -0.1577862041803972382 ) ) ;
#575 = CARTESIAN_POINT ( 'NONE',  ( -0.03094280090340139483, -0.06445312500000001388, 0.07470252959880213650 ) ) ;
#576 = DIRECTION ( 'NONE',  ( -0.000000000000000000, -1.000000000000000000, -0.000000000000000000 ) ) ;
#577 = EDGE_CURVE ( 'NONE', #1119, #906, #989, .T. ) ;
#578 = CARTESIAN_POINT ( 'NONE',  ( -0.1875000000000000555, 0.06250000000000000000, 0.1082531754730548107 ) ) ;
#579 = ORIENTED_EDGE ( 'NONE', *, *, #975, .F. ) ;
#580 = CARTESIAN_POINT ( 'NONE',  ( -0.09499999999999997335, -0.08398437500000000000, 0.03935028842544407990 ) ) ;
#581 = CARTESIAN_POINT ( 'NONE',  ( 0.09499999999999998723, -0.007812500000000001735, -5.817072295949927179E-18 ) ) ;
#582 = CARTESIAN_POINT ( 'NONE',  ( 0.000000000000000000, -0.06250000000000000000, 0.000000000000000000 ) ) ;
#583 = DIRECTION ( 'NONE',  ( 0.000000000000000000, 0.4999999999999979461, 0.8660254037844397068 ) ) ;
#584 = CARTESIAN_POINT ( 'NONE',  ( 0.03935028842544401051, 0.04882812499999999306, 0.09500000000000002887 ) ) ;
#585 = CARTESIAN_POINT ( 'NONE',  ( 0.000000000000000000, -0.01562500000000000347, -0.07470252959880212262 ) ) ;
#586 = CARTESIAN_POINT ( 'NONE',  ( 0.000000000000000000, -0.08203125000000001388, -0.07470252959880212262 ) ) ;
#587 = DIRECTION ( 'NONE',  ( -8.659560562354947649E-17, -0.7071067811865462405, -0.7071067811865486830 ) ) ;
#588 = ORIENTED_EDGE ( 'NONE', *, *, #1911, .F. ) ;
#589 = CARTESIAN_POINT ( 'NONE',  ( -0.06717514421272199887, -0.05078124999999999306, 0.06717514421272202663 ) ) ;
#590 = CARTESIAN_POINT ( 'NONE',  ( 0.000000000000000000, -0.06250000000000000000, 0.000000000000000000 ) ) ;
#591 = B_SPLINE_CURVE_WITH_KNOTS ( 'NONE', 3,
 ( #1702, #602, #897, #1848, #1241, #2014 ),
 .UNSPECIFIED., .F., .F.,
 ( 4, 2, 4 ),
 ( 0.005086110390260761664, 0.006477806546185321812, 0.007869502702109881093 ),
 .UNSPECIFIED. ) ;
#592 = CARTESIAN_POINT ( 'NONE',  ( 0.07470252959880212262, 0.03710937499999998612, 0.03094280090340140177 ) ) ;
#593 = CARTESIAN_POINT ( 'NONE',  ( -0.06717514421272199887, 0.007812499999999941887, 0.06717514421272201275 ) ) ;
#594 = CARTESIAN_POINT ( 'NONE',  ( 1.163414459189985436E-17, 0.04687499999999999306, 0.09499999999999998723 ) ) ;
#595 = CARTESIAN_POINT ( 'NONE',  ( 0.000000000000000000, 0.06250000000000000000, 0.000000000000000000 ) ) ;
#596 = CARTESIAN_POINT ( 'NONE',  ( 0.000000000000000000, 0.06250000000000000000, 0.000000000000000000 ) ) ;
#597 = CARTESIAN_POINT ( 'NONE',  ( -0.04443773975125946823, -0.04317905735424654862, -0.06154978691915927169 ) ) ;
#598 = CIRCLE ( 'NONE', #1426, 0.09499999999999998723 ) ;
#599 = CIRCLE ( 'NONE', #926, 0.1875000000000000555 ) ;
#600 = CARTESIAN_POINT ( 'NONE',  ( 0.03935028842544389949, -0.005859375000000045970, -0.09500000000000011213 ) ) ;
#601 = CARTESIAN_POINT ( 'NONE',  ( 0.09499999999999998723, -0.03906250000000000000, -5.817072295949927179E-18 ) ) ;
#602 = CARTESIAN_POINT ( 'NONE',  ( -0.1875000000000001110, -0.05084164280977424011, -0.09062620755335226708 ) ) ;
#603 = CARTESIAN_POINT ( 'NONE',  ( -0.1875000000000000833, 0.06250000000000000000, -0.1082531754730548385 ) ) ;
#604 = CARTESIAN_POINT ( 'NONE',  ( -0.07336882741101324878, -0.06221542057767893291, -0.06057900493581194062 ) ) ;
#605 = EDGE_CURVE ( 'NONE', #516, #637, #883, .T. ) ;
#606 = CARTESIAN_POINT ( 'NONE',  ( 0.000000000000000000, 0.06250000000000000000, -0.09499999999999998723 ) ) ;
#607 = DIRECTION ( 'NONE',  ( 1.776356839400250465E-15, 0.000000000000000000, 1.000000000000000000 ) ) ;
#608 =( BOUNDED_CURVE ( )  B_SPLINE_CURVE ( 2, ( #1629, #1301, #1279, #1140, #1763, #1774, #1160, #985, #414 ),
 .UNSPECIFIED., .F., .F. ) 
 B_SPLINE_CURVE_WITH_KNOTS ( ( 3, 2, 2, 2, 3 ),
 ( 0.1000000000000000333, 0.1250000000000000555, 0.1500000000000001055, 0.1750000000000001554, 0.2000000000000000666 ),
 .UNSPECIFIED. ) 
 CURVE ( )  GEOMETRIC_REPRESENTATION_ITEM ( )  RATIONAL_B_SPLINE_CURVE ( ( 0.9999999999999997780, 0.9238795325112869605, 1.000000000000000000, 0.9238795325112867385, 1.000000000000000000, 0.9238795325112867385, 1.000000000000000000, 0.9238795325112864054, 1.000000000000000444 ) ) 
 REPRESENTATION_ITEM ( '' )  );
#609 = CARTESIAN_POINT ( 'NONE',  ( 0.06717514421272199887, 0.05468749999999993755, -0.06717514421272199887 ) ) ;
#610 = CYLINDRICAL_SURFACE ( 'NONE', #1225, 0.09499999999999998723 ) ;
#611 = CARTESIAN_POINT ( 'NONE',  ( -0.03094280090340139483, -0.06445312500000001388, 0.07470252959880213650 ) ) ;
#612 = CARTESIAN_POINT ( 'NONE',  ( 0.000000000000000000, -0.06250000000000000000, 0.09499999999999998723 ) ) ;
#613 = EDGE_LOOP ( 'NONE', ( #1745, #1730, #842, #538, #1855, #961 ) ) ;
#614 = CARTESIAN_POINT ( 'NONE',  ( -0.06717514421272202663, -0.05859375000000000000, -0.06717514421272199887 ) ) ;
#615 = MANIFOLD_SOLID_BREP ( 'Mirror1', #564 ) ;
#616 = CARTESIAN_POINT ( 'NONE',  ( 0.05755605819326384265, 0.04320093474528854949, -0.04958084402823308839 ) ) ;
#617 = EDGE_CURVE ( 'NONE', #476, #1070, #151, .T. ) ;
#618 = CYLINDRICAL_SURFACE ( 'NONE', #402, 0.09499999999999998723 ) ;
#619 = FACE_OUTER_BOUND ( 'NONE', #1242, .T. ) ;
#620 = ORIENTED_EDGE ( 'NONE', *, *, #784, .F. ) ;
#621 =( BOUNDED_CURVE ( )  B_SPLINE_CURVE ( 2, ( #1660, #705, #826, #362, #978, #550, #1621, #1009, #1651 ),
 .UNSPECIFIED., .F., .F. ) 
 B_SPLINE_CURVE_WITH_KNOTS ( ( 3, 2, 2, 2, 3 ),
 ( 0.5000000000000000000, 0.5250000000000000222, 0.5500000000000000444, 0.5750000000000000666, 0.6000000000000000888 ),
 .UNSPECIFIED. ) 
 CURVE ( )  GEOMETRIC_REPRESENTATION_ITEM ( )  RATIONAL_B_SPLINE_CURVE ( ( 1.000000000000000000, 0.9238795325112867385, 1.000000000000000000, 0.9238795325112867385, 1.000000000000000000, 0.9238795325112867385, 1.000000000000000000, 0.9238795325112864054, 1.000000000000000444 ) ) 
 REPRESENTATION_ITEM ( '' )  );
#622 = CARTESIAN_POINT ( 'NONE',  ( 0.000000000000000000, 0.05859374999999994449, -0.09499999999999997335 ) ) ;
#623 = CARTESIAN_POINT ( 'NONE',  ( 0.01175360822523837008, 0.04220252959880219090, -0.07377208565675444363 ) ) ;
#624 = CARTESIAN_POINT ( 'NONE',  ( 0.03094280090340140177, 0.01367187499999998786, -0.07470252959880212262 ) ) ;
#625 = CARTESIAN_POINT ( 'NONE',  ( -8.878214572196529745E-19, -0.04575317547305492866, -0.2165063509461097047 ) ) ;
#626 = ORIENTED_EDGE ( 'NONE', *, *, #1498, .T. ) ;
#627 =( LENGTH_UNIT ( ) NAMED_UNIT ( * ) SI_UNIT ( $, .METRE. ) );
#628 = CARTESIAN_POINT ( 'NONE',  ( -0.07470252959880212262, -0.04296875000000002082, 1.372263206420751324E-17 ) ) ;
#629 = CARTESIAN_POINT ( 'NONE',  ( 0.1017062776261159901, 0.06250000000000016653, 0.1577862041803966830 ) ) ;
#630 = ORIENTED_EDGE ( 'NONE', *, *, #1636, .T. ) ;
#631 = CARTESIAN_POINT ( 'NONE',  ( 0.02138783350413965556, 0.04220252959880218396, -0.07174013079919078217 ) ) ;
#632 = EDGE_CURVE ( 'NONE', #5, #1585, #475, .T. ) ;
#633 = AXIS2_PLACEMENT_3D ( 'NONE', #603, #1386, #1212 ) ;
#634 = CARTESIAN_POINT ( 'NONE',  ( 0.000000000000000000, -0.003906250000000047705, -0.09499999999999997335 ) ) ;
#635 = CARTESIAN_POINT ( 'NONE',  ( 0.07470252959880212262, 0.06640624999999997224, -4.574210688069171592E-18 ) ) ;
#636 = CARTESIAN_POINT ( 'NONE',  ( 0.08023799507995725555, -0.04945261310662040638, -0.01753695468710324973 ) ) ;
#637 = VERTEX_POINT ( 'NONE', #1102 ) ;
#638 = CARTESIAN_POINT ( 'NONE',  ( -0.07470252959880212262, -0.03906250000000002082, 1.372263206420751324E-17 ) ) ;
#639 = CARTESIAN_POINT ( 'NONE',  ( -0.07470252959880212262, -0.01171875000000001561, 1.372263206420751324E-17 ) ) ;
#640 = SURFACE_STYLE_USAGE ( .BOTH. , #10 ) ;
#641 = ORIENTED_EDGE ( 'NONE', *, *, #1162, .T. ) ;
#642 = CARTESIAN_POINT ( 'NONE',  ( -0.09499999999999997335, 0.06835937499999994449, 0.03935028842544407296 ) ) ;
#643 = EDGE_CURVE ( 'NONE', #1607, #1520, #1858, .T. ) ;
#644 = DIRECTION ( 'NONE',  ( -0.000000000000000000, -1.000000000000000000, -0.000000000000000000 ) ) ;
#645 = CARTESIAN_POINT ( 'NONE',  ( 0.07470252959880212262, -0.02539062500000000347, 0.03094280090340139830 ) ) ;
#646 = CARTESIAN_POINT ( 'NONE',  ( 0.06199205473173498987, -0.06057233903586363433, -0.1807152214591245531 ) ) ;
#647 = EDGE_LOOP ( 'NONE', ( #1456, #1333, #1638, #532, #1099, #1450, #1919, #390, #734, #281, #715, #1169, #1886 ) ) ;
#648 = CARTESIAN_POINT ( 'NONE',  ( -0.07470252959880210875, 0.05273437499999999306, 0.03094280090340145728 ) ) ;
#649 = CARTESIAN_POINT ( 'NONE',  ( -0.1875000000000000555, 0.06250000000000000000, 0.1082531754730548107 ) ) ;
#650 = ORIENTED_EDGE ( 'NONE', *, *, #1863, .T. ) ;
#651 = CARTESIAN_POINT ( 'NONE',  ( -7.232301839223854333E-13, 0.04268829386829244704, -0.07518829386829235795 ) ) ;
#652 = CARTESIAN_POINT ( 'NONE',  ( 0.05282266525110176913, -0.02734375000000001041, 0.05282266525110176220 ) ) ;
#653 = CARTESIAN_POINT ( 'NONE',  ( 0.000000000000000000, 0.06250000000000000000, 0.000000000000000000 ) ) ;
#654 = ORIENTED_EDGE ( 'NONE', *, *, #316, .T. ) ;
#655 = CARTESIAN_POINT ( 'NONE',  ( 0.07470252959880212262, 0.003906249999999979617, -4.574210688069171592E-18 ) ) ;
#656 = CARTESIAN_POINT ( 'NONE',  ( -0.05735164102878938241, 0.06106088169464688603, -0.07415793566023408390 ) ) ;
#657 = SURFACE_STYLE_FILL_AREA ( #1606 ) ;
#658 = ORIENTED_EDGE ( 'NONE', *, *, #1466, .F. ) ;
#659 = CARTESIAN_POINT ( 'NONE',  ( 1.163414459189985282E-17, -0.05078125000000006245, 0.09499999999999997335 ) ) ;
#660 = CARTESIAN_POINT ( 'NONE',  ( 0.1874999999999999445, 0.06250000000000000000, -0.1082531754730549217 ) ) ;
#661 = CARTESIAN_POINT ( 'NONE',  ( 0.07470252959880212262, -0.02539062500000001041, -0.03094280090340140871 ) ) ;
#662 = CARTESIAN_POINT ( 'NONE',  ( 0.000000000000000000, -0.06250000000000000000, 0.000000000000000000 ) ) ;
#663 = AXIS2_PLACEMENT_3D ( 'NONE', #578, #438, #1671 ) ;
#664 = CIRCLE ( 'NONE', #1458, 0.1875000000000000555 ) ;
#665 = VERTEX_POINT ( 'NONE', #366 ) ;
#666 =( LENGTH_UNIT ( ) NAMED_UNIT ( * ) SI_UNIT ( $, .METRE. ) );
#667 = CARTESIAN_POINT ( 'NONE',  ( 0.06717514421272199887, 0.05859375000000000000, -0.06717514421272201275 ) ) ;
#668 = CARTESIAN_POINT ( 'NONE',  ( 0.09375000000000001388, 0.06250000000000000000, -0.1623797632095823062 ) ) ;
#669 = CONICAL_SURFACE ( 'NONE', #831, 0.1875000000000000555, 1.047197551196600074 ) ;
#670 = CARTESIAN_POINT ( 'NONE',  ( 0.09375000000000005551, 0.06250000000000000000, 0.1623797632095821397 ) ) ;
#671 = EDGE_CURVE ( 'NONE', #979, #516, #1023, .T. ) ;
#672 = EDGE_LOOP ( 'NONE', ( #1751, #1541, #1319 ) ) ;
#673 = CARTESIAN_POINT ( 'NONE',  ( -0.09499999999999997335, 0.005859374999999934948, 0.03935028842544407296 ) ) ;
#674 = CARTESIAN_POINT ( 'NONE',  ( 0.1256945062250033607, -0.06250000000000012490, -0.1439365939414469220 ) ) ;
#675 = CARTESIAN_POINT ( 'NONE',  ( 9.148421376138343185E-18, -0.03515625000000001388, 0.07470252959880212262 ) ) ;
#676 = CARTESIAN_POINT ( 'NONE',  ( 0.06198912731563115119, -0.05250379378800170554, 0.05841818220813620177 ) ) ;
#677 = VERTEX_POINT ( 'NONE', #80 ) ;
#678 = CARTESIAN_POINT ( 'NONE',  ( 0.03935028842544403826, -0.001953124999999998265, -0.09499999999999998723 ) ) ;
#679 = DIRECTION ( 'NONE',  ( 0.000000000000000000, 1.000000000000000000, 0.000000000000000000 ) ) ;
#680 = CARTESIAN_POINT ( 'NONE',  ( 0.08071149302035322826, 0.05912271474331155102, -0.04375886450344564776 ) ) ;
#681 = ORIENTED_EDGE ( 'NONE', *, *, #302, .T. ) ;
#682 = EDGE_CURVE ( 'NONE', #1070, #571, #664, .T. ) ;
#683 = CARTESIAN_POINT ( 'NONE',  ( 0.06717514421272199887, 0.01562499999999994449, 0.06717514421272199887 ) ) ;
#684 = LINE ( 'NONE', #660, #470 ) ;
#685 = CARTESIAN_POINT ( 'NONE',  ( 0.05282266525110176220, 0.03906249999999998612, -0.05282266525110176913 ) ) ;
#686 = CYLINDRICAL_SURFACE ( 'NONE', #1126, 0.09499999999999998723 ) ;
#687 = ORIENTED_EDGE ( 'NONE', *, *, #1413, .T. ) ;
#688 = CARTESIAN_POINT ( 'NONE',  ( 1.163414459189985436E-17, 0.01562500000000000347, 0.09499999999999998723 ) ) ;
#689 = CARTESIAN_POINT ( 'NONE',  ( -0.08579372237388412092, -0.06250000000000013878, 0.1669733222387676796 ) ) ;
#690 = CARTESIAN_POINT ( 'NONE',  ( 0.02323892270043434807, 0.06172738247804115952, -0.09150493154532510220 ) ) ;
#691 = ORIENTED_EDGE ( 'NONE', *, *, #1095, .T. ) ;
#692 = CARTESIAN_POINT ( 'NONE',  ( 0.000000000000000000, -0.06640625000000006939, -0.09499999999999997335 ) ) ;
#693 = CARTESIAN_POINT ( 'NONE',  ( -0.03094280090340145728, 0.01367187499999997918, -0.07470252959880210875 ) ) ;
#694 = EDGE_CURVE ( 'NONE', #230, #526, #1517, .T. ) ;
#695 = CARTESIAN_POINT ( 'NONE',  ( 0.02649465526284426262, -0.05409967209395111915, 0.08262461502958726167 ) ) ;
#696 = ORIENTED_EDGE ( 'NONE', *, *, #1466, .T. ) ;
#697 = CARTESIAN_POINT ( 'NONE',  ( -0.09499999999999997335, -0.02148437500000000694, 0.03935028842544407990 ) ) ;
#698 = CARTESIAN_POINT ( 'NONE',  ( 0.000000000000000000, 0.06250000000000000000, 0.000000000000000000 ) ) ;
#699 = AXIS2_PLACEMENT_3D ( 'NONE', #1849, #451, #1086 ) ;
#700 = CARTESIAN_POINT ( 'NONE',  ( 1.072430674815440309E-17, -0.05507061020059886292, 0.08757061020059894729 ) ) ;
#701 = AXIS2_PLACEMENT_3D ( 'NONE', #1873, #1728, #1402 ) ;
#702 = VECTOR ( 'NONE', #125, 39.37007874015748143 ) ;
#703 = CARTESIAN_POINT ( 'NONE',  ( -0.07470252959880210875, 0.02148437499999999653, -0.03094280090340142259 ) ) ;
#704 = CARTESIAN_POINT ( 'NONE',  ( 0.07470252959880212262, 0.03515624999999997918, -4.574210688069171592E-18 ) ) ;
#705 = CARTESIAN_POINT ( 'NONE',  ( 0.03935028842544402439, 0.01367187499999994622, 0.09499999999999995948 ) ) ;
#706 = ADVANCED_FACE ( 'NONE', ( #88 ), #1494, .F. ) ;
#707 = ORIENTED_EDGE ( 'NONE', *, *, #771, .T. ) ;
#708 = CARTESIAN_POINT ( 'NONE',  ( 0.000000000000000000, 0.000000000000000000, 0.000000000000000000 ) ) ;
#709 = CARTESIAN_POINT ( 'NONE',  ( -0.05282266525110176220, -0.07031250000000001388, 0.05282266525110178301 ) ) ;
#710 = DIRECTION ( 'NONE',  ( 0.000000000000000000, 0.000000000000000000, 1.000000000000000000 ) ) ;
#711 = CARTESIAN_POINT ( 'NONE',  ( 0.09020917706264892921, 0.05728307540408083404, 0.007804819411658030746 ) ) ;
#712 = CARTESIAN_POINT ( 'NONE',  ( -0.05282266525110176220, -0.06640625000000001388, 0.05282266525110178301 ) ) ;
#713 = CARTESIAN_POINT ( 'NONE',  ( -0.05282266525110178301, -0.07812500000000000000, -0.05282266525110175526 ) ) ;
#714 = CARTESIAN_POINT ( 'NONE',  ( 0.05428742958831505455, -0.05289138760826557484, 0.06613815106171477831 ) ) ;
#715 = ORIENTED_EDGE ( 'NONE', *, *, #1513, .F. ) ;
#716 = CARTESIAN_POINT ( 'NONE',  ( 0.05282266525110176220, 0.04296874999999997918, -0.05282266525110176913 ) ) ;
#717 = CARTESIAN_POINT ( 'NONE',  ( -0.03935028842544421174, -0.03320312500000004163, -0.09499999999999982070 ) ) ;
#718 = CARTESIAN_POINT ( 'NONE',  ( -0.08165298143571754486, -0.05854220238955453598, 0.04125949259956599585 ) ) ;
#719 = CARTESIAN_POINT ( 'NONE',  ( -0.09375000000000002776, -0.06250000000000000000, -0.1623797632095823062 ) ) ;
#720 = CARTESIAN_POINT ( 'NONE',  ( 0.07470252959880212262, 0.03906249999999998612, -4.574210688069171592E-18 ) ) ;
#721 = CARTESIAN_POINT ( 'NONE',  ( -0.1875000000000000555, -0.04575317547305492866, 0.1082531754730548107 ) ) ;
#722 = CARTESIAN_POINT ( 'NONE',  ( 0.03935028842544402439, -0.03320312500000000000, -0.09499999999999998723 ) ) ;
#723 = EDGE_LOOP ( 'NONE', ( #1265, #1340, #1282, #658, #1268, #1309 ) ) ;
#724 = CARTESIAN_POINT ( 'NONE',  ( -0.03935028842544409378, -0.06054687499999998612, -0.09499999999999997335 ) ) ;
#725 = CARTESIAN_POINT ( 'NONE',  ( 0.03935028842544402439, 0.02929687500000000000, -0.09499999999999998723 ) ) ;
#726 = CARTESIAN_POINT ( 'NONE',  ( -0.03067248984371278089, 0.05597733875432266137, -0.1987975806781260846 ) ) ;
#727 = CARTESIAN_POINT ( 'NONE',  ( 0.06047579810967061015, 0.04220252959879896432, -0.04385368595065036734 ) ) ;
#728 = EDGE_CURVE ( 'NONE', #1766, #1119, #2004, .T. ) ;
#729 = VECTOR ( 'NONE', #775, 39.37007874015748143 ) ;
#730 = CARTESIAN_POINT ( 'NONE',  ( 0.09499999999999998723, 0.05664062500000000000, -0.03935028842544402439 ) ) ;
#731 = CARTESIAN_POINT ( 'NONE',  ( -0.05282266525110178301, 0.01953124999999998265, -0.05282266525110175526 ) ) ;
#732 = LINE ( 'NONE', #1216, #1059 ) ;
#733 = CARTESIAN_POINT ( 'NONE',  ( 1.163414459189985436E-17, 0.04687499999999999306, 0.09499999999999998723 ) ) ;
#734 = ORIENTED_EDGE ( 'NONE', *, *, #204, .T. ) ;
#735 = CARTESIAN_POINT ( 'NONE',  ( -0.03935028842544409378, -0.09179687500000000000, -0.09499999999999997335 ) ) ;
#736 = CARTESIAN_POINT ( 'NONE',  ( 1.163414459189985282E-17, -0.05078125000000006245, 0.09499999999999997335 ) ) ;
#737 = B_SPLINE_CURVE_WITH_KNOTS ( 'NONE', 3,
 ( #490, #1910, #1084, #1439 ),
 .UNSPECIFIED., .F., .F.,
 ( 4, 4 ),
 ( 0.01352336280653382294, 0.01382201329937174719 ),
 .UNSPECIFIED. ) ;
#738 = CARTESIAN_POINT ( 'NONE',  ( 1.163414459189985436E-17, -0.04687499999999999306, 0.09499999999999998723 ) ) ;
#739 = CARTESIAN_POINT ( 'NONE',  ( -0.1567764340177046078, -0.05506208769007361892, -0.1259914345633984245 ) ) ;
#740 = CARTESIAN_POINT ( 'NONE',  ( -0.03935028842544409378, -0.02929687500000000000, -0.09499999999999995948 ) ) ;
#741 = CARTESIAN_POINT ( 'NONE',  ( -0.07470252959880210875, -0.009765625000000017347, -0.03094280090340142259 ) ) ;
#742 = EDGE_CURVE ( 'NONE', #1672, #1253, #1605, .T. ) ;
#743 = CYLINDRICAL_SURFACE ( 'NONE', #1631, 0.09499999999999998723 ) ;
#744 = CARTESIAN_POINT ( 'NONE',  ( 0.09499999999999998723, -0.03906250000000000000, -5.817072295949927179E-18 ) ) ;
#745 = ORIENTED_EDGE ( 'NONE', *, *, #481, .T. ) ;
#746 = CARTESIAN_POINT ( 'NONE',  ( 0.07470252959880212262, 0.03906249999999998612, -4.574210688069171592E-18 ) ) ;
#747 = DIRECTION ( 'NONE',  ( 0.000000000000000000, 0.000000000000000000, 1.000000000000000000 ) ) ;
#748 = FACE_OUTER_BOUND ( 'NONE', #1627, .T. ) ;
#749 = CARTESIAN_POINT ( 'NONE',  ( 0.000000000000000000, 0.07421874999999998612, -0.07470252959880212262 ) ) ;
#750 = CARTESIAN_POINT ( 'NONE',  ( 0.03067248984371274967, 0.05597733875432269607, 0.1987975806781260291 ) ) ;
#751 = CARTESIAN_POINT ( 'NONE',  ( 0.07470252959880212262, 0.03320312499999997918, 0.03094280090340140177 ) ) ;
#752 = CARTESIAN_POINT ( 'NONE',  ( -0.1875000000000000555, -0.06250000000000000000, 2.957312202238503777E-17 ) ) ;
#753 = CARTESIAN_POINT ( 'NONE',  ( -0.05713120109192688229, -0.04245734110731239769, -0.04890006309004563123 ) ) ;
#754 = EDGE_CURVE ( 'NONE', #571, #476, #1077, .T. ) ;
#755 = CARTESIAN_POINT ( 'NONE',  ( 0.1568275101562872365, 0.05597733875432267525, -0.1259619457410385279 ) ) ;
#756 = CARTESIAN_POINT ( 'NONE',  ( -0.05282266525110176220, 0.02734374999999998612, 0.05282266525110178301 ) ) ;
#757 = DIRECTION ( 'NONE',  ( 0.000000000000000000, 0.000000000000000000, 1.000000000000000000 ) ) ;
#758 = CARTESIAN_POINT ( 'NONE',  ( -0.09499999999999998723, -0.05468750000000000694, 1.745121688784978154E-17 ) ) ;
#759 = CARTESIAN_POINT ( 'NONE',  ( -0.08658535660094084097, -0.06130438841279838014, -0.03717116503043416120 ) ) ;
#760 = CARTESIAN_POINT ( 'NONE',  ( 0.1874999999999999722, -0.05501383542315020636, 0.07301363270929164817 ) ) ;
#761 = CARTESIAN_POINT ( 'NONE',  ( 0.07470252959880212262, 0.005859374999999978316, -0.03094280090340140871 ) ) ;
#762 = CIRCLE ( 'NONE', #535, 0.1875000000000000555 ) ;
#763 = ORIENTED_EDGE ( 'NONE', *, *, #1937, .F. ) ;
#764 = AXIS2_PLACEMENT_3D ( 'NONE', #1036, #1150, #824 ) ;
#765 = LINE ( 'NONE', #1549, #568 ) ;
#766 = CONICAL_SURFACE ( 'NONE', #506, 0.09499999999999998723, 0.7853981633974500554 ) ;
#767 = CONICAL_SURFACE ( 'NONE', #1928, 0.1875000000000000555, 1.047197551196600074 ) ;
#768 = CARTESIAN_POINT ( 'NONE',  ( 0.1874999999999999445, 0.06250000000000000000, 0.000000000000000000 ) ) ;
#769 = CARTESIAN_POINT ( 'NONE',  ( -0.07470252959880212262, -0.007812500000000010408, 1.372263206420751324E-17 ) ) ;
#770 = CARTESIAN_POINT ( 'NONE',  ( -0.1875000000000000833, -0.06250000000000000000, -0.1082531754730548385 ) ) ;
#771 = EDGE_CURVE ( 'NONE', #439, #76, #79, .T. ) ;
#772 = EDGE_LOOP ( 'NONE', ( #373, #792, #983 ) ) ;
#773 = CARTESIAN_POINT ( 'NONE',  ( -0.06988975790594986748, -0.04220252959880222560, -0.02682371287932233672 ) ) ;
#774 = CARTESIAN_POINT ( 'NONE',  ( -4.631663149603199156E-13, 0.05325771326652723597, -0.08575771326652720239 ) ) ;
#775 = DIRECTION ( 'NONE',  ( -0.000000000000000000, -1.000000000000000000, -0.000000000000000000 ) ) ;
#776 = ORIENTED_EDGE ( 'NONE', *, *, #1138, .T. ) ;
#777 = CARTESIAN_POINT ( 'NONE',  ( 0.03935028842544403826, 0.04492187499999994449, 0.09499999999999997335 ) ) ;
#778 = CARTESIAN_POINT ( 'NONE',  ( 0.000000000000000000, 0.06250000000000000000, 0.000000000000000000 ) ) ;
#779 = CARTESIAN_POINT ( 'NONE',  ( 0.05282266525110176913, 0.06249999999999997918, 0.05282266525110176220 ) ) ;
#780 = FACE_OUTER_BOUND ( 'NONE', #723, .T. ) ;
#781 = ORIENTED_EDGE ( 'NONE', *, *, #1872, .F. ) ;
#782 = CARTESIAN_POINT ( 'NONE',  ( 0.03094280090340140177, 0.04101562499999998612, -0.07470252959880212262 ) ) ;
#783 = CARTESIAN_POINT ( 'NONE',  ( 0.1874999999999999445, -0.04575317547305494947, -0.1082531754730549217 ) ) ;
#784 = EDGE_CURVE ( 'NONE', #367, #1000, #1202, .T. ) ;
#785 = ORIENTED_EDGE ( 'NONE', *, *, #1584, .T. ) ;
#786 = CARTESIAN_POINT ( 'NONE',  ( 0.05470482495146623131, 0.04220252959880223254, -0.05181206390784544313 ) ) ;
#787 = CARTESIAN_POINT ( 'NONE',  ( -0.03935028842544401051, 0.01367187500000000000, 0.09500000000000001499 ) ) ;
#788 = CARTESIAN_POINT ( 'NONE',  ( 0.000000000000000000, -0.04687500000000001388, -0.07470252959880212262 ) ) ;
#789 = CARTESIAN_POINT ( 'NONE',  ( -0.1875000000000000833, 0.06250000000000000000, -0.1082531754730548385 ) ) ;
#790 = ORIENTED_EDGE ( 'NONE', *, *, #1040, .T. ) ;
#791 = CARTESIAN_POINT ( 'NONE',  ( -0.1875000000000000555, 0.06250000000000000000, 2.957312202238503777E-17 ) ) ;
#792 = ORIENTED_EDGE ( 'NONE', *, *, #1359, .F. ) ;
#793 = EDGE_CURVE ( 'NONE', #827, #1382, #1010, .T. ) ;
#794 = DIRECTION ( 'NONE',  ( 0.000000000000000000, 0.000000000000000000, 1.000000000000000000 ) ) ;
#795 = CARTESIAN_POINT ( 'NONE',  ( 1.163414459189985282E-17, -0.01953125000000005204, 0.09499999999999997335 ) ) ;
#796 = CARTESIAN_POINT ( 'NONE',  ( -0.03094280090340139483, -0.03320312500000002082, 0.07470252959880213650 ) ) ;
#797 = COLOUR_RGB ( '',0.7529411764705882248, 0.7529411764705882248, 0.7529411764705882248 ) ;
#798 = CARTESIAN_POINT ( 'NONE',  ( 0.08579372237388409317, -0.06250000000000013878, -0.1669733222387677074 ) ) ;
#799 = EDGE_LOOP ( 'NONE', ( #620, #855, #113, #1080 ) ) ;
#800 = CARTESIAN_POINT ( 'NONE',  ( -0.06047579810964221619, -0.04220252959880219784, -0.04385368595068953046 ) ) ;
#801 = CARTESIAN_POINT ( 'NONE',  ( -0.05282266525110178301, 0.01562499999999997918, -0.05282266525110175526 ) ) ;
#802 = ORIENTED_EDGE ( 'NONE', *, *, #1122, .F. ) ;
#803 = CARTESIAN_POINT ( 'NONE',  ( 0.03935028842544401745, 0.05664062499999994449, -0.09499999999999997335 ) ) ;
#804 = DIRECTION ( 'NONE',  ( -0.000000000000000000, -1.000000000000000000, -0.000000000000000000 ) ) ;
#805 = CARTESIAN_POINT ( 'NONE',  ( -0.03094280090340145728, -0.04492187500000001388, -0.07470252959880210875 ) ) ;
#806 = LINE ( 'NONE', #480, #1356 ) ;
#807 = ORIENTED_EDGE ( 'NONE', *, *, #1813, .T. ) ;
#808 = LENGTH_MEASURE_WITH_UNIT ( LENGTH_MEASURE( 0.02539999999999999897 ), #627 );
#809 = CARTESIAN_POINT ( 'NONE',  ( 0.000000000000000000, -0.05078125000000002082, -0.07470252959880212262 ) ) ;
#810 = CARTESIAN_POINT ( 'NONE',  ( -1.240311054116486839E-17, 0.04575317547305492866, -0.2165063509461096769 ) ) ;
#811 = ORIENTED_EDGE ( 'NONE', *, *, #1952, .T. ) ;
#812 = CARTESIAN_POINT ( 'NONE',  ( -0.09499999999999997335, -0.02734375000000006245, 1.745121688784977538E-17 ) ) ;
#813 = CARTESIAN_POINT ( 'NONE',  ( 0.000000000000000000, -0.03124999999999998959, -0.09499999999999998723 ) ) ;
#814 = CARTESIAN_POINT ( 'NONE',  ( -0.05282266525110176220, -0.07031250000000001388, 0.05282266525110178301 ) ) ;
#815 = DIRECTION ( 'NONE',  ( -0.8660254037844383745, 0.000000000000000000, 0.5000000000000004441 ) ) ;
#816 = EDGE_CURVE ( 'NONE', #307, #1180, #1787, .T. ) ;
#817 = ORIENTED_EDGE ( 'NONE', *, *, #546, .T. ) ;
#818 =( NAMED_UNIT ( * ) PLANE_ANGLE_UNIT ( ) SI_UNIT ( $, .RADIAN. ) );
#819 = CARTESIAN_POINT ( 'NONE',  ( 0.03094280090340140177, -0.02148437500000001388, -0.07470252959880212262 ) ) ;
#820 = CARTESIAN_POINT ( 'NONE',  ( 0.05282266525110176220, 0.007812499999999985255, -0.05282266525110176913 ) ) ;
#821 = CARTESIAN_POINT ( 'NONE',  ( 0.000000000000000000, 0.06250000000000000000, -0.09499999999999998723 ) ) ;
#822 = ORIENTED_EDGE ( 'NONE', *, *, #784, .T. ) ;
#823 = CARTESIAN_POINT ( 'NONE',  ( 0.06717514421272199887, -0.04687500000000006245, 0.06717514421272199887 ) ) ;
#824 = DIRECTION ( 'NONE',  ( 0.000000000000000000, 0.000000000000000000, 1.000000000000000000 ) ) ;
#825 = CARTESIAN_POINT ( 'NONE',  ( -0.03094280090340145728, -0.04882812500000000694, -0.07470252959880210875 ) ) ;
#826 = CARTESIAN_POINT ( 'NONE',  ( 0.06717514421272199887, 0.01562499999999994449, 0.06717514421272199887 ) ) ;
#827 = VERTEX_POINT ( 'NONE', #899 ) ;
#828 = CARTESIAN_POINT ( 'NONE',  ( 0.06717514421272199887, 0.02734375000000000000, -0.06717514421272201275 ) ) ;
#829 = FACE_OUTER_BOUND ( 'NONE', #1481, .T. ) ;
#830 = ADVANCED_FACE ( 'NONE', ( #127 ), #1962, .T. ) ;
#831 = AXIS2_PLACEMENT_3D ( 'NONE', #1175, #1492, #710 ) ;
#832 = CARTESIAN_POINT ( 'NONE',  ( 0.000000000000000000, -0.06250000000000000000, 0.000000000000000000 ) ) ;
#833 = ORIENTED_EDGE ( 'NONE', *, *, #110, .T. ) ;
#834 = CARTESIAN_POINT ( 'NONE',  ( 0.03094280090340140177, 0.07617187499999998612, -0.07470252959880212262 ) ) ;
#835 = CARTESIAN_POINT ( 'NONE',  ( 0.000000000000000000, 0.06250000000000000000, -0.09499999999999998723 ) ) ;
#836 = CARTESIAN_POINT ( 'NONE',  ( 0.07470252959880212262, 0.003906249999999979617, -4.574210688069171592E-18 ) ) ;
#837 = CARTESIAN_POINT ( 'NONE',  ( 0.1874999999999999445, -0.04575317547305500498, 0.1082531754730547552 ) ) ;
#838 = VERTEX_POINT ( 'NONE', #264 ) ;
#839 = CARTESIAN_POINT ( 'NONE',  ( 0.07470252959880212262, -0.05664062500000003469, -0.03094280090340140871 ) ) ;
#840 = CARTESIAN_POINT ( 'NONE',  ( 0.05282266525110176220, -0.02343750000000002429, -0.05282266525110176913 ) ) ;
#841 = CARTESIAN_POINT ( 'NONE',  ( -0.02229715023223808115, -0.05586365187072872551, 0.08562157803354283891 ) ) ;
#842 = ORIENTED_EDGE ( 'NONE', *, *, #1260, .T. ) ;
#843 = ADVANCED_FACE ( 'NONE', ( #1536 ), #1252, .T. ) ;
#844 = CARTESIAN_POINT ( 'NONE',  ( 0.03935028842544401745, -0.005859375000000054644, -0.09499999999999997335 ) ) ;
#845 = CARTESIAN_POINT ( 'NONE',  ( 0.07470252959880212262, 0.001953124999999981352, 0.03094280090340139830 ) ) ;
#846 = CARTESIAN_POINT ( 'NONE',  ( 1.072430674815440309E-17, -0.05507061020059886292, 0.08757061020059894729 ) ) ;
#847 = EDGE_LOOP ( 'NONE', ( #1680, #1555, #223 ) ) ;
#848 = CARTESIAN_POINT ( 'NONE',  ( 0.03935028842544404520, 0.04882812500000000000, 0.09499999999999998723 ) ) ;
#849 = CARTESIAN_POINT ( 'NONE',  ( 0.000000000000000000, -0.06250000000000000000, 0.000000000000000000 ) ) ;
#850 = CARTESIAN_POINT ( 'NONE',  ( 0.09499999999999997335, 0.05078124999999993755, -5.817072295949926409E-18 ) ) ;
#851 = CARTESIAN_POINT ( 'NONE',  ( -0.07470252959880212262, 0.05468749999999998612, 1.372263206420751324E-17 ) ) ;
#852 = ADVANCED_FACE ( 'NONE', ( #1363 ), #970, .T. ) ;
#853 = CARTESIAN_POINT ( 'NONE',  ( 0.03094280090340141218, -0.06445312500000001388, 0.07470252959880212262 ) ) ;
#854 = CARTESIAN_POINT ( 'NONE',  ( 0.000000000000000000, 0.06250000000000000000, 0.000000000000000000 ) ) ;
#855 = ORIENTED_EDGE ( 'NONE', *, *, #1401, .F. ) ;
#856 = CARTESIAN_POINT ( 'NONE',  ( -0.07470252959880212262, -0.07421875000000001388, 1.372263206420751324E-17 ) ) ;
#857 = DIRECTION ( 'NONE',  ( 0.000000000000000000, 0.000000000000000000, 1.000000000000000000 ) ) ;
#858 = CARTESIAN_POINT ( 'NONE',  ( 0.08130358850779641211, 0.05623048078626129154, 0.03601821381107143949 ) ) ;
#859 = VECTOR ( 'NONE', #188, 39.37007874015748854 ) ;
#860 = AXIS2_PLACEMENT_3D ( 'NONE', #1841, #1376, #1685 ) ;
#861 = CARTESIAN_POINT ( 'NONE',  ( 0.03094280090340140177, -0.04882812500000002082, -0.07470252959880212262 ) ) ;
#862 = CARTESIAN_POINT ( 'NONE',  ( -0.08025239397703631816, 0.04759176296664920092, -0.001271730113363817678 ) ) ;
#863 = CARTESIAN_POINT ( 'NONE',  ( -0.09499999999999995948, 0.03710937499999994449, 0.03935028842544407296 ) ) ;
#864 = ORIENTED_EDGE ( 'NONE', *, *, #1260, .F. ) ;
#865 = CARTESIAN_POINT ( 'NONE',  ( 0.07470252959880212262, -0.06054687500000001388, 0.03094280090340139830 ) ) ;
#866 = FACE_OUTER_BOUND ( 'NONE', #58, .T. ) ;
#867 = CARTESIAN_POINT ( 'NONE',  ( -0.07697824508496704798, -0.05822702015122628583, 0.04886188370838108475 ) ) ;
#868 = CARTESIAN_POINT ( 'NONE',  ( -0.07758429871065969374, -0.04585768012434510849, -0.01254607763189867498 ) ) ;
#869 = CARTESIAN_POINT ( 'NONE',  ( -0.03094280090340139483, -0.001953125000000006939, 0.07470252959880213650 ) ) ;
#870 = CARTESIAN_POINT ( 'NONE',  ( -0.06411953615803923923, 0.04569620985544684683, -0.04506244169566212682 ) ) ;
#871 = CARTESIAN_POINT ( 'NONE',  ( -0.03935028842544427419, 0.06054687499999995837, -0.09499999999999997335 ) ) ;
#872 = EDGE_LOOP ( 'NONE', ( #1959, #513, #326, #1019, #776, #1062, #1736 ) ) ;
#873 = CARTESIAN_POINT ( 'NONE',  ( 1.163414459189985436E-17, -0.04687499999999999306, 0.09499999999999998723 ) ) ;
#874 = CYLINDRICAL_SURFACE ( 'NONE', #1025, 0.09499999999999998723 ) ;
#875 = EDGE_CURVE ( 'NONE', #1585, #138, #1379, .T. ) ;
#876 = CARTESIAN_POINT ( 'NONE',  ( -0.03094280090340145728, 0.01757812499999998612, -0.07470252959880210875 ) ) ;
#877 = CARTESIAN_POINT ( 'NONE',  ( -0.09499999999999995948, 0.001953124999999938634, -0.03935028842544403826 ) ) ;
#878 = DIRECTION ( 'NONE',  ( 0.000000000000000000, 0.000000000000000000, 1.000000000000000000 ) ) ;
#879 = CARTESIAN_POINT ( 'NONE',  ( -0.03094280090340145728, 0.01757812499999998612, -0.07470252959880210875 ) ) ;
#880 = B_SPLINE_CURVE_WITH_KNOTS ( 'NONE', 3,
 ( #1550, #1230, #248, #132 ),
 .UNSPECIFIED., .F., .F.,
 ( 4, 4 ),
 ( 2.380735675733479290E-07, 0.002782414345151442564 ),
 .UNSPECIFIED. ) ;
#881 = CARTESIAN_POINT ( 'NONE',  ( -0.03531050968442680377, 0.05122096879953826759, 0.07609012261883213446 ) ) ;
#882 = DIRECTION ( 'NONE',  ( -0.000000000000000000, -1.000000000000000000, -0.000000000000000000 ) ) ;
#883 = B_SPLINE_CURVE_WITH_KNOTS ( 'NONE', 3,
 ( #1147, #1750, #507, #1593, #1935, #783 ),
 .UNSPECIFIED., .F., .F.,
 ( 4, 2, 4 ),
 ( 0.01713771954439332473, 0.01852917302277290110, 0.01992062650115247746 ),
 .UNSPECIFIED. ) ;
#884 = VERTEX_POINT ( 'NONE', #82 ) ;
#885 = CARTESIAN_POINT ( 'NONE',  ( 0.000000000000000000, -0.06250000000000000000, -0.09499999999999998723 ) ) ;
#886 = CARTESIAN_POINT ( 'NONE',  ( 0.06717514421272199887, 0.02734375000000000000, -0.06717514421272201275 ) ) ;
#887 = CARTESIAN_POINT ( 'NONE',  ( -0.07151081851983721871, -0.04220252959880219784, -0.02215046458324465908 ) ) ;
#888 = EDGE_CURVE ( 'NONE', #2045, #1253, #1360, .T. ) ;
#889 = AXIS2_PLACEMENT_3D ( 'NONE', #2001, #428, #1846 ) ;
#890 = CARTESIAN_POINT ( 'NONE',  ( 0.1874999999999999445, -0.05080761492756204895, 0.09074408359508080724 ) ) ;
#891 = CARTESIAN_POINT ( 'NONE',  ( 0.07470252959880212262, 0.03710937499999998612, 0.03094280090340139830 ) ) ;
#892 =( BOUNDED_CURVE ( )  B_SPLINE_CURVE ( 2, ( #1836, #722, #1039, #1530, #744, #1187, #446, #1854, #1339 ),
 .UNSPECIFIED., .F., .F. ) 
 B_SPLINE_CURVE_WITH_KNOTS ( ( 3, 2, 2, 2, 3 ),
 ( 0.5999999999999999778, 0.6250000000000000000, 0.6500000000000001332, 0.6750000000000001554, 0.7000000000000000666 ),
 .UNSPECIFIED. ) 
 CURVE ( )  GEOMETRIC_REPRESENTATION_ITEM ( )  RATIONAL_B_SPLINE_CURVE ( ( 1.000000000000000000, 0.9238795325112867385, 1.000000000000000000, 0.9238795325112867385, 1.000000000000000000, 0.9238795325112867385, 1.000000000000000000, 0.9238795325112864054, 1.000000000000000444 ) ) 
 REPRESENTATION_ITEM ( '' )  );
#893 = CARTESIAN_POINT ( 'NONE',  ( -0.08013242308011828130, 0.04798884639620539655, 0.009199060110774528662 ) ) ;
#894 = CARTESIAN_POINT ( 'NONE',  ( -0.09499999999999997335, -0.05859375000000005551, 1.745121688784977538E-17 ) ) ;
#895 = ORIENTED_EDGE ( 'NONE', *, *, #793, .T. ) ;
#896 = CARTESIAN_POINT ( 'NONE',  ( 0.03094280090340140177, 0.04492187499999999306, -0.07470252959880212262 ) ) ;
#897 = CARTESIAN_POINT ( 'NONE',  ( -0.1875000000000001110, -0.05509994343403597922, -0.07260430235285134093 ) ) ;
#898 = CARTESIAN_POINT ( 'NONE',  ( -0.03935028842544414235, -0.04882812500000001388, 0.09499999999999986233 ) ) ;
#899 = CARTESIAN_POINT ( 'NONE',  ( 0.06047579810967061015, 0.04220252959879896432, -0.04385368595065036734 ) ) ;
#900 = ADVANCED_FACE ( 'NONE', ( #1038 ), #743, .F. ) ;
#901 = CARTESIAN_POINT ( 'NONE',  ( 0.09375000000000005551, 0.06250000000000000000, 0.1623797632095821397 ) ) ;
#902 = CARTESIAN_POINT ( 'NONE',  ( -0.07470252959880210875, -0.03710937500000001388, 0.03094280090340145728 ) ) ;
#903 = ADVANCED_FACE ( 'NONE', ( #1369 ), #1461, .T. ) ;
#904 = CARTESIAN_POINT ( 'NONE',  ( -0.005239645403803697317, 0.05241007830066802403, 0.08491007830069902118 ) ) ;
#905 = CARTESIAN_POINT ( 'NONE',  ( -0.06717514421272199887, 0.04296875000000000000, 0.06717514421272202663 ) ) ;
#906 = VERTEX_POINT ( 'NONE', #1196 ) ;
#907 = CARTESIAN_POINT ( 'NONE',  ( 0.07470252959880212262, 0.06835937499999998612, 0.03094280090340139830 ) ) ;
#908 = LINE ( 'NONE', #612, #209 ) ;
#909 = CARTESIAN_POINT ( 'NONE',  ( 0.05282266525110176220, 0.07031249999999998612, -0.05282266525110176913 ) ) ;
#910 = CARTESIAN_POINT ( 'NONE',  ( -0.1875000000000000833, 0.04575317547306445576, -0.1082531754730692158 ) ) ;
#911 = CARTESIAN_POINT ( 'NONE',  ( -0.03094280090340145728, 0.01367187499999998092, -0.07470252959880210875 ) ) ;
#912 = ORIENTED_EDGE ( 'NONE', *, *, #1195, .F. ) ;
#913 = CARTESIAN_POINT ( 'NONE',  ( 0.09499999999999997335, 0.04882812499999995143, 0.03935028842544401051 ) ) ;
#914 = EDGE_CURVE ( 'NONE', #195, #476, #732, .T. ) ;
#915 = CARTESIAN_POINT ( 'NONE',  ( 1.163414459189985436E-17, -0.04687499999999999306, 0.09499999999999998723 ) ) ;
#916 = CARTESIAN_POINT ( 'NONE',  ( 0.000000000000000000, -0.06250000000000000000, 0.000000000000000000 ) ) ;
#917 = CARTESIAN_POINT ( 'NONE',  ( -0.09499999999999998723, -0.08593750000000000000, 1.745121688784978154E-17 ) ) ;
#918 = DIRECTION ( 'NONE',  ( 0.000000000000000000, -0.7071067811865462405, 0.7071067811865486830 ) ) ;
#919 = ORIENTED_EDGE ( 'NONE', *, *, #405, .F. ) ;
#920 = CARTESIAN_POINT ( 'NONE',  ( -1.240311054116486839E-17, 0.04575317547305492866, -0.2165063509461096769 ) ) ;
#921 = CARTESIAN_POINT ( 'NONE',  ( 0.000000000000000000, -0.003906250000000047705, -0.09499999999999997335 ) ) ;
#922 = CARTESIAN_POINT ( 'NONE',  ( 0.000000000000000000, 0.06250000000000000000, -0.09499999999999998723 ) ) ;
#923 = DIRECTION ( 'NONE',  ( 0.000000000000000000, -1.000000000000000000, 0.000000000000000000 ) ) ;
#924 = ORIENTED_EDGE ( 'NONE', *, *, #331, .T. ) ;
#925 = CARTESIAN_POINT ( 'NONE',  ( 0.000000000000000000, 0.08984374999999994449, -0.09499999999999997335 ) ) ;
#926 = AXIS2_PLACEMENT_3D ( 'NONE', #178, #1765, #930 ) ;
#927 = AXIS2_PLACEMENT_3D ( 'NONE', #1776, #1817, #389 ) ;
#928 = CARTESIAN_POINT ( 'NONE',  ( -0.05414006797443471353, 0.05943781738910948464, 0.1852485681271251183 ) ) ;
#929 = CARTESIAN_POINT ( 'NONE',  ( 0.05282266525110176220, 0.07031249999999998612, -0.05282266525110176913 ) ) ;
#930 = DIRECTION ( 'NONE',  ( 0.000000000000000000, 0.000000000000000000, 1.000000000000000000 ) ) ;
#931 = ORIENTED_EDGE ( 'NONE', *, *, #418, .F. ) ;
#932 =( NAMED_UNIT ( * ) PLANE_ANGLE_UNIT ( ) SI_UNIT ( $, .RADIAN. ) );
#933 = CARTESIAN_POINT ( 'NONE',  ( -0.05282266525110176220, 0.02343749999999997918, 0.05282266525110178301 ) ) ;
#934 = DIRECTION ( 'NONE',  ( -0.000000000000000000, -1.000000000000000000, -0.000000000000000000 ) ) ;
#935 = B_SPLINE_CURVE_WITH_KNOTS ( 'NONE', 3,
 ( #1731, #1071, #631, #144, #1115, #12, #786, #1416 ),
 .UNSPECIFIED., .F., .F.,
 ( 4, 2, 2, 4 ),
 ( 0.000000000000000000, 0.0003740305154447742873, 0.0007480610308895485746, 0.001496122061779097149 ),
 .UNSPECIFIED. ) ;
#936 = CARTESIAN_POINT ( 'NONE',  ( -0.07470252959880210875, -0.04101562500000000694, -0.03094280090340142259 ) ) ;
#937 = CARTESIAN_POINT ( 'NONE',  ( 0.09375000000000001388, -0.06250000000000000000, -0.1623797632095823062 ) ) ;
#938 = ORIENTED_EDGE ( 'NONE', *, *, #742, .F. ) ;
#939 = CARTESIAN_POINT ( 'NONE',  ( -0.03094280090340139136, -0.03320312500000001388, 0.07470252959880213650 ) ) ;
#940 = CARTESIAN_POINT ( 'NONE',  ( 0.07470252959880212262, 0.03320312499999997918, 0.03094280090340139830 ) ) ;
#941 = ADVANCED_FACE ( 'NONE', ( #1229 ), #1493, .T. ) ;
#942 = CARTESIAN_POINT ( 'NONE',  ( 0.000000000000000000, 0.05859374999999994449, -0.09499999999999997335 ) ) ;
#943 = EDGE_LOOP ( 'NONE', ( #817, #214, #1398 ) ) ;
#944 = CARTESIAN_POINT ( 'NONE',  ( -0.09499999999999997335, 0.03710937499999995143, 0.03935028842544407296 ) ) ;
#945 = CARTESIAN_POINT ( 'NONE',  ( 0.1874999999999999722, 0.05509994343399071681, -0.07260430235306812585 ) ) ;
#946 = CARTESIAN_POINT ( 'NONE',  ( 0.07470252959880212262, 0.005859374999999986122, 0.03094280090340139830 ) ) ;
#947 = CARTESIAN_POINT ( 'NONE',  ( -0.1875000000000000833, 0.04575317547306445576, -0.1082531754730692158 ) ) ;
#948 = ORIENTED_EDGE ( 'NONE', *, *, #175, .F. ) ;
#949 = CARTESIAN_POINT ( 'NONE',  ( 9.148421376138343185E-18, 0.05859374999999998612, 0.07470252959880212262 ) ) ;
#950 = CARTESIAN_POINT ( 'NONE',  ( 0.000000000000000000, 0.06250000000000000000, 0.000000000000000000 ) ) ;
#951 = VERTEX_POINT ( 'NONE', #1186 ) ;
#952 = CARTESIAN_POINT ( 'NONE',  ( -0.09499999999999997335, 0.03320312499999994449, -0.03935028842544404520 ) ) ;
#953 = CARTESIAN_POINT ( 'NONE',  ( -0.09499999999999998723, 0.007812500000000001735, 1.745121688784978154E-17 ) ) ;
#954 = CARTESIAN_POINT ( 'NONE',  ( -0.07470252959880212262, -0.03906250000000002082, 1.372263206420751324E-17 ) ) ;
#955 = AXIS2_PLACEMENT_3D ( 'NONE', #145, #644, #1867 ) ;
#956 = PLANE ( 'NONE',  #1026 ) ;
#957 =( BOUNDED_CURVE ( )  B_SPLINE_CURVE ( 2, ( #463, #1201, #1994, #592, #1222, #1524, #254, #1694, #1860, #106, #442, #1544, #1065, #876, #1703, #284, #1840, #422, #1684, #126, #2005, #1100, #160, #1746, #473, #1283, #180, #1591, #1451, #1441, #1737, #318, #483, #6, #1903, #968, #327, #1920, #1579, #939, #1570, #1757, #638, #1295, #800 ),
 .UNSPECIFIED., .F., .F. ) 
 B_SPLINE_CURVE_WITH_KNOTS ( ( 3, 2, 2, 2, 2, 2, 2, 2, 2, 2, 2, 2, 2, 2, 2, 2, 2, 2, 2, 2, 2, 2, 3 ),
 ( 0.2300913630451246195, 0.2500000000000000000, 0.2750000000000000222, 0.2999999999999999889, 0.3250000000000000111, 0.3499999999999999778, 0.3750000000000000000, 0.4000000000000000222, 0.4249999999999999889, 0.4500000000000000111, 0.4749999999999999778, 0.5000000000000000000, 0.5250000000000000222, 0.5500000000000000444, 0.5749999999999999556, 0.5999999999999999778, 0.6250000000000000000, 0.6500000000000000222, 0.6750000000000000444, 0.6999999999999999556, 0.7249999999999999778, 0.7500000000000000000, 0.7699086369548959752 ),
 .UNSPECIFIED. ) 
 CURVE ( )  GEOMETRIC_REPRESENTATION_ITEM ( )  RATIONAL_B_SPLINE_CURVE ( ( 0.9753096629720370281, 0.9393818099172726033, 1.000000000000000000, 0.9238795325112867385, 1.000000000000000000, 0.9238795325112867385, 1.000000000000000000, 0.9238795325112867385, 1.000000000000000000, 0.9238795325112867385, 1.000000000000000000, 0.9238795325112867385, 1.000000000000000000, 0.9238795325112867385, 1.000000000000000000, 0.9238795325112867385, 1.000000000000000000, 0.9238795325112867385, 1.000000000000000000, 0.9238795325112867385, 1.000000000000000000, 0.9238795325112867385, 1.000000000000000000, 0.9238795325112867385, 1.000000000000000000, 0.9238795325112867385, 1.000000000000000000, 0.9238795325112867385, 1.000000000000000000, 0.9238795325112867385, 1.000000000000000000, 0.9238795325112867385, 1.000000000000000000, 0.9238795325112867385, 1.000000000000000000, 0.9238795325112867385, 1.000000000000000000, 0.9238795325112867385, 1.000000000000000000, 0.9238795325112867385, 1.000000000000000000, 0.9238795325112867385, 1.000000000000000000, 0.9393818099172098757, 0.9753096629721111910 ) ) 
 REPRESENTATION_ITEM ( '' )  );
#958 = AXIS2_PLACEMENT_3D ( 'NONE', #698, #1635, #1474 ) ;
#959 = CARTESIAN_POINT ( 'NONE',  ( -0.02972960467371749821, 0.05721228186119006742, -0.08484787219251307966 ) ) ;
#960 = DIRECTION ( 'NONE',  ( -0.000000000000000000, -1.000000000000000000, 0.000000000000000000 ) ) ;
#961 = ORIENTED_EDGE ( 'NONE', *, *, #1835, .F. ) ;
#962 = CARTESIAN_POINT ( 'NONE',  ( -0.09499999999999997335, 0.003906249999999945356, 1.745121688784977538E-17 ) ) ;
#963 = EDGE_CURVE ( 'NONE', #154, #230, #1678, .T. ) ;
#964 = CARTESIAN_POINT ( 'NONE',  ( -0.07522918422938873473, -0.04861806262952417246, -0.03095111963028351898 ) ) ;
#965 = CARTESIAN_POINT ( 'NONE',  ( 9.148421376138343185E-18, -0.003906250000000022551, 0.07470252959880212262 ) ) ;
#966 = DIRECTION ( 'NONE',  ( 0.000000000000000000, 0.000000000000000000, -1.000000000000000000 ) ) ;
#967 = EDGE_LOOP ( 'NONE', ( #486, #1110, #790 ) ) ;
#968 = CARTESIAN_POINT ( 'NONE',  ( 0.07470252959880212262, -0.02539062500000000347, 0.03094280090340140177 ) ) ;
#969 = CARTESIAN_POINT ( 'NONE',  ( 0.000000000000000000, -0.01953125000000001041, -0.07470252959880212262 ) ) ;
#970 =( BOUNDED_SURFACE ( )  B_SPLINE_SURFACE ( 1, 2, ( 
 ( #282, #1209, #448, #1189, #1521, #907, #1033, #410, #1847, #1051, #1350, #1074, #261, #1691, #1992, #273, #1219, #896, #716, #114, #746, #1341, #440, #1063, #124, #1713, #756, #1383, #2022, #1673, #251, #349, #1742, #624, #1263, #324, #1723, #946, #1577, #14, #459, #1553, #134, #177, #769, #1588, #167, #1395, #489, #1754, #336, #314, #157, #645, #652, #1106, #1733, #796, #1280, #1240, #954, #936, #1600, #805, #788, #1917, #1438, #1418, #146, #23, #1878, #1117, #498, #611, #1128, #1271, #1431, #1764, #2, #2035, #1083 ),
 ( #304, #1250, #929, #1890, #635, #1565, #779, #1407, #469, #2043, #1900, #1097, #479, #1909, #1806, #1930, #32, #986, #685, #977, #704, #1151, #370, #199, #1785, #221, #1161, #1611, #1313, #530, #1816, #693, #1775, #1630, #1331, #212, #836, #845, #1460, #1951, #965, #1796, #45, #380, #998, #1141, #1640, #1486, #73, #1470, #388, #661, #511, #1171, #1479, #57, #675, #1972, #65, #1322, #361, #1291, #1963, #825, #1302, #541, #1008, #189, #1650, #1940, #228, #853, #549, #1178, #814, #1620, #1448, #520, #713, #416, #586 ) ),
 .UNSPECIFIED., .F., .F., .F. ) 
 B_SPLINE_SURFACE_WITH_KNOTS ( ( 2, 2 ),
 ( 3, 2, 2, 2, 2, 2, 2, 2, 2, 2, 2, 2, 2, 2, 2, 2, 2, 2, 2, 2, 2, 2, 2, 2, 2, 2, 2, 2, 2, 2, 2, 2, 2, 2, 2, 2, 2, 2, 2, 2, 3 ),
 ( 0.000000000000000000, 1.000000000000000000 ),
 ( 0.000000000000000000, 0.02500000000000000139, 0.05000000000000000278, 0.07499999999999999722, 0.1000000000000000056, 0.1250000000000000000, 0.1499999999999999944, 0.1749999999999999889, 0.2000000000000000111, 0.2250000000000000056, 0.2500000000000000000, 0.2750000000000000222, 0.2999999999999999889, 0.3250000000000000111, 0.3499999999999999778, 0.3750000000000000000, 0.4000000000000000222, 0.4249999999999999889, 0.4500000000000000111, 0.4749999999999999778, 0.5000000000000000000, 0.5250000000000000222, 0.5500000000000000444, 0.5749999999999999556, 0.5999999999999999778, 0.6250000000000000000, 0.6500000000000000222, 0.6750000000000000444, 0.6999999999999999556, 0.7249999999999999778, 0.7500000000000000000, 0.7750000000000000222, 0.8000000000000000444, 0.8249999999999999556, 0.8499999999999999778, 0.8750000000000000000, 0.9000000000000000222, 0.9250000000000000444, 0.9499999999999999556, 0.9749999999999999778, 1.000000000000000000 ),
 .UNSPECIFIED. ) 
 GEOMETRIC_REPRESENTATION_ITEM ( )  RATIONAL_B_SPLINE_SURFACE ( (
 ( 1.000000000000000000, 0.9238795325112867385, 1.000000000000000000, 0.9238795325112867385, 1.000000000000000000, 0.9238795325112867385, 1.000000000000000000, 0.9238795325112867385, 1.000000000000000000, 0.9238795325112867385, 1.000000000000000000, 0.9238795325112867385, 1.000000000000000000, 0.9238795325112867385, 1.000000000000000000, 0.9238795325112867385, 1.000000000000000000, 0.9238795325112867385, 1.000000000000000000, 0.9238795325112867385, 1.000000000000000000, 0.9238795325112867385, 1.000000000000000000, 0.9238795325112867385, 1.000000000000000000, 0.9238795325112867385, 1.000000000000000000, 0.9238795325112867385, 1.000000000000000000, 0.9238795325112867385, 1.000000000000000000, 0.9238795325112867385, 1.000000000000000000, 0.9238795325112867385, 1.000000000000000000, 0.9238795325112867385, 1.000000000000000000, 0.9238795325112867385, 1.000000000000000000, 0.9238795325112867385, 1.000000000000000000, 0.9238795325112867385, 1.000000000000000000, 0.9238795325112867385, 1.000000000000000000, 0.9238795325112867385, 1.000000000000000000, 0.9238795325112867385, 1.000000000000000000, 0.9238795325112867385, 1.000000000000000000, 0.9238795325112867385, 1.000000000000000000, 0.9238795325112867385, 1.000000000000000000, 0.9238795325112867385, 1.000000000000000000, 0.9238795325112867385, 1.000000000000000000, 0.9238795325112867385, 1.000000000000000000, 0.9238795325112867385, 1.000000000000000000, 0.9238795325112867385, 1.000000000000000000, 0.9238795325112867385, 1.000000000000000000, 0.9238795325112867385, 1.000000000000000000, 0.9238795325112867385, 1.000000000000000000, 0.9238795325112867385, 1.000000000000000000, 0.9238795325112867385, 1.000000000000000000, 0.9238795325112867385, 1.000000000000000000, 0.9238795325112867385, 1.000000000000000000, 0.9238795325112867385, 1.000000000000000000),
 ( 1.000000000000000000, 0.9238795325112867385, 1.000000000000000000, 0.9238795325112867385, 1.000000000000000000, 0.9238795325112867385, 1.000000000000000000, 0.9238795325112867385, 1.000000000000000000, 0.9238795325112867385, 1.000000000000000000, 0.9238795325112867385, 1.000000000000000000, 0.9238795325112867385, 1.000000000000000000, 0.9238795325112867385, 1.000000000000000000, 0.9238795325112867385, 1.000000000000000000, 0.9238795325112867385, 1.000000000000000000, 0.9238795325112867385, 1.000000000000000000, 0.9238795325112867385, 1.000000000000000000, 0.9238795325112867385, 1.000000000000000000, 0.9238795325112867385, 1.000000000000000000, 0.9238795325112867385, 1.000000000000000000, 0.9238795325112867385, 1.000000000000000000, 0.9238795325112867385, 1.000000000000000000, 0.9238795325112867385, 1.000000000000000000, 0.9238795325112867385, 1.000000000000000000, 0.9238795325112867385, 1.000000000000000000, 0.9238795325112867385, 1.000000000000000000, 0.9238795325112867385, 1.000000000000000000, 0.9238795325112867385, 1.000000000000000000, 0.9238795325112867385, 1.000000000000000000, 0.9238795325112867385, 1.000000000000000000, 0.9238795325112867385, 1.000000000000000000, 0.9238795325112867385, 1.000000000000000000, 0.9238795325112867385, 1.000000000000000000, 0.9238795325112867385, 1.000000000000000000, 0.9238795325112867385, 1.000000000000000000, 0.9238795325112867385, 1.000000000000000000, 0.9238795325112867385, 1.000000000000000000, 0.9238795325112867385, 1.000000000000000000, 0.9238795325112867385, 1.000000000000000000, 0.9238795325112867385, 1.000000000000000000, 0.9238795325112867385, 1.000000000000000000, 0.9238795325112867385, 1.000000000000000000, 0.9238795325112867385, 1.000000000000000000, 0.9238795325112867385, 1.000000000000000000, 0.9238795325112867385, 1.000000000000000000) ) ) 
 REPRESENTATION_ITEM ( '' )  SURFACE ( )  );
#971 = CARTESIAN_POINT ( 'NONE',  ( -0.07470252959880210875, 0.02148437499999998612, 0.03094280090340145728 ) ) ;
#972 = DIRECTION ( 'NONE',  ( -0.000000000000000000, -1.000000000000000000, -0.000000000000000000 ) ) ;
#973 = ORIENTED_EDGE ( 'NONE', *, *, #1055, .T. ) ;
#974 = CARTESIAN_POINT ( 'NONE',  ( 0.07470252959880212262, 0.06835937499999998612, 0.03094280090340139830 ) ) ;
#975 = EDGE_CURVE ( 'NONE', #1771, #1585, #8, .T. ) ;
#976 = CARTESIAN_POINT ( 'NONE',  ( -0.09375000000000002776, -0.06250000000000000000, -0.1623797632095823062 ) ) ;
#977 = CARTESIAN_POINT ( 'NONE',  ( 0.07470252959880212262, 0.03710937499999997918, -0.03094280090340140871 ) ) ;
#978 = CARTESIAN_POINT ( 'NONE',  ( 0.09499999999999997335, 0.01953124999999994102, -5.817072295949926409E-18 ) ) ;
#979 = VERTEX_POINT ( 'NONE', #396 ) ;
#980 = CARTESIAN_POINT ( 'NONE',  ( -0.03935028842544401051, 0.01367187500000000000, 0.09500000000000000111 ) ) ;
#981 = CARTESIAN_POINT ( 'NONE',  ( -0.06245224005162261505, 0.06179805519268503217, -0.07090534850727926719 ) ) ;
#982 = CARTESIAN_POINT ( 'NONE',  ( 0.05924081884252887370, 0.06031047129149878089, -0.07168653620539479354 ) ) ;
#983 = ORIENTED_EDGE ( 'NONE', *, *, #816, .F. ) ;
#984 = CARTESIAN_POINT ( 'NONE',  ( -0.09499999999999997335, -0.02539062500000005204, 0.03935028842544407296 ) ) ;
#985 = CARTESIAN_POINT ( 'NONE',  ( 0.03935028842544389949, -0.03710937500000005551, -0.09500000000000011213 ) ) ;
#986 = CARTESIAN_POINT ( 'NONE',  ( 0.03094280090340140177, 0.04101562499999998612, -0.07470252959880212262 ) ) ;
#987 = CARTESIAN_POINT ( 'NONE',  ( 0.04122826373302214409, -0.05348895868056151304, 0.07565267769402252152 ) ) ;
#988 = PRESENTATION_LAYER_ASSIGNMENT (  '', '', ( #1385 ) ) ;
#989 = CIRCLE ( 'NONE', #235, 0.09499999999999998723 ) ;
#990 = ORIENTED_EDGE ( 'NONE', *, *, #1095, .F. ) ;
#991 = CARTESIAN_POINT ( 'NONE',  ( -0.09499999999999998723, 0.007812500000000001735, 1.745121688784978154E-17 ) ) ;
#992 = CARTESIAN_POINT ( 'NONE',  ( -0.06717514421272201275, -0.03125000000000006245, -0.06717514421272198499 ) ) ;
#993 = VECTOR ( 'NONE', #934, 39.37007874015748143 ) ;
#994 = EDGE_CURVE ( 'NONE', #1520, #148, #1761, .T. ) ;
#995 = DIRECTION ( 'NONE',  ( -1.577233174527201604E-16, 0.000000000000000000, -1.000000000000000000 ) ) ;
#996 = ORIENTED_EDGE ( 'NONE', *, *, #1966, .F. ) ;
#997 = CARTESIAN_POINT ( 'NONE',  ( 0.06717514421272199887, 0.02343749999999994796, -0.06717514421272199887 ) ) ;
#998 = CARTESIAN_POINT ( 'NONE',  ( -0.07470252959880212262, -0.01171875000000001561, 1.372263206420751324E-17 ) ) ;
#999 = CARTESIAN_POINT ( 'NONE',  ( -0.03935028842544372601, 0.04101562499999995837, 0.09500000000000025091 ) ) ;
#1000 = VERTEX_POINT ( 'NONE', #1104 ) ;
#1001 = DIRECTION ( 'NONE',  ( 0.000000000000000000, 0.000000000000000000, 1.000000000000000000 ) ) ;
#1002 = CARTESIAN_POINT ( 'NONE',  ( -0.03935028842544401051, -0.01757812499999998959, 0.09500000000000000111 ) ) ;
#1003 = CARTESIAN_POINT ( 'NONE',  ( 0.07470252959880212262, -0.02539062500000001388, -0.03094280090340140871 ) ) ;
#1004 = CARTESIAN_POINT ( 'NONE',  ( 0.08796148098853566466, 0.05687082886943419652, 0.01969443968254563915 ) ) ;
#1005 = EDGE_CURVE ( 'NONE', #1123, #1623, #1862, .T. ) ;
#1006 = B_SPLINE_CURVE_WITH_KNOTS ( 'NONE', 3,
 ( #139, #1535, #1243, #295, #1375, #887, #773, #573, #1076, #1715 ),
 .UNSPECIFIED., .F., .F.,
 ( 4, 2, 2, 2, 4 ),
 ( 0.000000000000000000, 0.0003752455314165392079, 0.0007504910628330784157, 0.001125736594249617624, 0.001500982125666156831 ),
 .UNSPECIFIED. ) ;
#1007 = CARTESIAN_POINT ( 'NONE',  ( -0.03935028842544407990, -0.06445312500000004163, -0.09499999999999997335 ) ) ;
#1008 = CARTESIAN_POINT ( 'NONE',  ( 0.05282266525110176220, -0.05468750000000001388, -0.05282266525110176913 ) ) ;
#1009 = CARTESIAN_POINT ( 'NONE',  ( 0.03935028842544389949, 0.02539062499999995490, -0.09500000000000011213 ) ) ;
#1010 = B_SPLINE_CURVE_WITH_KNOTS ( 'NONE', 3,
 ( #727, #616, #1675, #140, #255, #1066, #1704, #1512, #1387, #774 ),
 .UNSPECIFIED., .F., .F.,
 ( 4, 2, 2, 2, 4 ),
 ( 0.000000000000000000, 0.0004890729318245626159, 0.0009781458636491252318, 0.001467218795473687522, 0.001956291727298250030 ),
 .UNSPECIFIED. ) ;
#1011 = EDGE_LOOP ( 'NONE', ( #1277, #1467, #833 ) ) ;
#1012 = CARTESIAN_POINT ( 'NONE',  ( 0.07470252959880212262, -0.05859375000000001388, -4.574210688069171592E-18 ) ) ;
#1013 = CARTESIAN_POINT ( 'NONE',  ( -3.792068328495997154E-17, -0.04575317547305493560, 0.2165063509461096769 ) ) ;
#1014 = CARTESIAN_POINT ( 'NONE',  ( -0.01782938288120217152, -0.05569913239320205267, 0.08649410276229156647 ) ) ;
#1015 = EDGE_CURVE ( 'NONE', #1932, #195, #765, .T. ) ;
#1016 = CARTESIAN_POINT ( 'NONE',  ( 0.07470252959880212262, 0.04101562499999999306, -0.03094280090340140871 ) ) ;
#1017 = CARTESIAN_POINT ( 'NONE',  ( -0.04858683903241654833, 0.05061662813334702471, 0.06764139298668528366 ) ) ;
#1018 = CARTESIAN_POINT ( 'NONE',  ( 0.005395241348861122554, -0.05488643545389891576, 0.08738643545389911116 ) ) ;
#1019 = ORIENTED_EDGE ( 'NONE', *, *, #518, .T. ) ;
#1020 = CARTESIAN_POINT ( 'NONE',  ( -0.09499999999999997335, -0.02539062500000000347, -0.03935028842544405214 ) ) ;
#1021 = CONICAL_SURFACE ( 'NONE', #699, 0.1875000000000000555, 1.047197551196600074 ) ;
#1022 = CARTESIAN_POINT ( 'NONE',  ( 0.000000000000000000, -0.06250000000000000000, 0.000000000000000000 ) ) ;
#1023 = CIRCLE ( 'NONE', #135, 0.1875000000000000555 ) ;
#1024 = CARTESIAN_POINT ( 'NONE',  ( -0.04350509972527532437, -0.05668019121271797300, 0.07836675440175659701 ) ) ;
#1025 = AXIS2_PLACEMENT_3D ( 'NONE', #1534, #2023, #1554 ) ;
#1026 = AXIS2_PLACEMENT_3D ( 'NONE', #1251, #1281, #815 ) ;
#1027 = CARTESIAN_POINT ( 'NONE',  ( 0.000000000000000000, -0.06250000000000000000, -0.09499999999999998723 ) ) ;
#1028 = CARTESIAN_POINT ( 'NONE',  ( 0.03094280090340141218, -0.06054687500000000694, 0.07470252959880212262 ) ) ;
#1029 = CARTESIAN_POINT ( 'NONE',  ( -0.06976730772456744833, 0.04944064599591797143, 0.04422404217572378088 ) ) ;
#1030 = EDGE_CURVE ( 'NONE', #52, #827, #935, .T. ) ;
#1031 = PLANE ( 'NONE',  #663 ) ;
#1032 = ORIENTED_EDGE ( 'NONE', *, *, #1005, .T. ) ;
#1033 = CARTESIAN_POINT ( 'NONE',  ( 0.05282266525110176913, 0.06640624999999998612, 0.05282266525110176220 ) ) ;
#1034 = PLANE ( 'NONE',  #1328 ) ;
#1035 = CARTESIAN_POINT ( 'NONE',  ( -0.08948593773532718954, -0.06098880770036632648, -0.02849860648020944784 ) ) ;
#1036 = CARTESIAN_POINT ( 'NONE',  ( 0.000000000000000000, 0.06250000000000000000, 0.000000000000000000 ) ) ;
#1037 = CARTESIAN_POINT ( 'NONE',  ( 0.07470252959880212262, -0.05273437500000001388, -0.03094280090340140871 ) ) ;
#1038 = FACE_OUTER_BOUND ( 'NONE', #1827, .T. ) ;
#1039 = CARTESIAN_POINT ( 'NONE',  ( 0.06717514421272199887, -0.03515625000000000694, -0.06717514421272201275 ) ) ;
#1040 = EDGE_CURVE ( 'NONE', #1590, #1607, #342, .T. ) ;
#1041 = ORIENTED_EDGE ( 'NONE', *, *, #187, .F. ) ;
#1042 = CARTESIAN_POINT ( 'NONE',  ( 0.06717514421272201275, 0.01953125000000000000, 0.06717514421272199887 ) ) ;
#1043 = B_SPLINE_CURVE_WITH_KNOTS ( 'NONE', 3,
 ( #360, #1676, #256, #976 ),
 .UNSPECIFIED., .F., .F.,
 ( 4, 4 ),
 ( 2.380735675741524780E-07, 0.002782414345151443431 ),
 .UNSPECIFIED. ) ;
#1044 = CARTESIAN_POINT ( 'NONE',  ( -0.06717514421272199887, -0.05078124999999999306, 0.06717514421272202663 ) ) ;
#1045 = CARTESIAN_POINT ( 'NONE',  ( 0.1874999999999999722, 0.06087971777994258954, 0.03688815761413545558 ) ) ;
#1046 = CARTESIAN_POINT ( 'NONE',  ( 0.1567764340177093541, -0.05506208769007257114, 0.1259914345633954547 ) ) ;
#1047 = CARTESIAN_POINT ( 'NONE',  ( 0.05282266525110176913, 0.03515624999999998612, 0.05282266525110176220 ) ) ;
#1048 = CARTESIAN_POINT ( 'NONE',  ( 0.000000000000000000, -0.06250000000000000000, 0.000000000000000000 ) ) ;
#1049 = CARTESIAN_POINT ( 'NONE',  ( -0.06717514421272202663, 0.06250000000000000000, -0.06717514421272199887 ) ) ;
#1050 = CARTESIAN_POINT ( 'NONE',  ( -0.06717514421272202663, 0.06250000000000000000, -0.06717514421272199887 ) ) ;
#1051 = CARTESIAN_POINT ( 'NONE',  ( -0.03094280090340139483, 0.06054687499999997918, 0.07470252959880213650 ) ) ;
#1052 = DIRECTION ( 'NONE',  ( 0.000000000000000000, 0.000000000000000000, 1.000000000000000000 ) ) ;
#1053 = CARTESIAN_POINT ( 'NONE',  ( 0.000000000000000000, 0.06250000000000000000, 0.000000000000000000 ) ) ;
#1054 = CARTESIAN_POINT ( 'NONE',  ( -0.09375000000000002776, -0.06250000000000000000, -0.1623797632095823062 ) ) ;
#1055 = EDGE_CURVE ( 'NONE', #1607, #526, #477, .T. ) ;
#1056 = CONICAL_SURFACE ( 'NONE', #1859, 0.09499999999999998723, 0.7853981633974500554 ) ;
#1057 = CARTESIAN_POINT ( 'NONE',  ( -3.792068328495997154E-17, 0.04575317547305493560, 0.2165063509461096769 ) ) ;
#1058 = CARTESIAN_POINT ( 'NONE',  ( 0.05282266525110176220, -0.01953125000000001735, -0.05282266525110176913 ) ) ;
#1059 = VECTOR ( 'NONE', #576, 39.37007874015748143 ) ;
#1060 = CARTESIAN_POINT ( 'NONE',  ( -0.02571555594774522710, 0.05162406339090246099, 0.08026771742914212693 ) ) ;
#1061 = CARTESIAN_POINT ( 'NONE',  ( 0.000000000000000000, 0.05859374999999994449, -0.09499999999999997335 ) ) ;
#1062 = ORIENTED_EDGE ( 'NONE', *, *, #671, .T. ) ;
#1063 = CARTESIAN_POINT ( 'NONE',  ( 0.03094280090340141218, 0.03320312499999999306, 0.07470252959880212262 ) ) ;
#1064 = CARTESIAN_POINT ( 'NONE',  ( 0.06717514421272201275, -0.01171874999999999827, 0.06717514421272199887 ) ) ;
#1065 = CARTESIAN_POINT ( 'NONE',  ( -0.05282266525110178301, 0.01953124999999998265, -0.05282266525110175526 ) ) ;
#1066 = CARTESIAN_POINT ( 'NONE',  ( 0.03013965791272135014, 0.04881932257005124065, -0.07578793874696856947 ) ) ;
#1067 = ADVANCED_FACE ( 'NONE', ( #1575 ), #1531, .T. ) ;
#1068 = CARTESIAN_POINT ( 'NONE',  ( 0.1874999999999999445, 0.04575317547305494947, -0.1082531754730549217 ) ) ;
#1069 = FACE_OUTER_BOUND ( 'NONE', #1011, .T. ) ;
#1070 = VERTEX_POINT ( 'NONE', #1560 ) ;
#1071 = CARTESIAN_POINT ( 'NONE',  ( 0.01660766686270905013, 0.04220252959880219090, -0.07299872127347514783 ) ) ;
#1072 = CARTESIAN_POINT ( 'NONE',  ( -0.006000885316758241238, -0.04493378003775277962, -0.07743378003775264196 ) ) ;
#1073 = CARTESIAN_POINT ( 'NONE',  ( 0.03935028842544410072, -0.01757812500000005551, 0.09499999999999990397 ) ) ;
#1074 = CARTESIAN_POINT ( 'NONE',  ( -0.07470252959880210875, 0.05664062499999998612, 0.03094280090340145728 ) ) ;
#1075 = DIRECTION ( 'NONE',  ( 0.000000000000000000, 0.000000000000000000, 1.000000000000000000 ) ) ;
#1076 = CARTESIAN_POINT ( 'NONE',  ( -0.06337065802094500599, -0.04220252959880221866, -0.03986157081244330602 ) ) ;
#1077 = LINE ( 'NONE', #2006, #171 ) ;
#1078 = CARTESIAN_POINT ( 'NONE',  ( 0.1255079452682650309, -0.06057233903586368290, 0.1440443049600399761 ) ) ;
#1079 = CARTESIAN_POINT ( 'NONE',  ( -0.07470252959880212262, -0.01171875000000001561, 1.372263206420751324E-17 ) ) ;
#1080 = ORIENTED_EDGE ( 'NONE', *, *, #53, .F. ) ;
#1081 = CARTESIAN_POINT ( 'NONE',  ( 0.000000000000000000, 0.06250000000000000000, 0.000000000000000000 ) ) ;
#1082 = FACE_OUTER_BOUND ( 'NONE', #398, .T. ) ;
#1083 = CARTESIAN_POINT ( 'NONE',  ( 0.000000000000000000, -0.07812500000000001388, -0.07470252959880212262 ) ) ;
#1084 = CARTESIAN_POINT ( 'NONE',  ( 0.007851167897913095481, 0.04237012338952322182, -0.07456354267361756105 ) ) ;
#1085 = B_SPLINE_CURVE_WITH_KNOTS ( 'NONE', 3,
 ( #791, #343, #485, #1455, #320, #1423 ),
 .UNSPECIFIED., .F., .F.,
 ( 4, 2, 4 ),
 ( 0.007869502702109881093, 0.009262244176610315988, 0.01065498565111074915 ),
 .UNSPECIFIED. ) ;
#1086 = DIRECTION ( 'NONE',  ( 0.000000000000000000, 0.000000000000000000, 1.000000000000000000 ) ) ;
#1087 = CARTESIAN_POINT ( 'NONE',  ( 0.000000000000000000, 0.01171874999999998092, -0.07470252959880212262 ) ) ;
#1088 = CARTESIAN_POINT ( 'NONE',  ( -0.09499999999999998723, -0.02343749999999999653, 1.745121688784978154E-17 ) ) ;
#1089 = CARTESIAN_POINT ( 'NONE',  ( 0.07470252959880212262, 0.03710937499999997918, -0.03094280090340140871 ) ) ;
#1090 = CIRCLE ( 'NONE', #1224, 0.1875000000000000555 ) ;
#1091 = ORIENTED_EDGE ( 'NONE', *, *, #605, .T. ) ;
#1092 = PRESENTATION_LAYER_ASSIGNMENT (  '', '', ( #102 ) ) ;
#1093 = DIRECTION ( 'NONE',  ( 0.000000000000000000, -0.4999999999999979461, 0.8660254037844397068 ) ) ;
#1094 = AXIS2_PLACEMENT_3D ( 'NONE', #590, #1880, #757 ) ;
#1095 = EDGE_CURVE ( 'NONE', #1902, #1409, #1505, .T. ) ;
#1096 = FACE_OUTER_BOUND ( 'NONE', #409, .T. ) ;
#1097 = CARTESIAN_POINT ( 'NONE',  ( -0.07470252959880210875, 0.05273437499999999306, 0.03094280090340145728 ) ) ;
#1098 = CARTESIAN_POINT ( 'NONE',  ( 0.05071669969173547149, -0.04734244166150188005, -0.06190089866290544862 ) ) ;
#1099 = ORIENTED_EDGE ( 'NONE', *, *, #1401, .T. ) ;
#1100 = CARTESIAN_POINT ( 'NONE',  ( 0.03094280090340141218, 0.001953124999999989808, 0.07470252959880212262 ) ) ;
#1101 = CARTESIAN_POINT ( 'NONE',  ( 0.05282266525110176913, -0.03125000000000001388, 0.05282266525110176220 ) ) ;
#1102 = CARTESIAN_POINT ( 'NONE',  ( 0.1874999999999999445, -0.04575317547305494947, -0.1082531754730549217 ) ) ;
#1103 = ORIENTED_EDGE ( 'NONE', *, *, #1888, .F. ) ;
#1104 = CARTESIAN_POINT ( 'NONE',  ( 1.163414459189985282E-17, -0.01953125000000005204, 0.09499999999999997335 ) ) ;
#1105 = CARTESIAN_POINT ( 'NONE',  ( 0.1874999999999999445, 0.06250000000000004163, -0.01831435281572646109 ) ) ;
#1106 = CARTESIAN_POINT ( 'NONE',  ( 0.03094280090340141218, -0.02929687500000002429, 0.07470252959880212262 ) ) ;
#1107 = B_SPLINE_CURVE_WITH_KNOTS ( 'NONE', 3,
 ( #1540, #753, #1699, #597, #280, #122, #1381, #2020, #1072, #1711 ),
 .UNSPECIFIED., .F., .F.,
 ( 4, 2, 2, 2, 4 ),
 ( 0.000000000000000000, 0.0004552786232882640328, 0.0009105572465765280656, 0.001365835869864792532, 0.001821114493153056998 ),
 .UNSPECIFIED. ) ;
#1108 = CARTESIAN_POINT ( 'NONE',  ( -0.1875000000000001388, 0.06092433969399131677, -0.03648964212875091540 ) ) ;
#1109 = ADVANCED_FACE ( 'NONE', ( #619 ), #193, .F. ) ;
#1110 = ORIENTED_EDGE ( 'NONE', *, *, #249, .T. ) ;
#1111 = CARTESIAN_POINT ( 'NONE',  ( -0.07470252959880210875, -0.04492187500000001388, -0.03094280090340142259 ) ) ;
#1112 = CARTESIAN_POINT ( 'NONE',  ( 0.1255079452682650309, 0.06057233903586368290, 0.1440443049600399483 ) ) ;
#1113 = ORIENTED_EDGE ( 'NONE', *, *, #1207, .F. ) ;
#1114 = B_SPLINE_CURVE_WITH_KNOTS ( 'NONE', 3,
 ( #108, #1203, #1842, #1078, #424, #1046, #266, #1236 ),
 .UNSPECIFIED., .F., .F.,
 ( 4, 2, 2, 4 ),
 ( 0.002782414345151445166, 0.003475358748974704745, 0.004168303152797963457, 0.005554191960444485217 ),
 .UNSPECIFIED. ) ;
#1115 = CARTESIAN_POINT ( 'NONE',  ( 0.03486269678472694172, 0.04220252959880219784, -0.06624855009603565492 ) ) ;
#1116 = CARTESIAN_POINT ( 'NONE',  ( -0.09375000000000002776, 0.06250000000000000000, 0.1623797632095822230 ) ) ;
#1117 = CARTESIAN_POINT ( 'NONE',  ( 0.03094280090340141218, -0.06054687500000000694, 0.07470252959880212262 ) ) ;
#1118 = CARTESIAN_POINT ( 'NONE',  ( -0.1875000000000000555, -0.04575317547305492866, 0.1082531754730548107 ) ) ;
#1119 = VERTEX_POINT ( 'NONE', #1885 ) ;
#1120 = CARTESIAN_POINT ( 'NONE',  ( 9.148421376138343185E-18, 0.02734374999999998612, 0.07470252959880212262 ) ) ;
#1121 = DIRECTION ( 'NONE',  ( 0.000000000000000000, 0.000000000000000000, 1.000000000000000000 ) ) ;
#1122 = EDGE_CURVE ( 'NONE', #1382, #40, #1211, .T. ) ;
#1123 = VERTEX_POINT ( 'NONE', #1443 ) ;
#1124 = CONICAL_SURFACE ( 'NONE', #38, 0.1875000000000000555, 1.047197551196600074 ) ;
#1125 = CARTESIAN_POINT ( 'NONE',  ( 9.148421376138343185E-18, 0.06249999999999997918, 0.07470252959880212262 ) ) ;
#1126 = AXIS2_PLACEMENT_3D ( 'NONE', #854, #1488, #200 ) ;
#1127 = LINE ( 'NONE', #835, #2025 ) ;
#1128 = CARTESIAN_POINT ( 'NONE',  ( -0.05282266525110176220, -0.06640625000000001388, 0.05282266525110178301 ) ) ;
#1129 = AXIS2_PLACEMENT_3D ( 'NONE', #56, #1950, #403 ) ;
#1130 = CARTESIAN_POINT ( 'NONE',  ( 0.02171415213365179842, -0.04602986935383154149, -0.07624613891407042154 ) ) ;
#1131 = CIRCLE ( 'NONE', #1558, 0.09499999999999998723 ) ;
#1132 = ORIENTED_EDGE ( 'NONE', *, *, #53, .T. ) ;
#1133 =( CONVERSION_BASED_UNIT ( 'INCH', #1421 ) LENGTH_UNIT ( ) NAMED_UNIT ( #1405 ) );
#1134 = CARTESIAN_POINT ( 'NONE',  ( -0.05282266525110178301, -0.04687500000000002082, -0.05282266525110175526 ) ) ;
#1135 = CARTESIAN_POINT ( 'NONE',  ( -0.05282266525110178301, 0.01562499999999997918, -0.05282266525110175526 ) ) ;
#1136 = CARTESIAN_POINT ( 'NONE',  ( 0.1333599320255653697, 0.05943781738910954016, 0.1395109582920392166 ) ) ;
#1137 = ORIENTED_EDGE ( 'NONE', *, *, #728, .F. ) ;
#1138 = EDGE_CURVE ( 'NONE', #307, #979, #1261, .T. ) ;
#1139 = CARTESIAN_POINT ( 'NONE',  ( 0.07470252959880212262, 0.07031249999999998612, -4.574210688069171592E-18 ) ) ;
#1140 = CARTESIAN_POINT ( 'NONE',  ( 0.09499999999999995948, -0.04492187500000005551, 0.03935028842544401745 ) ) ;
#1141 = CARTESIAN_POINT ( 'NONE',  ( -0.07470252959880210875, -0.01367187500000002429, -0.03094280090340142259 ) ) ;
#1142 = CARTESIAN_POINT ( 'NONE',  ( 0.000000000000000000, -0.003906250000000047705, -0.09499999999999997335 ) ) ;
#1143 = ORIENTED_EDGE ( 'NONE', *, *, #1863, .F. ) ;
#1144 = CARTESIAN_POINT ( 'NONE',  ( 0.000000000000000000, -0.08203125000000001388, -0.07470252959880212262 ) ) ;
#1145 = CARTESIAN_POINT ( 'NONE',  ( -0.03094280090340139136, -0.005859375000000012143, 0.07470252959880213650 ) ) ;
#1146 = UNCERTAINTY_MEASURE_WITH_UNIT (LENGTH_MEASURE( 1.000000000000000082E-05 ), #1914, 'distance_accuracy_value', 'NONE');
#1147 = CARTESIAN_POINT ( 'NONE',  ( 0.1875000000000000555, -0.06250000000000000000, 0.000000000000000000 ) ) ;
#1148 = ORIENTED_EDGE ( 'NONE', *, *, #431, .F. ) ;
#1149 = CARTESIAN_POINT ( 'NONE',  ( 0.06717514421272199887, -0.007812500000000062450, -0.06717514421272199887 ) ) ;
#1150 = DIRECTION ( 'NONE',  ( 0.000000000000000000, 1.000000000000000000, 0.000000000000000000 ) ) ;
#1151 = CARTESIAN_POINT ( 'NONE',  ( 0.07470252959880212262, 0.03320312499999997918, 0.03094280090340139830 ) ) ;
#1152 = ADVANCED_FACE ( 'NONE', ( #1069 ), #378, .T. ) ;
#1153 = CARTESIAN_POINT ( 'NONE',  ( 0.000000000000000000, -0.04516475713473076803, -0.07766475713473065812 ) ) ;
#1154 = ORIENTED_EDGE ( 'NONE', *, *, #187, .T. ) ;
#1155 = CARTESIAN_POINT ( 'NONE',  ( 0.09499999999999998723, 0.05468750000000000000, -5.817072295949927179E-18 ) ) ;
#1156 = CARTESIAN_POINT ( 'NONE',  ( 0.000000000000000000, -0.01953125000000001041, -0.07470252959880212262 ) ) ;
#1157 = CARTESIAN_POINT ( 'NONE',  ( 0.03935028842544402439, 0.05664062499999994449, -0.09499999999999995948 ) ) ;
#1158 = ORIENTED_EDGE ( 'NONE', *, *, #468, .T. ) ;
#1159 = CARTESIAN_POINT ( 'NONE',  ( 0.03094280090340141218, 0.06445312500000000000, 0.07470252959880212262 ) ) ;
#1160 = CARTESIAN_POINT ( 'NONE',  ( 0.06717514421272199887, -0.03906250000000005551, -0.06717514421272199887 ) ) ;
#1161 = CARTESIAN_POINT ( 'NONE',  ( -0.05282266525110176220, 0.02343749999999997918, 0.05282266525110178301 ) ) ;
#1162 = EDGE_CURVE ( 'NONE', #52, #2040, #1815, .T. ) ;
#1163 = AXIS2_PLACEMENT_3D ( 'NONE', #1616, #960, #1583 ) ;
#1164 = ORIENTED_EDGE ( 'NONE', *, *, #1872, .T. ) ;
#1165 = CARTESIAN_POINT ( 'NONE',  ( 0.09499999999999998723, -0.005859375000000004337, -0.03935028842544403826 ) ) ;
#1166 = CARTESIAN_POINT ( 'NONE',  ( 0.000000000000000000, -0.03515625000000005551, -0.09499999999999997335 ) ) ;
#1167 = CONICAL_SURFACE ( 'NONE', #958, 0.09499999999999998723, 0.7853981633974500554 ) ;
#1168 = CARTESIAN_POINT ( 'NONE',  ( 0.07128951690761754778, 0.05973507934542657272, -0.05882031033137594817 ) ) ;
#1169 = ORIENTED_EDGE ( 'NONE', *, *, #994, .F. ) ;
#1170 = CARTESIAN_POINT ( 'NONE',  ( -0.06717514421272201275, -5.122214988120493535E-17, -0.06717514421272198499 ) ) ;
#1171 = CARTESIAN_POINT ( 'NONE',  ( 0.07470252959880212262, -0.02929687500000001041, 0.03094280090340139830 ) ) ;
#1172 = CARTESIAN_POINT ( 'NONE',  ( 0.000000000000000000, -0.06250000000000000000, 0.000000000000000000 ) ) ;
#1173 = ORIENTED_EDGE ( 'NONE', *, *, #98, .T. ) ;
#1174 = CARTESIAN_POINT ( 'NONE',  ( -0.09499999999999997335, 0.04101562500000000000, 0.03935028842544407990 ) ) ;
#1175 = CARTESIAN_POINT ( 'NONE',  ( 0.000000000000000000, -0.06250000000000000000, 0.000000000000000000 ) ) ;
#1176 = CARTESIAN_POINT ( 'NONE',  ( 0.01178502215905771755, 0.06212083834700216078, -0.09406708626787785299 ) ) ;
#1177 = CARTESIAN_POINT ( 'NONE',  ( 0.000000000000000000, -0.04687500000000001388, -0.07470252959880212262 ) ) ;
#1178 = CARTESIAN_POINT ( 'NONE',  ( -0.03094280090340139483, -0.06835937500000001388, 0.07470252959880213650 ) ) ;
#1179 = DIRECTION ( 'NONE',  ( 0.000000000000000000, 0.000000000000000000, 1.000000000000000000 ) ) ;
#1180 = VERTEX_POINT ( 'NONE', #411 ) ;
#1181 = CARTESIAN_POINT ( 'NONE',  ( -0.06717514421272199887, 0.04296875000000000000, 0.06717514421272202663 ) ) ;
#1182 = CARTESIAN_POINT ( 'NONE',  ( 0.07470252959880212262, -0.02734375000000002082, -4.574210688069171592E-18 ) ) ;
#1183 = CARTESIAN_POINT ( 'NONE',  ( 0.08997648481610021065, 0.05807411317867158806, -0.01566883408537383948 ) ) ;
#1184 = ADVANCED_FACE ( 'NONE', ( #829 ), #203, .F. ) ;
#1185 = CARTESIAN_POINT ( 'NONE',  ( 0.07470252959880212262, -0.05468750000000000694, -4.574210688069171592E-18 ) ) ;
#1186 = CARTESIAN_POINT ( 'NONE',  ( -0.09375000000000004163, 0.06250000000000000000, -0.1623797632095823340 ) ) ;
#1187 = CARTESIAN_POINT ( 'NONE',  ( 0.09499999999999998723, -0.04101562499999999306, 0.03935028842544402439 ) ) ;
#1188 = ORIENTED_EDGE ( 'NONE', *, *, #694, .F. ) ;
#1189 = CARTESIAN_POINT ( 'NONE',  ( 0.07470252959880212262, 0.07226562499999998612, -0.03094280090340140871 ) ) ;
#1190 = DIRECTION ( 'NONE',  ( 0.000000000000000000, 1.000000000000000000, 0.000000000000000000 ) ) ;
#1191 = CARTESIAN_POINT ( 'NONE',  ( 0.07196580477093712791, 0.05558565821463896939, 0.05113405006375920658 ) ) ;
#1192 = CONICAL_SURFACE ( 'NONE', #1392, 0.09499999999999998723, 0.7853981633974500554 ) ;
#1193 = DIRECTION ( 'NONE',  ( -0.000000000000000000, -1.000000000000000000, -0.000000000000000000 ) ) ;
#1194 = CARTESIAN_POINT ( 'NONE',  ( 0.03094280090340140177, -0.01757812500000001041, -0.07470252959880212262 ) ) ;
#1195 = EDGE_CURVE ( 'NONE', #884, #1000, #1454, .T. ) ;
#1196 = CARTESIAN_POINT ( 'NONE',  ( 0.000000000000000000, -0.06250000000000000000, 0.09499999999999998723 ) ) ;
#1197 = CARTESIAN_POINT ( 'NONE',  ( -0.06717514421272201275, -0.06250000000000005551, -0.06717514421272198499 ) ) ;
#1198 = VERTEX_POINT ( 'NONE', #1465 ) ;
#1199 = CARTESIAN_POINT ( 'NONE',  ( 0.09499999999999998723, -0.06835937500000000000, -0.03935028842544403826 ) ) ;
#1200 = FACE_BOUND ( 'NONE', #338, .T. ) ;
#1201 = CARTESIAN_POINT ( 'NONE',  ( 0.07470252959880212262, 0.04059219468263479402, -0.02423451545997343942 ) ) ;
#1202 = LINE ( 'NONE', #296, #1258 ) ;
#1203 = CARTESIAN_POINT ( 'NONE',  ( 0.1017062776261159485, -0.06250000000000020817, 0.1577862041803967108 ) ) ;
#1204 = CARTESIAN_POINT ( 'NONE',  ( 9.148421376138343185E-18, 0.03124999999999998959, 0.07470252959880212262 ) ) ;
#1205 = CARTESIAN_POINT ( 'NONE',  ( -0.1256945062250034162, -0.06250000000000013878, 0.1439365939414468665 ) ) ;
#1206 = CARTESIAN_POINT ( 'NONE',  ( -0.09499999999999995948, -0.05664062500000006245, 0.03935028842544407296 ) ) ;
#1207 = EDGE_CURVE ( 'NONE', #906, #1569, #1131, .T. ) ;
#1208 = ORIENTED_EDGE ( 'NONE', *, *, #1898, .T. ) ;
#1209 = CARTESIAN_POINT ( 'NONE',  ( 0.03094280090340140177, 0.07617187499999998612, -0.07470252959880212262 ) ) ;
#1210 = DIRECTION ( 'NONE',  ( 0.000000000000000000, 1.000000000000000000, 0.000000000000000000 ) ) ;
#1211 = B_SPLINE_CURVE_WITH_KNOTS ( 'NONE', 3,
 ( #2031, #1547, #1874, #311, #959, #1378, #36, #656, #981, #1865 ),
 .UNSPECIFIED., .F., .F.,
 ( 4, 2, 2, 2, 4 ),
 ( 0.001956291727298250030, 0.002412592211600895521, 0.002868892695903541012, 0.003325193180206185636, 0.003781493664508831128 ),
 .UNSPECIFIED. ) ;
#1212 = DIRECTION ( 'NONE',  ( 0.000000000000000000, 0.000000000000000000, 1.000000000000000000 ) ) ;
#1213 = CARTESIAN_POINT ( 'NONE',  ( -0.1096982171783093679, -0.06210416635756023374, -0.1531720557285908002 ) ) ;
#1214 = CARTESIAN_POINT ( 'NONE',  ( -0.1255079452682625885, 0.06057233903586391882, -0.1440443049600415026 ) ) ;
#1215 = CARTESIAN_POINT ( 'NONE',  ( 0.07470252959880212262, -0.02148437500000000694, -0.03094280090340140871 ) ) ;
#1216 = CARTESIAN_POINT ( 'NONE',  ( -3.687455406254641493E-17, 0.06250000000000000000, 0.2165063509461096769 ) ) ;
#1217 = CARTESIAN_POINT ( 'NONE',  ( -0.03935028842544409378, 0.03320312500000000000, -0.09499999999999995948 ) ) ;
#1218 = ORIENTED_EDGE ( 'NONE', *, *, #694, .T. ) ;
#1219 = CARTESIAN_POINT ( 'NONE',  ( 0.000000000000000000, 0.04687499999999998612, -0.07470252959880212262 ) ) ;
#1220 = CARTESIAN_POINT ( 'NONE',  ( 0.000000000000000000, -0.06250000000000000000, 0.000000000000000000 ) ) ;
#1221 = ADVANCED_FACE ( 'NONE', ( #866 ), #1501, .F. ) ;
#1222 = CARTESIAN_POINT ( 'NONE',  ( 0.05282266525110176913, 0.03515624999999998612, 0.05282266525110176220 ) ) ;
#1223 = CARTESIAN_POINT ( 'NONE',  ( 0.1874999999999999445, 0.06250000000000006939, 0.01832810893153845322 ) ) ;
#1224 = AXIS2_PLACEMENT_3D ( 'NONE', #582, #432, #1556 ) ;
#1225 = AXIS2_PLACEMENT_3D ( 'NONE', #1406, #804, #1877 ) ;
#1226 = CARTESIAN_POINT ( 'NONE',  ( -0.1333599320255622889, 0.05943781738910995649, -0.1395109582920411595 ) ) ;
#1227 = CARTESIAN_POINT ( 'NONE',  ( 0.05414006797443469271, 0.05943781738910949852, -0.1852485681271252016 ) ) ;
#1228 = VECTOR ( 'NONE', #1233, 39.37007874015748143 ) ;
#1229 = FACE_OUTER_BOUND ( 'NONE', #672, .T. ) ;
#1230 = CARTESIAN_POINT ( 'NONE',  ( -0.1568275101562872920, 0.05597733875432266831, 0.1259619457410384169 ) ) ;
#1231 = CARTESIAN_POINT ( 'NONE',  ( 0.09499999999999995948, -0.009765625000000050307, -0.03935028842544402439 ) ) ;
#1232 = CARTESIAN_POINT ( 'NONE',  ( -0.06717514421272202663, -0.08984375000000000000, -0.06717514421272199887 ) ) ;
#1233 = DIRECTION ( 'NONE',  ( -0.000000000000000000, -1.000000000000000000, -0.000000000000000000 ) ) ;
#1234 = DIRECTION ( 'NONE',  ( 0.000000000000000000, 0.000000000000000000, 1.000000000000000000 ) ) ;
#1235 = CARTESIAN_POINT ( 'NONE',  ( -0.06717514421272201275, -5.122214988120493535E-17, -0.06717514421272198499 ) ) ;
#1236 = CARTESIAN_POINT ( 'NONE',  ( 0.1874999999999999445, -0.04575317547305500498, 0.1082531754730547552 ) ) ;
#1237 = CARTESIAN_POINT ( 'NONE',  ( 0.05282266525110176913, -1.707404996040164512E-17, 0.05282266525110176220 ) ) ;
#1238 = CARTESIAN_POINT ( 'NONE',  ( 1.163414459189985282E-17, 0.04296874999999994449, 0.09499999999999997335 ) ) ;
#1239 = CARTESIAN_POINT ( 'NONE',  ( -0.07780178282168943860, 0.06210416635756018516, 0.1715874706905744784 ) ) ;
#1240 = CARTESIAN_POINT ( 'NONE',  ( -0.07470252959880210875, -0.03710937500000001388, 0.03094280090340145728 ) ) ;
#1241 = CARTESIAN_POINT ( 'NONE',  ( -0.1874999999999999722, -0.06249999999999997918, -0.01831435281558730852 ) ) ;
#1242 = EDGE_LOOP ( 'NONE', ( #377, #1173, #781 ) ) ;
#1243 = CARTESIAN_POINT ( 'NONE',  ( -0.07483649219192677060, -0.04220252959880327337, 0.001933031047600445055 ) ) ;
#1244 = CARTESIAN_POINT ( 'NONE',  ( -0.03094280090340139483, -0.03710937500000002082, 0.07470252959880213650 ) ) ;
#1245 = CARTESIAN_POINT ( 'NONE',  ( 0.03935028842544402439, 0.06054687500000000000, -0.09499999999999998723 ) ) ;
#1246 = CARTESIAN_POINT ( 'NONE',  ( -0.07470252959880212262, 0.01757812499999998612, -0.03094280090340142259 ) ) ;
#1247 = ADVANCED_FACE ( 'NONE', ( #1984 ), #1167, .F. ) ;
#1248 = CARTESIAN_POINT ( 'NONE',  ( -0.03574939759747937373, 0.04422124057961113186, -0.06808582063423379571 ) ) ;
#1249 = CARTESIAN_POINT ( 'NONE',  ( -0.06717514421272199887, 0.01171874999999999827, 0.06717514421272202663 ) ) ;
#1250 = CARTESIAN_POINT ( 'NONE',  ( 0.03094280090340140177, 0.07226562499999998612, -0.07470252959880212262 ) ) ;
#1251 = CARTESIAN_POINT ( 'NONE',  ( -3.687455406254641493E-17, 0.06250000000000000000, 0.2165063509461096769 ) ) ;
#1252 =( BOUNDED_SURFACE ( )  B_SPLINE_SURFACE ( 1, 2, ( 
 ( #749, #285, #909, #107, #1545, #1366, #1434, #319, #949, #18, #1411, #648, #1768, #353, #1747, #26, #309, #782, #1442, #1276, #1266, #940, #1614, #493, #1120, #149, #933, #1913, #474, #1580, #801, #484, #1087, #1758, #161, #503, #655, #170, #339, #1883, #2046, #1452, #192, #1422, #639, #1893, #1571, #7, #969, #819, #328, #35, #1592, #1904, #1101, #1603, #1284, #1244, #1921, #1726, #628, #1111, #1134, #181, #809, #1255, #1738, #839, #1012, #865, #552, #1624, #1500, #1653, #709, #202, #856, #1944, #59, #231, #1144 ),
 ( #215, #1491, #667, #523, #1155, #48, #374, #848, #1482, #1933, #1181, #1174, #1296, #514, #1316, #391, #1975, #1778, #828, #224, #1819, #364, #1464, #1956, #688, #980, #1789, #399, #991, #1326, #77, #533, #1473, #678, #1644, #1165, #1305, #1801, #1809, #1634, #384, #1002, #68, #697, #1334, #1020, #1968, #1664, #544, #242, #1533, #1681, #601, #1509, #572, #104, #873, #1701, #589, #2002, #1868, #1856, #94, #724, #885, #420, #2013, #1199, #1542, #560, #429, #1983, #292, #1373, #1838, #580, #917, #1828, #1232, #735, #85 ) ),
 .UNSPECIFIED., .F., .F., .F. ) 
 B_SPLINE_SURFACE_WITH_KNOTS ( ( 2, 2 ),
 ( 3, 2, 2, 2, 2, 2, 2, 2, 2, 2, 2, 2, 2, 2, 2, 2, 2, 2, 2, 2, 2, 2, 2, 2, 2, 2, 2, 2, 2, 2, 2, 2, 2, 2, 2, 2, 2, 2, 2, 2, 3 ),
 ( 0.000000000000000000, 1.000000000000000000 ),
 ( 0.000000000000000000, 0.02500000000000000139, 0.05000000000000000278, 0.07499999999999999722, 0.1000000000000000056, 0.1250000000000000000, 0.1499999999999999944, 0.1749999999999999889, 0.2000000000000000111, 0.2250000000000000056, 0.2500000000000000000, 0.2750000000000000222, 0.2999999999999999889, 0.3250000000000000111, 0.3499999999999999778, 0.3750000000000000000, 0.4000000000000000222, 0.4249999999999999889, 0.4500000000000000111, 0.4749999999999999778, 0.5000000000000000000, 0.5250000000000000222, 0.5500000000000000444, 0.5749999999999999556, 0.5999999999999999778, 0.6250000000000000000, 0.6500000000000000222, 0.6750000000000000444, 0.6999999999999999556, 0.7249999999999999778, 0.7500000000000000000, 0.7750000000000000222, 0.8000000000000000444, 0.8249999999999999556, 0.8499999999999999778, 0.8750000000000000000, 0.9000000000000000222, 0.9250000000000000444, 0.9499999999999999556, 0.9749999999999999778, 1.000000000000000000 ),
 .UNSPECIFIED. ) 
 GEOMETRIC_REPRESENTATION_ITEM ( )  RATIONAL_B_SPLINE_SURFACE ( (
 ( 1.000000000000000000, 0.9238795325112867385, 1.000000000000000000, 0.9238795325112867385, 1.000000000000000000, 0.9238795325112867385, 1.000000000000000000, 0.9238795325112867385, 1.000000000000000000, 0.9238795325112867385, 1.000000000000000000, 0.9238795325112867385, 1.000000000000000000, 0.9238795325112867385, 1.000000000000000000, 0.9238795325112867385, 1.000000000000000000, 0.9238795325112867385, 1.000000000000000000, 0.9238795325112867385, 1.000000000000000000, 0.9238795325112867385, 1.000000000000000000, 0.9238795325112867385, 1.000000000000000000, 0.9238795325112867385, 1.000000000000000000, 0.9238795325112867385, 1.000000000000000000, 0.9238795325112867385, 1.000000000000000000, 0.9238795325112867385, 1.000000000000000000, 0.9238795325112867385, 1.000000000000000000, 0.9238795325112867385, 1.000000000000000000, 0.9238795325112867385, 1.000000000000000000, 0.9238795325112867385, 1.000000000000000000, 0.9238795325112867385, 1.000000000000000000, 0.9238795325112867385, 1.000000000000000000, 0.9238795325112867385, 1.000000000000000000, 0.9238795325112867385, 1.000000000000000000, 0.9238795325112867385, 1.000000000000000000, 0.9238795325112867385, 1.000000000000000000, 0.9238795325112867385, 1.000000000000000000, 0.9238795325112867385, 1.000000000000000000, 0.9238795325112867385, 1.000000000000000000, 0.9238795325112867385, 1.000000000000000000, 0.9238795325112867385, 1.000000000000000000, 0.9238795325112867385, 1.000000000000000000, 0.9238795325112867385, 1.000000000000000000, 0.9238795325112867385, 1.000000000000000000, 0.9238795325112867385, 1.000000000000000000, 0.9238795325112867385, 1.000000000000000000, 0.9238795325112867385, 1.000000000000000000, 0.9238795325112867385, 1.000000000000000000, 0.9238795325112867385, 1.000000000000000000, 0.9238795325112867385, 1.000000000000000000),
 ( 1.000000000000000000, 0.9238795325112867385, 1.000000000000000000, 0.9238795325112867385, 1.000000000000000000, 0.9238795325112867385, 1.000000000000000000, 0.9238795325112867385, 1.000000000000000000, 0.9238795325112867385, 1.000000000000000000, 0.9238795325112867385, 1.000000000000000000, 0.9238795325112867385, 1.000000000000000000, 0.9238795325112867385, 1.000000000000000000, 0.9238795325112867385, 1.000000000000000000, 0.9238795325112867385, 1.000000000000000000, 0.9238795325112867385, 1.000000000000000000, 0.9238795325112867385, 1.000000000000000000, 0.9238795325112867385, 1.000000000000000000, 0.9238795325112867385, 1.000000000000000000, 0.9238795325112867385, 1.000000000000000000, 0.9238795325112867385, 1.000000000000000000, 0.9238795325112867385, 1.000000000000000000, 0.9238795325112867385, 1.000000000000000000, 0.9238795325112867385, 1.000000000000000000, 0.9238795325112867385, 1.000000000000000000, 0.9238795325112867385, 1.000000000000000000, 0.9238795325112867385, 1.000000000000000000, 0.9238795325112867385, 1.000000000000000000, 0.9238795325112867385, 1.000000000000000000, 0.9238795325112867385, 1.000000000000000000, 0.9238795325112867385, 1.000000000000000000, 0.9238795325112867385, 1.000000000000000000, 0.9238795325112867385, 1.000000000000000000, 0.9238795325112867385, 1.000000000000000000, 0.9238795325112867385, 1.000000000000000000, 0.9238795325112867385, 1.000000000000000000, 0.9238795325112867385, 1.000000000000000000, 0.9238795325112867385, 1.000000000000000000, 0.9238795325112867385, 1.000000000000000000, 0.9238795325112867385, 1.000000000000000000, 0.9238795325112867385, 1.000000000000000000, 0.9238795325112867385, 1.000000000000000000, 0.9238795325112867385, 1.000000000000000000, 0.9238795325112867385, 1.000000000000000000, 0.9238795325112867385, 1.000000000000000000) ) ) 
 REPRESENTATION_ITEM ( '' )  SURFACE ( )  );
#1253 = VERTEX_POINT ( 'NONE', #385 ) ;
#1254 =( NAMED_UNIT ( * ) SI_UNIT ( $, .STERADIAN. ) SOLID_ANGLE_UNIT ( ) );
#1255 = CARTESIAN_POINT ( 'NONE',  ( 0.03094280090340140177, -0.05273437500000002082, -0.07470252959880212262 ) ) ;
#1256 = DIRECTION ( 'NONE',  ( 0.000000000000000000, 1.000000000000000000, 0.000000000000000000 ) ) ;
#1257 = EDGE_LOOP ( 'NONE', ( #288, #1420, #363, #2048, #650, #1472, #143, #1132, #1792, #16, #344, #1218, #1164, #802, #1892 ) ) ;
#1258 = VECTOR ( 'NONE', #443, 39.37007874015748143 ) ;
#1259 = CARTESIAN_POINT ( 'NONE',  ( 0.03935028842544401745, 0.08789062499999993061, -0.09499999999999997335 ) ) ;
#1260 = EDGE_CURVE ( 'NONE', #138, #476, #1810, .T. ) ;
#1261 = CIRCLE ( 'NONE', #41, 0.1875000000000000555 ) ;
#1262 = CARTESIAN_POINT ( 'NONE',  ( 0.09375000000000001388, 0.06250000000000000000, -0.1623797632095823062 ) ) ;
#1263 = CARTESIAN_POINT ( 'NONE',  ( 0.05282266525110176220, 0.01171874999999998959, -0.05282266525110176913 ) ) ;
#1264 = CARTESIAN_POINT ( 'NONE',  ( 0.000000000000000000, -0.06250000000000000000, -0.09499999999999998723 ) ) ;
#1265 = ORIENTED_EDGE ( 'NONE', *, *, #914, .T. ) ;
#1266 = CARTESIAN_POINT ( 'NONE',  ( 0.07470252959880212262, 0.03515624999999997918, -4.574210688069171592E-18 ) ) ;
#1267 = CARTESIAN_POINT ( 'NONE',  ( 0.000000000000000000, -0.06250000000000000000, 0.000000000000000000 ) ) ;
#1268 = ORIENTED_EDGE ( 'NONE', *, *, #555, .F. ) ;
#1269 = CARTESIAN_POINT ( 'NONE',  ( -0.06717514421272201275, 0.06249999999999995143, -0.06717514421272198499 ) ) ;
#1270 = CARTESIAN_POINT ( 'NONE',  ( 0.06717514421272199887, -0.007812500000000062450, -0.06717514421272199887 ) ) ;
#1271 = CARTESIAN_POINT ( 'NONE',  ( -0.07470252959880210875, -0.06835937500000002776, 0.03094280090340145728 ) ) ;
#1272 = CARTESIAN_POINT ( 'NONE',  ( 0.01529796639056610862, -0.05085249760325898094, -0.2076740659324625149 ) ) ;
#1273 = EDGE_CURVE ( 'NONE', #1569, #1119, #172, .T. ) ;
#1274 = ORIENTED_EDGE ( 'NONE', *, *, #1567, .F. ) ;
#1275 = SURFACE_STYLE_USAGE ( .BOTH. , #17 ) ;
#1276 = CARTESIAN_POINT ( 'NONE',  ( 0.07470252959880212262, 0.03710937499999997918, -0.03094280090340140871 ) ) ;
#1277 = ORIENTED_EDGE ( 'NONE', *, *, #1015, .F. ) ;
#1278 = CARTESIAN_POINT ( 'NONE',  ( -0.09499999999999997335, -0.02929687500000004857, -0.03935028842544404520 ) ) ;
#1279 = CARTESIAN_POINT ( 'NONE',  ( 0.06717514421272199887, -0.04687500000000006245, 0.06717514421272199887 ) ) ;
#1280 = CARTESIAN_POINT ( 'NONE',  ( -0.05282266525110176220, -0.03515625000000000694, 0.05282266525110178301 ) ) ;
#1281 = DIRECTION ( 'NONE',  ( -0.5000000000000004441, 0.000000000000000000, -0.8660254037844383745 ) ) ;
#1282 = ORIENTED_EDGE ( 'NONE', *, *, #456, .T. ) ;
#1283 = CARTESIAN_POINT ( 'NONE',  ( -0.07470252959880210875, -0.005859375000000020817, 0.03094280090340145728 ) ) ;
#1284 = CARTESIAN_POINT ( 'NONE',  ( 9.148421376138343185E-18, -0.03515625000000001388, 0.07470252959880212262 ) ) ;
#1285 = DIRECTION ( 'NONE',  ( 0.000000000000000000, 0.000000000000000000, 1.000000000000000000 ) ) ;
#1286 = EDGE_CURVE ( 'NONE', #1902, #951, #539, .T. ) ;
#1287 = ORIENTED_EDGE ( 'NONE', *, *, #1584, .F. ) ;
#1288 = CARTESIAN_POINT ( 'NONE',  ( -0.03094280090340145728, 0.04882812499999997918, -0.07470252959880210875 ) ) ;
#1289 = CONICAL_SURFACE ( 'NONE', #72, 0.1875000000000000555, 1.047197551196600074 ) ;
#1290 = CARTESIAN_POINT ( 'NONE',  ( -0.02964317684763533370, -0.05863818623427021620, -0.08639723398561183210 ) ) ;
#1291 = CARTESIAN_POINT ( 'NONE',  ( -0.07470252959880210875, -0.04492187500000001388, -0.03094280090340142259 ) ) ;
#1292 = AXIS2_PLACEMENT_3D ( 'NONE', #1081, #467, #794 ) ;
#1293 = CARTESIAN_POINT ( 'NONE',  ( 0.07780178282168942472, -0.06210416635756017822, -0.1715874706905745894 ) ) ;
#1294 = ORIENTED_EDGE ( 'NONE', *, *, #394, .F. ) ;
#1295 = CARTESIAN_POINT ( 'NONE',  ( -0.07470252959880212262, -0.04059219468263650099, -0.02423451546000010559 ) ) ;
#1296 = CARTESIAN_POINT ( 'NONE',  ( -0.09499999999999998723, 0.03906250000000000000, 1.745121688784978154E-17 ) ) ;
#1297 = CARTESIAN_POINT ( 'NONE',  ( 0.03568627503056525513, 0.04059219468263649405, -0.06995905547163829008 ) ) ;
#1298 = CARTESIAN_POINT ( 'NONE',  ( 0.1874999999999999445, 0.04575317547305500498, 0.1082531754730547552 ) ) ;
#1299 = EDGE_LOOP ( 'NONE', ( #2032, #332, #938, #84 ) ) ;
#1300 = CARTESIAN_POINT ( 'NONE',  ( -0.06717514421272199887, -0.05468750000000005551, 0.06717514421272201275 ) ) ;
#1301 = CARTESIAN_POINT ( 'NONE',  ( 0.03935028842544410072, -0.04882812500000005551, 0.09499999999999990397 ) ) ;
#1302 = CARTESIAN_POINT ( 'NONE',  ( 0.000000000000000000, -0.05078125000000002082, -0.07470252959880212262 ) ) ;
#1303 = CARTESIAN_POINT ( 'NONE',  ( 0.07403049228511016100, -0.05170523520449590155, 0.04048963399464743096 ) ) ;
#1304 = ORIENTED_EDGE ( 'NONE', *, *, #994, .T. ) ;
#1305 = CARTESIAN_POINT ( 'NONE',  ( 0.09499999999999998723, -0.007812500000000001735, -5.817072295949927179E-18 ) ) ;
#1306 = DIRECTION ( 'NONE',  ( 0.000000000000000000, 0.000000000000000000, 1.000000000000000000 ) ) ;
#1307 =( BOUNDED_CURVE ( )  B_SPLINE_CURVE ( 2, ( #738, #898, #1044, #1870, #758, #116, #614, #2026, #263 ),
 .UNSPECIFIED., .F., .F. ) 
 B_SPLINE_CURVE_WITH_KNOTS ( ( 3, 2, 2, 2, 3 ),
 ( 0.7000000000000000666, 0.7250000000000000888, 0.7500000000000000000, 0.7750000000000000222, 0.8000000000000000444 ),
 .UNSPECIFIED. ) 
 CURVE ( )  GEOMETRIC_REPRESENTATION_ITEM ( )  RATIONAL_B_SPLINE_CURVE ( ( 0.9999999999999996669, 0.9238795325112870716, 1.000000000000000000, 0.9238795325112867385, 1.000000000000000000, 0.9238795325112867385, 1.000000000000000000, 0.9238795325112867385, 1.000000000000000000 ) ) 
 REPRESENTATION_ITEM ( '' )  );
#1308 = CARTESIAN_POINT ( 'NONE',  ( 0.07849560696190553688, 0.05601188792644064968, 0.04132165220717000376 ) ) ;
#1309 = ORIENTED_EDGE ( 'NONE', *, *, #481, .F. ) ;
#1310 = CARTESIAN_POINT ( 'NONE',  ( 0.09499999999999997335, -0.04101562500000006245, -0.03935028842544403826 ) ) ;
#1311 = ADVANCED_FACE ( 'NONE', ( #1829 ), #669, .T. ) ;
#1312 = LINE ( 'NONE', #348, #859 ) ;
#1313 = CARTESIAN_POINT ( 'NONE',  ( -0.07470252959880212262, 0.01953124999999998265, 1.372263206420751324E-17 ) ) ;
#1314 = CARTESIAN_POINT ( 'NONE',  ( -0.06717514421272201275, 0.03124999999999994102, -0.06717514421272198499 ) ) ;
#1315 = ORIENTED_EDGE ( 'NONE', *, *, #1622, .F. ) ;
#1316 = CARTESIAN_POINT ( 'NONE',  ( -0.06717514421272202663, 0.03515625000000000000, -0.06717514421272199887 ) ) ;
#1317 = CARTESIAN_POINT ( 'NONE',  ( -0.07780178282168943860, -0.06210416635756018516, 0.1715874706905744784 ) ) ;
#1318 = CARTESIAN_POINT ( 'NONE',  ( 0.03935028842544429500, 0.04492187499999996531, 0.09499999999999966804 ) ) ;
#1319 = ORIENTED_EDGE ( 'NONE', *, *, #456, .F. ) ;
#1320 =( BOUNDED_CURVE ( )  B_SPLINE_CURVE ( 2, ( #434, #1884, #464, #2017, #1088, #444, #1537, #740, #1546 ),
 .UNSPECIFIED., .F., .F. ) 
 B_SPLINE_CURVE_WITH_KNOTS ( ( 3, 2, 2, 2, 3 ),
 ( 0.5000000000000000000, 0.5250000000000000222, 0.5500000000000000444, 0.5749999999999999556, 0.5999999999999999778 ),
 .UNSPECIFIED. ) 
 CURVE ( )  GEOMETRIC_REPRESENTATION_ITEM ( )  RATIONAL_B_SPLINE_CURVE ( ( 1.000000000000000000, 0.9238795325112867385, 1.000000000000000000, 0.9238795325112867385, 1.000000000000000000, 0.9238795325112867385, 1.000000000000000000, 0.9238795325112867385, 1.000000000000000000 ) ) 
 REPRESENTATION_ITEM ( '' )  );
#1321 = CARTESIAN_POINT ( 'NONE',  ( 0.05282266525110176220, 0.07421874999999998612, -0.05282266525110176913 ) ) ;
#1322 = CARTESIAN_POINT ( 'NONE',  ( -0.07470252959880210875, -0.04101562500000001388, 0.03094280090340145728 ) ) ;
#1323 = CARTESIAN_POINT ( 'NONE',  ( 0.08202179107091620014, -0.05066608832130711088, 0.01476870968110653715 ) ) ;
#1324 = CIRCLE ( 'NONE', #1960, 0.1875000000000000555 ) ;
#1325 = EDGE_LOOP ( 'NONE', ( #1304, #482, #1613, #29, #1725 ) ) ;
#1326 = CARTESIAN_POINT ( 'NONE',  ( -0.09499999999999997335, 0.005859375000000004337, -0.03935028842544405214 ) ) ;
#1327 = CARTESIAN_POINT ( 'NONE',  ( 0.000000000000000000, 0.06250000000000000000, 0.000000000000000000 ) ) ;
#1328 = AXIS2_PLACEMENT_3D ( 'NONE', #2036, #2003, #1052 ) ;
#1329 = CARTESIAN_POINT ( 'NONE',  ( 0.04490399992443441096, 0.06091379304960075486, -0.08212352602311710770 ) ) ;
#1330 = CARTESIAN_POINT ( 'NONE',  ( -0.07470252959880210875, 0.02539062499999998612, 0.03094280090340145728 ) ) ;
#1331 = CARTESIAN_POINT ( 'NONE',  ( 0.05282266525110176220, 0.007812499999999985255, -0.05282266525110176913 ) ) ;
#1332 = DIRECTION ( 'NONE',  ( 0.000000000000000000, 0.000000000000000000, 1.000000000000000000 ) ) ;
#1333 = ORIENTED_EDGE ( 'NONE', *, *, #1911, .T. ) ;
#1334 = CARTESIAN_POINT ( 'NONE',  ( -0.09499999999999998723, -0.02343749999999999653, 1.745121688784978154E-17 ) ) ;
#1335 = ADVANCED_FACE ( 'NONE', ( #1976 ), #1964, .F. ) ;
#1336 = CARTESIAN_POINT ( 'NONE',  ( 0.005891172824651705504, 0.05280110371226544308, 0.08530110371223009746 ) ) ;
#1337 = CARTESIAN_POINT ( 'NONE',  ( 0.07470252959880212262, -0.02539062500000000347, 0.03094280090340139830 ) ) ;
#1338 = DIRECTION ( 'NONE',  ( 0.000000000000000000, 0.000000000000000000, -1.000000000000000000 ) ) ;
#1339 = CARTESIAN_POINT ( 'NONE',  ( 1.163414459189985436E-17, -0.04687499999999999306, 0.09499999999999998723 ) ) ;
#1340 = ORIENTED_EDGE ( 'NONE', *, *, #617, .T. ) ;
#1341 = CARTESIAN_POINT ( 'NONE',  ( 0.07470252959880212262, 0.03710937499999998612, 0.03094280090340139830 ) ) ;
#1342 = CARTESIAN_POINT ( 'NONE',  ( 0.03094280090340141218, -0.03320312500000002082, 0.07470252959880212262 ) ) ;
#1343 = CARTESIAN_POINT ( 'NONE',  ( 0.06717514421272199887, 0.04687499999999994449, 0.06717514421272199887 ) ) ;
#1344 = ADVANCED_FACE ( 'NONE', ( #105 ), #766, .F. ) ;
#1345 = CARTESIAN_POINT ( 'NONE',  ( -3.792068328495997154E-17, 0.04575317547305493560, 0.2165063509461096769 ) ) ;
#1346 = CARTESIAN_POINT ( 'NONE',  ( 0.03094280090340141218, 0.03320312499999999306, 0.07470252959880212262 ) ) ;
#1347 = CARTESIAN_POINT ( 'NONE',  ( 1.163414459189985436E-17, 0.06250000000000000000, 0.09499999999999998723 ) ) ;
#1348 = FACE_OUTER_BOUND ( 'NONE', #943, .T. ) ;
#1349 = ORIENTED_EDGE ( 'NONE', *, *, #494, .F. ) ;
#1350 = CARTESIAN_POINT ( 'NONE',  ( -0.05282266525110176220, 0.05859374999999998612, 0.05282266525110178301 ) ) ;
#1351 = VECTOR ( 'NONE', #882, 39.37007874015748143 ) ;
#1352 = CARTESIAN_POINT ( 'NONE',  ( 0.09499999999999998723, 0.02539062500000000000, -0.03935028842544402439 ) ) ;
#1353 = VECTOR ( 'NONE', #453, 39.37007874015748143 ) ;
#1354 = PLANE ( 'NONE',  #633 ) ;
#1355 = CARTESIAN_POINT ( 'NONE',  ( -0.09499999999999997335, 0.003906249999999945356, 1.745121688784977538E-17 ) ) ;
#1356 = VECTOR ( 'NONE', #1566, 39.37007874015748854 ) ;
#1357 = CARTESIAN_POINT ( 'NONE',  ( 0.09499999999999998723, 0.05468750000000000000, -5.817072295949927179E-18 ) ) ;
#1358 = CARTESIAN_POINT ( 'NONE',  ( -0.07470252959880210875, -0.04101562500000000694, -0.03094280090340142259 ) ) ;
#1359 = EDGE_CURVE ( 'NONE', #1180, #1771, #591, .T. ) ;
#1360 = LINE ( 'NONE', #1347, #270 ) ;
#1361 = CARTESIAN_POINT ( 'NONE',  ( 0.000000000000000000, 0.06250000000000000000, 0.000000000000000000 ) ) ;
#1362 = ORIENTED_EDGE ( 'NONE', *, *, #1513, .T. ) ;
#1363 = FACE_OUTER_BOUND ( 'NONE', #164, .T. ) ;
#1364 = DIRECTION ( 'NONE',  ( -0.000000000000000000, 1.000000000000000000, -0.000000000000000000 ) ) ;
#1365 = FACE_OUTER_BOUND ( 'NONE', #382, .T. ) ;
#1366 = CARTESIAN_POINT ( 'NONE',  ( 0.07470252959880212262, 0.06445312499999998612, 0.03094280090340139830 ) ) ;
#1367 = CARTESIAN_POINT ( 'NONE',  ( 0.1874999999999999445, -0.06250000000000006939, 0.01832810893153845322 ) ) ;
#1368 = CARTESIAN_POINT ( 'NONE',  ( -0.07470252959880212262, 0.02343749999999998959, 1.372263206420751324E-17 ) ) ;
#1369 = FACE_OUTER_BOUND ( 'NONE', #772, .T. ) ;
#1370 = ADVANCED_FACE ( 'NONE', ( #430 ), #1034, .F. ) ;
#1371 = CARTESIAN_POINT ( 'NONE',  ( -0.06717514421272202663, 0.03515625000000000000, -0.06717514421272199887 ) ) ;
#1372 = ORIENTED_EDGE ( 'NONE', *, *, #331, .F. ) ;
#1373 = CARTESIAN_POINT ( 'NONE',  ( -0.03935028842544401051, -0.08007812499999998612, 0.09500000000000000111 ) ) ;
#1374 = FACE_OUTER_BOUND ( 'NONE', #34, .T. ) ;
#1375 = CARTESIAN_POINT ( 'NONE',  ( -0.07379021263894820770, -0.04220252959880219784, -0.01262714398941731236 ) ) ;
#1376 = DIRECTION ( 'NONE',  ( 0.000000000000000000, 1.000000000000000000, 0.000000000000000000 ) ) ;
#1377 = CARTESIAN_POINT ( 'NONE',  ( 0.1874999999999999445, 0.04575317547305500498, 0.1082531754730547552 ) ) ;
#1378 = CARTESIAN_POINT ( 'NONE',  ( -0.04118772902430817978, 0.05878463546017213132, -0.08167724861812883375 ) ) ;
#1379 = B_SPLINE_CURVE_WITH_KNOTS ( 'NONE', 3,
 ( #1506, #101, #1205, #557 ),
 .UNSPECIFIED., .F., .F.,
 ( 4, 4 ),
 ( 2.380735675733479290E-07, 0.002782414345151442564 ),
 .UNSPECIFIED. ) ;
#1380 = CARTESIAN_POINT ( 'NONE',  ( -0.06079793825696507004, 0.04548574435055845189, -0.04912649734351198089 ) ) ;
#1381 = CARTESIAN_POINT ( 'NONE',  ( -0.02346771830080725263, -0.04419545554472555787, -0.07326330958200534538 ) ) ;
#1382 = VERTEX_POINT ( 'NONE', #1692 ) ;
#1383 = CARTESIAN_POINT ( 'NONE',  ( -0.07470252959880210875, 0.02539062499999998612, 0.03094280090340145728 ) ) ;
#1384 = CARTESIAN_POINT ( 'NONE',  ( 0.06717514421272199887, -0.003906249999999996964, -0.06717514421272201275 ) ) ;
#1385 = STYLED_ITEM ( 'NONE', ( #492 ), #1581 ) ;
#1386 = DIRECTION ( 'NONE',  ( 0.000000000000000000, 1.000000000000000000, -0.000000000000000000 ) ) ;
#1387 = CARTESIAN_POINT ( 'NONE',  ( 0.006375430703867504718, 0.05242831816640827064, -0.08492831816644261234 ) ) ;
#1388 =( GEOMETRIC_REPRESENTATION_CONTEXT ( 3 ) GLOBAL_UNCERTAINTY_ASSIGNED_CONTEXT ( ( #1146 ) ) GLOBAL_UNIT_ASSIGNED_CONTEXT ( ( #1914, #1759, #1444 ) ) REPRESENTATION_CONTEXT ( 'NONE', 'WORKASPACE' ) );
#1389 = CARTESIAN_POINT ( 'NONE',  ( 0.1875000000000000555, -0.06250000000000000000, 0.000000000000000000 ) ) ;
#1390 = CARTESIAN_POINT ( 'NONE',  ( 0.000000000000000000, 0.06250000000000000000, 0.000000000000000000 ) ) ;
#1391 = ORIENTED_EDGE ( 'NONE', *, *, #1359, .T. ) ;
#1392 = AXIS2_PLACEMENT_3D ( 'NONE', #662, #24, #499 ) ;
#1393 = CARTESIAN_POINT ( 'NONE',  ( 0.06717514421272199887, 0.07812499999999993061, 0.06717514421272199887 ) ) ;
#1394 = CYLINDRICAL_SURFACE ( 'NONE', #955, 0.09499999999999998723 ) ;
#1395 = CARTESIAN_POINT ( 'NONE',  ( -0.03094280090340145728, -0.01367187500000001388, -0.07470252959880210875 ) ) ;
#1396 = CARTESIAN_POINT ( 'NONE',  ( 0.000000000000000000, 0.03125000000000000000, -0.09499999999999998723 ) ) ;
#1397 =( BOUNDED_CURVE ( )  B_SPLINE_CURVE ( 2, ( #1973, #1798, #1314, #240, #381, #863, #1497, #999, #1480 ),
 .UNSPECIFIED., .F., .F. ) 
 B_SPLINE_CURVE_WITH_KNOTS ( ( 3, 2, 2, 2, 3 ),
 ( 0.6000000000000000888, 0.6250000000000001110, 0.6500000000000001332, 0.6750000000000002665, 0.7000000000000001776 ),
 .UNSPECIFIED. ) 
 CURVE ( )  GEOMETRIC_REPRESENTATION_ITEM ( )  RATIONAL_B_SPLINE_CURVE ( ( 0.9999999999999996669, 0.9238795325112870716, 1.000000000000000000, 0.9238795325112867385, 1.000000000000000000, 0.9238795325112867385, 1.000000000000000000, 0.9238795325112860723, 1.000000000000000666 ) ) 
 REPRESENTATION_ITEM ( '' )  );
#1398 = ORIENTED_EDGE ( 'NONE', *, *, #1005, .F. ) ;
#1399 = CARTESIAN_POINT ( 'NONE',  ( -0.07377208565675429097, -0.04220252959880217009, 0.01175360822523933979 ) ) ;
#1400 = CARTESIAN_POINT ( 'NONE',  ( -0.1333599320255622889, -0.05943781738910994261, -0.1395109582920411317 ) ) ;
#1401 = EDGE_CURVE ( 'NONE', #1548, #367, #333, .T. ) ;
#1402 = DIRECTION ( 'NONE',  ( 0.000000000000000000, 0.000000000000000000, 1.000000000000000000 ) ) ;
#1403 = CARTESIAN_POINT ( 'NONE',  ( 0.03094280090340141218, 0.02929687499999998265, 0.07470252959880212262 ) ) ;
#1404 = CARTESIAN_POINT ( 'NONE',  ( 0.09499999999999997335, 0.05273437499999994449, -0.03935028842544403826 ) ) ;
#1405 = DIMENSIONAL_EXPONENTS ( 1.000000000000000000, 0.000000000000000000, 0.000000000000000000, 0.000000000000000000, 0.000000000000000000, 0.000000000000000000, 0.000000000000000000 ) ;
#1406 = CARTESIAN_POINT ( 'NONE',  ( 0.000000000000000000, 0.06250000000000000000, 0.000000000000000000 ) ) ;
#1407 = CARTESIAN_POINT ( 'NONE',  ( 0.03094280090340141218, 0.06054687499999997918, 0.07470252959880212262 ) ) ;
#1408 = CARTESIAN_POINT ( 'NONE',  ( -0.1874999999999999722, 0.06249999999999997918, -0.01831435281558730852 ) ) ;
#1409 = VERTEX_POINT ( 'NONE', #283 ) ;
#1410 =( CONVERSION_BASED_UNIT ( 'INCH', #808 ) LENGTH_UNIT ( ) NAMED_UNIT ( #1568 ) );
#1411 = CARTESIAN_POINT ( 'NONE',  ( -0.05282266525110176220, 0.05468749999999997918, 0.05282266525110178301 ) ) ;
#1412 = B_SPLINE_CURVE_WITH_KNOTS ( 'NONE', 3,
 ( #670, #629, #355, #1112, #1136, #194, #173, #1298 ),
 .UNSPECIFIED., .F., .F.,
 ( 4, 2, 2, 4 ),
 ( 0.002782414345151446467, 0.003475358748974706046, 0.004168303152797966059, 0.005554191960444485217 ),
 .UNSPECIFIED. ) ;
#1413 = EDGE_CURVE ( 'NONE', #1766, #906, #908, .T. ) ;
#1414 = CARTESIAN_POINT ( 'NONE',  ( 0.03067248984371273232, -0.05597733875432269607, 0.1987975806781260568 ) ) ;
#1415 = VERTEX_POINT ( 'NONE', #736 ) ;
#1416 = CARTESIAN_POINT ( 'NONE',  ( 0.06047579810967061015, 0.04220252959879896432, -0.04385368595065036734 ) ) ;
#1417 = CARTESIAN_POINT ( 'NONE',  ( 0.06717514421272199887, -0.01562500000000005551, 0.06717514421272199887 ) ) ;
#1418 = CARTESIAN_POINT ( 'NONE',  ( 0.07470252959880212262, -0.05273437500000001388, -0.03094280090340140871 ) ) ;
#1419 = CARTESIAN_POINT ( 'NONE',  ( 0.06645035278870183026, -0.04816056126943642213, -0.04697781285143917684 ) ) ;
#1420 = ORIENTED_EDGE ( 'NONE', *, *, #1924, .T. ) ;
#1421 = LENGTH_MEASURE_WITH_UNIT ( LENGTH_MEASURE( 0.02539999999999999897 ), #666 );
#1422 = CARTESIAN_POINT ( 'NONE',  ( -0.07470252959880210875, -0.009765625000000026021, 0.03094280090340145728 ) ) ;
#1423 = CARTESIAN_POINT ( 'NONE',  ( -0.1875000000000000555, 0.04575317547305492866, 0.1082531754730548107 ) ) ;
#1424 = ORIENTED_EDGE ( 'NONE', *, *, #359, .F. ) ;
#1425 = ADVANCED_FACE ( 'NONE', ( #115 ), #874, .F. ) ;
#1426 = AXIS2_PLACEMENT_3D ( 'NONE', #447, #2042, #1908 ) ;
#1427 = CARTESIAN_POINT ( 'NONE',  ( 1.163414459189985282E-17, 0.07421874999999994449, 0.09499999999999997335 ) ) ;
#1428 = AXIS2_PLACEMENT_3D ( 'NONE', #849, #1190, #857 ) ;
#1429 = ADVANCED_FACE ( 'NONE', ( #1374 ), #1666, .T. ) ;
#1430 = CARTESIAN_POINT ( 'NONE',  ( 1.163414459189985436E-17, 0.01562500000000000347, 0.09499999999999998723 ) ) ;
#1431 = CARTESIAN_POINT ( 'NONE',  ( -0.07470252959880212262, -0.07031250000000001388, 1.372263206420751324E-17 ) ) ;
#1432 = CARTESIAN_POINT ( 'NONE',  ( 1.163414459189985436E-17, 0.01562500000000000347, 0.09499999999999998723 ) ) ;
#1433 = SURFACE_STYLE_FILL_AREA ( #308 ) ;
#1434 = CARTESIAN_POINT ( 'NONE',  ( 0.05282266525110176913, 0.06249999999999997918, 0.05282266525110176220 ) ) ;
#1435 = CARTESIAN_POINT ( 'NONE',  ( 0.03935028842544401745, 0.02539062499999994449, -0.09499999999999997335 ) ) ;
#1436 = EDGE_CURVE ( 'NONE', #1409, #123, #262, .T. ) ;
#1437 = CARTESIAN_POINT ( 'NONE',  ( 0.09499999999999997335, -0.01171875000000005898, -5.817072295949926409E-18 ) ) ;
#1438 = CARTESIAN_POINT ( 'NONE',  ( 0.05282266525110176220, -0.05078125000000000694, -0.05282266525110176913 ) ) ;
#1439 = CARTESIAN_POINT ( 'NONE',  ( 0.01175360822523837008, 0.04220252959880219090, -0.07377208565675444363 ) ) ;
#1440 = ORIENTED_EDGE ( 'NONE', *, *, #1436, .F. ) ;
#1441 = CARTESIAN_POINT ( 'NONE',  ( -0.03094280090340145728, -0.01367187500000001388, -0.07470252959880210875 ) ) ;
#1442 = CARTESIAN_POINT ( 'NONE',  ( 0.05282266525110176220, 0.03906249999999998612, -0.05282266525110176913 ) ) ;
#1443 = CARTESIAN_POINT ( 'NONE',  ( -0.1875000000000000555, 0.06250000000000000000, 2.957312202238503777E-17 ) ) ;
#1444 =( NAMED_UNIT ( * ) SI_UNIT ( $, .STERADIAN. ) SOLID_ANGLE_UNIT ( ) );
#1445 = EDGE_LOOP ( 'NONE', ( #1137, #687, #462 ) ) ;
#1446 = CARTESIAN_POINT ( 'NONE',  ( -0.05282266525110178301, 0.05078124999999999306, -0.05282266525110175526 ) ) ;
#1447 = FACE_OUTER_BOUND ( 'NONE', #1325, .T. ) ;
#1448 = CARTESIAN_POINT ( 'NONE',  ( -0.07470252959880212262, -0.07421875000000001388, 1.372263206420751324E-17 ) ) ;
#1449 = CARTESIAN_POINT ( 'NONE',  ( 0.04168313784628854823, -0.04691529605754322235, -0.06781146407224364347 ) ) ;
#1450 = ORIENTED_EDGE ( 'NONE', *, *, #431, .T. ) ;
#1451 = CARTESIAN_POINT ( 'NONE',  ( -0.05282266525110178301, -0.01171875000000000694, -0.05282266525110175526 ) ) ;
#1452 = CARTESIAN_POINT ( 'NONE',  ( -0.03094280090340139483, -0.005859375000000013010, 0.07470252959880213650 ) ) ;
#1453 = CARTESIAN_POINT ( 'NONE',  ( 0.03072356598229059391, 0.05506208769007254339, -0.1987680918557690468 ) ) ;
#1454 =( BOUNDED_CURVE ( )  B_SPLINE_CURVE ( 2, ( #1166, #717, #992, #60, #1645, #375, #400, #78, #69 ),
 .UNSPECIFIED., .F., .T. ) 
 B_SPLINE_CURVE_WITH_KNOTS ( ( 3, 2, 2, 2, 3 ),
 ( 0.2000000000000000666, 0.2250000000000000888, 0.2500000000000001110, 0.2750000000000000777, 0.3000000000000000999 ),
 .UNSPECIFIED. ) 
 CURVE ( )  GEOMETRIC_REPRESENTATION_ITEM ( )  RATIONAL_B_SPLINE_CURVE ( ( 0.9999999999999996669, 0.9238795325112870716, 1.000000000000000000, 0.9238795325112867385, 1.000000000000000000, 0.9238795325112867385, 1.000000000000000000, 0.9238795325112865164, 1.000000000000000222 ) ) 
 REPRESENTATION_ITEM ( '' )  );
#1455 = CARTESIAN_POINT ( 'NONE',  ( -0.1875000000000000555, 0.05501383542315541747, 0.07301363270930395777 ) ) ;
#1456 = ORIENTED_EDGE ( 'NONE', *, *, #394, .T. ) ;
#1457 = CARTESIAN_POINT ( 'NONE',  ( -0.05282266525110176220, 0.05859374999999998612, 0.05282266525110178301 ) ) ;
#1458 = AXIS2_PLACEMENT_3D ( 'NONE', #832, #226, #1977 ) ;
#1459 = CARTESIAN_POINT ( 'NONE',  ( -0.04553381254670672146, -0.05619755007303025435, -0.07708470172198886305 ) ) ;
#1460 = CARTESIAN_POINT ( 'NONE',  ( 0.05282266525110176913, -1.707404996040164512E-17, 0.05282266525110176220 ) ) ;
#1461 = CONICAL_SURFACE ( 'NONE', #2029, 0.1875000000000000555, 1.047197551196600074 ) ;
#1462 = CARTESIAN_POINT ( 'NONE',  ( 0.000000000000000000, 0.06250000000000000000, 0.000000000000000000 ) ) ;
#1463 = ORIENTED_EDGE ( 'NONE', *, *, #1735, .F. ) ;
#1464 = CARTESIAN_POINT ( 'NONE',  ( 0.06717514421272201275, 0.01953125000000000000, 0.06717514421272199887 ) ) ;
#1465 = CARTESIAN_POINT ( 'NONE',  ( -0.06047579810964221619, -0.04220252959880219784, -0.04385368595068953046 ) ) ;
#1466 = EDGE_CURVE ( 'NONE', #439, #1777, #1993, .T. ) ;
#1467 = ORIENTED_EDGE ( 'NONE', *, *, #1773, .F. ) ;
#1468 = CARTESIAN_POINT ( 'NONE',  ( 0.07470252959880212262, 0.07226562499999998612, -0.03094280090340140871 ) ) ;
#1469 = PLANE ( 'NONE',  #1129 ) ;
#1470 = CARTESIAN_POINT ( 'NONE',  ( 0.03094280090340140177, -0.02148437500000001388, -0.07470252959880212262 ) ) ;
#1471 = CARTESIAN_POINT ( 'NONE',  ( 0.07982895490139568784, -0.05108004379350609275, 0.02533875350789204645 ) ) ;
#1472 = ORIENTED_EDGE ( 'NONE', *, *, #218, .T. ) ;
#1473 = CARTESIAN_POINT ( 'NONE',  ( 0.000000000000000000, 0.000000000000000000, -0.09499999999999998723 ) ) ;
#1474 = DIRECTION ( 'NONE',  ( 0.000000000000000000, 0.000000000000000000, 1.000000000000000000 ) ) ;
#1475 = CARTESIAN_POINT ( 'NONE',  ( 0.04542805647740956465, 0.05433814335662000283, 0.07423984440829875520 ) ) ;
#1476 = ORIENTED_EDGE ( 'NONE', *, *, #37, .F. ) ;
#1477 = ADVANCED_FACE ( 'NONE', ( #1869, #1200 ), #449, .F. ) ;
#1478 = CARTESIAN_POINT ( 'NONE',  ( 1.163414459189985282E-17, 0.01171874999999993928, 0.09499999999999997335 ) ) ;
#1479 = CARTESIAN_POINT ( 'NONE',  ( 0.05282266525110176913, -0.03125000000000001388, 0.05282266525110176220 ) ) ;
#1480 = CARTESIAN_POINT ( 'NONE',  ( 1.163414459189985282E-17, 0.04296874999999994449, 0.09499999999999997335 ) ) ;
#1481 = EDGE_LOOP ( 'NONE', ( #260, #1760, #1881, #1463 ) ) ;
#1482 = CARTESIAN_POINT ( 'NONE',  ( 1.163414459189985436E-17, 0.04687499999999999306, 0.09499999999999998723 ) ) ;
#1483 = CARTESIAN_POINT ( 'NONE',  ( -0.03094280090340139136, -0.03710937500000002082, 0.07470252959880213650 ) ) ;
#1484 = CARTESIAN_POINT ( 'NONE',  ( 0.04019931336491732593, 0.05412017061201872259, 0.07695735227179763271 ) ) ;
#1485 = CARTESIAN_POINT ( 'NONE',  ( 0.09499999999999997335, 0.01757812499999994102, 0.03935028842544401051 ) ) ;
#1486 = CARTESIAN_POINT ( 'NONE',  ( -0.03094280090340145728, -0.01757812500000002082, -0.07470252959880210875 ) ) ;
#1487 = EDGE_CURVE ( 'NONE', #665, #2045, #2027, .T. ) ;
#1488 = DIRECTION ( 'NONE',  ( -0.000000000000000000, -1.000000000000000000, -0.000000000000000000 ) ) ;
#1489 = CIRCLE ( 'NONE', #305, 0.1875000000000000555 ) ;
#1490 = ORIENTED_EDGE ( 'NONE', *, *, #816, .T. ) ;
#1491 = CARTESIAN_POINT ( 'NONE',  ( 0.03935028842544403826, 0.06054687500000000000, -0.09499999999999998723 ) ) ;
#1492 = DIRECTION ( 'NONE',  ( 0.000000000000000000, 1.000000000000000000, 0.000000000000000000 ) ) ;
#1493 = CONICAL_SURFACE ( 'NONE', #271, 0.1875000000000000555, 1.047197551196600074 ) ;
#1494 = PLANE ( 'NONE',  #1727 ) ;
#1495 = CARTESIAN_POINT ( 'NONE',  ( 0.05282266525110176220, -0.05078125000000000694, -0.05282266525110176913 ) ) ;
#1496 = DIRECTION ( 'NONE',  ( -0.000000000000000000, -1.000000000000000000, -0.000000000000000000 ) ) ;
#1497 = CARTESIAN_POINT ( 'NONE',  ( -0.06717514421272199887, 0.03906249999999994449, 0.06717514421272201275 ) ) ;
#1498 = EDGE_CURVE ( 'NONE', #979, #123, #1705, .T. ) ;
#1499 = EDGE_LOOP ( 'NONE', ( #11, #785, #184 ) ) ;
#1500 = CARTESIAN_POINT ( 'NONE',  ( 9.148421376138343185E-18, -0.06640625000000002776, 0.07470252959880212262 ) ) ;
#1501 = PLANE ( 'NONE',  #9 ) ;
#1502 = CARTESIAN_POINT ( 'NONE',  ( 1.163414459189985282E-17, 0.04296874999999994449, 0.09499999999999997335 ) ) ;
#1503 = CARTESIAN_POINT ( 'NONE',  ( 0.1874999999999999445, -0.04575317547305494947, -0.1082531754730549217 ) ) ;
#1504 = CARTESIAN_POINT ( 'NONE',  ( 0.03094280090340140177, 0.04492187499999999306, -0.07470252959880212262 ) ) ;
#1505 = B_SPLINE_CURVE_WITH_KNOTS ( 'NONE', 3,
 ( #668, #445, #1769, #1615, #1227, #1453, #1922, #810 ),
 .UNSPECIFIED., .F., .F.,
 ( 4, 2, 2, 4 ),
 ( 0.002782414345151439962, 0.003475358748974700408, 0.004168303152797960855, 0.005554191960444480880 ),
 .UNSPECIFIED. ) ;
#1506 = CARTESIAN_POINT ( 'NONE',  ( -0.1875000000000000555, -0.04575317547305492866, 0.1082531754730548107 ) ) ;
#1507 = CARTESIAN_POINT ( 'NONE',  ( 0.000000000000000000, 0.03125000000000000000, -0.09499999999999998723 ) ) ;
#1508 = ORIENTED_EDGE ( 'NONE', *, *, #1413, .F. ) ;
#1509 = CARTESIAN_POINT ( 'NONE',  ( 0.09499999999999998723, -0.04101562499999999306, 0.03935028842544401745 ) ) ;
#1510 = CARTESIAN_POINT ( 'NONE',  ( -8.878214572196529745E-19, 0.06250000000000000000, -0.2165063509461097047 ) ) ;
#1511 = CARTESIAN_POINT ( 'NONE',  ( -0.06180549377499666708, 0.06250000000000011102, -0.1808229324777176350 ) ) ;
#1512 = CARTESIAN_POINT ( 'NONE',  ( 0.01252980940994095384, 0.05156600754959296540, -0.08336506722274925063 ) ) ;
#1513 = EDGE_CURVE ( 'NONE', #148, #52, #737, .T. ) ;
#1514 = B_SPLINE_CURVE_WITH_KNOTS ( 'NONE', 3,
 ( #1503, #44, #674, #1795 ),
 .UNSPECIFIED., .F., .F.,
 ( 4, 4 ),
 ( 2.380735675733479025E-07, 0.002782414345151439962 ),
 .UNSPECIFIED. ) ;
#1515 = DIRECTION ( 'NONE',  ( -0.000000000000000000, -1.000000000000000000, -0.000000000000000000 ) ) ;
#1516 = CARTESIAN_POINT ( 'NONE',  ( 0.05282266525110176220, 0.04296874999999997918, -0.05282266525110176913 ) ) ;
#1517 =( BOUNDED_CURVE ( )  B_SPLINE_CURVE ( 2, ( #1502, #1318, #1343, #1958, #850, #51, #1637, #1157, #70 ),
 .UNSPECIFIED., .F., .F. ) 
 B_SPLINE_CURVE_WITH_KNOTS ( ( 3, 2, 2, 2, 3 ),
 ( 0.7000000000000001776, 0.7250000000000000888, 0.7500000000000001110, 0.7750000000000001332, 0.8000000000000000444 ),
 .UNSPECIFIED. ) 
 CURVE ( )  GEOMETRIC_REPRESENTATION_ITEM ( )  RATIONAL_B_SPLINE_CURVE ( ( 0.9999999999999993339, 0.9238795325112874046, 1.000000000000000000, 0.9238795325112867385, 1.000000000000000000, 0.9238795325112867385, 1.000000000000000000, 0.9238795325112867385, 1.000000000000000000 ) ) 
 REPRESENTATION_ITEM ( '' )  );
#1518 = CARTESIAN_POINT ( 'NONE',  ( -0.03988635536520283159, 0.05101946983406461383, 0.07356796583519242816 ) ) ;
#1519 = CARTESIAN_POINT ( 'NONE',  ( 0.09375000000000001388, 0.06250000000000000000, -0.1623797632095823062 ) ) ;
#1520 = VERTEX_POINT ( 'NONE', #1743 ) ;
#1521 = CARTESIAN_POINT ( 'NONE',  ( 0.07470252959880212262, 0.07031249999999998612, -4.574210688069171592E-18 ) ) ;
#1522 = CARTESIAN_POINT ( 'NONE',  ( 0.03935028842544403826, 0.01757812500000000347, 0.09499999999999998723 ) ) ;
#1523 = CONICAL_SURFACE ( 'NONE', #1894, 0.1875000000000000555, 1.047197551196600074 ) ;
#1524 = CARTESIAN_POINT ( 'NONE',  ( 0.03094280090340141218, 0.03320312499999998612, 0.07470252959880212262 ) ) ;
#1525 = CARTESIAN_POINT ( 'NONE',  ( 1.163414459189985282E-17, 0.01171874999999993928, 0.09499999999999997335 ) ) ;
#1526 = EDGE_CURVE ( 'NONE', #76, #1902, #599, .T. ) ;
#1527 = CARTESIAN_POINT ( 'NONE',  ( 0.1874999999999999722, -0.06087971777994258954, 0.03688815761413545558 ) ) ;
#1528 = CARTESIAN_POINT ( 'NONE',  ( 0.05282266525110176220, 0.01171874999999998959, -0.05282266525110176913 ) ) ;
#1529 = CARTESIAN_POINT ( 'NONE',  ( -0.07742974015486761563, 0.04860897590237816396, 0.02471921115610129643 ) ) ;
#1530 = CARTESIAN_POINT ( 'NONE',  ( 0.09499999999999998723, -0.03710937500000000000, -0.03935028842544402439 ) ) ;
#1531 =( BOUNDED_SURFACE ( )  B_SPLINE_SURFACE ( 1, 2, ( 
 ( #925, #1259, #2041, #165, #21, #1752, #1393, #1866, #1427, #487, #2033, #642, #1719, #2050, #1269, #289, #622, #803, #609, #1404, #334, #913, #1563, #777, #1238, #1897, #322, #944, #131, #952, #1586, #1876, #457, #1435, #997, #540, #1762, #1485, #683, #1618, #1478, #186, #517, #673, #962, #358, #1170, #509, #1948, #844, #1149, #42, #71, #210, #1782, #1608, #368, #379, #346, #984, #812, #1278, #496, #1639, #1793, #196, #1961, #1310, #1927, #527, #823, #1805, #659, #1772, #1300, #30, #63, #220, #1628, #1007, #692 ),
 ( #387, #834, #1321, #1468, #1139, #974, #54, #1159, #1125, #1649, #1457, #227, #851, #1915, #1446, #1288, #1938, #1504, #1516, #1016, #720, #891, #1047, #1346, #1204, #1656, #1538, #1330, #1368, #703, #731, #879, #1971, #1687, #1528, #109, #90, #1988, #1843, #1852, #257, #869, #100, #435, #395, #741, #567, #2008, #585, #1194, #1058, #1215, #1833, #1337, #1697, #236, #267, #278, #1814, #902, #425, #1358, #548, #415, #1177, #861, #1495, #1037, #1185, #1677, #81, #1028, #1997, #575, #712, #1979, #556, #1669, #1822, #404, #246 ) ),
 .UNSPECIFIED., .F., .F., .T. ) 
 B_SPLINE_SURFACE_WITH_KNOTS ( ( 2, 2 ),
 ( 3, 2, 2, 2, 2, 2, 2, 2, 2, 2, 2, 2, 2, 2, 2, 2, 2, 2, 2, 2, 2, 2, 2, 2, 2, 2, 2, 2, 2, 2, 2, 2, 2, 2, 2, 2, 2, 2, 2, 2, 3 ),
 ( 0.000000000000000000, 1.000000000000000000 ),
 ( 0.000000000000000000, 0.02500000000000000139, 0.05000000000000000278, 0.07499999999999999722, 0.1000000000000000056, 0.1250000000000000000, 0.1499999999999999944, 0.1749999999999999889, 0.2000000000000000111, 0.2250000000000000056, 0.2500000000000000000, 0.2750000000000000222, 0.2999999999999999889, 0.3250000000000000111, 0.3499999999999999778, 0.3750000000000000000, 0.4000000000000000222, 0.4249999999999999889, 0.4500000000000000111, 0.4749999999999999778, 0.5000000000000000000, 0.5250000000000000222, 0.5500000000000000444, 0.5749999999999999556, 0.5999999999999999778, 0.6250000000000000000, 0.6500000000000000222, 0.6750000000000000444, 0.6999999999999999556, 0.7249999999999999778, 0.7500000000000000000, 0.7750000000000000222, 0.8000000000000000444, 0.8249999999999999556, 0.8499999999999999778, 0.8750000000000000000, 0.9000000000000000222, 0.9250000000000000444, 0.9499999999999999556, 0.9749999999999999778, 1.000000000000000000 ),
 .UNSPECIFIED. ) 
 GEOMETRIC_REPRESENTATION_ITEM ( )  RATIONAL_B_SPLINE_SURFACE ( (
 ( 1.000000000000000000, 0.9238795325112867385, 1.000000000000000000, 0.9238795325112867385, 1.000000000000000000, 0.9238795325112867385, 1.000000000000000000, 0.9238795325112867385, 1.000000000000000000, 0.9238795325112867385, 1.000000000000000000, 0.9238795325112867385, 1.000000000000000000, 0.9238795325112867385, 1.000000000000000000, 0.9238795325112867385, 1.000000000000000000, 0.9238795325112867385, 1.000000000000000000, 0.9238795325112867385, 1.000000000000000000, 0.9238795325112867385, 1.000000000000000000, 0.9238795325112867385, 1.000000000000000000, 0.9238795325112867385, 1.000000000000000000, 0.9238795325112867385, 1.000000000000000000, 0.9238795325112867385, 1.000000000000000000, 0.9238795325112867385, 1.000000000000000000, 0.9238795325112867385, 1.000000000000000000, 0.9238795325112867385, 1.000000000000000000, 0.9238795325112867385, 1.000000000000000000, 0.9238795325112867385, 1.000000000000000000, 0.9238795325112867385, 1.000000000000000000, 0.9238795325112867385, 1.000000000000000000, 0.9238795325112867385, 1.000000000000000000, 0.9238795325112867385, 1.000000000000000000, 0.9238795325112867385, 1.000000000000000000, 0.9238795325112867385, 1.000000000000000000, 0.9238795325112867385, 1.000000000000000000, 0.9238795325112867385, 1.000000000000000000, 0.9238795325112867385, 1.000000000000000000, 0.9238795325112867385, 1.000000000000000000, 0.9238795325112867385, 1.000000000000000000, 0.9238795325112867385, 1.000000000000000000, 0.9238795325112867385, 1.000000000000000000, 0.9238795325112867385, 1.000000000000000000, 0.9238795325112867385, 1.000000000000000000, 0.9238795325112867385, 1.000000000000000000, 0.9238795325112867385, 1.000000000000000000, 0.9238795325112867385, 1.000000000000000000, 0.9238795325112867385, 1.000000000000000000, 0.9238795325112867385, 1.000000000000000000),
 ( 1.000000000000000000, 0.9238795325112867385, 1.000000000000000000, 0.9238795325112867385, 1.000000000000000000, 0.9238795325112867385, 1.000000000000000000, 0.9238795325112867385, 1.000000000000000000, 0.9238795325112867385, 1.000000000000000000, 0.9238795325112867385, 1.000000000000000000, 0.9238795325112867385, 1.000000000000000000, 0.9238795325112867385, 1.000000000000000000, 0.9238795325112867385, 1.000000000000000000, 0.9238795325112867385, 1.000000000000000000, 0.9238795325112867385, 1.000000000000000000, 0.9238795325112867385, 1.000000000000000000, 0.9238795325112867385, 1.000000000000000000, 0.9238795325112867385, 1.000000000000000000, 0.9238795325112867385, 1.000000000000000000, 0.9238795325112867385, 1.000000000000000000, 0.9238795325112867385, 1.000000000000000000, 0.9238795325112867385, 1.000000000000000000, 0.9238795325112867385, 1.000000000000000000, 0.9238795325112867385, 1.000000000000000000, 0.9238795325112867385, 1.000000000000000000, 0.9238795325112867385, 1.000000000000000000, 0.9238795325112867385, 1.000000000000000000, 0.9238795325112867385, 1.000000000000000000, 0.9238795325112867385, 1.000000000000000000, 0.9238795325112867385, 1.000000000000000000, 0.9238795325112867385, 1.000000000000000000, 0.9238795325112867385, 1.000000000000000000, 0.9238795325112867385, 1.000000000000000000, 0.9238795325112867385, 1.000000000000000000, 0.9238795325112867385, 1.000000000000000000, 0.9238795325112867385, 1.000000000000000000, 0.9238795325112867385, 1.000000000000000000, 0.9238795325112867385, 1.000000000000000000, 0.9238795325112867385, 1.000000000000000000, 0.9238795325112867385, 1.000000000000000000, 0.9238795325112867385, 1.000000000000000000, 0.9238795325112867385, 1.000000000000000000, 0.9238795325112867385, 1.000000000000000000, 0.9238795325112867385, 1.000000000000000000) ) ) 
 REPRESENTATION_ITEM ( '' )  SURFACE ( )  );
#1532 = CARTESIAN_POINT ( 'NONE',  ( 0.1874999999999999445, 0.04575317547305494947, -0.1082531754730549217 ) ) ;
#1533 = CARTESIAN_POINT ( 'NONE',  ( 0.06717514421272199887, -0.03515625000000000694, -0.06717514421272201275 ) ) ;
#1534 = CARTESIAN_POINT ( 'NONE',  ( 0.000000000000000000, 0.06250000000000000000, 0.000000000000000000 ) ) ;
#1535 = CARTESIAN_POINT ( 'NONE',  ( -0.07454796226841846341, -0.04220252959880218396, 0.006883781465840438547 ) ) ;
#1536 = FACE_OUTER_BOUND ( 'NONE', #647, .T. ) ;
#1537 = CARTESIAN_POINT ( 'NONE',  ( -0.06717514421272202663, -0.02734374999999999306, -0.06717514421272199887 ) ) ;
#1538 = CARTESIAN_POINT ( 'NONE',  ( -0.05282266525110176220, 0.02734374999999998612, 0.05282266525110178301 ) ) ;
#1539 = CARTESIAN_POINT ( 'NONE',  ( -0.07240146790761783913, 0.04634075955247862755, -0.03164632315970456605 ) ) ;
#1540 = CARTESIAN_POINT ( 'NONE',  ( -0.06047579810964221619, -0.04220252959880219784, -0.04385368595068953046 ) ) ;
#1541 = ORIENTED_EDGE ( 'NONE', *, *, #468, .F. ) ;
#1542 = CARTESIAN_POINT ( 'NONE',  ( 0.09499999999999998723, -0.07031249999999998612, -5.817072295949927179E-18 ) ) ;
#1543 = CARTESIAN_POINT ( 'NONE',  ( 0.09499999999999998723, -0.005859375000000003469, -0.03935028842544402439 ) ) ;
#1544 = CARTESIAN_POINT ( 'NONE',  ( -0.07470252959880212262, 0.02148437500000000000, -0.03094280090340142259 ) ) ;
#1545 = CARTESIAN_POINT ( 'NONE',  ( 0.07470252959880212262, 0.06640624999999997224, -4.574210688069171592E-18 ) ) ;
#1546 = CARTESIAN_POINT ( 'NONE',  ( 0.000000000000000000, -0.03124999999999998959, -0.09499999999999998723 ) ) ;
#1547 = CARTESIAN_POINT ( 'NONE',  ( -0.005948217390395475930, 0.05403153116000709855, -0.08653153115997487543 ) ) ;
#1548 = VERTEX_POINT ( 'NONE', #147 ) ;
#1549 = CARTESIAN_POINT ( 'NONE',  ( 0.000000000000000000, 0.06250000000000000000, 0.1875000000000000555 ) ) ;
#1550 = CARTESIAN_POINT ( 'NONE',  ( -0.1875000000000000555, 0.04575317547305492866, 0.1082531754730548107 ) ) ;
#1551 = ADVANCED_FACE ( 'NONE', ( #325 ), #1192, .F. ) ;
#1552 = CARTESIAN_POINT ( 'NONE',  ( 0.09499999999999995948, -0.01367187500000004857, 0.03935028842544401745 ) ) ;
#1553 = CARTESIAN_POINT ( 'NONE',  ( -0.03094280090340139483, -0.001953125000000006939, 0.07470252959880213650 ) ) ;
#1554 = DIRECTION ( 'NONE',  ( 0.000000000000000000, 0.000000000000000000, -1.000000000000000000 ) ) ;
#1555 = ORIENTED_EDGE ( 'NONE', *, *, #682, .F. ) ;
#1556 = DIRECTION ( 'NONE',  ( 0.000000000000000000, 0.000000000000000000, 1.000000000000000000 ) ) ;
#1557 = CARTESIAN_POINT ( 'NONE',  ( 0.1874999999999999445, 0.04575317547305500498, 0.1082531754730547552 ) ) ;
#1558 = AXIS2_PLACEMENT_3D ( 'NONE', #1022, #679, #1306 ) ;
#1559 = CARTESIAN_POINT ( 'NONE',  ( 0.06717514421272199887, 0.05859375000000000000, -0.06717514421272201275 ) ) ;
#1560 = CARTESIAN_POINT ( 'NONE',  ( 0.09375000000000011102, -0.06250000000000000000, 0.1623797632095822785 ) ) ;
#1561 = ORIENTED_EDGE ( 'NONE', *, *, #2011, .F. ) ;
#1562 = VECTOR ( 'NONE', #306, 39.37007874015748143 ) ;
#1563 = CARTESIAN_POINT ( 'NONE',  ( 0.06717514421272199887, 0.04687499999999994449, 0.06717514421272199887 ) ) ;
#1564 = CARTESIAN_POINT ( 'NONE',  ( -7.232301839223854333E-13, 0.04268829386829244704, -0.07518829386829235795 ) ) ;
#1565 = CARTESIAN_POINT ( 'NONE',  ( 0.07470252959880212262, 0.06445312499999998612, 0.03094280090340139830 ) ) ;
#1566 = DIRECTION ( 'NONE',  ( 8.659560562354947649E-17, 0.7071067811865462405, -0.7071067811865486830 ) ) ;
#1567 = EDGE_CURVE ( 'NONE', #148, #1382, #806, .T. ) ;
#1568 = DIMENSIONAL_EXPONENTS ( 1.000000000000000000, 0.000000000000000000, 0.000000000000000000, 0.000000000000000000, 0.000000000000000000, 0.000000000000000000, 0.000000000000000000 ) ;
#1569 = VERTEX_POINT ( 'NONE', #1264 ) ;
#1570 = CARTESIAN_POINT ( 'NONE',  ( -0.05282266525110176220, -0.03515625000000000694, 0.05282266525110178301 ) ) ;
#1571 = CARTESIAN_POINT ( 'NONE',  ( -0.05282266525110178301, -0.01562500000000001388, -0.05282266525110175526 ) ) ;
#1572 = B_SPLINE_CURVE_WITH_KNOTS ( 'NONE', 3,
 ( #1116, #1599, #1239, #313, #928, #2034, #488, #1 ),
 .UNSPECIFIED., .F., .F.,
 ( 4, 2, 2, 4 ),
 ( 0.002782414345151442564, 0.003475358748974702577, 0.004168303152797963457, 0.005554191960444484349 ),
 .UNSPECIFIED. ) ;
#1573 = CARTESIAN_POINT ( 'NONE',  ( 0.06180549377499663238, -0.06250000000000016653, 0.1808229324777175517 ) ) ;
#1574 = ORIENTED_EDGE ( 'NONE', *, *, #577, .T. ) ;
#1575 = FACE_OUTER_BOUND ( 'NONE', #1257, .T. ) ;
#1576 = CARTESIAN_POINT ( 'NONE',  ( 0.1874999999999999445, 0.06250000000000000000, 0.000000000000000000 ) ) ;
#1577 = CARTESIAN_POINT ( 'NONE',  ( 0.05282266525110176913, 0.003906249999999988291, 0.05282266525110176220 ) ) ;
#1578 = CARTESIAN_POINT ( 'NONE',  ( 0.05414006797443469271, -0.05943781738910949852, -0.1852485681271252016 ) ) ;
#1579 = CARTESIAN_POINT ( 'NONE',  ( 9.148421376138343185E-18, -0.03125000000000000694, 0.07470252959880212262 ) ) ;
#1580 = CARTESIAN_POINT ( 'NONE',  ( -0.07470252959880210875, 0.01757812499999998612, -0.03094280090340142259 ) ) ;
#1581 = ADVANCED_BREP_SHAPE_REPRESENTATION ( '90480A195_Low-Strength Steel Hex Nut_90480A195', ( #615, #1658 ), #500 ) ;
#1582 = PRODUCT_DEFINITION_CONTEXT ( 'detailed design', #4, 'design' ) ;
#1583 = DIRECTION ( 'NONE',  ( 0.000000000000000000, 0.000000000000000000, 1.000000000000000000 ) ) ;
#1584 = EDGE_CURVE ( 'NONE', #677, #1123, #1879, .T. ) ;
#1585 = VERTEX_POINT ( 'NONE', #1118 ) ;
#1586 = CARTESIAN_POINT ( 'NONE',  ( -0.06717514421272201275, 0.03124999999999994102, -0.06717514421272198499 ) ) ;
#1587 = CARTESIAN_POINT ( 'NONE',  ( 0.1256945062250033607, 0.06250000000000012490, -0.1439365939414469220 ) ) ;
#1588 = CARTESIAN_POINT ( 'NONE',  ( -0.07470252959880210875, -0.009765625000000017347, -0.03094280090340142259 ) ) ;
#1589 = CARTESIAN_POINT ( 'NONE',  ( -0.1875000000000000555, 0.06250000000000000000, 2.957312202238503777E-17 ) ) ;
#1590 = VERTEX_POINT ( 'NONE', #1601 ) ;
#1591 = CARTESIAN_POINT ( 'NONE',  ( -0.07470252959880212262, -0.009765625000000017347, -0.03094280090340142259 ) ) ;
#1592 = CARTESIAN_POINT ( 'NONE',  ( 0.07470252959880212262, -0.02734375000000002082, -4.574210688069171592E-18 ) ) ;
#1593 = CARTESIAN_POINT ( 'NONE',  ( 0.1874999999999999722, -0.05509994343399071681, -0.07260430235306812585 ) ) ;
#1594 =( GEOMETRIC_REPRESENTATION_CONTEXT ( 3 ) GLOBAL_UNCERTAINTY_ASSIGNED_CONTEXT ( ( #28 ) ) GLOBAL_UNIT_ASSIGNED_CONTEXT ( ( #1410, #818, #1254 ) ) REPRESENTATION_CONTEXT ( 'NONE', 'WORKASPACE' ) );
#1595 = ORIENTED_EDGE ( 'NONE', *, *, #1898, .F. ) ;
#1596 = ADVANCED_FACE ( 'NONE', ( #460 ), #158, .F. ) ;
#1597 = CARTESIAN_POINT ( 'NONE',  ( -0.04048988980123695985, 0.04444392171724168006, -0.06563690513231328072 ) ) ;
#1598 = AXIS2_PLACEMENT_3D ( 'NONE', #1220, #1210, #747 ) ;
#1599 = CARTESIAN_POINT ( 'NONE',  ( -0.08579372237388412092, 0.06250000000000013878, 0.1669733222387676796 ) ) ;
#1600 = CARTESIAN_POINT ( 'NONE',  ( -0.05282266525110178301, -0.04296875000000001388, -0.05282266525110175526 ) ) ;
#1601 = CARTESIAN_POINT ( 'NONE',  ( 0.000000000000000000, 0.06250000000000000000, 0.09499999999999998723 ) ) ;
#1602 = ORIENTED_EDGE ( 'NONE', *, *, #1207, .T. ) ;
#1603 = CARTESIAN_POINT ( 'NONE',  ( 0.03094280090340141218, -0.03320312500000002082, 0.07470252959880212262 ) ) ;
#1604 = CARTESIAN_POINT ( 'NONE',  ( 9.148421376138343185E-18, 0.02734374999999998612, 0.07470252959880212262 ) ) ;
#1605 =( BOUNDED_CURVE ( )  B_SPLINE_CURVE ( 2, ( #921, #275, #1235, #877, #1355, #1871, #593, #1850, #1525 ),
 .UNSPECIFIED., .F., .F. ) 
 B_SPLINE_CURVE_WITH_KNOTS ( ( 3, 2, 2, 2, 3 ),
 ( 0.4000000000000001332, 0.4250000000000001554, 0.4500000000000000111, 0.4749999999999999778, 0.5000000000000000000 ),
 .UNSPECIFIED. ) 
 CURVE ( )  GEOMETRIC_REPRESENTATION_ITEM ( )  RATIONAL_B_SPLINE_CURVE ( ( 0.9999999999999996669, 0.9238795325112870716, 1.000000000000000000, 0.9238795325112867385, 1.000000000000000000, 0.9238795325112867385, 1.000000000000000000, 0.9238795325112867385, 1.000000000000000000 ) ) 
 REPRESENTATION_ITEM ( '' )  );
#1606 = FILL_AREA_STYLE ('',( #1780 ) ) ;
#1607 = VERTEX_POINT ( 'NONE', #337 ) ;
#1608 = CARTESIAN_POINT ( 'NONE',  ( 0.03935028842544403826, -0.01757812500000006245, 0.09499999999999997335 ) ) ;
#1609 = PRODUCT_RELATED_PRODUCT_CATEGORY ( 'part', '', ( #300 ) ) ;
#1610 = CARTESIAN_POINT ( 'NONE',  ( -0.01222016251286466015, -0.06101913853714024949, -0.09291992541807547745 ) ) ;
#1611 = CARTESIAN_POINT ( 'NONE',  ( -0.07470252959880210875, 0.02148437499999998612, 0.03094280090340145728 ) ) ;
#1612 = CARTESIAN_POINT ( 'NONE',  ( -0.1875000000000001110, 0.05084164280977424011, -0.09062620755335226708 ) ) ;
#1613 = ORIENTED_EDGE ( 'NONE', *, *, #1122, .T. ) ;
#1614 = CARTESIAN_POINT ( 'NONE',  ( 0.05282266525110176913, 0.03124999999999998265, 0.05282266525110176220 ) ) ;
#1615 = CARTESIAN_POINT ( 'NONE',  ( 0.06199205473173498987, 0.06057233903586363433, -0.1807152214591245531 ) ) ;
#1616 = CARTESIAN_POINT ( 'NONE',  ( 0.000000000000000000, -0.06250000000000000000, 0.000000000000000000 ) ) ;
#1617 = ORIENTED_EDGE ( 'NONE', *, *, #1636, .F. ) ;
#1618 = CARTESIAN_POINT ( 'NONE',  ( 0.03935028842544403826, 0.01367187499999994622, 0.09499999999999997335 ) ) ;
#1619 = CARTESIAN_POINT ( 'NONE',  ( -0.07727159766165672683, -0.04678539748571481499, -0.01877595086015249048 ) ) ;
#1620 = CARTESIAN_POINT ( 'NONE',  ( -0.07470252959880210875, -0.07226562500000002776, 0.03094280090340145728 ) ) ;
#1621 = CARTESIAN_POINT ( 'NONE',  ( 0.06717514421272199887, 0.02343749999999994796, -0.06717514421272199887 ) ) ;
#1622 = EDGE_CURVE ( 'NONE', #571, #138, #238, .T. ) ;
#1623 = VERTEX_POINT ( 'NONE', #315 ) ;
#1624 = CARTESIAN_POINT ( 'NONE',  ( 0.03094280090340141218, -0.06445312500000001388, 0.07470252959880212262 ) ) ;
#1625 = DIRECTION ( 'NONE',  ( -0.000000000000000000, -1.000000000000000000, -0.000000000000000000 ) ) ;
#1626 = CARTESIAN_POINT ( 'NONE',  ( 0.005949262822611550358, 0.06231279513528001357, -0.09481279513527998692 ) ) ;
#1627 = EDGE_LOOP ( 'NONE', ( #2012, #1942, #294 ) ) ;
#1628 = CARTESIAN_POINT ( 'NONE',  ( -0.06717514421272201275, -0.06250000000000005551, -0.06717514421272198499 ) ) ;
#1629 = CARTESIAN_POINT ( 'NONE',  ( 1.163414459189985282E-17, -0.05078125000000006245, 0.09499999999999997335 ) ) ;
#1630 = CARTESIAN_POINT ( 'NONE',  ( 0.03094280090340140177, 0.009765624999999984387, -0.07470252959880212262 ) ) ;
#1631 = AXIS2_PLACEMENT_3D ( 'NONE', #596, #279, #1338 ) ;
#1632 = DIRECTION ( 'NONE',  ( 0.000000000000000000, -1.000000000000000000, 0.000000000000000000 ) ) ;
#1633 = EDGE_LOOP ( 'NONE', ( #696, #1158, #1091, #208, #948, #1700 ) ) ;
#1634 = CARTESIAN_POINT ( 'NONE',  ( 0.03935028842544404520, -0.01367187500000000000, 0.09499999999999998723 ) ) ;
#1635 = DIRECTION ( 'NONE',  ( -0.000000000000000000, 1.000000000000000000, -0.000000000000000000 ) ) ;
#1636 = EDGE_CURVE ( 'NONE', #677, #1180, #190, .T. ) ;
#1637 = CARTESIAN_POINT ( 'NONE',  ( 0.06717514421272199887, 0.05468749999999993755, -0.06717514421272199887 ) ) ;
#1638 = ORIENTED_EDGE ( 'NONE', *, *, #1487, .T. ) ;
#1639 = CARTESIAN_POINT ( 'NONE',  ( -0.03935028842544407990, -0.03320312500000004857, -0.09499999999999997335 ) ) ;
#1640 = CARTESIAN_POINT ( 'NONE',  ( -0.05282266525110178301, -0.01562500000000001388, -0.05282266525110175526 ) ) ;
#1641 = CARTESIAN_POINT ( 'NONE',  ( 0.03642804206255986083, -0.05369437771655799496, 0.07830554936233853625 ) ) ;
#1642 = EDGE_LOOP ( 'NONE', ( #1274, #1362, #191, #895 ) ) ;
#1643 = APPLICATION_PROTOCOL_DEFINITION ( 'draft international standard', 'automotive_design', 1998, #4 ) ;
#1644 = CARTESIAN_POINT ( 'NONE',  ( 0.06717514421272199887, -0.003906249999999996964, -0.06717514421272201275 ) ) ;
#1645 = CARTESIAN_POINT ( 'NONE',  ( -0.09499999999999997335, -0.02734375000000006245, 1.745121688784977538E-17 ) ) ;
#1646 = CARTESIAN_POINT ( 'NONE',  ( 0.000000000000000000, -0.06250000000000000000, 0.000000000000000000 ) ) ;
#1647 = ADVANCED_FACE ( 'NONE', ( #780 ), #956, .F. ) ;
#1648 = B_SPLINE_CURVE_WITH_KNOTS ( 'NONE', 3,
 ( #1027, #89, #1610, #245, #1290, #1459, #1668, #497, #198, #1832, #964, #1619, #868, #22, #1929, #510 ),
 .UNSPECIFIED., .F., .F.,
 ( 4, 2, 2, 2, 2, 2, 2, 4 ),
 ( 0.000000000000000000, 0.0004738490048187041746, 0.0009476980096374083493, 0.001895396019274816699, 0.002369245024093521307, 0.002843094028912225915, 0.003316943033730930957, 0.003790792038549635999 ),
 .UNSPECIFIED. ) ;
#1649 = CARTESIAN_POINT ( 'NONE',  ( -0.03094280090340139483, 0.06054687499999997918, 0.07470252959880213650 ) ) ;
#1650 = CARTESIAN_POINT ( 'NONE',  ( 0.07470252959880212262, -0.05859375000000001388, -4.574210688069171592E-18 ) ) ;
#1651 = CARTESIAN_POINT ( 'NONE',  ( 0.000000000000000000, 0.02734374999999994449, -0.09499999999999997335 ) ) ;
#1652 = ORIENTED_EDGE ( 'NONE', *, *, #405, .T. ) ;
#1653 = CARTESIAN_POINT ( 'NONE',  ( -0.03094280090340139483, -0.06835937500000001388, 0.07470252959880213650 ) ) ;
#1654 = DIRECTION ( 'NONE',  ( 0.000000000000000000, 0.000000000000000000, -1.000000000000000000 ) ) ;
#1655 = CARTESIAN_POINT ( 'NONE',  ( -0.03526620294287204083, -0.05635316261752879030, 0.08204577797264198114 ) ) ;
#1656 = CARTESIAN_POINT ( 'NONE',  ( -0.03094280090340139483, 0.02929687499999998265, 0.07470252959880213650 ) ) ;
#1657 = EDGE_CURVE ( 'NONE', #1756, #1766, #1978, .T. ) ;
#1658 = AXIS2_PLACEMENT_3D ( 'NONE', #708, #1001, #1955 ) ;
#1659 = CARTESIAN_POINT ( 'NONE',  ( -0.07979251805246732887, 0.04739333901871156662, -0.006597339361537976447 ) ) ;
#1660 = CARTESIAN_POINT ( 'NONE',  ( 1.163414459189985282E-17, 0.01171874999999993928, 0.09499999999999997335 ) ) ;
#1661 = CONICAL_SURFACE ( 'NONE', #889, 0.09499999999999998723, 0.7853981633974500554 ) ;
#1662 = AXIS2_PLACEMENT_3D ( 'NONE', #243, #1625, #1654 ) ;
#1663 = ORIENTED_EDGE ( 'NONE', *, *, #1952, .F. ) ;
#1664 = CARTESIAN_POINT ( 'NONE',  ( -0.03935028842544409378, -0.02929687500000000000, -0.09499999999999997335 ) ) ;
#1665 = CARTESIAN_POINT ( 'NONE',  ( -0.03094280090340145728, -0.01757812500000002082, -0.07470252959880210875 ) ) ;
#1666 = CONICAL_SURFACE ( 'NONE', #1598, 0.1875000000000000555, 1.047197551196600074 ) ;
#1667 = CARTESIAN_POINT ( 'NONE',  ( 0.02890773663402291041, 0.06152395735057406001, -0.08966495636967285188 ) ) ;
#1668 = CARTESIAN_POINT ( 'NONE',  ( -0.05493964810736462479, -0.05454213049389673024, -0.06860027652593093939 ) ) ;
#1669 = CARTESIAN_POINT ( 'NONE',  ( -0.07470252959880210875, -0.07226562500000001388, -0.03094280090340142259 ) ) ;
#1670 = CARTESIAN_POINT ( 'NONE',  ( -0.01041602108035619839, 0.05222005967120574299, 0.08424034139183952941 ) ) ;
#1671 = DIRECTION ( 'NONE',  ( -0.8660254037844385966, 0.000000000000000000, -0.5000000000000001110 ) ) ;
#1672 = VERTEX_POINT ( 'NONE', #1142 ) ;
#1673 = CARTESIAN_POINT ( 'NONE',  ( -0.07470252959880210875, 0.02148437499999999653, -0.03094280090340142259 ) ) ;
#1674 = CARTESIAN_POINT ( 'NONE',  ( 0.000000000000000000, 0.000000000000000000, -0.09499999999999998723 ) ) ;
#1675 = CARTESIAN_POINT ( 'NONE',  ( 0.05390771889074522094, 0.04410194383749359986, -0.05478673700965443899 ) ) ;
#1676 = CARTESIAN_POINT ( 'NONE',  ( -0.03067248984371276702, -0.05597733875432266137, -0.1987975806781260846 ) ) ;
#1677 = CARTESIAN_POINT ( 'NONE',  ( 0.07470252959880212262, -0.05664062500000002776, 0.03094280090340139830 ) ) ;
#1678 = LINE ( 'NONE', #120, #472 ) ;
#1679 = CARTESIAN_POINT ( 'NONE',  ( 1.163414459189985282E-17, -0.05078125000000006245, 0.09499999999999997335 ) ) ;
#1680 = ORIENTED_EDGE ( 'NONE', *, *, #754, .F. ) ;
#1681 = CARTESIAN_POINT ( 'NONE',  ( 0.09499999999999998723, -0.03710937500000000000, -0.03935028842544403826 ) ) ;
#1682 = CARTESIAN_POINT ( 'NONE',  ( 0.03935028842544403826, -0.01367187500000000000, 0.09499999999999998723 ) ) ;
#1683 = ADVANCED_FACE ( 'NONE', ( #75 ), #767, .T. ) ;
#1684 = CARTESIAN_POINT ( 'NONE',  ( 0.07470252959880212262, 0.007812499999999985255, -4.574210688069171592E-18 ) ) ;
#1685 = DIRECTION ( 'NONE',  ( 0.000000000000000000, 0.000000000000000000, 1.000000000000000000 ) ) ;
#1686 = CARTESIAN_POINT ( 'NONE',  ( -0.1722020336094279291, 0.05085249760326071566, -0.1170854604867056087 ) ) ;
#1687 = CARTESIAN_POINT ( 'NONE',  ( 0.03094280090340140177, 0.01367187499999998786, -0.07470252959880212262 ) ) ;
#1688 = DIRECTION ( 'NONE',  ( 0.000000000000000000, 1.000000000000000000, 0.000000000000000000 ) ) ;
#1689 = CARTESIAN_POINT ( 'NONE',  ( -0.09499999999999995948, 0.04101562500000000000, 0.03935028842544408684 ) ) ;
#1690 = VERTEX_POINT ( 'NONE', #222 ) ;
#1691 = CARTESIAN_POINT ( 'NONE',  ( -0.07470252959880210875, 0.05273437499999999306, -0.03094280090340142259 ) ) ;
#1692 = CARTESIAN_POINT ( 'NONE',  ( -4.631663149603199156E-13, 0.05325771326652723597, -0.08575771326652720239 ) ) ;
#1693 = CIRCLE ( 'NONE', #764, 0.1875000000000000555 ) ;
#1694 = CARTESIAN_POINT ( 'NONE',  ( -0.03094280090340139136, 0.02929687499999998265, 0.07470252959880213650 ) ) ;
#1695 = CARTESIAN_POINT ( 'NONE',  ( -0.1722020336094279291, -0.05085249760326071566, -0.1170854604867056087 ) ) ;
#1696 = CARTESIAN_POINT ( 'NONE',  ( 0.09499999999999998723, 0.05273437500000000000, 0.03935028842544402439 ) ) ;
#1697 = CARTESIAN_POINT ( 'NONE',  ( 0.05282266525110176913, -0.02734375000000001041, 0.05282266525110176220 ) ) ;
#1698 = CARTESIAN_POINT ( 'NONE',  ( -0.07636421915965037333, 0.04677030330594886959, -0.02190625427243406143 ) ) ;
#1699 = CARTESIAN_POINT ( 'NONE',  ( -0.05323783497332355147, -0.04269067917638448562, -0.05343351405556616418 ) ) ;
#1700 = ORIENTED_EDGE ( 'NONE', *, *, #771, .F. ) ;
#1701 = CARTESIAN_POINT ( 'NONE',  ( -0.03935028842544401051, -0.04882812500000000000, 0.09500000000000000111 ) ) ;
#1702 = CARTESIAN_POINT ( 'NONE',  ( -0.1875000000000000833, -0.04575317547306445576, -0.1082531754730692158 ) ) ;
#1703 = CARTESIAN_POINT ( 'NONE',  ( 0.000000000000000000, 0.01562499999999998786, -0.07470252959880212262 ) ) ;
#1704 = CARTESIAN_POINT ( 'NONE',  ( 0.02440674357195033936, 0.04976367122963294698, -0.07881154359587767833 ) ) ;
#1705 = B_SPLINE_CURVE_WITH_KNOTS ( 'NONE', 3,
 ( #937, #798, #1293, #646, #1578, #168, #1272, #625 ),
 .UNSPECIFIED., .F., .F.,
 ( 4, 2, 2, 4 ),
 ( 0.002782414345151439962, 0.003475358748974700408, 0.004168303152797960855, 0.005554191960444480880 ),
 .UNSPECIFIED. ) ;
#1706 = CARTESIAN_POINT ( 'NONE',  ( -0.1096982171783093679, 0.06210416635756023374, -0.1531720557285908002 ) ) ;
#1707 = CARTESIAN_POINT ( 'NONE',  ( 0.05282266525110176913, 0.03124999999999998265, 0.05282266525110176220 ) ) ;
#1708 = ORIENTED_EDGE ( 'NONE', *, *, #1526, .T. ) ;
#1709 = ADVANCED_FACE ( 'NONE', ( #512 ), #1830, .T. ) ;
#1710 = CARTESIAN_POINT ( 'NONE',  ( 0.000000000000000000, 0.06250000000000000000, -0.09499999999999998723 ) ) ;
#1711 = CARTESIAN_POINT ( 'NONE',  ( 0.000000000000000000, -0.04516475713473076803, -0.07766475713473065812 ) ) ;
#1712 = DIRECTION ( 'NONE',  ( 0.000000000000000000, 0.000000000000000000, 1.000000000000000000 ) ) ;
#1713 = CARTESIAN_POINT ( 'NONE',  ( -0.03094280090340139483, 0.02929687499999998265, 0.07470252959880213650 ) ) ;
#1714 = CARTESIAN_POINT ( 'NONE',  ( 0.09499999999999998723, -0.009765625000000000000, 0.03935028842544402439 ) ) ;
#1715 = CARTESIAN_POINT ( 'NONE',  ( -0.06047579810964221619, -0.04220252959880219784, -0.04385368595068953046 ) ) ;
#1716 = CARTESIAN_POINT ( 'NONE',  ( 0.1874999999999999445, 0.06250000000000000000, 0.000000000000000000 ) ) ;
#1717 = CARTESIAN_POINT ( 'NONE',  ( -0.07470252959880212262, -0.01367187500000002255, -0.03094280090340142259 ) ) ;
#1718 = EDGE_LOOP ( 'NONE', ( #47, #707, #1041 ) ) ;
#1719 = CARTESIAN_POINT ( 'NONE',  ( -0.09499999999999997335, 0.06640624999999994449, 1.745121688784977538E-17 ) ) ;
#1720 = ADVANCED_FACE ( 'NONE', ( #1807 ), #43, .T. ) ;
#1721 = CARTESIAN_POINT ( 'NONE',  ( 0.000000000000000000, -0.06250000000000000000, 0.000000000000000000 ) ) ;
#1722 = PRODUCT_DEFINITION_SHAPE ( 'NONE', 'NONE',  #329 ) ;
#1723 = CARTESIAN_POINT ( 'NONE',  ( 0.07470252959880212262, 0.007812499999999985255, -4.574210688069171592E-18 ) ) ;
#1724 = DIRECTION ( 'NONE',  ( 0.000000000000000000, 0.000000000000000000, 1.000000000000000000 ) ) ;
#1725 = ORIENTED_EDGE ( 'NONE', *, *, #249, .F. ) ;
#1726 = CARTESIAN_POINT ( 'NONE',  ( -0.07470252959880210875, -0.04101562500000001388, 0.03094280090340145728 ) ) ;
#1727 = AXIS2_PLACEMENT_3D ( 'NONE', #1791, #376, #995 ) ;
#1728 = DIRECTION ( 'NONE',  ( 0.000000000000000000, 1.000000000000000000, 0.000000000000000000 ) ) ;
#1729 = CARTESIAN_POINT ( 'NONE',  ( 0.07470252959880212262, 0.03515624999999997918, -4.574210688069171592E-18 ) ) ;
#1730 = ORIENTED_EDGE ( 'NONE', *, *, #875, .T. ) ;
#1731 = CARTESIAN_POINT ( 'NONE',  ( 0.01175360822523837008, 0.04220252959880219090, -0.07377208565675444363 ) ) ;
#1732 = FACE_OUTER_BOUND ( 'NONE', #1906, .T. ) ;
#1733 = CARTESIAN_POINT ( 'NONE',  ( 9.148421376138343185E-18, -0.03125000000000000694, 0.07470252959880212262 ) ) ;
#1734 = CARTESIAN_POINT ( 'NONE',  ( 0.05498837829018228540, -0.04754881394408155132, -0.05842260181048663376 ) ) ;
#1735 = EDGE_CURVE ( 'NONE', #1253, #838, #621, .T. ) ;
#1736 = ORIENTED_EDGE ( 'NONE', *, *, #50, .F. ) ;
#1737 = CARTESIAN_POINT ( 'NONE',  ( 0.000000000000000000, -0.01562500000000000347, -0.07470252959880212262 ) ) ;
#1738 = CARTESIAN_POINT ( 'NONE',  ( 0.05282266525110176220, -0.05468750000000001388, -0.05282266525110176913 ) ) ;
#1739 = FACE_OUTER_BOUND ( 'NONE', #1499, .T. ) ;
#1740 = CARTESIAN_POINT ( 'NONE',  ( -0.02092738003635208344, 0.04355620409081539801, -0.07330869528244943201 ) ) ;
#1741 = CARTESIAN_POINT ( 'NONE',  ( 0.1874999999999999722, 0.06092433969396877924, -0.03648964212895571685 ) ) ;
#1742 = CARTESIAN_POINT ( 'NONE',  ( 0.000000000000000000, 0.01562499999999998786, -0.07470252959880212262 ) ) ;
#1743 = CARTESIAN_POINT ( 'NONE',  ( 5.084000387365215773E-13, 0.05259414693414972419, 0.08509414693414962816 ) ) ;
#1744 = B_SPLINE_CURVE_WITH_KNOTS ( 'NONE', 3,
 ( #1576, #1105, #1741, #945, #565, #1939 ),
 .UNSPECIFIED., .F., .F.,
 ( 4, 2, 4 ),
 ( 0.01713771954439332473, 0.01852917302277290110, 0.01992062650115247746 ),
 .UNSPECIFIED. ) ;
#1745 = ORIENTED_EDGE ( 'NONE', *, *, #632, .T. ) ;
#1746 = CARTESIAN_POINT ( 'NONE',  ( -0.03094280090340139136, -0.001953125000000006939, 0.07470252959880213650 ) ) ;
#1747 = CARTESIAN_POINT ( 'NONE',  ( -0.05282266525110178301, 0.04687499999999997918, -0.05282266525110175526 ) ) ;
#1748 = ADVANCED_FACE ( 'NONE', ( #229 ), #686, .F. ) ;
#1749 =( BOUNDED_CURVE ( )  B_SPLINE_CURVE ( 2, ( #1061, #871, #1049 ),
 .UNSPECIFIED., .F., .T. ) 
 B_SPLINE_CURVE_WITH_KNOTS ( ( 3, 3 ),
 ( 0.8000000000000000444, 0.8250000000000000666 ),
 .UNSPECIFIED. ) 
 CURVE ( )  GEOMETRIC_REPRESENTATION_ITEM ( )  RATIONAL_B_SPLINE_CURVE ( ( 1.000000000000000000, 0.9238795325112864054, 1.000000000000000444 ) ) 
 REPRESENTATION_ITEM ( '' )  );
#1750 = CARTESIAN_POINT ( 'NONE',  ( 0.1874999999999999445, -0.06250000000000004163, -0.01831435281572646109 ) ) ;
#1751 = ORIENTED_EDGE ( 'NONE', *, *, #50, .T. ) ;
#1752 = CARTESIAN_POINT ( 'NONE',  ( 0.09499999999999997335, 0.08007812499999994449, 0.03935028842544401051 ) ) ;
#1753 = DIRECTION ( 'NONE',  ( 0.000000000000000000, -1.000000000000000000, 0.000000000000000000 ) ) ;
#1754 = CARTESIAN_POINT ( 'NONE',  ( 0.03094280090340140177, -0.01757812500000001041, -0.07470252959880212262 ) ) ;
#1755 = DIRECTION ( 'NONE',  ( -0.000000000000000000, -1.000000000000000000, -0.000000000000000000 ) ) ;
#1756 = VERTEX_POINT ( 'NONE', #1153 ) ;
#1757 = CARTESIAN_POINT ( 'NONE',  ( -0.07470252959880210875, -0.03710937500000001388, 0.03094280090340145728 ) ) ;
#1758 = CARTESIAN_POINT ( 'NONE',  ( 0.03094280090340140177, 0.009765624999999984387, -0.07470252959880212262 ) ) ;
#1759 =( NAMED_UNIT ( * ) PLANE_ANGLE_UNIT ( ) SI_UNIT ( $, .RADIAN. ) );
#1760 = ORIENTED_EDGE ( 'NONE', *, *, #1487, .F. ) ;
#1761 = B_SPLINE_CURVE_WITH_KNOTS ( 'NONE', 3,
 ( #91, #904, #1670, #268, #1060, #881, #1518, #1017, #1999, #1844, #1029, #426, #1529, #247, #893, #862, #1659, #237, #1698, #1539, #1989, #870, #1380, #569, #2019, #1597, #1248, #1887, #1740, #301, #155, #651 ),
 .UNSPECIFIED., .F., .F.,
 ( 4, 2, 2, 2, 2, 2, 2, 2, 2, 2, 2, 2, 2, 2, 2, 4 ),
 ( 0.007157467296809227192, 0.007555335766167015077, 0.007953204235524802962, 0.008351072704882590847, 0.008748941174240376997, 0.009544678112955951033, 0.009942546582313738918, 0.01034041505167152680, 0.01073828352102931469, 0.01113615199038710084, 0.01153402045974488699, 0.01193188892910267487, 0.01232975739846046276, 0.01272762586781824891, 0.01312549433717603679, 0.01352336280653382294 ),
 .UNSPECIFIED. ) ;
#1762 = CARTESIAN_POINT ( 'NONE',  ( 0.09499999999999997335, 0.01953124999999994102, -5.817072295949926409E-18 ) ) ;
#1763 = CARTESIAN_POINT ( 'NONE',  ( 0.09499999999999997335, -0.04296875000000004857, -5.817072295949926409E-18 ) ) ;
#1764 = CARTESIAN_POINT ( 'NONE',  ( -0.07470252959880210875, -0.07226562500000001388, -0.03094280090340142259 ) ) ;
#1765 = DIRECTION ( 'NONE',  ( 0.000000000000000000, 1.000000000000000000, 0.000000000000000000 ) ) ;
#1766 = VERTEX_POINT ( 'NONE', #846 ) ;
#1767 = FILL_AREA_STYLE_COLOUR ( '', #436 ) ;
#1768 = CARTESIAN_POINT ( 'NONE',  ( -0.07470252959880212262, 0.05078124999999998612, 1.372263206420751324E-17 ) ) ;
#1769 = CARTESIAN_POINT ( 'NONE',  ( 0.07780178282168942472, 0.06210416635756017822, -0.1715874706905745894 ) ) ;
#1770 = CARTESIAN_POINT ( 'NONE',  ( -3.792068328495997154E-17, -0.04575317547305493560, 0.2165063509461096769 ) ) ;
#1771 = VERTEX_POINT ( 'NONE', #1786 ) ;
#1772 = CARTESIAN_POINT ( 'NONE',  ( -0.03935028842544399663, -0.05273437500000005551, 0.09499999999999998723 ) ) ;
#1773 = EDGE_CURVE ( 'NONE', #1623, #1932, #762, .T. ) ;
#1774 = CARTESIAN_POINT ( 'NONE',  ( 0.09499999999999995948, -0.04101562500000006245, -0.03935028842544402439 ) ) ;
#1775 = CARTESIAN_POINT ( 'NONE',  ( 0.000000000000000000, 0.01171874999999998092, -0.07470252959880212262 ) ) ;
#1776 = CARTESIAN_POINT ( 'NONE',  ( 0.000000000000000000, 0.06250000000000000000, 0.000000000000000000 ) ) ;
#1777 = VERTEX_POINT ( 'NONE', #837 ) ;
#1778 = CARTESIAN_POINT ( 'NONE',  ( 0.03935028842544403826, 0.02929687500000000000, -0.09499999999999998723 ) ) ;
#1779 = CARTESIAN_POINT ( 'NONE',  ( -0.07470252959880210875, -0.009765625000000026021, 0.03094280090340145728 ) ) ;
#1780 = FILL_AREA_STYLE_COLOUR ( '', #797 ) ;
#1781 = ORIENTED_EDGE ( 'NONE', *, *, #1040, .F. ) ;
#1782 = CARTESIAN_POINT ( 'NONE',  ( 0.06717514421272199887, -0.01562500000000005551, 0.06717514421272199887 ) ) ;
#1783 = EDGE_CURVE ( 'NONE', #838, #230, #1397, .T. ) ;
#1784 = CARTESIAN_POINT ( 'NONE',  ( 0.000000000000000000, 0.06250000000000000000, 0.000000000000000000 ) ) ;
#1785 = CARTESIAN_POINT ( 'NONE',  ( 9.148421376138343185E-18, 0.02734374999999998612, 0.07470252959880212262 ) ) ;
#1786 = CARTESIAN_POINT ( 'NONE',  ( -0.1875000000000000555, -0.06250000000000000000, 2.957312202238503777E-17 ) ) ;
#1787 = B_SPLINE_CURVE_WITH_KNOTS ( 'NONE', 3,
 ( #1054, #97, #1213, #1995, #1400, #739, #1695, #423 ),
 .UNSPECIFIED., .F., .F.,
 ( 4, 2, 2, 4 ),
 ( 0.002782414345151443431, 0.003475358748974649234, 0.004168303152797855037, 0.005554191960444267509 ),
 .UNSPECIFIED. ) ;
#1788 = ORIENTED_EDGE ( 'NONE', *, *, #1498, .F. ) ;
#1789 = CARTESIAN_POINT ( 'NONE',  ( -0.06717514421272199887, 0.01171874999999999827, 0.06717514421272202663 ) ) ;
#1790 = CARTESIAN_POINT ( 'NONE',  ( -8.878214572196529745E-19, 0.06250000000000000000, -0.2165063509461097047 ) ) ;
#1791 = CARTESIAN_POINT ( 'NONE',  ( -0.1875000000000000833, 0.06250000000000000000, -0.1082531754730548385 ) ) ;
#1792 = ORIENTED_EDGE ( 'NONE', *, *, #742, .T. ) ;
#1793 = CARTESIAN_POINT ( 'NONE',  ( 0.000000000000000000, -0.03515625000000005551, -0.09499999999999997335 ) ) ;
#1794 = CONICAL_SURFACE ( 'NONE', #340, 0.1875000000000000555, 1.047197551196600074 ) ;
#1795 = CARTESIAN_POINT ( 'NONE',  ( 0.09375000000000001388, -0.06250000000000000000, -0.1623797632095823062 ) ) ;
#1796 = CARTESIAN_POINT ( 'NONE',  ( -0.03094280090340139483, -0.005859375000000013010, 0.07470252959880213650 ) ) ;
#1797 = AXIS2_PLACEMENT_3D ( 'NONE', #1390, #923, #1285 ) ;
#1798 = CARTESIAN_POINT ( 'NONE',  ( -0.03935028842544421174, 0.02929687499999995490, -0.09499999999999982070 ) ) ;
#1799 = EDGE_LOOP ( 'NONE', ( #630, #1391, #219, #62, #551, #1287 ) ) ;
#1800 = PRODUCT_CONTEXT ( 'NONE', #1949, 'mechanical' ) ;
#1801 = CARTESIAN_POINT ( 'NONE',  ( 0.09499999999999998723, -0.009765625000000000000, 0.03935028842544401745 ) ) ;
#1802 = CARTESIAN_POINT ( 'NONE',  ( 0.05282266525110176913, -0.03125000000000001388, 0.05282266525110176220 ) ) ;
#1803 = ADVANCED_FACE ( 'NONE', ( #1348 ), #1124, .T. ) ;
#1804 = CARTESIAN_POINT ( 'NONE',  ( 0.01187734644781805217, 0.05301893623446639336, 0.08489347540902282552 ) ) ;
#1805 = CARTESIAN_POINT ( 'NONE',  ( 0.03935028842544403826, -0.04882812500000005551, 0.09499999999999997335 ) ) ;
#1806 = CARTESIAN_POINT ( 'NONE',  ( -0.05282266525110178301, 0.04687499999999997918, -0.05282266525110175526 ) ) ;
#1807 = FACE_OUTER_BOUND ( 'NONE', #419, .T. ) ;
#1808 = ORIENTED_EDGE ( 'NONE', *, *, #1286, .T. ) ;
#1809 = CARTESIAN_POINT ( 'NONE',  ( 0.06717514421272201275, -0.01171874999999999827, 0.06717514421272199887 ) ) ;
#1810 = B_SPLINE_CURVE_WITH_KNOTS ( 'NONE', 3,
 ( #561, #689, #1317, #1957, #534, #225, #392, #1013 ),
 .UNSPECIFIED., .F., .F.,
 ( 4, 2, 2, 4 ),
 ( 0.002782414345151442564, 0.003475358748974702577, 0.004168303152797963457, 0.005554191960444484349 ),
 .UNSPECIFIED. ) ;
#1811 = DIRECTION ( 'NONE',  ( 0.8660254037844385966, 0.000000000000000000, -0.4999999999999998890 ) ) ;
#1812 = CARTESIAN_POINT ( 'NONE',  ( 0.07786769271335677867, 0.05933202305319498077, -0.04903526441332298202 ) ) ;
#1813 = EDGE_CURVE ( 'NONE', #1756, #1569, #570, .T. ) ;
#1814 = CARTESIAN_POINT ( 'NONE',  ( -0.05282266525110176220, -0.03515625000000000694, 0.05282266525110178301 ) ) ;
#1815 =( BOUNDED_CURVE ( )  B_SPLINE_CURVE ( 2, ( #454, #1297, #354, #1089, #1729, #751, #1707, #1403, #1604, #287, #2039, #971, #504, #1246, #1135, #911, #119, #129, #820, #761, #182, #1934, #1237, #515, #298, #1145, #365, #1779, #1079, #1717, #553, #1665, #1156, #1820, #840, #1003, #1182, #49, #1802, #1342, #524, #1483, #216, #86, #1945 ),
 .UNSPECIFIED., .F., .T. ) 
 B_SPLINE_CURVE_WITH_KNOTS ( ( 3, 2, 2, 2, 2, 2, 2, 2, 2, 2, 2, 2, 2, 2, 2, 2, 2, 2, 2, 2, 2, 2, 3 ),
 ( 0.2050913630451038083, 0.2250000000000000056, 0.2500000000000000000, 0.2750000000000000222, 0.2999999999999999889, 0.3250000000000000111, 0.3499999999999999778, 0.3750000000000000000, 0.4000000000000000222, 0.4249999999999999889, 0.4499999999999999556, 0.4749999999999999778, 0.5000000000000000000, 0.5250000000000000222, 0.5500000000000000444, 0.5749999999999999556, 0.5999999999999999778, 0.6250000000000000000, 0.6500000000000000222, 0.6750000000000000444, 0.6999999999999999556, 0.7249999999999999778, 0.7449086369548957309 ),
 .UNSPECIFIED. ) 
 CURVE ( )  GEOMETRIC_REPRESENTATION_ITEM ( )  RATIONAL_B_SPLINE_CURVE ( ( 0.9753096629721120792, 0.9393818099172090985, 1.000000000000000000, 0.9238795325112867385, 1.000000000000000000, 0.9238795325112867385, 1.000000000000000000, 0.9238795325112867385, 1.000000000000000000, 0.9238795325112867385, 1.000000000000000000, 0.9238795325112867385, 1.000000000000000000, 0.9238795325112867385, 1.000000000000000000, 0.9238795325112867385, 1.000000000000000000, 0.9238795325112867385, 1.000000000000000000, 0.9238795325112867385, 1.000000000000000000, 0.9238795325112867385, 1.000000000000000000, 0.9238795325112867385, 1.000000000000000000, 0.9238795325112867385, 1.000000000000000000, 0.9238795325112867385, 1.000000000000000000, 0.9238795325112867385, 1.000000000000000000, 0.9238795325112867385, 1.000000000000000000, 0.9238795325112867385, 1.000000000000000000, 0.9238795325112867385, 1.000000000000000000, 0.9238795325112867385, 1.000000000000000000, 0.9238795325112867385, 1.000000000000000000, 0.9238795325112867385, 1.000000000000000000, 0.9393818099172105418, 0.9753096629721103028 ) ) 
 REPRESENTATION_ITEM ( '' )  );
#1816 = CARTESIAN_POINT ( 'NONE',  ( -0.05282266525110178301, 0.01562499999999997918, -0.05282266525110175526 ) ) ;
#1817 = DIRECTION ( 'NONE',  ( 0.000000000000000000, -1.000000000000000000, 0.000000000000000000 ) ) ;
#1818 = EDGE_LOOP ( 'NONE', ( #1788, #502, #1372 ) ) ;
#1819 = CARTESIAN_POINT ( 'NONE',  ( 0.09499999999999998723, 0.02343749999999999653, -5.817072295949927179E-18 ) ) ;
#1820 = CARTESIAN_POINT ( 'NONE',  ( 0.03094280090340140871, -0.02148437500000001735, -0.07470252959880212262 ) ) ;
#1821 = CARTESIAN_POINT ( 'NONE',  ( 0.05524420791311664830, 0.05476327361353925532, 0.06780380583169350051 ) ) ;
#1822 = CARTESIAN_POINT ( 'NONE',  ( -0.05282266525110178301, -0.07421875000000000000, -0.05282266525110175526 ) ) ;
#1823 = CARTESIAN_POINT ( 'NONE',  ( -0.1875000000000000555, -0.05501383542315541747, 0.07301363270930395777 ) ) ;
#1824 = CARTESIAN_POINT ( 'NONE',  ( -1.163414459189985436E-17, -0.06250000000000000000, -0.09499999999999998723 ) ) ;
#1825 = MECHANICAL_DESIGN_GEOMETRIC_PRESENTATION_REPRESENTATION (  '', ( #102 ), #1388 ) ;
#1826 = AXIS2_PLACEMENT_3D ( 'NONE', #770, #136, #1075 ) ;
#1827 = EDGE_LOOP ( 'NONE', ( #588, #543, #491, #1349 ) ) ;
#1828 = CARTESIAN_POINT ( 'NONE',  ( -0.09499999999999997335, -0.08789062500000001388, -0.03935028842544405214 ) ) ;
#1829 = FACE_OUTER_BOUND ( 'NONE', #67, .T. ) ;
#1830 = CONICAL_SURFACE ( 'NONE', #927, 0.1875000000000000555, 1.047197551196600074 ) ;
#1831 = CARTESIAN_POINT ( 'NONE',  ( -0.09267297083001507785, -0.06008420013012361754, -0.001908240798266745523 ) ) ;
#1832 = CARTESIAN_POINT ( 'NONE',  ( -0.07352929250754258739, -0.04951357324182610598, -0.03683475397362048764 ) ) ;
#1833 = CARTESIAN_POINT ( 'NONE',  ( 0.07470252959880212262, -0.02343750000000001388, -4.574210688069171592E-18 ) ) ;
#1834 = CARTESIAN_POINT ( 'NONE',  ( -0.1875000000000000555, -0.05080761492754903852, 0.09074408359512567412 ) ) ;
#1835 = EDGE_CURVE ( 'NONE', #5, #1623, #880, .T. ) ;
#1836 = CARTESIAN_POINT ( 'NONE',  ( 0.000000000000000000, -0.03124999999999998959, -0.09499999999999998723 ) ) ;
#1837 = ORIENTED_EDGE ( 'NONE', *, *, #98, .F. ) ;
#1838 = CARTESIAN_POINT ( 'NONE',  ( -0.06717514421272199887, -0.08203125000000000000, 0.06717514421272202663 ) ) ;
#1839 = CARTESIAN_POINT ( 'NONE',  ( 0.09499999999999998723, 0.02343749999999999653, -5.817072295949927179E-18 ) ) ;
#1840 = CARTESIAN_POINT ( 'NONE',  ( 0.05282266525110176220, 0.01171874999999998959, -0.05282266525110176913 ) ) ;
#1841 = CARTESIAN_POINT ( 'NONE',  ( 0.000000000000000000, -0.06250000000000000000, 0.000000000000000000 ) ) ;
#1842 = CARTESIAN_POINT ( 'NONE',  ( 0.1096982171783106308, -0.06210416635756023374, 0.1531720557285899675 ) ) ;
#1843 = CARTESIAN_POINT ( 'NONE',  ( 0.05282266525110176913, 0.003906249999999988291, 0.05282266525110176220 ) ) ;
#1844 = CARTESIAN_POINT ( 'NONE',  ( -0.06374786993557310377, 0.04984274039097023185, 0.05315615389333271101 ) ) ;
#1845 = ADVANCED_FACE ( 'NONE', ( #408 ), #1031, .F. ) ;
#1846 = DIRECTION ( 'NONE',  ( 0.000000000000000000, 0.000000000000000000, 1.000000000000000000 ) ) ;
#1847 = CARTESIAN_POINT ( 'NONE',  ( 9.148421376138343185E-18, 0.06249999999999997918, 0.07470252959880212262 ) ) ;
#1848 = CARTESIAN_POINT ( 'NONE',  ( -0.1875000000000001388, -0.06092433969399131677, -0.03648964212875091540 ) ) ;
#1849 = CARTESIAN_POINT ( 'NONE',  ( 0.000000000000000000, 0.06250000000000000000, 0.000000000000000000 ) ) ;
#1850 = CARTESIAN_POINT ( 'NONE',  ( -0.03935028842544399663, 0.009765624999999949693, 0.09499999999999998723 ) ) ;
#1851 = LINE ( 'NONE', #606, #1353 ) ;
#1852 = CARTESIAN_POINT ( 'NONE',  ( 0.03094280090340141218, 0.001953124999999989592, 0.07470252959880212262 ) ) ;
#1853 = CARTESIAN_POINT ( 'NONE',  ( -0.1875000000000000278, -0.06249999999999999306, 0.01832810893118898624 ) ) ;
#1854 = CARTESIAN_POINT ( 'NONE',  ( 0.03935028842544391336, -0.04492187500000002776, 0.09500000000000015377 ) ) ;
#1855 = ORIENTED_EDGE ( 'NONE', *, *, #110, .F. ) ;
#1856 = CARTESIAN_POINT ( 'NONE',  ( -0.09499999999999997335, -0.05664062500000000000, -0.03935028842544405214 ) ) ;
#1857 = CARTESIAN_POINT ( 'NONE',  ( 0.000000000000000000, 0.06250000000000000000, 0.000000000000000000 ) ) ;
#1858 = B_SPLINE_CURVE_WITH_KNOTS ( 'NONE', 3,
 ( #821, #1626, #1176, #690, #1667, #554, #1329, #1970, #982, #1946, #1168, #1812, #680, #386, #1183, #711, #1004, #858, #1308, #1191, #206, #536, #1821, #1475, #1484, #61, #393, #1804, #1336, #562 ),
 .UNSPECIFIED., .F., .F.,
 ( 4, 2, 2, 2, 2, 2, 2, 2, 2, 2, 2, 2, 2, 2, 4 ),
 ( 0.000000000000000000, 0.0004473417060505769705, 0.0008946834121011538327, 0.001342025118151730966, 0.001789366824202307665, 0.002236708530252884148, 0.002684050236303460631, 0.003578733648404613596, 0.004473417060505767429, 0.004920758766556342610, 0.005368100472606918659, 0.005815442178657496443, 0.006262783884708073359, 0.006710125590758650276, 0.007157467296809227192 ),
 .UNSPECIFIED. ) ;
#1859 = AXIS2_PLACEMENT_3D ( 'NONE', #1784, #211, #31 ) ;
#1860 = CARTESIAN_POINT ( 'NONE',  ( -0.05282266525110176220, 0.02734374999999998612, 0.05282266525110178301 ) ) ;
#1861 = CARTESIAN_POINT ( 'NONE',  ( -0.09235115046489350554, -0.06038071602088284501, -0.01087102608003040830 ) ) ;
#1862 = CIRCLE ( 'NONE', #1292, 0.1875000000000000555 ) ;
#1863 = EDGE_CURVE ( 'NONE', #1119, #1415, #185, .T. ) ;
#1864 = CARTESIAN_POINT ( 'NONE',  ( -0.09375000000000004163, 0.06250000000000000000, -0.1623797632095823340 ) ) ;
#1865 = CARTESIAN_POINT ( 'NONE',  ( -0.06717514421272202663, 0.06250000000000000000, -0.06717514421272199887 ) ) ;
#1866 = CARTESIAN_POINT ( 'NONE',  ( 0.03935028842544403826, 0.07617187499999994449, 0.09499999999999997335 ) ) ;
#1867 = DIRECTION ( 'NONE',  ( 0.000000000000000000, 0.000000000000000000, -1.000000000000000000 ) ) ;
#1868 = CARTESIAN_POINT ( 'NONE',  ( -0.09499999999999998723, -0.05468750000000000694, 1.745121688784978154E-17 ) ) ;
#1869 = FACE_OUTER_BOUND ( 'NONE', #872, .T. ) ;
#1870 = CARTESIAN_POINT ( 'NONE',  ( -0.09499999999999995948, -0.05273437500000000000, 0.03935028842544408684 ) ) ;
#1871 = CARTESIAN_POINT ( 'NONE',  ( -0.09499999999999995948, 0.005859374999999934948, 0.03935028842544407296 ) ) ;
#1872 = EDGE_CURVE ( 'NONE', #526, #40, #1749, .T. ) ;
#1873 = CARTESIAN_POINT ( 'NONE',  ( 0.000000000000000000, 0.06250000000000000000, 0.000000000000000000 ) ) ;
#1874 = CARTESIAN_POINT ( 'NONE',  ( -0.01191522966128500706, 0.05481989002620116236, -0.08670323758839881823 ) ) ;
#1875 = EDGE_LOOP ( 'NONE', ( #1424, #1837, #1781 ) ) ;
#1876 = CARTESIAN_POINT ( 'NONE',  ( -0.03935028842544407990, 0.02929687499999994102, -0.09499999999999997335 ) ) ;
#1877 = DIRECTION ( 'NONE',  ( 0.000000000000000000, 0.000000000000000000, -1.000000000000000000 ) ) ;
#1878 = CARTESIAN_POINT ( 'NONE',  ( 0.05282266525110176913, -0.05859375000000002082, 0.05282266525110176220 ) ) ;
#1879 = B_SPLINE_CURVE_WITH_KNOTS ( 'NONE', 3,
 ( #947, #1612, #15, #1108, #1408, #1589 ),
 .UNSPECIFIED., .F., .F.,
 ( 4, 2, 4 ),
 ( 0.005086110390260761664, 0.006477806546185321812, 0.007869502702109881093 ),
 .UNSPECIFIED. ) ;
#1880 = DIRECTION ( 'NONE',  ( -0.000000000000000000, -1.000000000000000000, -0.000000000000000000 ) ) ;
#1881 = ORIENTED_EDGE ( 'NONE', *, *, #494, .T. ) ;
#1882 = CARTESIAN_POINT ( 'NONE',  ( 1.163414459189985436E-17, 0.01562500000000000347, 0.09499999999999998723 ) ) ;
#1883 = CARTESIAN_POINT ( 'NONE',  ( 0.03094280090340141218, -0.001953125000000015613, 0.07470252959880212262 ) ) ;
#1884 = CARTESIAN_POINT ( 'NONE',  ( -0.03935028842544401051, -0.01757812499999999653, 0.09500000000000001499 ) ) ;
#1885 = CARTESIAN_POINT ( 'NONE',  ( -0.06717514421272201275, -0.06250000000000005551, -0.06717514421272198499 ) ) ;
#1886 = ORIENTED_EDGE ( 'NONE', *, *, #643, .F. ) ;
#1887 = CARTESIAN_POINT ( 'NONE',  ( -0.02596466884259497968, 0.04377734281167817987, -0.07191396694835987258 ) ) ;
#1888 = EDGE_CURVE ( 'NONE', #250, #1936, #892, .T. ) ;
#1889 = DIRECTION ( 'NONE',  ( 0.000000000000000000, 0.000000000000000000, 1.000000000000000000 ) ) ;
#1890 = CARTESIAN_POINT ( 'NONE',  ( 0.07470252959880212262, 0.06835937499999998612, -0.03094280090340140871 ) ) ;
#1891 = CARTESIAN_POINT ( 'NONE',  ( 0.000000000000000000, -0.04516475713473076803, -0.07766475713473065812 ) ) ;
#1892 = ORIENTED_EDGE ( 'NONE', *, *, #793, .F. ) ;
#1893 = CARTESIAN_POINT ( 'NONE',  ( -0.07470252959880210875, -0.01367187500000002429, -0.03094280090340142259 ) ) ;
#1894 = AXIS2_PLACEMENT_3D ( 'NONE', #950, #163, #1121 ) ;
#1895 = AXIS2_PLACEMENT_3D ( 'NONE', #312, #174, #1907 ) ;
#1896 = EDGE_LOOP ( 'NONE', ( #1947, #807, #1113, #1508 ) ) ;
#1897 = CARTESIAN_POINT ( 'NONE',  ( -0.03935028842544399663, 0.04101562499999993755, 0.09499999999999998723 ) ) ;
#1898 = EDGE_CURVE ( 'NONE', #1936, #1415, #259, .T. ) ;
#1899 = CARTESIAN_POINT ( 'NONE',  ( -0.09499999999999995948, 0.005859375000000003469, -0.03935028842544405214 ) ) ;
#1900 = CARTESIAN_POINT ( 'NONE',  ( -0.05282266525110176220, 0.05468749999999997918, 0.05282266525110178301 ) ) ;
#1901 = CARTESIAN_POINT ( 'NONE',  ( 0.08226001254552713082, -0.04986742700721127214, -0.006865362841346158394 ) ) ;
#1902 = VERTEX_POINT ( 'NONE', #1519 ) ;
#1903 = CARTESIAN_POINT ( 'NONE',  ( 0.07470252959880212262, -0.02343750000000001388, -4.574210688069171592E-18 ) ) ;
#1904 = CARTESIAN_POINT ( 'NONE',  ( 0.07470252959880212262, -0.02929687500000001041, 0.03094280090340139830 ) ) ;
#1905 = DIRECTION ( 'NONE',  ( 0.000000000000000000, 0.000000000000000000, 1.000000000000000000 ) ) ;
#1906 = EDGE_LOOP ( 'NONE', ( #1967, #93, #745 ) ) ;
#1907 = DIRECTION ( 'NONE',  ( 0.000000000000000000, 0.000000000000000000, 1.000000000000000000 ) ) ;
#1908 = DIRECTION ( 'NONE',  ( 0.000000000000000000, 0.000000000000000000, 1.000000000000000000 ) ) ;
#1909 = CARTESIAN_POINT ( 'NONE',  ( -0.07470252959880210875, 0.04882812499999997918, -0.03094280090340142259 ) ) ;
#1910 = CARTESIAN_POINT ( 'NONE',  ( 0.003933117696906254790, 0.04253191995928452818, -0.07503191995931912661 ) ) ;
#1911 = EDGE_CURVE ( 'NONE', #154, #665, #252, .T. ) ;
#1912 = EDGE_LOOP ( 'NONE', ( #2037, #20, #1561, #241 ) ) ;
#1913 = CARTESIAN_POINT ( 'NONE',  ( -0.07470252959880210875, 0.02148437499999998612, 0.03094280090340145728 ) ) ;
#1914 =( CONVERSION_BASED_UNIT ( 'INCH', #153 ) LENGTH_UNIT ( ) NAMED_UNIT ( #341 ) );
#1915 = CARTESIAN_POINT ( 'NONE',  ( -0.07470252959880210875, 0.05273437499999999306, -0.03094280090340142259 ) ) ;
#1916 = CARTESIAN_POINT ( 'NONE',  ( 1.163414459189985282E-17, 0.04296874999999994449, 0.09499999999999997335 ) ) ;
#1917 = CARTESIAN_POINT ( 'NONE',  ( 0.03094280090340140177, -0.04882812500000002082, -0.07470252959880212262 ) ) ;
#1918 = CARTESIAN_POINT ( 'NONE',  ( 0.01083647210165596120, -0.04558185840152780693, -0.07808185840152770396 ) ) ;
#1919 = ORIENTED_EDGE ( 'NONE', *, *, #1888, .T. ) ;
#1920 = CARTESIAN_POINT ( 'NONE',  ( 0.03094280090340141218, -0.02929687500000002429, 0.07470252959880212262 ) ) ;
#1921 = CARTESIAN_POINT ( 'NONE',  ( -0.05282266525110176220, -0.03906250000000000694, 0.05282266525110178301 ) ) ;
#1922 = CARTESIAN_POINT ( 'NONE',  ( 0.01529796639056610862, 0.05085249760325898094, -0.2076740659324625149 ) ) ;
#1923 = PRODUCT_DEFINITION_FORMATION_WITH_SPECIFIED_SOURCE ( 'Symmetric', '', #300, .NOT_KNOWN. ) ;
#1924 = EDGE_CURVE ( 'NONE', #1198, #1756, #1107, .T. ) ;
#1925 = VECTOR ( 'NONE', #972, 39.37007874015748143 ) ;
#1926 = EDGE_LOOP ( 'NONE', ( #1148, #822, #912, #919 ) ) ;
#1927 = CARTESIAN_POINT ( 'NONE',  ( 0.09499999999999997335, -0.04296875000000004857, -5.817072295949926409E-18 ) ) ;
#1928 = AXIS2_PLACEMENT_3D ( 'NONE', #1172, #213, #1179 ) ;
#1929 = CARTESIAN_POINT ( 'NONE',  ( -0.07569367161392959176, -0.04316896876077153111, 0.005835089214394614809 ) ) ;
#1930 = CARTESIAN_POINT ( 'NONE',  ( -0.03094280090340145728, 0.04492187499999997918, -0.07470252959880210875 ) ) ;
#1931 = CARTESIAN_POINT ( 'NONE',  ( 1.072430674815440309E-17, -0.05507061020059886292, 0.08757061020059894729 ) ) ;
#1932 = VERTEX_POINT ( 'NONE', #290 ) ;
#1933 = CARTESIAN_POINT ( 'NONE',  ( -0.03935028842544401051, 0.04492187500000001388, 0.09500000000000000111 ) ) ;
#1934 = CARTESIAN_POINT ( 'NONE',  ( 0.07470252959880212262, 0.001953124999999981352, 0.03094280090340140177 ) ) ;
#1935 = CARTESIAN_POINT ( 'NONE',  ( 0.1874999999999999445, -0.05084164280974064892, -0.09062620755346773027 ) ) ;
#1936 = VERTEX_POINT ( 'NONE', #915 ) ;
#1937 = EDGE_CURVE ( 'NONE', #138, #1771, #1090, .T. ) ;
#1938 = CARTESIAN_POINT ( 'NONE',  ( 0.000000000000000000, 0.04687499999999998612, -0.07470252959880212262 ) ) ;
#1939 = CARTESIAN_POINT ( 'NONE',  ( 0.1874999999999999445, 0.04575317547305494947, -0.1082531754730549217 ) ) ;
#1940 = CARTESIAN_POINT ( 'NONE',  ( 0.07470252959880212262, -0.06054687500000001388, 0.03094280090340139830 ) ) ;
#1941 = CARTESIAN_POINT ( 'NONE',  ( 0.000000000000000000, 0.06250000000000000000, 0.000000000000000000 ) ) ;
#1942 = ORIENTED_EDGE ( 'NONE', *, *, #37, .T. ) ;
#1943 = APPLICATION_PROTOCOL_DEFINITION ( 'draft international standard', 'automotive_design', 1998, #1949 ) ;
#1944 = CARTESIAN_POINT ( 'NONE',  ( -0.07470252959880210875, -0.07617187500000004163, -0.03094280090340142259 ) ) ;
#1945 = CARTESIAN_POINT ( 'NONE',  ( -0.07377208565675429097, -0.04220252959880217009, 0.01175360822523933979 ) ) ;
#1946 = CARTESIAN_POINT ( 'NONE',  ( 0.06755969258825947343, 0.05992572726144838879, -0.06334708758970773734 ) ) ;
#1947 = ORIENTED_EDGE ( 'NONE', *, *, #1657, .F. ) ;
#1948 = CARTESIAN_POINT ( 'NONE',  ( 0.000000000000000000, -0.003906250000000047705, -0.09499999999999997335 ) ) ;
#1949 = APPLICATION_CONTEXT ( 'automotive_design' ) ;
#1950 = DIRECTION ( 'NONE',  ( -0.4999999999999998890, 0.000000000000000000, 0.8660254037844387076 ) ) ;
#1951 = CARTESIAN_POINT ( 'NONE',  ( 0.03094280090340141218, -0.001953125000000015613, 0.07470252959880212262 ) ) ;
#1952 = EDGE_CURVE ( 'NONE', #1409, #951, #566, .T. ) ;
#1953 = CARTESIAN_POINT ( 'NONE',  ( 0.06542633900184849360, -0.05231282002226543548, 0.05423601980945687295 ) ) ;
#1954 = ORIENTED_EDGE ( 'NONE', *, *, #1436, .T. ) ;
#1955 = DIRECTION ( 'NONE',  ( 1.000000000000000000, 0.000000000000000000, 0.000000000000000000 ) ) ;
#1956 = CARTESIAN_POINT ( 'NONE',  ( 0.03935028842544404520, 0.01757812500000000347, 0.09499999999999998723 ) ) ;
#1957 = CARTESIAN_POINT ( 'NONE',  ( -0.06199205473173500375, -0.06057233903586363433, 0.1807152214591244144 ) ) ;
#1958 = CARTESIAN_POINT ( 'NONE',  ( 0.09499999999999995948, 0.04882812499999995143, 0.03935028842544401745 ) ) ;
#1959 = ORIENTED_EDGE ( 'NONE', *, *, #682, .T. ) ;
#1960 = AXIS2_PLACEMENT_3D ( 'NONE', #1053, #2015, #1234 ) ;
#1961 = CARTESIAN_POINT ( 'NONE',  ( 0.06717514421272199887, -0.03906250000000005551, -0.06717514421272199887 ) ) ;
#1962 = CONICAL_SURFACE ( 'NONE', #860, 0.1875000000000000555, 1.047197551196600074 ) ;
#1963 = CARTESIAN_POINT ( 'NONE',  ( -0.05282266525110178301, -0.04687500000000002082, -0.05282266525110175526 ) ) ;
#1964 = CONICAL_SURFACE ( 'NONE', #1094, 0.09499999999999998723, 0.7853981633974500554 ) ;
#1965 = CARTESIAN_POINT ( 'NONE',  ( 0.08272398702196083475, -0.05006150257284434912, -0.001497506205356121224 ) ) ;
#1966 = EDGE_CURVE ( 'NONE', #1936, #1569, #1307, .T. ) ;
#1967 = ORIENTED_EDGE ( 'NONE', *, *, #2024, .F. ) ;
#1968 = CARTESIAN_POINT ( 'NONE',  ( -0.06717514421272202663, -0.02734374999999999306, -0.06717514421272199887 ) ) ;
#1969 = DIRECTION ( 'NONE',  ( 0.000000000000000000, 1.000000000000000000, 0.000000000000000000 ) ) ;
#1970 = CARTESIAN_POINT ( 'NONE',  ( 0.05462344249112145028, 0.06051188897286917390, -0.07551156881226910034 ) ) ;
#1971 = CARTESIAN_POINT ( 'NONE',  ( 0.000000000000000000, 0.01562499999999998786, -0.07470252959880212262 ) ) ;
#1972 = CARTESIAN_POINT ( 'NONE',  ( -0.03094280090340139483, -0.03710937500000002082, 0.07470252959880213650 ) ) ;
#1973 = CARTESIAN_POINT ( 'NONE',  ( 0.000000000000000000, 0.02734374999999994449, -0.09499999999999997335 ) ) ;
#1974 = ORIENTED_EDGE ( 'NONE', *, *, #671, .F. ) ;
#1975 = CARTESIAN_POINT ( 'NONE',  ( 0.000000000000000000, 0.03125000000000000000, -0.09499999999999998723 ) ) ;
#1976 = FACE_OUTER_BOUND ( 'NONE', #1896, .T. ) ;
#1977 = DIRECTION ( 'NONE',  ( 2.664535259100375303E-15, 0.000000000000000000, 1.000000000000000000 ) ) ;
#1978 = B_SPLINE_CURVE_WITH_KNOTS ( 'NONE', 3,
 ( #1891, #1918, #1130, #471, #1449, #1098, #1734, #1419, #33, #3, #636, #1901, #1965, #521, #1323, #1471, #397, #1303, #371, #1953, #676, #714, #66, #987, #1641, #695, #46, #542, #1018, #1931 ),
 .UNSPECIFIED., .F., .F.,
 ( 4, 2, 2, 2, 2, 2, 2, 2, 2, 2, 2, 2, 2, 2, 4 ),
 ( 0.001821114493153056998, 0.002643262199586615853, 0.003054336052803395714, 0.003465409906020175141, 0.004287557612453734429, 0.004698631465670514290, 0.005109705318887295018, 0.005520779172104074012, 0.005931853025320853873, 0.006342926878537633734, 0.006754000731754412727, 0.007165074584971192588, 0.007576148438187971582, 0.007987222291404751442, 0.008398296144621531303 ),
 .UNSPECIFIED. ) ;
#1979 = CARTESIAN_POINT ( 'NONE',  ( -0.07470252959880210875, -0.06835937500000002776, 0.03094280090340145728 ) ) ;
#1980 = DIRECTION ( 'NONE',  ( -0.000000000000000000, -1.000000000000000000, -0.000000000000000000 ) ) ;
#1981 = CARTESIAN_POINT ( 'NONE',  ( -0.09499999999999995948, 0.03710937500000000000, -0.03935028842544405214 ) ) ;
#1982 = ORIENTED_EDGE ( 'NONE', *, *, #276, .F. ) ;
#1983 = CARTESIAN_POINT ( 'NONE',  ( 0.03935028842544404520, -0.07617187499999998612, 0.09499999999999998723 ) ) ;
#1984 = FACE_OUTER_BOUND ( 'NONE', #967, .T. ) ;
#1985 = CARTESIAN_POINT ( 'NONE',  ( -0.08874111284645060105, -0.05917902134789724405, 0.02471700501793019228 ) ) ;
#1986 = ADVANCED_FACE ( 'NONE', ( #748 ), #1021, .T. ) ;
#1987 = CARTESIAN_POINT ( 'NONE',  ( 0.000000000000000000, 0.06250000000000000000, 0.000000000000000000 ) ) ;
#1988 = CARTESIAN_POINT ( 'NONE',  ( 0.07470252959880212262, 0.005859374999999986122, 0.03094280090340139830 ) ) ;
#1989 = CARTESIAN_POINT ( 'NONE',  ( -0.06990817996873131823, 0.04612231966763083446, -0.03635391115572809279 ) ) ;
#1990 = CIRCLE ( 'NONE', #1163, 0.1875000000000000555 ) ;
#1991 = ORIENTED_EDGE ( 'NONE', *, *, #2011, .T. ) ;
#1992 = CARTESIAN_POINT ( 'NONE',  ( -0.05282266525110178301, 0.05078124999999999306, -0.05282266525110175526 ) ) ;
#1993 = LINE ( 'NONE', #95, #1228 ) ;
#1994 = CARTESIAN_POINT ( 'NONE',  ( 0.07470252959880212262, 0.03906249999999998612, -4.574210688069171592E-18 ) ) ;
#1995 = CARTESIAN_POINT ( 'NONE',  ( -0.1255079452682625052, -0.06057233903586390494, -0.1440443049600414471 ) ) ;
#1996 = CARTESIAN_POINT ( 'NONE',  ( 0.000000000000000000, 0.06250000000000000000, -0.09499999999999998723 ) ) ;
#1997 = CARTESIAN_POINT ( 'NONE',  ( 9.148421376138343185E-18, -0.06250000000000001388, 0.07470252959880212262 ) ) ;
#1998 = ADVANCED_FACE ( 'NONE', ( #96, #1365 ), #1354, .T. ) ;
#1999 = CARTESIAN_POINT ( 'NONE',  ( -0.05267412665780620007, 0.05041677630237539898, 0.06424864476356730025 ) ) ;
#2000 = DIRECTION ( 'NONE',  ( 0.000000000000000000, -1.000000000000000000, 0.000000000000000000 ) ) ;
#2001 = CARTESIAN_POINT ( 'NONE',  ( 0.000000000000000000, -0.06250000000000000000, 0.000000000000000000 ) ) ;
#2002 = CARTESIAN_POINT ( 'NONE',  ( -0.09499999999999997335, -0.05273437499999999306, 0.03935028842544407990 ) ) ;
#2003 = DIRECTION ( 'NONE',  ( -1.000000000000000000, 0.000000000000000000, 0.000000000000000000 ) ) ;
#2004 = B_SPLINE_CURVE_WITH_KNOTS ( 'NONE', 3,
 ( #700, #217, #547, #1014, #841, #1655, #1024, #244, #233, #867, #718, #1985, #413, #452, #1831, #1861, #2016, #1035, #759, #2028, #604, #2038 ),
 .UNSPECIFIED., .F., .F.,
 ( 4, 2, 2, 2, 2, 2, 2, 2, 2, 2, 4 ),
 ( 0.008398296144621531303, 0.008739128643932302098, 0.009079961143243072894, 0.009761626141864616218, 0.01044329114048615781, 0.01112495613910769940, 0.01180662113772924272, 0.01214745363704001352, 0.01248828613635078431, 0.01316995113497232764, 0.01385161613359386923 ),
 .UNSPECIFIED. ) ;
#2005 = CARTESIAN_POINT ( 'NONE',  ( 0.05282266525110176913, 0.003906249999999988291, 0.05282266525110176220 ) ) ;
#2006 = CARTESIAN_POINT ( 'NONE',  ( 0.000000000000000000, -0.06250000000000000000, 0.1875000000000000555 ) ) ;
#2007 = CARTESIAN_POINT ( 'NONE',  ( -3.792068328495997154E-17, -0.04575317547305493560, 0.2165063509461096769 ) ) ;
#2008 = CARTESIAN_POINT ( 'NONE',  ( -0.03094280090340145728, -0.01367187500000001388, -0.07470252959880210875 ) ) ;
#2009 = DIRECTION ( 'NONE',  ( 0.000000000000000000, 1.000000000000000000, 0.000000000000000000 ) ) ;
#2010 = CARTESIAN_POINT ( 'NONE',  ( -0.03935028842544403826, 0.04492187500000000694, 0.09499999999999995948 ) ) ;
#2011 = EDGE_CURVE ( 'NONE', #2040, #1198, #1006, .T. ) ;
#2012 = ORIENTED_EDGE ( 'NONE', *, *, #175, .T. ) ;
#2013 = CARTESIAN_POINT ( 'NONE',  ( 0.06717514421272199887, -0.06640625000000000000, -0.06717514421272201275 ) ) ;
#2014 = CARTESIAN_POINT ( 'NONE',  ( -0.1875000000000000555, -0.06250000000000000000, 2.957312202238503777E-17 ) ) ;
#2015 = DIRECTION ( 'NONE',  ( 0.000000000000000000, 1.000000000000000000, 0.000000000000000000 ) ) ;
#2016 = CARTESIAN_POINT ( 'NONE',  ( -0.09187137303004121180, -0.06053116597747265626, -0.01530964647910706099 ) ) ;
#2017 = CARTESIAN_POINT ( 'NONE',  ( -0.09499999999999995948, -0.02148437500000000694, 0.03935028842544408684 ) ) ;
#2018 = DIRECTION ( 'NONE',  ( 0.000000000000000000, 0.000000000000000000, -1.000000000000000000 ) ) ;
#2019 = CARTESIAN_POINT ( 'NONE',  ( -0.04923479081581048911, 0.04487057028040249140, -0.05991166765391924692 ) ) ;
#2020 = CARTESIAN_POINT ( 'NONE',  ( -0.01189472100058272010, -0.04469393271062438444, -0.07650798841684784690 ) ) ;
#2021 = EDGE_LOOP ( 'NONE', ( #508, #1294, #973, #1188 ) ) ;
#2022 = CARTESIAN_POINT ( 'NONE',  ( -0.07470252959880212262, 0.02343749999999998959, 1.372263206420751324E-17 ) ) ;
#2023 = DIRECTION ( 'NONE',  ( -0.000000000000000000, -1.000000000000000000, -0.000000000000000000 ) ) ;
#2024 = EDGE_CURVE ( 'NONE', #1932, #1690, #1324, .T. ) ;
#2025 = VECTOR ( 'NONE', #1193, 39.37007874015748143 ) ;
#2026 = CARTESIAN_POINT ( 'NONE',  ( -0.03935028842544409378, -0.06054687499999999306, -0.09499999999999995948 ) ) ;
#2027 =( BOUNDED_CURVE ( )  B_SPLINE_CURVE ( 2, ( #1396, #725, #886, #1352, #1839, #421, #1042, #1522, #1432 ),
 .UNSPECIFIED., .F., .F. ) 
 B_SPLINE_CURVE_WITH_KNOTS ( ( 3, 2, 2, 2, 3 ),
 ( 0.2000000000000000111, 0.2250000000000000056, 0.2500000000000000000, 0.2750000000000000222, 0.2999999999999999889 ),
 .UNSPECIFIED. ) 
 CURVE ( )  GEOMETRIC_REPRESENTATION_ITEM ( )  RATIONAL_B_SPLINE_CURVE ( ( 1.000000000000000000, 0.9238795325112867385, 1.000000000000000000, 0.9238795325112867385, 1.000000000000000000, 0.9238795325112867385, 1.000000000000000000, 0.9238795325112867385, 1.000000000000000000 ) ) 
 REPRESENTATION_ITEM ( '' )  );
#2028 = CARTESIAN_POINT ( 'NONE',  ( -0.07856916760528064037, -0.06191379613200041765, -0.05310656271875426049 ) ) ;
#2029 = AXIS2_PLACEMENT_3D ( 'NONE', #1048, #2009, #258 ) ;
#2030 = CARTESIAN_POINT ( 'NONE',  ( 1.163414459189985436E-17, -0.01562500000000000347, 0.09499999999999998723 ) ) ;
#2031 = CARTESIAN_POINT ( 'NONE',  ( -4.631663149603199156E-13, 0.05325771326652723597, -0.08575771326652720239 ) ) ;
#2032 = ORIENTED_EDGE ( 'NONE', *, *, #64, .F. ) ;
#2033 = CARTESIAN_POINT ( 'NONE',  ( -0.06717514421272199887, 0.07031249999999994449, 0.06717514421272201275 ) ) ;
#2034 = CARTESIAN_POINT ( 'NONE',  ( -0.03072356598229059738, 0.05506208769007250869, 0.1987680918557689635 ) ) ;
#2035 = CARTESIAN_POINT ( 'NONE',  ( -0.03094280090340145728, -0.07617187499999998612, -0.07470252959880210875 ) ) ;
#2036 = CARTESIAN_POINT ( 'NONE',  ( 0.1874999999999999445, 0.06250000000000000000, 0.1082531754730547552 ) ) ;
#2037 = ORIENTED_EDGE ( 'NONE', *, *, #1813, .F. ) ;
#2038 = CARTESIAN_POINT ( 'NONE',  ( -0.06717514421272201275, -0.06250000000000005551, -0.06717514421272198499 ) ) ;
#2039 = CARTESIAN_POINT ( 'NONE',  ( -0.05282266525110176220, 0.02343749999999997918, 0.05282266525110178301 ) ) ;
#2040 = VERTEX_POINT ( 'NONE', #1399 ) ;
#2041 = CARTESIAN_POINT ( 'NONE',  ( 0.06717514421272199887, 0.08593749999999994449, -0.06717514421272199887 ) ) ;
#2042 = DIRECTION ( 'NONE',  ( 0.000000000000000000, 1.000000000000000000, 0.000000000000000000 ) ) ;
#2043 = CARTESIAN_POINT ( 'NONE',  ( -0.03094280090340139483, 0.05664062499999997918, 0.07470252959880213650 ) ) ;
#2044 = DIRECTION ( 'NONE',  ( -0.000000000000000000, -1.000000000000000000, 0.000000000000000000 ) ) ;
#2045 = VERTEX_POINT ( 'NONE', #1882 ) ;
#2046 = CARTESIAN_POINT ( 'NONE',  ( 9.148421376138343185E-18, -0.003906250000000022551, 0.07470252959880212262 ) ) ;
#2047 = CARTESIAN_POINT ( 'NONE',  ( 0.09375000000000011102, -0.06250000000000000000, 0.1623797632095822785 ) ) ;
#2048 = ORIENTED_EDGE ( 'NONE', *, *, #728, .T. ) ;
#2049 = EDGE_CURVE ( 'NONE', #827, #1198, #957, .T. ) ;
#2050 = CARTESIAN_POINT ( 'NONE',  ( -0.09499999999999997335, 0.06445312499999994449, -0.03935028842544404520 ) ) ;
ENDSEC;
END-ISO-10303-21;
