ISO-10303-21;
HEADER;
FILE_DESCRIPTION (( 'STEP AP214' ),
    '1' );
FILE_NAME ('90630A110_High-Strength Steel Nylon-Insert Locknut.STEP',
    '2026-09-04T22:01:31',
    ( '' ),
    ( '' ),
    'SwSTEP 2.0',
    'SolidWorks 2026',
    '' );
FILE_SCHEMA (( 'AUTOMOTIVE_DESIGN' ));
ENDSEC;

DATA;
#1 = ORIENTED_EDGE ( 'NONE', *, *, #1345, .T. ) ;
#2 = CARTESIAN_POINT ( 'NONE',  ( -0.09221567537141699133, 0.1260416666666669405, 0.09221567537141696358 ) ) ;
#3 = CARTESIAN_POINT ( 'NONE',  ( 0.01210992114589974286, 0.2604166666666667962, 0.09192627518356906446 ) ) ;
#4 = CARTESIAN_POINT ( 'NONE',  ( 0.03832471526136860956, 0.05729166666666685864, 0.09252404735808329728 ) ) ;
#5 = CIRCLE ( 'NONE', #1798, 0.2187499999999999445 ) ;
#6 = VERTEX_POINT ( 'NONE', #2650 ) ;
#7 = CARTESIAN_POINT ( 'NONE',  ( -0.007003225391651346846, 0.01602621294387499701, 0.1031316754323001045 ) ) ;
#8 = B_SPLINE_CURVE_WITH_KNOTS ( 'NONE', 3,
 ( #1103, #1978, #1743, #2230, #497, #459 ),
 .UNSPECIFIED., .F., .F.,
 ( 4, 2, 4 ),
 ( 0.003227520057086194927, 0.004827050055782511687, 0.006426580054478828880 ),
 .UNSPECIFIED. ) ;
#9 = CARTESIAN_POINT ( 'NONE',  ( 0.1250000000000000833, 0.04479166666666697244, -0.05177669529663695563 ) ) ;
#10 = PRESENTATION_LAYER_ASSIGNMENT (  '', '', ( #2208 ) ) ;
#11 = CIRCLE ( 'NONE', #1038, 0.2127499999999999114 ) ;
#12 = CARTESIAN_POINT ( 'NONE',  ( -0.09252404735808328340, 0.1916666666666668184, -5.665463922061740748E-18 ) ) ;
#13 = CARTESIAN_POINT ( 'NONE',  ( 0.1250000000000001110, 0.1416666666666669960, 2.296212748401289266E-17 ) ) ;
#14 = DIRECTION ( 'NONE',  ( -0.000000000000000000, -1.000000000000000000, -0.000000000000000000 ) ) ;
#15 = CARTESIAN_POINT ( 'NONE',  ( 0.09252404735808325564, 0.2197916666666668295, 0.03832471526136867201 ) ) ;
#16 = ORIENTED_EDGE ( 'NONE', *, *, #2440, .T. ) ;
#17 = CARTESIAN_POINT ( 'NONE',  ( -0.09221567537141699133, 0.02604166666666694191, 0.09221567537141696358 ) ) ;
#18 = DIRECTION ( 'NONE',  ( 0.000000000000000000, -1.000000000000000000, 0.000000000000000000 ) ) ;
#19 = CARTESIAN_POINT ( 'NONE',  ( 0.06542438130972595689, 0.2104166666666668351, 0.06542438130972597077 ) ) ;
#20 = ORIENTED_EDGE ( 'NONE', *, *, #2007, .F. ) ;
#21 = CARTESIAN_POINT ( 'NONE',  ( 0.2187499999999994171, -2.420590938939690364E-16, 0.000000000000000000 ) ) ;
#22 = CARTESIAN_POINT ( 'NONE',  ( 3.061616997868386099E-17, 0.1041666666666669766, -0.1250000000000001110 ) ) ;
#23 = CARTESIAN_POINT ( 'NONE',  ( -0.06542438130972595689, 0.1854166666666668684, -0.06542438130972595689 ) ) ;
#24 = CARTESIAN_POINT ( 'NONE',  ( -0.2187500000000010270, 0.2446364691551470016, 0.1262953713852300042 ) ) ;
#25 = LINE ( 'NONE', #446, #850 ) ;
#26 = AXIS2_PLACEMENT_3D ( 'NONE', #954, #2241, #2277 ) ;
#27 = CARTESIAN_POINT ( 'NONE',  ( -1.133092784412347841E-17, 0.2104166666666668073, 0.09252404735808325564 ) ) ;
#28 = ORIENTED_EDGE ( 'NONE', *, *, #2181, .F. ) ;
#29 = CARTESIAN_POINT ( 'NONE',  ( 0.1304126587736524623, 0.1479166666666669738, -0.05401869196918149957 ) ) ;
#30 = CARTESIAN_POINT ( 'NONE',  ( 0.09252404735808328340, 0.02291666666666678648, 1.699639176618522147E-17 ) ) ;
#31 = CARTESIAN_POINT ( 'NONE',  ( 0.000000000000000000, 0.3125000000000000000, 0.000000000000000000 ) ) ;
#32 = ADVANCED_FACE ( 'NONE', ( #1582 ), #1976, .T. ) ;
#33 = CARTESIAN_POINT ( 'NONE',  ( -0.03832471526136863732, 0.1322916666666668351, -0.09252404735808329728 ) ) ;
#34 = ORIENTED_EDGE ( 'NONE', *, *, #2475, .F. ) ;
#35 = DIRECTION ( 'NONE',  ( 0.000000000000000000, 0.000000000000000000, -1.000000000000000000 ) ) ;
#36 = CARTESIAN_POINT ( 'NONE',  ( -0.1825998447773398703, 0.006942855656679685836, -0.1471666732342806760 ) ) ;
#37 = CARTESIAN_POINT ( 'NONE',  ( 0.06542438130972597077, 0.07291666666666683783, -0.06542438130972592913 ) ) ;
#38 = CARTESIAN_POINT ( 'NONE',  ( -0.1090439969022646005, 0.2604166666666667962, 0.02315764762566509261 ) ) ;
#39 = DIRECTION ( 'NONE',  ( -0.000000000000000000, -1.000000000000000000, 3.544911822905277504E-16 ) ) ;
#40 = CARTESIAN_POINT ( 'NONE',  ( 2.266185568824695683E-17, 0.1354166666666668239, -0.09252404735808325564 ) ) ;
#41 = CARTESIAN_POINT ( 'NONE',  ( 0.09030201150986773284, 0.2994791666666668517, -0.09030201150986769121 ) ) ;
#42 = CARTESIAN_POINT ( 'NONE',  ( 0.1304126587736524345, -0.008333333333333052192, 0.05401869196918154120 ) ) ;
#43 = CARTESIAN_POINT ( 'NONE',  ( 2.567415978734140667E-17, 0.2634166666666664658, 0.2096454243396280448 ) ) ;
#44 = CARTESIAN_POINT ( 'NONE',  ( -0.03832471526136865120, 0.001041666666666832101, 0.09252404735808329728 ) ) ;
#45 = ORIENTED_EDGE ( 'NONE', *, *, #818, .T. ) ;
#46 = DIRECTION ( 'NONE',  ( 0.000000000000000000, -0.000000000000000000, 1.000000000000000000 ) ) ;
#47 = EDGE_CURVE ( 'NONE', #1916, #1248, #229, .T. ) ;
#48 = CARTESIAN_POINT ( 'NONE',  ( 0.03832471526113118837, 0.2572916666666475449, 0.09252404735808331115 ) ) ;
#49 = CARTESIAN_POINT ( 'NONE',  ( 0.06542438130972597077, 0.1729166666666668573, -0.06542438130972592913 ) ) ;
#50 = CARTESIAN_POINT ( 'NONE',  ( -0.1146119004189194157, 0.2604166666666680729, -0.003026948662366880319 ) ) ;
#51 = DIRECTION ( 'NONE',  ( -0.000000000000000000, 1.000000000000000000, -1.036218204493341887E-15 ) ) ;
#52 = CIRCLE ( 'NONE', #1533, 0.1062500000000002887 ) ;
#53 = CARTESIAN_POINT ( 'NONE',  ( 0.1030568350917005771, 0.2604166666666667962, -0.03011392943323852600 ) ) ;
#54 = CARTESIAN_POINT ( 'NONE',  ( -0.03832471526136864426, 0.05729166666666681701, 0.09252404735808328340 ) ) ;
#55 = VECTOR ( 'NONE', #2150, 39.37007874015748143 ) ;
#56 = CARTESIAN_POINT ( 'NONE',  ( -0.09030201150986773284, 0.3244791666666668184, 0.09030201150986771896 ) ) ;
#57 = DIRECTION ( 'NONE',  ( -0.000000000000000000, 1.000000000000000000, -1.036218204493341887E-15 ) ) ;
#58 = CARTESIAN_POINT ( 'NONE',  ( -0.05177669529663692094, 0.1635416666666667240, -0.1250000000000001110 ) ) ;
#59 = CARTESIAN_POINT ( 'NONE',  ( -0.06542438130972595689, -0.05208333333333319687, 0.06542438130972595689 ) ) ;
#60 = ORIENTED_EDGE ( 'NONE', *, *, #47, .F. ) ;
#61 = LINE ( 'NONE', #952, #1081 ) ;
#62 = CARTESIAN_POINT ( 'NONE',  ( -0.1459283252666198627, 0.001447779302353800366, -0.1683389848953876500 ) ) ;
#63 = EDGE_CURVE ( 'NONE', #1738, #2218, #5, .T. ) ;
#64 = VERTEX_POINT ( 'NONE', #192 ) ;
#65 = CARTESIAN_POINT ( 'NONE',  ( 0.09252404735808328340, 0.06979166666666684893, -0.03832471526136865120 ) ) ;
#66 = CYLINDRICAL_SURFACE ( 'NONE', #2503, 0.1250000000000001110 ) ;
#67 = CARTESIAN_POINT ( 'NONE',  ( 0.000000000000000000, 0.2446364691551470016, -0.2525907427704618402 ) ) ;
#68 = ADVANCED_FACE ( 'NONE', ( #620 ), #2775, .F. ) ;
#69 = CARTESIAN_POINT ( 'NONE',  ( -0.06542438130972594301, 0.04166666666666678925, -0.06542438130972594301 ) ) ;
#70 = AXIS2_PLACEMENT_3D ( 'NONE', #344, #1818, #105 ) ;
#71 = CARTESIAN_POINT ( 'NONE',  ( -0.1277063293868262728, 0.3151041666666669072, -0.05289769363290919291 ) ) ;
#72 = CARTESIAN_POINT ( 'NONE',  ( -0.09221567537141699133, -0.02395833333333307127, 0.09221567537141696358 ) ) ;
#73 = CARTESIAN_POINT ( 'NONE',  ( 0.2187499999999994449, 0.2492439149174690005, 0.1055884678135735472 ) ) ;
#74 = CARTESIAN_POINT ( 'NONE',  ( -0.09252404735808328340, 0.1947916666666668073, -0.03832471526136863038 ) ) ;
#75 = ORIENTED_EDGE ( 'NONE', *, *, #695, .F. ) ;
#76 = DIRECTION ( 'NONE',  ( 0.000000000000000000, 0.000000000000000000, 1.000000000000000000 ) ) ;
#77 = CARTESIAN_POINT ( 'NONE',  ( -0.1250000000000001110, 0.2197916666666669683, 0.05177669529663691400 ) ) ;
#78 = ORIENTED_EDGE ( 'NONE', *, *, #2325, .F. ) ;
#79 = CARTESIAN_POINT ( 'NONE',  ( -0.1093597362516324778, 0.2604166666666666297, -0.05106739279910031681 ) ) ;
#80 = DIRECTION ( 'NONE',  ( -1.000000000000000000, 0.000000000000000000, 0.000000000000000000 ) ) ;
#81 = CARTESIAN_POINT ( 'NONE',  ( 0.06542438130972592913, 0.1666666666666668239, 0.06542438130972595689 ) ) ;
#82 = EDGE_CURVE ( 'NONE', #628, #2004, #1210, .T. ) ;
#83 = ORIENTED_EDGE ( 'NONE', *, *, #2538, .F. ) ;
#84 = CARTESIAN_POINT ( 'NONE',  ( 3.194188902708990127E-17, -0.09270833333333305948, -0.1304126587736524900 ) ) ;
#85 = CARTESIAN_POINT ( 'NONE',  ( 0.06542438130972592913, 0.2166666666666668128, 0.06542438130972595689 ) ) ;
#86 = ORIENTED_EDGE ( 'NONE', *, *, #1402, .T. ) ;
#87 = CARTESIAN_POINT ( 'NONE',  ( 0.09252404735808328340, 0.2760416666666667962, -0.03832471526136865120 ) ) ;
#88 = CARTESIAN_POINT ( 'NONE',  ( 0.06542438130972597077, 0.07291666666666683783, -0.06542438130972592913 ) ) ;
#89 = ORIENTED_EDGE ( 'NONE', *, *, #2145, .T. ) ;
#90 = FILL_AREA_STYLE_COLOUR ( '', #2182 ) ;
#91 = DIRECTION ( 'NONE',  ( 0.000000000000000000, -1.092739197465704893E-15, -1.000000000000000000 ) ) ;
#92 = AXIS2_PLACEMENT_3D ( 'NONE', #1014, #2762, #1878 ) ;
#93 = DIRECTION ( 'NONE',  ( 0.000000000000000000, 0.000000000000000000, 1.000000000000000000 ) ) ;
#94 = CARTESIAN_POINT ( 'NONE',  ( -0.06542438130972594301, 0.1416666666666668017, -0.06542438130972594301 ) ) ;
#95 = CARTESIAN_POINT ( 'NONE',  ( 3.061616997868386099E-17, 0.2541666666666669849, -0.1250000000000001110 ) ) ;
#96 = AXIS2_PLACEMENT_3D ( 'NONE', #2591, #1512, #1294 ) ;
#97 = ADVANCED_FACE ( 'NONE', ( #1236 ), #1714, .T. ) ;
#98 = ORIENTED_EDGE ( 'NONE', *, *, #2423, .T. ) ;
#99 = CARTESIAN_POINT ( 'NONE',  ( 0.1304126587736524623, -0.05208333333333305809, -0.05401869196918149957 ) ) ;
#100 = CARTESIAN_POINT ( 'NONE',  ( 0.06542438130972595689, 0.1791666666666668351, -0.06542438130972592913 ) ) ;
#101 = ORIENTED_EDGE ( 'NONE', *, *, #1259, .F. ) ;
#102 = CARTESIAN_POINT ( 'NONE',  ( -0.07496762910472008767, 0.007459922754074786028, -0.09586703934283405393 ) ) ;
#103 = CARTESIAN_POINT ( 'NONE',  ( -0.06542438130972595689, 0.1479166666666668351, 0.06542438130972595689 ) ) ;
#104 = EDGE_LOOP ( 'NONE', ( #1825, #824, #407 ) ) ;
#105 = DIRECTION ( 'NONE',  ( 0.000000000000000000, 0.000000000000000000, 1.000000000000000000 ) ) ;
#106 = CARTESIAN_POINT ( 'NONE',  ( 1.530808498934192125E-17, 0.3125000000000000000, 0.1250000000000000555 ) ) ;
#107 = CARTESIAN_POINT ( 'NONE',  ( -0.08838834764831852986, 0.1229166666666669794, 0.08838834764831851598 ) ) ;
#108 = CARTESIAN_POINT ( 'NONE',  ( 2.266185568824695683E-17, -0.01458333333333318958, -0.09252404735808325564 ) ) ;
#109 = CARTESIAN_POINT ( 'NONE',  ( 0.000000000000000000, 0.3125000000000000000, 0.000000000000000000 ) ) ;
#110 = CARTESIAN_POINT ( 'NONE',  ( -0.1277063293868262728, 0.02135416666666683019, 0.05289769363290917903 ) ) ;
#111 = DIRECTION ( 'NONE',  ( 0.000000000000000000, -3.213938816075599552E-16, -1.000000000000000000 ) ) ;
#112 = PRESENTATION_LAYER_ASSIGNMENT (  '', '', ( #1363 ) ) ;
#113 = CARTESIAN_POINT ( 'NONE',  ( -0.09252404735808328340, 0.04479166666666680591, -0.03832471526136863038 ) ) ;
#114 = VERTEX_POINT ( 'NONE', #1592 ) ;
#115 = CARTESIAN_POINT ( 'NONE',  ( -0.05401869196918146487, 0.2604166666666669627, -0.1304126587736524900 ) ) ;
#116 = CARTESIAN_POINT ( 'NONE',  ( -0.09252404735808328340, 0.2479166666666668128, -5.665463922061740748E-18 ) ) ;
#117 = CARTESIAN_POINT ( 'NONE',  ( 0.06542438130972595689, 0.1604166666666668462, 0.06542438130972597077 ) ) ;
#118 = ORIENTED_EDGE ( 'NONE', *, *, #1242, .T. ) ;
#119 = CARTESIAN_POINT ( 'NONE',  ( 0.1275931599252175530, -3.621121429101849811E-16, 0.1789247975408816416 ) ) ;
#120 = SURFACE_SIDE_STYLE ('',( #2089 ) ) ;
#121 = CARTESIAN_POINT ( 'NONE',  ( -0.05177669529663695563, 0.1260416666666669683, 0.1250000000000001110 ) ) ;
#122 = CARTESIAN_POINT ( 'NONE',  ( -1.530808498934192742E-17, 0.1354166666666667407, 0.1250000000000001110 ) ) ;
#123 = CARTESIAN_POINT ( 'NONE',  ( -0.1277063293868262450, 0.1182291666666668434, -7.819757375721717972E-18 ) ) ;
#124 = CARTESIAN_POINT ( 'NONE',  ( 0.08838834764831852986, 0.2541666666666667629, -0.08838834764831847435 ) ) ;
#125 = CARTESIAN_POINT ( 'NONE',  ( 0.09252404735808325564, 0.07291666666666679619, 1.699639176618521531E-17 ) ) ;
#126 = ORIENTED_EDGE ( 'NONE', *, *, #1507, .T. ) ;
#127 = CARTESIAN_POINT ( 'NONE',  ( 2.266185568824696299E-17, -0.07083333333333316495, -0.09252404735808328340 ) ) ;
#128 = CARTESIAN_POINT ( 'NONE',  ( 0.06542438130972595689, 0.1666666666666668239, 0.06542438130972597077 ) ) ;
#129 = CARTESIAN_POINT ( 'NONE',  ( -1.133092784412348150E-17, 0.05416666666666682811, 0.09252404735808328340 ) ) ;
#130 = CARTESIAN_POINT ( 'NONE',  ( 0.06542438130972595689, 0.3104166666666668406, 0.06542438130972597077 ) ) ;
#131 = VERTEX_POINT ( 'NONE', #1220 ) ;
#132 = EDGE_CURVE ( 'NONE', #1745, #1665, #2463, .T. ) ;
#133 = SURFACE_SIDE_STYLE ('',( #564 ) ) ;
#134 = CARTESIAN_POINT ( 'NONE',  ( 0.000000000000000000, 0.2634166666666663548, 1.420918822347882128E-17 ) ) ;
#135 = CARTESIAN_POINT ( 'NONE',  ( 0.1093749999999996808, 0.2604166666666666852, 0.1894430570778458112 ) ) ;
#136 = AXIS2_PLACEMENT_3D ( 'NONE', #1511, #1961, #46 ) ;
#137 = CARTESIAN_POINT ( 'NONE',  ( -0.09030201150986773284, 0.01197916666666680972, -0.09030201150986773284 ) ) ;
#138 = B_SPLINE_CURVE_WITH_KNOTS ( 'NONE', 3,
 ( #1564, #2607, #681, #472, #2179, #250 ),
 .UNSPECIFIED., .F., .F.,
 ( 4, 2, 4 ),
 ( 0.003227520057086200132, 0.004827050055782533371, 0.006426580054478866176 ),
 .UNSPECIFIED. ) ;
#139 = CARTESIAN_POINT ( 'NONE',  ( 0.09271189024657544575, 0.02097263114974026038, -0.001263196814624728418 ) ) ;
#140 = AXIS2_PLACEMENT_3D ( 'NONE', #1152, #887, #2675 ) ;
#141 = CARTESIAN_POINT ( 'NONE',  ( -0.09252404735808328340, 0.1510416666666667962, 0.03832471526136861650 ) ) ;
#142 = AXIS2_PLACEMENT_3D ( 'NONE', #346, #1208, #2076 ) ;
#143 = ORIENTED_EDGE ( 'NONE', *, *, #2216, .T. ) ;
#144 = CARTESIAN_POINT ( 'NONE',  ( -0.06542438130972595689, -0.01458333333333318958, -0.06542438130972595689 ) ) ;
#145 = CARTESIAN_POINT ( 'NONE',  ( 0.03832471526136869977, 0.1822916666666668239, -0.09252404735808328340 ) ) ;
#146 = CARTESIAN_POINT ( 'NONE',  ( -1.133092784412348150E-17, 0.1041666666666668378, 0.09252404735808328340 ) ) ;
#147 =( BOUNDED_CURVE ( )  B_SPLINE_CURVE ( 2, ( #2416, #1763, #2628, #950, #283, #2199, #515, #686, #1596, #2640, #1813, #2441, #295, #2428, #85, #490, #1999, #1373, #502, #2669, #1359, #74, #2236, #937, #2024, #1799, #100, #2682, #2467, #2725, #2544, #2753, #2037, #1418, #363, #141, #1213, #2252, #599, #993, #2269, #1871, #2514, #779, #2080, #1644, #2711, #2096, #1857, #1403, #570, #1196, #323, #337, #2739, #1658, #1007, #976, #793, #157, #125, #1431, #2315, #765, #1611, #1630, #1170, #809, #2527, #113, #963, #585, #1448, #2499, #544, #2297, #377, #1229, #171 ),
 .UNSPECIFIED., .F., .F. ) 
 B_SPLINE_CURVE_WITH_KNOTS ( ( 3, 2, 2, 2, 2, 2, 2, 2, 2, 2, 2, 2, 2, 2, 2, 2, 2, 2, 2, 2, 2, 2, 2, 2, 2, 2, 2, 2, 2, 2, 2, 2, 2, 2, 2, 2, 2, 2, 2, 3 ),
 ( 0.1666666666666666574, 0.1805555555555555525, 0.1944444444444444475, 0.2083333333333333426, 0.2222222222222222099, 0.2361111111111111049, 0.2500000000000000000, 0.2638888888888888951, 0.2777777777777777901, 0.2916666666666666852, 0.3055555555555555802, 0.3194444444444444198, 0.3333333333333333148, 0.3472222222222222099, 0.3611111111111111049, 0.3750000000000000000, 0.3888888888888888951, 0.4027777777777777901, 0.4166666666666666297, 0.4305555555555555802, 0.4444444444444444198, 0.4583333333333332593, 0.4722222222222222099, 0.4861111111111110494, 0.5000000000000000000, 0.5138888888888888395, 0.5277777777777777901, 0.5416666666666666297, 0.5555555555555555802, 0.5694444444444444198, 0.5833333333333333703, 0.5972222222222222099, 0.6111111111111111605, 0.6250000000000000000, 0.6388888888888888395, 0.6527777777777777901, 0.6666666666666666297, 0.6805555555555555802, 0.6944444444444444198, 0.6988510677367014701 ),
 .UNSPECIFIED. ) 
 CURVE ( )  GEOMETRIC_REPRESENTATION_ITEM ( )  RATIONAL_B_SPLINE_CURVE ( ( 1.000000000000000000, 0.9238795325112867385, 1.000000000000000000, 0.9238795325112867385, 1.000000000000000000, 0.9238795325112867385, 1.000000000000000000, 0.9238795325112867385, 1.000000000000000000, 0.9238795325112867385, 1.000000000000000000, 0.9238795325112867385, 1.000000000000000000, 0.9238795325112867385, 1.000000000000000000, 0.9238795325112867385, 1.000000000000000000, 0.9238795325112867385, 1.000000000000000000, 0.9238795325112867385, 1.000000000000000000, 0.9238795325112867385, 1.000000000000000000, 0.9238795325112867385, 1.000000000000000000, 0.9238795325112867385, 1.000000000000000000, 0.9238795325112867385, 1.000000000000000000, 0.9238795325112867385, 1.000000000000000000, 0.9238795325112867385, 1.000000000000000000, 0.9238795325112867385, 1.000000000000000000, 0.9238795325112867385, 1.000000000000000000, 0.9238795325112867385, 1.000000000000000000, 0.9238795325112867385, 1.000000000000000000, 0.9238795325112867385, 1.000000000000000000, 0.9238795325112867385, 1.000000000000000000, 0.9238795325112867385, 1.000000000000000000, 0.9238795325112867385, 1.000000000000000000, 0.9238795325112867385, 1.000000000000000000, 0.9238795325112867385, 1.000000000000000000, 0.9238795325112867385, 1.000000000000000000, 0.9238795325112867385, 1.000000000000000000, 0.9238795325112867385, 1.000000000000000000, 0.9238795325112867385, 1.000000000000000000, 0.9238795325112867385, 1.000000000000000000, 0.9238795325112867385, 1.000000000000000000, 0.9238795325112867385, 1.000000000000000000, 0.9238795325112867385, 1.000000000000000000, 0.9238795325112867385, 1.000000000000000000, 0.9238795325112867385, 1.000000000000000000, 0.9238795325112867385, 1.000000000000000000, 0.9238795325112867385, 1.000000000000000000, 0.9758487357961653785, 0.9670227469587731051 ) ) 
 REPRESENTATION_ITEM ( '' )  );
#148 = CARTESIAN_POINT ( 'NONE',  ( 0.03832471526136869977, -0.01770833333333320450, -0.09252404735808328340 ) ) ;
#149 = ORIENTED_EDGE ( 'NONE', *, *, #2228, .F. ) ;
#150 = CARTESIAN_POINT ( 'NONE',  ( 0.1825998447773391209, 0.006942855656679301594, 0.1471666732342803707 ) ) ;
#151 = EDGE_CURVE ( 'NONE', #2173, #1072, #2706, .T. ) ;
#152 = DIRECTION ( 'NONE',  ( -1.000000000000000000, 0.000000000000000000, 0.000000000000000000 ) ) ;
#153 = CARTESIAN_POINT ( 'NONE',  ( -0.1461328063662194199, 0.2604166666666664076, -0.1682209276774896123 ) ) ;
#154 = ADVANCED_FACE ( 'NONE', ( #1455 ), #1937, .F. ) ;
#155 = CARTESIAN_POINT ( 'NONE',  ( -0.05289769363290920678, 0.1276041666666668239, 0.1277063293868262728 ) ) ;
#156 = DIRECTION ( 'NONE',  ( 0.000000000000000000, 0.000000000000000000, -1.000000000000000000 ) ) ;
#157 = CARTESIAN_POINT ( 'NONE',  ( 0.09252404735808324177, 0.07604166666666682672, -0.03832471526136865120 ) ) ;
#158 = ORIENTED_EDGE ( 'NONE', *, *, #1681, .T. ) ;
#159 = CARTESIAN_POINT ( 'NONE',  ( -0.09221567537141699133, 0.2260416666666669461, 0.09221567537141696358 ) ) ;
#160 = CARTESIAN_POINT ( 'NONE',  ( -1.133092784412348150E-17, 0.1604166666666667906, 0.09252404735808328340 ) ) ;
#161 = PRODUCT_DEFINITION_FORMATION_WITH_SPECIFIED_SOURCE ( 'Symmetric', '', #2003, .NOT_KNOWN. ) ;
#162 = CARTESIAN_POINT ( 'NONE',  ( -0.08838834764831852986, 0.07291666666666696273, 0.08838834764831851598 ) ) ;
#163 = CARTESIAN_POINT ( 'NONE',  ( -0.03832471526136863732, 0.2322916666666668406, -0.09252404735808329728 ) ) ;
#164 = ORIENTED_EDGE ( 'NONE', *, *, #2228, .T. ) ;
#165 = DIRECTION ( 'NONE',  ( 1.109906930436757657E-16, -0.4226182617406936126, 0.9063077870366527122 ) ) ;
#166 = CARTESIAN_POINT ( 'NONE',  ( -0.1250000000000001110, 0.2229166666666667351, -7.654042494670963708E-18 ) ) ;
#167 = DIRECTION ( 'NONE',  ( 1.000000000000000000, 1.269001307350988731E-31, 1.224646799147353207E-16 ) ) ;
#168 = CARTESIAN_POINT ( 'NONE',  ( -0.1277063293868262728, 0.1713541666666668351, 0.05289769363290917903 ) ) ;
#169 = DIRECTION ( 'NONE',  ( -1.224646799147353454E-16, 0.000000000000000000, -1.000000000000000000 ) ) ;
#170 = ADVANCED_FACE ( 'NONE', ( #385 ), #891, .T. ) ;
#171 = CARTESIAN_POINT ( 'NONE',  ( 0.08970304081589630663, 0.02097263114974220327, 0.02267297527680208966 ) ) ;
#172 = VERTEX_POINT ( 'NONE', #2144 ) ;
#173 = CARTESIAN_POINT ( 'NONE',  ( 0.09221567537141696358, 0.2385416666666669572, 0.09221567537141700521 ) ) ;
#174 = CARTESIAN_POINT ( 'NONE',  ( -0.03832471526136865120, 0.2072916666666668184, 0.09252404735808329728 ) ) ;
#175 = CARTESIAN_POINT ( 'NONE',  ( 0.04098488602450017781, 0.2604166666666666852, 0.08317096249327700364 ) ) ;
#176 = CARTESIAN_POINT ( 'NONE',  ( -0.09252404735808329728, -0.005208333333333203807, -0.03832471526136864426 ) ) ;
#177 = ORIENTED_EDGE ( 'NONE', *, *, #729, .T. ) ;
#178 = DIRECTION ( 'NONE',  ( 0.000000000000000000, 1.000000000000000000, 0.000000000000000000 ) ) ;
#179 = CARTESIAN_POINT ( 'NONE',  ( -0.09252404735808329728, 0.2885416666666668628, -0.03832471526136864426 ) ) ;
#180 = CARTESIAN_POINT ( 'NONE',  ( 0.07282167473337994301, 0.001447779302353485514, -0.2105471292603048328 ) ) ;
#181 = FACE_OUTER_BOUND ( 'NONE', #702, .T. ) ;
#182 = CARTESIAN_POINT ( 'NONE',  ( 0.05289769363290927617, -0.04739583333333315801, -0.1277063293868262450 ) ) ;
#183 = CIRCLE ( 'NONE', #1440, 0.2187499999999999445 ) ;
#184 = EDGE_CURVE ( 'NONE', #2237, #513, #1536, .T. ) ;
#185 = ORIENTED_EDGE ( 'NONE', *, *, #2246, .F. ) ;
#186 = CARTESIAN_POINT ( 'NONE',  ( -0.1304126587736524900, 0.1697916666666669516, -7.985472256772475317E-18 ) ) ;
#187 = CARTESIAN_POINT ( 'NONE',  ( -0.03832471526136865120, 0.1572916666666668017, 0.09252404735808329728 ) ) ;
#188 = CARTESIAN_POINT ( 'NONE',  ( 0.08838834764831850210, 0.1416666666666667185, 0.08838834764831852986 ) ) ;
#189 = VECTOR ( 'NONE', #1595, 39.37007874015748143 ) ;
#190 = CARTESIAN_POINT ( 'NONE',  ( 0.06542438130972597077, -0.07083333333333323434, -0.06542438130972592913 ) ) ;
#191 = EDGE_LOOP ( 'NONE', ( #503, #1775 ) ) ;
#192 = CARTESIAN_POINT ( 'NONE',  ( -1.530808498934193050E-17, 0.2291666666666669905, 0.1250000000000001110 ) ) ;
#193 =( CONVERSION_BASED_UNIT ( 'INCH', #1250 ) LENGTH_UNIT ( ) NAMED_UNIT ( #632 ) );
#194 = AXIS2_PLACEMENT_3D ( 'NONE', #2294, #1810, #2046 ) ;
#195 = CARTESIAN_POINT ( 'NONE',  ( 0.06542438130972595689, 0.2604166666666668517, 0.06542438130972597077 ) ) ;
#196 = CARTESIAN_POINT ( 'NONE',  ( 0.000000000000000000, 0.2604166666666670737, 0.2127499999999997449 ) ) ;
#197 = DIRECTION ( 'NONE',  ( -0.000000000000000000, -1.000000000000000000, -0.000000000000000000 ) ) ;
#198 = CARTESIAN_POINT ( 'NONE',  ( 0.09030201150986773284, -0.0005208333333331598538, -0.09030201150986769121 ) ) ;
#199 = VERTEX_POINT ( 'NONE', #21 ) ;
#200 = CARTESIAN_POINT ( 'NONE',  ( 0.09221567537141696358, 0.03854166666666694607, 0.09221567537141700521 ) ) ;
#201 = CARTESIAN_POINT ( 'NONE',  ( 0.06110958208622310067, 0.2604166666666669072, 0.06973918053322883392 ) ) ;
#202 = CARTESIAN_POINT ( 'NONE',  ( 2.266185568824696299E-17, 0.1291666666666668462, -0.09252404735808328340 ) ) ;
#203 = VERTEX_POINT ( 'NONE', #2174 ) ;
#204 = AXIS2_PLACEMENT_3D ( 'NONE', #507, #2030, #2702 ) ;
#205 = CARTESIAN_POINT ( 'NONE',  ( -0.06542438130972594301, -0.05833333333333323711, -0.06542438130972594301 ) ) ;
#206 = EDGE_CURVE ( 'NONE', #1360, #114, #2396, .T. ) ;
#207 = CARTESIAN_POINT ( 'NONE',  ( 3.061616997868385483E-17, 0.2104166666666667240, -0.1250000000000001110 ) ) ;
#208 = CARTESIAN_POINT ( 'NONE',  ( 0.09252404735808328340, 0.2666666666666668295, 1.699639176618522147E-17 ) ) ;
#209 = DIRECTION ( 'NONE',  ( -0.000000000000000000, 1.000000000000000000, -1.036218204493341887E-15 ) ) ;
#210 = DIRECTION ( 'NONE',  ( 0.000000000000000000, 0.000000000000000000, -1.000000000000000000 ) ) ;
#211 = CARTESIAN_POINT ( 'NONE',  ( -0.1277063293868262728, -0.03489583333333314691, -0.05289769363290919291 ) ) ;
#212 = ORIENTED_EDGE ( 'NONE', *, *, #1885, .F. ) ;
#213 = CARTESIAN_POINT ( 'NONE',  ( -0.05401869196918146487, 0.1104166666666669544, -0.1304126587736524900 ) ) ;
#214 = CARTESIAN_POINT ( 'NONE',  ( -1.133092784412348150E-17, 0.2604166666666667962, 0.09252404735808328340 ) ) ;
#215 = CARTESIAN_POINT ( 'NONE',  ( -1.133092784412348150E-17, 0.05416666666666682811, 0.09252404735808328340 ) ) ;
#216 = ORIENTED_EDGE ( 'NONE', *, *, #321, .F. ) ;
#217 = PLANE ( 'NONE',  #136 ) ;
#218 = APPLICATION_PROTOCOL_DEFINITION ( 'draft international standard', 'automotive_design', 1998, #274 ) ;
#219 = CARTESIAN_POINT ( 'NONE',  ( 0.1250000000000000833, 0.2010416666666667573, -0.05177669529663694870 ) ) ;
#220 = ADVANCED_FACE ( 'NONE', ( #2603 ), #1668, .T. ) ;
#221 = CARTESIAN_POINT ( 'NONE',  ( -0.2187499999999995004, 0.005578891393345586022, 0.07403211338826974630 ) ) ;
#222 = CARTESIAN_POINT ( 'NONE',  ( 0.1461328063662190035, 0.2604166666666667962, 0.1682209276774889739 ) ) ;
#223 = DIRECTION ( 'NONE',  ( -0.000000000000000000, -1.000000000000000000, -0.000000000000000000 ) ) ;
#224 = CARTESIAN_POINT ( 'NONE',  ( -0.09252404735808325564, 0.2479166666666668128, -5.665463922061739207E-18 ) ) ;
#225 = ORIENTED_EDGE ( 'NONE', *, *, #2722, .T. ) ;
#226 = CARTESIAN_POINT ( 'NONE',  ( -0.09221567537141699133, 0.06354166666666695440, -0.09221567537141699133 ) ) ;
#227 = DIRECTION ( 'NONE',  ( -0.000000000000000000, -1.000000000000000000, -0.000000000000000000 ) ) ;
#228 = CARTESIAN_POINT ( 'NONE',  ( 0.09252404735808328340, 0.06354166666666684338, 0.03832471526136867895 ) ) ;
#229 = CIRCLE ( 'NONE', #404, 0.04308333333333359827 ) ;
#230 = ORIENTED_EDGE ( 'NONE', *, *, #2649, .F. ) ;
#231 = CARTESIAN_POINT ( 'NONE',  ( -0.03463068499790159654, 0.01507055551111024204, 0.09955825286762974569 ) ) ;
#232 = CARTESIAN_POINT ( 'NONE',  ( 3.061616997868386099E-17, 0.1541666666666669794, -0.1250000000000001110 ) ) ;
#233 = AXIS2_PLACEMENT_3D ( 'NONE', #2434, #1354, #290 ) ;
#234 = VECTOR ( 'NONE', #2314, 39.37007874015748143 ) ;
#235 = CARTESIAN_POINT ( 'NONE',  ( 0.03832471526136860956, 0.05729166666666685864, 0.09252404735808329728 ) ) ;
#236 = CARTESIAN_POINT ( 'NONE',  ( 0.08838834764831850210, 0.04166666666666671986, 0.08838834764831852986 ) ) ;
#237 = CARTESIAN_POINT ( 'NONE',  ( -0.2187499999999994449, 0.2531400858148400435, 0.08463376655862478448 ) ) ;
#238 = ADVANCED_FACE ( 'NONE', ( #869 ), #2406, .F. ) ;
#239 = CARTESIAN_POINT ( 'NONE',  ( -0.06542438130972594301, 0.2416666666666668073, -0.06542438130972594301 ) ) ;
#240 = EDGE_CURVE ( 'NONE', #1040, #1126, #1725, .T. ) ;
#241 = ORIENTED_EDGE ( 'NONE', *, *, #132, .F. ) ;
#242 = CARTESIAN_POINT ( 'NONE',  ( -0.1304126587736524900, 0.01666666666666695440, -0.05401869196918147181 ) ) ;
#243 = CARTESIAN_POINT ( 'NONE',  ( 1.301187224094064832E-17, 0.3035000000000002696, 0.1062500000000001360 ) ) ;
#244 = CARTESIAN_POINT ( 'NONE',  ( -0.06542438130972595689, 0.1354166666666668239, -0.06542438130972595689 ) ) ;
#245 = ORIENTED_EDGE ( 'NONE', *, *, #1330, .F. ) ;
#246 = DIRECTION ( 'NONE',  ( 0.000000000000000000, -1.092739197465704893E-15, -1.000000000000000000 ) ) ;
#247 = DIRECTION ( 'NONE',  ( 0.000000000000000000, 0.000000000000000000, -1.000000000000000000 ) ) ;
#248 = CARTESIAN_POINT ( 'NONE',  ( 0.03832471526136869977, 0.02604166666666683783, -0.09252404735808328340 ) ) ;
#249 = DIRECTION ( 'NONE',  ( -0.000000000000000000, 1.000000000000000000, -1.036218204493341887E-15 ) ) ;
#250 = CARTESIAN_POINT ( 'NONE',  ( 0.000000000000000000, 0.2446364691551470016, -0.2525907427704618402 ) ) ;
#251 = CARTESIAN_POINT ( 'NONE',  ( -0.09252404735808325564, 0.09791666666666680452, -5.665463922061739207E-18 ) ) ;
#252 = ADVANCED_FACE ( 'NONE', ( #2590, #2188 ), #217, .T. ) ;
#253 = ORIENTED_EDGE ( 'NONE', *, *, #2600, .F. ) ;
#254 = CARTESIAN_POINT ( 'NONE',  ( 0.09221567537141696358, -0.06145833333333308030, 0.09221567537141700521 ) ) ;
#255 = CARTESIAN_POINT ( 'NONE',  ( 3.061616997868385483E-17, 0.1604166666666667074, -0.1250000000000001110 ) ) ;
#256 = CARTESIAN_POINT ( 'NONE',  ( 0.06542438130972597077, -0.02708333333333315732, -0.06542438130972592913 ) ) ;
#257 = ORIENTED_EDGE ( 'NONE', *, *, #2796, .F. ) ;
#258 = DIRECTION ( 'NONE',  ( 0.000000000000000000, 0.4226182617406995523, 0.9063077870366498257 ) ) ;
#259 = CYLINDRICAL_SURFACE ( 'NONE', #1391, 0.1250000000000001110 ) ;
#260 = CARTESIAN_POINT ( 'NONE',  ( -0.06542438130972595689, 0.03541666666666682534, -0.06542438130972595689 ) ) ;
#261 = CARTESIAN_POINT ( 'NONE',  ( -0.1459283252666203901, 0.2589688873643128386, 0.1683389848953869006 ) ) ;
#262 = CARTESIAN_POINT ( 'NONE',  ( 0.05053280217327720675, 0.01816938425371816823, 0.08528174863495925628 ) ) ;
#263 = CARTESIAN_POINT ( 'NONE',  ( -1.133092784412347841E-17, 0.1604166666666667906, 0.09252404735808325564 ) ) ;
#264 = CARTESIAN_POINT ( 'NONE',  ( 0.09030201150986771896, 0.2369791666666668239, 0.09030201150986773284 ) ) ;
#265 = FACE_OUTER_BOUND ( 'NONE', #1948, .T. ) ;
#266 = CARTESIAN_POINT ( 'NONE',  ( 3.061616997868385483E-17, 0.01041666666666671293, -0.1250000000000001110 ) ) ;
#267 = EDGE_CURVE ( 'NONE', #1122, #1214, #2163, .T. ) ;
#268 = CARTESIAN_POINT ( 'NONE',  ( 0.09252404735808328340, -0.03645833333333314136, 0.03832471526136867895 ) ) ;
#269 = VERTEX_POINT ( 'NONE', #1293 ) ;
#270 = CARTESIAN_POINT ( 'NONE',  ( -0.1067500907117851366, 0.009086406159259369578, -0.05078955162818521440 ) ) ;
#271 = CARTESIAN_POINT ( 'NONE',  ( -0.2187499999999996947, 0.01578019751151954128, -0.1262953713852322801 ) ) ;
#272 = ADVANCED_FACE ( 'NONE', ( #2365 ), #2159, .F. ) ;
#273 = AXIS2_PLACEMENT_3D ( 'NONE', #1599, #308, #504 ) ;
#274 = APPLICATION_CONTEXT ( 'automotive_design' ) ;
#275 = CARTESIAN_POINT ( 'NONE',  ( -0.09252404735808329728, 0.09479166666666682950, 0.03832471526136863038 ) ) ;
#276 = CARTESIAN_POINT ( 'NONE',  ( -8.244709031025826432E-16, 0.3125000000000000000, 0.2525907427704612851 ) ) ;
#277 = DIRECTION ( 'NONE',  ( 0.000000000000000000, -3.257700474824860628E-16, -1.000000000000000000 ) ) ;
#278 = CARTESIAN_POINT ( 'NONE',  ( 0.1036566171115602397, 0.2604166666666665741, 0.002203538525103036685 ) ) ;
#279 = CARTESIAN_POINT ( 'NONE',  ( 0.09252404735808325564, 0.07291666666666679619, 1.699639176618521531E-17 ) ) ;
#280 = CARTESIAN_POINT ( 'NONE',  ( -0.1277063293868262450, 0.2682291666666668517, -7.819757375721717972E-18 ) ) ;
#281 = CARTESIAN_POINT ( 'NONE',  ( 3.194188902708990127E-17, 0.007291666666666935664, -0.1304126587736524900 ) ) ;
#282 = CARTESIAN_POINT ( 'NONE',  ( 0.000000000000000000, 0.2604166666666667407, 0.000000000000000000 ) ) ;
#283 = CARTESIAN_POINT ( 'NONE',  ( -0.09252404735808325564, 0.2479166666666668128, -5.665463922061739207E-18 ) ) ;
#284 = EDGE_LOOP ( 'NONE', ( #699, #1086, #2417, #864 ) ) ;
#285 = CARTESIAN_POINT ( 'NONE',  ( 0.06542438130972597077, 0.2291666666666667962, -0.06542438130972592913 ) ) ;
#286 = DIRECTION ( 'NONE',  ( -0.000000000000000000, -1.000000000000000000, -0.000000000000000000 ) ) ;
#287 = ORIENTED_EDGE ( 'NONE', *, *, #1222, .T. ) ;
#288 = EDGE_CURVE ( 'NONE', #1745, #628, #1005, .T. ) ;
#289 = CARTESIAN_POINT ( 'NONE',  ( 2.041077998578921293E-17, 0.2604166666666666852, 0.1666666666666666297 ) ) ;
#290 = DIRECTION ( 'NONE',  ( 0.000000000000000000, -3.213938816075597580E-16, -1.000000000000000000 ) ) ;
#291 = CARTESIAN_POINT ( 'NONE',  ( 0.03832471526136860956, 0.1635416666666668073, 0.09252404735808329728 ) ) ;
#292 = TOROIDAL_SURFACE ( 'NONE', #1412, 0.1666666666666666297, 0.05208333333333333565 ) ;
#293 = CARTESIAN_POINT ( 'NONE',  ( 0.1277063293868262450, 0.2901041666666668850, 0.05289769363290925536 ) ) ;
#294 = CARTESIAN_POINT ( 'NONE',  ( -0.09221567537141699133, -0.08645833333333308168, -0.09221567537141699133 ) ) ;
#295 = CARTESIAN_POINT ( 'NONE',  ( 0.09252404735808325564, 0.2229166666666667906, 1.699639176618521531E-17 ) ) ;
#296 = EDGE_LOOP ( 'NONE', ( #1674, #1189, #307, #101, #2254 ) ) ;
#297 = CARTESIAN_POINT ( 'NONE',  ( -0.09252404735808329728, 0.3010416666666668184, 0.03832471526136863038 ) ) ;
#298 = CARTESIAN_POINT ( 'NONE',  ( -0.09252404735808331115, 0.1885416666666668573, -0.03832471526136863732 ) ) ;
#299 = CARTESIAN_POINT ( 'NONE',  ( 0.2007419229739153543, 0.01093201165622350972, 0.1366923395038279199 ) ) ;
#300 = FACE_OUTER_BOUND ( 'NONE', #2390, .T. ) ;
#301 = EDGE_CURVE ( 'NONE', #2545, #628, #2347, .T. ) ;
#302 = CARTESIAN_POINT ( 'NONE',  ( 0.000000000000000000, -2.420590938939690364E-16, 0.000000000000000000 ) ) ;
#303 = CARTESIAN_POINT ( 'NONE',  ( -0.09252404735808328340, 0.04479166666666680591, -0.03832471526136863732 ) ) ;
#304 = CARTESIAN_POINT ( 'NONE',  ( 3.127902950288687189E-17, 0.3057291666666668295, -0.1277063293868262450 ) ) ;
#305 = CARTESIAN_POINT ( 'NONE',  ( 2.359996435856878024E-17, 0.3125000000000000000, 0.1666666666666666297 ) ) ;
#306 = CARTESIAN_POINT ( 'NONE',  ( 0.06542438130972595689, -0.03958333333333319271, 0.06542438130972597077 ) ) ;
#307 = ORIENTED_EDGE ( 'NONE', *, *, #1435, .F. ) ;
#308 = DIRECTION ( 'NONE',  ( -0.000000000000000000, -1.000000000000000000, -0.000000000000000000 ) ) ;
#309 = CARTESIAN_POINT ( 'NONE',  ( -0.03832471526136865120, 0.1510416666666668517, 0.09252404735808331115 ) ) ;
#310 = ORIENTED_EDGE ( 'NONE', *, *, #1681, .F. ) ;
#311 = CARTESIAN_POINT ( 'NONE',  ( 0.000000000000000000, 0.005828845726937577007, 0.000000000000000000 ) ) ;
#312 = AXIS2_PLACEMENT_3D ( 'NONE', #1827, #340, #754 ) ;
#313 = CIRCLE ( 'NONE', #2069, 0.1250000000000000555 ) ;
#314 = CARTESIAN_POINT ( 'NONE',  ( -0.08838834764831852986, 0.1104166666666669822, -0.08838834764831852986 ) ) ;
#315 = CARTESIAN_POINT ( 'NONE',  ( 0.06542438130972595689, -0.02083333333333318993, -0.06542438130972592913 ) ) ;
#316 = CARTESIAN_POINT ( 'NONE',  ( -0.1250000000000001110, 0.1229166666666667296, -7.654042494670963708E-18 ) ) ;
#317 = AXIS2_PLACEMENT_3D ( 'NONE', #330, #1177, #2734 ) ;
#318 = CARTESIAN_POINT ( 'NONE',  ( 0.1277063293868262728, 0.3463541666666668517, -0.05289769363290921372 ) ) ;
#319 = LINE ( 'NONE', #2282, #234 ) ;
#320 = CONICAL_SURFACE ( 'NONE', #540, 0.2187499999999999445, 1.134464013796316451 ) ;
#321 = EDGE_CURVE ( 'NONE', #938, #1360, #61, .T. ) ;
#322 = CARTESIAN_POINT ( 'NONE',  ( 0.09343407673741145614, 0.2604166666666666852, -0.06083082841798504586 ) ) ;
#323 = CARTESIAN_POINT ( 'NONE',  ( -0.09252404735808325564, 0.09791666666666680452, -5.665463922061739207E-18 ) ) ;
#324 = ORIENTED_EDGE ( 'NONE', *, *, #1627, .T. ) ;
#325 = CARTESIAN_POINT ( 'NONE',  ( 0.03832471526136860956, 0.2072916666666668462, 0.09252404735808329728 ) ) ;
#326 = CARTESIAN_POINT ( 'NONE',  ( -0.08480663479649672154, 0.007854670031135973368, -0.08610153040723443618 ) ) ;
#327 = CARTESIAN_POINT ( 'NONE',  ( -0.09252404735808331115, 0.08854166666666683783, -0.03832471526136863732 ) ) ;
#328 = ORIENTED_EDGE ( 'NONE', *, *, #151, .F. ) ;
#329 = CARTESIAN_POINT ( 'NONE',  ( -0.2187499999999995559, -4.297191558393273582E-16, -0.02113412700336327055 ) ) ;
#330 = CARTESIAN_POINT ( 'NONE',  ( 0.000000000000000000, -0.1250000000000000278, 0.000000000000000000 ) ) ;
#331 = CARTESIAN_POINT ( 'NONE',  ( 3.061616997868386099E-17, 0.1041666666666669766, -0.1250000000000001110 ) ) ;
#332 = PLANE ( 'NONE',  #1039 ) ;
#333 = CARTESIAN_POINT ( 'NONE',  ( 0.09030201150986773284, 0.1494791666666668573, -0.09030201150986769121 ) ) ;
#334 = CARTESIAN_POINT ( 'NONE',  ( 0.000000000000000000, -2.420590938939690364E-16, 0.000000000000000000 ) ) ;
#335 = CONICAL_SURFACE ( 'NONE', #914, 0.2525907427704618402, 1.134464013796314008 ) ;
#336 = EDGE_CURVE ( 'NONE', #841, #771, #1272, .T. ) ;
#337 = CARTESIAN_POINT ( 'NONE',  ( -0.09252404735808328340, 0.09479166666666678787, -0.03832471526136863038 ) ) ;
#338 = ORIENTED_EDGE ( 'NONE', *, *, #1222, .F. ) ;
#339 = CARTESIAN_POINT ( 'NONE',  ( -0.09252404735808328340, -0.008333333333333187501, -5.665463922061740748E-18 ) ) ;
#340 = DIRECTION ( 'NONE',  ( -0.000000000000000000, 1.000000000000000000, -0.000000000000000000 ) ) ;
#341 = CARTESIAN_POINT ( 'NONE',  ( 0.09252404735808328340, 0.06666666666666683227, 1.699639176618522147E-17 ) ) ;
#342 = CARTESIAN_POINT ( 'NONE',  ( 0.09252404735808328340, -0.02395833333333320658, -0.03832471526136865120 ) ) ;
#343 = ORIENTED_EDGE ( 'NONE', *, *, #1939, .F. ) ;
#344 = CARTESIAN_POINT ( 'NONE',  ( 0.000000000000000000, 0.01578019751151954128, 0.000000000000000000 ) ) ;
#345 = DIRECTION ( 'NONE',  ( 0.000000000000000000, 0.000000000000000000, 1.000000000000000000 ) ) ;
#346 = CARTESIAN_POINT ( 'NONE',  ( 0.000000000000000000, 0.3035000000000003251, -4.739000847409537312E-32 ) ) ;
#347 = CARTESIAN_POINT ( 'NONE',  ( -0.1277063293868262728, 0.01510416666666682638, -0.05289769363290919291 ) ) ;
#348 = CARTESIAN_POINT ( 'NONE',  ( 0.08970304081589630663, 0.02097263114974220327, 0.02267297527680208966 ) ) ;
#349 = CARTESIAN_POINT ( 'NONE',  ( 0.000000000000000000, 0.3125000000000000000, -0.1250000000000000555 ) ) ;
#350 = ORIENTED_EDGE ( 'NONE', *, *, #2145, .F. ) ;
#351 = CARTESIAN_POINT ( 'NONE',  ( -0.03832471526136865120, -0.04895833333333315246, 0.09252404735808329728 ) ) ;
#352 = CARTESIAN_POINT ( 'NONE',  ( -0.06542438130972595689, 0.1541666666666668128, 0.06542438130972595689 ) ) ;
#353 = ADVANCED_FACE ( 'NONE', ( #1375 ), #2238, .F. ) ;
#354 = CARTESIAN_POINT ( 'NONE',  ( 0.09252404735808328340, 0.2135416666666668517, 0.03832471526136868589 ) ) ;
#355 = CARTESIAN_POINT ( 'NONE',  ( -0.03832471526136865120, 0.2510416666666668850, 0.09252404735808329728 ) ) ;
#356 = ORIENTED_EDGE ( 'NONE', *, *, #2668, .F. ) ;
#357 = DIRECTION ( 'NONE',  ( 0.000000000000000000, 0.000000000000000000, -1.000000000000000000 ) ) ;
#358 = ADVANCED_FACE ( 'NONE', ( #2443 ), #1302, .T. ) ;
#359 = DIRECTION ( 'NONE',  ( 0.000000000000000000, 0.000000000000000000, -1.000000000000000000 ) ) ;
#360 = CARTESIAN_POINT ( 'NONE',  ( -0.1093750000000004580, 0.2604166666666666852, 0.1894430570778459499 ) ) ;
#361 = AXIS2_PLACEMENT_3D ( 'NONE', #1686, #2556, #1473 ) ;
#362 = CARTESIAN_POINT ( 'NONE',  ( 3.127902950288687189E-17, 0.005729166666666841469, -0.1277063293868262450 ) ) ;
#363 = CARTESIAN_POINT ( 'NONE',  ( -0.06542438130972594301, 0.1541666666666668128, 0.06542438130972592913 ) ) ;
#364 = CIRCLE ( 'NONE', #1719, 0.2187499999999999445 ) ;
#365 = ORIENTED_EDGE ( 'NONE', *, *, #1570, .F. ) ;
#366 = CARTESIAN_POINT ( 'NONE',  ( 0.05401869196918156202, 0.2541666666666669849, -0.1304126587736524345 ) ) ;
#367 = CARTESIAN_POINT ( 'NONE',  ( 0.06542438130972595689, 0.06666666666666680452, 0.06542438130972597077 ) ) ;
#368 = CARTESIAN_POINT ( 'NONE',  ( 0.03832471526136860956, 0.3072916666666668517, 0.09252404735808329728 ) ) ;
#369 = ORIENTED_EDGE ( 'NONE', *, *, #1003, .T. ) ;
#370 = DIRECTION ( 'NONE',  ( -1.000000000000000000, 0.000000000000000000, -0.000000000000000000 ) ) ;
#371 = FILL_AREA_STYLE_COLOUR ( '', #427 ) ;
#372 = DIRECTION ( 'NONE',  ( -0.000000000000000000, -1.000000000000000000, 3.544911822905277504E-16 ) ) ;
#373 = ADVANCED_FACE ( 'NONE', ( #2256 ), #1616, .T. ) ;
#374 = CARTESIAN_POINT ( 'NONE',  ( -1.530808498934192742E-17, 0.1854166666666667296, 0.1250000000000001110 ) ) ;
#375 = CARTESIAN_POINT ( 'NONE',  ( -0.1277063293868262728, 0.1651041666666668295, -0.05289769363290919291 ) ) ;
#376 = CARTESIAN_POINT ( 'NONE',  ( 0.05177669529663690706, 0.2385416666666667906, 0.1250000000000001110 ) ) ;
#377 = CARTESIAN_POINT ( 'NONE',  ( 0.09252404735808325564, 0.02291666666666678648, 1.699639176618521531E-17 ) ) ;
#378 = ORIENTED_EDGE ( 'NONE', *, *, #706, .F. ) ;
#379 = CARTESIAN_POINT ( 'NONE',  ( -0.1304126587736524900, 0.2697916666666669849, -7.985472256772475317E-18 ) ) ;
#380 = CARTESIAN_POINT ( 'NONE',  ( 0.09252404735808328340, 0.07291666666666679619, 1.699639176618522147E-17 ) ) ;
#381 = CONICAL_SURFACE ( 'NONE', #70, 0.2525907427704618402, 1.134464013796314008 ) ;
#382 = CARTESIAN_POINT ( 'NONE',  ( 0.08838834764831851598, 0.2354166666666669683, 0.08838834764831852986 ) ) ;
#383 = CARTESIAN_POINT ( 'NONE',  ( 0.06542438130972597077, -0.02083333333333318993, -0.06542438130972592913 ) ) ;
#384 = EDGE_LOOP ( 'NONE', ( #2304, #2372 ) ) ;
#385 = FACE_OUTER_BOUND ( 'NONE', #2015, .T. ) ;
#386 = CARTESIAN_POINT ( 'NONE',  ( 0.05177669529663701808, 0.1072916666666667435, -0.1250000000000000555 ) ) ;
#387 = CARTESIAN_POINT ( 'NONE',  ( -0.2187499999999995559, -2.420590938939690364E-16, 2.365849761790788230E-16 ) ) ;
#388 = EDGE_CURVE ( 'NONE', #970, #2012, #147, .T. ) ;
#389 = CARTESIAN_POINT ( 'NONE',  ( -1.563951475144343594E-17, -0.01927083333333316426, 0.1277063293868262450 ) ) ;
#390 = ORIENTED_EDGE ( 'NONE', *, *, #1645, .F. ) ;
#391 = CARTESIAN_POINT ( 'NONE',  ( 0.1304126587736524623, 0.1979166666666669905, -0.05401869196918149957 ) ) ;
#392 = CARTESIAN_POINT ( 'NONE',  ( 0.09252404735808328340, 0.02604166666666680660, -0.03832471526136865120 ) ) ;
#393 = DIRECTION ( 'NONE',  ( 0.000000000000000000, -0.4226182617406936126, -0.9063077870366527122 ) ) ;
#394 = CARTESIAN_POINT ( 'NONE',  ( 0.03832471526136860956, 0.2572916666666668628, 0.09252404735808329728 ) ) ;
#395 = UNCERTAINTY_MEASURE_WITH_UNIT (LENGTH_MEASURE( 1.000000000000000082E-05 ), #1060, 'distance_accuracy_value', 'NONE');
#396 = VERTEX_POINT ( 'NONE', #349 ) ;
#397 = CARTESIAN_POINT ( 'NONE',  ( 0.000000000000000000, 0.2604166666666666852, -0.1666666666666666297 ) ) ;
#398 = CYLINDRICAL_SURFACE ( 'NONE', #96, 0.1250000000000001110 ) ;
#399 = DIMENSIONAL_EXPONENTS ( 1.000000000000000000, 0.000000000000000000, 0.000000000000000000, 0.000000000000000000, 0.000000000000000000, 0.000000000000000000, 0.000000000000000000 ) ;
#400 = CARTESIAN_POINT ( 'NONE',  ( 0.06542438130972597077, 0.2729166666666668628, -0.06542438130972592913 ) ) ;
#401 = CARTESIAN_POINT ( 'NONE',  ( 0.1250000000000000833, 0.05104166666666672819, -0.05177669529663694870 ) ) ;
#402 = CARTESIAN_POINT ( 'NONE',  ( -0.02637425376617337155, 0.005828845726667279334, -0.1221859187397529856 ) ) ;
#403 = CARTESIAN_POINT ( 'NONE',  ( -0.1277063293868262728, -0.02864583333333318646, 0.05289769363290917903 ) ) ;
#404 = AXIS2_PLACEMENT_3D ( 'NONE', #397, #370, #1249 ) ;
#405 = B_SPLINE_CURVE_WITH_KNOTS ( 'NONE', 3,
 ( #1747, #685, #464, #1545, #2587, #73, #1318, #2599 ),
 .UNSPECIFIED., .F., .F.,
 ( 4, 2, 2, 4 ),
 ( 0.008815900959752900196, 0.01043527842287108112, 0.01124496715443016985, 0.01205465588598926031 ),
 .UNSPECIFIED. ) ;
#406 = EDGE_CURVE ( 'NONE', #131, #2225, #1182, .T. ) ;
#407 = ORIENTED_EDGE ( 'NONE', *, *, #818, .F. ) ;
#408 = CARTESIAN_POINT ( 'NONE',  ( 0.09221567537141696358, 0.1885416666666669405, 0.09221567537141700521 ) ) ;
#409 = CARTESIAN_POINT ( 'NONE',  ( -0.09252404735808329728, 0.1947916666666667795, -0.03832471526136864426 ) ) ;
#410 = AXIS2_PLACEMENT_3D ( 'NONE', #2278, #1394, #787 ) ;
#411 = CARTESIAN_POINT ( 'NONE',  ( 0.08838834764831852986, 0.1541666666666667573, -0.08838834764831847435 ) ) ;
#412 = AXIS2_PLACEMENT_3D ( 'NONE', #2197, #1970, #1305 ) ;
#413 = CARTESIAN_POINT ( 'NONE',  ( -0.09252404735808329728, 0.1885416666666668573, -0.03832471526136864426 ) ) ;
#414 = EDGE_LOOP ( 'NONE', ( #687, #856, #1287 ) ) ;
#415 = CARTESIAN_POINT ( 'NONE',  ( -0.09252404735808328340, -0.04895833333333320797, 0.03832471526136861650 ) ) ;
#416 = CARTESIAN_POINT ( 'NONE',  ( -1.530808498934193050E-17, 0.02916666666666695162, 0.1250000000000001110 ) ) ;
#417 = CARTESIAN_POINT ( 'NONE',  ( -0.09252404735808329728, 0.2385416666666668462, -0.03832471526136864426 ) ) ;
#418 = CARTESIAN_POINT ( 'NONE',  ( 0.2007419229739153266, 0.2494846550104429239, -0.1366923395038278644 ) ) ;
#419 = CARTESIAN_POINT ( 'NONE',  ( 0.2187499999999994171, 0.01578019751151908331, -0.1262953713852307813 ) ) ;
#420 = CARTESIAN_POINT ( 'NONE',  ( 0.06542438130972595689, 0.2291666666666667962, -0.06542438130972592913 ) ) ;
#421 = EDGE_LOOP ( 'NONE', ( #230, #499, #1462, #2298, #1659, #328, #577 ) ) ;
#422 = CARTESIAN_POINT ( 'NONE',  ( -0.05401869196918148569, 0.02916666666666695856, 0.1304126587736524900 ) ) ;
#423 = CARTESIAN_POINT ( 'NONE',  ( 0.02394368873922834637, 0.2604166666666668517, 0.08957561068083280675 ) ) ;
#424 = EDGE_CURVE ( 'NONE', #2218, #1320, #870, .T. ) ;
#425 = CARTESIAN_POINT ( 'NONE',  ( 2.266185568824696299E-17, 0.07916666666666682950, -0.09252404735808328340 ) ) ;
#426 = VERTEX_POINT ( 'NONE', #1839 ) ;
#427 = COLOUR_RGB ( '',0.7529411764705882248, 0.7529411764705882248, 0.7529411764705882248 ) ;
#428 = DIRECTION ( 'NONE',  ( -0.000000000000000000, -1.000000000000000000, -0.000000000000000000 ) ) ;
#429 = CARTESIAN_POINT ( 'NONE',  ( 0.000000000000000000, 0.000000000000000000, 0.000000000000000000 ) ) ;
#430 = CARTESIAN_POINT ( 'NONE',  ( 3.061616997868385483E-17, 0.06041666666666672958, -0.1250000000000001110 ) ) ;
#431 = CARTESIAN_POINT ( 'NONE',  ( -0.2187499999999994449, 0.01337453119845166856, 0.1159774352716111956 ) ) ;
#432 = CARTESIAN_POINT ( 'NONE',  ( 0.000000000000000000, -0.1250000000000000278, -0.1250000000000001110 ) ) ;
#433 = DIRECTION ( 'NONE',  ( 0.000000000000000000, 3.544911822905277504E-16, 1.000000000000000000 ) ) ;
#434 = CARTESIAN_POINT ( 'NONE',  ( 0.09252404735808325564, 0.2260416666666668351, -0.03832471526136865120 ) ) ;
#435 = EDGE_LOOP ( 'NONE', ( #83, #929, #1437 ) ) ;
#436 = CARTESIAN_POINT ( 'NONE',  ( 0.1304126587736524900, 0.1447916666666669572, 2.395641677031742441E-17 ) ) ;
#437 = DIRECTION ( 'NONE',  ( -0.000000000000000000, -1.000000000000000000, -0.000000000000000000 ) ) ;
#438 = CARTESIAN_POINT ( 'NONE',  ( -0.03832471526136865120, 0.2010416666666669239, 0.09252404735808329728 ) ) ;
#439 = ORIENTED_EDGE ( 'NONE', *, *, #1783, .T. ) ;
#440 = CARTESIAN_POINT ( 'NONE',  ( 0.000000000000000000, -0.1250000000000000278, 0.000000000000000000 ) ) ;
#441 = ADVANCED_FACE ( 'NONE', ( #2283 ), #751, .F. ) ;
#442 = CARTESIAN_POINT ( 'NONE',  ( 0.1250000000000001110, 0.09791666666666673513, 2.296212748401289266E-17 ) ) ;
#443 = CARTESIAN_POINT ( 'NONE',  ( 0.09252404735808328340, 0.1166666666666668489, 1.699639176618522147E-17 ) ) ;
#444 = EDGE_CURVE ( 'NONE', #426, #1651, #25, .T. ) ;
#445 = CARTESIAN_POINT ( 'NONE',  ( 3.061616997868386099E-17, 0.2041666666666669683, -0.1250000000000001110 ) ) ;
#446 = CARTESIAN_POINT ( 'NONE',  ( 1.530808498934192742E-17, -0.1250000000000000278, 0.1250000000000001110 ) ) ;
#447 = CARTESIAN_POINT ( 'NONE',  ( -0.03832471526136864426, 0.2572916666666668073, 0.09252404735808328340 ) ) ;
#448 = ORIENTED_EDGE ( 'NONE', *, *, #424, .F. ) ;
#449 = CARTESIAN_POINT ( 'NONE',  ( 0.1304126587736524345, 0.04166666666666696273, 0.05401869196918154120 ) ) ;
#450 = DIRECTION ( 'NONE',  ( 0.000000000000000000, 0.000000000000000000, -1.000000000000000000 ) ) ;
#451 = CARTESIAN_POINT ( 'NONE',  ( 0.09252404735808328340, 0.1697916666666668406, -0.03832471526136865120 ) ) ;
#452 = AXIS2_PLACEMENT_3D ( 'NONE', #1497, #1099, #636 ) ;
#453 = UNCERTAINTY_MEASURE_WITH_UNIT (LENGTH_MEASURE( 1.000000000000000082E-05 ), #2674, 'distance_accuracy_value', 'NONE');
#454 = VERTEX_POINT ( 'NONE', #1255 ) ;
#455 = CARTESIAN_POINT ( 'NONE',  ( -0.1091592858975580782, 0.009304479165490544060, -0.04415561313875852878 ) ) ;
#456 = CARTESIAN_POINT ( 'NONE',  ( -0.05177669529663695563, 0.2260416666666669461, 0.1250000000000001110 ) ) ;
#457 = CARTESIAN_POINT ( 'NONE',  ( -0.09252404735808329728, 0.03854166666666684199, -0.03832471526136864426 ) ) ;
#458 = CARTESIAN_POINT ( 'NONE',  ( -0.1003301069811973478, 0.2604166666666666297, 0.04295462326884498527 ) ) ;
#459 = CARTESIAN_POINT ( 'NONE',  ( -1.758627145921369484E-15, 0.01578019751151954128, 0.2525907427704618402 ) ) ;
#460 = ADVANCED_FACE ( 'NONE', ( #181 ), #2661, .T. ) ;
#461 = CARTESIAN_POINT ( 'NONE',  ( 2.266185568824695683E-17, 0.1854166666666667851, -0.09252404735808325564 ) ) ;
#462 = ORIENTED_EDGE ( 'NONE', *, *, #2776, .T. ) ;
#463 = DIRECTION ( 'NONE',  ( 0.000000000000000000, 0.000000000000000000, -1.000000000000000000 ) ) ;
#464 = CARTESIAN_POINT ( 'NONE',  ( 0.2187499999999994171, 0.2589631600910521914, 0.04227229318686894638 ) ) ;
#465 = CARTESIAN_POINT ( 'NONE',  ( 0.06542438130972595689, 0.06041666666666683366, 0.06542438130972597077 ) ) ;
#466 = ORIENTED_EDGE ( 'NONE', *, *, #1641, .T. ) ;
#467 = DIRECTION ( 'NONE',  ( -0.000000000000000000, -1.000000000000000000, -0.000000000000000000 ) ) ;
#468 = CARTESIAN_POINT ( 'NONE',  ( -0.1250000000000001110, 0.1635416666666669461, -0.05177669529663692094 ) ) ;
#469 =( BOUNDED_CURVE ( )  B_SPLINE_CURVE ( 2, ( #207, #1470, #2147, #219, #1075, #1934, #858, #2335, #1726 ),
 .UNSPECIFIED., .F., .F. ) 
 B_SPLINE_CURVE_WITH_KNOTS ( ( 3, 2, 2, 2, 3 ),
 ( 0.2222222222222222099, 0.2361111111111111049, 0.2500000000000000000, 0.2638888888888888951, 0.2777777777777777901 ),
 .UNSPECIFIED. ) 
 CURVE ( )  GEOMETRIC_REPRESENTATION_ITEM ( )  RATIONAL_B_SPLINE_CURVE ( ( 1.000000000000000000, 0.9238795325112867385, 1.000000000000000000, 0.9238795325112867385, 1.000000000000000000, 0.9238795325112867385, 1.000000000000000000, 0.9238795325112867385, 1.000000000000000000 ) ) 
 REPRESENTATION_ITEM ( '' )  );
#470 = CARTESIAN_POINT ( 'NONE',  ( -0.06542438130972595689, 0.08541666666666683505, -0.06542438130972595689 ) ) ;
#471 = CARTESIAN_POINT ( 'NONE',  ( 0.1093749999999997224, -2.420590938939690364E-16, 0.1894430570778458944 ) ) ;
#472 = CARTESIAN_POINT ( 'NONE',  ( -0.03615015522266006032, 0.2534738110099866160, -0.2317194409214124728 ) ) ;
#473 = CARTESIAN_POINT ( 'NONE',  ( 0.03832471526136868589, 0.1822916666666668239, -0.09252404735808325564 ) ) ;
#474 = EDGE_CURVE ( 'NONE', #1631, #454, #1298, .T. ) ;
#475 = CARTESIAN_POINT ( 'NONE',  ( 0.1277063293868262450, 0.2432291666666668295, 2.345927212716514929E-17 ) ) ;
#476 = CARTESIAN_POINT ( 'NONE',  ( 0.1304126587736524623, -0.002083333333333049243, -0.05401869196918149957 ) ) ;
#477 = CARTESIAN_POINT ( 'NONE',  ( -0.2187499999999996947, 0.2446364691551470016, -0.1262953713852322801 ) ) ;
#478 = CARTESIAN_POINT ( 'NONE',  ( -1.133092784412348150E-17, 0.004166666666666815795, 0.09252404735808328340 ) ) ;
#479 = ORIENTED_EDGE ( 'NONE', *, *, #2423, .F. ) ;
#480 = CARTESIAN_POINT ( 'NONE',  ( -0.1149778485749189116, 0.01058218879369670663, -0.002933238910751200489 ) ) ;
#481 = CARTESIAN_POINT ( 'NONE',  ( -0.03832471526136863038, 0.2322916666666668406, -0.09252404735808331115 ) ) ;
#482 = CARTESIAN_POINT ( 'NONE',  ( 0.06542438130972595689, 0.1104166666666668434, 0.06542438130972597077 ) ) ;
#483 = FACE_OUTER_BOUND ( 'NONE', #519, .T. ) ;
#484 = CARTESIAN_POINT ( 'NONE',  ( 0.08970304081589630663, 0.02097263114974220327, 0.02267297527680208966 ) ) ;
#485 = CARTESIAN_POINT ( 'NONE',  ( -0.03832471526136864426, 0.1072916666666667990, 0.09252404735808328340 ) ) ;
#486 = CARTESIAN_POINT ( 'NONE',  ( -0.1277063293868262728, 0.2151041666666668462, -0.05289769363290919291 ) ) ;
#487 = DIRECTION ( 'NONE',  ( 0.000000000000000000, 0.000000000000000000, -1.000000000000000000 ) ) ;
#488 = CARTESIAN_POINT ( 'NONE',  ( -0.07261719363378132952, 0.2604166666666665741, 0.2106651864782027317 ) ) ;
#489 = EDGE_CURVE ( 'NONE', #545, #2173, #1892, .T. ) ;
#490 = CARTESIAN_POINT ( 'NONE',  ( 0.03832471526136860956, 0.2135416666666667962, 0.09252404735808331115 ) ) ;
#491 = EDGE_LOOP ( 'NONE', ( #2774, #2432, #2558 ) ) ;
#492 = CARTESIAN_POINT ( 'NONE',  ( 0.03832471526136869977, 0.2322916666666668406, -0.09252404735808328340 ) ) ;
#493 = CARTESIAN_POINT ( 'NONE',  ( 0.06542438130943935282, 0.2604166666666338226, 0.06542438131001256096 ) ) ;
#494 = VECTOR ( 'NONE', #2064, 39.37007874015748143 ) ;
#495 = CARTESIAN_POINT ( 'NONE',  ( -0.09515285928825684136, 0.2604166666666675733, -0.08004442247913562403 ) ) ;
#496 = CONICAL_SURFACE ( 'NONE', #760, 0.2187499999999999445, 1.134464013796316451 ) ;
#497 = CARTESIAN_POINT ( 'NONE',  ( -0.01800807702608462138, 0.01093201165622377513, 0.2421937746518642853 ) ) ;
#498 = CARTESIAN_POINT ( 'NONE',  ( 2.266185568824695683E-17, 0.03541666666666679064, -0.09252404735808325564 ) ) ;
#499 = ORIENTED_EDGE ( 'NONE', *, *, #1909, .T. ) ;
#500 = CARTESIAN_POINT ( 'NONE',  ( 0.2187499999999994449, 0.001453506575614308630, 0.04227229318686949455 ) ) ;
#501 = CARTESIAN_POINT ( 'NONE',  ( 0.05044232532954866233, 0.2604166666666667962, -0.1078652012748230610 ) ) ;
#502 = CARTESIAN_POINT ( 'NONE',  ( -0.06542438130972594301, 0.2041666666666668295, 0.06542438130972592913 ) ) ;
#503 = ORIENTED_EDGE ( 'NONE', *, *, #1663, .F. ) ;
#504 = DIRECTION ( 'NONE',  ( 0.000000000000000000, 0.000000000000000000, -1.000000000000000000 ) ) ;
#505 = CARTESIAN_POINT ( 'NONE',  ( -0.1250000000000001110, 0.2166666666666669794, -7.654042494670965249E-18 ) ) ;
#506 = ORIENTED_EDGE ( 'NONE', *, *, #2668, .T. ) ;
#507 = CARTESIAN_POINT ( 'NONE',  ( 0.000000000000000000, 0.2604166666666666852, 0.000000000000000000 ) ) ;
#508 = FACE_BOUND ( 'NONE', #1863, .T. ) ;
#509 = CARTESIAN_POINT ( 'NONE',  ( 0.000000000000000000, 0.2634166666666663548, 1.420918822347883361E-17 ) ) ;
#510 = CARTESIAN_POINT ( 'NONE',  ( 0.06542438130972595689, 0.1291666666666668184, -0.06542438130972592913 ) ) ;
#511 = AXIS2_PLACEMENT_3D ( 'NONE', #429, #1279, #2146 ) ;
#512 = CARTESIAN_POINT ( 'NONE',  ( 0.000000000000000000, 0.000000000000000000, 0.000000000000000000 ) ) ;
#513 = VERTEX_POINT ( 'NONE', #419 ) ;
#514 = CARTESIAN_POINT ( 'NONE',  ( -0.09221567537141699133, 0.01354166666666693775, -0.09221567537141699133 ) ) ;
#515 = CARTESIAN_POINT ( 'NONE',  ( -0.06542438130972594301, 0.2416666666666668073, -0.06542438130972594301 ) ) ;
#516 = VERTEX_POINT ( 'NONE', #1270 ) ;
#517 = CARTESIAN_POINT ( 'NONE',  ( 0.09252404735808328340, 0.2729166666666668073, 1.699639176618522147E-17 ) ) ;
#518 = CARTESIAN_POINT ( 'NONE',  ( 0.09252404735808328340, 0.06979166666666683505, -0.03832471526136865120 ) ) ;
#519 = EDGE_LOOP ( 'NONE', ( #1709, #2673, #1068, #365 ) ) ;
#520 = DIRECTION ( 'NONE',  ( 0.8660254037844388186, 0.000000000000000000, 0.4999999999999998335 ) ) ;
#521 = CARTESIAN_POINT ( 'NONE',  ( 0.000000000000000000, -0.1250000000000000278, -0.1250000000000001110 ) ) ;
#522 = EDGE_CURVE ( 'NONE', #837, #707, #183, .T. ) ;
#523 = DIRECTION ( 'NONE',  ( -0.000000000000000000, -1.000000000000000000, 3.544911822905277504E-16 ) ) ;
#524 = CARTESIAN_POINT ( 'NONE',  ( 2.266185568824695683E-17, -0.06458333333333320103, -0.09252404735808325564 ) ) ;
#525 = DIRECTION ( 'NONE',  ( -1.000000000000000000, 0.000000000000000000, 0.000000000000000000 ) ) ;
#526 = CARTESIAN_POINT ( 'NONE',  ( -0.05289769363290920678, 0.2776041666666668739, 0.1277063293868262728 ) ) ;
#527 = CARTESIAN_POINT ( 'NONE',  ( 0.2187499999999994171, -2.420590938939690364E-16, 0.000000000000000000 ) ) ;
#528 = CARTESIAN_POINT ( 'NONE',  ( -0.09252404735808329728, -0.005208333333333169113, 0.03832471526136863038 ) ) ;
#529 = ORIENTED_EDGE ( 'NONE', *, *, #2264, .T. ) ;
#530 = CARTESIAN_POINT ( 'NONE',  ( -0.09252404735808329728, 0.1385416666666668406, -0.03832471526136864426 ) ) ;
#531 = CARTESIAN_POINT ( 'NONE',  ( 0.03832471526136860956, 0.2635416666666667851, 0.09252404735808329728 ) ) ;
#532 = CARTESIAN_POINT ( 'NONE',  ( 2.266185568824696299E-17, 0.1291666666666668462, -0.09252404735808328340 ) ) ;
#533 = ORIENTED_EDGE ( 'NONE', *, *, #557, .T. ) ;
#534 = CARTESIAN_POINT ( 'NONE',  ( -0.2187499999999996947, 0.01578019751151954128, -0.1262953713852322801 ) ) ;
#535 = PLANE ( 'NONE',  #1800 ) ;
#536 = CARTESIAN_POINT ( 'NONE',  ( -0.1250000000000001110, 0.1166666666666669877, -7.654042494670965249E-18 ) ) ;
#537 = DIRECTION ( 'NONE',  ( 0.000000000000000000, 0.000000000000000000, 1.000000000000000000 ) ) ;
#538 = CARTESIAN_POINT ( 'NONE',  ( -0.1093750000000004025, 0.000000000000000000, 0.1894430570778459222 ) ) ;
#539 = ADVANCED_FACE ( 'NONE', ( #1240, #874 ), #1035, .T. ) ;
#540 = AXIS2_PLACEMENT_3D ( 'NONE', #1021, #1855, #156 ) ;
#541 = CARTESIAN_POINT ( 'NONE',  ( -0.1277063293868262728, 0.07135416666666684338, 0.05289769363290917903 ) ) ;
#542 = CARTESIAN_POINT ( 'NONE',  ( 0.2187499999999994171, 0.006922111102137807649, -0.08440970798485801507 ) ) ;
#543 = VECTOR ( 'NONE', #2311, 39.37007874015748143 ) ;
#544 = CARTESIAN_POINT ( 'NONE',  ( 0.06542438130972595689, 0.02916666666666678856, -0.06542438130972592913 ) ) ;
#545 = VERTEX_POINT ( 'NONE', #2582 ) ;
#546 = CARTESIAN_POINT ( 'NONE',  ( 0.09221567537141696358, 0.2885416666666669738, 0.09221567537141700521 ) ) ;
#547 = CARTESIAN_POINT ( 'NONE',  ( 2.266185568824696299E-17, 0.2854166666666668184, -0.09252404735808328340 ) ) ;
#548 = CARTESIAN_POINT ( 'NONE',  ( -0.03832471526136865120, 0.05104166666666684615, 0.09252404735808331115 ) ) ;
#549 = CARTESIAN_POINT ( 'NONE',  ( 0.09252404735808328340, 0.2697916666666669294, -0.03832471526136865120 ) ) ;
#550 = ORIENTED_EDGE ( 'NONE', *, *, #2498, .T. ) ;
#551 = DIRECTION ( 'NONE',  ( 0.000000000000000000, 0.000000000000000000, -1.000000000000000000 ) ) ;
#552 = FACE_OUTER_BOUND ( 'NONE', #2696, .T. ) ;
#553 = CARTESIAN_POINT ( 'NONE',  ( 1.683889348827616792E-17, 0.000000000000000000, 0.1375000000000005107 ) ) ;
#554 = CARTESIAN_POINT ( 'NONE',  ( -0.1277063293868262728, 0.1213541666666668184, 0.05289769363290917903 ) ) ;
#555 = CARTESIAN_POINT ( 'NONE',  ( 0.2187499999999993616, 0.001454307958858748646, -0.04224161377563723924 ) ) ;
#556 = CARTESIAN_POINT ( 'NONE',  ( 0.07282167473337945729, 0.2589688873643130052, 0.2105471292603049160 ) ) ;
#557 = EDGE_CURVE ( 'NONE', #1040, #837, #1979, .T. ) ;
#558 = ORIENTED_EDGE ( 'NONE', *, *, #2059, .F. ) ;
#559 = CARTESIAN_POINT ( 'NONE',  ( 0.1304126587736524345, 0.2916666666666669627, 0.05401869196918154120 ) ) ;
#560 = CARTESIAN_POINT ( 'NONE',  ( -0.09252404735808329728, 0.09479166666666677399, -0.03832471526136864426 ) ) ;
#561 = CARTESIAN_POINT ( 'NONE',  ( -0.06542438130972595689, 0.1354166666666668239, -0.06542438130972595689 ) ) ;
#562 = CARTESIAN_POINT ( 'NONE',  ( -0.06542438130972595689, 0.2979166666666668850, 0.06542438130972595689 ) ) ;
#563 = ORIENTED_EDGE ( 'NONE', *, *, #1909, .F. ) ;
#564 = SURFACE_STYLE_FILL_AREA ( #2260 ) ;
#565 = FACE_OUTER_BOUND ( 'NONE', #2276, .T. ) ;
#566 = CYLINDRICAL_SURFACE ( 'NONE', #854, 0.1250000000000001110 ) ;
#567 = LINE ( 'NONE', #2736, #899 ) ;
#568 = CARTESIAN_POINT ( 'NONE',  ( -0.09030201150986773284, 0.1119791666666668378, -0.09030201150986773284 ) ) ;
#569 = CYLINDRICAL_SURFACE ( 'NONE', #2483, 0.1250000000000000555 ) ;
#570 = CARTESIAN_POINT ( 'NONE',  ( -0.06542438130972594301, 0.1041666666666668101, 0.06542438130972592913 ) ) ;
#571 = ORIENTED_EDGE ( 'NONE', *, *, #2022, .F. ) ;
#572 = CARTESIAN_POINT ( 'NONE',  ( -1.133092784412348150E-17, 0.004166666666666815795, 0.09252404735808328340 ) ) ;
#573 = CARTESIAN_POINT ( 'NONE',  ( 0.09252404735808328340, 0.1760416666666667906, -0.03832471526136865120 ) ) ;
#574 = CARTESIAN_POINT ( 'NONE',  ( 3.061616997868386099E-17, 0.2541666666666669849, -0.1250000000000001110 ) ) ;
#575 = ADVANCED_FACE ( 'NONE', ( #1459 ), #1914, .F. ) ;
#576 = CARTESIAN_POINT ( 'NONE',  ( -0.03832471526136863732, -0.06145833333333321213, -0.09252404735808329728 ) ) ;
#577 = ORIENTED_EDGE ( 'NONE', *, *, #489, .F. ) ;
#578 = CARTESIAN_POINT ( 'NONE',  ( 0.000000000000000000, 0.2634166666666664103, 1.420918822347880587E-17 ) ) ;
#579 = CARTESIAN_POINT ( 'NONE',  ( -0.09252404735808329728, 0.2947916666666668406, 0.03832471526136863038 ) ) ;
#580 = CYLINDRICAL_SURFACE ( 'NONE', #194, 0.1250000000000001110 ) ;
#581 = AXIS2_PLACEMENT_3D ( 'NONE', #2377, #1278, #1765 ) ;
#582 = CARTESIAN_POINT ( 'NONE',  ( -1.563951475144343594E-17, 0.08072916666666682395, 0.1277063293868262450 ) ) ;
#583 = CARTESIAN_POINT ( 'NONE',  ( 0.08970304081589630663, 0.02097263114974220327, 0.02267297527680208966 ) ) ;
#584 = MECHANICAL_DESIGN_GEOMETRIC_PRESENTATION_REPRESENTATION (  '', ( #2208 ), #1256 ) ;
#585 = CARTESIAN_POINT ( 'NONE',  ( -0.03832471526136863038, 0.03854166666666680036, -0.09252404735808328340 ) ) ;
#586 = VECTOR ( 'NONE', #791, 39.37007874015748143 ) ;
#587 = ORIENTED_EDGE ( 'NONE', *, *, #706, .T. ) ;
#588 = CARTESIAN_POINT ( 'NONE',  ( 0.06542438130972597077, -0.02708333333333315732, -0.06542438130972592913 ) ) ;
#589 = CARTESIAN_POINT ( 'NONE',  ( -0.09252404735808328340, 0.1479166666666668073, -5.665463922061740748E-18 ) ) ;
#590 = CARTESIAN_POINT ( 'NONE',  ( 3.061616997868386099E-17, 0.05416666666666695995, -0.1250000000000001110 ) ) ;
#591 = CARTESIAN_POINT ( 'NONE',  ( -1.133092784412348150E-17, 0.2541666666666668739, 0.09252404735808328340 ) ) ;
#592 = ORIENTED_EDGE ( 'NONE', *, *, #184, .F. ) ;
#593 = CARTESIAN_POINT ( 'NONE',  ( -0.05177669529663695563, 0.02604166666666696273, 0.1250000000000001110 ) ) ;
#594 = CARTESIAN_POINT ( 'NONE',  ( 0.000000000000000000, -2.420590938939690364E-16, 0.2187499999999999167 ) ) ;
#595 = DIRECTION ( 'NONE',  ( -0.000000000000000000, -1.000000000000000000, -0.000000000000000000 ) ) ;
#596 = CARTESIAN_POINT ( 'NONE',  ( 0.07946184302187569992, 0.02097263114974222409, -0.04739741388607211087 ) ) ;
#597 = DIRECTION ( 'NONE',  ( 0.8660254037844380415, 0.000000000000000000, -0.5000000000000008882 ) ) ;
#598 = CARTESIAN_POINT ( 'NONE',  ( 3.127902950288687189E-17, 0.1557291666666668351, -0.1277063293868262450 ) ) ;
#599 = CARTESIAN_POINT ( 'NONE',  ( -0.06542438130972594301, 0.1416666666666668017, -0.06542438130972594301 ) ) ;
#600 = VERTEX_POINT ( 'NONE', #2383 ) ;
#601 = CARTESIAN_POINT ( 'NONE',  ( -0.09252404735808329728, -0.06145833333333314968, -0.03832471526136864426 ) ) ;
#602 = CARTESIAN_POINT ( 'NONE',  ( 2.266185568824696299E-17, 0.03541666666666679064, -0.09252404735808328340 ) ) ;
#603 = AXIS2_PLACEMENT_3D ( 'NONE', #1578, #249, #2178 ) ;
#604 = B_SPLINE_CURVE_WITH_KNOTS ( 'NONE', 3,
 ( #2129, #201, #1918, #2141, #175, #1027, #423, #3, #1890, #214 ),
 .UNSPECIFIED., .F., .F.,
 ( 4, 2, 2, 2, 4 ),
 ( 1.027118783845216730E-14, 0.0004639090726229846994, 0.0009278181452356982096, 0.001391727217848411991, 0.001855636290461125989 ),
 .UNSPECIFIED. ) ;
#605 = CARTESIAN_POINT ( 'NONE',  ( 0.2187499999999994171, 0.01578019751151908331, -0.1262953713852307813 ) ) ;
#606 = CARTESIAN_POINT ( 'NONE',  ( -0.09252404735808328340, 0.2416666666666668351, -5.665463922061740748E-18 ) ) ;
#607 = EDGE_LOOP ( 'NONE', ( #2726, #925 ) ) ;
#608 = DIRECTION ( 'NONE',  ( 0.000000000000000000, 1.036218204493341887E-15, 1.000000000000000000 ) ) ;
#609 = CARTESIAN_POINT ( 'NONE',  ( 0.1250000000000001110, 0.04166666666666695579, 2.296212748401289266E-17 ) ) ;
#610 = FACE_OUTER_BOUND ( 'NONE', #2290, .T. ) ;
#611 = CARTESIAN_POINT ( 'NONE',  ( 0.07582468287120315564, 0.01058861938727811113, -0.08659672312957880647 ) ) ;
#612 = CARTESIAN_POINT ( 'NONE',  ( 0.2187499999999994171, 0.3125000000000000000, 0.1262953713852307813 ) ) ;
#613 = EDGE_CURVE ( 'NONE', #1377, #203, #1938, .T. ) ;
#614 = CARTESIAN_POINT ( 'NONE',  ( 0.06542438130972595689, 0.2791666666666668406, -0.06542438130972592913 ) ) ;
#615 = VERTEX_POINT ( 'NONE', #1091 ) ;
#616 = CARTESIAN_POINT ( 'NONE',  ( 0.1304126587736524623, 0.09791666666666694330, -0.05401869196918149957 ) ) ;
#617 = CARTESIAN_POINT ( 'NONE',  ( -0.09252404735808329728, 0.1010416666666667795, 0.03832471526136863038 ) ) ;
#618 = LINE ( 'NONE', #1452, #1758 ) ;
#619 = ORIENTED_EDGE ( 'NONE', *, *, #1474, .F. ) ;
#620 = FACE_OUTER_BOUND ( 'NONE', #876, .T. ) ;
#621 = CARTESIAN_POINT ( 'NONE',  ( 0.1250000000000000833, 0.1010416666666667240, -0.05177669529663694870 ) ) ;
#622 = CARTESIAN_POINT ( 'NONE',  ( -0.06542438130972595689, 0.2854166666666668739, -0.06542438130972595689 ) ) ;
#623 = CARTESIAN_POINT ( 'NONE',  ( 1.530808498934192742E-17, -0.1250000000000000278, 0.1250000000000001110 ) ) ;
#624 = CARTESIAN_POINT ( 'NONE',  ( 0.000000000000000000, -0.1250000000000000278, 0.000000000000000000 ) ) ;
#625 =( BOUNDED_CURVE ( )  B_SPLINE_CURVE ( 2, ( #416, #1483, #2792, #2350, #609, #9, #1697, #2104, #2565 ),
 .UNSPECIFIED., .F., .F. ) 
 B_SPLINE_CURVE_WITH_KNOTS ( ( 3, 2, 2, 2, 3 ),
 ( 0.1944444444444444198, 0.2083333333333332593, 0.2222222222222222099, 0.2361111111111110494, 0.2500000000000000000 ),
 .UNSPECIFIED. ) 
 CURVE ( )  GEOMETRIC_REPRESENTATION_ITEM ( )  RATIONAL_B_SPLINE_CURVE ( ( 1.000000000000000000, 0.9238795325112868495, 1.000000000000000000, 0.9238795325112868495, 1.000000000000000000, 0.9238795325112868495, 1.000000000000000000, 0.9238795325112868495, 1.000000000000000000 ) ) 
 REPRESENTATION_ITEM ( '' )  );
#626 = CARTESIAN_POINT ( 'NONE',  ( -0.09252404735808325564, 0.1979166666666667962, -5.665463922061739207E-18 ) ) ;
#627 = EDGE_CURVE ( 'NONE', #1072, #1122, #2023, .T. ) ;
#628 = VERTEX_POINT ( 'NONE', #402 ) ;
#629 = CARTESIAN_POINT ( 'NONE',  ( -1.597094451354495063E-17, 0.03229166666666694052, 0.1304126587736524900 ) ) ;
#630 = AXIS2_PLACEMENT_3D ( 'NONE', #2611, #18, #1985 ) ;
#631 = CARTESIAN_POINT ( 'NONE',  ( -0.1250000000000001110, 0.06666666666666695718, -7.654042494670965249E-18 ) ) ;
#632 = DIMENSIONAL_EXPONENTS ( 1.000000000000000000, 0.000000000000000000, 0.000000000000000000, 0.000000000000000000, 0.000000000000000000, 0.000000000000000000, 0.000000000000000000 ) ;
#633 = VECTOR ( 'NONE', #1443, 39.37007874015748143 ) ;
#634 = CARTESIAN_POINT ( 'NONE',  ( -0.09252404735808328340, 0.09166666666666684060, -5.665463922061740748E-18 ) ) ;
#635 = ORIENTED_EDGE ( 'NONE', *, *, #1955, .T. ) ;
#636 = DIRECTION ( 'NONE',  ( 0.000000000000000000, 0.000000000000000000, 1.000000000000000000 ) ) ;
#637 = CARTESIAN_POINT ( 'NONE',  ( -0.1250000000000001110, 0.2197916666666667462, -0.05177669529663693482 ) ) ;
#638 = CARTESIAN_POINT ( 'NONE',  ( -0.2187499999999994449, 0.007276580851826403191, 0.08463376655862485387 ) ) ;
#639 = CARTESIAN_POINT ( 'NONE',  ( -1.530808498934193050E-17, 0.1291666666666669572, 0.1250000000000001110 ) ) ;
#640 = CARTESIAN_POINT ( 'NONE',  ( -1.530808498934193050E-17, 0.1791666666666669738, 0.1250000000000001110 ) ) ;
#641 = CARTESIAN_POINT ( 'NONE',  ( 0.09252404735808325564, 0.2729166666666668073, 1.699639176618521531E-17 ) ) ;
#642 =( BOUNDED_CURVE ( )  B_SPLINE_CURVE ( 2, ( #640, #861, #1729, #2594, #2447, #2397, #1993, #1527, #1116 ),
 .UNSPECIFIED., .F., .F. ) 
 B_SPLINE_CURVE_WITH_KNOTS ( ( 3, 2, 2, 2, 3 ),
 ( 0.5277777777777776791, 0.5416666666666666297, 0.5555555555555555802, 0.5694444444444444198, 0.5833333333333332593 ),
 .UNSPECIFIED. ) 
 CURVE ( )  GEOMETRIC_REPRESENTATION_ITEM ( )  RATIONAL_B_SPLINE_CURVE ( ( 1.000000000000000000, 0.9238795325112868495, 1.000000000000000000, 0.9238795325112868495, 1.000000000000000000, 0.9238795325112868495, 1.000000000000000000, 0.9238795325112868495, 1.000000000000000000 ) ) 
 REPRESENTATION_ITEM ( '' )  );
#643 = EDGE_CURVE ( 'NONE', #2218, #545, #1569, .T. ) ;
#644 = ORIENTED_EDGE ( 'NONE', *, *, #2649, .T. ) ;
#645 = CARTESIAN_POINT ( 'NONE',  ( -0.05401869196918146487, 0.06041666666666693775, -0.1304126587736524900 ) ) ;
#646 = CARTESIAN_POINT ( 'NONE',  ( 0.1093749999999997224, -2.420590938939690364E-16, 0.1894430570778458944 ) ) ;
#647 = EDGE_CURVE ( 'NONE', #2570, #1072, #2427, .T. ) ;
#648 = CARTESIAN_POINT ( 'NONE',  ( -0.09252404735808328340, 0.1416666666666668295, -5.665463922061740748E-18 ) ) ;
#649 = ORIENTED_EDGE ( 'NONE', *, *, #2475, .T. ) ;
#650 = CARTESIAN_POINT ( 'NONE',  ( 0.1250000000000000555, 0.09479166666666670460, 0.05177669529663699727 ) ) ;
#651 = CARTESIAN_POINT ( 'NONE',  ( -0.03832471526136863732, 0.1322916666666668351, -0.09252404735808329728 ) ) ;
#652 = CARTESIAN_POINT ( 'NONE',  ( 0.08073941687517835475, 0.01810102622633111280, -0.05727687807819911714 ) ) ;
#653 = DIRECTION ( 'NONE',  ( -0.000000000000000000, -1.000000000000000000, -0.000000000000000000 ) ) ;
#654 = CARTESIAN_POINT ( 'NONE',  ( 0.03832471526136868589, 0.2822916666666668295, -0.09252404735808325564 ) ) ;
#655 = ORIENTED_EDGE ( 'NONE', *, *, #1817, .T. ) ;
#656 = CARTESIAN_POINT ( 'NONE',  ( 0.09221567537141696358, 0.08854166666666696273, 0.09221567537141700521 ) ) ;
#657 = DIRECTION ( 'NONE',  ( -0.000000000000000000, -1.000000000000000000, -0.000000000000000000 ) ) ;
#658 = CARTESIAN_POINT ( 'NONE',  ( -0.06542438130972595689, 0.1479166666666668351, 0.06542438130972595689 ) ) ;
#659 = VERTEX_POINT ( 'NONE', #2795 ) ;
#660 = CARTESIAN_POINT ( 'NONE',  ( -0.1083622237609815631, 0.01165236718808053754, 0.03106166043943615895 ) ) ;
#661 = EDGE_CURVE ( 'NONE', #172, #2515, #642, .T. ) ;
#662 = FACE_OUTER_BOUND ( 'NONE', #742, .T. ) ;
#663 = CARTESIAN_POINT ( 'NONE',  ( 0.03832471526136860956, 0.1072916666666668406, 0.09252404735808329728 ) ) ;
#664 = CARTESIAN_POINT ( 'NONE',  ( -0.1071379823681632149, 0.2604166666666665186, 0.02825082820358541455 ) ) ;
#665 = CARTESIAN_POINT ( 'NONE',  ( 0.06683889118132647911, 0.01895276251012057572, 0.07092851179938385042 ) ) ;
#666 = CARTESIAN_POINT ( 'NONE',  ( 0.09252404735808325564, 0.2697916666666668739, 0.03832471526136867201 ) ) ;
#667 = ORIENTED_EDGE ( 'NONE', *, *, #1063, .T. ) ;
#668 = CARTESIAN_POINT ( 'NONE',  ( 0.09221567537141700521, 0.1510416666666669627, -0.09221567537141694970 ) ) ;
#669 = CLOSED_SHELL ( 'NONE', ( #1380, #575, #933, #2652, #1124, #238, #2165, #353, #272, #1187, #1736, #1108, #2412, #792, #460, #847, #2109, #2306, #1541, #252, #358, #2703, #1167, #1870, #2075, #1044, #1203, #1417, #2740, #220, #2513, #170, #97, #833, #2231, #68, #949, #441, #2685, #743, #154, #2130, #2618, #32, #1853, #373, #863 ) ) ;
#670 = DIRECTION ( 'NONE',  ( 0.000000000000000000, -3.544911822905277504E-16, -1.000000000000000000 ) ) ;
#671 = CARTESIAN_POINT ( 'NONE',  ( 0.06542438130972595689, 0.1104166666666668434, 0.06542438130972597077 ) ) ;
#672 = AXIS2_PLACEMENT_3D ( 'NONE', #2175, #884, #2604 ) ;
#673 = ORIENTED_EDGE ( 'NONE', *, *, #1939, .T. ) ;
#674 = CARTESIAN_POINT ( 'NONE',  ( -0.1122892424681642964, 0.01121002909657097674, 0.01768276446804177560 ) ) ;
#675 = CARTESIAN_POINT ( 'NONE',  ( 3.061616997868386099E-17, 0.2041666666666669683, -0.1250000000000001110 ) ) ;
#676 = CIRCLE ( 'NONE', #1209, 0.1062500000000001360 ) ;
#677 = EDGE_CURVE ( 'NONE', #2012, #1745, #2360, .T. ) ;
#678 = TOROIDAL_SURFACE ( 'NONE', #2400, 0.1666666666666666297, 0.04308333333333359827 ) ;
#679 = CARTESIAN_POINT ( 'NONE',  ( 0.09252404735808328340, 0.2135416666666668517, 0.03832471526136867895 ) ) ;
#680 = FACE_OUTER_BOUND ( 'NONE', #780, .T. ) ;
#681 = CARTESIAN_POINT ( 'NONE',  ( -0.07282167473338063690, 0.2589688873643126166, -0.2105471292603052769 ) ) ;
#682 = CARTESIAN_POINT ( 'NONE',  ( -0.03832471526136864426, 0.007291666666666799489, 0.09252404735808328340 ) ) ;
#683 = CARTESIAN_POINT ( 'NONE',  ( -0.1277063293868262728, 0.2713541666666668406, 0.05289769363290917903 ) ) ;
#684 = CARTESIAN_POINT ( 'NONE',  ( -0.05401869196918146487, 0.01041666666666695232, -0.1304126587736524900 ) ) ;
#685 = CARTESIAN_POINT ( 'NONE',  ( 0.2187499999999994726, 0.2604166666666669627, 0.02112283386122570938 ) ) ;
#686 = CARTESIAN_POINT ( 'NONE',  ( -0.03832471526136863038, 0.2385416666666668184, -0.09252404735808328340 ) ) ;
#687 = ORIENTED_EDGE ( 'NONE', *, *, #240, .F. ) ;
#688 = CARTESIAN_POINT ( 'NONE',  ( -0.07191376854645578631, 0.01366613805140943008, 0.08112941220036168355 ) ) ;
#689 = DIRECTION ( 'NONE',  ( -0.000000000000000000, -1.000000000000000000, -0.000000000000000000 ) ) ;
#690 = CARTESIAN_POINT ( 'NONE',  ( 0.06542438130972595689, 0.1604166666666668462, 0.06542438130972597077 ) ) ;
#691 = CARTESIAN_POINT ( 'NONE',  ( 0.1250000000000000555, 0.04479166666666672958, 0.05177669529663699727 ) ) ;
#692 = FACE_OUTER_BOUND ( 'NONE', #2154, .T. ) ;
#693 = AXIS2_PLACEMENT_3D ( 'NONE', #311, #2446, #551 ) ;
#694 = CARTESIAN_POINT ( 'NONE',  ( -1.133092784412347841E-17, 0.1104166666666668156, 0.09252404735808325564 ) ) ;
#695 = EDGE_CURVE ( 'NONE', #114, #1360, #806, .T. ) ;
#696 = CARTESIAN_POINT ( 'NONE',  ( -0.1277063293868262728, 0.2213541666666669072, 0.05289769363290917903 ) ) ;
#697 = CARTESIAN_POINT ( 'NONE',  ( 3.061616997868385483E-17, 0.06041666666666672958, -0.1250000000000001110 ) ) ;
#698 = CARTESIAN_POINT ( 'NONE',  ( -0.09252404735808329728, -0.06145833333333314968, -0.03832471526136864426 ) ) ;
#699 = ORIENTED_EDGE ( 'NONE', *, *, #2022, .T. ) ;
#700 = CARTESIAN_POINT ( 'NONE',  ( 0.06542438130972597077, 0.3291666666666667740, -0.06542438130972592913 ) ) ;
#701 = CARTESIAN_POINT ( 'NONE',  ( -0.1250000000000001110, 0.1697916666666669794, 0.05177669529663691400 ) ) ;
#702 = EDGE_LOOP ( 'NONE', ( #466, #644, #2332, #1454, #2102, #1887, #390 ) ) ;
#703 = CARTESIAN_POINT ( 'NONE',  ( -1.133092784412348150E-17, 0.2604166666666667962, 0.09252404735808328340 ) ) ;
#704 = PLANE ( 'NONE',  #716 ) ;
#705 = CARTESIAN_POINT ( 'NONE',  ( -0.06542438130972594301, 0.004166666666666781968, 0.06542438130972592913 ) ) ;
#706 = EDGE_CURVE ( 'NONE', #837, #1126, #8, .T. ) ;
#707 = VERTEX_POINT ( 'NONE', #2634 ) ;
#708 = LINE ( 'NONE', #1568, #189 ) ;
#709 = CARTESIAN_POINT ( 'NONE',  ( -0.06542438130972595689, -0.002083333333333185853, 0.06542438130972595689 ) ) ;
#710 = EDGE_LOOP ( 'NONE', ( #2563, #2259, #1303 ) ) ;
#711 = DIRECTION ( 'NONE',  ( -0.000000000000000000, -1.000000000000000000, -0.000000000000000000 ) ) ;
#712 = CARTESIAN_POINT ( 'NONE',  ( -0.09252404735808328340, 0.2416666666666668351, -5.665463922061740748E-18 ) ) ;
#713 = VECTOR ( 'NONE', #2630, 39.37007874015748143 ) ;
#714 = ORIENTED_EDGE ( 'NONE', *, *, #1924, .T. ) ;
#715 = CARTESIAN_POINT ( 'NONE',  ( 0.000000000000000000, -2.420590938939690364E-16, 0.000000000000000000 ) ) ;
#716 = AXIS2_PLACEMENT_3D ( 'NONE', #2006, #80, #717 ) ;
#717 = DIRECTION ( 'NONE',  ( 0.000000000000000000, 0.000000000000000000, 1.000000000000000000 ) ) ;
#718 = AXIS2_PLACEMENT_3D ( 'NONE', #1983, #2438, #463 ) ;
#719 = CARTESIAN_POINT ( 'NONE',  ( 0.07412935863782924018, 0.2604166666666668517, 0.05887394905658208805 ) ) ;
#720 = CARTESIAN_POINT ( 'NONE',  ( 2.266185568824695683E-17, 0.08541666666666680729, -0.09252404735808325564 ) ) ;
#721 = CARTESIAN_POINT ( 'NONE',  ( -0.05289769363290919291, 0.3088541666666668739, -0.1277063293868262728 ) ) ;
#722 = CARTESIAN_POINT ( 'NONE',  ( 0.2187499999999994449, -4.961478814665150760E-16, 0.02112283386122598694 ) ) ;
#723 = CARTESIAN_POINT ( 'NONE',  ( 0.08823113952745907651, 0.2604166666666665741, -0.07028872673558851647 ) ) ;
#724 = ADVANCED_FACE ( 'NONE', ( #1313 ), #1769, .F. ) ;
#725 = CARTESIAN_POINT ( 'NONE',  ( 0.09252404735808328340, 0.01354166666666683366, 0.03832471526136867895 ) ) ;
#726 = ORIENTED_EDGE ( 'NONE', *, *, #2059, .T. ) ;
#727 = CARTESIAN_POINT ( 'NONE',  ( 0.000000000000000000, 0.01578019751151954128, 0.000000000000000000 ) ) ;
#728 = CARTESIAN_POINT ( 'NONE',  ( 0.09252404735808328340, 0.1166666666666668489, 1.699639176618522147E-17 ) ) ;
#729 = EDGE_CURVE ( 'NONE', #1122, #1243, #138, .T. ) ;
#730 = ORIENTED_EDGE ( 'NONE', *, *, #2216, .F. ) ;
#731 = CARTESIAN_POINT ( 'NONE',  ( 0.05177669529663701808, 0.1010416666666669738, -0.1250000000000000833 ) ) ;
#732 = CARTESIAN_POINT ( 'NONE',  ( 0.06542438130972595689, 0.02916666666666678856, -0.06542438130972592913 ) ) ;
#733 = VECTOR ( 'NONE', #1500, 39.37007874015748143 ) ;
#734 = LINE ( 'NONE', #1383, #543 ) ;
#735 = CARTESIAN_POINT ( 'NONE',  ( 0.05289769363290927617, 0.3026041666666668406, -0.1277063293868262450 ) ) ;
#736 = CARTESIAN_POINT ( 'NONE',  ( 0.05401869196918156202, -0.04583333333333305948, -0.1304126587736524345 ) ) ;
#737 = CARTESIAN_POINT ( 'NONE',  ( -0.09252404735808328340, -0.008333333333333187501, -5.665463922061740748E-18 ) ) ;
#738 = ORIENTED_EDGE ( 'NONE', *, *, #1718, .T. ) ;
#739 = CARTESIAN_POINT ( 'NONE',  ( -0.06542438130972595689, 0.1479166666666668351, 0.06542438130972595689 ) ) ;
#740 = CARTESIAN_POINT ( 'NONE',  ( -0.05248815045167539578, 0.006641770056955262520, -0.1123925475744460695 ) ) ;
#741 = CARTESIAN_POINT ( 'NONE',  ( 0.03832471526136861650, 0.1072916666666668406, 0.09252404735808331115 ) ) ;
#742 = EDGE_LOOP ( 'NONE', ( #2200, #1720, #1008, #2429 ) ) ;
#743 = ADVANCED_FACE ( 'NONE', ( #508, #692 ), #1326, .T. ) ;
#744 = CARTESIAN_POINT ( 'NONE',  ( 0.000000000000000000, 0.2604166666666667407, 0.000000000000000000 ) ) ;
#745 = DIRECTION ( 'NONE',  ( -0.000000000000000000, -1.000000000000000000, -0.000000000000000000 ) ) ;
#746 = CARTESIAN_POINT ( 'NONE',  ( 0.06542438130972592913, -0.03333333333333322879, 0.06542438130972595689 ) ) ;
#747 = DIRECTION ( 'NONE',  ( -0.000000000000000000, -1.000000000000000000, 3.544911822905277504E-16 ) ) ;
#748 =( BOUNDED_CURVE ( )  B_SPLINE_CURVE ( 2, ( #1267, #1895, #2134, #1910, #2539, #2552, #2577, #2367, #430 ),
 .UNSPECIFIED., .F., .F. ) 
 B_SPLINE_CURVE_WITH_KNOTS ( ( 3, 2, 2, 2, 3 ),
 ( 0.5000000000000000000, 0.5138888888888888395, 0.5277777777777777901, 0.5416666666666666297, 0.5555555555555555802 ),
 .UNSPECIFIED. ) 
 CURVE ( )  GEOMETRIC_REPRESENTATION_ITEM ( )  RATIONAL_B_SPLINE_CURVE ( ( 1.000000000000000000, 0.9238795325112867385, 1.000000000000000000, 0.9238795325112867385, 1.000000000000000000, 0.9238795325112867385, 1.000000000000000000, 0.9238795325112867385, 1.000000000000000000 ) ) 
 REPRESENTATION_ITEM ( '' )  );
#749 = CARTESIAN_POINT ( 'NONE',  ( -0.09030201150986773284, 0.1619791666666668406, -0.09030201150986773284 ) ) ;
#750 = CARTESIAN_POINT ( 'NONE',  ( 0.09242491506886679753, 0.02097263114974229695, -0.007403037147853957708 ) ) ;
#751 = PLANE ( 'NONE',  #2574 ) ;
#752 = EDGE_LOOP ( 'NONE', ( #730, #757 ) ) ;
#753 = CARTESIAN_POINT ( 'NONE',  ( -0.1304126587736524900, 0.2197916666666669683, -7.985472256772475317E-18 ) ) ;
#754 = DIRECTION ( 'NONE',  ( 0.000000000000000000, 0.000000000000000000, -1.000000000000000000 ) ) ;
#755 = CARTESIAN_POINT ( 'NONE',  ( -0.06542438130972595689, 0.1979166666666668795, 0.06542438130972595689 ) ) ;
#756 = CARTESIAN_POINT ( 'NONE',  ( 0.06542438130972597077, 0.3229166666666668517, -0.06542438130972592913 ) ) ;
#757 = ORIENTED_EDGE ( 'NONE', *, *, #936, .F. ) ;
#758 =( NAMED_UNIT ( * ) SI_UNIT ( $, .STERADIAN. ) SOLID_ANGLE_UNIT ( ) );
#759 = AXIS2_PLACEMENT_3D ( 'NONE', #1112, #2576, #246 ) ;
#760 = AXIS2_PLACEMENT_3D ( 'NONE', #2643, #286, #2002 ) ;
#761 = CARTESIAN_POINT ( 'NONE',  ( 0.2187499999999994171, 0.2446364691551470016, 0.1262953713852307813 ) ) ;
#762 = AXIS2_PLACEMENT_3D ( 'NONE', #509, #1369, #2494 ) ;
#763 = CARTESIAN_POINT ( 'NONE',  ( 0.1277063293868262450, 0.04010416666666683644, 0.05289769363290925536 ) ) ;
#764 = FACE_OUTER_BOUND ( 'NONE', #2597, .T. ) ;
#765 = CARTESIAN_POINT ( 'NONE',  ( 0.03832471526136860956, 0.06354166666666681562, 0.09252404735808331115 ) ) ;
#766 = ORIENTED_EDGE ( 'NONE', *, *, #1943, .F. ) ;
#767 = CARTESIAN_POINT ( 'NONE',  ( -0.06542438130972595689, -0.06458333333333320103, -0.06542438130972595689 ) ) ;
#768 = CARTESIAN_POINT ( 'NONE',  ( -0.06542438130972595689, 0.1041666666666668101, 0.06542438130972595689 ) ) ;
#769 = CARTESIAN_POINT ( 'NONE',  ( -0.03832471526136863038, 0.03229166666666684338, -0.09252404735808331115 ) ) ;
#770 = CARTESIAN_POINT ( 'NONE',  ( -0.03832471526136865120, 0.3010416666666668184, 0.09252404735808329728 ) ) ;
#771 = VERTEX_POINT ( 'NONE', #903 ) ;
#772 =( LENGTH_UNIT ( ) NAMED_UNIT ( * ) SI_UNIT ( $, .METRE. ) );
#773 = PLANE ( 'NONE',  #410 ) ;
#774 = CARTESIAN_POINT ( 'NONE',  ( -0.05177669529663692094, 0.1072916666666669516, -0.1250000000000001110 ) ) ;
#775 = CARTESIAN_POINT ( 'NONE',  ( -8.482441715472927756E-16, 0.000000000000000000, -0.2525907427704615626 ) ) ;
#776 = CARTESIAN_POINT ( 'NONE',  ( -0.09030201150986773284, 0.02447916666666681215, 0.09030201150986771896 ) ) ;
#777 = CARTESIAN_POINT ( 'NONE',  ( 0.07946184302187569992, 0.02097263114974222409, -0.04739741388607211087 ) ) ;
#778 = EDGE_CURVE ( 'NONE', #1547, #1248, #2166, .T. ) ;
#779 = CARTESIAN_POINT ( 'NONE',  ( 0.09252404735808324177, 0.1260416666666668017, -0.03832471526136865120 ) ) ;
#780 = EDGE_LOOP ( 'NONE', ( #2183, #1409, #2575 ) ) ;
#781 = CARTESIAN_POINT ( 'NONE',  ( -0.09221567537141699133, 0.2760416666666669627, 0.09221567537141696358 ) ) ;
#782 = CARTESIAN_POINT ( 'NONE',  ( -0.06542438130972595689, 0.1416666666666668017, -0.06542438130972595689 ) ) ;
#783 = CARTESIAN_POINT ( 'NONE',  ( 0.09252404735808328340, 0.1135416666666668323, 0.03832471526136868589 ) ) ;
#784 = CARTESIAN_POINT ( 'NONE',  ( 0.09252404735808328340, 0.3166666666666668739, 1.699639176618522147E-17 ) ) ;
#785 = ORIENTED_EDGE ( 'NONE', *, *, #1604, .T. ) ;
#786 = DIRECTION ( 'NONE',  ( -0.000000000000000000, -1.000000000000000000, -0.000000000000000000 ) ) ;
#787 = DIRECTION ( 'NONE',  ( 0.000000000000000000, -3.544911822905277504E-16, -1.000000000000000000 ) ) ;
#788 = CARTESIAN_POINT ( 'NONE',  ( -0.03832471526136865120, 0.3010416666666668184, 0.09252404735808329728 ) ) ;
#789 = DIRECTION ( 'NONE',  ( -0.000000000000000000, 1.000000000000000000, -0.000000000000000000 ) ) ;
#790 = CARTESIAN_POINT ( 'NONE',  ( -0.05289769363290919291, 0.1088541666666668073, -0.1277063293868262728 ) ) ;
#791 = DIRECTION ( 'NONE',  ( -0.000000000000000000, -1.000000000000000000, -0.000000000000000000 ) ) ;
#792 = ADVANCED_FACE ( 'NONE', ( #2421 ), #942, .T. ) ;
#793 = CARTESIAN_POINT ( 'NONE',  ( 0.06542438130972595689, 0.07916666666666680174, -0.06542438130972592913 ) ) ;
#794 = ORIENTED_EDGE ( 'NONE', *, *, #2325, .T. ) ;
#795 = CARTESIAN_POINT ( 'NONE',  ( 0.09252404735808328340, 0.01666666666666681909, 1.699639176618522147E-17 ) ) ;
#796 = CARTESIAN_POINT ( 'NONE',  ( -0.06542438130972595689, 0.1916666666666668184, -0.06542438130972595689 ) ) ;
#797 = CARTESIAN_POINT ( 'NONE',  ( 0.1250000000000000833, 0.2385416666666669572, 0.05177669529663699727 ) ) ;
#798 = CARTESIAN_POINT ( 'NONE',  ( 2.266185568824696299E-17, -0.06458333333333320103, -0.09252404735808328340 ) ) ;
#799 = B_SPLINE_CURVE_WITH_KNOTS ( 'NONE', 3,
 ( #866, #1958, #923, #646 ),
 .UNSPECIFIED., .F., .F.,
 ( 4, 4 ),
 ( 2.339749362221298725E-07, 0.003227520057086234826 ),
 .UNSPECIFIED. ) ;
#800 = ORIENTED_EDGE ( 'NONE', *, *, #695, .T. ) ;
#801 = CARTESIAN_POINT ( 'NONE',  ( -1.530808498934193050E-17, 0.02916666666666695162, 0.1250000000000001110 ) ) ;
#802 = PRESENTATION_STYLE_ASSIGNMENT (( #2366 ) ) ;
#803 = CARTESIAN_POINT ( 'NONE',  ( -0.05177669529663694176, 0.2322916666666667851, 0.1250000000000001110 ) ) ;
#804 = CARTESIAN_POINT ( 'NONE',  ( 0.000000000000000000, 0.3035000000000002141, -1.516480271171051896E-32 ) ) ;
#805 = CARTESIAN_POINT ( 'NONE',  ( 0.06774907801605353774, 0.005828845726937629049, -0.1050479053954656850 ) ) ;
#806 = CIRCLE ( 'NONE', #1441, 0.1250000000000000555 ) ;
#807 = CARTESIAN_POINT ( 'NONE',  ( 0.09030201150986771896, 0.03697916666666681285, 0.09030201150986773284 ) ) ;
#808 = AXIS2_PLACEMENT_3D ( 'NONE', #1552, #39, #277 ) ;
#809 = CARTESIAN_POINT ( 'NONE',  ( -0.09252404735808328340, 0.05104166666666680452, 0.03832471526136861650 ) ) ;
#810 = AXIS2_PLACEMENT_3D ( 'NONE', #2105, #820, #845 ) ;
#811 = ORIENTED_EDGE ( 'NONE', *, *, #2553, .T. ) ;
#812 = CARTESIAN_POINT ( 'NONE',  ( 3.194188902708990127E-17, 0.2572916666666669738, -0.1304126587736524900 ) ) ;
#813 = CARTESIAN_POINT ( 'NONE',  ( -0.09252404735808328340, 0.09791666666666680452, -5.665463922061740748E-18 ) ) ;
#814 = CARTESIAN_POINT ( 'NONE',  ( -0.06542438130972595689, 0.004166666666666781968, 0.06542438130972595689 ) ) ;
#815 = EDGE_LOOP ( 'NONE', ( #1171, #1024, #338, #1960 ) ) ;
#816 = DIRECTION ( 'NONE',  ( -0.8660254037844377084, 0.000000000000000000, -0.5000000000000015543 ) ) ;
#817 =( NAMED_UNIT ( * ) SI_UNIT ( $, .STERADIAN. ) SOLID_ANGLE_UNIT ( ) );
#818 = EDGE_CURVE ( 'NONE', #1243, #516, #906, .T. ) ;
#819 = DIRECTION ( 'NONE',  ( -0.000000000000000000, -1.000000000000000000, -0.000000000000000000 ) ) ;
#820 = DIRECTION ( 'NONE',  ( -0.000000000000000000, 1.000000000000000000, -1.036218204493341887E-15 ) ) ;
#821 = CARTESIAN_POINT ( 'NONE',  ( 0.1093749999999998751, 0.2604166666666666852, -0.1894430570778458667 ) ) ;
#822 = DIRECTION ( 'NONE',  ( 0.000000000000000000, 0.000000000000000000, -1.000000000000000000 ) ) ;
#823 = CARTESIAN_POINT ( 'NONE',  ( 2.266185568824695683E-17, 0.2354166666666668017, -0.09252404735808325564 ) ) ;
#824 = ORIENTED_EDGE ( 'NONE', *, *, #2758, .T. ) ;
#825 = CARTESIAN_POINT ( 'NONE',  ( 0.05401869196918156202, 0.05416666666666696689, -0.1304126587736524345 ) ) ;
#826 = CARTESIAN_POINT ( 'NONE',  ( -0.06542438130972595689, 0.05416666666666679342, 0.06542438130972595689 ) ) ;
#827 = AXIS2_PLACEMENT_3D ( 'NONE', #834, #209, #1224 ) ;
#828 = CARTESIAN_POINT ( 'NONE',  ( 3.061616997868385483E-17, 0.1604166666666667074, -0.1250000000000001110 ) ) ;
#829 = CARTESIAN_POINT ( 'NONE',  ( -0.09252404735808329728, 0.08854166666666682395, -0.03832471526136864426 ) ) ;
#830 = ORIENTED_EDGE ( 'NONE', *, *, #778, .T. ) ;
#831 = DIRECTION ( 'NONE',  ( 0.5000000000000016653, 0.000000000000000000, -0.8660254037844378194 ) ) ;
#832 = CARTESIAN_POINT ( 'NONE',  ( -0.1250000000000001110, 0.2260416666666667795, 0.05177669529663691400 ) ) ;
#833 = ADVANCED_FACE ( 'NONE', ( #300 ), #704, .F. ) ;
#834 = CARTESIAN_POINT ( 'NONE',  ( 0.000000000000000000, 0.2604166666666668517, -1.707404996040164512E-16 ) ) ;
#835 = DIRECTION ( 'NONE',  ( 0.000000000000000000, 1.000000000000000000, -3.544911822905277504E-16 ) ) ;
#836 = CARTESIAN_POINT ( 'NONE',  ( 0.1277063293868262450, -0.05677083333333317328, 2.345927212716514929E-17 ) ) ;
#837 = VERTEX_POINT ( 'NONE', #931 ) ;
#838 = CARTESIAN_POINT ( 'NONE',  ( -0.05401869196918146487, 0.1604166666666669572, -0.1304126587736524900 ) ) ;
#839 = CARTESIAN_POINT ( 'NONE',  ( -0.1250000000000001110, 0.1697916666666667296, -0.05177669529663693482 ) ) ;
#840 = CARTESIAN_POINT ( 'NONE',  ( 0.09252404735808328340, 0.1166666666666668489, 1.699639176618522147E-17 ) ) ;
#841 = VERTEX_POINT ( 'NONE', #2660 ) ;
#842 = DIRECTION ( 'NONE',  ( 0.000000000000000000, 0.000000000000000000, -1.000000000000000000 ) ) ;
#843 =( LENGTH_UNIT ( ) NAMED_UNIT ( * ) SI_UNIT ( $, .METRE. ) );
#844 = CARTESIAN_POINT ( 'NONE',  ( -0.2187499999999995559, 0.2604166666666666852, 2.365849761790788230E-16 ) ) ;
#845 = DIRECTION ( 'NONE',  ( 0.000000000000000000, 1.024442997624101221E-15, 1.000000000000000000 ) ) ;
#846 = DIRECTION ( 'NONE',  ( -0.000000000000000000, 1.000000000000000000, -1.036218204493341887E-15 ) ) ;
#847 = ADVANCED_FACE ( 'NONE', ( #1579 ), #2250, .T. ) ;
#848 = CARTESIAN_POINT ( 'NONE',  ( -0.06542438130972594301, 0.3041666666666668073, 0.06542438130972592913 ) ) ;
#849 = ADVANCED_FACE ( 'NONE', ( #2474, #1426 ), #773, .T. ) ;
#850 = VECTOR ( 'NONE', #2324, 39.37007874015748143 ) ;
#851 = EDGE_LOOP ( 'NONE', ( #1724, #1202, #964 ) ) ;
#852 = CARTESIAN_POINT ( 'NONE',  ( -0.09221567537141699133, 0.1760416666666669849, 0.09221567537141696358 ) ) ;
#853 = CARTESIAN_POINT ( 'NONE',  ( -1.530808498934193050E-17, 0.2291666666666669905, 0.1250000000000001110 ) ) ;
#854 = AXIS2_PLACEMENT_3D ( 'NONE', #1819, #745, #1471 ) ;
#855 = CARTESIAN_POINT ( 'NONE',  ( -0.09252404735808329728, 0.1447916666666668462, 0.03832471526136863038 ) ) ;
#856 = ORIENTED_EDGE ( 'NONE', *, *, #1718, .F. ) ;
#857 = CARTESIAN_POINT ( 'NONE',  ( 0.000000000000000000, 0.01578019751151954128, 0.2525907427704618402 ) ) ;
#858 = CARTESIAN_POINT ( 'NONE',  ( 0.08838834764831850210, 0.1916666666666667351, 0.08838834764831852986 ) ) ;
#859 = CARTESIAN_POINT ( 'NONE',  ( 0.09252404735808328340, 0.2197916666666668573, -0.03832471526136865120 ) ) ;
#860 = CARTESIAN_POINT ( 'NONE',  ( -4.609993489308444058E-16, 0.01578019751151954128, -0.2525907427704618402 ) ) ;
#861 = CARTESIAN_POINT ( 'NONE',  ( 0.05177669529663690706, 0.1822916666666669350, 0.1250000000000001388 ) ) ;
#862 = CARTESIAN_POINT ( 'NONE',  ( 0.03832471526136860956, 0.3135416666666668295, 0.09252404735808329728 ) ) ;
#863 = ADVANCED_FACE ( 'NONE', ( #565 ), #2025, .F. ) ;
#864 = ORIENTED_EDGE ( 'NONE', *, *, #1225, .T. ) ;
#865 = CARTESIAN_POINT ( 'NONE',  ( -0.1304126587736524900, 0.1197916666666669488, -7.985472256772475317E-18 ) ) ;
#866 = CARTESIAN_POINT ( 'NONE',  ( -1.758627145921369484E-15, 0.01578019751151954128, 0.2525907427704618402 ) ) ;
#867 = CARTESIAN_POINT ( 'NONE',  ( -1.133092784412348150E-17, 0.2041666666666668295, 0.09252404735808328340 ) ) ;
#868 = VERTEX_POINT ( 'NONE', #1623 ) ;
#869 = FACE_OUTER_BOUND ( 'NONE', #1559, .T. ) ;
#870 = B_SPLINE_CURVE_WITH_KNOTS ( 'NONE', 3,
 ( #2695, #1022, #556, #1886, #1673, #1824 ),
 .UNSPECIFIED., .F., .F.,
 ( 4, 2, 4 ),
 ( 0.003227520057086211841, 0.004827050055782560259, 0.006426580054478908677 ),
 .UNSPECIFIED. ) ;
#871 = CARTESIAN_POINT ( 'NONE',  ( -0.1250000000000001110, 0.2135416666666669350, -0.05177669529663692094 ) ) ;
#872 = CARTESIAN_POINT ( 'NONE',  ( -0.03832471526136863732, 0.08229166666666681840, -0.09252404735808329728 ) ) ;
#873 = DIRECTION ( 'NONE',  ( 0.000000000000000000, 0.000000000000000000, -1.000000000000000000 ) ) ;
#874 = FACE_OUTER_BOUND ( 'NONE', #2701, .T. ) ;
#875 = CARTESIAN_POINT ( 'NONE',  ( 2.266185568824695683E-17, 0.3354166666666668073, -0.09252404735808325564 ) ) ;
#876 = EDGE_LOOP ( 'NONE', ( #253, #126, #1335, #2132, #2240, #587 ) ) ;
#877 = CARTESIAN_POINT ( 'NONE',  ( 0.1304126587736524345, 0.1416666666666669405, 0.05401869196918154120 ) ) ;
#878 = CARTESIAN_POINT ( 'NONE',  ( -1.133092784412348150E-17, 0.01041666666666678405, 0.09252404735808328340 ) ) ;
#879 = CARTESIAN_POINT ( 'NONE',  ( 3.061616997868389181E-17, 0.2604166666666666297, -0.1250000000000002498 ) ) ;
#880 = ADVANCED_FACE ( 'NONE', ( #943 ), #1981, .T. ) ;
#881 = CARTESIAN_POINT ( 'NONE',  ( 0.06542438130972597077, 0.07291666666666683783, -0.06542438130972592913 ) ) ;
#882 = ORIENTED_EDGE ( 'NONE', *, *, #1143, .T. ) ;
#883 = CARTESIAN_POINT ( 'NONE',  ( -0.05411228939308582869, 0.01435643363702408457, 0.09223791397686584292 ) ) ;
#884 = DIRECTION ( 'NONE',  ( -0.000000000000000000, -1.000000000000000000, -0.000000000000000000 ) ) ;
#885 = CARTESIAN_POINT ( 'NONE',  ( -0.09252404735808329728, 0.1947916666666668351, 0.03832471526136863038 ) ) ;
#886 = CARTESIAN_POINT ( 'NONE',  ( -0.1145513241790166864, 0.2604166666666666297, -0.02457939718286917402 ) ) ;
#887 = DIRECTION ( 'NONE',  ( -0.000000000000000000, -1.000000000000000000, -0.000000000000000000 ) ) ;
#888 = CARTESIAN_POINT ( 'NONE',  ( -0.03832471526136864426, 0.1572916666666668017, 0.09252404735808328340 ) ) ;
#889 = ORIENTED_EDGE ( 'NONE', *, *, #388, .T. ) ;
#890 = CARTESIAN_POINT ( 'NONE',  ( -0.1304126587736524900, -0.03020833333333307336, -7.985472256772475317E-18 ) ) ;
#891 = CONICAL_SURFACE ( 'NONE', #581, 0.2525907427704618402, 1.134464013796314008 ) ;
#892 = CARTESIAN_POINT ( 'NONE',  ( -0.03620289733865310333, 0.2543831164259094391, 0.2316889902465459061 ) ) ;
#893 = CARTESIAN_POINT ( 'NONE',  ( -0.09252404735808329728, -0.01145833333333317119, -0.03832471526136864426 ) ) ;
#894 = VECTOR ( 'NONE', #2532, 39.37007874015748143 ) ;
#895 = ORIENTED_EDGE ( 'NONE', *, *, #82, .T. ) ;
#896 = CARTESIAN_POINT ( 'NONE',  ( -0.02773040826788510799, 0.01531515226367560246, 0.1011534540452333764 ) ) ;
#897 = CARTESIAN_POINT ( 'NONE',  ( -1.133092784412348150E-17, 0.2541666666666668739, 0.09252404735808328340 ) ) ;
#898 = AXIS2_PLACEMENT_3D ( 'NONE', #1447, #2356, #1301 ) ;
#899 = VECTOR ( 'NONE', #1064, 39.37007874015748143 ) ;
#900 = CARTESIAN_POINT ( 'NONE',  ( 0.06542438130972597077, 0.02291666666666682117, -0.06542438130972592913 ) ) ;
#901 = EDGE_CURVE ( 'NONE', #1248, #1547, #1036, .T. ) ;
#902 = CARTESIAN_POINT ( 'NONE',  ( -0.1149605075390353892, 0.2604166666666667407, -0.008471626062656870473 ) ) ;
#903 = CARTESIAN_POINT ( 'NONE',  ( -0.1093750000000004718, -2.420590938939690364E-16, -0.1894430570778463385 ) ) ;
#904 = CARTESIAN_POINT ( 'NONE',  ( 0.1046252286869420733, 0.2604166666666666852, -0.008518813478833733160 ) ) ;
#905 = CARTESIAN_POINT ( 'NONE',  ( -0.09252404735808328340, 0.1447916666666668184, -0.03832471526136863732 ) ) ;
#906 = B_SPLINE_CURVE_WITH_KNOTS ( 'NONE', 3,
 ( #67, #918, #1781, #2647 ),
 .UNSPECIFIED., .F., .F.,
 ( 4, 4 ),
 ( 2.339749362648652787E-07, 0.003227520057086243066 ),
 .UNSPECIFIED. ) ;
#907 = CARTESIAN_POINT ( 'NONE',  ( -1.563951475144343594E-17, 0.2307291666666668184, 0.1277063293868262450 ) ) ;
#908 = CARTESIAN_POINT ( 'NONE',  ( -0.1304126587736524900, -0.03333333333333305531, -0.05401869196918147181 ) ) ;
#909 = CARTESIAN_POINT ( 'NONE',  ( 0.000000000000000000, 0.3125000000000000000, -0.1666666666666666297 ) ) ;
#910 = CARTESIAN_POINT ( 'NONE',  ( -0.09252404735808329728, -0.05520833333333317883, 0.03832471526136863038 ) ) ;
#911 = ORIENTED_EDGE ( 'NONE', *, *, #1971, .F. ) ;
#912 = CARTESIAN_POINT ( 'NONE',  ( 0.06542438130972595689, 0.2666666666666668295, 0.06542438130972597077 ) ) ;
#913 = CARTESIAN_POINT ( 'NONE',  ( -0.1250000000000001110, 0.1666666666666669627, -7.654042494670965249E-18 ) ) ;
#914 = AXIS2_PLACEMENT_3D ( 'NONE', #1992, #1952, #2409 ) ;
#915 = ORIENTED_EDGE ( 'NONE', *, *, #1795, .T. ) ;
#916 = CARTESIAN_POINT ( 'NONE',  ( 0.09252404735808328340, 0.06666666666666683227, 1.699639176618522147E-17 ) ) ;
#917 = DIRECTION ( 'NONE',  ( -0.000000000000000000, -1.000000000000000000, -0.000000000000000000 ) ) ;
#918 = CARTESIAN_POINT ( 'NONE',  ( 0.03620289733865177800, 0.2543831164259094946, -0.2316889902465460449 ) ) ;
#919 = EDGE_CURVE ( 'NONE', #2143, #1352, #1865, .T. ) ;
#920 = CARTESIAN_POINT ( 'NONE',  ( -0.03832471526136861650, 0.03854166666666680036, -0.09252404735808328340 ) ) ;
#921 = CARTESIAN_POINT ( 'NONE',  ( 0.09030201150986773284, 0.2494791666666668351, -0.09030201150986769121 ) ) ;
#922 = CARTESIAN_POINT ( 'NONE',  ( -0.1304126587736524900, -0.07708333333333307336, 0.05401869196918145793 ) ) ;
#923 = CARTESIAN_POINT ( 'NONE',  ( 0.07261719363377974745, -3.543306537134378369E-16, 0.2106651864782029537 ) ) ;
#924 = CARTESIAN_POINT ( 'NONE',  ( 2.266185568824696299E-17, -0.02083333333333315524, -0.09252404735808328340 ) ) ;
#925 = ORIENTED_EDGE ( 'NONE', *, *, #2378, .F. ) ;
#926 = CARTESIAN_POINT ( 'NONE',  ( -0.06965261987563126089, 0.007258414967224340909, -0.1003254773385036797 ) ) ;
#927 = CARTESIAN_POINT ( 'NONE',  ( -0.08838834764831852986, 0.1729166666666669960, 0.08838834764831851598 ) ) ;
#928 =( BOUNDED_CURVE ( )  B_SPLINE_CURVE ( 2, ( #675, #2615, #1523, #871, #505, #77, #2189, #456, #1561 ),
 .UNSPECIFIED., .F., .F. ) 
 B_SPLINE_CURVE_WITH_KNOTS ( ( 3, 2, 2, 2, 3 ),
 ( 0.5833333333333332593, 0.5972222222222222099, 0.6111111111111110494, 0.6250000000000000000, 0.6388888888888888395 ),
 .UNSPECIFIED. ) 
 CURVE ( )  GEOMETRIC_REPRESENTATION_ITEM ( )  RATIONAL_B_SPLINE_CURVE ( ( 1.000000000000000000, 0.9238795325112868495, 1.000000000000000000, 0.9238795325112868495, 1.000000000000000000, 0.9238795325112868495, 1.000000000000000000, 0.9238795325112868495, 1.000000000000000000 ) ) 
 REPRESENTATION_ITEM ( '' )  );
#929 = ORIENTED_EDGE ( 'NONE', *, *, #151, .T. ) ;
#930 = DIRECTION ( 'NONE',  ( -0.000000000000000000, -1.000000000000000000, -0.000000000000000000 ) ) ;
#931 = CARTESIAN_POINT ( 'NONE',  ( -0.1093750000000004025, 0.000000000000000000, 0.1894430570778459222 ) ) ;
#932 = CARTESIAN_POINT ( 'NONE',  ( -0.09252404735808328340, 0.1510416666666667962, 0.03832471526136861650 ) ) ;
#933 = ADVANCED_FACE ( 'NONE', ( #1379 ), #2492, .F. ) ;
#934 = CARTESIAN_POINT ( 'NONE',  ( 3.127902950288687189E-17, 0.2557291666666668406, -0.1277063293868262450 ) ) ;
#935 = CARTESIAN_POINT ( 'NONE',  ( 0.1304126587736524900, -0.1052083333333330567, 2.395641677031742441E-17 ) ) ;
#936 = EDGE_CURVE ( 'NONE', #938, #396, #313, .T. ) ;
#937 = CARTESIAN_POINT ( 'NONE',  ( -0.03832471526136863038, 0.1885416666666667740, -0.09252404735808328340 ) ) ;
#938 = VERTEX_POINT ( 'NONE', #106 ) ;
#939 = CARTESIAN_POINT ( 'NONE',  ( 0.06542438130972595689, 0.3166666666666668184, 0.06542438130972597077 ) ) ;
#940 = CARTESIAN_POINT ( 'NONE',  ( -0.09252404735808328340, 0.04166666666666682395, -5.665463922061740748E-18 ) ) ;
#941 = AXIS2_PLACEMENT_3D ( 'NONE', #1309, #1974, #35 ) ;
#942 = CONICAL_SURFACE ( 'NONE', #2709, 0.2525907427704618402, 1.134464013796314008 ) ;
#943 = FACE_OUTER_BOUND ( 'NONE', #2316, .T. ) ;
#944 = CIRCLE ( 'NONE', #1984, 0.2187499999999999445 ) ;
#945 = CARTESIAN_POINT ( 'NONE',  ( 0.000000000000000000, 0.2634166666666663548, 1.420918822347882128E-17 ) ) ;
#946 = CARTESIAN_POINT ( 'NONE',  ( -0.09252404735808328340, 0.09479166666666677399, -0.03832471526136863732 ) ) ;
#947 = CARTESIAN_POINT ( 'NONE',  ( 0.1277063293868262728, 0.2963541666666668628, -0.05289769363290921372 ) ) ;
#948 = CARTESIAN_POINT ( 'NONE',  ( 0.2187499999999994171, 0.005578891358396796500, 0.07403211314886934402 ) ) ;
#949 = ADVANCED_FACE ( 'NONE', ( #552 ), #535, .F. ) ;
#950 = CARTESIAN_POINT ( 'NONE',  ( -0.09252404735808328340, 0.2510416666666668850, 0.03832471526136861650 ) ) ;
#951 = EDGE_LOOP ( 'NONE', ( #738, #533, #2214, #1504, #1093, #439, #1432 ) ) ;
#952 = CARTESIAN_POINT ( 'NONE',  ( 1.530808498934192125E-17, 0.3125000000000000000, 0.1250000000000000555 ) ) ;
#953 = CARTESIAN_POINT ( 'NONE',  ( -0.03832471526136865120, 0.2010416666666669239, 0.09252404735808331115 ) ) ;
#954 = CARTESIAN_POINT ( 'NONE',  ( 0.000000000000000000, -0.1250000000000000278, 0.000000000000000000 ) ) ;
#955 = SURFACE_STYLE_USAGE ( .BOTH. , #120 ) ;
#956 = CARTESIAN_POINT ( 'NONE',  ( -1.530808498934193050E-17, 0.1291666666666669572, 0.1250000000000001110 ) ) ;
#957 = CARTESIAN_POINT ( 'NONE',  ( -0.2187499999999994171, 0.3125000000000000000, 0.1262953713852309201 ) ) ;
#958 =( GEOMETRIC_REPRESENTATION_CONTEXT ( 3 ) GLOBAL_UNCERTAINTY_ASSIGNED_CONTEXT ( ( #2520 ) ) GLOBAL_UNIT_ASSIGNED_CONTEXT ( ( #193, #2777, #2088 ) ) REPRESENTATION_CONTEXT ( 'NONE', 'WORKASPACE' ) );
#959 = CARTESIAN_POINT ( 'NONE',  ( 0.000000000000000000, 0.3035000000000003251, -4.739000847409537312E-32 ) ) ;
#960 = B_SPLINE_CURVE_WITH_KNOTS ( 'NONE', 3,
 ( #805, #1033, #611, #2593, #652, #596 ),
 .UNSPECIFIED., .F., .F.,
 ( 4, 2, 4 ),
 ( 8.189539966941665137E-18, 0.0007840896376552407504, 0.001568179275310473261 ),
 .UNSPECIFIED. ) ;
#961 = CARTESIAN_POINT ( 'NONE',  ( 0.05289769363290916515, 0.1338541666666668295, 0.1277063293868263005 ) ) ;
#962 = CARTESIAN_POINT ( 'NONE',  ( 0.000000000000000000, 0.2634166666666663548, -0.1062500000000002609 ) ) ;
#963 = CARTESIAN_POINT ( 'NONE',  ( -0.06542438130972594301, 0.04166666666666678925, -0.06542438130972594301 ) ) ;
#964 = ORIENTED_EDGE ( 'NONE', *, *, #2459, .F. ) ;
#965 = MANIFOLD_SOLID_BREP ( 'Combine1', #669 ) ;
#966 = CARTESIAN_POINT ( 'NONE',  ( -0.1304126587736524900, 0.2229166666666669572, 0.05401869196918145793 ) ) ;
#967 = CARTESIAN_POINT ( 'NONE',  ( -0.03620289733865254128, 0.006033550240757313762, -0.2316889902465465445 ) ) ;
#968 = EDGE_CURVE ( 'NONE', #2401, #1973, #1121, .T. ) ;
#969 = CARTESIAN_POINT ( 'NONE',  ( 0.03832471526136861650, 0.1572916666666668295, 0.09252404735808331115 ) ) ;
#970 = VERTEX_POINT ( 'NONE', #1849 ) ;
#971 = CARTESIAN_POINT ( 'NONE',  ( 3.061616997868385483E-17, 0.01041666666666671293, -0.1250000000000001110 ) ) ;
#972 = FACE_OUTER_BOUND ( 'NONE', #1097, .T. ) ;
#973 = DIRECTION ( 'NONE',  ( 0.000000000000000000, 1.000000000000000000, 0.000000000000000000 ) ) ;
#974 = CARTESIAN_POINT ( 'NONE',  ( 0.05289769363290927617, 0.1026041666666668573, -0.1277063293868262450 ) ) ;
#975 = CARTESIAN_POINT ( 'NONE',  ( 0.09209102499174709466, 0.02097263114974026038, 0.01078579506828015490 ) ) ;
#976 = CARTESIAN_POINT ( 'NONE',  ( 0.03832471526136868589, 0.08229166666666681840, -0.09252404735808324177 ) ) ;
#977 = ORIENTED_EDGE ( 'NONE', *, *, #2053, .F. ) ;
#978 = CARTESIAN_POINT ( 'NONE',  ( -0.09252404735808329728, -0.05520833333333317883, 0.03832471526136863038 ) ) ;
#979 = CARTESIAN_POINT ( 'NONE',  ( 0.06542438130972597077, 0.1791666666666668351, -0.06542438130972592913 ) ) ;
#980 = CARTESIAN_POINT ( 'NONE',  ( -0.09252404735808331115, 0.04479166666666684060, 0.03832471526136863038 ) ) ;
#981 = CARTESIAN_POINT ( 'NONE',  ( 0.09252404735808328340, 0.2666666666666668295, 1.699639176618522147E-17 ) ) ;
#982 = ORIENTED_EDGE ( 'NONE', *, *, #2036, .F. ) ;
#983 = CARTESIAN_POINT ( 'NONE',  ( -0.1250000000000001110, 0.02604166666666673027, 0.05177669529663691400 ) ) ;
#984 = DIRECTION ( 'NONE',  ( 0.000000000000000000, -3.213938816075595115E-16, -1.000000000000000000 ) ) ;
#985 = VECTOR ( 'NONE', #2123, 39.37007874015748143 ) ;
#986 = EDGE_CURVE ( 'NONE', #1230, #2405, #1913, .T. ) ;
#987 = AXIS2_PLACEMENT_3D ( 'NONE', #2185, #657, #1519 ) ;
#988 = CARTESIAN_POINT ( 'NONE',  ( 0.06542438130943935282, 0.2604166666666338226, 0.06542438131001256096 ) ) ;
#989 = CARTESIAN_POINT ( 'NONE',  ( 3.061616997868385483E-17, 0.1104166666666667185, -0.1250000000000001110 ) ) ;
#990 = VECTOR ( 'NONE', #1252, 39.37007874015748143 ) ;
#991 = CARTESIAN_POINT ( 'NONE',  ( -0.05289769363290920678, 0.02760416666666683227, 0.1277063293868262728 ) ) ;
#992 = CARTESIAN_POINT ( 'NONE',  ( 3.061616997868389181E-17, 0.2604166666666666297, -0.1250000000000002498 ) ) ;
#993 = CARTESIAN_POINT ( 'NONE',  ( -0.03832471526136863038, 0.1385416666666668128, -0.09252404735808328340 ) ) ;
#994 = ORIENTED_EDGE ( 'NONE', *, *, #522, .F. ) ;
#995 = CARTESIAN_POINT ( 'NONE',  ( 3.194188902708990127E-17, 0.3072916666666669627, -0.1304126587736524900 ) ) ;
#996 = CARTESIAN_POINT ( 'NONE',  ( -0.09252404735808329728, 0.1447916666666668184, -0.03832471526136864426 ) ) ;
#997 = CARTESIAN_POINT ( 'NONE',  ( -0.09252404735808331115, 0.09479166666666681562, 0.03832471526136863038 ) ) ;
#998 = B_SPLINE_CURVE_WITH_KNOTS ( 'NONE', 3,
 ( #821, #1898, #2750, #2353, #418, #2541 ),
 .UNSPECIFIED., .F., .F.,
 ( 4, 2, 4 ),
 ( 0.003227520057086243066, 0.004827050055782551585, 0.006426580054478860972 ),
 .UNSPECIFIED. ) ;
#999 = CARTESIAN_POINT ( 'NONE',  ( -0.09252404735808329728, -0.05520833333333317883, -0.03832471526136864426 ) ) ;
#1000 = ORIENTED_EDGE ( 'NONE', *, *, #1456, .T. ) ;
#1001 = CARTESIAN_POINT ( 'NONE',  ( -1.530808498934193050E-17, 0.07916666666666695440, 0.1250000000000001110 ) ) ;
#1002 = CARTESIAN_POINT ( 'NONE',  ( -0.1093750000000004718, 0.2604166666666666852, -0.1894430570778463385 ) ) ;
#1003 = EDGE_CURVE ( 'NONE', #2641, #1907, #1690, .T. ) ;
#1004 = CARTESIAN_POINT ( 'NONE',  ( 0.1277063293868262450, 0.09322916666666683505, 2.345927212716514929E-17 ) ) ;
#1005 = B_SPLINE_CURVE_WITH_KNOTS ( 'NONE', 3,
 ( #1933, #7, #2614, #896, #231, #1087, #883, #1750, #688, #1548, #1739, #2418, #660, #674, #1522, #480, #1336, #2201, #2391, #455, #270, #1123, #1710, #2001, #326, #102, #926, #740, #1149, #2684 ),
 .UNSPECIFIED., .F., .F.,
 ( 4, 2, 2, 2, 2, 2, 2, 2, 2, 2, 2, 2, 2, 2, 4 ),
 ( 0.003277415650954612365, 0.003806137176875199618, 0.004334858702795787305, 0.004863580228716374992, 0.005392301754636962680, 0.006449744806478138921, 0.006978466332398727476, 0.007507187858319315163, 0.008035909384239902850, 0.008564630910160492272, 0.009093352436081079959, 0.009622073962001667646, 0.01015079548792225707, 0.01067951701384284476, 0.01173696006568401839 ),
 .UNSPECIFIED. ) ;
#1006 = CARTESIAN_POINT ( 'NONE',  ( 0.2187499999999994171, 0.01093856449930478633, -0.1055295403827090361 ) ) ;
#1007 = CARTESIAN_POINT ( 'NONE',  ( 2.266185568824695683E-17, 0.08541666666666680729, -0.09252404735808325564 ) ) ;
#1008 = ORIENTED_EDGE ( 'NONE', *, *, #1570, .T. ) ;
#1009 = CARTESIAN_POINT ( 'NONE',  ( 0.03832471526136860956, 0.007291666666666834183, 0.09252404735808329728 ) ) ;
#1010 = CARTESIAN_POINT ( 'NONE',  ( -0.09252404735808329728, 0.05104166666666680452, 0.03832471526136863038 ) ) ;
#1011 = CARTESIAN_POINT ( 'NONE',  ( -0.08838834764831852986, 0.06041666666666695856, -0.08838834764831852986 ) ) ;
#1012 = CARTESIAN_POINT ( 'NONE',  ( 0.09252404735808328340, -0.03020833333333317744, 0.03832471526136867895 ) ) ;
#1013 = VERTEX_POINT ( 'NONE', #1711 ) ;
#1014 = CARTESIAN_POINT ( 'NONE',  ( 0.000000000000000000, 0.2604166666666666852, 0.000000000000000000 ) ) ;
#1015 = APPLICATION_PROTOCOL_DEFINITION ( 'draft international standard', 'automotive_design', 1998, #2312 ) ;
#1016 = CARTESIAN_POINT ( 'NONE',  ( -1.530808498934192742E-17, 0.2354166666666667462, 0.1250000000000001110 ) ) ;
#1017 = CARTESIAN_POINT ( 'NONE',  ( -1.256958351638982646E-17, 0.01625621310825416457, 0.1026384384880706796 ) ) ;
#1018 = CARTESIAN_POINT ( 'NONE',  ( 1.301187224094066373E-17, 0.2634166666666664103, 0.1062500000000003025 ) ) ;
#1019 =( BOUNDED_CURVE ( )  B_SPLINE_CURVE ( 2, ( #232, #1962, #1790, #468, #913, #701, #927, #1323, #1113 ),
 .UNSPECIFIED., .F., .F. ) 
 B_SPLINE_CURVE_WITH_KNOTS ( ( 3, 2, 2, 2, 3 ),
 ( 0.4722222222222222099, 0.4861111111111110494, 0.4999999999999999445, 0.5138888888888888395, 0.5277777777777776791 ),
 .UNSPECIFIED. ) 
 CURVE ( )  GEOMETRIC_REPRESENTATION_ITEM ( )  RATIONAL_B_SPLINE_CURVE ( ( 1.000000000000000000, 0.9238795325112868495, 1.000000000000000000, 0.9238795325112868495, 1.000000000000000000, 0.9238795325112868495, 1.000000000000000000, 0.9238795325112868495, 1.000000000000000000 ) ) 
 REPRESENTATION_ITEM ( '' )  );
#1020 = CARTESIAN_POINT ( 'NONE',  ( 0.1277063293868262728, 0.1463541666666668684, -0.05289769363290921372 ) ) ;
#1021 = CARTESIAN_POINT ( 'NONE',  ( 0.000000000000000000, 0.2604166666666666852, 0.000000000000000000 ) ) ;
#1022 = CARTESIAN_POINT ( 'NONE',  ( 0.09115684007478135065, 0.2604166666666667407, 0.1999613166148102583 ) ) ;
#1023 = EDGE_CURVE ( 'NONE', #2004, #203, #625, .T. ) ;
#1024 = ORIENTED_EDGE ( 'NONE', *, *, #2181, .T. ) ;
#1025 = CARTESIAN_POINT ( 'NONE',  ( -0.06542438130972595689, -0.002083333333333185853, 0.06542438130972595689 ) ) ;
#1026 = CARTESIAN_POINT ( 'NONE',  ( -0.09252404735808329728, 0.2010416666666668128, 0.03832471526136863038 ) ) ;
#1027 = CARTESIAN_POINT ( 'NONE',  ( 0.02982600563351289757, 0.2604166666666666852, 0.08779282016457279347 ) ) ;
#1028 = CARTESIAN_POINT ( 'NONE',  ( -0.03832471526136863732, 0.2822916666666668295, -0.09252404735808329728 ) ) ;
#1029 = ORIENTED_EDGE ( 'NONE', *, *, #1702, .T. ) ;
#1030 = CARTESIAN_POINT ( 'NONE',  ( 0.000000000000000000, 0.2604166666666668517, -1.707404996040164512E-16 ) ) ;
#1031 = CARTESIAN_POINT ( 'NONE',  ( -0.05177669529663692094, 0.2135416666666667407, -0.1250000000000001110 ) ) ;
#1032 = CARTESIAN_POINT ( 'NONE',  ( 0.03832471526136860956, 0.3072916666666668517, 0.09252404735808329728 ) ) ;
#1033 = CARTESIAN_POINT ( 'NONE',  ( 0.07233222808022410355, 0.008177503266606378496, -0.09609871948658416096 ) ) ;
#1034 = AXIS2_PLACEMENT_3D ( 'NONE', #1701, #14, #210 ) ;
#1035 = PLANE ( 'NONE',  #1615 ) ;
#1036 = CIRCLE ( 'NONE', #2663, 0.2096454243396280726 ) ;
#1037 = CARTESIAN_POINT ( 'NONE',  ( -0.1277063293868262450, -0.03177083333333316495, -7.819757375721717972E-18 ) ) ;
#1038 = AXIS2_PLACEMENT_3D ( 'NONE', #1996, #57, #2425 ) ;
#1039 = AXIS2_PLACEMENT_3D ( 'NONE', #775, #973, #1852 ) ;
#1040 = VERTEX_POINT ( 'NONE', #594 ) ;
#1041 = CARTESIAN_POINT ( 'NONE',  ( -1.597094451354495063E-17, 0.1322916666666669461, 0.1304126587736524900 ) ) ;
#1042 = CARTESIAN_POINT ( 'NONE',  ( 0.03832471526136869977, 0.1322916666666668351, -0.09252404735808328340 ) ) ;
#1043 = CARTESIAN_POINT ( 'NONE',  ( -0.05177669529663695563, 0.07604166666666696550, 0.1250000000000001110 ) ) ;
#1044 = ADVANCED_FACE ( 'NONE', ( #1923 ), #1572, .T. ) ;
#1045 = CARTESIAN_POINT ( 'NONE',  ( 0.06542438130972595689, 0.1604166666666668462, 0.06542438130972597077 ) ) ;
#1046 = ORIENTED_EDGE ( 'NONE', *, *, #240, .T. ) ;
#1047 = CARTESIAN_POINT ( 'NONE',  ( 0.03832471526136868589, -0.01770833333333320450, -0.09252404735808325564 ) ) ;
#1048 = CYLINDRICAL_SURFACE ( 'NONE', #1896, 0.1250000000000001110 ) ;
#1049 = CARTESIAN_POINT ( 'NONE',  ( -1.133092784412348150E-17, 0.2541666666666668739, 0.09252404735808328340 ) ) ;
#1050 = CARTESIAN_POINT ( 'NONE',  ( -0.08838834764831816904, 0.2604166666666666852, -0.08838834764831816904 ) ) ;
#1051 = CARTESIAN_POINT ( 'NONE',  ( 0.000000000000000000, 0.2604166666666666852, 0.000000000000000000 ) ) ;
#1052 = CARTESIAN_POINT ( 'NONE',  ( 0.1277063293868262450, -0.009895833333333145521, 0.05289769363290925536 ) ) ;
#1053 = VECTOR ( 'NONE', #1754, 39.37007874015748143 ) ;
#1054 = EDGE_LOOP ( 'NONE', ( #2472, #794, #2655, #2042 ) ) ;
#1055 = CARTESIAN_POINT ( 'NONE',  ( 0.09221567537141700521, 0.2010416666666669516, -0.09221567537141694970 ) ) ;
#1056 = CARTESIAN_POINT ( 'NONE',  ( -0.08838834764831851598, 0.1791666666666667518, 0.08838834764831850210 ) ) ;
#1057 = CARTESIAN_POINT ( 'NONE',  ( -0.06542438130972595689, 0.08541666666666683505, -0.06542438130972595689 ) ) ;
#1058 = ORIENTED_EDGE ( 'NONE', *, *, #2553, .F. ) ;
#1059 = CARTESIAN_POINT ( 'NONE',  ( -0.1250000000000001110, 0.01354166666666695683, -0.05177669529663692094 ) ) ;
#1060 =( CONVERSION_BASED_UNIT ( 'INCH', #1682 ) LENGTH_UNIT ( ) NAMED_UNIT ( #399 ) );
#1061 = CARTESIAN_POINT ( 'NONE',  ( -1.530808498934192742E-17, 0.08541666666666673791, 0.1250000000000001110 ) ) ;
#1062 = CARTESIAN_POINT ( 'NONE',  ( 0.09252404735808328340, 0.2635416666666668406, 0.03832471526136867895 ) ) ;
#1063 = EDGE_CURVE ( 'NONE', #1907, #1377, #748, .T. ) ;
#1064 = DIRECTION ( 'NONE',  ( -0.000000000000000000, -1.000000000000000000, -0.000000000000000000 ) ) ;
#1065 = CARTESIAN_POINT ( 'NONE',  ( -0.2187500000000010270, 0.2446364691551470016, 0.1262953713852300042 ) ) ;
#1066 = CARTESIAN_POINT ( 'NONE',  ( -0.09030201150986773284, -0.03802083333333320520, -0.09030201150986773284 ) ) ;
#1067 = B_SPLINE_CURVE_WITH_KNOTS ( 'NONE', 3,
 ( #534, #1410, #2688, #1378, #329, #2491 ),
 .UNSPECIFIED., .F., .F.,
 ( 4, 2, 4 ),
 ( 0.005575416045412576183, 0.007195659288482571248, 0.008815902531552566312 ),
 .UNSPECIFIED. ) ;
#1068 = ORIENTED_EDGE ( 'NONE', *, *, #1732, .F. ) ;
#1069 = CARTESIAN_POINT ( 'NONE',  ( 0.05401869196918144406, 0.1854166666666669516, 0.1304126587736525178 ) ) ;
#1070 = CARTESIAN_POINT ( 'NONE',  ( 0.07356458370663852830, 0.02197797862361274349, -0.05728417891281338548 ) ) ;
#1071 = CARTESIAN_POINT ( 'NONE',  ( 0.03832471526136869977, 0.1760416666666668462, -0.09252404735808328340 ) ) ;
#1072 = VERTEX_POINT ( 'NONE', #844 ) ;
#1073 = CARTESIAN_POINT ( 'NONE',  ( 0.000000000000000000, -0.1250000000000000278, 0.000000000000000000 ) ) ;
#1074 = PRODUCT_CONTEXT ( 'NONE', #274, 'mechanical' ) ;
#1075 = CARTESIAN_POINT ( 'NONE',  ( 0.1250000000000001110, 0.1979166666666667407, 2.296212748401289266E-17 ) ) ;
#1076 = CARTESIAN_POINT ( 'NONE',  ( -0.03832471526136863732, 0.2322916666666668406, -0.09252404735808329728 ) ) ;
#1077 = CARTESIAN_POINT ( 'NONE',  ( 0.09115684007478164208, -3.026808876280966219E-16, -0.1999613166148102306 ) ) ;
#1078 = CARTESIAN_POINT ( 'NONE',  ( -0.2187499999999994449, 0.2492439148967056373, 0.1055884679112521901 ) ) ;
#1079 = EDGE_CURVE ( 'NONE', #2405, #1796, #469, .T. ) ;
#1080 = CARTESIAN_POINT ( 'NONE',  ( 0.09030201150986771896, -0.01302083333333319687, 0.09030201150986773284 ) ) ;
#1081 = VECTOR ( 'NONE', #711, 39.37007874015748143 ) ;
#1082 = EDGE_LOOP ( 'NONE', ( #1111, #830 ) ) ;
#1083 = CARTESIAN_POINT ( 'NONE',  ( 3.194188902708990127E-17, 0.05729166666666694885, -0.1304126587736524900 ) ) ;
#1084 = CIRCLE ( 'NONE', #2666, 0.1666666666666666297 ) ;
#1085 = CARTESIAN_POINT ( 'NONE',  ( -0.03832471526136865120, 0.1510416666666668795, 0.09252404735808329728 ) ) ;
#1086 = ORIENTED_EDGE ( 'NONE', *, *, #388, .F. ) ;
#1087 = CARTESIAN_POINT ( 'NONE',  ( -0.04779955337763815149, 0.01459190357214783240, 0.09509635834036110624 ) ) ;
#1088 = CARTESIAN_POINT ( 'NONE',  ( -0.06542438130972595689, 0.2354166666666668295, -0.06542438130972595689 ) ) ;
#1089 = CARTESIAN_POINT ( 'NONE',  ( 0.09252404735808328340, 0.1635416666666668351, 0.03832471526136867895 ) ) ;
#1090 = CARTESIAN_POINT ( 'NONE',  ( 0.1250000000000001110, 0.04791666666666672542, 2.296212748401289266E-17 ) ) ;
#1091 = CARTESIAN_POINT ( 'NONE',  ( -0.2187499999999996947, 0.2446364691551470016, -0.1262953713852322801 ) ) ;
#1092 = CARTESIAN_POINT ( 'NONE',  ( -0.05289769363290919291, -0.04114583333333319409, -0.1277063293868262728 ) ) ;
#1093 = ORIENTED_EDGE ( 'NONE', *, *, #1991, .T. ) ;
#1094 = CARTESIAN_POINT ( 'NONE',  ( -0.09221567537141699133, 0.2135416666666669627, -0.09221567537141699133 ) ) ;
#1095 = CARTESIAN_POINT ( 'NONE',  ( -1.843997395723377623E-15, 0.2446364691551470016, 0.2525907427704618402 ) ) ;
#1096 = CARTESIAN_POINT ( 'NONE',  ( 0.03832471526136869977, 0.02604166666666683783, -0.09252404735808328340 ) ) ;
#1097 = EDGE_LOOP ( 'NONE', ( #479, #1877, #2602, #1374 ) ) ;
#1098 = TOROIDAL_SURFACE ( 'NONE', #827, 0.1666666666666664354, 0.04608333333333345522 ) ;
#1099 = DIRECTION ( 'NONE',  ( 0.000000000000000000, 1.000000000000000000, 0.000000000000000000 ) ) ;
#1100 = CARTESIAN_POINT ( 'NONE',  ( 0.000000000000000000, 0.2604166666666666852, -0.2187499999999999167 ) ) ;
#1101 = CARTESIAN_POINT ( 'NONE',  ( -0.06542438130972595689, 0.09791666666666684615, 0.06542438130972595689 ) ) ;
#1102 = CARTESIAN_POINT ( 'NONE',  ( -0.07990854933291231810, 0.2604166666666666297, 0.06805057021067485723 ) ) ;
#1103 = CARTESIAN_POINT ( 'NONE',  ( -0.1093750000000004025, 0.000000000000000000, 0.1894430570778459222 ) ) ;
#1104 = CARTESIAN_POINT ( 'NONE',  ( 0.03832471526136860956, 0.01354166666666680244, 0.09252404735808329728 ) ) ;
#1105 = ORIENTED_EDGE ( 'NONE', *, *, #729, .F. ) ;
#1106 = CARTESIAN_POINT ( 'NONE',  ( 0.2187499999999994171, 0.01578019751151954128, 0.1262953713852327242 ) ) ;
#1107 = FACE_OUTER_BOUND ( 'NONE', #1265, .T. ) ;
#1108 = ADVANCED_FACE ( 'NONE', ( #2322 ), #398, .F. ) ;
#1110 = CARTESIAN_POINT ( 'NONE',  ( -0.09252404735808328340, -0.05833333333333316773, -5.665463922061740748E-18 ) ) ;
#1109 =( BOUNDED_CURVE ( )  B_SPLINE_CURVE ( 2, ( #639, #1882, #1728, #2382, #13, #2567, #2136, #1713, #2780 ),
 .UNSPECIFIED., .F., .F. ) 
 B_SPLINE_CURVE_WITH_KNOTS ( ( 3, 2, 2, 2, 3 ),
 ( 0.4166666666666666297, 0.4305555555555555247, 0.4444444444444444198, 0.4583333333333333148, 0.4722222222222222099 ),
 .UNSPECIFIED. ) 
 CURVE ( )  GEOMETRIC_REPRESENTATION_ITEM ( )  RATIONAL_B_SPLINE_CURVE ( ( 1.000000000000000000, 0.9238795325112868495, 1.000000000000000000, 0.9238795325112868495, 1.000000000000000000, 0.9238795325112868495, 1.000000000000000000, 0.9238795325112868495, 1.000000000000000000 ) ) 
 REPRESENTATION_ITEM ( '' )  );
#1111 = ORIENTED_EDGE ( 'NONE', *, *, #901, .T. ) ;
#1112 = CARTESIAN_POINT ( 'NONE',  ( 0.000000000000000000, 0.3065000000000002722, 0.000000000000000000 ) ) ;
#1113 = CARTESIAN_POINT ( 'NONE',  ( -1.530808498934193050E-17, 0.1791666666666669738, 0.1250000000000001110 ) ) ;
#1114 = CARTESIAN_POINT ( 'NONE',  ( -1.133092784412348150E-17, 0.1041666666666668378, 0.09252404735808328340 ) ) ;
#1115 = CARTESIAN_POINT ( 'NONE',  ( 0.06542438130943935282, 0.2604166666666338226, 0.06542438131001256096 ) ) ;
#1116 = CARTESIAN_POINT ( 'NONE',  ( 3.061616997868386099E-17, 0.2041666666666669683, -0.1250000000000001110 ) ) ;
#1117 = CARTESIAN_POINT ( 'NONE',  ( 0.09252404735808325564, 0.1697916666666668128, 0.03832471526136867201 ) ) ;
#1118 = CARTESIAN_POINT ( 'NONE',  ( 0.05289769363290916515, 0.2338541666666668628, 0.1277063293868263005 ) ) ;
#1119 = CARTESIAN_POINT ( 'NONE',  ( 0.1304126587736524900, -0.005208333333333067632, 2.395641677031742441E-17 ) ) ;
#1120 = CARTESIAN_POINT ( 'NONE',  ( 0.03832471526136860956, -0.04270833333333318160, 0.09252404735808329728 ) ) ;
#1121 = CIRCLE ( 'NONE', #2533, 0.1062500000000002887 ) ;
#1122 = VERTEX_POINT ( 'NONE', #1237 ) ;
#1123 = CARTESIAN_POINT ( 'NONE',  ( -0.1008831561983150327, 0.008663012268091286466, -0.06334730058197023117 ) ) ;
#1124 = ADVANCED_FACE ( 'NONE', ( #1251 ), #1048, .F. ) ;
#1125 = CARTESIAN_POINT ( 'NONE',  ( 0.06542438130972597077, 0.2229166666666668462, -0.06542438130972592913 ) ) ;
#1126 = VERTEX_POINT ( 'NONE', #2160 ) ;
#1127 = CARTESIAN_POINT ( 'NONE',  ( -0.09252404735808329728, 0.08854166666666682395, -0.03832471526136864426 ) ) ;
#1128 = CARTESIAN_POINT ( 'NONE',  ( -1.530808498934192742E-17, 0.03541666666666672125, 0.1250000000000001110 ) ) ;
#1129 = CARTESIAN_POINT ( 'NONE',  ( 0.000000000000000000, 0.2604166666666667962, -2.123351615337922902E-16 ) ) ;
#1130 = B_SPLINE_CURVE_WITH_KNOTS ( 'NONE', 3,
 ( #1626, #1640, #153, #1002 ),
 .UNSPECIFIED., .F., .F.,
 ( 4, 4 ),
 ( 2.339749362610236932E-07, 0.003227520057086200132 ),
 .UNSPECIFIED. ) ;
#1131 = CARTESIAN_POINT ( 'NONE',  ( -0.06542438130972594301, 0.1916666666666668184, -0.06542438130972594301 ) ) ;
#1132 = B_SPLINE_CURVE_WITH_KNOTS ( 'NONE', 3,
 ( #527, #1228, #555, #542, #1006, #2249 ),
 .UNSPECIFIED., .F., .F.,
 ( 4, 2, 4 ),
 ( 0.01373249102449887113, 0.01533888488391412820, 0.01694527874332938527 ),
 .UNSPECIFIED. ) ;
#1133 = CARTESIAN_POINT ( 'NONE',  ( 0.1277063293868262450, 0.3401041666666668184, 0.05289769363290925536 ) ) ;
#1134 = CARTESIAN_POINT ( 'NONE',  ( 0.05401869196918156202, 0.004166666666666952838, -0.1304126587736524345 ) ) ;
#1135 = FACE_OUTER_BOUND ( 'NONE', #1292, .T. ) ;
#1136 = CARTESIAN_POINT ( 'NONE',  ( -0.06542438130972595689, -0.06458333333333320103, -0.06542438130972595689 ) ) ;
#1137 = EDGE_LOOP ( 'NONE', ( #212, #915, #1277, #1597 ) ) ;
#1138 = CARTESIAN_POINT ( 'NONE',  ( 0.09252404735808328340, 0.2260416666666668351, -0.03832471526136865120 ) ) ;
#1139 = AXIS2_PLACEMENT_3D ( 'NONE', #289, #2420, #2005 ) ;
#1140 = EDGE_CURVE ( 'NONE', #516, #1738, #1618, .T. ) ;
#1141 = CARTESIAN_POINT ( 'NONE',  ( 0.000000000000000000, 0.005828845726937577007, -0.1250000000000001110 ) ) ;
#1142 = DIRECTION ( 'NONE',  ( 0.000000000000000000, -1.000000000000000000, 1.036218204493341887E-15 ) ) ;
#1143 = EDGE_CURVE ( 'NONE', #2515, #64, #928, .T. ) ;
#1144 = CARTESIAN_POINT ( 'NONE',  ( 0.09252404735808325564, 0.1729166666666668017, 1.699639176618521531E-17 ) ) ;
#1145 = CARTESIAN_POINT ( 'NONE',  ( -0.1277063293868262728, 0.2651041666666668628, -0.05289769363290919291 ) ) ;
#1146 = CARTESIAN_POINT ( 'NONE',  ( 0.1304126587736524900, -0.05520833333333304699, 2.395641677031742441E-17 ) ) ;
#1147 = CARTESIAN_POINT ( 'NONE',  ( -0.03832471526136863732, -0.01770833333333317328, -0.09252404735808329728 ) ) ;
#1148 = VERTEX_POINT ( 'NONE', #2217 ) ;
#1149 = CARTESIAN_POINT ( 'NONE',  ( -0.03988671753285175786, 0.006231161883220270176, -0.1183865662783008255 ) ) ;
#1150 = CARTESIAN_POINT ( 'NONE',  ( 2.266185568824696299E-17, 0.07916666666666682950, -0.09252404735808328340 ) ) ;
#1151 = ORIENTED_EDGE ( 'NONE', *, *, #2393, .T. ) ;
#1152 = CARTESIAN_POINT ( 'NONE',  ( 0.000000000000000000, 0.2604166666666666852, 0.000000000000000000 ) ) ;
#1153 = DIRECTION ( 'NONE',  ( -0.000000000000000000, -1.000000000000000000, -0.000000000000000000 ) ) ;
#1154 = CARTESIAN_POINT ( 'NONE',  ( 0.09252404735808325564, 0.1197916666666667823, 0.03832471526136867201 ) ) ;
#1155 = EDGE_CURVE ( 'NONE', #771, #2589, #2398, .T. ) ;
#1156 = CARTESIAN_POINT ( 'NONE',  ( 3.127902950288687189E-17, 0.3557291666666668739, -0.1277063293868262450 ) ) ;
#1157 = CARTESIAN_POINT ( 'NONE',  ( -0.03832471526136863732, -0.06770833333333318993, -0.09252404735808329728 ) ) ;
#1158 = VERTEX_POINT ( 'NONE', #22 ) ;
#1159 = CARTESIAN_POINT ( 'NONE',  ( -0.03832471526136863038, 0.1822916666666668795, -0.09252404735808331115 ) ) ;
#1160 = VECTOR ( 'NONE', #165, 39.37007874015748143 ) ;
#1161 = EDGE_LOOP ( 'NONE', ( #28, #1419, #16, #2097 ) ) ;
#1162 = FACE_OUTER_BOUND ( 'NONE', #1749, .T. ) ;
#1163 = CIRCLE ( 'NONE', #2622, 0.1666666666666666297 ) ;
#1164 = CARTESIAN_POINT ( 'NONE',  ( 0.05177669529663690706, 0.08229166666666697105, 0.1250000000000001388 ) ) ;
#1165 = CARTESIAN_POINT ( 'NONE',  ( -0.06542438130972594301, -0.04583333333333323295, 0.06542438130972592913 ) ) ;
#1166 = CARTESIAN_POINT ( 'NONE',  ( -0.1250000000000001110, 0.1197916666666667268, -0.05177669529663693482 ) ) ;
#1167 = ADVANCED_FACE ( 'NONE', ( #1537 ), #1940, .T. ) ;
#1168 = CARTESIAN_POINT ( 'NONE',  ( -0.1277063293868262728, 0.06510416666666683783, -0.05289769363290919291 ) ) ;
#1169 = CARTESIAN_POINT ( 'NONE',  ( 0.1250000000000000555, 0.2447916666666667684, 0.05177669529663699727 ) ) ;
#1170 = CARTESIAN_POINT ( 'NONE',  ( -0.06542438130972594301, 0.05416666666666679342, 0.06542438130972592913 ) ) ;
#1171 = ORIENTED_EDGE ( 'NONE', *, *, #1351, .F. ) ;
#1172 = CARTESIAN_POINT ( 'NONE',  ( 0.09252404735808328340, -0.08333333333333317605, 1.699639176618522147E-17 ) ) ;
#1173 = CARTESIAN_POINT ( 'NONE',  ( -1.133092784412348150E-17, 0.2604166666666667962, 0.09252404735808328340 ) ) ;
#1174 = CARTESIAN_POINT ( 'NONE',  ( -0.06542438130972595689, 0.08541666666666683505, -0.06542438130972595689 ) ) ;
#1175 = VERTEX_POINT ( 'NONE', #1349 ) ;
#1176 = FACE_OUTER_BOUND ( 'NONE', #2327, .T. ) ;
#1177 = DIRECTION ( 'NONE',  ( -0.000000000000000000, -1.000000000000000000, -0.000000000000000000 ) ) ;
#1178 = LINE ( 'NONE', #2690, #2308 ) ;
#1179 = DIRECTION ( 'NONE',  ( 0.000000000000000000, 0.000000000000000000, 1.000000000000000000 ) ) ;
#1180 = CARTESIAN_POINT ( 'NONE',  ( 0.05289769363290916515, 0.1838541666666668184, 0.1277063293868263005 ) ) ;
#1181 = CARTESIAN_POINT ( 'NONE',  ( -8.751672478465637359E-16, 0.3125000000000000000, -0.2525907427704615626 ) ) ;
#1182 = LINE ( 'NONE', #2049, #494 ) ;
#1183 = EDGE_LOOP ( 'NONE', ( #2769, #1612, #177, #726, #2683, #2026 ) ) ;
#1184 = CARTESIAN_POINT ( 'NONE',  ( 0.09252404735808328340, 0.01979166666666683574, -0.03832471526136865120 ) ) ;
#1185 = CARTESIAN_POINT ( 'NONE',  ( -0.09252404735808329728, 0.2947916666666667851, -0.03832471526136864426 ) ) ;
#1186 = CARTESIAN_POINT ( 'NONE',  ( 0.09252404735808328340, 0.2197916666666668573, -0.03832471526136865120 ) ) ;
#1187 = ADVANCED_FACE ( 'NONE', ( #662 ), #259, .F. ) ;
#1188 = CARTESIAN_POINT ( 'NONE',  ( 0.06542438130972595689, 0.2604166666666668517, 0.06542438130972597077 ) ) ;
#1189 = ORIENTED_EDGE ( 'NONE', *, *, #132, .T. ) ;
#1190 = B_SPLINE_CURVE_WITH_KNOTS ( 'NONE', 3,
 ( #387, #1238, #1712, #221, #638, #1911, #431, #1684 ),
 .UNSPECIFIED., .F., .F.,
 ( 4, 2, 2, 4 ),
 ( 0.008815902531552566312, 0.01043527999094477285, 0.01124496872064087612, 0.01205465745033697939 ),
 .UNSPECIFIED. ) ;
#1191 = CARTESIAN_POINT ( 'NONE',  ( -0.05177669529663694176, 0.03229166666666673929, 0.1250000000000001110 ) ) ;
#1192 =( BOUNDED_CURVE ( )  B_SPLINE_CURVE ( 2, ( #828, #1905, #411, #2772, #1677, #1275, #188, #2548, #1693 ),
 .UNSPECIFIED., .F., .F. ) 
 B_SPLINE_CURVE_WITH_KNOTS ( ( 3, 2, 2, 2, 3 ),
 ( 0.3333333333333333148, 0.3472222222222222099, 0.3611111111111111049, 0.3750000000000000000, 0.3888888888888888951 ),
 .UNSPECIFIED. ) 
 CURVE ( )  GEOMETRIC_REPRESENTATION_ITEM ( )  RATIONAL_B_SPLINE_CURVE ( ( 1.000000000000000000, 0.9238795325112867385, 1.000000000000000000, 0.9238795325112867385, 1.000000000000000000, 0.9238795325112867385, 1.000000000000000000, 0.9238795325112867385, 1.000000000000000000 ) ) 
 REPRESENTATION_ITEM ( '' )  );
#1193 = CARTESIAN_POINT ( 'NONE',  ( -0.05177669529663692094, 0.1135416666666667213, -0.1250000000000001110 ) ) ;
#1194 = CARTESIAN_POINT ( 'NONE',  ( -0.05289769363290919291, 0.05885416666666683921, -0.1277063293868262728 ) ) ;
#1195 = LINE ( 'NONE', #1609, #586 ) ;
#1196 = CARTESIAN_POINT ( 'NONE',  ( -0.09252404735808328340, 0.1010416666666667934, 0.03832471526136861650 ) ) ;
#1197 = ORIENTED_EDGE ( 'NONE', *, *, #2445, .T. ) ;
#1198 = CARTESIAN_POINT ( 'NONE',  ( 0.03832471526136869977, -0.07395833333333316773, -0.09252404735808328340 ) ) ;
#1199 = CARTESIAN_POINT ( 'NONE',  ( -1.133092784412348150E-17, 0.1104166666666668156, 0.09252404735808328340 ) ) ;
#1200 = CARTESIAN_POINT ( 'NONE',  ( -0.09252404735808328340, 0.1416666666666668295, -5.665463922061740748E-18 ) ) ;
#1201 = CARTESIAN_POINT ( 'NONE',  ( -0.06542438130972595689, 0.2479166666666668406, 0.06542438130972595689 ) ) ;
#1202 = ORIENTED_EDGE ( 'NONE', *, *, #336, .F. ) ;
#1203 = ADVANCED_FACE ( 'NONE', ( #1549 ), #496, .T. ) ;
#1204 = CARTESIAN_POINT ( 'NONE',  ( -0.1250000000000001110, 0.02291666666666671709, -7.654042494670963708E-18 ) ) ;
#1205 = CARTESIAN_POINT ( 'NONE',  ( 0.000000000000000000, 0.3125000000000000000, 0.000000000000000000 ) ) ;
#1206 = AXIS2_PLACEMENT_3D ( 'NONE', #624, #1514, #822 ) ;
#1207 = AXIS2_PLACEMENT_3D ( 'NONE', #744, #1221, #2261 ) ;
#1208 = DIRECTION ( 'NONE',  ( -0.000000000000000000, -1.000000000000000000, 3.544911822905277504E-16 ) ) ;
#1209 = AXIS2_PLACEMENT_3D ( 'NONE', #804, #2749, #2091 ) ;
#1210 =( BOUNDED_CURVE ( )  B_SPLINE_CURVE ( 2, ( #1820, #1398, #2133, #1059, #2305, #1921, #1606, #593, #801 ),
 .UNSPECIFIED., .F., .F. ) 
 B_SPLINE_CURVE_WITH_KNOTS ( ( 3, 2, 2, 2, 3 ),
 ( 0.1426808464734942439, 0.1527777777777777901, 0.1666666666666666297, 0.1805555555555554692, 0.1944444444444444198 ),
 .UNSPECIFIED. ) 
 CURVE ( )  GEOMETRIC_REPRESENTATION_ITEM ( )  RATIONAL_B_SPLINE_CURVE ( ( 0.9697831417218236716, 0.9446620145619892828, 1.000000000000000000, 0.9238795325112868495, 1.000000000000000000, 0.9238795325112868495, 1.000000000000000000, 0.9238795325112868495, 1.000000000000000000 ) ) 
 REPRESENTATION_ITEM ( '' )  );
#1211 = CARTESIAN_POINT ( 'NONE',  ( 0.05289769363290916515, 0.03385416666666683783, 0.1277063293868263005 ) ) ;
#1212 = CARTESIAN_POINT ( 'NONE',  ( -1.530808498934193050E-17, 0.02916666666666695162, 0.1250000000000001110 ) ) ;
#1213 = CARTESIAN_POINT ( 'NONE',  ( -0.09252404735808325564, 0.1479166666666668073, -5.665463922061739207E-18 ) ) ;
#1214 = VERTEX_POINT ( 'NONE', #1100 ) ;
#1215 = CARTESIAN_POINT ( 'NONE',  ( 0.09221567537141700521, 0.2510416666666669405, -0.09221567537141694970 ) ) ;
#1216 = CARTESIAN_POINT ( 'NONE',  ( -1.133092784412348150E-17, 0.2104166666666668073, 0.09252404735808328340 ) ) ;
#1217 = CARTESIAN_POINT ( 'NONE',  ( 0.1825471026613474934, 0.006033550240756927786, -0.1471971239091458272 ) ) ;
#1218 = CARTESIAN_POINT ( 'NONE',  ( -1.133092784412348150E-17, 0.3041666666666668628, 0.09252404735808328340 ) ) ;
#1219 = ORIENTED_EDGE ( 'NONE', *, *, #1507, .F. ) ;
#1220 = CARTESIAN_POINT ( 'NONE',  ( 3.061616997868389181E-17, 0.2604166666666666297, -0.1250000000000002498 ) ) ;
#1221 = DIRECTION ( 'NONE',  ( -0.000000000000000000, -1.000000000000000000, 3.544911822905277504E-16 ) ) ;
#1222 = EDGE_CURVE ( 'NONE', #1352, #172, #1019, .T. ) ;
#1223 = CARTESIAN_POINT ( 'NONE',  ( 0.2187499999999994171, 0.2604166666666666852, 0.000000000000000000 ) ) ;
#1224 = DIRECTION ( 'NONE',  ( 0.000000000000000000, 1.036218204493341887E-15, 1.000000000000000000 ) ) ;
#1225 = EDGE_CURVE ( 'NONE', #2506, #868, #2267, .T. ) ;
#1226 = CIRCLE ( 'NONE', #1321, 0.2187499999999999445 ) ;
#1227 = CARTESIAN_POINT ( 'NONE',  ( -0.1277063293868262450, 0.1682291666666668184, -7.819757375721717972E-18 ) ) ;
#1228 = CARTESIAN_POINT ( 'NONE',  ( 0.2187499999999994449, -4.916125869457831507E-16, -0.02113412695993265381 ) ) ;
#1229 = CARTESIAN_POINT ( 'NONE',  ( 0.09252404735808328340, 0.02197797862361317717, 0.01151198463017001627 ) ) ;
#1230 = VERTEX_POINT ( 'NONE', #1246 ) ;
#1231 = CARTESIAN_POINT ( 'NONE',  ( 0.1304126587736524623, 0.2479166666666670349, -0.05401869196918149957 ) ) ;
#1232 = CARTESIAN_POINT ( 'NONE',  ( -0.03832471526136865120, 0.05729166666666681701, 0.09252404735808329728 ) ) ;
#1233 = CARTESIAN_POINT ( 'NONE',  ( 0.1250000000000000833, 0.2447916666666669627, -0.05177669529663695563 ) ) ;
#1234 = CARTESIAN_POINT ( 'NONE',  ( 0.09252404735808328340, -0.02708333333333319201, 1.699639176618522147E-17 ) ) ;
#1235 = ORIENTED_EDGE ( 'NONE', *, *, #778, .F. ) ;
#1236 = FACE_OUTER_BOUND ( 'NONE', #851, .T. ) ;
#1237 = CARTESIAN_POINT ( 'NONE',  ( -0.1093750000000004718, 0.2604166666666666852, -0.1894430570778463385 ) ) ;
#1238 = CARTESIAN_POINT ( 'NONE',  ( -0.2187499999999995837, -4.350325646160670402E-16, 0.02112283389519479387 ) ) ;
#1239 = LINE ( 'NONE', #623, #733 ) ;
#1240 = FACE_BOUND ( 'NONE', #384, .T. ) ;
#1241 = CARTESIAN_POINT ( 'NONE',  ( 0.06542438130972592913, 0.3166666666666668184, 0.06542438130972595689 ) ) ;
#1242 = EDGE_CURVE ( 'NONE', #203, #6, #2177, .T. ) ;
#1243 = VERTEX_POINT ( 'NONE', #1875 ) ;
#1244 = CARTESIAN_POINT ( 'NONE',  ( 0.05401869196918144406, 0.1354166666666669350, 0.1304126587736525178 ) ) ;
#1245 = CARTESIAN_POINT ( 'NONE',  ( 0.09252404735808328340, 0.1260416666666668017, -0.03832471526136865120 ) ) ;
#1246 = CARTESIAN_POINT ( 'NONE',  ( -1.530808498934192742E-17, 0.2354166666666667462, 0.1250000000000001110 ) ) ;
#1247 = CARTESIAN_POINT ( 'NONE',  ( 0.06542438130972597077, 0.2729166666666668628, -0.06542438130972592913 ) ) ;
#1248 = VERTEX_POINT ( 'NONE', #2744 ) ;
#1249 = DIRECTION ( 'NONE',  ( 0.000000000000000000, 0.000000000000000000, 1.000000000000000000 ) ) ;
#1250 = LENGTH_MEASURE_WITH_UNIT ( LENGTH_MEASURE( 0.02539999999999999897 ), #843 );
#1251 = FACE_OUTER_BOUND ( 'NONE', #1893, .T. ) ;
#1252 = DIRECTION ( 'NONE',  ( 0.000000000000000000, -0.4226182617406974984, -0.9063077870366508249 ) ) ;
#1253 = CARTESIAN_POINT ( 'NONE',  ( 0.000000000000000000, 0.3035000000000002141, -0.1062500000000001360 ) ) ;
#1254 = VECTOR ( 'NONE', #258, 39.37007874015749564 ) ;
#1255 = CARTESIAN_POINT ( 'NONE',  ( 0.2187499999999994171, 0.01578019751151954128, 0.1262953713852327242 ) ) ;
#1256 =( GEOMETRIC_REPRESENTATION_CONTEXT ( 3 ) GLOBAL_UNCERTAINTY_ASSIGNED_CONTEXT ( ( #2056 ) ) GLOBAL_UNIT_ASSIGNED_CONTEXT ( ( #1833, #1411, #758 ) ) REPRESENTATION_CONTEXT ( 'NONE', 'WORKASPACE' ) );
#1257 = CARTESIAN_POINT ( 'NONE',  ( -0.03832471526136864426, 0.3072916666666667962, 0.09252404735808328340 ) ) ;
#1258 = CIRCLE ( 'NONE', #1622, 0.1375000000000005107 ) ;
#1259 = EDGE_CURVE ( 'NONE', #2545, #2785, #618, .T. ) ;
#1260 = CIRCLE ( 'NONE', #2124, 0.1250000000000000555 ) ;
#1261 = ORIENTED_EDGE ( 'NONE', *, *, #444, .F. ) ;
#1262 = CARTESIAN_POINT ( 'NONE',  ( -0.09221567537141699133, 0.1135416666666669433, -0.09221567537141699133 ) ) ;
#1263 = LINE ( 'NONE', #2361, #894 ) ;
#1264 = CARTESIAN_POINT ( 'NONE',  ( 0.06542438130972597077, 0.1729166666666668573, -0.06542438130972592913 ) ) ;
#1265 = EDGE_LOOP ( 'NONE', ( #2110, #1308, #2158 ) ) ;
#1266 = B_SPLINE_CURVE_WITH_KNOTS ( 'NONE', 3,
 ( #1926, #2581, #222, #1700 ),
 .UNSPECIFIED., .F., .F.,
 ( 4, 4 ),
 ( 2.339749362490000075E-07, 0.003227520057086211841 ),
 .UNSPECIFIED. ) ;
#1267 = CARTESIAN_POINT ( 'NONE',  ( -1.530808498934192742E-17, 0.08541666666666673791, 0.1250000000000001110 ) ) ;
#1268 = CARTESIAN_POINT ( 'NONE',  ( 2.041077998578919444E-17, 0.2604166666666666852, -0.1666666666666666297 ) ) ;
#1269 = CARTESIAN_POINT ( 'NONE',  ( 0.000000000000000000, 0.3065000000000003277, -2.151565799147997475E-16 ) ) ;
#1270 = CARTESIAN_POINT ( 'NONE',  ( 0.1093749999999998751, 0.2604166666666666852, -0.1894430570778458667 ) ) ;
#1271 = CARTESIAN_POINT ( 'NONE',  ( 3.127902950288687189E-17, -0.04427083333333316911, -0.1277063293868262450 ) ) ;
#1272 = B_SPLINE_CURVE_WITH_KNOTS ( 'NONE', 3,
 ( #2656, #967, #2272, #1574 ),
 .UNSPECIFIED., .F., .F.,
 ( 4, 4 ),
 ( 2.339749362373773655E-07, 0.003227520057086213142 ),
 .UNSPECIFIED. ) ;
#1273 = ORIENTED_EDGE ( 'NONE', *, *, #1795, .F. ) ;
#1274 = CARTESIAN_POINT ( 'NONE',  ( -0.1304126587736524900, 0.1729166666666669405, 0.05401869196918145793 ) ) ;
#1275 = CARTESIAN_POINT ( 'NONE',  ( 0.1250000000000000555, 0.1447916666666667351, 0.05177669529663699727 ) ) ;
#1276 = CARTESIAN_POINT ( 'NONE',  ( 0.03832471526136869977, 0.07604166666666685448, -0.09252404735808328340 ) ) ;
#1277 = ORIENTED_EDGE ( 'NONE', *, *, #2378, .T. ) ;
#1278 = DIRECTION ( 'NONE',  ( 0.000000000000000000, 1.000000000000000000, 0.000000000000000000 ) ) ;
#1279 = DIRECTION ( 'NONE',  ( 0.000000000000000000, 0.000000000000000000, 1.000000000000000000 ) ) ;
#1280 = EDGE_CURVE ( 'NONE', #64, #2225, #2381, .T. ) ;
#1281 = CARTESIAN_POINT ( 'NONE',  ( -0.08838834764831851598, 0.2166666666666667296, -0.08838834764831851598 ) ) ;
#1282 = CARTESIAN_POINT ( 'NONE',  ( 2.266185568824696299E-17, 0.2791666666666668406, -0.09252404735808328340 ) ) ;
#1283 = CARTESIAN_POINT ( 'NONE',  ( 0.1093749999999998890, -2.420590938939690364E-16, -0.1894430570778458667 ) ) ;
#1284 = CARTESIAN_POINT ( 'NONE',  ( -0.2187499999999994171, 0.2470421354682149073, 0.1159774352716112372 ) ) ;
#1285 = CARTESIAN_POINT ( 'NONE',  ( -0.05289769363290920678, -0.02239583333333315315, 0.1277063293868262728 ) ) ;
#1286 = PRODUCT_DEFINITION ( 'General', '', #161, #2116 ) ;
#1287 = ORIENTED_EDGE ( 'NONE', *, *, #1525, .F. ) ;
#1288 = CARTESIAN_POINT ( 'NONE',  ( 0.1304126587736524900, 0.1947916666666669461, 2.395641677031742441E-17 ) ) ;
#1289 = CARTESIAN_POINT ( 'NONE',  ( 0.03832471526136860956, 0.01354166666666680244, 0.09252404735808329728 ) ) ;
#1290 = DIRECTION ( 'NONE',  ( 0.000000000000000000, 0.000000000000000000, -1.000000000000000000 ) ) ;
#1291 = CARTESIAN_POINT ( 'NONE',  ( 0.09252404735808328340, 0.1135416666666668184, 0.03832471526136867895 ) ) ;
#1292 = EDGE_LOOP ( 'NONE', ( #216, #2789, #1733, #800 ) ) ;
#1293 = CARTESIAN_POINT ( 'NONE',  ( 2.304246988656530826E-17, 0.3035000000000003806, 0.1666666666666666297 ) ) ;
#1294 = DIRECTION ( 'NONE',  ( 0.000000000000000000, 0.000000000000000000, -1.000000000000000000 ) ) ;
#1295 = EDGE_CURVE ( 'NONE', #1481, #2401, #1263, .T. ) ;
#1296 = CARTESIAN_POINT ( 'NONE',  ( -0.03832471526136865120, 0.1010416666666668212, 0.09252404735808329728 ) ) ;
#1297 = CARTESIAN_POINT ( 'NONE',  ( -0.01076509973229197378, 0.2604166666666669072, 0.09404441903254606716 ) ) ;
#1298 = LINE ( 'NONE', #612, #985 ) ;
#1299 = PRODUCT_DEFINITION_SHAPE ( 'NONE', 'NONE',  #1286 ) ;
#1300 = CARTESIAN_POINT ( 'NONE',  ( -0.09252404735808328340, 0.2447916666666668239, -0.03832471526136863732 ) ) ;
#1301 = DIRECTION ( 'NONE',  ( 0.000000000000000000, -1.036218204493341887E-15, -1.000000000000000000 ) ) ;
#1302 = CONICAL_SURFACE ( 'NONE', #2247, 0.2525907427704618402, 1.134464013796314008 ) ;
#1303 = ORIENTED_EDGE ( 'NONE', *, *, #2341, .F. ) ;
#1304 = CARTESIAN_POINT ( 'NONE',  ( -0.1304126587736524900, 0.01979166666666693983, -7.985472256772475317E-18 ) ) ;
#1305 = DIRECTION ( 'NONE',  ( 0.000000000000000000, 0.000000000000000000, 1.000000000000000000 ) ) ;
#1306 = VECTOR ( 'NONE', #1401, 39.37007874015748143 ) ;
#1307 = CARTESIAN_POINT ( 'NONE',  ( 2.266185568824696299E-17, 0.02916666666666682325, -0.09252404735808328340 ) ) ;
#1308 = ORIENTED_EDGE ( 'NONE', *, *, #1627, .F. ) ;
#1309 = CARTESIAN_POINT ( 'NONE',  ( 0.000000000000000000, 0.2604166666666666852, 0.000000000000000000 ) ) ;
#1310 = CARTESIAN_POINT ( 'NONE',  ( 0.000000000000000000, -0.1250000000000000278, 0.000000000000000000 ) ) ;
#1311 = CARTESIAN_POINT ( 'NONE',  ( 0.09252404735808328340, 0.1135416666666668184, 0.03832471526136867895 ) ) ;
#1312 = CARTESIAN_POINT ( 'NONE',  ( -0.1275931599252186077, 0.2604166666666665186, 0.1789247975408814473 ) ) ;
#1313 = FACE_OUTER_BOUND ( 'NONE', #2629, .T. ) ;
#1314 = CARTESIAN_POINT ( 'NONE',  ( -0.09252404735808328340, 0.1010416666666667795, 0.03832471526136861650 ) ) ;
#1315 = EDGE_CURVE ( 'NONE', #2506, #970, #604, .T. ) ;
#1316 = ORIENTED_EDGE ( 'NONE', *, *, #2053, .T. ) ;
#1317 = DIRECTION ( 'NONE',  ( -0.000000000000000000, -1.000000000000000000, -0.000000000000000000 ) ) ;
#1318 = CARTESIAN_POINT ( 'NONE',  ( 0.2187499999999993616, 0.2470421354793133906, 0.1159774352240095369 ) ) ;
#1319 = CARTESIAN_POINT ( 'NONE',  ( 0.09252404735808328340, 0.06979166666666684893, -0.03832471526136865120 ) ) ;
#1320 = VERTEX_POINT ( 'NONE', #2757 ) ;
#1321 = AXIS2_PLACEMENT_3D ( 'NONE', #715, #930, #873 ) ;
#1322 = DIRECTION ( 'NONE',  ( 0.000000000000000000, 0.000000000000000000, -1.000000000000000000 ) ) ;
#1323 = CARTESIAN_POINT ( 'NONE',  ( -0.05177669529663695563, 0.1760416666666669294, 0.1250000000000001110 ) ) ;
#1324 = CARTESIAN_POINT ( 'NONE',  ( -0.06542438130972595689, 0.04791666666666682950, 0.06542438130972595689 ) ) ;
#1325 = CARTESIAN_POINT ( 'NONE',  ( -0.02147907649313989323, 0.2604166666666666852, 0.09376322667107094000 ) ) ;
#1326 = PLANE ( 'NONE',  #1716 ) ;
#1327 = CARTESIAN_POINT ( 'NONE',  ( -0.06542438130972594301, 0.09166666666666679897, -0.06542438130972594301 ) ) ;
#1328 =( BOUNDED_SURFACE ( )  B_SPLINE_SURFACE ( 1, 2, ( 
 ( #2540, #2579, #2148, #2323, #1499, #1669, #2554, #1032, #2336, #788, #1654, #579, #2368, #179, #622, #1484, #1282, #1897, #400, #2121, #208, #1062, #195, #2566, #1049, #1925, #2779, #1699, #2352, #417, #2135, #1076, #2793, #1442, #2310, #859, #1951, #679, #1338, #325, #1550, #1538, #1935, #885, #12, #1741, #23, #1753, #1388, #1513, #49, #1767, #1990, #1089, #690, #2632, #2419, #2255, #739, #2592, #1727, #530, #2203, #651, #1963, #2645, #2380, #2190, #443, #1311, #482, #663, #1114, #1296, #1101, #275, #2408, #1127, #470, #872, #1975, #2161, #37, #65, #916, #1779, #1598, #235, #2469, #2605, #1324, #1524, #2394, #457, #260, #2617, #2176, #248, #900, #1184, #795, #1433, #2516, #1009, #572, #1632, #1025, #1859, #339, #2727, #144, #2039, #2051, #1660, #588, #2742, #2714, #2529, #1873, #1841, #2485, #351, #1613, #978, #2098, #601, #767, #2755, #127, #1198, #2285, #2066, #1172 ),
 ( #995, #1450, #2299, #2317, #2501, #559, #546, #2697, #2328, #1888, #781, #1405, #379, #1826, #1675, #115, #812, #366, #1215, #1231, #1647, #2082, #173, #2546, #1463, #1420, #159, #966, #753, #2271, #1094, #1957, #1505, #1917, #1055, #391, #1288, #2786, #408, #1069, #2373, #1691, #852, #1274, #186, #2559, #1930, #838, #1705, #2170, #668, #29, #436, #877, #2140, #1244, #1041, #2610, #2, #2111, #865, #1517, #1262, #213, #1721, #1493, #1734, #616, #2598, #2155, #656, #1477, #1903, #2586, #1531, #1746, #2770, #2359, #226, #645, #1083, #825, #2343, #1945, #2127, #449, #200, #2571, #629, #422, #17, #2387, #1304, #242, #514, #684, #281, #1134, #2414, #476, #1119, #42, #1372, #2452, #1583, #1969, #72, #1544, #890, #908, #1812, #2680, #1772, #736, #2402, #99, #1146, #2184, #254, #1357, #2665, #2638, #1332, #922, #1785, #2010, #294, #2195, #84, #1759, #2223, #1555, #935 ) ),
 .UNSPECIFIED., .F., .F., .F. ) 
 B_SPLINE_SURFACE_WITH_KNOTS ( ( 2, 2 ),
 ( 3, 2, 2, 2, 2, 2, 2, 2, 2, 2, 2, 2, 2, 2, 2, 2, 2, 2, 2, 2, 2, 2, 2, 2, 2, 2, 2, 2, 2, 2, 2, 2, 2, 2, 2, 2, 2, 2, 2, 2, 2, 2, 2, 2, 2, 2, 2, 2, 2, 2, 2, 2, 2, 2, 2, 2, 2, 2, 2, 2, 2, 2, 2, 2, 2, 2, 3 ),
 ( 0.000000000000000000, 1.000000000000000000 ),
 ( 0.000000000000000000, 0.01388888888888888812, 0.02777777777777777624, 0.04166666666666666435, 0.05555555555555555247, 0.06944444444444444753, 0.08333333333333332871, 0.09722222222222222376, 0.1111111111111111049, 0.1250000000000000000, 0.1388888888888888951, 0.1527777777777777901, 0.1666666666666666574, 0.1805555555555555525, 0.1944444444444444475, 0.2083333333333333426, 0.2222222222222222099, 0.2361111111111111049, 0.2500000000000000000, 0.2638888888888888951, 0.2777777777777777901, 0.2916666666666666852, 0.3055555555555555802, 0.3194444444444444198, 0.3333333333333333148, 0.3472222222222222099, 0.3611111111111111049, 0.3750000000000000000, 0.3888888888888888951, 0.4027777777777777901, 0.4166666666666666852, 0.4305555555555555802, 0.4444444444444444198, 0.4583333333333333148, 0.4722222222222222099, 0.4861111111111111049, 0.5000000000000000000, 0.5138888888888888395, 0.5277777777777777901, 0.5416666666666666297, 0.5555555555555555802, 0.5694444444444444198, 0.5833333333333333703, 0.5972222222222222099, 0.6111111111111111605, 0.6250000000000000000, 0.6388888888888888395, 0.6527777777777777901, 0.6666666666666666297, 0.6805555555555555802, 0.6944444444444444198, 0.7083333333333333703, 0.7222222222222222099, 0.7361111111111111605, 0.7500000000000000000, 0.7638888888888888395, 0.7777777777777777901, 0.7916666666666666297, 0.8055555555555555802, 0.8194444444444444198, 0.8333333333333333703, 0.8472222222222222099, 0.8611111111111111605, 0.8750000000000000000, 0.8888888888888888395, 0.9027777777777777901, 0.9166666666666666297 ),
 .UNSPECIFIED. ) 
 GEOMETRIC_REPRESENTATION_ITEM ( )  RATIONAL_B_SPLINE_SURFACE ( (
 ( 1.000000000000000000, 0.9238795325112867385, 1.000000000000000000, 0.9238795325112867385, 1.000000000000000000, 0.9238795325112867385, 1.000000000000000000, 0.9238795325112867385, 1.000000000000000000, 0.9238795325112867385, 1.000000000000000000, 0.9238795325112867385, 1.000000000000000000, 0.9238795325112867385, 1.000000000000000000, 0.9238795325112867385, 1.000000000000000000, 0.9238795325112867385, 1.000000000000000000, 0.9238795325112867385, 1.000000000000000000, 0.9238795325112867385, 1.000000000000000000, 0.9238795325112867385, 1.000000000000000000, 0.9238795325112867385, 1.000000000000000000, 0.9238795325112867385, 1.000000000000000000, 0.9238795325112867385, 1.000000000000000000, 0.9238795325112867385, 1.000000000000000000, 0.9238795325112867385, 1.000000000000000000, 0.9238795325112867385, 1.000000000000000000, 0.9238795325112867385, 1.000000000000000000, 0.9238795325112867385, 1.000000000000000000, 0.9238795325112867385, 1.000000000000000000, 0.9238795325112867385, 1.000000000000000000, 0.9238795325112867385, 1.000000000000000000, 0.9238795325112867385, 1.000000000000000000, 0.9238795325112867385, 1.000000000000000000, 0.9238795325112867385, 1.000000000000000000, 0.9238795325112867385, 1.000000000000000000, 0.9238795325112867385, 1.000000000000000000, 0.9238795325112867385, 1.000000000000000000, 0.9238795325112867385, 1.000000000000000000, 0.9238795325112867385, 1.000000000000000000, 0.9238795325112867385, 1.000000000000000000, 0.9238795325112867385, 1.000000000000000000, 0.9238795325112867385, 1.000000000000000000, 0.9238795325112867385, 1.000000000000000000, 0.9238795325112867385, 1.000000000000000000, 0.9238795325112867385, 1.000000000000000000, 0.9238795325112867385, 1.000000000000000000, 0.9238795325112867385, 1.000000000000000000, 0.9238795325112867385, 1.000000000000000000, 0.9238795325112867385, 1.000000000000000000, 0.9238795325112867385, 1.000000000000000000, 0.9238795325112867385, 1.000000000000000000, 0.9238795325112867385, 1.000000000000000000, 0.9238795325112867385, 1.000000000000000000, 0.9238795325112867385, 1.000000000000000000, 0.9238795325112867385, 1.000000000000000000, 0.9238795325112867385, 1.000000000000000000, 0.9238795325112867385, 1.000000000000000000, 0.9238795325112867385, 1.000000000000000000, 0.9238795325112867385, 1.000000000000000000, 0.9238795325112867385, 1.000000000000000000, 0.9238795325112867385, 1.000000000000000000, 0.9238795325112867385, 1.000000000000000000, 0.9238795325112867385, 1.000000000000000000, 0.9238795325112867385, 1.000000000000000000, 0.9238795325112867385, 1.000000000000000000, 0.9238795325112867385, 1.000000000000000000, 0.9238795325112867385, 1.000000000000000000, 0.9238795325112867385, 1.000000000000000000, 0.9238795325112867385, 1.000000000000000000, 0.9238795325112867385, 1.000000000000000000, 0.9238795325112867385, 1.000000000000000000, 0.9238795325112867385, 1.000000000000000000, 0.9238795325112867385, 1.000000000000000000, 0.9238795325112867385, 1.000000000000000000),
 ( 1.000000000000000000, 0.9238795325112867385, 1.000000000000000000, 0.9238795325112867385, 1.000000000000000000, 0.9238795325112867385, 1.000000000000000000, 0.9238795325112867385, 1.000000000000000000, 0.9238795325112867385, 1.000000000000000000, 0.9238795325112867385, 1.000000000000000000, 0.9238795325112867385, 1.000000000000000000, 0.9238795325112867385, 1.000000000000000000, 0.9238795325112867385, 1.000000000000000000, 0.9238795325112867385, 1.000000000000000000, 0.9238795325112867385, 1.000000000000000000, 0.9238795325112867385, 1.000000000000000000, 0.9238795325112867385, 1.000000000000000000, 0.9238795325112867385, 1.000000000000000000, 0.9238795325112867385, 1.000000000000000000, 0.9238795325112867385, 1.000000000000000000, 0.9238795325112867385, 1.000000000000000000, 0.9238795325112867385, 1.000000000000000000, 0.9238795325112867385, 1.000000000000000000, 0.9238795325112867385, 1.000000000000000000, 0.9238795325112867385, 1.000000000000000000, 0.9238795325112867385, 1.000000000000000000, 0.9238795325112867385, 1.000000000000000000, 0.9238795325112867385, 1.000000000000000000, 0.9238795325112867385, 1.000000000000000000, 0.9238795325112867385, 1.000000000000000000, 0.9238795325112867385, 1.000000000000000000, 0.9238795325112867385, 1.000000000000000000, 0.9238795325112867385, 1.000000000000000000, 0.9238795325112867385, 1.000000000000000000, 0.9238795325112867385, 1.000000000000000000, 0.9238795325112867385, 1.000000000000000000, 0.9238795325112867385, 1.000000000000000000, 0.9238795325112867385, 1.000000000000000000, 0.9238795325112867385, 1.000000000000000000, 0.9238795325112867385, 1.000000000000000000, 0.9238795325112867385, 1.000000000000000000, 0.9238795325112867385, 1.000000000000000000, 0.9238795325112867385, 1.000000000000000000, 0.9238795325112867385, 1.000000000000000000, 0.9238795325112867385, 1.000000000000000000, 0.9238795325112867385, 1.000000000000000000, 0.9238795325112867385, 1.000000000000000000, 0.9238795325112867385, 1.000000000000000000, 0.9238795325112867385, 1.000000000000000000, 0.9238795325112867385, 1.000000000000000000, 0.9238795325112867385, 1.000000000000000000, 0.9238795325112867385, 1.000000000000000000, 0.9238795325112867385, 1.000000000000000000, 0.9238795325112867385, 1.000000000000000000, 0.9238795325112867385, 1.000000000000000000, 0.9238795325112867385, 1.000000000000000000, 0.9238795325112867385, 1.000000000000000000, 0.9238795325112867385, 1.000000000000000000, 0.9238795325112867385, 1.000000000000000000, 0.9238795325112867385, 1.000000000000000000, 0.9238795325112867385, 1.000000000000000000, 0.9238795325112867385, 1.000000000000000000, 0.9238795325112867385, 1.000000000000000000, 0.9238795325112867385, 1.000000000000000000, 0.9238795325112867385, 1.000000000000000000, 0.9238795325112867385, 1.000000000000000000, 0.9238795325112867385, 1.000000000000000000, 0.9238795325112867385, 1.000000000000000000, 0.9238795325112867385, 1.000000000000000000, 0.9238795325112867385, 1.000000000000000000) ) ) 
 REPRESENTATION_ITEM ( '' )  SURFACE ( )  );
#1329 = B_SPLINE_CURVE_WITH_KNOTS ( 'NONE', 3,
 ( #1563, #1312, #261, #1977, #1539, #1780 ),
 .UNSPECIFIED., .F., .F.,
 ( 4, 2, 4 ),
 ( 0.003227520057086213142, 0.004827050055782550718, 0.006426580054478887860 ),
 .UNSPECIFIED. ) ;
#1330 = EDGE_CURVE ( 'NONE', #2143, #426, #1192, .T. ) ;
#1331 = CARTESIAN_POINT ( 'NONE',  ( 0.1277063293868262450, 0.2401041666666669239, 0.05289769363290925536 ) ) ;
#1332 = CARTESIAN_POINT ( 'NONE',  ( -0.09221567537141699133, -0.07395833333333308446, 0.09221567537141696358 ) ) ;
#1333 = CARTESIAN_POINT ( 'NONE',  ( 0.03614770374332656327, 0.2604166666666667962, -0.1154441868834395896 ) ) ;
#1334 = CARTESIAN_POINT ( 'NONE',  ( 2.266185568824696299E-17, -0.07083333333333316495, -0.09252404735808328340 ) ) ;
#1335 = ORIENTED_EDGE ( 'NONE', *, *, #2538, .T. ) ;
#1336 = CARTESIAN_POINT ( 'NONE',  ( -0.1150249030588479243, 0.01037498474959009515, -0.01000544335694887772 ) ) ;
#1337 = CARTESIAN_POINT ( 'NONE',  ( 2.266185568824696299E-17, 0.2291666666666668517, -0.09252404735808328340 ) ) ;
#1338 = CARTESIAN_POINT ( 'NONE',  ( 0.06542438130972595689, 0.2104166666666668351, 0.06542438130972597077 ) ) ;
#1339 = FACE_OUTER_BOUND ( 'NONE', #2117, .T. ) ;
#1340 = CARTESIAN_POINT ( 'NONE',  ( 0.000000000000000000, 0.3065000000000002722, 0.000000000000000000 ) ) ;
#1341 = CARTESIAN_POINT ( 'NONE',  ( -0.03832471526136861650, 0.1885416666666668295, -0.09252404735808328340 ) ) ;
#1342 = CARTESIAN_POINT ( 'NONE',  ( -0.05289769363290919291, 0.2088541666666668406, -0.1277063293868262728 ) ) ;
#1343 = CARTESIAN_POINT ( 'NONE',  ( 0.2187499999999994171, 0.007276580816426612454, 0.08463376635424270378 ) ) ;
#1344 = CARTESIAN_POINT ( 'NONE',  ( 0.01070932930162078571, 0.2604166666666667962, -0.1238804626314548990 ) ) ;
#1345 = EDGE_CURVE ( 'NONE', #513, #1364, #2153, .T. ) ;
#1346 = AXIS2_PLACEMENT_3D ( 'NONE', #1683, #819, #1880 ) ;
#1347 = ORIENTED_EDGE ( 'NONE', *, *, #2796, .T. ) ;
#1348 = CARTESIAN_POINT ( 'NONE',  ( -0.06542438130972595689, 0.2416666666666668073, -0.06542438130972595689 ) ) ;
#1349 = CARTESIAN_POINT ( 'NONE',  ( -1.530808498934192742E-17, 0.03541666666666672125, 0.1250000000000001110 ) ) ;
#1350 = CONICAL_SURFACE ( 'NONE', #2073, 0.2187499999999999445, 1.134464013796316451 ) ;
#1351 = EDGE_CURVE ( 'NONE', #1796, #2143, #2292, .T. ) ;
#1352 = VERTEX_POINT ( 'NONE', #2639 ) ;
#1353 = CARTESIAN_POINT ( 'NONE',  ( -0.09441250947133160432, 0.2604166666666665741, 0.05193544593515327101 ) ) ;
#1354 = DIRECTION ( 'NONE',  ( -0.000000000000000000, -1.000000000000000000, 3.544911822905277504E-16 ) ) ;
#1355 = CARTESIAN_POINT ( 'NONE',  ( -0.09252404735808325564, -0.002083333333333220114, -5.665463922061739207E-18 ) ) ;
#1356 = CARTESIAN_POINT ( 'NONE',  ( 0.05289769363290916515, 0.3338541666666668961, 0.1277063293868263005 ) ) ;
#1357 = CARTESIAN_POINT ( 'NONE',  ( 0.05401869196918144406, -0.06458333333333306225, 0.1304126587736525178 ) ) ;
#1358 = CARTESIAN_POINT ( 'NONE',  ( 0.05492456326206467121, 0.2604166666666667962, -0.1049407161901807217 ) ) ;
#1359 = CARTESIAN_POINT ( 'NONE',  ( -0.09252404735808325564, 0.1979166666666667962, -5.665463922061739207E-18 ) ) ;
#1360 = VERTEX_POINT ( 'NONE', #2415 ) ;
#1361 = CARTESIAN_POINT ( 'NONE',  ( 2.266185568824696299E-17, 0.3354166666666668073, -0.09252404735808328340 ) ) ;
#1362 = CARTESIAN_POINT ( 'NONE',  ( -1.133092784412348150E-17, 0.2041666666666668295, 0.09252404735808328340 ) ) ;
#1363 = STYLED_ITEM ( 'NONE', ( #802 ), #1707 ) ;
#1364 = VERTEX_POINT ( 'NONE', #2388 ) ;
#1365 = B_SPLINE_CURVE_WITH_KNOTS ( 'NONE', 3,
 ( #1607, #1867, #2478, #538 ),
 .UNSPECIFIED., .F., .F.,
 ( 4, 4 ),
 ( 2.339749362028293533E-07, 0.003227520057086194927 ),
 .UNSPECIFIED. ) ;
#1366 = EDGE_CURVE ( 'NONE', #1738, #1631, #405, .T. ) ;
#1367 = CARTESIAN_POINT ( 'NONE',  ( -0.1250000000000001110, 0.01979166666666673513, -0.05177669529663693482 ) ) ;
#1368 = DIRECTION ( 'NONE',  ( 0.000000000000000000, 0.000000000000000000, 1.000000000000000000 ) ) ;
#1369 = DIRECTION ( 'NONE',  ( -0.000000000000000000, -1.000000000000000000, 3.544911822905277504E-16 ) ) ;
#1370 = CARTESIAN_POINT ( 'NONE',  ( 0.03832471526136868589, 0.08229166666666681840, -0.09252404735808325564 ) ) ;
#1371 = CARTESIAN_POINT ( 'NONE',  ( 0.1277063293868262450, 0.3432291666666668628, 2.345927212716514929E-17 ) ) ;
#1372 = CARTESIAN_POINT ( 'NONE',  ( 0.09221567537141696358, -0.01145833333333306885, 0.09221567537141700521 ) ) ;
#1373 = CARTESIAN_POINT ( 'NONE',  ( -0.03832471526136863732, 0.2072916666666668184, 0.09252404735808328340 ) ) ;
#1374 = ORIENTED_EDGE ( 'NONE', *, *, #1023, .F. ) ;
#1375 = FACE_OUTER_BOUND ( 'NONE', #1161, .T. ) ;
#1376 = CARTESIAN_POINT ( 'NONE',  ( -0.09252404735808328340, 0.1916666666666668184, -5.665463922061740748E-18 ) ) ;
#1377 = VERTEX_POINT ( 'NONE', #697 ) ;
#1378 = CARTESIAN_POINT ( 'NONE',  ( -0.2187499999999995837, 0.001454307964455158267, -0.04224161383114847373 ) ) ;
#1379 = FACE_OUTER_BOUND ( 'NONE', #815, .T. ) ;
#1380 = ADVANCED_FACE ( 'NONE', ( #1773 ), #1845, .F. ) ;
#1381 = CARTESIAN_POINT ( 'NONE',  ( 0.2187499999999994726, 0.2589623587078076494, -0.04224161377563789149 ) ) ;
#1382 = CARTESIAN_POINT ( 'NONE',  ( -0.09252404735808328340, -0.05520833333333317883, -0.03832471526136863732 ) ) ;
#1383 = CARTESIAN_POINT ( 'NONE',  ( 0.000000000000000000, 0.3125000000000000000, -0.1250000000000000555 ) ) ;
#1384 = CARTESIAN_POINT ( 'NONE',  ( -0.05289769363290919291, 0.2588541666666668295, -0.1277063293868262728 ) ) ;
#1385 = CARTESIAN_POINT ( 'NONE',  ( 0.09067845376794955725, 0.02097263114974229695, -0.01935427360438984890 ) ) ;
#1386 = CARTESIAN_POINT ( 'NONE',  ( 0.09252404735808328340, -0.03020833333333317744, -0.03832471526136865120 ) ) ;
#1387 = EDGE_LOOP ( 'NONE', ( #1989, #2050, #1105 ) ) ;
#1388 = CARTESIAN_POINT ( 'NONE',  ( 2.266185568824696299E-17, 0.1791666666666668351, -0.09252404735808328340 ) ) ;
#1389 = CARTESIAN_POINT ( 'NONE',  ( -0.06542438130972595689, 0.2541666666666668184, 0.06542438130972595689 ) ) ;
#1390 = CARTESIAN_POINT ( 'NONE',  ( 0.09252404735808328340, 0.1197916666666668239, -0.03832471526136865120 ) ) ;
#1391 = AXIS2_PLACEMENT_3D ( 'NONE', #1310, #2431, #247 ) ;
#1392 = ORIENTED_EDGE ( 'NONE', *, *, #288, .T. ) ;
#1393 = CIRCLE ( 'NONE', #142, 0.1666666666666666297 ) ;
#1394 = DIRECTION ( 'NONE',  ( 0.000000000000000000, -1.000000000000000000, 3.544911822905277504E-16 ) ) ;
#1395 = CIRCLE ( 'NONE', #2488, 0.1666666666666666297 ) ;
#1396 =( BOUNDED_CURVE ( )  B_SPLINE_CURVE ( 2, ( #2369, #2106, #1050 ),
 .UNSPECIFIED., .F., .F. ) 
 B_SPLINE_CURVE_WITH_KNOTS ( ( 3, 3 ),
 ( 0.6944444444444444198, 0.7083333333333332593 ),
 .UNSPECIFIED. ) 
 CURVE ( )  GEOMETRIC_REPRESENTATION_ITEM ( )  RATIONAL_B_SPLINE_CURVE ( ( 1.000000000000000000, 0.9238795325112868495, 1.000000000000000000 ) ) 
 REPRESENTATION_ITEM ( '' )  );
#1397 = CARTESIAN_POINT ( 'NONE',  ( 0.1250000000000000833, 0.09479166666666699603, -0.05177669529663695563 ) ) ;
#1398 = CARTESIAN_POINT ( 'NONE',  ( -0.06235799083826738115, 0.008194836735309770151, -0.1144187044583696855 ) ) ;
#1399 = FACE_OUTER_BOUND ( 'NONE', #951, .T. ) ;
#1400 = CARTESIAN_POINT ( 'NONE',  ( 3.127902950288687189E-17, 0.05572916666666682256, -0.1277063293868262450 ) ) ;
#1401 = DIRECTION ( 'NONE',  ( -0.000000000000000000, -1.000000000000000000, -0.000000000000000000 ) ) ;
#1402 = EDGE_CURVE ( 'NONE', #659, #131, #2351, .T. ) ;
#1403 = CARTESIAN_POINT ( 'NONE',  ( -0.03832471526136863732, 0.1072916666666667851, 0.09252404735808328340 ) ) ;
#1404 = VERTEX_POINT ( 'NONE', #909 ) ;
#1405 = CARTESIAN_POINT ( 'NONE',  ( -0.1304126587736524900, 0.2729166666666669183, 0.05401869196918145793 ) ) ;
#1406 = CARTESIAN_POINT ( 'NONE',  ( 0.09252404735808328340, 0.2697916666666668739, 0.03832471526136867895 ) ) ;
#1407 = CARTESIAN_POINT ( 'NONE',  ( -0.06542438130972595689, 0.04791666666666682950, 0.06542438130972595689 ) ) ;
#1408 = CARTESIAN_POINT ( 'NONE',  ( 2.266185568824696299E-17, 0.2791666666666668406, -0.09252404735808328340 ) ) ;
#1409 = ORIENTED_EDGE ( 'NONE', *, *, #1402, .F. ) ;
#1410 = CARTESIAN_POINT ( 'NONE',  ( -0.2187499999999996947, 0.01093856450123380578, -0.1055295403909823626 ) ) ;
#1411 =( NAMED_UNIT ( * ) PLANE_ANGLE_UNIT ( ) SI_UNIT ( $, .RADIAN. ) );
#1412 = AXIS2_PLACEMENT_3D ( 'NONE', #1425, #786, #357 ) ;
#1413 = CARTESIAN_POINT ( 'NONE',  ( -0.2187499999999996947, 0.3125000000000000000, -0.1262953713852313087 ) ) ;
#1414 = DIRECTION ( 'NONE',  ( -0.4999999999999991673, 0.000000000000000000, -0.8660254037844391517 ) ) ;
#1415 = CARTESIAN_POINT ( 'NONE',  ( -0.1277063293868262450, 0.01822916666666681007, -7.819757375721717972E-18 ) ) ;
#1416 = DIRECTION ( 'NONE',  ( -0.000000000000000000, -1.000000000000000000, -0.000000000000000000 ) ) ;
#1417 = ADVANCED_FACE ( 'NONE', ( #1107 ), #1350, .T. ) ;
#1418 = CARTESIAN_POINT ( 'NONE',  ( -0.03832471526136863732, 0.1572916666666668017, 0.09252404735808328340 ) ) ;
#1419 = ORIENTED_EDGE ( 'NONE', *, *, #1079, .F. ) ;
#1420 = CARTESIAN_POINT ( 'NONE',  ( -0.05401869196918148569, 0.2291666666666669905, 0.1304126587736524900 ) ) ;
#1421 = CARTESIAN_POINT ( 'NONE',  ( -0.06542438130972595689, 0.09166666666666679897, -0.06542438130972595689 ) ) ;
#1422 = CARTESIAN_POINT ( 'NONE',  ( -0.09252404735808331115, 0.1947916666666668351, 0.03832471526136863038 ) ) ;
#1423 = CARTESIAN_POINT ( 'NONE',  ( -0.09252404735808329728, 0.2947916666666668406, 0.03832471526136863038 ) ) ;
#1424 = ORIENTED_EDGE ( 'NONE', *, *, #2362, .F. ) ;
#1425 = CARTESIAN_POINT ( 'NONE',  ( 0.000000000000000000, 0.2604166666666666852, 0.000000000000000000 ) ) ;
#1426 = FACE_BOUND ( 'NONE', #191, .T. ) ;
#1427 = CARTESIAN_POINT ( 'NONE',  ( 0.2187499999999994171, 0.2446364691551470016, -0.1262953713852327242 ) ) ;
#1428 = CARTESIAN_POINT ( 'NONE',  ( -0.08838834764831851598, 0.1291666666666667074, 0.08838834764831850210 ) ) ;
#1429 = CARTESIAN_POINT ( 'NONE',  ( 0.05289769363290916515, 0.08385416666666684060, 0.1277063293868263005 ) ) ;
#1430 = CARTESIAN_POINT ( 'NONE',  ( 0.05177669529663701808, 0.2572916666666667518, -0.1250000000000000555 ) ) ;
#1431 = CARTESIAN_POINT ( 'NONE',  ( 0.09252404735808324177, 0.06979166666666682117, 0.03832471526136867201 ) ) ;
#1432 = ORIENTED_EDGE ( 'NONE', *, *, #2584, .T. ) ;
#1433 = CARTESIAN_POINT ( 'NONE',  ( 0.09252404735808328340, 0.01354166666666683366, 0.03832471526136867895 ) ) ;
#1434 = CARTESIAN_POINT ( 'NONE',  ( 0.03832471526136869977, 0.08229166666666681840, -0.09252404735808328340 ) ) ;
#1435 = EDGE_CURVE ( 'NONE', #2785, #1665, #2439, .T. ) ;
#1436 = CARTESIAN_POINT ( 'NONE',  ( 0.09252404735808328340, -0.07395833333333320936, -0.03832471526136865120 ) ) ;
#1437 = ORIENTED_EDGE ( 'NONE', *, *, #647, .F. ) ;
#1438 = ADVANCED_FACE ( 'NONE', ( #1506 ), #678, .T. ) ;
#1439 = DIRECTION ( 'NONE',  ( 1.000000000000000000, 0.000000000000000000, -1.081531319675791187E-15 ) ) ;
#1440 = AXIS2_PLACEMENT_3D ( 'NONE', #2338, #653, #1953 ) ;
#1441 = AXIS2_PLACEMENT_3D ( 'NONE', #1340, #1142, #91 ) ;
#1442 = CARTESIAN_POINT ( 'NONE',  ( 0.03832471526136869977, 0.2260416666666668628, -0.09252404735808328340 ) ) ;
#1443 = DIRECTION ( 'NONE',  ( -0.000000000000000000, -1.000000000000000000, -0.000000000000000000 ) ) ;
#1444 = B_SPLINE_CURVE_WITH_KNOTS ( 'NONE', 3,
 ( #879, #1344, #2627, #1333, #2212, #501, #1358, #1838, #2251, #1786, #723, #322, #2710, #1610, #2268, #53, #1966, #904, #278, #2704, #2060, #2293, #719, #988 ),
 .UNSPECIFIED., .F., .F.,
 ( 4, 2, 2, 2, 2, 2, 2, 2, 2, 2, 2, 4 ),
 ( 0.001273903140623738623, 0.002089264143556942774, 0.002496944645023545066, 0.002904625146490146925, 0.003719986149423351509, 0.004127666650889953368, 0.004535347152356556527, 0.004943027653823157952, 0.005350708155289759377, 0.006166069158222963961, 0.006981430161156168546, 0.007796791164089371395 ),
 .UNSPECIFIED. ) ;
#1445 = AXIS2_PLACEMENT_3D ( 'NONE', #1268, #167, #2524 ) ;
#1446 = CARTESIAN_POINT ( 'NONE',  ( -0.09030201150986773284, 0.1244791666666668351, 0.09030201150986771896 ) ) ;
#1447 = CARTESIAN_POINT ( 'NONE',  ( 0.000000000000000000, 0.3065000000000001057, -0.1666666666666664909 ) ) ;
#1448 = CARTESIAN_POINT ( 'NONE',  ( 2.266185568824695683E-17, 0.03541666666666679064, -0.09252404735808325564 ) ) ;
#1449 = ORIENTED_EDGE ( 'NONE', *, *, #1435, .T. ) ;
#1450 = CARTESIAN_POINT ( 'NONE',  ( 0.05401869196918156202, 0.3041666666666669738, -0.1304126587736524345 ) ) ;
#1451 = CARTESIAN_POINT ( 'NONE',  ( 0.09252404735808328340, 0.1197916666666667823, 0.03832471526136867895 ) ) ;
#1452 = CARTESIAN_POINT ( 'NONE',  ( 0.000000000000000000, 0.000000000000000000, -0.1375000000000005107 ) ) ;
#1453 = CARTESIAN_POINT ( 'NONE',  ( 0.03832471526136869977, 0.2260416666666668628, -0.09252404735808328340 ) ) ;
#1454 = ORIENTED_EDGE ( 'NONE', *, *, #63, .F. ) ;
#1455 = FACE_OUTER_BOUND ( 'NONE', #2038, .T. ) ;
#1456 = EDGE_CURVE ( 'NONE', #2484, #2139, #2580, .T. ) ;
#1457 = CARTESIAN_POINT ( 'NONE',  ( 0.000000000000000000, -2.420590938939690364E-16, 0.000000000000000000 ) ) ;
#1458 = CARTESIAN_POINT ( 'NONE',  ( 3.061616997868385483E-17, 0.01041666666666671293, -0.1250000000000001110 ) ) ;
#1459 = FACE_OUTER_BOUND ( 'NONE', #1054, .T. ) ;
#1460 = CIRCLE ( 'NONE', #1139, 0.05208333333333333565 ) ;
#1461 = CARTESIAN_POINT ( 'NONE',  ( 0.05289769363290927617, 0.1526041666666668184, -0.1277063293868262450 ) ) ;
#1462 = ORIENTED_EDGE ( 'NONE', *, *, #1645, .T. ) ;
#1463 = CARTESIAN_POINT ( 'NONE',  ( -1.597094451354495063E-17, 0.2322916666666669516, 0.1304126587736524900 ) ) ;
#1464 = CARTESIAN_POINT ( 'NONE',  ( 0.06542438130972597077, 0.02916666666666678856, -0.06542438130972592913 ) ) ;
#1465 = CARTESIAN_POINT ( 'NONE',  ( 0.1461328063662191146, -3.050170862791828308E-16, -0.1682209276774890017 ) ) ;
#1466 = CARTESIAN_POINT ( 'NONE',  ( 0.09252404735808328340, 0.2197916666666668573, -0.03832471526136865120 ) ) ;
#1467 = ORIENTED_EDGE ( 'NONE', *, *, #301, .F. ) ;
#1468 = CARTESIAN_POINT ( 'NONE',  ( 0.09252404735808325564, -0.02708333333333319201, 1.699639176618521531E-17 ) ) ;
#1469 =( LENGTH_UNIT ( ) NAMED_UNIT ( * ) SI_UNIT ( $, .METRE. ) );
#1470 = CARTESIAN_POINT ( 'NONE',  ( 0.05177669529663701808, 0.2072916666666667629, -0.1250000000000000555 ) ) ;
#1471 = DIRECTION ( 'NONE',  ( 0.000000000000000000, 0.000000000000000000, -1.000000000000000000 ) ) ;
#1472 = CARTESIAN_POINT ( 'NONE',  ( 3.061616997868385483E-17, 0.06041666666666672958, -0.1250000000000001110 ) ) ;
#1473 = DIRECTION ( 'NONE',  ( 0.000000000000000000, 0.000000000000000000, -1.000000000000000000 ) ) ;
#1474 = EDGE_CURVE ( 'NONE', #1072, #615, #2768, .T. ) ;
#1475 = CARTESIAN_POINT ( 'NONE',  ( 0.03832471526136868589, 0.2322916666666668406, -0.09252404735808325564 ) ) ;
#1476 = ORIENTED_EDGE ( 'NONE', *, *, #1556, .F. ) ;
#1477 = CARTESIAN_POINT ( 'NONE',  ( 0.05401869196918144406, 0.08541666666666695995, 0.1304126587736525178 ) ) ;
#1478 = CARTESIAN_POINT ( 'NONE',  ( 0.06542438130972595689, 0.1166666666666668073, 0.06542438130972597077 ) ) ;
#1479 = CARTESIAN_POINT ( 'NONE',  ( -0.1250000000000001110, 0.1760416666666667074, 0.05177669529663691400 ) ) ;
#1480 = CARTESIAN_POINT ( 'NONE',  ( 0.09252404735808328340, 0.2135416666666668517, 0.03832471526136867895 ) ) ;
#1481 = VERTEX_POINT ( 'NONE', #243 ) ;
#1482 = CARTESIAN_POINT ( 'NONE',  ( -0.03832471526136864426, -0.04270833333333318160, 0.09252404735808328340 ) ) ;
#1483 = CARTESIAN_POINT ( 'NONE',  ( 0.05177669529663690706, 0.03229166666666696134, 0.1250000000000001388 ) ) ;
#1484 = CARTESIAN_POINT ( 'NONE',  ( -0.03832471526136863732, 0.2822916666666668295, -0.09252404735808329728 ) ) ;
#1485 = LINE ( 'NONE', #432, #2273 ) ;
#1486 = CLOSED_SHELL ( 'NONE', ( #880, #724, #1587, #849, #1438, #539 ) ) ;
#1487 = DIRECTION ( 'NONE',  ( 0.5000000000000009992, -0.000000000000000000, 0.8660254037844381525 ) ) ;
#1488 = AXIS2_PLACEMENT_3D ( 'NONE', #1988, #689, #2407 ) ;
#1489 = CARTESIAN_POINT ( 'NONE',  ( 0.06542438130972595689, 0.3291666666666667740, -0.06542438130972592913 ) ) ;
#1490 = AXIS2_PLACEMENT_3D ( 'NONE', #2692, #525, #1179 ) ;
#1491 = ORIENTED_EDGE ( 'NONE', *, *, #613, .F. ) ;
#1492 =( BOUNDED_CURVE ( )  B_SPLINE_CURVE ( 2, ( #331, #774, #314, #2045, #536, #2032, #107, #121, #956 ),
 .UNSPECIFIED., .F., .F. ) 
 B_SPLINE_CURVE_WITH_KNOTS ( ( 3, 2, 2, 2, 3 ),
 ( 0.3611111111111110494, 0.3750000000000000000, 0.3888888888888888395, 0.4027777777777777901, 0.4166666666666666297 ),
 .UNSPECIFIED. ) 
 CURVE ( )  GEOMETRIC_REPRESENTATION_ITEM ( )  RATIONAL_B_SPLINE_CURVE ( ( 1.000000000000000000, 0.9238795325112868495, 1.000000000000000000, 0.9238795325112868495, 1.000000000000000000, 0.9238795325112868495, 1.000000000000000000, 0.9238795325112868495, 1.000000000000000000 ) ) 
 REPRESENTATION_ITEM ( '' )  );
#1493 = CARTESIAN_POINT ( 'NONE',  ( 0.05401869196918156202, 0.1041666666666669905, -0.1304126587736524345 ) ) ;
#1494 = CARTESIAN_POINT ( 'NONE',  ( -0.1250000000000001110, 0.06354166666666696828, -0.05177669529663692094 ) ) ;
#1495 = CARTESIAN_POINT ( 'NONE',  ( -0.09252404735808328340, 0.1916666666666668184, -5.665463922061740748E-18 ) ) ;
#1496 = ORIENTED_EDGE ( 'NONE', *, *, #2357, .T. ) ;
#1497 = CARTESIAN_POINT ( 'NONE',  ( 0.000000000000000000, 0.01578019751151954128, 0.000000000000000000 ) ) ;
#1498 = CARTESIAN_POINT ( 'NONE',  ( 3.061616997868385483E-17, 0.1104166666666667185, -0.1250000000000001110 ) ) ;
#1499 = CARTESIAN_POINT ( 'NONE',  ( 0.09252404735808328340, 0.3166666666666668739, 1.699639176618522147E-17 ) ) ;
#1500 = DIRECTION ( 'NONE',  ( -0.000000000000000000, -1.000000000000000000, -0.000000000000000000 ) ) ;
#1501 = CARTESIAN_POINT ( 'NONE',  ( -0.09252404735808328340, 0.2510416666666668850, 0.03832471526136861650 ) ) ;
#1502 = PRESENTATION_LAYER_ASSIGNMENT (  '', '', ( #1687 ) ) ;
#1503 = B_SPLINE_CURVE_WITH_KNOTS ( 'NONE', 3,
 ( #1427, #1834, #2243, #1381, #1580, #1625 ),
 .UNSPECIFIED., .F., .F.,
 ( 4, 2, 4 ),
 ( 0.005575414467604936433, 0.007195657713678919182, 0.008815900959752900196 ),
 .UNSPECIFIED. ) ;
#1504 = ORIENTED_EDGE ( 'NONE', *, *, #2093, .T. ) ;
#1505 = CARTESIAN_POINT ( 'NONE',  ( 3.194188902708990127E-17, 0.2072916666666669572, -0.1304126587736524900 ) ) ;
#1506 = FACE_OUTER_BOUND ( 'NONE', #2754, .T. ) ;
#1507 = EDGE_CURVE ( 'NONE', #1320, #2173, #2456, .T. ) ;
#1509 = CARTESIAN_POINT ( 'NONE',  ( -0.06542438130972595689, 0.04791666666666682950, 0.06542438130972595689 ) ) ;
#1508 =( BOUNDED_CURVE ( )  B_SPLINE_CURVE ( 2, ( #122, #2245, #1428, #1593, #316, #1166, #1655, #1193, #989 ),
 .UNSPECIFIED., .F., .T. ) 
 B_SPLINE_CURVE_WITH_KNOTS ( ( 3, 2, 2, 2, 3 ),
 ( 0.3888888888888888951, 0.4027777777777777901, 0.4166666666666666852, 0.4305555555555555802, 0.4444444444444444198 ),
 .UNSPECIFIED. ) 
 CURVE ( )  GEOMETRIC_REPRESENTATION_ITEM ( )  RATIONAL_B_SPLINE_CURVE ( ( 1.000000000000000000, 0.9238795325112867385, 1.000000000000000000, 0.9238795325112867385, 1.000000000000000000, 0.9238795325112867385, 1.000000000000000000, 0.9238795325112867385, 1.000000000000000000 ) ) 
 REPRESENTATION_ITEM ( '' )  );
#1510 = EDGE_LOOP ( 'NONE', ( #2732, #1046, #378 ) ) ;
#1511 = CARTESIAN_POINT ( 'NONE',  ( -8.482441715472927756E-16, 0.3125000000000000000, -0.2525907427704615626 ) ) ;
#1512 = DIRECTION ( 'NONE',  ( -0.000000000000000000, -1.000000000000000000, -0.000000000000000000 ) ) ;
#1513 = CARTESIAN_POINT ( 'NONE',  ( 0.03832471526136869977, 0.1760416666666668462, -0.09252404735808328340 ) ) ;
#1514 = DIRECTION ( 'NONE',  ( -0.000000000000000000, -1.000000000000000000, -0.000000000000000000 ) ) ;
#1515 = CARTESIAN_POINT ( 'NONE',  ( -1.133092784412347841E-17, 0.3104166666666668406, 0.09252404735808325564 ) ) ;
#1516 = ORIENTED_EDGE ( 'NONE', *, *, #627, .T. ) ;
#1517 = CARTESIAN_POINT ( 'NONE',  ( -0.1304126587736524900, 0.1166666666666669461, -0.05401869196918147181 ) ) ;
#1518 = CARTESIAN_POINT ( 'NONE',  ( 0.06542438130972595689, 0.01666666666666678440, 0.06542438130972597077 ) ) ;
#1519 = DIRECTION ( 'NONE',  ( 0.000000000000000000, 0.000000000000000000, -1.000000000000000000 ) ) ;
#1520 = CARTESIAN_POINT ( 'NONE',  ( -0.09252404735808329728, 0.1385416666666668406, -0.03832471526136864426 ) ) ;
#1521 = ORIENTED_EDGE ( 'NONE', *, *, #2584, .F. ) ;
#1522 = CARTESIAN_POINT ( 'NONE',  ( -0.1136089021790332582, 0.01099621984630836519, 0.01088318602976548477 ) ) ;
#1523 = CARTESIAN_POINT ( 'NONE',  ( -0.08838834764831852986, 0.2104166666666670016, -0.08838834764831852986 ) ) ;
#1524 = CARTESIAN_POINT ( 'NONE',  ( -0.09252404735808329728, 0.04479166666666684060, 0.03832471526136863038 ) ) ;
#1525 = EDGE_CURVE ( 'NONE', #1126, #2609, #799, .T. ) ;
#1526 = CARTESIAN_POINT ( 'NONE',  ( -0.2187499999999996947, 0.01578019751151954128, -0.1262953713852322801 ) ) ;
#1527 = CARTESIAN_POINT ( 'NONE',  ( 0.05177669529663701808, 0.2010416666666669794, -0.1250000000000000833 ) ) ;
#1528 = CARTESIAN_POINT ( 'NONE',  ( -0.03832471526136864426, 0.2072916666666668184, 0.09252404735808328340 ) ) ;
#1529 = AXIS2_PLACEMENT_3D ( 'NONE', #957, #831, #816 ) ;
#1530 = ORIENTED_EDGE ( 'NONE', *, *, #1280, .F. ) ;
#1531 = CARTESIAN_POINT ( 'NONE',  ( -0.09221567537141699133, 0.07604166666666695162, 0.09221567537141696358 ) ) ;
#1532 = CARTESIAN_POINT ( 'NONE',  ( -0.2187499999999995559, 0.2604166666666666852, 2.365849761790788230E-16 ) ) ;
#1533 = AXIS2_PLACEMENT_3D ( 'NONE', #945, #523, #1639 ) ;
#1534 = CARTESIAN_POINT ( 'NONE',  ( 0.09252404735808328340, 0.1635416666666668351, 0.03832471526136867895 ) ) ;
#1535 = ORIENTED_EDGE ( 'NONE', *, *, #1295, .F. ) ;
#1536 = LINE ( 'NONE', #1949, #713 ) ;
#1537 = FACE_OUTER_BOUND ( 'NONE', #104, .T. ) ;
#1538 = CARTESIAN_POINT ( 'NONE',  ( -0.03832471526136865120, 0.2010416666666669239, 0.09252404735808329728 ) ) ;
#1539 = CARTESIAN_POINT ( 'NONE',  ( -0.2007419229739173805, 0.2494846550104424798, 0.1366923395038269207 ) ) ;
#1540 = CARTESIAN_POINT ( 'NONE',  ( 0.04136286432240604549, 0.01777338825678435874, 0.09101448807684811571 ) ) ;
#1541 = ADVANCED_FACE ( 'NONE', ( #1135 ), #1735, .F. ) ;
#1542 = CARTESIAN_POINT ( 'NONE',  ( -0.09252404735808328340, 0.1947916666666667795, -0.03832471526136863732 ) ) ;
#1543 = CARTESIAN_POINT ( 'NONE',  ( 0.05289769363290927617, 0.2526041666666668517, -0.1277063293868262450 ) ) ;
#1544 = CARTESIAN_POINT ( 'NONE',  ( -0.1304126587736524900, -0.02708333333333305323, 0.05401869196918145793 ) ) ;
#1545 = CARTESIAN_POINT ( 'NONE',  ( 0.2187499999999993616, 0.2548377753082698427, 0.07403211314886828931 ) ) ;
#1546 = CARTESIAN_POINT ( 'NONE',  ( 0.09252404735808328340, 0.01666666666666681909, 1.699639176618522147E-17 ) ) ;
#1547 = VERTEX_POINT ( 'NONE', #43 ) ;
#1548 = CARTESIAN_POINT ( 'NONE',  ( -0.08751832831209598040, 0.01302117963142169349, 0.06737162477028849072 ) ) ;
#1549 = FACE_OUTER_BOUND ( 'NONE', #710, .T. ) ;
#1550 = CARTESIAN_POINT ( 'NONE',  ( -1.133092784412348150E-17, 0.2041666666666668295, 0.09252404735808328340 ) ) ;
#1551 = CARTESIAN_POINT ( 'NONE',  ( 3.061616997868385483E-17, 0.1104166666666667185, -0.1250000000000001110 ) ) ;
#1552 = CARTESIAN_POINT ( 'NONE',  ( 0.000000000000000000, 0.2634166666666664103, 1.420918822347880587E-17 ) ) ;
#1553 = CARTESIAN_POINT ( 'NONE',  ( -0.06542438130972594301, 0.1541666666666668128, 0.06542438130972592913 ) ) ;
#1554 = CARTESIAN_POINT ( 'NONE',  ( -0.1277063293868262450, 0.2182291666666668351, -7.819757375721717972E-18 ) ) ;
#1555 = CARTESIAN_POINT ( 'NONE',  ( 0.1304126587736524623, -0.1020833333333330678, -0.05401869196918149957 ) ) ;
#1556 = EDGE_CURVE ( 'NONE', #131, #2506, #1444, .T. ) ;
#1557 = CARTESIAN_POINT ( 'NONE',  ( 0.03681248363207976354, 0.008194836735436618336, -0.1250000000000000555 ) ) ;
#1558 = CARTESIAN_POINT ( 'NONE',  ( -0.03832471526136865120, -0.04895833333333315246, 0.09252404735808329728 ) ) ;
#1559 = EDGE_LOOP ( 'NONE', ( #257, #98, #2687, #1467, #1424 ) ) ;
#1560 = CARTESIAN_POINT ( 'NONE',  ( -0.03832471526136863732, 0.2385416666666668184, -0.09252404735808329728 ) ) ;
#1561 = CARTESIAN_POINT ( 'NONE',  ( -1.530808498934193050E-17, 0.2291666666666669905, 0.1250000000000001110 ) ) ;
#1562 = ORIENTED_EDGE ( 'NONE', *, *, #206, .T. ) ;
#1563 = CARTESIAN_POINT ( 'NONE',  ( -0.1093750000000004580, 0.2604166666666666852, 0.1894430570778459499 ) ) ;
#1564 = CARTESIAN_POINT ( 'NONE',  ( -0.1093750000000004718, 0.2604166666666666852, -0.1894430570778463385 ) ) ;
#1565 = B_SPLINE_CURVE_WITH_KNOTS ( 'NONE', 3,
 ( #2229, #119, #2733, #150, #299, #1602 ),
 .UNSPECIFIED., .F., .F.,
 ( 4, 2, 4 ),
 ( 0.003227520057086234826, 0.004827050055782547248, 0.006426580054478858370 ),
 .UNSPECIFIED. ) ;
#1566 = CARTESIAN_POINT ( 'NONE',  ( -0.09252404735808328340, 0.001041666666666797841, 0.03832471526136861650 ) ) ;
#1567 = ORIENTED_EDGE ( 'NONE', *, *, #2288, .F. ) ;
#1568 = CARTESIAN_POINT ( 'NONE',  ( 0.000000000000000000, 0.2634166666666662993, -0.1062500000000001776 ) ) ;
#1569 = CIRCLE ( 'NONE', #361, 0.2187499999999999445 ) ;
#1570 = EDGE_CURVE ( 'NONE', #2641, #1158, #1178, .T. ) ;
#1571 = CARTESIAN_POINT ( 'NONE',  ( 0.06542438130972597077, -0.07708333333333321213, -0.06542438130972592913 ) ) ;
#1572 = CONICAL_SURFACE ( 'NONE', #1346, 0.2187499999999999445, 1.134464013796316451 ) ;
#1573 = ORIENTED_EDGE ( 'NONE', *, *, #661, .T. ) ;
#1574 = CARTESIAN_POINT ( 'NONE',  ( -0.1093750000000004718, -2.420590938939690364E-16, -0.1894430570778463385 ) ) ;
#1575 = CARTESIAN_POINT ( 'NONE',  ( -0.06542438130972595689, 0.2479166666666668406, 0.06542438130972595689 ) ) ;
#1576 = CONICAL_SURFACE ( 'NONE', #718, 0.2187499999999999445, 1.134464013796316451 ) ;
#1577 = ORIENTED_EDGE ( 'NONE', *, *, #968, .T. ) ;
#1578 = CARTESIAN_POINT ( 'NONE',  ( 0.000000000000000000, 0.2604166666666669072, -1.674041909910648421E-16 ) ) ;
#1579 = FACE_OUTER_BOUND ( 'NONE', #1387, .T. ) ;
#1580 = CARTESIAN_POINT ( 'NONE',  ( 0.2187499999999993616, 0.2604166666666669072, -0.02113412695993293483 ) ) ;
#1581 = CARTESIAN_POINT ( 'NONE',  ( 0.09252404735808325564, 0.06979166666666682117, 0.03832471526136867201 ) ) ;
#1582 = FACE_OUTER_BOUND ( 'NONE', #2284, .T. ) ;
#1583 = CARTESIAN_POINT ( 'NONE',  ( -1.597094451354495063E-17, -0.01770833333333306919, 0.1304126587736524900 ) ) ;
#1584 = CARTESIAN_POINT ( 'NONE',  ( 0.09252404735808328340, 0.01979166666666683574, -0.03832471526136865120 ) ) ;
#1585 = EDGE_LOOP ( 'NONE', ( #1261, #245, #1920, #2442 ) ) ;
#1586 = CARTESIAN_POINT ( 'NONE',  ( 0.09252404735808328340, 0.3229166666666668517, 1.699639176618522147E-17 ) ) ;
#1587 = ADVANCED_FACE ( 'NONE', ( #1605 ), #2279, .F. ) ;
#1588 = CARTESIAN_POINT ( 'NONE',  ( 0.06542438130972595689, 0.1104166666666668434, 0.06542438130972597077 ) ) ;
#1589 = AXIS2_PLACEMENT_3D ( 'NONE', #2460, #2507, #520 ) ;
#1590 = DIRECTION ( 'NONE',  ( 0.000000000000000000, 0.000000000000000000, -1.000000000000000000 ) ) ;
#1591 = CARTESIAN_POINT ( 'NONE',  ( 3.061616997868386099E-17, 0.1041666666666669766, -0.1250000000000001110 ) ) ;
#1592 = CARTESIAN_POINT ( 'NONE',  ( 0.000000000000000000, 0.3065000000000001057, -0.1250000000000000555 ) ) ;
#1593 = CARTESIAN_POINT ( 'NONE',  ( -0.1250000000000001110, 0.1260416666666667185, 0.05177669529663691400 ) ) ;
#1594 = CARTESIAN_POINT ( 'NONE',  ( 0.05289769363290916515, 0.2838541666666668517, 0.1277063293868263005 ) ) ;
#1595 = DIRECTION ( 'NONE',  ( -0.000000000000000000, -1.000000000000000000, 3.544911822905277504E-16 ) ) ;
#1596 = CARTESIAN_POINT ( 'NONE',  ( 2.266185568824695683E-17, 0.2354166666666668017, -0.09252404735808325564 ) ) ;
#1597 = ORIENTED_EDGE ( 'NONE', *, *, #2149, .F. ) ;
#1598 = CARTESIAN_POINT ( 'NONE',  ( 0.06542438130972595689, 0.06041666666666683366, 0.06542438130972597077 ) ) ;
#1599 = CARTESIAN_POINT ( 'NONE',  ( 0.000000000000000000, -0.1250000000000000278, 0.000000000000000000 ) ) ;
#1600 = CARTESIAN_POINT ( 'NONE',  ( -0.06542438130972595689, 0.09791666666666684615, 0.06542438130972595689 ) ) ;
#1601 = ORIENTED_EDGE ( 'NONE', *, *, #2341, .T. ) ;
#1602 = CARTESIAN_POINT ( 'NONE',  ( 0.2187499999999994171, 0.01578019751151954128, 0.1262953713852327242 ) ) ;
#1603 = DIRECTION ( 'NONE',  ( -0.000000000000000000, -1.000000000000000000, -0.000000000000000000 ) ) ;
#1604 = EDGE_CURVE ( 'NONE', #615, #2589, #2232, .T. ) ;
#1605 = FACE_OUTER_BOUND ( 'NONE', #1689, .T. ) ;
#1606 = CARTESIAN_POINT ( 'NONE',  ( -0.08838834764831852986, 0.02291666666666694607, 0.08838834764831851598 ) ) ;
#1607 = CARTESIAN_POINT ( 'NONE',  ( -0.2187500000000010270, 0.01578019751151954128, 0.1262953713852300597 ) ) ;
#1608 = CARTESIAN_POINT ( 'NONE',  ( -0.09030201150986773284, 0.1744791666666668517, 0.09030201150986771896 ) ) ;
#1609 = CARTESIAN_POINT ( 'NONE',  ( -0.2187499999999994171, 0.3125000000000000000, 0.1262953713852309201 ) ) ;
#1610 = CARTESIAN_POINT ( 'NONE',  ( 0.09941129889308791823, 0.2604166666666664631, -0.04578064599099103404 ) ) ;
#1611 = CARTESIAN_POINT ( 'NONE',  ( -1.133092784412347841E-17, 0.06041666666666679897, 0.09252404735808325564 ) ) ;
#1612 = ORIENTED_EDGE ( 'NONE', *, *, #2198, .T. ) ;
#1613 = CARTESIAN_POINT ( 'NONE',  ( -0.06542438130972595689, -0.05208333333333319687, 0.06542438130972595689 ) ) ;
#1614 = CARTESIAN_POINT ( 'NONE',  ( 0.09252404735808328340, 0.3197916666666668628, 0.03832471526136867895 ) ) ;
#1615 = AXIS2_PLACEMENT_3D ( 'NONE', #2370, #835, #433 ) ;
#1616 =( BOUNDED_SURFACE ( )  B_SPLINE_SURFACE ( 1, 2, ( 
 ( #1361, #1789, #700, #2671, #1586, #1614, #939, #2642, #2215, #2455, #2226, #297, #2698, #1185, #2486, #2027, #547, #1802, #2013, #87, #517, #1406, #912, #531, #1173, #1815, #1389, #2040, #116, #1776, #1348, #1560, #2430, #492, #285, #1138, #2530, #2344, #2560, #1842, #1216, #174, #2743, #1026, #2052, #409, #796, #2067, #2112, #145, #979, #573, #1860, #2728, #128, #2517, #160, #187, #352, #1661, #589, #996, #782, #1648, #2502, #1042, #1904, #1245, #1633, #1451, #1478, #2715, #1199, #2771, #768, #617, #813, #560, #1421, #1889, #2329, #1434, #2300, #2318, #380, #1676, #367, #2286, #1874, #1232, #826, #1010, #2083, #2099, #2756, #2547, #602, #1692, #1464, #392, #30, #2128, #1518, #1289, #878, #2731, #814, #1829, #2320, #176, #2717, #1650, #2519, #148, #383, #342, #1234, #1012, #2101, #2055, #1619, #2303, #2114, #2331, #2489, #999, #2745, #576, #798, #2700, #190, #1436, #1846 ),
 ( #1635, #2505, #756, #2289, #784, #2760, #130, #368, #1218, #770, #562, #1423, #2275, #1678, #1891, #1028, #1408, #2085, #1247, #549, #981, #2549, #1188, #394, #591, #355, #1201, #1664, #606, #2070, #1862, #163, #1876, #1453, #2534, #1466, #2601, #1480, #19, #2142, #867, #438, #1737, #2363, #1495, #413, #2562, #2186, #1748, #1071, #1264, #451, #1694, #1534, #1045, #2612, #2375, #1085, #658, #855, #648, #1520, #244, #33, #202, #1931, #2131, #2346, #840, #1291, #671, #2157, #2573, #1708, #1906, #1947, #634, #829, #1057, #1723, #425, #1276, #881, #1319, #2404, #228, #465, #4, #215, #2588, #1509, #2773, #1919, #2389, #2172, #2788, #1307, #1096, #1959, #1584, #1546, #725, #2224, #2453, #478, #44, #709, #528, #737, #893, #2213, #1147, #924, #2011, #256, #1386, #1787, #268, #306, #1120, #1972, #1558, #59, #910, #1110, #698, #1136, #1157, #1334, #2654, #1571, #1986, #1774 ) ),
 .UNSPECIFIED., .F., .F., .F. ) 
 B_SPLINE_SURFACE_WITH_KNOTS ( ( 2, 2 ),
 ( 3, 2, 2, 2, 2, 2, 2, 2, 2, 2, 2, 2, 2, 2, 2, 2, 2, 2, 2, 2, 2, 2, 2, 2, 2, 2, 2, 2, 2, 2, 2, 2, 2, 2, 2, 2, 2, 2, 2, 2, 2, 2, 2, 2, 2, 2, 2, 2, 2, 2, 2, 2, 2, 2, 2, 2, 2, 2, 2, 2, 2, 2, 2, 2, 2, 2, 3 ),
 ( 0.000000000000000000, 1.000000000000000000 ),
 ( 0.000000000000000000, 0.01388888888888888812, 0.02777777777777777624, 0.04166666666666666435, 0.05555555555555555247, 0.06944444444444444753, 0.08333333333333332871, 0.09722222222222222376, 0.1111111111111111049, 0.1250000000000000000, 0.1388888888888888951, 0.1527777777777777901, 0.1666666666666666574, 0.1805555555555555525, 0.1944444444444444475, 0.2083333333333333426, 0.2222222222222222099, 0.2361111111111111049, 0.2500000000000000000, 0.2638888888888888951, 0.2777777777777777901, 0.2916666666666666852, 0.3055555555555555802, 0.3194444444444444198, 0.3333333333333333148, 0.3472222222222222099, 0.3611111111111111049, 0.3750000000000000000, 0.3888888888888888951, 0.4027777777777777901, 0.4166666666666666852, 0.4305555555555555802, 0.4444444444444444198, 0.4583333333333333148, 0.4722222222222222099, 0.4861111111111111049, 0.5000000000000000000, 0.5138888888888888395, 0.5277777777777777901, 0.5416666666666666297, 0.5555555555555555802, 0.5694444444444444198, 0.5833333333333333703, 0.5972222222222222099, 0.6111111111111111605, 0.6250000000000000000, 0.6388888888888888395, 0.6527777777777777901, 0.6666666666666666297, 0.6805555555555555802, 0.6944444444444444198, 0.7083333333333333703, 0.7222222222222222099, 0.7361111111111111605, 0.7500000000000000000, 0.7638888888888888395, 0.7777777777777777901, 0.7916666666666666297, 0.8055555555555555802, 0.8194444444444444198, 0.8333333333333333703, 0.8472222222222222099, 0.8611111111111111605, 0.8750000000000000000, 0.8888888888888888395, 0.9027777777777777901, 0.9166666666666666297 ),
 .UNSPECIFIED. ) 
 GEOMETRIC_REPRESENTATION_ITEM ( )  RATIONAL_B_SPLINE_SURFACE ( (
 ( 1.000000000000000000, 0.9238795325112867385, 1.000000000000000000, 0.9238795325112867385, 1.000000000000000000, 0.9238795325112867385, 1.000000000000000000, 0.9238795325112867385, 1.000000000000000000, 0.9238795325112867385, 1.000000000000000000, 0.9238795325112867385, 1.000000000000000000, 0.9238795325112867385, 1.000000000000000000, 0.9238795325112867385, 1.000000000000000000, 0.9238795325112867385, 1.000000000000000000, 0.9238795325112867385, 1.000000000000000000, 0.9238795325112867385, 1.000000000000000000, 0.9238795325112867385, 1.000000000000000000, 0.9238795325112867385, 1.000000000000000000, 0.9238795325112867385, 1.000000000000000000, 0.9238795325112867385, 1.000000000000000000, 0.9238795325112867385, 1.000000000000000000, 0.9238795325112867385, 1.000000000000000000, 0.9238795325112867385, 1.000000000000000000, 0.9238795325112867385, 1.000000000000000000, 0.9238795325112867385, 1.000000000000000000, 0.9238795325112867385, 1.000000000000000000, 0.9238795325112867385, 1.000000000000000000, 0.9238795325112867385, 1.000000000000000000, 0.9238795325112867385, 1.000000000000000000, 0.9238795325112867385, 1.000000000000000000, 0.9238795325112867385, 1.000000000000000000, 0.9238795325112867385, 1.000000000000000000, 0.9238795325112867385, 1.000000000000000000, 0.9238795325112867385, 1.000000000000000000, 0.9238795325112867385, 1.000000000000000000, 0.9238795325112867385, 1.000000000000000000, 0.9238795325112867385, 1.000000000000000000, 0.9238795325112867385, 1.000000000000000000, 0.9238795325112867385, 1.000000000000000000, 0.9238795325112867385, 1.000000000000000000, 0.9238795325112867385, 1.000000000000000000, 0.9238795325112867385, 1.000000000000000000, 0.9238795325112867385, 1.000000000000000000, 0.9238795325112867385, 1.000000000000000000, 0.9238795325112867385, 1.000000000000000000, 0.9238795325112867385, 1.000000000000000000, 0.9238795325112867385, 1.000000000000000000, 0.9238795325112867385, 1.000000000000000000, 0.9238795325112867385, 1.000000000000000000, 0.9238795325112867385, 1.000000000000000000, 0.9238795325112867385, 1.000000000000000000, 0.9238795325112867385, 1.000000000000000000, 0.9238795325112867385, 1.000000000000000000, 0.9238795325112867385, 1.000000000000000000, 0.9238795325112867385, 1.000000000000000000, 0.9238795325112867385, 1.000000000000000000, 0.9238795325112867385, 1.000000000000000000, 0.9238795325112867385, 1.000000000000000000, 0.9238795325112867385, 1.000000000000000000, 0.9238795325112867385, 1.000000000000000000, 0.9238795325112867385, 1.000000000000000000, 0.9238795325112867385, 1.000000000000000000, 0.9238795325112867385, 1.000000000000000000, 0.9238795325112867385, 1.000000000000000000, 0.9238795325112867385, 1.000000000000000000, 0.9238795325112867385, 1.000000000000000000, 0.9238795325112867385, 1.000000000000000000, 0.9238795325112867385, 1.000000000000000000, 0.9238795325112867385, 1.000000000000000000, 0.9238795325112867385, 1.000000000000000000, 0.9238795325112867385, 1.000000000000000000),
 ( 1.000000000000000000, 0.9238795325112867385, 1.000000000000000000, 0.9238795325112867385, 1.000000000000000000, 0.9238795325112867385, 1.000000000000000000, 0.9238795325112867385, 1.000000000000000000, 0.9238795325112867385, 1.000000000000000000, 0.9238795325112867385, 1.000000000000000000, 0.9238795325112867385, 1.000000000000000000, 0.9238795325112867385, 1.000000000000000000, 0.9238795325112867385, 1.000000000000000000, 0.9238795325112867385, 1.000000000000000000, 0.9238795325112867385, 1.000000000000000000, 0.9238795325112867385, 1.000000000000000000, 0.9238795325112867385, 1.000000000000000000, 0.9238795325112867385, 1.000000000000000000, 0.9238795325112867385, 1.000000000000000000, 0.9238795325112867385, 1.000000000000000000, 0.9238795325112867385, 1.000000000000000000, 0.9238795325112867385, 1.000000000000000000, 0.9238795325112867385, 1.000000000000000000, 0.9238795325112867385, 1.000000000000000000, 0.9238795325112867385, 1.000000000000000000, 0.9238795325112867385, 1.000000000000000000, 0.9238795325112867385, 1.000000000000000000, 0.9238795325112867385, 1.000000000000000000, 0.9238795325112867385, 1.000000000000000000, 0.9238795325112867385, 1.000000000000000000, 0.9238795325112867385, 1.000000000000000000, 0.9238795325112867385, 1.000000000000000000, 0.9238795325112867385, 1.000000000000000000, 0.9238795325112867385, 1.000000000000000000, 0.9238795325112867385, 1.000000000000000000, 0.9238795325112867385, 1.000000000000000000, 0.9238795325112867385, 1.000000000000000000, 0.9238795325112867385, 1.000000000000000000, 0.9238795325112867385, 1.000000000000000000, 0.9238795325112867385, 1.000000000000000000, 0.9238795325112867385, 1.000000000000000000, 0.9238795325112867385, 1.000000000000000000, 0.9238795325112867385, 1.000000000000000000, 0.9238795325112867385, 1.000000000000000000, 0.9238795325112867385, 1.000000000000000000, 0.9238795325112867385, 1.000000000000000000, 0.9238795325112867385, 1.000000000000000000, 0.9238795325112867385, 1.000000000000000000, 0.9238795325112867385, 1.000000000000000000, 0.9238795325112867385, 1.000000000000000000, 0.9238795325112867385, 1.000000000000000000, 0.9238795325112867385, 1.000000000000000000, 0.9238795325112867385, 1.000000000000000000, 0.9238795325112867385, 1.000000000000000000, 0.9238795325112867385, 1.000000000000000000, 0.9238795325112867385, 1.000000000000000000, 0.9238795325112867385, 1.000000000000000000, 0.9238795325112867385, 1.000000000000000000, 0.9238795325112867385, 1.000000000000000000, 0.9238795325112867385, 1.000000000000000000, 0.9238795325112867385, 1.000000000000000000, 0.9238795325112867385, 1.000000000000000000, 0.9238795325112867385, 1.000000000000000000, 0.9238795325112867385, 1.000000000000000000, 0.9238795325112867385, 1.000000000000000000, 0.9238795325112867385, 1.000000000000000000, 0.9238795325112867385, 1.000000000000000000, 0.9238795325112867385, 1.000000000000000000, 0.9238795325112867385, 1.000000000000000000, 0.9238795325112867385, 1.000000000000000000) ) ) 
 REPRESENTATION_ITEM ( '' )  SURFACE ( )  );
#1617 = CARTESIAN_POINT ( 'NONE',  ( 0.09252404735808328340, 0.06354166666666684338, 0.03832471526136868589 ) ) ;
#1618 = CIRCLE ( 'NONE', #672, 0.2187499999999999445 ) ;
#1619 = CARTESIAN_POINT ( 'NONE',  ( -1.133092784412348150E-17, -0.03958333333333319271, 0.09252404735808328340 ) ) ;
#1620 = ORIENTED_EDGE ( 'NONE', *, *, #901, .F. ) ;
#1621 = FACE_OUTER_BOUND ( 'NONE', #421, .T. ) ;
#1622 = AXIS2_PLACEMENT_3D ( 'NONE', #512, #789, #2019 ) ;
#1623 = CARTESIAN_POINT ( 'NONE',  ( 0.07946184302187569992, 0.02097263114974222409, -0.04739741388607211087 ) ) ;
#1624 = CIRCLE ( 'NONE', #2624, 0.1666666666666662688 ) ;
#1625 = CARTESIAN_POINT ( 'NONE',  ( 0.2187499999999994171, 0.2604166666666666852, 0.000000000000000000 ) ) ;
#1626 = CARTESIAN_POINT ( 'NONE',  ( -0.2187499999999996947, 0.2446364691551470016, -0.1262953713852322801 ) ) ;
#1627 = EDGE_CURVE ( 'NONE', #2237, #1738, #1503, .T. ) ;
#1628 = CARTESIAN_POINT ( 'NONE',  ( -0.09030201150986773284, 0.07447916666666683227, 0.09030201150986771896 ) ) ;
#1629 = CARTESIAN_POINT ( 'NONE',  ( -1.530808498934192742E-17, 0.2354166666666667462, 0.1250000000000001110 ) ) ;
#1630 = CARTESIAN_POINT ( 'NONE',  ( -0.03832471526136863732, 0.05729166666666681007, 0.09252404735808328340 ) ) ;
#1631 = VERTEX_POINT ( 'NONE', #761 ) ;
#1632 = CARTESIAN_POINT ( 'NONE',  ( -0.03832471526136865120, 0.001041666666666832101, 0.09252404735808329728 ) ) ;
#1633 = CARTESIAN_POINT ( 'NONE',  ( 0.09252404735808328340, 0.1229166666666668128, 1.699639176618522147E-17 ) ) ;
#1634 = CARTESIAN_POINT ( 'NONE',  ( 2.266185568824696299E-17, 0.02916666666666682325, -0.09252404735808328340 ) ) ;
#1635 = CARTESIAN_POINT ( 'NONE',  ( 2.266185568824696299E-17, 0.3291666666666668850, -0.09252404735808328340 ) ) ;
#1636 = ORIENTED_EDGE ( 'NONE', *, *, #206, .F. ) ;
#1637 = DIRECTION ( 'NONE',  ( 0.000000000000000000, -3.257700474824860628E-16, -1.000000000000000000 ) ) ;
#1638 =( GEOMETRIC_REPRESENTATION_CONTEXT ( 3 ) GLOBAL_UNCERTAINTY_ASSIGNED_CONTEXT ( ( #453 ) ) GLOBAL_UNIT_ASSIGNED_CONTEXT ( ( #2674, #1864, #1652 ) ) REPRESENTATION_CONTEXT ( 'NONE', 'WORKASPACE' ) );
#1639 = DIRECTION ( 'NONE',  ( 0.000000000000000000, -3.213938816075595115E-16, -1.000000000000000000 ) ) ;
#1640 = CARTESIAN_POINT ( 'NONE',  ( -0.1825471026613475767, 0.2543831164259092725, -0.1471971239091465211 ) ) ;
#1641 = EDGE_CURVE ( 'NONE', #1404, #1929, #1163, .T. ) ;
#1642 = CARTESIAN_POINT ( 'NONE',  ( -0.05289769363290919291, 0.1588541666666668239, -0.1277063293868262728 ) ) ;
#1643 = DIRECTION ( 'NONE',  ( -0.000000000000000000, -1.000000000000000000, -0.000000000000000000 ) ) ;
#1644 = CARTESIAN_POINT ( 'NONE',  ( 0.09252404735808324177, 0.1197916666666667962, 0.03832471526136867201 ) ) ;
#1645 = EDGE_CURVE ( 'NONE', #1404, #1214, #2578, .T. ) ;
#1646 = EDGE_LOOP ( 'NONE', ( #2376, #563 ) ) ;
#1647 = CARTESIAN_POINT ( 'NONE',  ( 0.1304126587736524900, 0.2447916666666669627, 2.395641677031742441E-17 ) ) ;
#1648 = CARTESIAN_POINT ( 'NONE',  ( -0.03832471526136863732, 0.1385416666666668128, -0.09252404735808329728 ) ) ;
#1649 = CARTESIAN_POINT ( 'NONE',  ( 0.03832471526136869977, 0.1760416666666668462, -0.09252404735808328340 ) ) ;
#1650 = CARTESIAN_POINT ( 'NONE',  ( -0.03832471526136863732, -0.01145833333333320415, -0.09252404735808329728 ) ) ;
#1651 = VERTEX_POINT ( 'NONE', #2720 ) ;
#1652 =( NAMED_UNIT ( * ) SI_UNIT ( $, .STERADIAN. ) SOLID_ANGLE_UNIT ( ) );
#1653 = DIRECTION ( 'NONE',  ( 0.000000000000000000, 1.000000000000000000, 0.000000000000000000 ) ) ;
#1654 = CARTESIAN_POINT ( 'NONE',  ( -0.06542438130972595689, 0.2979166666666668850, 0.06542438130972595689 ) ) ;
#1655 = CARTESIAN_POINT ( 'NONE',  ( -0.08838834764831851598, 0.1166666666666667240, -0.08838834764831851598 ) ) ;
#1656 = CARTESIAN_POINT ( 'NONE',  ( 0.09030201150986773284, 0.09947916666666682672, -0.09030201150986769121 ) ) ;
#1657 = FACE_OUTER_BOUND ( 'NONE', #607, .T. ) ;
#1658 = CARTESIAN_POINT ( 'NONE',  ( -0.03832471526136863038, 0.08854166666666681007, -0.09252404735808328340 ) ) ;
#1659 = ORIENTED_EDGE ( 'NONE', *, *, #627, .F. ) ;
#1660 = CARTESIAN_POINT ( 'NONE',  ( 0.03832471526136869977, -0.02395833333333317536, -0.09252404735808328340 ) ) ;
#1661 = CARTESIAN_POINT ( 'NONE',  ( -0.09252404735808329728, 0.1510416666666667962, 0.03832471526136863038 ) ) ;
#1662 = CARTESIAN_POINT ( 'NONE',  ( -1.530808498934193050E-17, 0.07916666666666695440, 0.1250000000000001110 ) ) ;
#1663 = EDGE_CURVE ( 'NONE', #1973, #2401, #52, .T. ) ;
#1664 = CARTESIAN_POINT ( 'NONE',  ( -0.09252404735808329728, 0.2447916666666668517, 0.03832471526136863038 ) ) ;
#1665 = VERTEX_POINT ( 'NONE', #553 ) ;
#1666 = CARTESIAN_POINT ( 'NONE',  ( 0.03832471526136868589, -0.06770833333333318993, -0.09252404735808325564 ) ) ;
#1667 = CARTESIAN_POINT ( 'NONE',  ( 0.08838834764831850210, 0.09166666666666672958, 0.08838834764831852986 ) ) ;
#1668 = CONICAL_SURFACE ( 'NONE', #452, 0.2525907427704618402, 1.134464013796314008 ) ;
#1669 = CARTESIAN_POINT ( 'NONE',  ( 0.09252404735808328340, 0.3135416666666668850, 0.03832471526136867895 ) ) ;
#1670 = CARTESIAN_POINT ( 'NONE',  ( 0.01800807702608287972, 0.01093201165622384625, -0.2421937746518645074 ) ) ;
#1671 = AXIS2_PLACEMENT_3D ( 'NONE', #2296, #2266, #111 ) ;
#1672 = CARTESIAN_POINT ( 'NONE',  ( 0.1277063293868262450, 0.1401041666666668351, 0.05289769363290925536 ) ) ;
#1673 = CARTESIAN_POINT ( 'NONE',  ( 0.01800807702608192562, 0.2494846550104425631, 0.2421937746518648682 ) ) ;
#1674 = ORIENTED_EDGE ( 'NONE', *, *, #288, .F. ) ;
#1675 = CARTESIAN_POINT ( 'NONE',  ( -0.09221567537141699133, 0.2635416666666669516, -0.09221567537141699133 ) ) ;
#1676 = CARTESIAN_POINT ( 'NONE',  ( 0.09252404735808328340, 0.06979166666666682117, 0.03832471526136867895 ) ) ;
#1677 = CARTESIAN_POINT ( 'NONE',  ( 0.1250000000000001110, 0.1479166666666667240, 2.296212748401289266E-17 ) ) ;
#1678 = CARTESIAN_POINT ( 'NONE',  ( -0.09252404735808329728, 0.2885416666666668628, -0.03832471526136864426 ) ) ;
#1679 = EDGE_LOOP ( 'NONE', ( #78, #20, #2468, #1530 ) ) ;
#1680 = DIRECTION ( 'NONE',  ( -0.000000000000000000, 1.000000000000000000, -1.036218204493341887E-15 ) ) ;
#1681 = EDGE_CURVE ( 'NONE', #1916, #269, #1393, .T. ) ;
#1682 = LENGTH_MEASURE_WITH_UNIT ( LENGTH_MEASURE( 0.02539999999999999897 ), #1469 );
#1683 = CARTESIAN_POINT ( 'NONE',  ( 0.000000000000000000, 0.2604166666666666852, 0.000000000000000000 ) ) ;
#1684 = CARTESIAN_POINT ( 'NONE',  ( -0.2187500000000010270, 0.01578019751151954128, 0.1262953713852300597 ) ) ;
#1685 = CARTESIAN_POINT ( 'NONE',  ( 3.061616997868385483E-17, 0.2104166666666667240, -0.1250000000000001110 ) ) ;
#1686 = CARTESIAN_POINT ( 'NONE',  ( 0.000000000000000000, 0.2604166666666666852, 0.000000000000000000 ) ) ;
#1687 = STYLED_ITEM ( 'NONE', ( #1848 ), #2797 ) ;
#1688 = CARTESIAN_POINT ( 'NONE',  ( -0.06542438130972594301, 0.2916666666666667962, -0.06542438130972594301 ) ) ;
#1689 = EDGE_LOOP ( 'NONE', ( #1535, #1840, #673, #2535 ) ) ;
#1690 =( BOUNDED_CURVE ( )  B_SPLINE_CURVE ( 2, ( #1498, #386, #2748, #621, #442, #650, #1667, #2119, #1061 ),
 .UNSPECIFIED., .F., .F. ) 
 B_SPLINE_CURVE_WITH_KNOTS ( ( 3, 2, 2, 2, 3 ),
 ( 0.4444444444444444198, 0.4583333333333333148, 0.4722222222222222099, 0.4861111111111111049, 0.5000000000000000000 ),
 .UNSPECIFIED. ) 
 CURVE ( )  GEOMETRIC_REPRESENTATION_ITEM ( )  RATIONAL_B_SPLINE_CURVE ( ( 1.000000000000000000, 0.9238795325112867385, 1.000000000000000000, 0.9238795325112867385, 1.000000000000000000, 0.9238795325112867385, 1.000000000000000000, 0.9238795325112867385, 1.000000000000000000 ) ) 
 REPRESENTATION_ITEM ( '' )  );
#1691 = CARTESIAN_POINT ( 'NONE',  ( -0.05401869196918148569, 0.1791666666666670016, 0.1304126587736524900 ) ) ;
#1692 = CARTESIAN_POINT ( 'NONE',  ( 0.03832471526136869977, 0.03229166666666680868, -0.09252404735808328340 ) ) ;
#1693 = CARTESIAN_POINT ( 'NONE',  ( -1.530808498934192742E-17, 0.1354166666666667407, 0.1250000000000001110 ) ) ;
#1694 = CARTESIAN_POINT ( 'NONE',  ( 0.09252404735808328340, 0.1666666666666668239, 1.699639176618522147E-17 ) ) ;
#1695 = ORIENTED_EDGE ( 'NONE', *, *, #1155, .F. ) ;
#1696 = CARTESIAN_POINT ( 'NONE',  ( 0.09252404735808325564, -0.03020833333333317744, 0.03832471526136867201 ) ) ;
#1697 = CARTESIAN_POINT ( 'NONE',  ( 0.08838834764831852986, 0.04791666666666695440, -0.08838834764831850210 ) ) ;
#1698 = DIMENSIONAL_EXPONENTS ( 1.000000000000000000, 0.000000000000000000, 0.000000000000000000, 0.000000000000000000, 0.000000000000000000, 0.000000000000000000, 0.000000000000000000 ) ;
#1699 = CARTESIAN_POINT ( 'NONE',  ( -0.09252404735808329728, 0.2447916666666668517, 0.03832471526136863038 ) ) ;
#1700 = CARTESIAN_POINT ( 'NONE',  ( 0.1093749999999996808, 0.2604166666666666852, 0.1894430570778458112 ) ) ;
#1701 = CARTESIAN_POINT ( 'NONE',  ( 0.000000000000000000, 0.2604166666666666852, 0.000000000000000000 ) ) ;
#1702 = EDGE_CURVE ( 'NONE', #6, #1158, #2667, .T. ) ;
#1703 = CARTESIAN_POINT ( 'NONE',  ( -0.06542438130972594301, 0.2041666666666668295, 0.06542438130972592913 ) ) ;
#1704 = EDGE_LOOP ( 'NONE', ( #2454, #1601, #2126, #2364, #2169, #506 ) ) ;
#1705 = CARTESIAN_POINT ( 'NONE',  ( 3.194188902708990127E-17, 0.1572916666666669405, -0.1304126587736524900 ) ) ;
#1706 = CARTESIAN_POINT ( 'NONE',  ( -0.08838834764831851598, 0.1666666666666667684, -0.08838834764831851598 ) ) ;
#1707 = ADVANCED_BREP_SHAPE_REPRESENTATION ( '90630A110_High-Strength Steel Nylon-Insert Locknut_90630A110', ( #2797, #965, #511 ), #2681 ) ;
#1708 = CARTESIAN_POINT ( 'NONE',  ( -0.03832471526136865120, 0.1010416666666668212, 0.09252404735808329728 ) ) ;
#1709 = ORIENTED_EDGE ( 'NONE', *, *, #2264, .F. ) ;
#1710 = CARTESIAN_POINT ( 'NONE',  ( -0.09741112235882218306, 0.008455505320700728439, -0.06934020914439092964 ) ) ;
#1711 = CARTESIAN_POINT ( 'NONE',  ( -0.2187500000000010270, 0.01578019751151954128, 0.1262953713852300597 ) ) ;
#1712 = CARTESIAN_POINT ( 'NONE',  ( -0.2187499999999995559, 0.001453506580803349884, 0.04227229328613248821 ) ) ;
#1713 = CARTESIAN_POINT ( 'NONE',  ( 0.05177669529663701808, 0.1510416666666669350, -0.1250000000000000833 ) ) ;
#1714 = CONICAL_SURFACE ( 'NONE', #2479, 0.2525907427704618402, 1.134464013796314008 ) ;
#1715 = DIRECTION ( 'NONE',  ( 0.000000000000000000, 0.000000000000000000, -1.000000000000000000 ) ) ;
#1716 = AXIS2_PLACEMENT_3D ( 'NONE', #1129, #51, #2220 ) ;
#1717 = CARTESIAN_POINT ( 'NONE',  ( 0.1277063293868262728, -0.003645833333333178567, -0.05289769363290921372 ) ) ;
#1718 = EDGE_CURVE ( 'NONE', #2609, #1040, #944, .T. ) ;
#1719 = AXIS2_PLACEMENT_3D ( 'NONE', #1457, #595, #2735 ) ;
#1720 = ORIENTED_EDGE ( 'NONE', *, *, #1003, .F. ) ;
#1721 = CARTESIAN_POINT ( 'NONE',  ( 3.194188902708990127E-17, 0.1072916666666669655, -0.1304126587736524900 ) ) ;
#1722 = CARTESIAN_POINT ( 'NONE',  ( 0.07946184302187569992, 0.02097263114974222409, -0.04739741388607211087 ) ) ;
#1723 = CARTESIAN_POINT ( 'NONE',  ( -0.03832471526136863732, 0.08229166666666681840, -0.09252404735808329728 ) ) ;
#1724 = ORIENTED_EDGE ( 'NONE', *, *, #1991, .F. ) ;
#1725 = LINE ( 'NONE', #857, #1254 ) ;
#1726 = CARTESIAN_POINT ( 'NONE',  ( -1.530808498934192742E-17, 0.1854166666666667296, 0.1250000000000001110 ) ) ;
#1727 = CARTESIAN_POINT ( 'NONE',  ( -0.09252404735808328340, 0.1416666666666668295, -5.665463922061740748E-18 ) ) ;
#1728 = CARTESIAN_POINT ( 'NONE',  ( 0.08838834764831851598, 0.1354166666666669905, 0.08838834764831852986 ) ) ;
#1729 = CARTESIAN_POINT ( 'NONE',  ( 0.08838834764831851598, 0.1854166666666670071, 0.08838834764831852986 ) ) ;
#1730 = CARTESIAN_POINT ( 'NONE',  ( -0.09252404735808328340, 0.2947916666666667851, -0.03832471526136863732 ) ) ;
#1731 = CIRCLE ( 'NONE', #603, 0.2127499999999999114 ) ;
#1732 = EDGE_CURVE ( 'NONE', #1158, #1651, #1492, .T. ) ;
#1733 = ORIENTED_EDGE ( 'NONE', *, *, #2246, .T. ) ;
#1734 = CARTESIAN_POINT ( 'NONE',  ( 0.09221567537141700521, 0.1010416666666669600, -0.09221567537141694970 ) ) ;
#1735 = CYLINDRICAL_SURFACE ( 'NONE', #2253, 0.1250000000000000555 ) ;
#1736 = ADVANCED_FACE ( 'NONE', ( #972 ), #566, .F. ) ;
#1737 = CARTESIAN_POINT ( 'NONE',  ( -0.06542438130972595689, 0.1979166666666668795, 0.06542438130972595689 ) ) ;
#1738 = VERTEX_POINT ( 'NONE', #1223 ) ;
#1739 = CARTESIAN_POINT ( 'NONE',  ( -0.09626686461147085372, 0.01255866423287002945, 0.05611754633946034604 ) ) ;
#1740 = CARTESIAN_POINT ( 'NONE',  ( -0.2007419229739159927, 0.01093201165622384625, -0.1366923395038282529 ) ) ;
#1741 = CARTESIAN_POINT ( 'NONE',  ( -0.09252404735808329728, 0.1885416666666668573, -0.03832471526136864426 ) ) ;
#1742 = CARTESIAN_POINT ( 'NONE',  ( -0.04280481826254002586, 0.2604166666666666297, 0.08959891874637319897 ) ) ;
#1743 = CARTESIAN_POINT ( 'NONE',  ( -0.07282167473338101160, 0.001447779302353634917, 0.2105471292603046662 ) ) ;
#1744 = CARTESIAN_POINT ( 'NONE',  ( 0.06542438130972592913, 0.2666666666666668295, 0.06542438130972595689 ) ) ;
#1745 = VERTEX_POINT ( 'NONE', #1017 ) ;
#1746 = CARTESIAN_POINT ( 'NONE',  ( -0.1304126587736524900, 0.07291666666666693497, 0.05401869196918145793 ) ) ;
#1747 = CARTESIAN_POINT ( 'NONE',  ( 0.2187499999999994171, 0.2604166666666666852, 0.000000000000000000 ) ) ;
#1748 = CARTESIAN_POINT ( 'NONE',  ( 2.266185568824696299E-17, 0.1791666666666668351, -0.09252404735808328340 ) ) ;
#1749 = EDGE_LOOP ( 'NONE', ( #558, #45, #1197, #2057, #1, #2746 ) ) ;
#1750 = CARTESIAN_POINT ( 'NONE',  ( -0.06618915985403377167, 0.01389258621333607120, 0.08525406888135472760 ) ) ;
#1751 = EDGE_CURVE ( 'NONE', #1214, #1243, #1881, .T. ) ;
#1752 = CARTESIAN_POINT ( 'NONE',  ( -0.1093750000000004718, -2.420590938939690364E-16, -0.1894430570778463385 ) ) ;
#1753 = CARTESIAN_POINT ( 'NONE',  ( -0.03832471526136863732, 0.1822916666666669072, -0.09252404735808329728 ) ) ;
#1754 = DIRECTION ( 'NONE',  ( -0.000000000000000000, -1.000000000000000000, -0.000000000000000000 ) ) ;
#1755 = CARTESIAN_POINT ( 'NONE',  ( 0.08792261973725655488, 0.02054883021624503286, 0.03342582576190737675 ) ) ;
#1756 = AXIS2_PLACEMENT_3D ( 'NONE', #2766, #223, #1715 ) ;
#1757 = CARTESIAN_POINT ( 'NONE',  ( 0.06542438130972595689, 0.07916666666666680174, -0.06542438130972592913 ) ) ;
#1758 = VECTOR ( 'NONE', #393, 39.37007874015748143 ) ;
#1759 = CARTESIAN_POINT ( 'NONE',  ( 0.05401869196918156202, -0.09583333333333302062, -0.1304126587736524345 ) ) ;
#1760 = CIRCLE ( 'NONE', #2763, 0.04308333333333359827 ) ;
#1761 = CARTESIAN_POINT ( 'NONE',  ( -0.1093750000000004580, 0.2604166666666666852, 0.1894430570778459499 ) ) ;
#1762 = AXIS2_PLACEMENT_3D ( 'NONE', #2510, #1414, #2280 ) ;
#1763 = CARTESIAN_POINT ( 'NONE',  ( -0.03832471526136863732, 0.2572916666666668073, 0.09252404735808328340 ) ) ;
#1764 = ORIENTED_EDGE ( 'NONE', *, *, #1225, .F. ) ;
#1765 = DIRECTION ( 'NONE',  ( 0.000000000000000000, 0.000000000000000000, 1.000000000000000000 ) ) ;
#1766 = CARTESIAN_POINT ( 'NONE',  ( -0.03832471526136865120, 0.2510416666666668850, 0.09252404735808331115 ) ) ;
#1767 = CARTESIAN_POINT ( 'NONE',  ( 0.09252404735808328340, 0.1697916666666668406, -0.03832471526136865120 ) ) ;
#1768 = CARTESIAN_POINT ( 'NONE',  ( -0.1123312454785922593, 0.2604166666666664631, -0.04052553875774406178 ) ) ;
#1769 = CYLINDRICAL_SURFACE ( 'NONE', #233, 0.1062500000000002054 ) ;
#1770 = CARTESIAN_POINT ( 'NONE',  ( -0.09252404735808325564, 0.04791666666666679480, -5.665463922061739207E-18 ) ) ;
#1771 = CARTESIAN_POINT ( 'NONE',  ( -0.05289769363290920678, 0.2276041666666668573, 0.1277063293868262728 ) ) ;
#1772 = CARTESIAN_POINT ( 'NONE',  ( 3.194188902708990127E-17, -0.04270833333333304282, -0.1304126587736524900 ) ) ;
#1773 = FACE_OUTER_BOUND ( 'NONE', #296, .T. ) ;
#1774 = CARTESIAN_POINT ( 'NONE',  ( 0.09252404735808328340, -0.08333333333333317605, 1.699639176618522147E-17 ) ) ;
#1775 = ORIENTED_EDGE ( 'NONE', *, *, #968, .F. ) ;
#1776 = CARTESIAN_POINT ( 'NONE',  ( -0.09252404735808329728, 0.2447916666666668239, -0.03832471526136864426 ) ) ;
#1777 = CARTESIAN_POINT ( 'NONE',  ( -0.1275931599252184412, 3.331440607508055372E-17, -0.1789247975408820857 ) ) ;
#1778 = ORIENTED_EDGE ( 'NONE', *, *, #1351, .T. ) ;
#1779 = CARTESIAN_POINT ( 'NONE',  ( 0.09252404735808328340, 0.06354166666666684338, 0.03832471526136867895 ) ) ;
#1780 = CARTESIAN_POINT ( 'NONE',  ( -0.2187500000000010270, 0.2446364691551470016, 0.1262953713852300042 ) ) ;
#1781 = CARTESIAN_POINT ( 'NONE',  ( 0.07261719363378038583, 0.2604166666666667407, -0.2106651864782027317 ) ) ;
#1782 = CARTESIAN_POINT ( 'NONE',  ( 0.03832471526136868589, 0.03229166666666680868, -0.09252404735808325564 ) ) ;
#1783 = EDGE_CURVE ( 'NONE', #1364, #199, #364, .T. ) ;
#1784 = CARTESIAN_POINT ( 'NONE',  ( 0.05289769363290927617, 0.2026041666666668628, -0.1277063293868262450 ) ) ;
#1785 = CARTESIAN_POINT ( 'NONE',  ( -0.1304126587736524900, -0.08020833333333304838, -7.985472256772475317E-18 ) ) ;
#1786 = CARTESIAN_POINT ( 'NONE',  ( 0.08530379396622489452, 0.2604166666666666852, -0.07477653846883081101 ) ) ;
#1787 = CARTESIAN_POINT ( 'NONE',  ( 0.09252404735808328340, -0.03333333333333315940, 1.699639176618522147E-17 ) ) ;
#1788 = ORIENTED_EDGE ( 'NONE', *, *, #1885, .T. ) ;
#1789 = CARTESIAN_POINT ( 'NONE',  ( 0.03832471526136869977, 0.3322916666666668739, -0.09252404735808328340 ) ) ;
#1790 = CARTESIAN_POINT ( 'NONE',  ( -0.08838834764831852986, 0.1604166666666669849, -0.08838834764831852986 ) ) ;
#1791 = EDGE_LOOP ( 'NONE', ( #75, #1636 ) ) ;
#1792 = CYLINDRICAL_SURFACE ( 'NONE', #26, 0.1250000000000001110 ) ;
#1793 = CARTESIAN_POINT ( 'NONE',  ( 0.08434941900992311281, 0.02013189354473796100, 0.04359398901427870288 ) ) ;
#1794 = CARTESIAN_POINT ( 'NONE',  ( 0.09252404735808325564, 0.1760416666666667906, -0.03832471526136865120 ) ) ;
#1795 = EDGE_CURVE ( 'NONE', #2521, #1148, #1942, .T. ) ;
#1796 = VERTEX_POINT ( 'NONE', #374 ) ;
#1797 = CARTESIAN_POINT ( 'NONE',  ( 0.000000000000000000, 0.3035000000000002696, -0.1666666666666666297 ) ) ;
#1798 = AXIS2_PLACEMENT_3D ( 'NONE', #2477, #2333, #2747 ) ;
#1799 = CARTESIAN_POINT ( 'NONE',  ( 0.03832471526136868589, 0.1822916666666668239, -0.09252404735808324177 ) ) ;
#1800 = AXIS2_PLACEMENT_3D ( 'NONE', #2242, #1439, #2309 ) ;
#1801 = ORIENTED_EDGE ( 'NONE', *, *, #677, .T. ) ;
#1802 = CARTESIAN_POINT ( 'NONE',  ( 0.03832471526136869977, 0.2822916666666668295, -0.09252404735808328340 ) ) ;
#1803 = CARTESIAN_POINT ( 'NONE',  ( -0.09252404735808331115, 0.1447916666666668462, 0.03832471526136863038 ) ) ;
#1804 = CIRCLE ( 'NONE', #1671, 0.1062500000000001360 ) ;
#1805 = ORIENTED_EDGE ( 'NONE', *, *, #1556, .T. ) ;
#1806 = LENGTH_MEASURE_WITH_UNIT ( LENGTH_MEASURE( 0.02539999999999999897 ), #772 );
#1807 = LENGTH_MEASURE_WITH_UNIT ( LENGTH_MEASURE( 0.02539999999999999897 ), #2508 );
#1808 = CARTESIAN_POINT ( 'NONE',  ( 0.1250000000000001110, 0.09166666666666695162, 2.296212748401289266E-17 ) ) ;
#1809 = CARTESIAN_POINT ( 'NONE',  ( -0.03832471526136861650, 0.1385416666666668128, -0.09252404735808328340 ) ) ;
#1810 = DIRECTION ( 'NONE',  ( -0.000000000000000000, -1.000000000000000000, -0.000000000000000000 ) ) ;
#1811 = CARTESIAN_POINT ( 'NONE',  ( 0.09030201150986771896, 0.2869791666666668406, 0.09030201150986773284 ) ) ;
#1812 = CARTESIAN_POINT ( 'NONE',  ( -0.09221567537141699133, -0.03645833333333307197, -0.09221567537141699133 ) ) ;
#1813 = CARTESIAN_POINT ( 'NONE',  ( 0.06542438130972595689, 0.2291666666666667962, -0.06542438130972592913 ) ) ;
#1814 = ORIENTED_EDGE ( 'NONE', *, *, #2093, .F. ) ;
#1815 = CARTESIAN_POINT ( 'NONE',  ( -0.03832471526136865120, 0.2572916666666668073, 0.09252404735808329728 ) ) ;
#1816 = CARTESIAN_POINT ( 'NONE',  ( 0.06542438130972597077, 0.1729166666666668573, -0.06542438130972592913 ) ) ;
#1817 = EDGE_CURVE ( 'NONE', #707, #1013, #1190, .T. ) ;
#1818 = DIRECTION ( 'NONE',  ( 0.000000000000000000, 1.000000000000000000, 0.000000000000000000 ) ) ;
#1819 = CARTESIAN_POINT ( 'NONE',  ( 0.000000000000000000, -0.1250000000000000278, 0.000000000000000000 ) ) ;
#1820 = CARTESIAN_POINT ( 'NONE',  ( -0.02637425376617337155, 0.005828845726667279334, -0.1221859187397529856 ) ) ;
#1821 = FACE_OUTER_BOUND ( 'NONE', #1704, .T. ) ;
#1822 = CARTESIAN_POINT ( 'NONE',  ( -1.563951475144343594E-17, 0.1307291666666668406, 0.1277063293868262450 ) ) ;
#1823 = CARTESIAN_POINT ( 'NONE',  ( 0.1250000000000001110, 0.2479166666666667296, 2.296212748401289266E-17 ) ) ;
#1824 = CARTESIAN_POINT ( 'NONE',  ( -1.843997395723377623E-15, 0.2446364691551470016, 0.2525907427704618402 ) ) ;
#1825 = ORIENTED_EDGE ( 'NONE', *, *, #1751, .F. ) ;
#1826 = CARTESIAN_POINT ( 'NONE',  ( -0.1304126587736524900, 0.2666666666666669960, -0.05401869196918147181 ) ) ;
#1827 = CARTESIAN_POINT ( 'NONE',  ( 0.000000000000000000, 0.005828845726937577007, 0.000000000000000000 ) ) ;
#1828 = CARTESIAN_POINT ( 'NONE',  ( 0.06542438130972595689, 0.2104166666666668351, 0.06542438130972597077 ) ) ;
#1829 = CARTESIAN_POINT ( 'NONE',  ( -0.09252404735808329728, 0.001041666666666797841, 0.03832471526136863038 ) ) ;
#1830 = ORIENTED_EDGE ( 'NONE', *, *, #1831, .T. ) ;
#1831 = EDGE_CURVE ( 'NONE', #600, #1148, #2258, .T. ) ;
#1832 = PLANE ( 'NONE',  #1589 ) ;
#1833 =( CONVERSION_BASED_UNIT ( 'INCH', #1807 ) LENGTH_UNIT ( ) NAMED_UNIT ( #1698 ) );
#1834 = CARTESIAN_POINT ( 'NONE',  ( 0.2187499999999994726, 0.2494781021673614096, -0.1055295403827106321 ) ) ;
#1835 = DIRECTION ( 'NONE',  ( 0.000000000000000000, 1.000000000000000000, 0.000000000000000000 ) ) ;
#1836 = CARTESIAN_POINT ( 'NONE',  ( 0.09030201150986773284, 0.04947916666666681701, -0.09030201150986769121 ) ) ;
#1837 = CARTESIAN_POINT ( 'NONE',  ( 0.09119834477079738488, 0.02097263114974221021, 0.01675697571957161791 ) ) ;
#1838 = CARTESIAN_POINT ( 'NONE',  ( 0.06776905588663389990, 0.2604166666666667962, -0.09526369496484787813 ) ) ;
#1839 = CARTESIAN_POINT ( 'NONE',  ( -1.530808498934192742E-17, 0.1354166666666667407, 0.1250000000000001110 ) ) ;
#1840 = ORIENTED_EDGE ( 'NONE', *, *, #1850, .F. ) ;
#1841 = CARTESIAN_POINT ( 'NONE',  ( 0.03832471526136860956, -0.04270833333333318160, 0.09252404735808329728 ) ) ;
#1842 = CARTESIAN_POINT ( 'NONE',  ( 0.03832471526136860956, 0.2135416666666667962, 0.09252404735808329728 ) ) ;
#1843 = AXIS2_PLACEMENT_3D ( 'NONE', #1030, #1680, #608 ) ;
#1844 = CARTESIAN_POINT ( 'NONE',  ( -0.09252404735808331115, 0.03854166666666684199, -0.03832471526136863732 ) ) ;
#1845 = CONICAL_SURFACE ( 'NONE', #630, 0.1375000000000005107, 1.134464013796320669 ) ;
#1846 = CARTESIAN_POINT ( 'NONE',  ( 0.09252404735808328340, -0.07708333333333321213, 1.699639176618522147E-17 ) ) ;
#1847 = ORIENTED_EDGE ( 'NONE', *, *, #1817, .F. ) ;
#1848 = PRESENTATION_STYLE_ASSIGNMENT (( #2291 ) ) ;
#1849 = CARTESIAN_POINT ( 'NONE',  ( -1.133092784412348150E-17, 0.2604166666666667962, 0.09252404735808328340 ) ) ;
#1850 = EDGE_CURVE ( 'NONE', #2437, #1481, #676, .T. ) ;
#1851 = DIRECTION ( 'NONE',  ( -0.000000000000000000, -1.000000000000000000, -0.000000000000000000 ) ) ;
#1852 = DIRECTION ( 'NONE',  ( 0.000000000000000000, -0.000000000000000000, 1.000000000000000000 ) ) ;
#1853 = ADVANCED_FACE ( 'NONE', ( #610 ), #1328, .T. ) ;
#1854 = CARTESIAN_POINT ( 'NONE',  ( 0.1277063293868262450, 0.1901041666666668517, 0.05289769363290925536 ) ) ;
#1855 = DIRECTION ( 'NONE',  ( -0.000000000000000000, -1.000000000000000000, -0.000000000000000000 ) ) ;
#1856 = DIMENSIONAL_EXPONENTS ( 1.000000000000000000, 0.000000000000000000, 0.000000000000000000, 0.000000000000000000, 0.000000000000000000, 0.000000000000000000, 0.000000000000000000 ) ;
#1857 = CARTESIAN_POINT ( 'NONE',  ( -1.133092784412347841E-17, 0.1104166666666668156, 0.09252404735808325564 ) ) ;
#1858 = ORIENTED_EDGE ( 'NONE', *, *, #2776, .F. ) ;
#1859 = CARTESIAN_POINT ( 'NONE',  ( -0.09252404735808329728, -0.005208333333333169113, 0.03832471526136863038 ) ) ;
#1860 = CARTESIAN_POINT ( 'NONE',  ( 0.09252404735808328340, 0.1729166666666668017, 1.699639176618522147E-17 ) ) ;
#1861 = CARTESIAN_POINT ( 'NONE',  ( -0.06542438130972595689, 0.03541666666666682534, -0.06542438130972595689 ) ) ;
#1862 = CARTESIAN_POINT ( 'NONE',  ( -0.06542438130972595689, 0.2354166666666668295, -0.06542438130972595689 ) ) ;
#1863 = EDGE_LOOP ( 'NONE', ( #86, #1805, #2270, #2065 ) ) ;
#1864 =( NAMED_UNIT ( * ) PLANE_ANGLE_UNIT ( ) SI_UNIT ( $, .RADIAN. ) );
#1865 = LINE ( 'NONE', #521, #2302 ) ;
#1866 = DIRECTION ( 'NONE',  ( -0.000000000000000000, -1.000000000000000000, -0.000000000000000000 ) ) ;
#1867 = CARTESIAN_POINT ( 'NONE',  ( -0.1825471026613487147, 0.006033550240757222689, 0.1471971239091453554 ) ) ;
#1868 = CARTESIAN_POINT ( 'NONE',  ( 3.127902950288687189E-17, 0.1057291666666668323, -0.1277063293868262450 ) ) ;
#1869 = CARTESIAN_POINT ( 'NONE',  ( 0.000000000000000000, 0.3125000000000000000, 0.000000000000000000 ) ) ;
#1870 = ADVANCED_FACE ( 'NONE', ( #265 ), #1576, .T. ) ;
#1871 = CARTESIAN_POINT ( 'NONE',  ( 0.03832471526136868589, 0.1322916666666668628, -0.09252404735808324177 ) ) ;
#1872 = ORIENTED_EDGE ( 'NONE', *, *, #489, .T. ) ;
#1873 = CARTESIAN_POINT ( 'NONE',  ( 0.06542438130972595689, -0.03958333333333319271, 0.06542438130972597077 ) ) ;
#1874 = CARTESIAN_POINT ( 'NONE',  ( -1.133092784412348150E-17, 0.06041666666666679897, 0.09252404735808328340 ) ) ;
#1875 = CARTESIAN_POINT ( 'NONE',  ( 0.000000000000000000, 0.2446364691551470016, -0.2525907427704618402 ) ) ;
#1876 = CARTESIAN_POINT ( 'NONE',  ( 2.266185568824696299E-17, 0.2291666666666668517, -0.09252404735808328340 ) ) ;
#1877 = ORIENTED_EDGE ( 'NONE', *, *, #2498, .F. ) ;
#1878 = DIRECTION ( 'NONE',  ( 0.000000000000000000, 0.000000000000000000, -1.000000000000000000 ) ) ;
#1879 = SHAPE_DEFINITION_REPRESENTATION ( #1299, #1707 ) ;
#1880 = DIRECTION ( 'NONE',  ( 0.000000000000000000, 0.000000000000000000, -1.000000000000000000 ) ) ;
#1881 = LINE ( 'NONE', #2764, #990 ) ;
#1882 = CARTESIAN_POINT ( 'NONE',  ( 0.05177669529663690706, 0.1322916666666669461, 0.1250000000000001388 ) ) ;
#1883 = CARTESIAN_POINT ( 'NONE',  ( -0.09030201150986773284, 0.06197916666666682117, -0.09030201150986773284 ) ) ;
#1884 = LINE ( 'NONE', #1181, #1306 ) ;
#1885 = EDGE_CURVE ( 'NONE', #2521, #2490, #11, .T. ) ;
#1886 = CARTESIAN_POINT ( 'NONE',  ( 0.03615015522265848519, 0.2534738110099868935, 0.2317194409214122230 ) ) ;
#1887 = ORIENTED_EDGE ( 'NONE', *, *, #2758, .F. ) ;
#1888 = CARTESIAN_POINT ( 'NONE',  ( -0.05401869196918148569, 0.2791666666666668961, 0.1304126587736524900 ) ) ;
#1889 = CARTESIAN_POINT ( 'NONE',  ( -0.03832471526136863732, 0.08854166666666681007, -0.09252404735808329728 ) ) ;
#1890 = CARTESIAN_POINT ( 'NONE',  ( 0.006102047580794632206, 0.2604166666666666852, 0.09252404735808325564 ) ) ;
#1891 = CARTESIAN_POINT ( 'NONE',  ( -0.06542438130972595689, 0.2854166666666668739, -0.06542438130972595689 ) ) ;
#1892 = CIRCLE ( 'NONE', #1034, 0.2187499999999999445 ) ;
#1893 = EDGE_LOOP ( 'NONE', ( #2550, #635, #2458, #1491 ) ) ;
#1894 = CARTESIAN_POINT ( 'NONE',  ( 0.09252404735808325564, -0.07708333333333321213, 1.699639176618521531E-17 ) ) ;
#1895 = CARTESIAN_POINT ( 'NONE',  ( -0.05177669529663694176, 0.08229166666666672125, 0.1250000000000001110 ) ) ;
#1896 = AXIS2_PLACEMENT_3D ( 'NONE', #2392, #1950, #2631 ) ;
#1897 = CARTESIAN_POINT ( 'NONE',  ( 0.03832471526136869977, 0.2760416666666668517, -0.09252404735808328340 ) ) ;
#1898 = CARTESIAN_POINT ( 'NONE',  ( 0.1275931599252177751, 0.2604166666666667962, -0.1789247975408816416 ) ) ;
#1899 = DIRECTION ( 'NONE',  ( 0.000000000000000000, 0.000000000000000000, -1.000000000000000000 ) ) ;
#1900 = AXIS2_PLACEMENT_3D ( 'NONE', #2017, #152, #93 ) ;
#1901 = CARTESIAN_POINT ( 'NONE',  ( 0.09252404735808325564, 0.2760416666666667962, -0.03832471526136865120 ) ) ;
#1902 = ORIENTED_EDGE ( 'NONE', *, *, #1079, .T. ) ;
#1903 = CARTESIAN_POINT ( 'NONE',  ( -1.597094451354495063E-17, 0.08229166666666695718, 0.1304126587736524900 ) ) ;
#1904 = CARTESIAN_POINT ( 'NONE',  ( 0.06542438130972597077, 0.1291666666666668184, -0.06542438130972592913 ) ) ;
#1905 = CARTESIAN_POINT ( 'NONE',  ( 0.05177669529663701808, 0.1572916666666667462, -0.1250000000000000555 ) ) ;
#1906 = CARTESIAN_POINT ( 'NONE',  ( -0.06542438130972595689, 0.09791666666666684615, 0.06542438130972595689 ) ) ;
#1907 = VERTEX_POINT ( 'NONE', #2210 ) ;
#1908 = CARTESIAN_POINT ( 'NONE',  ( -0.03832471526136861650, -0.06145833333333321213, -0.09252404735808328340 ) ) ;
#1909 = EDGE_CURVE ( 'NONE', #1929, #1404, #1084, .T. ) ;
#1910 = CARTESIAN_POINT ( 'NONE',  ( -0.1250000000000001110, 0.07604166666666670182, 0.05177669529663691400 ) ) ;
#1911 = CARTESIAN_POINT ( 'NONE',  ( -0.2187499999999994171, 0.01117275176996091780, 0.1055884679112522179 ) ) ;
#1912 = DIRECTION ( 'NONE',  ( 0.000000000000000000, 1.024442997624101221E-15, 1.000000000000000000 ) ) ;
#1913 =( BOUNDED_CURVE ( )  B_SPLINE_CURVE ( 2, ( #1016, #803, #2379, #832, #166, #637, #1281, #1031, #2778 ),
 .UNSPECIFIED., .F., .F. ) 
 B_SPLINE_CURVE_WITH_KNOTS ( ( 3, 2, 2, 2, 3 ),
 ( 0.1666666666666666574, 0.1805555555555555525, 0.1944444444444444475, 0.2083333333333333426, 0.2222222222222222099 ),
 .UNSPECIFIED. ) 
 CURVE ( )  GEOMETRIC_REPRESENTATION_ITEM ( )  RATIONAL_B_SPLINE_CURVE ( ( 1.000000000000000000, 0.9238795325112867385, 1.000000000000000000, 0.9238795325112867385, 1.000000000000000000, 0.9238795325112867385, 1.000000000000000000, 0.9238795325112867385, 1.000000000000000000 ) ) 
 REPRESENTATION_ITEM ( '' )  );
#1914 = CYLINDRICAL_SURFACE ( 'NONE', #1206, 0.1250000000000001110 ) ;
#1915 = CARTESIAN_POINT ( 'NONE',  ( -0.09030201150986773284, -0.02552083333333320103, 0.09030201150986771896 ) ) ;
#1916 = VERTEX_POINT ( 'NONE', #1797 ) ;
#1917 = CARTESIAN_POINT ( 'NONE',  ( 0.05401869196918156202, 0.2041666666666669683, -0.1304126587736524345 ) ) ;
#1918 = CARTESIAN_POINT ( 'NONE',  ( 0.05635965756678664590, 0.2604166666666665741, 0.07362669384332926059 ) ) ;
#1919 = CARTESIAN_POINT ( 'NONE',  ( -0.09252404735808328340, 0.04166666666666682395, -5.665463922061740748E-18 ) ) ;
#1920 = ORIENTED_EDGE ( 'NONE', *, *, #919, .T. ) ;
#1921 = CARTESIAN_POINT ( 'NONE',  ( -0.1250000000000001110, 0.01979166666666696064, 0.05177669529663691400 ) ) ;
#1922 =( NAMED_UNIT ( * ) PLANE_ANGLE_UNIT ( ) SI_UNIT ( $, .RADIAN. ) );
#1923 = FACE_OUTER_BOUND ( 'NONE', #2713, .T. ) ;
#1924 = EDGE_CURVE ( 'NONE', #454, #199, #2522, .T. ) ;
#1925 = CARTESIAN_POINT ( 'NONE',  ( -0.03832471526136865120, 0.2510416666666668850, 0.09252404735808329728 ) ) ;
#1926 = CARTESIAN_POINT ( 'NONE',  ( 0.2187499999999994171, 0.2446364691551470016, 0.1262953713852307813 ) ) ;
#1927 = CARTESIAN_POINT ( 'NONE',  ( -0.2187499999999994726, 0.2548377752733208546, 0.07403211338826980181 ) ) ;
#1928 = CARTESIAN_POINT ( 'NONE',  ( 0.1277063293868262728, -0.05364583333333320520, -0.05289769363290921372 ) ) ;
#1929 = VERTEX_POINT ( 'NONE', #305 ) ;
#1930 = CARTESIAN_POINT ( 'NONE',  ( -0.09221567537141699133, 0.1635416666666669738, -0.09221567537141699133 ) ) ;
#1931 = CARTESIAN_POINT ( 'NONE',  ( 0.03832471526136869977, 0.1260416666666668850, -0.09252404735808328340 ) ) ;
#1932 = ORIENTED_EDGE ( 'NONE', *, *, #1345, .F. ) ;
#1933 = CARTESIAN_POINT ( 'NONE',  ( -1.256958351638982646E-17, 0.01625621310825416457, 0.1026384384880706796 ) ) ;
#1934 = CARTESIAN_POINT ( 'NONE',  ( 0.1250000000000000555, 0.1947916666666667518, 0.05177669529663699727 ) ) ;
#1935 = CARTESIAN_POINT ( 'NONE',  ( -0.06542438130972595689, 0.1979166666666668795, 0.06542438130972595689 ) ) ;
#1936 = CARTESIAN_POINT ( 'NONE',  ( 0.03615015522265926928, 0.006942855656679545323, -0.2317194409214118622 ) ) ;
#1937 = TOROIDAL_SURFACE ( 'NONE', #1843, 0.1666666666666664354, 0.04608333333333345522 ) ;
#1938 = LINE ( 'NONE', #2164, #2115 ) ;
#1939 = EDGE_CURVE ( 'NONE', #2437, #1973, #708, .T. ) ;
#1940 = CONICAL_SURFACE ( 'NONE', #1488, 0.2187499999999999445, 1.134464013796316451 ) ;
#1941 = CARTESIAN_POINT ( 'NONE',  ( 0.03832471526136860956, 0.2135416666666667962, 0.09252404735808329728 ) ) ;
#1942 = CIRCLE ( 'NONE', #1445, 0.04608333333333345522 ) ;
#1943 = EDGE_CURVE ( 'NONE', #1481, #2437, #1804, .T. ) ;
#1944 = ORIENTED_EDGE ( 'NONE', *, *, #321, .T. ) ;
#1945 = CARTESIAN_POINT ( 'NONE',  ( 0.1304126587736524623, 0.04791666666666696134, -0.05401869196918149957 ) ) ;
#1946 = CARTESIAN_POINT ( 'NONE',  ( 0.000000000000000000, 0.2604166666666666852, 0.000000000000000000 ) ) ;
#1947 = CARTESIAN_POINT ( 'NONE',  ( -0.09252404735808329728, 0.09479166666666682950, 0.03832471526136863038 ) ) ;
#1948 = EDGE_LOOP ( 'NONE', ( #1516, #2248, #619 ) ) ;
#1949 = CARTESIAN_POINT ( 'NONE',  ( 0.2187499999999994171, 0.3125000000000000000, -0.1262953713852307813 ) ) ;
#1950 = DIRECTION ( 'NONE',  ( -0.000000000000000000, -1.000000000000000000, -0.000000000000000000 ) ) ;
#1951 = CARTESIAN_POINT ( 'NONE',  ( 0.09252404735808328340, 0.2166666666666668406, 1.699639176618522147E-17 ) ) ;
#1952 = DIRECTION ( 'NONE',  ( 0.000000000000000000, 1.000000000000000000, 0.000000000000000000 ) ) ;
#1953 = DIRECTION ( 'NONE',  ( 0.000000000000000000, 0.000000000000000000, -1.000000000000000000 ) ) ;
#1954 = CARTESIAN_POINT ( 'NONE',  ( -0.06542438130972594301, 0.2541666666666668184, 0.06542438130972592913 ) ) ;
#1955 = EDGE_CURVE ( 'NONE', #1907, #6, #319, .T. ) ;
#1956 = ORIENTED_EDGE ( 'NONE', *, *, #1295, .T. ) ;
#1957 = CARTESIAN_POINT ( 'NONE',  ( -0.05401869196918146487, 0.2104166666666669461, -0.1304126587736524900 ) ) ;
#1958 = CARTESIAN_POINT ( 'NONE',  ( 0.03620289733865077186, 0.006033550240757100391, 0.2316889902465464335 ) ) ;
#1959 = CARTESIAN_POINT ( 'NONE',  ( 0.06542438130972597077, 0.02291666666666682117, -0.06542438130972592913 ) ) ;
#1960 = ORIENTED_EDGE ( 'NONE', *, *, #919, .F. ) ;
#1961 = DIRECTION ( 'NONE',  ( 0.000000000000000000, 1.000000000000000000, 0.000000000000000000 ) ) ;
#1962 = CARTESIAN_POINT ( 'NONE',  ( -0.05177669529663692094, 0.1572916666666669405, -0.1250000000000001110 ) ) ;
#1963 = CARTESIAN_POINT ( 'NONE',  ( 2.266185568824696299E-17, 0.1291666666666668462, -0.09252404735808328340 ) ) ;
#1964 = CARTESIAN_POINT ( 'NONE',  ( 0.000000000000000000, -0.1250000000000000278, 0.000000000000000000 ) ) ;
#1965 = CARTESIAN_POINT ( 'NONE',  ( 0.000000000000000000, 0.01578019751151954128, 0.000000000000000000 ) ) ;
#1966 = CARTESIAN_POINT ( 'NONE',  ( 0.1037598151986631190, 0.2604166666666666297, -0.02469683431851692895 ) ) ;
#1967 = CARTESIAN_POINT ( 'NONE',  ( -1.133092784412347841E-17, 0.01041666666666678405, 0.09252404735808325564 ) ) ;
#1968 = CARTESIAN_POINT ( 'NONE',  ( -0.1277063293868262450, 0.3182291666666668406, -7.819757375721717972E-18 ) ) ;
#1969 = CARTESIAN_POINT ( 'NONE',  ( -0.05401869196918148569, -0.02083333333333306156, 0.1304126587736524900 ) ) ;
#1970 = DIRECTION ( 'NONE',  ( -0.000000000000000000, 1.000000000000000000, -0.000000000000000000 ) ) ;
#1971 = EDGE_CURVE ( 'NONE', #2570, #1013, #1195, .T. ) ;
#1972 = CARTESIAN_POINT ( 'NONE',  ( -1.133092784412348150E-17, -0.04583333333333316356, 0.09252404735808328340 ) ) ;
#1973 = VERTEX_POINT ( 'NONE', #962 ) ;
#1974 = DIRECTION ( 'NONE',  ( -0.000000000000000000, -1.000000000000000000, -0.000000000000000000 ) ) ;
#1975 = CARTESIAN_POINT ( 'NONE',  ( 2.266185568824696299E-17, 0.07916666666666682950, -0.09252404735808328340 ) ) ;
#1976 =( BOUNDED_SURFACE ( )  B_SPLINE_SURFACE ( 1, 2, ( 
 ( #1156, #1995, #2020, #318, #1371, #1133, #2234, #1356, #2451, #2222, #56, #2009, #1968, #71, #2664, #721, #304, #735, #41, #947, #2679, #293, #1811, #1594, #2465, #526, #2625, #683, #280, #1145, #1982, #1384, #934, #1543, #921, #2413, #475, #1331, #264, #1118, #907, #1771, #2637, #696, #1554, #486, #2424, #1342, #2209, #1784, #2062, #2094, #2265, #1854, #2723, #1180, #2047, #2707, #1608, #168, #1227, #375, #749, #1642, #598, #1461, #333, #1020, #2326, #1672, #2737, #961, #1822, #155, #1446, #554, #123, #2511, #568, #790, #1868, #974, #1656, #2480, #1004, #2281, #2525, #1429, #582, #2496, #1628, #541, #2693, #1168, #1883, #1194, #1400, #2313, #1836, #2543, #2751, #763, #807, #1211, #2034, #991, #776, #110, #1415, #347, #137, #2295, #362, #2078, #198, #1717, #2384, #1052, #1080, #2569, #389, #1285, #1915, #403, #1037, #211, #1066, #1092, #1271, #182, #2557, #1928, #836 ),
 ( #875, #2138, #1489, #2782, #2798, #2167, #1241, #862, #1515, #1257, #848, #2583, #2355, #1730, #1688, #2596, #2371, #654, #614, #1901, #641, #666, #1744, #2767, #2108, #447, #1954, #1501, #224, #1300, #239, #2608, #823, #1475, #420, #434, #2125, #15, #2152, #1941, #27, #1528, #1703, #2339, #626, #1542, #1131, #1341, #461, #473, #2008, #1794, #1144, #1117, #81, #291, #263, #888, #1553, #932, #2018, #905, #94, #1809, #40, #2193, #510, #2677, #1980, #1154, #2411, #2422, #694, #485, #2399, #1314, #251, #946, #1327, #2662, #720, #1370, #1757, #2207, #279, #1581, #2450, #1994, #2221, #54, #2233, #2436, #1770, #303, #69, #920, #498, #1782, #732, #2623, #2180, #2636, #2648, #1104, #1967, #682, #705, #1566, #1355, #2118, #2536, #2564, #108, #1047, #315, #2551, #1468, #1696, #746, #2103, #2691, #1482, #1165, #415, #2244, #1382, #205, #1908, #524, #1666, #2349, #2033, #1894 ) ),
 .UNSPECIFIED., .F., .F., .T. ) 
 B_SPLINE_SURFACE_WITH_KNOTS ( ( 2, 2 ),
 ( 3, 2, 2, 2, 2, 2, 2, 2, 2, 2, 2, 2, 2, 2, 2, 2, 2, 2, 2, 2, 2, 2, 2, 2, 2, 2, 2, 2, 2, 2, 2, 2, 2, 2, 2, 2, 2, 2, 2, 2, 2, 2, 2, 2, 2, 2, 2, 2, 2, 2, 2, 2, 2, 2, 2, 2, 2, 2, 2, 2, 2, 2, 2, 2, 2, 2, 3 ),
 ( 0.000000000000000000, 1.000000000000000000 ),
 ( 0.000000000000000000, 0.01388888888888888812, 0.02777777777777777624, 0.04166666666666666435, 0.05555555555555555247, 0.06944444444444444753, 0.08333333333333332871, 0.09722222222222222376, 0.1111111111111111049, 0.1250000000000000000, 0.1388888888888888951, 0.1527777777777777901, 0.1666666666666666574, 0.1805555555555555525, 0.1944444444444444475, 0.2083333333333333426, 0.2222222222222222099, 0.2361111111111111049, 0.2500000000000000000, 0.2638888888888888951, 0.2777777777777777901, 0.2916666666666666852, 0.3055555555555555802, 0.3194444444444444198, 0.3333333333333333148, 0.3472222222222222099, 0.3611111111111111049, 0.3750000000000000000, 0.3888888888888888951, 0.4027777777777777901, 0.4166666666666666852, 0.4305555555555555802, 0.4444444444444444198, 0.4583333333333333148, 0.4722222222222222099, 0.4861111111111111049, 0.5000000000000000000, 0.5138888888888888395, 0.5277777777777777901, 0.5416666666666666297, 0.5555555555555555802, 0.5694444444444444198, 0.5833333333333333703, 0.5972222222222222099, 0.6111111111111111605, 0.6250000000000000000, 0.6388888888888888395, 0.6527777777777777901, 0.6666666666666666297, 0.6805555555555555802, 0.6944444444444444198, 0.7083333333333333703, 0.7222222222222222099, 0.7361111111111111605, 0.7500000000000000000, 0.7638888888888888395, 0.7777777777777777901, 0.7916666666666666297, 0.8055555555555555802, 0.8194444444444444198, 0.8333333333333333703, 0.8472222222222222099, 0.8611111111111111605, 0.8750000000000000000, 0.8888888888888888395, 0.9027777777777777901, 0.9166666666666666297 ),
 .UNSPECIFIED. ) 
 GEOMETRIC_REPRESENTATION_ITEM ( )  RATIONAL_B_SPLINE_SURFACE ( (
 ( 1.000000000000000000, 0.9238795325112867385, 1.000000000000000000, 0.9238795325112867385, 1.000000000000000000, 0.9238795325112867385, 1.000000000000000000, 0.9238795325112867385, 1.000000000000000000, 0.9238795325112867385, 1.000000000000000000, 0.9238795325112867385, 1.000000000000000000, 0.9238795325112867385, 1.000000000000000000, 0.9238795325112867385, 1.000000000000000000, 0.9238795325112867385, 1.000000000000000000, 0.9238795325112867385, 1.000000000000000000, 0.9238795325112867385, 1.000000000000000000, 0.9238795325112867385, 1.000000000000000000, 0.9238795325112867385, 1.000000000000000000, 0.9238795325112867385, 1.000000000000000000, 0.9238795325112867385, 1.000000000000000000, 0.9238795325112867385, 1.000000000000000000, 0.9238795325112867385, 1.000000000000000000, 0.9238795325112867385, 1.000000000000000000, 0.9238795325112867385, 1.000000000000000000, 0.9238795325112867385, 1.000000000000000000, 0.9238795325112867385, 1.000000000000000000, 0.9238795325112867385, 1.000000000000000000, 0.9238795325112867385, 1.000000000000000000, 0.9238795325112867385, 1.000000000000000000, 0.9238795325112867385, 1.000000000000000000, 0.9238795325112867385, 1.000000000000000000, 0.9238795325112867385, 1.000000000000000000, 0.9238795325112867385, 1.000000000000000000, 0.9238795325112867385, 1.000000000000000000, 0.9238795325112867385, 1.000000000000000000, 0.9238795325112867385, 1.000000000000000000, 0.9238795325112867385, 1.000000000000000000, 0.9238795325112867385, 1.000000000000000000, 0.9238795325112867385, 1.000000000000000000, 0.9238795325112867385, 1.000000000000000000, 0.9238795325112867385, 1.000000000000000000, 0.9238795325112867385, 1.000000000000000000, 0.9238795325112867385, 1.000000000000000000, 0.9238795325112867385, 1.000000000000000000, 0.9238795325112867385, 1.000000000000000000, 0.9238795325112867385, 1.000000000000000000, 0.9238795325112867385, 1.000000000000000000, 0.9238795325112867385, 1.000000000000000000, 0.9238795325112867385, 1.000000000000000000, 0.9238795325112867385, 1.000000000000000000, 0.9238795325112867385, 1.000000000000000000, 0.9238795325112867385, 1.000000000000000000, 0.9238795325112867385, 1.000000000000000000, 0.9238795325112867385, 1.000000000000000000, 0.9238795325112867385, 1.000000000000000000, 0.9238795325112867385, 1.000000000000000000, 0.9238795325112867385, 1.000000000000000000, 0.9238795325112867385, 1.000000000000000000, 0.9238795325112867385, 1.000000000000000000, 0.9238795325112867385, 1.000000000000000000, 0.9238795325112867385, 1.000000000000000000, 0.9238795325112867385, 1.000000000000000000, 0.9238795325112867385, 1.000000000000000000, 0.9238795325112867385, 1.000000000000000000, 0.9238795325112867385, 1.000000000000000000, 0.9238795325112867385, 1.000000000000000000, 0.9238795325112867385, 1.000000000000000000, 0.9238795325112867385, 1.000000000000000000, 0.9238795325112867385, 1.000000000000000000, 0.9238795325112867385, 1.000000000000000000, 0.9238795325112867385, 1.000000000000000000),
 ( 1.000000000000000000, 0.9238795325112867385, 1.000000000000000000, 0.9238795325112867385, 1.000000000000000000, 0.9238795325112867385, 1.000000000000000000, 0.9238795325112867385, 1.000000000000000000, 0.9238795325112867385, 1.000000000000000000, 0.9238795325112867385, 1.000000000000000000, 0.9238795325112867385, 1.000000000000000000, 0.9238795325112867385, 1.000000000000000000, 0.9238795325112867385, 1.000000000000000000, 0.9238795325112867385, 1.000000000000000000, 0.9238795325112867385, 1.000000000000000000, 0.9238795325112867385, 1.000000000000000000, 0.9238795325112867385, 1.000000000000000000, 0.9238795325112867385, 1.000000000000000000, 0.9238795325112867385, 1.000000000000000000, 0.9238795325112867385, 1.000000000000000000, 0.9238795325112867385, 1.000000000000000000, 0.9238795325112867385, 1.000000000000000000, 0.9238795325112867385, 1.000000000000000000, 0.9238795325112867385, 1.000000000000000000, 0.9238795325112867385, 1.000000000000000000, 0.9238795325112867385, 1.000000000000000000, 0.9238795325112867385, 1.000000000000000000, 0.9238795325112867385, 1.000000000000000000, 0.9238795325112867385, 1.000000000000000000, 0.9238795325112867385, 1.000000000000000000, 0.9238795325112867385, 1.000000000000000000, 0.9238795325112867385, 1.000000000000000000, 0.9238795325112867385, 1.000000000000000000, 0.9238795325112867385, 1.000000000000000000, 0.9238795325112867385, 1.000000000000000000, 0.9238795325112867385, 1.000000000000000000, 0.9238795325112867385, 1.000000000000000000, 0.9238795325112867385, 1.000000000000000000, 0.9238795325112867385, 1.000000000000000000, 0.9238795325112867385, 1.000000000000000000, 0.9238795325112867385, 1.000000000000000000, 0.9238795325112867385, 1.000000000000000000, 0.9238795325112867385, 1.000000000000000000, 0.9238795325112867385, 1.000000000000000000, 0.9238795325112867385, 1.000000000000000000, 0.9238795325112867385, 1.000000000000000000, 0.9238795325112867385, 1.000000000000000000, 0.9238795325112867385, 1.000000000000000000, 0.9238795325112867385, 1.000000000000000000, 0.9238795325112867385, 1.000000000000000000, 0.9238795325112867385, 1.000000000000000000, 0.9238795325112867385, 1.000000000000000000, 0.9238795325112867385, 1.000000000000000000, 0.9238795325112867385, 1.000000000000000000, 0.9238795325112867385, 1.000000000000000000, 0.9238795325112867385, 1.000000000000000000, 0.9238795325112867385, 1.000000000000000000, 0.9238795325112867385, 1.000000000000000000, 0.9238795325112867385, 1.000000000000000000, 0.9238795325112867385, 1.000000000000000000, 0.9238795325112867385, 1.000000000000000000, 0.9238795325112867385, 1.000000000000000000, 0.9238795325112867385, 1.000000000000000000, 0.9238795325112867385, 1.000000000000000000, 0.9238795325112867385, 1.000000000000000000, 0.9238795325112867385, 1.000000000000000000, 0.9238795325112867385, 1.000000000000000000, 0.9238795325112867385, 1.000000000000000000, 0.9238795325112867385, 1.000000000000000000, 0.9238795325112867385, 1.000000000000000000) ) ) 
 REPRESENTATION_ITEM ( '' )  SURFACE ( )  );
#1977 = CARTESIAN_POINT ( 'NONE',  ( -0.1825998447773410083, 0.2534738110099867825, 0.1471666732342795936 ) ) ;
#1978 = CARTESIAN_POINT ( 'NONE',  ( -0.09115684007478243311, -1.386599604206055243E-16, 0.1999613166148102028 ) ) ;
#1979 = CIRCLE ( 'NONE', #2435, 0.2187499999999999445 ) ;
#1980 = CARTESIAN_POINT ( 'NONE',  ( 0.09252404735808325564, 0.1229166666666668128, 1.699639176618521531E-17 ) ) ;
#1981 = TOROIDAL_SURFACE ( 'NONE', #1207, 0.1666666666666666297, 0.04308333333333359827 ) ;
#1982 = CARTESIAN_POINT ( 'NONE',  ( -0.09030201150986773284, 0.2619791666666668184, -0.09030201150986773284 ) ) ;
#1983 = CARTESIAN_POINT ( 'NONE',  ( 0.000000000000000000, 0.2604166666666666852, 0.000000000000000000 ) ) ;
#1984 = AXIS2_PLACEMENT_3D ( 'NONE', #302, #2676, #2462 ) ;
#1985 = DIRECTION ( 'NONE',  ( 0.000000000000000000, 0.000000000000000000, -1.000000000000000000 ) ) ;
#1986 = CARTESIAN_POINT ( 'NONE',  ( 0.09252404735808328340, -0.08020833333333318715, -0.03832471526136865120 ) ) ;
#1987 = ORIENTED_EDGE ( 'NONE', *, *, #2036, .T. ) ;
#1988 = CARTESIAN_POINT ( 'NONE',  ( 0.000000000000000000, 0.2604166666666666852, 0.000000000000000000 ) ) ;
#1989 = ORIENTED_EDGE ( 'NONE', *, *, #267, .T. ) ;
#1990 = CARTESIAN_POINT ( 'NONE',  ( 0.09252404735808328340, 0.1666666666666668239, 1.699639176618522147E-17 ) ) ;
#1991 = EDGE_CURVE ( 'NONE', #771, #1364, #2168, .T. ) ;
#1992 = CARTESIAN_POINT ( 'NONE',  ( 0.000000000000000000, 0.01578019751151954128, 0.000000000000000000 ) ) ;
#1993 = CARTESIAN_POINT ( 'NONE',  ( 0.08838834764831852986, 0.1979166666666669905, -0.08838834764831850210 ) ) ;
#1994 = CARTESIAN_POINT ( 'NONE',  ( 0.03832471526136860956, 0.06354166666666681562, 0.09252404735808329728 ) ) ;
#1995 = CARTESIAN_POINT ( 'NONE',  ( 0.05289769363290927617, 0.3526041666666668850, -0.1277063293868262450 ) ) ;
#1996 = CARTESIAN_POINT ( 'NONE',  ( 0.000000000000000000, 0.2604166666666669072, -1.674041909910648421E-16 ) ) ;
#1997 = CARTESIAN_POINT ( 'NONE',  ( -0.2187499999999996947, 0.2534945555596977429, -0.08440970800976189958 ) ) ;
#1998 = MECHANICAL_DESIGN_GEOMETRIC_PRESENTATION_REPRESENTATION (  '', ( #1363 ), #958 ) ;
#1999 = CARTESIAN_POINT ( 'NONE',  ( -1.133092784412347841E-17, 0.2104166666666668073, 0.09252404735808325564 ) ) ;
#2000 = ORIENTED_EDGE ( 'NONE', *, *, #643, .T. ) ;
#2001 = CARTESIAN_POINT ( 'NONE',  ( -0.08936874909146259871, 0.008048400232320545439, -0.08074283061027121011 ) ) ;
#2002 = DIRECTION ( 'NONE',  ( 0.000000000000000000, 0.000000000000000000, -1.000000000000000000 ) ) ;
#2003 = PRODUCT ( '90630A110_High-Strength Steel Nylon-Insert Locknut_90630A110', '90630A110_High-Strength Steel Nylon-Insert Locknut_90630A110', '', ( #1074 ) ) ;
#2004 = VERTEX_POINT ( 'NONE', #1212 ) ;
#2005 = DIRECTION ( 'NONE',  ( -1.224646799147353207E-16, 0.000000000000000000, -1.000000000000000000 ) ) ;
#2006 = CARTESIAN_POINT ( 'NONE',  ( 0.2187499999999994171, 0.3125000000000000000, 0.1262953713852307813 ) ) ;
#2007 = EDGE_CURVE ( 'NONE', #131, #1230, #2196, .T. ) ;
#2008 = CARTESIAN_POINT ( 'NONE',  ( 0.06542438130972595689, 0.1791666666666668351, -0.06542438130972592913 ) ) ;
#2009 = CARTESIAN_POINT ( 'NONE',  ( -0.1277063293868262728, 0.3213541666666668295, 0.05289769363290917903 ) ) ;
#2010 = CARTESIAN_POINT ( 'NONE',  ( -0.1304126587736524900, -0.08333333333333303727, -0.05401869196918147181 ) ) ;
#2011 = CARTESIAN_POINT ( 'NONE',  ( 0.03832471526136869977, -0.02395833333333317536, -0.09252404735808328340 ) ) ;
#2012 = VERTEX_POINT ( 'NONE', #348 ) ;
#2013 = CARTESIAN_POINT ( 'NONE',  ( 0.06542438130972597077, 0.2791666666666668406, -0.06542438130972592913 ) ) ;
#2014 = CARTESIAN_POINT ( 'NONE',  ( 0.03832471526136869977, 0.07604166666666685448, -0.09252404735808328340 ) ) ;
#2015 = EDGE_LOOP ( 'NONE', ( #1814, #1858, #1695 ) ) ;
#2016 = CARTESIAN_POINT ( 'NONE',  ( 0.01085282108847228366, 0.01661264182427148184, 0.1018740746399031949 ) ) ;
#2017 = CARTESIAN_POINT ( 'NONE',  ( 0.000000000000000000, 0.2604166666666666852, -0.1666666666666666297 ) ) ;
#2018 = CARTESIAN_POINT ( 'NONE',  ( -0.09252404735808325564, 0.1479166666666668073, -5.665463922061739207E-18 ) ) ;
#2019 = DIRECTION ( 'NONE',  ( 0.000000000000000000, 0.000000000000000000, 1.000000000000000000 ) ) ;
#2020 = CARTESIAN_POINT ( 'NONE',  ( 0.09030201150986773284, 0.3494791666666668406, -0.09030201150986769121 ) ) ;
#2021 = CARTESIAN_POINT ( 'NONE',  ( 0.2187499999999994449, 0.01337453118735350797, 0.1159774352240112161 ) ) ;
#2022 = EDGE_CURVE ( 'NONE', #868, #2012, #2385, .T. ) ;
#2023 = CIRCLE ( 'NONE', #1756, 0.2187499999999999445 ) ;
#2024 = CARTESIAN_POINT ( 'NONE',  ( 2.266185568824695683E-17, 0.1854166666666667851, -0.09252404735808325564 ) ) ;
#2025 = CONICAL_SURFACE ( 'NONE', #2759, 0.1375000000000005107, 1.134464013796320669 ) ;
#2026 = ORIENTED_EDGE ( 'NONE', *, *, #1155, .T. ) ;
#2027 = CARTESIAN_POINT ( 'NONE',  ( -0.03832471526136863732, 0.2885416666666668073, -0.09252404735808329728 ) ) ;
#2028 = CARTESIAN_POINT ( 'NONE',  ( 2.266185568824696299E-17, 0.1791666666666668351, -0.09252404735808328340 ) ) ;
#2029 = CIRCLE ( 'NONE', #2120, 0.2187499999999999445 ) ;
#2030 = DIRECTION ( 'NONE',  ( -0.000000000000000000, -1.000000000000000000, -0.000000000000000000 ) ) ;
#2031 = PRESENTATION_STYLE_ASSIGNMENT (( #955 ) ) ;
#2032 = CARTESIAN_POINT ( 'NONE',  ( -0.1250000000000001110, 0.1197916666666669350, 0.05177669529663691400 ) ) ;
#2033 = CARTESIAN_POINT ( 'NONE',  ( 0.09252404735808325564, -0.07395833333333320936, -0.03832471526136865120 ) ) ;
#2034 = CARTESIAN_POINT ( 'NONE',  ( -1.563951475144343594E-17, 0.03072916666666681423, 0.1277063293868262450 ) ) ;
#2035 = DIRECTION ( 'NONE',  ( -0.000000000000000000, -1.000000000000000000, -0.000000000000000000 ) ) ;
#2036 = EDGE_CURVE ( 'NONE', #199, #513, #1132, .T. ) ;
#2037 = CARTESIAN_POINT ( 'NONE',  ( -1.133092784412347841E-17, 0.1604166666666667906, 0.09252404735808325564 ) ) ;
#2038 = EDGE_LOOP ( 'NONE', ( #1273, #1058, #2585, #1830 ) ) ;
#2039 = CARTESIAN_POINT ( 'NONE',  ( -0.03832471526136863732, -0.01770833333333317328, -0.09252404735808329728 ) ) ;
#2040 = CARTESIAN_POINT ( 'NONE',  ( -0.09252404735808329728, 0.2510416666666668850, 0.03832471526136863038 ) ) ;
#2041 = CARTESIAN_POINT ( 'NONE',  ( 0.03832471526136861650, 0.2072916666666668462, 0.09252404735808331115 ) ) ;
#2042 = ORIENTED_EDGE ( 'NONE', *, *, #2440, .F. ) ;
#2043 = CARTESIAN_POINT ( 'NONE',  ( 0.000000000000000000, 0.000000000000000000, -0.1375000000000005107 ) ) ;
#2044 = FILL_AREA_STYLE_COLOUR ( '', #2620 ) ;
#2045 = CARTESIAN_POINT ( 'NONE',  ( -0.1250000000000001110, 0.1135416666666669294, -0.05177669529663692094 ) ) ;
#2046 = DIRECTION ( 'NONE',  ( 0.000000000000000000, 0.000000000000000000, -1.000000000000000000 ) ) ;
#2047 = CARTESIAN_POINT ( 'NONE',  ( -1.563951475144343594E-17, 0.1807291666666668295, 0.1277063293868262450 ) ) ;
#2048 = CARTESIAN_POINT ( 'NONE',  ( 0.1250000000000000833, 0.2510416666666667740, -0.05177669529663694870 ) ) ;
#2049 = CARTESIAN_POINT ( 'NONE',  ( 0.000000000000000000, -0.1250000000000000278, -0.1250000000000001110 ) ) ;
#2050 = ORIENTED_EDGE ( 'NONE', *, *, #1751, .T. ) ;
#2051 = CARTESIAN_POINT ( 'NONE',  ( 2.266185568824696299E-17, -0.02083333333333315524, -0.09252404735808328340 ) ) ;
#2052 = CARTESIAN_POINT ( 'NONE',  ( -0.09252404735808328340, 0.1979166666666667962, -5.665463922061740748E-18 ) ) ;
#2053 = EDGE_CURVE ( 'NONE', #269, #1547, #1760, .T. ) ;
#2054 = CARTESIAN_POINT ( 'NONE',  ( 0.06542438130972595689, 0.06041666666666683366, 0.06542438130972597077 ) ) ;
#2055 = CARTESIAN_POINT ( 'NONE',  ( 0.03832471526136860956, -0.03645833333333321769, 0.09252404735808329728 ) ) ;
#2056 = UNCERTAINTY_MEASURE_WITH_UNIT (LENGTH_MEASURE( 1.000000000000000082E-05 ), #1833, 'distance_accuracy_value', 'NONE');
#2057 = ORIENTED_EDGE ( 'NONE', *, *, #184, .T. ) ;
#2058 = CARTESIAN_POINT ( 'NONE',  ( -0.08838834764831851598, 0.02916666666666671570, 0.08838834764831850210 ) ) ;
#2059 = EDGE_CURVE ( 'NONE', #1243, #841, #1884, .T. ) ;
#2060 = CARTESIAN_POINT ( 'NONE',  ( 0.09367687725247562935, 0.2604166666666667407, 0.03298448824962591647 ) ) ;
#2061 = PLANE ( 'NONE',  #1762 ) ;
#2062 = CARTESIAN_POINT ( 'NONE',  ( 0.09030201150986773284, 0.1994791666666668462, -0.09030201150986769121 ) ) ;
#2063 = CARTESIAN_POINT ( 'NONE',  ( 0.08519276523940003121, 0.02097263114974221021, -0.03659909559278343855 ) ) ;
#2064 = DIRECTION ( 'NONE',  ( -0.000000000000000000, -1.000000000000000000, -0.000000000000000000 ) ) ;
#2065 = ORIENTED_EDGE ( 'NONE', *, *, #2635, .T. ) ;
#2066 = CARTESIAN_POINT ( 'NONE',  ( 0.09252404735808328340, -0.08020833333333318715, -0.03832471526136865120 ) ) ;
#2067 = CARTESIAN_POINT ( 'NONE',  ( -0.03832471526136863732, 0.1885416666666668295, -0.09252404735808329728 ) ) ;
#2068 = CARTESIAN_POINT ( 'NONE',  ( -0.09252404735808331115, 0.1385416666666668406, -0.03832471526136863732 ) ) ;
#2069 = AXIS2_PLACEMENT_3D ( 'NONE', #1205, #1653, #345 ) ;
#2070 = CARTESIAN_POINT ( 'NONE',  ( -0.09252404735808329728, 0.2385416666666668462, -0.03832471526136864426 ) ) ;
#2071 = ORIENTED_EDGE ( 'NONE', *, *, #1732, .T. ) ;
#2072 = CARTESIAN_POINT ( 'NONE',  ( -0.05177669529663692094, 0.01354166666666673131, -0.1250000000000001110 ) ) ;
#2073 = AXIS2_PLACEMENT_3D ( 'NONE', #1946, #227, #450 ) ;
#2074 = FILL_AREA_STYLE ('',( #2044 ) ) ;
#2075 = ADVANCED_FACE ( 'NONE', ( #2079 ), #320, .T. ) ;
#2076 = DIRECTION ( 'NONE',  ( 0.000000000000000000, -4.097771990496395814E-16, -1.000000000000000000 ) ) ;
#2077 = CARTESIAN_POINT ( 'NONE',  ( 1.530808498934192742E-17, -0.1250000000000000278, 0.1250000000000001110 ) ) ;
#2078 = CARTESIAN_POINT ( 'NONE',  ( 0.05289769363290927617, 0.002604166666666823515, -0.1277063293868262450 ) ) ;
#2079 = FACE_OUTER_BOUND ( 'NONE', #435, .T. ) ;
#2080 = CARTESIAN_POINT ( 'NONE',  ( 0.09252404735808325564, 0.1229166666666668128, 1.699639176618521531E-17 ) ) ;
#2081 = ORIENTED_EDGE ( 'NONE', *, *, #2007, .T. ) ;
#2082 = CARTESIAN_POINT ( 'NONE',  ( 0.1304126587736524345, 0.2416666666666669738, 0.05401869196918154120 ) ) ;
#2083 = CARTESIAN_POINT ( 'NONE',  ( -0.09252404735808328340, 0.04791666666666679480, -5.665463922061740748E-18 ) ) ;
#2084 = CARTESIAN_POINT ( 'NONE',  ( -1.530808498934192742E-17, 0.1854166666666667296, 0.1250000000000001110 ) ) ;
#2085 = CARTESIAN_POINT ( 'NONE',  ( 0.03832471526136869977, 0.2760416666666668517, -0.09252404735808328340 ) ) ;
#2086 = ORIENTED_EDGE ( 'NONE', *, *, #2635, .F. ) ;
#2087 = CARTESIAN_POINT ( 'NONE',  ( 1.683889348827616792E-17, 0.000000000000000000, 0.1375000000000005107 ) ) ;
#2088 =( NAMED_UNIT ( * ) SI_UNIT ( $, .STERADIAN. ) SOLID_ANGLE_UNIT ( ) );
#2089 = SURFACE_STYLE_FILL_AREA ( #2074 ) ;
#2090 = CIRCLE ( 'NONE', #204, 0.2187499999999999445 ) ;
#2091 = DIRECTION ( 'NONE',  ( 0.000000000000000000, -3.213938816075599552E-16, -1.000000000000000000 ) ) ;
#2092 = DIRECTION ( 'NONE',  ( -0.000000000000000000, -1.000000000000000000, -0.000000000000000000 ) ) ;
#2093 = EDGE_CURVE ( 'NONE', #707, #771, #2029, .T. ) ;
#2094 = CARTESIAN_POINT ( 'NONE',  ( 0.1277063293868262728, 0.1963541666666668295, -0.05289769363290921372 ) ) ;
#2095 = CARTESIAN_POINT ( 'NONE',  ( 2.041077998578921293E-17, 0.2604166666666667962, 0.1666666666666666297 ) ) ;
#2096 = CARTESIAN_POINT ( 'NONE',  ( 0.03832471526136860956, 0.1135416666666667906, 0.09252404735808331115 ) ) ;
#2097 = ORIENTED_EDGE ( 'NONE', *, *, #661, .F. ) ;
#2098 = CARTESIAN_POINT ( 'NONE',  ( -0.09252404735808328340, -0.05833333333333316773, -5.665463922061740748E-18 ) ) ;
#2099 = CARTESIAN_POINT ( 'NONE',  ( -0.09252404735808329728, 0.04479166666666680591, -0.03832471526136864426 ) ) ;
#2100 = CARTESIAN_POINT ( 'NONE',  ( -0.05177669529663692094, 0.05729166666666695579, -0.1250000000000001110 ) ) ;
#2101 = CARTESIAN_POINT ( 'NONE',  ( 0.06542438130972595689, -0.03333333333333322879, 0.06542438130972597077 ) ) ;
#2102 = ORIENTED_EDGE ( 'NONE', *, *, #1140, .F. ) ;
#2103 = CARTESIAN_POINT ( 'NONE',  ( 0.03832471526136860956, -0.03645833333333321769, 0.09252404735808329728 ) ) ;
#2104 = CARTESIAN_POINT ( 'NONE',  ( 0.05177669529663701808, 0.05104166666666696411, -0.1250000000000000833 ) ) ;
#2105 = CARTESIAN_POINT ( 'NONE',  ( 0.000000000000000000, 0.3065000000000003277, -2.151565799147997475E-16 ) ) ;
#2106 = CARTESIAN_POINT ( 'NONE',  ( -0.05177669529663692094, 0.2572916666666669738, -0.1250000000000001110 ) ) ;
#2107 = DIRECTION ( 'NONE',  ( 0.000000000000000000, 0.000000000000000000, -1.000000000000000000 ) ) ;
#2108 = CARTESIAN_POINT ( 'NONE',  ( -1.133092784412347841E-17, 0.2604166666666667962, 0.09252404735808325564 ) ) ;
#2109 = ADVANCED_FACE ( 'NONE', ( #764 ), #569, .F. ) ;
#2110 = ORIENTED_EDGE ( 'NONE', *, *, #1140, .T. ) ;
#2111 = CARTESIAN_POINT ( 'NONE',  ( -0.1304126587736524900, 0.1229166666666669516, 0.05401869196918145793 ) ) ;
#2112 = CARTESIAN_POINT ( 'NONE',  ( 2.266185568824696299E-17, 0.1854166666666667851, -0.09252404735808328340 ) ) ;
#2113 = CARTESIAN_POINT ( 'NONE',  ( 0.08838834764831852986, 0.2479166666666669794, -0.08838834764831850210 ) ) ;
#2114 = CARTESIAN_POINT ( 'NONE',  ( -0.06542438130972595689, -0.04583333333333323295, 0.06542438130972595689 ) ) ;
#2115 = VECTOR ( 'NONE', #2151, 39.37007874015748143 ) ;
#2116 = PRODUCT_DEFINITION_CONTEXT ( 'detailed design', #2312, 'design' ) ;
#2117 = EDGE_LOOP ( 'NONE', ( #994, #1567, #1847 ) ) ;
#2118 = CARTESIAN_POINT ( 'NONE',  ( -0.09252404735808328340, -0.005208333333333203807, -0.03832471526136863732 ) ) ;
#2119 = CARTESIAN_POINT ( 'NONE',  ( 0.05177669529663690706, 0.08854166666666671293, 0.1250000000000001110 ) ) ;
#2120 = AXIS2_PLACEMENT_3D ( 'NONE', #334, #2035, #2708 ) ;
#2121 = CARTESIAN_POINT ( 'NONE',  ( 0.09252404735808328340, 0.2697916666666669294, -0.03832471526136865120 ) ) ;
#2122 = CARTESIAN_POINT ( 'NONE',  ( 0.08838834764831852986, 0.05416666666666672403, -0.08838834764831847435 ) ) ;
#2123 = DIRECTION ( 'NONE',  ( -0.000000000000000000, -1.000000000000000000, -0.000000000000000000 ) ) ;
#2124 = AXIS2_PLACEMENT_3D ( 'NONE', #109, #1835, #2705 ) ;
#2125 = CARTESIAN_POINT ( 'NONE',  ( 0.09252404735808325564, 0.2229166666666667906, 1.699639176618521531E-17 ) ) ;
#2126 = ORIENTED_EDGE ( 'NONE', *, *, #424, .T. ) ;
#2127 = CARTESIAN_POINT ( 'NONE',  ( 0.1304126587736524900, 0.04479166666666694469, 2.395641677031742441E-17 ) ) ;
#2128 = CARTESIAN_POINT ( 'NONE',  ( 0.09252404735808328340, 0.01979166666666680452, 0.03832471526136867895 ) ) ;
#2129 = CARTESIAN_POINT ( 'NONE',  ( 0.06542438130943935282, 0.2604166666666338226, 0.06542438131001256096 ) ) ;
#2130 = ADVANCED_FACE ( 'NONE', ( #2738, #1657 ), #2526, .T. ) ;
#2131 = CARTESIAN_POINT ( 'NONE',  ( 0.06542438130972597077, 0.1229166666666668406, -0.06542438130972592913 ) ) ;
#2132 = ORIENTED_EDGE ( 'NONE', *, *, #1971, .T. ) ;
#2133 = CARTESIAN_POINT ( 'NONE',  ( -0.08838834764831852986, 0.01041666666666694364, -0.08838834764831852986 ) ) ;
#2134 = CARTESIAN_POINT ( 'NONE',  ( -0.08838834764831851598, 0.07916666666666673235, 0.08838834764831850210 ) ) ;
#2135 = CARTESIAN_POINT ( 'NONE',  ( -0.06542438130972595689, 0.2354166666666668295, -0.06542438130972595689 ) ) ;
#2136 = CARTESIAN_POINT ( 'NONE',  ( 0.08838834764831852986, 0.1479166666666670016, -0.08838834764831850210 ) ) ;
#2137 = CARTESIAN_POINT ( 'NONE',  ( -0.2187499999999995837, 0.2589631600858631200, 0.04227229328613259229 ) ) ;
#2138 = CARTESIAN_POINT ( 'NONE',  ( 0.03832471526136868589, 0.3322916666666668739, -0.09252404735808325564 ) ) ;
#2139 = VERTEX_POINT ( 'NONE', #2340 ) ;
#2140 = CARTESIAN_POINT ( 'NONE',  ( 0.09221567537141696358, 0.1385416666666669516, 0.09221567537141700521 ) ) ;
#2141 = CARTESIAN_POINT ( 'NONE',  ( 0.04629220413676439494, 0.2604166666666665186, 0.08033886284672520084 ) ) ;
#2142 = CARTESIAN_POINT ( 'NONE',  ( 0.03832471526136860956, 0.2072916666666668462, 0.09252404735808329728 ) ) ;
#2143 = VERTEX_POINT ( 'NONE', #2783 ) ;
#2144 = CARTESIAN_POINT ( 'NONE',  ( -1.530808498934193050E-17, 0.1791666666666669738, 0.1250000000000001110 ) ) ;
#2145 = EDGE_CURVE ( 'NONE', #1665, #2785, #1258, .T. ) ;
#2146 = DIRECTION ( 'NONE',  ( 1.000000000000000000, 0.000000000000000000, 0.000000000000000000 ) ) ;
#2147 = CARTESIAN_POINT ( 'NONE',  ( 0.08838834764831852986, 0.2041666666666667185, -0.08838834764831847435 ) ) ;
#2148 = CARTESIAN_POINT ( 'NONE',  ( 0.06542438130972597077, 0.3229166666666668517, -0.06542438130972592913 ) ) ;
#2149 = EDGE_CURVE ( 'NONE', #2490, #600, #2712, .T. ) ;
#2150 = DIRECTION ( 'NONE',  ( -0.000000000000000000, -1.000000000000000000, -0.000000000000000000 ) ) ;
#2151 = DIRECTION ( 'NONE',  ( -0.000000000000000000, -1.000000000000000000, -0.000000000000000000 ) ) ;
#2152 = CARTESIAN_POINT ( 'NONE',  ( 0.06542438130972592913, 0.2166666666666668128, 0.06542438130972595689 ) ) ;
#2153 = B_SPLINE_CURVE_WITH_KNOTS ( 'NONE', 3,
 ( #605, #1217, #1465, #2330 ),
 .UNSPECIFIED., .F., .F.,
 ( 4, 4 ),
 ( 2.339749362491914634E-07, 0.003227520057086208372 ),
 .UNSPECIFIED. ) ;
#2154 = EDGE_LOOP ( 'NONE', ( #811, #1788 ) ) ;
#2155 = CARTESIAN_POINT ( 'NONE',  ( 0.1304126587736524345, 0.09166666666666692387, 0.05401869196918154120 ) ) ;
#2156 = CARTESIAN_POINT ( 'NONE',  ( -0.2187499999999996947, 0.2494781021654326469, -0.1055295403909823487 ) ) ;
#2157 = CARTESIAN_POINT ( 'NONE',  ( 0.03832471526136860956, 0.1072916666666668406, 0.09252404735808329728 ) ) ;
#2158 = ORIENTED_EDGE ( 'NONE', *, *, #2445, .F. ) ;
#2159 = CYLINDRICAL_SURFACE ( 'NONE', #2531, 0.1250000000000001110 ) ;
#2160 = CARTESIAN_POINT ( 'NONE',  ( -1.758627145921369484E-15, 0.01578019751151954128, 0.2525907427704618402 ) ) ;
#2161 = CARTESIAN_POINT ( 'NONE',  ( 0.03832471526136869977, 0.07604166666666685448, -0.09252404735808328340 ) ) ;
#2162 = CARTESIAN_POINT ( 'NONE',  ( -0.1149301853183078703, 0.2604166666666666852, -0.01923178125001164668 ) ) ;
#2163 = CIRCLE ( 'NONE', #941, 0.2187499999999999445 ) ;
#2164 = CARTESIAN_POINT ( 'NONE',  ( 0.000000000000000000, -0.1250000000000000278, -0.1250000000000001110 ) ) ;
#2165 = ADVANCED_FACE ( 'NONE', ( #2721 ), #580, .F. ) ;
#2166 = CIRCLE ( 'NONE', #808, 0.2096454243396280726 ) ;
#2167 = CARTESIAN_POINT ( 'NONE',  ( 0.09252404735808325564, 0.3197916666666668628, 0.03832471526136867201 ) ) ;
#2168 = CIRCLE ( 'NONE', #2537, 0.2187499999999999445 ) ;
#2169 = ORIENTED_EDGE ( 'NONE', *, *, #1525, .T. ) ;
#2170 = CARTESIAN_POINT ( 'NONE',  ( 0.05401869196918156202, 0.1541666666666669516, -0.1304126587736524345 ) ) ;
#2171 = CARTESIAN_POINT ( 'NONE',  ( -0.2187499999999995559, 0.2604166666666667962, -0.02113412700336318381 ) ) ;
#2172 = CARTESIAN_POINT ( 'NONE',  ( -0.06542438130972595689, 0.03541666666666682534, -0.06542438130972595689 ) ) ;
#2173 = VERTEX_POINT ( 'NONE', #360 ) ;
#2174 = CARTESIAN_POINT ( 'NONE',  ( 3.061616997868386099E-17, 0.05416666666666695995, -0.1250000000000001110 ) ) ;
#2175 = CARTESIAN_POINT ( 'NONE',  ( 0.000000000000000000, 0.2604166666666666852, 0.000000000000000000 ) ) ;
#2176 = CARTESIAN_POINT ( 'NONE',  ( 2.266185568824696299E-17, 0.02916666666666682325, -0.09252404735808328340 ) ) ;
#2177 =( BOUNDED_CURVE ( )  B_SPLINE_CURVE ( 2, ( #590, #2100, #1011, #1494, #631, #2572, #162, #1043, #1662 ),
 .UNSPECIFIED., .F., .F. ) 
 B_SPLINE_CURVE_WITH_KNOTS ( ( 3, 2, 2, 2, 3 ),
 ( 0.2500000000000000000, 0.2638888888888888395, 0.2777777777777777901, 0.2916666666666666297, 0.3055555555555554692 ),
 .UNSPECIFIED. ) 
 CURVE ( )  GEOMETRIC_REPRESENTATION_ITEM ( )  RATIONAL_B_SPLINE_CURVE ( ( 1.000000000000000000, 0.9238795325112868495, 1.000000000000000000, 0.9238795325112868495, 1.000000000000000000, 0.9238795325112868495, 1.000000000000000000, 0.9238795325112868495, 1.000000000000000000 ) ) 
 REPRESENTATION_ITEM ( '' )  );
#2178 = DIRECTION ( 'NONE',  ( 0.000000000000000000, 9.630486464151344099E-16, 1.000000000000000000 ) ) ;
#2179 = CARTESIAN_POINT ( 'NONE',  ( -0.01800807702608371239, 0.2494846550104424243, -0.2421937746518650902 ) ) ;
#2180 = CARTESIAN_POINT ( 'NONE',  ( 0.09252404735808325564, 0.02291666666666678648, 1.699639176618521531E-17 ) ) ;
#2181 = EDGE_CURVE ( 'NONE', #1796, #172, #2495, .T. ) ;
#2182 = COLOUR_RGB ( '',0.7529411764705882248, 0.7529411764705882248, 0.7529411764705882248 ) ;
#2183 = ORIENTED_EDGE ( 'NONE', *, *, #406, .F. ) ;
#2184 = CARTESIAN_POINT ( 'NONE',  ( 0.1304126587736524345, -0.05833333333333302895, 0.05401869196918154120 ) ) ;
#2185 = CARTESIAN_POINT ( 'NONE',  ( 0.000000000000000000, 0.2604166666666666852, 0.000000000000000000 ) ) ;
#2186 = CARTESIAN_POINT ( 'NONE',  ( -0.03832471526136863732, 0.1822916666666669072, -0.09252404735808329728 ) ) ;
#2187 = ORIENTED_EDGE ( 'NONE', *, *, #677, .F. ) ;
#2188 = FACE_OUTER_BOUND ( 'NONE', #1646, .T. ) ;
#2189 = CARTESIAN_POINT ( 'NONE',  ( -0.08838834764831852986, 0.2229166666666670127, 0.08838834764831851598 ) ) ;
#2190 = CARTESIAN_POINT ( 'NONE',  ( 0.09252404735808328340, 0.1197916666666668239, -0.03832471526136865120 ) ) ;
#2191 = CARTESIAN_POINT ( 'NONE',  ( -0.1131608896256658531, 0.2604166666666680729, 0.007628619192023387320 ) ) ;
#2192 = CARTESIAN_POINT ( 'NONE',  ( -1.256958351638982646E-17, 0.01625621310825416457, 0.1026384384880706796 ) ) ;
#2193 = CARTESIAN_POINT ( 'NONE',  ( 0.03832471526136868589, 0.1322916666666668351, -0.09252404735808325564 ) ) ;
#2194 = ORIENTED_EDGE ( 'NONE', *, *, #474, .T. ) ;
#2195 = CARTESIAN_POINT ( 'NONE',  ( -0.05401869196918146487, -0.08958333333333308446, -0.1304126587736524900 ) ) ;
#2196 =( BOUNDED_CURVE ( )  B_SPLINE_CURVE ( 2, ( #992, #1430, #124, #2048, #1823, #1169, #2466, #376, #1629 ),
 .UNSPECIFIED., .F., .F. ) 
 B_SPLINE_CURVE_WITH_KNOTS ( ( 3, 2, 2, 2, 3 ),
 ( 0.1111111111111111049, 0.1250000000000000000, 0.1388888888888888951, 0.1527777777777777901, 0.1666666666666666574 ),
 .UNSPECIFIED. ) 
 CURVE ( )  GEOMETRIC_REPRESENTATION_ITEM ( )  RATIONAL_B_SPLINE_CURVE ( ( 1.000000000000000000, 0.9238795325112867385, 1.000000000000000000, 0.9238795325112867385, 1.000000000000000000, 0.9238795325112867385, 1.000000000000000000, 0.9238795325112867385, 1.000000000000000000 ) ) 
 REPRESENTATION_ITEM ( '' )  );
#2197 = CARTESIAN_POINT ( 'NONE',  ( 0.000000000000000000, 0.000000000000000000, 0.000000000000000000 ) ) ;
#2198 = EDGE_CURVE ( 'NONE', #615, #1122, #1130, .T. ) ;
#2199 = CARTESIAN_POINT ( 'NONE',  ( -0.09252404735808328340, 0.2447916666666668239, -0.03832471526136863038 ) ) ;
#2200 = ORIENTED_EDGE ( 'NONE', *, *, #1955, .F. ) ;
#2201 = CARTESIAN_POINT ( 'NONE',  ( -0.1138950691245450980, 0.009950756537497438756, -0.02385957414306031157 ) ) ;
#2202 = CARTESIAN_POINT ( 'NONE',  ( 0.03832471526136869977, 0.2260416666666668628, -0.09252404735808328340 ) ) ;
#2203 = CARTESIAN_POINT ( 'NONE',  ( -0.06542438130972595689, 0.1354166666666668239, -0.06542438130972595689 ) ) ;
#2204 = CARTESIAN_POINT ( 'NONE',  ( 2.605436065185992801E-17, 0.2604166666666666852, -0.2127500000000000779 ) ) ;
#2205 = DIRECTION ( 'NONE',  ( 0.000000000000000000, 1.000000000000000000, 0.000000000000000000 ) ) ;
#2206 = AXIS2_PLACEMENT_3D ( 'NONE', #1051, #197, #1899 ) ;
#2207 = CARTESIAN_POINT ( 'NONE',  ( 0.09252404735808325564, 0.07604166666666682672, -0.03832471526136865120 ) ) ;
#2208 = STYLED_ITEM ( 'NONE', ( #2031 ), #965 ) ;
#2209 = CARTESIAN_POINT ( 'NONE',  ( 3.127902950288687189E-17, 0.2057291666666668239, -0.1277063293868262450 ) ) ;
#2210 = CARTESIAN_POINT ( 'NONE',  ( -1.530808498934192742E-17, 0.08541666666666673791, 0.1250000000000001110 ) ) ;
#2211 = VECTOR ( 'NONE', #1866, 39.37007874015748143 ) ;
#2212 = CARTESIAN_POINT ( 'NONE',  ( 0.04107487089755800652, 0.2604166666666667407, -0.1131095468698791462 ) ) ;
#2213 = CARTESIAN_POINT ( 'NONE',  ( -0.06542438130972595689, -0.01458333333333318958, -0.06542438130972595689 ) ) ;
#2214 = ORIENTED_EDGE ( 'NONE', *, *, #522, .T. ) ;
#2215 = CARTESIAN_POINT ( 'NONE',  ( -1.133092784412348150E-17, 0.3104166666666668406, 0.09252404735808328340 ) ) ;
#2216 = EDGE_CURVE ( 'NONE', #396, #938, #1260, .T. ) ;
#2217 = CARTESIAN_POINT ( 'NONE',  ( 2.323257031882455044E-17, 0.3065000000000001057, -0.1666666666666664909 ) ) ;
#2218 = VERTEX_POINT ( 'NONE', #135 ) ;
#2219 = CARTESIAN_POINT ( 'NONE',  ( -0.08838834764831816904, 0.2604166666666666852, -0.08838834764831816904 ) ) ;
#2220 = DIRECTION ( 'NONE',  ( 0.000000000000000000, 1.036218204493341887E-15, 1.000000000000000000 ) ) ;
#2221 = CARTESIAN_POINT ( 'NONE',  ( -1.133092784412347841E-17, 0.06041666666666679897, 0.09252404735808325564 ) ) ;
#2222 = CARTESIAN_POINT ( 'NONE',  ( -0.05289769363290920678, 0.3276041666666669183, 0.1277063293868262728 ) ) ;
#2223 = CARTESIAN_POINT ( 'NONE',  ( 0.09221567537141700521, -0.09895833333333309279, -0.09221567537141694970 ) ) ;
#2224 = CARTESIAN_POINT ( 'NONE',  ( 0.06542438130972595689, 0.01041666666666681701, 0.06542438130972597077 ) ) ;
#2225 = VERTEX_POINT ( 'NONE', #95 ) ;
#2226 = CARTESIAN_POINT ( 'NONE',  ( -0.06542438130972595689, 0.3041666666666668073, 0.06542438130972595689 ) ) ;
#2227 = CARTESIAN_POINT ( 'NONE',  ( 0.06542438130972597077, 0.1229166666666668406, -0.06542438130972592913 ) ) ;
#2228 = EDGE_CURVE ( 'NONE', #269, #1916, #1395, .T. ) ;
#2229 = CARTESIAN_POINT ( 'NONE',  ( 0.1093749999999997224, -2.420590938939690364E-16, 0.1894430570778458944 ) ) ;
#2230 = CARTESIAN_POINT ( 'NONE',  ( -0.03615015522266082360, 0.006942855656679560068, 0.2317194409214116957 ) ) ;
#2231 = ADVANCED_FACE ( 'NONE', ( #1821 ), #2061, .F. ) ;
#2232 = LINE ( 'NONE', #1413, #2211 ) ;
#2233 = CARTESIAN_POINT ( 'NONE',  ( -0.06542438130972594301, 0.05416666666666679342, 0.06542438130972592913 ) ) ;
#2234 = CARTESIAN_POINT ( 'NONE',  ( 0.09030201150986771896, 0.3369791666666668295, 0.09030201150986773284 ) ) ;
#2235 = CARTESIAN_POINT ( 'NONE',  ( 0.2187499999999994171, -2.420590938939690364E-16, 0.000000000000000000 ) ) ;
#2236 = CARTESIAN_POINT ( 'NONE',  ( -0.06542438130972594301, 0.1916666666666668184, -0.06542438130972594301 ) ) ;
#2237 = VERTEX_POINT ( 'NONE', #2678 ) ;
#2238 = CYLINDRICAL_SURFACE ( 'NONE', #273, 0.1250000000000001110 ) ;
#2239 = CARTESIAN_POINT ( 'NONE',  ( -1.133092784412348150E-17, 0.1541666666666668128, 0.09252404735808328340 ) ) ;
#2240 = ORIENTED_EDGE ( 'NONE', *, *, #2288, .T. ) ;
#2241 = DIRECTION ( 'NONE',  ( -0.000000000000000000, -1.000000000000000000, -0.000000000000000000 ) ) ;
#2242 = CARTESIAN_POINT ( 'NONE',  ( -0.2187499999999996947, 0.3125000000000000000, -0.1262953713852313087 ) ) ;
#2243 = CARTESIAN_POINT ( 'NONE',  ( 0.2187499999999994449, 0.2534945555645284898, -0.08440970798485934734 ) ) ;
#2244 = CARTESIAN_POINT ( 'NONE',  ( -0.09252404735808325564, -0.05208333333333319687, -5.665463922061739207E-18 ) ) ;
#2245 = CARTESIAN_POINT ( 'NONE',  ( -0.05177669529663694176, 0.1322916666666667518, 0.1250000000000001110 ) ) ;
#2246 = EDGE_CURVE ( 'NONE', #396, #114, #734, .T. ) ;
#2247 = AXIS2_PLACEMENT_3D ( 'NONE', #727, #2470, #76 ) ;
#2248 = ORIENTED_EDGE ( 'NONE', *, *, #2198, .F. ) ;
#2249 = CARTESIAN_POINT ( 'NONE',  ( 0.2187499999999994171, 0.01578019751151908331, -0.1262953713852307813 ) ) ;
#2250 = CONICAL_SURFACE ( 'NONE', #140, 0.2187499999999999445, 1.134464013796316451 ) ;
#2251 = CARTESIAN_POINT ( 'NONE',  ( 0.07557213821375838303, 0.2604166666666667962, -0.08753728913347293139 ) ) ;
#2252 = CARTESIAN_POINT ( 'NONE',  ( -0.09252404735808328340, 0.1447916666666667629, -0.03832471526136863038 ) ) ;
#2253 = AXIS2_PLACEMENT_3D ( 'NONE', #31, #437, #1290 ) ;
#2254 = ORIENTED_EDGE ( 'NONE', *, *, #301, .T. ) ;
#2255 = CARTESIAN_POINT ( 'NONE',  ( -0.03832471526136865120, 0.1510416666666668795, 0.09252404735808329728 ) ) ;
#2256 = FACE_OUTER_BOUND ( 'NONE', #284, .T. ) ;
#2257 = CARTESIAN_POINT ( 'NONE',  ( 0.09252404735808328340, 0.1697916666666668406, -0.03832471526136865120 ) ) ;
#2258 = CIRCLE ( 'NONE', #810, 0.1666666666666662688 ) ;
#2259 = ORIENTED_EDGE ( 'NONE', *, *, #63, .T. ) ;
#2260 = FILL_AREA_STYLE ('',( #90 ) ) ;
#2261 = DIRECTION ( 'NONE',  ( 0.000000000000000000, -3.544911822905277504E-16, -1.000000000000000000 ) ) ;
#2262 = CARTESIAN_POINT ( 'NONE',  ( 0.08838834764831852986, 0.09791666666666695718, -0.08838834764831850210 ) ) ;
#2263 = FACE_BOUND ( 'NONE', #2528, .T. ) ;
#2264 = EDGE_CURVE ( 'NONE', #426, #2641, #1508, .T. ) ;
#2265 = CARTESIAN_POINT ( 'NONE',  ( 0.1277063293868262450, 0.1932291666666668128, 2.345927212716514929E-17 ) ) ;
#2266 = DIRECTION ( 'NONE',  ( -0.000000000000000000, -1.000000000000000000, 3.544911822905277504E-16 ) ) ;
#2267 =( BOUNDED_CURVE ( )  B_SPLINE_CURVE ( 2, ( #493, #48, #897, #1766, #1575, #2657, #712, #2444, #1088, #481, #1337, #2202, #1125, #1186, #2716, #354, #1828, #2041, #1362, #953, #755, #1422, #1376, #298, #2686, #1159, #2028, #1649, #1816, #2257, #2287, #2457, #117, #969, #2239, #309, #103, #1803, #1200, #2068, #561, #2672, #532, #2274, #2227, #1390, #728, #783, #1588, #741, #146, #2518, #1600, #997, #2471, #327, #1174, #2699, #1150, #2014, #88, #518, #341, #1617, #2054, #2487, #129, #548, #1407, #980, #940, #1844, #1861, #769, #1634, #2504, #2730, #1070, #1722 ),
 .UNSPECIFIED., .F., .T. ) 
 B_SPLINE_CURVE_WITH_KNOTS ( ( 3, 2, 2, 2, 2, 2, 2, 2, 2, 2, 2, 2, 2, 2, 2, 2, 2, 2, 2, 2, 2, 2, 2, 2, 2, 2, 2, 2, 2, 2, 2, 2, 2, 2, 2, 2, 2, 2, 2, 3 ),
 ( 0.1527777777778572821, 0.1666666666667440677, 0.1805555555556309089, 0.1944444444445177222, 0.2083333333334045356, 0.2222222222222913213, 0.2361111111111781624, 0.2500000000000649480, 0.2638888888889517892, 0.2777777777778386303, 0.2916666666667254715, 0.3055555555556122571, 0.3194444444444990427, 0.3333333333333858284, 0.3472222222222726695, 0.3611111111111594552, 0.3750000000000462963, 0.3888888888889331374, 0.4027777777778199786, 0.4166666666667067642, 0.4305555555555936054, 0.4444444444444803355, 0.4583333333333671766, 0.4722222222222539623, 0.4861111111111408034, 0.5000000000000276446, 0.5138888888889143747, 0.5277777777778012158, 0.5416666666666880570, 0.5555555555555748981, 0.5694444444444617393, 0.5833333333333485804, 0.5972222222222353105, 0.6111111111111222627, 0.6250000000000088818, 0.6388888888888957229, 0.6527777777777825641, 0.6666666666666692942, 0.6805555555555562464, 0.6849621788478147399 ),
 .UNSPECIFIED. ) 
 CURVE ( )  GEOMETRIC_REPRESENTATION_ITEM ( )  RATIONAL_B_SPLINE_CURVE ( ( 0.9999999999995643485, 0.9238795325117223900, 1.000000000000000000, 0.9238795325112867385, 1.000000000000000000, 0.9238795325112867385, 1.000000000000000000, 0.9238795325112867385, 1.000000000000000000, 0.9238795325112867385, 1.000000000000000000, 0.9238795325112867385, 1.000000000000000000, 0.9238795325112867385, 1.000000000000000000, 0.9238795325112867385, 1.000000000000000000, 0.9238795325112867385, 1.000000000000000000, 0.9238795325112867385, 1.000000000000000000, 0.9238795325112867385, 1.000000000000000000, 0.9238795325112867385, 1.000000000000000000, 0.9238795325112867385, 1.000000000000000000, 0.9238795325112867385, 1.000000000000000000, 0.9238795325112867385, 1.000000000000000000, 0.9238795325112867385, 1.000000000000000000, 0.9238795325112867385, 1.000000000000000000, 0.9238795325112867385, 1.000000000000000000, 0.9238795325112867385, 1.000000000000000000, 0.9238795325112867385, 1.000000000000000000, 0.9238795325112867385, 1.000000000000000000, 0.9238795325112867385, 1.000000000000000000, 0.9238795325112867385, 1.000000000000000000, 0.9238795325112867385, 1.000000000000000000, 0.9238795325112867385, 1.000000000000000000, 0.9238795325112867385, 1.000000000000000000, 0.9238795325112867385, 1.000000000000000000, 0.9238795325112867385, 1.000000000000000000, 0.9238795325112867385, 1.000000000000000000, 0.9238795325112867385, 1.000000000000000000, 0.9238795325112867385, 1.000000000000000000, 0.9238795325112867385, 1.000000000000000000, 0.9238795325112867385, 1.000000000000000000, 0.9238795325112867385, 1.000000000000000000, 0.9238795325112867385, 1.000000000000000000, 0.9238795325112867385, 1.000000000000000000, 0.9238795325112867385, 1.000000000000000000, 0.9238795325112867385, 1.000000000000000000, 0.9758487357961536102, 0.9670227469587644453 ) ) 
 REPRESENTATION_ITEM ( '' )  );
#2268 = CARTESIAN_POINT ( 'NONE',  ( 0.1008828678003611673, 0.2604166666666667962, -0.04063169128527500951 ) ) ;
#2269 = CARTESIAN_POINT ( 'NONE',  ( 2.266185568824695683E-17, 0.1354166666666668239, -0.09252404735808325564 ) ) ;
#2270 = ORIENTED_EDGE ( 'NONE', *, *, #1315, .T. ) ;
#2271 = CARTESIAN_POINT ( 'NONE',  ( -0.1304126587736524900, 0.2166666666666669794, -0.05401869196918147181 ) ) ;
#2272 = CARTESIAN_POINT ( 'NONE',  ( -0.07261719363378110748, 2.742514192579409033E-17, -0.2106651864782032590 ) ) ;
#2273 = VECTOR ( 'NONE', #2092, 39.37007874015748143 ) ;
#2274 = CARTESIAN_POINT ( 'NONE',  ( 0.03832471526136869977, 0.1260416666666668573, -0.09252404735808328340 ) ) ;
#2275 = CARTESIAN_POINT ( 'NONE',  ( -0.09252404735808328340, 0.2916666666666668517, -5.665463922061740748E-18 ) ) ;
#2276 = EDGE_LOOP ( 'NONE', ( #241, #2187, #571, #34, #225, #2644, #350 ) ) ;
#2277 = DIRECTION ( 'NONE',  ( 0.000000000000000000, 0.000000000000000000, -1.000000000000000000 ) ) ;
#2278 = CARTESIAN_POINT ( 'NONE',  ( 0.000000000000000000, 0.2634166666666663548, -0.1062500000000002609 ) ) ;
#2279 = CYLINDRICAL_SURFACE ( 'NONE', #762, 0.1062500000000002054 ) ;
#2280 = DIRECTION ( 'NONE',  ( -0.8660254037844391517, 0.000000000000000000, 0.4999999999999991673 ) ) ;
#2281 = CARTESIAN_POINT ( 'NONE',  ( 0.1277063293868262450, 0.09010416666666684615, 0.05289769363290925536 ) ) ;
#2282 = CARTESIAN_POINT ( 'NONE',  ( 1.530808498934192742E-17, -0.1250000000000000278, 0.1250000000000001110 ) ) ;
#2283 = FACE_OUTER_BOUND ( 'NONE', #1183, .T. ) ;
#2284 = EDGE_LOOP ( 'NONE', ( #1801, #1392, #895, #2613, #118, #1029, #2071, #1151, #287, #1573, #882, #2348, #1496, #2086, #889 ) ) ;
#2285 = CARTESIAN_POINT ( 'NONE',  ( 0.06542438130972597077, -0.07708333333333321213, -0.06542438130972592913 ) ) ;
#2286 = CARTESIAN_POINT ( 'NONE',  ( 0.03832471526136860956, 0.06354166666666681562, 0.09252404735808329728 ) ) ;
#2287 = CARTESIAN_POINT ( 'NONE',  ( 0.09252404735808328340, 0.1666666666666668239, 1.699639176618522147E-17 ) ) ;
#2288 = EDGE_CURVE ( 'NONE', #1013, #837, #1365, .T. ) ;
#2289 = CARTESIAN_POINT ( 'NONE',  ( 0.09252404735808328340, 0.3197916666666668628, -0.03832471526136865120 ) ) ;
#2290 = EDGE_LOOP ( 'NONE', ( #649, #1764, #1476, #2081, #2741, #1902, #1778, #2358, #529, #369, #667, #550, #1347, #1000 ) ) ;
#2291 = SURFACE_STYLE_USAGE ( .BOTH. , #133 ) ;
#2292 =( BOUNDED_CURVE ( )  B_SPLINE_CURVE ( 2, ( #2084, #2561, #1056, #1479, #2345, #839, #1706, #58, #255 ),
 .UNSPECIFIED., .F., .F. ) 
 B_SPLINE_CURVE_WITH_KNOTS ( ( 3, 2, 2, 2, 3 ),
 ( 0.2777777777777777901, 0.2916666666666666852, 0.3055555555555555802, 0.3194444444444444198, 0.3333333333333333148 ),
 .UNSPECIFIED. ) 
 CURVE ( )  GEOMETRIC_REPRESENTATION_ITEM ( )  RATIONAL_B_SPLINE_CURVE ( ( 1.000000000000000000, 0.9238795325112867385, 1.000000000000000000, 0.9238795325112867385, 1.000000000000000000, 0.9238795325112867385, 1.000000000000000000, 0.9238795325112867385, 1.000000000000000000 ) ) 
 REPRESENTATION_ITEM ( '' )  );
#2293 = CARTESIAN_POINT ( 'NONE',  ( 0.08157239037399995063, 0.2604166666666668517, 0.05101267524368487127 ) ) ;
#2294 = CARTESIAN_POINT ( 'NONE',  ( 0.000000000000000000, -0.1250000000000000278, 0.000000000000000000 ) ) ;
#2295 = CARTESIAN_POINT ( 'NONE',  ( -0.05289769363290919291, 0.008854166666666824295, -0.1277063293868262728 ) ) ;
#2296 = CARTESIAN_POINT ( 'NONE',  ( 0.000000000000000000, 0.3035000000000002141, -1.516480271171051896E-32 ) ) ;
#2297 = CARTESIAN_POINT ( 'NONE',  ( 0.09252404735808324177, 0.02604166666666680313, -0.03832471526136865120 ) ) ;
#2298 = ORIENTED_EDGE ( 'NONE', *, *, #267, .F. ) ;
#2299 = CARTESIAN_POINT ( 'NONE',  ( 0.09221567537141700521, 0.3010416666666669849, -0.09221567537141694970 ) ) ;
#2300 = CARTESIAN_POINT ( 'NONE',  ( 0.06542438130972597077, 0.07916666666666680174, -0.06542438130972592913 ) ) ;
#2301 = CARTESIAN_POINT ( 'NONE',  ( 0.1250000000000001110, 0.2416666666666669738, 2.296212748401289266E-17 ) ) ;
#2302 = VECTOR ( 'NONE', #1603, 39.37007874015748143 ) ;
#2303 = CARTESIAN_POINT ( 'NONE',  ( -0.03832471526136865120, -0.04270833333333318160, 0.09252404735808329728 ) ) ;
#2304 = ORIENTED_EDGE ( 'NONE', *, *, #1850, .T. ) ;
#2305 = CARTESIAN_POINT ( 'NONE',  ( -0.1250000000000001110, 0.01666666666666694399, -7.654042494670965249E-18 ) ) ;
#2306 = ADVANCED_FACE ( 'NONE', ( #1399, #2263 ), #332, .F. ) ;
#2307 = SURFACE_STYLE_FILL_AREA ( #2334 ) ;
#2308 = VECTOR ( 'NONE', #1153, 39.37007874015748143 ) ;
#2309 = DIRECTION ( 'NONE',  ( -1.081531319675791187E-15, 0.000000000000000000, -1.000000000000000000 ) ) ;
#2310 = CARTESIAN_POINT ( 'NONE',  ( 0.06542438130972597077, 0.2229166666666668462, -0.06542438130972592913 ) ) ;
#2311 = DIRECTION ( 'NONE',  ( -0.000000000000000000, -1.000000000000000000, -0.000000000000000000 ) ) ;
#2312 = APPLICATION_CONTEXT ( 'automotive_design' ) ;
#2313 = CARTESIAN_POINT ( 'NONE',  ( 0.05289769363290927617, 0.05260416666666685448, -0.1277063293868262450 ) ) ;
#2314 = DIRECTION ( 'NONE',  ( -0.000000000000000000, -1.000000000000000000, -0.000000000000000000 ) ) ;
#2315 = CARTESIAN_POINT ( 'NONE',  ( 0.06542438130972592913, 0.06666666666666680452, 0.06542438130972595689 ) ) ;
#2316 = EDGE_LOOP ( 'NONE', ( #158, #1316, #1620, #60 ) ) ;
#2317 = CARTESIAN_POINT ( 'NONE',  ( 0.1304126587736524623, 0.2979166666666669405, -0.05401869196918149957 ) ) ;
#2318 = CARTESIAN_POINT ( 'NONE',  ( 0.09252404735808328340, 0.07604166666666682672, -0.03832471526136865120 ) ) ;
#2319 = CARTESIAN_POINT ( 'NONE',  ( 0.05177669529663690706, 0.2322916666666669516, 0.1250000000000001388 ) ) ;
#2320 = CARTESIAN_POINT ( 'NONE',  ( -0.09252404735808328340, -0.002083333333333220114, -5.665463922061740748E-18 ) ) ;
#2321 = ORIENTED_EDGE ( 'NONE', *, *, #1474, .T. ) ;
#2322 = FACE_OUTER_BOUND ( 'NONE', #491, .T. ) ;
#2323 = CARTESIAN_POINT ( 'NONE',  ( 0.09252404735808328340, 0.3197916666666668628, -0.03832471526136865120 ) ) ;
#2324 = DIRECTION ( 'NONE',  ( -0.000000000000000000, -1.000000000000000000, -0.000000000000000000 ) ) ;
#2325 = EDGE_CURVE ( 'NONE', #1230, #64, #567, .T. ) ;
#2326 = CARTESIAN_POINT ( 'NONE',  ( 0.1277063293868262450, 0.1432291666666668517, 2.345927212716514929E-17 ) ) ;
#2327 = EDGE_LOOP ( 'NONE', ( #1521, #2718, #356 ) ) ;
#2328 = CARTESIAN_POINT ( 'NONE',  ( -1.597094451354495063E-17, 0.2822916666666669960, 0.1304126587736524900 ) ) ;
#2329 = CARTESIAN_POINT ( 'NONE',  ( 2.266185568824696299E-17, 0.08541666666666680729, -0.09252404735808328340 ) ) ;
#2330 = CARTESIAN_POINT ( 'NONE',  ( 0.1093749999999998890, -2.420590938939690364E-16, -0.1894430570778458667 ) ) ;
#2331 = CARTESIAN_POINT ( 'NONE',  ( -0.09252404735808329728, -0.04895833333333320797, 0.03832471526136863038 ) ) ;
#2332 = ORIENTED_EDGE ( 'NONE', *, *, #643, .F. ) ;
#2333 = DIRECTION ( 'NONE',  ( -0.000000000000000000, -1.000000000000000000, -0.000000000000000000 ) ) ;
#2334 = FILL_AREA_STYLE ('',( #371 ) ) ;
#2335 = CARTESIAN_POINT ( 'NONE',  ( 0.05177669529663690706, 0.1885416666666667462, 0.1250000000000001110 ) ) ;
#2336 = CARTESIAN_POINT ( 'NONE',  ( -1.133092784412348150E-17, 0.3041666666666668628, 0.09252404735808328340 ) ) ;
#2337 = CARTESIAN_POINT ( 'NONE',  ( 0.05177669529663701808, 0.05729166666666675456, -0.1250000000000000555 ) ) ;
#2338 = CARTESIAN_POINT ( 'NONE',  ( 0.000000000000000000, -2.420590938939690364E-16, 0.000000000000000000 ) ) ;
#2339 = CARTESIAN_POINT ( 'NONE',  ( -0.09252404735808328340, 0.2010416666666668128, 0.03832471526136861650 ) ) ;
#2340 = CARTESIAN_POINT ( 'NONE',  ( 0.06774907801605353774, 0.005828845726937629049, -0.1050479053954656850 ) ) ;
#2341 = EDGE_CURVE ( 'NONE', #1631, #2218, #1266, .T. ) ;
#2342 = ORIENTED_EDGE ( 'NONE', *, *, #47, .T. ) ;
#2343 = CARTESIAN_POINT ( 'NONE',  ( 0.09221567537141700521, 0.05104166666666695024, -0.09221567537141694970 ) ) ;
#2344 = CARTESIAN_POINT ( 'NONE',  ( 0.09252404735808328340, 0.2197916666666668295, 0.03832471526136867895 ) ) ;
#2345 = CARTESIAN_POINT ( 'NONE',  ( -0.1250000000000001110, 0.1729166666666667185, -7.654042494670963708E-18 ) ) ;
#2346 = CARTESIAN_POINT ( 'NONE',  ( 0.09252404735808328340, 0.1197916666666668239, -0.03832471526136865120 ) ) ;
#2347 = CIRCLE ( 'NONE', #312, 0.1250000000000001110 ) ;
#2348 = ORIENTED_EDGE ( 'NONE', *, *, #1280, .T. ) ;
#2349 = CARTESIAN_POINT ( 'NONE',  ( 0.06542438130972595689, -0.07083333333333323434, -0.06542438130972592913 ) ) ;
#2350 = CARTESIAN_POINT ( 'NONE',  ( 0.1250000000000000833, 0.03854166666666695995, 0.05177669529663699727 ) ) ;
#2351 = CIRCLE ( 'NONE', #987, 0.1250000000000001665 ) ;
#2352 = CARTESIAN_POINT ( 'NONE',  ( -0.09252404735808328340, 0.2416666666666668351, -5.665463922061740748E-18 ) ) ;
#2353 = CARTESIAN_POINT ( 'NONE',  ( 0.1825998447773392042, 0.2534738110099871156, -0.1471666732342803707 ) ) ;
#2354 = CARTESIAN_POINT ( 'NONE',  ( 0.000000000000000000, -2.420590938939690364E-16, 0.000000000000000000 ) ) ;
#2355 = CARTESIAN_POINT ( 'NONE',  ( -0.09252404735808325564, 0.2979166666666668295, -5.665463922061739207E-18 ) ) ;
#2356 = DIRECTION ( 'NONE',  ( 0.000000000000000000, -1.000000000000000000, 1.036218204493341887E-15 ) ) ;
#2357 = EDGE_CURVE ( 'NONE', #2225, #659, #1396, .T. ) ;
#2358 = ORIENTED_EDGE ( 'NONE', *, *, #1330, .T. ) ;
#2359 = CARTESIAN_POINT ( 'NONE',  ( -0.1304126587736524900, 0.06666666666666694330, -0.05401869196918147181 ) ) ;
#2360 = B_SPLINE_CURVE_WITH_KNOTS ( 'NONE', 3,
 ( #484, #1755, #1793, #2621, #665, #262, #1540, #2410, #2016, #2192 ),
 .UNSPECIFIED., .F., .F.,
 ( 4, 2, 2, 2, 4 ),
 ( 2.168404344971008868E-19, 0.0008193539127386529827, 0.001638707825477305749, 0.002458061738215958948, 0.003277415650954611931 ),
 .UNSPECIFIED. ) ;
#2361 = CARTESIAN_POINT ( 'NONE',  ( 1.301187224094065294E-17, 0.2634166666666663548, 0.1062500000000002193 ) ) ;
#2362 = EDGE_CURVE ( 'NONE', #2484, #2545, #2765, .T. ) ;
#2363 = CARTESIAN_POINT ( 'NONE',  ( -0.09252404735808329728, 0.1947916666666668351, 0.03832471526136863038 ) ) ;
#2364 = ORIENTED_EDGE ( 'NONE', *, *, #2600, .T. ) ;
#2365 = FACE_OUTER_BOUND ( 'NONE', #1585, .T. ) ;
#2366 = SURFACE_STYLE_USAGE ( .BOTH. , #2791 ) ;
#2367 = CARTESIAN_POINT ( 'NONE',  ( -0.05177669529663692094, 0.06354166666666671848, -0.1250000000000001110 ) ) ;
#2368 = CARTESIAN_POINT ( 'NONE',  ( -0.09252404735808328340, 0.2916666666666668517, -5.665463922061740748E-18 ) ) ;
#2369 = CARTESIAN_POINT ( 'NONE',  ( 3.061616997868386099E-17, 0.2541666666666669849, -0.1250000000000001110 ) ) ;
#2370 = CARTESIAN_POINT ( 'NONE',  ( 0.000000000000000000, 0.3035000000000002141, -0.1666666666666666297 ) ) ;
#2371 = CARTESIAN_POINT ( 'NONE',  ( 2.266185568824695683E-17, 0.2854166666666668184, -0.09252404735808325564 ) ) ;
#2372 = ORIENTED_EDGE ( 'NONE', *, *, #1943, .T. ) ;
#2373 = CARTESIAN_POINT ( 'NONE',  ( -1.597094451354495063E-17, 0.1822916666666669350, 0.1304126587736524900 ) ) ;
#2374 = DIRECTION ( 'NONE',  ( -0.000000000000000000, -1.000000000000000000, 3.544911822905277504E-16 ) ) ;
#2375 = CARTESIAN_POINT ( 'NONE',  ( -1.133092784412348150E-17, 0.1541666666666668128, 0.09252404735808328340 ) ) ;
#2376 = ORIENTED_EDGE ( 'NONE', *, *, #1641, .F. ) ;
#2377 = CARTESIAN_POINT ( 'NONE',  ( 0.000000000000000000, 0.01578019751151954128, 0.000000000000000000 ) ) ;
#2378 = EDGE_CURVE ( 'NONE', #1148, #600, #1624, .T. ) ;
#2379 = CARTESIAN_POINT ( 'NONE',  ( -0.08838834764831851598, 0.2291666666666667407, 0.08838834764831850210 ) ) ;
#2380 = CARTESIAN_POINT ( 'NONE',  ( 0.06542438130972597077, 0.1229166666666668406, -0.06542438130972592913 ) ) ;
#2381 =( BOUNDED_CURVE ( )  B_SPLINE_CURVE ( 2, ( #853, #2319, #382, #797, #2301, #1233, #2113, #2787, #574 ),
 .UNSPECIFIED., .F., .F. ) 
 B_SPLINE_CURVE_WITH_KNOTS ( ( 3, 2, 2, 2, 3 ),
 ( 0.6388888888888888395, 0.6527777777777776791, 0.6666666666666666297, 0.6805555555555555802, 0.6944444444444444198 ),
 .UNSPECIFIED. ) 
 CURVE ( )  GEOMETRIC_REPRESENTATION_ITEM ( )  RATIONAL_B_SPLINE_CURVE ( ( 1.000000000000000000, 0.9238795325112868495, 1.000000000000000000, 0.9238795325112868495, 1.000000000000000000, 0.9238795325112868495, 1.000000000000000000, 0.9238795325112868495, 1.000000000000000000 ) ) 
 REPRESENTATION_ITEM ( '' )  );
#2382 = CARTESIAN_POINT ( 'NONE',  ( 0.1250000000000000833, 0.1385416666666669516, 0.05177669529663699727 ) ) ;
#2383 = CARTESIAN_POINT ( 'NONE',  ( 0.000000000000000000, 0.3065000000000004943, 0.1666666666666660745 ) ) ;
#2384 = CARTESIAN_POINT ( 'NONE',  ( 0.1277063293868262450, -0.006770833333333161827, 2.345927212716514929E-17 ) ) ;
#2385 = B_SPLINE_CURVE_WITH_KNOTS ( 'NONE', 3,
 ( #777, #2694, #2063, #2497, #1385, #750, #139, #975, #1837, #583 ),
 .UNSPECIFIED., .F., .F.,
 ( 4, 2, 2, 2, 4 ),
 ( 0.000000000000000000, 0.0004639090726152807383, 0.0009278181452305614765, 0.001391727217845841781, 0.001855636290461122519 ),
 .UNSPECIFIED. ) ;
#2386 = ORIENTED_EDGE ( 'NONE', *, *, #1783, .F. ) ;
#2387 = CARTESIAN_POINT ( 'NONE',  ( -0.1304126587736524900, 0.02291666666666695301, 0.05401869196918145793 ) ) ;
#2388 = CARTESIAN_POINT ( 'NONE',  ( 0.1093749999999998890, -2.420590938939690364E-16, -0.1894430570778458667 ) ) ;
#2389 = CARTESIAN_POINT ( 'NONE',  ( -0.09252404735808329728, 0.03854166666666684199, -0.03832471526136864426 ) ) ;
#2390 = EDGE_LOOP ( 'NONE', ( #592, #324, #2670, #2194, #714, #1987 ) ) ;
#2391 = CARTESIAN_POINT ( 'NONE',  ( -0.1127235395010614538, 0.009736610634767908085, -0.03068986080886036694 ) ) ;
#2392 = CARTESIAN_POINT ( 'NONE',  ( 0.000000000000000000, -0.1250000000000000278, 0.000000000000000000 ) ) ;
#2393 = EDGE_CURVE ( 'NONE', #1651, #1352, #1109, .T. ) ;
#2394 = CARTESIAN_POINT ( 'NONE',  ( -0.09252404735808328340, 0.04166666666666682395, -5.665463922061740748E-18 ) ) ;
#2395 = LINE ( 'NONE', #276, #1053 ) ;
#2396 = CIRCLE ( 'NONE', #759, 0.1250000000000000555 ) ;
#2397 = CARTESIAN_POINT ( 'NONE',  ( 0.1250000000000000833, 0.1947916666666669461, -0.05177669529663695563 ) ) ;
#2398 = B_SPLINE_CURVE_WITH_KNOTS ( 'NONE', 3,
 ( #1752, #1777, #62, #36, #1740, #271 ),
 .UNSPECIFIED., .F., .F.,
 ( 4, 2, 4 ),
 ( 0.003227520057086213142, 0.004827050055782522962, 0.006426580054478834084 ),
 .UNSPECIFIED. ) ;
#2399 = CARTESIAN_POINT ( 'NONE',  ( -0.06542438130972594301, 0.1041666666666668101, 0.06542438130972592913 ) ) ;
#2400 = AXIS2_PLACEMENT_3D ( 'NONE', #282, #2374, #670 ) ;
#2401 = VERTEX_POINT ( 'NONE', #1018 ) ;
#2402 = CARTESIAN_POINT ( 'NONE',  ( 0.09221567537141700521, -0.04895833333333304144, -0.09221567537141694970 ) ) ;
#2403 = CARTESIAN_POINT ( 'NONE',  ( -0.2187499999999996114, 0.2589623587022112927, -0.04224161383114841128 ) ) ;
#2404 = CARTESIAN_POINT ( 'NONE',  ( 0.09252404735808328340, 0.06666666666666683227, 1.699639176618522147E-17 ) ) ;
#2405 = VERTEX_POINT ( 'NONE', #1685 ) ;
#2406 = CYLINDRICAL_SURFACE ( 'NONE', #2616, 0.1250000000000001110 ) ;
#2407 = DIRECTION ( 'NONE',  ( 0.000000000000000000, 0.000000000000000000, -1.000000000000000000 ) ) ;
#2408 = CARTESIAN_POINT ( 'NONE',  ( -0.09252404735808328340, 0.09166666666666684060, -5.665463922061740748E-18 ) ) ;
#2409 = DIRECTION ( 'NONE',  ( 0.000000000000000000, 0.000000000000000000, 1.000000000000000000 ) ) ;
#2410 = CARTESIAN_POINT ( 'NONE',  ( 0.02132630341611932087, 0.01698747171388599250, 0.09938591489523809774 ) ) ;
#2411 = CARTESIAN_POINT ( 'NONE',  ( 0.06542438130972592913, 0.1166666666666668073, 0.06542438130972595689 ) ) ;
#2412 = ADVANCED_FACE ( 'NONE', ( #2555 ), #1098, .F. ) ;
#2413 = CARTESIAN_POINT ( 'NONE',  ( 0.1277063293868262728, 0.2463541666666668462, -0.05289769363290921372 ) ) ;
#2414 = CARTESIAN_POINT ( 'NONE',  ( 0.09221567537141700521, 0.001041666666666934450, -0.09221567537141694970 ) ) ;
#2415 = CARTESIAN_POINT ( 'NONE',  ( 1.530808498934192125E-17, 0.3065000000000003832, 0.1250000000000000555 ) ) ;
#2416 = CARTESIAN_POINT ( 'NONE',  ( -1.133092784412348150E-17, 0.2604166666666667962, 0.09252404735808328340 ) ) ;
#2417 = ORIENTED_EDGE ( 'NONE', *, *, #1315, .F. ) ;
#2418 = CARTESIAN_POINT ( 'NONE',  ( -0.1057470045565715860, 0.01188015629696278011, 0.03761004503696339235 ) ) ;
#2419 = CARTESIAN_POINT ( 'NONE',  ( -1.133092784412348150E-17, 0.1541666666666668128, 0.09252404735808328340 ) ) ;
#2420 = DIRECTION ( 'NONE',  ( 1.000000000000000000, 0.000000000000000000, -1.224646799147353207E-16 ) ) ;
#2421 = FACE_OUTER_BOUND ( 'NONE', #1510, .T. ) ;
#2422 = CARTESIAN_POINT ( 'NONE',  ( 0.03832471526136860956, 0.1135416666666668045, 0.09252404735808329728 ) ) ;
#2423 = EDGE_CURVE ( 'NONE', #1175, #2004, #1239, .T. ) ;
#2424 = CARTESIAN_POINT ( 'NONE',  ( -0.09030201150986773284, 0.2119791666666668573, -0.09030201150986773284 ) ) ;
#2425 = DIRECTION ( 'NONE',  ( 0.000000000000000000, 9.630486464151344099E-16, 1.000000000000000000 ) ) ;
#2426 = CARTESIAN_POINT ( 'NONE',  ( 0.06774907801605353774, 0.005828845726937629049, -0.1050479053954656850 ) ) ;
#2427 = B_SPLINE_CURVE_WITH_KNOTS ( 'NONE', 3,
 ( #1065, #1284, #1078, #237, #1927, #2137, #2781, #2568 ),
 .UNSPECIFIED., .F., .F.,
 ( 4, 2, 2, 4 ),
 ( 0.01052141970166725789, 0.01132418743716794886, 0.01212695517266863809, 0.01373249064367002004 ),
 .UNSPECIFIED. ) ;
#2428 = CARTESIAN_POINT ( 'NONE',  ( 0.09252404735808324177, 0.2197916666666668295, 0.03832471526136867201 ) ) ;
#2429 = ORIENTED_EDGE ( 'NONE', *, *, #1702, .F. ) ;
#2430 = CARTESIAN_POINT ( 'NONE',  ( 2.266185568824696299E-17, 0.2354166666666668017, -0.09252404735808328340 ) ) ;
#2431 = DIRECTION ( 'NONE',  ( -0.000000000000000000, -1.000000000000000000, -0.000000000000000000 ) ) ;
#2432 = ORIENTED_EDGE ( 'NONE', *, *, #2362, .T. ) ;
#2433 = CARTESIAN_POINT ( 'NONE',  ( -0.1120462547229112704, 0.2604166666666669072, 0.01286529161741649385 ) ) ;
#2434 = CARTESIAN_POINT ( 'NONE',  ( 0.000000000000000000, 0.2634166666666663548, 1.420918822347883361E-17 ) ) ;
#2435 = AXIS2_PLACEMENT_3D ( 'NONE', #2354, #2542, #2107 ) ;
#2436 = CARTESIAN_POINT ( 'NONE',  ( -0.09252404735808328340, 0.05104166666666680452, 0.03832471526136861650 ) ) ;
#2437 = VERTEX_POINT ( 'NONE', #1253 ) ;
#2438 = DIRECTION ( 'NONE',  ( -0.000000000000000000, -1.000000000000000000, -0.000000000000000000 ) ) ;
#2439 = CIRCLE ( 'NONE', #412, 0.1375000000000005107 ) ;
#2440 = EDGE_CURVE ( 'NONE', #2405, #2515, #1485, .T. ) ;
#2441 = CARTESIAN_POINT ( 'NONE',  ( 0.09252404735808324177, 0.2260416666666668351, -0.03832471526136865120 ) ) ;
#2442 = ORIENTED_EDGE ( 'NONE', *, *, #2393, .F. ) ;
#2443 = FACE_OUTER_BOUND ( 'NONE', #2500, .T. ) ;
#2444 = CARTESIAN_POINT ( 'NONE',  ( -0.09252404735808331115, 0.2385416666666668462, -0.03832471526136863732 ) ) ;
#2445 = EDGE_CURVE ( 'NONE', #516, #2237, #998, .T. ) ;
#2446 = DIRECTION ( 'NONE',  ( -0.000000000000000000, 1.000000000000000000, -0.000000000000000000 ) ) ;
#2447 = CARTESIAN_POINT ( 'NONE',  ( 0.1250000000000001110, 0.1916666666666669572, 2.296212748401289266E-17 ) ) ;
#2448 = B_SPLINE_CURVE_WITH_KNOTS ( 'NONE', 3,
 ( #703, #1297, #1325, #1742, #2659, #2606, #1102, #1353, #458, #664, #38, #2433, #2191, #50, #902, #2162, #886, #1768, #79, #2633, #495, #2219 ),
 .UNSPECIFIED., .F., .F.,
 ( 4, 2, 2, 2, 2, 2, 2, 2, 2, 2, 4 ),
 ( 1.229665739261135591E-20, 0.0008166843060996458771, 0.001633368612199291754, 0.002450052918298938065, 0.003266737224398584809, 0.003675079377448407965, 0.004083421530498232421, 0.004491763683548056010, 0.004900105836597878732, 0.005716790142697526778, 0.006533474448797173956 ),
 .UNSPECIFIED. ) ;
#2449 = CARTESIAN_POINT ( 'NONE',  ( 0.000000000000000000, 0.3125000000000000000, 0.000000000000000000 ) ) ;
#2450 = CARTESIAN_POINT ( 'NONE',  ( 0.06542438130972592913, 0.06666666666666680452, 0.06542438130972595689 ) ) ;
#2451 = CARTESIAN_POINT ( 'NONE',  ( -1.563951475144343594E-17, 0.3307291666666668517, 0.1277063293868262450 ) ) ;
#2452 = CARTESIAN_POINT ( 'NONE',  ( 0.05401869196918144406, -0.01458333333333305080, 0.1304126587736525178 ) ) ;
#2453 = CARTESIAN_POINT ( 'NONE',  ( 0.03832471526136860956, 0.007291666666666834183, 0.09252404735808329728 ) ) ;
#2454 = ORIENTED_EDGE ( 'NONE', *, *, #474, .F. ) ;
#2455 = CARTESIAN_POINT ( 'NONE',  ( -0.03832471526136865120, 0.3072916666666667962, 0.09252404735808329728 ) ) ;
#2456 = B_SPLINE_CURVE_WITH_KNOTS ( 'NONE', 3,
 ( #1095, #892, #488, #1761 ),
 .UNSPECIFIED., .F., .F.,
 ( 4, 4 ),
 ( 2.339749362653430583E-07, 0.003227520057086213142 ),
 .UNSPECIFIED. ) ;
#2457 = CARTESIAN_POINT ( 'NONE',  ( 0.09252404735808328340, 0.1635416666666668351, 0.03832471526136868589 ) ) ;
#2458 = ORIENTED_EDGE ( 'NONE', *, *, #1242, .F. ) ;
#2459 = EDGE_CURVE ( 'NONE', #1364, #841, #2653, .T. ) ;
#2460 = CARTESIAN_POINT ( 'NONE',  ( 0.2187499999999994171, 0.3125000000000000000, -0.1262953713852307813 ) ) ;
#2461 = CARTESIAN_POINT ( 'NONE',  ( 0.000000000000000000, 0.000000000000000000, 0.000000000000000000 ) ) ;
#2462 = DIRECTION ( 'NONE',  ( 0.000000000000000000, 0.000000000000000000, -1.000000000000000000 ) ) ;
#2463 = LINE ( 'NONE', #2087, #1160 ) ;
#2464 = DIRECTION ( 'NONE',  ( 0.000000000000000000, -4.097771990496395814E-16, -1.000000000000000000 ) ) ;
#2465 = CARTESIAN_POINT ( 'NONE',  ( -1.563951475144343594E-17, 0.2807291666666668628, 0.1277063293868262450 ) ) ;
#2466 = CARTESIAN_POINT ( 'NONE',  ( 0.08838834764831850210, 0.2416666666666666963, 0.08838834764831852986 ) ) ;
#2467 = CARTESIAN_POINT ( 'NONE',  ( 0.09252404735808325564, 0.1729166666666668017, 1.699639176618521531E-17 ) ) ;
#2468 = ORIENTED_EDGE ( 'NONE', *, *, #406, .T. ) ;
#2469 = CARTESIAN_POINT ( 'NONE',  ( -1.133092784412348150E-17, 0.05416666666666682811, 0.09252404735808328340 ) ) ;
#2470 = DIRECTION ( 'NONE',  ( 0.000000000000000000, 1.000000000000000000, 0.000000000000000000 ) ) ;
#2471 = CARTESIAN_POINT ( 'NONE',  ( -0.09252404735808328340, 0.09166666666666684060, -5.665463922061740748E-18 ) ) ;
#2472 = ORIENTED_EDGE ( 'NONE', *, *, #986, .F. ) ;
#2473 = CARTESIAN_POINT ( 'NONE',  ( -1.530808498934192742E-17, 0.03541666666666672125, 0.1250000000000001110 ) ) ;
#2474 = FACE_OUTER_BOUND ( 'NONE', #1082, .T. ) ;
#2475 = EDGE_CURVE ( 'NONE', #2139, #868, #960, .T. ) ;
#2476 = CARTESIAN_POINT ( 'NONE',  ( 0.08838834764831851598, 0.08541666666666697383, 0.08838834764831852986 ) ) ;
#2477 = CARTESIAN_POINT ( 'NONE',  ( 0.000000000000000000, 0.2604166666666666852, 0.000000000000000000 ) ) ;
#2478 = CARTESIAN_POINT ( 'NONE',  ( -0.1461328063662200027, -1.409004128775661660E-16, 0.1682209276774888351 ) ) ;
#2479 = AXIS2_PLACEMENT_3D ( 'NONE', #2790, #178, #537 ) ;
#2480 = CARTESIAN_POINT ( 'NONE',  ( 0.1277063293868262728, 0.09635416666666685170, -0.05289769363290921372 ) ) ;
#2481 = CARTESIAN_POINT ( 'NONE',  ( 0.000000000000000000, -2.420590938939690364E-16, 0.000000000000000000 ) ) ;
#2482 = CARTESIAN_POINT ( 'NONE',  ( -8.751672478465637359E-16, 0.3125000000000000000, -0.2525907427704615626 ) ) ;
#2483 = AXIS2_PLACEMENT_3D ( 'NONE', #1869, #1416, #2724 ) ;
#2484 = VERTEX_POINT ( 'NONE', #1458 ) ;
#2485 = CARTESIAN_POINT ( 'NONE',  ( -1.133092784412348150E-17, -0.04583333333333316356, 0.09252404735808328340 ) ) ;
#2486 = CARTESIAN_POINT ( 'NONE',  ( -0.06542438130972595689, 0.2916666666666667962, -0.06542438130972595689 ) ) ;
#2487 = CARTESIAN_POINT ( 'NONE',  ( 0.03832471526136861650, 0.05729166666666685864, 0.09252404735808331115 ) ) ;
#2488 = AXIS2_PLACEMENT_3D ( 'NONE', #959, #747, #2464 ) ;
#2489 = CARTESIAN_POINT ( 'NONE',  ( -0.09252404735808328340, -0.05208333333333319687, -5.665463922061740748E-18 ) ) ;
#2490 = VERTEX_POINT ( 'NONE', #196 ) ;
#2491 = CARTESIAN_POINT ( 'NONE',  ( -0.2187499999999995559, -2.420590938939690364E-16, 2.365849761790788230E-16 ) ) ;
#2492 = CYLINDRICAL_SURFACE ( 'NONE', #317, 0.1250000000000001110 ) ;
#2493 =( BOUNDED_CURVE ( )  B_SPLINE_CURVE ( 2, ( #1472, #2337, #2122, #401, #1090, #691, #236, #2619, #1128 ),
 .UNSPECIFIED., .F., .F. ) 
 B_SPLINE_CURVE_WITH_KNOTS ( ( 3, 2, 2, 2, 3 ),
 ( 0.5555555555555555802, 0.5694444444444444198, 0.5833333333333333703, 0.5972222222222222099, 0.6111111111111111605 ),
 .UNSPECIFIED. ) 
 CURVE ( )  GEOMETRIC_REPRESENTATION_ITEM ( )  RATIONAL_B_SPLINE_CURVE ( ( 1.000000000000000000, 0.9238795325112867385, 1.000000000000000000, 0.9238795325112867385, 1.000000000000000000, 0.9238795325112867385, 1.000000000000000000, 0.9238795325112867385, 1.000000000000000000 ) ) 
 REPRESENTATION_ITEM ( '' )  );
#2494 = DIRECTION ( 'NONE',  ( 0.000000000000000000, -3.213938816075597580E-16, -1.000000000000000000 ) ) ;
#2495 = LINE ( 'NONE', #2077, #633 ) ;
#2496 = CARTESIAN_POINT ( 'NONE',  ( -0.05289769363290920678, 0.07760416666666684893, 0.1277063293868262728 ) ) ;
#2497 = CARTESIAN_POINT ( 'NONE',  ( 0.08923325912218894873, 0.02097263114974221715, -0.02519377926746020277 ) ) ;
#2498 = EDGE_CURVE ( 'NONE', #1377, #1175, #2493, .T. ) ;
#2499 = CARTESIAN_POINT ( 'NONE',  ( 0.03832471526136868589, 0.03229166666666680868, -0.09252404735808324177 ) ) ;
#2500 = EDGE_LOOP ( 'NONE', ( #982, #2386, #1932 ) ) ;
#2501 = CARTESIAN_POINT ( 'NONE',  ( 0.1304126587736524900, 0.2947916666666669516, 2.395641677031742441E-17 ) ) ;
#2502 = CARTESIAN_POINT ( 'NONE',  ( 2.266185568824696299E-17, 0.1354166666666668239, -0.09252404735808328340 ) ) ;
#2503 = AXIS2_PLACEMENT_3D ( 'NONE', #1964, #917, #2646 ) ;
#2504 = CARTESIAN_POINT ( 'NONE',  ( 0.03832471526136869977, 0.02604166666666683783, -0.09252404735808328340 ) ) ;
#2505 = CARTESIAN_POINT ( 'NONE',  ( 0.03832471526136869977, 0.3260416666666668961, -0.09252404735808328340 ) ) ;
#2506 = VERTEX_POINT ( 'NONE', #1115 ) ;
#2507 = DIRECTION ( 'NONE',  ( -0.4999999999999998335, 0.000000000000000000, 0.8660254037844388186 ) ) ;
#2508 =( LENGTH_UNIT ( ) NAMED_UNIT ( * ) SI_UNIT ( $, .METRE. ) );
#2509 = CARTESIAN_POINT ( 'NONE',  ( 0.1250000000000000833, 0.08854166666666697660, 0.05177669529663699727 ) ) ;
#2510 = CARTESIAN_POINT ( 'NONE',  ( -8.244709031025826432E-16, 0.3125000000000000000, 0.2525907427704612851 ) ) ;
#2511 = CARTESIAN_POINT ( 'NONE',  ( -0.1277063293868262728, 0.1151041666666668267, -0.05289769363290919291 ) ) ;
#2512 = DIRECTION ( 'NONE',  ( 1.000000000000000000, -4.341264917180557335E-32, -1.224646799147353207E-16 ) ) ;
#2513 = ADVANCED_FACE ( 'NONE', ( #1339 ), #335, .T. ) ;
#2514 = CARTESIAN_POINT ( 'NONE',  ( 0.06542438130972595689, 0.1291666666666668184, -0.06542438130972592913 ) ) ;
#2515 = VERTEX_POINT ( 'NONE', #445 ) ;
#2516 = CARTESIAN_POINT ( 'NONE',  ( 0.06542438130972595689, 0.01041666666666681701, 0.06542438130972597077 ) ) ;
#2517 = CARTESIAN_POINT ( 'NONE',  ( 0.03832471526136860956, 0.1635416666666668073, 0.09252404735808329728 ) ) ;
#2518 = CARTESIAN_POINT ( 'NONE',  ( -0.03832471526136865120, 0.1010416666666668212, 0.09252404735808331115 ) ) ;
#2519 = CARTESIAN_POINT ( 'NONE',  ( 2.266185568824696299E-17, -0.01458333333333318958, -0.09252404735808328340 ) ) ;
#2520 = UNCERTAINTY_MEASURE_WITH_UNIT (LENGTH_MEASURE( 1.000000000000000082E-05 ), #193, 'distance_accuracy_value', 'NONE');
#2521 = VERTEX_POINT ( 'NONE', #2204 ) ;
#2522 = B_SPLINE_CURVE_WITH_KNOTS ( 'NONE', 3,
 ( #1106, #2021, #2626, #1343, #948, #500, #722, #2235 ),
 .UNSPECIFIED., .F., .F.,
 ( 4, 2, 2, 4 ),
 ( 0.01052142007063815339, 0.01132418780910333239, 0.01212695554756851313, 0.01373249102449887113 ),
 .UNSPECIFIED. ) ;
#2523 = DIRECTION ( 'NONE',  ( 0.000000000000000000, -1.000000000000000000, 0.000000000000000000 ) ) ;
#2524 = DIRECTION ( 'NONE',  ( 1.224646799147353454E-16, 0.000000000000000000, -1.000000000000000000 ) ) ;
#2525 = CARTESIAN_POINT ( 'NONE',  ( 0.09030201150986771896, 0.08697916666666682950, 0.09030201150986773284 ) ) ;
#2526 = PLANE ( 'NONE',  #898 ) ;
#2527 = CARTESIAN_POINT ( 'NONE',  ( -0.09252404735808325564, 0.04791666666666679480, -5.665463922061739207E-18 ) ) ;
#2528 = EDGE_LOOP ( 'NONE', ( #1449, #89 ) ) ;
#2529 = CARTESIAN_POINT ( 'NONE',  ( 0.09252404735808328340, -0.03645833333333314136, 0.03832471526136867895 ) ) ;
#2530 = CARTESIAN_POINT ( 'NONE',  ( 0.09252404735808328340, 0.2229166666666667906, 1.699639176618522147E-17 ) ) ;
#2531 = AXIS2_PLACEMENT_3D ( 'NONE', #1073, #428, #842 ) ;
#2532 = DIRECTION ( 'NONE',  ( -0.000000000000000000, -1.000000000000000000, 3.544911822905277504E-16 ) ) ;
#2533 = AXIS2_PLACEMENT_3D ( 'NONE', #134, #372, #984 ) ;
#2534 = CARTESIAN_POINT ( 'NONE',  ( 0.06542438130972597077, 0.2229166666666668462, -0.06542438130972592913 ) ) ;
#2535 = ORIENTED_EDGE ( 'NONE', *, *, #1663, .T. ) ;
#2536 = CARTESIAN_POINT ( 'NONE',  ( -0.06542438130972594301, -0.008333333333333222195, -0.06542438130972594301 ) ) ;
#2537 = AXIS2_PLACEMENT_3D ( 'NONE', #2481, #1643, #2752 ) ;
#2538 = EDGE_CURVE ( 'NONE', #2173, #2570, #1329, .T. ) ;
#2539 = CARTESIAN_POINT ( 'NONE',  ( -0.1250000000000001110, 0.07291666666666672680, -7.654042494670963708E-18 ) ) ;
#2540 = CARTESIAN_POINT ( 'NONE',  ( 2.266185568824696299E-17, 0.3291666666666668850, -0.09252404735808328340 ) ) ;
#2541 = CARTESIAN_POINT ( 'NONE',  ( 0.2187499999999994171, 0.2446364691551470016, -0.1262953713852327242 ) ) ;
#2542 = DIRECTION ( 'NONE',  ( -0.000000000000000000, -1.000000000000000000, -0.000000000000000000 ) ) ;
#2543 = CARTESIAN_POINT ( 'NONE',  ( 0.1277063293868262728, 0.04635416666666683505, -0.05289769363290921372 ) ) ;
#2544 = CARTESIAN_POINT ( 'NONE',  ( 0.06542438130972592913, 0.1666666666666668239, 0.06542438130972595689 ) ) ;
#2545 = VERTEX_POINT ( 'NONE', #1141 ) ;
#2546 = CARTESIAN_POINT ( 'NONE',  ( 0.05401869196918144406, 0.2354166666666669960, 0.1304126587736525178 ) ) ;
#2547 = CARTESIAN_POINT ( 'NONE',  ( -0.03832471526136863732, 0.03854166666666680036, -0.09252404735808329728 ) ) ;
#2548 = CARTESIAN_POINT ( 'NONE',  ( 0.05177669529663690706, 0.1385416666666667018, 0.1250000000000001110 ) ) ;
#2549 = CARTESIAN_POINT ( 'NONE',  ( 0.09252404735808328340, 0.2635416666666668406, 0.03832471526136867895 ) ) ;
#2550 = ORIENTED_EDGE ( 'NONE', *, *, #1063, .F. ) ;
#2551 = CARTESIAN_POINT ( 'NONE',  ( 0.09252404735808325564, -0.02395833333333320658, -0.03832471526136865120 ) ) ;
#2552 = CARTESIAN_POINT ( 'NONE',  ( -0.1250000000000001110, 0.06979166666666671015, -0.05177669529663693482 ) ) ;
#2553 = EDGE_CURVE ( 'NONE', #2490, #2521, #1731, .T. ) ;
#2554 = CARTESIAN_POINT ( 'NONE',  ( 0.06542438130972595689, 0.3104166666666668406, 0.06542438130972597077 ) ) ;
#2555 = FACE_OUTER_BOUND ( 'NONE', #1137, .T. ) ;
#2556 = DIRECTION ( 'NONE',  ( -0.000000000000000000, -1.000000000000000000, -0.000000000000000000 ) ) ;
#2557 = CARTESIAN_POINT ( 'NONE',  ( 0.09030201150986773284, -0.05052083333333320936, -0.09030201150986769121 ) ) ;
#2558 = ORIENTED_EDGE ( 'NONE', *, *, #2722, .F. ) ;
#2559 = CARTESIAN_POINT ( 'NONE',  ( -0.1304126587736524900, 0.1666666666666669350, -0.05401869196918147181 ) ) ;
#2560 = CARTESIAN_POINT ( 'NONE',  ( 0.06542438130972595689, 0.2166666666666668128, 0.06542438130972597077 ) ) ;
#2561 = CARTESIAN_POINT ( 'NONE',  ( -0.05177669529663694176, 0.1822916666666667684, 0.1250000000000001110 ) ) ;
#2562 = CARTESIAN_POINT ( 'NONE',  ( -0.06542438130972595689, 0.1854166666666668684, -0.06542438130972595689 ) ) ;
#2563 = ORIENTED_EDGE ( 'NONE', *, *, #1366, .F. ) ;
#2564 = CARTESIAN_POINT ( 'NONE',  ( -0.03832471526136861650, -0.01145833333333320415, -0.09252404735808328340 ) ) ;
#2565 = CARTESIAN_POINT ( 'NONE',  ( 3.061616997868386099E-17, 0.05416666666666695995, -0.1250000000000001110 ) ) ;
#2566 = CARTESIAN_POINT ( 'NONE',  ( 0.03832471526136860956, 0.2572916666666668628, 0.09252404735808329728 ) ) ;
#2567 = CARTESIAN_POINT ( 'NONE',  ( 0.1250000000000000833, 0.1447916666666669572, -0.05177669529663695563 ) ) ;
#2568 = CARTESIAN_POINT ( 'NONE',  ( -0.2187499999999995559, 0.2604166666666666852, 2.365849761790788230E-16 ) ) ;
#2569 = CARTESIAN_POINT ( 'NONE',  ( 0.05289769363290916515, -0.01614583333333317883, 0.1277063293868263005 ) ) ;
#2570 = VERTEX_POINT ( 'NONE', #24 ) ;
#2571 = CARTESIAN_POINT ( 'NONE',  ( 0.05401869196918144406, 0.03541666666666695718, 0.1304126587736525178 ) ) ;
#2572 = CARTESIAN_POINT ( 'NONE',  ( -0.1250000000000001110, 0.06979166666666695995, 0.05177669529663691400 ) ) ;
#2573 = CARTESIAN_POINT ( 'NONE',  ( -1.133092784412348150E-17, 0.1041666666666668378, 0.09252404735808328340 ) ) ;
#2574 = AXIS2_PLACEMENT_3D ( 'NONE', #2482, #1487, #597 ) ;
#2575 = ORIENTED_EDGE ( 'NONE', *, *, #2357, .F. ) ;
#2576 = DIRECTION ( 'NONE',  ( 0.000000000000000000, -1.000000000000000000, 1.036218204493341887E-15 ) ) ;
#2577 = CARTESIAN_POINT ( 'NONE',  ( -0.08838834764831851598, 0.06666666666666673513, -0.08838834764831851598 ) ) ;
#2578 = CIRCLE ( 'NONE', #1900, 0.05208333333333333565 ) ;
#2579 = CARTESIAN_POINT ( 'NONE',  ( 0.03832471526136869977, 0.3260416666666668961, -0.09252404735808328340 ) ) ;
#2580 =( BOUNDED_CURVE ( )  B_SPLINE_CURVE ( 2, ( #266, #1557, #2426 ),
 .UNSPECIFIED., .F., .F. ) 
 B_SPLINE_CURVE_WITH_KNOTS ( ( 3, 3 ),
 ( 0.6666666666666666297, 0.6767635979704046401 ),
 .UNSPECIFIED. ) 
 CURVE ( )  GEOMETRIC_REPRESENTATION_ITEM ( )  RATIONAL_B_SPLINE_CURVE ( ( 1.000000000000000000, 0.9446620145649791134, 0.9697831417191089542 ) ) 
 REPRESENTATION_ITEM ( '' )  );
#2581 = CARTESIAN_POINT ( 'NONE',  ( 0.1825471026613474657, 0.2543831164259095501, 0.1471971239091458550 ) ) ;
#2582 = CARTESIAN_POINT ( 'NONE',  ( 2.678914873134834756E-17, 0.2604166666666666852, 0.2187499999999999445 ) ) ;
#2583 = CARTESIAN_POINT ( 'NONE',  ( -0.09252404735808328340, 0.3010416666666668184, 0.03832471526136861650 ) ) ;
#2584 = EDGE_CURVE ( 'NONE', #199, #2609, #1226, .T. ) ;
#2585 = ORIENTED_EDGE ( 'NONE', *, *, #2149, .T. ) ;
#2586 = CARTESIAN_POINT ( 'NONE',  ( -0.05401869196918148569, 0.07916666666666694052, 0.1304126587736524900 ) ) ;
#2587 = CARTESIAN_POINT ( 'NONE',  ( 0.2187499999999994171, 0.2531400858502401152, 0.08463376635424148253 ) ) ;
#2588 = CARTESIAN_POINT ( 'NONE',  ( -0.03832471526136865120, 0.05104166666666684615, 0.09252404735808329728 ) ) ;
#2589 = VERTEX_POINT ( 'NONE', #1526 ) ;
#2590 = FACE_BOUND ( 'NONE', #752, .T. ) ;
#2591 = CARTESIAN_POINT ( 'NONE',  ( 0.000000000000000000, -0.1250000000000000278, 0.000000000000000000 ) ) ;
#2592 = CARTESIAN_POINT ( 'NONE',  ( -0.09252404735808329728, 0.1447916666666668462, 0.03832471526136863038 ) ) ;
#2593 = CARTESIAN_POINT ( 'NONE',  ( 0.08019351021506013200, 0.01547729370182653746, -0.06723362868734344966 ) ) ;
#2594 = CARTESIAN_POINT ( 'NONE',  ( 0.1250000000000000833, 0.1885416666666669405, 0.05177669529663699727 ) ) ;
#2595 = MECHANICAL_DESIGN_GEOMETRIC_PRESENTATION_REPRESENTATION (  '', ( #1687 ), #1638 ) ;
#2596 = CARTESIAN_POINT ( 'NONE',  ( -0.03832471526136861650, 0.2885416666666668073, -0.09252404735808328340 ) ) ;
#2597 = EDGE_LOOP ( 'NONE', ( #143, #1944, #1562, #185 ) ) ;
#2598 = CARTESIAN_POINT ( 'NONE',  ( 0.1304126587736524900, 0.09479166666666695440, 2.395641677031742441E-17 ) ) ;
#2599 = CARTESIAN_POINT ( 'NONE',  ( 0.2187499999999994171, 0.2446364691551470016, 0.1262953713852307813 ) ) ;
#2600 = EDGE_CURVE ( 'NONE', #1320, #1126, #2395, .T. ) ;
#2601 = CARTESIAN_POINT ( 'NONE',  ( 0.09252404735808328340, 0.2166666666666668406, 1.699639176618522147E-17 ) ) ;
#2602 = ORIENTED_EDGE ( 'NONE', *, *, #613, .T. ) ;
#2603 = FACE_OUTER_BOUND ( 'NONE', #414, .T. ) ;
#2604 = DIRECTION ( 'NONE',  ( 0.000000000000000000, 0.000000000000000000, -1.000000000000000000 ) ) ;
#2605 = CARTESIAN_POINT ( 'NONE',  ( -0.03832471526136865120, 0.05104166666666684615, 0.09252404735808329728 ) ) ;
#2606 = CARTESIAN_POINT ( 'NONE',  ( -0.07163483646779285341, 0.2604166666666667962, 0.07492885708913633869 ) ) ;
#2607 = CARTESIAN_POINT ( 'NONE',  ( -0.09115684007478225270, 0.2604166666666663521, -0.1999613166148106747 ) ) ;
#2608 = CARTESIAN_POINT ( 'NONE',  ( -0.03832471526136861650, 0.2385416666666668184, -0.09252404735808328340 ) ) ;
#2609 = VERTEX_POINT ( 'NONE', #471 ) ;
#2610 = CARTESIAN_POINT ( 'NONE',  ( -0.05401869196918148569, 0.1291666666666669849, 0.1304126587736524900 ) ) ;
#2611 = CARTESIAN_POINT ( 'NONE',  ( 0.000000000000000000, 0.000000000000000000, 0.000000000000000000 ) ) ;
#2612 = CARTESIAN_POINT ( 'NONE',  ( 0.03832471526136860956, 0.1572916666666668295, 0.09252404735808329728 ) ) ;
#2613 = ORIENTED_EDGE ( 'NONE', *, *, #1023, .T. ) ;
#2614 = CARTESIAN_POINT ( 'NONE',  ( -0.01394925285355248269, 0.01579175854318582567, 0.1029248460501698964 ) ) ;
#2615 = CARTESIAN_POINT ( 'NONE',  ( -0.05177669529663692094, 0.2072916666666669294, -0.1250000000000001110 ) ) ;
#2616 = AXIS2_PLACEMENT_3D ( 'NONE', #440, #467, #1322 ) ;
#2617 = CARTESIAN_POINT ( 'NONE',  ( -0.03832471526136863732, 0.03229166666666683644, -0.09252404735808329728 ) ) ;
#2618 = ADVANCED_FACE ( 'NONE', ( #680 ), #66, .F. ) ;
#2619 = CARTESIAN_POINT ( 'NONE',  ( 0.05177669529663690706, 0.03854166666666673791, 0.1250000000000001110 ) ) ;
#2620 = COLOUR_RGB ( '',0.7529411764705882248, 0.7529411764705882248, 0.7529411764705882248 ) ;
#2621 = CARTESIAN_POINT ( 'NONE',  ( 0.07370251825049038696, 0.01931678792086672161, 0.06257812597358371198 ) ) ;
#2622 = AXIS2_PLACEMENT_3D ( 'NONE', #2449, #1851, #359 ) ;
#2623 = CARTESIAN_POINT ( 'NONE',  ( 0.09252404735808325564, 0.02604166666666680660, -0.03832471526136865120 ) ) ;
#2624 = AXIS2_PLACEMENT_3D ( 'NONE', #1269, #846, #1912 ) ;
#2625 = CARTESIAN_POINT ( 'NONE',  ( -0.09030201150986773284, 0.2744791666666668295, 0.09030201150986771896 ) ) ;
#2626 = CARTESIAN_POINT ( 'NONE',  ( 0.2187499999999994171, 0.01117275174919790497, 0.1055884678135750043 ) ) ;
#2627 = CARTESIAN_POINT ( 'NONE',  ( 0.02108600098900706779, 0.2604166666666666852, -0.1213561262392813672 ) ) ;
#2628 = CARTESIAN_POINT ( 'NONE',  ( -0.06542438130972594301, 0.2541666666666668184, 0.06542438130972592913 ) ) ;
#2629 = EDGE_LOOP ( 'NONE', ( #766, #1956, #1577, #343 ) ) ;
#2630 = DIRECTION ( 'NONE',  ( -0.000000000000000000, -1.000000000000000000, -0.000000000000000000 ) ) ;
#2631 = DIRECTION ( 'NONE',  ( 0.000000000000000000, 0.000000000000000000, -1.000000000000000000 ) ) ;
#2632 = CARTESIAN_POINT ( 'NONE',  ( 0.03832471526136860956, 0.1572916666666668295, 0.09252404735808329728 ) ) ;
#2633 = CARTESIAN_POINT ( 'NONE',  ( -0.1008297313748550000, 0.2604166666666666297, -0.07068767314521585965 ) ) ;
#2634 = CARTESIAN_POINT ( 'NONE',  ( -0.2187499999999995559, -2.420590938939690364E-16, 2.365849761790788230E-16 ) ) ;
#2635 = EDGE_CURVE ( 'NONE', #970, #659, #2448, .T. ) ;
#2636 = CARTESIAN_POINT ( 'NONE',  ( 0.09252404735808325564, 0.01979166666666680452, 0.03832471526136867201 ) ) ;
#2637 = CARTESIAN_POINT ( 'NONE',  ( -0.09030201150986773284, 0.2244791666666668684, 0.09030201150986771896 ) ) ;
#2638 = CARTESIAN_POINT ( 'NONE',  ( -0.05401869196918148569, -0.07083333333333304005, 0.1304126587736524900 ) ) ;
#2639 = CARTESIAN_POINT ( 'NONE',  ( 3.061616997868386099E-17, 0.1541666666666669794, -0.1250000000000001110 ) ) ;
#2640 = CARTESIAN_POINT ( 'NONE',  ( 0.03832471526136868589, 0.2322916666666668406, -0.09252404735808324177 ) ) ;
#2641 = VERTEX_POINT ( 'NONE', #1551 ) ;
#2642 = CARTESIAN_POINT ( 'NONE',  ( 0.03832471526136860956, 0.3135416666666668295, 0.09252404735808329728 ) ) ;
#2643 = CARTESIAN_POINT ( 'NONE',  ( 0.000000000000000000, 0.2604166666666666852, 0.000000000000000000 ) ) ;
#2644 = ORIENTED_EDGE ( 'NONE', *, *, #1259, .T. ) ;
#2645 = CARTESIAN_POINT ( 'NONE',  ( 0.03832471526136869977, 0.1260416666666668850, -0.09252404735808328340 ) ) ;
#2646 = DIRECTION ( 'NONE',  ( 0.000000000000000000, 0.000000000000000000, -1.000000000000000000 ) ) ;
#2647 = CARTESIAN_POINT ( 'NONE',  ( 0.1093749999999998751, 0.2604166666666666852, -0.1894430570778458667 ) ) ;
#2648 = CARTESIAN_POINT ( 'NONE',  ( 0.06542438130972592913, 0.01666666666666678440, 0.06542438130972595689 ) ) ;
#2649 = EDGE_CURVE ( 'NONE', #1929, #545, #1460, .T. ) ;
#2650 = CARTESIAN_POINT ( 'NONE',  ( -1.530808498934193050E-17, 0.07916666666666695440, 0.1250000000000001110 ) ) ;
#2651 = CARTESIAN_POINT ( 'NONE',  ( 0.000000000000000000, 0.3125000000000000000, 0.000000000000000000 ) ) ;
#2652 = ADVANCED_FACE ( 'NONE', ( #483 ), #1792, .F. ) ;
#2653 = B_SPLINE_CURVE_WITH_KNOTS ( 'NONE', 3,
 ( #1283, #1077, #180, #1936, #1670, #860 ),
 .UNSPECIFIED., .F., .F.,
 ( 4, 2, 4 ),
 ( 0.003227520057086208372, 0.004827050055782543779, 0.006426580054478879186 ),
 .UNSPECIFIED. ) ;
#2654 = CARTESIAN_POINT ( 'NONE',  ( 0.03832471526136869977, -0.07395833333333316773, -0.09252404735808328340 ) ) ;
#2655 = ORIENTED_EDGE ( 'NONE', *, *, #1143, .F. ) ;
#2656 = CARTESIAN_POINT ( 'NONE',  ( -4.609993489308444058E-16, 0.01578019751151954128, -0.2525907427704618402 ) ) ;
#2657 = CARTESIAN_POINT ( 'NONE',  ( -0.09252404735808331115, 0.2447916666666668517, 0.03832471526136863038 ) ) ;
#2658 = PRODUCT_RELATED_PRODUCT_CATEGORY ( 'part', '', ( #2003 ) ) ;
#2659 = CARTESIAN_POINT ( 'NONE',  ( -0.05285169876027517172, 0.2604166666666667962, 0.08582119451821960954 ) ) ;
#2660 = CARTESIAN_POINT ( 'NONE',  ( -4.609993489308444058E-16, 0.01578019751151954128, -0.2525907427704618402 ) ) ;
#2661 = TOROIDAL_SURFACE ( 'NONE', #2206, 0.1666666666666666297, 0.05208333333333333565 ) ;
#2662 = CARTESIAN_POINT ( 'NONE',  ( -0.03832471526136861650, 0.08854166666666681007, -0.09252404735808328340 ) ) ;
#2663 = AXIS2_PLACEMENT_3D ( 'NONE', #578, #2689, #1637 ) ;
#2664 = CARTESIAN_POINT ( 'NONE',  ( -0.09030201150986773284, 0.3119791666666668073, -0.09030201150986773284 ) ) ;
#2665 = CARTESIAN_POINT ( 'NONE',  ( -1.597094451354495063E-17, -0.06770833333333305115, 0.1304126587736524900 ) ) ;
#2666 = AXIS2_PLACEMENT_3D ( 'NONE', #2651, #1317, #487 ) ;
#2667 =( BOUNDED_CURVE ( )  B_SPLINE_CURVE ( 2, ( #1001, #1164, #2476, #2509, #1808, #1397, #2262, #731, #1591 ),
 .UNSPECIFIED., .F., .T. ) 
 B_SPLINE_CURVE_WITH_KNOTS ( ( 3, 2, 2, 2, 3 ),
 ( 0.3055555555555554692, 0.3194444444444444198, 0.3333333333333332593, 0.3472222222222222099, 0.3611111111111110494 ),
 .UNSPECIFIED. ) 
 CURVE ( )  GEOMETRIC_REPRESENTATION_ITEM ( )  RATIONAL_B_SPLINE_CURVE ( ( 1.000000000000000000, 0.9238795325112868495, 1.000000000000000000, 0.9238795325112868495, 1.000000000000000000, 0.9238795325112868495, 1.000000000000000000, 0.9238795325112868495, 1.000000000000000000 ) ) 
 REPRESENTATION_ITEM ( '' )  );
#2668 = EDGE_CURVE ( 'NONE', #2609, #454, #1565, .T. ) ;
#2669 = CARTESIAN_POINT ( 'NONE',  ( -0.09252404735808328340, 0.2010416666666668128, 0.03832471526136861650 ) ) ;
#2670 = ORIENTED_EDGE ( 'NONE', *, *, #1366, .T. ) ;
#2671 = CARTESIAN_POINT ( 'NONE',  ( 0.09252404735808328340, 0.3260416666666668406, -0.03832471526136865120 ) ) ;
#2672 = CARTESIAN_POINT ( 'NONE',  ( -0.03832471526136863038, 0.1322916666666668628, -0.09252404735808331115 ) ) ;
#2673 = ORIENTED_EDGE ( 'NONE', *, *, #444, .T. ) ;
#2674 =( CONVERSION_BASED_UNIT ( 'INCH', #1806 ) LENGTH_UNIT ( ) NAMED_UNIT ( #1856 ) );
#2675 = DIRECTION ( 'NONE',  ( 0.000000000000000000, 0.000000000000000000, -1.000000000000000000 ) ) ;
#2676 = DIRECTION ( 'NONE',  ( -0.000000000000000000, -1.000000000000000000, -0.000000000000000000 ) ) ;
#2677 = CARTESIAN_POINT ( 'NONE',  ( 0.09252404735808325564, 0.1260416666666668017, -0.03832471526136865120 ) ) ;
#2678 = CARTESIAN_POINT ( 'NONE',  ( 0.2187499999999994171, 0.2446364691551470016, -0.1262953713852327242 ) ) ;
#2679 = CARTESIAN_POINT ( 'NONE',  ( 0.1277063293868262450, 0.2932291666666668739, 2.345927212716514929E-17 ) ) ;
#2680 = CARTESIAN_POINT ( 'NONE',  ( -0.05401869196918146487, -0.03958333333333306087, -0.1304126587736524900 ) ) ;
#2681 =( GEOMETRIC_REPRESENTATION_CONTEXT ( 3 ) GLOBAL_UNCERTAINTY_ASSIGNED_CONTEXT ( ( #395 ) ) GLOBAL_UNIT_ASSIGNED_CONTEXT ( ( #1060, #1922, #817 ) ) REPRESENTATION_CONTEXT ( 'NONE', 'WORKASPACE' ) );
#2682 = CARTESIAN_POINT ( 'NONE',  ( 0.09252404735808324177, 0.1760416666666668184, -0.03832471526136865120 ) ) ;
#2683 = ORIENTED_EDGE ( 'NONE', *, *, #336, .T. ) ;
#2684 = CARTESIAN_POINT ( 'NONE',  ( -0.02637425376617337155, 0.005828845726667279334, -0.1221859187397529856 ) ) ;
#2685 = ADVANCED_FACE ( 'NONE', ( #1162 ), #1832, .F. ) ;
#2686 = CARTESIAN_POINT ( 'NONE',  ( -0.06542438130972595689, 0.1854166666666668684, -0.06542438130972595689 ) ) ;
#2687 = ORIENTED_EDGE ( 'NONE', *, *, #82, .F. ) ;
#2688 = CARTESIAN_POINT ( 'NONE',  ( -0.2187499999999996947, 0.006922111106968725433, -0.08440970800976194122 ) ) ;
#2689 = DIRECTION ( 'NONE',  ( -0.000000000000000000, -1.000000000000000000, 3.544911822905277504E-16 ) ) ;
#2690 = CARTESIAN_POINT ( 'NONE',  ( 0.000000000000000000, -0.1250000000000000278, -0.1250000000000001110 ) ) ;
#2691 = CARTESIAN_POINT ( 'NONE',  ( -1.133092784412347841E-17, -0.03958333333333319271, 0.09252404735808325564 ) ) ;
#2692 = CARTESIAN_POINT ( 'NONE',  ( 0.000000000000000000, 0.2604166666666670182, 0.1666666666666662688 ) ) ;
#2693 = CARTESIAN_POINT ( 'NONE',  ( -0.1277063293868262450, 0.06822916666666682672, -7.819757375721717972E-18 ) ) ;
#2694 = CARTESIAN_POINT ( 'NONE',  ( 0.08258774685984437980, 0.02097263114974222062, -0.04215683091521224557 ) ) ;
#2695 = CARTESIAN_POINT ( 'NONE',  ( 0.1093749999999996808, 0.2604166666666666852, 0.1894430570778458112 ) ) ;
#2696 = EDGE_LOOP ( 'NONE', ( #911, #2761, #2321, #785, #462, #655 ) ) ;
#2697 = CARTESIAN_POINT ( 'NONE',  ( 0.05401869196918144406, 0.2854166666666669294, 0.1304126587736525178 ) ) ;
#2698 = CARTESIAN_POINT ( 'NONE',  ( -0.09252404735808328340, 0.2979166666666668295, -5.665463922061740748E-18 ) ) ;
#2699 = CARTESIAN_POINT ( 'NONE',  ( -0.03832471526136863038, 0.08229166666666681840, -0.09252404735808331115 ) ) ;
#2700 = CARTESIAN_POINT ( 'NONE',  ( 0.03832471526136869977, -0.06770833333333318993, -0.09252404735808328340 ) ) ;
#2701 = EDGE_LOOP ( 'NONE', ( #310, #149 ) ) ;
#2702 = DIRECTION ( 'NONE',  ( 0.000000000000000000, 0.000000000000000000, -1.000000000000000000 ) ) ;
#2703 = ADVANCED_FACE ( 'NONE', ( #1176 ), #381, .T. ) ;
#2704 = CARTESIAN_POINT ( 'NONE',  ( 0.09809343880170888486, 0.2604166666666666297, 0.02322253114815842415 ) ) ;
#2705 = DIRECTION ( 'NONE',  ( 0.000000000000000000, 0.000000000000000000, 1.000000000000000000 ) ) ;
#2706 = CIRCLE ( 'NONE', #92, 0.2187499999999999445 ) ;
#2707 = CARTESIAN_POINT ( 'NONE',  ( -0.05289769363290920678, 0.1776041666666668406, 0.1277063293868262728 ) ) ;
#2708 = DIRECTION ( 'NONE',  ( 0.000000000000000000, 0.000000000000000000, -1.000000000000000000 ) ) ;
#2709 = AXIS2_PLACEMENT_3D ( 'NONE', #1965, #2205, #1368 ) ;
#2710 = CARTESIAN_POINT ( 'NONE',  ( 0.09569978615962523860, 0.2604166666666665186, -0.05585893036983613502 ) ) ;
#2711 = CARTESIAN_POINT ( 'NONE',  ( 0.06542438130972592913, 0.1166666666666668073, 0.06542438130972595689 ) ) ;
#2712 = CIRCLE ( 'NONE', #1490, 0.04608333333333345522 ) ;
#2713 = EDGE_LOOP ( 'NONE', ( #448, #2000, #1872, #1219 ) ) ;
#2714 = CARTESIAN_POINT ( 'NONE',  ( 0.09252404735808328340, -0.03333333333333315940, 1.699639176618522147E-17 ) ) ;
#2715 = CARTESIAN_POINT ( 'NONE',  ( 0.03832471526136860956, 0.1135416666666668045, 0.09252404735808329728 ) ) ;
#2716 = CARTESIAN_POINT ( 'NONE',  ( 0.09252404735808328340, 0.2166666666666668406, 1.699639176618522147E-17 ) ) ;
#2717 = CARTESIAN_POINT ( 'NONE',  ( -0.06542438130972595689, -0.008333333333333222195, -0.06542438130972595689 ) ) ;
#2718 = ORIENTED_EDGE ( 'NONE', *, *, #1924, .F. ) ;
#2719 = CARTESIAN_POINT ( 'NONE',  ( -0.08838834764831851598, 0.01666666666666671501, -0.08838834764831851598 ) ) ;
#2720 = CARTESIAN_POINT ( 'NONE',  ( -1.530808498934193050E-17, 0.1291666666666669572, 0.1250000000000001110 ) ) ;
#2721 = FACE_OUTER_BOUND ( 'NONE', #1679, .T. ) ;
#2722 = EDGE_CURVE ( 'NONE', #2139, #2545, #2729, .T. ) ;
#2723 = CARTESIAN_POINT ( 'NONE',  ( 0.09030201150986771896, 0.1869791666666668628, 0.09030201150986773284 ) ) ;
#2724 = DIRECTION ( 'NONE',  ( 0.000000000000000000, 0.000000000000000000, -1.000000000000000000 ) ) ;
#2725 = CARTESIAN_POINT ( 'NONE',  ( 0.09252404735808324177, 0.1697916666666668128, 0.03832471526136867201 ) ) ;
#2726 = ORIENTED_EDGE ( 'NONE', *, *, #1831, .F. ) ;
#2727 = CARTESIAN_POINT ( 'NONE',  ( -0.09252404735808329728, -0.01145833333333317119, -0.03832471526136864426 ) ) ;
#2728 = CARTESIAN_POINT ( 'NONE',  ( 0.09252404735808328340, 0.1697916666666668128, 0.03832471526136867895 ) ) ;
#2729 = CIRCLE ( 'NONE', #693, 0.1250000000000001110 ) ;
#2730 = CARTESIAN_POINT ( 'NONE',  ( 0.06542438130972597077, 0.02291666666666682117, -0.06542438130972592913 ) ) ;
#2731 = CARTESIAN_POINT ( 'NONE',  ( -0.03832471526136865120, 0.007291666666666799489, 0.09252404735808329728 ) ) ;
#2732 = ORIENTED_EDGE ( 'NONE', *, *, #557, .F. ) ;
#2733 = CARTESIAN_POINT ( 'NONE',  ( 0.1459283252666189745, 0.001447779302353398344, 0.1683389848953872614 ) ) ;
#2734 = DIRECTION ( 'NONE',  ( 0.000000000000000000, 0.000000000000000000, -1.000000000000000000 ) ) ;
#2735 = DIRECTION ( 'NONE',  ( 0.000000000000000000, 0.000000000000000000, -1.000000000000000000 ) ) ;
#2736 = CARTESIAN_POINT ( 'NONE',  ( 1.530808498934192742E-17, -0.1250000000000000278, 0.1250000000000001110 ) ) ;
#2737 = CARTESIAN_POINT ( 'NONE',  ( 0.09030201150986771896, 0.1369791666666668462, 0.09030201150986773284 ) ) ;
#2738 = FACE_BOUND ( 'NONE', #1791, .T. ) ;
#2739 = CARTESIAN_POINT ( 'NONE',  ( -0.06542438130972594301, 0.09166666666666679897, -0.06542438130972594301 ) ) ;
#2740 = ADVANCED_FACE ( 'NONE', ( #1621 ), #292, .T. ) ;
#2741 = ORIENTED_EDGE ( 'NONE', *, *, #986, .T. ) ;
#2742 = CARTESIAN_POINT ( 'NONE',  ( 0.09252404735808328340, -0.03020833333333317744, -0.03832471526136865120 ) ) ;
#2743 = CARTESIAN_POINT ( 'NONE',  ( -0.06542438130972595689, 0.2041666666666668295, 0.06542438130972595689 ) ) ;
#2744 = CARTESIAN_POINT ( 'NONE',  ( 0.000000000000000000, 0.2634166666666663548, -0.2096454243396280448 ) ) ;
#2745 = CARTESIAN_POINT ( 'NONE',  ( -0.06542438130972595689, -0.05833333333333323711, -0.06542438130972595689 ) ) ;
#2746 = ORIENTED_EDGE ( 'NONE', *, *, #2459, .T. ) ;
#2747 = DIRECTION ( 'NONE',  ( 0.000000000000000000, 0.000000000000000000, -1.000000000000000000 ) ) ;
#2748 = CARTESIAN_POINT ( 'NONE',  ( 0.08838834764831852986, 0.1041666666666667407, -0.08838834764831847435 ) ) ;
#2749 = DIRECTION ( 'NONE',  ( -0.000000000000000000, -1.000000000000000000, 3.544911822905277504E-16 ) ) ;
#2750 = CARTESIAN_POINT ( 'NONE',  ( 0.1459283252666191688, 0.2589688873643131162, -0.1683389848953873169 ) ) ;
#2751 = CARTESIAN_POINT ( 'NONE',  ( 0.1277063293868262450, 0.04322916666666681840, 2.345927212716514929E-17 ) ) ;
#2752 = DIRECTION ( 'NONE',  ( 0.000000000000000000, 0.000000000000000000, -1.000000000000000000 ) ) ;
#2753 = CARTESIAN_POINT ( 'NONE',  ( 0.03832471526136860956, 0.1635416666666668073, 0.09252404735808331115 ) ) ;
#2754 = EDGE_LOOP ( 'NONE', ( #977, #164, #2342, #1235 ) ) ;
#2755 = CARTESIAN_POINT ( 'NONE',  ( -0.03832471526136863732, -0.06770833333333318993, -0.09252404735808329728 ) ) ;
#2756 = CARTESIAN_POINT ( 'NONE',  ( -0.06542438130972595689, 0.04166666666666678925, -0.06542438130972595689 ) ) ;
#2757 = CARTESIAN_POINT ( 'NONE',  ( -1.843997395723377623E-15, 0.2446364691551470016, 0.2525907427704618402 ) ) ;
#2758 = EDGE_CURVE ( 'NONE', #1214, #516, #2090, .T. ) ;
#2759 = AXIS2_PLACEMENT_3D ( 'NONE', #2461, #2523, #1590 ) ;
#2760 = CARTESIAN_POINT ( 'NONE',  ( 0.09252404735808328340, 0.3135416666666668850, 0.03832471526136867895 ) ) ;
#2761 = ORIENTED_EDGE ( 'NONE', *, *, #647, .T. ) ;
#2762 = DIRECTION ( 'NONE',  ( -0.000000000000000000, -1.000000000000000000, -0.000000000000000000 ) ) ;
#2763 = AXIS2_PLACEMENT_3D ( 'NONE', #2095, #2512, #169 ) ;
#2764 = CARTESIAN_POINT ( 'NONE',  ( 0.000000000000000000, 0.2604166666666666852, -0.2187499999999999445 ) ) ;
#2765 = LINE ( 'NONE', #2794, #55 ) ;
#2766 = CARTESIAN_POINT ( 'NONE',  ( 0.000000000000000000, 0.2604166666666666852, 0.000000000000000000 ) ) ;
#2767 = CARTESIAN_POINT ( 'NONE',  ( 0.03832471526136860956, 0.2635416666666667851, 0.09252404735808329728 ) ) ;
#2768 = B_SPLINE_CURVE_WITH_KNOTS ( 'NONE', 3,
 ( #1532, #2171, #2403, #1997, #2156, #477 ),
 .UNSPECIFIED., .F., .F.,
 ( 4, 2, 4 ),
 ( 0.01373249064367002004, 0.01533888449787097416, 0.01694527835207192829 ),
 .UNSPECIFIED. ) ;
#2769 = ORIENTED_EDGE ( 'NONE', *, *, #1604, .F. ) ;
#2770 = CARTESIAN_POINT ( 'NONE',  ( -0.1304126587736524900, 0.06979166666666694607, -7.985472256772475317E-18 ) ) ;
#2771 = CARTESIAN_POINT ( 'NONE',  ( -0.03832471526136865120, 0.1072916666666667990, 0.09252404735808329728 ) ) ;
#2772 = CARTESIAN_POINT ( 'NONE',  ( 0.1250000000000000833, 0.1510416666666667407, -0.05177669529663694870 ) ) ;
#2773 = CARTESIAN_POINT ( 'NONE',  ( -0.09252404735808329728, 0.04479166666666684060, 0.03832471526136863038 ) ) ;
#2774 = ORIENTED_EDGE ( 'NONE', *, *, #1456, .F. ) ;
#2775 = PLANE ( 'NONE',  #1529 ) ;
#2776 = EDGE_CURVE ( 'NONE', #2589, #707, #1067, .T. ) ;
#2777 =( NAMED_UNIT ( * ) PLANE_ANGLE_UNIT ( ) SI_UNIT ( $, .RADIAN. ) );
#2778 = CARTESIAN_POINT ( 'NONE',  ( 3.061616997868385483E-17, 0.2104166666666667240, -0.1250000000000001110 ) ) ;
#2779 = CARTESIAN_POINT ( 'NONE',  ( -0.06542438130972595689, 0.2479166666666668406, 0.06542438130972595689 ) ) ;
#2780 = CARTESIAN_POINT ( 'NONE',  ( 3.061616997868386099E-17, 0.1541666666666669794, -0.1250000000000001110 ) ) ;
#2781 = CARTESIAN_POINT ( 'NONE',  ( -0.2187499999999995004, 0.2604166666666669072, 0.02112283389519486673 ) ) ;
#2782 = CARTESIAN_POINT ( 'NONE',  ( 0.09252404735808325564, 0.3260416666666668406, -0.03832471526136865120 ) ) ;
#2783 = CARTESIAN_POINT ( 'NONE',  ( 3.061616997868385483E-17, 0.1604166666666667074, -0.1250000000000001110 ) ) ;
#2784 =( BOUNDED_CURVE ( )  B_SPLINE_CURVE ( 2, ( #2473, #1191, #2058, #983, #1204, #1367, #2719, #2072, #971 ),
 .UNSPECIFIED., .F., .F. ) 
 B_SPLINE_CURVE_WITH_KNOTS ( ( 3, 2, 2, 2, 3 ),
 ( 0.6111111111111111605, 0.6250000000000000000, 0.6388888888888888395, 0.6527777777777777901, 0.6666666666666666297 ),
 .UNSPECIFIED. ) 
 CURVE ( )  GEOMETRIC_REPRESENTATION_ITEM ( )  RATIONAL_B_SPLINE_CURVE ( ( 1.000000000000000000, 0.9238795325112867385, 1.000000000000000000, 0.9238795325112867385, 1.000000000000000000, 0.9238795325112867385, 1.000000000000000000, 0.9238795325112867385, 1.000000000000000000 ) ) 
 REPRESENTATION_ITEM ( '' )  );
#2785 = VERTEX_POINT ( 'NONE', #2043 ) ;
#2786 = CARTESIAN_POINT ( 'NONE',  ( 0.1304126587736524345, 0.1916666666666669572, 0.05401869196918154120 ) ) ;
#2787 = CARTESIAN_POINT ( 'NONE',  ( 0.05177669529663701808, 0.2510416666666669405, -0.1250000000000000833 ) ) ;
#2788 = CARTESIAN_POINT ( 'NONE',  ( -0.03832471526136863732, 0.03229166666666683644, -0.09252404735808329728 ) ) ;
#2789 = ORIENTED_EDGE ( 'NONE', *, *, #936, .T. ) ;
#2790 = CARTESIAN_POINT ( 'NONE',  ( 0.000000000000000000, 0.01578019751151954128, 0.000000000000000000 ) ) ;
#2791 = SURFACE_SIDE_STYLE ('',( #2307 ) ) ;
#2792 = CARTESIAN_POINT ( 'NONE',  ( 0.08838834764831851598, 0.03541666666666695024, 0.08838834764831852986 ) ) ;
#2793 = CARTESIAN_POINT ( 'NONE',  ( 2.266185568824696299E-17, 0.2291666666666668517, -0.09252404735808328340 ) ) ;
#2794 = CARTESIAN_POINT ( 'NONE',  ( 0.000000000000000000, -0.1250000000000000278, -0.1250000000000001110 ) ) ;
#2795 = CARTESIAN_POINT ( 'NONE',  ( -0.08838834764831816904, 0.2604166666666666852, -0.08838834764831816904 ) ) ;
#2796 = EDGE_CURVE ( 'NONE', #1175, #2484, #2784, .T. ) ;
#2797 = MANIFOLD_SOLID_BREP ( 'Revolve2', #1486 ) ;
#2798 = CARTESIAN_POINT ( 'NONE',  ( 0.09252404735808325564, 0.3229166666666668517, 1.699639176618521531E-17 ) ) ;
ENDSEC;
END-ISO-10303-21;
