ISO-10303-21;
HEADER;
FILE_DESCRIPTION (( 'STEP AP214' ),
    '1' );
FILE_NAME ('91290A121_Alloy Steel Socket Head Screw.STEP',
    '2026-09-04T22:01:24',
    ( '' ),
    ( '' ),
    'SwSTEP 2.0',
    'SolidWorks 2026',
    '' );
FILE_SCHEMA (( 'AUTOMOTIVE_DESIGN' ));
ENDSEC;

DATA;
#1 = CARTESIAN_POINT ( 'NONE',  ( 0.000000000000000000, 1.499999999999999556, -8.500000000000000000 ) ) ;
#2 = CARTESIAN_POINT ( 'NONE',  ( -1.357050807568876971, 8.309539638847778957E-17, 3.374999999999997780 ) ) ;
#3 = CARTESIAN_POINT ( 'NONE',  ( -1.322475605676657784, 0.7635316469341318912, -10.40104166666666785 ) ) ;
#4 = EDGE_LOOP ( 'NONE', ( #2398, #755, #4165, #2157 ) ) ;
#5 = CARTESIAN_POINT ( 'NONE',  ( 1.017788105676658228, 0.5876202367904167501, 3.666666666666665186 ) ) ;
#6 = CARTESIAN_POINT ( 'NONE',  ( -0.8660254037844389297, -1.499999999999999334, 4.708333333333333037 ) ) ;
#7 = CARTESIAN_POINT ( 'NONE',  ( -1.836970198721029441E-16, -1.499999999999999778, -3.687500000000001332 ) ) ;
#8 = CARTESIAN_POINT ( 'NONE',  ( -1.439254484199189379E-16, -1.175240473580835276, 0.06249999999999832079 ) ) ;
#9 = EDGE_CURVE ( 'NONE', #5425, #2014, #486, .T. ) ;
#10 = CARTESIAN_POINT ( 'NONE',  ( -0.6785254037844383745, 1.175240473580835499, -5.645833333333334814 ) ) ;
#11 = AXIS2_PLACEMENT_3D ( 'NONE', #2111, #6195, #4356 ) ;
#12 = ORIENTED_EDGE ( 'NONE', *, *, #6169, .T. ) ;
#13 = CARTESIAN_POINT ( 'NONE',  ( -1.017788105676658006, -0.5876202367904174162, -4.583333333333333925 ) ) ;
#14 = CARTESIAN_POINT ( 'NONE',  ( 0.000000000000000000, 1.527063293868263338, 0.5468749999999987788 ) ) ;
#15 = DIRECTION ( 'NONE',  ( 0.000000000000000000, 1.000000000000000000, 0.000000000000000000 ) ) ;
#16 = DIRECTION ( 'NONE',  ( -0.000000000000000000, 6.173100338913050050E-57, -1.000000000000000000 ) ) ;
#17 = CARTESIAN_POINT ( 'NONE',  ( 0.8660254037844394848, 1.499999999999999334, -6.541666666666669627 ) ) ;
#18 = CIRCLE ( 'NONE', #7015, 2.750000000000000000 ) ;
#19 = CARTESIAN_POINT ( 'NONE',  ( 1.017788105676658228, 0.5876202367904167501, -9.770833333333333925 ) ) ;
#20 = CARTESIAN_POINT ( 'NONE',  ( -1.357050807568876749, 8.309539638847778957E-17, 6.874999999999997335 ) ) ;
#21 = CARTESIAN_POINT ( 'NONE',  ( -1.299038105676657562, 0.7500000000000000000, -8.916666666666667851 ) ) ;
#22 = CIRCLE ( 'NONE', #1929, 1.649999999999999467 ) ;
#23 = CARTESIAN_POINT ( 'NONE',  ( 0.000000000000000000, 1.499999999999999778, -2.937500000000000888 ) ) ;
#24 = CARTESIAN_POINT ( 'NONE',  ( -1.836970198721029441E-16, -1.499999999999999778, -8.187500000000001776 ) ) ;
#25 =( LENGTH_UNIT ( ) NAMED_UNIT ( * ) SI_UNIT ( .MILLI., .METRE. ) );
#26 = CARTESIAN_POINT ( 'NONE',  ( 1.322475605676657340, -0.7635316469341323353, 4.848958333333332149 ) ) ;
#27 = CARTESIAN_POINT ( 'NONE',  ( -1.357050807568876749, 8.309539638847778957E-17, 3.437499999999997780 ) ) ;
#28 = VERTEX_POINT ( 'NONE', #5299 ) ;
#29 = CARTESIAN_POINT ( 'NONE',  ( -1.017788105676657784, 0.5876202367904177493, -9.166666666666666075 ) ) ;
#30 = AXIS2_PLACEMENT_3D ( 'NONE', #2082, #2049, #3691 ) ;
#31 = CARTESIAN_POINT ( 'NONE',  ( -0.6785254037844388186, -1.175240473580835054, -1.541666666666668517 ) ) ;
#32 = CARTESIAN_POINT ( 'NONE',  ( 0.000000000000000000, 1.527063293868263338, -6.453125000000001776 ) ) ;
#33 = CARTESIAN_POINT ( 'NONE',  ( 0.000000000000000000, 1.527063293868263338, -0.9843750000000008882 ) ) ;
#34 = EDGE_CURVE ( 'NONE', #4640, #6933, #3357, .T. ) ;
#35 = ORIENTED_EDGE ( 'NONE', *, *, #1696, .F. ) ;
#36 = DIRECTION ( 'NONE',  ( 0.000000000000000000, 1.000000000000000000, 0.000000000000000000 ) ) ;
#37 = CARTESIAN_POINT ( 'NONE',  ( 0.000000000000000000, 1.296351071171740261E-55, -10.49999999999999822 ) ) ;
#38 = CARTESIAN_POINT ( 'NONE',  ( 1.357050807568876971, -2.492861891654333810E-16, 3.624999999999997780 ) ) ;
#39 = CARTESIAN_POINT ( 'NONE',  ( 1.732050807568877193, -3.181725716174720005E-16, 2.937499999999999556 ) ) ;
#40 = ORIENTED_EDGE ( 'NONE', *, *, #1408, .F. ) ;
#41 = CARTESIAN_POINT ( 'NONE',  ( 1.357050807568876971, -2.492861891654333810E-16, 3.124999999999999112 ) ) ;
#42 = CARTESIAN_POINT ( 'NONE',  ( 0.000000000000000000, 1.499999999999999778, 2.062499999999998224 ) ) ;
#43 = CARTESIAN_POINT ( 'NONE',  ( 0.000000000000000000, 1.499999999999999778, -4.937500000000000888 ) ) ;
#44 = CARTESIAN_POINT ( 'NONE',  ( 1.017788105676657562, -0.5876202367904181934, 2.145833333333333037 ) ) ;
#45 = CARTESIAN_POINT ( 'NONE',  ( 0.6785254037844392627, 1.175240473580835054, -3.729166666666668295 ) ) ;
#46 = EDGE_LOOP ( 'NONE', ( #2999, #5375, #4470, #4993 ) ) ;
#47 = CARTESIAN_POINT ( 'NONE',  ( 0.6785254037844380415, -1.175240473580835721, -4.958333333333334814 ) ) ;
#48 = CARTESIAN_POINT ( 'NONE',  ( 1.322475605676657340, -0.7635316469341323353, -0.6197916666666678509 ) ) ;
#49 = CARTESIAN_POINT ( 'NONE',  ( -1.836970198721029441E-16, -1.499999999999999556, -2.750000000000000888 ) ) ;
#50 = CARTESIAN_POINT ( 'NONE',  ( 0.000000000000000000, 1.499999999999999778, 2.062499999999998224 ) ) ;
#51 = CARTESIAN_POINT ( 'NONE',  ( 0.000000000000000000, 1.175240473580835276, -7.187500000000000888 ) ) ;
#52 = CARTESIAN_POINT ( 'NONE',  ( -0.6785254037844388186, -1.175240473580835054, 6.958333333333332149 ) ) ;
#53 = CARTESIAN_POINT ( 'NONE',  ( -1.313931738856841003, -0.4379485596489923194, 7.281960922716558038 ) ) ;
#54 = CARTESIAN_POINT ( 'NONE',  ( -1.836970198721029441E-16, -1.499999999999999556, -2.750000000000000888 ) ) ;
#55 = LINE ( 'NONE', #3569, #4311 ) ;
#56 = CARTESIAN_POINT ( 'NONE',  ( 0.6785254037844380415, -1.175240473580835721, -10.39583333333333215 ) ) ;
#57 = CARTESIAN_POINT ( 'NONE',  ( -1.439254484199189379E-16, -1.175240473580835276, 2.062499999999998224 ) ) ;
#58 = VERTEX_POINT ( 'NONE', #4151 ) ;
#59 = VECTOR ( 'NONE', #7249, 1000.000000000000000 ) ;
#60 = CARTESIAN_POINT ( 'NONE',  ( -1.357050807568876971, 8.309539638847778957E-17, -5.625000000000000888 ) ) ;
#61 = CARTESIAN_POINT ( 'NONE',  ( 1.017788105676657562, -0.5876202367904181934, -0.9166666666666680729 ) ) ;
#62 = CARTESIAN_POINT ( 'NONE',  ( 1.763300807568876971, -3.239131034884752106E-16, -7.078125000000001776 ) ) ;
#63 = CARTESIAN_POINT ( 'NONE',  ( -0.8816504037844389297, -1.527063293868263116, 1.223958333333331927 ) ) ;
#64 = CARTESIAN_POINT ( 'NONE',  ( -0.6785254037844382635, 1.175240473580835276, -6.145833333333333925 ) ) ;
#65 = ORIENTED_EDGE ( 'NONE', *, *, #933, .F. ) ;
#66 = CARTESIAN_POINT ( 'NONE',  ( -1.439254484199189379E-16, -1.175240473580835276, -9.000000000000001776 ) ) ;
#67 = CARTESIAN_POINT ( 'NONE',  ( 0.000000000000000000, 1.499999999999999556, -4.500000000000000888 ) ) ;
#68 = EDGE_CURVE ( 'NONE', #3203, #6897, #5372, .T. ) ;
#69 = CARTESIAN_POINT ( 'NONE',  ( 0.1620765073084606822, -1.490754716607994634, -10.17793976134869816 ) ) ;
#70 = CARTESIAN_POINT ( 'NONE',  ( 0.6785254037844392627, 1.175240473580835054, 4.208333333333331261 ) ) ;
#71 = CARTESIAN_POINT ( 'NONE',  ( -1.322475605676657784, -0.7635316469341314471, -10.31770833333333393 ) ) ;
#72 = CARTESIAN_POINT ( 'NONE',  ( -0.8816504037844382635, 1.527063293868263338, 7.088541666666666963 ) ) ;
#73 = ORIENTED_EDGE ( 'NONE', *, *, #4959, .F. ) ;
#74 = CARTESIAN_POINT ( 'NONE',  ( 1.017788105676658228, 0.5876202367904167501, 4.166666666666666075 ) ) ;
#75 = CARTESIAN_POINT ( 'NONE',  ( 0.000000000000000000, 1.499999999999999556, 2.499999999999998668 ) ) ;
#76 = CARTESIAN_POINT ( 'NONE',  ( -1.299038105676657784, -0.7499999999999995559, -5.270833333333334814 ) ) ;
#77 = CARTESIAN_POINT ( 'NONE',  ( -1.439254484199189379E-16, -1.175240473580835276, 2.062499999999998224 ) ) ;
#78 = EDGE_CURVE ( 'NONE', #2208, #1783, #3597, .T. ) ;
#79 = CARTESIAN_POINT ( 'NONE',  ( 0.000000000000000000, 1.175240473580835276, -5.687500000000000888 ) ) ;
#80 = CARTESIAN_POINT ( 'NONE',  ( -1.357050807568876971, 8.309539638847778957E-17, -3.625000000000001776 ) ) ;
#81 = CARTESIAN_POINT ( 'NONE',  ( -1.763300807568876971, 1.079710344961584035E-16, 1.171874999999999112 ) ) ;
#82 = ORIENTED_EDGE ( 'NONE', *, *, #488, .F. ) ;
#83 = CARTESIAN_POINT ( 'NONE',  ( 0.000000000000000000, 1.499999999999999556, -2.500000000000000444 ) ) ;
#84 = CARTESIAN_POINT ( 'NONE',  ( -1.836970198721029441E-16, -1.499999999999999778, 7.312499999999998224 ) ) ;
#85 = DIRECTION ( 'NONE',  ( -0.000000000000000000, 6.173100338913050050E-57, -1.000000000000000000 ) ) ;
#86 = CARTESIAN_POINT ( 'NONE',  ( 1.017788105676657562, -0.5876202367904181934, -6.854166666666667851 ) ) ;
#87 = CARTESIAN_POINT ( 'NONE',  ( -1.286635238581175678, -0.5244665732579953943, 7.284517353856041488 ) ) ;
#88 = CARTESIAN_POINT ( 'NONE',  ( 1.299038105676658672, 0.7499999999999987788, 0.9791666666666646313 ) ) ;
#89 = LINE ( 'NONE', #5959, #4076 ) ;
#90 = CARTESIAN_POINT ( 'NONE',  ( -0.6785254037844383745, 1.175240473580835499, -9.645833333333333925 ) ) ;
#91 = CARTESIAN_POINT ( 'NONE',  ( 1.017788105676657562, -0.5876202367904181934, 4.145833333333331261 ) ) ;
#92 = EDGE_LOOP ( 'NONE', ( #2767, #101, #3131, #3611 ) ) ;
#93 = CARTESIAN_POINT ( 'NONE',  ( 0.000000000000000000, 1.175240473580835276, -6.750000000000000888 ) ) ;
#94 = CARTESIAN_POINT ( 'NONE',  ( -0.8660254037844383745, 1.499999999999999778, -1.395833333333334147 ) ) ;
#95 = ADVANCED_FACE ( 'NONE', ( #2549 ), #3559, .T. ) ;
#96 = CARTESIAN_POINT ( 'NONE',  ( 1.017788105676658228, 0.5876202367904167501, -0.3333333333333348136 ) ) ;
#97 = CARTESIAN_POINT ( 'NONE',  ( 1.017788105676657562, -0.5876202367904181934, 4.145833333333331261 ) ) ;
#98 = CARTESIAN_POINT ( 'NONE',  ( 0.8816504037844392627, 1.527063293868263116, -3.994791666666668295 ) ) ;
#99 = CARTESIAN_POINT ( 'NONE',  ( -0.8816504037844382635, 1.527063293868263338, 1.557291666666664964 ) ) ;
#100 = CARTESIAN_POINT ( 'NONE',  ( -1.439254484199189379E-16, -1.175240473580835276, -2.937500000000000888 ) ) ;
#101 = ORIENTED_EDGE ( 'NONE', *, *, #7132, .T. ) ;
#102 = CARTESIAN_POINT ( 'NONE',  ( -1.017788105676658006, -0.5876202367904174162, -8.083333333333333925 ) ) ;
#103 = DIRECTION ( 'NONE',  ( 0.000000000000000000, 1.000000000000000000, 0.000000000000000000 ) ) ;
#104 = CARTESIAN_POINT ( 'NONE',  ( -1.299038105676657562, 0.7500000000000000000, -5.416666666666667851 ) ) ;
#105 = CARTESIAN_POINT ( 'NONE',  ( -0.6785254037844388186, -1.175240473580835276, 4.958333333333330373 ) ) ;
#106 = CARTESIAN_POINT ( 'NONE',  ( 0.000000000000000000, 1.527063293868263338, -6.984375000000000888 ) ) ;
#107 = ORIENTED_EDGE ( 'NONE', *, *, #4232, .F. ) ;
#108 = CARTESIAN_POINT ( 'NONE',  ( -1.439254484199189379E-16, -1.175240473580835276, 6.000000000000000000 ) ) ;
#109 = CARTESIAN_POINT ( 'NONE',  ( -0.8660254037844408170, 1.499999999999994671, -9.958333333333333925 ) ) ;
#110 = CARTESIAN_POINT ( 'NONE',  ( 1.017788105676658228, 0.5876202367904167501, 1.729166666666665408 ) ) ;
#111 = CARTESIAN_POINT ( 'NONE',  ( 0.6785254037844380415, -1.175240473580835721, -1.395833333333334147 ) ) ;
#112 = LINE ( 'NONE', #1252, #2746 ) ;
#113 = CARTESIAN_POINT ( 'NONE',  ( 1.357050807568876971, -2.492861891654333810E-16, -4.375000000000000888 ) ) ;
#114 = CARTESIAN_POINT ( 'NONE',  ( -1.322475605676657784, -0.7635316469341314471, 0.2135416666666656860 ) ) ;
#115 = ORIENTED_EDGE ( 'NONE', *, *, #300, .F. ) ;
#116 =( BOUNDED_CURVE ( )  B_SPLINE_CURVE ( 2, ( #902, #3180, #981, #2127, #2019, #4408, #1017 ),
 .UNSPECIFIED., .F., .T. ) 
 B_SPLINE_CURVE_WITH_KNOTS ( ( 3, 2, 2, 3 ),
 ( 0.5405405405405405705, 0.5450450450450450290, 0.5495495495495493765, 0.5540540540540539460 ),
 .UNSPECIFIED. ) 
 CURVE ( )  GEOMETRIC_REPRESENTATION_ITEM ( )  RATIONAL_B_SPLINE_CURVE ( ( 1.000000000000000000, 0.8660254037844387076, 1.000000000000000000, 0.8660254037844387076, 1.000000000000000000, 0.8660254037844420383, 0.9999999999999966693 ) ) 
 REPRESENTATION_ITEM ( '' )  );
#117 = CARTESIAN_POINT ( 'NONE',  ( 0.6785254037844380415, -1.175240473580835499, -10.39583333333333393 ) ) ;
#118 = EDGE_CURVE ( 'NONE', #2805, #4092, #7061, .T. ) ;
#119 = CARTESIAN_POINT ( 'NONE',  ( 1.836970198721029688E-16, -1.499999999999999778, -10.49999999999999822 ) ) ;
#120 = CARTESIAN_POINT ( 'NONE',  ( 1.299038105676657118, -0.7500000000000004441, -5.666666666666666963 ) ) ;
#121 = CARTESIAN_POINT ( 'NONE',  ( 0.6785254037844392627, 1.175240473580835054, -6.729166666666667851 ) ) ;
#122 = CARTESIAN_POINT ( 'NONE',  ( 1.017788105676657562, -0.5876202367904181934, -1.416666666666668517 ) ) ;
#123 = DIRECTION ( 'NONE',  ( 0.000000000000000000, 1.000000000000000000, 0.000000000000000000 ) ) ;
#124 = AXIS2_PLACEMENT_3D ( 'NONE', #4995, #3328, #6724 ) ;
#125 = LINE ( 'NONE', #6233, #3590 ) ;
#126 = CARTESIAN_POINT ( 'NONE',  ( -1.299038105676657784, -0.7499999999999995559, -9.270833333333333925 ) ) ;
#127 = CARTESIAN_POINT ( 'NONE',  ( -1.763300807568876971, 1.079710344961584035E-16, 7.640624999999998224 ) ) ;
#128 = CIRCLE ( 'NONE', #5017, 1.500000000000000000 ) ;
#129 = CARTESIAN_POINT ( 'NONE',  ( 1.357050807568876749, -2.492861891654333810E-16, 6.187500000000000000 ) ) ;
#130 = ORIENTED_EDGE ( 'NONE', *, *, #34, .F. ) ;
#131 = CARTESIAN_POINT ( 'NONE',  ( 1.357050807568876971, -2.492861891654333810E-16, -5.375000000000000888 ) ) ;
#132 = CARTESIAN_POINT ( 'NONE',  ( 0.000000000000000000, 1.499999999999999556, 6.000000000000000000 ) ) ;
#133 = CARTESIAN_POINT ( 'NONE',  ( 0.6785254037844391517, 1.175240473580835054, 0.2083333333333329540 ) ) ;
#134 = CARTESIAN_POINT ( 'NONE',  ( -0.6785254037844388186, -1.175240473580835276, 4.020833333333333037 ) ) ;
#135 = CARTESIAN_POINT ( 'NONE',  ( -1.836970198721029441E-16, -1.499999999999999778, 0.8124999999999990008 ) ) ;
#136 = CARTESIAN_POINT ( 'NONE',  ( 1.322475605676657340, -0.7635316469341323353, -4.619791666666667851 ) ) ;
#137 = CARTESIAN_POINT ( 'NONE',  ( 0.8816504037844380415, -1.527063293868264005, 0.8072916666666661856 ) ) ;
#138 = CARTESIAN_POINT ( 'NONE',  ( -1.017788105676657784, 0.5876202367904177493, -3.604166666666667851 ) ) ;
#139 = EDGE_LOOP ( 'NONE', ( #2835, #2335, #3223, #2423 ) ) ;
#140 = CARTESIAN_POINT ( 'NONE',  ( 1.357050807568876971, -2.492861891654333810E-16, 0.6249999999999988898 ) ) ;
#141 = CARTESIAN_POINT ( 'NONE',  ( 1.017788105676657562, -0.5876202367904181934, -9.416666666666666075 ) ) ;
#142 =( BOUNDED_CURVE ( )  B_SPLINE_CURVE ( 2, ( #1744, #4009, #1816, #5785, #5129, #4087, #1853 ),
 .UNSPECIFIED., .F., .T. ) 
 B_SPLINE_CURVE_WITH_KNOTS ( ( 3, 2, 2, 3 ),
 ( 0.6081081081081081141, 0.6126126126126125726, 0.6171171171171172531, 0.6216216216216217116 ),
 .UNSPECIFIED. ) 
 CURVE ( )  GEOMETRIC_REPRESENTATION_ITEM ( )  RATIONAL_B_SPLINE_CURVE ( ( 1.000000000000000000, 0.8660254037844387076, 1.000000000000000000, 0.8660254037844387076, 1.000000000000000000, 0.8660254037844353769, 1.000000000000003331 ) ) 
 REPRESENTATION_ITEM ( '' )  );
#143 = LINE ( 'NONE', #5764, #1859 ) ;
#144 = CARTESIAN_POINT ( 'NONE',  ( 0.000000000000000000, 1.296351071171740261E-55, -10.49999999999999822 ) ) ;
#145 = CARTESIAN_POINT ( 'NONE',  ( 0.6785254037844392627, 1.175240473580835054, 5.208333333333330373 ) ) ;
#146 = CARTESIAN_POINT ( 'NONE',  ( 1.322475605676658450, 0.7635316469341306700, -6.567708333333333925 ) ) ;
#147 = ORIENTED_EDGE ( 'NONE', *, *, #849, .T. ) ;
#148 = CARTESIAN_POINT ( 'NONE',  ( -1.017788105676658006, -0.5876202367904174162, -0.5833333333333350357 ) ) ;
#149 = CARTESIAN_POINT ( 'NONE',  ( 1.357050807568876971, -2.492861891654333810E-16, 6.624999999999997335 ) ) ;
#150 = DIRECTION ( 'NONE',  ( -0.8660254037844385966, -0.5000000000000001110, 0.000000000000000000 ) ) ;
#151 = CARTESIAN_POINT ( 'NONE',  ( -1.299038105676657562, 0.7500000000000000000, -5.916666666666666963 ) ) ;
#152 = CARTESIAN_POINT ( 'NONE',  ( -0.6785254037844388186, -1.175240473580835276, 1.020833333333331927 ) ) ;
#153 = CARTESIAN_POINT ( 'NONE',  ( 1.017788105676657562, -0.5876202367904181934, -0.8541666666666679619 ) ) ;
#154 = ORIENTED_EDGE ( 'NONE', *, *, #2977, .T. ) ;
#155 = CARTESIAN_POINT ( 'NONE',  ( -1.439254484199189379E-16, -1.175240473580835276, -1.500000000000001332 ) ) ;
#156 =( BOUNDED_CURVE ( )  B_SPLINE_CURVE ( 2, ( #4893, #2126, #4373, #2581, #3740, #3179, #2616 ),
 .UNSPECIFIED., .F., .T. ) 
 B_SPLINE_CURVE_WITH_KNOTS ( ( 3, 2, 2, 3 ),
 ( 0.5675675675675675436, 0.5720720720720721131, 0.5765765765765765716, 0.5810810810810810301 ),
 .UNSPECIFIED. ) 
 CURVE ( )  GEOMETRIC_REPRESENTATION_ITEM ( )  RATIONAL_B_SPLINE_CURVE ( ( 1.000000000000000000, 0.8660254037844385966, 1.000000000000000000, 0.8660254037844385966, 1.000000000000000000, 0.8660254037844385966, 1.000000000000000000 ) ) 
 REPRESENTATION_ITEM ( '' )  );
#157 = CARTESIAN_POINT ( 'NONE',  ( 0.8816504037844380415, -1.527063293868264005, 1.838541666666665408 ) ) ;
#158 = ORIENTED_EDGE ( 'NONE', *, *, #3734, .F. ) ;
#159 = CARTESIAN_POINT ( 'NONE',  ( -0.6785254037844382635, 1.175240473580835276, -10.14583333333333570 ) ) ;
#160 = CARTESIAN_POINT ( 'NONE',  ( -1.249999999999999778, 0.7216878364870316087, 10.39174682452694398 ) ) ;
#161 = DIRECTION ( 'NONE',  ( 0.000000000000000000, 1.000000000000000000, 0.000000000000000000 ) ) ;
#162 = CARTESIAN_POINT ( 'NONE',  ( -1.017788105676658006, -0.5876202367904174162, -5.020833333333334814 ) ) ;
#163 = CARTESIAN_POINT ( 'NONE',  ( 1.017788105676658228, 0.5876202367904167501, -1.333333333333333925 ) ) ;
#164 = EDGE_CURVE ( 'NONE', #4509, #1678, #4462, .T. ) ;
#165 = CARTESIAN_POINT ( 'NONE',  ( 0.6785254037844380415, -1.175240473580835721, -10.45833333333333393 ) ) ;
#166 = CARTESIAN_POINT ( 'NONE',  ( 1.732050807568877193, -3.181725716174720005E-16, -9.062500000000001776 ) ) ;
#167 = CARTESIAN_POINT ( 'NONE',  ( -0.8660254037844512531, -1.499999999999978018, -9.229166666666667851 ) ) ;
#168 = CARTESIAN_POINT ( 'NONE',  ( -0.6785254037844383745, 1.175240473580835499, -10.64583333333333570 ) ) ;
#169 = CARTESIAN_POINT ( 'NONE',  ( -1.439254484199189379E-16, -1.175240473580835276, 5.562500000000000000 ) ) ;
#170 = EDGE_LOOP ( 'NONE', ( #438, #1461 ) ) ;
#171 = CARTESIAN_POINT ( 'NONE',  ( 1.017788105676657562, -0.5876202367904181934, -6.916666666666667851 ) ) ;
#172 = CARTESIAN_POINT ( 'NONE',  ( 1.121107958840559027, -0.3525721420742994883, 7.162499999999995204 ) ) ;
#173 = EDGE_CURVE ( 'NONE', #1079, #1837, #112, .T. ) ;
#174 = CARTESIAN_POINT ( 'NONE',  ( 0.6785254037844380415, -1.175240473580835499, 0.04166666666666554719 ) ) ;
#175 = CARTESIAN_POINT ( 'NONE',  ( 0.6785254037844392627, 1.175240473580835054, 3.770833333333333037 ) ) ;
#176 = CARTESIAN_POINT ( 'NONE',  ( 1.322475605676657340, -0.7635316469341323353, -5.119791666666668739 ) ) ;
#177 = CARTESIAN_POINT ( 'NONE',  ( 0.8816504037844392627, 1.527063293868263116, 1.973958333333333037 ) ) ;
#178 = CARTESIAN_POINT ( 'NONE',  ( -0.6785254037844388186, -1.175240473580835054, -1.979166666666667185 ) ) ;
#179 = ORIENTED_EDGE ( 'NONE', *, *, #4740, .F. ) ;
#180 = CARTESIAN_POINT ( 'NONE',  ( -0.6785254037844388186, -1.175240473580835054, -9.041666666666667851 ) ) ;
#181 = CARTESIAN_POINT ( 'NONE',  ( 0.000000000000000000, 1.499999999999999778, -4.937500000000000888 ) ) ;
#182 = DIRECTION ( 'NONE',  ( -0.000000000000000000, 6.173100338913050050E-57, -1.000000000000000000 ) ) ;
#183 = CARTESIAN_POINT ( 'NONE',  ( 0.6785254037844380415, -1.175240473580835721, 4.541666666666666963 ) ) ;
#184 = CARTESIAN_POINT ( 'NONE',  ( -0.8816504037844382635, 1.527063293868263338, -6.442708333333334814 ) ) ;
#185 = ORIENTED_EDGE ( 'NONE', *, *, #563, .T. ) ;
#186 =( BOUNDED_CURVE ( )  B_SPLINE_CURVE ( 2, ( #5148, #6838, #3923, #39, #5181, #5697, #1056 ),
 .UNSPECIFIED., .F., .T. ) 
 B_SPLINE_CURVE_WITH_KNOTS ( ( 3, 2, 2, 3 ),
 ( 0.2432432432432432012, 0.2477477477477477430, 0.2522522522522521737, 0.2567567567567567433 ),
 .UNSPECIFIED. ) 
 CURVE ( )  GEOMETRIC_REPRESENTATION_ITEM ( )  RATIONAL_B_SPLINE_CURVE ( ( 1.000000000000000000, 0.8660254037844387076, 1.000000000000000000, 0.8660254037844387076, 1.000000000000000000, 0.8660254037844403729, 0.9999999999999983347 ) ) 
 REPRESENTATION_ITEM ( '' )  );
#187 = CARTESIAN_POINT ( 'NONE',  ( 0.6785254037844392627, 1.175240473580835054, 5.208333333333330373 ) ) ;
#188 = DIRECTION ( 'NONE',  ( -0.000000000000000000, 6.173100338913050050E-57, -1.000000000000000000 ) ) ;
#189 = CARTESIAN_POINT ( 'NONE',  ( 1.732050807568877415, -3.181725716174720498E-16, -7.125000000000001776 ) ) ;
#190 = CARTESIAN_POINT ( 'NONE',  ( 0.6785254037844392627, 1.175240473580835054, 0.7708333333333315940 ) ) ;
#191 = EDGE_CURVE ( 'NONE', #5738, #5691, #5776, .T. ) ;
#192 = COLOUR_RGB ( '',0.7529411764705882248, 0.7529411764705882248, 0.7529411764705882248 ) ;
#193 = CARTESIAN_POINT ( 'NONE',  ( -0.6785254037844388186, -1.175240473580835276, -0.9791666666666681840 ) ) ;
#194 = CARTESIAN_POINT ( 'NONE',  ( 1.299038105676658450, 0.7499999999999986677, -3.083333333333334814 ) ) ;
#195 = CARTESIAN_POINT ( 'NONE',  ( -0.6785254037844388186, -1.175240473580835276, -3.041666666666668295 ) ) ;
#196 = CARTESIAN_POINT ( 'NONE',  ( 1.322475605676658450, 0.7635316469341306700, 1.963541666666665630 ) ) ;
#197 = ORIENTED_EDGE ( 'NONE', *, *, #5883, .F. ) ;
#198 = CARTESIAN_POINT ( 'NONE',  ( -0.6785254037844382635, 1.175240473580835276, -8.145833333333333925 ) ) ;
#199 = CARTESIAN_POINT ( 'NONE',  ( -1.836970198721029441E-16, -1.499999999999999556, -3.250000000000001332 ) ) ;
#200 = CARTESIAN_POINT ( 'NONE',  ( -1.836970198721029441E-16, -1.499999999999999556, -2.250000000000000444 ) ) ;
#201 = CARTESIAN_POINT ( 'NONE',  ( 1.357050807568876971, -2.492861891654333810E-16, -6.312500000000000888 ) ) ;
#202 =( BOUNDED_CURVE ( )  B_SPLINE_CURVE ( 2, ( #2966, #5821, #120, #6926, #1850, #4121, #6376 ),
 .UNSPECIFIED., .F., .F. ) 
 B_SPLINE_CURVE_WITH_KNOTS ( ( 3, 2, 2, 3 ),
 ( 0.2567567567567567988, 0.2612612612612613128, 0.2657657657657657713, 0.2702702702702702853 ),
 .UNSPECIFIED. ) 
 CURVE ( )  GEOMETRIC_REPRESENTATION_ITEM ( )  RATIONAL_B_SPLINE_CURVE ( ( 0.9999999999999983347, 0.8660254037844402619, 1.000000000000000000, 0.8660254037844385966, 1.000000000000000000, 0.8660254037844385966, 1.000000000000000000 ) ) 
 REPRESENTATION_ITEM ( '' )  );
#203 = CARTESIAN_POINT ( 'NONE',  ( 1.357050807568876971, -2.492861891654333810E-16, -10.37500000000000000 ) ) ;
#204 = CARTESIAN_POINT ( 'NONE',  ( 0.000000000000000000, 1.499999999999999778, -8.937500000000001776 ) ) ;
#205 =( LENGTH_UNIT ( ) NAMED_UNIT ( * ) SI_UNIT ( .MILLI., .METRE. ) );
#206 = CARTESIAN_POINT ( 'NONE',  ( -0.6785254037844383745, 1.175240473580835499, -8.645833333333335702 ) ) ;
#207 = CARTESIAN_POINT ( 'NONE',  ( -1.017788105676658006, -0.5876202367904174162, 4.479166666666666075 ) ) ;
#208 = ORIENTED_EDGE ( 'NONE', *, *, #4645, .F. ) ;
#209 = CARTESIAN_POINT ( 'NONE',  ( -0.6785254037844383745, 1.175240473580835499, 1.291666666666664964 ) ) ;
#210 = CARTESIAN_POINT ( 'NONE',  ( 0.6785254037844380415, -1.175240473580835721, -5.958333333333333925 ) ) ;
#211 = CARTESIAN_POINT ( 'NONE',  ( 0.000000000000000000, 1.499999999999999778, -1.437500000000001332 ) ) ;
#212 = CARTESIAN_POINT ( 'NONE',  ( 1.017788105676658228, 0.5876202367904167501, 2.166666666666665630 ) ) ;
#213 = CARTESIAN_POINT ( 'NONE',  ( 1.017788105676657562, -0.5876202367904181934, 6.645833333333332149 ) ) ;
#214 = CARTESIAN_POINT ( 'NONE',  ( 1.322475605676657340, -0.7635316469341323353, -5.619791666666667851 ) ) ;
#215 = CARTESIAN_POINT ( 'NONE',  ( -1.322475605676657784, 0.7635316469341318912, 0.09895833333333284298 ) ) ;
#216 = ORIENTED_EDGE ( 'NONE', *, *, #3068, .T. ) ;
#217 = CARTESIAN_POINT ( 'NONE',  ( -1.357050807568876749, 8.309539638847778957E-17, -2.062500000000001776 ) ) ;
#218 = ORIENTED_EDGE ( 'NONE', *, *, #6221, .F. ) ;
#219 = EDGE_CURVE ( 'NONE', #3108, #2682, #4991, .T. ) ;
#220 = CARTESIAN_POINT ( 'NONE',  ( -1.439254484199189379E-16, -1.175240473580835276, 6.999999999999997335 ) ) ;
#221 = CARTESIAN_POINT ( 'NONE',  ( -1.322475605676657784, -0.7635316469341314471, -7.317708333333333925 ) ) ;
#222 = ORIENTED_EDGE ( 'NONE', *, *, #7250, .F. ) ;
#223 = CARTESIAN_POINT ( 'NONE',  ( -1.439254484199189379E-16, -1.175240473580835276, -1.000000000000000888 ) ) ;
#224 = EDGE_CURVE ( 'NONE', #3807, #5433, #2687, .T. ) ;
#225 = CARTESIAN_POINT ( 'NONE',  ( 0.6785254037844392627, 1.175240473580835054, 6.208333333333331261 ) ) ;
#226 = CARTESIAN_POINT ( 'NONE',  ( -1.836970198721029441E-16, -1.499999999999999556, -5.750000000000000888 ) ) ;
#227 = CARTESIAN_POINT ( 'NONE',  ( 1.357050807568876971, -2.492861891654333810E-16, 3.687499999999998224 ) ) ;
#228 = CARTESIAN_POINT ( 'NONE',  ( 1.357050807568876971, -2.492861891654333810E-16, -3.312500000000001332 ) ) ;
#229 = CARTESIAN_POINT ( 'NONE',  ( -0.6785254037844382635, 1.175240473580835276, 6.791666666666666075 ) ) ;
#230 = CARTESIAN_POINT ( 'NONE',  ( 0.8660254037844394848, 1.499999999999999334, 1.458333333333332593 ) ) ;
#231 = CARTESIAN_POINT ( 'NONE',  ( -1.017788105676658006, -0.5876202367904174162, -2.083333333333334814 ) ) ;
#232 =( BOUNDED_CURVE ( )  B_SPLINE_CURVE ( 2, ( #6659, #3820, #4526, #1618, #4415, #6735, #1100 ),
 .UNSPECIFIED., .F., .T. ) 
 B_SPLINE_CURVE_WITH_KNOTS ( ( 3, 2, 2, 3 ),
 ( 0.8243243243243243423, 0.8288288288288288008, 0.8333333333333334814, 0.8378378378378379399 ),
 .UNSPECIFIED. ) 
 CURVE ( )  GEOMETRIC_REPRESENTATION_ITEM ( )  RATIONAL_B_SPLINE_CURVE ( ( 1.000000000000000000, 0.8660254037844387076, 1.000000000000000000, 0.8660254037844387076, 1.000000000000000000, 0.8660254037844353769, 1.000000000000003331 ) ) 
 REPRESENTATION_ITEM ( '' )  );
#233 = AXIS2_PLACEMENT_3D ( 'NONE', #5038, #1691, #3920 ) ;
#234 = CARTESIAN_POINT ( 'NONE',  ( 1.763300807568876971, -3.239131034884752106E-16, 3.421874999999997780 ) ) ;
#235 = ORIENTED_EDGE ( 'NONE', *, *, #3042, .T. ) ;
#236 = CARTESIAN_POINT ( 'NONE',  ( -1.017788105676657784, 0.5876202367904177493, -9.104166666666666075 ) ) ;
#237 = DIRECTION ( 'NONE',  ( 0.000000000000000000, 1.000000000000000000, 0.000000000000000000 ) ) ;
#238 = CARTESIAN_POINT ( 'NONE',  ( 0.8660254037844515862, 1.499999999999978018, -3.979166666666670071 ) ) ;
#239 = CARTESIAN_POINT ( 'NONE',  ( 1.017788105676658228, 0.5876202367904167501, -3.270833333333334814 ) ) ;
#240 = CARTESIAN_POINT ( 'NONE',  ( -1.232026448779568462, 0.6468837417060326889, -10.28679230685103896 ) ) ;
#241 = DIRECTION ( 'NONE',  ( -0.000000000000000000, 6.173100338913050050E-57, -1.000000000000000000 ) ) ;
#242 = CARTESIAN_POINT ( 'NONE',  ( 1.017788105676658228, 0.5876202367904167501, -8.270833333333335702 ) ) ;
#243 = CARTESIAN_POINT ( 'NONE',  ( -0.6785254037844388186, -1.175240473580835054, 4.520833333333331261 ) ) ;
#244 = CARTESIAN_POINT ( 'NONE',  ( -1.439254484199189379E-16, -1.175240473580835276, 1.499999999999997780 ) ) ;
#245 = CYLINDRICAL_SURFACE ( 'NONE', #4473, 1.499999999999999778 ) ;
#246 = CARTESIAN_POINT ( 'NONE',  ( -0.8660254037844445918, 1.499999999999988898, -0.8958333333333347026 ) ) ;
#247 = VECTOR ( 'NONE', #3851, 1000.000000000000000 ) ;
#248 = CARTESIAN_POINT ( 'NONE',  ( -0.6785254037844388186, -1.175240473580835054, 1.958333333333332815 ) ) ;
#249 = CARTESIAN_POINT ( 'NONE',  ( -1.439254484199189379E-16, -1.175240473580835276, 5.562500000000000000 ) ) ;
#250 = FACE_OUTER_BOUND ( 'NONE', #2006, .T. ) ;
#251 = CARTESIAN_POINT ( 'NONE',  ( 1.322475605676658450, 0.7635316469341306700, -4.036458333333334814 ) ) ;
#252 = CARTESIAN_POINT ( 'NONE',  ( 1.322475605676658450, 0.7635316469341306700, 2.432291666666666075 ) ) ;
#253 = CARTESIAN_POINT ( 'NONE',  ( 1.017788105676657562, -0.5876202367904181934, -3.354166666666667407 ) ) ;
#254 = ORIENTED_EDGE ( 'NONE', *, *, #718, .T. ) ;
#255 = CARTESIAN_POINT ( 'NONE',  ( 0.000000000000000000, 1.175240473580835276, -6.250000000000000888 ) ) ;
#256 = AXIS2_PLACEMENT_3D ( 'NONE', #734, #1333, #5308 ) ;
#257 = CARTESIAN_POINT ( 'NONE',  ( -1.249999999999999334, 0.1268729961951116647, 10.19837115155287499 ) ) ;
#258 = EDGE_CURVE ( 'NONE', #1230, #6292, #5213, .T. ) ;
#259 = CARTESIAN_POINT ( 'NONE',  ( 1.017788105676658228, 0.5876202367904167501, 5.166666666666665186 ) ) ;
#260 = CARTESIAN_POINT ( 'NONE',  ( 1.763300807568876971, -3.239131034884752106E-16, -7.109375000000000888 ) ) ;
#261 = ORIENTED_EDGE ( 'NONE', *, *, #4604, .F. ) ;
#262 = CARTESIAN_POINT ( 'NONE',  ( 1.017788105676658228, 0.5876202367904167501, 6.166666666666666075 ) ) ;
#263 = DIRECTION ( 'NONE',  ( -0.8660254037844387076, 0.4999999999999998890, 0.000000000000000000 ) ) ;
#264 = CARTESIAN_POINT ( 'NONE',  ( -1.439254484199189379E-16, -1.175240473580835276, 4.562499999999999112 ) ) ;
#265 = CARTESIAN_POINT ( 'NONE',  ( 1.017788105676658228, 0.5876202367904167501, -2.270833333333334814 ) ) ;
#266 = CARTESIAN_POINT ( 'NONE',  ( -1.357050807568876749, 8.309539638847778957E-17, 6.374999999999997335 ) ) ;
#267 = EDGE_CURVE ( 'NONE', #5515, #1678, #6505, .T. ) ;
#268 = CARTESIAN_POINT ( 'NONE',  ( 1.836970198721029688E-16, -1.499999999999999778, -10.49999999999999822 ) ) ;
#269 = CARTESIAN_POINT ( 'NONE',  ( 0.6785254037844392627, 1.175240473580835054, -2.291666666666667407 ) ) ;
#270 = CARTESIAN_POINT ( 'NONE',  ( 0.8816504037844380415, -1.527063293868264005, 3.838541666666665630 ) ) ;
#271 = ORIENTED_EDGE ( 'NONE', *, *, #6999, .F. ) ;
#272 = CARTESIAN_POINT ( 'NONE',  ( 1.017788105676658228, 0.5876202367904167501, -7.270833333333333925 ) ) ;
#273 = CARTESIAN_POINT ( 'NONE',  ( 0.000000000000000000, 1.499999999999999778, -7.937500000000001776 ) ) ;
#274 = LINE ( 'NONE', #6445, #1970 ) ;
#275 = CARTESIAN_POINT ( 'NONE',  ( -1.357050807568876971, 8.309539638847778957E-17, -4.562500000000001776 ) ) ;
#276 = CARTESIAN_POINT ( 'NONE',  ( 0.000000000000000000, 1.175240473580835276, -10.25000000000000000 ) ) ;
#277 = LINE ( 'NONE', #3116, #3362 ) ;
#278 = EDGE_CURVE ( 'NONE', #2571, #4555, #1427, .T. ) ;
#279 = CARTESIAN_POINT ( 'NONE',  ( 1.017788105676658228, 0.5876202367904167501, -6.770833333333334814 ) ) ;
#280 = CARTESIAN_POINT ( 'NONE',  ( 0.6785254037844380415, -1.175240473580835499, 7.104166666666666075 ) ) ;
#281 = CARTESIAN_POINT ( 'NONE',  ( 1.299038105676657340, -0.7500000000000005551, 5.895833333333331261 ) ) ;
#282 = CARTESIAN_POINT ( 'NONE',  ( 0.000000000000000000, 1.499999999999999556, 1.999999999999998224 ) ) ;
#283 = PRODUCT ( '91290A121_Alloy Steel Socket Head Screw_91290A121', '91290A121_Alloy Steel Socket Head Screw_91290A121', '', ( #6381 ) ) ;
#284 = CARTESIAN_POINT ( 'NONE',  ( 1.017788105676658228, 0.5876202367904167501, 2.666666666666666075 ) ) ;
#285 = CARTESIAN_POINT ( 'NONE',  ( 1.357050807568876971, -2.492861891654333810E-16, 6.187500000000000888 ) ) ;
#286 = CARTESIAN_POINT ( 'NONE',  ( 0.6286471612493861327, 1.159647511395191621, -10.36646039197610314 ) ) ;
#287 = CARTESIAN_POINT ( 'NONE',  ( -0.8816504037844389297, -1.527063293868263116, -1.244791666666668517 ) ) ;
#288 = CARTESIAN_POINT ( 'NONE',  ( -1.763300807568876971, 1.079710344961584035E-16, 2.640624999999999112 ) ) ;
#289 = ORIENTED_EDGE ( 'NONE', *, *, #5583, .F. ) ;
#290 = CARTESIAN_POINT ( 'NONE',  ( 1.017788105676657562, -0.5876202367904181934, -0.3541666666666675733 ) ) ;
#291 = ORIENTED_EDGE ( 'NONE', *, *, #1203, .T. ) ;
#292 = EDGE_CURVE ( 'NONE', #3908, #2774, #5450, .T. ) ;
#293 = CARTESIAN_POINT ( 'NONE',  ( -0.6785254037844388186, -1.175240473580835054, -5.541666666666667851 ) ) ;
#294 = CARTESIAN_POINT ( 'NONE',  ( 0.8660254037844515862, 1.499999999999978018, -3.479166666666669183 ) ) ;
#295 = CARTESIAN_POINT ( 'NONE',  ( -1.439254484199189379E-16, -1.175240473580835276, 7.499999999999998224 ) ) ;
#296 = CARTESIAN_POINT ( 'NONE',  ( 0.8816504037844392627, 1.527063293868263116, -3.526041666666667407 ) ) ;
#297 = ORIENTED_EDGE ( 'NONE', *, *, #7201, .F. ) ;
#298 = DIRECTION ( 'NONE',  ( -0.000000000000000000, 6.173100338913050050E-57, -1.000000000000000000 ) ) ;
#299 = AXIS2_PLACEMENT_3D ( 'NONE', #3305, #504, #6627 ) ;
#300 = EDGE_CURVE ( 'NONE', #738, #6223, #5406, .T. ) ;
#301 = CARTESIAN_POINT ( 'NONE',  ( 0.6785254037844380415, -1.175240473580835721, 4.604166666666666075 ) ) ;
#302 = CARTESIAN_POINT ( 'NONE',  ( 0.6785254037844392627, 1.175240473580835054, -0.2291666666666674623 ) ) ;
#303 = CARTESIAN_POINT ( 'NONE',  ( 0.000000000000000000, 1.499999999999999778, 4.562499999999999112 ) ) ;
#304 = CARTESIAN_POINT ( 'NONE',  ( 0.8660254037844394848, 1.499999999999999334, 5.958333333333333037 ) ) ;
#305 = CARTESIAN_POINT ( 'NONE',  ( 0.6785254037844380415, -1.175240473580835721, -2.458333333333335258 ) ) ;
#306 = CARTESIAN_POINT ( 'NONE',  ( 0.000000000000000000, 1.499999999999999778, 2.562499999999998668 ) ) ;
#307 = CARTESIAN_POINT ( 'NONE',  ( -0.8816504037844389297, -1.527063293868263116, 3.755208333333333037 ) ) ;
#308 = VERTEX_POINT ( 'NONE', #3219 ) ;
#309 = CARTESIAN_POINT ( 'NONE',  ( 0.6785254037844380415, -1.175240473580835499, -6.895833333333333925 ) ) ;
#310 = CARTESIAN_POINT ( 'NONE',  ( -0.8660254037844445918, 1.499999999999988898, 2.604166666666664742 ) ) ;
#311 = DIRECTION ( 'NONE',  ( 0.000000000000000000, 1.000000000000000000, 6.173100338913050050E-57 ) ) ;
#312 = EDGE_CURVE ( 'NONE', #3762, #6127, #116, .T. ) ;
#313 = CARTESIAN_POINT ( 'NONE',  ( 1.357050807568876971, -2.492861891654333810E-16, -4.312500000000001776 ) ) ;
#314 = CARTESIAN_POINT ( 'NONE',  ( 0.000000000000000000, 1.333734122634724129, -10.34150635094610848 ) ) ;
#315 = CARTESIAN_POINT ( 'NONE',  ( 0.000000000000000000, 1.499999999999999556, 5.500000000000000000 ) ) ;
#316 = CARTESIAN_POINT ( 'NONE',  ( -1.357050807568876971, 8.309539638847778957E-17, -7.062500000000000888 ) ) ;
#317 = CARTESIAN_POINT ( 'NONE',  ( 0.8660254037844316022, -1.500000000000010880, -1.708333333333334814 ) ) ;
#318 = CARTESIAN_POINT ( 'NONE',  ( -0.6785254037844388186, -1.175240473580835276, 1.958333333333332815 ) ) ;
#319 = CARTESIAN_POINT ( 'NONE',  ( -1.836970198721029441E-16, -1.499999999999999778, -6.687500000000001776 ) ) ;
#320 = CARTESIAN_POINT ( 'NONE',  ( 1.249999999999999778, 0.4924713528083598524, 10.28686662911107064 ) ) ;
#321 = CARTESIAN_POINT ( 'NONE',  ( -1.439254484199189379E-16, -1.175240473580835276, 1.999999999999998224 ) ) ;
#322 = CARTESIAN_POINT ( 'NONE',  ( 0.000000000000000000, 1.175240473580835276, 6.812499999999997335 ) ) ;
#323 = CARTESIAN_POINT ( 'NONE',  ( -1.299038105676657562, -0.7499999999999994449, -5.333333333333333925 ) ) ;
#324 = DIRECTION ( 'NONE',  ( -0.000000000000000000, 6.173100338913050050E-57, -1.000000000000000000 ) ) ;
#325 = CARTESIAN_POINT ( 'NONE',  ( -0.8816504037844382635, 1.527063293868263338, 3.557291666666665186 ) ) ;
#326 = ORIENTED_EDGE ( 'NONE', *, *, #675, .T. ) ;
#327 = CARTESIAN_POINT ( 'NONE',  ( -1.439254484199189379E-16, -1.175240473580835276, -0.9375000000000008882 ) ) ;
#328 = ORIENTED_EDGE ( 'NONE', *, *, #34, .T. ) ;
#329 = CARTESIAN_POINT ( 'NONE',  ( 0.6785254037844380415, -1.175240473580835499, -4.958333333333334814 ) ) ;
#330 = EDGE_CURVE ( 'NONE', #1287, #6072, #1658, .T. ) ;
#331 = CARTESIAN_POINT ( 'NONE',  ( -0.6785254037844388186, -1.175240473580835276, -3.041666666666668295 ) ) ;
#332 = CARTESIAN_POINT ( 'NONE',  ( -1.732050807568877415, 1.060575238724906915E-16, -1.875000000000001998 ) ) ;
#333 = CARTESIAN_POINT ( 'NONE',  ( -1.763300807568876971, 1.079710344961584035E-16, -9.328125000000003553 ) ) ;
#334 = CARTESIAN_POINT ( 'NONE',  ( 0.000000000000000000, 1.527063293868263338, -5.484375000000000888 ) ) ;
#335 = ORIENTED_EDGE ( 'NONE', *, *, #7222, .T. ) ;
#336 = DIRECTION ( 'NONE',  ( 0.000000000000000000, 1.000000000000000000, 6.173100338913050050E-57 ) ) ;
#337 = CARTESIAN_POINT ( 'NONE',  ( -1.439254484199189379E-16, -1.175240473580835276, 5.062499999999999112 ) ) ;
#338 = CARTESIAN_POINT ( 'NONE',  ( -0.6785254037844383745, 1.175240473580835499, 1.354166666666664742 ) ) ;
#339 = LINE ( 'NONE', #6650, #2392 ) ;
#340 = CARTESIAN_POINT ( 'NONE',  ( -0.8660254037844420383, -1.499999999999994005, -7.291666666666668739 ) ) ;
#341 = CARTESIAN_POINT ( 'NONE',  ( -1.017788105676658006, -0.5876202367904174162, 0.9166666666666646313 ) ) ;
#342 = DIRECTION ( 'NONE',  ( -0.000000000000000000, 6.173100338913050050E-57, -1.000000000000000000 ) ) ;
#343 = CARTESIAN_POINT ( 'NONE',  ( 1.322475605676658450, 0.7635316469341306700, 4.463541666666664298 ) ) ;
#344 = ORIENTED_EDGE ( 'NONE', *, *, #6149, .F. ) ;
#345 = CARTESIAN_POINT ( 'NONE',  ( 0.6785254037844391517, 1.175240473580835054, -7.729166666666667851 ) ) ;
#346 = DIRECTION ( 'NONE',  ( -0.000000000000000000, 6.173100338913050050E-57, -1.000000000000000000 ) ) ;
#347 = CARTESIAN_POINT ( 'NONE',  ( 1.732050807568877415, -3.181725716174720498E-16, -2.125000000000000444 ) ) ;
#348 = CARTESIAN_POINT ( 'NONE',  ( -1.439254484199189379E-16, -1.175240473580835276, -3.937500000000000888 ) ) ;
#349 = LINE ( 'NONE', #6590, #3373 ) ;
#350 = CARTESIAN_POINT ( 'NONE',  ( 0.6785254037844380415, -1.175240473580835721, -7.458333333333333925 ) ) ;
#351 = EDGE_CURVE ( 'NONE', #5874, #3148, #4338, .T. ) ;
#352 = CARTESIAN_POINT ( 'NONE',  ( -1.439254484199189379E-16, -1.175240473580835276, -8.437500000000000000 ) ) ;
#353 = CARTESIAN_POINT ( 'NONE',  ( 0.000000000000000000, 1.499999999999999556, 6.999999999999997335 ) ) ;
#354 = CARTESIAN_POINT ( 'NONE',  ( 1.299038105676658450, 0.7499999999999986677, 4.416666666666666075 ) ) ;
#355 = FACE_OUTER_BOUND ( 'NONE', #5227, .T. ) ;
#356 = CARTESIAN_POINT ( 'NONE',  ( 1.357050807568876749, -2.492861891654333810E-16, 2.624999999999998668 ) ) ;
#357 = CARTESIAN_POINT ( 'NONE',  ( -1.439254484199189379E-16, -1.175240473580835276, 6.062500000000000000 ) ) ;
#358 = CARTESIAN_POINT ( 'NONE',  ( -1.836970198721029441E-16, -1.499999999999999556, 3.249999999999999556 ) ) ;
#359 = CARTESIAN_POINT ( 'NONE',  ( -1.439254484199189379E-16, -1.175240473580835276, -10.50000000000000000 ) ) ;
#360 = EDGE_CURVE ( 'NONE', #1316, #6180, #5134, .T. ) ;
#361 = CARTESIAN_POINT ( 'NONE',  ( 0.8816504037844392627, 1.527063293868263116, 4.473958333333331261 ) ) ;
#362 = ORIENTED_EDGE ( 'NONE', *, *, #1815, .F. ) ;
#363 = CARTESIAN_POINT ( 'NONE',  ( -1.017788105676658006, -0.5876202367904174162, -0.5208333333333349247 ) ) ;
#364 = ORIENTED_EDGE ( 'NONE', *, *, #7222, .F. ) ;
#365 = CARTESIAN_POINT ( 'NONE',  ( -0.6785254037844388186, -1.175240473580835054, -7.041666666666667851 ) ) ;
#366 = CARTESIAN_POINT ( 'NONE',  ( 0.6785254037844380415, -1.175240473580835721, -2.958333333333334370 ) ) ;
#367 = CIRCLE ( 'NONE', #5244, 2.600000000000000089 ) ;
#368 = CARTESIAN_POINT ( 'NONE',  ( 1.732050807568877193, -3.181725716174720005E-16, -3.562500000000001776 ) ) ;
#369 = CARTESIAN_POINT ( 'NONE',  ( -0.8816504037844389297, -1.527063293868263116, -10.24479166666666785 ) ) ;
#370 = CARTESIAN_POINT ( 'NONE',  ( 1.322475605676658450, 0.7635316469341306700, -5.067708333333333925 ) ) ;
#371 = VERTEX_POINT ( 'NONE', #2093 ) ;
#372 = CARTESIAN_POINT ( 'NONE',  ( -1.357050807568876971, 8.309539638847778957E-17, -0.1250000000000018319 ) ) ;
#373 = AXIS2_PLACEMENT_3D ( 'NONE', #2623, #4900, #1509 ) ;
#374 = DIRECTION ( 'NONE',  ( -0.000000000000000000, 6.173100338913050050E-57, -1.000000000000000000 ) ) ;
#375 = CARTESIAN_POINT ( 'NONE',  ( -0.6785254037844388186, -1.175240473580835276, 5.020833333333330373 ) ) ;
#376 = CARTESIAN_POINT ( 'NONE',  ( 0.6785254037844380415, -1.175240473580835721, 1.604166666666664964 ) ) ;
#377 = CARTESIAN_POINT ( 'NONE',  ( -1.299038105676657562, -0.7499999999999994449, 3.166666666666664742 ) ) ;
#378 = VECTOR ( 'NONE', #4636, 1000.000000000000000 ) ;
#379 = CARTESIAN_POINT ( 'NONE',  ( -1.836970198721029441E-16, -1.499999999999999556, 6.749999999999997335 ) ) ;
#380 = CARTESIAN_POINT ( 'NONE',  ( 0.000000000000000000, 1.175240473580835276, 0.7499999999999988898 ) ) ;
#381 = CARTESIAN_POINT ( 'NONE',  ( 1.299038105676657118, -0.7500000000000004441, -4.166666666666667851 ) ) ;
#382 = CARTESIAN_POINT ( 'NONE',  ( -0.8816504037844389297, -1.527063293868263116, 6.255208333333332149 ) ) ;
#383 = ORIENTED_EDGE ( 'NONE', *, *, #6027, .T. ) ;
#384 = CARTESIAN_POINT ( 'NONE',  ( -1.017788105676657784, 0.5876202367904177493, -5.104166666666667851 ) ) ;
#385 = CARTESIAN_POINT ( 'NONE',  ( 0.000000000000000000, 1.759333596590218008E-56, 7.650000000000000355 ) ) ;
#386 = CARTESIAN_POINT ( 'NONE',  ( 0.000000000000000000, 1.499999999999999556, 4.999999999999999112 ) ) ;
#387 = CARTESIAN_POINT ( 'NONE',  ( 1.357050807568876971, -2.492861891654333810E-16, -3.875000000000000888 ) ) ;
#388 = CARTESIAN_POINT ( 'NONE',  ( 1.017788105676658228, 0.5876202367904167501, -3.770833333333334370 ) ) ;
#389 =( BOUNDED_CURVE ( )  B_SPLINE_CURVE ( 2, ( #2555, #4829, #7069, #6038, #5964, #872, #2589 ),
 .UNSPECIFIED., .F., .F. ) 
 B_SPLINE_CURVE_WITH_KNOTS ( ( 3, 2, 2, 3 ),
 ( 0.7702702702702701743, 0.7747747747747746327, 0.7792792792792793133, 0.7837837837837837718 ),
 .UNSPECIFIED. ) 
 CURVE ( )  GEOMETRIC_REPRESENTATION_ITEM ( )  RATIONAL_B_SPLINE_CURVE ( ( 1.000000000000003331, 0.8660254037844352659, 1.000000000000000000, 0.8660254037844385966, 1.000000000000000000, 0.8660254037844385966, 1.000000000000000000 ) ) 
 REPRESENTATION_ITEM ( '' )  );
#390 = CARTESIAN_POINT ( 'NONE',  ( 0.8660254037844268282, 1.500000000000020872, -9.979166666666667851 ) ) ;
#391 = CARTESIAN_POINT ( 'NONE',  ( 0.6785254037844392627, 1.175240473580835054, -6.791666666666667851 ) ) ;
#392 = CARTESIAN_POINT ( 'NONE',  ( 1.357050807568876971, -2.492861891654333810E-16, -7.812500000000000000 ) ) ;
#393 = CARTESIAN_POINT ( 'NONE',  ( 0.000000000000000000, 1.499999999999999778, -7.437500000000001776 ) ) ;
#394 = CARTESIAN_POINT ( 'NONE',  ( 1.357050807568876971, -2.492861891654333810E-16, 4.624999999999999112 ) ) ;
#395 = CARTESIAN_POINT ( 'NONE',  ( -1.299038105676657784, -0.7499999999999995559, 5.729166666666665186 ) ) ;
#396 = CARTESIAN_POINT ( 'NONE',  ( 1.250000000000000000, -2.739409739067520778E-20, 10.19837115155288032 ) ) ;
#397 = ADVANCED_FACE ( 'NONE', ( #4375 ), #6616, .T. ) ;
#398 = CARTESIAN_POINT ( 'NONE',  ( -0.6785254037844388186, -1.175240473580835054, 5.958333333333331261 ) ) ;
#399 = DIRECTION ( 'NONE',  ( -0.000000000000000000, 6.173100338913050050E-57, -1.000000000000000000 ) ) ;
#400 = CARTESIAN_POINT ( 'NONE',  ( 0.1641257575809060565, 1.328103859107073959, -10.34713661447376154 ) ) ;
#401 =( BOUNDED_CURVE ( )  B_SPLINE_CURVE ( 2, ( #6519, #6087, #3716, #5420, #1480, #3121, #3831 ),
 .UNSPECIFIED., .F., .F. ) 
 B_SPLINE_CURVE_WITH_KNOTS ( ( 3, 2, 2, 3 ),
 ( 0.5945945945945946276, 0.5990990990990990861, 0.6036036036036036556, 0.6081081081081081141 ),
 .UNSPECIFIED. ) 
 CURVE ( )  GEOMETRIC_REPRESENTATION_ITEM ( )  RATIONAL_B_SPLINE_CURVE ( ( 1.000000000000000000, 0.8660254037844385966, 1.000000000000000000, 0.8660254037844385966, 1.000000000000000000, 0.8660254037844385966, 1.000000000000000000 ) ) 
 REPRESENTATION_ITEM ( '' )  );
#402 = CARTESIAN_POINT ( 'NONE',  ( 0.8816504037844392627, 1.527063293868263116, 2.973958333333332149 ) ) ;
#403 = ORIENTED_EDGE ( 'NONE', *, *, #224, .T. ) ;
#404 = CARTESIAN_POINT ( 'NONE',  ( 1.017788105676657562, -0.5876202367904181934, -0.8541666666666679619 ) ) ;
#405 = VERTEX_POINT ( 'NONE', #1054 ) ;
#406 = CARTESIAN_POINT ( 'NONE',  ( -1.017788105676658006, -0.5876202367904174162, -5.583333333333333925 ) ) ;
#407 = EDGE_CURVE ( 'NONE', #5264, #1868, #2416, .T. ) ;
#408 = CARTESIAN_POINT ( 'NONE',  ( -1.299038105676657562, 0.7500000000000000000, -1.916666666666667185 ) ) ;
#409 = CARTESIAN_POINT ( 'NONE',  ( 1.322475605676657340, -0.7635316469341323353, -10.11979166666666785 ) ) ;
#410 = CARTESIAN_POINT ( 'NONE',  ( 0.8816504037844380415, -1.527063293868264005, -4.692708333333334814 ) ) ;
#411 = VERTEX_POINT ( 'NONE', #4445 ) ;
#412 = CARTESIAN_POINT ( 'NONE',  ( 1.299038105676658450, 0.7499999999999986677, -7.083333333333333925 ) ) ;
#413 = CARTESIAN_POINT ( 'NONE',  ( 0.6785254037844380415, -1.175240473580835721, 6.604166666666666075 ) ) ;
#414 = CARTESIAN_POINT ( 'NONE',  ( 0.000000000000000000, 1.175240473580835276, -0.1875000000000018874 ) ) ;
#415 = CARTESIAN_POINT ( 'NONE',  ( 0.000000000000000000, 1.296351071171740261E-55, -10.49999999999999822 ) ) ;
#416 = DIRECTION ( 'NONE',  ( -0.000000000000000000, 6.173100338913050050E-57, -1.000000000000000000 ) ) ;
#417 = CARTESIAN_POINT ( 'NONE',  ( -0.6785254037844383745, 1.175240473580835499, -0.7083333333333350357 ) ) ;
#418 = B_SPLINE_CURVE_WITH_KNOTS ( 'NONE', 3,
 ( #3343, #6041, #5554, #5485, #5593, #2664, #990, #3190 ),
 .UNSPECIFIED., .F., .F.,
 ( 4, 2, 2, 4 ),
 ( 2.544378114024454117E-07, 0.0003729905366538285448, 0.0007457266354962546273, 0.001491198833181106792 ),
 .UNSPECIFIED. ) ;
#419 = CARTESIAN_POINT ( 'NONE',  ( 0.5483798099861819653, -1.290464569288775731, -10.27739570971575311 ) ) ;
#420 = CARTESIAN_POINT ( 'NONE',  ( 1.763300807568876971, -3.239131034884752106E-16, 4.921875000000000000 ) ) ;
#421 = ORIENTED_EDGE ( 'NONE', *, *, #2410, .F. ) ;
#422 = CARTESIAN_POINT ( 'NONE',  ( 1.357050807568876749, -2.492861891654333810E-16, -4.812500000000000888 ) ) ;
#423 = CARTESIAN_POINT ( 'NONE',  ( 0.000000000000000000, 1.296351071171740261E-55, -10.49999999999999822 ) ) ;
#424 = CARTESIAN_POINT ( 'NONE',  ( 0.000000000000000000, 1.499999999999999778, 1.562499999999998002 ) ) ;
#425 = CARTESIAN_POINT ( 'NONE',  ( -1.439254484199189379E-16, -1.175240473580835276, -0.9375000000000008882 ) ) ;
#426 = EDGE_CURVE ( 'NONE', #2116, #3618, #6205, .T. ) ;
#427 = DIRECTION ( 'NONE',  ( -0.000000000000000000, 6.173100338913050050E-57, -1.000000000000000000 ) ) ;
#428 = CARTESIAN_POINT ( 'NONE',  ( 1.017788105676657562, -0.5876202367904181934, -6.416666666666667851 ) ) ;
#429 = CARTESIAN_POINT ( 'NONE',  ( 1.322475605676658450, 0.7635316469341306700, -3.036458333333335258 ) ) ;
#430 = CARTESIAN_POINT ( 'NONE',  ( 0.000000000000000000, 1.499999999999999778, 6.562499999999997335 ) ) ;
#431 =( BOUNDED_CURVE ( )  B_SPLINE_CURVE ( 2, ( #2526, #917, #3194, #5453, #354, #2632, #581 ),
 .UNSPECIFIED., .F., .F. ) 
 B_SPLINE_CURVE_WITH_KNOTS ( ( 3, 2, 2, 3 ),
 ( 0.7972972972972972583, 0.8018018018018018278, 0.8063063063063062863, 0.8108108108108108558 ),
 .UNSPECIFIED. ) 
 CURVE ( )  GEOMETRIC_REPRESENTATION_ITEM ( )  RATIONAL_B_SPLINE_CURVE ( ( 1.000000000000000000, 0.8660254037844385966, 1.000000000000000000, 0.8660254037844385966, 1.000000000000000000, 0.8660254037844385966, 1.000000000000000000 ) ) 
 REPRESENTATION_ITEM ( '' )  );
#432 = CARTESIAN_POINT ( 'NONE',  ( 0.6785254037844392627, 1.175240473580835054, -9.229166666666667851 ) ) ;
#433 = CARTESIAN_POINT ( 'NONE',  ( 1.017788105676657562, -0.5876202367904181934, 5.083333333333330373 ) ) ;
#434 = CARTESIAN_POINT ( 'NONE',  ( -1.836970198721029441E-16, -1.499999999999999556, 1.749999999999998002 ) ) ;
#435 = CARTESIAN_POINT ( 'NONE',  ( -1.836970198721029441E-16, -1.499999999999999556, -7.750000000000000888 ) ) ;
#436 = FACE_OUTER_BOUND ( 'NONE', #5149, .T. ) ;
#437 = CARTESIAN_POINT ( 'NONE',  ( -1.763300807568876971, 1.079710344961584035E-16, 5.640624999999999112 ) ) ;
#438 = ORIENTED_EDGE ( 'NONE', *, *, #584, .F. ) ;
#439 = CARTESIAN_POINT ( 'NONE',  ( -1.017788105676657784, 0.5876202367904177493, -1.104166666666668295 ) ) ;
#440 = ORIENTED_EDGE ( 'NONE', *, *, #4232, .T. ) ;
#441 = CARTESIAN_POINT ( 'NONE',  ( -1.017788105676657784, 0.5876202367904177493, -7.666666666666666963 ) ) ;
#442 = CARTESIAN_POINT ( 'NONE',  ( 1.017788105676657562, -0.5876202367904181934, -2.916666666666668295 ) ) ;
#443 = CARTESIAN_POINT ( 'NONE',  ( 1.017788105676658228, 0.5876202367904167501, -4.333333333333333925 ) ) ;
#444 =( BOUNDED_CURVE ( )  B_SPLINE_CURVE ( 2, ( #1426, #6579, #6504, #2721, #4337, #4407, #1501 ),
 .UNSPECIFIED., .F., .T. ) 
 B_SPLINE_CURVE_WITH_KNOTS ( ( 3, 2, 2, 3 ),
 ( 0.3918918918918918859, 0.3963963963963963444, 0.4009009009009009694, 0.4054054054054054279 ),
 .UNSPECIFIED. ) 
 CURVE ( )  GEOMETRIC_REPRESENTATION_ITEM ( )  RATIONAL_B_SPLINE_CURVE ( ( 1.000000000000000000, 0.8660254037844387076, 1.000000000000000000, 0.8660254037844387076, 1.000000000000000000, 0.8660254037844370423, 1.000000000000001776 ) ) 
 REPRESENTATION_ITEM ( '' )  );
#445 = CARTESIAN_POINT ( 'NONE',  ( 0.8816504037844392627, 1.527063293868263116, -9.994791666666667851 ) ) ;
#446 = CARTESIAN_POINT ( 'NONE',  ( 0.8816504037844392627, 1.527063293868263116, -5.526041666666667851 ) ) ;
#447 = ADVANCED_FACE ( 'NONE', ( #2838 ), #6140, .T. ) ;
#448 = ORIENTED_EDGE ( 'NONE', *, *, #6461, .T. ) ;
#449 = CARTESIAN_POINT ( 'NONE',  ( 1.299038105676657340, -0.7500000000000005551, -3.104166666666668295 ) ) ;
#450 = CARTESIAN_POINT ( 'NONE',  ( -0.6785254037844383745, 1.175240473580835499, 6.854166666666666963 ) ) ;
#451 = CARTESIAN_POINT ( 'NONE',  ( 0.000000000000000000, 1.175240473580835276, 0.8124999999999990008 ) ) ;
#452 = DIRECTION ( 'NONE',  ( -0.000000000000000000, 6.173100338913050050E-57, -1.000000000000000000 ) ) ;
#453 = CARTESIAN_POINT ( 'NONE',  ( -0.6785254037844388186, -1.175240473580835276, 0.9583333333333319271 ) ) ;
#454 = CARTESIAN_POINT ( 'NONE',  ( 0.8660254037844380415, -1.500000000000000444, -4.208333333333334814 ) ) ;
#455 = CARTESIAN_POINT ( 'NONE',  ( 0.000000000000000000, 1.527063293868263338, 5.546875000000000000 ) ) ;
#456 = APPLICATION_CONTEXT ( 'automotive_design' ) ;
#457 = EDGE_LOOP ( 'NONE', ( #6000, #6991, #3856, #6201 ) ) ;
#458 = CARTESIAN_POINT ( 'NONE',  ( -0.6785254037844382635, 1.175240473580835276, -5.145833333333334814 ) ) ;
#459 = B_SPLINE_CURVE_WITH_KNOTS ( 'NONE', 3,
 ( #3347, #3934, #6189, #5014, #1707, #6226 ),
 .UNSPECIFIED., .F., .F.,
 ( 4, 2, 4 ),
 ( 1.084202172485504434E-19, 0.0003505654568507708658, 0.0007011309137015416231 ),
 .UNSPECIFIED. ) ;
#460 = CARTESIAN_POINT ( 'NONE',  ( 0.000000000000000000, 1.296351071171740261E-55, -10.49999999999999822 ) ) ;
#461 = CARTESIAN_POINT ( 'NONE',  ( 0.8660254037844380415, -1.500000000000000444, -5.208333333333333925 ) ) ;
#462 = CARTESIAN_POINT ( 'NONE',  ( -0.6785254037844388186, -1.175240473580835276, -0.9791666666666681840 ) ) ;
#463 = CARTESIAN_POINT ( 'NONE',  ( 0.000000000000000000, 1.296351071171740261E-55, -10.49999999999999822 ) ) ;
#464 = CARTESIAN_POINT ( 'NONE',  ( 1.017788105676657562, -0.5876202367904181934, -7.416666666666667851 ) ) ;
#465 = CARTESIAN_POINT ( 'NONE',  ( -0.8816504037844382635, 1.527063293868263338, -2.411458333333335258 ) ) ;
#466 = FACE_OUTER_BOUND ( 'NONE', #7314, .T. ) ;
#467 = CARTESIAN_POINT ( 'NONE',  ( -1.299038105676657784, 0.7500000000000001110, -1.854166666666667185 ) ) ;
#468 = CARTESIAN_POINT ( 'NONE',  ( -1.836970198721029441E-16, -1.499999999999999778, -7.687500000000001776 ) ) ;
#469 = CARTESIAN_POINT ( 'NONE',  ( -1.017788105676658006, -0.5876202367904174162, -8.020833333333333925 ) ) ;
#470 = CARTESIAN_POINT ( 'NONE',  ( -1.439254484199189379E-16, -1.175240473580835276, 5.500000000000000000 ) ) ;
#471 = FACE_OUTER_BOUND ( 'NONE', #3745, .T. ) ;
#472 = CARTESIAN_POINT ( 'NONE',  ( -1.732050807568877193, 1.060575238724906792E-16, 1.687499999999997780 ) ) ;
#473 =( BOUNDED_CURVE ( )  B_SPLINE_CURVE ( 2, ( #3481, #1839, #2352, #6253, #6916, #2954, #641 ),
 .UNSPECIFIED., .F., .T. ) 
 B_SPLINE_CURVE_WITH_KNOTS ( ( 3, 2, 2, 3 ),
 ( 0.5810810810810810301, 0.5855855855855855996, 0.5900900900900900581, 0.5945945945945946276 ),
 .UNSPECIFIED. ) 
 CURVE ( )  GEOMETRIC_REPRESENTATION_ITEM ( )  RATIONAL_B_SPLINE_CURVE ( ( 1.000000000000000000, 0.8660254037844385966, 1.000000000000000000, 0.8660254037844385966, 1.000000000000000000, 0.8660254037844385966, 1.000000000000000000 ) ) 
 REPRESENTATION_ITEM ( '' )  );
#474 = AXIS2_PLACEMENT_3D ( 'NONE', #3887, #6727, #3956 ) ;
#475 = CARTESIAN_POINT ( 'NONE',  ( -1.322475605676657784, 0.7635316469341318912, 7.098958333333332149 ) ) ;
#476 = VERTEX_POINT ( 'NONE', #4559 ) ;
#477 = CARTESIAN_POINT ( 'NONE',  ( -1.357050807568876749, 8.309539638847778957E-17, 1.437499999999999556 ) ) ;
#478 = ORIENTED_EDGE ( 'NONE', *, *, #7159, .T. ) ;
#479 = CARTESIAN_POINT ( 'NONE',  ( 1.017788105676657562, -0.5876202367904181934, -7.916666666666666963 ) ) ;
#480 = CARTESIAN_POINT ( 'NONE',  ( -0.6785254037844382635, 1.175240473580835276, -3.708333333333333925 ) ) ;
#481 = CARTESIAN_POINT ( 'NONE',  ( 0.8816504037844392627, 1.527063293868263116, -6.994791666666667851 ) ) ;
#482 = CARTESIAN_POINT ( 'NONE',  ( 0.8816504037844380415, -1.527063293868264005, -0.6927083333333351467 ) ) ;
#483 = VERTEX_POINT ( 'NONE', #3332 ) ;
#484 = CARTESIAN_POINT ( 'NONE',  ( -0.6785254037844388186, -1.175240473580835054, -10.04166666666666963 ) ) ;
#485 = LINE ( 'NONE', #3289, #4062 ) ;
#486 = CIRCLE ( 'NONE', #2633, 2.750000000000000000 ) ;
#487 = CARTESIAN_POINT ( 'NONE',  ( 0.000000000000000000, 1.175240473580835276, 7.812499999999998224 ) ) ;
#488 = EDGE_CURVE ( 'NONE', #4640, #4933, #2166, .T. ) ;
#489 = CARTESIAN_POINT ( 'NONE',  ( 0.000000000000000000, 1.175240473580835276, 3.312499999999999556 ) ) ;
#490 = AXIS2_PLACEMENT_3D ( 'NONE', #6471, #1392, #3664 ) ;
#491 = CARTESIAN_POINT ( 'NONE',  ( 0.000000000000000000, 1.499999999999999556, 0.9999999999999991118 ) ) ;
#492 = CARTESIAN_POINT ( 'NONE',  ( 1.836970198721029688E-16, -1.499999999999999778, -10.49999999999999822 ) ) ;
#493 = CARTESIAN_POINT ( 'NONE',  ( -0.6785254037844383745, 1.175240473580835499, -0.2083333333333346749 ) ) ;
#494 = CARTESIAN_POINT ( 'NONE',  ( -1.322475605676657784, -0.7635316469341314471, -8.817708333333333925 ) ) ;
#495 = CARTESIAN_POINT ( 'NONE',  ( 0.8816504037844392627, 1.527063293868263116, 4.505208333333331261 ) ) ;
#496 = AXIS2_PLACEMENT_3D ( 'NONE', #5125, #3310, #3935 ) ;
#497 = ORIENTED_EDGE ( 'NONE', *, *, #5354, .F. ) ;
#498 = CARTESIAN_POINT ( 'NONE',  ( 0.000000000000000000, 1.175240473580835276, -4.687500000000000888 ) ) ;
#499 = CARTESIAN_POINT ( 'NONE',  ( 0.000000000000000000, 1.499999999999999556, -9.500000000000000000 ) ) ;
#500 = CARTESIAN_POINT ( 'NONE',  ( 0.000000000000000000, 1.499999999999999556, -1.500000000000001554 ) ) ;
#501 = CARTESIAN_POINT ( 'NONE',  ( -1.357050807568876971, 8.309539638847778957E-17, -4.125000000000000888 ) ) ;
#502 = CARTESIAN_POINT ( 'NONE',  ( -0.6785254037844388186, -1.175240473580835276, -1.979166666666667185 ) ) ;
#503 = AXIS2_PLACEMENT_3D ( 'NONE', #2095, #3778, #4411 ) ;
#504 = DIRECTION ( 'NONE',  ( 0.000000000000000000, -6.173100338913050050E-57, 1.000000000000000000 ) ) ;
#505 = VERTEX_POINT ( 'NONE', #5624 ) ;
#506 = CARTESIAN_POINT ( 'NONE',  ( -0.6785254037844383745, 1.175240473580835499, -8.708333333333335702 ) ) ;
#507 = EDGE_CURVE ( 'NONE', #1974, #1988, #532, .T. ) ;
#508 = CARTESIAN_POINT ( 'NONE',  ( -0.8816504037844382635, 1.527063293868263338, -1.411458333333333925 ) ) ;
#509 = CARTESIAN_POINT ( 'NONE',  ( -0.8660254037844382635, 1.499999999999999556, 2.041666666666666075 ) ) ;
#510 = AXIS2_PLACEMENT_3D ( 'NONE', #6193, #552, #1113 ) ;
#511 = LINE ( 'NONE', #6818, #4070 ) ;
#512 = CARTESIAN_POINT ( 'NONE',  ( 0.8660254037844419273, -1.499999999999994005, -9.708333333333335702 ) ) ;
#513 = CARTESIAN_POINT ( 'NONE',  ( 1.357050807568876971, -2.492861891654333810E-16, -7.812500000000000000 ) ) ;
#514 = CARTESIAN_POINT ( 'NONE',  ( -0.6785254037844382635, 1.175240473580835276, 5.791666666666665186 ) ) ;
#515 = CARTESIAN_POINT ( 'NONE',  ( -3.134800047514084489E-16, 1.443375672974064328, 3.681186920870133772 ) ) ;
#516 = CARTESIAN_POINT ( 'NONE',  ( 0.000000000000000000, 1.296351071171740261E-55, -10.49999999999999822 ) ) ;
#517 = CARTESIAN_POINT ( 'NONE',  ( -1.870113174931182636E-16, -1.527063293868263338, 6.765624999999997335 ) ) ;
#518 = ORIENTED_EDGE ( 'NONE', *, *, #1043, .F. ) ;
#519 = CARTESIAN_POINT ( 'NONE',  ( 1.017788105676657562, -0.5876202367904181934, 1.645833333333332593 ) ) ;
#520 = ORIENTED_EDGE ( 'NONE', *, *, #6027, .F. ) ;
#521 = CARTESIAN_POINT ( 'NONE',  ( -1.357050807568876971, 8.309539638847778957E-17, -9.625000000000001776 ) ) ;
#522 = CARTESIAN_POINT ( 'NONE',  ( 1.357050807568876749, -2.492861891654333810E-16, -2.375000000000000444 ) ) ;
#523 =( BOUNDED_CURVE ( )  B_SPLINE_CURVE ( 2, ( #2145, #1594, #3872, #472, #3905, #1632, #696 ),
 .UNSPECIFIED., .F., .T. ) 
 B_SPLINE_CURVE_WITH_KNOTS ( ( 3, 2, 2, 3 ),
 ( 0.3108108108108108558, 0.3153153153153153143, 0.3198198198198197728, 0.3243243243243243423 ),
 .UNSPECIFIED. ) 
 CURVE ( )  GEOMETRIC_REPRESENTATION_ITEM ( )  RATIONAL_B_SPLINE_CURVE ( ( 1.000000000000000000, 0.8660254037844387076, 1.000000000000000000, 0.8660254037844387076, 1.000000000000000000, 0.8660254037844387076, 1.000000000000000000 ) ) 
 REPRESENTATION_ITEM ( '' )  );
#524 = CARTESIAN_POINT ( 'NONE',  ( -1.322475605676657784, -0.7635316469341314471, -8.786458333333333925 ) ) ;
#525 = CARTESIAN_POINT ( 'NONE',  ( 1.322475605676657340, -0.7635316469341323353, -3.151041666666667407 ) ) ;
#526 = EDGE_CURVE ( 'NONE', #3572, #713, #1137, .T. ) ;
#527 = ORIENTED_EDGE ( 'NONE', *, *, #173, .T. ) ;
#528 = CARTESIAN_POINT ( 'NONE',  ( 0.8660254037844392627, 1.499999999999999334, -2.979166666666668295 ) ) ;
#529 = CARTESIAN_POINT ( 'NONE',  ( 1.357050807568876971, -2.492861891654333810E-16, -10.37500000000000000 ) ) ;
#530 = CARTESIAN_POINT ( 'NONE',  ( 1.357050807568876971, -2.492861891654333810E-16, 3.687499999999998224 ) ) ;
#531 = LINE ( 'NONE', #2801, #1193 ) ;
#532 = LINE ( 'NONE', #1692, #7123 ) ;
#533 = CARTESIAN_POINT ( 'NONE',  ( 1.017788105676658228, 0.5876202367904167501, 2.166666666666665630 ) ) ;
#534 = CARTESIAN_POINT ( 'NONE',  ( 1.322475605676657340, -0.7635316469341323353, -10.15104166666666785 ) ) ;
#535 = ORIENTED_EDGE ( 'NONE', *, *, #5719, .T. ) ;
#536 = ADVANCED_FACE ( 'NONE', ( #6690 ), #3438, .T. ) ;
#537 = CARTESIAN_POINT ( 'NONE',  ( 0.000000000000000000, 1.175240473580835276, 2.749999999999999112 ) ) ;
#538 = CARTESIAN_POINT ( 'NONE',  ( 0.8660254037844329345, 1.500000000000009770, 0.5208333333333320381 ) ) ;
#539 = CARTESIAN_POINT ( 'NONE',  ( 0.000000000000000000, 1.774532674431221994E-16, 6.483974596215550612 ) ) ;
#540 = CARTESIAN_POINT ( 'NONE',  ( 0.000000000000000000, 1.175240473580835276, -0.1875000000000018874 ) ) ;
#541 = CARTESIAN_POINT ( 'NONE',  ( 1.017788105676657562, -0.5876202367904181934, -4.854166666666667851 ) ) ;
#542 = ORIENTED_EDGE ( 'NONE', *, *, #5221, .F. ) ;
#543 = CARTESIAN_POINT ( 'NONE',  ( -1.357050807568876971, 8.309539638847778957E-17, -5.125000000000001776 ) ) ;
#544 = AXIS2_PLACEMENT_3D ( 'NONE', #6155, #3421, #6670 ) ;
#545 = CARTESIAN_POINT ( 'NONE',  ( 0.8816504037844380415, -1.527063293868264005, -1.661458333333334147 ) ) ;
#546 = FACE_OUTER_BOUND ( 'NONE', #5363, .T. ) ;
#547 = EDGE_CURVE ( 'NONE', #3801, #5698, #6283, .T. ) ;
#548 = CARTESIAN_POINT ( 'NONE',  ( -1.249999999999999778, -0.7216878364870323859, 3.681186920870133772 ) ) ;
#549 = CARTESIAN_POINT ( 'NONE',  ( -0.8660254037844445918, 1.499999999999988898, 4.604166666666665186 ) ) ;
#550 = CARTESIAN_POINT ( 'NONE',  ( -1.017788105676658006, -0.5876202367904174162, -10.02083333333333393 ) ) ;
#551 = CARTESIAN_POINT ( 'NONE',  ( -1.357050807568876749, 8.309539638847778957E-17, 5.375000000000000000 ) ) ;
#552 = DIRECTION ( 'NONE',  ( -0.000000000000000000, 6.173100338913050050E-57, -1.000000000000000000 ) ) ;
#553 = CARTESIAN_POINT ( 'NONE',  ( 1.732050807568877415, -3.181725716174720498E-16, 2.374999999999999112 ) ) ;
#554 = CARTESIAN_POINT ( 'NONE',  ( 0.000000000000000000, 1.499999999999999556, 2.999999999999999112 ) ) ;
#555 = CARTESIAN_POINT ( 'NONE',  ( 0.000000000000000000, 1.499999999999999556, -5.000000000000000888 ) ) ;
#556 = CARTESIAN_POINT ( 'NONE',  ( 1.763300807568876971, -3.239131034884752106E-16, 4.890624999999999112 ) ) ;
#557 = CARTESIAN_POINT ( 'NONE',  ( 0.6785254037844391517, 1.175240473580835054, 1.770833333333332593 ) ) ;
#558 = ORIENTED_EDGE ( 'NONE', *, *, #5444, .F. ) ;
#559 = CARTESIAN_POINT ( 'NONE',  ( -1.017788105676658006, -0.5876202367904174162, -9.083333333333333925 ) ) ;
#560 = CARTESIAN_POINT ( 'NONE',  ( 0.6785254037844380415, -1.175240473580835499, -2.458333333333334814 ) ) ;
#561 = CARTESIAN_POINT ( 'NONE',  ( -1.763300807568876971, 1.079710344961584035E-16, -8.328125000000001776 ) ) ;
#562 = CARTESIAN_POINT ( 'NONE',  ( 0.8816504037844380415, -1.527063293868264005, -2.192708333333334370 ) ) ;
#563 = EDGE_CURVE ( 'NONE', #1974, #4280, #3290, .T. ) ;
#564 = ORIENTED_EDGE ( 'NONE', *, *, #6764, .F. ) ;
#565 = CARTESIAN_POINT ( 'NONE',  ( -1.017788105676657784, 0.5876202367904177493, -10.16666666666666785 ) ) ;
#566 = LINE ( 'NONE', #6868, #6584 ) ;
#567 = CARTESIAN_POINT ( 'NONE',  ( 0.8660254037844378194, -1.500000000000000000, -4.645833333333334814 ) ) ;
#568 = CARTESIAN_POINT ( 'NONE',  ( -1.017788105676657784, 0.5876202367904177493, 2.333333333333331261 ) ) ;
#569 = CARTESIAN_POINT ( 'NONE',  ( 0.000000000000000000, 1.527063293868263338, -8.484375000000000000 ) ) ;
#570 = VERTEX_POINT ( 'NONE', #5080 ) ;
#571 = CARTESIAN_POINT ( 'NONE',  ( 0.6785254037844380415, -1.175240473580835721, 2.541666666666666075 ) ) ;
#572 = CARTESIAN_POINT ( 'NONE',  ( -1.836970198721029441E-16, -1.499999999999999556, -9.250000000000001776 ) ) ;
#573 = DIRECTION ( 'NONE',  ( 0.000000000000000000, 1.000000000000000000, 0.000000000000000000 ) ) ;
#574 = CARTESIAN_POINT ( 'NONE',  ( 0.6785254037844392627, 1.175240473580835054, -1.229166666666668295 ) ) ;
#575 = CARTESIAN_POINT ( 'NONE',  ( -0.6785254037844388186, -1.175240473580835276, -4.479166666666667851 ) ) ;
#576 = ORIENTED_EDGE ( 'NONE', *, *, #1860, .T. ) ;
#577 = CARTESIAN_POINT ( 'NONE',  ( 1.017788105676658228, 0.5876202367904167501, -4.333333333333333925 ) ) ;
#578 = CARTESIAN_POINT ( 'NONE',  ( 1.322475605676657340, -0.7635316469341323353, 0.8802083333333318160 ) ) ;
#579 = CARTESIAN_POINT ( 'NONE',  ( -1.836970198721029441E-16, -1.499999999999999556, -7.750000000000000888 ) ) ;
#580 = DIRECTION ( 'NONE',  ( -0.000000000000000000, 6.173100338913050050E-57, -1.000000000000000000 ) ) ;
#581 = CARTESIAN_POINT ( 'NONE',  ( 0.000000000000000000, 1.499999999999999556, 4.499999999999999112 ) ) ;
#582 = EDGE_CURVE ( 'NONE', #4593, #6353, #1046, .T. ) ;
#583 = CARTESIAN_POINT ( 'NONE',  ( -0.6785254037844388186, -1.175240473580835276, -8.979166666666667851 ) ) ;
#584 = EDGE_CURVE ( 'NONE', #3099, #3148, #6889, .T. ) ;
#585 = DIRECTION ( 'NONE',  ( 0.000000000000000000, -6.173100338913050050E-57, 1.000000000000000000 ) ) ;
#586 = CARTESIAN_POINT ( 'NONE',  ( 1.836970198721029688E-16, -1.499999999999999778, -10.49999999999999822 ) ) ;
#587 = FACE_OUTER_BOUND ( 'NONE', #3366, .T. ) ;
#588 = CARTESIAN_POINT ( 'NONE',  ( -1.836970198721029441E-16, -1.499999999999999556, -3.750000000000001332 ) ) ;
#589 = DIRECTION ( 'NONE',  ( -0.000000000000000000, 6.173100338913050050E-57, -1.000000000000000000 ) ) ;
#590 = CARTESIAN_POINT ( 'NONE',  ( -0.8816504037844389297, -1.527063293868263116, 6.723958333333332149 ) ) ;
#591 = CARTESIAN_POINT ( 'NONE',  ( 0.6785254037844391517, 1.175240473580835054, 1.270833333333332371 ) ) ;
#592 = EDGE_LOOP ( 'NONE', ( #82, #626, #2960, #235, #2717 ) ) ;
#593 = CARTESIAN_POINT ( 'NONE',  ( 0.6785254037844380415, -1.175240473580835721, -9.958333333333335702 ) ) ;
#594 = ADVANCED_FACE ( 'NONE', ( #1905 ), #3023, .T. ) ;
#595 = CARTESIAN_POINT ( 'NONE',  ( -0.6785254037844388186, -1.175240473580835054, -4.041666666666666963 ) ) ;
#596 = CARTESIAN_POINT ( 'NONE',  ( 1.322475605676658450, 0.7635316469341306700, -6.536458333333333925 ) ) ;
#597 = CARTESIAN_POINT ( 'NONE',  ( -1.322475605676657784, 0.7635316469341318912, -1.901041666666667185 ) ) ;
#598 = ORIENTED_EDGE ( 'NONE', *, *, #3998, .F. ) ;
#599 = CARTESIAN_POINT ( 'NONE',  ( 0.000000000000000000, 1.499999999999999778, 6.562499999999997335 ) ) ;
#600 = DIRECTION ( 'NONE',  ( 0.000000000000000000, 1.000000000000000000, 0.000000000000000000 ) ) ;
#601 = CARTESIAN_POINT ( 'NONE',  ( -1.439254484199189379E-16, -1.175240473580835276, 3.499999999999997780 ) ) ;
#602 = CARTESIAN_POINT ( 'NONE',  ( 0.000000000000000000, 1.499999999999999778, 4.062499999999998224 ) ) ;
#603 = EDGE_LOOP ( 'NONE', ( #6575, #7030, #7226, #1730, #4738, #1914, #1105, #795, #5541, #261, #4728, #1205, #4789, #6094, #2121, #5943, #4792, #4775, #2480, #4191, #4200, #2534, #934, #2216, #1805, #749, #5789, #1809, #786, #4548, #3658, #564, #40, #6879, #4102, #3588, #7206, #289, #4691, #3165, #558, #5588, #35, #5961, #3403, #2710, #3925, #6199, #6372, #3397, #1823, #6620, #2611, #6603, #4081, #7012, #3383, #6914, #5628, #364, #1489, #2796, #4413, #2370, #7127, #2791, #7233, #1737, #6656, #6714, #2498, #1197, #3945, #2441, #7055 ) ) ;
#604 = CARTESIAN_POINT ( 'NONE',  ( -0.6785254037844388186, -1.175240473580835276, 2.958333333333331705 ) ) ;
#605 = CARTESIAN_POINT ( 'NONE',  ( 0.000000000000000000, 1.296351071171740261E-55, -10.49999999999999822 ) ) ;
#606 = CARTESIAN_POINT ( 'NONE',  ( 1.357050807568876971, -2.492861891654333810E-16, 1.187499999999999334 ) ) ;
#607 = AXIS2_PLACEMENT_3D ( 'NONE', #3775, #1016, #3293 ) ;
#608 = CARTESIAN_POINT ( 'NONE',  ( -1.017788105676658006, -0.5876202367904174162, -4.020833333333334814 ) ) ;
#609 = AXIS2_PLACEMENT_3D ( 'NONE', #4024, #2910, #2239 ) ;
#610 = PRODUCT_DEFINITION_CONTEXT ( 'detailed design', #456, 'design' ) ;
#611 = VERTEX_POINT ( 'NONE', #4703 ) ;
#612 = CARTESIAN_POINT ( 'NONE',  ( -0.6785254037844383745, 1.175240473580835499, -4.208333333333334814 ) ) ;
#613 = CARTESIAN_POINT ( 'NONE',  ( -0.8816504037844382635, 1.527063293868263338, 1.088541666666664742 ) ) ;
#614 = CARTESIAN_POINT ( 'NONE',  ( -1.439254484199189379E-16, -1.175240473580835276, -9.437500000000001776 ) ) ;
#615 = LINE ( 'NONE', #651, #5840 ) ;
#616 = VECTOR ( 'NONE', #3641, 1000.000000000000000 ) ;
#617 = CARTESIAN_POINT ( 'NONE',  ( -0.6785254037844388186, -1.175240473580835276, -6.479166666666667851 ) ) ;
#618 = CARTESIAN_POINT ( 'NONE',  ( 0.6785254037844380415, -1.175240473580835499, 6.041666666666666075 ) ) ;
#619 = CARTESIAN_POINT ( 'NONE',  ( -0.8375748887951818267, 0.9977985874211434680, 7.234354239261172381 ) ) ;
#620 = MECHANICAL_DESIGN_GEOMETRIC_PRESENTATION_REPRESENTATION (  '', ( #4910 ), #1706 ) ;
#621 = AXIS2_PLACEMENT_3D ( 'NONE', #7152, #5529, #6123 ) ;
#622 = CARTESIAN_POINT ( 'NONE',  ( -1.836970198721029441E-16, -1.499999999999999556, 2.249999999999998668 ) ) ;
#623 = CARTESIAN_POINT ( 'NONE',  ( -1.249999999999999778, -0.7216878364870323859, 3.681186920870133772 ) ) ;
#624 = CARTESIAN_POINT ( 'NONE',  ( 0.6785254037844380415, -1.175240473580835721, -8.895833333333333925 ) ) ;
#625 = CARTESIAN_POINT ( 'NONE',  ( -1.439254484199189379E-16, -1.175240473580835276, 2.562499999999998668 ) ) ;
#626 = ORIENTED_EDGE ( 'NONE', *, *, #3621, .F. ) ;
#627 = ADVANCED_FACE ( 'NONE', ( #4876 ), #3585, .T. ) ;
#628 = CARTESIAN_POINT ( 'NONE',  ( -1.017788105676658006, -0.5876202367904174162, -7.083333333333333925 ) ) ;
#629 = CARTESIAN_POINT ( 'NONE',  ( 1.017788105676657562, -0.5876202367904181934, -1.416666666666668517 ) ) ;
#630 = CARTESIAN_POINT ( 'NONE',  ( -1.322475605676657784, 0.7635316469341318912, -7.369791666666667851 ) ) ;
#631 = CARTESIAN_POINT ( 'NONE',  ( 1.322475605676658450, 0.7635316469341306700, -1.067708333333333703 ) ) ;
#632 = CARTESIAN_POINT ( 'NONE',  ( 1.017788105676658228, 0.5876202367904167501, -6.270833333333333925 ) ) ;
#633 = ORIENTED_EDGE ( 'NONE', *, *, #2354, .T. ) ;
#634 = EDGE_CURVE ( 'NONE', #5192, #6072, #3550, .T. ) ;
#635 = CARTESIAN_POINT ( 'NONE',  ( 1.357050807568876749, -2.492861891654333810E-16, -7.875000000000000000 ) ) ;
#636 = DIRECTION ( 'NONE',  ( 0.000000000000000000, 1.000000000000000000, 0.000000000000000000 ) ) ;
#637 = CARTESIAN_POINT ( 'NONE',  ( 1.017788105676657562, -0.5876202367904181934, 3.083333333333332149 ) ) ;
#638 = CARTESIAN_POINT ( 'NONE',  ( 1.322475605676658450, 0.7635316469341306700, -10.06770833333333393 ) ) ;
#639 = ORIENTED_EDGE ( 'NONE', *, *, #584, .T. ) ;
#640 = CARTESIAN_POINT ( 'NONE',  ( -1.017788105676658006, -0.5876202367904174162, 4.416666666666666075 ) ) ;
#641 = CARTESIAN_POINT ( 'NONE',  ( 0.000000000000000000, 1.499999999999999556, 0.4999999999999986122 ) ) ;
#642 = CARTESIAN_POINT ( 'NONE',  ( -1.299038105676657562, 0.7500000000000000000, -6.416666666666667851 ) ) ;
#643 = CARTESIAN_POINT ( 'NONE',  ( 0.6785254037844380415, -1.175240473580835721, -3.458333333333333925 ) ) ;
#644 = CARTESIAN_POINT ( 'NONE',  ( 0.6785254037844392627, 1.175240473580835054, 1.270833333333332149 ) ) ;
#645 = CARTESIAN_POINT ( 'NONE',  ( -0.6785254037844388186, -1.175240473580835276, -4.979166666666667851 ) ) ;
#646 = VERTEX_POINT ( 'NONE', #2986 ) ;
#647 = CARTESIAN_POINT ( 'NONE',  ( -1.017788105676657784, 0.5876202367904177493, -5.166666666666667851 ) ) ;
#648 = CARTESIAN_POINT ( 'NONE',  ( -1.322475605676657784, 0.7635316469341318912, -0.3697916666666675733 ) ) ;
#649 = ORIENTED_EDGE ( 'NONE', *, *, #3188, .T. ) ;
#650 = CYLINDRICAL_SURFACE ( 'NONE', #1220, 1.499999999999999778 ) ;
#651 = CARTESIAN_POINT ( 'NONE',  ( 0.000000000000000000, 1.499999999999999778, -10.49999999999999822 ) ) ;
#652 = EDGE_CURVE ( 'NONE', #611, #5741, #5507, .T. ) ;
#653 = CARTESIAN_POINT ( 'NONE',  ( -1.836970198721029441E-16, -1.499999999999999778, 2.312499999999998668 ) ) ;
#654 = CARTESIAN_POINT ( 'NONE',  ( -0.6785254037844388186, -1.175240473580835276, -5.979166666666667851 ) ) ;
#655 = CARTESIAN_POINT ( 'NONE',  ( 1.836970198721029688E-16, -1.499999999999999778, -10.49999999999999822 ) ) ;
#656 = CARTESIAN_POINT ( 'NONE',  ( -0.3583290540366277366, 1.231064746540563304, 7.217113554291199051 ) ) ;
#657 = CARTESIAN_POINT ( 'NONE',  ( -1.732050807568877415, 1.060575238724906915E-16, 2.624999999999999112 ) ) ;
#658 = CARTESIAN_POINT ( 'NONE',  ( -0.8660254037844344888, -1.500000000000006883, 5.270833333333331261 ) ) ;
#659 = FACE_OUTER_BOUND ( 'NONE', #7228, .T. ) ;
#660 = CARTESIAN_POINT ( 'NONE',  ( 0.8816504037844392627, 1.527063293868263116, 7.473958333333333037 ) ) ;
#661 = CARTESIAN_POINT ( 'NONE',  ( -0.6785254037844388186, -1.175240473580835054, 5.020833333333331261 ) ) ;
#662 = VERTEX_POINT ( 'NONE', #7116 ) ;
#663 = VECTOR ( 'NONE', #2809, 1000.000000000000114 ) ;
#664 = CARTESIAN_POINT ( 'NONE',  ( -1.357050807568876971, 8.309539638847778957E-17, -7.125000000000000888 ) ) ;
#665 = CYLINDRICAL_SURFACE ( 'NONE', #5249, 1.499999999999999778 ) ;
#666 = CARTESIAN_POINT ( 'NONE',  ( 0.6785254037844391517, 1.175240473580835054, -0.2916666666666675178 ) ) ;
#667 = CARTESIAN_POINT ( 'NONE',  ( 0.6785254037844380415, -1.175240473580835721, 4.104166666666666075 ) ) ;
#668 = CARTESIAN_POINT ( 'NONE',  ( 1.322475605676658450, 0.7635316469341306700, -6.036458333333334814 ) ) ;
#669 = CARTESIAN_POINT ( 'NONE',  ( -1.763300807568876971, 1.079710344961584035E-16, 0.6406249999999987788 ) ) ;
#670 = CARTESIAN_POINT ( 'NONE',  ( -1.017788105676658006, -0.5876202367904174162, -2.520833333333334814 ) ) ;
#671 = ORIENTED_EDGE ( 'NONE', *, *, #1233, .F. ) ;
#672 = CARTESIAN_POINT ( 'NONE',  ( 0.6785254037844380415, -1.175240473580835499, -8.458333333333335702 ) ) ;
#673 =( BOUNDED_CURVE ( )  B_SPLINE_CURVE ( 2, ( #6599, #2224, #1631, #4390, #1671, #3239, #5494 ),
 .UNSPECIFIED., .F., .F. ) 
 B_SPLINE_CURVE_WITH_KNOTS ( ( 3, 2, 2, 3 ),
 ( 0.9324324324324323454, 0.9369369369369368039, 0.9414414414414413734, 0.9459459459459458319 ),
 .UNSPECIFIED. ) 
 CURVE ( )  GEOMETRIC_REPRESENTATION_ITEM ( )  RATIONAL_B_SPLINE_CURVE ( ( 1.000000000000003331, 0.8660254037844352659, 1.000000000000000000, 0.8660254037844385966, 1.000000000000000000, 0.8660254037844419273, 0.9999999999999966693 ) ) 
 REPRESENTATION_ITEM ( '' )  );
#674 = CARTESIAN_POINT ( 'NONE',  ( 0.000000000000000000, 1.296351071171740261E-55, -10.49999999999999822 ) ) ;
#675 = EDGE_CURVE ( 'NONE', #774, #7096, #3573, .T. ) ;
#676 = CARTESIAN_POINT ( 'NONE',  ( -1.836970198721029441E-16, -1.499999999999999778, 1.312499999999997780 ) ) ;
#677 = CARTESIAN_POINT ( 'NONE',  ( -1.357050807568876971, 8.309539638847778957E-17, 4.374999999999999112 ) ) ;
#678 = CARTESIAN_POINT ( 'NONE',  ( -0.8816504037844389297, -1.527063293868263116, -7.276041666666666963 ) ) ;
#679 = ORIENTED_EDGE ( 'NONE', *, *, #5864, .F. ) ;
#680 = CARTESIAN_POINT ( 'NONE',  ( -1.357050807568876971, 8.309539638847778957E-17, 6.874999999999998224 ) ) ;
#681 = CYLINDRICAL_SURFACE ( 'NONE', #3953, 1.499999999999999778 ) ;
#682 = FACE_OUTER_BOUND ( 'NONE', #6207, .T. ) ;
#683 = CARTESIAN_POINT ( 'NONE',  ( -1.017788105676658006, -0.5876202367904174162, -3.583333333333334370 ) ) ;
#684 = CARTESIAN_POINT ( 'NONE',  ( -1.357050807568876971, 8.309539638847778957E-17, 2.937499999999998668 ) ) ;
#685 = CARTESIAN_POINT ( 'NONE',  ( -1.017788105676658006, -0.5876202367904174162, -1.520833333333334147 ) ) ;
#686 = VERTEX_POINT ( 'NONE', #6323 ) ;
#687 = CARTESIAN_POINT ( 'NONE',  ( 0.6785254037844380415, -1.175240473580835721, -4.458333333333333925 ) ) ;
#688 =( BOUNDED_CURVE ( )  B_SPLINE_CURVE ( 2, ( #5830, #3086, #4095, #7004, #1267, #741, #6935 ),
 .UNSPECIFIED., .F., .F. ) 
 B_SPLINE_CURVE_WITH_KNOTS ( ( 3, 2, 2, 3 ),
 ( 0.7972972972972972583, 0.8018018018018018278, 0.8063063063063063973, 0.8108108108108108558 ),
 .UNSPECIFIED. ) 
 CURVE ( )  GEOMETRIC_REPRESENTATION_ITEM ( )  RATIONAL_B_SPLINE_CURVE ( ( 1.000000000000000000, 0.8660254037844387076, 1.000000000000000000, 0.8660254037844387076, 1.000000000000000000, 0.8660254037844353769, 1.000000000000003331 ) ) 
 REPRESENTATION_ITEM ( '' )  );
#689 = CARTESIAN_POINT ( 'NONE',  ( -0.8816504037844382635, 1.527063293868263338, -0.9114583333333353687 ) ) ;
#690 = EDGE_LOOP ( 'NONE', ( #1300, #782, #4844, #1058 ) ) ;
#691 = CARTESIAN_POINT ( 'NONE',  ( 1.732050807568877415, -3.181725716174720498E-16, -0.6250000000000005551 ) ) ;
#692 = CARTESIAN_POINT ( 'NONE',  ( 1.299038105676658450, 0.7499999999999986677, -7.583333333333333925 ) ) ;
#693 = CARTESIAN_POINT ( 'NONE',  ( 1.299038105676657340, -0.7500000000000005551, 4.395833333333331261 ) ) ;
#694 = CARTESIAN_POINT ( 'NONE',  ( -0.6785254037844383745, 1.175240473580835499, -6.645833333333334814 ) ) ;
#695 = CARTESIAN_POINT ( 'NONE',  ( -1.732050807568877415, 1.060575238724906915E-16, -8.875000000000003553 ) ) ;
#696 = CARTESIAN_POINT ( 'NONE',  ( 0.000000000000000000, 1.499999999999999778, 1.562499999999998002 ) ) ;
#697 = CARTESIAN_POINT ( 'NONE',  ( 1.299038105676657118, -0.7500000000000004441, -10.16666666666666785 ) ) ;
#698 = CARTESIAN_POINT ( 'NONE',  ( -1.357050807568876971, 8.309539638847778957E-17, -9.562500000000001776 ) ) ;
#699 = CARTESIAN_POINT ( 'NONE',  ( 0.6785254037844380415, -1.175240473580835499, 6.104166666666666075 ) ) ;
#700 = ORIENTED_EDGE ( 'NONE', *, *, #3304, .T. ) ;
#701 = CARTESIAN_POINT ( 'NONE',  ( -1.439254484199189379E-16, -1.175240473580835276, -5.500000000000001776 ) ) ;
#702 = CARTESIAN_POINT ( 'NONE',  ( 1.357050807568876749, -2.492861891654333810E-16, -1.375000000000001332 ) ) ;
#703 = CARTESIAN_POINT ( 'NONE',  ( -0.6785254037844383745, 1.175240473580835499, 3.354166666666665186 ) ) ;
#704 = CARTESIAN_POINT ( 'NONE',  ( -1.322475605676657784, -0.7635316469341314471, -5.286458333333334814 ) ) ;
#705 = CARTESIAN_POINT ( 'NONE',  ( 1.322475605676657340, -0.7635316469341323353, 1.348958333333332149 ) ) ;
#706 = CARTESIAN_POINT ( 'NONE',  ( -1.439254484199189379E-16, -1.175240473580835276, -2.437500000000000444 ) ) ;
#707 = ORIENTED_EDGE ( 'NONE', *, *, #1588, .F. ) ;
#708 = CARTESIAN_POINT ( 'NONE',  ( -1.017788105676657784, 0.5876202367904177493, -9.166666666666666075 ) ) ;
#709 = CARTESIAN_POINT ( 'NONE',  ( 0.8660254037844442587, -1.499999999999989786, -4.708333333333333037 ) ) ;
#710 = CARTESIAN_POINT ( 'NONE',  ( 0.000000000000000000, 1.499999999999999556, -5.500000000000000888 ) ) ;
#711 = CARTESIAN_POINT ( 'NONE',  ( -0.6785254037844388186, -1.175240473580835276, 4.458333333333332149 ) ) ;
#712 = CARTESIAN_POINT ( 'NONE',  ( 0.8816504037844392627, 1.527063293868263116, -7.526041666666666075 ) ) ;
#713 = VERTEX_POINT ( 'NONE', #2467 ) ;
#714 = CARTESIAN_POINT ( 'NONE',  ( 0.6785254037844392627, 1.175240473580835054, -0.7916666666666679619 ) ) ;
#715 = CARTESIAN_POINT ( 'NONE',  ( -1.017788105676658006, -0.5876202367904174162, 6.416666666666666075 ) ) ;
#716 = CARTESIAN_POINT ( 'NONE',  ( -0.8660254037844243857, 1.500000000000023537, 6.104166666666662522 ) ) ;
#717 = DIRECTION ( 'NONE',  ( 0.000000000000000000, -1.357643922298276475E-16, 1.000000000000000000 ) ) ;
#718 = EDGE_CURVE ( 'NONE', #505, #887, #4105, .T. ) ;
#719 = CARTESIAN_POINT ( 'NONE',  ( 0.6785254037844380415, -1.175240473580835721, 1.104166666666664742 ) ) ;
#720 = CARTESIAN_POINT ( 'NONE',  ( 1.357050807568876971, -2.492861891654333810E-16, -1.312500000000001332 ) ) ;
#721 = EDGE_LOOP ( 'NONE', ( #1846, #4322, #6245, #7158 ) ) ;
#722 = CARTESIAN_POINT ( 'NONE',  ( -0.6785254037844383745, 1.175240473580835499, -3.208333333333334814 ) ) ;
#723 = CARTESIAN_POINT ( 'NONE',  ( -1.322475605676657784, 0.7635316469341318912, 0.1302083333333311499 ) ) ;
#724 = ORIENTED_EDGE ( 'NONE', *, *, #7201, .T. ) ;
#725 = CARTESIAN_POINT ( 'NONE',  ( 1.017788105676658228, 0.5876202367904167501, -9.770833333333333925 ) ) ;
#726 = DIRECTION ( 'NONE',  ( 8.659560562354908206E-17, 0.7071067811865454633, 0.7071067811865495711 ) ) ;
#727 = CARTESIAN_POINT ( 'NONE',  ( 0.8660254037844329345, 1.500000000000009770, 2.520833333333332593 ) ) ;
#728 = ADVANCED_FACE ( 'NONE', ( #5842 ), #6360, .T. ) ;
#729 = CARTESIAN_POINT ( 'NONE',  ( 1.357050807568876971, -2.492861891654333810E-16, -5.312500000000001776 ) ) ;
#730 = CARTESIAN_POINT ( 'NONE',  ( -1.017788105676658006, -0.5876202367904174162, -1.583333333333334147 ) ) ;
#731 = CIRCLE ( 'NONE', #6306, 1.649999999999999467 ) ;
#732 =( BOUNDED_SURFACE ( )  B_SPLINE_SURFACE ( 1, 2, ( 
 ( #5967, #3153, #5381, #5342, #4160, #834, #2485, #165, #7105, #203, #801, #3640, #276, #3080, #6512, #1922, #7037, #2519, #4867, #5307, #4268, #6413, #4832, #3043, #4797, #4308, #3673, #1475, #1332, #7071, #6006, #2557, #3751, #3007, #2446, #3607, #769, #6448, #1957, #4228, #2029, #6479, #1436, #3710, #874, #1514, #2775, #7292, #2066, #506, #4385, #6629, #7213, #2104, #2176, #3862, #3345, #1586, #4940, #2697, #3932, #3897, #5052, #2665, #2217, #1662, #4496, #3788, #6741, #3267, #6042, #914, #4455, #6080, #3191, #6663, #5449, #2137, #4420, #350, #464, #1065, #1550, #6113, #5596, #3230, #950, #4974, #7178, #2628, #4903, #7146, #5486, #7253, #3824, #391, #5012, #6701, #991, #1623, #4349, #5556, #6592, #5520, #428, #1028, #6151, #3306, #2734, #6847, #4607, #2887, #2249, #5225, #6880, #5739, #6187, #2288, #5155, #3384, #1175, #1106, #4677, #2850, #1806, #5122, #3524, #6779, #2321, #5636, #4079, #6259, #1704, #1769, #647, #543, #2358, #5777, #5089, #47, #2813, #6921, #2961, #5706, #6815, #4571, #7333, #4035, #13, #4534, #4641, #687, #3449, #113, #577, #3969, #6224, #612, #6293, #1214, #3417, #1738, #6333, #1143, #5670, #4002, #3487, #2395, #1253, #2921, #5190, #80, #1844, #3072, #5816, #4152, #5334, #6956, #7028, #4713, #2478, #722, #5300, #6506, #2997, #195, #1428, #3701, #4790, #761, #5887, #7093, #7062, #5958, #5852, #866, #4859, #5407, #1881, #305, #6440, #6406, #2582, #269, #1915, #3145, #2510, #4115, #231, #1948, #6370, #3666, #4259, #4754, #4220, #1288, #1324, #3598, #793, #3034, #5262, #3560, #155, #6992, #3106, #4189, #1361, #827, #2550, #3633, #5373, #2439, #1394, #6473, #5923, #4824, #1985, #5002, #3777, #5040, #2688, #417, #6069, #5439, #1055, #2724, #1577, #2020, #5476, #982, #6542, #4376, #4296, #493, #6031, #7242, #940, #6691, #2618, #5511, #1466, #2167, #2094, #4895, #4965, #3853, #3742, #5546, #1612, #903, #3257, #5996, #2764, #6141, #1541, #2655, #380, #3181, #7203, #3220, #341, #453, #3888, #6617, #3333, #4930, #7137, #2057, #3814, #2128, #4409, #6581, #7169, #4446, #4339, #1504, #6652, #6105, #5585, #1018, #3295, #2204, #5081, #4522, #6248, #1650, #7322, #1166, #2803, #2876, #533, #5661, #4067, #6805, #568, #2839, #3922, #3439, #1131, #7280, #5729, #4632, #4560, #1243, #1693, #2240, #6770, #1728, #3993, #2275, #3959, #3408, #637, #4483, #6177, #6213, #5113, #1795, #5180, #2, #6729, #5695, #601, #5147, #1095, #38, #2312, #4597, #6837, #1759, #4025, #3375, #6284, #2346, #6870, #1202, #3476, #2911, #2950, #70, #6324, #3514, #5767, #677, #5625, #711, #1419, #183, #2987, #3692, #1385, #3024, #1978, #3622, #4250, #4178, #6429, #105, #4778, #5360, #1314, #1350, #259, #145, #5252, #1906, #4142, #6911, #5948, #2539, #5805, #4211, #1873, #4704, #1938, #3656, #2427, #6463, #6497, #2500, #5215, #4815, #5288, #6947, #818, #6397, #855, #5877, #784, #3062, #1278, #2383, #5912, #7016, #4667, #3586, #5325, #1835, #2468, #4106, #6361, #5843, #3098, #753, #7053, #4744, #220, #3551, #6982, #3210, #5985, #6060, #2680, #2575, #6644, #2715, #2012, #7161, #295, #3881, #4328, #1495, #2084, #3732, #4438 ),
 ( #5539, #4366, #4885, #5503, #3768, #6133, #3804, #6608, #7125, #3249, #893, #1533, #972, #2119, #4851, #6023, #5399, #369, #4990, #6681, #409, #4957, #7086, #445, #7194, #3172, #7231, #6533, #1459, #3136, #3844, #2154, #6572, #5466, #1604, #2050, #4286, #4401, #5431, #333, #931, #2609, #1566, #2646, #6097, #1010, #3286, #4922, #3434, #3400, #5032, #6243, #524, #3323, #5172, #5618, #3950, #1683, #3987, #6760, #4591, #2794, #5107, #561, #3468, #3364, #2305, #2753, #2869, #1083, #5654, #2338, #6798, #4625, #7271, #5140, #4058, #1721, #6863, #1047, #5574, #2194, #1787, #1642, #2232, #7312, #630, #7353, #4474, #5723, #6832, #3914, #2903, #62, #6719, #481, #4515, #6204, #2268, #1123, #1754, #1161, #4552, #5072, #5689, #2832, #596, #6167, #32, #4017, #1194, #6278, #5281, #1378, #1270, #1828, #3016, #5245, #668, #2532, #3650, #6903, #5318, #2980, #5797, #3056, #4772, #4099, #214, #3090, #3615, #6315, #6456, #4134, #3542, #1932, #704, #1968, #6973, #4735, #176, #2376, #5352, #7009, #5871, #1236, #2420, #2459, #3506, #1306, #5758, #4808, #136, #4205, #4697, #5906, #6350, #1899, #2942, #812, #6389, #6939, #4171, #779, #5207, #2493, #251, #98, #6423, #4658, #7046, #1865, #5835, #3578, #746, #1344, #5557, #5521, #4241, #2777, #1663, #1587, #5637, #6081, #4842, #7079, #6114, #1029, #6664, #1448, #429, #5053, #6489, #5939, #992, #4278, #6188, #2218, #3723, #1411, #2004, #3268, #3308, #846, #6524, #465, #2698, #7254, #4975, #7214, #3127, #2138, #6742, #3933, #5013, #4421, #2735, #7334, #7293, #1107, #3863, #3385, #5090, #545, #2177, #2814, #4456, #6702, #3682, #508, #1624, #5391, #3898, #287, #6152, #1066, #2566, #3346, #5597, #4497, #6334, #689, #5123, #1254, #6371, #6881, #2251, #2396, #48, #4572, #5226, #4003, #4535, #2922, #648, #6294, #5671, #1289, #2962, #1808, #6780, #5707, #1216, #1705, #4608, #3970, #723, #6260, #114, #1176, #6922, #2851, #5740, #6225, #4678, #2324, #14, #5191, #4080, #1145, #5778, #1845, #3418, #3488, #578, #2998, #3561, #1770, #2888, #613, #2289, #81, #3450, #6816, #4117, #5817, #6848, #5156, #4036, #2359, #4642, #3526, #4221, #2511, #4755, #1362, #868, #157, #1882, #4190, #196, #2022, #5409, #6993, #2440, #5301, #1916, #6474, #4153, #2479, #1395, #3035, #3107, #762, #5888, #6407, #3634, #2584, #4861, #828, #6441, #1949, #3183, #3147, #4298, #794, #6545, #905, #1468, #3073, #3744, #4791, #5335, #5998, #3702, #234, #4714, #5924, #6957, #3667, #5374, #1325, #7064, #307, #7029, #270, #7095, #2551, #4825, #1987, #4261, #3599, #5853, #6507, #1429, #5960, #5042, #1652, #5548, #3297, #343, #495, #7244, #6034, #7282, #1506, #3779, #6179, #6143, #4486, #1543, #420, #6731, #4378, #1097, #4448, #2766, #5441, #3816, #942, #5005, #2059, #2168, #4412, #1057, #5587, #455, #2690, #4341, #2727, #4932, #2620, #2206, #2657, #984, #6071, #1020, #3259, #1614, #7171, #2130, #4966, #3924, #382, #6693, #7139, #3890, #5478, #7205, #4897, #3855, #6583, #3222, #3335, #2096, #6107, #6619, #5514, #6654, #1579, #5627, #3441, #4027, #72, #2348, #3823, #913, #7252, #6112, #5448, #6700, #3896, #6005, #4454, #949 ) ),
 .UNSPECIFIED., .F., .F., .F. ) 
 B_SPLINE_SURFACE_WITH_KNOTS ( ( 2, 2 ),
 ( 3, 2, 2, 2, 2, 2, 2, 2, 2, 2, 2, 2, 2, 2, 2, 2, 2, 2, 2, 2, 2, 2, 2, 2, 2, 2, 2, 2, 2, 2, 2, 2, 2, 2, 2, 2, 2, 2, 2, 2, 2, 2, 2, 2, 2, 2, 2, 2, 2, 2, 2, 2, 2, 2, 2, 2, 2, 2, 2, 2, 2, 2, 2, 2, 2, 2, 2, 2, 2, 2, 2, 2, 2, 2, 2, 2, 2, 2, 2, 2, 2, 2, 2, 2, 2, 2, 2, 2, 2, 2, 2, 2, 2, 2, 2, 2, 2, 2, 2, 2, 2, 2, 2, 2, 2, 2, 2, 2, 2, 2, 2, 2, 2, 2, 2, 2, 2, 2, 2, 2, 2, 2, 2, 2, 2, 2, 2, 2, 2, 2, 2, 2, 2, 2, 2, 2, 2, 2, 2, 2, 2, 2, 2, 2, 2, 2, 2, 2, 2, 2, 2, 2, 2, 2, 2, 2, 2, 2, 2, 2, 2, 2, 2, 2, 2, 2, 2, 2, 2, 2, 2, 2, 2, 2, 2, 2, 2, 2, 2, 2, 2, 2, 2, 2, 2, 2, 2, 2, 2, 2, 2, 2, 2, 2, 2, 2, 2, 2, 2, 2, 2, 2, 2, 2, 2, 2, 2, 2, 2, 2, 2, 2, 2, 2, 2, 2, 2, 2, 2, 2, 2, 2, 3 ),
 ( 0.000000000000000000, 1.000000000000000000 ),
 ( 0.000000000000000000, 0.004504504504504504465, 0.009009009009009008931, 0.01351351351351351426, 0.01801801801801801786, 0.02252252252252252146, 0.02702702702702702853, 0.03153153153153152866, 0.03603603603603603572, 0.04054054054054054279, 0.04504504504504504292, 0.04954954954954954999, 0.05405405405405405705, 0.05855855855855855718, 0.06306306306306305731, 0.06756756756756757132, 0.07207207207207207145, 0.07657657657657657158, 0.08108108108108108558, 0.08558558558558558571, 0.09009009009009008584, 0.09459459459459459985, 0.09909909909909909997, 0.1036036036036036001, 0.1081081081081081141, 0.1126126126126126142, 0.1171171171171171144, 0.1216216216216216284, 0.1261261261261261146, 0.1306306306306306286, 0.1351351351351351426, 0.1396396396396396289, 0.1441441441441441429, 0.1486486486486486569, 0.1531531531531531432, 0.1576576576576576572, 0.1621621621621621712, 0.1666666666666666574, 0.1711711711711711714, 0.1756756756756756854, 0.1801801801801801717, 0.1846846846846846857, 0.1891891891891891997, 0.1936936936936936859, 0.1981981981981981999, 0.2027027027027027140, 0.2072072072072072002, 0.2117117117117117142, 0.2162162162162162282, 0.2207207207207207145, 0.2252252252252252285, 0.2297297297297297425, 0.2342342342342342287, 0.2387387387387387427, 0.2432432432432432567, 0.2477477477477477430, 0.2522522522522522292, 0.2567567567567567433, 0.2612612612612612573, 0.2657657657657657713, 0.2702702702702702853, 0.2747747747747747993, 0.2792792792792792578, 0.2837837837837837718, 0.2882882882882882858, 0.2927927927927927998, 0.2972972972972973138, 0.3018018018018018278, 0.3063063063063062863, 0.3108108108108108003, 0.3153153153153153143, 0.3198198198198198283, 0.3243243243243243423, 0.3288288288288288563, 0.3333333333333333148, 0.3378378378378378288, 0.3423423423423423428, 0.3468468468468468568, 0.3513513513513513709, 0.3558558558558558294, 0.3603603603603603434, 0.3648648648648648574, 0.3693693693693693714, 0.3738738738738738854, 0.3783783783783783994, 0.3828828828828828579, 0.3873873873873873719, 0.3918918918918918859, 0.3963963963963963999, 0.4009009009009009139, 0.4054054054054054279, 0.4099099099099098864, 0.4144144144144144004, 0.4189189189189189144, 0.4234234234234234284, 0.4279279279279279424, 0.4324324324324324564, 0.4369369369369369149, 0.4414414414414414289, 0.4459459459459459429, 0.4504504504504504570, 0.4549549549549549710, 0.4594594594594594850, 0.4639639639639639435, 0.4684684684684684575, 0.4729729729729729715, 0.4774774774774774855, 0.4819819819819819995, 0.4864864864864865135, 0.4909909909909909720, 0.4954954954954954860, 0.5000000000000000000, 0.5045045045045044585, 0.5090090090090090280, 0.5135135135135134865, 0.5180180180180180560, 0.5225225225225225145, 0.5270270270270269730, 0.5315315315315315425, 0.5360360360360360010, 0.5405405405405405705, 0.5450450450450450290, 0.5495495495495495986, 0.5540540540540540571, 0.5585585585585585155, 0.5630630630630630851, 0.5675675675675675436, 0.5720720720720721131, 0.5765765765765765716, 0.5810810810810810301, 0.5855855855855855996, 0.5900900900900900581, 0.5945945945945946276, 0.5990990990990990861, 0.6036036036036036556, 0.6081081081081081141, 0.6126126126126125726, 0.6171171171171171421, 0.6216216216216216006, 0.6261261261261261701, 0.6306306306306306286, 0.6351351351351350871, 0.6396396396396396566, 0.6441441441441441151, 0.6486486486486486847, 0.6531531531531531432, 0.6576576576576577127, 0.6621621621621621712, 0.6666666666666666297, 0.6711711711711711992, 0.6756756756756756577, 0.6801801801801802272, 0.6846846846846846857, 0.6891891891891891442, 0.6936936936936937137, 0.6981981981981981722, 0.7027027027027027417, 0.7072072072072072002, 0.7117117117117116587, 0.7162162162162162282, 0.7207207207207206867, 0.7252252252252252562, 0.7297297297297297147, 0.7342342342342342842, 0.7387387387387387427, 0.7432432432432432012, 0.7477477477477477708, 0.7522522522522522292, 0.7567567567567567988, 0.7612612612612612573, 0.7657657657657657158, 0.7702702702702702853, 0.7747747747747747438, 0.7792792792792793133, 0.7837837837837837718, 0.7882882882882883413, 0.7927927927927927998, 0.7972972972972972583, 0.8018018018018018278, 0.8063063063063062863, 0.8108108108108108558, 0.8153153153153153143, 0.8198198198198197728, 0.8243243243243243423, 0.8288288288288288008, 0.8333333333333333703, 0.8378378378378378288, 0.8423423423423422873, 0.8468468468468468568, 0.8513513513513513153, 0.8558558558558558849, 0.8603603603603603434, 0.8648648648648649129, 0.8693693693693693714, 0.8738738738738738299, 0.8783783783783783994, 0.8828828828828828579, 0.8873873873873874274, 0.8918918918918918859, 0.8963963963963963444, 0.9009009009009009139, 0.9054054054054053724, 0.9099099099099099419, 0.9144144144144144004, 0.9189189189189189699, 0.9234234234234234284, 0.9279279279279278869, 0.9324324324324324564, 0.9369369369369369149, 0.9414414414414414845, 0.9459459459459459429, 0.9504504504504504014, 0.9549549549549549710, 0.9594594594594594295, 0.9639639639639639990, 0.9684684684684684575, 0.9729729729729730270, 0.9774774774774774855, 0.9819819819819819440, 0.9864864864864865135, 0.9909909909909909720, 0.9954954954954955415, 1.000000000000000000 ),
 .UNSPECIFIED. ) 
 GEOMETRIC_REPRESENTATION_ITEM ( )  RATIONAL_B_SPLINE_SURFACE ( (
 ( 1.000000000000000000, 0.8660254037844387076, 1.000000000000000000, 0.8660254037844387076, 1.000000000000000000, 0.8660254037844387076, 1.000000000000000000, 0.8660254037844387076, 1.000000000000000000, 0.8660254037844387076, 1.000000000000000000, 0.8660254037844387076, 1.000000000000000000, 0.8660254037844387076, 1.000000000000000000, 0.8660254037844387076, 1.000000000000000000, 0.8660254037844387076, 1.000000000000000000, 0.8660254037844387076, 1.000000000000000000, 0.8660254037844387076, 1.000000000000000000, 0.8660254037844387076, 1.000000000000000000, 0.8660254037844387076, 1.000000000000000000, 0.8660254037844387076, 1.000000000000000000, 0.8660254037844387076, 1.000000000000000000, 0.8660254037844387076, 1.000000000000000000, 0.8660254037844387076, 1.000000000000000000, 0.8660254037844387076, 1.000000000000000000, 0.8660254037844387076, 1.000000000000000000, 0.8660254037844387076, 1.000000000000000000, 0.8660254037844387076, 1.000000000000000000, 0.8660254037844387076, 1.000000000000000000, 0.8660254037844387076, 1.000000000000000000, 0.8660254037844387076, 1.000000000000000000, 0.8660254037844387076, 1.000000000000000000, 0.8660254037844387076, 1.000000000000000000, 0.8660254037844387076, 1.000000000000000000, 0.8660254037844387076, 1.000000000000000000, 0.8660254037844387076, 1.000000000000000000, 0.8660254037844387076, 1.000000000000000000, 0.8660254037844387076, 1.000000000000000000, 0.8660254037844387076, 1.000000000000000000, 0.8660254037844387076, 1.000000000000000000, 0.8660254037844387076, 1.000000000000000000, 0.8660254037844387076, 1.000000000000000000, 0.8660254037844387076, 1.000000000000000000, 0.8660254037844387076, 1.000000000000000000, 0.8660254037844387076, 1.000000000000000000, 0.8660254037844387076, 1.000000000000000000, 0.8660254037844387076, 1.000000000000000000, 0.8660254037844387076, 1.000000000000000000, 0.8660254037844387076, 1.000000000000000000, 0.8660254037844387076, 1.000000000000000000, 0.8660254037844387076, 1.000000000000000000, 0.8660254037844387076, 1.000000000000000000, 0.8660254037844387076, 1.000000000000000000, 0.8660254037844387076, 1.000000000000000000, 0.8660254037844387076, 1.000000000000000000, 0.8660254037844387076, 1.000000000000000000, 0.8660254037844387076, 1.000000000000000000, 0.8660254037844387076, 1.000000000000000000, 0.8660254037844387076, 1.000000000000000000, 0.8660254037844387076, 1.000000000000000000, 0.8660254037844387076, 1.000000000000000000, 0.8660254037844387076, 1.000000000000000000, 0.8660254037844387076, 1.000000000000000000, 0.8660254037844387076, 1.000000000000000000, 0.8660254037844387076, 1.000000000000000000, 0.8660254037844387076, 1.000000000000000000, 0.8660254037844387076, 1.000000000000000000, 0.8660254037844387076, 1.000000000000000000, 0.8660254037844387076, 1.000000000000000000, 0.8660254037844387076, 1.000000000000000000, 0.8660254037844387076, 1.000000000000000000, 0.8660254037844387076, 1.000000000000000000, 0.8660254037844387076, 1.000000000000000000, 0.8660254037844387076, 1.000000000000000000, 0.8660254037844387076, 1.000000000000000000, 0.8660254037844387076, 1.000000000000000000, 0.8660254037844387076, 1.000000000000000000, 0.8660254037844387076, 1.000000000000000000, 0.8660254037844387076, 1.000000000000000000, 0.8660254037844387076, 1.000000000000000000, 0.8660254037844387076, 1.000000000000000000, 0.8660254037844387076, 1.000000000000000000, 0.8660254037844387076, 1.000000000000000000, 0.8660254037844387076, 1.000000000000000000, 0.8660254037844387076, 1.000000000000000000, 0.8660254037844387076, 1.000000000000000000, 0.8660254037844387076, 1.000000000000000000, 0.8660254037844387076, 1.000000000000000000, 0.8660254037844387076, 1.000000000000000000, 0.8660254037844387076, 1.000000000000000000, 0.8660254037844387076, 1.000000000000000000, 0.8660254037844387076, 1.000000000000000000, 0.8660254037844387076, 1.000000000000000000, 0.8660254037844387076, 1.000000000000000000, 0.8660254037844387076, 1.000000000000000000, 0.8660254037844387076, 1.000000000000000000, 0.8660254037844387076, 1.000000000000000000, 0.8660254037844387076, 1.000000000000000000, 0.8660254037844387076, 1.000000000000000000, 0.8660254037844387076, 1.000000000000000000, 0.8660254037844387076, 1.000000000000000000, 0.8660254037844387076, 1.000000000000000000, 0.8660254037844387076, 1.000000000000000000, 0.8660254037844387076, 1.000000000000000000, 0.8660254037844387076, 1.000000000000000000, 0.8660254037844387076, 1.000000000000000000, 0.8660254037844387076, 1.000000000000000000, 0.8660254037844387076, 1.000000000000000000, 0.8660254037844387076, 1.000000000000000000, 0.8660254037844387076, 1.000000000000000000, 0.8660254037844387076, 1.000000000000000000, 0.8660254037844387076, 1.000000000000000000, 0.8660254037844387076, 1.000000000000000000, 0.8660254037844387076, 1.000000000000000000, 0.8660254037844387076, 1.000000000000000000, 0.8660254037844387076, 1.000000000000000000, 0.8660254037844387076, 1.000000000000000000, 0.8660254037844387076, 1.000000000000000000, 0.8660254037844387076, 1.000000000000000000, 0.8660254037844387076, 1.000000000000000000, 0.8660254037844387076, 1.000000000000000000, 0.8660254037844387076, 1.000000000000000000, 0.8660254037844387076, 1.000000000000000000, 0.8660254037844387076, 1.000000000000000000, 0.8660254037844387076, 1.000000000000000000, 0.8660254037844387076, 1.000000000000000000, 0.8660254037844387076, 1.000000000000000000, 0.8660254037844387076, 1.000000000000000000, 0.8660254037844387076, 1.000000000000000000, 0.8660254037844387076, 1.000000000000000000, 0.8660254037844387076, 1.000000000000000000, 0.8660254037844387076, 1.000000000000000000, 0.8660254037844387076, 1.000000000000000000, 0.8660254037844387076, 1.000000000000000000, 0.8660254037844387076, 1.000000000000000000, 0.8660254037844387076, 1.000000000000000000, 0.8660254037844387076, 1.000000000000000000, 0.8660254037844387076, 1.000000000000000000, 0.8660254037844387076, 1.000000000000000000, 0.8660254037844387076, 1.000000000000000000, 0.8660254037844387076, 1.000000000000000000, 0.8660254037844387076, 1.000000000000000000, 0.8660254037844387076, 1.000000000000000000, 0.8660254037844387076, 1.000000000000000000, 0.8660254037844387076, 1.000000000000000000, 0.8660254037844387076, 1.000000000000000000, 0.8660254037844387076, 1.000000000000000000, 0.8660254037844387076, 1.000000000000000000, 0.8660254037844387076, 1.000000000000000000, 0.8660254037844387076, 1.000000000000000000, 0.8660254037844387076, 1.000000000000000000, 0.8660254037844387076, 1.000000000000000000, 0.8660254037844387076, 1.000000000000000000, 0.8660254037844387076, 1.000000000000000000, 0.8660254037844387076, 1.000000000000000000, 0.8660254037844387076, 1.000000000000000000, 0.8660254037844387076, 1.000000000000000000, 0.8660254037844387076, 1.000000000000000000, 0.8660254037844387076, 1.000000000000000000, 0.8660254037844387076, 1.000000000000000000, 0.8660254037844387076, 1.000000000000000000, 0.8660254037844387076, 1.000000000000000000, 0.8660254037844387076, 1.000000000000000000, 0.8660254037844387076, 1.000000000000000000, 0.8660254037844387076, 1.000000000000000000, 0.8660254037844387076, 1.000000000000000000, 0.8660254037844387076, 1.000000000000000000, 0.8660254037844387076, 1.000000000000000000, 0.8660254037844387076, 1.000000000000000000, 0.8660254037844387076, 1.000000000000000000, 0.8660254037844387076, 1.000000000000000000, 0.8660254037844387076, 1.000000000000000000, 0.8660254037844387076, 1.000000000000000000, 0.8660254037844387076, 1.000000000000000000, 0.8660254037844387076, 1.000000000000000000, 0.8660254037844387076, 1.000000000000000000, 0.8660254037844387076, 1.000000000000000000, 0.8660254037844387076, 1.000000000000000000, 0.8660254037844387076, 1.000000000000000000, 0.8660254037844387076, 1.000000000000000000, 0.8660254037844387076, 1.000000000000000000, 0.8660254037844387076, 1.000000000000000000, 0.8660254037844387076, 1.000000000000000000, 0.8660254037844387076, 1.000000000000000000, 0.8660254037844387076, 1.000000000000000000, 0.8660254037844387076, 1.000000000000000000, 0.8660254037844387076, 1.000000000000000000, 0.8660254037844387076, 1.000000000000000000, 0.8660254037844387076, 1.000000000000000000, 0.8660254037844387076, 1.000000000000000000, 0.8660254037844387076, 1.000000000000000000, 0.8660254037844387076, 1.000000000000000000, 0.8660254037844387076, 1.000000000000000000, 0.8660254037844387076, 1.000000000000000000, 0.8660254037844387076, 1.000000000000000000, 0.8660254037844387076, 1.000000000000000000, 0.8660254037844387076, 1.000000000000000000, 0.8660254037844387076, 1.000000000000000000, 0.8660254037844387076, 1.000000000000000000, 0.8660254037844387076, 1.000000000000000000, 0.8660254037844387076, 1.000000000000000000, 0.8660254037844387076, 1.000000000000000000, 0.8660254037844387076, 1.000000000000000000, 0.8660254037844387076, 1.000000000000000000, 0.8660254037844387076, 1.000000000000000000, 0.8660254037844387076, 1.000000000000000000, 0.8660254037844387076, 1.000000000000000000, 0.8660254037844387076, 1.000000000000000000, 0.8660254037844387076, 1.000000000000000000, 0.8660254037844387076, 1.000000000000000000, 0.8660254037844387076, 1.000000000000000000, 0.8660254037844387076, 1.000000000000000000, 0.8660254037844387076, 1.000000000000000000, 0.8660254037844387076, 1.000000000000000000, 0.8660254037844387076, 1.000000000000000000, 0.8660254037844387076, 1.000000000000000000, 0.8660254037844387076, 1.000000000000000000, 0.8660254037844387076, 1.000000000000000000, 0.8660254037844387076, 1.000000000000000000, 0.8660254037844387076, 1.000000000000000000, 0.8660254037844387076, 1.000000000000000000, 0.8660254037844387076, 1.000000000000000000, 0.8660254037844387076, 1.000000000000000000, 0.8660254037844387076, 1.000000000000000000, 0.8660254037844387076, 1.000000000000000000, 0.8660254037844387076, 1.000000000000000000, 0.8660254037844387076, 1.000000000000000000, 0.8660254037844387076, 1.000000000000000000, 0.8660254037844387076, 1.000000000000000000),
 ( 1.000000000000000000, 0.8660254037844387076, 1.000000000000000000, 0.8660254037844387076, 1.000000000000000000, 0.8660254037844387076, 1.000000000000000000, 0.8660254037844387076, 1.000000000000000000, 0.8660254037844387076, 1.000000000000000000, 0.8660254037844387076, 1.000000000000000000, 0.8660254037844387076, 1.000000000000000000, 0.8660254037844387076, 1.000000000000000000, 0.8660254037844387076, 1.000000000000000000, 0.8660254037844387076, 1.000000000000000000, 0.8660254037844387076, 1.000000000000000000, 0.8660254037844387076, 1.000000000000000000, 0.8660254037844387076, 1.000000000000000000, 0.8660254037844387076, 1.000000000000000000, 0.8660254037844387076, 1.000000000000000000, 0.8660254037844387076, 1.000000000000000000, 0.8660254037844387076, 1.000000000000000000, 0.8660254037844387076, 1.000000000000000000, 0.8660254037844387076, 1.000000000000000000, 0.8660254037844387076, 1.000000000000000000, 0.8660254037844387076, 1.000000000000000000, 0.8660254037844387076, 1.000000000000000000, 0.8660254037844387076, 1.000000000000000000, 0.8660254037844387076, 1.000000000000000000, 0.8660254037844387076, 1.000000000000000000, 0.8660254037844387076, 1.000000000000000000, 0.8660254037844387076, 1.000000000000000000, 0.8660254037844387076, 1.000000000000000000, 0.8660254037844387076, 1.000000000000000000, 0.8660254037844387076, 1.000000000000000000, 0.8660254037844387076, 1.000000000000000000, 0.8660254037844387076, 1.000000000000000000, 0.8660254037844387076, 1.000000000000000000, 0.8660254037844387076, 1.000000000000000000, 0.8660254037844387076, 1.000000000000000000, 0.8660254037844387076, 1.000000000000000000, 0.8660254037844387076, 1.000000000000000000, 0.8660254037844387076, 1.000000000000000000, 0.8660254037844387076, 1.000000000000000000, 0.8660254037844387076, 1.000000000000000000, 0.8660254037844387076, 1.000000000000000000, 0.8660254037844387076, 1.000000000000000000, 0.8660254037844387076, 1.000000000000000000, 0.8660254037844387076, 1.000000000000000000, 0.8660254037844387076, 1.000000000000000000, 0.8660254037844387076, 1.000000000000000000, 0.8660254037844387076, 1.000000000000000000, 0.8660254037844387076, 1.000000000000000000, 0.8660254037844387076, 1.000000000000000000, 0.8660254037844387076, 1.000000000000000000, 0.8660254037844387076, 1.000000000000000000, 0.8660254037844387076, 1.000000000000000000, 0.8660254037844387076, 1.000000000000000000, 0.8660254037844387076, 1.000000000000000000, 0.8660254037844387076, 1.000000000000000000, 0.8660254037844387076, 1.000000000000000000, 0.8660254037844387076, 1.000000000000000000, 0.8660254037844387076, 1.000000000000000000, 0.8660254037844387076, 1.000000000000000000, 0.8660254037844387076, 1.000000000000000000, 0.8660254037844387076, 1.000000000000000000, 0.8660254037844387076, 1.000000000000000000, 0.8660254037844387076, 1.000000000000000000, 0.8660254037844387076, 1.000000000000000000, 0.8660254037844387076, 1.000000000000000000, 0.8660254037844387076, 1.000000000000000000, 0.8660254037844387076, 1.000000000000000000, 0.8660254037844387076, 1.000000000000000000, 0.8660254037844387076, 1.000000000000000000, 0.8660254037844387076, 1.000000000000000000, 0.8660254037844387076, 1.000000000000000000, 0.8660254037844387076, 1.000000000000000000, 0.8660254037844387076, 1.000000000000000000, 0.8660254037844387076, 1.000000000000000000, 0.8660254037844387076, 1.000000000000000000, 0.8660254037844387076, 1.000000000000000000, 0.8660254037844387076, 1.000000000000000000, 0.8660254037844387076, 1.000000000000000000, 0.8660254037844387076, 1.000000000000000000, 0.8660254037844387076, 1.000000000000000000, 0.8660254037844387076, 1.000000000000000000, 0.8660254037844387076, 1.000000000000000000, 0.8660254037844387076, 1.000000000000000000, 0.8660254037844387076, 1.000000000000000000, 0.8660254037844387076, 1.000000000000000000, 0.8660254037844387076, 1.000000000000000000, 0.8660254037844387076, 1.000000000000000000, 0.8660254037844387076, 1.000000000000000000, 0.8660254037844387076, 1.000000000000000000, 0.8660254037844387076, 1.000000000000000000, 0.8660254037844387076, 1.000000000000000000, 0.8660254037844387076, 1.000000000000000000, 0.8660254037844387076, 1.000000000000000000, 0.8660254037844387076, 1.000000000000000000, 0.8660254037844387076, 1.000000000000000000, 0.8660254037844387076, 1.000000000000000000, 0.8660254037844387076, 1.000000000000000000, 0.8660254037844387076, 1.000000000000000000, 0.8660254037844387076, 1.000000000000000000, 0.8660254037844387076, 1.000000000000000000, 0.8660254037844387076, 1.000000000000000000, 0.8660254037844387076, 1.000000000000000000, 0.8660254037844387076, 1.000000000000000000, 0.8660254037844387076, 1.000000000000000000, 0.8660254037844387076, 1.000000000000000000, 0.8660254037844387076, 1.000000000000000000, 0.8660254037844387076, 1.000000000000000000, 0.8660254037844387076, 1.000000000000000000, 0.8660254037844387076, 1.000000000000000000, 0.8660254037844387076, 1.000000000000000000, 0.8660254037844387076, 1.000000000000000000, 0.8660254037844387076, 1.000000000000000000, 0.8660254037844387076, 1.000000000000000000, 0.8660254037844387076, 1.000000000000000000, 0.8660254037844387076, 1.000000000000000000, 0.8660254037844387076, 1.000000000000000000, 0.8660254037844387076, 1.000000000000000000, 0.8660254037844387076, 1.000000000000000000, 0.8660254037844387076, 1.000000000000000000, 0.8660254037844387076, 1.000000000000000000, 0.8660254037844387076, 1.000000000000000000, 0.8660254037844387076, 1.000000000000000000, 0.8660254037844387076, 1.000000000000000000, 0.8660254037844387076, 1.000000000000000000, 0.8660254037844387076, 1.000000000000000000, 0.8660254037844387076, 1.000000000000000000, 0.8660254037844387076, 1.000000000000000000, 0.8660254037844387076, 1.000000000000000000, 0.8660254037844387076, 1.000000000000000000, 0.8660254037844387076, 1.000000000000000000, 0.8660254037844387076, 1.000000000000000000, 0.8660254037844387076, 1.000000000000000000, 0.8660254037844387076, 1.000000000000000000, 0.8660254037844387076, 1.000000000000000000, 0.8660254037844387076, 1.000000000000000000, 0.8660254037844387076, 1.000000000000000000, 0.8660254037844387076, 1.000000000000000000, 0.8660254037844387076, 1.000000000000000000, 0.8660254037844387076, 1.000000000000000000, 0.8660254037844387076, 1.000000000000000000, 0.8660254037844387076, 1.000000000000000000, 0.8660254037844387076, 1.000000000000000000, 0.8660254037844387076, 1.000000000000000000, 0.8660254037844387076, 1.000000000000000000, 0.8660254037844387076, 1.000000000000000000, 0.8660254037844387076, 1.000000000000000000, 0.8660254037844387076, 1.000000000000000000, 0.8660254037844387076, 1.000000000000000000, 0.8660254037844387076, 1.000000000000000000, 0.8660254037844387076, 1.000000000000000000, 0.8660254037844387076, 1.000000000000000000, 0.8660254037844387076, 1.000000000000000000, 0.8660254037844387076, 1.000000000000000000, 0.8660254037844387076, 1.000000000000000000, 0.8660254037844387076, 1.000000000000000000, 0.8660254037844387076, 1.000000000000000000, 0.8660254037844387076, 1.000000000000000000, 0.8660254037844387076, 1.000000000000000000, 0.8660254037844387076, 1.000000000000000000, 0.8660254037844387076, 1.000000000000000000, 0.8660254037844387076, 1.000000000000000000, 0.8660254037844387076, 1.000000000000000000, 0.8660254037844387076, 1.000000000000000000, 0.8660254037844387076, 1.000000000000000000, 0.8660254037844387076, 1.000000000000000000, 0.8660254037844387076, 1.000000000000000000, 0.8660254037844387076, 1.000000000000000000, 0.8660254037844387076, 1.000000000000000000, 0.8660254037844387076, 1.000000000000000000, 0.8660254037844387076, 1.000000000000000000, 0.8660254037844387076, 1.000000000000000000, 0.8660254037844387076, 1.000000000000000000, 0.8660254037844387076, 1.000000000000000000, 0.8660254037844387076, 1.000000000000000000, 0.8660254037844387076, 1.000000000000000000, 0.8660254037844387076, 1.000000000000000000, 0.8660254037844387076, 1.000000000000000000, 0.8660254037844387076, 1.000000000000000000, 0.8660254037844387076, 1.000000000000000000, 0.8660254037844387076, 1.000000000000000000, 0.8660254037844387076, 1.000000000000000000, 0.8660254037844387076, 1.000000000000000000, 0.8660254037844387076, 1.000000000000000000, 0.8660254037844387076, 1.000000000000000000, 0.8660254037844387076, 1.000000000000000000, 0.8660254037844387076, 1.000000000000000000, 0.8660254037844387076, 1.000000000000000000, 0.8660254037844387076, 1.000000000000000000, 0.8660254037844387076, 1.000000000000000000, 0.8660254037844387076, 1.000000000000000000, 0.8660254037844387076, 1.000000000000000000, 0.8660254037844387076, 1.000000000000000000, 0.8660254037844387076, 1.000000000000000000, 0.8660254037844387076, 1.000000000000000000, 0.8660254037844387076, 1.000000000000000000, 0.8660254037844387076, 1.000000000000000000, 0.8660254037844387076, 1.000000000000000000, 0.8660254037844387076, 1.000000000000000000, 0.8660254037844387076, 1.000000000000000000, 0.8660254037844387076, 1.000000000000000000, 0.8660254037844387076, 1.000000000000000000, 0.8660254037844387076, 1.000000000000000000, 0.8660254037844387076, 1.000000000000000000, 0.8660254037844387076, 1.000000000000000000, 0.8660254037844387076, 1.000000000000000000, 0.8660254037844387076, 1.000000000000000000, 0.8660254037844387076, 1.000000000000000000, 0.8660254037844387076, 1.000000000000000000, 0.8660254037844387076, 1.000000000000000000, 0.8660254037844387076, 1.000000000000000000, 0.8660254037844387076, 1.000000000000000000, 0.8660254037844387076, 1.000000000000000000, 0.8660254037844387076, 1.000000000000000000, 0.8660254037844387076, 1.000000000000000000, 0.8660254037844387076, 1.000000000000000000, 0.8660254037844387076, 1.000000000000000000, 0.8660254037844387076, 1.000000000000000000, 0.8660254037844387076, 1.000000000000000000, 0.8660254037844387076, 1.000000000000000000, 0.8660254037844387076, 1.000000000000000000, 0.8660254037844387076, 1.000000000000000000, 0.8660254037844387076, 1.000000000000000000) ) ) 
 REPRESENTATION_ITEM ( '' )  SURFACE ( )  );
#733 = CARTESIAN_POINT ( 'NONE',  ( -1.827451964197246204E-16, -1.492227771688612314, -10.18301270189221697 ) ) ;
#734 = CARTESIAN_POINT ( 'NONE',  ( 0.000000000000000000, 1.296351071171740261E-55, -10.49999999999999822 ) ) ;
#735 = CARTESIAN_POINT ( 'NONE',  ( 0.000000000000000000, 1.499999999999999778, 4.062499999999998224 ) ) ;
#736 = CARTESIAN_POINT ( 'NONE',  ( -1.439254484199189379E-16, -1.175240473580835276, -10.43750000000000000 ) ) ;
#737 = CARTESIAN_POINT ( 'NONE',  ( -0.6785254037844382635, 1.175240473580835276, 5.354166666666665186 ) ) ;
#738 = VERTEX_POINT ( 'NONE', #3759 ) ;
#739 = EDGE_CURVE ( 'NONE', #4449, #2208, #3766, .T. ) ;
#740 = CARTESIAN_POINT ( 'NONE',  ( -0.6785254037844388186, -1.175240473580835276, -5.041666666666667851 ) ) ;
#741 = CARTESIAN_POINT ( 'NONE',  ( -0.8660254037844260511, 1.500000000000021094, -7.395833333333335702 ) ) ;
#742 = AXIS2_PLACEMENT_3D ( 'NONE', #5825, #5131, #6824 ) ;
#743 = CARTESIAN_POINT ( 'NONE',  ( -1.439254484199189379E-16, -1.175240473580835276, -1.500000000000001332 ) ) ;
#744 = CARTESIAN_POINT ( 'NONE',  ( 0.6785254037844380415, -1.175240473580835721, 3.104166666666664742 ) ) ;
#745 = CARTESIAN_POINT ( 'NONE',  ( -1.299038105676657784, -0.7499999999999995559, 0.7291666666666644092 ) ) ;
#746 = CARTESIAN_POINT ( 'NONE',  ( -1.870113174931182636E-16, -1.527063293868263338, -3.703125000000001776 ) ) ;
#747 = CARTESIAN_POINT ( 'NONE',  ( 1.322475605676658450, 0.7635316469341306700, 1.932291666666665408 ) ) ;
#748 = CARTESIAN_POINT ( 'NONE',  ( -0.6785254037844388186, -1.175240473580835054, -3.979166666666667407 ) ) ;
#749 = ORIENTED_EDGE ( 'NONE', *, *, #5562, .F. ) ;
#750 = CARTESIAN_POINT ( 'NONE',  ( -0.6785254037844388186, -1.175240473580835054, -7.541666666666666963 ) ) ;
#751 = DIRECTION ( 'NONE',  ( -0.000000000000000000, 6.173100338913050050E-57, -1.000000000000000000 ) ) ;
#752 = CARTESIAN_POINT ( 'NONE',  ( 0.08096564454273552647, -1.494710258218038490, -10.18053021536278990 ) ) ;
#753 = CARTESIAN_POINT ( 'NONE',  ( -1.357050807568876971, 8.309539638847778957E-17, 6.874999999999998224 ) ) ;
#754 = CARTESIAN_POINT ( 'NONE',  ( 1.322475605676658450, 0.7635316469341306700, -6.067708333333333925 ) ) ;
#755 = ORIENTED_EDGE ( 'NONE', *, *, #2941, .T. ) ;
#756 = CARTESIAN_POINT ( 'NONE',  ( -1.439254484199189379E-16, -1.175240473580835276, 4.999999999999999112 ) ) ;
#757 = FACE_OUTER_BOUND ( 'NONE', #3817, .T. ) ;
#758 = CARTESIAN_POINT ( 'NONE',  ( -1.017788105676657784, 0.5876202367904177493, 1.895833333333332593 ) ) ;
#759 = CARTESIAN_POINT ( 'NONE',  ( 1.017788105676658228, 0.5876202367904167501, -0.7708333333333351467 ) ) ;
#760 = DIRECTION ( 'NONE',  ( -0.000000000000000000, 6.173100338913050050E-57, -1.000000000000000000 ) ) ;
#761 = CARTESIAN_POINT ( 'NONE',  ( 1.357050807568876971, -2.492861891654333810E-16, -2.875000000000000444 ) ) ;
#762 = CARTESIAN_POINT ( 'NONE',  ( 0.8816504037844392627, 1.527063293868263116, 2.505208333333331705 ) ) ;
#763 = EDGE_CURVE ( 'NONE', #3762, #371, #3721, .T. ) ;
#764 = ORIENTED_EDGE ( 'NONE', *, *, #6435, .F. ) ;
#765 = CARTESIAN_POINT ( 'NONE',  ( 1.357050807568876749, -2.492861891654333810E-16, -10.31250000000000000 ) ) ;
#766 = CARTESIAN_POINT ( 'NONE',  ( -1.732050807568877415, 1.060575238724906915E-16, -3.375000000000002220 ) ) ;
#767 = CARTESIAN_POINT ( 'NONE',  ( 0.000000000000000000, 1.499999999999999556, 0.4999999999999986122 ) ) ;
#768 = CARTESIAN_POINT ( 'NONE',  ( -0.6785254037844383745, 1.175240473580835499, -5.645833333333334814 ) ) ;
#769 = CARTESIAN_POINT ( 'NONE',  ( 0.000000000000000000, 1.175240473580835276, -9.250000000000001776 ) ) ;
#770 = CARTESIAN_POINT ( 'NONE',  ( 1.299038105676657340, -0.7500000000000005551, -8.604166666666667851 ) ) ;
#771 = ADVANCED_FACE ( 'NONE', ( #3162 ), #2518, .T. ) ;
#772 = CARTESIAN_POINT ( 'NONE',  ( 0.6785254037844392627, 1.175240473580835054, -8.729166666666669627 ) ) ;
#773 = CARTESIAN_POINT ( 'NONE',  ( 0.6785254037844380415, -1.175240473580835499, 5.104166666666665186 ) ) ;
#774 = VERTEX_POINT ( 'NONE', #710 ) ;
#775 = CARTESIAN_POINT ( 'NONE',  ( 1.357050807568876971, -2.492861891654333810E-16, -7.375000000000001776 ) ) ;
#776 = CARTESIAN_POINT ( 'NONE',  ( 0.000000000000000000, 1.296351071171740261E-55, -10.49999999999999822 ) ) ;
#777 = CARTESIAN_POINT ( 'NONE',  ( 0.000000000000000000, 1.175240473580835276, 0.7499999999999988898 ) ) ;
#778 = CARTESIAN_POINT ( 'NONE',  ( -1.017788105676657784, 0.5876202367904177493, 4.895833333333332149 ) ) ;
#779 = CARTESIAN_POINT ( 'NONE',  ( 0.8816504037844380415, -1.527063293868264005, -4.161458333333334814 ) ) ;
#780 = CARTESIAN_POINT ( 'NONE',  ( 0.000000000000000000, 1.527063293868263338, 0.5156249999999986677 ) ) ;
#781 = CARTESIAN_POINT ( 'NONE',  ( -0.6785254037844382635, 1.175240473580835276, -1.645833333333334370 ) ) ;
#782 = ORIENTED_EDGE ( 'NONE', *, *, #4596, .T. ) ;
#783 = CARTESIAN_POINT ( 'NONE',  ( 1.017788105676657562, -0.5876202367904181934, -7.916666666666666963 ) ) ;
#784 = CARTESIAN_POINT ( 'NONE',  ( 0.000000000000000000, 1.175240473580835276, 6.249999999999996447 ) ) ;
#785 = CARTESIAN_POINT ( 'NONE',  ( -1.870113174931182636E-16, -1.527063293868263338, -8.234375000000000000 ) ) ;
#786 = ORIENTED_EDGE ( 'NONE', *, *, #6869, .F. ) ;
#787 = CARTESIAN_POINT ( 'NONE',  ( -1.439254484199189379E-16, -1.175240473580835276, 6.499999999999997335 ) ) ;
#788 = CARTESIAN_POINT ( 'NONE',  ( -1.299038105676657784, 0.7500000000000001110, -6.854166666666667851 ) ) ;
#789 = CARTESIAN_POINT ( 'NONE',  ( 1.017788105676657562, -0.5876202367904181934, 5.645833333333331261 ) ) ;
#790 = CARTESIAN_POINT ( 'NONE',  ( -0.6785254037844383745, 1.175240473580835499, -2.645833333333335258 ) ) ;
#791 = CARTESIAN_POINT ( 'NONE',  ( 1.017788105676658228, 0.5876202367904167501, 6.666666666666666075 ) ) ;
#792 = ORIENTED_EDGE ( 'NONE', *, *, #5178, .T. ) ;
#793 = CARTESIAN_POINT ( 'NONE',  ( -1.017788105676657784, 0.5876202367904177493, -1.666666666666666963 ) ) ;
#794 = CARTESIAN_POINT ( 'NONE',  ( 0.8816504037844392627, 1.527063293868263116, 3.005208333333331705 ) ) ;
#795 = ORIENTED_EDGE ( 'NONE', *, *, #5124, .F. ) ;
#796 = CARTESIAN_POINT ( 'NONE',  ( -1.439254484199189379E-16, -1.175240473580835276, -8.937500000000001776 ) ) ;
#797 = CARTESIAN_POINT ( 'NONE',  ( -1.836970198721029441E-16, -1.499999999999999778, -4.187500000000000888 ) ) ;
#798 = CARTESIAN_POINT ( 'NONE',  ( 0.000000000000000000, 1.499999999999999778, -4.437500000000001776 ) ) ;
#799 = CARTESIAN_POINT ( 'NONE',  ( 1.017788105676657562, -0.5876202367904181934, -4.416666666666667851 ) ) ;
#800 = CARTESIAN_POINT ( 'NONE',  ( -0.6785254037844383745, 1.175240473580835499, -2.645833333333335258 ) ) ;
#801 = CARTESIAN_POINT ( 'NONE',  ( 1.017788105676658228, 0.5876202367904167501, -10.33333333333333570 ) ) ;
#802 = CARTESIAN_POINT ( 'NONE',  ( 1.732050807568877193, -3.181725716174720005E-16, 1.937499999999998224 ) ) ;
#803 =( NAMED_UNIT ( * ) SI_UNIT ( $, .STERADIAN. ) SOLID_ANGLE_UNIT ( ) );
#804 = CARTESIAN_POINT ( 'NONE',  ( -1.017788105676657784, 0.5876202367904177493, -6.604166666666667851 ) ) ;
#805 = CARTESIAN_POINT ( 'NONE',  ( 0.6785254037844391517, 1.175240473580835054, 4.770833333333331261 ) ) ;
#806 = CARTESIAN_POINT ( 'NONE',  ( -0.8660254037844382635, 1.499999999999999556, -8.458333333333335702 ) ) ;
#807 = DIRECTION ( 'NONE',  ( -0.000000000000000000, 6.173100338913050050E-57, -1.000000000000000000 ) ) ;
#808 = EDGE_CURVE ( 'NONE', #5515, #2287, #2323, .T. ) ;
#809 = CARTESIAN_POINT ( 'NONE',  ( -0.6785254037844382635, 1.175240473580835276, 2.791666666666664298 ) ) ;
#810 = CARTESIAN_POINT ( 'NONE',  ( -1.439254484199189379E-16, -1.175240473580835276, 5.062499999999999112 ) ) ;
#811 = CARTESIAN_POINT ( 'NONE',  ( 0.4070412443561005067, -1.123760536281150690, -10.48285016282932780 ) ) ;
#812 = CARTESIAN_POINT ( 'NONE',  ( -1.763300807568876971, 1.079710344961584035E-16, -4.328125000000000888 ) ) ;
#813 = CARTESIAN_POINT ( 'NONE',  ( -1.763300807568876971, 1.079710344961584035E-16, -0.3593750000000003331 ) ) ;
#814 = CARTESIAN_POINT ( 'NONE',  ( 0.000000000000000000, 1.175240473580835276, -3.687500000000000888 ) ) ;
#815 = ORIENTED_EDGE ( 'NONE', *, *, #407, .F. ) ;
#816 = CARTESIAN_POINT ( 'NONE',  ( -0.6785254037844382635, 1.175240473580835276, -4.708333333333333925 ) ) ;
#817 = LINE ( 'NONE', #4921, #1669 ) ;
#818 = CARTESIAN_POINT ( 'NONE',  ( 1.017788105676657562, -0.5876202367904181934, 6.083333333333331261 ) ) ;
#819 = CARTESIAN_POINT ( 'NONE',  ( -1.870113174931182636E-16, -1.527063293868263338, -6.234375000000000888 ) ) ;
#820 = VERTEX_POINT ( 'NONE', #4141 ) ;
#821 = CARTESIAN_POINT ( 'NONE',  ( -1.357050807568876971, 8.309539638847778957E-17, 6.374999999999997335 ) ) ;
#822 = CARTESIAN_POINT ( 'NONE',  ( -1.249999999999999778, 1.530534557306790226E-16, 10.19837115155288032 ) ) ;
#823 = CARTESIAN_POINT ( 'NONE',  ( -1.017788105676657784, 0.5876202367904177493, 3.895833333333332593 ) ) ;
#824 = CARTESIAN_POINT ( 'NONE',  ( 1.017788105676658228, 0.5876202367904167501, -3.270833333333334814 ) ) ;
#825 = FACE_OUTER_BOUND ( 'NONE', #4020, .T. ) ;
#826 = ORIENTED_EDGE ( 'NONE', *, *, #78, .T. ) ;
#827 = CARTESIAN_POINT ( 'NONE',  ( 0.6785254037844392627, 1.175240473580835054, -1.291666666666668295 ) ) ;
#828 = CARTESIAN_POINT ( 'NONE',  ( -0.8816504037844389297, -1.527063293868263116, 2.755208333333331705 ) ) ;
#829 = ORIENTED_EDGE ( 'NONE', *, *, #2840, .T. ) ;
#830 = CARTESIAN_POINT ( 'NONE',  ( -1.017788105676657784, 0.5876202367904177493, -8.104166666666667851 ) ) ;
#831 = FACE_OUTER_BOUND ( 'NONE', #1382, .T. ) ;
#832 = FACE_OUTER_BOUND ( 'NONE', #3320, .T. ) ;
#833 = CARTESIAN_POINT ( 'NONE',  ( -1.017788105676658006, -0.5876202367904174162, -3.520833333333333925 ) ) ;
#834 = CARTESIAN_POINT ( 'NONE',  ( -0.6785254037844388186, -1.175240473580835276, -10.54166666666666785 ) ) ;
#835 = CARTESIAN_POINT ( 'NONE',  ( 1.732050807568877415, -3.181725716174720498E-16, -0.1250000000000019151 ) ) ;
#836 = EDGE_CURVE ( 'NONE', #6834, #3891, #7103, .T. ) ;
#837 = CARTESIAN_POINT ( 'NONE',  ( -1.017788105676658006, -0.5876202367904174162, -7.520833333333333925 ) ) ;
#838 = CARTESIAN_POINT ( 'NONE',  ( 0.000000000000000000, 1.499999999999999778, -10.49999999999999822 ) ) ;
#839 = CARTESIAN_POINT ( 'NONE',  ( -0.6785254037844383745, 1.175240473580835499, 1.791666666666665408 ) ) ;
#840 = DIRECTION ( 'NONE',  ( -0.000000000000000000, 6.173100338913050050E-57, -1.000000000000000000 ) ) ;
#841 = CARTESIAN_POINT ( 'NONE',  ( -0.6785254037844383745, 1.175240473580835499, -10.64583333333333570 ) ) ;
#842 = VECTOR ( 'NONE', #2548, 1000.000000000000000 ) ;
#843 = CARTESIAN_POINT ( 'NONE',  ( -1.017788105676657784, 0.5876202367904177493, 2.333333333333331261 ) ) ;
#844 = CARTESIAN_POINT ( 'NONE',  ( 1.017788105676657562, -0.5876202367904181934, 5.145833333333330373 ) ) ;
#845 = CARTESIAN_POINT ( 'NONE',  ( 0.000000000000000000, 1.333734122634724129, -10.34150635094610848 ) ) ;
#846 = CARTESIAN_POINT ( 'NONE',  ( 0.8816504037844392627, 1.527063293868263116, -2.494791666666667851 ) ) ;
#847 = CARTESIAN_POINT ( 'NONE',  ( -0.8816504037844389297, -1.527063293868263116, 2.723958333333331705 ) ) ;
#848 = ORIENTED_EDGE ( 'NONE', *, *, #3846, .F. ) ;
#849 = EDGE_CURVE ( 'NONE', #4262, #1756, #3091, .T. ) ;
#850 = CARTESIAN_POINT ( 'NONE',  ( -0.6785254037844388186, -1.175240473580835054, 0.5208333333333314830 ) ) ;
#851 = VERTEX_POINT ( 'NONE', #435 ) ;
#852 = CARTESIAN_POINT ( 'NONE',  ( 1.017788105676658228, 0.5876202367904167501, -5.833333333333334814 ) ) ;
#853 = AXIS2_PLACEMENT_3D ( 'NONE', #548, #6782, #2817 ) ;
#854 = LINE ( 'NONE', #5876, #2083 ) ;
#855 = CARTESIAN_POINT ( 'NONE',  ( 1.017788105676658228, 0.5876202367904167501, 6.166666666666666075 ) ) ;
#856 = COLOUR_RGB ( '',0.7529411764705882248, 0.7529411764705882248, 0.7529411764705882248 ) ;
#857 = CARTESIAN_POINT ( 'NONE',  ( -1.322475605676657784, -0.7635316469341314471, -3.317708333333333925 ) ) ;
#858 = VECTOR ( 'NONE', #2671, 1000.000000000000000 ) ;
#859 = EDGE_CURVE ( 'NONE', #6399, #2900, #3006, .T. ) ;
#860 = ORIENTED_EDGE ( 'NONE', *, *, #4184, .T. ) ;
#861 = DIRECTION ( 'NONE',  ( -0.000000000000000000, 6.173100338913050050E-57, -1.000000000000000000 ) ) ;
#862 = CARTESIAN_POINT ( 'NONE',  ( -0.6785254037844388186, -1.175240473580835276, 4.520833333333331261 ) ) ;
#863 = CARTESIAN_POINT ( 'NONE',  ( 0.000000000000000000, 1.175240473580835276, 0.3124999999999985567 ) ) ;
#864 = CARTESIAN_POINT ( 'NONE',  ( 1.732050807568877415, -3.181725716174720498E-16, 0.8749999999999991118 ) ) ;
#865 = CARTESIAN_POINT ( 'NONE',  ( 0.7364247641451131532, 1.018200637156976729, 10.19864201011963978 ) ) ;
#866 = CARTESIAN_POINT ( 'NONE',  ( -1.357050807568876971, 8.309539638847778957E-17, -2.625000000000000444 ) ) ;
#867 = CARTESIAN_POINT ( 'NONE',  ( -0.8660254037844353769, 1.500000000000004885, 4.104166666666666075 ) ) ;
#868 = CARTESIAN_POINT ( 'NONE',  ( -1.870113174931182636E-16, -1.527063293868263338, 1.796874999999998224 ) ) ;
#869 = EDGE_LOOP ( 'NONE', ( #1635, #3464, #527, #3883 ) ) ;
#870 = CARTESIAN_POINT ( 'NONE',  ( 1.017788105676657562, -0.5876202367904181934, -7.854166666666666963 ) ) ;
#871 = FACE_OUTER_BOUND ( 'NONE', #4108, .T. ) ;
#872 = CARTESIAN_POINT ( 'NONE',  ( 0.8660254037844394848, 1.499999999999999334, 3.958333333333333481 ) ) ;
#873 = CARTESIAN_POINT ( 'NONE',  ( -0.6785254037844383745, 1.175240473580835499, -3.145833333333334814 ) ) ;
#874 = CARTESIAN_POINT ( 'NONE',  ( 1.017788105676657562, -0.5876202367904181934, -8.916666666666667851 ) ) ;
#875 = CARTESIAN_POINT ( 'NONE',  ( 0.000000000000000000, 1.851930101673914562E-56, 7.500000000000000000 ) ) ;
#876 = EDGE_CURVE ( 'NONE', #1644, #3635, #367, .T. ) ;
#877 = CARTESIAN_POINT ( 'NONE',  ( -1.357050807568876971, 8.309539638847778957E-17, -6.062500000000000000 ) ) ;
#878 = CARTESIAN_POINT ( 'NONE',  ( 0.000000000000000000, 1.175240473580835276, 6.812499999999997335 ) ) ;
#879 = CARTESIAN_POINT ( 'NONE',  ( -1.017788105676657784, 0.5876202367904177493, 1.833333333333332593 ) ) ;
#880 = CARTESIAN_POINT ( 'NONE',  ( 0.8660254037844370423, -1.500000000000001332, 6.854166666666666963 ) ) ;
#881 = CARTESIAN_POINT ( 'NONE',  ( -0.1964808569473850131, -1.329937397324883142, 10.27830854887704426 ) ) ;
#882 = CARTESIAN_POINT ( 'NONE',  ( 0.6785254037844391517, 1.175240473580835054, 3.208333333333332149 ) ) ;
#883 = CARTESIAN_POINT ( 'NONE',  ( 1.017788105676657562, -0.5876202367904181934, 7.145833333333332149 ) ) ;
#884 = DIRECTION ( 'NONE',  ( -0.000000000000000000, 6.173100338913050050E-57, -1.000000000000000000 ) ) ;
#885 = CARTESIAN_POINT ( 'NONE',  ( 0.7656010186950944485, 1.066141955851778622, -10.37316174274538660 ) ) ;
#886 = CARTESIAN_POINT ( 'NONE',  ( -1.322475605676657784, 0.7635316469341318912, 4.098958333333333037 ) ) ;
#887 = VERTEX_POINT ( 'NONE', #5457 ) ;
#888 = CARTESIAN_POINT ( 'NONE',  ( 1.017788105676658228, 0.5876202367904167501, -0.2708333333333347026 ) ) ;
#889 = VERTEX_POINT ( 'NONE', #2639 ) ;
#890 = CARTESIAN_POINT ( 'NONE',  ( -1.017788105676657784, 0.5876202367904177493, -6.666666666666667851 ) ) ;
#891 = CARTESIAN_POINT ( 'NONE',  ( -1.017788105676657784, 0.5876202367904177493, -3.166666666666667407 ) ) ;
#892 = DIRECTION ( 'NONE',  ( -0.000000000000000000, 6.173100338913050050E-57, -1.000000000000000000 ) ) ;
#893 = CARTESIAN_POINT ( 'NONE',  ( 1.322475605676658450, 0.7635316469341306700, -10.53645833333333570 ) ) ;
#894 = CARTESIAN_POINT ( 'NONE',  ( 1.322475605676658450, 0.7635316469341306700, -5.567708333333333925 ) ) ;
#895 = ORIENTED_EDGE ( 'NONE', *, *, #4144, .F. ) ;
#896 = CARTESIAN_POINT ( 'NONE',  ( -1.299038105676657784, 0.7500000000000001110, -0.3541666666666675733 ) ) ;
#897 = VECTOR ( 'NONE', #6321, 1000.000000000000000 ) ;
#898 = CARTESIAN_POINT ( 'NONE',  ( -0.6785254037844388186, -1.175240473580835276, 5.520833333333331261 ) ) ;
#899 = EDGE_CURVE ( 'NONE', #1012, #2470, #6750, .T. ) ;
#900 = CARTESIAN_POINT ( 'NONE',  ( 1.357050807568876971, -2.492861891654333810E-16, -0.3125000000000019984 ) ) ;
#901 = CARTESIAN_POINT ( 'NONE',  ( 0.000000000000000000, 1.499999999999999556, -9.000000000000003553 ) ) ;
#902 = CARTESIAN_POINT ( 'NONE',  ( 0.000000000000000000, 1.499999999999999778, -2.437500000000002220 ) ) ;
#903 = CARTESIAN_POINT ( 'NONE',  ( -0.6785254037844388186, -1.175240473580835276, 0.4583333333333314275 ) ) ;
#904 = CARTESIAN_POINT ( 'NONE',  ( 0.000000000000000000, 1.499999999999999556, -4.000000000000000888 ) ) ;
#905 = CARTESIAN_POINT ( 'NONE',  ( -0.8816504037844382635, 1.527063293868263338, 3.088541666666664742 ) ) ;
#906 = ORIENTED_EDGE ( 'NONE', *, *, #3806, .T. ) ;
#907 = CARTESIAN_POINT ( 'NONE',  ( -1.017788105676658006, -0.5876202367904174162, -8.520833333333335702 ) ) ;
#908 = PLANE ( 'NONE',  #373 ) ;
#909 = CARTESIAN_POINT ( 'NONE',  ( 0.8660254037844380415, -1.500000000000000444, -2.208333333333335258 ) ) ;
#910 = CARTESIAN_POINT ( 'NONE',  ( -0.6785254037844383745, 1.175240473580835499, -2.145833333333334370 ) ) ;
#911 =( BOUNDED_CURVE ( )  B_SPLINE_CURVE ( 2, ( #1474, #390, #2028, #2103, #1622, #1063, #4973 ),
 .UNSPECIFIED., .F., .T. ) 
 B_SPLINE_CURVE_WITH_KNOTS ( ( 3, 2, 2, 3 ),
 ( 0.9459459459459458319, 0.9504504504504502904, 0.9549549549549549710, 0.9587395929223582192 ),
 .UNSPECIFIED. ) 
 CURVE ( )  GEOMETRIC_REPRESENTATION_ITEM ( )  RATIONAL_B_SPLINE_CURVE ( ( 1.000000000000003331, 0.8660254037844353769, 1.000000000000000000, 0.8660254037844387076, 1.000000000000000000, 0.8874359337419037708, 0.9640221895668139585 ) ) 
 REPRESENTATION_ITEM ( '' )  );
#912 = EDGE_CURVE ( 'NONE', #6943, #6839, #3353, .T. ) ;
#913 = CARTESIAN_POINT ( 'NONE',  ( -1.322475605676657784, -0.7635316469341314471, 7.213541666666666963 ) ) ;
#914 = CARTESIAN_POINT ( 'NONE',  ( 0.6785254037844392627, 1.175240473580835054, -7.791666666666666963 ) ) ;
#915 = CARTESIAN_POINT ( 'NONE',  ( 0.6785254037844380415, -1.175240473580835721, -6.395833333333333925 ) ) ;
#916 = CARTESIAN_POINT ( 'NONE',  ( -1.836970198721029441E-16, -1.499999999999999778, 6.312499999999997335 ) ) ;
#917 = CARTESIAN_POINT ( 'NONE',  ( 0.8660254037844380415, -1.500000000000000444, 4.291666666666666963 ) ) ;
#918 = CARTESIAN_POINT ( 'NONE',  ( -0.6785254037844383745, 1.175240473580835499, -4.708333333333333925 ) ) ;
#919 = CARTESIAN_POINT ( 'NONE',  ( -1.357050807568876971, 8.309539638847778957E-17, -10.56250000000000000 ) ) ;
#920 = CARTESIAN_POINT ( 'NONE',  ( 1.017788105676657562, -0.5876202367904181934, 2.583333333333331705 ) ) ;
#921 = CARTESIAN_POINT ( 'NONE',  ( -1.017788105676657784, 0.5876202367904177493, 5.395833333333330373 ) ) ;
#922 = DIRECTION ( 'NONE',  ( 0.000000000000000000, -1.000000000000000000, 0.000000000000000000 ) ) ;
#923 = CARTESIAN_POINT ( 'NONE',  ( -1.551628848447119013, 1.900197302715457966E-16, 10.49999999999999822 ) ) ;
#924 = CARTESIAN_POINT ( 'NONE',  ( -1.870113174931182636E-16, -1.527063293868263338, 2.765624999999999112 ) ) ;
#925 = EDGE_LOOP ( 'NONE', ( #6716, #2148, #3479, #2046 ) ) ;
#926 = CARTESIAN_POINT ( 'NONE',  ( 1.357050807568876749, -2.492861891654333810E-16, 0.1874999999999984179 ) ) ;
#927 = ORIENTED_EDGE ( 'NONE', *, *, #6354, .T. ) ;
#928 = CARTESIAN_POINT ( 'NONE',  ( -1.357050807568876749, 8.309539638847778957E-17, -6.125000000000000888 ) ) ;
#929 = CARTESIAN_POINT ( 'NONE',  ( -1.357050807568876971, 8.309539638847778957E-17, -3.125000000000000888 ) ) ;
#930 = CARTESIAN_POINT ( 'NONE',  ( 0.8660254037844268282, 1.500000000000020872, -6.479166666666666963 ) ) ;
#931 = CARTESIAN_POINT ( 'NONE',  ( -1.322475605676657784, -0.7635316469341314471, -9.286458333333333925 ) ) ;
#932 = CARTESIAN_POINT ( 'NONE',  ( 1.763300807568876971, -3.239131034884752106E-16, -4.609375000000000888 ) ) ;
#933 = EDGE_CURVE ( 'NONE', #6344, #6180, #731, .T. ) ;
#934 = ORIENTED_EDGE ( 'NONE', *, *, #1138, .F. ) ;
#935 = PRESENTATION_STYLE_ASSIGNMENT (( #5542 ) ) ;
#936 = CARTESIAN_POINT ( 'NONE',  ( 0.6785254037844392627, 1.175240473580835054, 5.270833333333331261 ) ) ;
#937 = CARTESIAN_POINT ( 'NONE',  ( -1.439254484199189379E-16, -1.175240473580835276, 1.562499999999998002 ) ) ;
#938 = CARTESIAN_POINT ( 'NONE',  ( -0.8660254037844506980, 1.499999999999978240, 3.041666666666666075 ) ) ;
#939 = CARTESIAN_POINT ( 'NONE',  ( 1.299038105676658450, 0.7499999999999986677, 5.916666666666665186 ) ) ;
#940 = CARTESIAN_POINT ( 'NONE',  ( -1.017788105676658006, -0.5876202367904174162, -0.08333333333333456383 ) ) ;
#941 = DIRECTION ( 'NONE',  ( 0.000000000000000000, 1.000000000000000000, 0.000000000000000000 ) ) ;
#942 = CARTESIAN_POINT ( 'NONE',  ( -0.8816504037844389297, -1.527063293868263116, 5.255208333333331261 ) ) ;
#943 = EDGE_LOOP ( 'NONE', ( #3167, #927, #5635, #5065 ) ) ;
#944 = CARTESIAN_POINT ( 'NONE',  ( -1.357050807568876749, 8.309539638847778957E-17, -8.562500000000000000 ) ) ;
#945 = EDGE_CURVE ( 'NONE', #1142, #4812, #1002, .T. ) ;
#946 = DIRECTION ( 'NONE',  ( -0.000000000000000000, 6.173100338913050050E-57, -1.000000000000000000 ) ) ;
#947 = CARTESIAN_POINT ( 'NONE',  ( -1.017788105676658006, -0.5876202367904174162, -4.083333333333334814 ) ) ;
#948 = CARTESIAN_POINT ( 'NONE',  ( -0.6785254037844383745, 1.175240473580835499, -4.145833333333334814 ) ) ;
#949 = CARTESIAN_POINT ( 'NONE',  ( 0.000000000000000000, 1.527063293868263338, 7.546874999999998224 ) ) ;
#950 = CARTESIAN_POINT ( 'NONE',  ( -1.017788105676657784, 0.5876202367904177493, -7.166666666666667851 ) ) ;
#951 = CARTESIAN_POINT ( 'NONE',  ( 1.017788105676657562, -0.5876202367904181934, -8.354166666666667851 ) ) ;
#952 = ADVANCED_FACE ( 'NONE', ( #5495 ), #6124, .T. ) ;
#953 = CARTESIAN_POINT ( 'NONE',  ( 0.6785254037844380415, -1.175240473580835499, 6.604166666666666075 ) ) ;
#954 = CARTESIAN_POINT ( 'NONE',  ( 1.017788105676657562, -0.5876202367904181934, 4.583333333333331261 ) ) ;
#955 = DIRECTION ( 'NONE',  ( -0.000000000000000000, 6.173100338913050050E-57, -1.000000000000000000 ) ) ;
#956 =( BOUNDED_CURVE ( )  B_SPLINE_CURVE ( 2, ( #2743, #5610, #2860, #3873, #6125, #3906, #1038 ),
 .UNSPECIFIED., .F., .T. ) 
 B_SPLINE_CURVE_WITH_KNOTS ( ( 3, 2, 2, 3 ),
 ( 0.2027027027027027140, 0.2072072072072071725, 0.2117117117117116587, 0.2162162162162162282 ),
 .UNSPECIFIED. ) 
 CURVE ( )  GEOMETRIC_REPRESENTATION_ITEM ( )  RATIONAL_B_SPLINE_CURVE ( ( 1.000000000000000888, 0.8660254037844378194, 1.000000000000000000, 0.8660254037844387076, 1.000000000000000000, 0.8660254037844387076, 1.000000000000000000 ) ) 
 REPRESENTATION_ITEM ( '' )  );
#957 = CARTESIAN_POINT ( 'NONE',  ( 1.017788105676658228, 0.5876202367904167501, -10.27083333333333570 ) ) ;
#958 = CARTESIAN_POINT ( 'NONE',  ( -1.017788105676657784, 0.5876202367904177493, -2.166666666666667407 ) ) ;
#959 = CARTESIAN_POINT ( 'NONE',  ( -0.6785254037844382635, 1.175240473580835276, 4.791666666666663410 ) ) ;
#960 = CARTESIAN_POINT ( 'NONE',  ( 1.732050807568877193, -3.181725716174720005E-16, -0.5625000000000022204 ) ) ;
#961 = CARTESIAN_POINT ( 'NONE',  ( 1.732050807568877415, -3.181725716174720498E-16, 3.374999999999999556 ) ) ;
#962 = CARTESIAN_POINT ( 'NONE',  ( 0.000000000000000000, 1.759333596590218008E-56, 7.650000000000000355 ) ) ;
#963 = CARTESIAN_POINT ( 'NONE',  ( -0.8816504037844389297, -1.527063293868263116, 3.223958333333332149 ) ) ;
#964 = ORIENTED_EDGE ( 'NONE', *, *, #118, .T. ) ;
#965 = CARTESIAN_POINT ( 'NONE',  ( -0.6785254037844382635, 1.175240473580835276, -0.6458333333333350357 ) ) ;
#966 = ORIENTED_EDGE ( 'NONE', *, *, #7329, .T. ) ;
#967 = CARTESIAN_POINT ( 'NONE',  ( -1.017788105676658006, -0.5876202367904174162, -7.083333333333333925 ) ) ;
#968 = CARTESIAN_POINT ( 'NONE',  ( 1.017788105676658228, 0.5876202367904167501, -3.333333333333334814 ) ) ;
#969 = AXIS2_PLACEMENT_3D ( 'NONE', #5565, #6711, #3796 ) ;
#970 = PLANE ( 'NONE',  #3717 ) ;
#971 =( BOUNDED_CURVE ( )  B_SPLINE_CURVE ( 2, ( #1356, #4215, #6434, #6467, #7130, #3661, #5366 ),
 .UNSPECIFIED., .F., .F. ) 
 B_SPLINE_CURVE_WITH_KNOTS ( ( 3, 2, 2, 3 ),
 ( 0.5135135135135135975, 0.5180180180180181670, 0.5225225225225226255, 0.5270270270270270840 ),
 .UNSPECIFIED. ) 
 CURVE ( )  GEOMETRIC_REPRESENTATION_ITEM ( )  RATIONAL_B_SPLINE_CURVE ( ( 0.9999999999999966693, 0.8660254037844420383, 1.000000000000000000, 0.8660254037844387076, 1.000000000000000000, 0.8660254037844353769, 1.000000000000003331 ) ) 
 REPRESENTATION_ITEM ( '' )  );
#972 = CARTESIAN_POINT ( 'NONE',  ( 0.000000000000000000, 1.527063293868263338, -10.45312500000000000 ) ) ;
#973 = CARTESIAN_POINT ( 'NONE',  ( 1.322475605676658450, 0.7635316469341306700, -4.067708333333333925 ) ) ;
#974 = ADVANCED_FACE ( 'NONE', ( #2705 ), #4982, .T. ) ;
#975 = EDGE_LOOP ( 'NONE', ( #724, #6318, #3537, #4014 ) ) ;
#976 = AXIS2_PLACEMENT_3D ( 'NONE', #7032, #1952, #4490 ) ;
#977 = CARTESIAN_POINT ( 'NONE',  ( -0.8660254037844329345, -1.500000000000009992, -4.791666666666668739 ) ) ;
#978 = CARTESIAN_POINT ( 'NONE',  ( 1.017788105676657562, -0.5876202367904181934, -10.41666666666666785 ) ) ;
#979 = CARTESIAN_POINT ( 'NONE',  ( 1.357050807568876971, -2.492861891654333810E-16, 1.687499999999997780 ) ) ;
#980 = FACE_OUTER_BOUND ( 'NONE', #3728, .T. ) ;
#981 = CARTESIAN_POINT ( 'NONE',  ( 1.299038105676658672, 0.7499999999999987788, -2.520833333333334814 ) ) ;
#982 = CARTESIAN_POINT ( 'NONE',  ( 1.357050807568876971, -2.492861891654333810E-16, -0.3750000000000021094 ) ) ;
#983 = CARTESIAN_POINT ( 'NONE',  ( 0.1094472602489034024, -1.337241637125275995, -10.33799883645617435 ) ) ;
#984 = CARTESIAN_POINT ( 'NONE',  ( 1.322475605676657340, -0.7635316469341323353, 5.880208333333331261 ) ) ;
#985 = ORIENTED_EDGE ( 'NONE', *, *, #4037, .F. ) ;
#986 = CARTESIAN_POINT ( 'NONE',  ( -1.017788105676658006, -0.5876202367904174162, -5.520833333333333925 ) ) ;
#987 = CARTESIAN_POINT ( 'NONE',  ( 1.299038105676658672, 0.7499999999999987788, 0.4791666666666659080 ) ) ;
#988 = CARTESIAN_POINT ( 'NONE',  ( 0.8660254037844257180, -1.500000000000021982, 7.291666666666666963 ) ) ;
#989 = CARTESIAN_POINT ( 'NONE',  ( -1.017788105676658006, -0.5876202367904174162, 0.4791666666666659635 ) ) ;
#990 = CARTESIAN_POINT ( 'NONE',  ( 1.053519143052614737, -0.8351261121362139050, 10.27830854887704426 ) ) ;
#991 = CARTESIAN_POINT ( 'NONE',  ( -1.017788105676657784, 0.5876202367904177493, -6.666666666666667851 ) ) ;
#992 = CARTESIAN_POINT ( 'NONE',  ( -1.322475605676657784, 0.7635316469341318912, -2.869791666666667851 ) ) ;
#993 = CYLINDRICAL_SURFACE ( 'NONE', #5251, 1.499999999999999778 ) ;
#994 = CARTESIAN_POINT ( 'NONE',  ( -1.299038105676657784, -0.7499999999999995559, 6.729166666666666075 ) ) ;
#995 = FACE_OUTER_BOUND ( 'NONE', #7246, .T. ) ;
#996 = CARTESIAN_POINT ( 'NONE',  ( -1.836970198721029441E-16, -1.499999999999999778, -3.187500000000000888 ) ) ;
#997 = EDGE_CURVE ( 'NONE', #3203, #5515, #523, .T. ) ;
#998 = CARTESIAN_POINT ( 'NONE',  ( 1.017788105676658228, 0.5876202367904167501, 5.666666666666665186 ) ) ;
#999 = CARTESIAN_POINT ( 'NONE',  ( 0.8660254037844392627, 1.499999999999999334, -0.4791666666666676844 ) ) ;
#1000 = DIRECTION ( 'NONE',  ( -0.000000000000000000, 6.173100338913050050E-57, -1.000000000000000000 ) ) ;
#1001 = DIRECTION ( 'NONE',  ( -0.000000000000000000, 6.173100338913050050E-57, -1.000000000000000000 ) ) ;
#1002 =( BOUNDED_CURVE ( )  B_SPLINE_CURVE ( 2, ( #4465, #3940, #2184, #7153, #5609, #3276, #7185 ),
 .UNSPECIFIED., .F., .T. ) 
 B_SPLINE_CURVE_WITH_KNOTS ( ( 3, 2, 2, 3 ),
 ( 0.3243243243243243423, 0.3288288288288288563, 0.3333333333333333148, 0.3378378378378378288 ),
 .UNSPECIFIED. ) 
 CURVE ( )  GEOMETRIC_REPRESENTATION_ITEM ( )  RATIONAL_B_SPLINE_CURVE ( ( 1.000000000000000000, 0.8660254037844385966, 1.000000000000000000, 0.8660254037844385966, 1.000000000000000000, 0.8660254037844385966, 1.000000000000000000 ) ) 
 REPRESENTATION_ITEM ( '' )  );
#1003 = CARTESIAN_POINT ( 'NONE',  ( -1.322475605676657784, -0.7635316469341314471, 3.182291666666664742 ) ) ;
#1004 = ORIENTED_EDGE ( 'NONE', *, *, #5760, .F. ) ;
#1005 = CARTESIAN_POINT ( 'NONE',  ( 1.357050807568876749, -2.492861891654333810E-16, -1.312500000000001332 ) ) ;
#1006 = ORIENTED_EDGE ( 'NONE', *, *, #3846, .T. ) ;
#1007 = CARTESIAN_POINT ( 'NONE',  ( 1.357050807568876971, -2.492861891654333810E-16, -8.875000000000001776 ) ) ;
#1008 = CARTESIAN_POINT ( 'NONE',  ( -0.6785254037844383745, 1.175240473580835499, -3.208333333333334814 ) ) ;
#1009 = CARTESIAN_POINT ( 'NONE',  ( -0.6785254037844382635, 1.175240473580835276, -4.208333333333334814 ) ) ;
#1010 = CARTESIAN_POINT ( 'NONE',  ( 1.763300807568876971, -3.239131034884752106E-16, -9.078125000000001776 ) ) ;
#1011 = CARTESIAN_POINT ( 'NONE',  ( -0.8816504037844382635, 1.527063293868263338, -4.942708333333333925 ) ) ;
#1012 = VERTEX_POINT ( 'NONE', #23 ) ;
#1013 =( NAMED_UNIT ( * ) SI_UNIT ( $, .STERADIAN. ) SOLID_ANGLE_UNIT ( ) );
#1014 = CARTESIAN_POINT ( 'NONE',  ( -0.6785254037844388186, -1.175240473580835276, 7.020833333333332149 ) ) ;
#1015 = CARTESIAN_POINT ( 'NONE',  ( 1.017788105676657562, -0.5876202367904181934, -0.3541666666666675733 ) ) ;
#1016 = DIRECTION ( 'NONE',  ( -0.000000000000000000, 6.173100338913050050E-57, -1.000000000000000000 ) ) ;
#1017 = CARTESIAN_POINT ( 'NONE',  ( -1.836970198721029441E-16, -1.499999999999999778, -2.687500000000000444 ) ) ;
#1018 = CARTESIAN_POINT ( 'NONE',  ( 0.6785254037844392627, 1.175240473580835054, 1.708333333333332593 ) ) ;
#1019 = CARTESIAN_POINT ( 'NONE',  ( -0.8660254037844391517, -1.499999999999999334, -5.729166666666668739 ) ) ;
#1020 = CARTESIAN_POINT ( 'NONE',  ( 1.322475605676658450, 0.7635316469341306700, 5.963541666666665186 ) ) ;
#1021 = VECTOR ( 'NONE', #840, 1000.000000000000000 ) ;
#1022 = ORIENTED_EDGE ( 'NONE', *, *, #4494, .F. ) ;
#1023 = CARTESIAN_POINT ( 'NONE',  ( -1.357050807568876749, 8.309539638847778957E-17, -5.562500000000000888 ) ) ;
#1024 = CARTESIAN_POINT ( 'NONE',  ( -1.836970198721029441E-16, -1.499999999999999778, 3.812499999999998224 ) ) ;
#1025 = CARTESIAN_POINT ( 'NONE',  ( -0.8660254037844382635, 1.499999999999999556, 1.541666666666665186 ) ) ;
#1026 = CARTESIAN_POINT ( 'NONE',  ( 1.357050807568876971, -2.492861891654333810E-16, -0.8125000000000007772 ) ) ;
#1027 = CARTESIAN_POINT ( 'NONE',  ( -1.299038105676657784, -0.7499999999999995559, 1.229166666666664964 ) ) ;
#1028 = CARTESIAN_POINT ( 'NONE',  ( 1.357050807568876971, -2.492861891654333810E-16, -6.375000000000000888 ) ) ;
#1029 = CARTESIAN_POINT ( 'NONE',  ( 0.8816504037844380415, -1.527063293868264005, -3.161458333333334814 ) ) ;
#1030 = CARTESIAN_POINT ( 'NONE',  ( -1.299038105676657562, 0.7500000000000000000, 3.583333333333332593 ) ) ;
#1031 = FACE_OUTER_BOUND ( 'NONE', #7050, .T. ) ;
#1032 = LINE ( 'NONE', #3901, #6358 ) ;
#1033 = CARTESIAN_POINT ( 'NONE',  ( 1.357050807568876971, -2.492861891654333810E-16, -9.812500000000000000 ) ) ;
#1034 = CARTESIAN_POINT ( 'NONE',  ( -1.439254484199189379E-16, -1.175240473580835276, -2.000000000000001776 ) ) ;
#1035 = CARTESIAN_POINT ( 'NONE',  ( -0.6785254037844382635, 1.175240473580835276, 5.291666666666665186 ) ) ;
#1036 = CARTESIAN_POINT ( 'NONE',  ( 0.000000000000000000, 1.499999999999999556, -7.500000000000000888 ) ) ;
#1037 = CARTESIAN_POINT ( 'NONE',  ( -0.8660254037844505870, 1.499999999999978240, -9.895833333333332149 ) ) ;
#1038 = CARTESIAN_POINT ( 'NONE',  ( 0.000000000000000000, 1.499999999999999778, 3.562499999999997780 ) ) ;
#1039 = CARTESIAN_POINT ( 'NONE',  ( 1.763300807568876971, -3.239131034884752106E-16, 6.890624999999997335 ) ) ;
#1040 = ORIENTED_EDGE ( 'NONE', *, *, #1860, .F. ) ;
#1041 = CARTESIAN_POINT ( 'NONE',  ( 0.6785254037844391517, 1.175240473580835054, 2.270833333333331261 ) ) ;
#1042 = VERTEX_POINT ( 'NONE', #4124 ) ;
#1043 = EDGE_CURVE ( 'NONE', #1756, #1042, #1807, .T. ) ;
#1044 = CARTESIAN_POINT ( 'NONE',  ( 1.017788105676657562, -0.5876202367904181934, -9.916666666666667851 ) ) ;
#1045 = CARTESIAN_POINT ( 'NONE',  ( -0.6785254037844382635, 1.175240473580835276, -3.208333333333334814 ) ) ;
#1046 =( BOUNDED_CURVE ( )  B_SPLINE_CURVE ( 2, ( #7321, #6769, #3958, #3407, #5660, #2875, #2426 ),
 .UNSPECIFIED., .F., .F. ) 
 B_SPLINE_CURVE_WITH_KNOTS ( ( 3, 2, 2, 3 ),
 ( 0.6756756756756756577, 0.6801801801801801162, 0.6846846846846845747, 0.6891891891891891442 ),
 .UNSPECIFIED. ) 
 CURVE ( )  GEOMETRIC_REPRESENTATION_ITEM ( )  RATIONAL_B_SPLINE_CURVE ( ( 1.000000000000000000, 0.8660254037844387076, 1.000000000000000000, 0.8660254037844387076, 1.000000000000000000, 0.8660254037844420383, 0.9999999999999966693 ) ) 
 REPRESENTATION_ITEM ( '' )  );
#1047 = CARTESIAN_POINT ( 'NONE',  ( 0.8816504037844380415, -1.527063293868264005, -7.661458333333333925 ) ) ;
#1048 = ORIENTED_EDGE ( 'NONE', *, *, #267, .F. ) ;
#1049 = EDGE_CURVE ( 'NONE', #1042, #1790, #125, .T. ) ;
#1050 =( NAMED_UNIT ( * ) PLANE_ANGLE_UNIT ( ) SI_UNIT ( $, .RADIAN. ) );
#1051 = CARTESIAN_POINT ( 'NONE',  ( -1.017788105676657784, 0.5876202367904177493, 7.395833333333332149 ) ) ;
#1052 = CARTESIAN_POINT ( 'NONE',  ( -1.017788105676658006, -0.5876202367904174162, 4.479166666666666075 ) ) ;
#1053 = LINE ( 'NONE', #3331, #3690 ) ;
#1054 = CARTESIAN_POINT ( 'NONE',  ( 0.000000000000000000, 1.499999999999999556, -1.000000000000000888 ) ) ;
#1055 = CARTESIAN_POINT ( 'NONE',  ( -1.017788105676658006, -0.5876202367904174162, -0.5833333333333350357 ) ) ;
#1056 = CARTESIAN_POINT ( 'NONE',  ( -1.836970198721029441E-16, -1.499999999999999778, 2.812499999999999112 ) ) ;
#1057 = CARTESIAN_POINT ( 'NONE',  ( 1.322475605676658450, 0.7635316469341306700, 5.463541666666665186 ) ) ;
#1058 = ORIENTED_EDGE ( 'NONE', *, *, #7067, .F. ) ;
#1059 = CARTESIAN_POINT ( 'NONE',  ( 1.017788105676658228, 0.5876202367904167501, -5.770833333333334814 ) ) ;
#1060 = CARTESIAN_POINT ( 'NONE',  ( -1.836970198721029441E-16, -1.499999999999999556, 4.749999999999999112 ) ) ;
#1061 = CARTESIAN_POINT ( 'NONE',  ( -1.299038105676657562, 0.7500000000000000000, 1.583333333333332371 ) ) ;
#1062 = CARTESIAN_POINT ( 'NONE',  ( 0.6785254037844380415, -1.175240473580835721, -0.3958333333333348136 ) ) ;
#1063 = CARTESIAN_POINT ( 'NONE',  ( 0.9440027743284937767, -1.364939232377070599, -10.13832995735428000 ) ) ;
#1064 = ORIENTED_EDGE ( 'NONE', *, *, #7329, .F. ) ;
#1065 = CARTESIAN_POINT ( 'NONE',  ( 1.357050807568876971, -2.492861891654333810E-16, -7.375000000000001776 ) ) ;
#1066 = CARTESIAN_POINT ( 'NONE',  ( 0.8816504037844380415, -1.527063293868264005, -1.161458333333335480 ) ) ;
#1067 = DIRECTION ( 'NONE',  ( -0.000000000000000000, 6.173100338913050050E-57, -1.000000000000000000 ) ) ;
#1068 = CARTESIAN_POINT ( 'NONE',  ( -1.836970198721029441E-16, -1.499999999999999778, 7.312499999999998224 ) ) ;
#1069 = CARTESIAN_POINT ( 'NONE',  ( 1.250000000000000000, 0.7216878364870321638, 8.500000000000000000 ) ) ;
#1070 = CARTESIAN_POINT ( 'NONE',  ( 0.6785254037844380415, -1.175240473580835721, -8.395833333333335702 ) ) ;
#1071 = EDGE_CURVE ( 'NONE', #2571, #4154, #3337, .T. ) ;
#1072 = CARTESIAN_POINT ( 'NONE',  ( 0.6785254037844380415, -1.175240473580835499, 4.541666666666666963 ) ) ;
#1073 = DIRECTION ( 'NONE',  ( -0.000000000000000000, 6.173100338913050050E-57, -1.000000000000000000 ) ) ;
#1074 = CARTESIAN_POINT ( 'NONE',  ( 0.8660254037844502539, -1.499999999999978684, 3.291666666666666519 ) ) ;
#1075 = CARTESIAN_POINT ( 'NONE',  ( 0.000000000000000000, -2.600000000000000089, 7.500000000000000000 ) ) ;
#1076 = CARTESIAN_POINT ( 'NONE',  ( 0.000000000000000000, 1.527063293868263338, 5.015624999999999112 ) ) ;
#1077 = ORIENTED_EDGE ( 'NONE', *, *, #5272, .T. ) ;
#1078 = CARTESIAN_POINT ( 'NONE',  ( 0.6785254037844380415, -1.175240473580835499, 2.604166666666666519 ) ) ;
#1079 = VERTEX_POINT ( 'NONE', #1226 ) ;
#1080 = CARTESIAN_POINT ( 'NONE',  ( 0.6785254037844392627, 1.175240473580835054, -9.291666666666666075 ) ) ;
#1081 = CARTESIAN_POINT ( 'NONE',  ( -1.017788105676658006, -0.5876202367904174162, -2.083333333333334814 ) ) ;
#1082 = EDGE_CURVE ( 'NONE', #2470, #820, #2278, .T. ) ;
#1083 = CARTESIAN_POINT ( 'NONE',  ( 1.763300807568876971, -3.239131034884752106E-16, -8.078125000000001776 ) ) ;
#1084 = CARTESIAN_POINT ( 'NONE',  ( 1.763300807568876971, -3.239131034884752106E-16, -2.109375000000000000 ) ) ;
#1085 = ORIENTED_EDGE ( 'NONE', *, *, #1904, .F. ) ;
#1086 = CARTESIAN_POINT ( 'NONE',  ( -1.017788105676658006, -0.5876202367904174162, 7.416666666666666963 ) ) ;
#1087 = LINE ( 'NONE', #7275, #1210 ) ;
#1088 = VECTOR ( 'NONE', #2274, 1000.000000000000000 ) ;
#1089 = CARTESIAN_POINT ( 'NONE',  ( -1.439254484199189379E-16, -1.175240473580835276, 6.562499999999997335 ) ) ;
#1090 = CARTESIAN_POINT ( 'NONE',  ( 0.000000000000000000, 1.175240473580835276, 3.812499999999998224 ) ) ;
#1091 = VECTOR ( 'NONE', #5791, 1000.000000000000000 ) ;
#1092 = CARTESIAN_POINT ( 'NONE',  ( -1.836970198721029441E-16, -1.499999999999999778, 5.312499999999999112 ) ) ;
#1093 = ADVANCED_FACE ( 'NONE', ( #6929 ), #7008, .T. ) ;
#1094 = CARTESIAN_POINT ( 'NONE',  ( 0.8660254037844378194, -1.500000000000000000, -1.645833333333333925 ) ) ;
#1095 = CARTESIAN_POINT ( 'NONE',  ( 1.017788105676657562, -0.5876202367904181934, 3.583333333333332593 ) ) ;
#1096 = FACE_OUTER_BOUND ( 'NONE', #603, .T. ) ;
#1097 = CARTESIAN_POINT ( 'NONE',  ( 0.000000000000000000, 1.527063293868263338, 5.046874999999999112 ) ) ;
#1098 = AXIS2_PLACEMENT_3D ( 'NONE', #7216, #2778, #7295 ) ;
#1099 = ORIENTED_EDGE ( 'NONE', *, *, #1547, .T. ) ;
#1100 = CARTESIAN_POINT ( 'NONE',  ( 0.000000000000000000, 1.499999999999999778, -7.937500000000001776 ) ) ;
#1101 = CYLINDRICAL_SURFACE ( 'NONE', #3285, 1.499999999999999778 ) ;
#1102 = CARTESIAN_POINT ( 'NONE',  ( 1.017788105676657562, -0.5876202367904181934, -0.3541666666666675733 ) ) ;
#1103 = AXIS2_PLACEMENT_3D ( 'NONE', #962, #6488, #4841 ) ;
#1104 = CARTESIAN_POINT ( 'NONE',  ( -1.357050807568876971, 8.309539638847778957E-17, -3.562500000000001332 ) ) ;
#1105 = ORIENTED_EDGE ( 'NONE', *, *, #2977, .F. ) ;
#1106 = CARTESIAN_POINT ( 'NONE',  ( -0.6785254037844383745, 1.175240473580835499, -5.708333333333333925 ) ) ;
#1107 = CARTESIAN_POINT ( 'NONE',  ( -1.763300807568876971, 1.079710344961584035E-16, -1.828125000000001776 ) ) ;
#1108 = DIRECTION ( 'NONE',  ( -0.000000000000000000, 6.173100338913050050E-57, -1.000000000000000000 ) ) ;
#1109 = CARTESIAN_POINT ( 'NONE',  ( 0.000000000000000000, 1.499999999999999778, -6.937500000000000888 ) ) ;
#1110 = DIRECTION ( 'NONE',  ( -0.000000000000000000, 6.173100338913050050E-57, -1.000000000000000000 ) ) ;
#1111 = CARTESIAN_POINT ( 'NONE',  ( 0.6785254037844392627, 1.175240473580835054, -8.729166666666669627 ) ) ;
#1112 = CARTESIAN_POINT ( 'NONE',  ( -1.017788105676657784, 0.5876202367904177493, 5.833333333333331261 ) ) ;
#1113 = DIRECTION ( 'NONE',  ( 0.000000000000000000, 1.000000000000000000, 0.000000000000000000 ) ) ;
#1114 = EDGE_CURVE ( 'NONE', #28, #2673, #7343, .T. ) ;
#1115 = LINE ( 'NONE', #5681, #3004 ) ;
#1116 = CARTESIAN_POINT ( 'NONE',  ( -1.836970198721029441E-16, -1.499999999999999556, -6.750000000000000888 ) ) ;
#1117 = CARTESIAN_POINT ( 'NONE',  ( -0.8816504037844382635, 1.527063293868263338, 6.557291666666666075 ) ) ;
#1118 = VERTEX_POINT ( 'NONE', #4581 ) ;
#1119 = CARTESIAN_POINT ( 'NONE',  ( 1.017788105676658228, 0.5876202367904167501, 2.729166666666666075 ) ) ;
#1120 = ORIENTED_EDGE ( 'NONE', *, *, #2867, .T. ) ;
#1121 = CARTESIAN_POINT ( 'NONE',  ( 1.357050807568876971, -2.492861891654333810E-16, -7.875000000000000888 ) ) ;
#1122 = CARTESIAN_POINT ( 'NONE',  ( 1.357050807568876749, -2.492861891654333810E-16, -4.375000000000000888 ) ) ;
#1123 = CARTESIAN_POINT ( 'NONE',  ( -1.763300807568876971, 1.079710344961584035E-16, -6.828125000000000888 ) ) ;
#1124 = CARTESIAN_POINT ( 'NONE',  ( 1.763300807568876971, -3.239131034884752106E-16, -3.109375000000000888 ) ) ;
#1125 = ORIENTED_EDGE ( 'NONE', *, *, #7132, .F. ) ;
#1126 = CARTESIAN_POINT ( 'NONE',  ( -1.357050807568876971, 8.309539638847778957E-17, 0.3749999999999985567 ) ) ;
#1127 = CARTESIAN_POINT ( 'NONE',  ( 1.017788105676657562, -0.5876202367904181934, -10.41666666666666785 ) ) ;
#1128 = CARTESIAN_POINT ( 'NONE',  ( 1.017788105676658228, 0.5876202367904167501, 7.729166666666663410 ) ) ;
#1129 = LINE ( 'NONE', #3406, #3455 ) ;
#1130 = CARTESIAN_POINT ( 'NONE',  ( 1.732050807568877415, -3.181725716174720498E-16, -8.625000000000001776 ) ) ;
#1131 = CARTESIAN_POINT ( 'NONE',  ( -1.439254484199189379E-16, -1.175240473580835276, 2.499999999999998668 ) ) ;
#1132 = CARTESIAN_POINT ( 'NONE',  ( 0.8816504037844380415, -1.527063293868264005, -10.19270833333333570 ) ) ;
#1133 = ORIENTED_EDGE ( 'NONE', *, *, #2292, .T. ) ;
#1134 = CARTESIAN_POINT ( 'NONE',  ( 0.6785254037844380415, -1.175240473580835721, 4.041666666666665186 ) ) ;
#1135 = PLANE ( 'NONE',  #6077 ) ;
#1136 = DIRECTION ( 'NONE',  ( -0.000000000000000000, 6.173100338913050050E-57, -1.000000000000000000 ) ) ;
#1137 =( BOUNDED_CURVE ( )  B_SPLINE_CURVE ( 2, ( #6247, #6836, #2802, #1130, #1758, #4482, #1 ),
 .UNSPECIFIED., .F., .F. ) 
 B_SPLINE_CURVE_WITH_KNOTS ( ( 3, 2, 2, 3 ),
 ( 0.09459459459459458597, 0.09909909909909908610, 0.1036036036036036001, 0.1081081081081081141 ),
 .UNSPECIFIED. ) 
 CURVE ( )  GEOMETRIC_REPRESENTATION_ITEM ( )  RATIONAL_B_SPLINE_CURVE ( ( 1.000000000000000444, 0.8660254037844381525, 1.000000000000000000, 0.8660254037844385966, 1.000000000000000000, 0.8660254037844385966, 1.000000000000000000 ) ) 
 REPRESENTATION_ITEM ( '' )  );
#1138 = EDGE_CURVE ( 'NONE', #6286, #2789, #7352, .T. ) ;
#1139 = CARTESIAN_POINT ( 'NONE',  ( -0.6785254037844388186, -1.175240473580835276, 0.02083333333333277360 ) ) ;
#1140 = CARTESIAN_POINT ( 'NONE',  ( -1.439254484199189379E-16, -1.175240473580835276, -5.937500000000000888 ) ) ;
#1141 = UNCERTAINTY_MEASURE_WITH_UNIT (LENGTH_MEASURE( 1.000000000000000082E-05 ), #25, 'distance_accuracy_value', 'NONE');
#1142 = VERTEX_POINT ( 'NONE', #4541 ) ;
#1143 = CARTESIAN_POINT ( 'NONE',  ( 0.6785254037844380415, -1.175240473580835721, -3.958333333333334370 ) ) ;
#1144 = AXIS2_PLACEMENT_3D ( 'NONE', #1833, #6357, #5429 ) ;
#1145 = CARTESIAN_POINT ( 'NONE',  ( -1.763300807568876971, 1.079710344961584035E-16, 0.6718749999999988898 ) ) ;
#1146 = CARTESIAN_POINT ( 'NONE',  ( -1.299038105676657562, 0.7500000000000000000, -7.916666666666666963 ) ) ;
#1147 = CARTESIAN_POINT ( 'NONE',  ( -1.836970198721029441E-16, -1.499999999999999778, -1.687500000000001554 ) ) ;
#1148 = CARTESIAN_POINT ( 'NONE',  ( 1.732050807568877415, -3.181725716174720498E-16, -6.625000000000002665 ) ) ;
#1149 = CARTESIAN_POINT ( 'NONE',  ( -1.017788105676657784, 0.5876202367904177493, -9.604166666666667851 ) ) ;
#1150 = CARTESIAN_POINT ( 'NONE',  ( -1.017788105676657784, 0.5876202367904177493, 6.833333333333332149 ) ) ;
#1151 = CARTESIAN_POINT ( 'NONE',  ( -0.9287922934518865192, -1.126483472367748151, -10.21816343301571628 ) ) ;
#1152 = CARTESIAN_POINT ( 'NONE',  ( 1.299038105676657340, -0.7500000000000005551, 0.8958333333333318160 ) ) ;
#1153 = CARTESIAN_POINT ( 'NONE',  ( -3.274999874180863000E-12, -1.323117061316931631, -10.35212341226389832 ) ) ;
#1154 = CARTESIAN_POINT ( 'NONE',  ( -1.836970198721029441E-16, -1.499999999999999556, 4.249999999999998224 ) ) ;
#1155 = CARTESIAN_POINT ( 'NONE',  ( 1.322475605676657340, -0.7635316469341323353, 5.848958333333331261 ) ) ;
#1156 = CARTESIAN_POINT ( 'NONE',  ( 1.017788105676658228, 0.5876202367904167501, 3.229166666666664742 ) ) ;
#1157 = EDGE_LOOP ( 'NONE', ( #2197, #2349, #5807, #4712 ) ) ;
#1158 = CARTESIAN_POINT ( 'NONE',  ( -1.439254484199189379E-16, -1.175240473580835276, -8.500000000000000000 ) ) ;
#1159 = STYLED_ITEM ( 'NONE', ( #935 ), #6010 ) ;
#1160 = CARTESIAN_POINT ( 'NONE',  ( -1.357050807568876749, 8.309539638847778957E-17, -4.125000000000000888 ) ) ;
#1161 = CARTESIAN_POINT ( 'NONE',  ( -0.8816504037844389297, -1.527063293868263116, -6.744791666666667851 ) ) ;
#1162 = CARTESIAN_POINT ( 'NONE',  ( -1.322475605676657784, -0.7635316469341314471, -1.317708333333333925 ) ) ;
#1163 = CARTESIAN_POINT ( 'NONE',  ( -0.6785254037844388186, -1.175240473580835276, 0.4583333333333314275 ) ) ;
#1164 = LINE ( 'NONE', #5693, #2567 ) ;
#1165 = CARTESIAN_POINT ( 'NONE',  ( 0.8660254037844392627, 1.499999999999999334, -4.479166666666668739 ) ) ;
#1166 = CARTESIAN_POINT ( 'NONE',  ( 0.6785254037844380415, -1.175240473580835721, 2.041666666666665630 ) ) ;
#1167 = CARTESIAN_POINT ( 'NONE',  ( 0.8816504037844380415, -1.527063293868264005, -9.692708333333333925 ) ) ;
#1168 = ORIENTED_EDGE ( 'NONE', *, *, #191, .T. ) ;
#1169 = CARTESIAN_POINT ( 'NONE',  ( -0.6785254037844388186, -1.175240473580835276, 3.958333333333332593 ) ) ;
#1170 = CARTESIAN_POINT ( 'NONE',  ( 0.000000000000000000, 1.499999999999999556, -1.814344573018711326E-15 ) ) ;
#1171 = CARTESIAN_POINT ( 'NONE',  ( -0.8660254037844383745, 1.499999999999999778, -4.895833333333334814 ) ) ;
#1172 = CARTESIAN_POINT ( 'NONE',  ( -0.6785254037844388186, -1.175240473580835276, 2.020833333333332593 ) ) ;
#1173 = CARTESIAN_POINT ( 'NONE',  ( 0.000000000000000000, 1.175240473580835276, -4.187500000000000888 ) ) ;
#1174 = ORIENTED_EDGE ( 'NONE', *, *, #4685, .T. ) ;
#1175 = CARTESIAN_POINT ( 'NONE',  ( 0.000000000000000000, 1.175240473580835276, -5.750000000000000888 ) ) ;
#1176 = CARTESIAN_POINT ( 'NONE',  ( -0.8816504037844389297, -1.527063293868263116, 0.2552083333333312054 ) ) ;
#1177 = ADVANCED_FACE ( 'NONE', ( #587 ), #4046, .T. ) ;
#1178 = CARTESIAN_POINT ( 'NONE',  ( -1.439254484199189379E-16, -1.175240473580835276, -9.937500000000000000 ) ) ;
#1179 = LINE ( 'NONE', #4005, #2638 ) ;
#1180 = DIRECTION ( 'NONE',  ( -0.000000000000000000, 6.173100338913050050E-57, -1.000000000000000000 ) ) ;
#1181 = CARTESIAN_POINT ( 'NONE',  ( -0.6785254037844383745, 1.175240473580835499, -9.645833333333333925 ) ) ;
#1182 = CARTESIAN_POINT ( 'NONE',  ( -1.439254484199189379E-16, -1.175240473580835276, 6.999999999999997335 ) ) ;
#1183 = CARTESIAN_POINT ( 'NONE',  ( -1.364959169440962627, 0.2707876252540963313, 7.260513829414572129 ) ) ;
#1184 = FACE_OUTER_BOUND ( 'NONE', #6384, .T. ) ;
#1185 = CARTESIAN_POINT ( 'NONE',  ( -1.249999999999999778, -0.7216878364870326079, 8.500000000000000000 ) ) ;
#1186 = ADVANCED_FACE ( 'NONE', ( #1184 ), #5594, .T. ) ;
#1187 = CARTESIAN_POINT ( 'NONE',  ( 0.000000000000000000, 1.499999999999999556, -7.000000000000000888 ) ) ;
#1188 = CARTESIAN_POINT ( 'NONE',  ( -1.017788105676658006, -0.5876202367904174162, -9.020833333333333925 ) ) ;
#1189 = CARTESIAN_POINT ( 'NONE',  ( -0.6785254037844382635, 1.175240473580835276, 1.354166666666664742 ) ) ;
#1190 = VERTEX_POINT ( 'NONE', #2895 ) ;
#1191 = CARTESIAN_POINT ( 'NONE',  ( 1.017788105676658228, 0.5876202367904167501, -4.833333333333334814 ) ) ;
#1192 = CARTESIAN_POINT ( 'NONE',  ( -0.6785254037844382635, 1.175240473580835276, 0.7916666666666661856 ) ) ;
#1193 = VECTOR ( 'NONE', #5079, 1000.000000000000000 ) ;
#1194 = CARTESIAN_POINT ( 'NONE',  ( -1.322475605676657784, 0.7635316469341318912, -6.369791666666667851 ) ) ;
#1195 = CARTESIAN_POINT ( 'NONE',  ( -1.763300807568876971, 1.079710344961584035E-16, -2.359375000000000000 ) ) ;
#1196 = CARTESIAN_POINT ( 'NONE',  ( -1.439254484199189379E-16, -1.175240473580835276, -4.437500000000001776 ) ) ;
#1197 = ORIENTED_EDGE ( 'NONE', *, *, #2825, .F. ) ;
#1198 = CARTESIAN_POINT ( 'NONE',  ( -1.439254484199189379E-16, -1.175240473580835276, -10.50000000000000000 ) ) ;
#1199 =( BOUNDED_CURVE ( )  B_SPLINE_CURVE ( 2, ( #2041, #4320, #3649, #6565, #3201, #3089, #3760 ),
 .UNSPECIFIED., .F., .F. ) 
 B_SPLINE_CURVE_WITH_KNOTS ( ( 3, 2, 2, 3 ),
 ( 0.7432432432432432012, 0.7477477477477477708, 0.7522522522522521182, 0.7567567567567566877 ),
 .UNSPECIFIED. ) 
 CURVE ( )  GEOMETRIC_REPRESENTATION_ITEM ( )  RATIONAL_B_SPLINE_CURVE ( ( 1.000000000000000000, 0.8660254037844387076, 1.000000000000000000, 0.8660254037844387076, 1.000000000000000000, 0.8660254037844420383, 0.9999999999999966693 ) ) 
 REPRESENTATION_ITEM ( '' )  );
#1200 = DIRECTION ( 'NONE',  ( -0.000000000000000000, 6.173100338913050050E-57, -1.000000000000000000 ) ) ;
#1201 = CARTESIAN_POINT ( 'NONE',  ( 0.000000000000000000, 1.499999999999999778, -1.437500000000001332 ) ) ;
#1202 = CARTESIAN_POINT ( 'NONE',  ( 0.6785254037844380415, -1.175240473580835721, 4.041666666666665186 ) ) ;
#1203 = EDGE_CURVE ( 'NONE', #2789, #1118, #1246, .T. ) ;
#1204 = CARTESIAN_POINT ( 'NONE',  ( 1.322475605676658450, 0.7635316469341306700, -9.067708333333333925 ) ) ;
#1205 = ORIENTED_EDGE ( 'NONE', *, *, #5536, .F. ) ;
#1206 = CARTESIAN_POINT ( 'NONE',  ( -0.6785254037844383745, 1.175240473580835499, 4.291666666666665186 ) ) ;
#1207 = DIRECTION ( 'NONE',  ( -0.000000000000000000, 6.173100338913050050E-57, -1.000000000000000000 ) ) ;
#1208 = CARTESIAN_POINT ( 'NONE',  ( 0.000000000000000000, 1.296351071171740261E-55, -10.49999999999999822 ) ) ;
#1209 = CARTESIAN_POINT ( 'NONE',  ( 1.017788105676657562, -0.5876202367904181934, 1.645833333333332593 ) ) ;
#1210 = VECTOR ( 'NONE', #374, 1000.000000000000000 ) ;
#1211 = CARTESIAN_POINT ( 'NONE',  ( 0.6785254037844392627, 1.175240473580835054, -5.729166666666667851 ) ) ;
#1212 = VECTOR ( 'NONE', #4676, 1000.000000000000000 ) ;
#1213 = ORIENTED_EDGE ( 'NONE', *, *, #6803, .F. ) ;
#1214 = CARTESIAN_POINT ( 'NONE',  ( -1.357050807568876971, 8.309539638847778957E-17, -4.125000000000000888 ) ) ;
#1215 =( BOUNDED_CURVE ( )  B_SPLINE_CURVE ( 2, ( #1187, #4583, #2826, #2897, #5647, #6790, #1116 ),
 .UNSPECIFIED., .F., .F. ) 
 B_SPLINE_CURVE_WITH_KNOTS ( ( 3, 2, 2, 3 ),
 ( 0.1891891891891891719, 0.1936936936936936582, 0.1981981981981981999, 0.2027027027027027140 ),
 .UNSPECIFIED. ) 
 CURVE ( )  GEOMETRIC_REPRESENTATION_ITEM ( )  RATIONAL_B_SPLINE_CURVE ( ( 1.000000000000000888, 0.8660254037844377084, 1.000000000000000000, 0.8660254037844385966, 1.000000000000000000, 0.8660254037844385966, 1.000000000000000000 ) ) 
 REPRESENTATION_ITEM ( '' )  );
#1216 = CARTESIAN_POINT ( 'NONE',  ( 1.322475605676658450, 0.7635316469341306700, -0.03645833333333452220 ) ) ;
#1217 = DIRECTION ( 'NONE',  ( 0.000000000000000000, -6.173100338913050050E-57, 1.000000000000000000 ) ) ;
#1218 = CARTESIAN_POINT ( 'NONE',  ( -0.5135752358548865137, 1.146862872304120096, 10.19864201011963978 ) ) ;
#1219 = CARTESIAN_POINT ( 'NONE',  ( -1.299038105676657784, -0.7499999999999995559, 2.229166666666665630 ) ) ;
#1220 = AXIS2_PLACEMENT_3D ( 'NONE', #5780, #6817, #6884 ) ;
#1221 = CARTESIAN_POINT ( 'NONE',  ( 1.017788105676658228, 0.5876202367904167501, -6.770833333333334814 ) ) ;
#1222 = CARTESIAN_POINT ( 'NONE',  ( -1.439254484199189379E-16, -1.175240473580835276, -1.500000000000001332 ) ) ;
#1223 = CARTESIAN_POINT ( 'NONE',  ( -1.017788105676657784, 0.5876202367904177493, 6.333333333333331261 ) ) ;
#1224 = CARTESIAN_POINT ( 'NONE',  ( -0.1774736784807440793, 1.259884161640535183, 7.211369056086081919 ) ) ;
#1225 = AXIS2_PLACEMENT_3D ( 'NONE', #2531, #1525, #5351 ) ;
#1226 = CARTESIAN_POINT ( 'NONE',  ( 0.000000000000000000, 1.499999999999999778, 7.062499999999997335 ) ) ;
#1227 = CARTESIAN_POINT ( 'NONE',  ( 1.049523301869557779, 0.5288582131113481744, 7.162499999999997868 ) ) ;
#1228 = CARTESIAN_POINT ( 'NONE',  ( -0.8816504037844389297, -1.527063293868263116, 7.723958333333332149 ) ) ;
#1229 = CARTESIAN_POINT ( 'NONE',  ( -0.6785254037844382635, 1.175240473580835276, 5.854166666666665186 ) ) ;
#1230 = VERTEX_POINT ( 'NONE', #1958 ) ;
#1231 = CARTESIAN_POINT ( 'NONE',  ( 0.6785254037844380415, -1.175240473580835721, -6.958333333333333925 ) ) ;
#1232 = LINE ( 'NONE', #2975, #6302 ) ;
#1233 = EDGE_CURVE ( 'NONE', #2641, #3205, #4782, .T. ) ;
#1234 = CARTESIAN_POINT ( 'NONE',  ( -0.6785254037844388186, -1.175240473580835054, -1.041666666666668073 ) ) ;
#1235 = CARTESIAN_POINT ( 'NONE',  ( -1.439254484199189379E-16, -1.175240473580835276, 3.562499999999997780 ) ) ;
#1236 = CARTESIAN_POINT ( 'NONE',  ( -0.8816504037844382635, 1.527063293868263338, -4.911458333333334814 ) ) ;
#1237 = CARTESIAN_POINT ( 'NONE',  ( -1.322475605676657784, 0.7635316469341318912, 1.098958333333331927 ) ) ;
#1238 = CARTESIAN_POINT ( 'NONE',  ( -0.6785254037844388186, -1.175240473580835054, -4.479166666666667851 ) ) ;
#1239 = ORIENTED_EDGE ( 'NONE', *, *, #3411, .F. ) ;
#1240 = CARTESIAN_POINT ( 'NONE',  ( 1.017788105676658228, 0.5876202367904167501, -9.333333333333333925 ) ) ;
#1241 = CARTESIAN_POINT ( 'NONE',  ( 1.836970198721029688E-16, -1.499999999999999778, -10.49999999999999822 ) ) ;
#1242 = CARTESIAN_POINT ( 'NONE',  ( 1.732050807568877193, -3.181725716174720005E-16, 1.437499999999997780 ) ) ;
#1243 = CARTESIAN_POINT ( 'NONE',  ( 0.6785254037844392627, 1.175240473580835054, 2.708333333333331705 ) ) ;
#1244 = CARTESIAN_POINT ( 'NONE',  ( -1.763300807568876971, 1.079710344961584035E-16, -7.859375000000001776 ) ) ;
#1245 = ORIENTED_EDGE ( 'NONE', *, *, #3176, .F. ) ;
#1246 =( BOUNDED_CURVE ( )  B_SPLINE_CURVE ( 2, ( #5712, #5164, #5748, #657, #5198, #5416, #5861 ),
 .UNSPECIFIED., .F., .F. ) 
 B_SPLINE_CURVE_WITH_KNOTS ( ( 3, 2, 2, 3 ),
 ( 0.7027027027027027417, 0.7072072072072072002, 0.7117117117117116587, 0.7162162162162162282 ),
 .UNSPECIFIED. ) 
 CURVE ( )  GEOMETRIC_REPRESENTATION_ITEM ( )  RATIONAL_B_SPLINE_CURVE ( ( 1.000000000000000000, 0.8660254037844385966, 1.000000000000000000, 0.8660254037844385966, 1.000000000000000000, 0.8660254037844385966, 1.000000000000000000 ) ) 
 REPRESENTATION_ITEM ( '' )  );
#1247 = CARTESIAN_POINT ( 'NONE',  ( 0.6785254037844380415, -1.175240473580835721, 5.541666666666665186 ) ) ;
#1248 = CARTESIAN_POINT ( 'NONE',  ( 0.000000000000000000, 1.499999999999999778, 6.062499999999996447 ) ) ;
#1249 = CARTESIAN_POINT ( 'NONE',  ( -1.836970198721029441E-16, -1.499999999999999556, -6.250000000000000888 ) ) ;
#1250 = CARTESIAN_POINT ( 'NONE',  ( 0.000000000000000000, 1.175240473580835276, 2.812499999999999112 ) ) ;
#1251 = CARTESIAN_POINT ( 'NONE',  ( 1.357050807568876971, -2.492861891654333810E-16, -3.812500000000000444 ) ) ;
#1252 = CARTESIAN_POINT ( 'NONE',  ( 0.000000000000000000, 1.499999999999999778, -10.49999999999999822 ) ) ;
#1253 = CARTESIAN_POINT ( 'NONE',  ( 0.000000000000000000, 1.175240473580835276, -3.750000000000000888 ) ) ;
#1254 = CARTESIAN_POINT ( 'NONE',  ( -1.763300807568876971, 1.079710344961584035E-16, -0.8281250000000006661 ) ) ;
#1255 = ORIENTED_EDGE ( 'NONE', *, *, #3530, .F. ) ;
#1256 = DIRECTION ( 'NONE',  ( 0.000000000000000000, -1.000000000000000000, 0.000000000000000000 ) ) ;
#1257 = CARTESIAN_POINT ( 'NONE',  ( 1.299038105676657118, -0.7500000000000004441, -7.666666666666666963 ) ) ;
#1258 = CARTESIAN_POINT ( 'NONE',  ( 0.6785254037844380415, -1.175240473580835721, -5.895833333333334814 ) ) ;
#1259 =( BOUNDED_CURVE ( )  B_SPLINE_CURVE ( 2, ( #200, #909, #5446, #347, #5892, #6697, #6660 ),
 .UNSPECIFIED., .F., .F. ) 
 B_SPLINE_CURVE_WITH_KNOTS ( ( 3, 2, 2, 3 ),
 ( 0.4459459459459459429, 0.4504504504504504014, 0.4549549549549549154, 0.4594594594594593739 ),
 .UNSPECIFIED. ) 
 CURVE ( )  GEOMETRIC_REPRESENTATION_ITEM ( )  RATIONAL_B_SPLINE_CURVE ( ( 1.000000000000000000, 0.8660254037844385966, 1.000000000000000000, 0.8660254037844385966, 1.000000000000000000, 0.8660254037844419273, 0.9999999999999966693 ) ) 
 REPRESENTATION_ITEM ( '' )  );
#1260 = CARTESIAN_POINT ( 'NONE',  ( 0.000000000000000000, 1.499999999999999778, 3.062499999999999112 ) ) ;
#1261 = CARTESIAN_POINT ( 'NONE',  ( -1.732050807568877193, 1.060575238724906792E-16, 5.187499999999999112 ) ) ;
#1262 = CARTESIAN_POINT ( 'NONE',  ( 0.6785254037844392627, 1.175240473580835054, -9.729166666666667851 ) ) ;
#1263 = CARTESIAN_POINT ( 'NONE',  ( -1.017788105676658006, -0.5876202367904174162, 3.979166666666665630 ) ) ;
#1264 = ORIENTED_EDGE ( 'NONE', *, *, #3510, .T. ) ;
#1265 = AXIS2_PLACEMENT_3D ( 'NONE', #5093, #3936, #6190 ) ;
#1266 = CARTESIAN_POINT ( 'NONE',  ( -0.6785254037844388186, -1.175240473580835276, -5.541666666666667851 ) ) ;
#1267 = CARTESIAN_POINT ( 'NONE',  ( -1.299038105676657784, 0.7500000000000001110, -7.354166666666667851 ) ) ;
#1268 = CARTESIAN_POINT ( 'NONE',  ( -1.017788105676658006, -0.5876202367904174162, -1.583333333333334147 ) ) ;
#1269 = CARTESIAN_POINT ( 'NONE',  ( -0.6785254037844388186, -1.175240473580835276, 3.520833333333332593 ) ) ;
#1270 = CARTESIAN_POINT ( 'NONE',  ( -1.870113174931182636E-16, -1.527063293868263338, -6.203125000000000888 ) ) ;
#1271 = CARTESIAN_POINT ( 'NONE',  ( -0.8816504037844382635, 1.527063293868263338, 0.5572916666666660745 ) ) ;
#1272 = EDGE_CURVE ( 'NONE', #6353, #7096, #6414, .T. ) ;
#1273 = CARTESIAN_POINT ( 'NONE',  ( -1.017788105676657784, 0.5876202367904177493, -3.104166666666667407 ) ) ;
#1274 = ORIENTED_EDGE ( 'NONE', *, *, #4410, .T. ) ;
#1275 = CARTESIAN_POINT ( 'NONE',  ( -0.6785254037844382635, 1.175240473580835276, -8.708333333333335702 ) ) ;
#1276 = CARTESIAN_POINT ( 'NONE',  ( 1.732050807568877193, -3.181725716174720005E-16, -9.562500000000001776 ) ) ;
#1277 = CARTESIAN_POINT ( 'NONE',  ( 0.2433378840053756764, -1.480130627413603239, -10.17524047358083372 ) ) ;
#1278 = CARTESIAN_POINT ( 'NONE',  ( -1.017788105676657784, 0.5876202367904177493, 6.333333333333331261 ) ) ;
#1279 = CARTESIAN_POINT ( 'NONE',  ( -1.763300807568876971, 1.079710344961584035E-16, -7.359375000000000888 ) ) ;
#1280 = ORIENTED_EDGE ( 'NONE', *, *, #68, .T. ) ;
#1281 = CARTESIAN_POINT ( 'NONE',  ( 0.6785254037844380415, -1.175240473580835721, 5.041666666666664298 ) ) ;
#1282 = CARTESIAN_POINT ( 'NONE',  ( 0.000000000000000000, 1.499999999999999556, 3.499999999999999556 ) ) ;
#1283 = CYLINDRICAL_SURFACE ( 'NONE', #5662, 1.499999999999999778 ) ;
#1284 = CARTESIAN_POINT ( 'NONE',  ( -1.017788105676657784, 0.5876202367904177493, -3.666666666666667851 ) ) ;
#1285 = CARTESIAN_POINT ( 'NONE',  ( 0.6785254037844392627, 1.175240473580835054, 2.770833333333331261 ) ) ;
#1286 = CARTESIAN_POINT ( 'NONE',  ( -0.6785254037844388186, -1.175240473580835276, -1.979166666666667185 ) ) ;
#1287 = VERTEX_POINT ( 'NONE', #2592 ) ;
#1288 = CARTESIAN_POINT ( 'NONE',  ( 0.6785254037844392627, 1.175240473580835054, -1.791666666666666963 ) ) ;
#1289 = CARTESIAN_POINT ( 'NONE',  ( -0.8816504037844389297, -1.527063293868263116, -0.2447916666666674623 ) ) ;
#1290 = ORIENTED_EDGE ( 'NONE', *, *, #2614, .F. ) ;
#1291 = CARTESIAN_POINT ( 'NONE',  ( 0.8660254037844442587, -1.499999999999989786, -2.708333333333334370 ) ) ;
#1292 = CARTESIAN_POINT ( 'NONE',  ( -0.8660254037844383745, 1.499999999999999778, -2.895833333333335258 ) ) ;
#1293 = CARTESIAN_POINT ( 'NONE',  ( -1.836970198721029441E-16, -1.499999999999999778, 4.312499999999998224 ) ) ;
#1294 = CARTESIAN_POINT ( 'NONE',  ( 1.017788105676657562, -0.5876202367904181934, -5.854166666666666963 ) ) ;
#1295 = CARTESIAN_POINT ( 'NONE',  ( 0.000000000000000000, 1.499999999999999778, -10.49999999999999822 ) ) ;
#1296 = CARTESIAN_POINT ( 'NONE',  ( 0.8660254037844380415, -1.500000000000000444, -0.2083333333333348136 ) ) ;
#1297 = CARTESIAN_POINT ( 'NONE',  ( -1.299038105676657784, -0.7499999999999995559, 5.229166666666665186 ) ) ;
#1298 = CARTESIAN_POINT ( 'NONE',  ( 1.017788105676658228, 0.5876202367904167501, -9.770833333333333925 ) ) ;
#1299 = CARTESIAN_POINT ( 'NONE',  ( 0.000000000000000000, 1.175240473580835276, 5.812500000000000000 ) ) ;
#1300 = ORIENTED_EDGE ( 'NONE', *, *, #7215, .T. ) ;
#1301 = CARTESIAN_POINT ( 'NONE',  ( -1.017788105676658006, -0.5876202367904174162, -5.083333333333334814 ) ) ;
#1302 = CARTESIAN_POINT ( 'NONE',  ( 1.836970198721029688E-16, -1.499999999999999778, -10.49999999999999822 ) ) ;
#1303 = EDGE_CURVE ( 'NONE', #6676, #6839, #4042, .T. ) ;
#1304 = CARTESIAN_POINT ( 'NONE',  ( 0.6785254037844380415, -1.175240473580835499, 0.5416666666666659635 ) ) ;
#1305 = CARTESIAN_POINT ( 'NONE',  ( 0.000000000000000000, 1.175240473580835276, 2.312499999999998668 ) ) ;
#1306 = CARTESIAN_POINT ( 'NONE',  ( -0.8816504037844389297, -1.527063293868263116, -4.744791666666668739 ) ) ;
#1307 = CARTESIAN_POINT ( 'NONE',  ( 0.8816504037844392627, 1.527063293868263116, 1.473958333333332149 ) ) ;
#1308 = CARTESIAN_POINT ( 'NONE',  ( 0.6785254037844380415, -1.175240473580835499, -2.395833333333334814 ) ) ;
#1309 = ORIENTED_EDGE ( 'NONE', *, *, #68, .F. ) ;
#1310 = CARTESIAN_POINT ( 'NONE',  ( 1.017788105676658228, 0.5876202367904167501, -8.333333333333335702 ) ) ;
#1311 = CARTESIAN_POINT ( 'NONE',  ( 1.299038105676658672, 0.7499999999999987788, -9.520833333333333925 ) ) ;
#1312 = EDGE_CURVE ( 'NONE', #2973, #2060, #4161, .T. ) ;
#1313 = CARTESIAN_POINT ( 'NONE',  ( 0.000000000000000000, -6.481755355858701307E-56, 10.49999999999999822 ) ) ;
#1314 = CARTESIAN_POINT ( 'NONE',  ( 1.017788105676657562, -0.5876202367904181934, 5.083333333333330373 ) ) ;
#1315 = CARTESIAN_POINT ( 'NONE',  ( 0.8816504037844392627, 1.527063293868263116, -8.026041666666666075 ) ) ;
#1316 = VERTEX_POINT ( 'NONE', #5343 ) ;
#1317 = CARTESIAN_POINT ( 'NONE',  ( 0.6785254037844380415, -1.175240473580835721, 7.041666666666666963 ) ) ;
#1318 = CARTESIAN_POINT ( 'NONE',  ( 0.000000000000000000, 1.296351071171740261E-55, -10.49999999999999822 ) ) ;
#1319 = CARTESIAN_POINT ( 'NONE',  ( 1.299038105676657118, -0.7500000000000004441, -7.166666666666667851 ) ) ;
#1320 = CARTESIAN_POINT ( 'NONE',  ( -1.017788105676657784, 0.5876202367904177493, 2.895833333333331705 ) ) ;
#1321 = EDGE_CURVE ( 'NONE', #4114, #1230, #277, .T. ) ;
#1322 = CARTESIAN_POINT ( 'NONE',  ( 0.000000000000000000, 1.175240473580835276, -1.687500000000001554 ) ) ;
#1323 = EDGE_LOOP ( 'NONE', ( #3984, #1280, #5142, #3344 ) ) ;
#1324 = CARTESIAN_POINT ( 'NONE',  ( 0.000000000000000000, 1.175240473580835276, -1.750000000000001554 ) ) ;
#1325 = CARTESIAN_POINT ( 'NONE',  ( -1.763300807568876971, 1.079710344961584035E-16, 3.671874999999997780 ) ) ;
#1326 = ORIENTED_EDGE ( 'NONE', *, *, #6893, .T. ) ;
#1327 = CARTESIAN_POINT ( 'NONE',  ( 1.299038105676657118, -0.7500000000000004441, -2.666666666666667851 ) ) ;
#1328 = CARTESIAN_POINT ( 'NONE',  ( 1.250000000000000000, -0.2534697143641937434, 10.19837115155287854 ) ) ;
#1329 = CARTESIAN_POINT ( 'NONE',  ( -1.732050807568877193, 1.060575238724906792E-16, 2.187499999999998668 ) ) ;
#1330 = CARTESIAN_POINT ( 'NONE',  ( 0.6785254037844380415, -1.175240473580835721, -5.395833333333333925 ) ) ;
#1331 = VECTOR ( 'NONE', #5851, 1000.000000000000000 ) ;
#1332 = CARTESIAN_POINT ( 'NONE',  ( -1.017788105676658006, -0.5876202367904174162, -9.583333333333333925 ) ) ;
#1333 = DIRECTION ( 'NONE',  ( -0.000000000000000000, 6.173100338913050050E-57, -1.000000000000000000 ) ) ;
#1334 = CARTESIAN_POINT ( 'NONE',  ( 0.6785254037844392627, 1.175240473580835054, -10.22916666666666785 ) ) ;
#1335 = CONICAL_SURFACE ( 'NONE', #6784, 2.600000000000000089, 0.7853981633974453924 ) ;
#1336 = CARTESIAN_POINT ( 'NONE',  ( -1.439254484199189379E-16, -1.175240473580835276, 4.062499999999998224 ) ) ;
#1337 = ORIENTED_EDGE ( 'NONE', *, *, #997, .T. ) ;
#1338 = CARTESIAN_POINT ( 'NONE',  ( -1.017788105676658006, -0.5876202367904174162, -6.583333333333333925 ) ) ;
#1339 = CARTESIAN_POINT ( 'NONE',  ( 0.000000000000000000, 1.649999999999999467, 7.500000000000000000 ) ) ;
#1340 = EDGE_CURVE ( 'NONE', #4756, #686, #4093, .T. ) ;
#1341 = VECTOR ( 'NONE', #589, 1000.000000000000000 ) ;
#1342 = CARTESIAN_POINT ( 'NONE',  ( -1.017788105676658006, -0.5876202367904174162, -1.083333333333333703 ) ) ;
#1343 = CARTESIAN_POINT ( 'NONE',  ( -0.6785254037844383745, 1.175240473580835499, 6.854166666666666963 ) ) ;
#1344 = CARTESIAN_POINT ( 'NONE',  ( 0.8816504037844380415, -1.527063293868264005, -3.661458333333334370 ) ) ;
#1345 = CARTESIAN_POINT ( 'NONE',  ( -0.8816504037844382635, 1.527063293868263338, 2.057291666666665630 ) ) ;
#1346 = CARTESIAN_POINT ( 'NONE',  ( -1.017788105676657784, 0.5876202367904177493, -2.604166666666667851 ) ) ;
#1347 = ORIENTED_EDGE ( 'NONE', *, *, #997, .F. ) ;
#1348 = CARTESIAN_POINT ( 'NONE',  ( 0.6785254037844392627, 1.175240473580835054, 0.7083333333333315940 ) ) ;
#1349 = CARTESIAN_POINT ( 'NONE',  ( -0.6785254037844388186, -1.175240473580835054, -8.041666666666667851 ) ) ;
#1350 = CARTESIAN_POINT ( 'NONE',  ( 1.357050807568876971, -2.492861891654333810E-16, 5.124999999999999112 ) ) ;
#1351 = CARTESIAN_POINT ( 'NONE',  ( 1.322475605676658450, 0.7635316469341306700, -8.067708333333332149 ) ) ;
#1352 = EDGE_LOOP ( 'NONE', ( #1125, #1264, #6526, #6335 ) ) ;
#1353 = CARTESIAN_POINT ( 'NONE',  ( 1.017788105676658228, 0.5876202367904167501, -0.8333333333333352577 ) ) ;
#1354 = CARTESIAN_POINT ( 'NONE',  ( -0.6785254037844388186, -1.175240473580835276, 5.958333333333331261 ) ) ;
#1355 = CARTESIAN_POINT ( 'NONE',  ( 0.8660254037844378194, -1.500000000000000000, -6.145833333333336590 ) ) ;
#1356 = CARTESIAN_POINT ( 'NONE',  ( 0.000000000000000000, 1.499999999999999778, -1.937500000000001776 ) ) ;
#1357 = CARTESIAN_POINT ( 'NONE',  ( -0.6785254037844388186, -1.175240473580835276, 4.020833333333333037 ) ) ;
#1358 = CARTESIAN_POINT ( 'NONE',  ( 1.017788105676658228, 0.5876202367904167501, -2.770833333333335258 ) ) ;
#1359 = DIRECTION ( 'NONE',  ( 0.000000000000000000, -1.000000000000000000, -1.281975124255723263E-16 ) ) ;
#1360 = ORIENTED_EDGE ( 'NONE', *, *, #6757, .T. ) ;
#1361 = CARTESIAN_POINT ( 'NONE',  ( 1.017788105676658228, 0.5876202367904167501, -1.333333333333333925 ) ) ;
#1362 = CARTESIAN_POINT ( 'NONE',  ( -0.8816504037844389297, -1.527063293868263116, 1.755208333333332593 ) ) ;
#1363 = ORIENTED_EDGE ( 'NONE', *, *, #1913, .T. ) ;
#1364 = CARTESIAN_POINT ( 'NONE',  ( -1.017788105676658006, -0.5876202367904174162, -7.020833333333333925 ) ) ;
#1365 = EDGE_CURVE ( 'NONE', #2812, #3203, #3857, .T. ) ;
#1366 = CARTESIAN_POINT ( 'NONE',  ( -0.1975317408473100667, 1.329330669222374750, 10.28741758375678650 ) ) ;
#1367 = CARTESIAN_POINT ( 'NONE',  ( 3.367778697655221012E-16, -2.750000000000000000, -10.49999999999999822 ) ) ;
#1368 = CARTESIAN_POINT ( 'NONE',  ( -1.439254484199189379E-16, -1.175240473580835276, -5.437500000000001776 ) ) ;
#1369 = CARTESIAN_POINT ( 'NONE',  ( -0.8742844498189319413, 1.069159284781263430, -10.30646652559792820 ) ) ;
#1370 = CARTESIAN_POINT ( 'NONE',  ( -0.6785254037844383745, 1.175240473580835499, -7.145833333333333925 ) ) ;
#1371 = CARTESIAN_POINT ( 'NONE',  ( 1.017788105676658228, 0.5876202367904167501, 4.229166666666666075 ) ) ;
#1372 = CARTESIAN_POINT ( 'NONE',  ( 1.357050807568876971, -2.492861891654333810E-16, 1.124999999999999334 ) ) ;
#1373 = CARTESIAN_POINT ( 'NONE',  ( 0.000000000000000000, 1.499999999999999778, 6.062499999999996447 ) ) ;
#1374 = CARTESIAN_POINT ( 'NONE',  ( 1.430908802125421930, -0.4499999999999886313, 7.350000000000001421 ) ) ;
#1375 = CARTESIAN_POINT ( 'NONE',  ( 0.6785254037844380415, -1.175240473580835499, 1.041666666666664742 ) ) ;
#1376 = CARTESIAN_POINT ( 'NONE',  ( -1.017788105676657784, 0.5876202367904177493, 6.395833333333331261 ) ) ;
#1377 = CARTESIAN_POINT ( 'NONE',  ( 0.000000000000000000, 1.499999999999999556, 6.499999999999997335 ) ) ;
#1378 = CARTESIAN_POINT ( 'NONE',  ( -0.8816504037844389297, -1.527063293868263116, -6.244791666666667851 ) ) ;
#1379 = VECTOR ( 'NONE', #1709, 1000.000000000000000 ) ;
#1380 = CARTESIAN_POINT ( 'NONE',  ( -1.763300807568876971, 1.079710344961584035E-16, 1.640624999999999778 ) ) ;
#1381 = CARTESIAN_POINT ( 'NONE',  ( 1.357050807568876749, -2.492861891654333810E-16, -2.812500000000000888 ) ) ;
#1382 = EDGE_LOOP ( 'NONE', ( #3448, #4487, #4052, #335 ) ) ;
#1383 = CARTESIAN_POINT ( 'NONE',  ( -1.017788105676657784, 0.5876202367904177493, -7.666666666666666963 ) ) ;
#1384 = CARTESIAN_POINT ( 'NONE',  ( -0.8660254037844451469, -1.499999999999988676, -1.791666666666668295 ) ) ;
#1385 = CARTESIAN_POINT ( 'NONE',  ( 1.017788105676658228, 0.5876202367904167501, 4.666666666666664298 ) ) ;
#1386 = CARTESIAN_POINT ( 'NONE',  ( -1.322475605676657784, 0.7635316469341318912, -7.401041666666666963 ) ) ;
#1387 = ORIENTED_EDGE ( 'NONE', *, *, #2179, .F. ) ;
#1388 = CARTESIAN_POINT ( 'NONE',  ( -1.017788105676658006, -0.5876202367904174162, 5.916666666666665186 ) ) ;
#1389 = CARTESIAN_POINT ( 'NONE',  ( 0.000000000000000000, 1.499999999999999556, 4.999999999999999112 ) ) ;
#1390 = CARTESIAN_POINT ( 'NONE',  ( -1.439254484199189379E-16, -1.175240473580835276, 4.062499999999998224 ) ) ;
#1391 = CARTESIAN_POINT ( 'NONE',  ( 1.017788105676658228, 0.5876202367904167501, -1.770833333333334370 ) ) ;
#1392 = DIRECTION ( 'NONE',  ( -0.000000000000000000, 6.173100338913050050E-57, -1.000000000000000000 ) ) ;
#1393 = VERTEX_POINT ( 'NONE', #4868 ) ;
#1394 = CARTESIAN_POINT ( 'NONE',  ( -1.017788105676658006, -0.5876202367904174162, -1.083333333333333703 ) ) ;
#1395 = CARTESIAN_POINT ( 'NONE',  ( 1.322475605676657340, -0.7635316469341323353, 2.380208333333331261 ) ) ;
#1396 = ORIENTED_EDGE ( 'NONE', *, *, #6322, .F. ) ;
#1397 = CARTESIAN_POINT ( 'NONE',  ( -1.017788105676658006, -0.5876202367904174162, -7.520833333333333925 ) ) ;
#1398 = CARTESIAN_POINT ( 'NONE',  ( 0.8660254037844515862, 1.499999999999978018, -5.479166666666668739 ) ) ;
#1399 = CARTESIAN_POINT ( 'NONE',  ( -1.732050807568877193, 1.060575238724906792E-16, -8.312500000000001776 ) ) ;
#1400 = CARTESIAN_POINT ( 'NONE',  ( 1.017788105676657562, -0.5876202367904181934, -3.854166666666667851 ) ) ;
#1401 = EDGE_CURVE ( 'NONE', #1451, #505, #5555, .T. ) ;
#1402 = CARTESIAN_POINT ( 'NONE',  ( -1.412646249963164458, -0.2489328073545660214, -10.25297875105716550 ) ) ;
#1403 = CARTESIAN_POINT ( 'NONE',  ( 0.000000000000000000, 1.499999999999999778, 2.062499999999998224 ) ) ;
#1404 = CARTESIAN_POINT ( 'NONE',  ( -1.017788105676657784, 0.5876202367904177493, -7.604166666666666963 ) ) ;
#1405 = CARTESIAN_POINT ( 'NONE',  ( -1.836970198721029441E-16, -1.499999999999999556, -1.750000000000001554 ) ) ;
#1406 = CARTESIAN_POINT ( 'NONE',  ( 0.000000000000000000, 1.499999999999999556, -8.500000000000000000 ) ) ;
#1407 = CARTESIAN_POINT ( 'NONE',  ( -1.732050807568877193, 1.060575238724906792E-16, -3.312500000000001332 ) ) ;
#1408 = EDGE_CURVE ( 'NONE', #646, #2907, #6079, .T. ) ;
#1409 = CARTESIAN_POINT ( 'NONE',  ( 1.017788105676658228, 0.5876202367904167501, 6.729166666666666075 ) ) ;
#1410 = CARTESIAN_POINT ( 'NONE',  ( -0.8660254037844445918, 1.499999999999988898, 0.6041666666666667407 ) ) ;
#1411 = CARTESIAN_POINT ( 'NONE',  ( 0.8816504037844380415, -1.527063293868264005, -2.661458333333335258 ) ) ;
#1412 = CARTESIAN_POINT ( 'NONE',  ( 1.763300807568876971, -3.239131034884752106E-16, 4.390624999999998224 ) ) ;
#1413 = EDGE_LOOP ( 'NONE', ( #185, #5533, #1469, #5088 ) ) ;
#1414 = CARTESIAN_POINT ( 'NONE',  ( 1.017788105676658228, 0.5876202367904167501, -0.7708333333333351467 ) ) ;
#1415 = ORIENTED_EDGE ( 'NONE', *, *, #3304, .F. ) ;
#1416 = CARTESIAN_POINT ( 'NONE',  ( 0.6785254037844391517, 1.175240473580835054, -6.291666666666667851 ) ) ;
#1417 = PLANE ( 'NONE',  #4116 ) ;
#1418 = CARTESIAN_POINT ( 'NONE',  ( 1.299038105676657340, -0.7500000000000005551, -1.104166666666668295 ) ) ;
#1419 = CARTESIAN_POINT ( 'NONE',  ( -1.439254484199189379E-16, -1.175240473580835276, 4.499999999999999112 ) ) ;
#1420 = CARTESIAN_POINT ( 'NONE',  ( -1.763300807568876971, 1.079710344961584035E-16, -3.859375000000000888 ) ) ;
#1421 = ORIENTED_EDGE ( 'NONE', *, *, #3456, .F. ) ;
#1422 = CARTESIAN_POINT ( 'NONE',  ( -1.732050807568877415, 1.060575238724906915E-16, -0.3750000000000004996 ) ) ;
#1423 = CARTESIAN_POINT ( 'NONE',  ( 0.6785254037844392627, 1.175240473580835054, 3.770833333333333037 ) ) ;
#1424 = ADVANCED_FACE ( 'NONE', ( #6513 ), #1437, .T. ) ;
#1425 = CARTESIAN_POINT ( 'NONE',  ( 1.357050807568876971, -2.492861891654333810E-16, -1.812500000000001554 ) ) ;
#1426 = CARTESIAN_POINT ( 'NONE',  ( -1.836970198721029441E-16, -1.499999999999999778, 0.3124999999999985567 ) ) ;
#1427 = LINE ( 'NONE', #7202, #4424 ) ;
#1428 = CARTESIAN_POINT ( 'NONE',  ( -1.439254484199189379E-16, -1.175240473580835276, -3.000000000000000888 ) ) ;
#1429 = CARTESIAN_POINT ( 'NONE',  ( -1.322475605676657784, -0.7635316469341314471, 4.213541666666666075 ) ) ;
#1430 = EDGE_LOOP ( 'NONE', ( #130, #5321, #216 ) ) ;
#1431 = CARTESIAN_POINT ( 'NONE',  ( -1.357050807568876749, 8.309539638847778957E-17, -9.062500000000001776 ) ) ;
#1432 = CARTESIAN_POINT ( 'NONE',  ( -3.274999874180863000E-12, -1.323117061316931631, -10.35212341226389832 ) ) ;
#1433 = DIRECTION ( 'NONE',  ( -0.000000000000000000, 6.173100338913050050E-57, -1.000000000000000000 ) ) ;
#1434 = CARTESIAN_POINT ( 'NONE',  ( 1.017788105676657562, -0.5876202367904181934, -3.354166666666667407 ) ) ;
#1435 =( BOUNDED_CURVE ( )  B_SPLINE_CURVE ( 2, ( #3829, #4500, #5640, #6745, #1667, #549, #2819 ),
 .UNSPECIFIED., .F., .T. ) 
 B_SPLINE_CURVE_WITH_KNOTS ( ( 3, 2, 2, 3 ),
 ( 0.1486486486486486014, 0.1531531531531530599, 0.1576576576576576572, 0.1621621621621621157 ),
 .UNSPECIFIED. ) 
 CURVE ( )  GEOMETRIC_REPRESENTATION_ITEM ( )  RATIONAL_B_SPLINE_CURVE ( ( 1.000000000000002442, 0.8660254037844361541, 1.000000000000000000, 0.8660254037844387076, 1.000000000000000000, 0.8660254037844403729, 0.9999999999999983347 ) ) 
 REPRESENTATION_ITEM ( '' )  );
#1436 = CARTESIAN_POINT ( 'NONE',  ( -1.439254484199189379E-16, -1.175240473580835276, -9.000000000000001776 ) ) ;
#1437 = CYLINDRICAL_SURFACE ( 'NONE', #256, 1.499999999999999778 ) ;
#1438 = CARTESIAN_POINT ( 'NONE',  ( -0.6785254037844388186, -1.175240473580835276, -6.979166666666667851 ) ) ;
#1439 = CARTESIAN_POINT ( 'NONE',  ( 1.299038105676658672, 0.7499999999999987788, 4.979166666666664298 ) ) ;
#1440 = CARTESIAN_POINT ( 'NONE',  ( 1.017788105676658228, 0.5876202367904167501, 1.166666666666664742 ) ) ;
#1441 = CARTESIAN_POINT ( 'NONE',  ( -0.8660254037844492547, 1.499999999999980682, 5.604166666666666075 ) ) ;
#1442 = CONICAL_SURFACE ( 'NONE', #5598, 1.551628848447119013, 0.7853981633974500554 ) ;
#1443 = CARTESIAN_POINT ( 'NONE',  ( -0.6785254037844388186, -1.175240473580835054, 2.458333333333331261 ) ) ;
#1444 = CARTESIAN_POINT ( 'NONE',  ( -1.017788105676658006, -0.5876202367904174162, 6.979166666666666075 ) ) ;
#1445 = CIRCLE ( 'NONE', #5602, 0.1499999999999999667 ) ;
#1446 = CARTESIAN_POINT ( 'NONE',  ( 0.6841100080451182341, -1.334913291900454047, 7.349999999999998757 ) ) ;
#1447 = CARTESIAN_POINT ( 'NONE',  ( 0.08293103221950406945, -1.178469053734938488, -10.49677141984590101 ) ) ;
#1448 = CARTESIAN_POINT ( 'NONE',  ( 1.763300807568876971, -3.239131034884752106E-16, -3.078125000000001332 ) ) ;
#1449 =( BOUNDED_CURVE ( )  B_SPLINE_CURVE ( 2, ( #3171, #294, #6462, #368, #3803, #6532, #3248 ),
 .UNSPECIFIED., .F., .F. ) 
 B_SPLINE_CURVE_WITH_KNOTS ( ( 3, 2, 2, 3 ),
 ( 0.5945945945945946276, 0.5990990990990991971, 0.6036036036036036556, 0.6081081081081081141 ),
 .UNSPECIFIED. ) 
 CURVE ( )  GEOMETRIC_REPRESENTATION_ITEM ( )  RATIONAL_B_SPLINE_CURVE ( ( 0.9999999999999966693, 0.8660254037844420383, 1.000000000000000000, 0.8660254037844387076, 1.000000000000000000, 0.8660254037844387076, 1.000000000000000000 ) ) 
 REPRESENTATION_ITEM ( '' )  );
#1450 = CARTESIAN_POINT ( 'NONE',  ( 0.8816504037844392627, 1.527063293868263116, 3.473958333333332593 ) ) ;
#1451 = VERTEX_POINT ( 'NONE', #204 ) ;
#1452 = CARTESIAN_POINT ( 'NONE',  ( 1.357050807568876749, -2.492861891654333810E-16, 1.187499999999999334 ) ) ;
#1453 = ORIENTED_EDGE ( 'NONE', *, *, #6210, .F. ) ;
#1454 = CARTESIAN_POINT ( 'NONE',  ( -0.6785254037844388186, -1.175240473580835276, 0.9583333333333319271 ) ) ;
#1455 = ADVANCED_FACE ( 'NONE', ( #1664 ), #4498, .T. ) ;
#1456 = CARTESIAN_POINT ( 'NONE',  ( 0.6785254037844380415, -1.175240473580835499, -6.458333333333334814 ) ) ;
#1457 = AXIS2_PLACEMENT_3D ( 'NONE', #3258, #3815, #6106 ) ;
#1458 = CARTESIAN_POINT ( 'NONE',  ( 0.000000000000000000, 1.499999999999999778, 0.06249999999999830691 ) ) ;
#1459 = CARTESIAN_POINT ( 'NONE',  ( -1.322475605676657784, -0.7635316469341314471, -9.786458333333333925 ) ) ;
#1460 = CARTESIAN_POINT ( 'NONE',  ( -0.8816504037844389297, -1.527063293868263116, -5.776041666666666963 ) ) ;
#1461 = ORIENTED_EDGE ( 'NONE', *, *, #5272, .F. ) ;
#1462 = CARTESIAN_POINT ( 'NONE',  ( 0.6785254037844380415, -1.175240473580835721, 5.604166666666665186 ) ) ;
#1463 = CARTESIAN_POINT ( 'NONE',  ( 0.6785254037844392627, 1.175240473580835054, 0.7708333333333315940 ) ) ;
#1464 = CARTESIAN_POINT ( 'NONE',  ( -1.732050807568877415, 1.060575238724906915E-16, -2.375000000000001776 ) ) ;
#1465 = CARTESIAN_POINT ( 'NONE',  ( -1.299038105676657562, -0.7499999999999994449, 6.666666666666666075 ) ) ;
#1466 = CARTESIAN_POINT ( 'NONE',  ( 1.017788105676657562, -0.5876202367904181934, 0.08333333333333282911 ) ) ;
#1467 = CARTESIAN_POINT ( 'NONE',  ( 0.000000000000000000, 1.944526606757610890E-56, 7.349999999999998757 ) ) ;
#1468 = CARTESIAN_POINT ( 'NONE',  ( -1.322475605676657784, 0.7635316469341318912, 3.130208333333332149 ) ) ;
#1469 = ORIENTED_EDGE ( 'NONE', *, *, #1886, .T. ) ;
#1470 = CARTESIAN_POINT ( 'NONE',  ( 0.6785254037844391517, 1.175240473580835054, -7.229166666666667851 ) ) ;
#1471 = CARTESIAN_POINT ( 'NONE',  ( 1.299038105676658672, 0.7499999999999987788, -5.520833333333333925 ) ) ;
#1472 = CARTESIAN_POINT ( 'NONE',  ( 3.367778697655221012E-16, -2.750000000000000000, 10.34999999999999787 ) ) ;
#1473 = CARTESIAN_POINT ( 'NONE',  ( 1.017788105676658228, 0.5876202367904167501, -2.270833333333334814 ) ) ;
#1474 = CARTESIAN_POINT ( 'NONE',  ( 0.000000000000000000, 1.499999999999999778, -9.937500000000000000 ) ) ;
#1475 = CARTESIAN_POINT ( 'NONE',  ( -1.357050807568876971, 8.309539638847778957E-17, -9.625000000000001776 ) ) ;
#1476 = CARTESIAN_POINT ( 'NONE',  ( -0.6785254037844388186, -1.175240473580835276, -5.979166666666667851 ) ) ;
#1477 = CARTESIAN_POINT ( 'NONE',  ( 1.082363013904092952, -0.4757732148464024480, 7.153764123134675579 ) ) ;
#1478 = CARTESIAN_POINT ( 'NONE',  ( 3.367778697655221012E-16, 2.750000000000000000, 7.650000000000000355 ) ) ;
#1479 =( BOUNDED_CURVE ( )  B_SPLINE_CURVE ( 2, ( #6455, #4914, #2003, #4807, #4877, #1485, #1377 ),
 .UNSPECIFIED., .F., .T. ) 
 B_SPLINE_CURVE_WITH_KNOTS ( ( 3, 2, 2, 3 ),
 ( 0.9054054054054054834, 0.9099099099099099419, 0.9144144144144142894, 0.9189189189189187479 ),
 .UNSPECIFIED. ) 
 CURVE ( )  GEOMETRIC_REPRESENTATION_ITEM ( )  RATIONAL_B_SPLINE_CURVE ( ( 0.9999999999999966693, 0.8660254037844419273, 1.000000000000000000, 0.8660254037844385966, 1.000000000000000000, 0.8660254037844451469, 0.9999999999999934497 ) ) 
 REPRESENTATION_ITEM ( '' )  );
#1480 = CARTESIAN_POINT ( 'NONE',  ( -1.299038105676657562, -0.7499999999999994449, 0.6666666666666660745 ) ) ;
#1481 = PRODUCT_DEFINITION ( 'General', '', #2884, #610 ) ;
#1482 = CARTESIAN_POINT ( 'NONE',  ( -1.017788105676657784, 0.5876202367904177493, 1.833333333333332593 ) ) ;
#1483 = CARTESIAN_POINT ( 'NONE',  ( 0.6785254037844380415, -1.175240473580835721, 5.104166666666665186 ) ) ;
#1484 = DIRECTION ( 'NONE',  ( -0.000000000000000000, 6.173100338913050050E-57, -1.000000000000000000 ) ) ;
#1485 = CARTESIAN_POINT ( 'NONE',  ( 0.8660254037844640207, 1.499999999999956701, 6.458333333333330373 ) ) ;
#1486 = CARTESIAN_POINT ( 'NONE',  ( 1.763300807568876971, -3.239131034884752106E-16, 3.890624999999998668 ) ) ;
#1487 = ORIENTED_EDGE ( 'NONE', *, *, #4909, .T. ) ;
#1488 = CARTESIAN_POINT ( 'NONE',  ( -1.439254484199189379E-16, -1.175240473580835276, 0.5624999999999987788 ) ) ;
#1489 = ORIENTED_EDGE ( 'NONE', *, *, #5984, .F. ) ;
#1490 = CARTESIAN_POINT ( 'NONE',  ( -1.357050807568876749, 8.309539638847778957E-17, -4.625000000000001776 ) ) ;
#1491 = CARTESIAN_POINT ( 'NONE',  ( 0.000000000000000000, 1.499999999999999778, -6.437500000000001776 ) ) ;
#1492 =( BOUNDED_CURVE ( )  B_SPLINE_CURVE ( 2, ( #2129, #1019, #2726, #4860, #7094, #2021, #4297 ),
 .UNSPECIFIED., .F., .T. ) 
 B_SPLINE_CURVE_WITH_KNOTS ( ( 3, 2, 2, 3 ),
 ( 0.7162162162162162282, 0.7207207207207206867, 0.7252252252252251452, 0.7297297297297297147 ),
 .UNSPECIFIED. ) 
 CURVE ( )  GEOMETRIC_REPRESENTATION_ITEM ( )  RATIONAL_B_SPLINE_CURVE ( ( 1.000000000000000000, 0.8660254037844387076, 1.000000000000000000, 0.8660254037844387076, 1.000000000000000000, 0.8660254037844387076, 1.000000000000000000 ) ) 
 REPRESENTATION_ITEM ( '' )  );
#1493 = VECTOR ( 'NONE', #4611, 1000.000000000000000 ) ;
#1494 = ADVANCED_FACE ( 'NONE', ( #466 ), #5054, .T. ) ;
#1495 = CARTESIAN_POINT ( 'NONE',  ( 1.357050807568876971, -2.492861891654333810E-16, 7.624999999999998224 ) ) ;
#1496 = CARTESIAN_POINT ( 'NONE',  ( -1.322475605676657784, -0.7635316469341314471, -4.317708333333333925 ) ) ;
#1497 = VERTEX_POINT ( 'NONE', #6781 ) ;
#1498 = CARTESIAN_POINT ( 'NONE',  ( -1.836970198721029441E-16, -1.499999999999999556, -1.250000000000001110 ) ) ;
#1499 = CARTESIAN_POINT ( 'NONE',  ( 0.6785254037844380415, -1.175240473580835721, 5.104166666666665186 ) ) ;
#1500 = CARTESIAN_POINT ( 'NONE',  ( -0.6785254037844388186, -1.175240473580835276, 1.020833333333331927 ) ) ;
#1501 = CARTESIAN_POINT ( 'NONE',  ( 0.000000000000000000, 1.499999999999999778, 0.06249999999999830691 ) ) ;
#1502 = ADVANCED_FACE ( 'NONE', ( #6743 ), #6703, .T. ) ;
#1503 = DIRECTION ( 'NONE',  ( -0.7071067811865487940, 8.659560562354948882E-17, 0.7071067811865463515 ) ) ;
#1504 = CARTESIAN_POINT ( 'NONE',  ( 0.6785254037844380415, -1.175240473580835721, 1.541666666666665186 ) ) ;
#1505 = CYLINDRICAL_SURFACE ( 'NONE', #503, 1.499999999999999778 ) ;
#1506 = CARTESIAN_POINT ( 'NONE',  ( -1.763300807568876971, 1.079710344961584035E-16, 4.671874999999999112 ) ) ;
#1507 = ORIENTED_EDGE ( 'NONE', *, *, #6354, .F. ) ;
#1508 = CARTESIAN_POINT ( 'NONE',  ( 1.017788105676657562, -0.5876202367904181934, -8.354166666666667851 ) ) ;
#1509 = DIRECTION ( 'NONE',  ( 0.000000000000000000, 1.000000000000000000, 6.173100338913050050E-57 ) ) ;
#1510 = CARTESIAN_POINT ( 'NONE',  ( 1.299038105676658672, 0.7499999999999987788, -4.020833333333334814 ) ) ;
#1511 = CARTESIAN_POINT ( 'NONE',  ( 0.6785254037844392627, 1.175240473580835054, -4.729166666666667851 ) ) ;
#1512 = AXIS2_PLACEMENT_3D ( 'NONE', #2053, #2015, #336 ) ;
#1513 = DIRECTION ( 'NONE',  ( -0.000000000000000000, 6.173100338913050050E-57, -1.000000000000000000 ) ) ;
#1514 = CARTESIAN_POINT ( 'NONE',  ( 1.357050807568876971, -2.492861891654333810E-16, -8.875000000000001776 ) ) ;
#1515 = EDGE_CURVE ( 'NONE', #4262, #2900, #5558, .T. ) ;
#1516 = CARTESIAN_POINT ( 'NONE',  ( -0.6785254037844388186, -1.175240473580835276, -8.479166666666667851 ) ) ;
#1517 = CARTESIAN_POINT ( 'NONE',  ( 0.8660254037844361541, 1.500000000000004885, 5.020833333333330373 ) ) ;
#1518 = CARTESIAN_POINT ( 'NONE',  ( -1.017788105676657784, 0.5876202367904177493, 3.333333333333332149 ) ) ;
#1519 = FACE_OUTER_BOUND ( 'NONE', #3251, .T. ) ;
#1520 = DIRECTION ( 'NONE',  ( 1.000000000000000000, 0.000000000000000000, 0.000000000000000000 ) ) ;
#1521 = CARTESIAN_POINT ( 'NONE',  ( 0.6785254037844380415, -1.175240473580835499, 2.041666666666665630 ) ) ;
#1522 = CARTESIAN_POINT ( 'NONE',  ( -1.357050807568876971, 8.309539638847778957E-17, 7.437499999999998224 ) ) ;
#1523 = ADVANCED_FACE ( 'NONE', ( #546 ), #4976, .T. ) ;
#1524 = DIRECTION ( 'NONE',  ( -0.000000000000000000, 6.173100338913050050E-57, -1.000000000000000000 ) ) ;
#1525 = DIRECTION ( 'NONE',  ( -0.000000000000000000, 6.173100338913050050E-57, -1.000000000000000000 ) ) ;
#1526 =( BOUNDED_CURVE ( )  B_SPLINE_CURVE ( 2, ( #4646, #4610, #4758, #5781, #5194, #4157, #6996 ),
 .UNSPECIFIED., .F., .T. ) 
 B_SPLINE_CURVE_WITH_KNOTS ( ( 3, 2, 2, 3 ),
 ( 0.1891891891891891719, 0.1936936936936937137, 0.1981981981981981722, 0.2027027027027027140 ),
 .UNSPECIFIED. ) 
 CURVE ( )  GEOMETRIC_REPRESENTATION_ITEM ( )  RATIONAL_B_SPLINE_CURVE ( ( 0.9999999999999992228, 0.8660254037844394848, 1.000000000000000000, 0.8660254037844387076, 1.000000000000000000, 0.8660254037844394848, 0.9999999999999992228 ) ) 
 REPRESENTATION_ITEM ( '' )  );
#1527 = CARTESIAN_POINT ( 'NONE',  ( -1.322475605676657784, -0.7635316469341314471, 3.682291666666665186 ) ) ;
#1528 = ORIENTED_EDGE ( 'NONE', *, *, #6262, .T. ) ;
#1529 = CARTESIAN_POINT ( 'NONE',  ( 1.017788105676658228, 0.5876202367904167501, 1.229166666666664964 ) ) ;
#1530 = EDGE_LOOP ( 'NONE', ( #649, #7188, #328 ) ) ;
#1531 = CARTESIAN_POINT ( 'NONE',  ( 0.6785254037844391517, 1.175240473580835054, -5.291666666666667851 ) ) ;
#1532 = CARTESIAN_POINT ( 'NONE',  ( -1.250000000000000000, 0.4924713528083585756, 10.28686662911107241 ) ) ;
#1533 = CARTESIAN_POINT ( 'NONE',  ( 0.8816504037844392627, 1.527063293868263116, -10.49479166666666785 ) ) ;
#1534 = CARTESIAN_POINT ( 'NONE',  ( -1.870113174931182636E-16, -1.527063293868263338, -5.734375000000000888 ) ) ;
#1535 = ORIENTED_EDGE ( 'NONE', *, *, #6869, .T. ) ;
#1536 = CARTESIAN_POINT ( 'NONE',  ( 1.732050807568877415, -3.181725716174720498E-16, -1.125000000000001110 ) ) ;
#1537 = CARTESIAN_POINT ( 'NONE',  ( 0.000000000000000000, 1.175240473580835276, -10.25000000000000000 ) ) ;
#1538 = CARTESIAN_POINT ( 'NONE',  ( -1.017788105676657784, 0.5876202367904177493, -0.6041666666666677399 ) ) ;
#1539 = CARTESIAN_POINT ( 'NONE',  ( 0.000000000000000000, 1.499999999999999778, -10.49999999999999822 ) ) ;
#1540 = CARTESIAN_POINT ( 'NONE',  ( 0.000000000000000000, 1.296351071171740261E-55, -10.49999999999999822 ) ) ;
#1541 = CARTESIAN_POINT ( 'NONE',  ( 1.017788105676658228, 0.5876202367904167501, 0.6666666666666660745 ) ) ;
#1542 = FACE_OUTER_BOUND ( 'NONE', #4746, .T. ) ;
#1543 = CARTESIAN_POINT ( 'NONE',  ( 1.322475605676657340, -0.7635316469341323353, 4.880208333333330373 ) ) ;
#1544 = ORIENTED_EDGE ( 'NONE', *, *, #2253, .T. ) ;
#1545 = CARTESIAN_POINT ( 'NONE',  ( -1.017788105676657784, 0.5876202367904177493, -6.604166666666667851 ) ) ;
#1546 = CARTESIAN_POINT ( 'NONE',  ( 0.000000000000000000, 1.499999999999999556, -3.500000000000000444 ) ) ;
#1547 = EDGE_CURVE ( 'NONE', #2900, #4034, #2042, .T. ) ;
#1548 = CARTESIAN_POINT ( 'NONE',  ( -0.6785254037844383745, 1.175240473580835499, 0.3541666666666657970 ) ) ;
#1549 = CYLINDRICAL_SURFACE ( 'NONE', #6829, 1.499999999999999778 ) ;
#1550 = CARTESIAN_POINT ( 'NONE',  ( 1.017788105676658228, 0.5876202367904167501, -7.333333333333333925 ) ) ;
#1551 = CARTESIAN_POINT ( 'NONE',  ( -1.732050807568877415, 1.060575238724906915E-16, -7.875000000000003553 ) ) ;
#1552 = CARTESIAN_POINT ( 'NONE',  ( -1.836970198721029441E-16, -1.499999999999999778, 6.812499999999997335 ) ) ;
#1553 = CARTESIAN_POINT ( 'NONE',  ( 1.299038105676658450, 0.7499999999999986677, -9.083333333333333925 ) ) ;
#1554 = EDGE_CURVE ( 'NONE', #4449, #4669, #459, .T. ) ;
#1555 = CARTESIAN_POINT ( 'NONE',  ( -1.017788105676657784, 0.5876202367904177493, -10.10416666666666785 ) ) ;
#1556 = CARTESIAN_POINT ( 'NONE',  ( 0.000000000000000000, 1.175240473580835276, 3.749999999999998224 ) ) ;
#1557 = CARTESIAN_POINT ( 'NONE',  ( 1.299038105676657340, -0.7500000000000005551, 3.395833333333332149 ) ) ;
#1558 = CARTESIAN_POINT ( 'NONE',  ( 0.000000000000000000, 1.527063293868263338, 3.515624999999999556 ) ) ;
#1559 = VERTEX_POINT ( 'NONE', #7255 ) ;
#1560 = CARTESIAN_POINT ( 'NONE',  ( -0.6785254037844388186, -1.175240473580835054, -0.4791666666666676844 ) ) ;
#1561 = ORIENTED_EDGE ( 'NONE', *, *, #5883, .T. ) ;
#1562 = CARTESIAN_POINT ( 'NONE',  ( -0.6785254037844388186, -1.175240473580835054, -6.541666666666667851 ) ) ;
#1563 = TOROIDAL_SURFACE ( 'NONE', #607, 1.649999999999999689, 0.1500000000000000777 ) ;
#1564 = AXIS2_PLACEMENT_3D ( 'NONE', #1313, #2345, #6981 ) ;
#1565 = CARTESIAN_POINT ( 'NONE',  ( 0.000000000000000000, 1.175240473580835276, -3.750000000000000888 ) ) ;
#1566 = CARTESIAN_POINT ( 'NONE',  ( -1.870113174931182636E-16, -1.527063293868263338, -9.203125000000001776 ) ) ;
#1567 = CARTESIAN_POINT ( 'NONE',  ( 0.000000000000000000, 1.527063293868263338, -3.484375000000000444 ) ) ;
#1568 = ORIENTED_EDGE ( 'NONE', *, *, #300, .T. ) ;
#1569 = CARTESIAN_POINT ( 'NONE',  ( 1.357050807568876971, -2.492861891654333810E-16, 0.1249999999999983624 ) ) ;
#1570 = AXIS2_PLACEMENT_3D ( 'NONE', #423, #5630, #4566 ) ;
#1571 = CARTESIAN_POINT ( 'NONE',  ( 0.000000000000000000, 1.296351071171740261E-55, -10.49999999999999822 ) ) ;
#1572 = CARTESIAN_POINT ( 'NONE',  ( 1.357050807568876971, -2.492861891654333810E-16, 6.187500000000000888 ) ) ;
#1573 = CARTESIAN_POINT ( 'NONE',  ( -1.017788105676657784, 0.5876202367904177493, 1.895833333333332593 ) ) ;
#1574 = DIRECTION ( 'NONE',  ( -0.000000000000000000, 6.173100338913050050E-57, -1.000000000000000000 ) ) ;
#1575 = AXIS2_PLACEMENT_3D ( 'NONE', #460, #2389, #6365 ) ;
#1576 = CARTESIAN_POINT ( 'NONE',  ( 0.000000000000000000, 1.499999999999999778, -10.49999999999999822 ) ) ;
#1577 = CARTESIAN_POINT ( 'NONE',  ( -1.439254484199189379E-16, -1.175240473580835276, -0.5000000000000004441 ) ) ;
#1578 = DIRECTION ( 'NONE',  ( -0.000000000000000000, 6.173100338913050050E-57, -1.000000000000000000 ) ) ;
#1579 = CARTESIAN_POINT ( 'NONE',  ( 1.763300807568876971, -3.239131034884752106E-16, 6.921874999999998224 ) ) ;
#1580 = ORIENTED_EDGE ( 'NONE', *, *, #2676, .F. ) ;
#1581 = CARTESIAN_POINT ( 'NONE',  ( 0.6785254037844380415, -1.175240473580835499, -6.395833333333333925 ) ) ;
#1582 = CARTESIAN_POINT ( 'NONE',  ( 3.275930187719169848E-16, 2.600000000000000089, 7.500000000000000000 ) ) ;
#1583 = LINE ( 'NONE', #539, #663 ) ;
#1584 = CARTESIAN_POINT ( 'NONE',  ( 0.000000000000000000, 1.175240473580835276, -1.687500000000001554 ) ) ;
#1585 = CARTESIAN_POINT ( 'NONE',  ( -1.299038105676657784, 0.7500000000000001110, 1.145833333333332149 ) ) ;
#1586 = CARTESIAN_POINT ( 'NONE',  ( 1.357050807568876971, -2.492861891654333810E-16, -8.375000000000001776 ) ) ;
#1587 = CARTESIAN_POINT ( 'NONE',  ( -0.8816504037844382635, 1.527063293868263338, -3.411458333333335258 ) ) ;
#1588 = EDGE_CURVE ( 'NONE', #4954, #611, #128, .T. ) ;
#1589 = CARTESIAN_POINT ( 'NONE',  ( 0.000000000000000000, 1.296351071171740261E-55, -10.49999999999999822 ) ) ;
#1590 = CARTESIAN_POINT ( 'NONE',  ( 0.000000000000000000, 1.333734122634724129, -10.34150635094610848 ) ) ;
#1591 = CARTESIAN_POINT ( 'NONE',  ( 0.000000000000000000, 1.175240473580835276, -8.187500000000000000 ) ) ;
#1592 = CARTESIAN_POINT ( 'NONE',  ( -0.6785254037844382635, 1.175240473580835276, 3.791666666666665186 ) ) ;
#1593 = CYLINDRICAL_SURFACE ( 'NONE', #510, 1.499999999999999778 ) ;
#1594 = CARTESIAN_POINT ( 'NONE',  ( -0.8660254037844391517, -1.499999999999999334, 1.770833333333332593 ) ) ;
#1595 = CARTESIAN_POINT ( 'NONE',  ( -1.836970198721029441E-16, -1.499999999999999778, 5.312499999999999112 ) ) ;
#1596 = EDGE_CURVE ( 'NONE', #3047, #570, #2852, .T. ) ;
#1597 = CARTESIAN_POINT ( 'NONE',  ( -1.763300807568876971, 1.079710344961584035E-16, 6.640624999999997335 ) ) ;
#1598 = ORIENTED_EDGE ( 'NONE', *, *, #2222, .F. ) ;
#1599 = CARTESIAN_POINT ( 'NONE',  ( 0.6785254037844380415, -1.175240473580835499, 3.604166666666665186 ) ) ;
#1600 = VERTEX_POINT ( 'NONE', #2252 ) ;
#1601 = CARTESIAN_POINT ( 'NONE',  ( 0.000000000000000000, 1.175240473580835276, -7.750000000000000888 ) ) ;
#1602 = CARTESIAN_POINT ( 'NONE',  ( 1.017788105676658228, 0.5876202367904167501, -2.833333333333335258 ) ) ;
#1603 = CARTESIAN_POINT ( 'NONE',  ( 1.357050807568876749, -2.492861891654333810E-16, -2.875000000000000888 ) ) ;
#1604 = CARTESIAN_POINT ( 'NONE',  ( 1.322475605676658450, 0.7635316469341306700, -9.536458333333333925 ) ) ;
#1605 = CARTESIAN_POINT ( 'NONE',  ( 1.763300807568876971, -3.239131034884752106E-16, -0.6093750000000004441 ) ) ;
#1606 = EDGE_LOOP ( 'NONE', ( #4781, #4395, #7283, #2842 ) ) ;
#1607 = CARTESIAN_POINT ( 'NONE',  ( -0.6785254037844382635, 1.175240473580835276, -10.20833333333333570 ) ) ;
#1608 = CARTESIAN_POINT ( 'NONE',  ( -1.017788105676658006, -0.5876202367904174162, 5.979166666666665186 ) ) ;
#1609 = CARTESIAN_POINT ( 'NONE',  ( 1.017788105676657562, -0.5876202367904181934, 0.1458333333333328707 ) ) ;
#1610 = CYLINDRICAL_SURFACE ( 'NONE', #474, 1.499999999999999778 ) ;
#1611 = CARTESIAN_POINT ( 'NONE',  ( 1.299038105676657340, -0.7500000000000005551, -1.604166666666668739 ) ) ;
#1612 = CARTESIAN_POINT ( 'NONE',  ( -1.017788105676658006, -0.5876202367904174162, 0.4166666666666658525 ) ) ;
#1613 = CARTESIAN_POINT ( 'NONE',  ( 3.275930187719169848E-16, -2.600000000000000089, 10.49999999999999822 ) ) ;
#1614 = CARTESIAN_POINT ( 'NONE',  ( 0.000000000000000000, 1.527063293868263338, 6.046874999999996447 ) ) ;
#1615 = EDGE_LOOP ( 'NONE', ( #6958, #6546, #1360, #2385 ) ) ;
#1616 = CARTESIAN_POINT ( 'NONE',  ( -0.6785254037844383745, 1.175240473580835499, -1.208333333333333925 ) ) ;
#1617 = CARTESIAN_POINT ( 'NONE',  ( 0.6785254037844391517, 1.175240473580835054, -5.729166666666667851 ) ) ;
#1618 = CARTESIAN_POINT ( 'NONE',  ( -1.732050807568877193, 1.060575238724906792E-16, -7.812500000000001776 ) ) ;
#1619 = CARTESIAN_POINT ( 'NONE',  ( 1.430908802125421930, -0.4499999999999886313, 7.350000000000002309 ) ) ;
#1620 = EDGE_CURVE ( 'NONE', #4586, #851, #4621, .T. ) ;
#1621 = CARTESIAN_POINT ( 'NONE',  ( -1.017788105676658006, -0.5876202367904174162, -1.020833333333333703 ) ) ;
#1622 = CARTESIAN_POINT ( 'NONE',  ( 1.299038105676657340, -0.7500000000000005551, -10.10416666666666785 ) ) ;
#1623 = CARTESIAN_POINT ( 'NONE',  ( -1.357050807568876971, 8.309539638847778957E-17, -6.625000000000000000 ) ) ;
#1624 = CARTESIAN_POINT ( 'NONE',  ( -1.322475605676657784, 0.7635316469341318912, -1.369791666666668517 ) ) ;
#1625 = CARTESIAN_POINT ( 'NONE',  ( -0.8660254037844382635, 1.499999999999999556, 3.541666666666666075 ) ) ;
#1626 = CYLINDRICAL_SURFACE ( 'NONE', #2751, 1.499999999999999778 ) ;
#1627 = LINE ( 'NONE', #1069, #1379 ) ;
#1628 = CARTESIAN_POINT ( 'NONE',  ( -1.357050807568876971, 8.309539638847778957E-17, -8.062500000000000000 ) ) ;
#1629 = ADVANCED_FACE ( 'NONE', ( #3826 ), #993, .T. ) ;
#1630 = CARTESIAN_POINT ( 'NONE',  ( -1.439254484199189379E-16, -1.175240473580835276, 3.999999999999998224 ) ) ;
#1631 = CARTESIAN_POINT ( 'NONE',  ( 1.299038105676657118, -0.7500000000000004441, 6.833333333333332149 ) ) ;
#1632 = CARTESIAN_POINT ( 'NONE',  ( -0.8660254037844383745, 1.499999999999999778, 1.604166666666665186 ) ) ;
#1633 = CARTESIAN_POINT ( 'NONE',  ( 1.299038105676658450, 0.7499999999999986677, 2.916666666666666519 ) ) ;
#1634 = CARTESIAN_POINT ( 'NONE',  ( 0.8816504037844392627, 1.527063293868263116, 6.473958333333331261 ) ) ;
#1635 = ORIENTED_EDGE ( 'NONE', *, *, #78, .F. ) ;
#1636 = CARTESIAN_POINT ( 'NONE',  ( 1.357050807568876749, -2.492861891654333810E-16, 2.687499999999999112 ) ) ;
#1637 = ORIENTED_EDGE ( 'NONE', *, *, #7250, .T. ) ;
#1638 = CARTESIAN_POINT ( 'NONE',  ( -1.017788105676657784, 0.5876202367904177493, -8.166666666666667851 ) ) ;
#1639 = CARTESIAN_POINT ( 'NONE',  ( -0.6785254037844388186, -1.175240473580835276, -2.541666666666667407 ) ) ;
#1640 = EDGE_CURVE ( 'NONE', #6426, #6286, #5367, .T. ) ;
#1641 = CARTESIAN_POINT ( 'NONE',  ( -0.6785254037844382635, 1.175240473580835276, -2.208333333333334814 ) ) ;
#1642 = CARTESIAN_POINT ( 'NONE',  ( 0.8816504037844392627, 1.527063293868263116, -7.494791666666666963 ) ) ;
#1643 = CARTESIAN_POINT ( 'NONE',  ( -0.8816504037844382635, 1.527063293868263338, -1.942708333333334370 ) ) ;
#1644 = VERTEX_POINT ( 'NONE', #5742 ) ;
#1645 = CARTESIAN_POINT ( 'NONE',  ( -1.439254484199189379E-16, -1.175240473580835276, -10.00000000000000000 ) ) ;
#1646 =( BOUNDED_CURVE ( )  B_SPLINE_CURVE ( 2, ( #1458, #4327, #3731, #6022, #4364, #5983, #5465 ),
 .UNSPECIFIED., .F., .T. ) 
 B_SPLINE_CURVE_WITH_KNOTS ( ( 3, 2, 2, 3 ),
 ( 0.4054054054054054279, 0.4099099099099099974, 0.4144144144144144004, 0.4189189189189189699 ),
 .UNSPECIFIED. ) 
 CURVE ( )  GEOMETRIC_REPRESENTATION_ITEM ( )  RATIONAL_B_SPLINE_CURVE ( ( 0.9999999999999983347, 0.8660254037844403729, 1.000000000000000000, 0.8660254037844387076, 1.000000000000000000, 0.8660254037844387076, 1.000000000000000000 ) ) 
 REPRESENTATION_ITEM ( '' )  );
#1647 = CARTESIAN_POINT ( 'NONE',  ( -1.017788105676657784, 0.5876202367904177493, 6.395833333333331261 ) ) ;
#1648 = CARTESIAN_POINT ( 'NONE',  ( 0.6785254037844380415, -1.175240473580835721, 4.604166666666666075 ) ) ;
#1649 = CARTESIAN_POINT ( 'NONE',  ( 0.000000000000000000, 1.499999999999999778, 5.562500000000000000 ) ) ;
#1650 = CARTESIAN_POINT ( 'NONE',  ( -0.6785254037844388186, -1.175240473580835276, 1.958333333333332815 ) ) ;
#1651 = CARTESIAN_POINT ( 'NONE',  ( 0.8816504037844392627, 1.527063293868263116, -9.026041666666667851 ) ) ;
#1652 = CARTESIAN_POINT ( 'NONE',  ( 0.8816504037844380415, -1.527063293868264005, 4.338541666666666075 ) ) ;
#1653 = EDGE_LOOP ( 'NONE', ( #5828, #2097 ) ) ;
#1654 = CARTESIAN_POINT ( 'NONE',  ( 1.357050807568876749, -2.492861891654333810E-16, -5.812500000000000888 ) ) ;
#1655 = CARTESIAN_POINT ( 'NONE',  ( 1.017788105676658228, 0.5876202367904167501, 3.166666666666664742 ) ) ;
#1656 = DIRECTION ( 'NONE',  ( -0.000000000000000000, 6.173100338913050050E-57, -1.000000000000000000 ) ) ;
#1657 = CARTESIAN_POINT ( 'NONE',  ( 1.299038105676658450, 0.7499999999999986677, -5.083333333333333925 ) ) ;
#1658 =( BOUNDED_CURVE ( )  B_SPLINE_CURVE ( 2, ( #6541, #2617, #6104, #7136, #1465, #2056, #379 ),
 .UNSPECIFIED., .F., .F. ) 
 B_SPLINE_CURVE_WITH_KNOTS ( ( 3, 2, 2, 3 ),
 ( 0.9189189189189187479, 0.9234234234234232064, 0.9279279279279277759, 0.9324324324324323454 ),
 .UNSPECIFIED. ) 
 CURVE ( )  GEOMETRIC_REPRESENTATION_ITEM ( )  RATIONAL_B_SPLINE_CURVE ( ( 1.000000000000006661, 0.8660254037844320463, 1.000000000000000000, 0.8660254037844385966, 1.000000000000000000, 0.8660254037844419273, 0.9999999999999966693 ) ) 
 REPRESENTATION_ITEM ( '' )  );
#1659 = CARTESIAN_POINT ( 'NONE',  ( -1.439254484199189379E-16, -1.175240473580835276, -0.4375000000000003886 ) ) ;
#1660 = EDGE_CURVE ( 'NONE', #3205, #4434, #4004, .T. ) ;
#1661 = ORIENTED_EDGE ( 'NONE', *, *, #4716, .T. ) ;
#1662 = CARTESIAN_POINT ( 'NONE',  ( -0.6785254037844388186, -1.175240473580835276, -8.041666666666667851 ) ) ;
#1663 = CARTESIAN_POINT ( 'NONE',  ( 0.000000000000000000, 1.527063293868263338, -3.453125000000001332 ) ) ;
#1664 = FACE_OUTER_BOUND ( 'NONE', #46, .T. ) ;
#1665 = FACE_OUTER_BOUND ( 'NONE', #943, .T. ) ;
#1666 = B_SPLINE_CURVE_WITH_KNOTS ( 'NONE', 3,
 ( #6560, #7042, #3272, #6633, #2035, #3159, #881, #4235 ),
 .UNSPECIFIED., .F., .F.,
 ( 4, 2, 2, 4 ),
 ( 2.544378114023748433E-07, 0.0003729905366538285990, 0.0007457266354962548442, 0.001491198833181107443 ),
 .UNSPECIFIED. ) ;
#1667 = CARTESIAN_POINT ( 'NONE',  ( -1.299038105676657784, 0.7500000000000001110, 4.645833333333331261 ) ) ;
#1668 = CARTESIAN_POINT ( 'NONE',  ( -1.357050807568876971, 8.309539638847778957E-17, -7.562500000000001776 ) ) ;
#1669 = VECTOR ( 'NONE', #4956, 1000.000000000000000 ) ;
#1670 = CARTESIAN_POINT ( 'NONE',  ( 1.017788105676658228, 0.5876202367904167501, 4.666666666666664298 ) ) ;
#1671 = CARTESIAN_POINT ( 'NONE',  ( 1.299038105676658450, 0.7499999999999986677, 6.916666666666666075 ) ) ;
#1672 = DIRECTION ( 'NONE',  ( 0.000000000000000000, 1.000000000000000000, 0.000000000000000000 ) ) ;
#1673 = CARTESIAN_POINT ( 'NONE',  ( -1.836970198721029441E-16, -1.499999999999999556, 2.749999999999999112 ) ) ;
#1674 = PRESENTATION_STYLE_ASSIGNMENT (( #6752 ) ) ;
#1675 = CARTESIAN_POINT ( 'NONE',  ( -1.870113174931182636E-16, -1.527063293868263338, 5.265624999999999112 ) ) ;
#1676 = ORIENTED_EDGE ( 'NONE', *, *, #4457, .T. ) ;
#1677 = CARTESIAN_POINT ( 'NONE',  ( 0.000000000000000000, 1.175240473580835276, 2.812499999999999112 ) ) ;
#1678 = VERTEX_POINT ( 'NONE', #6409 ) ;
#1679 = CARTESIAN_POINT ( 'NONE',  ( -1.017788105676658006, -0.5876202367904174162, -10.08333333333333393 ) ) ;
#1680 = CARTESIAN_POINT ( 'NONE',  ( 0.000000000000000000, 1.175240473580835276, -2.750000000000000888 ) ) ;
#1681 =( BOUNDED_CURVE ( )  B_SPLINE_CURVE ( 2, ( #434, #3314, #3795, #2144, #6050, #5644, #3833 ),
 .UNSPECIFIED., .F., .F. ) 
 B_SPLINE_CURVE_WITH_KNOTS ( ( 3, 2, 2, 3 ),
 ( 0.6621621621621620601, 0.6666666666666665186, 0.6711711711711711992, 0.6756756756756756577 ),
 .UNSPECIFIED. ) 
 CURVE ( )  GEOMETRIC_REPRESENTATION_ITEM ( )  RATIONAL_B_SPLINE_CURVE ( ( 1.000000000000003331, 0.8660254037844352659, 1.000000000000000000, 0.8660254037844385966, 1.000000000000000000, 0.8660254037844385966, 1.000000000000000000 ) ) 
 REPRESENTATION_ITEM ( '' )  );
#1682 = CARTESIAN_POINT ( 'NONE',  ( 1.017788105676658228, 0.5876202367904167501, -3.833333333333334370 ) ) ;
#1683 = CARTESIAN_POINT ( 'NONE',  ( 1.763300807568876971, -3.239131034884752106E-16, -8.578125000000000000 ) ) ;
#1684 = CARTESIAN_POINT ( 'NONE',  ( -0.8816504037844382635, 1.527063293868263338, -1.442708333333334147 ) ) ;
#1685 = ADVANCED_FACE ( 'NONE', ( #1810 ), #1335, .T. ) ;
#1686 = VERTEX_POINT ( 'NONE', #3000 ) ;
#1687 = CARTESIAN_POINT ( 'NONE',  ( 1.017788105676657562, -0.5876202367904181934, 7.583333333333332149 ) ) ;
#1688 = CLOSED_SHELL ( 'NONE', ( #6936, #2771, #3095, #1523, #4292, #5344, #3678, #5696, #5137, #974, #7294, #2310, #3867, #3726, #627, #3207, #1726, #6873, #6882, #5607, #952, #2873, #1502, #4623, #6626, #536, #4417, #4332, #5463, #1848, #7104, #1455, #5902, #3283, #7113, #1424, #1629, #1964, #6668, #2036, #4920, #594, #4048, #397, #3688, #2815, #2545, #95, #5403, #2846, #3369, #3827, #447, #5772, #4777, #728, #2938, #4530, #1494, #5055, #2627, #4562, #6345, #2397, #6020, #4554, #5074, #4729, #1954, #6131, #4274, #771, #5682, #1093, #6446, #1186, #1177, #1685, #5856, #6813, #5323, #4325, #2124, #3752, #4848, #6683, #2521, #2635, #2156, #7193, #2913, #5831, #2587, #6568, #6593, #3957, #4589, #6520, #4168, #3819 ) ) ;
#1689 = CARTESIAN_POINT ( 'NONE',  ( -1.357050807568876971, 8.309539638847778957E-17, -10.62500000000000178 ) ) ;
#1690 = CARTESIAN_POINT ( 'NONE',  ( -0.6785254037844388186, -1.175240473580835276, 2.020833333333332593 ) ) ;
#1691 = DIRECTION ( 'NONE',  ( -0.000000000000000000, 6.173100338913050050E-57, -1.000000000000000000 ) ) ;
#1692 = CARTESIAN_POINT ( 'NONE',  ( 0.000000000000000000, 1.499999999999999778, -10.49999999999999822 ) ) ;
#1693 = CARTESIAN_POINT ( 'NONE',  ( 0.000000000000000000, 1.175240473580835276, 2.749999999999999112 ) ) ;
#1694 = CARTESIAN_POINT ( 'NONE',  ( -1.870113174931182636E-16, -1.527063293868263338, -8.734375000000000000 ) ) ;
#1695 = AXIS2_PLACEMENT_3D ( 'NONE', #7217, #5559, #5015 ) ;
#1696 = EDGE_CURVE ( 'NONE', #820, #371, #5604, .T. ) ;
#1697 = ORIENTED_EDGE ( 'NONE', *, *, #1772, .T. ) ;
#1698 = CARTESIAN_POINT ( 'NONE',  ( -1.017788105676658006, -0.5876202367904174162, 3.416666666666665186 ) ) ;
#1699 = DIRECTION ( 'NONE',  ( 0.000000000000000000, 1.000000000000000000, 0.000000000000000000 ) ) ;
#1700 = CARTESIAN_POINT ( 'NONE',  ( -1.836970198721029441E-16, -1.499999999999999556, -5.250000000000000888 ) ) ;
#1701 = CARTESIAN_POINT ( 'NONE',  ( 1.017788105676657562, -0.5876202367904181934, 0.1458333333333328707 ) ) ;
#1702 = CIRCLE ( 'NONE', #5379, 1.175240473580835276 ) ;
#1703 = CARTESIAN_POINT ( 'NONE',  ( 1.357050807568876971, -2.492861891654333810E-16, -4.812500000000000888 ) ) ;
#1704 = CARTESIAN_POINT ( 'NONE',  ( 0.000000000000000000, 1.175240473580835276, -5.250000000000000888 ) ) ;
#1705 = CARTESIAN_POINT ( 'NONE',  ( 0.8816504037844392627, 1.527063293868263116, 0.005208333333332759718 ) ) ;
#1706 =( GEOMETRIC_REPRESENTATION_CONTEXT ( 3 ) GLOBAL_UNCERTAINTY_ASSIGNED_CONTEXT ( ( #6628 ) ) GLOBAL_UNIT_ASSIGNED_CONTEXT ( ( #205, #4799, #803 ) ) REPRESENTATION_CONTEXT ( 'NONE', 'WORKASPACE' ) );
#1707 = CARTESIAN_POINT ( 'NONE',  ( 0.1163848120058687541, -1.472480729846792569, 7.334111741970377629 ) ) ;
#1708 = CARTESIAN_POINT ( 'NONE',  ( -0.8660254037844434816, -1.499999999999991562, 7.270833333333333037 ) ) ;
#1709 = DIRECTION ( 'NONE',  ( -0.8660254037844387076, 0.4999999999999998890, 3.086550169456524459E-57 ) ) ;
#1710 = CARTESIAN_POINT ( 'NONE',  ( -0.6785254037844388186, -1.175240473580835276, -7.479166666666667851 ) ) ;
#1711 = CARTESIAN_POINT ( 'NONE',  ( -1.017788105676657784, 0.5876202367904177493, 4.333333333333331261 ) ) ;
#1712 = CARTESIAN_POINT ( 'NONE',  ( -0.3547962127276259592, -1.418527198665777256, 7.321987035884621520 ) ) ;
#1713 = DIRECTION ( 'NONE',  ( 0.000000000000000000, 1.000000000000000000, 0.000000000000000000 ) ) ;
#1714 = DIRECTION ( 'NONE',  ( -0.000000000000000000, 6.173100338913050050E-57, -1.000000000000000000 ) ) ;
#1715 = CARTESIAN_POINT ( 'NONE',  ( -1.299038105676657562, -0.7499999999999994449, 4.166666666666666075 ) ) ;
#1716 = CARTESIAN_POINT ( 'NONE',  ( -1.322475605676657784, -0.7635316469341314471, 6.682291666666666075 ) ) ;
#1717 = CARTESIAN_POINT ( 'NONE',  ( -1.357050807568876749, 8.309539638847778957E-17, 2.937499999999998668 ) ) ;
#1718 = VERTEX_POINT ( 'NONE', #5228 ) ;
#1719 = CARTESIAN_POINT ( 'NONE',  ( -1.439254484199189379E-16, -1.175240473580835276, -7.500000000000001776 ) ) ;
#1720 = CARTESIAN_POINT ( 'NONE',  ( 0.6785254037844391517, 1.175240473580835054, -4.291666666666667851 ) ) ;
#1721 = CARTESIAN_POINT ( 'NONE',  ( -0.8816504037844389297, -1.527063293868263116, -7.744791666666667851 ) ) ;
#1722 = CARTESIAN_POINT ( 'NONE',  ( 0.000000000000000000, 1.527063293868263338, -1.484375000000001332 ) ) ;
#1723 = CARTESIAN_POINT ( 'NONE',  ( 1.017788105676658228, 0.5876202367904167501, -10.33333333333333570 ) ) ;
#1724 =( BOUNDED_CURVE ( )  B_SPLINE_CURVE ( 2, ( #2955, #2845, #151, #2317, #2433, #4148, #5117 ),
 .UNSPECIFIED., .F., .F. ) 
 B_SPLINE_CURVE_WITH_KNOTS ( ( 3, 2, 2, 3 ),
 ( 0.2432432432432432012, 0.2477477477477477152, 0.2522522522522522292, 0.2567567567567567988 ),
 .UNSPECIFIED. ) 
 CURVE ( )  GEOMETRIC_REPRESENTATION_ITEM ( )  RATIONAL_B_SPLINE_CURVE ( ( 1.000000000000001776, 0.8660254037844370423, 1.000000000000000000, 0.8660254037844385966, 1.000000000000000000, 0.8660254037844369313, 1.000000000000001554 ) ) 
 REPRESENTATION_ITEM ( '' )  );
#1725 = CYLINDRICAL_SURFACE ( 'NONE', #7057, 1.499999999999999778 ) ;
#1726 = ADVANCED_FACE ( 'NONE', ( #3528 ), #650, .T. ) ;
#1727 = CARTESIAN_POINT ( 'NONE',  ( 1.299038105676657340, -0.7500000000000005551, -7.104166666666668739 ) ) ;
#1728 = CARTESIAN_POINT ( 'NONE',  ( -1.357050807568876971, 8.309539638847778957E-17, 2.874999999999999112 ) ) ;
#1729 = DIRECTION ( 'NONE',  ( 0.000000000000000000, 1.000000000000000000, 0.000000000000000000 ) ) ;
#1730 = ORIENTED_EDGE ( 'NONE', *, *, #3168, .F. ) ;
#1731 = CARTESIAN_POINT ( 'NONE',  ( -1.017788105676657784, 0.5876202367904177493, 2.333333333333331261 ) ) ;
#1732 = CARTESIAN_POINT ( 'NONE',  ( -1.299038105676657562, -0.7499999999999994449, -9.833333333333333925 ) ) ;
#1733 = CARTESIAN_POINT ( 'NONE',  ( -1.299038105676657784, 0.7500000000000001110, -5.354166666666667851 ) ) ;
#1734 = CARTESIAN_POINT ( 'NONE',  ( -1.017788105676658006, -0.5876202367904174162, 1.479166666666665186 ) ) ;
#1735 = EDGE_CURVE ( 'NONE', #1393, #3764, #6314, .T. ) ;
#1736 = CARTESIAN_POINT ( 'NONE',  ( 1.017788105676658228, 0.5876202367904167501, -4.770833333333334814 ) ) ;
#1737 = ORIENTED_EDGE ( 'NONE', *, *, #4096, .F. ) ;
#1738 = CARTESIAN_POINT ( 'NONE',  ( -0.6785254037844388186, -1.175240473580835276, -4.041666666666666963 ) ) ;
#1739 = AXIS2_PLACEMENT_3D ( 'NONE', #2273, #4595, #600 ) ;
#1740 = CARTESIAN_POINT ( 'NONE',  ( -1.017788105676657784, 0.5876202367904177493, -9.604166666666667851 ) ) ;
#1741 = CARTESIAN_POINT ( 'NONE',  ( 1.299038105676657118, -0.7500000000000004441, -8.166666666666667851 ) ) ;
#1742 = CARTESIAN_POINT ( 'NONE',  ( -1.439254484199189379E-16, -1.175240473580835276, -9.437500000000001776 ) ) ;
#1743 = DIRECTION ( 'NONE',  ( -0.000000000000000000, 6.173100338913050050E-57, -1.000000000000000000 ) ) ;
#1744 = CARTESIAN_POINT ( 'NONE',  ( -1.836970198721029441E-16, -1.499999999999999778, -3.687500000000001332 ) ) ;
#1745 = CARTESIAN_POINT ( 'NONE',  ( -0.8660254037844382635, 1.499999999999999556, -2.958333333333334814 ) ) ;
#1746 = DIRECTION ( 'NONE',  ( 0.000000000000000000, -0.8660254037844363761, 0.5000000000000039968 ) ) ;
#1747 = CARTESIAN_POINT ( 'NONE',  ( 0.000000000000000000, 1.499999999999999778, -10.49999999999999822 ) ) ;
#1748 = CARTESIAN_POINT ( 'NONE',  ( 1.322475605676658450, 0.7635316469341306700, 7.432291666666666963 ) ) ;
#1749 = CARTESIAN_POINT ( 'NONE',  ( 1.357050807568876749, -2.492861891654333810E-16, 3.687499999999998224 ) ) ;
#1750 = ORIENTED_EDGE ( 'NONE', *, *, #652, .T. ) ;
#1751 = CARTESIAN_POINT ( 'NONE',  ( 1.017788105676657562, -0.5876202367904181934, -5.416666666666667851 ) ) ;
#1752 = EDGE_CURVE ( 'NONE', #411, #1686, #7063, .T. ) ;
#1753 = CARTESIAN_POINT ( 'NONE',  ( -0.6785254037844382635, 1.175240473580835276, 0.2916666666666657415 ) ) ;
#1754 = CARTESIAN_POINT ( 'NONE',  ( -1.322475605676657784, -0.7635316469341314471, -6.786458333333334814 ) ) ;
#1755 = CARTESIAN_POINT ( 'NONE',  ( 1.763300807568876971, -3.239131034884752106E-16, -1.109375000000001110 ) ) ;
#1756 = VERTEX_POINT ( 'NONE', #7148 ) ;
#1757 = CARTESIAN_POINT ( 'NONE',  ( 0.000000000000000000, 1.851930101673914562E-56, 7.500000000000000000 ) ) ;
#1758 = CARTESIAN_POINT ( 'NONE',  ( 1.299038105676658450, 0.7499999999999986677, -8.583333333333333925 ) ) ;
#1759 = CARTESIAN_POINT ( 'NONE',  ( -0.6785254037844383745, 1.175240473580835499, 3.791666666666665186 ) ) ;
#1760 = CARTESIAN_POINT ( 'NONE',  ( 1.763300807568876971, -3.239131034884752106E-16, -10.10937500000000000 ) ) ;
#1761 = VERTEX_POINT ( 'NONE', #916 ) ;
#1762 =( BOUNDED_CURVE ( )  B_SPLINE_CURVE ( 2, ( #5116, #6696, #3893, #2211, #6110, #6, #3339 ),
 .UNSPECIFIED., .F., .F. ) 
 B_SPLINE_CURVE_WITH_KNOTS ( ( 3, 2, 2, 3 ),
 ( 0.8108108108108108558, 0.8153153153153153143, 0.8198198198198197728, 0.8243243243243243423 ),
 .UNSPECIFIED. ) 
 CURVE ( )  GEOMETRIC_REPRESENTATION_ITEM ( )  RATIONAL_B_SPLINE_CURVE ( ( 1.000000000000000000, 0.8660254037844385966, 1.000000000000000000, 0.8660254037844385966, 1.000000000000000000, 0.8660254037844385966, 1.000000000000000000 ) ) 
 REPRESENTATION_ITEM ( '' )  );
#1763 = CARTESIAN_POINT ( 'NONE',  ( -1.357050807568876971, 8.309539638847778957E-17, 3.374999999999997780 ) ) ;
#1764 = CYLINDRICAL_SURFACE ( 'NONE', #5956, 1.499999999999999778 ) ;
#1765 = CARTESIAN_POINT ( 'NONE',  ( -1.836970198721029441E-16, -1.499999999999999556, -0.7500000000000006661 ) ) ;
#1766 = CARTESIAN_POINT ( 'NONE',  ( 0.000000000000000000, 1.175240473580835276, 1.312499999999999334 ) ) ;
#1767 = CARTESIAN_POINT ( 'NONE',  ( -1.439254484199189379E-16, -1.175240473580835276, -3.437500000000001332 ) ) ;
#1768 = ORIENTED_EDGE ( 'NONE', *, *, #9, .T. ) ;
#1769 = CARTESIAN_POINT ( 'NONE',  ( -0.6785254037844383745, 1.175240473580835499, -5.208333333333333925 ) ) ;
#1770 = CARTESIAN_POINT ( 'NONE',  ( 0.8816504037844392627, 1.527063293868263116, 1.005208333333331927 ) ) ;
#1771 = CARTESIAN_POINT ( 'NONE',  ( -1.017788105676657784, 0.5876202367904177493, -10.10416666666666785 ) ) ;
#1772 = EDGE_CURVE ( 'NONE', #662, #6286, #5385, .T. ) ;
#1773 = CARTESIAN_POINT ( 'NONE',  ( -1.299038105676657562, 0.7500000000000000000, -3.416666666666667851 ) ) ;
#1774 = CARTESIAN_POINT ( 'NONE',  ( 0.000000000000000000, 1.499999999999999778, 2.562499999999998668 ) ) ;
#1775 = CARTESIAN_POINT ( 'NONE',  ( -1.017788105676657784, 0.5876202367904177493, -5.104166666666667851 ) ) ;
#1776 = CARTESIAN_POINT ( 'NONE',  ( 0.6785254037844380415, -1.175240473580835499, 6.541666666666666075 ) ) ;
#1777 = CARTESIAN_POINT ( 'NONE',  ( 0.000000000000000000, 1.499999999999999556, -9.000000000000003553 ) ) ;
#1778 = CARTESIAN_POINT ( 'NONE',  ( 1.299038105676657118, -0.7500000000000004441, 2.333333333333333037 ) ) ;
#1779 = CARTESIAN_POINT ( 'NONE',  ( -1.299038105676657784, 0.7500000000000001110, -9.354166666666667851 ) ) ;
#1780 = DIRECTION ( 'NONE',  ( 0.000000000000000000, 1.000000000000000000, 0.000000000000000000 ) ) ;
#1781 = CARTESIAN_POINT ( 'NONE',  ( 1.763300807568876971, -3.239131034884752106E-16, 7.890624999999998224 ) ) ;
#1782 = CARTESIAN_POINT ( 'NONE',  ( 1.357050807568876749, -2.492861891654333810E-16, 4.687499999999999112 ) ) ;
#1783 = VERTEX_POINT ( 'NONE', #5970 ) ;
#1784 = CARTESIAN_POINT ( 'NONE',  ( 1.357050807568876971, -2.492861891654333810E-16, -6.875000000000000888 ) ) ;
#1785 = CARTESIAN_POINT ( 'NONE',  ( 1.250000000000000000, -0.7216878364870323859, 3.681186920870133772 ) ) ;
#1786 = CARTESIAN_POINT ( 'NONE',  ( -1.357050807568876749, 8.309539638847778957E-17, -1.125000000000000888 ) ) ;
#1787 = CARTESIAN_POINT ( 'NONE',  ( 1.322475605676658450, 0.7635316469341306700, -7.536458333333333925 ) ) ;
#1788 = CARTESIAN_POINT ( 'NONE',  ( 0.8816504037844392627, 1.527063293868263116, 0.9739583333333318160 ) ) ;
#1789 = CARTESIAN_POINT ( 'NONE',  ( -1.439254484199189379E-16, -1.175240473580835276, -4.937500000000000888 ) ) ;
#1790 = VERTEX_POINT ( 'NONE', #7180 ) ;
#1791 = CARTESIAN_POINT ( 'NONE',  ( 1.017788105676658228, 0.5876202367904167501, 0.6666666666666660745 ) ) ;
#1792 = CARTESIAN_POINT ( 'NONE',  ( -0.6785254037844382635, 1.175240473580835276, -8.208333333333335702 ) ) ;
#1793 = CARTESIAN_POINT ( 'NONE',  ( 0.8660254037844394848, 1.499999999999999334, -4.541666666666668739 ) ) ;
#1794 = CARTESIAN_POINT ( 'NONE',  ( 1.299038105676658672, 0.7499999999999987788, 1.479166666666665186 ) ) ;
#1795 = CARTESIAN_POINT ( 'NONE',  ( -0.6785254037844383745, 1.175240473580835499, 3.291666666666664742 ) ) ;
#1796 = CARTESIAN_POINT ( 'NONE',  ( -1.763300807568876971, 1.079710344961584035E-16, -8.859375000000000000 ) ) ;
#1797 = ORIENTED_EDGE ( 'NONE', *, *, #1660, .T. ) ;
#1798 = VECTOR ( 'NONE', #416, 1000.000000000000000 ) ;
#1799 = CARTESIAN_POINT ( 'NONE',  ( 1.357050807568876971, -2.492861891654333810E-16, 5.625000000000000000 ) ) ;
#1800 = CARTESIAN_POINT ( 'NONE',  ( -1.732050807568877193, 1.060575238724906792E-16, -4.812500000000001776 ) ) ;
#1801 = CARTESIAN_POINT ( 'NONE',  ( 1.017788105676657562, -0.5876202367904181934, 0.6458333333333315940 ) ) ;
#1802 = AXIS2_PLACEMENT_3D ( 'NONE', #3631, #1743, #4218 ) ;
#1803 = CARTESIAN_POINT ( 'NONE',  ( -0.6785254037844388186, -1.175240473580835276, -3.979166666666667407 ) ) ;
#1804 = VECTOR ( 'NONE', #5933, 1000.000000000000000 ) ;
#1805 = ORIENTED_EDGE ( 'NONE', *, *, #3911, .F. ) ;
#1806 = CARTESIAN_POINT ( 'NONE',  ( -1.017788105676658006, -0.5876202367904174162, -5.583333333333333925 ) ) ;
#1807 =( BOUNDED_CURVE ( )  B_SPLINE_CURVE ( 2, ( #6379, #6823, #2859, #1818, #2969, #4615, #1260 ),
 .UNSPECIFIED., .F., .F. ) 
 B_SPLINE_CURVE_WITH_KNOTS ( ( 3, 2, 2, 3 ),
 ( 0.2297297297297297425, 0.2342342342342343120, 0.2387387387387387427, 0.2432432432432432012 ),
 .UNSPECIFIED. ) 
 CURVE ( )  GEOMETRIC_REPRESENTATION_ITEM ( )  RATIONAL_B_SPLINE_CURVE ( ( 0.9999999999999992228, 0.8660254037844394848, 1.000000000000000000, 0.8660254037844387076, 1.000000000000000000, 0.8660254037844387076, 1.000000000000000000 ) ) 
 REPRESENTATION_ITEM ( '' )  );
#1808 = CARTESIAN_POINT ( 'NONE',  ( 0.8816504037844380415, -1.527063293868264005, -0.1614583333333346471 ) ) ;
#1809 = ORIENTED_EDGE ( 'NONE', *, *, #6912, .F. ) ;
#1810 = FACE_OUTER_BOUND ( 'NONE', #5327, .T. ) ;
#1811 = DIRECTION ( 'NONE',  ( -0.000000000000000000, 6.173100338913050050E-57, -1.000000000000000000 ) ) ;
#1812 = CARTESIAN_POINT ( 'NONE',  ( -1.732050807568877415, 1.060575238724906915E-16, 6.125000000000000888 ) ) ;
#1813 = VECTOR ( 'NONE', #6618, 1000.000000000000000 ) ;
#1814 = CARTESIAN_POINT ( 'NONE',  ( -1.357050807568876971, 8.309539638847778957E-17, -6.562500000000000888 ) ) ;
#1815 = EDGE_CURVE ( 'NONE', #2131, #4208, #4855, .T. ) ;
#1816 = CARTESIAN_POINT ( 'NONE',  ( -1.299038105676657784, -0.7499999999999995559, -3.770833333333334370 ) ) ;
#1817 = AXIS2_PLACEMENT_3D ( 'NONE', #2656, #6692, #3146 ) ;
#1818 = CARTESIAN_POINT ( 'NONE',  ( -1.732050807568877193, 1.060575238724906792E-16, 3.187499999999997780 ) ) ;
#1819 = CARTESIAN_POINT ( 'NONE',  ( 1.255779613878850176, -0.8249259056526040412, -10.17082921698070130 ) ) ;
#1820 = LINE ( 'NONE', #3394, #3078 ) ;
#1821 = CARTESIAN_POINT ( 'NONE',  ( -1.017788105676658006, -0.5876202367904174162, -10.52083333333333393 ) ) ;
#1822 = CARTESIAN_POINT ( 'NONE',  ( -1.017788105676657784, 0.5876202367904177493, 5.895833333333331261 ) ) ;
#1823 = ORIENTED_EDGE ( 'NONE', *, *, #4457, .F. ) ;
#1824 = CARTESIAN_POINT ( 'NONE',  ( -1.439254484199189379E-16, -1.175240473580835276, -7.000000000000000888 ) ) ;
#1825 = LINE ( 'NONE', #1785, #7239 ) ;
#1826 = CARTESIAN_POINT ( 'NONE',  ( 1.017788105676657562, -0.5876202367904181934, -0.4166666666666676289 ) ) ;
#1827 = CARTESIAN_POINT ( 'NONE',  ( 1.017788105676657562, -0.5876202367904181934, 3.645833333333332593 ) ) ;
#1828 = CARTESIAN_POINT ( 'NONE',  ( 0.8816504037844380415, -1.527063293868264005, -6.161458333333334814 ) ) ;
#1829 = CARTESIAN_POINT ( 'NONE',  ( -1.870113174931182636E-16, -1.527063293868263338, 1.765624999999998002 ) ) ;
#1830 = CARTESIAN_POINT ( 'NONE',  ( -1.439254484199189379E-16, -1.175240473580835276, -1.437500000000001332 ) ) ;
#1831 = ORIENTED_EDGE ( 'NONE', *, *, #4224, .F. ) ;
#1832 = CARTESIAN_POINT ( 'NONE',  ( 0.000000000000000000, 1.175240473580835276, -8.750000000000000000 ) ) ;
#1833 = CARTESIAN_POINT ( 'NONE',  ( 0.000000000000000000, 1.296351071171740261E-55, -10.49999999999999822 ) ) ;
#1834 = CARTESIAN_POINT ( 'NONE',  ( 0.000000000000000000, 1.296351071171740261E-55, -10.49999999999999822 ) ) ;
#1835 = CARTESIAN_POINT ( 'NONE',  ( 1.357050807568876971, -2.492861891654333810E-16, 6.624999999999997335 ) ) ;
#1836 = CARTESIAN_POINT ( 'NONE',  ( -1.763300807568876971, 1.079710344961584035E-16, -8.359375000000000000 ) ) ;
#1837 = VERTEX_POINT ( 'NONE', #353 ) ;
#1838 = CARTESIAN_POINT ( 'NONE',  ( -1.017788105676658006, -0.5876202367904174162, 6.916666666666666075 ) ) ;
#1839 = CARTESIAN_POINT ( 'NONE',  ( 0.8660254037844380415, -1.500000000000000444, 0.2916666666666657415 ) ) ;
#1840 = CARTESIAN_POINT ( 'NONE',  ( -0.8660254037844506980, 1.499999999999978240, -0.9583333333333325932 ) ) ;
#1841 = CARTESIAN_POINT ( 'NONE',  ( -1.017788105676658006, -0.5876202367904174162, 2.979166666666664742 ) ) ;
#1842 = CARTESIAN_POINT ( 'NONE',  ( -1.357050807568876971, 8.309539638847778957E-17, -1.062500000000000888 ) ) ;
#1843 = ORIENTED_EDGE ( 'NONE', *, *, #6311, .T. ) ;
#1844 = CARTESIAN_POINT ( 'NONE',  ( -1.017788105676658006, -0.5876202367904174162, -3.583333333333334370 ) ) ;
#1845 = CARTESIAN_POINT ( 'NONE',  ( -0.8816504037844389297, -1.527063293868263116, 0.7552083333333317050 ) ) ;
#1846 = ORIENTED_EDGE ( 'NONE', *, *, #312, .T. ) ;
#1847 = CARTESIAN_POINT ( 'NONE',  ( -0.6785254037844388186, -1.175240473580835054, -9.979166666666667851 ) ) ;
#1848 = ADVANCED_FACE ( 'NONE', ( #6085 ), #3156, .T. ) ;
#1849 = CARTESIAN_POINT ( 'NONE',  ( -1.836970198721029441E-16, -1.499999999999999778, -2.687500000000000444 ) ) ;
#1850 = CARTESIAN_POINT ( 'NONE',  ( 1.299038105676658450, 0.7499999999999986677, -5.583333333333333925 ) ) ;
#1851 = CARTESIAN_POINT ( 'NONE',  ( -1.017788105676658006, -0.5876202367904174162, -4.583333333333333925 ) ) ;
#1852 = CARTESIAN_POINT ( 'NONE',  ( -1.439254484199189379E-16, -1.175240473580835276, -5.937500000000000888 ) ) ;
#1853 = CARTESIAN_POINT ( 'NONE',  ( 0.000000000000000000, 1.499999999999999778, -3.937500000000000888 ) ) ;
#1854 = DIRECTION ( 'NONE',  ( 0.000000000000000000, -1.000000000000000000, -1.281975124255723263E-16 ) ) ;
#1855 = CARTESIAN_POINT ( 'NONE',  ( -1.836970198721029441E-16, -1.499999999999999778, 5.312499999999999112 ) ) ;
#1856 = CARTESIAN_POINT ( 'NONE',  ( -0.6785254037844388186, -1.175240473580835276, -8.979166666666667851 ) ) ;
#1857 = CARTESIAN_POINT ( 'NONE',  ( -0.6785254037844382635, 1.175240473580835276, 6.354166666666666075 ) ) ;
#1858 = ORIENTED_EDGE ( 'NONE', *, *, #5813, .T. ) ;
#1859 = VECTOR ( 'NONE', #3474, 1000.000000000000000 ) ;
#1860 = EDGE_CURVE ( 'NONE', #3891, #1718, #4387, .T. ) ;
#1861 = CARTESIAN_POINT ( 'NONE',  ( -1.017788105676657784, 0.5876202367904177493, -5.666666666666667851 ) ) ;
#1862 = CARTESIAN_POINT ( 'NONE',  ( -0.8660254037844512531, -1.499999999999978018, -2.229166666666668295 ) ) ;
#1863 = CARTESIAN_POINT ( 'NONE',  ( -1.017788105676657784, 0.5876202367904177493, 0.3333333333333313164 ) ) ;
#1864 = CARTESIAN_POINT ( 'NONE',  ( -0.6785254037844383745, 1.175240473580835499, 4.354166666666666075 ) ) ;
#1865 = CARTESIAN_POINT ( 'NONE',  ( -1.763300807568876971, 1.079710344961584035E-16, -3.828125000000001776 ) ) ;
#1866 = CARTESIAN_POINT ( 'NONE',  ( -1.322475605676657784, -0.7635316469341314471, 1.682291666666665186 ) ) ;
#1867 = CARTESIAN_POINT ( 'NONE',  ( 1.017788105676658228, 0.5876202367904167501, -2.270833333333334814 ) ) ;
#1868 = VERTEX_POINT ( 'NONE', #5418 ) ;
#1869 = EDGE_CURVE ( 'NONE', #3635, #5425, #4312, .T. ) ;
#1870 = CARTESIAN_POINT ( 'NONE',  ( 1.017788105676658228, 0.5876202367904167501, -8.833333333333333925 ) ) ;
#1871 = DIRECTION ( 'NONE',  ( -0.000000000000000000, 6.173100338913050050E-57, -1.000000000000000000 ) ) ;
#1872 = CARTESIAN_POINT ( 'NONE',  ( 0.8660254037844378194, -1.500000000000000000, 1.354166666666665186 ) ) ;
#1873 = CARTESIAN_POINT ( 'NONE',  ( 1.017788105676657562, -0.5876202367904181934, 5.583333333333330373 ) ) ;
#1874 = VERTEX_POINT ( 'NONE', #4351 ) ;
#1875 = CARTESIAN_POINT ( 'NONE',  ( -1.017788105676657784, 0.5876202367904177493, 6.333333333333331261 ) ) ;
#1876 = FACE_OUTER_BOUND ( 'NONE', #5189, .T. ) ;
#1877 = CARTESIAN_POINT ( 'NONE',  ( -1.299038105676657784, 0.7500000000000001110, -4.854166666666667851 ) ) ;
#1878 = CARTESIAN_POINT ( 'NONE',  ( 0.6785254037844380415, -1.175240473580835721, 2.604166666666666075 ) ) ;
#1879 = CARTESIAN_POINT ( 'NONE',  ( -1.357050807568876971, 8.309539638847778957E-17, -1.562500000000001332 ) ) ;
#1880 = CARTESIAN_POINT ( 'NONE',  ( 0.000000000000000000, 1.296351071171740261E-55, -10.49999999999999822 ) ) ;
#1881 = CARTESIAN_POINT ( 'NONE',  ( -1.439254484199189379E-16, -1.175240473580835276, -2.500000000000000444 ) ) ;
#1882 = CARTESIAN_POINT ( 'NONE',  ( 1.322475605676657340, -0.7635316469341323353, 1.880208333333332593 ) ) ;
#1883 = ORIENTED_EDGE ( 'NONE', *, *, #6708, .F. ) ;
#1884 = CARTESIAN_POINT ( 'NONE',  ( 0.6785254037844391517, 1.175240473580835054, -9.729166666666667851 ) ) ;
#1885 = CARTESIAN_POINT ( 'NONE',  ( 1.250000000000000000, -0.7216878364870323859, 10.39174682452694576 ) ) ;
#1886 = EDGE_CURVE ( 'NONE', #3500, #1988, #3809, .T. ) ;
#1887 = CARTESIAN_POINT ( 'NONE',  ( 1.836970198721029688E-16, -1.499999999999999778, -10.49999999999999822 ) ) ;
#1888 = CARTESIAN_POINT ( 'NONE',  ( -1.439254484199189379E-16, -1.175240473580835276, -4.937500000000000888 ) ) ;
#1889 = FACE_OUTER_BOUND ( 'NONE', #5950, .T. ) ;
#1890 = CARTESIAN_POINT ( 'NONE',  ( -1.836970198721029441E-16, -1.499999999999999556, 5.249999999999999112 ) ) ;
#1891 = CARTESIAN_POINT ( 'NONE',  ( 1.357050807568876971, -2.492861891654333810E-16, -8.812500000000000000 ) ) ;
#1892 = CARTESIAN_POINT ( 'NONE',  ( 0.6785254037844391517, 1.175240473580835054, 4.270833333333331261 ) ) ;
#1893 = VERTEX_POINT ( 'NONE', #393 ) ;
#1894 = CARTESIAN_POINT ( 'NONE',  ( -0.6785254037844383745, 1.175240473580835499, -5.708333333333333925 ) ) ;
#1895 = CARTESIAN_POINT ( 'NONE',  ( -1.249999999999999778, 0.7216878364870319418, 8.500000000000000000 ) ) ;
#1896 = CARTESIAN_POINT ( 'NONE',  ( 1.357050807568876971, -2.492861891654333810E-16, -2.375000000000000444 ) ) ;
#1897 = CARTESIAN_POINT ( 'NONE',  ( 1.357050807568876749, -2.492861891654333810E-16, 0.6249999999999987788 ) ) ;
#1898 = CARTESIAN_POINT ( 'NONE',  ( 0.000000000000000000, 1.175240473580835276, 4.812499999999999112 ) ) ;
#1899 = CARTESIAN_POINT ( 'NONE',  ( -0.8816504037844382635, 1.527063293868263338, -4.411458333333334814 ) ) ;
#1900 = CARTESIAN_POINT ( 'NONE',  ( 0.8816504037844392627, 1.527063293868263116, -0.02604166666666726804 ) ) ;
#1901 = CARTESIAN_POINT ( 'NONE',  ( 0.000000000000000000, 1.175240473580835276, -1.687500000000001554 ) ) ;
#1902 = EDGE_LOOP ( 'NONE', ( #4282, #5979, #3516, #3686 ) ) ;
#1903 = CARTESIAN_POINT ( 'NONE',  ( 0.000000000000000000, 1.175240473580835276, -7.250000000000000888 ) ) ;
#1904 = EDGE_CURVE ( 'NONE', #5192, #1940, #5841, .T. ) ;
#1905 = FACE_OUTER_BOUND ( 'NONE', #4028, .T. ) ;
#1906 = CARTESIAN_POINT ( 'NONE',  ( -0.6785254037844383745, 1.175240473580835499, 5.291666666666665186 ) ) ;
#1907 = CARTESIAN_POINT ( 'NONE',  ( 1.322475605676657340, -0.7635316469341323353, -7.651041666666666963 ) ) ;
#1908 = ORIENTED_EDGE ( 'NONE', *, *, #5894, .F. ) ;
#1909 = CARTESIAN_POINT ( 'NONE',  ( 1.017788105676657562, -0.5876202367904181934, 5.083333333333330373 ) ) ;
#1910 = CARTESIAN_POINT ( 'NONE',  ( 0.6785254037844392627, 1.175240473580835054, 4.270833333333331261 ) ) ;
#1911 = CARTESIAN_POINT ( 'NONE',  ( -0.6785254037844383745, 1.175240473580835499, -1.145833333333333703 ) ) ;
#1912 = FACE_OUTER_BOUND ( 'NONE', #2248, .T. ) ;
#1913 = EDGE_CURVE ( 'NONE', #4756, #713, #3675, .T. ) ;
#1914 = ORIENTED_EDGE ( 'NONE', *, *, #330, .F. ) ;
#1915 = CARTESIAN_POINT ( 'NONE',  ( 0.000000000000000000, 1.175240473580835276, -2.250000000000001776 ) ) ;
#1916 = CARTESIAN_POINT ( 'NONE',  ( -1.322475605676657784, -0.7635316469341314471, 2.213541666666665630 ) ) ;
#1917 = EDGE_LOOP ( 'NONE', ( #4495, #383, #5469, #4330 ) ) ;
#1918 = CARTESIAN_POINT ( 'NONE',  ( -0.6785254037844382635, 1.175240473580835276, -9.145833333333333925 ) ) ;
#1919 = LINE ( 'NONE', #4039, #4187 ) ;
#1920 = CARTESIAN_POINT ( 'NONE',  ( -1.299038105676657784, 0.7500000000000001110, -8.354166666666667851 ) ) ;
#1921 = CARTESIAN_POINT ( 'NONE',  ( 1.017788105676658228, 0.5876202367904167501, -5.270833333333333925 ) ) ;
#1922 = CARTESIAN_POINT ( 'NONE',  ( -1.357050807568876971, 8.309539638847778957E-17, -10.12500000000000000 ) ) ;
#1923 = CARTESIAN_POINT ( 'NONE',  ( 0.000000000000000000, 1.499999999999999778, -8.437500000000000000 ) ) ;
#1924 = CARTESIAN_POINT ( 'NONE',  ( 0.000000000000000000, 1.175240473580835276, -10.68750000000000000 ) ) ;
#1925 = CARTESIAN_POINT ( 'NONE',  ( 1.017788105676658228, 0.5876202367904167501, 6.229166666666666075 ) ) ;
#1926 = ORIENTED_EDGE ( 'NONE', *, *, #4267, .F. ) ;
#1927 = CARTESIAN_POINT ( 'NONE',  ( 1.017788105676658228, 0.5876202367904167501, 1.666666666666665186 ) ) ;
#1928 = DIRECTION ( 'NONE',  ( -0.000000000000000000, 6.173100338913050050E-57, -1.000000000000000000 ) ) ;
#1929 = AXIS2_PLACEMENT_3D ( 'NONE', #2824, #1001, #4506 ) ;
#1930 = CARTESIAN_POINT ( 'NONE',  ( 1.017788105676657562, -0.5876202367904181934, 2.083333333333333037 ) ) ;
#1931 = CARTESIAN_POINT ( 'NONE',  ( -1.017788105676657784, 0.5876202367904177493, 5.895833333333331261 ) ) ;
#1932 = CARTESIAN_POINT ( 'NONE',  ( -1.763300807568876971, 1.079710344961584035E-16, -5.328125000000000888 ) ) ;
#1933 = CARTESIAN_POINT ( 'NONE',  ( -0.8816504037844382635, 1.527063293868263338, 1.057291666666666519 ) ) ;
#1934 = CARTESIAN_POINT ( 'NONE',  ( 0.6785254037844391517, 1.175240473580835054, -2.229166666666667407 ) ) ;
#1935 = ORIENTED_EDGE ( 'NONE', *, *, #1114, .F. ) ;
#1936 = CARTESIAN_POINT ( 'NONE',  ( -1.017788105676658006, -0.5876202367904174162, -8.583333333333335702 ) ) ;
#1937 = DIRECTION ( 'NONE',  ( 0.000000000000000000, 1.000000000000000000, 0.000000000000000000 ) ) ;
#1938 = CARTESIAN_POINT ( 'NONE',  ( 1.017788105676658228, 0.5876202367904167501, 5.666666666666665186 ) ) ;
#1939 = CARTESIAN_POINT ( 'NONE',  ( 1.322475605676657340, -0.7635316469341323353, -8.151041666666667851 ) ) ;
#1940 = VERTEX_POINT ( 'NONE', #430 ) ;
#1941 = CARTESIAN_POINT ( 'NONE',  ( -0.6785254037844383745, 1.175240473580835499, 4.791666666666665186 ) ) ;
#1942 = DIRECTION ( 'NONE',  ( -0.000000000000000000, 6.173100338913050050E-57, -1.000000000000000000 ) ) ;
#1943 = EDGE_CURVE ( 'NONE', #4280, #5337, #6359, .T. ) ;
#1944 = CARTESIAN_POINT ( 'NONE',  ( -0.6785254037844383745, 1.175240473580835499, 3.854166666666665630 ) ) ;
#1945 = CARTESIAN_POINT ( 'NONE',  ( -0.6785254037844388186, -1.175240473580835276, -1.479166666666668517 ) ) ;
#1946 = CARTESIAN_POINT ( 'NONE',  ( -1.439254484199189379E-16, -1.175240473580835276, 6.000000000000000000 ) ) ;
#1947 = ORIENTED_EDGE ( 'NONE', *, *, #5583, .T. ) ;
#1948 = CARTESIAN_POINT ( 'NONE',  ( -0.6785254037844388186, -1.175240473580835276, -2.041666666666667407 ) ) ;
#1949 = CARTESIAN_POINT ( 'NONE',  ( 0.8816504037844380415, -1.527063293868264005, 2.838541666666664742 ) ) ;
#1950 = EDGE_LOOP ( 'NONE', ( #520, #7081, #5762, #535 ) ) ;
#1951 = CARTESIAN_POINT ( 'NONE',  ( -1.357050807568876749, 8.309539638847778957E-17, -8.062500000000000000 ) ) ;
#1952 = DIRECTION ( 'NONE',  ( 1.000000000000000000, -0.000000000000000000, 0.000000000000000000 ) ) ;
#1953 = CARTESIAN_POINT ( 'NONE',  ( 0.000000000000000000, 1.499999999999999778, -10.49999999999999822 ) ) ;
#1954 = ADVANCED_FACE ( 'NONE', ( #1031 ), #6704, .T. ) ;
#1955 = CARTESIAN_POINT ( 'NONE',  ( -0.6785254037844383745, 1.175240473580835499, -4.645833333333334814 ) ) ;
#1956 =( BOUNDED_CURVE ( )  B_SPLINE_CURVE ( 2, ( #5111, #709, #5727, #2874, #2985, #1793, #67 ),
 .UNSPECIFIED., .F., .T. ) 
 B_SPLINE_CURVE_WITH_KNOTS ( ( 3, 2, 2, 3 ),
 ( 0.3108108108108108558, 0.3153153153153153698, 0.3198198198198198283, 0.3243243243243243423 ),
 .UNSPECIFIED. ) 
 CURVE ( )  GEOMETRIC_REPRESENTATION_ITEM ( )  RATIONAL_B_SPLINE_CURVE ( ( 0.9999999999999983347, 0.8660254037844402619, 1.000000000000000000, 0.8660254037844385966, 1.000000000000000000, 0.8660254037844385966, 1.000000000000000000 ) ) 
 REPRESENTATION_ITEM ( '' )  );
#1957 = CARTESIAN_POINT ( 'NONE',  ( -1.017788105676657784, 0.5876202367904177493, -9.166666666666666075 ) ) ;
#1958 = CARTESIAN_POINT ( 'NONE',  ( -1.836970198721029441E-16, -1.499999999999999556, 5.750000000000000000 ) ) ;
#1959 = CARTESIAN_POINT ( 'NONE',  ( -0.6785254037844383745, 1.175240473580835499, -8.145833333333333925 ) ) ;
#1960 = CARTESIAN_POINT ( 'NONE',  ( 0.000000000000000000, 1.499999999999999778, 6.562499999999997335 ) ) ;
#1961 = CARTESIAN_POINT ( 'NONE',  ( 0.000000000000000000, 1.175240473580835276, 1.249999999999999334 ) ) ;
#1962 = CARTESIAN_POINT ( 'NONE',  ( 0.000000000000000000, 1.296351071171740261E-55, -10.49999999999999822 ) ) ;
#1963 = CARTESIAN_POINT ( 'NONE',  ( 0.000000000000000000, 1.499999999999999778, -4.437500000000001776 ) ) ;
#1964 = ADVANCED_FACE ( 'NONE', ( #3972 ), #7256, .T. ) ;
#1965 = CARTESIAN_POINT ( 'NONE',  ( 0.6785254037844391517, 1.175240473580835054, 1.208333333333331705 ) ) ;
#1966 = CARTESIAN_POINT ( 'NONE',  ( 1.017788105676657562, -0.5876202367904181934, 6.145833333333331261 ) ) ;
#1967 = DIRECTION ( 'NONE',  ( 0.000000000000000000, -0.7071067811865462405, 0.7071067811865489050 ) ) ;
#1968 = CARTESIAN_POINT ( 'NONE',  ( -0.8816504037844389297, -1.527063293868263116, -5.244791666666667851 ) ) ;
#1969 =( BOUNDED_CURVE ( )  B_SPLINE_CURVE ( 2, ( #4011, #5101, #5166, #7345, #1715, #6235, #1154 ),
 .UNSPECIFIED., .F., .T. ) 
 B_SPLINE_CURVE_WITH_KNOTS ( ( 3, 2, 2, 3 ),
 ( 0.7837837837837837718, 0.7882882882882883413, 0.7927927927927927998, 0.7972972972972972583 ),
 .UNSPECIFIED. ) 
 CURVE ( )  GEOMETRIC_REPRESENTATION_ITEM ( )  RATIONAL_B_SPLINE_CURVE ( ( 1.000000000000000000, 0.8660254037844385966, 1.000000000000000000, 0.8660254037844385966, 1.000000000000000000, 0.8660254037844385966, 1.000000000000000000 ) ) 
 REPRESENTATION_ITEM ( '' )  );
#1970 = VECTOR ( 'NONE', #1433, 1000.000000000000000 ) ;
#1971 = CARTESIAN_POINT ( 'NONE',  ( -1.322475605676657784, 0.7635316469341318912, 2.598958333333331705 ) ) ;
#1972 = ORIENTED_EDGE ( 'NONE', *, *, #5159, .F. ) ;
#1973 = CARTESIAN_POINT ( 'NONE',  ( 0.000000000000000000, 1.175240473580835276, -3.187500000000000888 ) ) ;
#1974 = VERTEX_POINT ( 'NONE', #2254 ) ;
#1975 = CARTESIAN_POINT ( 'NONE',  ( 1.017788105676657562, -0.5876202367904181934, -6.916666666666667851 ) ) ;
#1976 = EDGE_CURVE ( 'NONE', #6127, #820, #1179, .T. ) ;
#1977 = FACE_OUTER_BOUND ( 'NONE', #4, .T. ) ;
#1978 = CARTESIAN_POINT ( 'NONE',  ( 0.000000000000000000, 1.175240473580835276, 4.749999999999999112 ) ) ;
#1979 = CARTESIAN_POINT ( 'NONE',  ( -1.322475605676657784, 0.7635316469341318912, -6.901041666666666963 ) ) ;
#1980 = ORIENTED_EDGE ( 'NONE', *, *, #6039, .T. ) ;
#1981 = CARTESIAN_POINT ( 'NONE',  ( -0.6785254037844388186, -1.175240473580835276, 3.520833333333332593 ) ) ;
#1982 = CARTESIAN_POINT ( 'NONE',  ( -1.017788105676657784, 0.5876202367904177493, -1.604166666666666963 ) ) ;
#1983 = CARTESIAN_POINT ( 'NONE',  ( 1.017788105676657562, -0.5876202367904181934, 6.083333333333331261 ) ) ;
#1984 = CARTESIAN_POINT ( 'NONE',  ( -1.836970198721029441E-16, -1.499999999999999556, 1.249999999999999112 ) ) ;
#1985 = CARTESIAN_POINT ( 'NONE',  ( 1.017788105676657562, -0.5876202367904181934, -0.9166666666666680729 ) ) ;
#1986 = CARTESIAN_POINT ( 'NONE',  ( -1.299038105676657784, 0.7500000000000001110, 5.145833333333330373 ) ) ;
#1987 = CARTESIAN_POINT ( 'NONE',  ( 0.8816504037844392627, 1.527063293868263116, 4.005208333333331261 ) ) ;
#1988 = VERTEX_POINT ( 'NONE', #4422 ) ;
#1989 = CARTESIAN_POINT ( 'NONE',  ( -1.439254484199189379E-16, -1.175240473580835276, -6.937500000000000888 ) ) ;
#1990 = CARTESIAN_POINT ( 'NONE',  ( -1.299038105676657784, -0.7499999999999995559, 2.729166666666664298 ) ) ;
#1991 = CARTESIAN_POINT ( 'NONE',  ( 1.732050807568877193, -3.181725716174720005E-16, -4.062500000000000888 ) ) ;
#1992 = CARTESIAN_POINT ( 'NONE',  ( -1.017788105676657784, 0.5876202367904177493, -3.604166666666667851 ) ) ;
#1993 = CARTESIAN_POINT ( 'NONE',  ( -1.406069951205882962, 0.1225691023330983676, -10.26684897981553490 ) ) ;
#1994 = CARTESIAN_POINT ( 'NONE',  ( 0.8660254037844394848, 1.499999999999999334, 5.458333333333331261 ) ) ;
#1995 = EDGE_CURVE ( 'NONE', #1600, #4586, #5324, .T. ) ;
#1996 = CARTESIAN_POINT ( 'NONE',  ( 0.6785254037844392627, 1.175240473580835054, -6.229166666666666963 ) ) ;
#1997 = CARTESIAN_POINT ( 'NONE',  ( -0.6785254037844388186, -1.175240473580835054, 7.020833333333332149 ) ) ;
#1998 = CARTESIAN_POINT ( 'NONE',  ( -1.299038105676657562, 0.7500000000000000000, -8.416666666666667851 ) ) ;
#1999 =( BOUNDED_CURVE ( )  B_SPLINE_CURVE ( 2, ( #3444, #3555, #5771, #4708, #6951, #716, #1248 ),
 .UNSPECIFIED., .F., .F. ) 
 B_SPLINE_CURVE_WITH_KNOTS ( ( 3, 2, 2, 3 ),
 ( 0.06756756756756762683, 0.07207207207207221022, 0.07657657657657668260, 0.08108108108108115497 ),
 .UNSPECIFIED. ) 
 CURVE ( )  GEOMETRIC_REPRESENTATION_ITEM ( )  RATIONAL_B_SPLINE_CURVE ( ( 0.9999999999999975575, 0.8660254037844411501, 1.000000000000000000, 0.8660254037844387076, 1.000000000000000000, 0.8660254037844350439, 1.000000000000003775 ) ) 
 REPRESENTATION_ITEM ( '' )  );
#2000 = CARTESIAN_POINT ( 'NONE',  ( 1.249999999999999778, 0.1268729961951118312, 10.19837115155287677 ) ) ;
#2001 = CARTESIAN_POINT ( 'NONE',  ( -0.6785254037844382635, 1.175240473580835276, 1.291666666666664964 ) ) ;
#2002 = CARTESIAN_POINT ( 'NONE',  ( -1.017788105676657784, 0.5876202367904177493, 6.895833333333332149 ) ) ;
#2003 = CARTESIAN_POINT ( 'NONE',  ( 1.299038105676657118, -0.7500000000000004441, 6.333333333333331261 ) ) ;
#2004 = CARTESIAN_POINT ( 'NONE',  ( 1.322475605676657340, -0.7635316469341323353, -2.619791666666667851 ) ) ;
#2005 = CARTESIAN_POINT ( 'NONE',  ( -0.8816504037844389297, -1.527063293868263116, 2.223958333333333037 ) ) ;
#2006 = EDGE_LOOP ( 'NONE', ( #6099, #3471, #154, #764 ) ) ;
#2007 = CARTESIAN_POINT ( 'NONE',  ( -1.017788105676657784, 0.5876202367904177493, 0.8958333333333318160 ) ) ;
#2008 = ORIENTED_EDGE ( 'NONE', *, *, #6121, .T. ) ;
#2009 = CARTESIAN_POINT ( 'NONE',  ( -0.6785254037844382635, 1.175240473580835276, -6.708333333333335702 ) ) ;
#2010 = DIRECTION ( 'NONE',  ( -1.000000000000000000, 0.000000000000000000, -0.000000000000000000 ) ) ;
#2011 =( BOUNDED_CURVE ( )  B_SPLINE_CURVE ( 2, ( #5591, #1025, #1061, #3340, #6736, #2100, #5552 ),
 .UNSPECIFIED., .F., .F. ) 
 B_SPLINE_CURVE_WITH_KNOTS ( ( 3, 2, 2, 3 ),
 ( 0.6486486486486486847, 0.6531531531531531432, 0.6576576576576576016, 0.6621621621621620601 ),
 .UNSPECIFIED. ) 
 CURVE ( )  GEOMETRIC_REPRESENTATION_ITEM ( )  RATIONAL_B_SPLINE_CURVE ( ( 1.000000000000000000, 0.8660254037844385966, 1.000000000000000000, 0.8660254037844385966, 1.000000000000000000, 0.8660254037844419273, 0.9999999999999966693 ) ) 
 REPRESENTATION_ITEM ( '' )  );
#2012 = CARTESIAN_POINT ( 'NONE',  ( -1.017788105676658006, -0.5876202367904174162, 7.416666666666666963 ) ) ;
#2013 = CARTESIAN_POINT ( 'NONE',  ( 0.8816504037844380415, -1.527063293868264005, -5.192708333333333925 ) ) ;
#2014 = VERTEX_POINT ( 'NONE', #6669 ) ;
#2015 = DIRECTION ( 'NONE',  ( -0.000000000000000000, 6.173100338913050050E-57, -1.000000000000000000 ) ) ;
#2016 = CARTESIAN_POINT ( 'NONE',  ( -1.017788105676657784, 0.5876202367904177493, 5.395833333333330373 ) ) ;
#2017 = CARTESIAN_POINT ( 'NONE',  ( 1.017788105676657562, -0.5876202367904181934, 0.6458333333333315940 ) ) ;
#2018 = CARTESIAN_POINT ( 'NONE',  ( -1.836970198721029441E-16, -1.499999999999999778, -9.687500000000001776 ) ) ;
#2019 = CARTESIAN_POINT ( 'NONE',  ( 1.299038105676657340, -0.7500000000000005551, -2.604166666666667851 ) ) ;
#2020 = CARTESIAN_POINT ( 'NONE',  ( 0.6785254037844380415, -1.175240473580835721, -0.4583333333333349247 ) ) ;
#2021 = CARTESIAN_POINT ( 'NONE',  ( -0.8660254037844383745, 1.499999999999999778, -5.895833333333334814 ) ) ;
#2022 = CARTESIAN_POINT ( 'NONE',  ( 0.8816504037844392627, 1.527063293868263116, 2.005208333333330817 ) ) ;
#2023 = ORIENTED_EDGE ( 'NONE', *, *, #191, .F. ) ;
#2024 = CARTESIAN_POINT ( 'NONE',  ( 1.017788105676658228, 0.5876202367904167501, -8.770833333333333925 ) ) ;
#2025 = CARTESIAN_POINT ( 'NONE',  ( 0.8660254037844270503, 1.500000000000020872, 4.958333333333334814 ) ) ;
#2026 = FACE_OUTER_BOUND ( 'NONE', #2963, .T. ) ;
#2027 = CARTESIAN_POINT ( 'NONE',  ( -1.357050807568876971, 8.309539638847778957E-17, -3.062500000000000888 ) ) ;
#2028 = CARTESIAN_POINT ( 'NONE',  ( 1.299038105676658672, 0.7499999999999987788, -10.02083333333333393 ) ) ;
#2029 = CARTESIAN_POINT ( 'NONE',  ( -1.017788105676658006, -0.5876202367904174162, -9.083333333333333925 ) ) ;
#2030 = CARTESIAN_POINT ( 'NONE',  ( 1.299038105676658450, 0.7499999999999986677, 5.416666666666665186 ) ) ;
#2031 = CARTESIAN_POINT ( 'NONE',  ( -1.439254484199189379E-16, -1.175240473580835276, -6.437500000000001776 ) ) ;
#2032 = DIRECTION ( 'NONE',  ( -0.000000000000000000, 6.173100338913050050E-57, -1.000000000000000000 ) ) ;
#2033 = CARTESIAN_POINT ( 'NONE',  ( 0.6785254037844380415, -1.175240473580835721, 2.041666666666665630 ) ) ;
#2034 = CARTESIAN_POINT ( 'NONE',  ( -1.836970198721029441E-16, -1.499999999999999556, 5.750000000000000000 ) ) ;
#2035 = CARTESIAN_POINT ( 'NONE',  ( -0.7364247641451128201, -1.018200637156976951, 10.19864201011963978 ) ) ;
#2036 = ADVANCED_FACE ( 'NONE', ( #4537 ), #1626, .T. ) ;
#2037 = VECTOR ( 'NONE', #4273, 1000.000000000000000 ) ;
#2038 = CARTESIAN_POINT ( 'NONE',  ( -1.357050807568876749, 8.309539638847778957E-17, 3.374999999999997780 ) ) ;
#2039 = CARTESIAN_POINT ( 'NONE',  ( 0.6785254037844392627, 1.175240473580835054, 7.270833333333332149 ) ) ;
#2040 = CARTESIAN_POINT ( 'NONE',  ( -1.732050807568877415, 1.060575238724906915E-16, -5.375000000000000888 ) ) ;
#2041 = CARTESIAN_POINT ( 'NONE',  ( -1.836970198721029441E-16, -1.499999999999999778, -6.187500000000000888 ) ) ;
#2042 =( BOUNDED_CURVE ( )  B_SPLINE_CURVE ( 2, ( #6083, #1625, #1030, #5638, #3864, #3309, #2736 ),
 .UNSPECIFIED., .F., .F. ) 
 B_SPLINE_CURVE_WITH_KNOTS ( ( 3, 2, 2, 3 ),
 ( 0.7567567567567567988, 0.7612612612612612573, 0.7657657657657656047, 0.7702702702702701743 ),
 .UNSPECIFIED. ) 
 CURVE ( )  GEOMETRIC_REPRESENTATION_ITEM ( )  RATIONAL_B_SPLINE_CURVE ( ( 1.000000000000000000, 0.8660254037844385966, 1.000000000000000000, 0.8660254037844385966, 1.000000000000000000, 0.8660254037844419273, 0.9999999999999966693 ) ) 
 REPRESENTATION_ITEM ( '' )  );
#2043 = CARTESIAN_POINT ( 'NONE',  ( 0.8816504037844380415, -1.527063293868264005, 4.307291666666666075 ) ) ;
#2044 = EDGE_LOOP ( 'NONE', ( #679, #6493, #1274, #5914 ) ) ;
#2045 = CARTESIAN_POINT ( 'NONE',  ( -1.357050807568876749, 8.309539638847778957E-17, -0.06250000000000179023 ) ) ;
#2046 = ORIENTED_EDGE ( 'NONE', *, *, #3998, .T. ) ;
#2047 = CARTESIAN_POINT ( 'NONE',  ( 0.000000000000000000, 1.175240473580835276, -4.750000000000000888 ) ) ;
#2048 = VECTOR ( 'NONE', #861, 1000.000000000000000 ) ;
#2049 = DIRECTION ( 'NONE',  ( -0.000000000000000000, 6.173100338913050050E-57, -1.000000000000000000 ) ) ;
#2050 = CARTESIAN_POINT ( 'NONE',  ( 0.8816504037844392627, 1.527063293868263116, -9.494791666666667851 ) ) ;
#2051 = CARTESIAN_POINT ( 'NONE',  ( 0.8816504037844392627, 1.527063293868263116, -5.026041666666667851 ) ) ;
#2052 = ORIENTED_EDGE ( 'NONE', *, *, #2825, .T. ) ;
#2053 = CARTESIAN_POINT ( 'NONE',  ( 0.000000000000000000, 0.000000000000000000, 7.349999999999999645 ) ) ;
#2054 = CARTESIAN_POINT ( 'NONE',  ( -1.017788105676658006, -0.5876202367904174162, 3.479166666666665186 ) ) ;
#2055 = CARTESIAN_POINT ( 'NONE',  ( -1.017788105676658006, -0.5876202367904174162, 0.9791666666666646313 ) ) ;
#2056 = CARTESIAN_POINT ( 'NONE',  ( -0.8660254037844513642, -1.499999999999978018, 6.708333333333332149 ) ) ;
#2057 = CARTESIAN_POINT ( 'NONE',  ( 0.6785254037844392627, 1.175240473580835054, 1.208333333333332149 ) ) ;
#2058 = CARTESIAN_POINT ( 'NONE',  ( 0.8616491584830225925, -1.179052947606363366, -10.23149251127118120 ) ) ;
#2059 = CARTESIAN_POINT ( 'NONE',  ( 0.8816504037844380415, -1.527063293868264005, 5.338541666666665186 ) ) ;
#2060 = VERTEX_POINT ( 'NONE', #5056 ) ;
#2061 = CARTESIAN_POINT ( 'NONE',  ( -1.017788105676657784, 0.5876202367904177493, -7.604166666666666963 ) ) ;
#2062 = CARTESIAN_POINT ( 'NONE',  ( 0.8660254037844378194, -1.500000000000000000, -5.645833333333333037 ) ) ;
#2063 = LINE ( 'NONE', #1953, #6119 ) ;
#2064 = CARTESIAN_POINT ( 'NONE',  ( 0.6785254037844380415, -1.175240473580835721, -3.895833333333334370 ) ) ;
#2065 = CARTESIAN_POINT ( 'NONE',  ( 1.299038105676657340, -0.7500000000000005551, -7.604166666666667851 ) ) ;
#2066 = CARTESIAN_POINT ( 'NONE',  ( 0.000000000000000000, 1.175240473580835276, -8.750000000000000000 ) ) ;
#2067 = B_SPLINE_CURVE_WITH_KNOTS ( 'NONE', 3,
 ( #845, #400, #3126, #286, #885, #4240, #3241, #3722, #4950, #3681, #2075, #5390, #3163, #7078, #2565, #811, #4357, #6523, #1447, #359 ),
 .UNSPECIFIED., .F., .F.,
 ( 4, 2, 2, 2, 2, 2, 2, 2, 2, 4 ),
 ( 0.004675001887213715498, 0.005166385583915723834, 0.005657769280617732169, 0.006149152977319740504, 0.006640536674021748839, 0.007131920370723757174, 0.007623304067425765509, 0.008114687764127773845, 0.008360379612478777145, 0.008606071460829782180 ),
 .UNSPECIFIED. ) ;
#2068 = CARTESIAN_POINT ( 'NONE',  ( -1.357050807568876971, 8.309539638847778957E-17, -7.562500000000001776 ) ) ;
#2069 = CARTESIAN_POINT ( 'NONE',  ( 3.367778697655221012E-16, -2.750000000000000000, 10.34999999999999787 ) ) ;
#2070 = CARTESIAN_POINT ( 'NONE',  ( 1.732050807568877193, -3.181725716174720005E-16, 5.937500000000000000 ) ) ;
#2071 = CARTESIAN_POINT ( 'NONE',  ( -0.8660254037844383745, 1.499999999999999778, -4.395833333333334814 ) ) ;
#2072 = CARTESIAN_POINT ( 'NONE',  ( -0.6785254037844388186, -1.175240473580835054, 0.9583333333333319271 ) ) ;
#2073 = CARTESIAN_POINT ( 'NONE',  ( -0.6785254037844388186, -1.175240473580835276, 7.520833333333333037 ) ) ;
#2074 = CARTESIAN_POINT ( 'NONE',  ( 0.000000000000000000, 1.499999999999999778, -10.49999999999999822 ) ) ;
#2075 = CARTESIAN_POINT ( 'NONE',  ( 1.225117147550185193, -0.2670629948232893791, -10.43206779483746871 ) ) ;
#2076 = CARTESIAN_POINT ( 'NONE',  ( -1.763300807568876971, 1.079710344961584035E-16, 4.640624999999999112 ) ) ;
#2077 = ORIENTED_EDGE ( 'NONE', *, *, #3231, .F. ) ;
#2078 = EDGE_CURVE ( 'NONE', #2208, #1079, #5796, .T. ) ;
#2079 = CARTESIAN_POINT ( 'NONE',  ( 0.6785254037844391517, 1.175240473580835054, 0.7708333333333315940 ) ) ;
#2080 = EDGE_LOOP ( 'NONE', ( #4706, #1022, #1797, #2536 ) ) ;
#2081 = CARTESIAN_POINT ( 'NONE',  ( 1.017788105676657562, -0.5876202367904181934, -5.416666666666667851 ) ) ;
#2082 = CARTESIAN_POINT ( 'NONE',  ( 0.000000000000000000, 1.296351071171740261E-55, -10.49999999999999822 ) ) ;
#2083 = VECTOR ( 'NONE', #4849, 1000.000000000000000 ) ;
#2084 = CARTESIAN_POINT ( 'NONE',  ( 1.017788105676658228, 0.5876202367904167501, 7.666666666666663410 ) ) ;
#2085 = CARTESIAN_POINT ( 'NONE',  ( 0.000000000000000000, 1.527063293868263338, -3.984375000000000888 ) ) ;
#2086 = EDGE_CURVE ( 'NONE', #5570, #774, #511, .T. ) ;
#2087 = ORIENTED_EDGE ( 'NONE', *, *, #3001, .F. ) ;
#2088 = CARTESIAN_POINT ( 'NONE',  ( 1.017788105676657562, -0.5876202367904181934, 0.08333333333333282911 ) ) ;
#2089 = CARTESIAN_POINT ( 'NONE',  ( 0.8660254037844424824, 1.499999999999994005, -7.041666666666668739 ) ) ;
#2090 = CARTESIAN_POINT ( 'NONE',  ( 1.017788105676658228, 0.5876202367904167501, -10.33333333333333570 ) ) ;
#2091 = CARTESIAN_POINT ( 'NONE',  ( 1.017788105676658228, 0.5876202367904167501, 1.229166666666664964 ) ) ;
#2092 = CARTESIAN_POINT ( 'NONE',  ( 0.8660254037844380415, -1.500000000000000444, 0.7916666666666660745 ) ) ;
#2093 = CARTESIAN_POINT ( 'NONE',  ( 0.000000000000000000, 1.499999999999999556, -2.500000000000000444 ) ) ;
#2094 = CARTESIAN_POINT ( 'NONE',  ( 1.017788105676658228, 0.5876202367904167501, 0.1666666666666656582 ) ) ;
#2095 = CARTESIAN_POINT ( 'NONE',  ( 0.000000000000000000, 1.296351071171740261E-55, -10.49999999999999822 ) ) ;
#2096 = CARTESIAN_POINT ( 'NONE',  ( -1.322475605676657784, -0.7635316469341314471, 6.713541666666666075 ) ) ;
#2097 = ORIENTED_EDGE ( 'NONE', *, *, #1233, .T. ) ;
#2098 = CARTESIAN_POINT ( 'NONE',  ( -0.6785254037844382635, 1.175240473580835276, -4.145833333333334814 ) ) ;
#2099 = CARTESIAN_POINT ( 'NONE',  ( 1.049523301869557779, 0.5288582131113481744, 7.162499999999997868 ) ) ;
#2100 = CARTESIAN_POINT ( 'NONE',  ( -0.8660254037844513642, -1.499999999999978018, 1.708333333333331705 ) ) ;
#2101 = CARTESIAN_POINT ( 'NONE',  ( -1.017788105676658006, -0.5876202367904174162, -3.020833333333334370 ) ) ;
#2102 = VECTOR ( 'NONE', #5881, 1000.000000000000000 ) ;
#2103 = CARTESIAN_POINT ( 'NONE',  ( 1.732050807568877193, -3.181725716174720005E-16, -10.06250000000000178 ) ) ;
#2104 = CARTESIAN_POINT ( 'NONE',  ( -0.6785254037844388186, -1.175240473580835276, -8.541666666666667851 ) ) ;
#2105 = CARTESIAN_POINT ( 'NONE',  ( -0.6785254037844388186, -1.175240473580835276, -7.479166666666667851 ) ) ;
#2106 = DIRECTION ( 'NONE',  ( 0.000000000000000000, 1.000000000000000000, 0.000000000000000000 ) ) ;
#2107 = DIRECTION ( 'NONE',  ( -0.000000000000000000, 6.173100338913050050E-57, -1.000000000000000000 ) ) ;
#2108 = CARTESIAN_POINT ( 'NONE',  ( -1.017788105676658006, -0.5876202367904174162, -2.083333333333334814 ) ) ;
#2109 = CARTESIAN_POINT ( 'NONE',  ( -1.017788105676657784, 0.5876202367904177493, 4.833333333333332149 ) ) ;
#2110 = DIRECTION ( 'NONE',  ( -0.000000000000000000, 6.173100338913050050E-57, -1.000000000000000000 ) ) ;
#2111 = CARTESIAN_POINT ( 'NONE',  ( 0.000000000000000000, 1.296351071171740261E-55, -10.49999999999999822 ) ) ;
#2112 = CARTESIAN_POINT ( 'NONE',  ( 0.000000000000000000, 1.499999999999999556, 6.999999999999997335 ) ) ;
#2113 = CARTESIAN_POINT ( 'NONE',  ( -1.870113174931182636E-16, -1.527063293868263338, 3.265624999999999556 ) ) ;
#2114 = ORIENTED_EDGE ( 'NONE', *, *, #5492, .T. ) ;
#2115 = CARTESIAN_POINT ( 'NONE',  ( -0.6785254037844382635, 1.175240473580835276, -1.145833333333333703 ) ) ;
#2116 = VERTEX_POINT ( 'NONE', #1109 ) ;
#2117 = CARTESIAN_POINT ( 'NONE',  ( -1.357050807568876749, 8.309539638847778957E-17, -5.625000000000000888 ) ) ;
#2118 = CARTESIAN_POINT ( 'NONE',  ( -1.357050807568876749, 8.309539638847778957E-17, -2.625000000000000444 ) ) ;
#2119 = CARTESIAN_POINT ( 'NONE',  ( -0.8816504037844382635, 1.527063293868263338, -10.41145833333333570 ) ) ;
#2120 = CARTESIAN_POINT ( 'NONE',  ( -1.870113174931182636E-16, -1.527063293868263338, -3.234375000000001332 ) ) ;
#2121 = ORIENTED_EDGE ( 'NONE', *, *, #4819, .F. ) ;
#2122 = CARTESIAN_POINT ( 'NONE',  ( -0.8660254037844382635, 1.499999999999999556, -4.958333333333335702 ) ) ;
#2123 = CARTESIAN_POINT ( 'NONE',  ( -0.6785254037844383745, 1.175240473580835499, 5.854166666666666075 ) ) ;
#2124 = ADVANCED_FACE ( 'NONE', ( #3865 ), #6116, .T. ) ;
#2125 = CARTESIAN_POINT ( 'NONE',  ( -1.017788105676658006, -0.5876202367904174162, -0.5208333333333349247 ) ) ;
#2126 = CARTESIAN_POINT ( 'NONE',  ( -0.8660254037844382635, 1.499999999999999556, 0.04166666666666547780 ) ) ;
#2127 = CARTESIAN_POINT ( 'NONE',  ( 1.732050807568877193, -3.181725716174720005E-16, -2.562500000000000444 ) ) ;
#2128 = CARTESIAN_POINT ( 'NONE',  ( -0.6785254037844383745, 1.175240473580835499, 1.291666666666664964 ) ) ;
#2129 = CARTESIAN_POINT ( 'NONE',  ( -1.836970198721029441E-16, -1.499999999999999778, -5.687500000000001776 ) ) ;
#2130 = CARTESIAN_POINT ( 'NONE',  ( -1.322475605676657784, 0.7635316469341318912, 6.130208333333331261 ) ) ;
#2131 = VERTEX_POINT ( 'NONE', #4499 ) ;
#2132 = CARTESIAN_POINT ( 'NONE',  ( -1.017788105676657784, 0.5876202367904177493, -4.604166666666667851 ) ) ;
#2133 = CARTESIAN_POINT ( 'NONE',  ( -1.299038105676657562, -0.7499999999999994449, -9.333333333333333925 ) ) ;
#2134 = CARTESIAN_POINT ( 'NONE',  ( 1.017788105676657562, -0.5876202367904181934, -1.354166666666668517 ) ) ;
#2135 = DIRECTION ( 'NONE',  ( 0.000000000000000000, -1.000000000000000000, 0.000000000000000000 ) ) ;
#2136 = VECTOR ( 'NONE', #892, 1000.000000000000000 ) ;
#2137 = CARTESIAN_POINT ( 'NONE',  ( -0.6785254037844388186, -1.175240473580835276, -7.541666666666666963 ) ) ;
#2138 = CARTESIAN_POINT ( 'NONE',  ( 0.8816504037844380415, -1.527063293868264005, -2.161458333333334814 ) ) ;
#2139 = CARTESIAN_POINT ( 'NONE',  ( -0.8660254037844389297, -1.499999999999999334, -7.791666666666667851 ) ) ;
#2140 = CARTESIAN_POINT ( 'NONE',  ( -1.299038105676657784, -0.7499999999999995559, -1.770833333333334370 ) ) ;
#2141 = DIRECTION ( 'NONE',  ( 0.000000000000000000, -6.173100338913050050E-57, 1.000000000000000000 ) ) ;
#2142 = CARTESIAN_POINT ( 'NONE',  ( -1.439254484199189379E-16, -1.175240473580835276, -8.437500000000000000 ) ) ;
#2143 = CARTESIAN_POINT ( 'NONE',  ( -1.357050807568876749, 8.309539638847778957E-17, 3.874999999999998224 ) ) ;
#2144 = CARTESIAN_POINT ( 'NONE',  ( 1.732050807568877415, -3.181725716174720498E-16, 1.874999999999998446 ) ) ;
#2145 = CARTESIAN_POINT ( 'NONE',  ( -1.836970198721029441E-16, -1.499999999999999778, 1.812499999999998224 ) ) ;
#2146 = CARTESIAN_POINT ( 'NONE',  ( -1.836970198721029441E-16, -1.499999999999999556, 7.249999999999997335 ) ) ;
#2147 = CARTESIAN_POINT ( 'NONE',  ( -1.322475605676657784, -0.7635316469341314471, 6.182291666666666075 ) ) ;
#2148 = ORIENTED_EDGE ( 'NONE', *, *, #4136, .F. ) ;
#2149 = CARTESIAN_POINT ( 'NONE',  ( 0.000000000000000000, 1.175240473580835276, -1.187500000000001110 ) ) ;
#2150 = ORIENTED_EDGE ( 'NONE', *, *, #118, .F. ) ;
#2151 = CARTESIAN_POINT ( 'NONE',  ( 0.6785254037844392627, 1.175240473580835054, -8.291666666666667851 ) ) ;
#2152 = AXIS2_PLACEMENT_3D ( 'NONE', #4945, #4837, #1520 ) ;
#2153 = CARTESIAN_POINT ( 'NONE',  ( 1.017788105676658228, 0.5876202367904167501, -3.333333333333334814 ) ) ;
#2154 = CARTESIAN_POINT ( 'NONE',  ( 0.8816504037844380415, -1.527063293868264005, -9.661458333333333925 ) ) ;
#2155 = CARTESIAN_POINT ( 'NONE',  ( 1.322475605676657340, -0.7635316469341323353, -0.6510416666666678509 ) ) ;
#2156 = ADVANCED_FACE ( 'NONE', ( #1665 ), #5639, .F. ) ;
#2157 = ORIENTED_EDGE ( 'NONE', *, *, #4830, .F. ) ;
#2158 = VECTOR ( 'NONE', #2400, 1000.000000000000000 ) ;
#2159 = CARTESIAN_POINT ( 'NONE',  ( 1.017788105676658228, 0.5876202367904167501, -9.833333333333333925 ) ) ;
#2160 =( BOUNDED_CURVE ( )  B_SPLINE_CURVE ( 2, ( #1198, #6208, #1127, #4557, #1723, #3404, #5578, #1607, #565, #4594, #5110, #484, #1645, #6800, #4994, #7234, #2159, #6136, #2757, #4701, #6908, #3583, #6355, #4175, #5211, #6944, #141, #3060, #1240, #4139, #2908, #3620, #708, #3511, #5839, #180, #66, #6427, #2499, #6867, #1870, #4209, #1832, #1275, #6393, #5763, #1936, #2424, #7014, #672, #5875, #2946, #1310, #5801, #4103, #1792, #5322, #2984, #102, #1349, #4776, #3547, #783, #635, #2343, #4663, #2380, #6460, #1383, #5250, #5176, #750, #3022, #5285, #4629, #2463, #4741, #6979, #1903, #3654, #4063, #6320, #967, #365, #6494, #5501, #1975, #4247, #6642, #6606, #4955, #2009, #890, #7191, #4847, #1562, #4919, #1456, #6021, #3133, #2644, #1416, #255, #6529, #3802, #928, #3687, #5396, #2572, #4283, #4882, #3246, #852, #5945, #2607, #7084, #2537, #2117, #406, #293, #7160, #3729, #2081, #4363, #5982, #1531, #2677, #3206, #5464, #3169, #5428, #6057, #4398, #329, #5910, #6571, #4326, #7122, #2047, #816, #3096, #1490, #3765, #5357, #4813, #7051, #2267, #1122, #443, #1720, #6242, #1009, #2193, #1160, #6132, #595, #6203, #2752, #7311, #4437, #1682, #2713, #1565, #480, #5106, #2231, #5538, #6680, #3879, #3322, #6166, #4551, #2153, #4989, #3913, #1045, #3843, #3433, #6796, #7230, #3399, #6718, #3986, #1603, #5653, #6096, #3948, #5572, #5031, #2118, #4472, #7270, #3284, #560, #2868, #522, #5688, #7192, #4400, #1641, #6643, #6759, #1081, #3363, #5617, #2793, #5070, #4514, #2831, #7351, #5832, #4055, #2457, #5721, #1268, #31, #743, #5205, #629, #702, #4694, #2417, #5171, #6312, #2902, #1786, #1342, #1234, #3504, #4097, #61, #6420, #6901, #4169, #2337, #3014, #4624, #6348, #2939, #5756, #4016, #6862, #1826, #3540, #96, #666, #2374, #5278, #5139, #6831, #4655, #5794, #6971, #174, #2978, #2304, #5242, #133, #6937, #1753, #1863, #4132, #4733, #3613, #6387, #1304, #4590, #1897, #3576, #5869, #777, #1192, #3467, #6277, #3757, #2072, #6486, #1375, #4354, #6011, #2599, #1965, #2636, #2001, #3647, #5455, #4317, #5903, #4911, #6598, #4202, #7151, #3679, #5936, #4275, #4237, #1482, #5974, #6521, #248, #321, #1521, #1930, #7076, #212, #3794, #6049, #2563, #843, #3124, #7006, #1443, #5388, #3054, #920, #356, #284, #5316, #4805, #809, #3087, #2529, #3197, #2491, #3718, #7043, #5421, #4839, #5349, #882, #3160, #4874, #7114, #2038, #6709, #3903, #7300, #2669, #3870, #3238, #5563, #6157, #1556, #1592, #4947, #2143, #3390, #5643, #1630, #4980, #2739, #3976, #3938, #2821, #2703, #5097, #1711, #2257, #3832, #4539, #3313, #1072, #5528, #2783, #1670, #6634, #2223, #959, #2109, #7183, #4426, #3274, #4389, #3351, #433, #5493, #7341, #7220, #6122, #1035, #5605, #551, #6088, #4503, #470, #5021, #5059, #6748, #998, #6192, #6786, #514, #1112, #7261, #4463, #398, #1946, #618, #1983, #6990, #4752, #6231, #5370, #2328, #1223, #266, #5162, #7060, #5332, #1776, #6438, #3457, #791, #7026, #4579, #229, #1150, #20, #2857, #52, #1182, #4186, #5711, #3424, #3104 ),
 .UNSPECIFIED., .F., .T. ) 
 B_SPLINE_CURVE_WITH_KNOTS ( ( 3, 2, 2, 2, 2, 2, 2, 2, 2, 2, 2, 2, 2, 2, 2, 2, 2, 2, 2, 2, 2, 2, 2, 2, 2, 2, 2, 2, 2, 2, 2, 2, 2, 2, 2, 2, 2, 2, 2, 2, 2, 2, 2, 2, 2, 2, 2, 2, 2, 2, 2, 2, 2, 2, 2, 2, 2, 2, 2, 2, 2, 2, 2, 2, 2, 2, 2, 2, 2, 2, 2, 2, 2, 2, 2, 2, 2, 2, 2, 2, 2, 2, 2, 2, 2, 2, 2, 2, 2, 2, 2, 2, 2, 2, 2, 2, 2, 2, 2, 2, 2, 2, 2, 2, 2, 2, 2, 2, 2, 2, 2, 2, 2, 2, 2, 2, 2, 2, 2, 2, 2, 2, 2, 2, 2, 2, 2, 2, 2, 2, 2, 2, 2, 2, 2, 2, 2, 2, 2, 2, 2, 2, 2, 2, 2, 2, 2, 2, 2, 2, 2, 2, 2, 2, 2, 2, 2, 2, 2, 2, 2, 2, 2, 2, 2, 2, 2, 2, 2, 2, 2, 2, 2, 2, 2, 2, 2, 2, 2, 2, 2, 2, 2, 2, 2, 2, 2, 2, 2, 2, 2, 2, 2, 2, 2, 2, 2, 2, 2, 2, 2, 2, 2, 2, 2, 2, 2, 2, 2, 2, 2, 2, 3 ),
 ( 0.01351351351351352641, 0.01801801801801802827, 0.02252252252252253534, 0.02702702702702704241, 0.03153153153153154253, 0.03603603603603604960, 0.04054054054054055667, 0.04504504504504505680, 0.04954954954954956386, 0.05405405405405407093, 0.05855855855855857106, 0.06306306306306307119, 0.06756756756756758520, 0.07207207207207208532, 0.07657657657657658545, 0.08108108108108109946, 0.08558558558558559959, 0.09009009009009009972, 0.09459459459459461372, 0.09909909909909911385, 0.1036036036036036140, 0.1081081081081081280, 0.1126126126126126281, 0.1171171171171171282, 0.1216216216216216423, 0.1261261261261261146, 0.1306306306306306286, 0.1351351351351351426, 0.1396396396396396289, 0.1441441441441441429, 0.1486486486486486569, 0.1531531531531531432, 0.1576576576576576572, 0.1621621621621621712, 0.1666666666666666574, 0.1711711711711711714, 0.1756756756756756854, 0.1801801801801801717, 0.1846846846846846857, 0.1891891891891891997, 0.1936936936936936859, 0.1981981981981981999, 0.2027027027027027140, 0.2072072072072072002, 0.2117117117117117142, 0.2162162162162162282, 0.2207207207207207145, 0.2252252252252252285, 0.2297297297297297425, 0.2342342342342342287, 0.2387387387387387150, 0.2432432432432432567, 0.2477477477477477430, 0.2522522522522522292, 0.2567567567567567433, 0.2612612612612612573, 0.2657657657657657713, 0.2702702702702703408, 0.2747747747747747993, 0.2792792792792792578, 0.2837837837837838273, 0.2882882882882882858, 0.2927927927927928553, 0.2972972972972972583, 0.3018018018018018833, 0.3063063063063063418, 0.3108108108108108003, 0.3153153153153153698, 0.3198198198198198283, 0.3243243243243243978, 0.3288288288288288563, 0.3333333333333333148, 0.3378378378378378843, 0.3423423423423423428, 0.3468468468468469124, 0.3513513513513513709, 0.3558558558558558294, 0.3603603603603603989, 0.3648648648648648019, 0.3693693693693694269, 0.3738738738738738854, 0.3783783783783784549, 0.3828828828828829134, 0.3873873873873873719, 0.3918918918918919414, 0.3963963963963963999, 0.4009009009009009694, 0.4054054054054054279, 0.4099099099099098864, 0.4144144144144144559, 0.4189189189189189144, 0.4234234234234234839, 0.4279279279279279424, 0.4324324324324325119, 0.4369369369369369704, 0.4414414414414414289, 0.4459459459459459985, 0.4504504504504504570, 0.4549549549549550265, 0.4594594594594594850, 0.4639639639639639435, 0.4684684684684685130, 0.4729729729729729715, 0.4774774774774775410, 0.4819819819819819995, 0.4864864864864865690, 0.4909909909909910275, 0.4954954954954954860, 0.5000000000000000000, 0.5045045045045044585, 0.5090090090090090280, 0.5135135135135134865, 0.5180180180180180560, 0.5225225225225225145, 0.5270270270270269730, 0.5315315315315315425, 0.5360360360360360010, 0.5405405405405405705, 0.5450450450450450290, 0.5495495495495495986, 0.5540540540540540571, 0.5585585585585585155, 0.5630630630630630851, 0.5675675675675675436, 0.5720720720720721131, 0.5765765765765765716, 0.5810810810810809190, 0.5855855855855855996, 0.5900900900900900581, 0.5945945945945946276, 0.5990990990990990861, 0.6036036036036036556, 0.6081081081081081141, 0.6126126126126125726, 0.6171171171171171421, 0.6216216216216216006, 0.6261261261261261701, 0.6306306306306306286, 0.6351351351351350871, 0.6396396396396396566, 0.6441441441441441151, 0.6486486486486486847, 0.6531531531531531432, 0.6576576576576577127, 0.6621621621621621712, 0.6666666666666666297, 0.6711711711711711992, 0.6756756756756756577, 0.6801801801801802272, 0.6846846846846846857, 0.6891891891891891442, 0.6936936936936937137, 0.6981981981981981722, 0.7027027027027027417, 0.7072072072072072002, 0.7117117117117116587, 0.7162162162162162282, 0.7207207207207206867, 0.7252252252252252562, 0.7297297297297297147, 0.7342342342342342842, 0.7387387387387387427, 0.7432432432432432012, 0.7477477477477477708, 0.7522522522522522292, 0.7567567567567567988, 0.7612612612612612573, 0.7657657657657657158, 0.7702702702702702853, 0.7747747747747747438, 0.7792792792792792023, 0.7837837837837837718, 0.7882882882882883413, 0.7927927927927927998, 0.7972972972972972583, 0.8018018018018018278, 0.8063063063063062863, 0.8108108108108108558, 0.8153153153153153143, 0.8198198198198197728, 0.8243243243243243423, 0.8288288288288288008, 0.8333333333333333703, 0.8378378378378378288, 0.8423423423423422873, 0.8468468468468467458, 0.8513513513513513153, 0.8558558558558558849, 0.8603603603603603434, 0.8648648648648649129, 0.8693693693693693714, 0.8738738738738738299, 0.8783783783783783994, 0.8828828828828828579, 0.8873873873873874274, 0.8918918918918918859, 0.8963963963963963444, 0.9009009009009009139, 0.9054054054054053724, 0.9099099099099099419, 0.9144144144144142894, 0.9189189189189189699, 0.9234234234234234284, 0.9279279279279278869, 0.9324324324324324564, 0.9369369369369369149, 0.9414414414414414845, 0.9459459459459459429, 0.9504504504504504014, 0.9549549549549549710, 0.9594594594594594295, 0.9639639639639639990, 0.9682143286676370142 ),
 .UNSPECIFIED. ) 
 CURVE ( )  GEOMETRIC_REPRESENTATION_ITEM ( )  RATIONAL_B_SPLINE_CURVE ( ( 0.9999999999999996669, 0.8660254037844390407, 1.000000000000000000, 0.8660254037844387076, 1.000000000000000000, 0.8660254037844387076, 1.000000000000000000, 0.8660254037844387076, 1.000000000000000000, 0.8660254037844387076, 1.000000000000000000, 0.8660254037844387076, 1.000000000000000000, 0.8660254037844387076, 1.000000000000000000, 0.8660254037844387076, 1.000000000000000000, 0.8660254037844387076, 1.000000000000000000, 0.8660254037844387076, 1.000000000000000000, 0.8660254037844387076, 1.000000000000000000, 0.8660254037844387076, 1.000000000000000000, 0.8660254037844387076, 1.000000000000000000, 0.8660254037844387076, 1.000000000000000000, 0.8660254037844387076, 1.000000000000000000, 0.8660254037844387076, 1.000000000000000000, 0.8660254037844387076, 1.000000000000000000, 0.8660254037844387076, 1.000000000000000000, 0.8660254037844387076, 1.000000000000000000, 0.8660254037844387076, 1.000000000000000000, 0.8660254037844387076, 1.000000000000000000, 0.8660254037844387076, 1.000000000000000000, 0.8660254037844387076, 1.000000000000000000, 0.8660254037844387076, 1.000000000000000000, 0.8660254037844387076, 1.000000000000000000, 0.8660254037844387076, 1.000000000000000000, 0.8660254037844387076, 1.000000000000000000, 0.8660254037844387076, 1.000000000000000000, 0.8660254037844387076, 1.000000000000000000, 0.8660254037844387076, 1.000000000000000000, 0.8660254037844387076, 1.000000000000000000, 0.8660254037844387076, 1.000000000000000000, 0.8660254037844387076, 1.000000000000000000, 0.8660254037844387076, 1.000000000000000000, 0.8660254037844387076, 1.000000000000000000, 0.8660254037844387076, 1.000000000000000000, 0.8660254037844387076, 1.000000000000000000, 0.8660254037844387076, 1.000000000000000000, 0.8660254037844387076, 1.000000000000000000, 0.8660254037844387076, 1.000000000000000000, 0.8660254037844387076, 1.000000000000000000, 0.8660254037844387076, 1.000000000000000000, 0.8660254037844387076, 1.000000000000000000, 0.8660254037844387076, 1.000000000000000000, 0.8660254037844387076, 1.000000000000000000, 0.8660254037844387076, 1.000000000000000000, 0.8660254037844387076, 1.000000000000000000, 0.8660254037844387076, 1.000000000000000000, 0.8660254037844387076, 1.000000000000000000, 0.8660254037844387076, 1.000000000000000000, 0.8660254037844387076, 1.000000000000000000, 0.8660254037844387076, 1.000000000000000000, 0.8660254037844387076, 1.000000000000000000, 0.8660254037844387076, 1.000000000000000000, 0.8660254037844387076, 1.000000000000000000, 0.8660254037844387076, 1.000000000000000000, 0.8660254037844387076, 1.000000000000000000, 0.8660254037844387076, 1.000000000000000000, 0.8660254037844387076, 1.000000000000000000, 0.8660254037844387076, 1.000000000000000000, 0.8660254037844387076, 1.000000000000000000, 0.8660254037844387076, 1.000000000000000000, 0.8660254037844387076, 1.000000000000000000, 0.8660254037844387076, 1.000000000000000000, 0.8660254037844387076, 1.000000000000000000, 0.8660254037844387076, 1.000000000000000000, 0.8660254037844387076, 1.000000000000000000, 0.8660254037844387076, 1.000000000000000000, 0.8660254037844387076, 1.000000000000000000, 0.8660254037844387076, 1.000000000000000000, 0.8660254037844387076, 1.000000000000000000, 0.8660254037844387076, 1.000000000000000000, 0.8660254037844387076, 1.000000000000000000, 0.8660254037844387076, 1.000000000000000000, 0.8660254037844387076, 1.000000000000000000, 0.8660254037844387076, 1.000000000000000000, 0.8660254037844387076, 1.000000000000000000, 0.8660254037844387076, 1.000000000000000000, 0.8660254037844387076, 1.000000000000000000, 0.8660254037844387076, 1.000000000000000000, 0.8660254037844387076, 1.000000000000000000, 0.8660254037844387076, 1.000000000000000000, 0.8660254037844387076, 1.000000000000000000, 0.8660254037844387076, 1.000000000000000000, 0.8660254037844387076, 1.000000000000000000, 0.8660254037844387076, 1.000000000000000000, 0.8660254037844387076, 1.000000000000000000, 0.8660254037844387076, 1.000000000000000000, 0.8660254037844387076, 1.000000000000000000, 0.8660254037844387076, 1.000000000000000000, 0.8660254037844387076, 1.000000000000000000, 0.8660254037844387076, 1.000000000000000000, 0.8660254037844387076, 1.000000000000000000, 0.8660254037844387076, 1.000000000000000000, 0.8660254037844387076, 1.000000000000000000, 0.8660254037844387076, 1.000000000000000000, 0.8660254037844387076, 1.000000000000000000, 0.8660254037844387076, 1.000000000000000000, 0.8660254037844387076, 1.000000000000000000, 0.8660254037844387076, 1.000000000000000000, 0.8660254037844387076, 1.000000000000000000, 0.8660254037844387076, 1.000000000000000000, 0.8660254037844387076, 1.000000000000000000, 0.8660254037844387076, 1.000000000000000000, 0.8660254037844387076, 1.000000000000000000, 0.8660254037844387076, 1.000000000000000000, 0.8660254037844387076, 1.000000000000000000, 0.8660254037844387076, 1.000000000000000000, 0.8660254037844387076, 1.000000000000000000, 0.8660254037844387076, 1.000000000000000000, 0.8660254037844387076, 1.000000000000000000, 0.8660254037844387076, 1.000000000000000000, 0.8660254037844387076, 1.000000000000000000, 0.8660254037844387076, 1.000000000000000000, 0.8660254037844387076, 1.000000000000000000, 0.8660254037844387076, 1.000000000000000000, 0.8660254037844387076, 1.000000000000000000, 0.8660254037844387076, 1.000000000000000000, 0.8660254037844387076, 1.000000000000000000, 0.8660254037844387076, 1.000000000000000000, 0.8660254037844387076, 1.000000000000000000, 0.8660254037844387076, 1.000000000000000000, 0.8660254037844387076, 1.000000000000000000, 0.8660254037844387076, 1.000000000000000000, 0.8660254037844387076, 1.000000000000000000, 0.8660254037844387076, 1.000000000000000000, 0.8660254037844387076, 1.000000000000000000, 0.8660254037844387076, 1.000000000000000000, 0.8660254037844387076, 1.000000000000000000, 0.8660254037844387076, 1.000000000000000000, 0.8660254037844387076, 1.000000000000000000, 0.8660254037844387076, 1.000000000000000000, 0.8660254037844387076, 1.000000000000000000, 0.8660254037844387076, 1.000000000000000000, 0.8660254037844387076, 1.000000000000000000, 0.8660254037844387076, 1.000000000000000000, 0.8660254037844387076, 1.000000000000000000, 0.8660254037844387076, 1.000000000000000000, 0.8660254037844387076, 1.000000000000000000, 0.8660254037844387076, 1.000000000000000000, 0.8660254037844387076, 1.000000000000000000, 0.8660254037844387076, 1.000000000000000000, 0.8660254037844387076, 1.000000000000000000, 0.8660254037844387076, 1.000000000000000000, 0.8660254037844387076, 1.000000000000000000, 0.8660254037844387076, 1.000000000000000000, 0.8660254037844387076, 1.000000000000000000, 0.8660254037844387076, 1.000000000000000000, 0.8660254037844387076, 1.000000000000000000, 0.8660254037844387076, 1.000000000000000000, 0.8660254037844387076, 1.000000000000000000, 0.8660254037844387076, 1.000000000000000000, 0.8660254037844387076, 1.000000000000000000, 0.8660254037844387076, 1.000000000000000000, 0.8660254037844387076, 1.000000000000000000, 0.8660254037844387076, 1.000000000000000000, 0.8660254037844387076, 1.000000000000000000, 0.8660254037844387076, 1.000000000000000000, 0.8660254037844387076, 1.000000000000000000, 0.8660254037844387076, 1.000000000000000000, 0.8660254037844387076, 1.000000000000000000, 0.8660254037844387076, 1.000000000000000000, 0.8660254037844387076, 1.000000000000000000, 0.8660254037844387076, 1.000000000000000000, 0.8660254037844387076, 1.000000000000000000, 0.8660254037844387076, 1.000000000000000000, 0.8660254037844387076, 1.000000000000000000, 0.8660254037844387076, 1.000000000000000000, 0.8660254037844387076, 1.000000000000000000, 0.8660254037844387076, 1.000000000000000000, 0.8660254037844387076, 1.000000000000000000, 0.8660254037844387076, 1.000000000000000000, 0.8660254037844387076, 1.000000000000000000, 0.8660254037844387076, 1.000000000000000000, 0.8660254037844387076, 1.000000000000000000, 0.8660254037844387076, 1.000000000000000000, 0.8660254037844387076, 1.000000000000000000, 0.8660254037844387076, 1.000000000000000000, 0.8660254037844387076, 1.000000000000000000, 0.8660254037844387076, 1.000000000000000000, 0.8660254037844387076, 1.000000000000000000, 0.8660254037844387076, 1.000000000000000000, 0.8660254037844387076, 1.000000000000000000, 0.8660254037844387076, 1.000000000000000000, 0.8660254037844387076, 1.000000000000000000, 0.8660254037844387076, 1.000000000000000000, 0.8660254037844387076, 1.000000000000000000, 0.8660254037844387076, 1.000000000000000000, 0.8660254037844387076, 1.000000000000000000, 0.8660254037844387076, 1.000000000000000000, 0.8660254037844387076, 1.000000000000000000, 0.8660254037844387076, 1.000000000000000000, 0.8660254037844387076, 1.000000000000000000, 0.8660254037844387076, 1.000000000000000000, 0.8660254037844387076, 1.000000000000000000, 0.8660254037844387076, 1.000000000000000000, 0.8660254037844387076, 1.000000000000000000, 0.8660254037844387076, 1.000000000000000000, 0.8660254037844387076, 1.000000000000000000, 0.8660254037844387076, 1.000000000000000000, 0.8660254037844387076, 1.000000000000000000, 0.8660254037844387076, 1.000000000000000000, 0.8660254037844387076, 1.000000000000000000, 0.8660254037844387076, 1.000000000000000000, 0.8660254037844387076, 1.000000000000000000, 0.8660254037844387076, 1.000000000000000000, 0.8660254037844387076, 1.000000000000000000, 0.8660254037844387076, 1.000000000000000000, 0.8660254037844387076, 1.000000000000000000, 0.8660254037844387076, 1.000000000000000000, 0.8660254037844387076, 1.000000000000000000, 0.8735841213225492563, 0.9857354760343153277 ) ) 
 REPRESENTATION_ITEM ( '' )  );
#2161 = FILL_AREA_STYLE ('',( #4370 ) ) ;
#2162 = CARTESIAN_POINT ( 'NONE',  ( -0.6785254037844388186, -1.175240473580835276, -10.54166666666666785 ) ) ;
#2163 = CARTESIAN_POINT ( 'NONE',  ( -0.6785254037844388186, -1.175240473580835276, 0.02083333333333277360 ) ) ;
#2164 = CARTESIAN_POINT ( 'NONE',  ( -1.439254484199189379E-16, -1.175240473580835276, -10.50000000000000000 ) ) ;
#2165 = VECTOR ( 'NONE', #6892, 1000.000000000000000 ) ;
#2166 = LINE ( 'NONE', #6212, #3703 ) ;
#2167 = CARTESIAN_POINT ( 'NONE',  ( 1.357050807568876971, -2.492861891654333810E-16, 0.1249999999999983624 ) ) ;
#2168 = CARTESIAN_POINT ( 'NONE',  ( 1.322475605676657340, -0.7635316469341323353, 5.380208333333330373 ) ) ;
#2169 = ORIENTED_EDGE ( 'NONE', *, *, #5315, .T. ) ;
#2170 = CARTESIAN_POINT ( 'NONE',  ( 0.6785254037844392627, 1.175240473580835054, -1.291666666666668295 ) ) ;
#2171 = CARTESIAN_POINT ( 'NONE',  ( -0.6785254037844382635, 1.175240473580835276, -6.645833333333333925 ) ) ;
#2172 = EDGE_CURVE ( 'NONE', #2682, #4245, #4732, .T. ) ;
#2173 = FACE_OUTER_BOUND ( 'NONE', #2488, .T. ) ;
#2174 = CARTESIAN_POINT ( 'NONE',  ( -0.6785254037844383745, 1.175240473580835499, -1.645833333333334370 ) ) ;
#2175 = CARTESIAN_POINT ( 'NONE',  ( -1.836970198721029441E-16, -1.499999999999999778, 1.312499999999997780 ) ) ;
#2176 = CARTESIAN_POINT ( 'NONE',  ( -1.439254484199189379E-16, -1.175240473580835276, -8.500000000000000000 ) ) ;
#2177 = CARTESIAN_POINT ( 'NONE',  ( 1.322475605676657340, -0.7635316469341323353, -1.619791666666668739 ) ) ;
#2178 = CARTESIAN_POINT ( 'NONE',  ( 0.000000000000000000, 1.499999999999999778, -10.49999999999999822 ) ) ;
#2179 = EDGE_CURVE ( 'NONE', #2606, #405, #615, .T. ) ;
#2180 = CARTESIAN_POINT ( 'NONE',  ( 0.000000000000000000, 1.499999999999999556, -8.000000000000000000 ) ) ;
#2181 = CARTESIAN_POINT ( 'NONE',  ( 1.299038105676657118, -0.7500000000000004441, -9.666666666666667851 ) ) ;
#2182 = CARTESIAN_POINT ( 'NONE',  ( 1.357050807568876971, -2.492861891654333810E-16, -8.812500000000000000 ) ) ;
#2183 = LINE ( 'NONE', #4464, #4436 ) ;
#2184 = CARTESIAN_POINT ( 'NONE',  ( -1.299038105676657562, 0.7500000000000000000, -4.416666666666667851 ) ) ;
#2185 = DIRECTION ( 'NONE',  ( -0.000000000000000000, 6.173100338913050050E-57, -1.000000000000000000 ) ) ;
#2186 = CARTESIAN_POINT ( 'NONE',  ( -1.870113174931182636E-16, -1.527063293868263338, 7.265624999999998224 ) ) ;
#2187 = EDGE_LOOP ( 'NONE', ( #2169, #5535, #7306, #6459 ) ) ;
#2188 = CARTESIAN_POINT ( 'NONE',  ( -1.017788105676658006, -0.5876202367904174162, 1.979166666666665630 ) ) ;
#2189 = ORIENTED_EDGE ( 'NONE', *, *, #5362, .T. ) ;
#2190 = CARTESIAN_POINT ( 'NONE',  ( 0.000000000000000000, 1.175240473580835276, -9.750000000000001776 ) ) ;
#2191 = CARTESIAN_POINT ( 'NONE',  ( -0.6785254037844383745, 1.175240473580835499, -2.708333333333335258 ) ) ;
#2192 =( BOUNDED_CURVE ( )  B_SPLINE_CURVE ( 2, ( #1774, #727, #4718, #3531, #4040, #4682, #653 ),
 .UNSPECIFIED., .F., .T. ) 
 B_SPLINE_CURVE_WITH_KNOTS ( ( 3, 2, 2, 3 ),
 ( 0.2702702702702702298, 0.2747747747747746883, 0.2792792792792793133, 0.2837837837837837718 ),
 .UNSPECIFIED. ) 
 CURVE ( )  GEOMETRIC_REPRESENTATION_ITEM ( )  RATIONAL_B_SPLINE_CURVE ( ( 1.000000000000001776, 0.8660254037844371533, 1.000000000000000000, 0.8660254037844387076, 1.000000000000000000, 0.8660254037844387076, 1.000000000000000000 ) ) 
 REPRESENTATION_ITEM ( '' )  );
#2193 = CARTESIAN_POINT ( 'NONE',  ( -1.017788105676657784, 0.5876202367904177493, -4.166666666666667851 ) ) ;
#2194 = CARTESIAN_POINT ( 'NONE',  ( 1.763300807568876971, -3.239131034884752106E-16, -7.578125000000002665 ) ) ;
#2195 = CARTESIAN_POINT ( 'NONE',  ( -1.322475605676657784, -0.7635316469341314471, -2.817708333333334370 ) ) ;
#2196 = EDGE_CURVE ( 'NONE', #5614, #5698, #6120, .T. ) ;
#2197 = ORIENTED_EDGE ( 'NONE', *, *, #6058, .T. ) ;
#2198 = CARTESIAN_POINT ( 'NONE',  ( 1.017788105676658228, 0.5876202367904167501, 7.666666666666663410 ) ) ;
#2199 = CARTESIAN_POINT ( 'NONE',  ( -1.836970198721029441E-16, -1.499999999999999778, -3.187500000000000888 ) ) ;
#2200 = CARTESIAN_POINT ( 'NONE',  ( 0.6785254037844392627, 1.175240473580835054, 7.770833333333332149 ) ) ;
#2201 = CARTESIAN_POINT ( 'NONE',  ( 1.357050807568876971, -2.492861891654333810E-16, 2.687499999999998668 ) ) ;
#2202 = CARTESIAN_POINT ( 'NONE',  ( -1.299038105676657562, -0.7499999999999994449, 1.166666666666664742 ) ) ;
#2203 = CARTESIAN_POINT ( 'NONE',  ( 0.8660254037844378194, -1.500000000000000000, -7.145833333333333925 ) ) ;
#2204 = CARTESIAN_POINT ( 'NONE',  ( -0.6785254037844383745, 1.175240473580835499, 1.791666666666665408 ) ) ;
#2205 = CARTESIAN_POINT ( 'NONE',  ( 1.322475605676657340, -0.7635316469341323353, -8.651041666666667851 ) ) ;
#2206 = CARTESIAN_POINT ( 'NONE',  ( -1.870113174931182636E-16, -1.527063293868263338, 5.796875000000000000 ) ) ;
#2207 = AXIS2_PLACEMENT_3D ( 'NONE', #4866, #7211, #2135 ) ;
#2208 = VERTEX_POINT ( 'NONE', #84 ) ;
#2209 = CARTESIAN_POINT ( 'NONE',  ( -1.357050807568876749, 8.309539638847778957E-17, -4.562500000000001776 ) ) ;
#2210 = CARTESIAN_POINT ( 'NONE',  ( 1.017788105676658228, 0.5876202367904167501, 2.166666666666665630 ) ) ;
#2211 = CARTESIAN_POINT ( 'NONE',  ( -1.732050807568877415, 1.060575238724906915E-16, 4.625000000000000000 ) ) ;
#2212 = CARTESIAN_POINT ( 'NONE',  ( -0.8660254037844382635, 1.499999999999999556, -1.458333333333334814 ) ) ;
#2213 = CARTESIAN_POINT ( 'NONE',  ( -0.6785254037844383745, 1.175240473580835499, -3.708333333333333925 ) ) ;
#2214 = CARTESIAN_POINT ( 'NONE',  ( 0.000000000000000000, 1.175240473580835276, -0.6875000000000006661 ) ) ;
#2215 = CARTESIAN_POINT ( 'NONE',  ( 0.000000000000000000, 1.175240473580835276, -3.687500000000000888 ) ) ;
#2216 = ORIENTED_EDGE ( 'NONE', *, *, #1640, .F. ) ;
#2217 = CARTESIAN_POINT ( 'NONE',  ( -1.017788105676658006, -0.5876202367904174162, -8.083333333333333925 ) ) ;
#2218 = CARTESIAN_POINT ( 'NONE',  ( -0.8816504037844389297, -1.527063293868263116, -2.744791666666668295 ) ) ;
#2219 = CARTESIAN_POINT ( 'NONE',  ( 0.000000000000000000, 1.296351071171740261E-55, -10.49999999999999822 ) ) ;
#2220 = CARTESIAN_POINT ( 'NONE',  ( 0.000000000000000000, 1.296351071171740261E-55, -10.49999999999999822 ) ) ;
#2221 = CARTESIAN_POINT ( 'NONE',  ( -0.6785254037844383745, 1.175240473580835499, -7.645833333333333925 ) ) ;
#2222 = EDGE_CURVE ( 'NONE', #6127, #1012, #3533, .T. ) ;
#2223 = CARTESIAN_POINT ( 'NONE',  ( 0.000000000000000000, 1.175240473580835276, 4.749999999999999112 ) ) ;
#2224 = CARTESIAN_POINT ( 'NONE',  ( 0.8660254037844257180, -1.500000000000021982, 6.791666666666666075 ) ) ;
#2225 = SURFACE_STYLE_FILL_AREA ( #5063 ) ;
#2226 = CARTESIAN_POINT ( 'NONE',  ( -1.322475605676657784, 0.7635316469341318912, 5.598958333333330373 ) ) ;
#2227 = EDGE_LOOP ( 'NONE', ( #860, #6778, #633, #497 ) ) ;
#2228 = CARTESIAN_POINT ( 'NONE',  ( 1.357050807568876749, -2.492861891654333810E-16, 2.187499999999998668 ) ) ;
#2229 = ORIENTED_EDGE ( 'NONE', *, *, #4391, .F. ) ;
#2230 = CARTESIAN_POINT ( 'NONE',  ( -0.6785254037844383745, 1.175240473580835499, -9.208333333333333925 ) ) ;
#2231 = CARTESIAN_POINT ( 'NONE',  ( -1.357050807568876749, 8.309539638847778957E-17, -3.625000000000001776 ) ) ;
#2232 = CARTESIAN_POINT ( 'NONE',  ( 0.000000000000000000, 1.527063293868263338, -7.453125000000001776 ) ) ;
#2233 = CARTESIAN_POINT ( 'NONE',  ( 0.000000000000000000, 1.527063293868263338, -1.984375000000001776 ) ) ;
#2234 = ORIENTED_EDGE ( 'NONE', *, *, #718, .F. ) ;
#2235 = CARTESIAN_POINT ( 'NONE',  ( 0.8660254037844501429, -1.499999999999978462, -3.145833333333333037 ) ) ;
#2236 = CARTESIAN_POINT ( 'NONE',  ( -1.357050807568876971, 8.309539638847778957E-17, 6.937499999999999112 ) ) ;
#2237 = CARTESIAN_POINT ( 'NONE',  ( 1.357050807568876971, -2.492861891654333810E-16, 3.187499999999999556 ) ) ;
#2238 = CARTESIAN_POINT ( 'NONE',  ( -1.836970198721029441E-16, -1.499999999999999778, -6.187500000000000888 ) ) ;
#2239 = DIRECTION ( 'NONE',  ( 0.000000000000000000, 1.000000000000000000, 0.000000000000000000 ) ) ;
#2240 = CARTESIAN_POINT ( 'NONE',  ( -0.6785254037844383745, 1.175240473580835499, 2.791666666666664742 ) ) ;
#2241 = CARTESIAN_POINT ( 'NONE',  ( 1.763300807568876971, -3.239131034884752106E-16, -8.609375000000001776 ) ) ;
#2242 = ORIENTED_EDGE ( 'NONE', *, *, #2222, .T. ) ;
#2243 = CARTESIAN_POINT ( 'NONE',  ( 0.000000000000000000, 1.175240473580835276, 2.249999999999998668 ) ) ;
#2244 = DIRECTION ( 'NONE',  ( -0.000000000000000000, 6.173100338913050050E-57, -1.000000000000000000 ) ) ;
#2245 = CARTESIAN_POINT ( 'NONE',  ( 7.629407613682265734E-16, -1.443375672974064772, 3.681186920870133772 ) ) ;
#2246 = CARTESIAN_POINT ( 'NONE',  ( -1.017788105676658006, -0.5876202367904174162, -0.02083333333333450832 ) ) ;
#2247 = CARTESIAN_POINT ( 'NONE',  ( -1.439254484199189379E-16, -1.175240473580835276, -4.937500000000000888 ) ) ;
#2248 = EDGE_LOOP ( 'NONE', ( #1239, #2829, #5291 ) ) ;
#2249 = CARTESIAN_POINT ( 'NONE',  ( -1.017788105676658006, -0.5876202367904174162, -6.083333333333334814 ) ) ;
#2250 =( BOUNDED_CURVE ( )  B_SPLINE_CURVE ( 2, ( #5782, #5744, #2401, #6851, #693, #5230, #1293 ),
 .UNSPECIFIED., .F., .F. ) 
 B_SPLINE_CURVE_WITH_KNOTS ( ( 3, 2, 2, 3 ),
 ( 0.1621621621621621157, 0.1666666666666666019, 0.1711711711711711714, 0.1756756756756756577 ),
 .UNSPECIFIED. ) 
 CURVE ( )  GEOMETRIC_REPRESENTATION_ITEM ( )  RATIONAL_B_SPLINE_CURVE ( ( 1.000000000000001776, 0.8660254037844371533, 1.000000000000000000, 0.8660254037844387076, 1.000000000000000000, 0.8660254037844387076, 1.000000000000000000 ) ) 
 REPRESENTATION_ITEM ( '' )  );
#2251 = CARTESIAN_POINT ( 'NONE',  ( -1.870113174931182636E-16, -1.527063293868263338, -0.7031250000000006661 ) ) ;
#2252 = CARTESIAN_POINT ( 'NONE',  ( -1.836970198721029441E-16, -1.499999999999999556, -8.250000000000000000 ) ) ;
#2253 = EDGE_CURVE ( 'NONE', #6828, #6092, #5336, .T. ) ;
#2254 = CARTESIAN_POINT ( 'NONE',  ( 0.000000000000000000, 1.499999999999999778, -1.437500000000001332 ) ) ;
#2255 = CARTESIAN_POINT ( 'NONE',  ( -1.836970198721029441E-16, -1.499999999999999556, -6.750000000000000888 ) ) ;
#2256 = CARTESIAN_POINT ( 'NONE',  ( 1.017788105676657562, -0.5876202367904181934, -9.854166666666667851 ) ) ;
#2257 = CARTESIAN_POINT ( 'NONE',  ( -1.357050807568876749, 8.309539638847778957E-17, 4.374999999999999112 ) ) ;
#2258 = CARTESIAN_POINT ( 'NONE',  ( -0.3692440718396729493, -1.445217446685714835, -10.19502174431397989 ) ) ;
#2259 = CARTESIAN_POINT ( 'NONE',  ( 1.299038105676658450, 0.7499999999999986677, 2.416666666666666075 ) ) ;
#2260 = CARTESIAN_POINT ( 'NONE',  ( -0.8660254037844513642, -1.499999999999978018, 7.208333333333333037 ) ) ;
#2261 = CARTESIAN_POINT ( 'NONE',  ( 1.299038105676658672, 0.7499999999999987788, -6.520833333333333925 ) ) ;
#2262 = CARTESIAN_POINT ( 'NONE',  ( 0.8816504037844380415, -1.527063293868264005, 4.807291666666666963 ) ) ;
#2263 = CARTESIAN_POINT ( 'NONE',  ( 1.017788105676658228, 0.5876202367904167501, 1.729166666666665408 ) ) ;
#2264 = ORIENTED_EDGE ( 'NONE', *, *, #3436, .F. ) ;
#2265 = EDGE_CURVE ( 'NONE', #3807, #2604, #1526, .T. ) ;
#2266 = CARTESIAN_POINT ( 'NONE',  ( 0.6785254037844380415, -1.175240473580835721, -8.458333333333335702 ) ) ;
#2267 = CARTESIAN_POINT ( 'NONE',  ( 1.017788105676657562, -0.5876202367904181934, -4.416666666666667851 ) ) ;
#2268 = CARTESIAN_POINT ( 'NONE',  ( -1.322475605676657784, 0.7635316469341318912, -6.869791666666667851 ) ) ;
#2269 = CARTESIAN_POINT ( 'NONE',  ( 1.322475605676658450, 0.7635316469341306700, -1.567708333333334147 ) ) ;
#2270 = ORIENTED_EDGE ( 'NONE', *, *, #6555, .T. ) ;
#2271 = CARTESIAN_POINT ( 'NONE',  ( -1.017788105676658006, -0.5876202367904174162, 0.4166666666666658525 ) ) ;
#2272 = EDGE_CURVE ( 'NONE', #5874, #4222, #3307, .T. ) ;
#2273 = CARTESIAN_POINT ( 'NONE',  ( 0.000000000000000000, 1.296351071171740261E-55, -10.49999999999999822 ) ) ;
#2274 = DIRECTION ( 'NONE',  ( -0.000000000000000000, 6.173100338913050050E-57, -1.000000000000000000 ) ) ;
#2275 = CARTESIAN_POINT ( 'NONE',  ( -0.6785254037844388186, -1.175240473580835276, 2.958333333333331705 ) ) ;
#2276 = CARTESIAN_POINT ( 'NONE',  ( 0.8816504037844392627, 1.527063293868263116, -10.02604166666666785 ) ) ;
#2277 = ORIENTED_EDGE ( 'NONE', *, *, #2905, .T. ) ;
#2278 =( BOUNDED_CURVE ( )  B_SPLINE_CURVE ( 2, ( #5235, #1745, #2330, #4687, #5680, #3426, #54 ),
 .UNSPECIFIED., .F., .T. ) 
 B_SPLINE_CURVE_WITH_KNOTS ( ( 3, 2, 2, 3 ),
 ( 0.4054054054054054279, 0.4099099099099098864, 0.4144144144144144559, 0.4189189189189189699 ),
 .UNSPECIFIED. ) 
 CURVE ( )  GEOMETRIC_REPRESENTATION_ITEM ( )  RATIONAL_B_SPLINE_CURVE ( ( 1.000000000000000000, 0.8660254037844385966, 1.000000000000000000, 0.8660254037844385966, 1.000000000000000000, 0.8660254037844369313, 1.000000000000001554 ) ) 
 REPRESENTATION_ITEM ( '' )  );
#2279 = CARTESIAN_POINT ( 'NONE',  ( 1.357050807568876971, -2.492861891654333810E-16, 3.624999999999997780 ) ) ;
#2280 = CARTESIAN_POINT ( 'NONE',  ( 1.732050807568877193, -3.181725716174720005E-16, 0.4374999999999986677 ) ) ;
#2281 = CARTESIAN_POINT ( 'NONE',  ( -1.836970198721029441E-16, -1.499999999999999778, -5.187500000000000888 ) ) ;
#2282 = CARTESIAN_POINT ( 'NONE',  ( 1.357050807568876971, -2.492861891654333810E-16, -3.375000000000001332 ) ) ;
#2283 = CARTESIAN_POINT ( 'NONE',  ( 0.000000000000000000, 1.175240473580835276, 0.3124999999999985567 ) ) ;
#2284 =( GEOMETRIC_REPRESENTATION_CONTEXT ( 3 ) GLOBAL_UNCERTAINTY_ASSIGNED_CONTEXT ( ( #1141 ) ) GLOBAL_UNIT_ASSIGNED_CONTEXT ( ( #25, #6270, #2367 ) ) REPRESENTATION_CONTEXT ( 'NONE', 'WORKASPACE' ) );
#2285 = VECTOR ( 'NONE', #6774, 1000.000000000000000 ) ;
#2286 = CARTESIAN_POINT ( 'NONE',  ( 0.6785254037844392627, 1.175240473580835054, -4.229166666666667851 ) ) ;
#2287 = VERTEX_POINT ( 'NONE', #3602 ) ;
#2288 = CARTESIAN_POINT ( 'NONE',  ( 1.357050807568876971, -2.492861891654333810E-16, -5.875000000000000000 ) ) ;
#2289 = CARTESIAN_POINT ( 'NONE',  ( -1.322475605676657784, 0.7635316469341318912, 1.130208333333331927 ) ) ;
#2290 = CARTESIAN_POINT ( 'NONE',  ( 1.299038105676658450, 0.7499999999999986677, -2.583333333333335258 ) ) ;
#2291 = CARTESIAN_POINT ( 'NONE',  ( -0.8660254037844260511, 1.500000000000021094, -1.895833333333335924 ) ) ;
#2292 = EDGE_CURVE ( 'NONE', #2641, #4810, #1919, .T. ) ;
#2293 = CYLINDRICAL_SURFACE ( 'NONE', #2322, 1.499999999999999778 ) ;
#2294 = CARTESIAN_POINT ( 'NONE',  ( -1.017788105676658006, -0.5876202367904174162, -8.520833333333335702 ) ) ;
#2295 = LINE ( 'NONE', #655, #3825 ) ;
#2296 = CARTESIAN_POINT ( 'NONE',  ( -1.299038105676657562, -0.7499999999999994449, -8.833333333333333925 ) ) ;
#2297 = CARTESIAN_POINT ( 'NONE',  ( 0.000000000000000000, 1.499999999999999778, 1.062499999999999112 ) ) ;
#2298 = CARTESIAN_POINT ( 'NONE',  ( 1.299038105676657118, -0.7500000000000004441, -6.166666666666668739 ) ) ;
#2299 = CARTESIAN_POINT ( 'NONE',  ( 1.763300807568876971, -3.239131034884752106E-16, 5.390625000000000000 ) ) ;
#2300 = CARTESIAN_POINT ( 'NONE',  ( 0.000000000000000000, 1.175240473580835276, 3.312499999999999556 ) ) ;
#2301 = ORIENTED_EDGE ( 'NONE', *, *, #2456, .F. ) ;
#2302 = CARTESIAN_POINT ( 'NONE',  ( 0.6785254037844380415, -1.175240473580835721, -8.958333333333333925 ) ) ;
#2303 = CARTESIAN_POINT ( 'NONE',  ( -1.017788105676657784, 0.5876202367904177493, -2.666666666666667851 ) ) ;
#2304 = CARTESIAN_POINT ( 'NONE',  ( 1.357050807568876749, -2.492861891654333810E-16, 0.1249999999999983763 ) ) ;
#2305 = CARTESIAN_POINT ( 'NONE',  ( -1.870113174931182636E-16, -1.527063293868263338, -8.203125000000001776 ) ) ;
#2306 = CARTESIAN_POINT ( 'NONE',  ( -1.763300807568876971, 1.079710344961584035E-16, -0.8593750000000007772 ) ) ;
#2307 = VERTEX_POINT ( 'NONE', #6885 ) ;
#2308 = CARTESIAN_POINT ( 'NONE',  ( 1.357050807568876971, -2.492861891654333810E-16, 7.624999999999998224 ) ) ;
#2309 = CARTESIAN_POINT ( 'NONE',  ( 0.8660254037844515862, 1.499999999999978018, -9.479166666666667851 ) ) ;
#2310 = ADVANCED_FACE ( 'NONE', ( #5709 ), #4193, .T. ) ;
#2311 = DIRECTION ( 'NONE',  ( 0.000000000000000000, 1.000000000000000000, 0.000000000000000000 ) ) ;
#2312 = CARTESIAN_POINT ( 'NONE',  ( 1.017788105676658228, 0.5876202367904167501, 3.666666666666665186 ) ) ;
#2313 = CARTESIAN_POINT ( 'NONE',  ( 1.322475605676658450, 0.7635316469341306700, -9.567708333333333925 ) ) ;
#2314 = ORIENTED_EDGE ( 'NONE', *, *, #1588, .T. ) ;
#2315 = CARTESIAN_POINT ( 'NONE',  ( 0.000000000000000000, 1.175240473580835276, 4.249999999999998224 ) ) ;
#2316 = FACE_OUTER_BOUND ( 'NONE', #6363, .T. ) ;
#2317 = CARTESIAN_POINT ( 'NONE',  ( -1.732050807568877415, 1.060575238724906915E-16, -5.875000000000001776 ) ) ;
#2318 = CARTESIAN_POINT ( 'NONE',  ( -1.017788105676658006, -0.5876202367904174162, 0.9791666666666646313 ) ) ;
#2319 = CARTESIAN_POINT ( 'NONE',  ( -1.017788105676657784, 0.5876202367904177493, -3.604166666666667851 ) ) ;
#2320 = ORIENTED_EDGE ( 'NONE', *, *, #2086, .T. ) ;
#2321 = CARTESIAN_POINT ( 'NONE',  ( 1.017788105676657562, -0.5876202367904181934, -5.416666666666667851 ) ) ;
#2322 = AXIS2_PLACEMENT_3D ( 'NONE', #5305, #1180, #5858 ) ;
#2323 =( BOUNDED_CURVE ( )  B_SPLINE_CURVE ( 2, ( #3200, #6946, #1794, #1242, #5766, #1872, #676 ),
 .UNSPECIFIED., .F., .T. ) 
 B_SPLINE_CURVE_WITH_KNOTS ( ( 3, 2, 2, 3 ),
 ( 0.3243243243243243423, 0.3288288288288288008, 0.3333333333333333703, 0.3378378378378378288 ),
 .UNSPECIFIED. ) 
 CURVE ( )  GEOMETRIC_REPRESENTATION_ITEM ( )  RATIONAL_B_SPLINE_CURVE ( ( 1.000000000000000000, 0.8660254037844387076, 1.000000000000000000, 0.8660254037844387076, 1.000000000000000000, 0.8660254037844387076, 1.000000000000000000 ) ) 
 REPRESENTATION_ITEM ( '' )  );
#2324 = CARTESIAN_POINT ( 'NONE',  ( 0.8816504037844392627, 1.527063293868263116, 0.5052083333333314830 ) ) ;
#2325 = CARTESIAN_POINT ( 'NONE',  ( -1.053519143052614293, 0.8351261121362136830, 10.27830854887704604 ) ) ;
#2326 = LINE ( 'NONE', #1887, #1493 ) ;
#2327 = CARTESIAN_POINT ( 'NONE',  ( -1.439254484199189379E-16, -1.175240473580835276, -6.437500000000001776 ) ) ;
#2328 = CARTESIAN_POINT ( 'NONE',  ( -0.6785254037844382635, 1.175240473580835276, 6.291666666666666075 ) ) ;
#2329 = CARTESIAN_POINT ( 'NONE',  ( -0.6878906242869451404, 1.094708619360049040, 7.228656985554569481 ) ) ;
#2330 = CARTESIAN_POINT ( 'NONE',  ( -1.299038105676657562, 0.7500000000000000000, -2.916666666666667851 ) ) ;
#2331 = CARTESIAN_POINT ( 'NONE',  ( 0.4430797455704184595, 1.165503555317028317, 7.192259379406017672 ) ) ;
#2332 = CARTESIAN_POINT ( 'NONE',  ( 1.299038105676658450, 0.7499999999999986677, -3.583333333333334370 ) ) ;
#2333 = CARTESIAN_POINT ( 'NONE',  ( -1.017788105676657784, 0.5876202367904177493, -10.10416666666666785 ) ) ;
#2334 = CARTESIAN_POINT ( 'NONE',  ( -0.6785254037844388186, -1.175240473580835054, 3.020833333333332149 ) ) ;
#2335 = ORIENTED_EDGE ( 'NONE', *, *, #1904, .T. ) ;
#2336 = CARTESIAN_POINT ( 'NONE',  ( 0.6785254037844392627, 1.175240473580835054, -6.791666666666667851 ) ) ;
#2337 = CARTESIAN_POINT ( 'NONE',  ( 0.000000000000000000, 1.175240473580835276, -0.7500000000000006661 ) ) ;
#2338 = CARTESIAN_POINT ( 'NONE',  ( 0.8816504037844392627, 1.527063293868263116, -7.994791666666667851 ) ) ;
#2339 = CARTESIAN_POINT ( 'NONE',  ( 1.322475605676657340, -0.7635316469341323353, 0.3489583333333330373 ) ) ;
#2340 = CARTESIAN_POINT ( 'NONE',  ( 0.6785254037844380415, -1.175240473580835499, -5.395833333333333925 ) ) ;
#2341 = ORIENTED_EDGE ( 'NONE', *, *, #4410, .F. ) ;
#2342 = CARTESIAN_POINT ( 'NONE',  ( 1.017788105676657562, -0.5876202367904181934, 0.5833333333333314830 ) ) ;
#2343 = CARTESIAN_POINT ( 'NONE',  ( 1.017788105676658228, 0.5876202367904167501, -7.833333333333334814 ) ) ;
#2344 = FACE_OUTER_BOUND ( 'NONE', #1615, .T. ) ;
#2345 = DIRECTION ( 'NONE',  ( 0.000000000000000000, 0.000000000000000000, 1.000000000000000000 ) ) ;
#2346 = CARTESIAN_POINT ( 'NONE',  ( -0.6785254037844388186, -1.175240473580835276, 3.958333333333332593 ) ) ;
#2347 = CARTESIAN_POINT ( 'NONE',  ( 1.763300807568876971, -3.239131034884752106E-16, -9.109375000000001776 ) ) ;
#2348 = CARTESIAN_POINT ( 'NONE',  ( -1.322475605676657784, 0.7635316469341318912, 7.130208333333332149 ) ) ;
#2349 = ORIENTED_EDGE ( 'NONE', *, *, #547, .T. ) ;
#2350 = CARTESIAN_POINT ( 'NONE',  ( -1.357050807568876971, 8.309539638847778957E-17, -0.6250000000000005551 ) ) ;
#2351 = CARTESIAN_POINT ( 'NONE',  ( -0.6785254037844388186, -1.175240473580835276, 4.458333333333332149 ) ) ;
#2352 = CARTESIAN_POINT ( 'NONE',  ( 1.299038105676657118, -0.7500000000000004441, 0.3333333333333329818 ) ) ;
#2353 = FACE_OUTER_BOUND ( 'NONE', #7190, .T. ) ;
#2354 = EDGE_CURVE ( 'NONE', #851, #3908, #3049, .T. ) ;
#2355 = CARTESIAN_POINT ( 'NONE',  ( -1.017788105676657784, 0.5876202367904177493, 2.395833333333331261 ) ) ;
#2356 = CARTESIAN_POINT ( 'NONE',  ( 1.357050807568876971, -2.492861891654333810E-16, -4.312500000000001776 ) ) ;
#2357 = ORIENTED_EDGE ( 'NONE', *, *, #5672, .F. ) ;
#2358 = CARTESIAN_POINT ( 'NONE',  ( -1.017788105676658006, -0.5876202367904174162, -5.083333333333334814 ) ) ;
#2359 = CARTESIAN_POINT ( 'NONE',  ( 0.8816504037844392627, 1.527063293868263116, 1.505208333333332371 ) ) ;
#2360 = ORIENTED_EDGE ( 'NONE', *, *, #5919, .F. ) ;
#2361 = CARTESIAN_POINT ( 'NONE',  ( -0.8660254037844266062, -1.500000000000020872, -2.729166666666666519 ) ) ;
#2362 = CARTESIAN_POINT ( 'NONE',  ( -1.836970198721029441E-16, -1.499999999999999778, -8.687500000000000000 ) ) ;
#2363 = CARTESIAN_POINT ( 'NONE',  ( 0.6785254037844380415, -1.175240473580835721, -6.395833333333333925 ) ) ;
#2364 = LINE ( 'NONE', #1295, #6907 ) ;
#2365 = CARTESIAN_POINT ( 'NONE',  ( 0.8660254037844441477, -1.499999999999989342, 0.8541666666666650753 ) ) ;
#2366 = CARTESIAN_POINT ( 'NONE',  ( -1.732050807568877193, 1.060575238724906792E-16, -9.312500000000001776 ) ) ;
#2367 =( NAMED_UNIT ( * ) SI_UNIT ( $, .STERADIAN. ) SOLID_ANGLE_UNIT ( ) );
#2368 = CARTESIAN_POINT ( 'NONE',  ( 0.000000000000000000, 1.527063293868263338, 8.015624999999998224 ) ) ;
#2369 = CARTESIAN_POINT ( 'NONE',  ( 1.017788105676657562, -0.5876202367904181934, 5.145833333333330373 ) ) ;
#2370 = ORIENTED_EDGE ( 'NONE', *, *, #1620, .F. ) ;
#2371 = CARTESIAN_POINT ( 'NONE',  ( 0.000000000000000000, 1.175240473580835276, -5.750000000000000888 ) ) ;
#2372 = DIRECTION ( 'NONE',  ( -0.000000000000000000, -0.000000000000000000, 1.000000000000000000 ) ) ;
#2373 = CARTESIAN_POINT ( 'NONE',  ( 0.6785254037844380415, -1.175240473580835721, -2.458333333333335258 ) ) ;
#2374 = CARTESIAN_POINT ( 'NONE',  ( 0.000000000000000000, 1.175240473580835276, -0.2500000000000019429 ) ) ;
#2375 = CARTESIAN_POINT ( 'NONE',  ( -1.357050807568876971, 8.309539638847778957E-17, 4.437499999999998224 ) ) ;
#2376 = CARTESIAN_POINT ( 'NONE',  ( 1.763300807568876971, -3.239131034884752106E-16, -5.078125000000001776 ) ) ;
#2377 = CARTESIAN_POINT ( 'NONE',  ( 0.8816504037844380415, -1.527063293868264005, 1.807291666666665408 ) ) ;
#2378 = CARTESIAN_POINT ( 'NONE',  ( -0.6785254037844382635, 1.175240473580835276, -2.645833333333335258 ) ) ;
#2379 = ORIENTED_EDGE ( 'NONE', *, *, #3135, .F. ) ;
#2380 = CARTESIAN_POINT ( 'NONE',  ( 0.000000000000000000, 1.175240473580835276, -7.750000000000000888 ) ) ;
#2381 = EDGE_CURVE ( 'NONE', #2287, #4509, #5229, .T. ) ;
#2382 = DIRECTION ( 'NONE',  ( 0.000000000000000000, -6.173100338913050050E-57, 1.000000000000000000 ) ) ;
#2383 = CARTESIAN_POINT ( 'NONE',  ( -1.357050807568876971, 8.309539638847778957E-17, 6.374999999999997335 ) ) ;
#2384 = CARTESIAN_POINT ( 'NONE',  ( 0.8816504037844380415, -1.527063293868264005, -6.692708333333333925 ) ) ;
#2385 = ORIENTED_EDGE ( 'NONE', *, *, #1620, .T. ) ;
#2386 = CARTESIAN_POINT ( 'NONE',  ( -0.6785254037844388186, -1.175240473580835276, -1.041666666666668295 ) ) ;
#2387 = AXIS2_PLACEMENT_3D ( 'NONE', #3459, #6855, #3979 ) ;
#2388 = CARTESIAN_POINT ( 'NONE',  ( -1.357050807568876971, 8.309539638847778957E-17, 5.374999999999999112 ) ) ;
#2389 = DIRECTION ( 'NONE',  ( -0.000000000000000000, 6.173100338913050050E-57, -1.000000000000000000 ) ) ;
#2390 = CARTESIAN_POINT ( 'NONE',  ( 0.000000000000000000, -1.355869389623845451E-13, 1006.483974596215489 ) ) ;
#2391 = CARTESIAN_POINT ( 'NONE',  ( 1.017788105676658228, 0.5876202367904167501, 2.729166666666666075 ) ) ;
#2392 = VECTOR ( 'NONE', #1574, 1000.000000000000000 ) ;
#2393 = CARTESIAN_POINT ( 'NONE',  ( -1.439254484199189379E-16, -1.175240473580835276, -2.937500000000000888 ) ) ;
#2394 = CARTESIAN_POINT ( 'NONE',  ( 1.299038105676658450, 0.7499999999999986677, 1.416666666666664742 ) ) ;
#2395 = CARTESIAN_POINT ( 'NONE',  ( 0.6785254037844392627, 1.175240473580835054, -3.791666666666667851 ) ) ;
#2396 = CARTESIAN_POINT ( 'NONE',  ( 0.8816504037844380415, -1.527063293868264005, -0.6614583333333350357 ) ) ;
#2397 = ADVANCED_FACE ( 'NONE', ( #831 ), #4935, .T. ) ;
#2398 = ORIENTED_EDGE ( 'NONE', *, *, #4502, .T. ) ;
#2399 = CARTESIAN_POINT ( 'NONE',  ( -1.357050807568876749, 8.309539638847778957E-17, -10.06250000000000178 ) ) ;
#2400 = DIRECTION ( 'NONE',  ( -0.000000000000000000, 6.173100338913050050E-57, -1.000000000000000000 ) ) ;
#2401 = CARTESIAN_POINT ( 'NONE',  ( 1.299038105676658672, 0.7499999999999987788, 4.479166666666664298 ) ) ;
#2402 = CIRCLE ( 'NONE', #7018, 2.750000000000000000 ) ;
#2403 = CARTESIAN_POINT ( 'NONE',  ( 0.000000000000000000, 1.175240473580835276, -6.687500000000000888 ) ) ;
#2404 =( BOUNDED_CURVE ( )  B_SPLINE_CURVE ( 2, ( #996, #2527, #5525, #1407, #6485, #7075, #5973 ),
 .UNSPECIFIED., .F., .T. ) 
 B_SPLINE_CURVE_WITH_KNOTS ( ( 3, 2, 2, 3 ),
 ( 0.5810810810810810301, 0.5855855855855855996, 0.5900900900900900581, 0.5945945945945946276 ),
 .UNSPECIFIED. ) 
 CURVE ( )  GEOMETRIC_REPRESENTATION_ITEM ( )  RATIONAL_B_SPLINE_CURVE ( ( 1.000000000000003331, 0.8660254037844353769, 1.000000000000000000, 0.8660254037844387076, 1.000000000000000000, 0.8660254037844353769, 1.000000000000003331 ) ) 
 REPRESENTATION_ITEM ( '' )  );
#2405 = CARTESIAN_POINT ( 'NONE',  ( 3.083377204709631712E-14, 1.251017696411971691, 7.206249999999997158 ) ) ;
#2406 = AXIS2_PLACEMENT_3D ( 'NONE', #4126, #4723, #2449 ) ;
#2407 = VECTOR ( 'NONE', #2858, 1000.000000000000000 ) ;
#2408 = CARTESIAN_POINT ( 'NONE',  ( -1.836970198721029441E-16, -1.499999999999999778, 0.8124999999999990008 ) ) ;
#2409 = CARTESIAN_POINT ( 'NONE',  ( 0.000000000000000000, 1.499999999999999778, 5.062499999999999112 ) ) ;
#2410 = EDGE_CURVE ( 'NONE', #889, #3684, #2806, .T. ) ;
#2411 = CARTESIAN_POINT ( 'NONE',  ( -1.870113174931182636E-16, -1.527063293868263338, 7.765624999999998224 ) ) ;
#2412 = CARTESIAN_POINT ( 'NONE',  ( -1.017788105676657784, 0.5876202367904177493, 4.395833333333331261 ) ) ;
#2413 = EDGE_LOOP ( 'NONE', ( #5941, #4653, #3875, #2360 ) ) ;
#2414 = CARTESIAN_POINT ( 'NONE',  ( -0.6785254037844388186, -1.175240473580835276, -6.541666666666667851 ) ) ;
#2415 = CARTESIAN_POINT ( 'NONE',  ( -0.8660254037844327124, -1.500000000000009770, -0.7291666666666671848 ) ) ;
#2416 =( BOUNDED_CURVE ( )  B_SPLINE_CURVE ( 2, ( #5112, #1165, #5179, #3921, #6804, #567, #3992 ),
 .UNSPECIFIED., .F., .F. ) 
 B_SPLINE_CURVE_WITH_KNOTS ( ( 3, 2, 2, 3 ),
 ( 0.6486486486486486847, 0.6531531531531531432, 0.6576576576576576016, 0.6621621621621621712 ),
 .UNSPECIFIED. ) 
 CURVE ( )  GEOMETRIC_REPRESENTATION_ITEM ( )  RATIONAL_B_SPLINE_CURVE ( ( 1.000000000000000000, 0.8660254037844387076, 1.000000000000000000, 0.8660254037844387076, 1.000000000000000000, 0.8660254037844387076, 1.000000000000000000 ) ) 
 REPRESENTATION_ITEM ( '' )  );
#2417 = CARTESIAN_POINT ( 'NONE',  ( 0.6785254037844391517, 1.175240473580835054, -1.291666666666668295 ) ) ;
#2418 = CARTESIAN_POINT ( 'NONE',  ( 0.6785254037844392627, 1.175240473580835054, 2.270833333333331261 ) ) ;
#2419 = CARTESIAN_POINT ( 'NONE',  ( -0.8660254037844327124, -1.500000000000009770, 0.7708333333333322601 ) ) ;
#2420 = CARTESIAN_POINT ( 'NONE',  ( -1.322475605676657784, 0.7635316469341318912, -4.869791666666667851 ) ) ;
#2421 = CARTESIAN_POINT ( 'NONE',  ( 0.000000000000000000, 1.527063293868263338, -0.4843750000000004441 ) ) ;
#2422 = CARTESIAN_POINT ( 'NONE',  ( 0.000000000000000000, 1.175240473580835276, -2.187500000000001776 ) ) ;
#2423 = ORIENTED_EDGE ( 'NONE', *, *, #330, .T. ) ;
#2424 = CARTESIAN_POINT ( 'NONE',  ( -0.6785254037844388186, -1.175240473580835054, -8.541666666666667851 ) ) ;
#2425 = DIRECTION ( 'NONE',  ( -0.000000000000000000, 6.173100338913050050E-57, -1.000000000000000000 ) ) ;
#2426 = CARTESIAN_POINT ( 'NONE',  ( -1.836970198721029441E-16, -1.499999999999999778, -5.187500000000000888 ) ) ;
#2427 = CARTESIAN_POINT ( 'NONE',  ( 0.000000000000000000, 1.175240473580835276, 5.750000000000000000 ) ) ;
#2428 = EDGE_CURVE ( 'NONE', #2643, #5818, #4334, .T. ) ;
#2429 = CARTESIAN_POINT ( 'NONE',  ( 1.763300807568876971, -3.239131034884752106E-16, -6.109375000000001776 ) ) ;
#2430 = ORIENTED_EDGE ( 'NONE', *, *, #5383, .F. ) ;
#2431 = CARTESIAN_POINT ( 'NONE',  ( 1.017788105676657562, -0.5876202367904181934, 5.583333333333330373 ) ) ;
#2432 = CYLINDRICAL_SURFACE ( 'NONE', #3484, 1.499999999999999778 ) ;
#2433 = CARTESIAN_POINT ( 'NONE',  ( -1.299038105676657562, -0.7499999999999994449, -5.833333333333334814 ) ) ;
#2434 = CARTESIAN_POINT ( 'NONE',  ( 1.017788105676657562, -0.5876202367904181934, -3.416666666666667851 ) ) ;
#2435 = CARTESIAN_POINT ( 'NONE',  ( 0.6785254037844380415, -1.175240473580835721, 1.604166666666664964 ) ) ;
#2437 = CARTESIAN_POINT ( 'NONE',  ( 0.000000000000000000, 1.175240473580835276, -2.687500000000000444 ) ) ;
#2436 =( BOUNDED_CURVE ( )  B_SPLINE_CURVE ( 2, ( #3235, #7181, #395, #4234, #2667, #1441, #6484 ),
 .UNSPECIFIED., .F., .F. ) 
 B_SPLINE_CURVE_WITH_KNOTS ( ( 3, 2, 2, 3 ),
 ( 0.09459459459459448882, 0.09909909909909896120, 0.1036036036036035446, 0.1081081081081080170 ),
 .UNSPECIFIED. ) 
 CURVE ( )  GEOMETRIC_REPRESENTATION_ITEM ( )  RATIONAL_B_SPLINE_CURVE ( ( 1.000000000000004219, 0.8660254037844345998, 1.000000000000000000, 0.8660254037844387076, 1.000000000000000000, 0.8660254037844415942, 0.9999999999999971134 ) ) 
 REPRESENTATION_ITEM ( '' )  );
#2438 = ORIENTED_EDGE ( 'NONE', *, *, #1321, .T. ) ;
#2439 = CARTESIAN_POINT ( 'NONE',  ( -1.357050807568876971, 8.309539638847778957E-17, -1.125000000000000888 ) ) ;
#2440 = CARTESIAN_POINT ( 'NONE',  ( -1.322475605676657784, 0.7635316469341318912, 2.130208333333331261 ) ) ;
#2441 = ORIENTED_EDGE ( 'NONE', *, *, #3698, .F. ) ;
#2442 = CARTESIAN_POINT ( 'NONE',  ( 0.8660254037844394848, 1.499999999999999334, -2.541666666666669183 ) ) ;
#2443 = CARTESIAN_POINT ( 'NONE',  ( -1.836970198721029441E-16, -1.499999999999999556, 6.250000000000000000 ) ) ;
#2444 = CARTESIAN_POINT ( 'NONE',  ( 0.6785254037844380415, -1.175240473580835721, -4.895833333333333925 ) ) ;
#2445 = AXIS2_PLACEMENT_3D ( 'NONE', #674, #6246, #36 ) ;
#2446 = CARTESIAN_POINT ( 'NONE',  ( 1.017788105676658228, 0.5876202367904167501, -9.333333333333333925 ) ) ;
#2447 = CARTESIAN_POINT ( 'NONE',  ( 0.000000000000000000, 1.499999999999999556, -1.814344573018711326E-15 ) ) ;
#2448 = CARTESIAN_POINT ( 'NONE',  ( 0.000000000000000000, 1.499999999999999778, 0.06249999999999830691 ) ) ;
#2449 = DIRECTION ( 'NONE',  ( 1.000000000000000000, 0.000000000000000000, 0.000000000000000000 ) ) ;
#2450 = CARTESIAN_POINT ( 'NONE',  ( -1.439254484199189379E-16, -1.175240473580835276, -9.437500000000001776 ) ) ;
#2451 =( BOUNDED_CURVE ( )  B_SPLINE_CURVE ( 2, ( #4822, #4008, #6266, #5746, #194, #3070, #2508 ),
 .UNSPECIFIED., .F., .F. ) 
 B_SPLINE_CURVE_WITH_KNOTS ( ( 3, 2, 2, 3 ),
 ( 0.3918918918918918859, 0.3963963963963963999, 0.4009009009009009139, 0.4054054054054054279 ),
 .UNSPECIFIED. ) 
 CURVE ( )  GEOMETRIC_REPRESENTATION_ITEM ( )  RATIONAL_B_SPLINE_CURVE ( ( 1.000000000000000000, 0.8660254037844385966, 1.000000000000000000, 0.8660254037844385966, 1.000000000000000000, 0.8660254037844385966, 1.000000000000000000 ) ) 
 REPRESENTATION_ITEM ( '' )  );
#2452 = CARTESIAN_POINT ( 'NONE',  ( -1.357050807568876749, 8.309539638847778957E-17, 6.437499999999998224 ) ) ;
#2453 = VERTEX_POINT ( 'NONE', #2099 ) ;
#2454 = CARTESIAN_POINT ( 'NONE',  ( 1.357050807568876971, -2.492861891654333810E-16, -4.875000000000000888 ) ) ;
#2455 = CARTESIAN_POINT ( 'NONE',  ( -1.836970198721029441E-16, -1.499999999999999556, 2.249999999999998668 ) ) ;
#2456 = EDGE_CURVE ( 'NONE', #5570, #476, #6543, .T. ) ;
#2457 = CARTESIAN_POINT ( 'NONE',  ( -1.017788105676657784, 0.5876202367904177493, -1.666666666666666963 ) ) ;
#2458 = CARTESIAN_POINT ( 'NONE',  ( 1.357050807568876971, -2.492861891654333810E-16, 4.187499999999998224 ) ) ;
#2459 = CARTESIAN_POINT ( 'NONE',  ( -1.763300807568876971, 1.079710344961584035E-16, -4.828125000000001776 ) ) ;
#2460 = CARTESIAN_POINT ( 'NONE',  ( -1.763300807568876971, 1.079710344961584035E-16, 0.1406249999999983902 ) ) ;
#2461 = CARTESIAN_POINT ( 'NONE',  ( 1.017788105676657562, -0.5876202367904181934, -2.854166666666667851 ) ) ;
#2462 = EDGE_LOOP ( 'NONE', ( #3877, #6846, #6144, #1883 ) ) ;
#2463 = CARTESIAN_POINT ( 'NONE',  ( 1.357050807568876749, -2.492861891654333810E-16, -7.375000000000001776 ) ) ;
#2464 = AXIS2_PLACEMENT_3D ( 'NONE', #4290, #3066, #4333 ) ;
#2465 = EDGE_CURVE ( 'NONE', #4440, #3410, #4578, .T. ) ;
#2466 = CARTESIAN_POINT ( 'NONE',  ( -1.299038105676657562, 0.7500000000000000000, 5.583333333333330373 ) ) ;
#2467 = CARTESIAN_POINT ( 'NONE',  ( 0.000000000000000000, 1.499999999999999556, -8.500000000000000000 ) ) ;
#2468 = CARTESIAN_POINT ( 'NONE',  ( 1.017788105676658228, 0.5876202367904167501, 6.666666666666666075 ) ) ;
#2469 = CARTESIAN_POINT ( 'NONE',  ( 0.8816504037844392627, 1.527063293868263116, -6.026041666666667851 ) ) ;
#2470 = VERTEX_POINT ( 'NONE', #5445 ) ;
#2471 = CARTESIAN_POINT ( 'NONE',  ( -0.6785254037844388186, -1.175240473580835276, 5.458333333333331261 ) ) ;
#2472 = CARTESIAN_POINT ( 'NONE',  ( 0.000000000000000000, 1.499999999999999556, -10.00000000000000000 ) ) ;
#2473 = LINE ( 'NONE', #3175, #4368 ) ;
#2474 = CARTESIAN_POINT ( 'NONE',  ( -1.017788105676657784, 0.5876202367904177493, 0.8958333333333318160 ) ) ;
#2475 = CARTESIAN_POINT ( 'NONE',  ( 0.6785254037844392627, 1.175240473580835054, -0.7291666666666677399 ) ) ;
#2476 = CARTESIAN_POINT ( 'NONE',  ( 0.000000000000000000, -1.355869389623845451E-13, 1006.483974596215489 ) ) ;
#2477 = DIRECTION ( 'NONE',  ( -0.000000000000000000, 6.173100338913050050E-57, -1.000000000000000000 ) ) ;
#2478 = CARTESIAN_POINT ( 'NONE',  ( 0.000000000000000000, 1.175240473580835276, -3.250000000000001332 ) ) ;
#2479 = CARTESIAN_POINT ( 'NONE',  ( 0.8816504037844380415, -1.527063293868264005, 2.338541666666665630 ) ) ;
#2480 = ORIENTED_EDGE ( 'NONE', *, *, #859, .F. ) ;
#2481 = CARTESIAN_POINT ( 'NONE',  ( 1.357050807568876749, -2.492861891654333810E-16, -9.312500000000001776 ) ) ;
#2482 = FACE_OUTER_BOUND ( 'NONE', #1653, .T. ) ;
#2483 = CARTESIAN_POINT ( 'NONE',  ( 1.017788105676657562, -0.5876202367904181934, -7.354166666666667851 ) ) ;
#2484 =( BOUNDED_CURVE ( )  B_SPLINE_CURVE ( 2, ( #1673, #3941, #6712, #3393, #1633, #5646, #554 ),
 .UNSPECIFIED., .F., .T. ) 
 B_SPLINE_CURVE_WITH_KNOTS ( ( 3, 2, 2, 3 ),
 ( 0.7162162162162162282, 0.7207207207207206867, 0.7252252252252253673, 0.7297297297297298257 ),
 .UNSPECIFIED. ) 
 CURVE ( )  GEOMETRIC_REPRESENTATION_ITEM ( )  RATIONAL_B_SPLINE_CURVE ( ( 1.000000000000000000, 0.8660254037844385966, 1.000000000000000000, 0.8660254037844385966, 1.000000000000000000, 0.8660254037844352659, 1.000000000000003331 ) ) 
 REPRESENTATION_ITEM ( '' )  );
#2485 = CARTESIAN_POINT ( 'NONE',  ( -1.439254484199189379E-16, -1.175240473580835276, -10.50000000000000000 ) ) ;
#2486 = CARTESIAN_POINT ( 'NONE',  ( 0.6785254037844392627, 1.175240473580835054, -9.229166666666667851 ) ) ;
#2487 = CARTESIAN_POINT ( 'NONE',  ( -1.357050807568876749, 8.309539638847778957E-17, 5.437500000000000000 ) ) ;
#2488 = EDGE_LOOP ( 'NONE', ( #2114, #4118, #4679, #222 ) ) ;
#2489 = CARTESIAN_POINT ( 'NONE',  ( -0.6785254037844383745, 1.175240473580835499, -6.208333333333333925 ) ) ;
#2490 = CARTESIAN_POINT ( 'NONE',  ( -1.732050807568877193, 1.060575238724906792E-16, -0.8125000000000006661 ) ) ;
#2491 = CARTESIAN_POINT ( 'NONE',  ( -0.6785254037844388186, -1.175240473580835054, 2.958333333333331705 ) ) ;
#2492 = CARTESIAN_POINT ( 'NONE',  ( -1.017788105676658006, -0.5876202367904174162, 4.979166666666664298 ) ) ;
#2493 = CARTESIAN_POINT ( 'NONE',  ( 1.763300807568876971, -3.239131034884752106E-16, -4.078125000000000888 ) ) ;
#2494 = CARTESIAN_POINT ( 'NONE',  ( -1.322475605676657784, 0.7635316469341318912, 2.098958333333333037 ) ) ;
#2495 = EDGE_LOOP ( 'NONE', ( #4524, #254, #5620, #3668 ) ) ;
#2496 = EDGE_CURVE ( 'NONE', #4810, #4434, #18, .T. ) ;
#2497 = CARTESIAN_POINT ( 'NONE',  ( -1.017788105676657784, 0.5876202367904177493, -1.604166666666666963 ) ) ;
#2498 = ORIENTED_EDGE ( 'NONE', *, *, #4869, .F. ) ;
#2499 = CARTESIAN_POINT ( 'NONE',  ( 1.017788105676657562, -0.5876202367904181934, -8.916666666666667851 ) ) ;
#2500 = CARTESIAN_POINT ( 'NONE',  ( -1.357050807568876971, 8.309539638847778957E-17, 5.874999999999999112 ) ) ;
#2501 = CARTESIAN_POINT ( 'NONE',  ( 1.322475605676658450, 0.7635316469341306700, -7.567708333333333925 ) ) ;
#2502 = EDGE_CURVE ( 'NONE', #411, #3174, #3209, .T. ) ;
#2503 = ORIENTED_EDGE ( 'NONE', *, *, #2957, .T. ) ;
#2504 = CARTESIAN_POINT ( 'NONE',  ( 0.6785254037844392627, 1.175240473580835054, 6.708333333333332149 ) ) ;
#2505 = CARTESIAN_POINT ( 'NONE',  ( 1.250000000000000000, 0.7216878364870321638, 3.681186920870133772 ) ) ;
#2506 = CARTESIAN_POINT ( 'NONE',  ( 0.000000000000000000, 1.175240473580835276, 4.312499999999998224 ) ) ;
#2507 = CARTESIAN_POINT ( 'NONE',  ( -1.017788105676658006, -0.5876202367904174162, -2.020833333333334370 ) ) ;
#2508 = CARTESIAN_POINT ( 'NONE',  ( 0.000000000000000000, 1.499999999999999556, -3.000000000000000888 ) ) ;
#2509 = CARTESIAN_POINT ( 'NONE',  ( 0.000000000000000000, 1.499999999999999556, 1.499999999999999556 ) ) ;
#2510 = CARTESIAN_POINT ( 'NONE',  ( -1.017788105676657784, 0.5876202367904177493, -2.166666666666667407 ) ) ;
#2511 = CARTESIAN_POINT ( 'NONE',  ( -1.763300807568876971, 1.079710344961584035E-16, 1.671874999999998002 ) ) ;
#2512 = ORIENTED_EDGE ( 'NONE', *, *, #1049, .F. ) ;
#2513 = CARTESIAN_POINT ( 'NONE',  ( 0.6785254037844391517, 1.175240473580835054, -8.729166666666667851 ) ) ;
#2514 = CARTESIAN_POINT ( 'NONE',  ( 0.000000000000000000, 1.296351071171740261E-55, -10.49999999999999822 ) ) ;
#2515 = CARTESIAN_POINT ( 'NONE',  ( -1.836970198721029441E-16, -1.499999999999999778, -8.187500000000001776 ) ) ;
#2516 = VECTOR ( 'NONE', #4167, 1000.000000000000000 ) ;
#2517 = CARTESIAN_POINT ( 'NONE',  ( -0.6785254037844388186, -1.175240473580835276, -2.979166666666668295 ) ) ;
#2518 = CONICAL_SURFACE ( 'NONE', #6185, 1.175240473580835276, 0.7853981633974463916 ) ;
#2519 = CARTESIAN_POINT ( 'NONE',  ( -0.6785254037844388186, -1.175240473580835276, -10.04166666666666607 ) ) ;
#2520 = CARTESIAN_POINT ( 'NONE',  ( 1.299038105676658672, 0.7499999999999987788, -8.520833333333333925 ) ) ;
#2521 = ADVANCED_FACE ( 'NONE', ( #871 ), #908, .F. ) ;
#2522 = CARTESIAN_POINT ( 'NONE',  ( -1.017788105676658006, -0.5876202367904174162, -8.520833333333335702 ) ) ;
#2523 = AXIS2_PLACEMENT_3D ( 'NONE', #6115, #1108, #6666 ) ;
#2524 = CARTESIAN_POINT ( 'NONE',  ( -0.8660254037844329345, 1.500000000000008882, 6.604166666666666963 ) ) ;
#2525 = CARTESIAN_POINT ( 'NONE',  ( 0.000000000000000000, 1.175240473580835276, 1.749999999999998002 ) ) ;
#2526 = CARTESIAN_POINT ( 'NONE',  ( -1.836970198721029441E-16, -1.499999999999999556, 4.249999999999998224 ) ) ;
#2527 = CARTESIAN_POINT ( 'NONE',  ( -0.8660254037844266062, -1.500000000000020872, -3.229166666666666963 ) ) ;
#2528 = AXIS2_PLACEMENT_3D ( 'NONE', #4981, #2110, #5060 ) ;
#2529 = CARTESIAN_POINT ( 'NONE',  ( -1.357050807568876749, 8.309539638847778957E-17, 2.874999999999999112 ) ) ;
#2530 = CARTESIAN_POINT ( 'NONE',  ( 1.017788105676657562, -0.5876202367904181934, 5.645833333333331261 ) ) ;
#2531 = CARTESIAN_POINT ( 'NONE',  ( 0.000000000000000000, 1.944526606757610890E-56, 7.349999999999998757 ) ) ;
#2532 = CARTESIAN_POINT ( 'NONE',  ( 0.8816504037844392627, 1.527063293868263116, -5.994791666666667851 ) ) ;
#2533 = CARTESIAN_POINT ( 'NONE',  ( -1.870113174931182636E-16, -1.527063293868263338, 3.765624999999998224 ) ) ;
#2534 = ORIENTED_EDGE ( 'NONE', *, *, #1203, .F. ) ;
#2535 = CARTESIAN_POINT ( 'NONE',  ( -0.6785254037844388186, -1.175240473580835054, -2.479166666666667851 ) ) ;
#2536 = ORIENTED_EDGE ( 'NONE', *, *, #3053, .T. ) ;
#2537 = CARTESIAN_POINT ( 'NONE',  ( -1.017788105676657784, 0.5876202367904177493, -5.666666666666667851 ) ) ;
#2538 = CARTESIAN_POINT ( 'NONE',  ( -1.249999999999999778, 0.6099678444218462614, 10.33588682849435081 ) ) ;
#2539 = CARTESIAN_POINT ( 'NONE',  ( -0.6785254037844388186, -1.175240473580835276, 5.458333333333331261 ) ) ;
#2540 = CARTESIAN_POINT ( 'NONE',  ( 0.8816504037844392627, 1.527063293868263116, -7.026041666666666963 ) ) ;
#2541 = VERTEX_POINT ( 'NONE', #797 ) ;
#2542 = CARTESIAN_POINT ( 'NONE',  ( 1.017788105676658228, 0.5876202367904167501, 5.166666666666665186 ) ) ;
#2543 = FACE_OUTER_BOUND ( 'NONE', #4887, .T. ) ;
#2544 = CARTESIAN_POINT ( 'NONE',  ( 1.017788105676657562, -0.5876202367904181934, 4.645833333333331261 ) ) ;
#2545 = ADVANCED_FACE ( 'NONE', ( #4794 ), #3783, .T. ) ;
#2546 = B_SPLINE_CURVE_WITH_KNOTS ( 'NONE', 3,
 ( #3539, #4131, #2937, #172 ),
 .UNSPECIFIED., .F., .F.,
 ( 4, 4 ),
 ( 0.000000000000000000, 0.0009072826685691449565 ),
 .UNSPECIFIED. ) ;
#2547 = CARTESIAN_POINT ( 'NONE',  ( -1.439254484199189379E-16, -1.175240473580835276, -1.937500000000001776 ) ) ;
#2548 = DIRECTION ( 'NONE',  ( -0.000000000000000000, 6.173100338913050050E-57, -1.000000000000000000 ) ) ;
#2549 = FACE_OUTER_BOUND ( 'NONE', #5136, .T. ) ;
#2550 = CARTESIAN_POINT ( 'NONE',  ( 0.000000000000000000, 1.175240473580835276, -1.250000000000001110 ) ) ;
#2551 = CARTESIAN_POINT ( 'NONE',  ( 1.763300807568876971, -3.239131034884752106E-16, 3.921874999999998224 ) ) ;
#2552 = ORIENTED_EDGE ( 'NONE', *, *, #859, .T. ) ;
#2553 = CARTESIAN_POINT ( 'NONE',  ( 0.6785254037844380415, -1.175240473580835499, -8.395833333333335702 ) ) ;
#2554 = CARTESIAN_POINT ( 'NONE',  ( -1.836970198721029441E-16, -1.499999999999999778, -8.187500000000001776 ) ) ;
#2555 = CARTESIAN_POINT ( 'NONE',  ( -1.836970198721029441E-16, -1.499999999999999556, 3.749999999999998224 ) ) ;
#2556 = CARTESIAN_POINT ( 'NONE',  ( 1.017788105676658228, 0.5876202367904167501, -4.270833333333333925 ) ) ;
#2557 = CARTESIAN_POINT ( 'NONE',  ( 0.6785254037844380415, -1.175240473580835721, -9.458333333333333925 ) ) ;
#2558 = CARTESIAN_POINT ( 'NONE',  ( -1.836970198721029441E-16, -1.499999999999999778, 1.812499999999998224 ) ) ;
#2559 = CARTESIAN_POINT ( 'NONE',  ( -1.017788105676657784, 0.5876202367904177493, -7.104166666666667851 ) ) ;
#2560 = CARTESIAN_POINT ( 'NONE',  ( -1.836970198721029441E-16, -1.499999999999999778, 4.812499999999999112 ) ) ;
#2561 = CARTESIAN_POINT ( 'NONE',  ( 0.000000000000000000, 1.499999999999999778, 7.062499999999997335 ) ) ;
#2562 = CARTESIAN_POINT ( 'NONE',  ( 0.000000000000000000, 1.499999999999999778, -10.49999999999999822 ) ) ;
#2563 = CARTESIAN_POINT ( 'NONE',  ( -0.6785254037844382635, 1.175240473580835276, 2.291666666666665630 ) ) ;
#2564 = CARTESIAN_POINT ( 'NONE',  ( 1.017788105676658228, 0.5876202367904167501, 4.729166666666664298 ) ) ;
#2565 = CARTESIAN_POINT ( 'NONE',  ( 0.6364384854882190190, -1.034180173152846827, -10.47204476256381156 ) ) ;
#2566 = CARTESIAN_POINT ( 'NONE',  ( 1.322475605676657340, -0.7635316469341323353, -1.119791666666668295 ) ) ;
#2567 = VECTOR ( 'NONE', #1200, 1000.000000000000000 ) ;
#2568 = CARTESIAN_POINT ( 'NONE',  ( 0.000000000000000000, 1.527063293868263338, 2.515624999999998668 ) ) ;
#2569 = ORIENTED_EDGE ( 'NONE', *, *, #547, .F. ) ;
#2570 = CARTESIAN_POINT ( 'NONE',  ( -1.357050807568876749, 8.309539638847778957E-17, 0.9374999999999991118 ) ) ;
#2571 = VERTEX_POINT ( 'NONE', #5482 ) ;
#2572 = CARTESIAN_POINT ( 'NONE',  ( -1.439254484199189379E-16, -1.175240473580835276, -6.000000000000000888 ) ) ;
#2573 = CARTESIAN_POINT ( 'NONE',  ( -0.8660254037844382635, 1.499999999999999556, 5.541666666666666963 ) ) ;
#2574 = CYLINDRICAL_SURFACE ( 'NONE', #30, 1.499999999999999778 ) ;
#2575 = CARTESIAN_POINT ( 'NONE',  ( -0.6785254037844383745, 1.175240473580835499, 7.291666666666666075 ) ) ;
#2576 = CARTESIAN_POINT ( 'NONE',  ( -0.8816504037844389297, -1.527063293868263116, -3.276041666666667407 ) ) ;
#2577 = ORIENTED_EDGE ( 'NONE', *, *, #582, .F. ) ;
#2578 = CYLINDRICAL_SURFACE ( 'NONE', #5309, 1.499999999999999778 ) ;
#2579 = CARTESIAN_POINT ( 'NONE',  ( -1.017788105676658006, -0.5876202367904174162, 4.979166666666664298 ) ) ;
#2580 = CARTESIAN_POINT ( 'NONE',  ( 0.000000000000000000, 1.175240473580835276, 1.812499999999998224 ) ) ;
#2581 = CARTESIAN_POINT ( 'NONE',  ( -1.732050807568877415, 1.060575238724906915E-16, 0.1249999999999983208 ) ) ;
#2582 = CARTESIAN_POINT ( 'NONE',  ( 1.017788105676658228, 0.5876202367904167501, -2.333333333333334814 ) ) ;
#2583 = CARTESIAN_POINT ( 'NONE',  ( 0.000000000000000000, 1.499999999999999778, -2.437500000000002220 ) ) ;
#2584 = CARTESIAN_POINT ( 'NONE',  ( -1.763300807568876971, 1.079710344961584035E-16, 2.671874999999999556 ) ) ;
#2585 = ORIENTED_EDGE ( 'NONE', *, *, #2172, .T. ) ;
#2586 = CARTESIAN_POINT ( 'NONE',  ( 1.357050807568876749, -2.492861891654333810E-16, -6.812500000000000000 ) ) ;
#2587 = ADVANCED_FACE ( 'NONE', ( #2660 ), #4381, .F. ) ;
#2588 = CARTESIAN_POINT ( 'NONE',  ( 0.000000000000000000, 1.499999999999999556, 4.999999999999999112 ) ) ;
#2589 = CARTESIAN_POINT ( 'NONE',  ( 0.000000000000000000, 1.499999999999999556, 3.999999999999998224 ) ) ;
#2590 = CARTESIAN_POINT ( 'NONE',  ( -0.6785254037844388186, -1.175240473580835276, -4.479166666666667851 ) ) ;
#2591 = CARTESIAN_POINT ( 'NONE',  ( -1.130019731377862824, 0.8013856266544381324, -10.29299444561368126 ) ) ;
#2592 = CARTESIAN_POINT ( 'NONE',  ( 0.000000000000000000, 1.499999999999999556, 6.499999999999997335 ) ) ;
#2593 = CARTESIAN_POINT ( 'NONE',  ( -0.6785254037844383745, 1.175240473580835499, -6.645833333333334814 ) ) ;
#2594 = EDGE_CURVE ( 'NONE', #4881, #887, #5095, .T. ) ;
#2595 = CARTESIAN_POINT ( 'NONE',  ( 1.732050807568877415, -3.181725716174720498E-16, -1.625000000000001776 ) ) ;
#2596 = FACE_OUTER_BOUND ( 'NONE', #2187, .T. ) ;
#2597 = CARTESIAN_POINT ( 'NONE',  ( -1.299038105676657784, -0.7499999999999995559, -4.270833333333334814 ) ) ;
#2598 = EDGE_CURVE ( 'NONE', #4826, #4440, #232, .T. ) ;
#2599 = CARTESIAN_POINT ( 'NONE',  ( 1.017788105676658228, 0.5876202367904167501, 1.166666666666664742 ) ) ;
#2600 = CARTESIAN_POINT ( 'NONE',  ( 1.357050807568876971, -2.492861891654333810E-16, 7.187499999999998224 ) ) ;
#2601 = CARTESIAN_POINT ( 'NONE',  ( 1.836970198721029688E-16, -1.499999999999999778, -10.49999999999999822 ) ) ;
#2602 = DIRECTION ( 'NONE',  ( 0.000000000000000000, 1.000000000000000000, 0.000000000000000000 ) ) ;
#2603 = CARTESIAN_POINT ( 'NONE',  ( -1.870113174931182636E-16, -1.527063293868263338, 4.265624999999998224 ) ) ;
#2604 = VERTEX_POINT ( 'NONE', #1024 ) ;
#2605 = CARTESIAN_POINT ( 'NONE',  ( 1.357050807568876749, -2.492861891654333810E-16, 0.6874999999999988898 ) ) ;
#2606 = VERTEX_POINT ( 'NONE', #5008 ) ;
#2607 = CARTESIAN_POINT ( 'NONE',  ( 0.000000000000000000, 1.175240473580835276, -5.750000000000000888 ) ) ;
#2608 = FACE_OUTER_BOUND ( 'NONE', #3243, .T. ) ;
#2609 = CARTESIAN_POINT ( 'NONE',  ( -0.8816504037844389297, -1.527063293868263116, -9.244791666666667851 ) ) ;
#2610 = CARTESIAN_POINT ( 'NONE',  ( -0.8816504037844382635, 1.527063293868263338, -5.442708333333333037 ) ) ;
#2611 = ORIENTED_EDGE ( 'NONE', *, *, #5502, .F. ) ;
#2612 = CARTESIAN_POINT ( 'NONE',  ( 0.8660254037844350439, -1.500000000000005995, -7.208333333333336590 ) ) ;
#2613 = CARTESIAN_POINT ( 'NONE',  ( 1.357050807568876971, -2.492861891654333810E-16, 4.187499999999998224 ) ) ;
#2614 = EDGE_CURVE ( 'NONE', #2541, #4812, #2769, .T. ) ;
#2615 = CARTESIAN_POINT ( 'NONE',  ( -1.017788105676658006, -0.5876202367904174162, 1.479166666666665186 ) ) ;
#2616 = CARTESIAN_POINT ( 'NONE',  ( -1.836970198721029441E-16, -1.499999999999999556, 0.2499999999999983902 ) ) ;
#2617 = CARTESIAN_POINT ( 'NONE',  ( -0.8660254037844135055, 1.500000000000042855, 6.541666666666664298 ) ) ;
#2618 = CARTESIAN_POINT ( 'NONE',  ( -1.439254484199189379E-16, -1.175240473580835276, -1.734723475976807094E-15 ) ) ;
#2619 = CARTESIAN_POINT ( 'NONE',  ( 0.4411683727728141213, -1.314894768586987617, -10.29264408965866551 ) ) ;
#2620 = CARTESIAN_POINT ( 'NONE',  ( -0.8816504037844389297, -1.527063293868263116, 5.755208333333331261 ) ) ;
#2621 = ORIENTED_EDGE ( 'NONE', *, *, #278, .F. ) ;
#2622 = CARTESIAN_POINT ( 'NONE',  ( 1.357050807568876749, -2.492861891654333810E-16, -8.812500000000000000 ) ) ;
#2623 = CARTESIAN_POINT ( 'NONE',  ( 0.000000000000000000, 2.600000000000000089, 8.500000000000000000 ) ) ;
#2624 = CARTESIAN_POINT ( 'NONE',  ( 0.000000000000000000, 1.499999999999999778, -8.437500000000000000 ) ) ;
#2625 = CARTESIAN_POINT ( 'NONE',  ( -1.357050807568876971, 8.309539638847778957E-17, -4.062500000000000888 ) ) ;
#2626 = CARTESIAN_POINT ( 'NONE',  ( 1.732050807568877193, -3.181725716174720005E-16, -7.562500000000001776 ) ) ;
#2627 = ADVANCED_FACE ( 'NONE', ( #7248 ), #2844, .T. ) ;
#2628 = CARTESIAN_POINT ( 'NONE',  ( -0.6785254037844388186, -1.175240473580835276, -7.041666666666667851 ) ) ;
#2629 = MECHANICAL_DESIGN_GEOMETRIC_PRESENTATION_REPRESENTATION (  '', ( #1159 ), #3361 ) ;
#2630 = CARTESIAN_POINT ( 'NONE',  ( 1.017788105676657562, -0.5876202367904181934, -7.854166666666666963 ) ) ;
#2631 = CARTESIAN_POINT ( 'NONE',  ( 0.000000000000000000, 1.499999999999999778, -10.49999999999999822 ) ) ;
#2632 = CARTESIAN_POINT ( 'NONE',  ( 0.8660254037844394848, 1.499999999999999334, 4.458333333333332149 ) ) ;
#2633 = AXIS2_PLACEMENT_3D ( 'NONE', #6955, #2477, #3033 ) ;
#2634 = CARTESIAN_POINT ( 'NONE',  ( -1.017788105676657784, 0.5876202367904177493, -10.60416666666666785 ) ) ;
#2635 = ADVANCED_FACE ( 'NONE', ( #2173 ), #1135, .F. ) ;
#2636 = CARTESIAN_POINT ( 'NONE',  ( 0.000000000000000000, 1.175240473580835276, 1.249999999999999334 ) ) ;
#2637 = CARTESIAN_POINT ( 'NONE',  ( 0.6785254037844392627, 1.175240473580835054, 6.270833333333331261 ) ) ;
#2638 = VECTOR ( 'NONE', #16, 1000.000000000000000 ) ;
#2639 = CARTESIAN_POINT ( 'NONE',  ( -1.836970198721029441E-16, -1.499999999999999778, 2.812499999999999112 ) ) ;
#2640 = CARTESIAN_POINT ( 'NONE',  ( 0.000000000000000000, 1.527063293868263338, 4.515624999999999112 ) ) ;
#2641 = VERTEX_POINT ( 'NONE', #1582 ) ;
#2642 = CARTESIAN_POINT ( 'NONE',  ( -0.6785254037844382635, 1.175240473580835276, 0.8541666666666662966 ) ) ;
#2643 = VERTEX_POINT ( 'NONE', #1060 ) ;
#2644 = CARTESIAN_POINT ( 'NONE',  ( 1.017788105676658228, 0.5876202367904167501, -6.333333333333333925 ) ) ;
#2645 = DIRECTION ( 'NONE',  ( -0.000000000000000000, 6.173100338913050050E-57, -1.000000000000000000 ) ) ;
#2646 = CARTESIAN_POINT ( 'NONE',  ( 0.8816504037844380415, -1.527063293868264005, -9.161458333333333925 ) ) ;
#2647 = CARTESIAN_POINT ( 'NONE',  ( -0.8816504037844389297, -1.527063293868263116, -4.276041666666667851 ) ) ;
#2648 = EDGE_LOOP ( 'NONE', ( #5121, #2935, #2320, #326 ) ) ;
#2649 = CARTESIAN_POINT ( 'NONE',  ( -1.017788105676658006, -0.5876202367904174162, -0.08333333333333456383 ) ) ;
#2650 = CARTESIAN_POINT ( 'NONE',  ( 0.6785254037844392627, 1.175240473580835054, 6.770833333333332149 ) ) ;
#2651 = EDGE_CURVE ( 'NONE', #5568, #6344, #1445, .T. ) ;
#2652 = CARTESIAN_POINT ( 'NONE',  ( -1.439254484199189379E-16, -1.175240473580835276, -0.4375000000000003886 ) ) ;
#2653 = CARTESIAN_POINT ( 'NONE',  ( -0.8660254037844266062, -1.500000000000020872, 3.208333333333334370 ) ) ;
#2654 = CARTESIAN_POINT ( 'NONE',  ( 1.732050807568877415, -3.181725716174720498E-16, 5.875000000000000888 ) ) ;
#2655 = CARTESIAN_POINT ( 'NONE',  ( 0.6785254037844392627, 1.175240473580835054, 0.7083333333333315940 ) ) ;
#2656 = CARTESIAN_POINT ( 'NONE',  ( 0.000000000000000000, 1.296351071171740261E-55, -10.49999999999999822 ) ) ;
#2657 = CARTESIAN_POINT ( 'NONE',  ( 0.8816504037844380415, -1.527063293868264005, 5.838541666666665186 ) ) ;
#2658 = ORIENTED_EDGE ( 'NONE', *, *, #912, .T. ) ;
#2659 = CARTESIAN_POINT ( 'NONE',  ( -0.6785254037844388186, -1.175240473580835054, -5.479166666666667851 ) ) ;
#2660 = FACE_OUTER_BOUND ( 'NONE', #3704, .T. ) ;
#2661 = CARTESIAN_POINT ( 'NONE',  ( -0.8660254037844389297, -1.499999999999999334, -1.291666666666668517 ) ) ;
#2662 = CARTESIAN_POINT ( 'NONE',  ( 1.017788105676658228, 0.5876202367904167501, -3.833333333333334370 ) ) ;
#2663 = CARTESIAN_POINT ( 'NONE',  ( 1.017788105676657562, -0.5876202367904181934, -2.354166666666667407 ) ) ;
#2664 = CARTESIAN_POINT ( 'NONE',  ( 0.8409413214249612523, -0.9578579746766837655, 10.19783791855581079 ) ) ;
#2665 = CARTESIAN_POINT ( 'NONE',  ( -1.357050807568876971, 8.309539638847778957E-17, -8.125000000000000000 ) ) ;
#2666 = CARTESIAN_POINT ( 'NONE',  ( 1.017788105676658228, 0.5876202367904167501, -7.270833333333333925 ) ) ;
#2667 = CARTESIAN_POINT ( 'NONE',  ( -1.299038105676657784, 0.7500000000000001110, 5.645833333333331261 ) ) ;
#2668 = CARTESIAN_POINT ( 'NONE',  ( 0.000000000000000000, 1.175240473580835276, -10.18750000000000000 ) ) ;
#2669 = CARTESIAN_POINT ( 'NONE',  ( 0.6785254037844380415, -1.175240473580835499, 3.541666666666665186 ) ) ;
#2670 = CARTESIAN_POINT ( 'NONE',  ( 0.000000000000000000, 9.259650508369634219E-58, 10.34999999999999787 ) ) ;
#2671 = DIRECTION ( 'NONE',  ( -0.000000000000000000, 6.173100338913050050E-57, -1.000000000000000000 ) ) ;
#2672 = CARTESIAN_POINT ( 'NONE',  ( 0.000000000000000000, 1.527063293868263338, 3.015624999999999112 ) ) ;
#2673 = VERTEX_POINT ( 'NONE', #4451 ) ;
#2674 = CARTESIAN_POINT ( 'NONE',  ( 0.000000000000000000, 1.175240473580835276, 0.3124999999999985567 ) ) ;
#2675 = EDGE_LOOP ( 'NONE', ( #895, #4700, #3581, #3431 ) ) ;
#2676 = EDGE_CURVE ( 'NONE', #2060, #3108, #3379, .T. ) ;
#2677 = CARTESIAN_POINT ( 'NONE',  ( 0.000000000000000000, 1.175240473580835276, -5.250000000000000888 ) ) ;
#2678 = CARTESIAN_POINT ( 'NONE',  ( -1.249999999999999778, 1.530534557306790226E-16, 10.19837115155288032 ) ) ;
#2679 = VECTOR ( 'NONE', #4527, 1000.000000000000000 ) ;
#2680 = CARTESIAN_POINT ( 'NONE',  ( 0.000000000000000000, 1.175240473580835276, 7.249999999999997335 ) ) ;
#2681 = CARTESIAN_POINT ( 'NONE',  ( -0.8816504037844382635, 1.527063293868263338, -3.442708333333333925 ) ) ;
#2682 = VERTEX_POINT ( 'NONE', #5046 ) ;
#2683 = CARTESIAN_POINT ( 'NONE',  ( -0.6785254037844383745, 1.175240473580835499, 7.354166666666666963 ) ) ;
#2684 = B_SPLINE_CURVE_WITH_KNOTS ( 'NONE', 3,
 ( #6267, #4649, #1712, #6890, #4045, #2968, #5234, #87, #53, #3977, #2929, #1183, #7342, #6378, #619, #2329, #4614, #656, #1224, #2405 ),
 .UNSPECIFIED., .F., .F.,
 ( 4, 2, 2, 2, 2, 2, 2, 2, 2, 4 ),
 ( 0.0007011309137015416231, 0.001234043552095958132, 0.001766956190490374858, 0.002299868828884791584, 0.002566325148081999297, 0.002832781467279207877, 0.003898606744068040461, 0.004165063063265248174, 0.004431519382462455886, 0.004964432020856873046 ),
 .UNSPECIFIED. ) ;
#2685 = CARTESIAN_POINT ( 'NONE',  ( 0.6785254037844380415, -1.175240473580835721, 0.1041666666666655888 ) ) ;
#2686 = DIRECTION ( 'NONE',  ( -0.000000000000000000, 6.173100338913050050E-57, -1.000000000000000000 ) ) ;
#2687 = LINE ( 'NONE', #5510, #1798 ) ;
#2688 = CARTESIAN_POINT ( 'NONE',  ( 0.000000000000000000, 1.175240473580835276, -0.7500000000000006661 ) ) ;
#2689 = LINE ( 'NONE', #4340, #4905 ) ;
#2690 = CARTESIAN_POINT ( 'NONE',  ( -0.8816504037844382635, 1.527063293868263338, 5.588541666666666075 ) ) ;
#2691 = ORIENTED_EDGE ( 'NONE', *, *, #2594, .T. ) ;
#2692 = CARTESIAN_POINT ( 'NONE',  ( 0.000000000000000000, 1.175240473580835276, -5.687500000000000888 ) ) ;
#2693 = CARTESIAN_POINT ( 'NONE',  ( 7.629407613682265734E-16, -1.443375672974064772, 3.681186920870133772 ) ) ;
#2694 = CARTESIAN_POINT ( 'NONE',  ( -0.8660254037844506980, 1.499999999999978240, 5.041666666666666075 ) ) ;
#2695 = CARTESIAN_POINT ( 'NONE',  ( -1.439254484199189379E-16, -1.175240473580835276, 0.5624999999999987788 ) ) ;
#2696 = FACE_OUTER_BOUND ( 'NONE', #2080, .T. ) ;
#2697 = CARTESIAN_POINT ( 'NONE',  ( 0.6785254037844392627, 1.175240473580835054, -8.291666666666667851 ) ) ;
#2698 = CARTESIAN_POINT ( 'NONE',  ( -1.322475605676657784, 0.7635316469341318912, -2.369791666666667407 ) ) ;
#2699 = CARTESIAN_POINT ( 'NONE',  ( -1.299038105676657562, 0.7500000000000000000, 2.083333333333333037 ) ) ;
#2700 = DIRECTION ( 'NONE',  ( -0.000000000000000000, 6.173100338913050050E-57, -1.000000000000000000 ) ) ;
#2701 = CYLINDRICAL_SURFACE ( 'NONE', #1265, 1.499999999999999778 ) ;
#2702 = CARTESIAN_POINT ( 'NONE',  ( -1.439254484199189379E-16, -1.175240473580835276, -9.937500000000000000 ) ) ;
#2703 = CARTESIAN_POINT ( 'NONE',  ( 0.000000000000000000, 1.175240473580835276, 4.249999999999998224 ) ) ;
#2704 = CARTESIAN_POINT ( 'NONE',  ( -1.017788105676658006, -0.5876202367904174162, 7.479166666666666963 ) ) ;
#2705 = FACE_OUTER_BOUND ( 'NONE', #3653, .T. ) ;
#2706 = FACE_OUTER_BOUND ( 'NONE', #975, .T. ) ;
#2707 = CARTESIAN_POINT ( 'NONE',  ( 0.8816504037844380415, -1.527063293868264005, 5.807291666666665186 ) ) ;
#2708 = ORIENTED_EDGE ( 'NONE', *, *, #3176, .T. ) ;
#2709 = CARTESIAN_POINT ( 'NONE',  ( -0.6785254037844388186, -1.175240473580835054, -0.9791666666666680729 ) ) ;
#2710 = ORIENTED_EDGE ( 'NONE', *, *, #2196, .F. ) ;
#2711 = CARTESIAN_POINT ( 'NONE',  ( -1.357050807568876971, 8.309539638847778957E-17, -9.125000000000001776 ) ) ;
#2712 =( BOUNDED_CURVE ( )  B_SPLINE_CURVE ( 2, ( #3349, #2780, #6632, #5057, #1553, #3388, #3973 ),
 .UNSPECIFIED., .F., .T. ) 
 B_SPLINE_CURVE_WITH_KNOTS ( ( 3, 2, 2, 3 ),
 ( 0.06756756756756752968, 0.07207207207207200206, 0.07657657657657647443, 0.08108108108108096068 ),
 .UNSPECIFIED. ) 
 CURVE ( )  GEOMETRIC_REPRESENTATION_ITEM ( )  RATIONAL_B_SPLINE_CURVE ( ( 1.000000000000001332, 0.8660254037844374864, 1.000000000000000000, 0.8660254037844385966, 1.000000000000000000, 0.8660254037844422603, 0.9999999999999963363 ) ) 
 REPRESENTATION_ITEM ( '' )  );
#2713 = CARTESIAN_POINT ( 'NONE',  ( 0.6785254037844391517, 1.175240473580835054, -3.791666666666667851 ) ) ;
#2714 = EDGE_CURVE ( 'NONE', #3020, #2643, #1762, .T. ) ;
#2715 = CARTESIAN_POINT ( 'NONE',  ( -1.357050807568876971, 8.309539638847778957E-17, 7.374999999999998224 ) ) ;
#2716 = CARTESIAN_POINT ( 'NONE',  ( -1.870113174931182636E-16, -1.527063293868263338, -4.234375000000000888 ) ) ;
#2717 = ORIENTED_EDGE ( 'NONE', *, *, #4162, .T. ) ;
#2718 = CARTESIAN_POINT ( 'NONE',  ( -1.732050807568877415, 1.060575238724906915E-16, -4.875000000000001776 ) ) ;
#2719 = CARTESIAN_POINT ( 'NONE',  ( -1.439254484199189379E-16, -1.175240473580835276, 7.562499999999998224 ) ) ;
#2720 = CARTESIAN_POINT ( 'NONE',  ( -1.357050807568876971, 8.309539638847778957E-17, 0.9374999999999991118 ) ) ;
#2721 = CARTESIAN_POINT ( 'NONE',  ( -1.732050807568877193, 1.060575238724906792E-16, 0.1874999999999984179 ) ) ;
#2722 = EDGE_CURVE ( 'NONE', #483, #308, #6591, .T. ) ;
#2723 = CARTESIAN_POINT ( 'NONE',  ( 1.836970198721029688E-16, -1.499999999999999778, -10.49999999999999822 ) ) ;
#2724 = CARTESIAN_POINT ( 'NONE',  ( -0.6785254037844388186, -1.175240473580835276, -0.5416666666666677399 ) ) ;
#2725 = B_SPLINE_CURVE_WITH_KNOTS ( 'NONE', 3,
 ( #396, #2000, #3677, #320, #4873, #3756 ),
 .UNSPECIFIED., .F., .F.,
 ( 4, 2, 4 ),
 ( 0.001703052493691801020, 0.002077396642684712757, 0.002451740791677624494 ),
 .UNSPECIFIED. ) ;
#2726 = CARTESIAN_POINT ( 'NONE',  ( -1.299038105676657784, -0.7499999999999995559, -5.770833333333334814 ) ) ;
#2727 = CARTESIAN_POINT ( 'NONE',  ( -1.763300807568876971, 1.079710344961584035E-16, 5.671875000000000000 ) ) ;
#2728 =( BOUNDED_CURVE ( )  B_SPLINE_CURVE ( 2, ( #599, #2836, #3327, #4477, #6723, #6171, #3954 ),
 .UNSPECIFIED., .F., .F. ) 
 B_SPLINE_CURVE_WITH_KNOTS ( ( 3, 2, 2, 3 ),
 ( 0.05405405405405410563, 0.05855855855855857800, 0.06306306306306315446, 0.06756756756756762683 ),
 .UNSPECIFIED. ) 
 CURVE ( )  GEOMETRIC_REPRESENTATION_ITEM ( )  RATIONAL_B_SPLINE_CURVE ( ( 0.9999999999999985567, 0.8660254037844401509, 1.000000000000000000, 0.8660254037844387076, 1.000000000000000000, 0.8660254037844362651, 1.000000000000002442 ) ) 
 REPRESENTATION_ITEM ( '' )  );
#2729 = ORIENTED_EDGE ( 'NONE', *, *, #5803, .F. ) ;
#2730 = CARTESIAN_POINT ( 'NONE',  ( -0.6785254037844388186, -1.175240473580835054, -4.979166666666666963 ) ) ;
#2731 = CARTESIAN_POINT ( 'NONE',  ( 1.836970198721029688E-16, -1.499999999999999778, -10.49999999999999822 ) ) ;
#2732 = CARTESIAN_POINT ( 'NONE',  ( -1.439254484199189379E-16, -1.175240473580835276, -1.937500000000001776 ) ) ;
#2733 = CARTESIAN_POINT ( 'NONE',  ( 0.000000000000000000, 1.499999999999999778, -7.437500000000001776 ) ) ;
#2734 = CARTESIAN_POINT ( 'NONE',  ( 0.000000000000000000, 1.175240473580835276, -6.250000000000000888 ) ) ;
#2735 = CARTESIAN_POINT ( 'NONE',  ( 0.000000000000000000, 1.527063293868263338, -1.953125000000001776 ) ) ;
#2736 = CARTESIAN_POINT ( 'NONE',  ( -1.836970198721029441E-16, -1.499999999999999556, 3.749999999999998224 ) ) ;
#2737 = CARTESIAN_POINT ( 'NONE',  ( 1.732050807568877415, -3.181725716174720498E-16, -8.125000000000001776 ) ) ;
#2738 = CARTESIAN_POINT ( 'NONE',  ( 0.6785254037844380415, -1.175240473580835721, -8.895833333333333925 ) ) ;
#2739 = CARTESIAN_POINT ( 'NONE',  ( 1.017788105676657562, -0.5876202367904181934, 4.083333333333331261 ) ) ;
#2740 = CARTESIAN_POINT ( 'NONE',  ( -0.6785254037844383745, 1.175240473580835499, 7.354166666666666963 ) ) ;
#2741 = EDGE_CURVE ( 'NONE', #6605, #4449, #6667, .T. ) ;
#2742 = CARTESIAN_POINT ( 'NONE',  ( -1.299038105676657784, 0.7500000000000001110, -9.854166666666667851 ) ) ;
#2743 = CARTESIAN_POINT ( 'NONE',  ( -1.836970198721029441E-16, -1.499999999999999778, 3.812499999999998224 ) ) ;
#2744 = CARTESIAN_POINT ( 'NONE',  ( -0.8816504037844389297, -1.527063293868263116, 7.223958333333332149 ) ) ;
#2745 = ORIENTED_EDGE ( 'NONE', *, *, #1976, .F. ) ;
#2746 = VECTOR ( 'NONE', #3523, 1000.000000000000000 ) ;
#2747 = CARTESIAN_POINT ( 'NONE',  ( -0.6785254037844382635, 1.175240473580835276, 3.854166666666665630 ) ) ;
#2748 = ORIENTED_EDGE ( 'NONE', *, *, #6210, .T. ) ;
#2749 = CARTESIAN_POINT ( 'NONE',  ( -1.017788105676657784, 0.5876202367904177493, -8.666666666666667851 ) ) ;
#2750 = CONICAL_SURFACE ( 'NONE', #3472, 1732.050807568858318, 1.047197551196592968 ) ;
#2751 = AXIS2_PLACEMENT_3D ( 'NONE', #1589, #3900, #6154 ) ;
#2752 = CARTESIAN_POINT ( 'NONE',  ( 0.6785254037844380415, -1.175240473580835499, -3.958333333333334370 ) ) ;
#2753 = CARTESIAN_POINT ( 'NONE',  ( 0.8816504037844380415, -1.527063293868264005, -8.161458333333333925 ) ) ;
#2754 = CARTESIAN_POINT ( 'NONE',  ( 0.000000000000000000, 1.527063293868263338, -2.484375000000000444 ) ) ;
#2755 = EDGE_LOOP ( 'NONE', ( #5650, #3624, #3840, #5202 ) ) ;
#2756 = AXIS2_PLACEMENT_3D ( 'NONE', #4030, #6288, #150 ) ;
#2757 = CARTESIAN_POINT ( 'NONE',  ( 0.000000000000000000, 1.175240473580835276, -9.750000000000001776 ) ) ;
#2758 = CARTESIAN_POINT ( 'NONE',  ( -1.836970198721029441E-16, -1.499999999999999556, -4.750000000000000888 ) ) ;
#2759 = CARTESIAN_POINT ( 'NONE',  ( 0.000000000000000000, 1.175240473580835276, 7.312499999999998224 ) ) ;
#2760 = CARTESIAN_POINT ( 'NONE',  ( 0.6785254037844380415, -1.175240473580835721, 2.104166666666665630 ) ) ;
#2761 = CYLINDRICAL_SURFACE ( 'NONE', #233, 1.499999999999999778 ) ;
#2762 = VECTOR ( 'NONE', #5197, 1000.000000000000000 ) ;
#2763 = CARTESIAN_POINT ( 'NONE',  ( 0.8660254037844392627, 1.499999999999999334, -6.979166666666667851 ) ) ;
#2764 = CARTESIAN_POINT ( 'NONE',  ( 1.017788105676657562, -0.5876202367904181934, 0.5833333333333314830 ) ) ;
#2765 = CARTESIAN_POINT ( 'NONE',  ( 0.000000000000000000, 1.527063293868263338, -9.484375000000000000 ) ) ;
#2766 = CARTESIAN_POINT ( 'NONE',  ( -1.322475605676657784, 0.7635316469341318912, 5.130208333333330373 ) ) ;
#2767 = ORIENTED_EDGE ( 'NONE', *, *, #3231, .T. ) ;
#2768 = CARTESIAN_POINT ( 'NONE',  ( -0.6785254037844382635, 1.175240473580835276, -5.645833333333334814 ) ) ;
#2769 = LINE ( 'NONE', #6146, #6895 ) ;
#2770 = CARTESIAN_POINT ( 'NONE',  ( -1.732050807568877415, 1.060575238724906915E-16, -1.375000000000001332 ) ) ;
#2771 = ADVANCED_FACE ( 'NONE', ( #5551 ), #6218, .T. ) ;
#2772 = CARTESIAN_POINT ( 'NONE',  ( 1.357050807568876971, -2.492861891654333810E-16, -1.812500000000001554 ) ) ;
#2773 = CARTESIAN_POINT ( 'NONE',  ( 1.017788105676658228, 0.5876202367904167501, -5.770833333333334814 ) ) ;
#2774 = VERTEX_POINT ( 'NONE', #5185 ) ;
#2775 = CARTESIAN_POINT ( 'NONE',  ( 1.017788105676658228, 0.5876202367904167501, -8.833333333333333925 ) ) ;
#2776 =( BOUNDED_CURVE ( )  B_SPLINE_CURVE ( 2, ( #500, #2212, #5631, #2770, #5085, #2661, #5047 ),
 .UNSPECIFIED., .F., .F. ) 
 B_SPLINE_CURVE_WITH_KNOTS ( ( 3, 2, 2, 3 ),
 ( 0.4864864864864865135, 0.4909909909909909720, 0.4954954954954954860, 0.5000000000000000000 ),
 .UNSPECIFIED. ) 
 CURVE ( )  GEOMETRIC_REPRESENTATION_ITEM ( )  RATIONAL_B_SPLINE_CURVE ( ( 1.000000000000000000, 0.8660254037844385966, 1.000000000000000000, 0.8660254037844385966, 1.000000000000000000, 0.8660254037844385966, 1.000000000000000000 ) ) 
 REPRESENTATION_ITEM ( '' )  );
#2777 = CARTESIAN_POINT ( 'NONE',  ( 0.8816504037844392627, 1.527063293868263116, -3.494791666666667851 ) ) ;
#2778 = DIRECTION ( 'NONE',  ( -0.000000000000000000, 6.173100338913050050E-57, -1.000000000000000000 ) ) ;
#2779 = CARTESIAN_POINT ( 'NONE',  ( 0.8660254037844362651, 1.500000000000004663, -8.041666666666669627 ) ) ;
#2780 = CARTESIAN_POINT ( 'NONE',  ( 0.8660254037844332675, -1.500000000000007994, -9.208333333333333925 ) ) ;
#2781 = CARTESIAN_POINT ( 'NONE',  ( -0.6785254037844388186, -1.175240473580835276, -9.479166666666666075 ) ) ;
#2782 = CARTESIAN_POINT ( 'NONE',  ( 0.6785254037844392627, 1.175240473580835054, -1.791666666666666963 ) ) ;
#2783 = CARTESIAN_POINT ( 'NONE',  ( 1.357050807568876749, -2.492861891654333810E-16, 4.624999999999999112 ) ) ;
#2784 = DIRECTION ( 'NONE',  ( -0.000000000000000000, 6.173100338913050050E-57, -1.000000000000000000 ) ) ;
#2785 = CARTESIAN_POINT ( 'NONE',  ( 0.000000000000000000, 0.000000000000000000, 10.49999999999999822 ) ) ;
#2786 = DIRECTION ( 'NONE',  ( 0.000000000000000000, 1.000000000000000000, 0.000000000000000000 ) ) ;
#2787 = FILL_AREA_STYLE_COLOUR ( '', #856 ) ;
#2788 = CARTESIAN_POINT ( 'NONE',  ( 1.763300807568876971, -3.239131034884752106E-16, 6.390625000000000000 ) ) ;
#2789 = VERTEX_POINT ( 'NONE', #75 ) ;
#2790 = CARTESIAN_POINT ( 'NONE',  ( -0.6785254037844388186, -1.175240473580835054, 1.520833333333332371 ) ) ;
#2791 = ORIENTED_EDGE ( 'NONE', *, *, #4716, .F. ) ;
#2792 = CARTESIAN_POINT ( 'NONE',  ( -1.017788105676658006, -0.5876202367904174162, -8.583333333333335702 ) ) ;
#2793 = CARTESIAN_POINT ( 'NONE',  ( 0.6785254037844380415, -1.175240473580835499, -1.958333333333334592 ) ) ;
#2794 = CARTESIAN_POINT ( 'NONE',  ( -0.8816504037844382635, 1.527063293868263338, -8.411458333333335702 ) ) ;
#2795 = CARTESIAN_POINT ( 'NONE',  ( 1.763300807568876971, -3.239131034884752106E-16, -2.609375000000000444 ) ) ;
#2796 = ORIENTED_EDGE ( 'NONE', *, *, #292, .F. ) ;
#2797 = CARTESIAN_POINT ( 'NONE',  ( -0.6785254037844383745, 1.175240473580835499, 0.2916666666666657415 ) ) ;
#2798 = CARTESIAN_POINT ( 'NONE',  ( 0.000000000000000000, 1.175240473580835276, 6.812499999999997335 ) ) ;
#2799 = AXIS2_PLACEMENT_3D ( 'NONE', #7337, #2141, #5601 ) ;
#2800 = CARTESIAN_POINT ( 'NONE',  ( -1.439254484199189379E-16, -1.175240473580835276, 2.062499999999998224 ) ) ;
#2801 = CARTESIAN_POINT ( 'NONE',  ( -1.249999999999999778, -0.7216878364870323859, 8.500000000000000000 ) ) ;
#2802 = CARTESIAN_POINT ( 'NONE',  ( 1.299038105676657118, -0.7500000000000004441, -8.666666666666667851 ) ) ;
#2803 = CARTESIAN_POINT ( 'NONE',  ( 1.017788105676657562, -0.5876202367904181934, 2.083333333333333037 ) ) ;
#2804 = CARTESIAN_POINT ( 'NONE',  ( 0.000000000000000000, 1.527063293868263338, -9.984375000000000000 ) ) ;
#2805 = VERTEX_POINT ( 'NONE', #5734 ) ;
#2806 =( BOUNDED_CURVE ( )  B_SPLINE_CURVE ( 2, ( #4264, #6548, #1990, #7142, #3110, #310, #3150 ),
 .UNSPECIFIED., .F., .F. ) 
 B_SPLINE_CURVE_WITH_KNOTS ( ( 3, 2, 2, 3 ),
 ( 0.2567567567567567433, 0.2612612612612612017, 0.2657657657657656602, 0.2702702702702702298 ),
 .UNSPECIFIED. ) 
 CURVE ( )  GEOMETRIC_REPRESENTATION_ITEM ( )  RATIONAL_B_SPLINE_CURVE ( ( 1.000000000000001776, 0.8660254037844371533, 1.000000000000000000, 0.8660254037844387076, 1.000000000000000000, 0.8660254037844403729, 0.9999999999999983347 ) ) 
 REPRESENTATION_ITEM ( '' )  );
#2807 = CARTESIAN_POINT ( 'NONE',  ( -1.439254484199189379E-16, -1.175240473580835276, 2.999999999999999112 ) ) ;
#2808 = CARTESIAN_POINT ( 'NONE',  ( -1.732050807568877415, 1.060575238724906915E-16, -9.375000000000005329 ) ) ;
#2809 = DIRECTION ( 'NONE',  ( 1.060575238724904080E-16, 0.8660254037844362651, 0.5000000000000042188 ) ) ;
#2810 = CARTESIAN_POINT ( 'NONE',  ( 0.6785254037844380415, -1.175240473580835721, -1.895833333333334370 ) ) ;
#2811 = CARTESIAN_POINT ( 'NONE',  ( -1.357050807568876971, 8.309539638847778957E-17, -5.062500000000000888 ) ) ;
#2812 = VERTEX_POINT ( 'NONE', #42 ) ;
#2813 = CARTESIAN_POINT ( 'NONE',  ( 1.017788105676657562, -0.5876202367904181934, -4.916666666666667851 ) ) ;
#2814 = CARTESIAN_POINT ( 'NONE',  ( 1.763300807568876971, -3.239131034884752106E-16, -1.578125000000001554 ) ) ;
#2815 = ADVANCED_FACE ( 'NONE', ( #2316 ), #2432, .T. ) ;
#2816 = CARTESIAN_POINT ( 'NONE',  ( 0.000000000000000000, 1.276303339745706412E-55, -10.17524047358083372 ) ) ;
#2817 = DIRECTION ( 'NONE',  ( 0.8660254037844387076, -0.4999999999999998890, 0.000000000000000000 ) ) ;
#2818 = CIRCLE ( 'NONE', #2464, 2.600000000000000089 ) ;
#2819 = CARTESIAN_POINT ( 'NONE',  ( 0.000000000000000000, 1.499999999999999778, 4.562499999999999112 ) ) ;
#2820 = CARTESIAN_POINT ( 'NONE',  ( -1.017788105676658006, -0.5876202367904174162, -7.520833333333333925 ) ) ;
#2821 = CARTESIAN_POINT ( 'NONE',  ( 0.6785254037844391517, 1.175240473580835054, 4.208333333333331261 ) ) ;
#2822 = DIRECTION ( 'NONE',  ( -0.000000000000000000, 6.173100338913050050E-57, -1.000000000000000000 ) ) ;
#2823 = CARTESIAN_POINT ( 'NONE',  ( 0.000000000000000000, -1.355869389623845451E-13, 1006.483974596215489 ) ) ;
#2824 = CARTESIAN_POINT ( 'NONE',  ( 0.000000000000000000, 1.851930101673914562E-56, 7.500000000000000000 ) ) ;
#2825 = EDGE_CURVE ( 'NONE', #1718, #5043, #7304, .T. ) ;
#2826 = CARTESIAN_POINT ( 'NONE',  ( -1.299038105676657562, 0.7500000000000000000, -6.916666666666667851 ) ) ;
#2827 = CARTESIAN_POINT ( 'NONE',  ( 0.8816504037844392627, 1.527063293868263116, 5.473958333333330373 ) ) ;
#2828 = CARTESIAN_POINT ( 'NONE',  ( 0.000000000000000000, 1.175240473580835276, 2.312499999999998668 ) ) ;
#2829 = ORIENTED_EDGE ( 'NONE', *, *, #1554, .F. ) ;
#2830 = CARTESIAN_POINT ( 'NONE',  ( -1.017788105676658006, -0.5876202367904174162, -7.583333333333333925 ) ) ;
#2831 = CARTESIAN_POINT ( 'NONE',  ( 1.017788105676658228, 0.5876202367904167501, -1.833333333333334370 ) ) ;
#2832 = CARTESIAN_POINT ( 'NONE',  ( 1.763300807568876971, -3.239131034884752106E-16, -6.578125000000001776 ) ) ;
#2833 = CARTESIAN_POINT ( 'NONE',  ( -1.322475605676657784, -0.7635316469341314471, -1.817708333333334370 ) ) ;
#2834 = EDGE_CURVE ( 'NONE', #686, #3572, #4601, .T. ) ;
#2835 = ORIENTED_EDGE ( 'NONE', *, *, #634, .F. ) ;
#2836 = CARTESIAN_POINT ( 'NONE',  ( 0.8660254037844447028, 1.499999999999989786, 6.520833333333331261 ) ) ;
#2837 = CYLINDRICAL_SURFACE ( 'NONE', #1739, 1.499999999999999778 ) ;
#2838 = FACE_OUTER_BOUND ( 'NONE', #3995, .T. ) ;
#2839 = CARTESIAN_POINT ( 'NONE',  ( -1.357050807568876971, 8.309539638847778957E-17, 2.374999999999998668 ) ) ;
#2840 = EDGE_CURVE ( 'NONE', #6092, #3099, #2916, .T. ) ;
#2841 = CARTESIAN_POINT ( 'NONE',  ( -0.8816504037844382635, 1.527063293868263338, -8.442708333333333925 ) ) ;
#2842 = ORIENTED_EDGE ( 'NONE', *, *, #5632, .T. ) ;
#2843 = CARTESIAN_POINT ( 'NONE',  ( 0.6785254037844392627, 1.175240473580835054, 3.708333333333332593 ) ) ;
#2844 = CYLINDRICAL_SURFACE ( 'NONE', #1570, 1.499999999999999778 ) ;
#2845 = CARTESIAN_POINT ( 'NONE',  ( -0.8660254037844320463, 1.500000000000009992, -5.958333333333335702 ) ) ;
#2846 = ADVANCED_FACE ( 'NONE', ( #6841 ), #1764, .T. ) ;
#2847 = CARTESIAN_POINT ( 'NONE',  ( 1.357050807568876971, -2.492861891654333810E-16, -1.312500000000001332 ) ) ;
#2848 = CARTESIAN_POINT ( 'NONE',  ( 0.6785254037844380415, -1.175240473580835721, -4.395833333333333925 ) ) ;
#2849 = ORIENTED_EDGE ( 'NONE', *, *, #2651, .T. ) ;
#2850 = CARTESIAN_POINT ( 'NONE',  ( -1.357050807568876971, 8.309539638847778957E-17, -5.625000000000000888 ) ) ;
#2851 = CARTESIAN_POINT ( 'NONE',  ( 0.8816504037844380415, -1.527063293868264005, 0.3385416666666657415 ) ) ;
#2852 = LINE ( 'NONE', #2178, #4306 ) ;
#2853 = LINE ( 'NONE', #7257, #3525 ) ;
#2854 = CARTESIAN_POINT ( 'NONE',  ( -0.6785254037844388186, -1.175240473580835276, -4.541666666666666963 ) ) ;
#2855 = CARTESIAN_POINT ( 'NONE',  ( 0.6785254037844380415, -1.175240473580835721, -9.895833333333335702 ) ) ;
#2856 = CARTESIAN_POINT ( 'NONE',  ( 0.6785254037844380415, -1.175240473580835721, -1.958333333333334592 ) ) ;
#2857 = CARTESIAN_POINT ( 'NONE',  ( -1.017788105676658006, -0.5876202367904174162, 6.916666666666666075 ) ) ;
#2858 = DIRECTION ( 'NONE',  ( -0.000000000000000000, 6.173100338913050050E-57, -1.000000000000000000 ) ) ;
#2859 = CARTESIAN_POINT ( 'NONE',  ( -1.299038105676657784, -0.7499999999999995559, 3.229166666666664742 ) ) ;
#2860 = CARTESIAN_POINT ( 'NONE',  ( -1.299038105676657784, -0.7499999999999995559, 3.729166666666665186 ) ) ;
#2861 = CARTESIAN_POINT ( 'NONE',  ( 1.732050807568877415, -3.181725716174720498E-16, -3.625000000000001332 ) ) ;
#2862 = CARTESIAN_POINT ( 'NONE',  ( -1.763300807568876971, 1.079710344961584035E-16, 6.140625000000000000 ) ) ;
#2863 = CARTESIAN_POINT ( 'NONE',  ( 1.357050807568876749, -2.492861891654333810E-16, 1.687499999999997780 ) ) ;
#2864 = ORIENTED_EDGE ( 'NONE', *, *, #5221, .T. ) ;
#2865 = CARTESIAN_POINT ( 'NONE',  ( 1.017788105676658228, 0.5876202367904167501, -8.333333333333335702 ) ) ;
#2866 = CARTESIAN_POINT ( 'NONE',  ( 0.6785254037844392627, 1.175240473580835054, -2.791666666666668295 ) ) ;
#2867 = EDGE_CURVE ( 'NONE', #5442, #5182, #473, .T. ) ;
#2868 = CARTESIAN_POINT ( 'NONE',  ( 1.017788105676657562, -0.5876202367904181934, -2.416666666666667851 ) ) ;
#2869 = CARTESIAN_POINT ( 'NONE',  ( 1.322475605676657340, -0.7635316469341323353, -8.119791666666667851 ) ) ;
#2870 = CARTESIAN_POINT ( 'NONE',  ( 0.8816504037844392627, 1.527063293868263116, -1.026041666666668073 ) ) ;
#2871 = ORIENTED_EDGE ( 'NONE', *, *, #6322, .T. ) ;
#2872 = AXIS2_PLACEMENT_3D ( 'NONE', #4177, #1484, #6428 ) ;
#2873 = ADVANCED_FACE ( 'NONE', ( #6875 ), #681, .T. ) ;
#2874 = CARTESIAN_POINT ( 'NONE',  ( 1.732050807568877415, -3.181725716174720498E-16, -4.625000000000001776 ) ) ;
#2875 = CARTESIAN_POINT ( 'NONE',  ( 0.8660254037844501429, -1.499999999999978462, -5.145833333333333037 ) ) ;
#2876 = CARTESIAN_POINT ( 'NONE',  ( 1.357050807568876971, -2.492861891654333810E-16, 2.124999999999998224 ) ) ;
#2877 = CARTESIAN_POINT ( 'NONE',  ( 1.763300807568876971, -3.239131034884752106E-16, -9.609374999999998224 ) ) ;
#2878 = VECTOR ( 'NONE', #6631, 1000.000000000000000 ) ;
#2879 = ORIENTED_EDGE ( 'NONE', *, *, #5573, .T. ) ;
#2880 = CARTESIAN_POINT ( 'NONE',  ( 0.6785254037844392627, 1.175240473580835054, 3.208333333333332149 ) ) ;
#2881 = DIRECTION ( 'NONE',  ( 0.000000000000000000, 1.000000000000000000, 0.000000000000000000 ) ) ;
#2882 = CARTESIAN_POINT ( 'NONE',  ( 0.000000000000000000, 1.499999999999999556, -1.000000000000000888 ) ) ;
#2883 = CARTESIAN_POINT ( 'NONE',  ( -0.6785254037844383745, 1.175240473580835499, 1.854166666666665408 ) ) ;
#2884 = PRODUCT_DEFINITION_FORMATION_WITH_SPECIFIED_SOURCE ( 'Symmetric', '', #283, .NOT_KNOWN. ) ;
#2885 = CARTESIAN_POINT ( 'NONE',  ( 1.017788105676657562, -0.5876202367904181934, -3.854166666666667851 ) ) ;
#2886 = ORIENTED_EDGE ( 'NONE', *, *, #526, .T. ) ;
#2887 = CARTESIAN_POINT ( 'NONE',  ( -1.357050807568876971, 8.309539638847778957E-17, -6.125000000000000888 ) ) ;
#2888 = CARTESIAN_POINT ( 'NONE',  ( 0.000000000000000000, 1.527063293868263338, 1.046874999999999112 ) ) ;
#2889 = CARTESIAN_POINT ( 'NONE',  ( 1.017788105676657562, -0.5876202367904181934, -10.35416666666666785 ) ) ;
#2890 = DIRECTION ( 'NONE',  ( 0.000000000000000000, 1.000000000000000000, 0.000000000000000000 ) ) ;
#2891 = CARTESIAN_POINT ( 'NONE',  ( 0.6785254037844380415, -1.175240473580835721, -4.458333333333333925 ) ) ;
#2892 = CARTESIAN_POINT ( 'NONE',  ( 0.000000000000000000, 1.175240473580835276, -6.187500000000000888 ) ) ;
#2893 = DIRECTION ( 'NONE',  ( 0.000000000000000000, -1.357643922298276475E-16, 1.000000000000000000 ) ) ;
#2894 = CARTESIAN_POINT ( 'NONE',  ( -1.836970198721029441E-16, -1.499999999999999556, -8.750000000000000000 ) ) ;
#2895 = CARTESIAN_POINT ( 'NONE',  ( 0.000000000000000000, 1.499999999999999556, -2.000000000000001776 ) ) ;
#2896 = CARTESIAN_POINT ( 'NONE',  ( -1.299038105676657784, 0.7500000000000001110, 4.145833333333331261 ) ) ;
#2897 = CARTESIAN_POINT ( 'NONE',  ( -1.732050807568877415, 1.060575238724906915E-16, -6.875000000000001776 ) ) ;
#2898 = CARTESIAN_POINT ( 'NONE',  ( -1.322475605676657784, -0.7635316469341314471, 7.682291666666666963 ) ) ;
#2899 = CARTESIAN_POINT ( 'NONE',  ( 1.017788105676657562, -0.5876202367904181934, 3.645833333333332593 ) ) ;
#2900 = VERTEX_POINT ( 'NONE', #1282 ) ;
#2901 = CARTESIAN_POINT ( 'NONE',  ( -0.6785254037844383745, 1.175240473580835499, -5.208333333333333925 ) ) ;
#2902 = CARTESIAN_POINT ( 'NONE',  ( -1.017788105676657784, 0.5876202367904177493, -1.166666666666668295 ) ) ;
#2903 = CARTESIAN_POINT ( 'NONE',  ( 1.322475605676657340, -0.7635316469341323353, -7.119791666666668739 ) ) ;
#2904 = CARTESIAN_POINT ( 'NONE',  ( -0.8816504037844389297, -1.527063293868263116, -0.7760416666666678509 ) ) ;
#2905 = EDGE_CURVE ( 'NONE', #1761, #3336, #1999, .T. ) ;
#2906 = CARTESIAN_POINT ( 'NONE',  ( -1.017788105676658006, -0.5876202367904174162, -5.020833333333334814 ) ) ;
#2907 = VERTEX_POINT ( 'NONE', #1170 ) ;
#2908 = CARTESIAN_POINT ( 'NONE',  ( 0.000000000000000000, 1.175240473580835276, -9.250000000000001776 ) ) ;
#2909 = CARTESIAN_POINT ( 'NONE',  ( -1.836970198721029441E-16, -1.499999999999999778, -9.687500000000001776 ) ) ;
#2910 = DIRECTION ( 'NONE',  ( -0.000000000000000000, 6.173100338913050050E-57, -1.000000000000000000 ) ) ;
#2911 = CARTESIAN_POINT ( 'NONE',  ( 1.357050807568876971, -2.492861891654333810E-16, 4.124999999999998224 ) ) ;
#2912 = CARTESIAN_POINT ( 'NONE',  ( -1.322475605676657784, -0.7635316469341314471, -9.317708333333333925 ) ) ;
#2913 = ADVANCED_FACE ( 'NONE', ( #5257 ), #3519, .F. ) ;
#2914 = EDGE_LOOP ( 'NONE', ( #4301, #6508, #1676, #179 ) ) ;
#2915 = CARTESIAN_POINT ( 'NONE',  ( -1.357050807568876971, 8.309539638847778957E-17, 4.374999999999999112 ) ) ;
#2916 = LINE ( 'NONE', #6401, #6431 ) ;
#2917 = CARTESIAN_POINT ( 'NONE',  ( -0.8660254037844391517, -1.499999999999999334, -4.729166666666667851 ) ) ;
#2918 = CARTESIAN_POINT ( 'NONE',  ( 0.6785254037844380415, -1.175240473580835721, 0.6041666666666660745 ) ) ;
#2919 = CARTESIAN_POINT ( 'NONE',  ( 1.017788105676657562, -0.5876202367904181934, -3.354166666666667407 ) ) ;
#2920 = ORIENTED_EDGE ( 'NONE', *, *, #3436, .T. ) ;
#2921 = CARTESIAN_POINT ( 'NONE',  ( -0.6785254037844383745, 1.175240473580835499, -3.708333333333333925 ) ) ;
#2922 = CARTESIAN_POINT ( 'NONE',  ( -0.8816504037844382635, 1.527063293868263338, -0.4114583333333348691 ) ) ;
#2923 = EDGE_LOOP ( 'NONE', ( #158, #6923, #3326, #1099 ) ) ;
#2924 = CARTESIAN_POINT ( 'NONE',  ( -0.4805343592608428138, -1.175240473580835054, -10.46700849718747683 ) ) ;
#2925 = DIRECTION ( 'NONE',  ( -0.000000000000000000, 6.173100338913050050E-57, -1.000000000000000000 ) ) ;
#2926 = CARTESIAN_POINT ( 'NONE',  ( -1.299038105676657562, -0.7499999999999994449, 6.166666666666666075 ) ) ;
#2927 = CARTESIAN_POINT ( 'NONE',  ( -1.017788105676657784, 0.5876202367904177493, -6.604166666666667851 ) ) ;
#2928 =( BOUNDED_CURVE ( )  B_SPLINE_CURVE ( 2, ( #3255, #7134, #6615, #1464, #6067, #7200, #4858 ),
 .UNSPECIFIED., .F., .T. ) 
 B_SPLINE_CURVE_WITH_KNOTS ( ( 3, 2, 2, 3 ),
 ( 0.4324324324324324564, 0.4369369369369369149, 0.4414414414414414289, 0.4459459459459459429 ),
 .UNSPECIFIED. ) 
 CURVE ( )  GEOMETRIC_REPRESENTATION_ITEM ( )  RATIONAL_B_SPLINE_CURVE ( ( 1.000000000000000000, 0.8660254037844385966, 1.000000000000000000, 0.8660254037844385966, 1.000000000000000000, 0.8660254037844385966, 1.000000000000000000 ) ) 
 REPRESENTATION_ITEM ( '' )  );
#2929 = CARTESIAN_POINT ( 'NONE',  ( -1.360136390170411547, -0.1759721134143450716, 7.274116922831801446 ) ) ;
#2930 = CARTESIAN_POINT ( 'NONE',  ( -3.134800047514084489E-16, 1.443375672974064328, 8.500000000000000000 ) ) ;
#2931 = CARTESIAN_POINT ( 'NONE',  ( 0.9591568588641355975, 0.7356516458238577805, 7.169634450474131171 ) ) ;
#2932 = CARTESIAN_POINT ( 'NONE',  ( 0.8660254037844501429, -1.499999999999978462, -6.645833333333331261 ) ) ;
#2933 = CARTESIAN_POINT ( 'NONE',  ( -1.017788105676658006, -0.5876202367904174162, -10.02083333333333393 ) ) ;
#2934 = CARTESIAN_POINT ( 'NONE',  ( 0.6785254037844391517, 1.175240473580835054, 5.770833333333331261 ) ) ;
#2935 = ORIENTED_EDGE ( 'NONE', *, *, #5760, .T. ) ;
#2936 = CARTESIAN_POINT ( 'NONE',  ( -1.017788105676657784, 0.5876202367904177493, -6.666666666666667851 ) ) ;
#2937 = CARTESIAN_POINT ( 'NONE',  ( 1.211965162738526391, -0.06366464697616204538, 7.162500000000015632 ) ) ;
#2938 = ADVANCED_FACE ( 'NONE', ( #1876 ), #5847, .T. ) ;
#2939 = CARTESIAN_POINT ( 'NONE',  ( -1.017788105676658006, -0.5876202367904174162, -0.5833333333333350357 ) ) ;
#2940 = CARTESIAN_POINT ( 'NONE',  ( -1.017788105676657784, 0.5876202367904177493, 3.395833333333332149 ) ) ;
#2941 = EDGE_CURVE ( 'NONE', #6834, #5043, #5151, .T. ) ;
#2942 = CARTESIAN_POINT ( 'NONE',  ( -1.322475605676657784, 0.7635316469341318912, -4.369791666666667851 ) ) ;
#2943 = CARTESIAN_POINT ( 'NONE',  ( 1.322475605676657340, -0.7635316469341323353, -0.1510416666666673791 ) ) ;
#2944 = CARTESIAN_POINT ( 'NONE',  ( -1.439254484199189379E-16, -1.175240473580835276, -1.937500000000001776 ) ) ;
#2945 = ORIENTED_EDGE ( 'NONE', *, *, #1660, .F. ) ;
#2946 = CARTESIAN_POINT ( 'NONE',  ( 1.357050807568876749, -2.492861891654333810E-16, -8.375000000000000000 ) ) ;
#2947 = CARTESIAN_POINT ( 'NONE',  ( 0.6841100080451182341, -1.334913291900454047, 7.349999999999998757 ) ) ;
#2948 = EDGE_CURVE ( 'NONE', #6275, #6977, #4284, .T. ) ;
#2949 = DIRECTION ( 'NONE',  ( 0.000000000000000000, 1.000000000000000000, 0.000000000000000000 ) ) ;
#2950 = CARTESIAN_POINT ( 'NONE',  ( 1.017788105676658228, 0.5876202367904167501, 4.166666666666666075 ) ) ;
#2951 = CARTESIAN_POINT ( 'NONE',  ( -0.8816504037844389297, -1.527063293868263116, -8.276041666666667851 ) ) ;
#2952 = ORIENTED_EDGE ( 'NONE', *, *, #4023, .T. ) ;
#2953 = CARTESIAN_POINT ( 'NONE',  ( 1.017788105676657562, -0.5876202367904181934, 6.083333333333331261 ) ) ;
#2954 = CARTESIAN_POINT ( 'NONE',  ( 0.8660254037844394848, 1.499999999999999334, 0.4583333333333331483 ) ) ;
#2955 = CARTESIAN_POINT ( 'NONE',  ( 0.000000000000000000, 1.499999999999999556, -6.000000000000001776 ) ) ;
#2956 = CARTESIAN_POINT ( 'NONE',  ( -0.6785254037844388186, -1.175240473580835276, 2.520833333333331261 ) ) ;
#2957 = EDGE_CURVE ( 'NONE', #4154, #483, #5050, .T. ) ;
#2959 =( BOUNDED_CURVE ( )  B_SPLINE_CURVE ( 2, ( #7223, #3980, #5100, #6674, #4393, #4983, #1595 ),
 .UNSPECIFIED., .F., .T. ) 
 B_SPLINE_CURVE_WITH_KNOTS ( ( 3, 2, 2, 3 ),
 ( 0.1081081081081080170, 0.1126126126126124893, 0.1171171171171170866, 0.1216216216216215590 ),
 .UNSPECIFIED. ) 
 CURVE ( )  GEOMETRIC_REPRESENTATION_ITEM ( )  RATIONAL_B_SPLINE_CURVE ( ( 1.000000000000002887, 0.8660254037844358210, 1.000000000000000000, 0.8660254037844387076, 1.000000000000000000, 0.8660254037844399289, 0.9999999999999987788 ) ) 
 REPRESENTATION_ITEM ( '' )  );
#2958 = CARTESIAN_POINT ( 'NONE',  ( 1.017788105676657562, -0.5876202367904181934, -2.354166666666667407 ) ) ;
#2960 = ORIENTED_EDGE ( 'NONE', *, *, #2502, .T. ) ;
#2961 = CARTESIAN_POINT ( 'NONE',  ( 1.017788105676658228, 0.5876202367904167501, -4.833333333333334814 ) ) ;
#2962 = CARTESIAN_POINT ( 'NONE',  ( -1.870113174931182636E-16, -1.527063293868263338, -0.2031250000000019151 ) ) ;
#2963 = EDGE_LOOP ( 'NONE', ( #2087, #2503, #966, #7163 ) ) ;
#2964 = CARTESIAN_POINT ( 'NONE',  ( 1.299038105676657118, -0.7500000000000004441, -0.6666666666666678509 ) ) ;
#2965 = CARTESIAN_POINT ( 'NONE',  ( 0.000000000000000000, 1.499999999999999556, -7.500000000000000888 ) ) ;
#2966 = CARTESIAN_POINT ( 'NONE',  ( -1.836970198721029441E-16, -1.499999999999999556, -5.750000000000000888 ) ) ;
#2967 = CARTESIAN_POINT ( 'NONE',  ( -1.439254484199189379E-16, -1.175240473580835276, -6.937500000000000888 ) ) ;
#2968 = CARTESIAN_POINT ( 'NONE',  ( -1.079265083269930425, -0.9201526794718841717, 7.296395582631922672 ) ) ;
#2969 = CARTESIAN_POINT ( 'NONE',  ( -1.299038105676657784, 0.7500000000000001110, 3.145833333333332149 ) ) ;
#2970 = CARTESIAN_POINT ( 'NONE',  ( -0.8660254037844260511, 1.500000000000021094, -9.395833333333335702 ) ) ;
#2971 = CARTESIAN_POINT ( 'NONE',  ( 1.017788105676658228, 0.5876202367904167501, -9.270833333333333925 ) ) ;
#2972 = CARTESIAN_POINT ( 'NONE',  ( -1.439254484199189379E-16, -1.175240473580835276, 6.062500000000000000 ) ) ;
#2973 = VERTEX_POINT ( 'NONE', #5905 ) ;
#2974 = CARTESIAN_POINT ( 'NONE',  ( -0.6785254037844383745, 1.175240473580835499, -7.208333333333334814 ) ) ;
#2975 = CARTESIAN_POINT ( 'NONE',  ( 0.000000000000000000, 1.499999999999999778, -10.49999999999999822 ) ) ;
#2976 = CARTESIAN_POINT ( 'NONE',  ( 1.017788105676657562, -0.5876202367904181934, -2.416666666666667851 ) ) ;
#2977 = EDGE_CURVE ( 'NONE', #5109, #1287, #1479, .T. ) ;
#2978 = CARTESIAN_POINT ( 'NONE',  ( 1.017788105676657562, -0.5876202367904181934, 0.08333333333333282911 ) ) ;
#2979 = CARTESIAN_POINT ( 'NONE',  ( -1.439254484199189379E-16, -1.175240473580835276, 3.062499999999999112 ) ) ;
#2980 = CARTESIAN_POINT ( 'NONE',  ( -1.763300807568876971, 1.079710344961584035E-16, -5.828125000000000000 ) ) ;
#2981 = CARTESIAN_POINT ( 'NONE',  ( 1.763300807568876971, -3.239131034884752106E-16, 1.390624999999999556 ) ) ;
#2982 = CARTESIAN_POINT ( 'NONE',  ( -1.357050807568876749, 8.309539638847778957E-17, -2.562500000000000444 ) ) ;
#2983 = ORIENTED_EDGE ( 'NONE', *, *, #2994, .T. ) ;
#2984 = CARTESIAN_POINT ( 'NONE',  ( -1.357050807568876749, 8.309539638847778957E-17, -8.125000000000000000 ) ) ;
#2985 = CARTESIAN_POINT ( 'NONE',  ( 1.299038105676658450, 0.7499999999999986677, -4.583333333333333925 ) ) ;
#2986 = CARTESIAN_POINT ( 'NONE',  ( -1.836970198721029441E-16, -1.499999999999999556, -0.2500000000000002776 ) ) ;
#2987 = CARTESIAN_POINT ( 'NONE',  ( 1.017788105676657562, -0.5876202367904181934, 4.583333333333331261 ) ) ;
#2988 = CARTESIAN_POINT ( 'NONE',  ( 1.322475605676657340, -0.7635316469341323353, -6.151041666666667851 ) ) ;
#2989 = ORIENTED_EDGE ( 'NONE', *, *, #360, .F. ) ;
#2990 = CARTESIAN_POINT ( 'NONE',  ( -0.6785254037844383745, 1.175240473580835499, 6.291666666666666075 ) ) ;
#2991 = CARTESIAN_POINT ( 'NONE',  ( -1.732050807568877415, 1.060575238724906915E-16, -6.375000000000000888 ) ) ;
#2992 = CARTESIAN_POINT ( 'NONE',  ( -0.6785254037844383745, 1.175240473580835499, 2.854166666666664298 ) ) ;
#2993 = CARTESIAN_POINT ( 'NONE',  ( -1.017788105676657784, 0.5876202367904177493, -3.104166666666667407 ) ) ;
#2994 = EDGE_CURVE ( 'NONE', #5568, #6605, #3842, .T. ) ;
#2995 = VECTOR ( 'NONE', #4835, 1000.000000000000000 ) ;
#2996 = ORIENTED_EDGE ( 'NONE', *, *, #1515, .F. ) ;
#2997 = CARTESIAN_POINT ( 'NONE',  ( -1.017788105676658006, -0.5876202367904174162, -3.083333333333334814 ) ) ;
#2998 = CARTESIAN_POINT ( 'NONE',  ( 1.763300807568876971, -3.239131034884752106E-16, 0.9218749999999991118 ) ) ;
#2999 = ORIENTED_EDGE ( 'NONE', *, *, #2465, .T. ) ;
#3000 = CARTESIAN_POINT ( 'NONE',  ( 1.121107958840559027, -0.3525721420742994883, 7.162499999999995204 ) ) ;
#3001 = EDGE_CURVE ( 'NONE', #4154, #1559, #5977, .T. ) ;
#3002 = CARTESIAN_POINT ( 'NONE',  ( 0.8660254037844394848, 1.499999999999999334, -7.541666666666667851 ) ) ;
#3003 = CARTESIAN_POINT ( 'NONE',  ( -1.732050807568877193, 1.060575238724906792E-16, -8.812500000000000000 ) ) ;
#3004 = VECTOR ( 'NONE', #1714, 1000.000000000000000 ) ;
#3005 = CARTESIAN_POINT ( 'NONE',  ( -0.6785254037844383745, 1.175240473580835499, -5.145833333333334814 ) ) ;
#3006 =( BOUNDED_CURVE ( )  B_SPLINE_CURVE ( 2, ( #358, #1074, #5530, #961, #3315, #5023, #4913 ),
 .UNSPECIFIED., .F., .T. ) 
 B_SPLINE_CURVE_WITH_KNOTS ( ( 3, 2, 2, 3 ),
 ( 0.7432432432432433123, 0.7477477477477478818, 0.7522522522522522292, 0.7567567567567567988 ),
 .UNSPECIFIED. ) 
 CURVE ( )  GEOMETRIC_REPRESENTATION_ITEM ( )  RATIONAL_B_SPLINE_CURVE ( ( 0.9999999999999966693, 0.8660254037844419273, 1.000000000000000000, 0.8660254037844385966, 1.000000000000000000, 0.8660254037844385966, 1.000000000000000000 ) ) 
 REPRESENTATION_ITEM ( '' )  );
#3007 = CARTESIAN_POINT ( 'NONE',  ( 1.357050807568876971, -2.492861891654333810E-16, -9.375000000000000000 ) ) ;
#3008 = CARTESIAN_POINT ( 'NONE',  ( 0.2221439446534733131, 1.239919534826585013, 7.199842473421072420 ) ) ;
#3009 = CARTESIAN_POINT ( 'NONE',  ( 1.017788105676657562, -0.5876202367904181934, -10.35416666666666785 ) ) ;
#3010 = CARTESIAN_POINT ( 'NONE',  ( 0.000000000000000000, 1.175240473580835276, 6.312499999999997335 ) ) ;
#3011 = ORIENTED_EDGE ( 'NONE', *, *, #3456, .T. ) ;
#3012 = CARTESIAN_POINT ( 'NONE',  ( 1.017788105676657562, -0.5876202367904181934, -4.916666666666667851 ) ) ;
#3013 = CARTESIAN_POINT ( 'NONE',  ( 0.000000000000000000, 1.499999999999999778, -5.937500000000000888 ) ) ;
#3014 = CARTESIAN_POINT ( 'NONE',  ( -0.6785254037844382635, 1.175240473580835276, -0.7083333333333351467 ) ) ;
#3015 = CARTESIAN_POINT ( 'NONE',  ( 0.000000000000000000, 1.175240473580835276, 2.812499999999999112 ) ) ;
#3016 = CARTESIAN_POINT ( 'NONE',  ( 1.322475605676657340, -0.7635316469341323353, -6.119791666666667851 ) ) ;
#3017 =( BOUNDED_CURVE ( )  B_SPLINE_CURVE ( 2, ( #2882, #1840, #5811, #4637, #5152, #5773, #1765 ),
 .UNSPECIFIED., .F., .F. ) 
 B_SPLINE_CURVE_WITH_KNOTS ( ( 3, 2, 2, 3 ),
 ( 0.5135135135135135975, 0.5180180180180181670, 0.5225225225225226255, 0.5270270270270270840 ),
 .UNSPECIFIED. ) 
 CURVE ( )  GEOMETRIC_REPRESENTATION_ITEM ( )  RATIONAL_B_SPLINE_CURVE ( ( 0.9999999999999966693, 0.8660254037844419273, 1.000000000000000000, 0.8660254037844385966, 1.000000000000000000, 0.8660254037844352659, 1.000000000000003331 ) ) 
 REPRESENTATION_ITEM ( '' )  );
#3018 = CARTESIAN_POINT ( 'NONE',  ( 1.763300807568876971, -3.239131034884752106E-16, 0.8906249999999991118 ) ) ;
#3019 = CARTESIAN_POINT ( 'NONE',  ( 0.000000000000000000, 1.175240473580835276, -2.687500000000000444 ) ) ;
#3020 = VERTEX_POINT ( 'NONE', #4277 ) ;
#3021 = CARTESIAN_POINT ( 'NONE',  ( -1.017788105676657784, 0.5876202367904177493, 0.8333333333333317050 ) ) ;
#3022 = CARTESIAN_POINT ( 'NONE',  ( -1.439254484199189379E-16, -1.175240473580835276, -7.500000000000001776 ) ) ;
#3023 = CYLINDRICAL_SURFACE ( 'NONE', #6422, 1.499999999999999778 ) ;
#3024 = CARTESIAN_POINT ( 'NONE',  ( 0.6785254037844392627, 1.175240473580835054, 4.708333333333331261 ) ) ;
#3025 = CARTESIAN_POINT ( 'NONE',  ( 0.000000000000000000, 1.527063293868263338, -7.484375000000000888 ) ) ;
#3026 = ORIENTED_EDGE ( 'NONE', *, *, #5803, .T. ) ;
#3027 = CARTESIAN_POINT ( 'NONE',  ( 0.000000000000000000, 1.175240473580835276, 5.249999999999999112 ) ) ;
#3028 = CARTESIAN_POINT ( 'NONE',  ( -1.299038105676657562, 0.7500000000000000000, -9.916666666666667851 ) ) ;
#3029 = CARTESIAN_POINT ( 'NONE',  ( 0.000000000000000000, 1.296351071171740261E-55, -10.49999999999999822 ) ) ;
#3030 = CARTESIAN_POINT ( 'NONE',  ( 0.6785254037844380415, -1.175240473580835721, 3.104166666666664742 ) ) ;
#3031 = CARTESIAN_POINT ( 'NONE',  ( -0.6785254037844383745, 1.175240473580835499, -1.645833333333334370 ) ) ;
#3032 = FACE_OUTER_BOUND ( 'NONE', #4468, .T. ) ;
#3033 = DIRECTION ( 'NONE',  ( 0.000000000000000000, 1.000000000000000000, 0.000000000000000000 ) ) ;
#3034 = CARTESIAN_POINT ( 'NONE',  ( -1.357050807568876971, 8.309539638847778957E-17, -1.625000000000001554 ) ) ;
#3035 = CARTESIAN_POINT ( 'NONE',  ( 1.763300807568876971, -3.239131034884752106E-16, 2.421874999999998668 ) ) ;
#3036 = ORIENTED_EDGE ( 'NONE', *, *, #2272, .T. ) ;
#3037 = CARTESIAN_POINT ( 'NONE',  ( 0.6785254037844391517, 1.175240473580835054, -10.22916666666666785 ) ) ;
#3038 = CARTESIAN_POINT ( 'NONE',  ( -0.09766419351501165469, 1.386989224557984901, 10.33536037611086833 ) ) ;
#3039 = CARTESIAN_POINT ( 'NONE',  ( -0.8660254037844382635, 1.499999999999999556, 6.041666666666666075 ) ) ;
#3040 = CARTESIAN_POINT ( 'NONE',  ( -0.6785254037844388186, -1.175240473580835276, -6.979166666666667851 ) ) ;
#3041 = AXIS2_PLACEMENT_3D ( 'NONE', #7143, #5378, #3707 ) ;
#3042 = EDGE_CURVE ( 'NONE', #3174, #5741, #7045, .T. ) ;
#3043 = CARTESIAN_POINT ( 'NONE',  ( 0.6785254037844392627, 1.175240473580835054, -9.791666666666666075 ) ) ;
#3044 = CARTESIAN_POINT ( 'NONE',  ( 0.8660254037844392627, 1.499999999999999334, -8.979166666666667851 ) ) ;
#3045 = CARTESIAN_POINT ( 'NONE',  ( 0.000000000000000000, 1.175240473580835276, -8.687500000000000000 ) ) ;
#3046 = CARTESIAN_POINT ( 'NONE',  ( 0.6785254037844380415, -1.175240473580835499, 4.104166666666666075 ) ) ;
#3047 = VERTEX_POINT ( 'NONE', #5496 ) ;
#3048 = CARTESIAN_POINT ( 'NONE',  ( -1.357050807568876971, 8.309539638847778957E-17, 1.374999999999999556 ) ) ;
#3049 =( BOUNDED_CURVE ( )  B_SPLINE_CURVE ( 2, ( #5158, #5743, #1257, #3529, #692, #3002, #2965 ),
 .UNSPECIFIED., .F., .F. ) 
 B_SPLINE_CURVE_WITH_KNOTS ( ( 3, 2, 2, 3 ),
 ( 0.1486486486486486569, 0.1531531531531531432, 0.1576576576576576572, 0.1621621621621621712 ),
 .UNSPECIFIED. ) 
 CURVE ( )  GEOMETRIC_REPRESENTATION_ITEM ( )  RATIONAL_B_SPLINE_CURVE ( ( 1.000000000000000000, 0.8660254037844385966, 1.000000000000000000, 0.8660254037844385966, 1.000000000000000000, 0.8660254037844385966, 1.000000000000000000 ) ) 
 REPRESENTATION_ITEM ( '' )  );
#3050 = CARTESIAN_POINT ( 'NONE',  ( -1.017788105676657784, 0.5876202367904177493, -6.166666666666667851 ) ) ;
#3051 = DIRECTION ( 'NONE',  ( 0.000000000000000000, 1.000000000000000000, 0.000000000000000000 ) ) ;
#3052 = B_SPLINE_CURVE_WITH_KNOTS ( 'NONE', 3,
 ( #6653, #983, #4377, #2619, #419, #2058, #3221, #5477 ),
 .UNSPECIFIED., .F., .F.,
 ( 4, 2, 2, 4 ),
 ( 0.0009880678675633512622, 0.001321111242399566161, 0.001654154617235780843, 0.002320241366908210642 ),
 .UNSPECIFIED. ) ;
#3053 = EDGE_CURVE ( 'NONE', #4434, #4810, #6900, .T. ) ;
#3054 = CARTESIAN_POINT ( 'NONE',  ( 0.6785254037844380415, -1.175240473580835499, 2.541666666666666075 ) ) ;
#3055 = CARTESIAN_POINT ( 'NONE',  ( -1.357050807568876971, 8.309539638847778957E-17, 5.437500000000000000 ) ) ;
#3056 = CARTESIAN_POINT ( 'NONE',  ( -0.8816504037844389297, -1.527063293868263116, -5.744791666666668739 ) ) ;
#3057 = CARTESIAN_POINT ( 'NONE',  ( -0.8816504037844382635, 1.527063293868263338, 0.05729166666666556107 ) ) ;
#3058 = CARTESIAN_POINT ( 'NONE',  ( -0.6785254037844388186, -1.175240473580835054, -2.979166666666668295 ) ) ;
#3059 = ORIENTED_EDGE ( 'NONE', *, *, #5468, .T. ) ;
#3060 = CARTESIAN_POINT ( 'NONE',  ( 1.357050807568876749, -2.492861891654333810E-16, -9.375000000000000000 ) ) ;
#3061 = AXIS2_PLACEMENT_3D ( 'NONE', #2505, #7022, #263 ) ;
#3062 = CARTESIAN_POINT ( 'NONE',  ( -0.6785254037844383745, 1.175240473580835499, 6.291666666666666075 ) ) ;
#3063 = CARTESIAN_POINT ( 'NONE',  ( -1.870113174931182636E-16, -1.527063293868263338, -7.234375000000000888 ) ) ;
#3064 = ORIENTED_EDGE ( 'NONE', *, *, #6058, .F. ) ;
#3065 = CARTESIAN_POINT ( 'NONE',  ( -0.6785254037844383745, 1.175240473580835499, 6.791666666666666075 ) ) ;
#3066 = DIRECTION ( 'NONE',  ( -0.000000000000000000, 6.173100338913050050E-57, -1.000000000000000000 ) ) ;
#3067 = CARTESIAN_POINT ( 'NONE',  ( 0.000000000000000000, 1.175240473580835276, 5.812500000000000000 ) ) ;
#3068 = EDGE_CURVE ( 'NONE', #4933, #6933, #2067, .T. ) ;
#3069 = CARTESIAN_POINT ( 'NONE',  ( 0.000000000000000000, 1.175240473580835276, -2.187500000000001776 ) ) ;
#3070 = CARTESIAN_POINT ( 'NONE',  ( 0.8660254037844394848, 1.499999999999999334, -3.041666666666668295 ) ) ;
#3071 = CARTESIAN_POINT ( 'NONE',  ( 0.8660254037844502539, -1.499999999999978684, 1.291666666666666297 ) ) ;
#3072 = CARTESIAN_POINT ( 'NONE',  ( -0.6785254037844388186, -1.175240473580835276, -3.541666666666667851 ) ) ;
#3073 = CARTESIAN_POINT ( 'NONE',  ( -1.763300807568876971, 1.079710344961584035E-16, 3.171874999999997780 ) ) ;
#3074 = ORIENTED_EDGE ( 'NONE', *, *, #2598, .F. ) ;
#3075 = CARTESIAN_POINT ( 'NONE',  ( -1.017788105676658006, -0.5876202367904174162, -9.020833333333333925 ) ) ;
#3076 = CARTESIAN_POINT ( 'NONE',  ( 1.299038105676657340, -0.7500000000000005551, -5.604166666666667851 ) ) ;
#3077 = CARTESIAN_POINT ( 'NONE',  ( -0.8660254037844512531, -1.499999999999978018, -8.229166666666667851 ) ) ;
#3078 = VECTOR ( 'NONE', #3461, 1000.000000000000114 ) ;
#3079 = CARTESIAN_POINT ( 'NONE',  ( 0.6785254037844392627, 1.175240473580835054, -2.229166666666667407 ) ) ;
#3080 = CARTESIAN_POINT ( 'NONE',  ( -0.6785254037844383745, 1.175240473580835499, -10.20833333333333393 ) ) ;
#3081 = CARTESIAN_POINT ( 'NONE',  ( 0.000000000000000000, 1.499999999999999778, -8.937500000000001776 ) ) ;
#3082 = CARTESIAN_POINT ( 'NONE',  ( -1.357050807568876971, 8.309539638847778957E-17, -6.562500000000000888 ) ) ;
#3083 = CARTESIAN_POINT ( 'NONE',  ( 0.000000000000000000, 1.175240473580835276, 5.312499999999999112 ) ) ;
#3084 = CARTESIAN_POINT ( 'NONE',  ( 0.6785254037844392627, 1.175240473580835054, 1.208333333333332149 ) ) ;
#3085 = LINE ( 'NONE', #6452, #1021 ) ;
#3086 = CARTESIAN_POINT ( 'NONE',  ( -0.8660254037844391517, -1.499999999999999334, -7.229166666666668739 ) ) ;
#3087 = CARTESIAN_POINT ( 'NONE',  ( -1.017788105676657784, 0.5876202367904177493, 2.833333333333331705 ) ) ;
#3088 = CARTESIAN_POINT ( 'NONE',  ( -0.6785254037844388186, -1.175240473580835276, 5.020833333333330373 ) ) ;
#3089 = CARTESIAN_POINT ( 'NONE',  ( -0.8660254037844505870, 1.499999999999978240, -6.395833333333333925 ) ) ;
#3090 = CARTESIAN_POINT ( 'NONE',  ( 1.763300807568876971, -3.239131034884752106E-16, -5.578125000000001776 ) ) ;
#3091 =( BOUNDED_CURVE ( )  B_SPLINE_CURVE ( 2, ( #7302, #4505, #6601, #5061, #1557, #3835, #6673 ),
 .UNSPECIFIED., .F., .F. ) 
 B_SPLINE_CURVE_WITH_KNOTS ( ( 3, 2, 2, 3 ),
 ( 0.2162162162162162282, 0.2207207207207206867, 0.2252252252252252840, 0.2297297297297297425 ),
 .UNSPECIFIED. ) 
 CURVE ( )  GEOMETRIC_REPRESENTATION_ITEM ( )  RATIONAL_B_SPLINE_CURVE ( ( 1.000000000000000000, 0.8660254037844387076, 1.000000000000000000, 0.8660254037844387076, 1.000000000000000000, 0.8660254037844378194, 1.000000000000000888 ) ) 
 REPRESENTATION_ITEM ( '' )  );
#3092 = CARTESIAN_POINT ( 'NONE',  ( -1.870113174931182636E-16, -1.527063293868263338, -0.2343750000000002220 ) ) ;
#3093 = CARTESIAN_POINT ( 'NONE',  ( -1.439254484199189379E-16, -1.175240473580835276, -3.937500000000000888 ) ) ;
#3094 = ORIENTED_EDGE ( 'NONE', *, *, #4830, .T. ) ;
#3095 = ADVANCED_FACE ( 'NONE', ( #250 ), #5458, .T. ) ;
#3096 = CARTESIAN_POINT ( 'NONE',  ( -1.017788105676657784, 0.5876202367904177493, -4.666666666666667851 ) ) ;
#3097 = CARTESIAN_POINT ( 'NONE',  ( -0.8660254037844261621, 1.500000000000021316, -1.958333333333336146 ) ) ;
#3098 = CARTESIAN_POINT ( 'NONE',  ( -1.017788105676657784, 0.5876202367904177493, 6.833333333333332149 ) ) ;
#3099 = VERTEX_POINT ( 'NONE', #7117 ) ;
#3100 = CARTESIAN_POINT ( 'NONE',  ( 0.000000000000000000, 1.175240473580835276, 5.750000000000000000 ) ) ;
#3101 = CARTESIAN_POINT ( 'NONE',  ( -1.836970198721029441E-16, -1.499999999999999556, -6.250000000000000888 ) ) ;
#3102 = CARTESIAN_POINT ( 'NONE',  ( 1.017788105676658228, 0.5876202367904167501, 3.229166666666664742 ) ) ;
#3103 = CARTESIAN_POINT ( 'NONE',  ( -0.6785254037844383745, 1.175240473580835499, -3.145833333333334814 ) ) ;
#3104 = CARTESIAN_POINT ( 'NONE',  ( 1.049523301869557557, 0.5288582131113481744, 7.162499999999997868 ) ) ;
#3105 = DIRECTION ( 'NONE',  ( -0.000000000000000000, 6.173100338913050050E-57, -1.000000000000000000 ) ) ;
#3106 = CARTESIAN_POINT ( 'NONE',  ( 1.017788105676657562, -0.5876202367904181934, -1.416666666666668517 ) ) ;
#3107 = CARTESIAN_POINT ( 'NONE',  ( 1.322475605676658450, 0.7635316469341306700, 2.463541666666666075 ) ) ;
#3108 = VERTEX_POINT ( 'NONE', #6015 ) ;
#3109 = CARTESIAN_POINT ( 'NONE',  ( 0.000000000000000000, 1.175240473580835276, -7.687500000000000888 ) ) ;
#3110 = CARTESIAN_POINT ( 'NONE',  ( -1.299038105676657784, 0.7500000000000001110, 2.645833333333331705 ) ) ;
#3111 = CYLINDRICAL_SURFACE ( 'NONE', #3041, 1.499999999999999778 ) ;
#3112 = AXIS2_PLACEMENT_3D ( 'NONE', #5885, #585, #6853 ) ;
#3113 = CARTESIAN_POINT ( 'NONE',  ( -1.017788105676657784, 0.5876202367904177493, -4.604166666666667851 ) ) ;
#3114 = AXIS2_PLACEMENT_3D ( 'NONE', #1540, #3813, #6068 ) ;
#3115 = CARTESIAN_POINT ( 'NONE',  ( -1.266059761283041762, -0.6887666052269818540, -10.23695303190596739 ) ) ;
#3116 = CARTESIAN_POINT ( 'NONE',  ( 1.836970198721029688E-16, -1.499999999999999778, -10.49999999999999822 ) ) ;
#3117 = SHAPE_DEFINITION_REPRESENTATION ( #7098, #6514 ) ;
#3118 = CARTESIAN_POINT ( 'NONE',  ( -1.357050807568876971, 8.309539638847778957E-17, -8.062500000000000000 ) ) ;
#3119 = CARTESIAN_POINT ( 'NONE',  ( 0.000000000000000000, 1.499999999999999778, 5.062499999999999112 ) ) ;
#3120 = CARTESIAN_POINT ( 'NONE',  ( 1.299038105676658672, 0.7499999999999987788, 5.979166666666665186 ) ) ;
#3121 = CARTESIAN_POINT ( 'NONE',  ( -0.8660254037844389297, -1.499999999999999334, 0.7083333333333318160 ) ) ;
#3122 = CARTESIAN_POINT ( 'NONE',  ( -1.357050807568876971, 8.309539638847778957E-17, -2.125000000000001776 ) ) ;
#3123 = AXIS2_PLACEMENT_3D ( 'NONE', #6070, #342, #941 ) ;
#3124 = CARTESIAN_POINT ( 'NONE',  ( -1.357050807568876749, 8.309539638847778957E-17, 2.374999999999998668 ) ) ;
#3125 = CARTESIAN_POINT ( 'NONE',  ( 0.6785254037844380415, -1.175240473580835721, 5.604166666666665186 ) ) ;
#3126 = CARTESIAN_POINT ( 'NONE',  ( 0.3267792258354446644, 1.291342902104063217, -10.35339447225335618 ) ) ;
#3127 = CARTESIAN_POINT ( 'NONE',  ( -1.870113174931182636E-16, -1.527063293868263338, -2.203125000000001776 ) ) ;
#3128 = CARTESIAN_POINT ( 'NONE',  ( 0.8816504037844392627, 1.527063293868263116, 2.473958333333331705 ) ) ;
#3129 = ORIENTED_EDGE ( 'NONE', *, *, #4023, .F. ) ;
#3130 = CARTESIAN_POINT ( 'NONE',  ( 1.017788105676658228, 0.5876202367904167501, 0.7291666666666661856 ) ) ;
#3131 = ORIENTED_EDGE ( 'NONE', *, *, #1303, .T. ) ;
#3132 = CARTESIAN_POINT ( 'NONE',  ( -1.439254484199189379E-16, -1.175240473580835276, 0.9999999999999991118 ) ) ;
#3133 = CARTESIAN_POINT ( 'NONE',  ( 1.357050807568876749, -2.492861891654333810E-16, -6.375000000000000888 ) ) ;
#3134 = CARTESIAN_POINT ( 'NONE',  ( 0.000000000000000000, 1.499999999999999778, -0.9375000000000008882 ) ) ;
#3135 = EDGE_CURVE ( 'NONE', #6977, #58, #1199, .T. ) ;
#3136 = CARTESIAN_POINT ( 'NONE',  ( -0.8816504037844389297, -1.527063293868263116, -9.744791666666669627 ) ) ;
#3137 = CARTESIAN_POINT ( 'NONE',  ( 1.763300807568876971, -3.239131034884752106E-16, -4.109375000000000888 ) ) ;
#3138 = ORIENTED_EDGE ( 'NONE', *, *, #1340, .F. ) ;
#3139 = CARTESIAN_POINT ( 'NONE',  ( 1.357050807568876971, -2.492861891654333810E-16, -0.3750000000000021094 ) ) ;
#3140 = CARTESIAN_POINT ( 'NONE',  ( -1.299038105676657784, -0.7499999999999995559, -0.2708333333333347026 ) ) ;
#3141 = CARTESIAN_POINT ( 'NONE',  ( -1.357050807568876971, 8.309539638847778957E-17, 4.937499999999999112 ) ) ;
#3142 = CARTESIAN_POINT ( 'NONE',  ( -0.6785254037844388186, -1.175240473580835276, 1.520833333333332371 ) ) ;
#3143 = CARTESIAN_POINT ( 'NONE',  ( 1.250000000000000000, -0.7216878364870323859, 10.39174682452694576 ) ) ;
#3144 = CARTESIAN_POINT ( 'NONE',  ( -1.299038105676657562, -0.7499999999999994449, -7.333333333333333925 ) ) ;
#3145 = CARTESIAN_POINT ( 'NONE',  ( -0.6785254037844383745, 1.175240473580835499, -2.208333333333334814 ) ) ;
#3146 = DIRECTION ( 'NONE',  ( 0.000000000000000000, 1.000000000000000000, 0.000000000000000000 ) ) ;
#3147 = CARTESIAN_POINT ( 'NONE',  ( 1.763300807568876971, -3.239131034884752106E-16, 2.921874999999999556 ) ) ;
#3148 = VERTEX_POINT ( 'NONE', #923 ) ;
#3149 = CARTESIAN_POINT ( 'NONE',  ( -0.6785254037844388186, -1.175240473580835054, -8.979166666666667851 ) ) ;
#3150 = CARTESIAN_POINT ( 'NONE',  ( 0.000000000000000000, 1.499999999999999778, 2.562499999999998668 ) ) ;
#3151 = DIRECTION ( 'NONE',  ( 0.000000000000000000, 0.000000000000000000, 1.000000000000000000 ) ) ;
#3152 = CARTESIAN_POINT ( 'NONE',  ( -1.439254484199189379E-16, -1.175240473580835276, -3.437500000000001332 ) ) ;
#3153 = CARTESIAN_POINT ( 'NONE',  ( -0.6785254037844383745, 1.175240473580835499, -10.70833333333333215 ) ) ;
#3154 = CARTESIAN_POINT ( 'NONE',  ( 0.8660254037844502539, -1.499999999999978684, 5.291666666666667851 ) ) ;
#3155 = CARTESIAN_POINT ( 'NONE',  ( 1.017788105676657562, -0.5876202367904181934, -7.354166666666667851 ) ) ;
#3156 = CYLINDRICAL_SURFACE ( 'NONE', #4788, 1.499999999999999778 ) ;
#3157 = CARTESIAN_POINT ( 'NONE',  ( -1.357050807568876971, 8.309539638847778957E-17, 1.874999999999998224 ) ) ;
#3158 = CYLINDRICAL_SURFACE ( 'NONE', #7172, 1.499999999999999778 ) ;
#3159 = CARTESIAN_POINT ( 'NONE',  ( -0.4090586785750388032, -1.207205534784413059, 10.19783791855580901 ) ) ;
#3160 = CARTESIAN_POINT ( 'NONE',  ( 0.000000000000000000, 1.175240473580835276, 3.249999999999999556 ) ) ;
#3161 = CARTESIAN_POINT ( 'NONE',  ( 0.6785254037844392627, 1.175240473580835054, 5.270833333333331261 ) ) ;
#3162 = FACE_OUTER_BOUND ( 'NONE', #592, .T. ) ;
#3163 = CARTESIAN_POINT ( 'NONE',  ( 1.009330062345447088, -0.7115177289391546589, -10.45117488042976284 ) ) ;
#3164 = CARTESIAN_POINT ( 'NONE',  ( -0.8816504037844389297, -1.527063293868263116, 3.723958333333332593 ) ) ;
#3165 = ORIENTED_EDGE ( 'NONE', *, *, #7212, .F. ) ;
#3166 = CARTESIAN_POINT ( 'NONE',  ( 0.6785254037844380415, -1.175240473580835499, 0.1041666666666655888 ) ) ;
#3167 = ORIENTED_EDGE ( 'NONE', *, *, #3420, .T. ) ;
#3168 = EDGE_CURVE ( 'NONE', #1837, #1783, #3543, .T. ) ;
#3169 = CARTESIAN_POINT ( 'NONE',  ( -1.357050807568876749, 8.309539638847778957E-17, -5.125000000000000888 ) ) ;
#3170 =( BOUNDED_CURVE ( )  B_SPLINE_CURVE ( 2, ( #7167, #2092, #5955, #864, #5405, #3812, #6540 ),
 .UNSPECIFIED., .F., .T. ) 
 B_SPLINE_CURVE_WITH_KNOTS ( ( 3, 2, 2, 3 ),
 ( 0.6081081081081081141, 0.6126126126126125726, 0.6171171171171172531, 0.6216216216216217116 ),
 .UNSPECIFIED. ) 
 CURVE ( )  GEOMETRIC_REPRESENTATION_ITEM ( )  RATIONAL_B_SPLINE_CURVE ( ( 1.000000000000000000, 0.8660254037844385966, 1.000000000000000000, 0.8660254037844385966, 1.000000000000000000, 0.8660254037844352659, 1.000000000000003331 ) ) 
 REPRESENTATION_ITEM ( '' )  );
#3171 = CARTESIAN_POINT ( 'NONE',  ( 0.000000000000000000, 1.499999999999999778, -3.437500000000001332 ) ) ;
#3172 = CARTESIAN_POINT ( 'NONE',  ( -0.8816504037844382635, 1.527063293868263338, -9.911458333333335702 ) ) ;
#3173 = CARTESIAN_POINT ( 'NONE',  ( 0.000000000000000000, 1.527063293868263338, -4.984375000000000888 ) ) ;
#3174 = VERTEX_POINT ( 'NONE', #1153 ) ;
#3175 = CARTESIAN_POINT ( 'NONE',  ( 0.000000000000000000, 1.499999999999999778, -10.49999999999999822 ) ) ;
#3176 = EDGE_CURVE ( 'NONE', #3684, #2789, #1115, .T. ) ;
#3177 = CARTESIAN_POINT ( 'NONE',  ( -1.357050807568876971, 8.309539638847778957E-17, 3.437499999999997780 ) ) ;
#3178 = CARTESIAN_POINT ( 'NONE',  ( -0.6785254037844388186, -1.175240473580835276, -0.4791666666666676289 ) ) ;
#3179 = CARTESIAN_POINT ( 'NONE',  ( -0.8660254037844389297, -1.499999999999999334, 0.2083333333333329263 ) ) ;
#3180 = CARTESIAN_POINT ( 'NONE',  ( 0.8660254037844392627, 1.499999999999999334, -2.479166666666667851 ) ) ;
#3181 = CARTESIAN_POINT ( 'NONE',  ( -0.6785254037844383745, 1.175240473580835499, 0.7916666666666662966 ) ) ;
#3182 = CYLINDRICAL_SURFACE ( 'NONE', #3123, 1.499999999999999778 ) ;
#3183 = CARTESIAN_POINT ( 'NONE',  ( 1.322475605676657340, -0.7635316469341323353, 2.880208333333331705 ) ) ;
#3184 = EDGE_LOOP ( 'NONE', ( #792, #964, #6535, #2341 ) ) ;
#3185 = CARTESIAN_POINT ( 'NONE',  ( 1.017788105676657562, -0.5876202367904181934, -6.854166666666667851 ) ) ;
#3186 = CARTESIAN_POINT ( 'NONE',  ( 1.732050807568877193, -3.181725716174720005E-16, -5.562500000000001776 ) ) ;
#3187 = CARTESIAN_POINT ( 'NONE',  ( -1.836970198721029441E-16, -1.499999999999999778, -4.187500000000000888 ) ) ;
#3188 = EDGE_CURVE ( 'NONE', #6933, #411, #7135, .T. ) ;
#3189 = CARTESIAN_POINT ( 'NONE',  ( -1.017788105676657784, 0.5876202367904177493, -2.104166666666667407 ) ) ;
#3190 = CARTESIAN_POINT ( 'NONE',  ( 1.250000000000000000, -0.7216878364870323859, 10.39174682452694576 ) ) ;
#3191 = CARTESIAN_POINT ( 'NONE',  ( -1.017788105676657784, 0.5876202367904177493, -7.666666666666666963 ) ) ;
#3192 = CARTESIAN_POINT ( 'NONE',  ( -0.6785254037844388186, -1.175240473580835276, -7.979166666666667851 ) ) ;
#3193 = CARTESIAN_POINT ( 'NONE',  ( -1.017788105676657784, 0.5876202367904177493, 6.895833333333332149 ) ) ;
#3194 = CARTESIAN_POINT ( 'NONE',  ( 1.299038105676657118, -0.7500000000000004441, 4.333333333333331261 ) ) ;
#3195 = LINE ( 'NONE', #2562, #2037 ) ;
#3196 = CARTESIAN_POINT ( 'NONE',  ( 0.6785254037844392627, 1.175240473580835054, -2.291666666666667407 ) ) ;
#3197 = CARTESIAN_POINT ( 'NONE',  ( -1.017788105676658006, -0.5876202367904174162, 2.916666666666664742 ) ) ;
#3198 = CARTESIAN_POINT ( 'NONE',  ( 0.6785254037844392627, 1.175240473580835054, 4.770833333333331261 ) ) ;
#3199 =( BOUNDED_CURVE ( )  B_SPLINE_CURVE ( 2, ( #5786, #1819, #697, #4582, #5236, #5004, #4896 ),
 .UNSPECIFIED., .F., .T. ) 
 B_SPLINE_CURVE_WITH_KNOTS ( ( 3, 2, 2, 3 ),
 ( 0.01750630490371109238, 0.01801801801801801786, 0.02252252252252253534, 0.02702702702702705281 ),
 .UNSPECIFIED. ) 
 CURVE ( )  GEOMETRIC_REPRESENTATION_ITEM ( )  RATIONAL_B_SPLINE_CURVE ( ( 0.9730187808731958210, 0.9847804441534199205, 1.000000000000000000, 0.8660254037844385966, 1.000000000000000000, 0.8660254037844379305, 1.000000000000000666 ) ) 
 REPRESENTATION_ITEM ( '' )  );
#3200 = CARTESIAN_POINT ( 'NONE',  ( 0.000000000000000000, 1.499999999999999778, 1.562499999999998002 ) ) ;
#3201 = CARTESIAN_POINT ( 'NONE',  ( -1.299038105676657784, 0.7500000000000001110, -6.354166666666667851 ) ) ;
#3202 = CARTESIAN_POINT ( 'NONE',  ( 1.322475605676658450, 0.7635316469341306700, 3.932291666666665630 ) ) ;
#3203 = VERTEX_POINT ( 'NONE', #6196 ) ;
#3204 = CARTESIAN_POINT ( 'NONE',  ( 0.6785254037844380415, -1.175240473580835499, 1.104166666666664742 ) ) ;
#3205 = VERTEX_POINT ( 'NONE', #1075 ) ;
#3206 = CARTESIAN_POINT ( 'NONE',  ( -0.6785254037844382635, 1.175240473580835276, -5.208333333333333925 ) ) ;
#3207 = ADVANCED_FACE ( 'NONE', ( #2706 ), #5566, .T. ) ;
#3208 = LINE ( 'NONE', #4814, #2136 ) ;
#3209 = B_SPLINE_CURVE_WITH_KNOTS ( 'NONE', 3,
 ( #4828, #4344, #5891, #5339, #7068, #1432 ),
 .UNSPECIFIED., .F., .F.,
 ( 4, 2, 4 ),
 ( 1.346560329701103929E-16, 0.0004940339337817429601, 0.0009880678675633512622 ),
 .UNSPECIFIED. ) ;
#3210 = CARTESIAN_POINT ( 'NONE',  ( 1.357050807568876971, -2.492861891654333810E-16, 7.124999999999997335 ) ) ;
#3211 = CARTESIAN_POINT ( 'NONE',  ( -1.322475605676657784, -0.7635316469341314471, -5.817708333333334814 ) ) ;
#3212 = ORIENTED_EDGE ( 'NONE', *, *, #4184, .F. ) ;
#3213 = CARTESIAN_POINT ( 'NONE',  ( -0.6785254037844383745, 1.175240473580835499, -0.2083333333333346749 ) ) ;
#3214 =( BOUNDED_CURVE ( )  B_SPLINE_CURVE ( 2, ( #5430, #3097, #408, #332, #4884, #1384, #3655 ),
 .UNSPECIFIED., .F., .F. ) 
 B_SPLINE_CURVE_WITH_KNOTS ( ( 3, 2, 2, 3 ),
 ( 0.4594594594594593739, 0.4639639639639638324, 0.4684684684684684020, 0.4729729729729729160 ),
 .UNSPECIFIED. ) 
 CURVE ( )  GEOMETRIC_REPRESENTATION_ITEM ( )  RATIONAL_B_SPLINE_CURVE ( ( 1.000000000000003331, 0.8660254037844352659, 1.000000000000000000, 0.8660254037844385966, 1.000000000000000000, 0.8660254037844402619, 0.9999999999999983347 ) ) 
 REPRESENTATION_ITEM ( '' )  );
#3215 = CARTESIAN_POINT ( 'NONE',  ( 0.000000000000000000, 1.499999999999999556, -1.000000000000000888 ) ) ;
#3216 = CARTESIAN_POINT ( 'NONE',  ( -0.6785254037844383745, 1.175240473580835499, 5.354166666666665186 ) ) ;
#3217 = CARTESIAN_POINT ( 'NONE',  ( -1.017788105676657784, 0.5876202367904177493, -0.1041666666666673374 ) ) ;
#3218 = CARTESIAN_POINT ( 'NONE',  ( -1.299038105676657562, 0.7500000000000000000, 3.083333333333332149 ) ) ;
#3219 = CARTESIAN_POINT ( 'NONE',  ( -1.836970198721029441E-16, -1.499999999999999778, 0.3124999999999985567 ) ) ;
#3220 = CARTESIAN_POINT ( 'NONE',  ( -1.357050807568876971, 8.309539638847778957E-17, 0.8749999999999990008 ) ) ;
#3221 = CARTESIAN_POINT ( 'NONE',  ( 1.050564750521272073, -1.056380725351409700, -10.20198015760551513 ) ) ;
#3222 = CARTESIAN_POINT ( 'NONE',  ( -1.322475605676657784, 0.7635316469341318912, 6.630208333333332149 ) ) ;
#3223 = ORIENTED_EDGE ( 'NONE', *, *, #6435, .T. ) ;
#3224 = CARTESIAN_POINT ( 'NONE',  ( 1.017788105676658228, 0.5876202367904167501, -8.270833333333335702 ) ) ;
#3225 = CARTESIAN_POINT ( 'NONE',  ( -1.836970198721029441E-16, -1.499999999999999778, -5.687500000000001776 ) ) ;
#3226 = CARTESIAN_POINT ( 'NONE',  ( -1.836970198721029441E-16, -1.499999999999999556, 0.2499999999999983902 ) ) ;
#3227 = CARTESIAN_POINT ( 'NONE',  ( 0.6785254037844380415, -1.175240473580835721, -3.958333333333334370 ) ) ;
#3228 = CARTESIAN_POINT ( 'NONE',  ( 0.6785254037844380415, -1.175240473580835721, -3.395833333333333925 ) ) ;
#3229 = CARTESIAN_POINT ( 'NONE',  ( -1.836970198721029441E-16, -1.499999999999999778, -1.187500000000001110 ) ) ;
#3230 = CARTESIAN_POINT ( 'NONE',  ( -0.6785254037844383745, 1.175240473580835499, -7.208333333333334814 ) ) ;
#3231 = EDGE_CURVE ( 'NONE', #6943, #6949, #2959, .T. ) ;
#3232 = CARTESIAN_POINT ( 'NONE',  ( 0.6785254037844392627, 1.175240473580835054, -8.229166666666667851 ) ) ;
#3233 = CARTESIAN_POINT ( 'NONE',  ( 0.8660254037844471453, -1.499999999999984235, 4.854166666666666075 ) ) ;
#3234 = CARTESIAN_POINT ( 'NONE',  ( 0.6785254037844392627, 1.175240473580835054, 2.208333333333331261 ) ) ;
#3235 = CARTESIAN_POINT ( 'NONE',  ( -1.836970198721029441E-16, -1.499999999999999778, 5.812500000000000000 ) ) ;
#3236 = VECTOR ( 'NONE', #5886, 1000.000000000000000 ) ;
#3237 = CARTESIAN_POINT ( 'NONE',  ( 0.6785254037844392627, 1.175240473580835054, -10.22916666666666785 ) ) ;
#3238 = CARTESIAN_POINT ( 'NONE',  ( 1.357050807568876749, -2.492861891654333810E-16, 3.624999999999998668 ) ) ;
#3239 = CARTESIAN_POINT ( 'NONE',  ( 0.8660254037844516972, 1.499999999999978018, 6.958333333333333037 ) ) ;
#3240 = DIRECTION ( 'NONE',  ( 0.000000000000000000, 1.000000000000000000, 0.000000000000000000 ) ) ;
#3241 = CARTESIAN_POINT ( 'NONE',  ( 1.091842227447779257, 0.6938395019456577995, -10.39215447203474874 ) ) ;
#3242 = CARTESIAN_POINT ( 'NONE',  ( 1.322475605676657340, -0.7635316469341323353, 2.348958333333333037 ) ) ;
#3243 = EDGE_LOOP ( 'NONE', ( #5114, #6392, #3036, #5255, #1396 ) ) ;
#3244 = CARTESIAN_POINT ( 'NONE',  ( -1.357050807568876749, 8.309539638847778957E-17, -0.5625000000000004441 ) ) ;
#3245 = ORIENTED_EDGE ( 'NONE', *, *, #739, .T. ) ;
#3246 = CARTESIAN_POINT ( 'NONE',  ( 1.357050807568876749, -2.492861891654333810E-16, -5.875000000000000000 ) ) ;
#3247 =( BOUNDED_CURVE ( )  B_SPLINE_CURVE ( 2, ( #1498, #4478, #6647, #1536, #3884, #6137, #3215 ),
 .UNSPECIFIED., .F., .F. ) 
 B_SPLINE_CURVE_WITH_KNOTS ( ( 3, 2, 2, 3 ),
 ( 0.5000000000000000000, 0.5045045045045044585, 0.5090090090090091390, 0.5135135135135135975 ),
 .UNSPECIFIED. ) 
 CURVE ( )  GEOMETRIC_REPRESENTATION_ITEM ( )  RATIONAL_B_SPLINE_CURVE ( ( 1.000000000000000000, 0.8660254037844385966, 1.000000000000000000, 0.8660254037844385966, 1.000000000000000000, 0.8660254037844352659, 1.000000000000003331 ) ) 
 REPRESENTATION_ITEM ( '' )  );
#3248 = CARTESIAN_POINT ( 'NONE',  ( -1.836970198721029441E-16, -1.499999999999999778, -3.687500000000001332 ) ) ;
#3249 = CARTESIAN_POINT ( 'NONE',  ( 1.763300807568876971, -3.239131034884752106E-16, -10.57812500000000000 ) ) ;
#3250 = CARTESIAN_POINT ( 'NONE',  ( 1.322475605676658450, 0.7635316469341306700, -3.567708333333334370 ) ) ;
#3251 = EDGE_LOOP ( 'NONE', ( #5401, #2864, #1528, #5006 ) ) ;
#3252 = CARTESIAN_POINT ( 'NONE',  ( 0.000000000000000000, 1.499999999999999556, -7.000000000000000888 ) ) ;
#3253 = CARTESIAN_POINT ( 'NONE',  ( -0.6785254037844383745, 1.175240473580835499, 6.354166666666666075 ) ) ;
#3254 = CARTESIAN_POINT ( 'NONE',  ( 0.000000000000000000, 1.175240473580835276, 1.312499999999999334 ) ) ;
#3255 = CARTESIAN_POINT ( 'NONE',  ( 0.000000000000000000, 1.499999999999999556, -2.500000000000000444 ) ) ;
#3256 = CARTESIAN_POINT ( 'NONE',  ( 0.4090586785750393584, 1.207205534784412615, 10.19783791855580901 ) ) ;
#3257 = CARTESIAN_POINT ( 'NONE',  ( -1.439254484199189379E-16, -1.175240473580835276, 0.4999999999999987232 ) ) ;
#3258 = CARTESIAN_POINT ( 'NONE',  ( 0.000000000000000000, 9.259650508369634219E-58, 10.34999999999999787 ) ) ;
#3259 = CARTESIAN_POINT ( 'NONE',  ( 0.8816504037844392627, 1.527063293868263116, 6.005208333333331261 ) ) ;
#3260 = EDGE_LOOP ( 'NONE', ( #6754, #7196, #1363, #1661 ) ) ;
#3261 = CARTESIAN_POINT ( 'NONE',  ( 1.017788105676657562, -0.5876202367904181934, -4.854166666666667851 ) ) ;
#3262 = CARTESIAN_POINT ( 'NONE',  ( 1.299038105676657340, -0.7500000000000005551, 0.3958333333333313719 ) ) ;
#3263 = CARTESIAN_POINT ( 'NONE',  ( 1.381457290957135875, -0.6072457835757788525, 7.341264123134679132 ) ) ;
#3264 = EDGE_CURVE ( 'NONE', #570, #5691, #5512, .T. ) ;
#3265 = CARTESIAN_POINT ( 'NONE',  ( -0.6785254037844383745, 1.175240473580835499, -0.1458333333333346471 ) ) ;
#3266 = CARTESIAN_POINT ( 'NONE',  ( -1.836970198721029441E-16, -1.499999999999999778, -1.687500000000001554 ) ) ;
#3267 = CARTESIAN_POINT ( 'NONE',  ( 1.357050807568876971, -2.492861891654333810E-16, -7.875000000000000888 ) ) ;
#3268 = CARTESIAN_POINT ( 'NONE',  ( 1.763300807568876971, -3.239131034884752106E-16, -2.578125000000000888 ) ) ;
#3269 = CARTESIAN_POINT ( 'NONE',  ( 0.000000000000000000, 1.296351071171740261E-55, -10.49999999999999822 ) ) ;
#3270 = CARTESIAN_POINT ( 'NONE',  ( -1.299038105676657784, 0.7500000000000001110, 6.645833333333332149 ) ) ;
#3271 = CARTESIAN_POINT ( 'NONE',  ( 1.299038105676658450, 0.7499999999999986677, -9.583333333333333925 ) ) ;
#3272 = CARTESIAN_POINT ( 'NONE',  ( -1.052468259152689933, -0.8357328402387221855, 10.28741758375678650 ) ) ;
#3273 = EDGE_CURVE ( 'NONE', #2604, #4262, #956, .T. ) ;
#3274 = CARTESIAN_POINT ( 'NONE',  ( -0.6785254037844388186, -1.175240473580835054, 4.958333333333330373 ) ) ;
#3275 = FACE_OUTER_BOUND ( 'NONE', #3968, .T. ) ;
#3276 = CARTESIAN_POINT ( 'NONE',  ( -0.8660254037844389297, -1.499999999999999334, -4.291666666666668739 ) ) ;
#3277 = CARTESIAN_POINT ( 'NONE',  ( 1.322475605676658450, 0.7635316469341306700, 4.932291666666664298 ) ) ;
#3278 = VERTEX_POINT ( 'NONE', #7186 ) ;
#3279 = CARTESIAN_POINT ( 'NONE',  ( 1.357050807568876749, -2.492861891654333810E-16, -0.8125000000000006661 ) ) ;
#3280 = ORIENTED_EDGE ( 'NONE', *, *, #1340, .T. ) ;
#3281 = CARTESIAN_POINT ( 'NONE',  ( 0.000000000000000000, 1.175240473580835276, -8.250000000000000000 ) ) ;
#3282 = CARTESIAN_POINT ( 'NONE',  ( -1.439254484199189379E-16, -1.175240473580835276, -3.000000000000000888 ) ) ;
#3283 = ADVANCED_FACE ( 'NONE', ( #3836 ), #5024, .T. ) ;
#3284 = CARTESIAN_POINT ( 'NONE',  ( -1.439254484199189379E-16, -1.175240473580835276, -2.500000000000000444 ) ) ;
#3285 = AXIS2_PLACEMENT_3D ( 'NONE', #7208, #1136, #6147 ) ;
#3286 = CARTESIAN_POINT ( 'NONE',  ( 1.322475605676658450, 0.7635316469341306700, -9.036458333333333925 ) ) ;
#3287 = CARTESIAN_POINT ( 'NONE',  ( -1.870113174931182636E-16, -1.527063293868263338, -5.234375000000000888 ) ) ;
#3288 = EDGE_LOOP ( 'NONE', ( #985, #7324, #3735, #4918 ) ) ;
#3289 = CARTESIAN_POINT ( 'NONE',  ( 1.836970198721029688E-16, -1.499999999999999778, -10.49999999999999822 ) ) ;
#3290 =( BOUNDED_CURVE ( )  B_SPLINE_CURVE ( 2, ( #1201, #3475, #6176, #5728, #1611, #1094, #5694 ),
 .UNSPECIFIED., .F., .T. ) 
 B_SPLINE_CURVE_WITH_KNOTS ( ( 3, 2, 2, 3 ),
 ( 0.4864864864864865135, 0.4909909909909909720, 0.4954954954954955415, 0.5000000000000000000 ),
 .UNSPECIFIED. ) 
 CURVE ( )  GEOMETRIC_REPRESENTATION_ITEM ( )  RATIONAL_B_SPLINE_CURVE ( ( 1.000000000000000000, 0.8660254037844387076, 1.000000000000000000, 0.8660254037844387076, 1.000000000000000000, 0.8660254037844387076, 1.000000000000000000 ) ) 
 REPRESENTATION_ITEM ( '' )  );
#3291 = CARTESIAN_POINT ( 'NONE',  ( 0.6785254037844380415, -1.175240473580835721, 7.104166666666666075 ) ) ;
#3292 = CARTESIAN_POINT ( 'NONE',  ( 1.357050807568876971, -2.492861891654333810E-16, 0.6874999999999988898 ) ) ;
#3293 = DIRECTION ( 'NONE',  ( 0.000000000000000000, 1.000000000000000000, 6.173100338913050050E-57 ) ) ;
#3294 = CARTESIAN_POINT ( 'NONE',  ( 0.000000000000000000, 1.499999999999999556, 6.000000000000000000 ) ) ;
#3295 = CARTESIAN_POINT ( 'NONE',  ( 0.000000000000000000, 1.175240473580835276, 1.749999999999998002 ) ) ;
#3296 = CARTESIAN_POINT ( 'NONE',  ( -1.836970198721029441E-16, -1.499999999999999778, -7.187500000000000888 ) ) ;
#3297 = CARTESIAN_POINT ( 'NONE',  ( 1.763300807568876971, -3.239131034884752106E-16, 4.421874999999999112 ) ) ;
#3298 = ORIENTED_EDGE ( 'NONE', *, *, #6613, .T. ) ;
#3299 = CARTESIAN_POINT ( 'NONE',  ( 1.357050807568876749, -2.492861891654333810E-16, -5.312500000000000888 ) ) ;
#3300 = CARTESIAN_POINT ( 'NONE',  ( 0.000000000000000000, 1.499999999999999778, 0.5624999999999987788 ) ) ;
#3301 = CARTESIAN_POINT ( 'NONE',  ( 0.8660254037844394848, 1.499999999999999334, -5.041666666666667851 ) ) ;
#3302 = CARTESIAN_POINT ( 'NONE',  ( -0.6785254037844388186, -1.175240473580835276, -4.041666666666666963 ) ) ;
#3303 = CARTESIAN_POINT ( 'NONE',  ( -0.6785254037844383745, 1.175240473580835499, -0.6458333333333350357 ) ) ;
#3304 = EDGE_CURVE ( 'NONE', #6180, #6344, #22, .T. ) ;
#3305 = CARTESIAN_POINT ( 'NONE',  ( 0.000000000000000000, 1.296351071171740261E-55, -10.49999999999999822 ) ) ;
#3306 = CARTESIAN_POINT ( 'NONE',  ( 0.6785254037844392627, 1.175240473580835054, -6.291666666666667851 ) ) ;
#3307 = B_SPLINE_CURVE_WITH_KNOTS ( 'NONE', 3,
 ( #6374, #3564, #6410, #6850 ),
 .UNSPECIFIED., .F., .F.,
 ( 4, 4 ),
 ( 0.001512921290015665100, 0.002260257827930990584 ),
 .UNSPECIFIED. ) ;
#3308 = CARTESIAN_POINT ( 'NONE',  ( 1.322475605676658450, 0.7635316469341306700, -2.536458333333334814 ) ) ;
#3309 = CARTESIAN_POINT ( 'NONE',  ( -0.8660254037844513642, -1.499999999999978018, 3.708333333333331705 ) ) ;
#3310 = DIRECTION ( 'NONE',  ( -0.000000000000000000, 6.173100338913050050E-57, -1.000000000000000000 ) ) ;
#3311 = FACE_BOUND ( 'NONE', #170, .T. ) ;
#3312 = CARTESIAN_POINT ( 'NONE',  ( -0.6785254037844383745, 1.175240473580835499, -9.145833333333333925 ) ) ;
#3313 = CARTESIAN_POINT ( 'NONE',  ( -1.439254484199189379E-16, -1.175240473580835276, 4.499999999999999112 ) ) ;
#3314 = CARTESIAN_POINT ( 'NONE',  ( 0.8660254037844257180, -1.500000000000021982, 1.791666666666664520 ) ) ;
#3315 = CARTESIAN_POINT ( 'NONE',  ( 1.299038105676658450, 0.7499999999999986677, 3.416666666666665186 ) ) ;
#3316 = CARTESIAN_POINT ( 'NONE',  ( -1.732050807568877415, 1.060575238724906915E-16, 7.125000000000000000 ) ) ;
#3317 = CARTESIAN_POINT ( 'NONE',  ( 1.322475605676658450, 0.7635316469341306700, 6.932291666666666075 ) ) ;
#3318 = ORIENTED_EDGE ( 'NONE', *, *, #3949, .F. ) ;
#3319 = CARTESIAN_POINT ( 'NONE',  ( -1.017788105676658006, -0.5876202367904174162, 3.479166666666665186 ) ) ;
#3320 = EDGE_LOOP ( 'NONE', ( #6035, #6491, #4846, #5866 ) ) ;
#3321 = CARTESIAN_POINT ( 'NONE',  ( -0.6785254037844388186, -1.175240473580835276, -10.04166666666666607 ) ) ;
#3322 = CARTESIAN_POINT ( 'NONE',  ( 0.6785254037844380415, -1.175240473580835499, -3.458333333333333925 ) ) ;
#3323 = CARTESIAN_POINT ( 'NONE',  ( -0.8816504037844389297, -1.527063293868263116, -8.744791666666667851 ) ) ;
#3324 = CARTESIAN_POINT ( 'NONE',  ( 1.322475605676658450, 0.7635316469341306700, -2.067708333333334814 ) ) ;
#3325 = EDGE_CURVE ( 'NONE', #1118, #1790, #2484, .T. ) ;
#3326 = ORIENTED_EDGE ( 'NONE', *, *, #1515, .T. ) ;
#3327 = CARTESIAN_POINT ( 'NONE',  ( 1.299038105676658672, 0.7499999999999987788, 6.479166666666666075 ) ) ;
#3328 = DIRECTION ( 'NONE',  ( -0.000000000000000000, 6.173100338913050050E-57, -1.000000000000000000 ) ) ;
#3329 = CARTESIAN_POINT ( 'NONE',  ( 1.357050807568876971, -2.492861891654333810E-16, 7.187499999999998224 ) ) ;
#3330 = CARTESIAN_POINT ( 'NONE',  ( -1.439254484199189379E-16, -1.175240473580835276, 4.562499999999999112 ) ) ;
#3331 = CARTESIAN_POINT ( 'NONE',  ( 0.000000000000000000, 1.499999999999999778, -10.49999999999999822 ) ) ;
#3332 = CARTESIAN_POINT ( 'NONE',  ( 0.000000000000000000, 1.499999999999999778, 0.5624999999999987788 ) ) ;
#3333 = CARTESIAN_POINT ( 'NONE',  ( 1.017788105676657562, -0.5876202367904181934, 1.083333333333331927 ) ) ;
#3334 = CARTESIAN_POINT ( 'NONE',  ( -1.322475605676657784, 0.7635316469341318912, -9.401041666666666075 ) ) ;
#3335 = CARTESIAN_POINT ( 'NONE',  ( -1.763300807568876971, 1.079710344961584035E-16, 6.671874999999997335 ) ) ;
#3336 = VERTEX_POINT ( 'NONE', #5531 ) ;
#3337 =( BOUNDED_CURVE ( )  B_SPLINE_CURVE ( 2, ( #2297, #5130, #88, #4088, #1152, #2365, #2408 ),
 .UNSPECIFIED., .F., .F. ) 
 B_SPLINE_CURVE_WITH_KNOTS ( ( 3, 2, 2, 3 ),
 ( 0.3513513513513513153, 0.3558558558558558849, 0.3603603603603602878, 0.3648648648648648574 ),
 .UNSPECIFIED. ) 
 CURVE ( )  GEOMETRIC_REPRESENTATION_ITEM ( )  RATIONAL_B_SPLINE_CURVE ( ( 1.000000000000000000, 0.8660254037844387076, 1.000000000000000000, 0.8660254037844387076, 1.000000000000000000, 0.8660254037844403729, 0.9999999999999983347 ) ) 
 REPRESENTATION_ITEM ( '' )  );
#3338 = CARTESIAN_POINT ( 'NONE',  ( 0.000000000000000000, 1.175240473580835276, -5.187500000000000888 ) ) ;
#3339 = CARTESIAN_POINT ( 'NONE',  ( -1.836970198721029441E-16, -1.499999999999999556, 4.749999999999999112 ) ) ;
#3340 = CARTESIAN_POINT ( 'NONE',  ( -1.732050807568877415, 1.060575238724906915E-16, 1.625000000000000000 ) ) ;
#3341 = CARTESIAN_POINT ( 'NONE',  ( 1.017788105676657562, -0.5876202367904181934, -3.916666666666668295 ) ) ;
#3342 = CARTESIAN_POINT ( 'NONE',  ( 1.017788105676658228, 0.5876202367904167501, -1.270833333333333925 ) ) ;
#3343 = CARTESIAN_POINT ( 'NONE',  ( 6.789378324698039230E-16, -1.443375672974064772, 10.39174682452694576 ) ) ;
#3344 = ORIENTED_EDGE ( 'NONE', *, *, #5289, .F. ) ;
#3345 = CARTESIAN_POINT ( 'NONE',  ( 1.017788105676657562, -0.5876202367904181934, -8.416666666666667851 ) ) ;
#3346 = CARTESIAN_POINT ( 'NONE',  ( 1.763300807568876971, -3.239131034884752106E-16, -1.078125000000000888 ) ) ;
#3347 = CARTESIAN_POINT ( 'NONE',  ( 0.6841100080451182341, -1.334913291900454047, 7.349999999999998757 ) ) ;
#3348 = CARTESIAN_POINT ( 'NONE',  ( -1.299038105676657784, 0.7500000000000001110, 7.145833333333332149 ) ) ;
#3349 = CARTESIAN_POINT ( 'NONE',  ( -1.836970198721029441E-16, -1.499999999999999556, -9.250000000000001776 ) ) ;
#3350 = CARTESIAN_POINT ( 'NONE',  ( 1.017788105676657562, -0.5876202367904181934, -7.854166666666666963 ) ) ;
#3351 = CARTESIAN_POINT ( 'NONE',  ( 0.6785254037844380415, -1.175240473580835499, 5.041666666666665186 ) ) ;
#3352 = DIRECTION ( 'NONE',  ( 0.000000000000000000, 1.000000000000000000, 0.000000000000000000 ) ) ;
#3353 = LINE ( 'NONE', #2074, #6655 ) ;
#3354 = CARTESIAN_POINT ( 'NONE',  ( 0.000000000000000000, 1.296351071171740261E-55, -10.49999999999999822 ) ) ;
#3355 = CARTESIAN_POINT ( 'NONE',  ( 1.763300807568876971, -3.239131034884752106E-16, 5.890625000000000000 ) ) ;
#3356 = ORIENTED_EDGE ( 'NONE', *, *, #5159, .T. ) ;
#3357 = CIRCLE ( 'NONE', #4545, 1.175240473580835276 ) ;
#3358 = CARTESIAN_POINT ( 'NONE',  ( -1.017788105676657784, 0.5876202367904177493, 2.895833333333331705 ) ) ;
#3359 = ORIENTED_EDGE ( 'NONE', *, *, #6395, .F. ) ;
#3360 = CARTESIAN_POINT ( 'NONE',  ( -1.017788105676658006, -0.5876202367904174162, -9.583333333333333925 ) ) ;
#3361 =( GEOMETRIC_REPRESENTATION_CONTEXT ( 3 ) GLOBAL_UNCERTAINTY_ASSIGNED_CONTEXT ( ( #6257 ) ) GLOBAL_UNIT_ASSIGNED_CONTEXT ( ( #6686, #1050, #1013 ) ) REPRESENTATION_CONTEXT ( 'NONE', 'WORKASPACE' ) );
#3362 = VECTOR ( 'NONE', #5931, 1000.000000000000000 ) ;
#3363 = CARTESIAN_POINT ( 'NONE',  ( -0.6785254037844388186, -1.175240473580835054, -2.041666666666667407 ) ) ;
#3364 = CARTESIAN_POINT ( 'NONE',  ( -0.8816504037844389297, -1.527063293868263116, -8.244791666666667851 ) ) ;
#3365 = CARTESIAN_POINT ( 'NONE',  ( 1.322475605676658450, 0.7635316469341306700, -3.067708333333334814 ) ) ;
#3366 = EDGE_LOOP ( 'NONE', ( #1006, #7121, #3377, #4001 ) ) ;
#3367 = AXIS2_PLACEMENT_3D ( 'NONE', #5423, #324, #2602 ) ;
#3368 = CARTESIAN_POINT ( 'NONE',  ( -1.017788105676657784, 0.5876202367904177493, -10.66666666666666785 ) ) ;
#3369 = ADVANCED_FACE ( 'NONE', ( #436 ), #6303, .T. ) ;
#3370 = CARTESIAN_POINT ( 'NONE',  ( 1.017788105676658228, 0.5876202367904167501, 2.229166666666665630 ) ) ;
#3371 = PRESENTATION_LAYER_ASSIGNMENT (  '', '', ( #4910 ) ) ;
#3372 = DIRECTION ( 'NONE',  ( -0.000000000000000000, 6.173100338913050050E-57, -1.000000000000000000 ) ) ;
#3373 = VECTOR ( 'NONE', #1513, 1000.000000000000000 ) ;
#3374 = CARTESIAN_POINT ( 'NONE',  ( -1.836970198721029441E-16, -1.499999999999999778, -7.187500000000000888 ) ) ;
#3375 = CARTESIAN_POINT ( 'NONE',  ( -1.357050807568876971, 8.309539638847778957E-17, 3.874999999999998224 ) ) ;
#3376 = CARTESIAN_POINT ( 'NONE',  ( -1.322475605676657784, 0.7635316469341318912, -8.901041666666667851 ) ) ;
#3377 = ORIENTED_EDGE ( 'NONE', *, *, #2496, .F. ) ;
#3378 = CARTESIAN_POINT ( 'NONE',  ( -1.017788105676658006, -0.5876202367904174162, 2.416666666666666075 ) ) ;
#3379 = LINE ( 'NONE', #5666, #2285 ) ;
#3380 = CARTESIAN_POINT ( 'NONE',  ( 0.000000000000000000, 1.499999999999999778, -5.437500000000001776 ) ) ;
#3381 = CARTESIAN_POINT ( 'NONE',  ( 1.017788105676658228, 0.5876202367904167501, -0.2708333333333347026 ) ) ;
#3382 = CARTESIAN_POINT ( 'NONE',  ( -1.017788105676658006, -0.5876202367904174162, -5.520833333333333925 ) ) ;
#3383 = ORIENTED_EDGE ( 'NONE', *, *, #3491, .F. ) ;
#3384 = CARTESIAN_POINT ( 'NONE',  ( 0.6785254037844392627, 1.175240473580835054, -5.791666666666668739 ) ) ;
#3385 = CARTESIAN_POINT ( 'NONE',  ( -0.8816504037844389297, -1.527063293868263116, -1.744791666666668739 ) ) ;
#3386 = DIRECTION ( 'NONE',  ( -0.000000000000000000, 6.173100338913050050E-57, -1.000000000000000000 ) ) ;
#3387 = CARTESIAN_POINT ( 'NONE',  ( -1.299038105676657784, -0.7499999999999995559, 7.229166666666666963 ) ) ;
#3388 = CARTESIAN_POINT ( 'NONE',  ( 0.8660254037844534736, 1.499999999999975575, -9.041666666666671404 ) ) ;
#3389 = CARTESIAN_POINT ( 'NONE',  ( 0.6785254037844392627, 1.175240473580835054, -7.729166666666666963 ) ) ;
#3390 = CARTESIAN_POINT ( 'NONE',  ( -1.017788105676658006, -0.5876202367904174162, 3.916666666666665630 ) ) ;
#3391 = CARTESIAN_POINT ( 'NONE',  ( 1.017788105676657562, -0.5876202367904181934, 7.645833333333333037 ) ) ;
#3392 = DIRECTION ( 'NONE',  ( -0.8660254037844385966, -0.5000000000000001110, -3.086550169456525591E-57 ) ) ;
#3393 = CARTESIAN_POINT ( 'NONE',  ( 1.732050807568877415, -3.181725716174720498E-16, 2.874999999999999556 ) ) ;
#3394 = CARTESIAN_POINT ( 'NONE',  ( 7.629407613682265734E-16, -1.443375672974064772, 8.500000000000000000 ) ) ;
#3395 = CARTESIAN_POINT ( 'NONE',  ( 0.000000000000000000, 1.527063293868263338, 7.015624999999997335 ) ) ;
#3396 = CARTESIAN_POINT ( 'NONE',  ( 0.6785254037844391517, 1.175240473580835054, 2.770833333333331705 ) ) ;
#3397 = ORIENTED_EDGE ( 'NONE', *, *, #945, .F. ) ;
#3398 = CARTESIAN_POINT ( 'NONE',  ( -1.357050807568876971, 8.309539638847778957E-17, -7.625000000000000888 ) ) ;
#3399 = CARTESIAN_POINT ( 'NONE',  ( -1.439254484199189379E-16, -1.175240473580835276, -3.000000000000000888 ) ) ;
#3400 = CARTESIAN_POINT ( 'NONE',  ( -0.8816504037844382635, 1.527063293868263338, -8.911458333333333925 ) ) ;
#3401 = CARTESIAN_POINT ( 'NONE',  ( -0.8816504037844382635, 1.527063293868263338, -2.942708333333334370 ) ) ;
#3402 = EDGE_CURVE ( 'NONE', #5337, #1190, #89, .T. ) ;
#3403 = ORIENTED_EDGE ( 'NONE', *, *, #6658, .F. ) ;
#3404 = CARTESIAN_POINT ( 'NONE',  ( 0.6785254037844391517, 1.175240473580835054, -10.29166666666666607 ) ) ;
#3405 = CARTESIAN_POINT ( 'NONE',  ( -0.6785254037844383745, 1.175240473580835499, -10.70833333333333215 ) ) ;
#3406 = CARTESIAN_POINT ( 'NONE',  ( 0.000000000000000000, 2.750000000000000000, 10.34999999999999787 ) ) ;
#3407 = CARTESIAN_POINT ( 'NONE',  ( 1.732050807568877193, -3.181725716174720005E-16, -5.062500000000000888 ) ) ;
#3408 = CARTESIAN_POINT ( 'NONE',  ( 0.6785254037844380415, -1.175240473580835721, 3.041666666666664742 ) ) ;
#3409 = CARTESIAN_POINT ( 'NONE',  ( 0.8816504037844380415, -1.527063293868264005, -8.692708333333332149 ) ) ;
#3410 = VERTEX_POINT ( 'NONE', #24 ) ;
#3411 = EDGE_CURVE ( 'NONE', #4669, #1316, #55, .T. ) ;
#3412 = CARTESIAN_POINT ( 'NONE',  ( -0.8660254037844434816, -1.499999999999991340, -9.291666666666664298 ) ) ;
#3413 = CYLINDRICAL_SURFACE ( 'NONE', #6013, 1.499999999999999778 ) ;
#3414 = CARTESIAN_POINT ( 'NONE',  ( 1.017788105676658228, 0.5876202367904167501, 0.2291666666666657137 ) ) ;
#3415 = CARTESIAN_POINT ( 'NONE',  ( -1.017788105676657784, 0.5876202367904177493, -4.604166666666667851 ) ) ;
#3416 = VERTEX_POINT ( 'NONE', #1185 ) ;
#3417 = CARTESIAN_POINT ( 'NONE',  ( -1.017788105676658006, -0.5876202367904174162, -4.083333333333334814 ) ) ;
#3418 = CARTESIAN_POINT ( 'NONE',  ( -1.870113174931182636E-16, -1.527063293868263338, 0.7968749999999990008 ) ) ;
#3419 = DIRECTION ( 'NONE',  ( 0.000000000000000000, 1.000000000000000000, 0.000000000000000000 ) ) ;
#3420 = EDGE_CURVE ( 'NONE', #3416, #4222, #6380, .T. ) ;
#3421 = DIRECTION ( 'NONE',  ( -0.000000000000000000, 6.173100338913050050E-57, -1.000000000000000000 ) ) ;
#3422 = CARTESIAN_POINT ( 'NONE',  ( -1.017788105676657784, 0.5876202367904177493, -9.104166666666666075 ) ) ;
#3423 = CARTESIAN_POINT ( 'NONE',  ( 1.017788105676657562, -0.5876202367904181934, -1.916666666666667185 ) ) ;
#3424 = CARTESIAN_POINT ( 'NONE',  ( 1.335140067605502967, -0.03795051484799348562, 7.122309024854831527 ) ) ;
#3425 = CARTESIAN_POINT ( 'NONE',  ( -1.059242689020389649, -0.9952887622699181369, -10.22470672395878388 ) ) ;
#3426 = CARTESIAN_POINT ( 'NONE',  ( -0.8660254037844329345, -1.500000000000009992, -2.791666666666667851 ) ) ;
#3427 = CARTESIAN_POINT ( 'NONE',  ( -1.299038105676657562, 0.7500000000000000000, -3.916666666666667407 ) ) ;
#3428 = CARTESIAN_POINT ( 'NONE',  ( -1.836970198721029441E-16, -1.499999999999999556, -3.750000000000001332 ) ) ;
#3429 = CARTESIAN_POINT ( 'NONE',  ( 0.8816504037844392627, 1.527063293868263116, 4.973958333333331261 ) ) ;
#3430 = CARTESIAN_POINT ( 'NONE',  ( 0.6785254037844391517, 1.175240473580835054, 3.270833333333332149 ) ) ;
#3431 = ORIENTED_EDGE ( 'NONE', *, *, #292, .T. ) ;
#3432 = CARTESIAN_POINT ( 'NONE',  ( -1.357050807568876971, 8.309539638847778957E-17, -8.625000000000000000 ) ) ;
#3433 = CARTESIAN_POINT ( 'NONE',  ( -1.357050807568876749, 8.309539638847778957E-17, -3.125000000000000000 ) ) ;
#3434 = CARTESIAN_POINT ( 'NONE',  ( 0.000000000000000000, 1.527063293868263338, -8.953125000000001776 ) ) ;
#3435 = CARTESIAN_POINT ( 'NONE',  ( 0.8816504037844392627, 1.527063293868263116, -3.026041666666666963 ) ) ;
#3436 = EDGE_CURVE ( 'NONE', #2805, #3807, #3720, .T. ) ;
#3437 = LINE ( 'NONE', #4630, #6940 ) ;
#3438 = CYLINDRICAL_SURFACE ( 'NONE', #609, 1.499999999999999778 ) ;
#3439 = CARTESIAN_POINT ( 'NONE',  ( -0.6785254037844388186, -1.175240473580835276, 2.458333333333331705 ) ) ;
#3440 = CARTESIAN_POINT ( 'NONE',  ( -0.8816504037844382635, 1.527063293868263338, -9.942708333333333925 ) ) ;
#3441 = CARTESIAN_POINT ( 'NONE',  ( 0.8816504037844392627, 1.527063293868263116, 7.005208333333332149 ) ) ;
#3442 = ORIENTED_EDGE ( 'NONE', *, *, #351, .T. ) ;
#3443 = CARTESIAN_POINT ( 'NONE',  ( 0.6785254037844392627, 1.175240473580835054, 4.208333333333331261 ) ) ;
#3444 = CARTESIAN_POINT ( 'NONE',  ( -1.836970198721029441E-16, -1.499999999999999778, 6.312499999999997335 ) ) ;
#3445 = CARTESIAN_POINT ( 'NONE',  ( -1.836970198721029441E-16, -1.499999999999999778, -4.687500000000001776 ) ) ;
#3446 = CARTESIAN_POINT ( 'NONE',  ( 1.017788105676658228, 0.5876202367904167501, 1.229166666666664964 ) ) ;
#3447 = CARTESIAN_POINT ( 'NONE',  ( 1.017788105676658228, 0.5876202367904167501, -4.270833333333333925 ) ) ;
#3448 = ORIENTED_EDGE ( 'NONE', *, *, #4596, .F. ) ;
#3449 = CARTESIAN_POINT ( 'NONE',  ( 1.017788105676657562, -0.5876202367904181934, -4.416666666666667851 ) ) ;
#3450 = CARTESIAN_POINT ( 'NONE',  ( -1.322475605676657784, -0.7635316469341314471, 1.213541666666664742 ) ) ;
#3451 = CARTESIAN_POINT ( 'NONE',  ( -1.357050807568876749, 8.309539638847778957E-17, -9.562500000000001776 ) ) ;
#3452 = CARTESIAN_POINT ( 'NONE',  ( 0.8660254037844380415, -1.500000000000000444, -8.208333333333335702 ) ) ;
#3453 = FACE_OUTER_BOUND ( 'NONE', #3260, .T. ) ;
#3454 = CARTESIAN_POINT ( 'NONE',  ( 1.017788105676657562, -0.5876202367904181934, -9.354166666666666075 ) ) ;
#3455 = VECTOR ( 'NONE', #7278, 1000.000000000000000 ) ;
#3456 = EDGE_CURVE ( 'NONE', #2307, #2453, #4998, .T. ) ;
#3457 = CARTESIAN_POINT ( 'NONE',  ( 1.357050807568876749, -2.492861891654333810E-16, 6.624999999999997335 ) ) ;
#3458 = CARTESIAN_POINT ( 'NONE',  ( -1.836970198721029441E-16, -1.499999999999999556, 4.249999999999998224 ) ) ;
#3459 = CARTESIAN_POINT ( 'NONE',  ( 0.000000000000000000, 9.259650508369634219E-58, 10.34999999999999787 ) ) ;
#3460 = CARTESIAN_POINT ( 'NONE',  ( -1.732050807568877193, 1.060575238724906792E-16, 4.187499999999997335 ) ) ;
#3461 = DIRECTION ( 'NONE',  ( 0.8660254037844383745, 0.5000000000000003331, 3.086550169456527289E-57 ) ) ;
#3462 = CARTESIAN_POINT ( 'NONE',  ( 0.000000000000000000, 1.527063293868263338, 7.515624999999998224 ) ) ;
#3463 = CARTESIAN_POINT ( 'NONE',  ( 0.6785254037844380415, -1.175240473580835499, 2.104166666666665630 ) ) ;
#3464 = ORIENTED_EDGE ( 'NONE', *, *, #2078, .T. ) ;
#3465 = CARTESIAN_POINT ( 'NONE',  ( -0.6785254037844383745, 1.175240473580835499, -6.708333333333333925 ) ) ;
#3466 = CARTESIAN_POINT ( 'NONE',  ( -1.017788105676658006, -0.5876202367904174162, -2.583333333333335258 ) ) ;
#3467 = CARTESIAN_POINT ( 'NONE',  ( -1.017788105676657784, 0.5876202367904177493, 0.8333333333333317050 ) ) ;
#3468 = CARTESIAN_POINT ( 'NONE',  ( -1.322475605676657784, -0.7635316469341314471, -8.286458333333335702 ) ) ;
#3469 = CARTESIAN_POINT ( 'NONE',  ( -0.8816504037844382635, 1.527063293868263338, -2.442708333333334814 ) ) ;
#3470 = CARTESIAN_POINT ( 'NONE',  ( 0.6785254037844380415, -1.175240473580835499, -4.395833333333333925 ) ) ;
#3471 = ORIENTED_EDGE ( 'NONE', *, *, #3978, .T. ) ;
#3472 = AXIS2_PLACEMENT_3D ( 'NONE', #2476, #2893, #1359 ) ;
#3473 = VECTOR ( 'NONE', #3105, 1000.000000000000000 ) ;
#3474 = DIRECTION ( 'NONE',  ( -0.000000000000000000, 6.173100338913050050E-57, -1.000000000000000000 ) ) ;
#3475 = CARTESIAN_POINT ( 'NONE',  ( 0.8660254037844392627, 1.499999999999999334, -1.479166666666668517 ) ) ;
#3476 = CARTESIAN_POINT ( 'NONE',  ( 1.017788105676657562, -0.5876202367904181934, 4.083333333333331261 ) ) ;
#3477 = DIRECTION ( 'NONE',  ( -0.000000000000000000, 6.173100338913050050E-57, -1.000000000000000000 ) ) ;
#3478 = AXIS2_PLACEMENT_3D ( 'NONE', #6037, #946, #237 ) ;
#3479 = ORIENTED_EDGE ( 'NONE', *, *, #3411, .T. ) ;
#3480 = CARTESIAN_POINT ( 'NONE',  ( -1.017788105676657784, 0.5876202367904177493, 4.333333333333331261 ) ) ;
#3481 = CARTESIAN_POINT ( 'NONE',  ( -1.836970198721029441E-16, -1.499999999999999556, 0.2499999999999983902 ) ) ;
#3482 = CARTESIAN_POINT ( 'NONE',  ( -1.836970198721029441E-16, -1.499999999999999556, -3.250000000000001332 ) ) ;
#3483 = CARTESIAN_POINT ( 'NONE',  ( 0.000000000000000000, 1.175240473580835276, 2.312499999999998668 ) ) ;
#3484 = AXIS2_PLACEMENT_3D ( 'NONE', #1318, #1207, #3592 ) ;
#3486 = CARTESIAN_POINT ( 'NONE',  ( 0.6785254037844392627, 1.175240473580835054, -5.229166666666667851 ) ) ;
#3485 =( BOUNDED_CURVE ( )  B_SPLINE_CURVE ( 2, ( #1777, #4123, #21, #695, #2296, #6301, #2894 ),
 .UNSPECIFIED., .F., .T. ) 
 B_SPLINE_CURVE_WITH_KNOTS ( ( 3, 2, 2, 3 ),
 ( 0.08108108108108096068, 0.08558558558558550244, 0.09009009009009003033, 0.09459459459459458597 ),
 .UNSPECIFIED. ) 
 CURVE ( )  GEOMETRIC_REPRESENTATION_ITEM ( )  RATIONAL_B_SPLINE_CURVE ( ( 1.000000000000003775, 0.8660254037844349329, 1.000000000000000000, 0.8660254037844385966, 1.000000000000000000, 0.8660254037844390407, 0.9999999999999995559 ) ) 
 REPRESENTATION_ITEM ( '' )  );
#3487 = CARTESIAN_POINT ( 'NONE',  ( 1.017788105676658228, 0.5876202367904167501, -3.833333333333334370 ) ) ;
#3488 = CARTESIAN_POINT ( 'NONE',  ( 0.8816504037844380415, -1.527063293868264005, 0.8385416666666645202 ) ) ;
#3489 = VERTEX_POINT ( 'NONE', #2448 ) ;
#3490 = CARTESIAN_POINT ( 'NONE',  ( -0.8660254037844389297, -1.499999999999999334, 2.208333333333333481 ) ) ;
#3491 = EDGE_CURVE ( 'NONE', #5800, #5248, #5066, .T. ) ;
#3492 = CARTESIAN_POINT ( 'NONE',  ( -1.732050807568877193, 1.060575238724906792E-16, -2.812500000000000888 ) ) ;
#3493 = CARTESIAN_POINT ( 'NONE',  ( -0.6785254037844383745, 1.175240473580835499, -6.145833333333333925 ) ) ;
#3494 = CARTESIAN_POINT ( 'NONE',  ( 1.836970198721029688E-16, -1.499999999999999778, -10.49999999999999822 ) ) ;
#3495 = CARTESIAN_POINT ( 'NONE',  ( 1.732050807568877415, -3.181725716174720498E-16, -6.125000000000001776 ) ) ;
#3496 = CYLINDRICAL_SURFACE ( 'NONE', #6665, 1.499999999999999778 ) ;
#3497 = CARTESIAN_POINT ( 'NONE',  ( -0.6785254037844388186, -1.175240473580835276, -10.47916666666666785 ) ) ;
#3498 =( BOUNDED_CURVE ( )  B_SPLINE_CURVE ( 2, ( #4294, #938, #3218, #5474, #377, #2653, #5000 ),
 .UNSPECIFIED., .F., .T. ) 
 B_SPLINE_CURVE_WITH_KNOTS ( ( 3, 2, 2, 3 ),
 ( 0.7297297297297298257, 0.7342342342342343953, 0.7387387387387388538, 0.7432432432432433123 ),
 .UNSPECIFIED. ) 
 CURVE ( )  GEOMETRIC_REPRESENTATION_ITEM ( )  RATIONAL_B_SPLINE_CURVE ( ( 0.9999999999999966693, 0.8660254037844419273, 1.000000000000000000, 0.8660254037844385966, 1.000000000000000000, 0.8660254037844352659, 1.000000000000003331 ) ) 
 REPRESENTATION_ITEM ( '' )  );
#3499 = CARTESIAN_POINT ( 'NONE',  ( 1.017788105676658228, 0.5876202367904167501, 4.729166666666664298 ) ) ;
#3500 = VERTEX_POINT ( 'NONE', #6856 ) ;
#3501 = EDGE_CURVE ( 'NONE', #505, #4476, #6271, .T. ) ;
#3502 = CARTESIAN_POINT ( 'NONE',  ( 0.6785254037844392627, 1.175240473580835054, -6.291666666666667851 ) ) ;
#3503 = CARTESIAN_POINT ( 'NONE',  ( -1.732050807568877193, 1.060575238724906792E-16, -2.312500000000002220 ) ) ;
#3504 = CARTESIAN_POINT ( 'NONE',  ( -1.439254484199189379E-16, -1.175240473580835276, -1.000000000000000888 ) ) ;
#3505 = CARTESIAN_POINT ( 'NONE',  ( -1.017788105676658006, -0.5876202367904174162, 3.979166666666665630 ) ) ;
#3506 = CARTESIAN_POINT ( 'NONE',  ( -1.322475605676657784, -0.7635316469341314471, -4.786458333333334814 ) ) ;
#3507 = CARTESIAN_POINT ( 'NONE',  ( -1.322475605676657784, -0.7635316469341314471, 1.182291666666664742 ) ) ;
#3508 = CARTESIAN_POINT ( 'NONE',  ( -1.357050807568876749, 8.309539638847778957E-17, -3.062500000000000888 ) ) ;
#3509 = ORIENTED_EDGE ( 'NONE', *, *, #1772, .F. ) ;
#3510 = EDGE_CURVE ( 'NONE', #6949, #2131, #4239, .T. ) ;
#3511 = CARTESIAN_POINT ( 'NONE',  ( -1.357050807568876749, 8.309539638847778957E-17, -9.125000000000001776 ) ) ;
#3512 = CARTESIAN_POINT ( 'NONE',  ( 0.000000000000000000, 1.499999999999999778, -7.937500000000001776 ) ) ;
#3513 = CARTESIAN_POINT ( 'NONE',  ( 0.3619740381476648228, -1.500000000000003109, 7.329915484030347095 ) ) ;
#3514 = CARTESIAN_POINT ( 'NONE',  ( -0.6785254037844383745, 1.175240473580835499, 4.291666666666665186 ) ) ;
#3515 = CARTESIAN_POINT ( 'NONE',  ( -1.870113174931182636E-16, -1.527063293868263338, -6.734375000000000888 ) ) ;
#3516 = ORIENTED_EDGE ( 'NONE', *, *, #5502, .T. ) ;
#3517 = CARTESIAN_POINT ( 'NONE',  ( 0.000000000000000000, 1.175240473580835276, -0.7500000000000006661 ) ) ;
#3518 = CARTESIAN_POINT ( 'NONE',  ( -1.017788105676657784, 0.5876202367904177493, 6.833333333333332149 ) ) ;
#3519 = PLANE ( 'NONE',  #2756 ) ;
#3520 = CARTESIAN_POINT ( 'NONE',  ( -0.8660254037844451469, -1.499999999999988676, -6.291666666666670515 ) ) ;
#3521 = CARTESIAN_POINT ( 'NONE',  ( 0.000000000000000000, 1.175240473580835276, 1.812499999999998224 ) ) ;
#3522 = CARTESIAN_POINT ( 'NONE',  ( -1.439254484199189379E-16, -1.175240473580835276, -3.937500000000000888 ) ) ;
#3523 = DIRECTION ( 'NONE',  ( -0.000000000000000000, 6.173100338913050050E-57, -1.000000000000000000 ) ) ;
#3524 = CARTESIAN_POINT ( 'NONE',  ( -1.439254484199189379E-16, -1.175240473580835276, -5.500000000000001776 ) ) ;
#3525 = VECTOR ( 'NONE', #4978, 1000.000000000000000 ) ;
#3526 = CARTESIAN_POINT ( 'NONE',  ( -0.8816504037844382635, 1.527063293868263338, 1.588541666666665408 ) ) ;
#3527 = ORIENTED_EDGE ( 'NONE', *, *, #3594, .T. ) ;
#3528 = FACE_OUTER_BOUND ( 'NONE', #2413, .T. ) ;
#3529 = CARTESIAN_POINT ( 'NONE',  ( 1.732050807568877415, -3.181725716174720498E-16, -7.625000000000000888 ) ) ;
#3530 = EDGE_CURVE ( 'NONE', #3336, #6292, #5199, .T. ) ;
#3531 = CARTESIAN_POINT ( 'NONE',  ( 1.732050807568877193, -3.181725716174720005E-16, 2.437499999999998668 ) ) ;
#3532 = CARTESIAN_POINT ( 'NONE',  ( 1.357050807568876971, -2.492861891654333810E-16, -5.812500000000000888 ) ) ;
#3533 =( BOUNDED_CURVE ( )  B_SPLINE_CURVE ( 2, ( #1849, #2361, #5820, #3492, #4120, #1292, #4717 ),
 .UNSPECIFIED., .F., .T. ) 
 B_SPLINE_CURVE_WITH_KNOTS ( ( 3, 2, 2, 3 ),
 ( 0.5540540540540539460, 0.5585585585585585155, 0.5630630630630630851, 0.5675675675675675436 ),
 .UNSPECIFIED. ) 
 CURVE ( )  GEOMETRIC_REPRESENTATION_ITEM ( )  RATIONAL_B_SPLINE_CURVE ( ( 1.000000000000003331, 0.8660254037844353769, 1.000000000000000000, 0.8660254037844387076, 1.000000000000000000, 0.8660254037844387076, 1.000000000000000000 ) ) 
 REPRESENTATION_ITEM ( '' )  );
#3534 = DIRECTION ( 'NONE',  ( -0.000000000000000000, 6.173100338913050050E-57, -1.000000000000000000 ) ) ;
#3535 = CARTESIAN_POINT ( 'NONE',  ( -0.6785254037844383745, 1.175240473580835499, -10.14583333333333393 ) ) ;
#3536 = CARTESIAN_POINT ( 'NONE',  ( -1.017788105676657784, 0.5876202367904177493, 4.895833333333332149 ) ) ;
#3537 = ORIENTED_EDGE ( 'NONE', *, *, #1408, .T. ) ;
#3538 = CARTESIAN_POINT ( 'NONE',  ( 1.017788105676657562, -0.5876202367904181934, -7.416666666666667851 ) ) ;
#3539 = CARTESIAN_POINT ( 'NONE',  ( 1.049523301869557779, 0.5288582131113481744, 7.162499999999997868 ) ) ;
#3540 = CARTESIAN_POINT ( 'NONE',  ( 1.357050807568876749, -2.492861891654333810E-16, -0.3750000000000020539 ) ) ;
#3541 = CARTESIAN_POINT ( 'NONE',  ( 0.6785254037844392627, 1.175240473580835054, 3.270833333333332149 ) ) ;
#3542 = CARTESIAN_POINT ( 'NONE',  ( -1.322475605676657784, 0.7635316469341318912, -5.369791666666667851 ) ) ;
#3543 =( BOUNDED_CURVE ( )  B_SPLINE_CURVE ( 2, ( #2112, #6751, #7344, #3316, #6160, #2260, #2146 ),
 .UNSPECIFIED., .F., .T. ) 
 B_SPLINE_CURVE_WITH_KNOTS ( ( 3, 2, 2, 3 ),
 ( 0.9459459459459458319, 0.9504504504504502904, 0.9549549549549548599, 0.9594594594594593184 ),
 .UNSPECIFIED. ) 
 CURVE ( )  GEOMETRIC_REPRESENTATION_ITEM ( )  RATIONAL_B_SPLINE_CURVE ( ( 1.000000000000003331, 0.8660254037844352659, 1.000000000000000000, 0.8660254037844385966, 1.000000000000000000, 0.8660254037844419273, 0.9999999999999966693 ) ) 
 REPRESENTATION_ITEM ( '' )  );
#3544 = CARTESIAN_POINT ( 'NONE',  ( 0.8816504037844392627, 1.527063293868263116, -0.5260416666666677399 ) ) ;
#3545 = CARTESIAN_POINT ( 'NONE',  ( 0.6785254037844380415, -1.175240473580835499, -1.895833333333334370 ) ) ;
#3546 = ORIENTED_EDGE ( 'NONE', *, *, #5944, .T. ) ;
#3547 = CARTESIAN_POINT ( 'NONE',  ( 0.6785254037844380415, -1.175240473580835499, -7.958333333333334814 ) ) ;
#3548 = FACE_OUTER_BOUND ( 'NONE', #1917, .T. ) ;
#3549 = EDGE_CURVE ( 'NONE', #4954, #1718, #3199, .T. ) ;
#3550 = LINE ( 'NONE', #4319, #7245 ) ;
#3551 = CARTESIAN_POINT ( 'NONE',  ( 0.6785254037844380415, -1.175240473580835721, 7.041666666666666963 ) ) ;
#3552 = CARTESIAN_POINT ( 'NONE',  ( -0.8816504037844389297, -1.527063293868263116, -7.776041666666666963 ) ) ;
#3553 = ORIENTED_EDGE ( 'NONE', *, *, #6975, .F. ) ;
#3554 = CARTESIAN_POINT ( 'NONE',  ( -0.6785254037844383745, 1.175240473580835499, 5.291666666666665186 ) ) ;
#3555 = CARTESIAN_POINT ( 'NONE',  ( -0.8660254037844481445, -1.499999999999983569, 6.270833333333331261 ) ) ;
#3556 = CARTESIAN_POINT ( 'NONE',  ( -1.732050807568877193, 1.060575238724906792E-16, -6.812500000000000000 ) ) ;
#3557 = CARTESIAN_POINT ( 'NONE',  ( -1.439254484199189379E-16, -1.175240473580835276, 3.062499999999999112 ) ) ;
#3558 = CARTESIAN_POINT ( 'NONE',  ( -1.357050807568876971, 8.309539638847778957E-17, -3.062500000000000888 ) ) ;
#3559 = CYLINDRICAL_SURFACE ( 'NONE', #4299, 1.499999999999999778 ) ;
#3560 = CARTESIAN_POINT ( 'NONE',  ( -0.6785254037844388186, -1.175240473580835276, -1.541666666666668739 ) ) ;
#3561 = CARTESIAN_POINT ( 'NONE',  ( 1.322475605676658450, 0.7635316469341306700, 0.9635416666666646313 ) ) ;
#3562 = ORIENTED_EDGE ( 'NONE', *, *, #3325, .T. ) ;
#3563 = CARTESIAN_POINT ( 'NONE',  ( -1.017788105676658006, -0.5876202367904174162, -9.520833333333333925 ) ) ;
#3564 = CARTESIAN_POINT ( 'NONE',  ( -1.249999999999999778, -0.2534697143641934103, 10.19837115155287854 ) ) ;
#3565 = CARTESIAN_POINT ( 'NONE',  ( -0.8660254037844383745, 1.499999999999999778, -8.895833333333333925 ) ) ;
#3566 = CARTESIAN_POINT ( 'NONE',  ( -1.017788105676658006, -0.5876202367904174162, -5.520833333333333925 ) ) ;
#3567 = DIRECTION ( 'NONE',  ( -0.000000000000000000, 6.173100338913050050E-57, -1.000000000000000000 ) ) ;
#3568 = CARTESIAN_POINT ( 'NONE',  ( 1.299038105676657118, -0.7500000000000004441, -0.1666666666666674346 ) ) ;
#3569 = CARTESIAN_POINT ( 'NONE',  ( 0.000000000000000000, 1.774532674431221994E-16, 6.483974596215550612 ) ) ;
#3570 = CARTESIAN_POINT ( 'NONE',  ( 0.000000000000000000, 1.175240473580835276, -10.18750000000000000 ) ) ;
#3571 = CARTESIAN_POINT ( 'NONE',  ( -1.017788105676658006, -0.5876202367904174162, 4.979166666666664298 ) ) ;
#3572 = VERTEX_POINT ( 'NONE', #5440 ) ;
#3573 =( BOUNDED_CURVE ( )  B_SPLINE_CURVE ( 2, ( #6564, #5287, #104, #2040, #323, #6910, #4631 ),
 .UNSPECIFIED., .F., .F. ) 
 B_SPLINE_CURVE_WITH_KNOTS ( ( 3, 2, 2, 3 ),
 ( 0.2702702702702702853, 0.2747747747747747993, 0.2792792792792792578, 0.2837837837837837718 ),
 .UNSPECIFIED. ) 
 CURVE ( )  GEOMETRIC_REPRESENTATION_ITEM ( )  RATIONAL_B_SPLINE_CURVE ( ( 1.000000000000000000, 0.8660254037844385966, 1.000000000000000000, 0.8660254037844385966, 1.000000000000000000, 0.8660254037844385966, 1.000000000000000000 ) ) 
 REPRESENTATION_ITEM ( '' )  );
#3574 = CARTESIAN_POINT ( 'NONE',  ( -1.439254484199189379E-16, -1.175240473580835276, -5.000000000000000888 ) ) ;
#3575 = CARTESIAN_POINT ( 'NONE',  ( -1.836970198721029441E-16, -1.499999999999999778, -1.187500000000001110 ) ) ;
#3576 = CARTESIAN_POINT ( 'NONE',  ( 1.017788105676658228, 0.5876202367904167501, 0.6666666666666660745 ) ) ;
#3577 = CARTESIAN_POINT ( 'NONE',  ( -1.017788105676658006, -0.5876202367904174162, 2.479166666666666075 ) ) ;
#3578 = CARTESIAN_POINT ( 'NONE',  ( -0.8816504037844389297, -1.527063293868263116, -3.744791666666667851 ) ) ;
#3579 = CARTESIAN_POINT ( 'NONE',  ( -1.322475605676657784, -0.7635316469341314471, 0.6822916666666660745 ) ) ;
#3580 = CARTESIAN_POINT ( 'NONE',  ( -1.017788105676657784, 0.5876202367904177493, -2.104166666666667407 ) ) ;
#3581 = ORIENTED_EDGE ( 'NONE', *, *, #5354, .T. ) ;
#3582 = CARTESIAN_POINT ( 'NONE',  ( -0.6785254037844383745, 1.175240473580835499, 0.7916666666666662966 ) ) ;
#3583 = CARTESIAN_POINT ( 'NONE',  ( -1.357050807568876749, 8.309539638847778957E-17, -9.625000000000001776 ) ) ;
#3584 = LINE ( 'NONE', #1241, #897 ) ;
#3585 = CYLINDRICAL_SURFACE ( 'NONE', #5364, 1.499999999999999778 ) ;
#3586 = CARTESIAN_POINT ( 'NONE',  ( 0.6785254037844380415, -1.175240473580835721, 6.541666666666665186 ) ) ;
#3587 = CARTESIAN_POINT ( 'NONE',  ( 1.322475605676657340, -0.7635316469341323353, -7.151041666666667851 ) ) ;
#3588 = ORIENTED_EDGE ( 'NONE', *, *, #5641, .F. ) ;
#3589 = CARTESIAN_POINT ( 'NONE',  ( 1.017788105676657562, -0.5876202367904181934, -0.9166666666666680729 ) ) ;
#3590 = VECTOR ( 'NONE', #6268, 1000.000000000000000 ) ;
#3591 = CARTESIAN_POINT ( 'NONE',  ( 1.357050807568876971, -2.492861891654333810E-16, 7.124999999999997335 ) ) ;
#3592 = DIRECTION ( 'NONE',  ( 0.000000000000000000, 1.000000000000000000, 0.000000000000000000 ) ) ;
#3593 = CARTESIAN_POINT ( 'NONE',  ( -1.836970198721029441E-16, -1.499999999999999778, -0.1875000000000018874 ) ) ;
#3594 = EDGE_CURVE ( 'NONE', #1756, #6399, #2689, .T. ) ;
#3595 = CARTESIAN_POINT ( 'NONE',  ( -0.6785254037844388186, -1.175240473580835276, 1.520833333333332371 ) ) ;
#3596 = CARTESIAN_POINT ( 'NONE',  ( 0.6785254037844380415, -1.175240473580835721, -2.395833333333334814 ) ) ;
#3597 = LINE ( 'NONE', #268, #1331 ) ;
#3598 = CARTESIAN_POINT ( 'NONE',  ( -0.6785254037844383745, 1.175240473580835499, -1.708333333333334370 ) ) ;
#3599 = CARTESIAN_POINT ( 'NONE',  ( -0.8816504037844382635, 1.527063293868263338, 4.088541666666666075 ) ) ;
#3600 = ORIENTED_EDGE ( 'NONE', *, *, #876, .F. ) ;
#3601 = CARTESIAN_POINT ( 'NONE',  ( 0.000000000000000000, 1.499999999999999556, -0.5000000000000005551 ) ) ;
#3602 = CARTESIAN_POINT ( 'NONE',  ( -1.836970198721029441E-16, -1.499999999999999778, 1.312499999999997780 ) ) ;
#3603 = CARTESIAN_POINT ( 'NONE',  ( -0.8660254037844320463, 1.500000000000010214, 2.104166666666665186 ) ) ;
#3604 = CIRCLE ( 'NONE', #5608, 1.499999999999999556 ) ;
#3605 = EDGE_CURVE ( 'NONE', #3410, #1600, #6544, .T. ) ;
#3606 = CARTESIAN_POINT ( 'NONE',  ( 1.017788105676658228, 0.5876202367904167501, -6.270833333333333925 ) ) ;
#3607 = CARTESIAN_POINT ( 'NONE',  ( 0.6785254037844392627, 1.175240473580835054, -9.291666666666666075 ) ) ;
#3608 = CARTESIAN_POINT ( 'NONE',  ( 0.8660254037844378194, -1.500000000000000000, 1.854166666666665408 ) ) ;
#3609 = CARTESIAN_POINT ( 'NONE',  ( -1.017788105676658006, -0.5876202367904174162, -9.520833333333333925 ) ) ;
#3610 = CARTESIAN_POINT ( 'NONE',  ( -1.357050807568876749, 8.309539638847778957E-17, 3.937499999999998224 ) ) ;
#3611 = ORIENTED_EDGE ( 'NONE', *, *, #912, .F. ) ;
#3612 = CARTESIAN_POINT ( 'NONE',  ( 1.017788105676658228, 0.5876202367904167501, -6.333333333333333925 ) ) ;
#3613 = CARTESIAN_POINT ( 'NONE',  ( -0.6785254037844388186, -1.175240473580835054, 0.4583333333333314275 ) ) ;
#3614 = CARTESIAN_POINT ( 'NONE',  ( -1.439254484199189379E-16, -1.175240473580835276, 7.062499999999997335 ) ) ;
#3615 = CARTESIAN_POINT ( 'NONE',  ( 1.322475605676658450, 0.7635316469341306700, -5.536458333333333925 ) ) ;
#3616 = CARTESIAN_POINT ( 'NONE',  ( 0.000000000000000000, 1.527063293868263338, 1.015624999999999112 ) ) ;
#3617 = CARTESIAN_POINT ( 'NONE',  ( 1.017788105676657562, -0.5876202367904181934, -3.854166666666667851 ) ) ;
#3618 = VERTEX_POINT ( 'NONE', #3296 ) ;
#3619 = CARTESIAN_POINT ( 'NONE',  ( -1.357050807568876971, 8.309539638847778957E-17, 0.8749999999999990008 ) ) ;
#3620 = CARTESIAN_POINT ( 'NONE',  ( -0.6785254037844382635, 1.175240473580835276, -9.208333333333333925 ) ) ;
#3621 = EDGE_CURVE ( 'NONE', #411, #4640, #1702, .T. ) ;
#3622 = CARTESIAN_POINT ( 'NONE',  ( -0.6785254037844383745, 1.175240473580835499, 4.791666666666665186 ) ) ;
#3623 = CARTESIAN_POINT ( 'NONE',  ( -0.8816504037844382635, 1.527063293868263338, -5.942708333333333925 ) ) ;
#3624 = ORIENTED_EDGE ( 'NONE', *, *, #1043, .T. ) ;
#3625 = CARTESIAN_POINT ( 'NONE',  ( -0.6785254037844383745, 1.175240473580835499, -0.7083333333333350357 ) ) ;
#3626 = CARTESIAN_POINT ( 'NONE',  ( 0.6785254037844392627, 1.175240473580835054, 7.208333333333332149 ) ) ;
#3627 = CARTESIAN_POINT ( 'NONE',  ( -1.836970198721029441E-16, -1.499999999999999778, -6.187500000000000888 ) ) ;
#3628 = LINE ( 'NONE', #5848, #2102 ) ;
#3629 = CARTESIAN_POINT ( 'NONE',  ( -1.357050807568876971, 8.309539638847778957E-17, 4.437499999999998224 ) ) ;
#3630 = CARTESIAN_POINT ( 'NONE',  ( -1.017788105676658006, -0.5876202367904174162, -2.520833333333334814 ) ) ;
#3631 = CARTESIAN_POINT ( 'NONE',  ( 0.000000000000000000, 1.296351071171740261E-55, -10.49999999999999822 ) ) ;
#3632 = ORIENTED_EDGE ( 'NONE', *, *, #5672, .T. ) ;
#3633 = CARTESIAN_POINT ( 'NONE',  ( -0.6785254037844383745, 1.175240473580835499, -1.208333333333333925 ) ) ;
#3634 = CARTESIAN_POINT ( 'NONE',  ( -1.322475605676657784, 0.7635316469341318912, 2.630208333333331705 ) ) ;
#3635 = VERTEX_POINT ( 'NONE', #1613 ) ;
#3636 = CARTESIAN_POINT ( 'NONE',  ( -0.6785254037844382635, 1.175240473580835276, -8.645833333333335702 ) ) ;
#3637 = CARTESIAN_POINT ( 'NONE',  ( 1.732050807568877415, -3.181725716174720498E-16, 4.875000000000000000 ) ) ;
#3638 = DIRECTION ( 'NONE',  ( 0.000000000000000000, 1.000000000000000000, 0.000000000000000000 ) ) ;
#3639 = CARTESIAN_POINT ( 'NONE',  ( 1.017788105676658228, 0.5876202367904167501, -2.770833333333335258 ) ) ;
#3640 = CARTESIAN_POINT ( 'NONE',  ( 0.6785254037844392627, 1.175240473580835054, -10.29166666666666785 ) ) ;
#3641 = DIRECTION ( 'NONE',  ( 0.000000000000000000, 1.000000000000000000, 6.173100338913050050E-57 ) ) ;
#3642 = EDGE_CURVE ( 'NONE', #4812, #570, #4484, .T. ) ;
#3643 = CARTESIAN_POINT ( 'NONE',  ( -1.017788105676658006, -0.5876202367904174162, -7.020833333333333925 ) ) ;
#3644 = CARTESIAN_POINT ( 'NONE',  ( 1.017788105676658228, 0.5876202367904167501, 5.229166666666665186 ) ) ;
#3645 = CARTESIAN_POINT ( 'NONE',  ( 0.000000000000000000, 1.296351071171740261E-55, -10.49999999999999822 ) ) ;
#3646 = CARTESIAN_POINT ( 'NONE',  ( -1.299038105676657784, 0.7500000000000001110, -1.354166666666668517 ) ) ;
#3647 = CARTESIAN_POINT ( 'NONE',  ( -1.017788105676657784, 0.5876202367904177493, 1.333333333333332149 ) ) ;
#3648 = CARTESIAN_POINT ( 'NONE',  ( -1.017788105676658006, -0.5876202367904174162, 6.479166666666666075 ) ) ;
#3649 = CARTESIAN_POINT ( 'NONE',  ( -1.299038105676657784, -0.7499999999999995559, -6.270833333333334814 ) ) ;
#3650 = CARTESIAN_POINT ( 'NONE',  ( 0.000000000000000000, 1.527063293868263338, -5.953125000000000888 ) ) ;
#3651 = CARTESIAN_POINT ( 'NONE',  ( -0.8816504037844389297, -1.527063293868263116, 1.723958333333332593 ) ) ;
#3652 = CARTESIAN_POINT ( 'NONE',  ( 1.017788105676658228, 0.5876202367904167501, -2.770833333333335258 ) ) ;
#3653 = EDGE_LOOP ( 'NONE', ( #906, #1487, #3562, #2512 ) ) ;
#3654 = CARTESIAN_POINT ( 'NONE',  ( -0.6785254037844382635, 1.175240473580835276, -7.208333333333333925 ) ) ;
#3655 = CARTESIAN_POINT ( 'NONE',  ( -1.836970198721029441E-16, -1.499999999999999556, -1.750000000000001554 ) ) ;
#3656 = CARTESIAN_POINT ( 'NONE',  ( 0.6785254037844392627, 1.175240473580835054, 5.708333333333330373 ) ) ;
#3657 = CARTESIAN_POINT ( 'NONE',  ( -1.763300807568876971, 1.079710344961584035E-16, -6.359375000000000000 ) ) ;
#3658 = ORIENTED_EDGE ( 'NONE', *, *, #2867, .F. ) ;
#3659 = CARTESIAN_POINT ( 'NONE',  ( -0.6785254037844388186, -1.175240473580835276, -0.5416666666666677399 ) ) ;
#3660 = CARTESIAN_POINT ( 'NONE',  ( 0.6785254037844380415, -1.175240473580835721, 6.041666666666665186 ) ) ;
#3661 = CARTESIAN_POINT ( 'NONE',  ( 0.8660254037844256070, -1.500000000000021760, -2.145833333333336590 ) ) ;
#3662 = CARTESIAN_POINT ( 'NONE',  ( -0.6785254037844383745, 1.175240473580835499, 4.354166666666666075 ) ) ;
#3663 = CARTESIAN_POINT ( 'NONE',  ( -1.017788105676657784, 0.5876202367904177493, -1.104166666666668295 ) ) ;
#3664 = DIRECTION ( 'NONE',  ( 0.000000000000000000, 1.000000000000000000, 0.000000000000000000 ) ) ;
#3665 = ORIENTED_EDGE ( 'NONE', *, *, #1752, .F. ) ;
#3666 = CARTESIAN_POINT ( 'NONE',  ( 0.6785254037844380415, -1.175240473580835721, -1.958333333333334592 ) ) ;
#3667 = CARTESIAN_POINT ( 'NONE',  ( -0.8816504037844382635, 1.527063293868263338, 3.588541666666665186 ) ) ;
#3668 = ORIENTED_EDGE ( 'NONE', *, *, #6262, .F. ) ;
#3669 = CARTESIAN_POINT ( 'NONE',  ( -1.439254484199189379E-16, -1.175240473580835276, -8.437500000000000000 ) ) ;
#3670 = CARTESIAN_POINT ( 'NONE',  ( 1.299038105676658672, 0.7499999999999987788, -8.020833333333333925 ) ) ;
#3671 = PLANE ( 'NONE',  #6239 ) ;
#3672 = CARTESIAN_POINT ( 'NONE',  ( 0.000000000000000000, 1.175240473580835276, -3.187500000000000888 ) ) ;
#3673 = CARTESIAN_POINT ( 'NONE',  ( -1.017788105676657784, 0.5876202367904177493, -9.666666666666667851 ) ) ;
#3674 = CARTESIAN_POINT ( 'NONE',  ( -0.6785254037844388186, -1.175240473580835276, -6.479166666666667851 ) ) ;
#3675 = LINE ( 'NONE', #838, #5371 ) ;
#3676 = CARTESIAN_POINT ( 'NONE',  ( -0.8660254037844389297, -1.499999999999999334, -8.291666666666669627 ) ) ;
#3677 = CARTESIAN_POINT ( 'NONE',  ( 1.250000000000000000, 0.2504277741562464521, 10.21792074892027458 ) ) ;
#3678 = ADVANCED_FACE ( 'NONE', ( #6142 ), #1505, .T. ) ;
#3679 = CARTESIAN_POINT ( 'NONE',  ( 1.017788105676658228, 0.5876202367904167501, 1.666666666666665186 ) ) ;
#3680 = CARTESIAN_POINT ( 'NONE',  ( 0.000000000000000000, 1.175240473580835276, 6.312499999999997335 ) ) ;
#3681 = CARTESIAN_POINT ( 'NONE',  ( 1.256809520829725413, -0.1020286065173317547, -10.42502670145827537 ) ) ;
#3682 = CARTESIAN_POINT ( 'NONE',  ( 0.000000000000000000, 1.527063293868263338, -1.453125000000001332 ) ) ;
#3683 = CARTESIAN_POINT ( 'NONE',  ( 1.322475605676658450, 0.7635316469341306700, 4.432291666666666075 ) ) ;
#3684 = VERTEX_POINT ( 'NONE', #306 ) ;
#3685 = CARTESIAN_POINT ( 'NONE',  ( 0.6785254037844391517, 1.175240473580835054, -0.2291666666666674623 ) ) ;
#3686 = ORIENTED_EDGE ( 'NONE', *, *, #4374, .F. ) ;
#3687 = CARTESIAN_POINT ( 'NONE',  ( -1.017788105676658006, -0.5876202367904174162, -6.083333333333334814 ) ) ;
#3688 = ADVANCED_FACE ( 'NONE', ( #6033 ), #3182, .T. ) ;
#3689 =( BOUNDED_CURVE ( )  B_SPLINE_CURVE ( 2, ( #4054, #1862, #4201, #3503, #4731, #6970, #5755 ),
 .UNSPECIFIED., .F., .T. ) 
 B_SPLINE_CURVE_WITH_KNOTS ( ( 3, 2, 2, 3 ),
 ( 0.5270270270270270840, 0.5315315315315316536, 0.5360360360360361121, 0.5405405405405405705 ),
 .UNSPECIFIED. ) 
 CURVE ( )  GEOMETRIC_REPRESENTATION_ITEM ( )  RATIONAL_B_SPLINE_CURVE ( ( 0.9999999999999966693, 0.8660254037844420383, 1.000000000000000000, 0.8660254037844387076, 1.000000000000000000, 0.8660254037844387076, 1.000000000000000000 ) ) 
 REPRESENTATION_ITEM ( '' )  );
#3690 = VECTOR ( 'NONE', #3372, 1000.000000000000000 ) ;
#3691 = DIRECTION ( 'NONE',  ( 0.000000000000000000, 1.000000000000000000, 0.000000000000000000 ) ) ;
#3692 = CARTESIAN_POINT ( 'NONE',  ( 1.357050807568876971, -2.492861891654333810E-16, 4.624999999999999112 ) ) ;
#3693 = CARTESIAN_POINT ( 'NONE',  ( -0.8816504037844389297, -1.527063293868263116, -3.776041666666666963 ) ) ;
#3694 = ORIENTED_EDGE ( 'NONE', *, *, #7024, .T. ) ;
#3695 = CARTESIAN_POINT ( 'NONE',  ( -1.439254484199189379E-16, -1.175240473580835276, -0.5000000000000004441 ) ) ;
#3696 = CARTESIAN_POINT ( 'NONE',  ( -1.299038105676657562, -0.7499999999999994449, -0.3333333333333348691 ) ) ;
#3697 = CARTESIAN_POINT ( 'NONE',  ( -1.017788105676657784, 0.5876202367904177493, 4.395833333333331261 ) ) ;
#3698 = EDGE_CURVE ( 'NONE', #3174, #4954, #3052, .T. ) ;
#3699 = CARTESIAN_POINT ( 'NONE',  ( 1.357050807568876971, -2.492861891654333810E-16, -2.812500000000000888 ) ) ;
#3700 = LINE ( 'NONE', #1539, #247 ) ;
#3701 = CARTESIAN_POINT ( 'NONE',  ( 0.6785254037844380415, -1.175240473580835721, -2.958333333333334370 ) ) ;
#3702 = CARTESIAN_POINT ( 'NONE',  ( 1.322475605676657340, -0.7635316469341323353, 3.380208333333332149 ) ) ;
#3703 = VECTOR ( 'NONE', #5584, 1000.000000000000000 ) ;
#3704 = EDGE_LOOP ( 'NONE', ( #5410, #1544, #3725, #1580, #4661 ) ) ;
#3705 = CARTESIAN_POINT ( 'NONE',  ( 0.6785254037844380415, -1.175240473580835499, -7.895833333333334814 ) ) ;
#3706 = CARTESIAN_POINT ( 'NONE',  ( 0.000000000000000000, 1.499999999999999778, -5.437500000000001776 ) ) ;
#3707 = DIRECTION ( 'NONE',  ( 0.000000000000000000, 1.000000000000000000, 0.000000000000000000 ) ) ;
#3708 = CARTESIAN_POINT ( 'NONE',  ( -1.017788105676657784, 0.5876202367904177493, -2.604166666666667851 ) ) ;
#3709 = VECTOR ( 'NONE', #5265, 1000.000000000000000 ) ;
#3710 = CARTESIAN_POINT ( 'NONE',  ( 0.6785254037844380415, -1.175240473580835721, -8.958333333333333925 ) ) ;
#3711 = CARTESIAN_POINT ( 'NONE',  ( -0.6785254037844383745, 1.175240473580835499, -6.145833333333333925 ) ) ;
#3712 = AXIS2_PLACEMENT_3D ( 'NONE', #516, #2185, #2786 ) ;
#3713 = CARTESIAN_POINT ( 'NONE',  ( 1.732050807568877193, -3.181725716174720005E-16, 4.937499999999999112 ) ) ;
#3714 = CARTESIAN_POINT ( 'NONE',  ( -0.6785254037844388186, -1.175240473580835276, 1.458333333333332371 ) ) ;
#3715 = CARTESIAN_POINT ( 'NONE',  ( 0.000000000000000000, 1.499999999999999778, -8.437500000000000000 ) ) ;
#3716 = CARTESIAN_POINT ( 'NONE',  ( -1.299038105676657562, 0.7500000000000000000, 0.5833333333333314830 ) ) ;
#3717 = AXIS2_PLACEMENT_3D ( 'NONE', #5947, #2010, #4285 ) ;
#3718 = CARTESIAN_POINT ( 'NONE',  ( -1.439254484199189379E-16, -1.175240473580835276, 2.999999999999999112 ) ) ;
#3719 = CARTESIAN_POINT ( 'NONE',  ( -0.6785254037844388186, -1.175240473580835276, 7.020833333333332149 ) ) ;
#3720 =( BOUNDED_CURVE ( )  B_SPLINE_CURVE ( 2, ( #6930, #5713, #4722, #3460, #2896, #867, #735 ),
 .UNSPECIFIED., .F., .F. ) 
 B_SPLINE_CURVE_WITH_KNOTS ( ( 3, 2, 2, 3 ),
 ( 0.1756756756756756577, 0.1801801801801802272, 0.1846846846846847134, 0.1891891891891891719 ),
 .UNSPECIFIED. ) 
 CURVE ( )  GEOMETRIC_REPRESENTATION_ITEM ( )  RATIONAL_B_SPLINE_CURVE ( ( 1.000000000000000000, 0.8660254037844387076, 1.000000000000000000, 0.8660254037844387076, 1.000000000000000000, 0.8660254037844378194, 1.000000000000000888 ) ) 
 REPRESENTATION_ITEM ( '' )  );
#3721 = LINE ( 'NONE', #5804, #5946 ) ;
#3722 = CARTESIAN_POINT ( 'NONE',  ( 1.220666826871194433, 0.3897850095641450241, -10.40451751432893346 ) ) ;
#3723 = CARTESIAN_POINT ( 'NONE',  ( -1.870113174931182636E-16, -1.527063293868263338, -2.703125000000000888 ) ) ;
#3724 = CARTESIAN_POINT ( 'NONE',  ( 1.322475605676657340, -0.7635316469341323353, 2.848958333333331705 ) ) ;
#3725 = ORIENTED_EDGE ( 'NONE', *, *, #6481, .T. ) ;
#3726 = ADVANCED_FACE ( 'NONE', ( #7170 ), #7243, .T. ) ;
#3727 = CARTESIAN_POINT ( 'NONE',  ( 0.6785254037844391517, 1.175240473580835054, 0.2708333333333329818 ) ) ;
#3728 = EDGE_LOOP ( 'NONE', ( #3694, #3356, #5312, #1387 ) ) ;
#3729 = CARTESIAN_POINT ( 'NONE',  ( 0.6785254037844380415, -1.175240473580835499, -5.458333333333333925 ) ) ;
#3730 = CARTESIAN_POINT ( 'NONE',  ( 0.6785254037844392627, 1.175240473580835054, -3.291666666666667407 ) ) ;
#3731 = CARTESIAN_POINT ( 'NONE',  ( 1.299038105676658672, 0.7499999999999987788, -0.02083333333333451526 ) ) ;
#3732 = CARTESIAN_POINT ( 'NONE',  ( 0.6785254037844392627, 1.175240473580835054, 7.708333333333333037 ) ) ;
#3733 = CARTESIAN_POINT ( 'NONE',  ( -1.322475605676657784, 0.7635316469341318912, -4.901041666666666963 ) ) ;
#3734 = EDGE_CURVE ( 'NONE', #2604, #4034, #5547, .T. ) ;
#3735 = ORIENTED_EDGE ( 'NONE', *, *, #3402, .T. ) ;
#3736 =( BOUNDED_SURFACE ( )  B_SPLINE_SURFACE ( 1, 2, ( 
 ( #6009, #841, #2634, #919, #4908, #7150, #4352, #6597, #3792, #6047, #957, #3237, #2668, #7182, #1555, #4007, #550, #5642, #2702, #2855, #2256, #1033, #19, #3868, #6118, #1181, #1149, #6820, #3902, #2781, #1742, #6706, #3454, #6785, #5127, #432, #6156, #3312, #3422, #5094, #4979, #583, #5603, #2738, #5676, #2182, #7219, #1111, #6191, #4501, #5561, #6265, #2294, #7338, #2142, #1070, #6747, #4425, #5058, #6671, #1591, #4461, #4577, #1628, #469, #5018, #3937, #7259, #3350, #513, #7298, #3389, #4538, #2221, #3975, #1668, #2820, #1710, #6230, #6447, #2483, #5232, #6338, #4085, #51, #6927, #6888, #5710, #4159, #3040, #2967, #6997, #86, #6298, #1221, #121, #2403, #694, #2927, #1814, #6412, #617, #2327, #2363, #5745, #201, #3606, #5196, #2892, #3493, #4648, #4683, #4612, #654, #1852, #1258, #1294, #3532, #5783, #6852, #4122, #768, #5306, #6377, #3566, #5822, #1368, #1330, #4761, #729, #1921, #5161, #4195, #3005, #1775, #5268, #162, #4041, #1888, #2444, #4719, #6962, #5859, #1511, #3749, #1955, #3113, #275, #7070, #2590, #6040, #5929, #6478, #313, #2556, #5341, #7176, #948, #4227, #2625, #4831, #5380, #348, #2064, #1400, #4902, #388, #6511, #4266, #6552, #1992, #7144, #833, #4865, #3152, #3228, #1434, #4347, #239, #5447, #3672, #873, #4937, #2027, #2101, #2517, #6589, #6625, #4305, #4383, #3639, #5893, #4796, #800, #3708, #5966, #5413, #5484, #7101, #7035, #2663, #3785, #1473, #3079, #6003, #910, #3189, #5009, #7251, #502, #2732, #2810, #4492, #2772, #6111, #6183, #1584, #2174, #4418, #5553, #5119, #4453, #6699, #5048, #2134, #2847, #3342, #574, #6661, #4529, #3861, #7289, #1621, #462, #425, #3966, #3895, #1026, #7330, #6220, #2214, #3303, #3929, #6148, #4568, #6738, #1659, #1062, #1102, #5592, #3381, #5633, #540, #3265, #5086, #3822, #2246, #1139, #8, #6775, #1701, #6076, #3414, #5668, #2283, #1548, #4971, #7210, #989, #5519, #2695, #2918, #1801, #5849, #5736, #190, #5812, #4149, #2474, #5187, #2318, #152, #5153, #719, #6811, #606, #3446, #644, #1766, #5703, #4673, #6290, #1734, #3595, #4032, #2435, #1209, #6255, #110, #5222, #3521, #2883, #758, #4710, #6367, #1172, #77, #5774, #44, #4075, #4603, #5296, #3483, #6953, #2355, #6403, #6844, #2956, #4638, #1878, #6877, #6330, #2391, #1285, #1250, #2992, #1320, #684, #1841, #4112, #3557, #3030, #5259, #5368, #3102, #6436, #5953, #5918, #4750, #3177, #2054, #1981, #6028, #6469, #5330, #227, #6502, #1423, #7058, #1944, #823, #5435, #6988, #1357, #1390, #4785, #6577, #2613, #4216, #1910, #2506, #3662, #3697, #3629, #7023, #862, #264, #301, #2544, #4820, #5882, #4255, #7131, #4335, #5402, #3141, #2579, #375, #337, #1499, #4856, #3772, #5472, #936, #7090, #3216, #2016, #4291, #4183, #898, #6538, #1462, #789, #3738, #4891, #5992, #3067, #2123, #6648, #6101, #1608, #5077, #4962, #5506, #6687, #1572, #4371, #6209, #7317, #3253, #1647, #3849, #4405, #6725, #1089, #413, #3918, #6766, #7276, #2650, #2798, #450, #7198, #2236, #3885, #1014, #5036, #3291, #5659, #3329, #6138, #5543, #2759, #2683, #1051, #5580, #6173, #6612, #2719, #4927, #7237, #4518, #1128, #2200, #487 ),
 ( #4996, #3405, #3368, #1689, #7165, #2162, #4442, #5621, #978, #529, #2090, #3810, #1537, #4479, #3955, #6065, #1679, #3321, #6095, #593, #1044, #6717, #4471, #6758, #2190, #7349, #5571, #521, #3360, #6240, #6130, #5105, #5537, #5652, #3878, #1080, #5138, #2230, #29, #2711, #559, #6830, #4512, #2302, #3841, #1007, #4988, #4587, #4435, #5029, #2749, #3432, #2792, #7229, #1158, #2266, #6679, #5687, #2865, #2151, #3281, #7269, #1638, #5069, #3912, #4549, #3946, #7309, #479, #1121, #6165, #5615, #1601, #6202, #441, #3398, #2830, #6795, #1719, #3985, #3538, #775, #4622, #4730, #6860, #2974, #6898, #664, #628, #4166, #1824, #1231, #171, #1784, #4692, #2336, #93, #3465, #2936, #6418, #1338, #2414, #5754, #5790, #4768, #6969, #3612, #3502, #5867, #2489, #3050, #4053, #5313, #4094, #6309, #210, #5276, #6346, #5203, #5718, #2371, #1894, #1861, #60, #4654, #1266, #701, #5241, #1751, #131, #6934, #4130, #6385, #2901, #4015, #6276, #1301, #740, #3574, #5829, #3012, #2454, #1191, #5170, #5900, #918, #5935, #3974, #1851, #2854, #4576, #2891, #799, #6551, #4346, #7034, #6624, #4528, #6737, #501, #947, #3302, #6698, #3227, #3341, #387, #2662, #7209, #3821, #2213, #1284, #6254, #683, #5118, #6918, #643, #2434, #2282, #968, #3730, #4399, #1008, #891, #929, #6495, #331, #3282, #366, #442, #7310, #1602, #2866, #1680, #2191, #2303, #4588, #3466, #1639, #5792, #2373, #2976, #1896, #6562, #3196, #4838, #3793, #958, #3122, #2108, #5020, #1034, #2856, #3423, #7260, #5527, #2782, #7339, #5677, #4086, #5784, #730, #4043, #1222, #5233, #122, #4684, #163, #2170, #6216, #1616, #7284, #4564, #5699, #2386, #223, #6327, #3589, #5732, #1353, #714, #3517, #3625, #5183, #2350, #148, #3659, #3695, #4888, #5915, #3139, #5988, #4331, #6576, #3213, #5470, #372, #2649, #4925, #7164, #6063, #2088, #1569, #5577, #6722, #3917, #2797, #6763, #1126, #2271, #1163, #4739, #4021, #2342, #140, #1791, #1348, #6978, #3582, #3021, #3619, #4246, #1454, #3132, #7013, #6517, #1372, #1440, #3084, #1961, #209, #4802, #3048, #4767, #3714, #244, #5971, #7003, #6558, #1927, #5347, #2525, #839, #879, #3157, #5419, #318, #7109, #2033, #4313, #6773, #2210, #3234, #2243, #6840, #1731, #7286, #3378, #5629, #5083, #571, #4029, #3926, #4489, #5665, #537, #5489, #5184, #6287, #6734, #604, #2807, #7326, #5700, #41, #1655, #2880, #5733, #6252, #1518, #1763, #1698, #6181, #4600, #4525, #4635, #2279, #5, #2843, #4943, #5150, #4565, #5115, #3963, #1169, #6217, #1134, #6808, #3996, #74, #3443, #2315, #1206, #3480, #2915, #640, #2351, #3790, #6045, #954, #394, #4707, #5808, #5770, #1941, #6950, #6364, #5328, #4214, #756, #1281, #1909, #5256, #2542, #187, #3027, #3554, #6986, #2388, #5292, #2471, #5880, #1247, #2431, #1799, #4146, #6466, #3100, #4181, #4747, #4072, #1388, #1354, #108, #3660, #2953, #5218, #262, #225, #5916, #2990, #1875, #821, #715, #6874, #787, #5365, #6328, #149, #4670, #2504, #6915, #3065, #3518, #680, #1838, #6400, #4109, #1317, #6433, #3591, #5846, #3626, #4783, #7021, #7315, #5657, #1086, #5692, #7274, #6765, #1687, #2308, #2198, #3990, #6685 ) ),
 .UNSPECIFIED., .F., .F., .T. ) 
 B_SPLINE_SURFACE_WITH_KNOTS ( ( 2, 2 ),
 ( 3, 2, 2, 2, 2, 2, 2, 2, 2, 2, 2, 2, 2, 2, 2, 2, 2, 2, 2, 2, 2, 2, 2, 2, 2, 2, 2, 2, 2, 2, 2, 2, 2, 2, 2, 2, 2, 2, 2, 2, 2, 2, 2, 2, 2, 2, 2, 2, 2, 2, 2, 2, 2, 2, 2, 2, 2, 2, 2, 2, 2, 2, 2, 2, 2, 2, 2, 2, 2, 2, 2, 2, 2, 2, 2, 2, 2, 2, 2, 2, 2, 2, 2, 2, 2, 2, 2, 2, 2, 2, 2, 2, 2, 2, 2, 2, 2, 2, 2, 2, 2, 2, 2, 2, 2, 2, 2, 2, 2, 2, 2, 2, 2, 2, 2, 2, 2, 2, 2, 2, 2, 2, 2, 2, 2, 2, 2, 2, 2, 2, 2, 2, 2, 2, 2, 2, 2, 2, 2, 2, 2, 2, 2, 2, 2, 2, 2, 2, 2, 2, 2, 2, 2, 2, 2, 2, 2, 2, 2, 2, 2, 2, 2, 2, 2, 2, 2, 2, 2, 2, 2, 2, 2, 2, 2, 2, 2, 2, 2, 2, 2, 2, 2, 2, 2, 2, 2, 2, 2, 2, 2, 2, 2, 2, 2, 2, 2, 2, 2, 2, 2, 2, 2, 2, 2, 2, 2, 2, 2, 2, 2, 2, 2, 2, 2, 2, 2, 2, 2, 2, 2, 2, 3 ),
 ( 0.000000000000000000, 1.000000000000000000 ),
 ( 0.000000000000000000, 0.004504504504504504465, 0.009009009009009008931, 0.01351351351351351426, 0.01801801801801801786, 0.02252252252252252146, 0.02702702702702702853, 0.03153153153153152866, 0.03603603603603603572, 0.04054054054054054279, 0.04504504504504504292, 0.04954954954954954999, 0.05405405405405405705, 0.05855855855855855718, 0.06306306306306305731, 0.06756756756756757132, 0.07207207207207207145, 0.07657657657657657158, 0.08108108108108108558, 0.08558558558558558571, 0.09009009009009008584, 0.09459459459459459985, 0.09909909909909909997, 0.1036036036036036001, 0.1081081081081081141, 0.1126126126126126142, 0.1171171171171171144, 0.1216216216216216284, 0.1261261261261261146, 0.1306306306306306286, 0.1351351351351351426, 0.1396396396396396289, 0.1441441441441441429, 0.1486486486486486569, 0.1531531531531531432, 0.1576576576576576572, 0.1621621621621621712, 0.1666666666666666574, 0.1711711711711711714, 0.1756756756756756854, 0.1801801801801801717, 0.1846846846846846857, 0.1891891891891891997, 0.1936936936936936859, 0.1981981981981981999, 0.2027027027027027140, 0.2072072072072072002, 0.2117117117117117142, 0.2162162162162162282, 0.2207207207207207145, 0.2252252252252252285, 0.2297297297297297425, 0.2342342342342342287, 0.2387387387387387427, 0.2432432432432432567, 0.2477477477477477430, 0.2522522522522522292, 0.2567567567567567433, 0.2612612612612612573, 0.2657657657657657713, 0.2702702702702702853, 0.2747747747747747993, 0.2792792792792792578, 0.2837837837837837718, 0.2882882882882882858, 0.2927927927927927998, 0.2972972972972973138, 0.3018018018018018278, 0.3063063063063062863, 0.3108108108108108003, 0.3153153153153153143, 0.3198198198198198283, 0.3243243243243243423, 0.3288288288288288563, 0.3333333333333333148, 0.3378378378378378288, 0.3423423423423423428, 0.3468468468468468568, 0.3513513513513513709, 0.3558558558558558294, 0.3603603603603603434, 0.3648648648648648574, 0.3693693693693693714, 0.3738738738738738854, 0.3783783783783783994, 0.3828828828828828579, 0.3873873873873873719, 0.3918918918918918859, 0.3963963963963963999, 0.4009009009009009139, 0.4054054054054054279, 0.4099099099099098864, 0.4144144144144144004, 0.4189189189189189144, 0.4234234234234234284, 0.4279279279279279424, 0.4324324324324324564, 0.4369369369369369149, 0.4414414414414414289, 0.4459459459459459429, 0.4504504504504504570, 0.4549549549549549710, 0.4594594594594594850, 0.4639639639639639435, 0.4684684684684684575, 0.4729729729729729715, 0.4774774774774774855, 0.4819819819819819995, 0.4864864864864865135, 0.4909909909909909720, 0.4954954954954954860, 0.5000000000000000000, 0.5045045045045044585, 0.5090090090090090280, 0.5135135135135134865, 0.5180180180180180560, 0.5225225225225225145, 0.5270270270270269730, 0.5315315315315315425, 0.5360360360360360010, 0.5405405405405405705, 0.5450450450450450290, 0.5495495495495495986, 0.5540540540540540571, 0.5585585585585585155, 0.5630630630630630851, 0.5675675675675675436, 0.5720720720720721131, 0.5765765765765765716, 0.5810810810810810301, 0.5855855855855855996, 0.5900900900900900581, 0.5945945945945946276, 0.5990990990990990861, 0.6036036036036036556, 0.6081081081081081141, 0.6126126126126125726, 0.6171171171171171421, 0.6216216216216216006, 0.6261261261261261701, 0.6306306306306306286, 0.6351351351351350871, 0.6396396396396396566, 0.6441441441441441151, 0.6486486486486486847, 0.6531531531531531432, 0.6576576576576577127, 0.6621621621621621712, 0.6666666666666666297, 0.6711711711711711992, 0.6756756756756756577, 0.6801801801801802272, 0.6846846846846846857, 0.6891891891891891442, 0.6936936936936937137, 0.6981981981981981722, 0.7027027027027027417, 0.7072072072072072002, 0.7117117117117116587, 0.7162162162162162282, 0.7207207207207206867, 0.7252252252252252562, 0.7297297297297297147, 0.7342342342342342842, 0.7387387387387387427, 0.7432432432432432012, 0.7477477477477477708, 0.7522522522522522292, 0.7567567567567567988, 0.7612612612612612573, 0.7657657657657657158, 0.7702702702702702853, 0.7747747747747747438, 0.7792792792792793133, 0.7837837837837837718, 0.7882882882882883413, 0.7927927927927927998, 0.7972972972972972583, 0.8018018018018018278, 0.8063063063063062863, 0.8108108108108108558, 0.8153153153153153143, 0.8198198198198197728, 0.8243243243243243423, 0.8288288288288288008, 0.8333333333333333703, 0.8378378378378378288, 0.8423423423423422873, 0.8468468468468468568, 0.8513513513513513153, 0.8558558558558558849, 0.8603603603603603434, 0.8648648648648649129, 0.8693693693693693714, 0.8738738738738738299, 0.8783783783783783994, 0.8828828828828828579, 0.8873873873873874274, 0.8918918918918918859, 0.8963963963963963444, 0.9009009009009009139, 0.9054054054054053724, 0.9099099099099099419, 0.9144144144144144004, 0.9189189189189189699, 0.9234234234234234284, 0.9279279279279278869, 0.9324324324324324564, 0.9369369369369369149, 0.9414414414414414845, 0.9459459459459459429, 0.9504504504504504014, 0.9549549549549549710, 0.9594594594594594295, 0.9639639639639639990, 0.9684684684684684575, 0.9729729729729730270, 0.9774774774774774855, 0.9819819819819819440, 0.9864864864864865135, 0.9909909909909909720, 0.9954954954954955415, 1.000000000000000000 ),
 .UNSPECIFIED. ) 
 GEOMETRIC_REPRESENTATION_ITEM ( )  RATIONAL_B_SPLINE_SURFACE ( (
 ( 1.000000000000000000, 0.8660254037844387076, 1.000000000000000000, 0.8660254037844387076, 1.000000000000000000, 0.8660254037844387076, 1.000000000000000000, 0.8660254037844387076, 1.000000000000000000, 0.8660254037844387076, 1.000000000000000000, 0.8660254037844387076, 1.000000000000000000, 0.8660254037844387076, 1.000000000000000000, 0.8660254037844387076, 1.000000000000000000, 0.8660254037844387076, 1.000000000000000000, 0.8660254037844387076, 1.000000000000000000, 0.8660254037844387076, 1.000000000000000000, 0.8660254037844387076, 1.000000000000000000, 0.8660254037844387076, 1.000000000000000000, 0.8660254037844387076, 1.000000000000000000, 0.8660254037844387076, 1.000000000000000000, 0.8660254037844387076, 1.000000000000000000, 0.8660254037844387076, 1.000000000000000000, 0.8660254037844387076, 1.000000000000000000, 0.8660254037844387076, 1.000000000000000000, 0.8660254037844387076, 1.000000000000000000, 0.8660254037844387076, 1.000000000000000000, 0.8660254037844387076, 1.000000000000000000, 0.8660254037844387076, 1.000000000000000000, 0.8660254037844387076, 1.000000000000000000, 0.8660254037844387076, 1.000000000000000000, 0.8660254037844387076, 1.000000000000000000, 0.8660254037844387076, 1.000000000000000000, 0.8660254037844387076, 1.000000000000000000, 0.8660254037844387076, 1.000000000000000000, 0.8660254037844387076, 1.000000000000000000, 0.8660254037844387076, 1.000000000000000000, 0.8660254037844387076, 1.000000000000000000, 0.8660254037844387076, 1.000000000000000000, 0.8660254037844387076, 1.000000000000000000, 0.8660254037844387076, 1.000000000000000000, 0.8660254037844387076, 1.000000000000000000, 0.8660254037844387076, 1.000000000000000000, 0.8660254037844387076, 1.000000000000000000, 0.8660254037844387076, 1.000000000000000000, 0.8660254037844387076, 1.000000000000000000, 0.8660254037844387076, 1.000000000000000000, 0.8660254037844387076, 1.000000000000000000, 0.8660254037844387076, 1.000000000000000000, 0.8660254037844387076, 1.000000000000000000, 0.8660254037844387076, 1.000000000000000000, 0.8660254037844387076, 1.000000000000000000, 0.8660254037844387076, 1.000000000000000000, 0.8660254037844387076, 1.000000000000000000, 0.8660254037844387076, 1.000000000000000000, 0.8660254037844387076, 1.000000000000000000, 0.8660254037844387076, 1.000000000000000000, 0.8660254037844387076, 1.000000000000000000, 0.8660254037844387076, 1.000000000000000000, 0.8660254037844387076, 1.000000000000000000, 0.8660254037844387076, 1.000000000000000000, 0.8660254037844387076, 1.000000000000000000, 0.8660254037844387076, 1.000000000000000000, 0.8660254037844387076, 1.000000000000000000, 0.8660254037844387076, 1.000000000000000000, 0.8660254037844387076, 1.000000000000000000, 0.8660254037844387076, 1.000000000000000000, 0.8660254037844387076, 1.000000000000000000, 0.8660254037844387076, 1.000000000000000000, 0.8660254037844387076, 1.000000000000000000, 0.8660254037844387076, 1.000000000000000000, 0.8660254037844387076, 1.000000000000000000, 0.8660254037844387076, 1.000000000000000000, 0.8660254037844387076, 1.000000000000000000, 0.8660254037844387076, 1.000000000000000000, 0.8660254037844387076, 1.000000000000000000, 0.8660254037844387076, 1.000000000000000000, 0.8660254037844387076, 1.000000000000000000, 0.8660254037844387076, 1.000000000000000000, 0.8660254037844387076, 1.000000000000000000, 0.8660254037844387076, 1.000000000000000000, 0.8660254037844387076, 1.000000000000000000, 0.8660254037844387076, 1.000000000000000000, 0.8660254037844387076, 1.000000000000000000, 0.8660254037844387076, 1.000000000000000000, 0.8660254037844387076, 1.000000000000000000, 0.8660254037844387076, 1.000000000000000000, 0.8660254037844387076, 1.000000000000000000, 0.8660254037844387076, 1.000000000000000000, 0.8660254037844387076, 1.000000000000000000, 0.8660254037844387076, 1.000000000000000000, 0.8660254037844387076, 1.000000000000000000, 0.8660254037844387076, 1.000000000000000000, 0.8660254037844387076, 1.000000000000000000, 0.8660254037844387076, 1.000000000000000000, 0.8660254037844387076, 1.000000000000000000, 0.8660254037844387076, 1.000000000000000000, 0.8660254037844387076, 1.000000000000000000, 0.8660254037844387076, 1.000000000000000000, 0.8660254037844387076, 1.000000000000000000, 0.8660254037844387076, 1.000000000000000000, 0.8660254037844387076, 1.000000000000000000, 0.8660254037844387076, 1.000000000000000000, 0.8660254037844387076, 1.000000000000000000, 0.8660254037844387076, 1.000000000000000000, 0.8660254037844387076, 1.000000000000000000, 0.8660254037844387076, 1.000000000000000000, 0.8660254037844387076, 1.000000000000000000, 0.8660254037844387076, 1.000000000000000000, 0.8660254037844387076, 1.000000000000000000, 0.8660254037844387076, 1.000000000000000000, 0.8660254037844387076, 1.000000000000000000, 0.8660254037844387076, 1.000000000000000000, 0.8660254037844387076, 1.000000000000000000, 0.8660254037844387076, 1.000000000000000000, 0.8660254037844387076, 1.000000000000000000, 0.8660254037844387076, 1.000000000000000000, 0.8660254037844387076, 1.000000000000000000, 0.8660254037844387076, 1.000000000000000000, 0.8660254037844387076, 1.000000000000000000, 0.8660254037844387076, 1.000000000000000000, 0.8660254037844387076, 1.000000000000000000, 0.8660254037844387076, 1.000000000000000000, 0.8660254037844387076, 1.000000000000000000, 0.8660254037844387076, 1.000000000000000000, 0.8660254037844387076, 1.000000000000000000, 0.8660254037844387076, 1.000000000000000000, 0.8660254037844387076, 1.000000000000000000, 0.8660254037844387076, 1.000000000000000000, 0.8660254037844387076, 1.000000000000000000, 0.8660254037844387076, 1.000000000000000000, 0.8660254037844387076, 1.000000000000000000, 0.8660254037844387076, 1.000000000000000000, 0.8660254037844387076, 1.000000000000000000, 0.8660254037844387076, 1.000000000000000000, 0.8660254037844387076, 1.000000000000000000, 0.8660254037844387076, 1.000000000000000000, 0.8660254037844387076, 1.000000000000000000, 0.8660254037844387076, 1.000000000000000000, 0.8660254037844387076, 1.000000000000000000, 0.8660254037844387076, 1.000000000000000000, 0.8660254037844387076, 1.000000000000000000, 0.8660254037844387076, 1.000000000000000000, 0.8660254037844387076, 1.000000000000000000, 0.8660254037844387076, 1.000000000000000000, 0.8660254037844387076, 1.000000000000000000, 0.8660254037844387076, 1.000000000000000000, 0.8660254037844387076, 1.000000000000000000, 0.8660254037844387076, 1.000000000000000000, 0.8660254037844387076, 1.000000000000000000, 0.8660254037844387076, 1.000000000000000000, 0.8660254037844387076, 1.000000000000000000, 0.8660254037844387076, 1.000000000000000000, 0.8660254037844387076, 1.000000000000000000, 0.8660254037844387076, 1.000000000000000000, 0.8660254037844387076, 1.000000000000000000, 0.8660254037844387076, 1.000000000000000000, 0.8660254037844387076, 1.000000000000000000, 0.8660254037844387076, 1.000000000000000000, 0.8660254037844387076, 1.000000000000000000, 0.8660254037844387076, 1.000000000000000000, 0.8660254037844387076, 1.000000000000000000, 0.8660254037844387076, 1.000000000000000000, 0.8660254037844387076, 1.000000000000000000, 0.8660254037844387076, 1.000000000000000000, 0.8660254037844387076, 1.000000000000000000, 0.8660254037844387076, 1.000000000000000000, 0.8660254037844387076, 1.000000000000000000, 0.8660254037844387076, 1.000000000000000000, 0.8660254037844387076, 1.000000000000000000, 0.8660254037844387076, 1.000000000000000000, 0.8660254037844387076, 1.000000000000000000, 0.8660254037844387076, 1.000000000000000000, 0.8660254037844387076, 1.000000000000000000, 0.8660254037844387076, 1.000000000000000000, 0.8660254037844387076, 1.000000000000000000, 0.8660254037844387076, 1.000000000000000000, 0.8660254037844387076, 1.000000000000000000, 0.8660254037844387076, 1.000000000000000000, 0.8660254037844387076, 1.000000000000000000, 0.8660254037844387076, 1.000000000000000000, 0.8660254037844387076, 1.000000000000000000, 0.8660254037844387076, 1.000000000000000000, 0.8660254037844387076, 1.000000000000000000, 0.8660254037844387076, 1.000000000000000000, 0.8660254037844387076, 1.000000000000000000, 0.8660254037844387076, 1.000000000000000000, 0.8660254037844387076, 1.000000000000000000, 0.8660254037844387076, 1.000000000000000000, 0.8660254037844387076, 1.000000000000000000, 0.8660254037844387076, 1.000000000000000000, 0.8660254037844387076, 1.000000000000000000, 0.8660254037844387076, 1.000000000000000000, 0.8660254037844387076, 1.000000000000000000, 0.8660254037844387076, 1.000000000000000000, 0.8660254037844387076, 1.000000000000000000, 0.8660254037844387076, 1.000000000000000000, 0.8660254037844387076, 1.000000000000000000, 0.8660254037844387076, 1.000000000000000000, 0.8660254037844387076, 1.000000000000000000, 0.8660254037844387076, 1.000000000000000000, 0.8660254037844387076, 1.000000000000000000, 0.8660254037844387076, 1.000000000000000000, 0.8660254037844387076, 1.000000000000000000, 0.8660254037844387076, 1.000000000000000000, 0.8660254037844387076, 1.000000000000000000, 0.8660254037844387076, 1.000000000000000000, 0.8660254037844387076, 1.000000000000000000, 0.8660254037844387076, 1.000000000000000000, 0.8660254037844387076, 1.000000000000000000, 0.8660254037844387076, 1.000000000000000000, 0.8660254037844387076, 1.000000000000000000, 0.8660254037844387076, 1.000000000000000000, 0.8660254037844387076, 1.000000000000000000, 0.8660254037844387076, 1.000000000000000000, 0.8660254037844387076, 1.000000000000000000, 0.8660254037844387076, 1.000000000000000000, 0.8660254037844387076, 1.000000000000000000, 0.8660254037844387076, 1.000000000000000000, 0.8660254037844387076, 1.000000000000000000, 0.8660254037844387076, 1.000000000000000000, 0.8660254037844387076, 1.000000000000000000, 0.8660254037844387076, 1.000000000000000000, 0.8660254037844387076, 1.000000000000000000, 0.8660254037844387076, 1.000000000000000000, 0.8660254037844387076, 1.000000000000000000, 0.8660254037844387076, 1.000000000000000000, 0.8660254037844387076, 1.000000000000000000),
 ( 1.000000000000000000, 0.8660254037844387076, 1.000000000000000000, 0.8660254037844387076, 1.000000000000000000, 0.8660254037844387076, 1.000000000000000000, 0.8660254037844387076, 1.000000000000000000, 0.8660254037844387076, 1.000000000000000000, 0.8660254037844387076, 1.000000000000000000, 0.8660254037844387076, 1.000000000000000000, 0.8660254037844387076, 1.000000000000000000, 0.8660254037844387076, 1.000000000000000000, 0.8660254037844387076, 1.000000000000000000, 0.8660254037844387076, 1.000000000000000000, 0.8660254037844387076, 1.000000000000000000, 0.8660254037844387076, 1.000000000000000000, 0.8660254037844387076, 1.000000000000000000, 0.8660254037844387076, 1.000000000000000000, 0.8660254037844387076, 1.000000000000000000, 0.8660254037844387076, 1.000000000000000000, 0.8660254037844387076, 1.000000000000000000, 0.8660254037844387076, 1.000000000000000000, 0.8660254037844387076, 1.000000000000000000, 0.8660254037844387076, 1.000000000000000000, 0.8660254037844387076, 1.000000000000000000, 0.8660254037844387076, 1.000000000000000000, 0.8660254037844387076, 1.000000000000000000, 0.8660254037844387076, 1.000000000000000000, 0.8660254037844387076, 1.000000000000000000, 0.8660254037844387076, 1.000000000000000000, 0.8660254037844387076, 1.000000000000000000, 0.8660254037844387076, 1.000000000000000000, 0.8660254037844387076, 1.000000000000000000, 0.8660254037844387076, 1.000000000000000000, 0.8660254037844387076, 1.000000000000000000, 0.8660254037844387076, 1.000000000000000000, 0.8660254037844387076, 1.000000000000000000, 0.8660254037844387076, 1.000000000000000000, 0.8660254037844387076, 1.000000000000000000, 0.8660254037844387076, 1.000000000000000000, 0.8660254037844387076, 1.000000000000000000, 0.8660254037844387076, 1.000000000000000000, 0.8660254037844387076, 1.000000000000000000, 0.8660254037844387076, 1.000000000000000000, 0.8660254037844387076, 1.000000000000000000, 0.8660254037844387076, 1.000000000000000000, 0.8660254037844387076, 1.000000000000000000, 0.8660254037844387076, 1.000000000000000000, 0.8660254037844387076, 1.000000000000000000, 0.8660254037844387076, 1.000000000000000000, 0.8660254037844387076, 1.000000000000000000, 0.8660254037844387076, 1.000000000000000000, 0.8660254037844387076, 1.000000000000000000, 0.8660254037844387076, 1.000000000000000000, 0.8660254037844387076, 1.000000000000000000, 0.8660254037844387076, 1.000000000000000000, 0.8660254037844387076, 1.000000000000000000, 0.8660254037844387076, 1.000000000000000000, 0.8660254037844387076, 1.000000000000000000, 0.8660254037844387076, 1.000000000000000000, 0.8660254037844387076, 1.000000000000000000, 0.8660254037844387076, 1.000000000000000000, 0.8660254037844387076, 1.000000000000000000, 0.8660254037844387076, 1.000000000000000000, 0.8660254037844387076, 1.000000000000000000, 0.8660254037844387076, 1.000000000000000000, 0.8660254037844387076, 1.000000000000000000, 0.8660254037844387076, 1.000000000000000000, 0.8660254037844387076, 1.000000000000000000, 0.8660254037844387076, 1.000000000000000000, 0.8660254037844387076, 1.000000000000000000, 0.8660254037844387076, 1.000000000000000000, 0.8660254037844387076, 1.000000000000000000, 0.8660254037844387076, 1.000000000000000000, 0.8660254037844387076, 1.000000000000000000, 0.8660254037844387076, 1.000000000000000000, 0.8660254037844387076, 1.000000000000000000, 0.8660254037844387076, 1.000000000000000000, 0.8660254037844387076, 1.000000000000000000, 0.8660254037844387076, 1.000000000000000000, 0.8660254037844387076, 1.000000000000000000, 0.8660254037844387076, 1.000000000000000000, 0.8660254037844387076, 1.000000000000000000, 0.8660254037844387076, 1.000000000000000000, 0.8660254037844387076, 1.000000000000000000, 0.8660254037844387076, 1.000000000000000000, 0.8660254037844387076, 1.000000000000000000, 0.8660254037844387076, 1.000000000000000000, 0.8660254037844387076, 1.000000000000000000, 0.8660254037844387076, 1.000000000000000000, 0.8660254037844387076, 1.000000000000000000, 0.8660254037844387076, 1.000000000000000000, 0.8660254037844387076, 1.000000000000000000, 0.8660254037844387076, 1.000000000000000000, 0.8660254037844387076, 1.000000000000000000, 0.8660254037844387076, 1.000000000000000000, 0.8660254037844387076, 1.000000000000000000, 0.8660254037844387076, 1.000000000000000000, 0.8660254037844387076, 1.000000000000000000, 0.8660254037844387076, 1.000000000000000000, 0.8660254037844387076, 1.000000000000000000, 0.8660254037844387076, 1.000000000000000000, 0.8660254037844387076, 1.000000000000000000, 0.8660254037844387076, 1.000000000000000000, 0.8660254037844387076, 1.000000000000000000, 0.8660254037844387076, 1.000000000000000000, 0.8660254037844387076, 1.000000000000000000, 0.8660254037844387076, 1.000000000000000000, 0.8660254037844387076, 1.000000000000000000, 0.8660254037844387076, 1.000000000000000000, 0.8660254037844387076, 1.000000000000000000, 0.8660254037844387076, 1.000000000000000000, 0.8660254037844387076, 1.000000000000000000, 0.8660254037844387076, 1.000000000000000000, 0.8660254037844387076, 1.000000000000000000, 0.8660254037844387076, 1.000000000000000000, 0.8660254037844387076, 1.000000000000000000, 0.8660254037844387076, 1.000000000000000000, 0.8660254037844387076, 1.000000000000000000, 0.8660254037844387076, 1.000000000000000000, 0.8660254037844387076, 1.000000000000000000, 0.8660254037844387076, 1.000000000000000000, 0.8660254037844387076, 1.000000000000000000, 0.8660254037844387076, 1.000000000000000000, 0.8660254037844387076, 1.000000000000000000, 0.8660254037844387076, 1.000000000000000000, 0.8660254037844387076, 1.000000000000000000, 0.8660254037844387076, 1.000000000000000000, 0.8660254037844387076, 1.000000000000000000, 0.8660254037844387076, 1.000000000000000000, 0.8660254037844387076, 1.000000000000000000, 0.8660254037844387076, 1.000000000000000000, 0.8660254037844387076, 1.000000000000000000, 0.8660254037844387076, 1.000000000000000000, 0.8660254037844387076, 1.000000000000000000, 0.8660254037844387076, 1.000000000000000000, 0.8660254037844387076, 1.000000000000000000, 0.8660254037844387076, 1.000000000000000000, 0.8660254037844387076, 1.000000000000000000, 0.8660254037844387076, 1.000000000000000000, 0.8660254037844387076, 1.000000000000000000, 0.8660254037844387076, 1.000000000000000000, 0.8660254037844387076, 1.000000000000000000, 0.8660254037844387076, 1.000000000000000000, 0.8660254037844387076, 1.000000000000000000, 0.8660254037844387076, 1.000000000000000000, 0.8660254037844387076, 1.000000000000000000, 0.8660254037844387076, 1.000000000000000000, 0.8660254037844387076, 1.000000000000000000, 0.8660254037844387076, 1.000000000000000000, 0.8660254037844387076, 1.000000000000000000, 0.8660254037844387076, 1.000000000000000000, 0.8660254037844387076, 1.000000000000000000, 0.8660254037844387076, 1.000000000000000000, 0.8660254037844387076, 1.000000000000000000, 0.8660254037844387076, 1.000000000000000000, 0.8660254037844387076, 1.000000000000000000, 0.8660254037844387076, 1.000000000000000000, 0.8660254037844387076, 1.000000000000000000, 0.8660254037844387076, 1.000000000000000000, 0.8660254037844387076, 1.000000000000000000, 0.8660254037844387076, 1.000000000000000000, 0.8660254037844387076, 1.000000000000000000, 0.8660254037844387076, 1.000000000000000000, 0.8660254037844387076, 1.000000000000000000, 0.8660254037844387076, 1.000000000000000000, 0.8660254037844387076, 1.000000000000000000, 0.8660254037844387076, 1.000000000000000000, 0.8660254037844387076, 1.000000000000000000, 0.8660254037844387076, 1.000000000000000000, 0.8660254037844387076, 1.000000000000000000, 0.8660254037844387076, 1.000000000000000000, 0.8660254037844387076, 1.000000000000000000, 0.8660254037844387076, 1.000000000000000000, 0.8660254037844387076, 1.000000000000000000, 0.8660254037844387076, 1.000000000000000000, 0.8660254037844387076, 1.000000000000000000, 0.8660254037844387076, 1.000000000000000000, 0.8660254037844387076, 1.000000000000000000, 0.8660254037844387076, 1.000000000000000000, 0.8660254037844387076, 1.000000000000000000, 0.8660254037844387076, 1.000000000000000000, 0.8660254037844387076, 1.000000000000000000, 0.8660254037844387076, 1.000000000000000000, 0.8660254037844387076, 1.000000000000000000, 0.8660254037844387076, 1.000000000000000000, 0.8660254037844387076, 1.000000000000000000, 0.8660254037844387076, 1.000000000000000000, 0.8660254037844387076, 1.000000000000000000, 0.8660254037844387076, 1.000000000000000000, 0.8660254037844387076, 1.000000000000000000, 0.8660254037844387076, 1.000000000000000000, 0.8660254037844387076, 1.000000000000000000, 0.8660254037844387076, 1.000000000000000000, 0.8660254037844387076, 1.000000000000000000, 0.8660254037844387076, 1.000000000000000000, 0.8660254037844387076, 1.000000000000000000, 0.8660254037844387076, 1.000000000000000000, 0.8660254037844387076, 1.000000000000000000, 0.8660254037844387076, 1.000000000000000000, 0.8660254037844387076, 1.000000000000000000, 0.8660254037844387076, 1.000000000000000000, 0.8660254037844387076, 1.000000000000000000, 0.8660254037844387076, 1.000000000000000000, 0.8660254037844387076, 1.000000000000000000, 0.8660254037844387076, 1.000000000000000000, 0.8660254037844387076, 1.000000000000000000, 0.8660254037844387076, 1.000000000000000000, 0.8660254037844387076, 1.000000000000000000, 0.8660254037844387076, 1.000000000000000000, 0.8660254037844387076, 1.000000000000000000, 0.8660254037844387076, 1.000000000000000000, 0.8660254037844387076, 1.000000000000000000, 0.8660254037844387076, 1.000000000000000000, 0.8660254037844387076, 1.000000000000000000, 0.8660254037844387076, 1.000000000000000000, 0.8660254037844387076, 1.000000000000000000, 0.8660254037844387076, 1.000000000000000000, 0.8660254037844387076, 1.000000000000000000, 0.8660254037844387076, 1.000000000000000000, 0.8660254037844387076, 1.000000000000000000, 0.8660254037844387076, 1.000000000000000000, 0.8660254037844387076, 1.000000000000000000, 0.8660254037844387076, 1.000000000000000000, 0.8660254037844387076, 1.000000000000000000) ) ) 
 REPRESENTATION_ITEM ( '' )  SURFACE ( )  );
#3737 = CARTESIAN_POINT ( 'NONE',  ( 0.000000000000000000, 1.499999999999999778, -6.937500000000000888 ) ) ;
#3738 = CARTESIAN_POINT ( 'NONE',  ( 1.357050807568876971, -2.492861891654333810E-16, 5.687500000000000000 ) ) ;
#3739 = CARTESIAN_POINT ( 'NONE',  ( -1.357050807568876971, 8.309539638847778957E-17, 1.437499999999999556 ) ) ;
#3740 = CARTESIAN_POINT ( 'NONE',  ( -1.299038105676657562, -0.7499999999999994449, 0.1666666666666655749 ) ) ;
#3741 = CARTESIAN_POINT ( 'NONE',  ( -1.836970198721029441E-16, -1.499999999999999556, -7.250000000000000888 ) ) ;
#3742 = CARTESIAN_POINT ( 'NONE',  ( -1.017788105676657784, 0.5876202367904177493, 0.3333333333333313164 ) ) ;
#3743 = CARTESIAN_POINT ( 'NONE',  ( 0.8660254037844394848, 1.499999999999999334, -4.041666666666667851 ) ) ;
#3744 = CARTESIAN_POINT ( 'NONE',  ( -1.322475605676657784, -0.7635316469341314471, 3.213541666666664742 ) ) ;
#3745 = EDGE_LOOP ( 'NONE', ( #1040, #440, #707, #3838 ) ) ;
#3746 = CARTESIAN_POINT ( 'NONE',  ( -0.6785254037844382635, 1.175240473580835276, -7.145833333333333925 ) ) ;
#3747 = DIRECTION ( 'NONE',  ( -0.000000000000000000, 6.173100338913050050E-57, -1.000000000000000000 ) ) ;
#3748 = CARTESIAN_POINT ( 'NONE',  ( 0.000000000000000000, 1.499999999999999556, 3.999999999999998224 ) ) ;
#3749 = CARTESIAN_POINT ( 'NONE',  ( 0.000000000000000000, 1.175240473580835276, -4.687500000000000888 ) ) ;
#3750 = CARTESIAN_POINT ( 'NONE',  ( -1.732050807568877193, 1.060575238724906792E-16, 1.187499999999999334 ) ) ;
#3751 = CARTESIAN_POINT ( 'NONE',  ( 1.017788105676657562, -0.5876202367904181934, -9.416666666666666075 ) ) ;
#3752 = ADVANCED_FACE ( 'NONE', ( #1542 ), #4556, .T. ) ;
#3753 = CARTESIAN_POINT ( 'NONE',  ( 1.017788105676658228, 0.5876202367904167501, -7.770833333333334814 ) ) ;
#3754 = CARTESIAN_POINT ( 'NONE',  ( 1.357050807568876749, -2.492861891654333810E-16, 6.687499999999997335 ) ) ;
#3755 = CARTESIAN_POINT ( 'NONE',  ( -1.836970198721029441E-16, -1.499999999999999556, -4.250000000000000888 ) ) ;
#3756 = CARTESIAN_POINT ( 'NONE',  ( 1.250000000000000222, 0.7216878364870320528, 10.39174682452694576 ) ) ;
#3757 = CARTESIAN_POINT ( 'NONE',  ( -1.017788105676658006, -0.5876202367904174162, 0.9166666666666646313 ) ) ;
#3758 = CARTESIAN_POINT ( 'NONE',  ( -0.6785254037844383745, 1.175240473580835499, 5.354166666666665186 ) ) ;
#3759 = CARTESIAN_POINT ( 'NONE',  ( -1.836970198721029441E-16, -1.499999999999999778, -2.187500000000001776 ) ) ;
#3760 = CARTESIAN_POINT ( 'NONE',  ( 0.000000000000000000, 1.499999999999999778, -6.437500000000001776 ) ) ;
#3761 = CARTESIAN_POINT ( 'NONE',  ( 0.8816504037844380415, -1.527063293868264005, 3.807291666666665630 ) ) ;
#3762 = VERTEX_POINT ( 'NONE', #2583 ) ;
#3763 = CARTESIAN_POINT ( 'NONE',  ( -1.017788105676658006, -0.5876202367904174162, -1.020833333333333703 ) ) ;
#3764 = VERTEX_POINT ( 'NONE', #5513 ) ;
#3765 = CARTESIAN_POINT ( 'NONE',  ( -1.017788105676658006, -0.5876202367904174162, -4.583333333333333925 ) ) ;
#3766 =( BOUNDED_CURVE ( )  B_SPLINE_CURVE ( 2, ( #1446, #3513, #6014 ),
 .UNSPECIFIED., .F., .T. ) 
 B_SPLINE_CURVE_WITH_KNOTS ( ( 3, 3 ),
 ( 0.01147153075785751868, 0.01351351351351352641 ),
 .UNSPECIFIED. ) 
 CURVE ( )  GEOMETRIC_REPRESENTATION_ITEM ( )  RATIONAL_B_SPLINE_CURVE ( ( 0.9335965648880029111, 0.9392666130326707830, 1.000000000000001110 ) ) 
 REPRESENTATION_ITEM ( '' )  );
#3767 = CARTESIAN_POINT ( 'NONE',  ( -1.249999999999999778, 0.7216878364870316087, 10.39174682452694398 ) ) ;
#3768 = CARTESIAN_POINT ( 'NONE',  ( -1.322475605676657784, -0.7635316469341314471, -10.78645833333333393 ) ) ;
#3769 = CARTESIAN_POINT ( 'NONE',  ( 1.322475605676658450, 0.7635316469341306700, -4.567708333333333925 ) ) ;
#3770 = EDGE_LOOP ( 'NONE', ( #2952, #2585, #1908, #1935 ) ) ;
#3771 = CARTESIAN_POINT ( 'NONE',  ( -1.299038105676657562, 0.7500000000000000000, -4.916666666666666963 ) ) ;
#3772 = CARTESIAN_POINT ( 'NONE',  ( 1.357050807568876971, -2.492861891654333810E-16, 5.187499999999999112 ) ) ;
#3773 = EDGE_CURVE ( 'NONE', #476, #6275, #1492, .T. ) ;
#3774 = CARTESIAN_POINT ( 'NONE',  ( 0.6785254037844380415, -1.175240473580835721, 1.104166666666664742 ) ) ;
#3775 = CARTESIAN_POINT ( 'NONE',  ( 0.000000000000000000, 0.000000000000000000, 7.349999999999999645 ) ) ;
#3776 = CARTESIAN_POINT ( 'NONE',  ( 2.020667218593132508E-16, -1.649999999999999689, 7.349999999999999645 ) ) ;
#3777 = CARTESIAN_POINT ( 'NONE',  ( 1.017788105676658228, 0.5876202367904167501, -0.8333333333333352577 ) ) ;
#3778 = DIRECTION ( 'NONE',  ( -0.000000000000000000, 6.173100338913050050E-57, -1.000000000000000000 ) ) ;
#3779 = CARTESIAN_POINT ( 'NONE',  ( -1.322475605676657784, -0.7635316469341314471, 4.713541666666664298 ) ) ;
#3780 =( BOUNDED_CURVE ( )  B_SPLINE_CURVE ( 2, ( #3445, #2917, #4709, #1800, #1877, #1171, #43 ),
 .UNSPECIFIED., .F., .F. ) 
 B_SPLINE_CURVE_WITH_KNOTS ( ( 3, 2, 2, 3 ),
 ( 0.6621621621621621712, 0.6666666666666667407, 0.6711711711711711992, 0.6756756756756756577 ),
 .UNSPECIFIED. ) 
 CURVE ( )  GEOMETRIC_REPRESENTATION_ITEM ( )  RATIONAL_B_SPLINE_CURVE ( ( 1.000000000000000000, 0.8660254037844387076, 1.000000000000000000, 0.8660254037844387076, 1.000000000000000000, 0.8660254037844387076, 1.000000000000000000 ) ) 
 REPRESENTATION_ITEM ( '' )  );
#3781 = EDGE_LOOP ( 'NONE', ( #1561, #1568, #4766, #4213 ) ) ;
#3782 = CARTESIAN_POINT ( 'NONE',  ( 1.017788105676657562, -0.5876202367904181934, -7.354166666666667851 ) ) ;
#3783 = CYLINDRICAL_SURFACE ( 'NONE', #3478, 1.499999999999999778 ) ;
#3784 = CARTESIAN_POINT ( 'NONE',  ( -0.8660254037844383745, 1.499999999999999778, -8.395833333333335702 ) ) ;
#3785 = CARTESIAN_POINT ( 'NONE',  ( 1.357050807568876971, -2.492861891654333810E-16, -2.312500000000000444 ) ) ;
#3786 = EDGE_CURVE ( 'NONE', #4449, #1316, #3604, .T. ) ;
#3787 = CARTESIAN_POINT ( 'NONE',  ( -0.8660254037844383745, 1.499999999999999778, 1.104166666666664964 ) ) ;
#3788 = CARTESIAN_POINT ( 'NONE',  ( 0.6785254037844380415, -1.175240473580835721, -7.958333333333334814 ) ) ;
#3789 = CARTESIAN_POINT ( 'NONE',  ( 0.000000000000000000, 1.175240473580835276, -8.187500000000000000 ) ) ;
#3790 = CARTESIAN_POINT ( 'NONE',  ( -1.439254484199189379E-16, -1.175240473580835276, 4.499999999999999112 ) ) ;
#3791 = CARTESIAN_POINT ( 'NONE',  ( 0.8660254037844531405, -1.499999999999973355, 5.854166666666666075 ) ) ;
#3792 = CARTESIAN_POINT ( 'NONE',  ( 1.017788105676657562, -0.5876202367904181934, -10.35416666666666785 ) ) ;
#3793 = CARTESIAN_POINT ( 'NONE',  ( -0.6785254037844383745, 1.175240473580835499, -2.208333333333334814 ) ) ;
#3794 = CARTESIAN_POINT ( 'NONE',  ( 0.6785254037844391517, 1.175240473580835054, 2.208333333333331261 ) ) ;
#3795 = CARTESIAN_POINT ( 'NONE',  ( 1.299038105676657118, -0.7500000000000004441, 1.833333333333332593 ) ) ;
#3796 = DIRECTION ( 'NONE',  ( 0.000000000000000000, 1.000000000000000000, 0.000000000000000000 ) ) ;
#3797 = CARTESIAN_POINT ( 'NONE',  ( -1.732050807568877193, 1.060575238724906792E-16, 0.6874999999999988898 ) ) ;
#3798 = CARTESIAN_POINT ( 'NONE',  ( -0.8816504037844389297, -1.527063293868263116, 4.723958333333331261 ) ) ;
#3799 = ORIENTED_EDGE ( 'NONE', *, *, #3530, .T. ) ;
#3800 = CARTESIAN_POINT ( 'NONE',  ( -1.439254484199189379E-16, -1.175240473580835276, -0.4375000000000003886 ) ) ;
#3801 = VERTEX_POINT ( 'NONE', #4523 ) ;
#3802 = CARTESIAN_POINT ( 'NONE',  ( -1.017788105676657784, 0.5876202367904177493, -6.166666666666667851 ) ) ;
#3803 = CARTESIAN_POINT ( 'NONE',  ( 1.299038105676657340, -0.7500000000000005551, -3.604166666666667851 ) ) ;
#3804 = CARTESIAN_POINT ( 'NONE',  ( -1.870113174931182636E-16, -1.527063293868263338, -10.70312500000000000 ) ) ;
#3805 = CARTESIAN_POINT ( 'NONE',  ( 1.322475605676657340, -0.7635316469341323353, -3.651041666666667851 ) ) ;
#3806 = EDGE_CURVE ( 'NONE', #1042, #889, #186, .T. ) ;
#3807 = VERTEX_POINT ( 'NONE', #602 ) ;
#3808 = SURFACE_STYLE_FILL_AREA ( #2161 ) ;
#3809 =( BOUNDED_CURVE ( )  B_SPLINE_CURVE ( 2, ( #1405, #317, #6044, #2595, #5488, #4871, #7108 ),
 .UNSPECIFIED., .F., .T. ) 
 B_SPLINE_CURVE_WITH_KNOTS ( ( 3, 2, 2, 3 ),
 ( 0.4729729729729729160, 0.4774774774774774300, 0.4819819819819819995, 0.4864864864864865135 ),
 .UNSPECIFIED. ) 
 CURVE ( )  GEOMETRIC_REPRESENTATION_ITEM ( )  RATIONAL_B_SPLINE_CURVE ( ( 1.000000000000001554, 0.8660254037844368202, 1.000000000000000000, 0.8660254037844385966, 1.000000000000000000, 0.8660254037844385966, 1.000000000000000000 ) ) 
 REPRESENTATION_ITEM ( '' )  );
#3810 = CARTESIAN_POINT ( 'NONE',  ( 0.6785254037844392627, 1.175240473580835054, -10.29166666666666785 ) ) ;
#3811 = CARTESIAN_POINT ( 'NONE',  ( 1.357050807568876971, -2.492861891654333810E-16, 1.187499999999999334 ) ) ;
#3812 = CARTESIAN_POINT ( 'NONE',  ( 0.8660254037844270503, 1.500000000000020872, 0.9583333333333333703 ) ) ;
#3813 = DIRECTION ( 'NONE',  ( -0.000000000000000000, 6.173100338913050050E-57, -1.000000000000000000 ) ) ;
#3814 = CARTESIAN_POINT ( 'NONE',  ( 0.000000000000000000, 1.175240473580835276, 1.249999999999999334 ) ) ;
#3815 = DIRECTION ( 'NONE',  ( -0.000000000000000000, 6.173100338913050050E-57, -1.000000000000000000 ) ) ;
#3816 = CARTESIAN_POINT ( 'NONE',  ( -1.322475605676657784, -0.7635316469341314471, 5.213541666666665186 ) ) ;
#3817 = EDGE_LOOP ( 'NONE', ( #6170, #5261, #3129, #73 ) ) ;
#3818 = CARTESIAN_POINT ( 'NONE',  ( 1.357050807568876749, -2.492861891654333810E-16, -6.312500000000000888 ) ) ;
#3819 = ADVANCED_FACE ( 'NONE', ( #1096 ), #5989, .T. ) ;
#3820 = CARTESIAN_POINT ( 'NONE',  ( -0.8660254037844391517, -1.499999999999999334, -7.729166666666667851 ) ) ;
#3821 = CARTESIAN_POINT ( 'NONE',  ( 0.000000000000000000, 1.175240473580835276, -3.750000000000000888 ) ) ;
#3822 = CARTESIAN_POINT ( 'NONE',  ( -1.357050807568876971, 8.309539638847778957E-17, -0.06250000000000179023 ) ) ;
#3823 = CARTESIAN_POINT ( 'NONE',  ( -1.763300807568876971, 1.079710344961584035E-16, 7.171874999999997335 ) ) ;
#3824 = CARTESIAN_POINT ( 'NONE',  ( 1.017788105676658228, 0.5876202367904167501, -6.833333333333334814 ) ) ;
#3825 = VECTOR ( 'NONE', #5678, 1000.000000000000000 ) ;
#3826 = FACE_OUTER_BOUND ( 'NONE', #139, .T. ) ;
#3827 = ADVANCED_FACE ( 'NONE', ( #3275 ), #6710, .T. ) ;
#3828 = CARTESIAN_POINT ( 'NONE',  ( -0.8660254037844395958, -1.499999999999997780, 6.770833333333331261 ) ) ;
#3829 = CARTESIAN_POINT ( 'NONE',  ( -1.836970198721029441E-16, -1.499999999999999778, 4.812499999999999112 ) ) ;
#3830 = VECTOR ( 'NONE', #7092, 1000.000000000000000 ) ;
#3831 = CARTESIAN_POINT ( 'NONE',  ( -1.836970198721029441E-16, -1.499999999999999556, 0.7499999999999988898 ) ) ;
#3832 = CARTESIAN_POINT ( 'NONE',  ( -1.017788105676658006, -0.5876202367904174162, 4.416666666666666075 ) ) ;
#3833 = CARTESIAN_POINT ( 'NONE',  ( 0.000000000000000000, 1.499999999999999556, 1.999999999999998224 ) ) ;
#3834 = VECTOR ( 'NONE', #241, 1000.000000000000000 ) ;
#3835 = CARTESIAN_POINT ( 'NONE',  ( 0.8660254037844347108, -1.500000000000005329, 3.354166666666664742 ) ) ;
#3836 = FACE_OUTER_BOUND ( 'NONE', #2495, .T. ) ;
#3837 = CARTESIAN_POINT ( 'NONE',  ( -1.763300807568876971, 1.079710344961584035E-16, 3.640624999999998224 ) ) ;
#3838 = ORIENTED_EDGE ( 'NONE', *, *, #3549, .T. ) ;
#3839 = CARTESIAN_POINT ( 'NONE',  ( 0.6785254037844380415, -1.175240473580835499, -1.395833333333334147 ) ) ;
#3840 = ORIENTED_EDGE ( 'NONE', *, *, #1049, .T. ) ;
#3841 = CARTESIAN_POINT ( 'NONE',  ( 1.017788105676657562, -0.5876202367904181934, -8.916666666666667851 ) ) ;
#3842 = CIRCLE ( 'NONE', #1225, 1.499999999999999556 ) ;
#3843 = CARTESIAN_POINT ( 'NONE',  ( -1.017788105676657784, 0.5876202367904177493, -3.166666666666667407 ) ) ;
#3844 = CARTESIAN_POINT ( 'NONE',  ( -1.870113174931182636E-16, -1.527063293868263338, -9.703125000000001776 ) ) ;
#3845 = CARTESIAN_POINT ( 'NONE',  ( 1.763300807568876971, -3.239131034884752106E-16, -3.609375000000000444 ) ) ;
#3846 = EDGE_CURVE ( 'NONE', #2014, #5425, #2402, .T. ) ;
#3847 = ORIENTED_EDGE ( 'NONE', *, *, #6984, .T. ) ;
#3848 = FACE_OUTER_BOUND ( 'NONE', #7156, .T. ) ;
#3849 = CARTESIAN_POINT ( 'NONE',  ( -1.357050807568876971, 8.309539638847778957E-17, 6.437499999999997335 ) ) ;
#3850 = CARTESIAN_POINT ( 'NONE',  ( -1.357050807568876971, 8.309539638847778957E-17, 1.937499999999998224 ) ) ;
#3851 = DIRECTION ( 'NONE',  ( -0.000000000000000000, 6.173100338913050050E-57, -1.000000000000000000 ) ) ;
#3852 = CARTESIAN_POINT ( 'NONE',  ( -1.732050807568877415, 1.060575238724906915E-16, -7.375000000000000888 ) ) ;
#3853 = CARTESIAN_POINT ( 'NONE',  ( -0.6785254037844383745, 1.175240473580835499, 0.2916666666666657415 ) ) ;
#3854 = CARTESIAN_POINT ( 'NONE',  ( -1.836970198721029441E-16, -1.499999999999999556, -4.250000000000000888 ) ) ;
#3855 = CARTESIAN_POINT ( 'NONE',  ( 0.000000000000000000, 1.527063293868263338, 6.546874999999997335 ) ) ;
#3856 = ORIENTED_EDGE ( 'NONE', *, *, #4513, .T. ) ;
#3857 =( BOUNDED_CURVE ( )  B_SPLINE_CURVE ( 2, ( #1403, #4833, #4798, #802, #5968, #3608, #2558 ),
 .UNSPECIFIED., .F., .T. ) 
 B_SPLINE_CURVE_WITH_KNOTS ( ( 3, 2, 2, 3 ),
 ( 0.2972972972972973138, 0.3018018018018018833, 0.3063063063063062863, 0.3108108108108108558 ),
 .UNSPECIFIED. ) 
 CURVE ( )  GEOMETRIC_REPRESENTATION_ITEM ( )  RATIONAL_B_SPLINE_CURVE ( ( 0.9999999999999983347, 0.8660254037844403729, 1.000000000000000000, 0.8660254037844387076, 1.000000000000000000, 0.8660254037844387076, 1.000000000000000000 ) ) 
 REPRESENTATION_ITEM ( '' )  );
#3858 = CARTESIAN_POINT ( 'NONE',  ( -0.6785254037844388186, -1.175240473580835054, -5.979166666666666963 ) ) ;
#3859 = CARTESIAN_POINT ( 'NONE',  ( 0.000000000000000000, 1.649999999999999689, 7.349999999999999645 ) ) ;
#3860 = LINE ( 'NONE', #2245, #2679 ) ;
#3861 = CARTESIAN_POINT ( 'NONE',  ( -1.017788105676657784, 0.5876202367904177493, -1.104166666666668295 ) ) ;
#3862 = CARTESIAN_POINT ( 'NONE',  ( 0.6785254037844380415, -1.175240473580835721, -8.458333333333335702 ) ) ;
#3863 = CARTESIAN_POINT ( 'NONE',  ( -1.322475605676657784, -0.7635316469341314471, -1.786458333333334370 ) ) ;
#3864 = CARTESIAN_POINT ( 'NONE',  ( -1.299038105676657562, -0.7499999999999994449, 3.666666666666665186 ) ) ;
#3865 = FACE_OUTER_BOUND ( 'NONE', #6866, .T. ) ;
#3866 = CARTESIAN_POINT ( 'NONE',  ( 0.000000000000000000, 1.499999999999999556, -6.500000000000000888 ) ) ;
#3867 = ADVANCED_FACE ( 'NONE', ( #7184 ), #7301, .T. ) ;
#3868 = CARTESIAN_POINT ( 'NONE',  ( 0.6785254037844392627, 1.175240473580835054, -9.729166666666667851 ) ) ;
#3869 = EDGE_CURVE ( 'NONE', #6072, #1837, #673, .T. ) ;
#3870 = CARTESIAN_POINT ( 'NONE',  ( 1.017788105676657562, -0.5876202367904181934, 3.583333333333332593 ) ) ;
#3871 = CARTESIAN_POINT ( 'NONE',  ( 0.000000000000000000, 1.175240473580835276, 7.812499999999998224 ) ) ;
#3872 = CARTESIAN_POINT ( 'NONE',  ( -1.299038105676657784, -0.7499999999999995559, 1.729166666666665408 ) ) ;
#3873 = CARTESIAN_POINT ( 'NONE',  ( -1.732050807568877193, 1.060575238724906792E-16, 3.687499999999998224 ) ) ;
#3874 = CARTESIAN_POINT ( 'NONE',  ( -0.8816504037844389297, -1.527063293868263116, 5.723958333333331261 ) ) ;
#3875 = ORIENTED_EDGE ( 'NONE', *, *, #1735, .T. ) ;
#3876 = CARTESIAN_POINT ( 'NONE',  ( -0.6785254037844388186, -1.175240473580835054, 2.020833333333333037 ) ) ;
#3877 = ORIENTED_EDGE ( 'NONE', *, *, #2948, .T. ) ;
#3878 = CARTESIAN_POINT ( 'NONE',  ( 1.017788105676658228, 0.5876202367904167501, -9.333333333333333925 ) ) ;
#3879 = CARTESIAN_POINT ( 'NONE',  ( -1.439254484199189379E-16, -1.175240473580835276, -3.500000000000001332 ) ) ;
#3880 = AXIS2_PLACEMENT_3D ( 'NONE', #4936, #4382, #6623 ) ;
#3881 = CARTESIAN_POINT ( 'NONE',  ( 0.6785254037844380415, -1.175240473580835721, 7.541666666666664298 ) ) ;
#3882 = CARTESIAN_POINT ( 'NONE',  ( -0.8816504037844389297, -1.527063293868263116, -1.276041666666668295 ) ) ;
#3883 = ORIENTED_EDGE ( 'NONE', *, *, #3168, .T. ) ;
#3884 = CARTESIAN_POINT ( 'NONE',  ( 1.299038105676658450, 0.7499999999999986677, -1.083333333333333703 ) ) ;
#3885 = CARTESIAN_POINT ( 'NONE',  ( -1.017788105676658006, -0.5876202367904174162, 6.979166666666666075 ) ) ;
#3886 = CARTESIAN_POINT ( 'NONE',  ( 1.017788105676657562, -0.5876202367904181934, 3.145833333333332149 ) ) ;
#3887 = CARTESIAN_POINT ( 'NONE',  ( 0.000000000000000000, 1.296351071171740261E-55, -10.49999999999999822 ) ) ;
#3888 = CARTESIAN_POINT ( 'NONE',  ( -1.439254484199189379E-16, -1.175240473580835276, 0.9999999999999991118 ) ) ;
#3889 = DIRECTION ( 'NONE',  ( -0.000000000000000000, 6.173100338913050050E-57, -1.000000000000000000 ) ) ;
#3890 = CARTESIAN_POINT ( 'NONE',  ( 1.322475605676657340, -0.7635316469341323353, 6.380208333333331261 ) ) ;
#3891 = VERTEX_POINT ( 'NONE', #6635 ) ;
#3892 = CARTESIAN_POINT ( 'NONE',  ( 0.000000000000000000, 1.175240473580835276, -6.687500000000000888 ) ) ;
#3893 = CARTESIAN_POINT ( 'NONE',  ( -1.299038105676657562, 0.7500000000000000000, 4.583333333333331261 ) ) ;
#3894 = CARTESIAN_POINT ( 'NONE',  ( -1.836970198721029441E-16, -1.499999999999999556, 5.249999999999999112 ) ) ;
#3895 = CARTESIAN_POINT ( 'NONE',  ( 1.017788105676657562, -0.5876202367904181934, -0.8541666666666679619 ) ) ;
#3896 = CARTESIAN_POINT ( 'NONE',  ( 1.763300807568876971, -3.239131034884752106E-16, 7.421874999999998224 ) ) ;
#3897 = CARTESIAN_POINT ( 'NONE',  ( -0.6785254037844383745, 1.175240473580835499, -8.208333333333335702 ) ) ;
#3898 = CARTESIAN_POINT ( 'NONE',  ( -1.322475605676657784, -0.7635316469341314471, -1.286458333333333925 ) ) ;
#3899 = CARTESIAN_POINT ( 'NONE',  ( -1.299038105676657562, -0.7499999999999994449, -7.833333333333334814 ) ) ;
#3900 = DIRECTION ( 'NONE',  ( -0.000000000000000000, 6.173100338913050050E-57, -1.000000000000000000 ) ) ;
#3901 = CARTESIAN_POINT ( 'NONE',  ( 0.000000000000000000, 1.499999999999999778, -10.49999999999999822 ) ) ;
#3902 = CARTESIAN_POINT ( 'NONE',  ( -1.017788105676658006, -0.5876202367904174162, -9.520833333333333925 ) ) ;
#3903 = CARTESIAN_POINT ( 'NONE',  ( -0.6785254037844388186, -1.175240473580835054, 3.458333333333332149 ) ) ;
#3904 = CARTESIAN_POINT ( 'NONE',  ( 0.000000000000000000, 1.944526606757610890E-56, 7.349999999999998757 ) ) ;
#3905 = CARTESIAN_POINT ( 'NONE',  ( -1.299038105676657784, 0.7500000000000001110, 1.645833333333332593 ) ) ;
#3906 = CARTESIAN_POINT ( 'NONE',  ( -0.8660254037844383745, 1.499999999999999778, 3.604166666666665186 ) ) ;
#3907 = CARTESIAN_POINT ( 'NONE',  ( 1.322475605676658450, 0.7635316469341306700, 6.432291666666666075 ) ) ;
#3908 = VERTEX_POINT ( 'NONE', #1036 ) ;
#3909 = CARTESIAN_POINT ( 'NONE',  ( 0.000000000000000000, 1.175240473580835276, 1.812499999999998224 ) ) ;
#3910 = ORIENTED_EDGE ( 'NONE', *, *, #6395, .T. ) ;
#3911 = EDGE_CURVE ( 'NONE', #6897, #6426, #1681, .T. ) ;
#3912 = CARTESIAN_POINT ( 'NONE',  ( -1.017788105676658006, -0.5876202367904174162, -8.083333333333333925 ) ) ;
#3913 = CARTESIAN_POINT ( 'NONE',  ( 0.000000000000000000, 1.175240473580835276, -3.250000000000001332 ) ) ;
#3914 = CARTESIAN_POINT ( 'NONE',  ( 0.8816504037844380415, -1.527063293868264005, -7.161458333333333925 ) ) ;
#3915 = CARTESIAN_POINT ( 'NONE',  ( -0.8816504037844389297, -1.527063293868263116, -1.776041666666667185 ) ) ;
#3916 = ORIENTED_EDGE ( 'NONE', *, *, #3501, .F. ) ;
#3917 = CARTESIAN_POINT ( 'NONE',  ( 0.000000000000000000, 1.175240473580835276, 0.2499999999999985012 ) ) ;
#3918 = CARTESIAN_POINT ( 'NONE',  ( 1.017788105676657562, -0.5876202367904181934, 6.645833333333332149 ) ) ;
#3919 = CARTESIAN_POINT ( 'NONE',  ( -1.017788105676657784, 0.5876202367904177493, 4.395833333333331261 ) ) ;
#3920 = DIRECTION ( 'NONE',  ( 0.000000000000000000, 1.000000000000000000, 0.000000000000000000 ) ) ;
#3921 = CARTESIAN_POINT ( 'NONE',  ( 1.732050807568877193, -3.181725716174720005E-16, -4.562500000000001776 ) ) ;
#3922 = CARTESIAN_POINT ( 'NONE',  ( -1.017788105676658006, -0.5876202367904174162, 2.416666666666666075 ) ) ;
#3923 = CARTESIAN_POINT ( 'NONE',  ( 1.299038105676658672, 0.7499999999999987788, 2.979166666666664742 ) ) ;
#3924 = CARTESIAN_POINT ( 'NONE',  ( -1.322475605676657784, -0.7635316469341314471, 6.213541666666666075 ) ) ;
#3925 = ORIENTED_EDGE ( 'NONE', *, *, #7350, .F. ) ;
#3926 = CARTESIAN_POINT ( 'NONE',  ( 1.357050807568876971, -2.492861891654333810E-16, 2.624999999999998668 ) ) ;
#3927 = DIRECTION ( 'NONE',  ( 0.000000000000000000, 0.000000000000000000, 1.000000000000000000 ) ) ;
#3928 = CARTESIAN_POINT ( 'NONE',  ( -1.836970198721029441E-16, -1.499999999999999556, 7.249999999999997335 ) ) ;
#3929 = CARTESIAN_POINT ( 'NONE',  ( -1.017788105676657784, 0.5876202367904177493, -0.6041666666666677399 ) ) ;
#3930 =( BOUNDED_CURVE ( )  B_SPLINE_CURVE ( 2, ( #4804, #5491, #2597, #5387, #5454, #2071, #1963 ),
 .UNSPECIFIED., .F., .T. ) 
 B_SPLINE_CURVE_WITH_KNOTS ( ( 3, 2, 2, 3 ),
 ( 0.6351351351351351981, 0.6396396396396397677, 0.6441441441441442262, 0.6486486486486486847 ),
 .UNSPECIFIED. ) 
 CURVE ( )  GEOMETRIC_REPRESENTATION_ITEM ( )  RATIONAL_B_SPLINE_CURVE ( ( 0.9999999999999966693, 0.8660254037844420383, 1.000000000000000000, 0.8660254037844387076, 1.000000000000000000, 0.8660254037844387076, 1.000000000000000000 ) ) 
 REPRESENTATION_ITEM ( '' )  );
#3931 = CARTESIAN_POINT ( 'NONE',  ( 0.6785254037844392627, 1.175240473580835054, -4.729166666666667851 ) ) ;
#3932 = CARTESIAN_POINT ( 'NONE',  ( 0.000000000000000000, 1.175240473580835276, -8.250000000000000000 ) ) ;
#3933 = CARTESIAN_POINT ( 'NONE',  ( 1.763300807568876971, -3.239131034884752106E-16, -2.078125000000001776 ) ) ;
#3934 = CARTESIAN_POINT ( 'NONE',  ( 0.5764527459524378949, -1.383710135848927214, 7.346724555342315277 ) ) ;
#3935 = DIRECTION ( 'NONE',  ( 0.000000000000000000, 1.000000000000000000, 0.000000000000000000 ) ) ;
#3936 = DIRECTION ( 'NONE',  ( -0.000000000000000000, 6.173100338913050050E-57, -1.000000000000000000 ) ) ;
#3937 = CARTESIAN_POINT ( 'NONE',  ( -1.439254484199189379E-16, -1.175240473580835276, -7.937500000000000000 ) ) ;
#3938 = CARTESIAN_POINT ( 'NONE',  ( 1.017788105676658228, 0.5876202367904167501, 4.166666666666666075 ) ) ;
#3939 = CARTESIAN_POINT ( 'NONE',  ( 1.299038105676657340, -0.7500000000000005551, -0.6041666666666677399 ) ) ;
#3940 = CARTESIAN_POINT ( 'NONE',  ( -0.8660254037844382635, 1.499999999999999556, -4.458333333333334814 ) ) ;
#3941 = CARTESIAN_POINT ( 'NONE',  ( 0.8660254037844380415, -1.500000000000000444, 2.791666666666666519 ) ) ;
#3942 = CARTESIAN_POINT ( 'NONE',  ( -0.8816504037844389297, -1.527063293868263116, 5.223958333333331261 ) ) ;
#3943 = ORIENTED_EDGE ( 'NONE', *, *, #1312, .T. ) ;
#3944 = CARTESIAN_POINT ( 'NONE',  ( -0.6785254037844388186, -1.175240473580835054, 2.520833333333331705 ) ) ;
#3945 = ORIENTED_EDGE ( 'NONE', *, *, #3549, .F. ) ;
#3946 = CARTESIAN_POINT ( 'NONE',  ( -1.439254484199189379E-16, -1.175240473580835276, -8.000000000000000000 ) ) ;
#3947 = AXIS2_PLACEMENT_3D ( 'NONE', #5673, #6153, #3419 ) ;
#3948 = CARTESIAN_POINT ( 'NONE',  ( 0.000000000000000000, 1.175240473580835276, -2.750000000000000888 ) ) ;
#3949 = EDGE_CURVE ( 'NONE', #5664, #6326, #6746, .T. ) ;
#3950 = CARTESIAN_POINT ( 'NONE',  ( 1.322475605676657340, -0.7635316469341323353, -8.619791666666667851 ) ) ;
#3951 = CARTESIAN_POINT ( 'NONE',  ( -1.322475605676657784, 0.7635316469341318912, -2.401041666666667851 ) ) ;
#3952 = ORIENTED_EDGE ( 'NONE', *, *, #2840, .F. ) ;
#3953 = AXIS2_PLACEMENT_3D ( 'NONE', #4073, #4110, #6329 ) ;
#3954 = CARTESIAN_POINT ( 'NONE',  ( -1.836970198721029441E-16, -1.499999999999999778, 6.312499999999997335 ) ) ;
#3955 = CARTESIAN_POINT ( 'NONE',  ( -1.017788105676657784, 0.5876202367904177493, -10.16666666666666785 ) ) ;
#3956 = DIRECTION ( 'NONE',  ( 0.000000000000000000, 1.000000000000000000, 0.000000000000000000 ) ) ;
#3957 = ADVANCED_FACE ( 'NONE', ( #471 ), #1593, .T. ) ;
#3958 = CARTESIAN_POINT ( 'NONE',  ( 1.299038105676658672, 0.7499999999999987788, -5.020833333333334814 ) ) ;
#3959 = CARTESIAN_POINT ( 'NONE',  ( -1.439254484199189379E-16, -1.175240473580835276, 2.999999999999999112 ) ) ;
#3960 =( BOUNDED_CURVE ( )  B_SPLINE_CURVE ( 2, ( #4423, #512, #2181, #5016, #3271, #6783, #4460 ),
 .UNSPECIFIED., .F., .F. ) 
 B_SPLINE_CURVE_WITH_KNOTS ( ( 3, 2, 2, 3 ),
 ( 0.04054054054054057749, 0.04504504504504508455, 0.04954954954954959162, 0.05405405405405410563 ),
 .UNSPECIFIED. ) 
 CURVE ( )  GEOMETRIC_REPRESENTATION_ITEM ( )  RATIONAL_B_SPLINE_CURVE ( ( 0.9999999999999990008, 0.8660254037844395958, 1.000000000000000000, 0.8660254037844385966, 1.000000000000000000, 0.8660254037844371533, 1.000000000000001554 ) ) 
 REPRESENTATION_ITEM ( '' )  );
#3961 = CARTESIAN_POINT ( 'NONE',  ( -0.8816504037844382635, 1.527063293868263338, -9.442708333333335702 ) ) ;
#3962 = ORIENTED_EDGE ( 'NONE', *, *, #2741, .F. ) ;
#3963 = CARTESIAN_POINT ( 'NONE',  ( -1.017788105676658006, -0.5876202367904174162, 3.916666666666665630 ) ) ;
#3964 = CARTESIAN_POINT ( 'NONE',  ( -1.299038105676657562, 0.7500000000000000000, -9.416666666666666075 ) ) ;
#3965 = CARTESIAN_POINT ( 'NONE',  ( 1.732050807568877415, -3.181725716174720498E-16, -5.125000000000001776 ) ) ;
#3966 = CARTESIAN_POINT ( 'NONE',  ( 0.6785254037844380415, -1.175240473580835721, -0.8958333333333351467 ) ) ;
#3967 = CARTESIAN_POINT ( 'NONE',  ( 1.357050807568876971, -2.492861891654333810E-16, -5.812500000000000888 ) ) ;
#3968 = EDGE_LOOP ( 'NONE', ( #2229, #2748, #7065, #6408 ) ) ;
#3969 = CARTESIAN_POINT ( 'NONE',  ( 0.6785254037844392627, 1.175240473580835054, -4.291666666666667851 ) ) ;
#3970 = CARTESIAN_POINT ( 'NONE',  ( -0.8816504037844382635, 1.527063293868263338, 0.08854166666666558883 ) ) ;
#3971 = DIRECTION ( 'NONE',  ( -0.000000000000000000, 6.173100338913050050E-57, -1.000000000000000000 ) ) ;
#3972 = FACE_OUTER_BOUND ( 'NONE', #7019, .T. ) ;
#3973 = CARTESIAN_POINT ( 'NONE',  ( 0.000000000000000000, 1.499999999999999556, -9.000000000000003553 ) ) ;
#3974 = CARTESIAN_POINT ( 'NONE',  ( -1.357050807568876971, 8.309539638847778957E-17, -4.625000000000001776 ) ) ;
#3975 = CARTESIAN_POINT ( 'NONE',  ( -1.017788105676657784, 0.5876202367904177493, -7.604166666666666963 ) ) ;
#3976 = CARTESIAN_POINT ( 'NONE',  ( 1.357050807568876749, -2.492861891654333810E-16, 4.124999999999998224 ) ) ;
#3977 = CARTESIAN_POINT ( 'NONE',  ( -1.350446094411945186, -0.2640993019551552412, 7.276772189505582134 ) ) ;
#3978 = EDGE_CURVE ( 'NONE', #1761, #5109, #2183, .T. ) ;
#3979 = DIRECTION ( 'NONE',  ( 0.000000000000000000, 1.000000000000000000, 0.000000000000000000 ) ) ;
#3980 = CARTESIAN_POINT ( 'NONE',  ( 0.8660254037844283825, 1.500000000000017764, 5.520833333333332149 ) ) ;
#3981 = DIRECTION ( 'NONE',  ( -0.000000000000000000, 6.173100338913050050E-57, -1.000000000000000000 ) ) ;
#3982 = CARTESIAN_POINT ( 'NONE',  ( 1.322475605676658450, 0.7635316469341306700, 5.432291666666665186 ) ) ;
#3983 = CARTESIAN_POINT ( 'NONE',  ( -0.6785254037844382635, 1.175240473580835276, 1.854166666666665408 ) ) ;
#3984 = ORIENTED_EDGE ( 'NONE', *, *, #1365, .T. ) ;
#3985 = CARTESIAN_POINT ( 'NONE',  ( 0.6785254037844380415, -1.175240473580835721, -7.458333333333333925 ) ) ;
#3986 = CARTESIAN_POINT ( 'NONE',  ( 1.017788105676657562, -0.5876202367904181934, -2.916666666666668295 ) ) ;
#3987 = CARTESIAN_POINT ( 'NONE',  ( 1.322475605676658450, 0.7635316469341306700, -8.536458333333333925 ) ) ;
#3988 = CARTESIAN_POINT ( 'NONE',  ( -1.322475605676657784, 0.7635316469341318912, -1.401041666666666741 ) ) ;
#3989 = ORIENTED_EDGE ( 'NONE', *, *, #7159, .F. ) ;
#3990 = CARTESIAN_POINT ( 'NONE',  ( 0.6785254037844392627, 1.175240473580835054, 7.708333333333333037 ) ) ;
#3991 = CARTESIAN_POINT ( 'NONE',  ( 0.000000000000000000, 1.499999999999999778, -9.437500000000001776 ) ) ;
#3992 = CARTESIAN_POINT ( 'NONE',  ( -1.836970198721029441E-16, -1.499999999999999778, -4.687500000000001776 ) ) ;
#3993 = CARTESIAN_POINT ( 'NONE',  ( -1.017788105676658006, -0.5876202367904174162, 2.916666666666664742 ) ) ;
#3994 = CARTESIAN_POINT ( 'NONE',  ( 0.000000000000000000, 1.527063293868263338, -10.48437500000000000 ) ) ;
#3995 = EDGE_LOOP ( 'NONE', ( #1972, #12, #5028, #1947 ) ) ;
#3996 = CARTESIAN_POINT ( 'NONE',  ( 1.357050807568876971, -2.492861891654333810E-16, 4.124999999999998224 ) ) ;
#3997 = DIRECTION ( 'NONE',  ( 0.7071067811865487940, 0.000000000000000000, 0.7071067811865463515 ) ) ;
#3998 = EDGE_CURVE ( 'NONE', #1316, #5568, #5616, .T. ) ;
#4000 = CARTESIAN_POINT ( 'NONE',  ( 1.017788105676657562, -0.5876202367904181934, -5.854166666666666963 ) ) ;
#3999 =( BOUNDED_CURVE ( )  B_SPLINE_CURVE ( 2, ( #7197, #2122, #3771, #2718, #4926, #977, #2758 ),
 .UNSPECIFIED., .F., .T. ) 
 B_SPLINE_CURVE_WITH_KNOTS ( ( 3, 2, 2, 3 ),
 ( 0.2972972972972973138, 0.3018018018018018278, 0.3063063063063063418, 0.3108108108108108558 ),
 .UNSPECIFIED. ) 
 CURVE ( )  GEOMETRIC_REPRESENTATION_ITEM ( )  RATIONAL_B_SPLINE_CURVE ( ( 1.000000000000000000, 0.8660254037844385966, 1.000000000000000000, 0.8660254037844385966, 1.000000000000000000, 0.8660254037844369313, 1.000000000000001554 ) ) 
 REPRESENTATION_ITEM ( '' )  );
#4001 = ORIENTED_EDGE ( 'NONE', *, *, #6039, .F. ) ;
#4002 = CARTESIAN_POINT ( 'NONE',  ( 1.357050807568876971, -2.492861891654333810E-16, -3.875000000000000888 ) ) ;
#4003 = CARTESIAN_POINT ( 'NONE',  ( 0.8816504037844392627, 1.527063293868263116, -0.4947916666666676844 ) ) ;
#4004 = LINE ( 'NONE', #4573, #3709 ) ;
#4005 = CARTESIAN_POINT ( 'NONE',  ( 1.836970198721029688E-16, -1.499999999999999778, -10.49999999999999822 ) ) ;
#4006 = CARTESIAN_POINT ( 'NONE',  ( -1.836970198721029441E-16, -1.499999999999999556, 6.250000000000000000 ) ) ;
#4007 = CARTESIAN_POINT ( 'NONE',  ( -1.357050807568876971, 8.309539638847778957E-17, -10.06249999999999822 ) ) ;
#4008 = CARTESIAN_POINT ( 'NONE',  ( 0.8660254037844380415, -1.500000000000000444, -3.208333333333334370 ) ) ;
#4009 = CARTESIAN_POINT ( 'NONE',  ( -0.8660254037844391517, -1.499999999999999334, -3.729166666666667851 ) ) ;
#4010 = CARTESIAN_POINT ( 'NONE',  ( 0.000000000000000000, 1.296351071171740261E-55, -10.49999999999999822 ) ) ;
#4011 = CARTESIAN_POINT ( 'NONE',  ( 0.000000000000000000, 1.499999999999999556, 3.999999999999998224 ) ) ;
#4012 = CARTESIAN_POINT ( 'NONE',  ( 0.8816504037844380415, -1.527063293868264005, 6.307291666666665186 ) ) ;
#4013 = CARTESIAN_POINT ( 'NONE',  ( -1.017788105676658006, -0.5876202367904174162, 2.479166666666666075 ) ) ;
#4014 = ORIENTED_EDGE ( 'NONE', *, *, #4513, .F. ) ;
#4015 = CARTESIAN_POINT ( 'NONE',  ( -1.017788105676657784, 0.5876202367904177493, -5.166666666666667851 ) ) ;
#4016 = CARTESIAN_POINT ( 'NONE',  ( -1.439254484199189379E-16, -1.175240473580835276, -0.5000000000000004441 ) ) ;
#4017 = CARTESIAN_POINT ( 'NONE',  ( -0.8816504037844382635, 1.527063293868263338, -6.411458333333334814 ) ) ;
#4018 = CARTESIAN_POINT ( 'NONE',  ( -1.322475605676657784, 0.7635316469341318912, -0.9010416666666680729 ) ) ;
#4019 = CARTESIAN_POINT ( 'NONE',  ( -1.357050807568876749, 8.309539638847778957E-17, -5.062500000000000888 ) ) ;
#4020 = EDGE_LOOP ( 'NONE', ( #4853, #271, #4916, #4174, #4369, #829, #639 ) ) ;
#4021 = CARTESIAN_POINT ( 'NONE',  ( 0.6785254037844380415, -1.175240473580835721, 0.5416666666666659635 ) ) ;
#4022 = CARTESIAN_POINT ( 'NONE',  ( 0.8660254037844378194, -1.500000000000000000, -9.645833333333333925 ) ) ;
#4023 = EDGE_CURVE ( 'NONE', #28, #2682, #5606, .T. ) ;
#4024 = CARTESIAN_POINT ( 'NONE',  ( 0.000000000000000000, 1.296351071171740261E-55, -10.49999999999999822 ) ) ;
#4025 = CARTESIAN_POINT ( 'NONE',  ( -1.017788105676657784, 0.5876202367904177493, 3.833333333333332593 ) ) ;
#4026 = CARTESIAN_POINT ( 'NONE',  ( -1.870113174931182636E-16, -1.527063293868263338, -9.234375000000001776 ) ) ;
#4027 = CARTESIAN_POINT ( 'NONE',  ( 0.000000000000000000, 1.527063293868263338, 7.046874999999997335 ) ) ;
#4028 = EDGE_LOOP ( 'NONE', ( #2150, #2920, #403, #5731 ) ) ;
#4029 = CARTESIAN_POINT ( 'NONE',  ( 1.017788105676657562, -0.5876202367904181934, 2.583333333333331705 ) ) ;
#4030 = CARTESIAN_POINT ( 'NONE',  ( -3.134800047514084489E-16, 1.443375672974064328, 3.681186920870133772 ) ) ;
#4031 = CARTESIAN_POINT ( 'NONE',  ( -1.836970198721029441E-16, -1.499999999999999556, -3.750000000000001332 ) ) ;
#4032 = CARTESIAN_POINT ( 'NONE',  ( -1.439254484199189379E-16, -1.175240473580835276, 1.562499999999998002 ) ) ;
#4033 = CARTESIAN_POINT ( 'NONE',  ( 0.6785254037844380415, -1.175240473580835721, -3.395833333333333925 ) ) ;
#4034 = VERTEX_POINT ( 'NONE', #6854 ) ;
#4035 = CARTESIAN_POINT ( 'NONE',  ( -1.357050807568876971, 8.309539638847778957E-17, -4.625000000000001776 ) ) ;
#4036 = CARTESIAN_POINT ( 'NONE',  ( 1.322475605676658450, 0.7635316469341306700, 1.463541666666665186 ) ) ;
#4037 = EDGE_CURVE ( 'NONE', #4280, #3500, #4580, .T. ) ;
#4038 = CARTESIAN_POINT ( 'NONE',  ( -1.836970198721029441E-16, -1.499999999999999556, -0.7500000000000006661 ) ) ;
#4039 = CARTESIAN_POINT ( 'NONE',  ( 3.184081677783118191E-16, 2.600000000000000089, 7.500000000000000000 ) ) ;
#4040 = CARTESIAN_POINT ( 'NONE',  ( 1.299038105676657340, -0.7500000000000005551, 2.395833333333331261 ) ) ;
#4041 = CARTESIAN_POINT ( 'NONE',  ( -0.6785254037844388186, -1.175240473580835276, -4.979166666666667851 ) ) ;
#4042 =( BOUNDED_CURVE ( )  B_SPLINE_CURVE ( 2, ( #1890, #3154, #4721, #6964, #2030, #1994, #315 ),
 .UNSPECIFIED., .F., .T. ) 
 B_SPLINE_CURVE_WITH_KNOTS ( ( 3, 2, 2, 3 ),
 ( 0.8513513513513514264, 0.8558558558558559959, 0.8603603603603603434, 0.8648648648648649129 ),
 .UNSPECIFIED. ) 
 CURVE ( )  GEOMETRIC_REPRESENTATION_ITEM ( )  RATIONAL_B_SPLINE_CURVE ( ( 0.9999999999999966693, 0.8660254037844419273, 1.000000000000000000, 0.8660254037844385966, 1.000000000000000000, 0.8660254037844385966, 1.000000000000000000 ) ) 
 REPRESENTATION_ITEM ( '' )  );
#4043 = CARTESIAN_POINT ( 'NONE',  ( -0.6785254037844388186, -1.175240473580835276, -1.541666666666668739 ) ) ;
#4044 = CARTESIAN_POINT ( 'NONE',  ( 1.430908802125421930, -0.4499999999999886313, 7.350000000000001421 ) ) ;
#4045 = CARTESIAN_POINT ( 'NONE',  ( -0.8292854048073405870, -1.172072390478026360, 7.306583753136719928 ) ) ;
#4046 = CYLINDRICAL_SURFACE ( 'NONE', #5011, 2.750000000000000000 ) ;
#4047 = DIRECTION ( 'NONE',  ( -0.000000000000000000, 6.173100338913050050E-57, -1.000000000000000000 ) ) ;
#4048 = ADVANCED_FACE ( 'NONE', ( #4686 ), #5163, .T. ) ;
#4049 = CARTESIAN_POINT ( 'NONE',  ( 0.8660254037844394848, 1.499999999999999334, -3.541666666666668739 ) ) ;
#4050 = CARTESIAN_POINT ( 'NONE',  ( 0.8816504037844380415, -1.527063293868264005, 7.807291666666664298 ) ) ;
#4051 = CARTESIAN_POINT ( 'NONE',  ( -1.017788105676657784, 0.5876202367904177493, 5.395833333333330373 ) ) ;
#4052 = ORIENTED_EDGE ( 'NONE', *, *, #6975, .T. ) ;
#4053 = CARTESIAN_POINT ( 'NONE',  ( -1.357050807568876971, 8.309539638847778957E-17, -6.125000000000000888 ) ) ;
#4054 = CARTESIAN_POINT ( 'NONE',  ( -1.836970198721029441E-16, -1.499999999999999778, -2.187500000000001776 ) ) ;
#4055 = CARTESIAN_POINT ( 'NONE',  ( -0.6785254037844382635, 1.175240473580835276, -1.708333333333334370 ) ) ;
#4056 = CARTESIAN_POINT ( 'NONE',  ( 1.357050807568876971, -2.492861891654333810E-16, 2.187499999999998668 ) ) ;
#4057 = AXIS2_PLACEMENT_3D ( 'NONE', #37, #5146, #2311 ) ;
#4058 = CARTESIAN_POINT ( 'NONE',  ( -1.322475605676657784, -0.7635316469341314471, -7.786458333333334814 ) ) ;
#4059 = CARTESIAN_POINT ( 'NONE',  ( 1.322475605676658450, 0.7635316469341306700, -0.06770833333333454995 ) ) ;
#4060 = CARTESIAN_POINT ( 'NONE',  ( 0.6785254037844391517, 1.175240473580835054, -4.229166666666667851 ) ) ;
#4061 = ORIENTED_EDGE ( 'NONE', *, *, #2994, .F. ) ;
#4062 = VECTOR ( 'NONE', #6064, 1000.000000000000000 ) ;
#4063 = CARTESIAN_POINT ( 'NONE',  ( -1.017788105676657784, 0.5876202367904177493, -7.166666666666667851 ) ) ;
#4064 = VECTOR ( 'NONE', #4894, 1000.000000000000000 ) ;
#4065 = DIRECTION ( 'NONE',  ( 0.000000000000000000, 1.000000000000000000, 0.000000000000000000 ) ) ;
#4066 = CARTESIAN_POINT ( 'NONE',  ( -1.827451964197246204E-16, -1.492227771688612314, -10.18301270189221697 ) ) ;
#4067 = CARTESIAN_POINT ( 'NONE',  ( 0.000000000000000000, 1.175240473580835276, 2.249999999999998668 ) ) ;
#4068 = EDGE_CURVE ( 'NONE', #5738, #3047, #142, .T. ) ;
#4069 = CARTESIAN_POINT ( 'NONE',  ( -1.763300807568876971, 1.079710344961584035E-16, -9.859375000000001776 ) ) ;
#4070 = VECTOR ( 'NONE', #7296, 1000.000000000000000 ) ;
#4071 = EDGE_LOOP ( 'NONE', ( #4952, #2879, #1120, #1064 ) ) ;
#4072 = CARTESIAN_POINT ( 'NONE',  ( -1.357050807568876971, 8.309539638847778957E-17, 5.874999999999999112 ) ) ;
#4073 = CARTESIAN_POINT ( 'NONE',  ( 0.000000000000000000, 1.296351071171740261E-55, -10.49999999999999822 ) ) ;
#4074 = DIRECTION ( 'NONE',  ( 0.000000000000000000, 1.000000000000000000, 0.000000000000000000 ) ) ;
#4075 = CARTESIAN_POINT ( 'NONE',  ( 1.357050807568876971, -2.492861891654333810E-16, 2.187499999999998668 ) ) ;
#4076 = VECTOR ( 'NONE', #4047, 1000.000000000000000 ) ;
#4077 = CARTESIAN_POINT ( 'NONE',  ( -1.017788105676657784, 0.5876202367904177493, -5.604166666666667851 ) ) ;
#4078 = EDGE_LOOP ( 'NONE', ( #4511, #5284, #4570, #1048 ) ) ;
#4079 = CARTESIAN_POINT ( 'NONE',  ( 1.017788105676658228, 0.5876202367904167501, -5.333333333333333925 ) ) ;
#4080 = CARTESIAN_POINT ( 'NONE',  ( -1.322475605676657784, 0.7635316469341318912, 0.6302083333333315940 ) ) ;
#4081 = ORIENTED_EDGE ( 'NONE', *, *, #5231, .F. ) ;
#4082 = CARTESIAN_POINT ( 'NONE',  ( 1.017788105676658228, 0.5876202367904167501, -10.27083333333333570 ) ) ;
#4083 = CARTESIAN_POINT ( 'NONE',  ( -0.4044126993943255033, 1.209887892115047547, 10.21891626044851975 ) ) ;
#4084 = CARTESIAN_POINT ( 'NONE',  ( -1.299038105676657784, 0.7500000000000001110, -8.854166666666667851 ) ) ;
#4085 = CARTESIAN_POINT ( 'NONE',  ( 0.6785254037844392627, 1.175240473580835054, -7.229166666666666963 ) ) ;
#4086 = CARTESIAN_POINT ( 'NONE',  ( -1.017788105676657784, 0.5876202367904177493, -1.666666666666666963 ) ) ;
#4087 = CARTESIAN_POINT ( 'NONE',  ( -0.8660254037844260511, 1.500000000000021094, -3.895833333333335702 ) ) ;
#4088 = CARTESIAN_POINT ( 'NONE',  ( 1.732050807568877193, -3.181725716174720005E-16, 0.9374999999999991118 ) ) ;
#4089 = DIRECTION ( 'NONE',  ( -0.000000000000000000, -0.000000000000000000, 1.000000000000000000 ) ) ;
#4090 = CARTESIAN_POINT ( 'NONE',  ( 1.017788105676657562, -0.5876202367904181934, -9.854166666666667851 ) ) ;
#4091 = CARTESIAN_POINT ( 'NONE',  ( -0.6785254037844388186, -1.175240473580835054, 4.020833333333333037 ) ) ;
#4092 = VERTEX_POINT ( 'NONE', #3458 ) ;
#4093 =( BOUNDED_CURVE ( )  B_SPLINE_CURVE ( 2, ( #1923, #4197, #2520, #5896, #770, #6449, #5270 ),
 .UNSPECIFIED., .F., .F. ) 
 B_SPLINE_CURVE_WITH_KNOTS ( ( 3, 2, 2, 3 ),
 ( 0.8648648648648649129, 0.8693693693693693714, 0.8738738738738738299, 0.8783783783783783994 ),
 .UNSPECIFIED. ) 
 CURVE ( )  GEOMETRIC_REPRESENTATION_ITEM ( )  RATIONAL_B_SPLINE_CURVE ( ( 1.000000000000000000, 0.8660254037844387076, 1.000000000000000000, 0.8660254037844387076, 1.000000000000000000, 0.8660254037844387076, 1.000000000000000000 ) ) 
 REPRESENTATION_ITEM ( '' )  );
#4094 = CARTESIAN_POINT ( 'NONE',  ( -0.6785254037844388186, -1.175240473580835276, -6.041666666666666963 ) ) ;
#4095 = CARTESIAN_POINT ( 'NONE',  ( -1.299038105676657784, -0.7499999999999995559, -7.270833333333333925 ) ) ;
#4096 = EDGE_CURVE ( 'NONE', #6694, #3572, #3485, .T. ) ;
#4097 = CARTESIAN_POINT ( 'NONE',  ( 0.6785254037844380415, -1.175240473580835499, -0.9583333333333353687 ) ) ;
#4098 = CARTESIAN_POINT ( 'NONE',  ( 1.017788105676657562, -0.5876202367904181934, 4.645833333333331261 ) ) ;
#4099 = CARTESIAN_POINT ( 'NONE',  ( 0.8816504037844380415, -1.527063293868264005, -5.661458333333333925 ) ) ;
#4100 = CARTESIAN_POINT ( 'NONE',  ( 0.8816504037844392627, 1.527063293868263116, 0.4739583333333331483 ) ) ;
#4101 = CARTESIAN_POINT ( 'NONE',  ( -1.357050807568876749, 8.309539638847778957E-17, -1.562500000000001332 ) ) ;
#4102 = ORIENTED_EDGE ( 'NONE', *, *, #1735, .F. ) ;
#4103 = CARTESIAN_POINT ( 'NONE',  ( 0.000000000000000000, 1.175240473580835276, -8.250000000000000000 ) ) ;
#4104 = CARTESIAN_POINT ( 'NONE',  ( 0.000000000000000000, 1.296351071171740261E-55, -10.49999999999999822 ) ) ;
#4105 = LINE ( 'NONE', #2601, #6531 ) ;
#4106 = CARTESIAN_POINT ( 'NONE',  ( 0.6785254037844392627, 1.175240473580835054, 6.708333333333332149 ) ) ;
#4107 = CARTESIAN_POINT ( 'NONE',  ( -0.8816504037844389297, -1.527063293868263116, -6.276041666666667851 ) ) ;
#4108 = EDGE_LOOP ( 'NONE', ( #1637, #3943, #7268, #5169, #2871, #3847 ) ) ;
#4109 = CARTESIAN_POINT ( 'NONE',  ( -1.439254484199189379E-16, -1.175240473580835276, 6.999999999999997335 ) ) ;
#4110 = DIRECTION ( 'NONE',  ( -0.000000000000000000, 6.173100338913050050E-57, -1.000000000000000000 ) ) ;
#4111 = CARTESIAN_POINT ( 'NONE',  ( -1.827451964197246204E-16, -1.492227771688612314, -10.18301270189221697 ) ) ;
#4112 = CARTESIAN_POINT ( 'NONE',  ( -0.6785254037844388186, -1.175240473580835276, 3.020833333333331705 ) ) ;
#4113 = CARTESIAN_POINT ( 'NONE',  ( 0.6785254037844380415, -1.175240473580835721, -1.895833333333334370 ) ) ;
#4114 = VERTEX_POINT ( 'NONE', #5747 ) ;
#4115 = CARTESIAN_POINT ( 'NONE',  ( -1.357050807568876971, 8.309539638847778957E-17, -2.125000000000001776 ) ) ;
#4116 = AXIS2_PLACEMENT_3D ( 'NONE', #5358, #751, #5286 ) ;
#4117 = CARTESIAN_POINT ( 'NONE',  ( -1.870113174931182636E-16, -1.527063293868263338, 1.296874999999997780 ) ) ;
#4118 = ORIENTED_EDGE ( 'NONE', *, *, #4267, .T. ) ;
#4119 = CARTESIAN_POINT ( 'NONE',  ( 1.017788105676657562, -0.5876202367904181934, -9.854166666666667851 ) ) ;
#4120 = CARTESIAN_POINT ( 'NONE',  ( -1.299038105676657784, 0.7500000000000001110, -2.854166666666667851 ) ) ;
#4121 = CARTESIAN_POINT ( 'NONE',  ( 0.8660254037844394848, 1.499999999999999334, -5.541666666666669627 ) ) ;
#4122 = CARTESIAN_POINT ( 'NONE',  ( 0.000000000000000000, 1.175240473580835276, -5.687500000000000888 ) ) ;
#4123 = CARTESIAN_POINT ( 'NONE',  ( -0.8660254037844244968, 1.500000000000023759, -8.958333333333335702 ) ) ;
#4124 = CARTESIAN_POINT ( 'NONE',  ( 0.000000000000000000, 1.499999999999999778, 3.062499999999999112 ) ) ;
#4125 = CARTESIAN_POINT ( 'NONE',  ( -1.836970198721029441E-16, -1.499999999999999556, -6.250000000000000888 ) ) ;
#4126 = CARTESIAN_POINT ( 'NONE',  ( 0.000000000000000000, 0.000000000000000000, 0.000000000000000000 ) ) ;
#4127 = CARTESIAN_POINT ( 'NONE',  ( 1.322475605676657340, -0.7635316469341323353, 7.848958333333333037 ) ) ;
#4128 = CARTESIAN_POINT ( 'NONE',  ( -1.017788105676658006, -0.5876202367904174162, 5.979166666666665186 ) ) ;
#4129 = ORIENTED_EDGE ( 'NONE', *, *, #4604, .T. ) ;
#4130 = CARTESIAN_POINT ( 'NONE',  ( 0.6785254037844392627, 1.175240473580835054, -5.291666666666667851 ) ) ;
#4131 = CARTESIAN_POINT ( 'NONE',  ( 1.185809107716474076, 0.2583979547579549063, 7.162499999999997868 ) ) ;
#4132 = CARTESIAN_POINT ( 'NONE',  ( -1.357050807568876749, 8.309539638847778957E-17, 0.3749999999999986122 ) ) ;
#4133 = CARTESIAN_POINT ( 'NONE',  ( -1.017788105676658006, -0.5876202367904174162, 3.479166666666665186 ) ) ;
#4134 = CARTESIAN_POINT ( 'NONE',  ( -0.8816504037844382635, 1.527063293868263338, -5.411458333333334814 ) ) ;
#4135 = CARTESIAN_POINT ( 'NONE',  ( -1.763300807568876971, 1.079710344961584035E-16, 1.140624999999999334 ) ) ;
#4136 = EDGE_CURVE ( 'NONE', #4669, #2307, #2684, .T. ) ;
#4137 = CARTESIAN_POINT ( 'NONE',  ( 1.017788105676657562, -0.5876202367904181934, -2.354166666666667407 ) ) ;
#4138 = EDGE_LOOP ( 'NONE', ( #2989, #4879, #3962, #4061, #2849, #6025 ) ) ;
#4139 = CARTESIAN_POINT ( 'NONE',  ( 0.6785254037844391517, 1.175240473580835054, -9.291666666666666075 ) ) ;
#4140 = DIRECTION ( 'NONE',  ( -0.000000000000000000, 6.173100338913050050E-57, -1.000000000000000000 ) ) ;
#4141 = CARTESIAN_POINT ( 'NONE',  ( -1.836970198721029441E-16, -1.499999999999999556, -2.750000000000000888 ) ) ;
#4142 = CARTESIAN_POINT ( 'NONE',  ( -1.017788105676657784, 0.5876202367904177493, 5.333333333333330373 ) ) ;
#4143 = CARTESIAN_POINT ( 'NONE',  ( -1.870113174931182636E-16, -1.527063293868263338, -7.734375000000000888 ) ) ;
#4144 = EDGE_CURVE ( 'NONE', #3618, #2774, #6339, .T. ) ;
#4145 = ORIENTED_EDGE ( 'NONE', *, *, #1401, .F. ) ;
#4146 = CARTESIAN_POINT ( 'NONE',  ( 1.017788105676658228, 0.5876202367904167501, 5.666666666666665186 ) ) ;
#4147 = CARTESIAN_POINT ( 'NONE',  ( 1.836970198721029688E-16, -1.499999999999999778, -10.49999999999999822 ) ) ;
#4148 = CARTESIAN_POINT ( 'NONE',  ( -0.8660254037844329345, -1.500000000000009992, -5.791666666666668739 ) ) ;
#4149 = CARTESIAN_POINT ( 'NONE',  ( -0.6785254037844383745, 1.175240473580835499, 0.8541666666666662966 ) ) ;
#4150 = CARTESIAN_POINT ( 'NONE',  ( 0.6785254037844392627, 1.175240473580835054, -3.229166666666667407 ) ) ;
#4151 = CARTESIAN_POINT ( 'NONE',  ( 0.000000000000000000, 1.499999999999999778, -6.437500000000001776 ) ) ;
#4152 = CARTESIAN_POINT ( 'NONE',  ( 0.6785254037844380415, -1.175240473580835721, -3.458333333333333925 ) ) ;
#4153 = CARTESIAN_POINT ( 'NONE',  ( -1.870113174931182636E-16, -1.527063293868263338, 2.296874999999998668 ) ) ;
#4154 = VERTEX_POINT ( 'NONE', #6928 ) ;
#4155 = CARTESIAN_POINT ( 'NONE',  ( -0.6785254037844382635, 1.175240473580835276, -9.645833333333333925 ) ) ;
#4156 = EDGE_CURVE ( 'NONE', #2131, #5818, #2364, .T. ) ;
#4157 = CARTESIAN_POINT ( 'NONE',  ( 0.8660254037844407060, -1.499999999999994449, 3.854166666666666075 ) ) ;
#4158 = CARTESIAN_POINT ( 'NONE',  ( -0.8660254037844391517, -1.499999999999999334, 2.270833333333331261 ) ) ;
#4159 = CARTESIAN_POINT ( 'NONE',  ( -1.017788105676658006, -0.5876202367904174162, -7.020833333333333925 ) ) ;
#4160 = CARTESIAN_POINT ( 'NONE',  ( -1.017788105676658006, -0.5876202367904174162, -10.58333333333333393 ) ) ;
#4161 = LINE ( 'NONE', #4309, #616 ) ;
#4162 = EDGE_CURVE ( 'NONE', #5741, #4933, #5348, .T. ) ;
#4163 = CARTESIAN_POINT ( 'NONE',  ( 1.017788105676658228, 0.5876202367904167501, -10.27083333333333570 ) ) ;
#4164 = CARTESIAN_POINT ( 'NONE',  ( 0.6785254037844380415, -1.175240473580835499, 5.604166666666665186 ) ) ;
#4165 = ORIENTED_EDGE ( 'NONE', *, *, #4869, .T. ) ;
#4166 = CARTESIAN_POINT ( 'NONE',  ( -0.6785254037844388186, -1.175240473580835276, -7.041666666666667851 ) ) ;
#4167 = DIRECTION ( 'NONE',  ( 0.000000000000000000, -1.000000000000000000, -6.173100338913050050E-57 ) ) ;
#4168 = ADVANCED_FACE ( 'NONE', ( #1889 ), #732, .T. ) ;
#4169 = CARTESIAN_POINT ( 'NONE',  ( 0.6785254037844391517, 1.175240473580835054, -0.7916666666666679619 ) ) ;
#4170 = CARTESIAN_POINT ( 'NONE',  ( -0.6785254037844383745, 1.175240473580835499, 4.854166666666664298 ) ) ;
#4171 = CARTESIAN_POINT ( 'NONE',  ( -1.870113174931182636E-16, -1.527063293868263338, -4.203125000000000888 ) ) ;
#4172 = CARTESIAN_POINT ( 'NONE',  ( 1.322475605676658450, 0.7635316469341306700, 0.9322916666666662966 ) ) ;
#4173 = CARTESIAN_POINT ( 'NONE',  ( -0.6785254037844382635, 1.175240473580835276, -3.645833333333334370 ) ) ;
#4174 = ORIENTED_EDGE ( 'NONE', *, *, #219, .F. ) ;
#4175 = CARTESIAN_POINT ( 'NONE',  ( -0.6785254037844388186, -1.175240473580835054, -9.541666666666667851 ) ) ;
#4176 = CARTESIAN_POINT ( 'NONE',  ( -0.8660254037844389297, -1.499999999999999334, 5.708333333333333037 ) ) ;
#4177 = CARTESIAN_POINT ( 'NONE',  ( 0.000000000000000000, 1.296351071171740261E-55, -10.49999999999999822 ) ) ;
#4178 = CARTESIAN_POINT ( 'NONE',  ( -1.357050807568876971, 8.309539638847778957E-17, 4.874999999999999112 ) ) ;
#4179 = CARTESIAN_POINT ( 'NONE',  ( -0.8816504037844382635, 1.527063293868263338, -7.942708333333334814 ) ) ;
#4180 = ORIENTED_EDGE ( 'NONE', *, *, #278, .T. ) ;
#4181 = CARTESIAN_POINT ( 'NONE',  ( -0.6785254037844383745, 1.175240473580835499, 5.791666666666665186 ) ) ;
#4182 = CARTESIAN_POINT ( 'NONE',  ( -1.732050807568877193, 1.060575238724906792E-16, -0.3125000000000020539 ) ) ;
#4183 = CARTESIAN_POINT ( 'NONE',  ( -1.017788105676658006, -0.5876202367904174162, 5.479166666666665186 ) ) ;
#4184 = EDGE_CURVE ( 'NONE', #1893, #4826, #5003, .T. ) ;
#4185 = CARTESIAN_POINT ( 'NONE',  ( 0.6785254037844392627, 1.175240473580835054, -2.729166666666667851 ) ) ;
#4186 = CARTESIAN_POINT ( 'NONE',  ( 0.6785254037844380415, -1.175240473580835499, 7.041666666666666963 ) ) ;
#4187 = VECTOR ( 'NONE', #726, 1000.000000000000000 ) ;
#4188 = EDGE_LOOP ( 'NONE', ( #2745, #2242, #5034, #5815 ) ) ;
#4189 = CARTESIAN_POINT ( 'NONE',  ( 1.357050807568876971, -2.492861891654333810E-16, -1.375000000000001110 ) ) ;
#4190 = CARTESIAN_POINT ( 'NONE',  ( 1.763300807568876971, -3.239131034884752106E-16, 1.921874999999998446 ) ) ;
#4191 = ORIENTED_EDGE ( 'NONE', *, *, #6843, .F. ) ;
#4192 = CARTESIAN_POINT ( 'NONE',  ( 1.017788105676657562, -0.5876202367904181934, -8.854166666666667851 ) ) ;
#4193 = CYLINDRICAL_SURFACE ( 'NONE', #5720, 1.499999999999999778 ) ;
#4194 = DIRECTION ( 'NONE',  ( -0.000000000000000000, 6.173100338913050050E-57, -1.000000000000000000 ) ) ;
#4195 = CARTESIAN_POINT ( 'NONE',  ( 0.000000000000000000, 1.175240473580835276, -5.187500000000000888 ) ) ;
#4196 = CARTESIAN_POINT ( 'NONE',  ( -0.3719065127034357210, 1.307860721687147620, -10.32806681175228469 ) ) ;
#4197 = CARTESIAN_POINT ( 'NONE',  ( 0.8660254037844392627, 1.499999999999999334, -8.479166666666667851 ) ) ;
#4198 = CARTESIAN_POINT ( 'NONE',  ( -1.357050807568876971, 8.309539638847778957E-17, -10.56250000000000000 ) ) ;
#4199 = CARTESIAN_POINT ( 'NONE',  ( -1.357050807568876749, 8.309539638847778957E-17, 4.937499999999999112 ) ) ;
#4200 = ORIENTED_EDGE ( 'NONE', *, *, #3325, .F. ) ;
#4201 = CARTESIAN_POINT ( 'NONE',  ( -1.299038105676657784, -0.7499999999999995559, -2.270833333333334814 ) ) ;
#4202 = CARTESIAN_POINT ( 'NONE',  ( 1.017788105676657562, -0.5876202367904181934, 1.583333333333332371 ) ) ;
#4203 = CARTESIAN_POINT ( 'NONE',  ( 1.017788105676658228, 0.5876202367904167501, 6.229166666666666075 ) ) ;
#4204 = CARTESIAN_POINT ( 'NONE',  ( 0.000000000000000000, 1.499999999999999778, 0.5624999999999987788 ) ) ;
#4205 = CARTESIAN_POINT ( 'NONE',  ( 1.763300807568876971, -3.239131034884752106E-16, -4.578125000000001776 ) ) ;
#4206 = CARTESIAN_POINT ( 'NONE',  ( -1.870113174931182636E-16, -1.527063293868263338, 1.265624999999999334 ) ) ;
#4207 = CARTESIAN_POINT ( 'NONE',  ( -1.017788105676658006, -0.5876202367904174162, -2.020833333333334370 ) ) ;
#4208 = VERTEX_POINT ( 'NONE', #6662 ) ;
#4209 = CARTESIAN_POINT ( 'NONE',  ( 0.6785254037844391517, 1.175240473580835054, -8.791666666666667851 ) ) ;
#4210 = CARTESIAN_POINT ( 'NONE',  ( 0.8660254037844501429, -1.499999999999978462, -1.145833333333334147 ) ) ;
#4211 = CARTESIAN_POINT ( 'NONE',  ( 0.6785254037844380415, -1.175240473580835721, 5.541666666666665186 ) ) ;
#4212 = CARTESIAN_POINT ( 'NONE',  ( -1.763300807568876971, 1.079710344961584035E-16, -5.859375000000000888 ) ) ;
#4213 = ORIENTED_EDGE ( 'NONE', *, *, #3402, .F. ) ;
#4214 = CARTESIAN_POINT ( 'NONE',  ( -0.6785254037844388186, -1.175240473580835276, 4.958333333333330373 ) ) ;
#4215 = CARTESIAN_POINT ( 'NONE',  ( 0.8660254037844515862, 1.499999999999978018, -1.979166666666668073 ) ) ;
#4216 = CARTESIAN_POINT ( 'NONE',  ( 1.017788105676658228, 0.5876202367904167501, 4.229166666666666075 ) ) ;
#4217 = CARTESIAN_POINT ( 'NONE',  ( 0.000000000000000000, 1.175240473580835276, -1.187500000000001110 ) ) ;
#4218 = DIRECTION ( 'NONE',  ( 0.000000000000000000, 1.000000000000000000, 0.000000000000000000 ) ) ;
#4219 = EDGE_LOOP ( 'NONE', ( #5505, #6570, #6794, #3553 ) ) ;
#4220 = CARTESIAN_POINT ( 'NONE',  ( 1.017788105676658228, 0.5876202367904167501, -1.833333333333334370 ) ) ;
#4221 = CARTESIAN_POINT ( 'NONE',  ( -1.322475605676657784, 0.7635316469341318912, 1.630208333333332371 ) ) ;
#4222 = VERTEX_POINT ( 'NONE', #4419 ) ;
#4223 = CARTESIAN_POINT ( 'NONE',  ( -1.357050807568876749, 8.309539638847778957E-17, -7.562500000000001776 ) ) ;
#4224 = EDGE_CURVE ( 'NONE', #1497, #646, #349, .T. ) ;
#4225 = CARTESIAN_POINT ( 'NONE',  ( 0.8660254037844515862, 1.499999999999978018, -7.979166666666668739 ) ) ;
#4226 = FACE_BOUND ( 'NONE', #6678, .T. ) ;
#4227 = CARTESIAN_POINT ( 'NONE',  ( -1.017788105676657784, 0.5876202367904177493, -4.104166666666667851 ) ) ;
#4228 = CARTESIAN_POINT ( 'NONE',  ( -1.357050807568876971, 8.309539638847778957E-17, -9.125000000000001776 ) ) ;
#4229 = CARTESIAN_POINT ( 'NONE',  ( 1.836970198721029688E-16, -1.499999999999999778, -10.49999999999999822 ) ) ;
#4230 = APPLICATION_PROTOCOL_DEFINITION ( 'draft international standard', 'automotive_design', 1998, #4360 ) ;
#4231 = CARTESIAN_POINT ( 'NONE',  ( 0.6785254037844380415, -1.175240473580835721, -7.895833333333333925 ) ) ;
#4232 = EDGE_CURVE ( 'NONE', #3891, #611, #911, .T. ) ;
#4233 = CARTESIAN_POINT ( 'NONE',  ( 1.121107958840559027, -0.3525721420742994883, 7.162499999999996092 ) ) ;
#4234 = CARTESIAN_POINT ( 'NONE',  ( -1.732050807568877193, 1.060575238724906792E-16, 5.687500000000000000 ) ) ;
#4235 = CARTESIAN_POINT ( 'NONE',  ( 6.789378324698039230E-16, -1.443375672974064772, 10.39174682452694576 ) ) ;
#4236 = EDGE_CURVE ( 'NONE', #2287, #2571, #7258, .T. ) ;
#4237 = CARTESIAN_POINT ( 'NONE',  ( -0.6785254037844382635, 1.175240473580835276, 1.791666666666665408 ) ) ;
#4238 = CARTESIAN_POINT ( 'NONE',  ( -1.439254484199189379E-16, -1.175240473580835276, 6.562499999999997335 ) ) ;
#4239 =( BOUNDED_CURVE ( )  B_SPLINE_CURVE ( 2, ( #1855, #658, #1297, #1261, #1986, #4260, #2409 ),
 .UNSPECIFIED., .F., .F. ) 
 B_SPLINE_CURVE_WITH_KNOTS ( ( 3, 2, 2, 3 ),
 ( 0.1216216216216215590, 0.1261261261261261424, 0.1306306306306306009, 0.1351351351351350594 ),
 .UNSPECIFIED. ) 
 CURVE ( )  GEOMETRIC_REPRESENTATION_ITEM ( )  RATIONAL_B_SPLINE_CURVE ( ( 1.000000000000001332, 0.8660254037844375974, 1.000000000000000000, 0.8660254037844387076, 1.000000000000000000, 0.8660254037844395958, 0.9999999999999991118 ) ) 
 REPRESENTATION_ITEM ( '' )  );
#4240 = CARTESIAN_POINT ( 'NONE',  ( 0.9990264287929593312, 0.8310590614052365543, -10.38631906387030135 ) ) ;
#4241 = CARTESIAN_POINT ( 'NONE',  ( 1.322475605676658450, 0.7635316469341306700, -3.536458333333334814 ) ) ;
#4242 = CARTESIAN_POINT ( 'NONE',  ( 1.763300807568876971, -3.239131034884752106E-16, 2.890624999999999112 ) ) ;
#4243 = VERTEX_POINT ( 'NONE', #3229 ) ;
#4244 = CARTESIAN_POINT ( 'NONE',  ( 1.357050807568876749, -2.492861891654333810E-16, -3.312500000000001332 ) ) ;
#4245 = VERTEX_POINT ( 'NONE', #4307 ) ;
#4246 = CARTESIAN_POINT ( 'NONE',  ( -1.017788105676658006, -0.5876202367904174162, 0.9166666666666646313 ) ) ;
#4247 = CARTESIAN_POINT ( 'NONE',  ( 1.357050807568876749, -2.492861891654333810E-16, -6.875000000000000888 ) ) ;
#4248 = FACE_OUTER_BOUND ( 'NONE', #1530, .T. ) ;
#4249 = CARTESIAN_POINT ( 'NONE',  ( 0.8660254037844331565, 1.500000000000009992, -0.9791666666666676289 ) ) ;
#4250 = CARTESIAN_POINT ( 'NONE',  ( -1.017788105676657784, 0.5876202367904177493, 4.833333333333332149 ) ) ;
#4251 = CARTESIAN_POINT ( 'NONE',  ( -0.8816504037844382635, 1.527063293868263338, -3.942708333333334370 ) ) ;
#4252 = EDGE_LOOP ( 'NONE', ( #3245, #826, #3059, #5726 ) ) ;
#4253 =( BOUNDED_CURVE ( )  B_SPLINE_CURVE ( 2, ( #3575, #5204, #5901, #6386, #3646, #94, #211 ),
 .UNSPECIFIED., .F., .T. ) 
 B_SPLINE_CURVE_WITH_KNOTS ( ( 3, 2, 2, 3 ),
 ( 0.4729729729729729160, 0.4774774774774774300, 0.4819819819819818885, 0.4864864864864865135 ),
 .UNSPECIFIED. ) 
 CURVE ( )  GEOMETRIC_REPRESENTATION_ITEM ( )  RATIONAL_B_SPLINE_CURVE ( ( 1.000000000000003331, 0.8660254037844353769, 1.000000000000000000, 0.8660254037844387076, 1.000000000000000000, 0.8660254037844387076, 1.000000000000000000 ) ) 
 REPRESENTATION_ITEM ( '' )  );
#4254 = CARTESIAN_POINT ( 'NONE',  ( 0.000000000000000000, 1.499999999999999556, -0.5000000000000005551 ) ) ;
#4255 = CARTESIAN_POINT ( 'NONE',  ( 0.6785254037844392627, 1.175240473580835054, 4.770833333333331261 ) ) ;
#4256 = CARTESIAN_POINT ( 'NONE',  ( 0.6785254037844380415, -1.175240473580835721, -2.895833333333334370 ) ) ;
#4257 = DIRECTION ( 'NONE',  ( -0.000000000000000000, -0.000000000000000000, 1.000000000000000000 ) ) ;
#4258 = CARTESIAN_POINT ( 'NONE',  ( 1.052468259152689933, 0.8357328402387221855, 10.28741758375678650 ) ) ;
#4259 = CARTESIAN_POINT ( 'NONE',  ( 1.017788105676657562, -0.5876202367904181934, -1.916666666666667185 ) ) ;
#4260 = CARTESIAN_POINT ( 'NONE',  ( -0.8660254037844412611, 1.499999999999994449, 5.104166666666666075 ) ) ;
#4261 = CARTESIAN_POINT ( 'NONE',  ( 0.000000000000000000, 1.527063293868263338, 4.046874999999998224 ) ) ;
#4262 = VERTEX_POINT ( 'NONE', #6150 ) ;
#4263 = CARTESIAN_POINT ( 'NONE',  ( -0.6785254037844388186, -1.175240473580835054, -7.479166666666667851 ) ) ;
#4264 = CARTESIAN_POINT ( 'NONE',  ( -1.836970198721029441E-16, -1.499999999999999778, 2.812499999999999112 ) ) ;
#4265 = CARTESIAN_POINT ( 'NONE',  ( -1.299038105676657784, -0.7499999999999995559, -8.270833333333335702 ) ) ;
#4266 = CARTESIAN_POINT ( 'NONE',  ( 0.000000000000000000, 1.175240473580835276, -3.687500000000000888 ) ) ;
#4267 = EDGE_CURVE ( 'NONE', #5838, #6828, #418, .T. ) ;
#4268 = CARTESIAN_POINT ( 'NONE',  ( 1.017788105676657562, -0.5876202367904181934, -9.916666666666667851 ) ) ;
#4269 = CARTESIAN_POINT ( 'NONE',  ( 1.299038105676657340, -0.7500000000000005551, -9.104166666666667851 ) ) ;
#4270 = CARTESIAN_POINT ( 'NONE',  ( -0.6785254037844383745, 1.175240473580835499, -7.645833333333333925 ) ) ;
#4271 = CARTESIAN_POINT ( 'NONE',  ( 1.017788105676658228, 0.5876202367904167501, 6.729166666666666075 ) ) ;
#4272 = CARTESIAN_POINT ( 'NONE',  ( 0.8660254037844480335, 1.499999999999984013, 7.020833333333331261 ) ) ;
#4273 = DIRECTION ( 'NONE',  ( -0.000000000000000000, 6.173100338913050050E-57, -1.000000000000000000 ) ) ;
#4274 = ADVANCED_FACE ( 'NONE', ( #4939 ), #5999, .T. ) ;
#4275 = CARTESIAN_POINT ( 'NONE',  ( 0.000000000000000000, 1.175240473580835276, 1.749999999999998002 ) ) ;
#4276 = CARTESIAN_POINT ( 'NONE',  ( -1.357050807568876971, 8.309539638847778957E-17, 6.937499999999999112 ) ) ;
#4277 = CARTESIAN_POINT ( 'NONE',  ( 0.000000000000000000, 1.499999999999999556, 4.499999999999999112 ) ) ;
#4278 = CARTESIAN_POINT ( 'NONE',  ( -1.763300807568876971, 1.079710344961584035E-16, -2.828125000000000888 ) ) ;
#4279 = CARTESIAN_POINT ( 'NONE',  ( -1.322475605676657784, 0.7635316469341318912, 3.098958333333332149 ) ) ;
#4280 = VERTEX_POINT ( 'NONE', #3266 ) ;
#4281 = CARTESIAN_POINT ( 'NONE',  ( 0.000000000000000000, 1.175240473580835276, -0.6875000000000006661 ) ) ;
#4282 = ORIENTED_EDGE ( 'NONE', *, *, #582, .T. ) ;
#4283 = CARTESIAN_POINT ( 'NONE',  ( 0.6785254037844380415, -1.175240473580835499, -5.958333333333333925 ) ) ;
#4284 =( BOUNDED_CURVE ( )  B_SPLINE_CURVE ( 2, ( #4748, #4889, #4289, #5990, #7129, #1355, #3627 ),
 .UNSPECIFIED., .F., .T. ) 
 B_SPLINE_CURVE_WITH_KNOTS ( ( 3, 2, 2, 3 ),
 ( 0.7297297297297297147, 0.7342342342342342842, 0.7387387387387387427, 0.7432432432432432012 ),
 .UNSPECIFIED. ) 
 CURVE ( )  GEOMETRIC_REPRESENTATION_ITEM ( )  RATIONAL_B_SPLINE_CURVE ( ( 1.000000000000000000, 0.8660254037844387076, 1.000000000000000000, 0.8660254037844387076, 1.000000000000000000, 0.8660254037844387076, 1.000000000000000000 ) ) 
 REPRESENTATION_ITEM ( '' )  );
#4285 = DIRECTION ( 'NONE',  ( -0.000000000000000000, 0.000000000000000000, 1.000000000000000000 ) ) ;
#4286 = CARTESIAN_POINT ( 'NONE',  ( 0.000000000000000000, 1.527063293868263338, -9.453125000000001776 ) ) ;
#4287 = CARTESIAN_POINT ( 'NONE',  ( 0.8816504037844380415, -1.527063293868264005, -5.692708333333333925 ) ) ;
#4288 = ORIENTED_EDGE ( 'NONE', *, *, #1365, .F. ) ;
#4289 = CARTESIAN_POINT ( 'NONE',  ( 1.299038105676658672, 0.7499999999999987788, -6.020833333333334814 ) ) ;
#4290 = CARTESIAN_POINT ( 'NONE',  ( 0.000000000000000000, 0.000000000000000000, 10.49999999999999822 ) ) ;
#4291 = CARTESIAN_POINT ( 'NONE',  ( -1.357050807568876971, 8.309539638847778957E-17, 5.437500000000000000 ) ) ;
#4292 = ADVANCED_FACE ( 'NONE', ( #7177 ), #1549, .T. ) ;
#4293 = CARTESIAN_POINT ( 'NONE',  ( -1.017788105676657784, 0.5876202367904177493, 0.8958333333333318160 ) ) ;
#4294 = CARTESIAN_POINT ( 'NONE',  ( 0.000000000000000000, 1.499999999999999556, 2.999999999999999112 ) ) ;
#4295 = CARTESIAN_POINT ( 'NONE',  ( 0.000000000000000000, 1.499999999999999556, -7.500000000000000888 ) ) ;
#4296 = CARTESIAN_POINT ( 'NONE',  ( 0.000000000000000000, 1.175240473580835276, -0.2500000000000019429 ) ) ;
#4297 = CARTESIAN_POINT ( 'NONE',  ( 0.000000000000000000, 1.499999999999999778, -5.937500000000000888 ) ) ;
#4298 = CARTESIAN_POINT ( 'NONE',  ( 1.322475605676658450, 0.7635316469341306700, 2.963541666666664742 ) ) ;
#4299 = AXIS2_PLACEMENT_3D ( 'NONE', #4823, #760, #6439 ) ;
#4300 =( BOUNDED_CURVE ( )  B_SPLINE_CURVE ( 2, ( #6289, #5667, #642, #2991, #6952, #3520, #1249 ),
 .UNSPECIFIED., .F., .F. ) 
 B_SPLINE_CURVE_WITH_KNOTS ( ( 3, 2, 2, 3 ),
 ( 0.2162162162162162282, 0.2207207207207206867, 0.2252252252252252007, 0.2297297297297296870 ),
 .UNSPECIFIED. ) 
 CURVE ( )  GEOMETRIC_REPRESENTATION_ITEM ( )  RATIONAL_B_SPLINE_CURVE ( ( 1.000000000000000000, 0.8660254037844385966, 1.000000000000000000, 0.8660254037844385966, 1.000000000000000000, 0.8660254037844402619, 0.9999999999999983347 ) ) 
 REPRESENTATION_ITEM ( '' )  );
#4301 = ORIENTED_EDGE ( 'NONE', *, *, #407, .T. ) ;
#4302 = CARTESIAN_POINT ( 'NONE',  ( 1.017788105676658228, 0.5876202367904167501, -7.770833333333334814 ) ) ;
#4303 = CARTESIAN_POINT ( 'NONE',  ( 1.299038105676658450, 0.7499999999999986677, 4.916666666666664298 ) ) ;
#4304 = CYLINDRICAL_SURFACE ( 'NONE', #6468, 1.499999999999999778 ) ;
#4305 = CARTESIAN_POINT ( 'NONE',  ( 1.017788105676657562, -0.5876202367904181934, -2.854166666666667851 ) ) ;
#4306 = VECTOR ( 'NONE', #4458, 1000.000000000000000 ) ;
#4307 = CARTESIAN_POINT ( 'NONE',  ( -1.249999999999999778, 0.7216878364870316087, 10.39174682452694398 ) ) ;
#4308 = CARTESIAN_POINT ( 'NONE',  ( -0.6785254037844383745, 1.175240473580835499, -9.708333333333333925 ) ) ;
#4309 = CARTESIAN_POINT ( 'NONE',  ( 1.250000000000000000, -0.7216878364870323859, 8.500000000000000000 ) ) ;
#4310 = CARTESIAN_POINT ( 'NONE',  ( 0.000000000000000000, 1.175240473580835276, -6.187500000000000888 ) ) ;
#4311 = VECTOR ( 'NONE', #1746, 999.9999999999998863 ) ;
#4312 = LINE ( 'NONE', #2069, #2995 ) ;
#4313 = CARTESIAN_POINT ( 'NONE',  ( 1.017788105676657562, -0.5876202367904181934, 2.083333333333333037 ) ) ;
#4314 = DIRECTION ( 'NONE',  ( 0.000000000000000000, 1.000000000000000000, 0.000000000000000000 ) ) ;
#4315 = CARTESIAN_POINT ( 'NONE',  ( -1.836970198721029441E-16, -1.499999999999999556, 3.249999999999999556 ) ) ;
#4316 = VECTOR ( 'NONE', #5823, 1000.000000000000000 ) ;
#4317 = CARTESIAN_POINT ( 'NONE',  ( -1.017788105676658006, -0.5876202367904174162, 1.416666666666664964 ) ) ;
#4318 = CARTESIAN_POINT ( 'NONE',  ( 1.017788105676658228, 0.5876202367904167501, 5.229166666666665186 ) ) ;
#4319 = CARTESIAN_POINT ( 'NONE',  ( 1.836970198721029688E-16, -1.499999999999999778, -10.49999999999999822 ) ) ;
#4320 = CARTESIAN_POINT ( 'NONE',  ( -0.8660254037844391517, -1.499999999999999334, -6.229166666666667851 ) ) ;
#4321 = CARTESIAN_POINT ( 'NONE',  ( -0.8816504037844382635, 1.527063293868263338, 2.557291666666666075 ) ) ;
#4322 = ORIENTED_EDGE ( 'NONE', *, *, #1976, .T. ) ;
#4323 = CARTESIAN_POINT ( 'NONE',  ( -1.017788105676657784, 0.5876202367904177493, -0.1041666666666673374 ) ) ;
#4324 = ORIENTED_EDGE ( 'NONE', *, *, #1869, .T. ) ;
#4325 = ADVANCED_FACE ( 'NONE', ( #2696 ), #5651, .T. ) ;
#4326 = CARTESIAN_POINT ( 'NONE',  ( 1.017788105676658228, 0.5876202367904167501, -4.833333333333334814 ) ) ;
#4327 = CARTESIAN_POINT ( 'NONE',  ( 0.8660254037844453689, 1.499999999999988676, 0.02083333333333216991 ) ) ;
#4328 = CARTESIAN_POINT ( 'NONE',  ( 1.017788105676657562, -0.5876202367904181934, 7.583333333333332149 ) ) ;
#4329 = CARTESIAN_POINT ( 'NONE',  ( -1.870113174931182636E-16, -1.527063293868263338, -4.734375000000000888 ) ) ;
#4330 = ORIENTED_EDGE ( 'NONE', *, *, #2086, .F. ) ;
#4331 = CARTESIAN_POINT ( 'NONE',  ( 0.6785254037844392627, 1.175240473580835054, -0.2916666666666675178 ) ) ;
#4332 = ADVANCED_FACE ( 'NONE', ( #5145 ), #5802, .T. ) ;
#4333 = DIRECTION ( 'NONE',  ( 0.000000000000000000, 1.000000000000000000, 0.000000000000000000 ) ) ;
#4334 =( BOUNDED_CURVE ( )  B_SPLINE_CURVE ( 2, ( #5927, #6587, #5377, #3637, #4303, #2025, #2588 ),
 .UNSPECIFIED., .F., .F. ) 
 B_SPLINE_CURVE_WITH_KNOTS ( ( 3, 2, 2, 3 ),
 ( 0.8243243243243243423, 0.8288288288288288008, 0.8333333333333334814, 0.8378378378378379399 ),
 .UNSPECIFIED. ) 
 CURVE ( )  GEOMETRIC_REPRESENTATION_ITEM ( )  RATIONAL_B_SPLINE_CURVE ( ( 1.000000000000000000, 0.8660254037844385966, 1.000000000000000000, 0.8660254037844385966, 1.000000000000000000, 0.8660254037844352659, 1.000000000000003331 ) ) 
 REPRESENTATION_ITEM ( '' )  );
#4335 = CARTESIAN_POINT ( 'NONE',  ( -0.6785254037844383745, 1.175240473580835499, 4.854166666666664298 ) ) ;
#4336 = CARTESIAN_POINT ( 'NONE',  ( -1.357050807568876971, 8.309539638847778957E-17, -0.5625000000000004441 ) ) ;
#4337 = CARTESIAN_POINT ( 'NONE',  ( -1.299038105676657784, 0.7500000000000001110, 0.1458333333333311499 ) ) ;
#4338 = LINE ( 'NONE', #6580, #7236 ) ;
#4339 = CARTESIAN_POINT ( 'NONE',  ( -1.439254484199189379E-16, -1.175240473580835276, 1.499999999999997780 ) ) ;
#4340 = CARTESIAN_POINT ( 'NONE',  ( 1.836970198721029688E-16, -1.499999999999999778, -10.49999999999999822 ) ) ;
#4341 = CARTESIAN_POINT ( 'NONE',  ( -1.322475605676657784, 0.7635316469341318912, 5.630208333333330373 ) ) ;
#4342 = ORIENTED_EDGE ( 'NONE', *, *, #3188, .F. ) ;
#4343 = CARTESIAN_POINT ( 'NONE',  ( -1.439254484199189379E-16, -1.175240473580835276, -7.937500000000000000 ) ) ;
#4344 = CARTESIAN_POINT ( 'NONE',  ( -0.7257695262617583909, -0.9715026437935615489, -10.47355319930574780 ) ) ;
#4345 = DIRECTION ( 'NONE',  ( -0.000000000000000000, 6.173100338913050050E-57, -1.000000000000000000 ) ) ;
#4346 = CARTESIAN_POINT ( 'NONE',  ( 1.017788105676658228, 0.5876202367904167501, -4.333333333333333925 ) ) ;
#4347 = CARTESIAN_POINT ( 'NONE',  ( 1.357050807568876971, -2.492861891654333810E-16, -3.312500000000001332 ) ) ;
#4348 = CARTESIAN_POINT ( 'NONE',  ( 0.8660254037844515862, 1.499999999999978018, -7.479166666666668739 ) ) ;
#4349 = CARTESIAN_POINT ( 'NONE',  ( -1.017788105676658006, -0.5876202367904174162, -6.583333333333333925 ) ) ;
#4350 = CARTESIAN_POINT ( 'NONE',  ( 1.357050807568876971, -2.492861891654333810E-16, -6.812500000000001776 ) ) ;
#4351 = CARTESIAN_POINT ( 'NONE',  ( -1.836970198721029441E-16, -1.499999999999999556, -1.250000000000001110 ) ) ;
#4352 = CARTESIAN_POINT ( 'NONE',  ( -1.439254484199189379E-16, -1.175240473580835276, -10.43750000000000000 ) ) ;
#4353 = AXIS2_PLACEMENT_3D ( 'NONE', #6264, #85, #161 ) ;
#4354 = CARTESIAN_POINT ( 'NONE',  ( 1.017788105676657562, -0.5876202367904181934, 1.083333333333331927 ) ) ;
#4355 = CARTESIAN_POINT ( 'NONE',  ( 0.6785254037844392627, 1.175240473580835054, 7.770833333333332149 ) ) ;
#4356 = DIRECTION ( 'NONE',  ( 0.000000000000000000, 1.000000000000000000, 0.000000000000000000 ) ) ;
#4357 = CARTESIAN_POINT ( 'NONE',  ( 0.3264292332702662947, -1.145997077379226958, -10.48647592204237533 ) ) ;
#4358 = CARTESIAN_POINT ( 'NONE',  ( -0.8816504037844382635, 1.527063293868263338, 4.557291666666666075 ) ) ;
#4359 = ORIENTED_EDGE ( 'NONE', *, *, #4685, .F. ) ;
#4360 = APPLICATION_CONTEXT ( 'automotive_design' ) ;
#4361 = CARTESIAN_POINT ( 'NONE',  ( -1.017788105676658006, -0.5876202367904174162, -0.02083333333333450832 ) ) ;
#4362 = ORIENTED_EDGE ( 'NONE', *, *, #2196, .T. ) ;
#4363 = CARTESIAN_POINT ( 'NONE',  ( 1.357050807568876749, -2.492861891654333810E-16, -5.375000000000000888 ) ) ;
#4364 = CARTESIAN_POINT ( 'NONE',  ( 1.299038105676657340, -0.7500000000000005551, -0.1041666666666673513 ) ) ;
#4365 = EDGE_CURVE ( 'NONE', #6977, #5800, #3584, .T. ) ;
#4366 = CARTESIAN_POINT ( 'NONE',  ( -0.8816504037844382635, 1.527063293868263338, -10.91145833333333393 ) ) ;
#4367 = CARTESIAN_POINT ( 'NONE',  ( -1.870113174931182636E-16, -1.527063293868263338, -3.734375000000000888 ) ) ;
#4368 = VECTOR ( 'NONE', #7056, 1000.000000000000000 ) ;
#4369 = ORIENTED_EDGE ( 'NONE', *, *, #6481, .F. ) ;
#4370 = FILL_AREA_STYLE_COLOUR ( '', #192 ) ;
#4371 = CARTESIAN_POINT ( 'NONE',  ( 1.017788105676658228, 0.5876202367904167501, 6.229166666666666075 ) ) ;
#4372 = CARTESIAN_POINT ( 'NONE',  ( -1.017788105676658006, -0.5876202367904174162, -0.02083333333333450832 ) ) ;
#4373 = CARTESIAN_POINT ( 'NONE',  ( -1.299038105676657562, 0.7500000000000000000, 0.08333333333333274584 ) ) ;
#4374 = EDGE_CURVE ( 'NONE', #4593, #7308, #3437, .T. ) ;
#4375 = FACE_OUTER_BOUND ( 'NONE', #2755, .T. ) ;
#4376 = CARTESIAN_POINT ( 'NONE',  ( 0.6785254037844392627, 1.175240473580835054, -0.2916666666666675178 ) ) ;
#4377 = CARTESIAN_POINT ( 'NONE',  ( 0.2212008681000075527, -1.338497496291150224, -10.32301994908489284 ) ) ;
#4378 = CARTESIAN_POINT ( 'NONE',  ( 0.8816504037844392627, 1.527063293868263116, 5.005208333333330373 ) ) ;
#4379 = ORIENTED_EDGE ( 'NONE', *, *, #1913, .F. ) ;
#4380 = CARTESIAN_POINT ( 'NONE',  ( -1.017788105676657784, 0.5876202367904177493, -4.104166666666667851 ) ) ;
#4381 = PLANE ( 'NONE',  #976 ) ;
#4382 = DIRECTION ( 'NONE',  ( -0.000000000000000000, 6.173100338913050050E-57, -1.000000000000000000 ) ) ;
#4383 = CARTESIAN_POINT ( 'NONE',  ( 1.357050807568876971, -2.492861891654333810E-16, -2.812500000000000888 ) ) ;
#4384 = CARTESIAN_POINT ( 'NONE',  ( 0.000000000000000000, 1.499999999999999778, 1.062499999999999112 ) ) ;
#4385 = CARTESIAN_POINT ( 'NONE',  ( -1.017788105676657784, 0.5876202367904177493, -8.666666666666667851 ) ) ;
#4386 = CARTESIAN_POINT ( 'NONE',  ( 0.000000000000000000, 1.499999999999999778, -10.49999999999999822 ) ) ;
#4387 = LINE ( 'NONE', #2631, #1804 ) ;
#4388 = CARTESIAN_POINT ( 'NONE',  ( 1.204193495295051930, -0.8943813649048621972, -10.17524047358083372 ) ) ;
#4389 = CARTESIAN_POINT ( 'NONE',  ( -1.439254484199189379E-16, -1.175240473580835276, 4.999999999999999112 ) ) ;
#4390 = CARTESIAN_POINT ( 'NONE',  ( 1.732050807568877415, -3.181725716174720498E-16, 6.874999999999999112 ) ) ;
#4391 = EDGE_CURVE ( 'NONE', #6326, #1393, #1164, .T. ) ;
#4392 = CARTESIAN_POINT ( 'NONE',  ( -1.299038105676657784, -0.7499999999999995559, -9.770833333333333925 ) ) ;
#4393 = CARTESIAN_POINT ( 'NONE',  ( 1.299038105676657340, -0.7500000000000005551, 5.395833333333330373 ) ) ;
#4394 = CARTESIAN_POINT ( 'NONE',  ( 1.322475605676657340, -0.7635316469341323353, 3.348958333333332149 ) ) ;
#4395 = ORIENTED_EDGE ( 'NONE', *, *, #3135, .T. ) ;
#4396 = CARTESIAN_POINT ( 'NONE',  ( 1.017788105676657562, -0.5876202367904181934, 0.6458333333333315940 ) ) ;
#4397 = ORIENTED_EDGE ( 'NONE', *, *, #2722, .F. ) ;
#4398 = CARTESIAN_POINT ( 'NONE',  ( -1.439254484199189379E-16, -1.175240473580835276, -5.000000000000000888 ) ) ;
#4399 = CARTESIAN_POINT ( 'NONE',  ( 0.000000000000000000, 1.175240473580835276, -3.250000000000001332 ) ) ;
#4400 = CARTESIAN_POINT ( 'NONE',  ( 0.000000000000000000, 1.175240473580835276, -2.250000000000001776 ) ) ;
#4401 = CARTESIAN_POINT ( 'NONE',  ( -0.8816504037844382635, 1.527063293868263338, -9.411458333333335702 ) ) ;
#4402 = CARTESIAN_POINT ( 'NONE',  ( 0.8816504037844380415, -1.527063293868264005, -3.192708333333333481 ) ) ;
#4403 = ORIENTED_EDGE ( 'NONE', *, *, #849, .F. ) ;
#4404 = CARTESIAN_POINT ( 'NONE',  ( -1.836970198721029441E-16, -1.499999999999999778, -2.687500000000000444 ) ) ;
#4405 = CARTESIAN_POINT ( 'NONE',  ( -1.017788105676658006, -0.5876202367904174162, 6.479166666666666075 ) ) ;
#4406 = CARTESIAN_POINT ( 'NONE',  ( 1.017788105676658228, 0.5876202367904167501, 0.7291666666666661856 ) ) ;
#4407 = CARTESIAN_POINT ( 'NONE',  ( -0.8660254037844320463, 1.500000000000010214, 0.1041666666666649921 ) ) ;
#4408 = CARTESIAN_POINT ( 'NONE',  ( 0.8660254037844501429, -1.499999999999978462, -2.645833333333334370 ) ) ;
#4409 = CARTESIAN_POINT ( 'NONE',  ( -1.017788105676657784, 0.5876202367904177493, 1.333333333333332149 ) ) ;
#4410 = EDGE_CURVE ( 'NONE', #6872, #3020, #566, .T. ) ;
#4411 = DIRECTION ( 'NONE',  ( 0.000000000000000000, 1.000000000000000000, 0.000000000000000000 ) ) ;
#4412 = CARTESIAN_POINT ( 'NONE',  ( 1.763300807568876971, -3.239131034884752106E-16, 5.421875000000000000 ) ) ;
#4413 = ORIENTED_EDGE ( 'NONE', *, *, #2354, .F. ) ;
#4414 = CARTESIAN_POINT ( 'NONE',  ( 1.017788105676657562, -0.5876202367904181934, -4.354166666666667851 ) ) ;
#4415 = CARTESIAN_POINT ( 'NONE',  ( -1.299038105676657784, 0.7500000000000001110, -7.854166666666666963 ) ) ;
#4416 = CARTESIAN_POINT ( 'NONE',  ( -0.8660254037844266062, -1.500000000000020872, 5.208333333333333925 ) ) ;
#4417 = ADVANCED_FACE ( 'NONE', ( #3548 ), #2837, .T. ) ;
#4418 = CARTESIAN_POINT ( 'NONE',  ( -1.017788105676657784, 0.5876202367904177493, -1.604166666666666963 ) ) ;
#4419 = CARTESIAN_POINT ( 'NONE',  ( -1.250000000000000000, -0.7216878364870322748, 10.39174682452694576 ) ) ;
#4420 = CARTESIAN_POINT ( 'NONE',  ( -1.439254484199189379E-16, -1.175240473580835276, -7.500000000000001776 ) ) ;
#4421 = CARTESIAN_POINT ( 'NONE',  ( 0.8816504037844392627, 1.527063293868263116, -1.994791666666667185 ) ) ;
#4422 = CARTESIAN_POINT ( 'NONE',  ( 0.000000000000000000, 1.499999999999999556, -1.500000000000001554 ) ) ;
#4423 = CARTESIAN_POINT ( 'NONE',  ( -1.836970198721029441E-16, -1.499999999999999556, -9.750000000000000000 ) ) ;
#4424 = VECTOR ( 'NONE', #452, 1000.000000000000000 ) ;
#4425 = CARTESIAN_POINT ( 'NONE',  ( 1.357050807568876971, -2.492861891654333810E-16, -8.312500000000000000 ) ) ;
#4426 = CARTESIAN_POINT ( 'NONE',  ( -1.017788105676658006, -0.5876202367904174162, 4.916666666666664298 ) ) ;
#4427 = CARTESIAN_POINT ( 'NONE',  ( -1.439254484199189379E-16, -1.175240473580835276, 7.562499999999998224 ) ) ;
#4428 = AXIS2_PLACEMENT_3D ( 'NONE', #875, #4763, #6998 ) ;
#4429 = CARTESIAN_POINT ( 'NONE',  ( -1.732050807568877193, 1.060575238724906792E-16, -9.812500000000001776 ) ) ;
#4430 = DIRECTION ( 'NONE',  ( 0.000000000000000000, 1.000000000000000000, 0.000000000000000000 ) ) ;
#4431 = CARTESIAN_POINT ( 'NONE',  ( 0.000000000000000000, 1.527063293868263338, 6.515624999999997335 ) ) ;
#4432 = EDGE_LOOP ( 'NONE', ( #7355, #5240, #2314, #1750 ) ) ;
#4433 = CARTESIAN_POINT ( 'NONE',  ( 0.6785254037844380415, -1.175240473580835499, -0.8958333333333353687 ) ) ;
#4434 = VERTEX_POINT ( 'NONE', #5177 ) ;
#4435 = CARTESIAN_POINT ( 'NONE',  ( 0.000000000000000000, 1.175240473580835276, -8.750000000000000000 ) ) ;
#4436 = VECTOR ( 'NONE', #2822, 1000.000000000000000 ) ;
#4437 = CARTESIAN_POINT ( 'NONE',  ( 1.357050807568876749, -2.492861891654333810E-16, -3.875000000000000888 ) ) ;
#4438 = CARTESIAN_POINT ( 'NONE',  ( 0.000000000000000000, 1.175240473580835276, 7.749999999999998224 ) ) ;
#4439 = CARTESIAN_POINT ( 'NONE',  ( 0.8816504037844380415, -1.527063293868264005, -1.192708333333333925 ) ) ;
#4440 = VERTEX_POINT ( 'NONE', #3512 ) ;
#4441 = FACE_OUTER_BOUND ( 'NONE', #2675, .T. ) ;
#4442 = CARTESIAN_POINT ( 'NONE',  ( -1.439254484199189379E-16, -1.175240473580835276, -10.50000000000000000 ) ) ;
#4443 = CARTESIAN_POINT ( 'NONE',  ( 1.017788105676658228, 0.5876202367904167501, 0.2291666666666657137 ) ) ;
#4444 = FACE_OUTER_BOUND ( 'NONE', #4252, .T. ) ;
#4445 = CARTESIAN_POINT ( 'NONE',  ( -0.8234078741650779909, -0.8385640366158410020, -10.50000000000000000 ) ) ;
#4446 = CARTESIAN_POINT ( 'NONE',  ( -0.6785254037844388186, -1.175240473580835276, 1.458333333333332371 ) ) ;
#4447 = CARTESIAN_POINT ( 'NONE',  ( 1.732050807568877415, -3.181725716174720498E-16, -4.125000000000001776 ) ) ;
#4448 = CARTESIAN_POINT ( 'NONE',  ( -0.8816504037844382635, 1.527063293868263338, 5.088541666666665186 ) ) ;
#4449 = VERTEX_POINT ( 'NONE', #2947 ) ;
#4450 = CARTESIAN_POINT ( 'NONE',  ( 1.017788105676657562, -0.5876202367904181934, -6.354166666666667851 ) ) ;
#4451 = CARTESIAN_POINT ( 'NONE',  ( -1.249999999999999556, 0.7216878364870322748, 8.500000000000000000 ) ) ;
#4452 = CARTESIAN_POINT ( 'NONE',  ( -1.732050807568877415, 1.060575238724906915E-16, 5.125000000000000000 ) ) ;
#4453 = CARTESIAN_POINT ( 'NONE',  ( -0.6785254037844388186, -1.175240473580835276, -1.479166666666668517 ) ) ;
#4454 = CARTESIAN_POINT ( 'NONE',  ( 0.8816504037844392627, 1.527063293868263116, 7.505208333333332149 ) ) ;
#4455 = CARTESIAN_POINT ( 'NONE',  ( 0.000000000000000000, 1.175240473580835276, -7.750000000000000888 ) ) ;
#4456 = CARTESIAN_POINT ( 'NONE',  ( 1.322475605676658450, 0.7635316469341306700, -1.536458333333334147 ) ) ;
#4457 = EDGE_CURVE ( 'NONE', #6985, #1142, #1956, .T. ) ;
#4458 = DIRECTION ( 'NONE',  ( -0.000000000000000000, 6.173100338913050050E-57, -1.000000000000000000 ) ) ;
#4459 = CARTESIAN_POINT ( 'NONE',  ( -1.732050807568877193, 1.060575238724906792E-16, -1.812500000000001776 ) ) ;
#4460 = CARTESIAN_POINT ( 'NONE',  ( 0.000000000000000000, 1.499999999999999556, -9.500000000000000000 ) ) ;
#4461 = CARTESIAN_POINT ( 'NONE',  ( -0.6785254037844383745, 1.175240473580835499, -8.145833333333333925 ) ) ;
#4462 =( BOUNDED_CURVE ( )  B_SPLINE_CURVE ( 2, ( #1984, #3071, #6332, #5333, #2394, #230, #2509 ),
 .UNSPECIFIED., .F., .T. ) 
 B_SPLINE_CURVE_WITH_KNOTS ( ( 3, 2, 2, 3 ),
 ( 0.6351351351351351981, 0.6396396396396397677, 0.6441441441441441151, 0.6486486486486486847 ),
 .UNSPECIFIED. ) 
 CURVE ( )  GEOMETRIC_REPRESENTATION_ITEM ( )  RATIONAL_B_SPLINE_CURVE ( ( 0.9999999999999966693, 0.8660254037844419273, 1.000000000000000000, 0.8660254037844385966, 1.000000000000000000, 0.8660254037844385966, 1.000000000000000000 ) ) 
 REPRESENTATION_ITEM ( '' )  );
#4463 = CARTESIAN_POINT ( 'NONE',  ( -1.017788105676658006, -0.5876202367904174162, 5.916666666666665186 ) ) ;
#4464 = CARTESIAN_POINT ( 'NONE',  ( 1.836970198721029688E-16, -1.499999999999999778, -10.49999999999999822 ) ) ;
#4465 = CARTESIAN_POINT ( 'NONE',  ( 0.000000000000000000, 1.499999999999999556, -4.500000000000000888 ) ) ;
#4466 = CARTESIAN_POINT ( 'NONE',  ( 0.000000000000000000, 1.499999999999999556, -4.000000000000000888 ) ) ;
#4467 = CARTESIAN_POINT ( 'NONE',  ( -1.322475605676657784, 0.7635316469341318912, 6.598958333333331261 ) ) ;
#4468 = EDGE_LOOP ( 'NONE', ( #5753, #1174, #2658, #4129 ) ) ;
#4469 = CARTESIAN_POINT ( 'NONE',  ( 1.017788105676657562, -0.5876202367904181934, 2.645833333333331705 ) ) ;
#4470 = ORIENTED_EDGE ( 'NONE', *, *, #1995, .T. ) ;
#4471 = CARTESIAN_POINT ( 'NONE',  ( 1.017788105676658228, 0.5876202367904167501, -9.833333333333333925 ) ) ;
#4472 = CARTESIAN_POINT ( 'NONE',  ( -1.017788105676658006, -0.5876202367904174162, -2.583333333333335258 ) ) ;
#4473 = AXIS2_PLACEMENT_3D ( 'NONE', #4907, #955, #4314 ) ;
#4474 = CARTESIAN_POINT ( 'NONE',  ( -1.322475605676657784, -0.7635316469341314471, -7.286458333333333925 ) ) ;
#4475 = CARTESIAN_POINT ( 'NONE',  ( -1.870113174931182636E-16, -1.527063293868263338, -2.234375000000000444 ) ) ;
#4476 = VERTEX_POINT ( 'NONE', #7356 ) ;
#4477 = CARTESIAN_POINT ( 'NONE',  ( 1.732050807568877193, -3.181725716174720005E-16, 6.437499999999998224 ) ) ;
#4478 = CARTESIAN_POINT ( 'NONE',  ( 0.8660254037844380415, -1.500000000000000444, -1.208333333333334370 ) ) ;
#4479 = CARTESIAN_POINT ( 'NONE',  ( -0.6785254037844383745, 1.175240473580835499, -10.20833333333333393 ) ) ;
#4480 = CARTESIAN_POINT ( 'NONE',  ( -1.439254484199189379E-16, -1.175240473580835276, 2.562499999999998668 ) ) ;
#4481 = CARTESIAN_POINT ( 'NONE',  ( -1.836970198721029441E-16, -1.499999999999999556, 1.249999999999999112 ) ) ;
#4482 = CARTESIAN_POINT ( 'NONE',  ( 0.8660254037844394848, 1.499999999999999334, -8.541666666666669627 ) ) ;
#4483 = CARTESIAN_POINT ( 'NONE',  ( 1.357050807568876971, -2.492861891654333810E-16, 3.124999999999999112 ) ) ;
#4484 =( BOUNDED_CURVE ( )  B_SPLINE_CURVE ( 2, ( #3854, #454, #381, #4447, #7138, #3743, #904 ),
 .UNSPECIFIED., .F., .T. ) 
 B_SPLINE_CURVE_WITH_KNOTS ( ( 3, 2, 2, 3 ),
 ( 0.3378378378378378288, 0.3423423423423423428, 0.3468468468468468568, 0.3513513513513513709 ),
 .UNSPECIFIED. ) 
 CURVE ( )  GEOMETRIC_REPRESENTATION_ITEM ( )  RATIONAL_B_SPLINE_CURVE ( ( 1.000000000000000000, 0.8660254037844385966, 1.000000000000000000, 0.8660254037844385966, 1.000000000000000000, 0.8660254037844385966, 1.000000000000000000 ) ) 
 REPRESENTATION_ITEM ( '' )  );
#4485 = CARTESIAN_POINT ( 'NONE',  ( -1.763300807568876971, 1.079710344961584035E-16, -10.35937500000000000 ) ) ;
#4486 = CARTESIAN_POINT ( 'NONE',  ( 0.8816504037844380415, -1.527063293868264005, 4.838541666666665186 ) ) ;
#4487 = ORIENTED_EDGE ( 'NONE', *, *, #5793, .T. ) ;
#4488 = CARTESIAN_POINT ( 'NONE',  ( -1.017788105676658006, -0.5876202367904174162, -4.520833333333333925 ) ) ;
#4489 = CARTESIAN_POINT ( 'NONE',  ( 1.017788105676658228, 0.5876202367904167501, 2.666666666666666075 ) ) ;
#4490 = DIRECTION ( 'NONE',  ( 0.000000000000000000, 0.000000000000000000, -1.000000000000000000 ) ) ;
#4491 = CARTESIAN_POINT ( 'NONE',  ( 1.299038105676657118, -0.7500000000000004441, 7.333333333333332149 ) ) ;
#4492 = CARTESIAN_POINT ( 'NONE',  ( 1.017788105676657562, -0.5876202367904181934, -1.854166666666667185 ) ) ;
#4493 = CARTESIAN_POINT ( 'NONE',  ( 0.6785254037844380415, -1.175240473580835721, -5.895833333333334814 ) ) ;
#4494 = EDGE_CURVE ( 'NONE', #3205, #2641, #5071, .T. ) ;
#4495 = ORIENTED_EDGE ( 'NONE', *, *, #2456, .T. ) ;
#4496 = CARTESIAN_POINT ( 'NONE',  ( -1.439254484199189379E-16, -1.175240473580835276, -8.000000000000000000 ) ) ;
#4497 = CARTESIAN_POINT ( 'NONE',  ( 0.8816504037844392627, 1.527063293868263116, -0.9947916666666680729 ) ) ;
#4498 = CYLINDRICAL_SURFACE ( 'NONE', #1098, 1.499999999999999778 ) ;
#4499 = CARTESIAN_POINT ( 'NONE',  ( 0.000000000000000000, 1.499999999999999778, 5.062499999999999112 ) ) ;
#4500 = CARTESIAN_POINT ( 'NONE',  ( -0.8660254037844296038, -1.500000000000015099, 4.770833333333332149 ) ) ;
#4501 = CARTESIAN_POINT ( 'NONE',  ( -0.6785254037844383745, 1.175240473580835499, -8.645833333333335702 ) ) ;
#4502 = EDGE_CURVE ( 'NONE', #4476, #6834, #4771, .T. ) ;
#4503 = CARTESIAN_POINT ( 'NONE',  ( -0.6785254037844388186, -1.175240473580835054, 5.458333333333329485 ) ) ;
#4504 = CARTESIAN_POINT ( 'NONE',  ( 0.000000000000000000, 1.499999999999999778, -0.4375000000000021094 ) ) ;
#4505 = CARTESIAN_POINT ( 'NONE',  ( 0.8660254037844392627, 1.499999999999999334, 3.520833333333333037 ) ) ;
#4506 = DIRECTION ( 'NONE',  ( 0.000000000000000000, 1.000000000000000000, 0.000000000000000000 ) ) ;
#4507 = SURFACE_SIDE_STYLE ('',( #2225 ) ) ;
#4508 = CARTESIAN_POINT ( 'NONE',  ( -0.8816504037844389297, -1.527063293868263116, 6.223958333333331261 ) ) ;
#4509 = VERTEX_POINT ( 'NONE', #6835 ) ;
#4510 = CARTESIAN_POINT ( 'NONE',  ( 1.017788105676658228, 0.5876202367904167501, 2.229166666666665630 ) ) ;
#4511 = ORIENTED_EDGE ( 'NONE', *, *, #808, .T. ) ;
#4512 = CARTESIAN_POINT ( 'NONE',  ( -1.439254484199189379E-16, -1.175240473580835276, -9.000000000000001776 ) ) ;
#4513 = EDGE_CURVE ( 'NONE', #3489, #2907, #143, .T. ) ;
#4514 = CARTESIAN_POINT ( 'NONE',  ( 1.357050807568876749, -2.492861891654333810E-16, -1.875000000000001776 ) ) ;
#4515 = CARTESIAN_POINT ( 'NONE',  ( 0.000000000000000000, 1.527063293868263338, -6.953125000000000888 ) ) ;
#4516 = CARTESIAN_POINT ( 'NONE',  ( 0.8816504037844380415, -1.527063293868264005, -1.692708333333334147 ) ) ;
#4517 = CARTESIAN_POINT ( 'NONE',  ( -1.836970198721029441E-16, -1.499999999999999556, -2.250000000000000444 ) ) ;
#4518 = CARTESIAN_POINT ( 'NONE',  ( 1.357050807568876971, -2.492861891654333810E-16, 7.687499999999998224 ) ) ;
#4519 = CARTESIAN_POINT ( 'NONE',  ( -1.017788105676657784, 0.5876202367904177493, 3.895833333333332593 ) ) ;
#4520 = CARTESIAN_POINT ( 'NONE',  ( -1.836970198721029441E-16, -1.499999999999999556, -4.750000000000000888 ) ) ;
#4521 = CARTESIAN_POINT ( 'NONE',  ( 1.299038105676658672, 0.7499999999999987788, -7.020833333333334814 ) ) ;
#4522 = CARTESIAN_POINT ( 'NONE',  ( -1.357050807568876971, 8.309539638847778957E-17, 1.874999999999998224 ) ) ;
#4523 = CARTESIAN_POINT ( 'NONE',  ( -1.836970198721029441E-16, -1.499999999999999778, -3.187500000000000888 ) ) ;
#4524 = ORIENTED_EDGE ( 'NONE', *, *, #1401, .T. ) ;
#4525 = CARTESIAN_POINT ( 'NONE',  ( 0.6785254037844380415, -1.175240473580835721, 3.541666666666665186 ) ) ;
#4526 = CARTESIAN_POINT ( 'NONE',  ( -1.299038105676657784, -0.7499999999999995559, -7.770833333333334814 ) ) ;
#4527 = DIRECTION ( 'NONE',  ( -0.000000000000000000, -0.000000000000000000, 1.000000000000000000 ) ) ;
#4528 = CARTESIAN_POINT ( 'NONE',  ( -0.6785254037844383745, 1.175240473580835499, -4.208333333333334814 ) ) ;
#4529 = CARTESIAN_POINT ( 'NONE',  ( -0.6785254037844383745, 1.175240473580835499, -1.145833333333333703 ) ) ;
#4530 = ADVANCED_FACE ( 'NONE', ( #4558 ), #1725, .T. ) ;
#4532 = CARTESIAN_POINT ( 'NONE',  ( -1.357050807568876971, 8.309539638847778957E-17, -5.562500000000000000 ) ) ;
#4531 =( BOUNDED_CURVE ( )  B_SPLINE_CURVE ( 2, ( #386, #2694, #4970, #4452, #7175, #4416, #3894 ),
 .UNSPECIFIED., .F., .F. ) 
 B_SPLINE_CURVE_WITH_KNOTS ( ( 3, 2, 2, 3 ),
 ( 0.8378378378378379399, 0.8423423423423423984, 0.8468468468468469679, 0.8513513513513514264 ),
 .UNSPECIFIED. ) 
 CURVE ( )  GEOMETRIC_REPRESENTATION_ITEM ( )  RATIONAL_B_SPLINE_CURVE ( ( 0.9999999999999966693, 0.8660254037844419273, 1.000000000000000000, 0.8660254037844385966, 1.000000000000000000, 0.8660254037844352659, 1.000000000000003331 ) ) 
 REPRESENTATION_ITEM ( '' )  );
#4533 = EDGE_LOOP ( 'NONE', ( #3600, #5175 ) ) ;
#4534 = CARTESIAN_POINT ( 'NONE',  ( -0.6785254037844388186, -1.175240473580835276, -4.541666666666666963 ) ) ;
#4535 = CARTESIAN_POINT ( 'NONE',  ( 0.000000000000000000, 1.527063293868263338, -0.4531250000000021094 ) ) ;
#4536 = CARTESIAN_POINT ( 'NONE',  ( -0.8660254037844412611, 1.499999999999994005, -7.958333333333332149 ) ) ;
#4537 = FACE_OUTER_BOUND ( 'NONE', #1352, .T. ) ;
#4538 = CARTESIAN_POINT ( 'NONE',  ( 0.000000000000000000, 1.175240473580835276, -7.687500000000000888 ) ) ;
#4539 = CARTESIAN_POINT ( 'NONE',  ( -0.6785254037844388186, -1.175240473580835054, 4.458333333333331261 ) ) ;
#4540 = CARTESIAN_POINT ( 'NONE',  ( -0.6229338483162893958, -1.335132909494788356, -10.20481887627825124 ) ) ;
#4541 = CARTESIAN_POINT ( 'NONE',  ( 0.000000000000000000, 1.499999999999999556, -4.500000000000000888 ) ) ;
#4542 = DIRECTION ( 'NONE',  ( -0.000000000000000000, 6.173100338913050050E-57, -1.000000000000000000 ) ) ;
#4543 = CARTESIAN_POINT ( 'NONE',  ( 1.299038105676657340, -0.7500000000000005551, -6.604166666666667851 ) ) ;
#4544 = CARTESIAN_POINT ( 'NONE',  ( 1.322475605676657340, -0.7635316469341323353, 7.348958333333332149 ) ) ;
#4545 = AXIS2_PLACEMENT_3D ( 'NONE', #1880, #5224, #5922 ) ;
#4546 =( BOUNDED_CURVE ( )  B_SPLINE_CURVE ( 2, ( #2281, #4567, #76, #6810, #1733, #5702, #5186 ),
 .UNSPECIFIED., .F., .T. ) 
 B_SPLINE_CURVE_WITH_KNOTS ( ( 3, 2, 2, 3 ),
 ( 0.6891891891891891442, 0.6936936936936937137, 0.6981981981981981722, 0.7027027027027027417 ),
 .UNSPECIFIED. ) 
 CURVE ( )  GEOMETRIC_REPRESENTATION_ITEM ( )  RATIONAL_B_SPLINE_CURVE ( ( 1.000000000000003331, 0.8660254037844353769, 1.000000000000000000, 0.8660254037844387076, 1.000000000000000000, 0.8660254037844353769, 1.000000000000003331 ) ) 
 REPRESENTATION_ITEM ( '' )  );
#4547 = CARTESIAN_POINT ( 'NONE',  ( -1.439254484199189379E-16, -1.175240473580835276, 3.062499999999999112 ) ) ;
#4548 = ORIENTED_EDGE ( 'NONE', *, *, #6375, .F. ) ;
#4549 = CARTESIAN_POINT ( 'NONE',  ( -0.6785254037844388186, -1.175240473580835276, -8.041666666666667851 ) ) ;
#4550 = AXIS2_PLACEMENT_3D ( 'NONE', #2514, #346, #6622 ) ;
#4551 = CARTESIAN_POINT ( 'NONE',  ( 1.357050807568876749, -2.492861891654333810E-16, -3.375000000000001776 ) ) ;
#4552 = CARTESIAN_POINT ( 'NONE',  ( -1.870113174931182636E-16, -1.527063293868263338, -6.703125000000001776 ) ) ;
#4553 = CARTESIAN_POINT ( 'NONE',  ( -1.870113174931182636E-16, -1.527063293868263338, -1.734375000000001554 ) ) ;
#4554 = ADVANCED_FACE ( 'NONE', ( #2344 ), #5212, .T. ) ;
#4555 = VERTEX_POINT ( 'NONE', #4665 ) ;
#4556 = CONICAL_SURFACE ( 'NONE', #1457, 2.750000000000000000, 0.7853981633974453924 ) ;
#4557 = CARTESIAN_POINT ( 'NONE',  ( 1.357050807568876749, -2.492861891654333810E-16, -10.37500000000000000 ) ) ;
#4558 = FACE_OUTER_BOUND ( 'NONE', #6108, .T. ) ;
#4559 = CARTESIAN_POINT ( 'NONE',  ( -1.836970198721029441E-16, -1.499999999999999778, -5.687500000000001776 ) ) ;
#4560 = CARTESIAN_POINT ( 'NONE',  ( 1.017788105676658228, 0.5876202367904167501, 2.666666666666666075 ) ) ;
#4561 = CARTESIAN_POINT ( 'NONE',  ( -0.8816504037844389297, -1.527063293868263116, -9.776041666666666075 ) ) ;
#4562 = ADVANCED_FACE ( 'NONE', ( #6909 ), #6394, .T. ) ;
#4563 = ORIENTED_EDGE ( 'NONE', *, *, #1138, .T. ) ;
#4564 = CARTESIAN_POINT ( 'NONE',  ( -1.357050807568876971, 8.309539638847778957E-17, -1.125000000000000888 ) ) ;
#4565 = CARTESIAN_POINT ( 'NONE',  ( -1.017788105676657784, 0.5876202367904177493, 3.833333333333332593 ) ) ;
#4566 = DIRECTION ( 'NONE',  ( 0.000000000000000000, 1.000000000000000000, 0.000000000000000000 ) ) ;
#4567 = CARTESIAN_POINT ( 'NONE',  ( -0.8660254037844266062, -1.500000000000020872, -5.229166666666666963 ) ) ;
#4568 = CARTESIAN_POINT ( 'NONE',  ( -1.017788105676658006, -0.5876202367904174162, -0.5208333333333349247 ) ) ;
#4569 = CARTESIAN_POINT ( 'NONE',  ( -1.439254484199189379E-16, -1.175240473580835276, -5.437500000000001776 ) ) ;
#4570 = ORIENTED_EDGE ( 'NONE', *, *, #164, .T. ) ;
#4571 = CARTESIAN_POINT ( 'NONE',  ( -0.6785254037844383745, 1.175240473580835499, -4.708333333333333925 ) ) ;
#4572 = CARTESIAN_POINT ( 'NONE',  ( 1.763300807568876971, -3.239131034884752106E-16, -0.5781250000000022204 ) ) ;
#4573 = CARTESIAN_POINT ( 'NONE',  ( 0.000000000000000000, -2.600000000000000089, 7.500000000000000000 ) ) ;
#4574 = CARTESIAN_POINT ( 'NONE',  ( -1.836970198721029441E-16, -1.499999999999999556, -8.250000000000000000 ) ) ;
#4575 = CARTESIAN_POINT ( 'NONE',  ( -1.299038105676657784, 0.7500000000000001110, 2.145833333333331261 ) ) ;
#4576 = CARTESIAN_POINT ( 'NONE',  ( -1.439254484199189379E-16, -1.175240473580835276, -4.500000000000001776 ) ) ;
#4577 = CARTESIAN_POINT ( 'NONE',  ( -1.017788105676657784, 0.5876202367904177493, -8.104166666666667851 ) ) ;
#4578 =( BOUNDED_CURVE ( )  B_SPLINE_CURVE ( 2, ( #273, #4225, #3670, #5412, #7099, #5963, #2554 ),
 .UNSPECIFIED., .F., .T. ) 
 B_SPLINE_CURVE_WITH_KNOTS ( ( 3, 2, 2, 3 ),
 ( 0.8378378378378379399, 0.8423423423423425094, 0.8468468468468469679, 0.8513513513513514264 ),
 .UNSPECIFIED. ) 
 CURVE ( )  GEOMETRIC_REPRESENTATION_ITEM ( )  RATIONAL_B_SPLINE_CURVE ( ( 0.9999999999999966693, 0.8660254037844420383, 1.000000000000000000, 0.8660254037844387076, 1.000000000000000000, 0.8660254037844353769, 1.000000000000003331 ) ) 
 REPRESENTATION_ITEM ( '' )  );
#4579 = CARTESIAN_POINT ( 'NONE',  ( 0.000000000000000000, 1.175240473580835276, 6.749999999999997335 ) ) ;
#4580 = LINE ( 'NONE', #586, #2407 ) ;
#4581 = CARTESIAN_POINT ( 'NONE',  ( -1.836970198721029441E-16, -1.499999999999999556, 2.749999999999999112 ) ) ;
#4582 = CARTESIAN_POINT ( 'NONE',  ( 1.732050807568877415, -3.181725716174720498E-16, -10.12500000000000000 ) ) ;
#4583 = CARTESIAN_POINT ( 'NONE',  ( -0.8660254037844353769, 1.500000000000005107, -6.958333333333336590 ) ) ;
#4584 = CARTESIAN_POINT ( 'NONE',  ( 1.322475605676657340, -0.7635316469341323353, 6.348958333333331261 ) ) ;
#4585 = CARTESIAN_POINT ( 'NONE',  ( -0.6785254037844388186, -1.175240473580835054, 3.520833333333332593 ) ) ;
#4586 = VERTEX_POINT ( 'NONE', #4883 ) ;
#4587 = CARTESIAN_POINT ( 'NONE',  ( 0.6785254037844392627, 1.175240473580835054, -8.791666666666667851 ) ) ;
#4588 = CARTESIAN_POINT ( 'NONE',  ( -1.357050807568876971, 8.309539638847778957E-17, -2.625000000000000444 ) ) ;
#4589 = ADVANCED_FACE ( 'NONE', ( #4248 ), #1417, .T. ) ;
#4590 = CARTESIAN_POINT ( 'NONE',  ( 1.017788105676657562, -0.5876202367904181934, 0.5833333333333314830 ) ) ;
#4591 = CARTESIAN_POINT ( 'NONE',  ( 0.000000000000000000, 1.527063293868263338, -8.453125000000000000 ) ) ;
#4592 = CARTESIAN_POINT ( 'NONE',  ( 0.8816504037844392627, 1.527063293868263116, -2.026041666666667407 ) ) ;
#4593 = VERTEX_POINT ( 'NONE', #181 ) ;
#4594 = CARTESIAN_POINT ( 'NONE',  ( -1.357050807568876749, 8.309539638847778957E-17, -10.12500000000000000 ) ) ;
#4595 = DIRECTION ( 'NONE',  ( -0.000000000000000000, 6.173100338913050050E-57, -1.000000000000000000 ) ) ;
#4596 = EDGE_CURVE ( 'NONE', #4753, #5656, #854, .T. ) ;
#4597 = CARTESIAN_POINT ( 'NONE',  ( 0.6785254037844392627, 1.175240473580835054, 3.708333333333332593 ) ) ;
#4598 = CARTESIAN_POINT ( 'NONE',  ( 0.8816504037844392627, 1.527063293868263116, -9.526041666666667851 ) ) ;
#4599 = ORIENTED_EDGE ( 'NONE', *, *, #6299, .F. ) ;
#4600 = CARTESIAN_POINT ( 'NONE',  ( -1.439254484199189379E-16, -1.175240473580835276, 3.499999999999997780 ) ) ;
#4601 = LINE ( 'NONE', #4147, #378 ) ;
#4602 = FACE_OUTER_BOUND ( 'NONE', #3288, .T. ) ;
#4603 = CARTESIAN_POINT ( 'NONE',  ( 1.017788105676658228, 0.5876202367904167501, 2.229166666666665630 ) ) ;
#4604 = EDGE_CURVE ( 'NONE', #6839, #1230, #5750, .T. ) ;
#4605 = CARTESIAN_POINT ( 'NONE',  ( -1.017788105676658006, -0.5876202367904174162, -3.520833333333333925 ) ) ;
#4606 = ORIENTED_EDGE ( 'NONE', *, *, #739, .F. ) ;
#4607 = CARTESIAN_POINT ( 'NONE',  ( -1.017788105676657784, 0.5876202367904177493, -6.166666666666667851 ) ) ;
#4608 = CARTESIAN_POINT ( 'NONE',  ( 0.000000000000000000, 1.527063293868263338, 0.04687499999999830691 ) ) ;
#4609 = CARTESIAN_POINT ( 'NONE',  ( 0.000000000000000000, 1.175240473580835276, -10.18750000000000000 ) ) ;
#4610 = CARTESIAN_POINT ( 'NONE',  ( 0.8660254037844423713, 1.499999999999994005, 4.020833333333331261 ) ) ;
#4611 = DIRECTION ( 'NONE',  ( -0.000000000000000000, 6.173100338913050050E-57, -1.000000000000000000 ) ) ;
#4612 = CARTESIAN_POINT ( 'NONE',  ( -1.017788105676658006, -0.5876202367904174162, -6.020833333333334814 ) ) ;
#4613 = FACE_OUTER_BOUND ( 'NONE', #4432, .T. ) ;
#4614 = CARTESIAN_POINT ( 'NONE',  ( -0.6070860296984378346, 1.135739241721653858, 7.225728506719175215 ) ) ;
#4615 = CARTESIAN_POINT ( 'NONE',  ( -0.8660254037844383745, 1.499999999999999778, 3.104166666666664742 ) ) ;
#4616 = CARTESIAN_POINT ( 'NONE',  ( 1.299038105676658450, 0.7499999999999986677, -6.083333333333333925 ) ) ;
#4617 = CARTESIAN_POINT ( 'NONE',  ( 0.8660254037844380415, -1.500000000000000444, -3.708333333333335258 ) ) ;
#4618 = CARTESIAN_POINT ( 'NONE',  ( 0.6785254037844380415, -1.175240473580835721, -9.395833333333333925 ) ) ;
#4619 = CARTESIAN_POINT ( 'NONE',  ( 0.000000000000000000, 1.175240473580835276, 4.312499999999998224 ) ) ;
#4620 = ORIENTED_EDGE ( 'NONE', *, *, #3001, .T. ) ;
#4621 =( BOUNDED_CURVE ( )  B_SPLINE_CURVE ( 2, ( #6630, #4536, #1146, #1551, #3899, #2139, #579 ),
 .UNSPECIFIED., .F., .T. ) 
 B_SPLINE_CURVE_WITH_KNOTS ( ( 3, 2, 2, 3 ),
 ( 0.1351351351351351704, 0.1396396396396396566, 0.1441441441441441429, 0.1486486486486486569 ),
 .UNSPECIFIED. ) 
 CURVE ( )  GEOMETRIC_REPRESENTATION_ITEM ( )  RATIONAL_B_SPLINE_CURVE ( ( 0.9999999999999991118, 0.8660254037844394848, 1.000000000000000000, 0.8660254037844385966, 1.000000000000000000, 0.8660254037844385966, 1.000000000000000000 ) ) 
 REPRESENTATION_ITEM ( '' )  );
#4622 = CARTESIAN_POINT ( 'NONE',  ( 1.017788105676658228, 0.5876202367904167501, -7.333333333333333925 ) ) ;
#4623 = ADVANCED_FACE ( 'NONE', ( #2596 ), #4836, .T. ) ;
#4624 = CARTESIAN_POINT ( 'NONE',  ( -1.017788105676657784, 0.5876202367904177493, -0.6666666666666678509 ) ) ;
#4625 = CARTESIAN_POINT ( 'NONE',  ( -0.8816504037844382635, 1.527063293868263338, -7.911458333333334814 ) ) ;
#4626 = CARTESIAN_POINT ( 'NONE',  ( 1.763300807568876971, -3.239131034884752106E-16, 0.3906249999999986122 ) ) ;
#4627 = CARTESIAN_POINT ( 'NONE',  ( -1.357050807568876749, 8.309539638847778957E-17, -6.562500000000001776 ) ) ;
#4628 = EDGE_LOOP ( 'NONE', ( #478, #1168, #5356, #4987 ) ) ;
#4629 = CARTESIAN_POINT ( 'NONE',  ( 1.017788105676657562, -0.5876202367904181934, -7.416666666666667851 ) ) ;
#4630 = CARTESIAN_POINT ( 'NONE',  ( 0.000000000000000000, 1.499999999999999778, -10.49999999999999822 ) ) ;
#4631 = CARTESIAN_POINT ( 'NONE',  ( -1.836970198721029441E-16, -1.499999999999999556, -5.250000000000000888 ) ) ;
#4632 = CARTESIAN_POINT ( 'NONE',  ( 1.357050807568876971, -2.492861891654333810E-16, 2.624999999999998668 ) ) ;
#4633 = CARTESIAN_POINT ( 'NONE',  ( -0.8816504037844389297, -1.527063293868263116, -9.276041666666664298 ) ) ;
#4634 = ORIENTED_EDGE ( 'NONE', *, *, #4236, .T. ) ;
#4635 = CARTESIAN_POINT ( 'NONE',  ( 1.017788105676657562, -0.5876202367904181934, 3.583333333333332593 ) ) ;
#4636 = DIRECTION ( 'NONE',  ( -0.000000000000000000, 6.173100338913050050E-57, -1.000000000000000000 ) ) ;
#4637 = CARTESIAN_POINT ( 'NONE',  ( -1.732050807568877415, 1.060575238724906915E-16, -0.8750000000000011102 ) ) ;
#4638 = CARTESIAN_POINT ( 'NONE',  ( -1.439254484199189379E-16, -1.175240473580835276, 2.562499999999998668 ) ) ;
#4639 = CARTESIAN_POINT ( 'NONE',  ( -1.017788105676658006, -0.5876202367904174162, -5.020833333333334814 ) ) ;
#4640 = VERTEX_POINT ( 'NONE', #5386 ) ;
#4641 = CARTESIAN_POINT ( 'NONE',  ( -1.439254484199189379E-16, -1.175240473580835276, -4.500000000000001776 ) ) ;
#4642 = CARTESIAN_POINT ( 'NONE',  ( 0.000000000000000000, 1.527063293868263338, 1.546874999999998002 ) ) ;
#4643 = ORIENTED_EDGE ( 'NONE', *, *, #3978, .F. ) ;
#4644 = CARTESIAN_POINT ( 'NONE',  ( -1.732050807568877415, 1.060575238724906915E-16, 2.124999999999998224 ) ) ;
#4645 = EDGE_CURVE ( 'NONE', #3336, #4114, #5809, .T. ) ;
#4646 = CARTESIAN_POINT ( 'NONE',  ( 0.000000000000000000, 1.499999999999999778, 4.062499999999998224 ) ) ;
#4647 = CARTESIAN_POINT ( 'NONE',  ( -0.8660254037844391517, -1.499999999999999334, -8.729166666666667851 ) ) ;
#4648 = CARTESIAN_POINT ( 'NONE',  ( -1.017788105676657784, 0.5876202367904177493, -6.104166666666667851 ) ) ;
#4649 = CARTESIAN_POINT ( 'NONE',  ( -0.1769225575402685047, -1.459989138569697253, 7.326899718380833981 ) ) ;
#4650 = CARTESIAN_POINT ( 'NONE',  ( 0.000000000000000000, 1.499999999999999778, -10.49999999999999822 ) ) ;
#4651 = CARTESIAN_POINT ( 'NONE',  ( -0.6785254037844388186, -1.175240473580835276, -9.479166666666666075 ) ) ;
#4652 = CARTESIAN_POINT ( 'NONE',  ( -0.6785254037844388186, -1.175240473580835054, 5.520833333333330373 ) ) ;
#4653 = ORIENTED_EDGE ( 'NONE', *, *, #4391, .T. ) ;
#4654 = CARTESIAN_POINT ( 'NONE',  ( -1.017788105676658006, -0.5876202367904174162, -5.583333333333333925 ) ) ;
#4655 = CARTESIAN_POINT ( 'NONE',  ( -1.017788105676658006, -0.5876202367904174162, -0.08333333333333456383 ) ) ;
#4656 = CARTESIAN_POINT ( 'NONE',  ( -0.6785254037844388186, -1.175240473580835276, 4.520833333333331261 ) ) ;
#4657 = VECTOR ( 'NONE', #3392, 1000.000000000000000 ) ;
#4658 = CARTESIAN_POINT ( 'NONE',  ( -0.8816504037844382635, 1.527063293868263338, -3.911458333333334370 ) ) ;
#4659 = CARTESIAN_POINT ( 'NONE',  ( 1.322475605676657340, -0.7635316469341323353, 1.848958333333332593 ) ) ;
#4660 = CARTESIAN_POINT ( 'NONE',  ( 1.017788105676658228, 0.5876202367904167501, -1.770833333333334370 ) ) ;
#4661 = ORIENTED_EDGE ( 'NONE', *, *, #1312, .F. ) ;
#4662 = AXIS2_PLACEMENT_3D ( 'NONE', #1571, #6611, #7316 ) ;
#4663 = CARTESIAN_POINT ( 'NONE',  ( 0.6785254037844391517, 1.175240473580835054, -7.791666666666666963 ) ) ;
#4664 = AXIS2_PLACEMENT_3D ( 'NONE', #2220, #580, #7336 ) ;
#4665 = CARTESIAN_POINT ( 'NONE',  ( 0.000000000000000000, 1.499999999999999556, 0.9999999999999991118 ) ) ;
#4666 = DIRECTION ( 'NONE',  ( -0.000000000000000000, 6.173100338913050050E-57, -1.000000000000000000 ) ) ;
#4667 = CARTESIAN_POINT ( 'NONE',  ( -1.439254484199189379E-16, -1.175240473580835276, 6.499999999999997335 ) ) ;
#4668 = CARTESIAN_POINT ( 'NONE',  ( -1.322475605676657784, 0.7635316469341318912, -6.401041666666667851 ) ) ;
#4669 = VERTEX_POINT ( 'NONE', #6518 ) ;
#4670 = CARTESIAN_POINT ( 'NONE',  ( 1.017788105676658228, 0.5876202367904167501, 6.666666666666666075 ) ) ;
#4671 = DIRECTION ( 'NONE',  ( -0.000000000000000000, 6.173100338913050050E-57, -1.000000000000000000 ) ) ;
#4672 = CARTESIAN_POINT ( 'NONE',  ( -1.836970198721029441E-16, -1.499999999999999778, -6.687500000000001776 ) ) ;
#4673 = CARTESIAN_POINT ( 'NONE',  ( -1.017788105676657784, 0.5876202367904177493, 1.395833333333332149 ) ) ;
#4674 = AXIS2_PLACEMENT_3D ( 'NONE', #3904, #1073, #3352 ) ;
#4675 = CARTESIAN_POINT ( 'NONE',  ( -1.439254484199189379E-16, -1.175240473580835276, -2.437500000000000444 ) ) ;
#4676 = DIRECTION ( 'NONE',  ( -0.000000000000000000, 6.173100338913050050E-57, -1.000000000000000000 ) ) ;
#4677 = CARTESIAN_POINT ( 'NONE',  ( -1.017788105676657784, 0.5876202367904177493, -5.666666666666667851 ) ) ;
#4678 = CARTESIAN_POINT ( 'NONE',  ( 1.322475605676658450, 0.7635316469341306700, 0.4635416666666659080 ) ) ;
#4679 = ORIENTED_EDGE ( 'NONE', *, *, #6241, .F. ) ;
#4680 = CARTESIAN_POINT ( 'NONE',  ( -1.017788105676658006, -0.5876202367904174162, -10.02083333333333393 ) ) ;
#4681 = CARTESIAN_POINT ( 'NONE',  ( -0.8660254037844382635, 1.499999999999999556, -3.458333333333334814 ) ) ;
#4682 = CARTESIAN_POINT ( 'NONE',  ( 0.8660254037844378194, -1.500000000000000000, 2.354166666666666519 ) ) ;
#4683 = CARTESIAN_POINT ( 'NONE',  ( -1.357050807568876971, 8.309539638847778957E-17, -6.062500000000000000 ) ) ;
#4684 = CARTESIAN_POINT ( 'NONE',  ( 1.357050807568876971, -2.492861891654333810E-16, -1.375000000000001110 ) ) ;
#4685 = EDGE_CURVE ( 'NONE', #4114, #6943, #2436, .T. ) ;
#4686 = FACE_OUTER_BOUND ( 'NONE', #2923, .T. ) ;
#4687 = CARTESIAN_POINT ( 'NONE',  ( -1.732050807568877415, 1.060575238724906915E-16, -2.875000000000001776 ) ) ;
#4688 = CARTESIAN_POINT ( 'NONE',  ( 0.8660254037844455910, 1.499999999999988676, -6.041666666666668739 ) ) ;
#4689 = CARTESIAN_POINT ( 'NONE',  ( 1.357050807568876971, -2.492861891654333810E-16, -10.31250000000000178 ) ) ;
#4690 = CARTESIAN_POINT ( 'NONE',  ( -1.017788105676658006, -0.5876202367904174162, 5.479166666666665186 ) ) ;
#4691 = ORIENTED_EDGE ( 'NONE', *, *, #1886, .F. ) ;
#4692 = CARTESIAN_POINT ( 'NONE',  ( 1.017788105676658228, 0.5876202367904167501, -6.833333333333334814 ) ) ;
#4693 = CARTESIAN_POINT ( 'NONE',  ( 2.020667218593132508E-16, -1.649999999999999467, 7.500000000000000000 ) ) ;
#4694 = CARTESIAN_POINT ( 'NONE',  ( 1.017788105676658228, 0.5876202367904167501, -1.333333333333333925 ) ) ;
#4696 = CARTESIAN_POINT ( 'NONE',  ( 0.6785254037844392627, 1.175240473580835054, 2.770833333333331261 ) ) ;
#4695 =( BOUNDED_CURVE ( )  B_SPLINE_CURVE ( 2, ( #1491, #930, #2261, #6304, #4543, #2932, #6197 ),
 .UNSPECIFIED., .F., .T. ) 
 B_SPLINE_CURVE_WITH_KNOTS ( ( 3, 2, 2, 3 ),
 ( 0.7567567567567566877, 0.7612612612612611462, 0.7657657657657656047, 0.7702702702702701743 ),
 .UNSPECIFIED. ) 
 CURVE ( )  GEOMETRIC_REPRESENTATION_ITEM ( )  RATIONAL_B_SPLINE_CURVE ( ( 1.000000000000003331, 0.8660254037844353769, 1.000000000000000000, 0.8660254037844387076, 1.000000000000000000, 0.8660254037844420383, 0.9999999999999966693 ) ) 
 REPRESENTATION_ITEM ( '' )  );
#4697 = CARTESIAN_POINT ( 'NONE',  ( 1.322475605676658450, 0.7635316469341306700, -4.536458333333333925 ) ) ;
#4698 = CARTESIAN_POINT ( 'NONE',  ( -1.322475605676657784, -0.7635316469341314471, 0.1822916666666656860 ) ) ;
#4699 = CARTESIAN_POINT ( 'NONE',  ( 1.017788105676658228, 0.5876202367904167501, -3.770833333333334370 ) ) ;
#4700 = ORIENTED_EDGE ( 'NONE', *, *, #6273, .T. ) ;
#4701 = CARTESIAN_POINT ( 'NONE',  ( -0.6785254037844382635, 1.175240473580835276, -9.708333333333333925 ) ) ;
#4702 = CARTESIAN_POINT ( 'NONE',  ( 0.000000000000000000, 1.296351071171740261E-55, -10.49999999999999822 ) ) ;
#4703 = CARTESIAN_POINT ( 'NONE',  ( 0.2433378840053756764, -1.480130627413603239, -10.17524047358083372 ) ) ;
#4704 = CARTESIAN_POINT ( 'NONE',  ( 1.357050807568876971, -2.492861891654333810E-16, 5.625000000000000000 ) ) ;
#4705 = CARTESIAN_POINT ( 'NONE',  ( -1.322475605676657784, 0.7635316469341318912, -8.401041666666667851 ) ) ;
#4706 = ORIENTED_EDGE ( 'NONE', *, *, #2292, .F. ) ;
#4707 = CARTESIAN_POINT ( 'NONE',  ( 1.017788105676658228, 0.5876202367904167501, 4.666666666666664298 ) ) ;
#4708 = CARTESIAN_POINT ( 'NONE',  ( -1.732050807568877193, 1.060575238724906792E-16, 6.187499999999997335 ) ) ;
#4709 = CARTESIAN_POINT ( 'NONE',  ( -1.299038105676657784, -0.7499999999999995559, -4.770833333333334814 ) ) ;
#4710 = CARTESIAN_POINT ( 'NONE',  ( -1.357050807568876971, 8.309539638847778957E-17, 1.937499999999998224 ) ) ;
#4711 = CARTESIAN_POINT ( 'NONE',  ( 1.357050807568876971, -2.492861891654333810E-16, -0.8125000000000007772 ) ) ;
#4712 = ORIENTED_EDGE ( 'NONE', *, *, #899, .F. ) ;
#4713 = CARTESIAN_POINT ( 'NONE',  ( 0.6785254037844392627, 1.175240473580835054, -3.291666666666667407 ) ) ;
#4714 = CARTESIAN_POINT ( 'NONE',  ( 1.322475605676658450, 0.7635316469341306700, 3.463541666666665186 ) ) ;
#4715 = EDGE_LOOP ( 'NONE', ( #598, #5595, #700, #5068 ) ) ;
#4716 = EDGE_CURVE ( 'NONE', #713, #1600, #7020, .T. ) ;
#4717 = CARTESIAN_POINT ( 'NONE',  ( 0.000000000000000000, 1.499999999999999778, -2.937500000000000888 ) ) ;
#4718 = CARTESIAN_POINT ( 'NONE',  ( 1.299038105676658672, 0.7499999999999987788, 2.479166666666666075 ) ) ;
#4719 = CARTESIAN_POINT ( 'NONE',  ( 1.017788105676657562, -0.5876202367904181934, -4.854166666666667851 ) ) ;
#4720 = CARTESIAN_POINT ( 'NONE',  ( -1.371347274434397967, 0.3036724362476184158, -10.27369810789408255 ) ) ;
#4721 = CARTESIAN_POINT ( 'NONE',  ( 1.299038105676657118, -0.7500000000000004441, 5.333333333333330373 ) ) ;
#4722 = CARTESIAN_POINT ( 'NONE',  ( -1.299038105676657784, -0.7499999999999995559, 4.229166666666666075 ) ) ;
#4723 = DIRECTION ( 'NONE',  ( 0.000000000000000000, 0.000000000000000000, 1.000000000000000000 ) ) ;
#4724 = CONICAL_SURFACE ( 'NONE', #5658, 1732.050807568858318, 1.047197551196592968 ) ;
#4725 =( BOUNDED_CURVE ( )  B_SPLINE_CURVE ( 2, ( #6819, #3039, #6411, #1812, #2926, #5195, #4006 ),
 .UNSPECIFIED., .F., .F. ) 
 B_SPLINE_CURVE_WITH_KNOTS ( ( 3, 2, 2, 3 ),
 ( 0.8918918918918918859, 0.8963963963963963444, 0.9009009009009010249, 0.9054054054054054834 ),
 .UNSPECIFIED. ) 
 CURVE ( )  GEOMETRIC_REPRESENTATION_ITEM ( )  RATIONAL_B_SPLINE_CURVE ( ( 1.000000000000000000, 0.8660254037844385966, 1.000000000000000000, 0.8660254037844385966, 1.000000000000000000, 0.8660254037844352659, 1.000000000000003331 ) ) 
 REPRESENTATION_ITEM ( '' )  );
#4726 = CARTESIAN_POINT ( 'NONE',  ( 0.000000000000000000, 1.175240473580835276, -9.687500000000001776 ) ) ;
#4727 = CARTESIAN_POINT ( 'NONE',  ( -1.017788105676658006, -0.5876202367904174162, 6.479166666666666075 ) ) ;
#4728 = ORIENTED_EDGE ( 'NONE', *, *, #1303, .F. ) ;
#4729 = ADVANCED_FACE ( 'NONE', ( #1519 ), #3158, .T. ) ;
#4730 = CARTESIAN_POINT ( 'NONE',  ( 0.6785254037844392627, 1.175240473580835054, -7.291666666666667851 ) ) ;
#4731 = CARTESIAN_POINT ( 'NONE',  ( -1.299038105676657784, 0.7500000000000001110, -2.354166666666667407 ) ) ;
#4732 = B_SPLINE_CURVE_WITH_KNOTS ( 'NONE', 3,
 ( #6227, #3038, #1366, #4083, #1218, #5266, #2325, #160 ),
 .UNSPECIFIED., .F., .F.,
 ( 4, 2, 2, 4 ),
 ( 2.544378114023753197E-07, 0.0003729905366538285448, 0.0007457266354962546273, 0.001491198833181106576 ),
 .UNSPECIFIED. ) ;
#4733 = CARTESIAN_POINT ( 'NONE',  ( -1.017788105676658006, -0.5876202367904174162, 0.4166666666666658525 ) ) ;
#4734 = CARTESIAN_POINT ( 'NONE',  ( 1.017788105676658228, 0.5876202367904167501, 2.729166666666666075 ) ) ;
#4735 = CARTESIAN_POINT ( 'NONE',  ( 0.8816504037844380415, -1.527063293868264005, -5.161458333333333925 ) ) ;
#4736 = CARTESIAN_POINT ( 'NONE',  ( 0.000000000000000000, 1.527063293868263338, 2.015624999999998224 ) ) ;
#4737 = CARTESIAN_POINT ( 'NONE',  ( 1.017788105676657562, -0.5876202367904181934, -1.854166666666667185 ) ) ;
#4738 = ORIENTED_EDGE ( 'NONE', *, *, #3869, .F. ) ;
#4739 = CARTESIAN_POINT ( 'NONE',  ( -1.439254484199189379E-16, -1.175240473580835276, 0.4999999999999987232 ) ) ;
#4740 = EDGE_CURVE ( 'NONE', #5264, #1142, #3085, .T. ) ;
#4741 = CARTESIAN_POINT ( 'NONE',  ( 1.017788105676658228, 0.5876202367904167501, -7.333333333333333925 ) ) ;
#4742 = CARTESIAN_POINT ( 'NONE',  ( -1.299038105676657562, -0.7499999999999994449, 5.666666666666665186 ) ) ;
#4743 = DIRECTION ( 'NONE',  ( 0.000000000000000000, 1.000000000000000000, 0.000000000000000000 ) ) ;
#4744 = CARTESIAN_POINT ( 'NONE',  ( -0.6785254037844388186, -1.175240473580835276, 6.958333333333332149 ) ) ;
#4745 = CARTESIAN_POINT ( 'NONE',  ( 1.322475605676658450, 0.7635316469341306700, -7.067708333333333925 ) ) ;
#4746 = EDGE_LOOP ( 'NONE', ( #5498, #1858, #1326, #7173 ) ) ;
#4747 = CARTESIAN_POINT ( 'NONE',  ( -1.017788105676657784, 0.5876202367904177493, 5.833333333333331261 ) ) ;
#4748 = CARTESIAN_POINT ( 'NONE',  ( 0.000000000000000000, 1.499999999999999778, -5.937500000000000888 ) ) ;
#4749 = CARTESIAN_POINT ( 'NONE',  ( -0.8660254037844383745, 1.499999999999999778, -0.3958333333333348136 ) ) ;
#4750 = CARTESIAN_POINT ( 'NONE',  ( -1.017788105676657784, 0.5876202367904177493, 3.395833333333332149 ) ) ;
#4751 = CARTESIAN_POINT ( 'NONE',  ( -1.017788105676658006, -0.5876202367904174162, -3.020833333333334370 ) ) ;
#4752 = CARTESIAN_POINT ( 'NONE',  ( 1.017788105676658228, 0.5876202367904167501, 6.166666666666666075 ) ) ;
#4753 = VERTEX_POINT ( 'NONE', #319 ) ;
#4754 = CARTESIAN_POINT ( 'NONE',  ( 1.357050807568876971, -2.492861891654333810E-16, -1.875000000000001776 ) ) ;
#4755 = CARTESIAN_POINT ( 'NONE',  ( -1.322475605676657784, -0.7635316469341314471, 1.713541666666665186 ) ) ;
#4756 = VERTEX_POINT ( 'NONE', #3715 ) ;
#4757 = CARTESIAN_POINT ( 'NONE',  ( 1.357050807568876749, -2.492861891654333810E-16, -7.812500000000000000 ) ) ;
#4758 = CARTESIAN_POINT ( 'NONE',  ( 1.299038105676658672, 0.7499999999999987788, 3.979166666666665630 ) ) ;
#4759 = EDGE_CURVE ( 'NONE', #1079, #5192, #6561, .T. ) ;
#4760 = CARTESIAN_POINT ( 'NONE',  ( 0.000000000000000000, 1.296351071171740261E-55, -10.49999999999999822 ) ) ;
#4761 = CARTESIAN_POINT ( 'NONE',  ( 1.017788105676657562, -0.5876202367904181934, -5.354166666666667851 ) ) ;
#4762 = CARTESIAN_POINT ( 'NONE',  ( -1.221885773272364917, -0.7696440873589149856, -10.23410685090557060 ) ) ;
#4763 = DIRECTION ( 'NONE',  ( -0.000000000000000000, 6.173100338913050050E-57, -1.000000000000000000 ) ) ;
#4764 = CARTESIAN_POINT ( 'NONE',  ( -0.6785254037844383745, 1.175240473580835499, -9.145833333333333925 ) ) ;
#4765 = CARTESIAN_POINT ( 'NONE',  ( -0.6785254037844382635, 1.175240473580835276, 4.354166666666666075 ) ) ;
#4766 = ORIENTED_EDGE ( 'NONE', *, *, #5444, .T. ) ;
#4767 = CARTESIAN_POINT ( 'NONE',  ( -1.017788105676658006, -0.5876202367904174162, 1.416666666666664964 ) ) ;
#4768 = CARTESIAN_POINT ( 'NONE',  ( 1.017788105676657562, -0.5876202367904181934, -6.416666666666667851 ) ) ;
#4769 = CARTESIAN_POINT ( 'NONE',  ( -1.836970198721029441E-16, -1.499999999999999778, -0.6875000000000006661 ) ) ;
#4770 = CARTESIAN_POINT ( 'NONE',  ( 0.000000000000000000, 1.175240473580835276, 5.312499999999999112 ) ) ;
#4771 =( BOUNDED_CURVE ( )  B_SPLINE_CURVE ( 2, ( #3991, #2309, #1311, #1276, #6945, #4022, #2909 ),
 .UNSPECIFIED., .F., .T. ) 
 B_SPLINE_CURVE_WITH_KNOTS ( ( 3, 2, 2, 3 ),
 ( 0.9189189189189189699, 0.9234234234234235394, 0.9279279279279278869, 0.9324324324324324564 ),
 .UNSPECIFIED. ) 
 CURVE ( )  GEOMETRIC_REPRESENTATION_ITEM ( )  RATIONAL_B_SPLINE_CURVE ( ( 0.9999999999999966693, 0.8660254037844420383, 1.000000000000000000, 0.8660254037844387076, 1.000000000000000000, 0.8660254037844387076, 1.000000000000000000 ) ) 
 REPRESENTATION_ITEM ( '' )  );
#4772 = CARTESIAN_POINT ( 'NONE',  ( -1.870113174931182636E-16, -1.527063293868263338, -5.703125000000001776 ) ) ;
#4773 = CARTESIAN_POINT ( 'NONE',  ( -0.8816504037844389297, -1.527063293868263116, -0.2760416666666674623 ) ) ;
#4774 = CARTESIAN_POINT ( 'NONE',  ( -1.017788105676658006, -0.5876202367904174162, -1.520833333333334147 ) ) ;
#4775 = ORIENTED_EDGE ( 'NONE', *, *, #1547, .F. ) ;
#4776 = CARTESIAN_POINT ( 'NONE',  ( -1.439254484199189379E-16, -1.175240473580835276, -8.000000000000000000 ) ) ;
#4777 = ADVANCED_FACE ( 'NONE', ( #5899 ), #245, .T. ) ;
#4778 = CARTESIAN_POINT ( 'NONE',  ( -1.439254484199189379E-16, -1.175240473580835276, 4.999999999999999112 ) ) ;
#4779 = CONICAL_SURFACE ( 'NONE', #3112, 1.175240473580835276, 0.7853981633974463916 ) ;
#4780 = CARTESIAN_POINT ( 'NONE',  ( -1.322475605676657784, -0.7635316469341314471, -6.317708333333333925 ) ) ;
#4781 = ORIENTED_EDGE ( 'NONE', *, *, #4365, .F. ) ;
#4782 = CIRCLE ( 'NONE', #4428, 2.600000000000000089 ) ;
#4783 = CARTESIAN_POINT ( 'NONE',  ( 0.000000000000000000, 1.175240473580835276, 7.249999999999997335 ) ) ;
#4784 = CARTESIAN_POINT ( 'NONE',  ( 1.836970198721029688E-16, -1.499999999999999778, -10.49999999999999822 ) ) ;
#4785 = CARTESIAN_POINT ( 'NONE',  ( 0.6785254037844380415, -1.175240473580835721, 4.104166666666666075 ) ) ;
#4786 = CARTESIAN_POINT ( 'NONE',  ( 1.017788105676658228, 0.5876202367904167501, -1.270833333333333925 ) ) ;
#4787 = CYLINDRICAL_SURFACE ( 'NONE', #490, 1.499999999999999778 ) ;
#4788 = AXIS2_PLACEMENT_3D ( 'NONE', #6557, #2032, #2106 ) ;
#4789 = ORIENTED_EDGE ( 'NONE', *, *, #2428, .F. ) ;
#4790 = CARTESIAN_POINT ( 'NONE',  ( 1.017788105676657562, -0.5876202367904181934, -2.916666666666668295 ) ) ;
#4791 = CARTESIAN_POINT ( 'NONE',  ( -0.8816504037844389297, -1.527063293868263116, 3.255208333333332593 ) ) ;
#4792 = ORIENTED_EDGE ( 'NONE', *, *, #5362, .F. ) ;
#4793 = CARTESIAN_POINT ( 'NONE',  ( 0.6785254037844391517, 1.175240473580835054, -9.229166666666667851 ) ) ;
#4794 = FACE_OUTER_BOUND ( 'NONE', #5104, .T. ) ;
#4795 = CARTESIAN_POINT ( 'NONE',  ( 0.8660254037844256070, -1.500000000000021760, -4.145833333333336590 ) ) ;
#4796 = CARTESIAN_POINT ( 'NONE',  ( 0.000000000000000000, 1.175240473580835276, -2.687500000000000444 ) ) ;
#4797 = CARTESIAN_POINT ( 'NONE',  ( 0.000000000000000000, 1.175240473580835276, -9.750000000000001776 ) ) ;
#4798 = CARTESIAN_POINT ( 'NONE',  ( 1.299038105676658672, 0.7499999999999987788, 1.979166666666665630 ) ) ;
#4799 =( NAMED_UNIT ( * ) PLANE_ANGLE_UNIT ( ) SI_UNIT ( $, .RADIAN. ) );
#4800 = CARTESIAN_POINT ( 'NONE',  ( 1.357050807568876971, -2.492861891654333810E-16, -7.312500000000002665 ) ) ;
#4801 = CARTESIAN_POINT ( 'NONE',  ( -1.439254484199189379E-16, -1.175240473580835276, 7.062499999999997335 ) ) ;
#4802 = CARTESIAN_POINT ( 'NONE',  ( -1.017788105676657784, 0.5876202367904177493, 1.333333333333332149 ) ) ;
#4803 = DIRECTION ( 'NONE',  ( 0.000000000000000000, 1.000000000000000000, 0.000000000000000000 ) ) ;
#4804 = CARTESIAN_POINT ( 'NONE',  ( -1.836970198721029441E-16, -1.499999999999999778, -4.187500000000000888 ) ) ;
#4805 = CARTESIAN_POINT ( 'NONE',  ( 0.000000000000000000, 1.175240473580835276, 2.749999999999999112 ) ) ;
#4806 = CARTESIAN_POINT ( 'NONE',  ( -1.357050807568876971, 8.309539638847778957E-17, 5.937500000000000000 ) ) ;
#4807 = CARTESIAN_POINT ( 'NONE',  ( 1.732050807568877415, -3.181725716174720498E-16, 6.375000000000000888 ) ) ;
#4808 = CARTESIAN_POINT ( 'NONE',  ( 0.8816504037844380415, -1.527063293868264005, -4.661458333333333925 ) ) ;
#4809 = CARTESIAN_POINT ( 'NONE',  ( 1.322475605676657340, -0.7635316469341323353, 3.848958333333332593 ) ) ;
#4810 = VERTEX_POINT ( 'NONE', #1478 ) ;
#4811 = CARTESIAN_POINT ( 'NONE',  ( 1.017788105676658228, 0.5876202367904167501, -3.270833333333334814 ) ) ;
#4812 = VERTEX_POINT ( 'NONE', #3755 ) ;
#4813 = CARTESIAN_POINT ( 'NONE',  ( -1.439254484199189379E-16, -1.175240473580835276, -4.500000000000001776 ) ) ;
#4814 = CARTESIAN_POINT ( 'NONE',  ( 0.000000000000000000, 1.499999999999999778, -10.49999999999999822 ) ) ;
#4815 = CARTESIAN_POINT ( 'NONE',  ( -0.6785254037844388186, -1.175240473580835276, 5.958333333333331261 ) ) ;
#4816 = CARTESIAN_POINT ( 'NONE',  ( -1.322475605676657784, -0.7635316469341314471, -6.817708333333333925 ) ) ;
#4817 = ORIENTED_EDGE ( 'NONE', *, *, #3806, .F. ) ;
#4818 = DIRECTION ( 'NONE',  ( 0.000000000000000000, 1.000000000000000000, 0.000000000000000000 ) ) ;
#4819 = EDGE_CURVE ( 'NONE', #4092, #3020, #431, .T. ) ;
#4820 = CARTESIAN_POINT ( 'NONE',  ( 1.357050807568876971, -2.492861891654333810E-16, 4.687499999999999112 ) ) ;
#4821 = CARTESIAN_POINT ( 'NONE',  ( -1.439254484199189379E-16, -1.175240473580835276, -1.437500000000001332 ) ) ;
#4822 = CARTESIAN_POINT ( 'NONE',  ( -1.836970198721029441E-16, -1.499999999999999556, -3.250000000000001332 ) ) ;
#4823 = CARTESIAN_POINT ( 'NONE',  ( 0.000000000000000000, 1.296351071171740261E-55, -10.49999999999999822 ) ) ;
#4824 = CARTESIAN_POINT ( 'NONE',  ( 0.6785254037844380415, -1.175240473580835721, -0.9583333333333352577 ) ) ;
#4825 = CARTESIAN_POINT ( 'NONE',  ( 1.322475605676658450, 0.7635316469341306700, 3.963541666666665630 ) ) ;
#4826 = VERTEX_POINT ( 'NONE', #468 ) ;
#4827 = CARTESIAN_POINT ( 'NONE',  ( 0.000000000000000000, 1.175240473580835276, -7.187500000000000888 ) ) ;
#4828 = CARTESIAN_POINT ( 'NONE',  ( -0.8234078741650779909, -0.8385640366158410020, -10.50000000000000000 ) ) ;
#4829 = CARTESIAN_POINT ( 'NONE',  ( 0.8660254037844257180, -1.500000000000021982, 3.791666666666664742 ) ) ;
#4830 = EDGE_CURVE ( 'NONE', #4476, #4881, #1032, .T. ) ;
#4831 = CARTESIAN_POINT ( 'NONE',  ( -1.017788105676658006, -0.5876202367904174162, -4.020833333333334814 ) ) ;
#4832 = CARTESIAN_POINT ( 'NONE',  ( 1.017788105676658228, 0.5876202367904167501, -9.833333333333333925 ) ) ;
#4833 = CARTESIAN_POINT ( 'NONE',  ( 0.8660254037844453689, 1.499999999999988676, 2.020833333333330817 ) ) ;
#4834 = CARTESIAN_POINT ( 'NONE',  ( 1.357050807568876971, -2.492861891654333810E-16, -6.312500000000000888 ) ) ;
#4835 = DIRECTION ( 'NONE',  ( 8.659560562354908206E-17, -0.7071067811865454633, -0.7071067811865495711 ) ) ;
#4836 = CYLINDRICAL_SURFACE ( 'NONE', #6707, 1.499999999999999778 ) ;
#4837 = DIRECTION ( 'NONE',  ( -0.000000000000000000, -0.000000000000000000, 1.000000000000000000 ) ) ;
#4838 = CARTESIAN_POINT ( 'NONE',  ( 0.000000000000000000, 1.175240473580835276, -2.250000000000001776 ) ) ;
#4839 = CARTESIAN_POINT ( 'NONE',  ( 1.357050807568876749, -2.492861891654333810E-16, 3.124999999999999112 ) ) ;
#4840 = CARTESIAN_POINT ( 'NONE',  ( 1.017788105676658228, 0.5876202367904167501, 5.729166666666665186 ) ) ;
#4841 = DIRECTION ( 'NONE',  ( 0.000000000000000000, 1.000000000000000000, 0.000000000000000000 ) ) ;
#4842 = CARTESIAN_POINT ( 'NONE',  ( -1.322475605676657784, -0.7635316469341314471, -3.286458333333334814 ) ) ;
#4843 = CARTESIAN_POINT ( 'NONE',  ( 1.763300807568876971, -3.239131034884752106E-16, 2.390624999999998668 ) ) ;
#4844 = ORIENTED_EDGE ( 'NONE', *, *, #4938, .T. ) ;
#4845 = CARTESIAN_POINT ( 'NONE',  ( 1.017788105676658228, 0.5876202367904167501, -1.270833333333333925 ) ) ;
#4846 = ORIENTED_EDGE ( 'NONE', *, *, #2428, .T. ) ;
#4847 = CARTESIAN_POINT ( 'NONE',  ( -1.017788105676658006, -0.5876202367904174162, -6.583333333333333925 ) ) ;
#4848 = ADVANCED_FACE ( 'NONE', ( #3311, #6705 ), #7218, .T. ) ;
#4849 = DIRECTION ( 'NONE',  ( -0.000000000000000000, 6.173100338913050050E-57, -1.000000000000000000 ) ) ;
#4850 = CARTESIAN_POINT ( 'NONE',  ( 0.000000000000000000, 1.499999999999999556, -6.500000000000000888 ) ) ;
#4851 = CARTESIAN_POINT ( 'NONE',  ( -1.322475605676657784, 0.7635316469341318912, -10.36979166666666785 ) ) ;
#4852 = CARTESIAN_POINT ( 'NONE',  ( -1.763300807568876971, 1.079710344961584035E-16, -5.359375000000000888 ) ) ;
#4853 = ORIENTED_EDGE ( 'NONE', *, *, #351, .F. ) ;
#4854 = CARTESIAN_POINT ( 'NONE',  ( -1.299038105676657562, 0.7500000000000000000, -0.4166666666666677399 ) ) ;
#4855 =( BOUNDED_CURVE ( )  B_SPLINE_CURVE ( 2, ( #3119, #1517, #1439, #3713, #6595, #3233, #2560 ),
 .UNSPECIFIED., .F., .T. ) 
 B_SPLINE_CURVE_WITH_KNOTS ( ( 3, 2, 2, 3 ),
 ( 0.1351351351351350594, 0.1396396396396396011, 0.1441441441441440596, 0.1486486486486486014 ),
 .UNSPECIFIED. ) 
 CURVE ( )  GEOMETRIC_REPRESENTATION_ITEM ( )  RATIONAL_B_SPLINE_CURVE ( ( 1.000000000000000888, 0.8660254037844379305, 1.000000000000000000, 0.8660254037844387076, 1.000000000000000000, 0.8660254037844411501, 0.9999999999999975575 ) ) 
 REPRESENTATION_ITEM ( '' )  );
#4856 = CARTESIAN_POINT ( 'NONE',  ( 1.017788105676657562, -0.5876202367904181934, 5.145833333333330373 ) ) ;
#4857 = CARTESIAN_POINT ( 'NONE',  ( -1.439254484199189379E-16, -1.175240473580835276, 0.06249999999999832079 ) ) ;
#4858 = CARTESIAN_POINT ( 'NONE',  ( -1.836970198721029441E-16, -1.499999999999999556, -2.250000000000000444 ) ) ;
#4859 = CARTESIAN_POINT ( 'NONE',  ( -1.017788105676658006, -0.5876202367904174162, -2.583333333333335258 ) ) ;
#4860 = CARTESIAN_POINT ( 'NONE',  ( -1.732050807568877193, 1.060575238724906792E-16, -5.812500000000000888 ) ) ;
#4861 = CARTESIAN_POINT ( 'NONE',  ( -1.322475605676657784, -0.7635316469341314471, 2.713541666666664298 ) ) ;
#4862 = VERTEX_POINT ( 'NONE', #5560 ) ;
#4863 = CARTESIAN_POINT ( 'NONE',  ( -1.357050807568876749, 8.309539638847778957E-17, -7.062500000000000888 ) ) ;
#4864 = LINE ( 'NONE', #1367, #4946 ) ;
#4865 = CARTESIAN_POINT ( 'NONE',  ( -0.6785254037844388186, -1.175240473580835276, -3.479166666666667851 ) ) ;
#4866 = CARTESIAN_POINT ( 'NONE',  ( 0.000000000000000000, 1.851930101673914562E-56, 7.500000000000000000 ) ) ;
#4867 = CARTESIAN_POINT ( 'NONE',  ( -1.439254484199189379E-16, -1.175240473580835276, -10.00000000000000000 ) ) ;
#4868 = CARTESIAN_POINT ( 'NONE',  ( -1.836970198721029441E-16, -1.499999999999999556, -0.7500000000000006661 ) ) ;
#4869 = EDGE_CURVE ( 'NONE', #5043, #4881, #3960, .T. ) ;
#4870 = CARTESIAN_POINT ( 'NONE',  ( 0.6785254037844380415, -1.175240473580835721, -7.395833333333333925 ) ) ;
#4871 = CARTESIAN_POINT ( 'NONE',  ( 0.8660254037844394848, 1.499999999999999334, -1.541666666666667407 ) ) ;
#4872 = CARTESIAN_POINT ( 'NONE',  ( 1.299038105676658672, 0.7499999999999987788, 6.979166666666666075 ) ) ;
#4873 = CARTESIAN_POINT ( 'NONE',  ( 1.250000000000000222, 0.6099678444218483708, 10.33588682849435614 ) ) ;
#4874 = CARTESIAN_POINT ( 'NONE',  ( -0.6785254037844382635, 1.175240473580835276, 3.291666666666664742 ) ) ;
#4875 = CARTESIAN_POINT ( 'NONE',  ( -1.357050807568876971, 8.309539638847778957E-17, 6.437499999999997335 ) ) ;
#4876 = FACE_OUTER_BOUND ( 'NONE', #4071, .T. ) ;
#4877 = CARTESIAN_POINT ( 'NONE',  ( 1.299038105676658450, 0.7499999999999986677, 6.416666666666666075 ) ) ;
#4878 = CARTESIAN_POINT ( 'NONE',  ( 1.322475605676657340, -0.7635316469341323353, 4.348958333333331261 ) ) ;
#4879 = ORIENTED_EDGE ( 'NONE', *, *, #3786, .F. ) ;
#4880 = CARTESIAN_POINT ( 'NONE',  ( -1.357050807568876749, 8.309539638847778957E-17, -1.062500000000000888 ) ) ;
#4881 = VERTEX_POINT ( 'NONE', #6086 ) ;
#4882 = CARTESIAN_POINT ( 'NONE',  ( 1.017788105676657562, -0.5876202367904181934, -5.916666666666666963 ) ) ;
#4883 = CARTESIAN_POINT ( 'NONE',  ( 0.000000000000000000, 1.499999999999999556, -8.000000000000000000 ) ) ;
#4884 = CARTESIAN_POINT ( 'NONE',  ( -1.299038105676657562, -0.7499999999999994449, -1.833333333333334370 ) ) ;
#4885 = CARTESIAN_POINT ( 'NONE',  ( -1.322475605676657784, 0.7635316469341318912, -10.86979166666666785 ) ) ;
#4886 = CARTESIAN_POINT ( 'NONE',  ( -1.322475605676657784, -0.7635316469341314471, -4.817708333333334814 ) ) ;
#4887 = EDGE_LOOP ( 'NONE', ( #3280, #5705, #2886, #4379 ) ) ;
#4888 = CARTESIAN_POINT ( 'NONE',  ( 0.6785254037844380415, -1.175240473580835721, -0.4583333333333349247 ) ) ;
#4889 = CARTESIAN_POINT ( 'NONE',  ( 0.8660254037844392627, 1.499999999999999334, -5.979166666666667851 ) ) ;
#4890 = PLANE ( 'NONE',  #3061 ) ;
#4891 = CARTESIAN_POINT ( 'NONE',  ( 1.017788105676658228, 0.5876202367904167501, 5.729166666666665186 ) ) ;
#4892 = CARTESIAN_POINT ( 'NONE',  ( -0.6785254037844388186, -1.175240473580835276, 0.5208333333333314830 ) ) ;
#4893 = CARTESIAN_POINT ( 'NONE',  ( 0.000000000000000000, 1.499999999999999556, -1.814344573018711326E-15 ) ) ;
#4894 = DIRECTION ( 'NONE',  ( -0.000000000000000000, 6.173100338913050050E-57, -1.000000000000000000 ) ) ;
#4895 = CARTESIAN_POINT ( 'NONE',  ( 0.6785254037844392627, 1.175240473580835054, 0.2083333333333329540 ) ) ;
#4896 = CARTESIAN_POINT ( 'NONE',  ( 0.000000000000000000, 1.499999999999999556, -10.00000000000000000 ) ) ;
#4897 = CARTESIAN_POINT ( 'NONE',  ( 0.8816504037844392627, 1.527063293868263116, 6.505208333333331261 ) ) ;
#4898 = ORIENTED_EDGE ( 'NONE', *, *, #4374, .T. ) ;
#4899 = CARTESIAN_POINT ( 'NONE',  ( 0.000000000000000000, 1.175240473580835276, -8.187500000000000000 ) ) ;
#4900 = DIRECTION ( 'NONE',  ( -0.000000000000000000, 6.173100338913050050E-57, -1.000000000000000000 ) ) ;
#4901 = CARTESIAN_POINT ( 'NONE',  ( 0.000000000000000000, 1.499999999999999778, -1.937500000000001776 ) ) ;
#4902 = CARTESIAN_POINT ( 'NONE',  ( 1.357050807568876971, -2.492861891654333810E-16, -3.812500000000000444 ) ) ;
#4903 = CARTESIAN_POINT ( 'NONE',  ( -1.439254484199189379E-16, -1.175240473580835276, -7.000000000000000888 ) ) ;
#4904 = CARTESIAN_POINT ( 'NONE',  ( -1.439254484199189379E-16, -1.175240473580835276, -7.937500000000000000 ) ) ;
#4905 = VECTOR ( 'NONE', #6582, 1000.000000000000000 ) ;
#4906 = CARTESIAN_POINT ( 'NONE',  ( 0.6785254037844391517, 1.175240473580835054, 6.770833333333332149 ) ) ;
#4907 = CARTESIAN_POINT ( 'NONE',  ( 0.000000000000000000, 1.296351071171740261E-55, -10.49999999999999822 ) ) ;
#4908 = CARTESIAN_POINT ( 'NONE',  ( -1.017788105676658006, -0.5876202367904174162, -10.52083333333333393 ) ) ;
#4909 = EDGE_CURVE ( 'NONE', #889, #1118, #2853, .T. ) ;
#4910 = STYLED_ITEM ( 'NONE', ( #1674 ), #6514 ) ;
#4911 = CARTESIAN_POINT ( 'NONE',  ( -1.439254484199189379E-16, -1.175240473580835276, 1.499999999999997780 ) ) ;
#4912 = CARTESIAN_POINT ( 'NONE',  ( 1.357050807568876971, -2.492861891654333810E-16, 4.687499999999999112 ) ) ;
#4913 = CARTESIAN_POINT ( 'NONE',  ( 0.000000000000000000, 1.499999999999999556, 3.499999999999999556 ) ) ;
#4914 = CARTESIAN_POINT ( 'NONE',  ( 0.8660254037844502539, -1.499999999999978684, 6.291666666666667851 ) ) ;
#4915 = CARTESIAN_POINT ( 'NONE',  ( 0.000000000000000000, 1.527063293868263338, 4.015624999999998224 ) ) ;
#4916 = ORIENTED_EDGE ( 'NONE', *, *, #2172, .F. ) ;
#4917 = CARTESIAN_POINT ( 'NONE',  ( 1.017788105676657562, -0.5876202367904181934, 1.145833333333332149 ) ) ;
#4918 = ORIENTED_EDGE ( 'NONE', *, *, #7212, .T. ) ;
#4919 = CARTESIAN_POINT ( 'NONE',  ( -1.439254484199189379E-16, -1.175240473580835276, -6.500000000000001776 ) ) ;
#4920 = ADVANCED_FACE ( 'NONE', ( #5524 ), #5675, .T. ) ;
#4921 = CARTESIAN_POINT ( 'NONE',  ( 1.836970198721029688E-16, -1.499999999999999778, -10.49999999999999822 ) ) ;
#4922 = CARTESIAN_POINT ( 'NONE',  ( 0.8816504037844392627, 1.527063293868263116, -8.994791666666667851 ) ) ;
#4923 = CARTESIAN_POINT ( 'NONE',  ( 0.8816504037844380415, -1.527063293868264005, -4.192708333333333925 ) ) ;
#4924 = ORIENTED_EDGE ( 'NONE', *, *, #4759, .T. ) ;
#4925 = CARTESIAN_POINT ( 'NONE',  ( -0.6785254037844388186, -1.175240473580835276, -0.04166666666666728885 ) ) ;
#4926 = CARTESIAN_POINT ( 'NONE',  ( -1.299038105676657562, -0.7499999999999994449, -4.833333333333334814 ) ) ;
#4927 = CARTESIAN_POINT ( 'NONE',  ( 0.6785254037844380415, -1.175240473580835721, 7.604166666666663410 ) ) ;
#4928 = CARTESIAN_POINT ( 'NONE',  ( 0.6785254037844380415, -1.175240473580835721, 0.6041666666666660745 ) ) ;
#4929 = CARTESIAN_POINT ( 'NONE',  ( 0.8455873006056739971, 0.9551756173460494992, 10.21891626044851975 ) ) ;
#4930 = CARTESIAN_POINT ( 'NONE',  ( 1.357050807568876971, -2.492861891654333810E-16, 1.124999999999999334 ) ) ;
#4931 = CARTESIAN_POINT ( 'NONE',  ( 1.836970198721029688E-16, -1.499999999999999778, -10.49999999999999822 ) ) ;
#4932 = CARTESIAN_POINT ( 'NONE',  ( -1.322475605676657784, -0.7635316469341314471, 5.713541666666665186 ) ) ;
#4933 = VERTEX_POINT ( 'NONE', #1590 ) ;
#4934 = CARTESIAN_POINT ( 'NONE',  ( 0.000000000000000000, 1.175240473580835276, -4.187500000000000888 ) ) ;
#4935 = CYLINDRICAL_SURFACE ( 'NONE', #4550, 1.499999999999999778 ) ;
#4936 = CARTESIAN_POINT ( 'NONE',  ( 0.000000000000000000, 1.296351071171740261E-55, -10.49999999999999822 ) ) ;
#4937 = CARTESIAN_POINT ( 'NONE',  ( -1.017788105676657784, 0.5876202367904177493, -3.104166666666667407 ) ) ;
#4938 = EDGE_CURVE ( 'NONE', #5656, #7119, #6500, .T. ) ;
#4939 = FACE_OUTER_BOUND ( 'NONE', #1430, .T. ) ;
#4940 = CARTESIAN_POINT ( 'NONE',  ( 1.017788105676658228, 0.5876202367904167501, -8.333333333333335702 ) ) ;
#4941 = CARTESIAN_POINT ( 'NONE',  ( 0.6785254037844380415, -1.175240473580835721, -6.895833333333333037 ) ) ;
#4942 = CARTESIAN_POINT ( 'NONE',  ( 1.017788105676657562, -0.5876202367904181934, 6.645833333333332149 ) ) ;
#4943 = CARTESIAN_POINT ( 'NONE',  ( 0.000000000000000000, 1.175240473580835276, 3.749999999999998224 ) ) ;
#4944 = CARTESIAN_POINT ( 'NONE',  ( 0.8660254037844531405, 1.499999999999975575, 6.020833333333330373 ) ) ;
#4945 = CARTESIAN_POINT ( 'NONE',  ( 0.000000000000000000, -6.481755355858701307E-56, 10.49999999999999822 ) ) ;
#4946 = VECTOR ( 'NONE', #4345, 1000.000000000000000 ) ;
#4947 = CARTESIAN_POINT ( 'NONE',  ( -1.017788105676657784, 0.5876202367904177493, 3.833333333333332593 ) ) ;
#4948 = DIRECTION ( 'NONE',  ( 0.000000000000000000, 1.000000000000000000, 0.000000000000000000 ) ) ;
#4949 = CARTESIAN_POINT ( 'NONE',  ( -1.836970198721029441E-16, -1.499999999999999778, -9.687500000000001776 ) ) ;
#4950 = CARTESIAN_POINT ( 'NONE',  ( 1.254312721916796658, 0.2265528782482485737, -10.41124637596261593 ) ) ;
#4951 = CARTESIAN_POINT ( 'NONE',  ( -1.322475605676657784, -0.7635316469341314471, 4.182291666666666075 ) ) ;
#4952 = ORIENTED_EDGE ( 'NONE', *, *, #2722, .T. ) ;
#4953 = CARTESIAN_POINT ( 'NONE',  ( -1.439254484199189379E-16, -1.175240473580835276, 0.06249999999999832079 ) ) ;
#4954 = VERTEX_POINT ( 'NONE', #4388 ) ;
#4955 = CARTESIAN_POINT ( 'NONE',  ( 0.000000000000000000, 1.175240473580835276, -6.750000000000000888 ) ) ;
#4956 = DIRECTION ( 'NONE',  ( -0.000000000000000000, 6.173100338913050050E-57, -1.000000000000000000 ) ) ;
#4957 = CARTESIAN_POINT ( 'NONE',  ( 1.763300807568876971, -3.239131034884752106E-16, -10.07812500000000000 ) ) ;
#4958 = CARTESIAN_POINT ( 'NONE',  ( -1.322475605676657784, 0.7635316469341318912, -3.401041666666667851 ) ) ;
#4959 = EDGE_CURVE ( 'NONE', #2060, #28, #1627, .T. ) ;
#4960 = ORIENTED_EDGE ( 'NONE', *, *, #1554, .T. ) ;
#4961 = CARTESIAN_POINT ( 'NONE',  ( 1.732050807568877193, -3.181725716174720005E-16, -3.062500000000000888 ) ) ;
#4962 = CARTESIAN_POINT ( 'NONE',  ( -1.439254484199189379E-16, -1.175240473580835276, 6.062500000000000000 ) ) ;
#4963 = CARTESIAN_POINT ( 'NONE',  ( -0.6785254037844383745, 1.175240473580835499, 1.854166666666665408 ) ) ;
#4964 = CARTESIAN_POINT ( 'NONE',  ( -0.8660254037844382635, 1.499999999999999556, -7.458333333333334814 ) ) ;
#4965 = CARTESIAN_POINT ( 'NONE',  ( 0.000000000000000000, 1.175240473580835276, 0.2499999999999985012 ) ) ;
#4966 = CARTESIAN_POINT ( 'NONE',  ( -1.763300807568876971, 1.079710344961584035E-16, 6.171874999999997335 ) ) ;
#4967 = ORIENTED_EDGE ( 'NONE', *, *, #2078, .F. ) ;
#4968 = CARTESIAN_POINT ( 'NONE',  ( 1.017788105676658228, 0.5876202367904167501, -4.270833333333333925 ) ) ;
#4969 = CARTESIAN_POINT ( 'NONE',  ( -0.8660254037844438146, 1.499999999999990008, -9.458333333333335702 ) ) ;
#4970 = CARTESIAN_POINT ( 'NONE',  ( -1.299038105676657562, 0.7500000000000000000, 5.083333333333332149 ) ) ;
#4971 = CARTESIAN_POINT ( 'NONE',  ( -1.017788105676657784, 0.5876202367904177493, 0.3958333333333313719 ) ) ;
#4972 =( BOUNDED_CURVE ( )  B_SPLINE_CURVE ( 2, ( #3134, #4249, #5911, #7124, #1418, #4210, #6059 ),
 .UNSPECIFIED., .F., .T. ) 
 B_SPLINE_CURVE_WITH_KNOTS ( ( 3, 2, 2, 3 ),
 ( 0.4594594594594593739, 0.4639639639639639435, 0.4684684684684683464, 0.4729729729729729160 ),
 .UNSPECIFIED. ) 
 CURVE ( )  GEOMETRIC_REPRESENTATION_ITEM ( )  RATIONAL_B_SPLINE_CURVE ( ( 1.000000000000001554, 0.8660254037844369313, 1.000000000000000000, 0.8660254037844387076, 1.000000000000000000, 0.8660254037844420383, 0.9999999999999966693 ) ) 
 REPRESENTATION_ITEM ( '' )  );
#4973 = CARTESIAN_POINT ( 'NONE',  ( 0.2433378840053756764, -1.480130627413603239, -10.17524047358083372 ) ) ;
#4974 = CARTESIAN_POINT ( 'NONE',  ( -1.357050807568876971, 8.309539638847778957E-17, -7.125000000000000888 ) ) ;
#4975 = CARTESIAN_POINT ( 'NONE',  ( -1.322475605676657784, -0.7635316469341314471, -2.286458333333334814 ) ) ;
#4976 = CYLINDRICAL_SURFACE ( 'NONE', #3947, 1.499999999999999778 ) ;
#4977 = CARTESIAN_POINT ( 'NONE',  ( -0.8660254037844391517, -1.499999999999999334, -1.729166666666668739 ) ) ;
#4978 = DIRECTION ( 'NONE',  ( -0.000000000000000000, 6.173100338913050050E-57, -1.000000000000000000 ) ) ;
#4979 = CARTESIAN_POINT ( 'NONE',  ( -1.017788105676658006, -0.5876202367904174162, -9.020833333333333925 ) ) ;
#4980 = CARTESIAN_POINT ( 'NONE',  ( 0.6785254037844380415, -1.175240473580835499, 4.041666666666666075 ) ) ;
#4981 = CARTESIAN_POINT ( 'NONE',  ( 0.000000000000000000, 1.296351071171740261E-55, -10.49999999999999822 ) ) ;
#4982 = CYLINDRICAL_SURFACE ( 'NONE', #969, 1.499999999999999778 ) ;
#4983 = CARTESIAN_POINT ( 'NONE',  ( 0.8660254037844424824, -1.499999999999992450, 5.354166666666666963 ) ) ;
#4984 = CARTESIAN_POINT ( 'NONE',  ( -0.8816504037844382635, 1.527063293868263338, 6.057291666666666075 ) ) ;
#4985 = ORIENTED_EDGE ( 'NONE', *, *, #2948, .F. ) ;
#4986 = CARTESIAN_POINT ( 'NONE',  ( 1.017788105676658228, 0.5876202367904167501, 0.2291666666666657137 ) ) ;
#4987 = ORIENTED_EDGE ( 'NONE', *, *, #6613, .F. ) ;
#4988 = CARTESIAN_POINT ( 'NONE',  ( 1.017788105676658228, 0.5876202367904167501, -8.833333333333333925 ) ) ;
#4989 = CARTESIAN_POINT ( 'NONE',  ( 0.6785254037844391517, 1.175240473580835054, -3.291666666666667407 ) ) ;
#4990 = CARTESIAN_POINT ( 'NONE',  ( -1.870113174931182636E-16, -1.527063293868263338, -10.20312500000000000 ) ) ;
#4991 = B_SPLINE_CURVE_WITH_KNOTS ( 'NONE', 3,
 ( #6920, #5438, #4258, #4929, #865, #3256, #6651, #5001 ),
 .UNSPECIFIED., .F., .F.,
 ( 4, 2, 2, 4 ),
 ( 2.544378114023748433E-07, 0.0003729905366538287075, 0.0007457266354962550610, 0.001491198833181107877 ),
 .UNSPECIFIED. ) ;
#4992 = CARTESIAN_POINT ( 'NONE',  ( 1.322475605676657340, -0.7635316469341323353, -4.151041666666667851 ) ) ;
#4993 = ORIENTED_EDGE ( 'NONE', *, *, #6757, .F. ) ;
#4994 = CARTESIAN_POINT ( 'NONE',  ( 1.017788105676657562, -0.5876202367904181934, -9.916666666666667851 ) ) ;
#4995 = CARTESIAN_POINT ( 'NONE',  ( 0.000000000000000000, 1.296351071171740261E-55, -10.49999999999999822 ) ) ;
#4996 = CARTESIAN_POINT ( 'NONE',  ( 0.000000000000000000, 1.175240473580835276, -10.75000000000000000 ) ) ;
#4997 = EDGE_CURVE ( 'NONE', #887, #6694, #2712, .T. ) ;
#4998 = B_SPLINE_CURVE_WITH_KNOTS ( 'NONE', 3,
 ( #5165, #3008, #2331, #6341, #2931, #1227 ),
 .UNSPECIFIED., .F., .F.,
 ( 4, 2, 4 ),
 ( 0.004964432020856873046, 0.005631479194613099072, 0.006298526368369325099 ),
 .UNSPECIFIED. ) ;
#4999 = CARTESIAN_POINT ( 'NONE',  ( -0.6785254037844383745, 1.175240473580835499, 0.8541666666666662966 ) ) ;
#5000 = CARTESIAN_POINT ( 'NONE',  ( -1.836970198721029441E-16, -1.499999999999999556, 3.249999999999999556 ) ) ;
#5001 = CARTESIAN_POINT ( 'NONE',  ( -7.885472551348378898E-17, 1.443375672974064550, 10.39174682452694576 ) ) ;
#5002 = CARTESIAN_POINT ( 'NONE',  ( 1.357050807568876971, -2.492861891654333810E-16, -0.8750000000000007772 ) ) ;
#5003 =( BOUNDED_CURVE ( )  B_SPLINE_CURVE ( 2, ( #2733, #4348, #7102, #2626, #2065, #6078, #6553 ),
 .UNSPECIFIED., .F., .T. ) 
 B_SPLINE_CURVE_WITH_KNOTS ( ( 3, 2, 2, 3 ),
 ( 0.8108108108108108558, 0.8153153153153154253, 0.8198198198198198838, 0.8243243243243243423 ),
 .UNSPECIFIED. ) 
 CURVE ( )  GEOMETRIC_REPRESENTATION_ITEM ( )  RATIONAL_B_SPLINE_CURVE ( ( 0.9999999999999966693, 0.8660254037844420383, 1.000000000000000000, 0.8660254037844387076, 1.000000000000000000, 0.8660254037844387076, 1.000000000000000000 ) ) 
 REPRESENTATION_ITEM ( '' )  );
#5004 = CARTESIAN_POINT ( 'NONE',  ( 0.8660254037844367092, 1.500000000000003997, -10.04166666666666963 ) ) ;
#5005 = CARTESIAN_POINT ( 'NONE',  ( -1.870113174931182636E-16, -1.527063293868263338, 5.296874999999999112 ) ) ;
#5006 = ORIENTED_EDGE ( 'NONE', *, *, #4096, .T. ) ;
#5007 = CARTESIAN_POINT ( 'NONE',  ( 1.017788105676657562, -0.5876202367904181934, -5.354166666666667851 ) ) ;
#5008 = CARTESIAN_POINT ( 'NONE',  ( 0.000000000000000000, 1.499999999999999778, -0.9375000000000008882 ) ) ;
#5009 = CARTESIAN_POINT ( 'NONE',  ( -1.357050807568876971, 8.309539638847778957E-17, -2.062500000000001776 ) ) ;
#5010 = DIRECTION ( 'NONE',  ( 0.000000000000000000, 1.000000000000000000, 0.000000000000000000 ) ) ;
#5011 = AXIS2_PLACEMENT_3D ( 'NONE', #4010, #6788, #1713 ) ;
#5012 = CARTESIAN_POINT ( 'NONE',  ( 0.000000000000000000, 1.175240473580835276, -6.750000000000000888 ) ) ;
#5013 = CARTESIAN_POINT ( 'NONE',  ( 1.322475605676658450, 0.7635316469341306700, -2.036458333333334370 ) ) ;
#5014 = CARTESIAN_POINT ( 'NONE',  ( 0.2349561306230188718, -1.463717111029472440, 7.337197534982929703 ) ) ;
#5015 = DIRECTION ( 'NONE',  ( 0.000000000000000000, 1.000000000000000000, 0.000000000000000000 ) ) ;
#5016 = CARTESIAN_POINT ( 'NONE',  ( 1.732050807568877415, -3.181725716174720498E-16, -9.625000000000001776 ) ) ;
#5017 = AXIS2_PLACEMENT_3D ( 'NONE', #2816, #5091, #7335 ) ;
#5018 = CARTESIAN_POINT ( 'NONE',  ( -0.6785254037844388186, -1.175240473580835276, -7.979166666666667851 ) ) ;
#5019 =( BOUNDED_CURVE ( )  B_SPLINE_CURVE ( 2, ( #491, #7320, #6768, #6175, #2202, #5623, #4481 ),
 .UNSPECIFIED., .F., .T. ) 
 B_SPLINE_CURVE_WITH_KNOTS ( ( 3, 2, 2, 3 ),
 ( 0.6216216216216217116, 0.6261261261261262812, 0.6306306306306307397, 0.6351351351351351981 ),
 .UNSPECIFIED. ) 
 CURVE ( )  GEOMETRIC_REPRESENTATION_ITEM ( )  RATIONAL_B_SPLINE_CURVE ( ( 0.9999999999999966693, 0.8660254037844419273, 1.000000000000000000, 0.8660254037844385966, 1.000000000000000000, 0.8660254037844352659, 1.000000000000003331 ) ) 
 REPRESENTATION_ITEM ( '' )  );
#5020 = CARTESIAN_POINT ( 'NONE',  ( -0.6785254037844388186, -1.175240473580835276, -2.041666666666667407 ) ) ;
#5021 = CARTESIAN_POINT ( 'NONE',  ( 0.6785254037844380415, -1.175240473580835499, 5.541666666666665186 ) ) ;
#5022 = CARTESIAN_POINT ( 'NONE',  ( 1.017788105676658228, 0.5876202367904167501, 7.729166666666663410 ) ) ;
#5023 = CARTESIAN_POINT ( 'NONE',  ( 0.8660254037844394848, 1.499999999999999334, 3.458333333333333037 ) ) ;
#5024 = CYLINDRICAL_SURFACE ( 'NONE', #3712, 1.499999999999999778 ) ;
#5025 = CARTESIAN_POINT ( 'NONE',  ( -1.763300807568876971, 1.079710344961584035E-16, 5.140624999999999112 ) ) ;
#5026 = ORIENTED_EDGE ( 'NONE', *, *, #4068, .F. ) ;
#5027 = CARTESIAN_POINT ( 'NONE',  ( -1.017788105676657784, 0.5876202367904177493, 3.895833333333332593 ) ) ;
#5028 = ORIENTED_EDGE ( 'NONE', *, *, #507, .T. ) ;
#5029 = CARTESIAN_POINT ( 'NONE',  ( -0.6785254037844383745, 1.175240473580835499, -8.708333333333335702 ) ) ;
#5030 = VECTOR ( 'NONE', #1967, 1000.000000000000000 ) ;
#5031 = CARTESIAN_POINT ( 'NONE',  ( -1.017788105676657784, 0.5876202367904177493, -2.666666666666667851 ) ) ;
#5032 = CARTESIAN_POINT ( 'NONE',  ( -1.322475605676657784, 0.7635316469341318912, -8.869791666666667851 ) ) ;
#5033 = CARTESIAN_POINT ( 'NONE',  ( -1.870113174931182636E-16, -1.527063293868263338, -2.734375000000000888 ) ) ;
#5034 = ORIENTED_EDGE ( 'NONE', *, *, #899, .T. ) ;
#5035 = CARTESIAN_POINT ( 'NONE',  ( 1.250000000000000000, -2.739409739067520778E-20, 10.19837115155288032 ) ) ;
#5036 = CARTESIAN_POINT ( 'NONE',  ( -1.439254484199189379E-16, -1.175240473580835276, 7.062499999999997335 ) ) ;
#5037 = CARTESIAN_POINT ( 'NONE',  ( 0.6785254037844380415, -1.175240473580835721, 3.604166666666665186 ) ) ;
#5038 = CARTESIAN_POINT ( 'NONE',  ( 0.000000000000000000, 1.296351071171740261E-55, -10.49999999999999822 ) ) ;
#5039 = CARTESIAN_POINT ( 'NONE',  ( 0.000000000000000000, 1.499999999999999778, -6.937500000000000888 ) ) ;
#5040 = CARTESIAN_POINT ( 'NONE',  ( 0.6785254037844392627, 1.175240473580835054, -0.7916666666666679619 ) ) ;
#5041 = CARTESIAN_POINT ( 'NONE',  ( -0.8816504037844389297, -1.527063293868263116, -8.776041666666669627 ) ) ;
#5042 = CARTESIAN_POINT ( 'NONE',  ( -1.870113174931182636E-16, -1.527063293868263338, 4.296874999999998224 ) ) ;
#5043 = VERTEX_POINT ( 'NONE', #7297 ) ;
#5044 = CARTESIAN_POINT ( 'NONE',  ( -0.6785254037844388186, -1.175240473580835054, -6.479166666666667851 ) ) ;
#5045 = EDGE_CURVE ( 'NONE', #4208, #6872, #1435, .T. ) ;
#5046 = CARTESIAN_POINT ( 'NONE',  ( -7.885472551348378898E-17, 1.443375672974064550, 10.39174682452694576 ) ) ;
#5047 = CARTESIAN_POINT ( 'NONE',  ( -1.836970198721029441E-16, -1.499999999999999556, -1.250000000000001110 ) ) ;
#5048 = CARTESIAN_POINT ( 'NONE',  ( 0.6785254037844380415, -1.175240473580835721, -1.395833333333334147 ) ) ;
#5050 =( BOUNDED_CURVE ( )  B_SPLINE_CURVE ( 2, ( #135, #2419, #745, #3797, #7154, #1410, #4204 ),
 .UNSPECIFIED., .F., .F. ) 
 B_SPLINE_CURVE_WITH_KNOTS ( ( 3, 2, 2, 3 ),
 ( 0.3648648648648648574, 0.3693693693693693159, 0.3738738738738737744, 0.3783783783783783439 ),
 .UNSPECIFIED. ) 
 CURVE ( )  GEOMETRIC_REPRESENTATION_ITEM ( )  RATIONAL_B_SPLINE_CURVE ( ( 1.000000000000001776, 0.8660254037844371533, 1.000000000000000000, 0.8660254037844387076, 1.000000000000000000, 0.8660254037844403729, 0.9999999999999983347 ) ) 
 REPRESENTATION_ITEM ( '' )  );
#5049 = CARTESIAN_POINT ( 'NONE',  ( 0.000000000000000000, 1.175240473580835276, -5.187500000000000888 ) ) ;
#5051 = ORIENTED_EDGE ( 'NONE', *, *, #4068, .T. ) ;
#5052 = CARTESIAN_POINT ( 'NONE',  ( -1.017788105676657784, 0.5876202367904177493, -8.166666666666667851 ) ) ;
#5053 = CARTESIAN_POINT ( 'NONE',  ( 0.8816504037844392627, 1.527063293868263116, -2.994791666666668295 ) ) ;
#5054 = CYLINDRICAL_SURFACE ( 'NONE', #6536, 1.499999999999999778 ) ;
#5055 = ADVANCED_FACE ( 'NONE', ( #995 ), #2701, .T. ) ;
#5056 = CARTESIAN_POINT ( 'NONE',  ( 1.250000000000000000, 0.7216878364870321638, 8.499999999999998224 ) ) ;
#5057 = CARTESIAN_POINT ( 'NONE',  ( 1.732050807568877415, -3.181725716174720498E-16, -9.125000000000003553 ) ) ;
#5058 = CARTESIAN_POINT ( 'NONE',  ( 1.017788105676658228, 0.5876202367904167501, -8.270833333333335702 ) ) ;
#5059 = CARTESIAN_POINT ( 'NONE',  ( 1.017788105676657562, -0.5876202367904181934, 5.583333333333330373 ) ) ;
#5060 = DIRECTION ( 'NONE',  ( 0.000000000000000000, 1.000000000000000000, 0.000000000000000000 ) ) ;
#5061 = CARTESIAN_POINT ( 'NONE',  ( 1.732050807568877193, -3.181725716174720005E-16, 3.437499999999997780 ) ) ;
#5062 = CARTESIAN_POINT ( 'NONE',  ( -1.299038105676657562, -0.7499999999999994449, -3.833333333333334370 ) ) ;
#5063 = FILL_AREA_STYLE ('',( #2787 ) ) ;
#5064 = CARTESIAN_POINT ( 'NONE',  ( 0.8816504037844392627, 1.527063293868263116, 6.973958333333331261 ) ) ;
#5065 = ORIENTED_EDGE ( 'NONE', *, *, #6984, .F. ) ;
#5066 =( BOUNDED_CURVE ( )  B_SPLINE_CURVE ( 2, ( #4125, #6965, #2298, #3495, #4616, #4688, #6269 ),
 .UNSPECIFIED., .F., .F. ) 
 B_SPLINE_CURVE_WITH_KNOTS ( ( 3, 2, 2, 3 ),
 ( 0.2297297297297296870, 0.2342342342342341732, 0.2387387387387386872, 0.2432432432432432012 ),
 .UNSPECIFIED. ) 
 CURVE ( )  GEOMETRIC_REPRESENTATION_ITEM ( )  RATIONAL_B_SPLINE_CURVE ( ( 1.000000000000001776, 0.8660254037844370423, 1.000000000000000000, 0.8660254037844385966, 1.000000000000000000, 0.8660254037844402619, 0.9999999999999983347 ) ) 
 REPRESENTATION_ITEM ( '' )  );
#5067 = CARTESIAN_POINT ( 'NONE',  ( -1.439254484199189379E-16, -1.175240473580835276, 1.562499999999998002 ) ) ;
#5068 = ORIENTED_EDGE ( 'NONE', *, *, #2651, .F. ) ;
#5069 = CARTESIAN_POINT ( 'NONE',  ( -1.357050807568876971, 8.309539638847778957E-17, -8.125000000000000000 ) ) ;
#5070 = CARTESIAN_POINT ( 'NONE',  ( 1.017788105676657562, -0.5876202367904181934, -1.916666666666667185 ) ) ;
#5071 = CIRCLE ( 'NONE', #6004, 2.600000000000000089 ) ;
#5072 = CARTESIAN_POINT ( 'NONE',  ( 0.8816504037844380415, -1.527063293868264005, -6.661458333333333925 ) ) ;
#5073 = CARTESIAN_POINT ( 'NONE',  ( 1.322475605676658450, 0.7635316469341306700, -2.567708333333334814 ) ) ;
#5074 = ADVANCED_FACE ( 'NONE', ( #3453 ), #2293, .T. ) ;
#5075 = ORIENTED_EDGE ( 'NONE', *, *, #1640, .T. ) ;
#5076 = CYLINDRICAL_SURFACE ( 'NONE', #4662, 1.499999999999999778 ) ;
#5077 = CARTESIAN_POINT ( 'NONE',  ( -0.6785254037844388186, -1.175240473580835276, 6.020833333333332149 ) ) ;
#5078 = CARTESIAN_POINT ( 'NONE',  ( -1.017788105676658006, -0.5876202367904174162, 2.979166666666664742 ) ) ;
#5079 = DIRECTION ( 'NONE',  ( 0.8660254037844387076, -0.4999999999999998890, -3.086550169456524459E-57 ) ) ;
#5080 = CARTESIAN_POINT ( 'NONE',  ( 0.000000000000000000, 1.499999999999999556, -4.000000000000000888 ) ) ;
#5081 = CARTESIAN_POINT ( 'NONE',  ( -1.017788105676657784, 0.5876202367904177493, 1.833333333333332593 ) ) ;
#5082 = ORIENTED_EDGE ( 'NONE', *, *, #267, .T. ) ;
#5083 = CARTESIAN_POINT ( 'NONE',  ( -1.439254484199189379E-16, -1.175240473580835276, 2.499999999999998668 ) ) ;
#5084 = CARTESIAN_POINT ( 'NONE',  ( 0.8660254037844378194, -1.500000000000000000, 0.3541666666666658525 ) ) ;
#5085 = CARTESIAN_POINT ( 'NONE',  ( -1.299038105676657562, -0.7499999999999994449, -1.333333333333333925 ) ) ;
#5086 = CARTESIAN_POINT ( 'NONE',  ( -1.017788105676657784, 0.5876202367904177493, -0.1041666666666673374 ) ) ;
#5087 = CARTESIAN_POINT ( 'NONE',  ( 0.000000000000000000, 1.175240473580835276, -4.687500000000000888 ) ) ;
#5088 = ORIENTED_EDGE ( 'NONE', *, *, #507, .F. ) ;
#5089 = CARTESIAN_POINT ( 'NONE',  ( -1.439254484199189379E-16, -1.175240473580835276, -5.000000000000000888 ) ) ;
#5090 = CARTESIAN_POINT ( 'NONE',  ( -1.870113174931182636E-16, -1.527063293868263338, -1.703125000000001554 ) ) ;
#5091 = DIRECTION ( 'NONE',  ( -0.000000000000000000, 6.173100338913050050E-57, -1.000000000000000000 ) ) ;
#5092 = CARTESIAN_POINT ( 'NONE',  ( -0.8660254037844293817, 1.500000000000015099, 7.104166666666666075 ) ) ;
#5093 = CARTESIAN_POINT ( 'NONE',  ( 0.000000000000000000, 1.296351071171740261E-55, -10.49999999999999822 ) ) ;
#5094 = CARTESIAN_POINT ( 'NONE',  ( -1.357050807568876971, 8.309539638847778957E-17, -9.062500000000001776 ) ) ;
#5095 =( BOUNDED_CURVE ( )  B_SPLINE_CURVE ( 2, ( #499, #4969, #3964, #2808, #2133, #3412, #572 ),
 .UNSPECIFIED., .F., .T. ) 
 B_SPLINE_CURVE_WITH_KNOTS ( ( 3, 2, 2, 3 ),
 ( 0.05405405405405410563, 0.05855855855855857800, 0.06306306306306304343, 0.06756756756756752968 ),
 .UNSPECIFIED. ) 
 CURVE ( )  GEOMETRIC_REPRESENTATION_ITEM ( )  RATIONAL_B_SPLINE_CURVE ( ( 0.9999999999999985567, 0.8660254037844400399, 1.000000000000000000, 0.8660254037844385966, 1.000000000000000000, 0.8660254037844398178, 0.9999999999999987788 ) ) 
 REPRESENTATION_ITEM ( '' )  );
#5096 = EDGE_CURVE ( 'NONE', #3684, #662, #2192, .T. ) ;
#5097 = CARTESIAN_POINT ( 'NONE',  ( -0.6785254037844382635, 1.175240473580835276, 4.291666666666666075 ) ) ;
#5098 = CARTESIAN_POINT ( 'NONE',  ( -0.1844939139510901327, -1.486571006294705288, -10.18866946728612177 ) ) ;
#5099 = CARTESIAN_POINT ( 'NONE',  ( 0.000000000000000000, 1.499999999999999556, 2.499999999999998668 ) ) ;
#5100 = CARTESIAN_POINT ( 'NONE',  ( 1.299038105676658672, 0.7499999999999987788, 5.479166666666665186 ) ) ;
#5101 = CARTESIAN_POINT ( 'NONE',  ( -0.8660254037844382635, 1.499999999999999556, 4.041666666666666075 ) ) ;
#5102 = CARTESIAN_POINT ( 'NONE',  ( 0.000000000000000000, 1.527063293868263338, 6.015625000000000000 ) ) ;
#5103 = CARTESIAN_POINT ( 'NONE',  ( -0.6785254037844382635, 1.175240473580835276, 2.854166666666664742 ) ) ;
#5104 = EDGE_LOOP ( 'NONE', ( #1309, #1337, #5082, #6442 ) ) ;
#5105 = CARTESIAN_POINT ( 'NONE',  ( 0.6785254037844380415, -1.175240473580835721, -9.458333333333333925 ) ) ;
#5106 = CARTESIAN_POINT ( 'NONE',  ( -1.017788105676657784, 0.5876202367904177493, -3.666666666666667851 ) ) ;
#5107 = CARTESIAN_POINT ( 'NONE',  ( -1.322475605676657784, 0.7635316469341318912, -8.369791666666667851 ) ) ;
#5108 = CARTESIAN_POINT ( 'NONE',  ( 0.000000000000000000, 1.527063293868263338, -2.984375000000000888 ) ) ;
#5109 = VERTEX_POINT ( 'NONE', #2443 ) ;
#5110 = CARTESIAN_POINT ( 'NONE',  ( -1.017788105676658006, -0.5876202367904174162, -10.08333333333333393 ) ) ;
#5111 = CARTESIAN_POINT ( 'NONE',  ( -1.836970198721029441E-16, -1.499999999999999556, -4.750000000000000888 ) ) ;
#5112 = CARTESIAN_POINT ( 'NONE',  ( 0.000000000000000000, 1.499999999999999778, -4.437500000000001776 ) ) ;
#5113 = CARTESIAN_POINT ( 'NONE',  ( 0.000000000000000000, 1.175240473580835276, 3.249999999999999556 ) ) ;
#5114 = ORIENTED_EDGE ( 'NONE', *, *, #5894, .T. ) ;
#5115 = CARTESIAN_POINT ( 'NONE',  ( -1.357050807568876971, 8.309539638847778957E-17, 3.874999999999998224 ) ) ;
#5116 = CARTESIAN_POINT ( 'NONE',  ( 0.000000000000000000, 1.499999999999999556, 4.499999999999999112 ) ) ;
#5117 = CARTESIAN_POINT ( 'NONE',  ( -1.836970198721029441E-16, -1.499999999999999556, -5.750000000000000888 ) ) ;
#5118 = CARTESIAN_POINT ( 'NONE',  ( -0.6785254037844388186, -1.175240473580835276, -3.541666666666667851 ) ) ;
#5119 = CARTESIAN_POINT ( 'NONE',  ( -1.017788105676658006, -0.5876202367904174162, -1.520833333333334147 ) ) ;
#5120 = CARTESIAN_POINT ( 'NONE',  ( 1.017788105676657562, -0.5876202367904181934, -5.354166666666667851 ) ) ;
#5121 = ORIENTED_EDGE ( 'NONE', *, *, #1272, .F. ) ;
#5122 = CARTESIAN_POINT ( 'NONE',  ( -0.6785254037844388186, -1.175240473580835276, -5.541666666666667851 ) ) ;
#5123 = CARTESIAN_POINT ( 'NONE',  ( -1.322475605676657784, 0.7635316469341318912, -0.8697916666666680729 ) ) ;
#5124 = EDGE_CURVE ( 'NONE', #6292, #5109, #4725, .T. ) ;
#5125 = CARTESIAN_POINT ( 'NONE',  ( 0.000000000000000000, 1.296351071171740261E-55, -10.49999999999999822 ) ) ;
#5126 = CARTESIAN_POINT ( 'NONE',  ( 1.299038105676658450, 0.7499999999999986677, -6.583333333333333925 ) ) ;
#5127 = CARTESIAN_POINT ( 'NONE',  ( 1.017788105676658228, 0.5876202367904167501, -9.270833333333333925 ) ) ;
#5128 = FACE_OUTER_BOUND ( 'NONE', #2914, .T. ) ;
#5129 = CARTESIAN_POINT ( 'NONE',  ( -1.299038105676657784, 0.7500000000000001110, -3.854166666666667851 ) ) ;
#5130 = CARTESIAN_POINT ( 'NONE',  ( 0.8660254037844392627, 1.499999999999999334, 1.020833333333331927 ) ) ;
#5131 = DIRECTION ( 'NONE',  ( -0.000000000000000000, 6.173100338913050050E-57, -1.000000000000000000 ) ) ;
#5132 = CARTESIAN_POINT ( 'NONE',  ( 0.000000000000000000, 1.499999999999999556, -3.500000000000000444 ) ) ;
#5133 = CARTESIAN_POINT ( 'NONE',  ( 1.763300807568876971, -3.239131034884752106E-16, 7.390624999999998224 ) ) ;
#5134 = CIRCLE ( 'NONE', #5834, 0.1500000000000001887 ) ;
#5135 = CARTESIAN_POINT ( 'NONE',  ( -1.357050807568876749, 8.309539638847778957E-17, 2.437499999999998668 ) ) ;
#5136 = EDGE_LOOP ( 'NONE', ( #6017, #4634, #4180, #5275 ) ) ;
#5137 = ADVANCED_FACE ( 'NONE', ( #6297 ), #5160, .T. ) ;
#5138 = CARTESIAN_POINT ( 'NONE',  ( 0.000000000000000000, 1.175240473580835276, -9.250000000000001776 ) ) ;
#5139 = CARTESIAN_POINT ( 'NONE',  ( -1.017788105676657784, 0.5876202367904177493, -0.1666666666666674068 ) ) ;
#5140 = CARTESIAN_POINT ( 'NONE',  ( -1.763300807568876971, 1.079710344961584035E-16, -7.828125000000001776 ) ) ;
#5141 = CARTESIAN_POINT ( 'NONE',  ( -0.8816504037844389297, -1.527063293868263116, -2.276041666666667851 ) ) ;
#5142 = ORIENTED_EDGE ( 'NONE', *, *, #3911, .T. ) ;
#5143 = AXIS2_PLACEMENT_3D ( 'NONE', #3354, #6789, #4430 ) ;
#5144 = EDGE_CURVE ( 'NONE', #662, #2812, #5237, .T. ) ;
#5145 = FACE_OUTER_BOUND ( 'NONE', #2462, .T. ) ;
#5146 = DIRECTION ( 'NONE',  ( -0.000000000000000000, 6.173100338913050050E-57, -1.000000000000000000 ) ) ;
#5147 = CARTESIAN_POINT ( 'NONE',  ( 0.6785254037844380415, -1.175240473580835721, 3.541666666666665186 ) ) ;
#5148 = CARTESIAN_POINT ( 'NONE',  ( 0.000000000000000000, 1.499999999999999778, 3.062499999999999112 ) ) ;
#5149 = EDGE_LOOP ( 'NONE', ( #1831, #3026, #7291, #3546 ) ) ;
#5150 = CARTESIAN_POINT ( 'NONE',  ( -0.6785254037844383745, 1.175240473580835499, 3.791666666666665186 ) ) ;
#5151 = LINE ( 'NONE', #5951, #2048 ) ;
#5152 = CARTESIAN_POINT ( 'NONE',  ( -1.299038105676657562, -0.7499999999999994449, -0.8333333333333334814 ) ) ;
#5153 = CARTESIAN_POINT ( 'NONE',  ( -1.439254484199189379E-16, -1.175240473580835276, 1.062499999999999112 ) ) ;
#5154 = CARTESIAN_POINT ( 'NONE',  ( 1.017788105676658228, 0.5876202367904167501, -3.770833333333334370 ) ) ;
#5155 = CARTESIAN_POINT ( 'NONE',  ( 1.017788105676658228, 0.5876202367904167501, -5.833333333333334814 ) ) ;
#5156 = CARTESIAN_POINT ( 'NONE',  ( 1.763300807568876971, -3.239131034884752106E-16, 1.421874999999997780 ) ) ;
#5157 = CARTESIAN_POINT ( 'NONE',  ( 0.000000000000000000, 1.851930101673914562E-56, 7.500000000000000000 ) ) ;
#5158 = CARTESIAN_POINT ( 'NONE',  ( -1.836970198721029441E-16, -1.499999999999999556, -7.750000000000000888 ) ) ;
#5159 = EDGE_CURVE ( 'NONE', #4243, #1874, #2326, .T. ) ;
#5160 = CYLINDRICAL_SURFACE ( 'NONE', #4353, 1.499999999999999778 ) ;
#5161 = CARTESIAN_POINT ( 'NONE',  ( 0.6785254037844392627, 1.175240473580835054, -5.229166666666667851 ) ) ;
#5162 = CARTESIAN_POINT ( 'NONE',  ( -1.017788105676658006, -0.5876202367904174162, 6.416666666666666075 ) ) ;
#5163 = CYLINDRICAL_SURFACE ( 'NONE', #6550, 1.499999999999999778 ) ;
#5164 = CARTESIAN_POINT ( 'NONE',  ( -0.8660254037844382635, 1.499999999999999556, 2.541666666666666519 ) ) ;
#5165 = CARTESIAN_POINT ( 'NONE',  ( 3.083377204709631712E-14, 1.251017696411971691, 7.206249999999997158 ) ) ;
#5166 = CARTESIAN_POINT ( 'NONE',  ( -1.299038105676657562, 0.7500000000000000000, 4.083333333333333037 ) ) ;
#5167 = CARTESIAN_POINT ( 'NONE',  ( 0.8816504037844392627, 1.527063293868263116, 7.973958333333333037 ) ) ;
#5168 = CARTESIAN_POINT ( 'NONE',  ( 1.017788105676658228, 0.5876202367904167501, 3.729166666666665186 ) ) ;
#5169 = ORIENTED_EDGE ( 'NONE', *, *, #1114, .T. ) ;
#5170 = CARTESIAN_POINT ( 'NONE',  ( 0.6785254037844392627, 1.175240473580835054, -4.791666666666667851 ) ) ;
#5171 = CARTESIAN_POINT ( 'NONE',  ( 0.000000000000000000, 1.175240473580835276, -1.250000000000001110 ) ) ;
#5172 = CARTESIAN_POINT ( 'NONE',  ( -1.870113174931182636E-16, -1.527063293868263338, -8.703125000000000000 ) ) ;
#5173 = CARTESIAN_POINT ( 'NONE',  ( 1.322475605676657340, -0.7635316469341323353, -1.651041666666666963 ) ) ;
#5174 = CARTESIAN_POINT ( 'NONE',  ( -1.017788105676658006, -0.5876202367904174162, -6.020833333333334814 ) ) ;
#5175 = ORIENTED_EDGE ( 'NONE', *, *, #5813, .F. ) ;
#5176 = CARTESIAN_POINT ( 'NONE',  ( -1.017788105676658006, -0.5876202367904174162, -7.583333333333333925 ) ) ;
#5177 = CARTESIAN_POINT ( 'NONE',  ( 0.000000000000000000, -2.750000000000000000, 7.650000000000000355 ) ) ;
#5178 = EDGE_CURVE ( 'NONE', #6872, #2805, #2250, .T. ) ;
#5179 = CARTESIAN_POINT ( 'NONE',  ( 1.299038105676658672, 0.7499999999999987788, -4.520833333333333925 ) ) ;
#5180 = CARTESIAN_POINT ( 'NONE',  ( -1.017788105676657784, 0.5876202367904177493, 3.333333333333332149 ) ) ;
#5181 = CARTESIAN_POINT ( 'NONE',  ( 1.299038105676657340, -0.7500000000000005551, 2.895833333333331705 ) ) ;
#5182 = VERTEX_POINT ( 'NONE', #767 ) ;
#5183 = CARTESIAN_POINT ( 'NONE',  ( -1.017788105676657784, 0.5876202367904177493, -0.6666666666666678509 ) ) ;
#5184 = CARTESIAN_POINT ( 'NONE',  ( -1.017788105676657784, 0.5876202367904177493, 2.833333333333331705 ) ) ;
#5185 = CARTESIAN_POINT ( 'NONE',  ( -1.836970198721029441E-16, -1.499999999999999556, -7.250000000000000888 ) ) ;
#5186 = CARTESIAN_POINT ( 'NONE',  ( 0.000000000000000000, 1.499999999999999778, -5.437500000000001776 ) ) ;
#5187 = CARTESIAN_POINT ( 'NONE',  ( -1.357050807568876971, 8.309539638847778957E-17, 0.9374999999999991118 ) ) ;
#5188 = CARTESIAN_POINT ( 'NONE',  ( 1.017788105676657562, -0.5876202367904181934, -4.354166666666667851 ) ) ;
#5189 = EDGE_LOOP ( 'NONE', ( #2569, #448, #3298, #4362 ) ) ;
#5190 = CARTESIAN_POINT ( 'NONE',  ( -1.017788105676657784, 0.5876202367904177493, -3.666666666666667851 ) ) ;
#5191 = CARTESIAN_POINT ( 'NONE',  ( -0.8816504037844382635, 1.527063293868263338, 0.5885416666666659635 ) ) ;
#5192 = VERTEX_POINT ( 'NONE', #6961 ) ;
#5193 = CARTESIAN_POINT ( 'NONE',  ( -1.439254484199189379E-16, -1.175240473580835276, -10.43750000000000000 ) ) ;
#5194 = CARTESIAN_POINT ( 'NONE',  ( 1.299038105676657340, -0.7500000000000005551, 3.895833333333330817 ) ) ;
#5195 = CARTESIAN_POINT ( 'NONE',  ( -0.8660254037844266062, -1.500000000000020872, 6.208333333333334814 ) ) ;
#5196 = CARTESIAN_POINT ( 'NONE',  ( 0.6785254037844392627, 1.175240473580835054, -6.229166666666666963 ) ) ;
#5197 = DIRECTION ( 'NONE',  ( -0.000000000000000000, 6.173100338913050050E-57, -1.000000000000000000 ) ) ;
#5198 = CARTESIAN_POINT ( 'NONE',  ( -1.299038105676657562, -0.7499999999999994449, 2.666666666666666075 ) ) ;
#5199 = LINE ( 'NONE', #4650, #2165 ) ;
#5200 = CARTESIAN_POINT ( 'NONE',  ( 0.6785254037844380415, -1.175240473580835721, -9.895833333333335702 ) ) ;
#5201 = CARTESIAN_POINT ( 'NONE',  ( 0.000000000000000000, 1.175240473580835276, 4.812499999999999112 ) ) ;
#5202 = ORIENTED_EDGE ( 'NONE', *, *, #6843, .T. ) ;
#5203 = CARTESIAN_POINT ( 'NONE',  ( 1.017788105676658228, 0.5876202367904167501, -5.833333333333334814 ) ) ;
#5204 = CARTESIAN_POINT ( 'NONE',  ( -0.8660254037844266062, -1.500000000000020872, -1.229166666666667407 ) ) ;
#5205 = CARTESIAN_POINT ( 'NONE',  ( 0.6785254037844380415, -1.175240473580835499, -1.458333333333334370 ) ) ;
#5206 = CARTESIAN_POINT ( 'NONE',  ( -0.6785254037844383745, 1.175240473580835499, 2.354166666666665630 ) ) ;
#5207 = CARTESIAN_POINT ( 'NONE',  ( 1.322475605676657340, -0.7635316469341323353, -4.119791666666668739 ) ) ;
#5208 = CARTESIAN_POINT ( 'NONE',  ( 1.322475605676657340, -0.7635316469341323353, 0.8489583333333318160 ) ) ;
#5209 = CARTESIAN_POINT ( 'NONE',  ( 1.357050807568876749, -2.492861891654333810E-16, -3.812500000000000444 ) ) ;
#5210 = ORIENTED_EDGE ( 'NONE', *, *, #6797, .T. ) ;
#5211 = CARTESIAN_POINT ( 'NONE',  ( -1.439254484199189379E-16, -1.175240473580835276, -9.500000000000001776 ) ) ;
#5212 = CYLINDRICAL_SURFACE ( 'NONE', #5414, 1.499999999999999778 ) ;
#5213 =( BOUNDED_CURVE ( )  B_SPLINE_CURVE ( 2, ( #5995, #7241, #7168, #2654, #939, #304, #3294 ),
 .UNSPECIFIED., .F., .F. ) 
 B_SPLINE_CURVE_WITH_KNOTS ( ( 3, 2, 2, 3 ),
 ( 0.8783783783783783994, 0.8828828828828828579, 0.8873873873873874274, 0.8918918918918918859 ),
 .UNSPECIFIED. ) 
 CURVE ( )  GEOMETRIC_REPRESENTATION_ITEM ( )  RATIONAL_B_SPLINE_CURVE ( ( 1.000000000000000000, 0.8660254037844385966, 1.000000000000000000, 0.8660254037844385966, 1.000000000000000000, 0.8660254037844385966, 1.000000000000000000 ) ) 
 REPRESENTATION_ITEM ( '' )  );
#5214 = DIRECTION ( 'NONE',  ( -0.000000000000000000, 6.173100338913050050E-57, -1.000000000000000000 ) ) ;
#5215 = CARTESIAN_POINT ( 'NONE',  ( -1.017788105676658006, -0.5876202367904174162, 5.916666666666665186 ) ) ;
#5216 = CARTESIAN_POINT ( 'NONE',  ( 0.000000000000000000, 1.527063293868263338, -7.984375000000000000 ) ) ;
#5217 = ORIENTED_EDGE ( 'NONE', *, *, #2265, .T. ) ;
#5218 = CARTESIAN_POINT ( 'NONE',  ( 1.357050807568876971, -2.492861891654333810E-16, 6.125000000000000000 ) ) ;
#5219 = CARTESIAN_POINT ( 'NONE',  ( 0.000000000000000000, 1.296351071171740261E-55, -10.49999999999999822 ) ) ;
#5220 = CARTESIAN_POINT ( 'NONE',  ( 0.000000000000000000, 1.296351071171740261E-55, -10.49999999999999822 ) ) ;
#5221 = EDGE_CURVE ( 'NONE', #686, #1451, #5471, .T. ) ;
#5222 = CARTESIAN_POINT ( 'NONE',  ( 0.6785254037844392627, 1.175240473580835054, 1.770833333333332593 ) ) ;
#5223 = CARTESIAN_POINT ( 'NONE',  ( -1.017788105676657784, 0.5876202367904177493, -2.104166666666667407 ) ) ;
#5224 = DIRECTION ( 'NONE',  ( -0.000000000000000000, 6.173100338913050050E-57, -1.000000000000000000 ) ) ;
#5225 = CARTESIAN_POINT ( 'NONE',  ( -0.6785254037844388186, -1.175240473580835276, -6.041666666666666963 ) ) ;
#5226 = CARTESIAN_POINT ( 'NONE',  ( 1.322475605676658450, 0.7635316469341306700, -0.5364583333333349247 ) ) ;
#5227 = EDGE_LOOP ( 'NONE', ( #6475, #3442, #1077, #3952, #6528, #1926, #1507 ) ) ;
#5228 = CARTESIAN_POINT ( 'NONE',  ( 0.000000000000000000, 1.499999999999999556, -10.00000000000000000 ) ) ;
#5229 = LINE ( 'NONE', #119, #2158 ) ;
#5230 = CARTESIAN_POINT ( 'NONE',  ( 0.8660254037844378194, -1.500000000000000000, 4.354166666666666075 ) ) ;
#5231 = EDGE_CURVE ( 'NONE', #5845, #774, #202, .T. ) ;
#5232 = CARTESIAN_POINT ( 'NONE',  ( 1.357050807568876971, -2.492861891654333810E-16, -7.312500000000002665 ) ) ;
#5233 = CARTESIAN_POINT ( 'NONE',  ( 0.6785254037844380415, -1.175240473580835721, -1.458333333333334370 ) ) ;
#5234 = CARTESIAN_POINT ( 'NONE',  ( -1.181684227928726738, -0.7697090807289134196, 7.291702370226186503 ) ) ;
#5235 = CARTESIAN_POINT ( 'NONE',  ( 0.000000000000000000, 1.499999999999999556, -3.000000000000000888 ) ) ;
#5236 = CARTESIAN_POINT ( 'NONE',  ( 1.299038105676658450, 0.7499999999999986677, -10.08333333333333393 ) ) ;
#5237 =( BOUNDED_CURVE ( )  B_SPLINE_CURVE ( 2, ( #5267, #4158, #1219, #1329, #4575, #3603, #50 ),
 .UNSPECIFIED., .F., .F. ) 
 B_SPLINE_CURVE_WITH_KNOTS ( ( 3, 2, 2, 3 ),
 ( 0.2837837837837837718, 0.2882882882882883413, 0.2927927927927928553, 0.2972972972972973138 ),
 .UNSPECIFIED. ) 
 CURVE ( )  GEOMETRIC_REPRESENTATION_ITEM ( )  RATIONAL_B_SPLINE_CURVE ( ( 1.000000000000000000, 0.8660254037844387076, 1.000000000000000000, 0.8660254037844387076, 1.000000000000000000, 0.8660254037844370423, 1.000000000000001776 ) ) 
 REPRESENTATION_ITEM ( '' )  );
#5238 = CARTESIAN_POINT ( 'NONE',  ( -1.017788105676657784, 0.5876202367904177493, -9.604166666666667851 ) ) ;
#5239 = CARTESIAN_POINT ( 'NONE',  ( -0.6785254037844388186, -1.175240473580835054, 6.020833333333331261 ) ) ;
#5240 = ORIENTED_EDGE ( 'NONE', *, *, #3698, .T. ) ;
#5241 = CARTESIAN_POINT ( 'NONE',  ( 0.6785254037844380415, -1.175240473580835721, -5.458333333333333925 ) ) ;
#5242 = CARTESIAN_POINT ( 'NONE',  ( 1.017788105676658228, 0.5876202367904167501, 0.1666666666666656582 ) ) ;
#5243 = CARTESIAN_POINT ( 'NONE',  ( 0.6785254037844392627, 1.175240473580835054, 4.270833333333331261 ) ) ;
#5244 = AXIS2_PLACEMENT_3D ( 'NONE', #2785, #399, #3240 ) ;
#5245 = CARTESIAN_POINT ( 'NONE',  ( 1.763300807568876971, -3.239131034884752106E-16, -6.078125000000000888 ) ) ;
#5246 = CARTESIAN_POINT ( 'NONE',  ( 0.000000000000000000, 1.527063293868263338, 1.515624999999999556 ) ) ;
#5247 = CARTESIAN_POINT ( 'NONE',  ( 0.6785254037844380415, -1.175240473580835499, -3.395833333333333925 ) ) ;
#5248 = VERTEX_POINT ( 'NONE', #6477 ) ;
#5249 = AXIS2_PLACEMENT_3D ( 'NONE', #776, #1928, #3051 ) ;
#5250 = CARTESIAN_POINT ( 'NONE',  ( -1.357050807568876749, 8.309539638847778957E-17, -7.625000000000000888 ) ) ;
#5251 = AXIS2_PLACEMENT_3D ( 'NONE', #3269, #1067, #5522 ) ;
#5252 = CARTESIAN_POINT ( 'NONE',  ( 0.000000000000000000, 1.175240473580835276, 5.249999999999999112 ) ) ;
#5253 = CARTESIAN_POINT ( 'NONE',  ( 0.8816504037844392627, 1.527063293868263116, -6.526041666666667851 ) ) ;
#5254 = AXIS2_PLACEMENT_3D ( 'NONE', #605, #188, #2881 ) ;
#5255 = ORIENTED_EDGE ( 'NONE', *, *, #3420, .F. ) ;
#5256 = CARTESIAN_POINT ( 'NONE',  ( 1.357050807568876971, -2.492861891654333810E-16, 5.124999999999999112 ) ) ;
#5257 = FACE_OUTER_BOUND ( 'NONE', #3770, .T. ) ;
#5258 = CARTESIAN_POINT ( 'NONE',  ( -1.836970198721029441E-16, -1.499999999999999556, -6.750000000000000888 ) ) ;
#5259 = CARTESIAN_POINT ( 'NONE',  ( 1.017788105676657562, -0.5876202367904181934, 3.145833333333332149 ) ) ;
#5260 = CARTESIAN_POINT ( 'NONE',  ( -1.439254484199189379E-16, -1.175240473580835276, -0.9375000000000008882 ) ) ;
#5261 = ORIENTED_EDGE ( 'NONE', *, *, #219, .T. ) ;
#5262 = CARTESIAN_POINT ( 'NONE',  ( -1.017788105676658006, -0.5876202367904174162, -1.583333333333334147 ) ) ;
#5263 = EDGE_CURVE ( 'NONE', #3410, #4756, #6229, .T. ) ;
#5264 = VERTEX_POINT ( 'NONE', #798 ) ;
#5265 = DIRECTION ( 'NONE',  ( 0.000000000000000000, -0.7071067811865454633, 0.7071067811865495711 ) ) ;
#5266 = CARTESIAN_POINT ( 'NONE',  ( -0.8409413214249611412, 0.9578579746766838765, 10.19783791855581256 ) ) ;
#5267 = CARTESIAN_POINT ( 'NONE',  ( -1.836970198721029441E-16, -1.499999999999999778, 2.312499999999998668 ) ) ;
#5268 = CARTESIAN_POINT ( 'NONE',  ( -1.357050807568876971, 8.309539638847778957E-17, -5.062500000000000888 ) ) ;
#5269 = CARTESIAN_POINT ( 'NONE',  ( -1.274871809163255376, 0.5653324994309592011, -10.28371539467124052 ) ) ;
#5270 = CARTESIAN_POINT ( 'NONE',  ( -1.836970198721029441E-16, -1.499999999999999778, -8.687500000000000000 ) ) ;
#5271 = CARTESIAN_POINT ( 'NONE',  ( -1.836970198721029441E-16, -1.499999999999999778, -9.187500000000001776 ) ) ;
#5272 = EDGE_CURVE ( 'NONE', #3148, #3099, #5526, .T. ) ;
#5273 = CARTESIAN_POINT ( 'NONE',  ( 1.017788105676657562, -0.5876202367904181934, -9.354166666666666075 ) ) ;
#5274 = CARTESIAN_POINT ( 'NONE',  ( -1.439254484199189379E-16, -1.175240473580835276, 4.562499999999999112 ) ) ;
#5275 = ORIENTED_EDGE ( 'NONE', *, *, #6912, .T. ) ;
#5276 = CARTESIAN_POINT ( 'NONE',  ( 1.017788105676657562, -0.5876202367904181934, -5.916666666666666963 ) ) ;
#5277 = CARTESIAN_POINT ( 'NONE',  ( 0.000000000000000000, 1.499999999999999778, -0.9375000000000008882 ) ) ;
#5278 = CARTESIAN_POINT ( 'NONE',  ( -0.6785254037844382635, 1.175240473580835276, -0.2083333333333346749 ) ) ;
#5279 = CARTESIAN_POINT ( 'NONE',  ( -1.357050807568876971, 8.309539638847778957E-17, 2.937499999999998668 ) ) ;
#5280 =( BOUNDED_CURVE ( )  B_SPLINE_CURVE ( 2, ( #4254, #6501, #4854, #1422, #3696, #5952, #6537 ),
 .UNSPECIFIED., .F., .F. ) 
 B_SPLINE_CURVE_WITH_KNOTS ( ( 3, 2, 2, 3 ),
 ( 0.5405405405405405705, 0.5450450450450450290, 0.5495495495495495986, 0.5540540540540540571 ),
 .UNSPECIFIED. ) 
 CURVE ( )  GEOMETRIC_REPRESENTATION_ITEM ( )  RATIONAL_B_SPLINE_CURVE ( ( 1.000000000000000000, 0.8660254037844385966, 1.000000000000000000, 0.8660254037844385966, 1.000000000000000000, 0.8660254037844385966, 1.000000000000000000 ) ) 
 REPRESENTATION_ITEM ( '' )  );
#5281 = CARTESIAN_POINT ( 'NONE',  ( -1.322475605676657784, -0.7635316469341314471, -6.286458333333334814 ) ) ;
#5282 = CARTESIAN_POINT ( 'NONE',  ( -1.870113174931182636E-16, -1.527063293868263338, 0.2656249999999985012 ) ) ;
#5283 = CARTESIAN_POINT ( 'NONE',  ( -1.357050807568876749, 8.309539638847778957E-17, -3.562500000000001332 ) ) ;
#5284 = ORIENTED_EDGE ( 'NONE', *, *, #2381, .T. ) ;
#5285 = CARTESIAN_POINT ( 'NONE',  ( 0.6785254037844380415, -1.175240473580835499, -7.458333333333333925 ) ) ;
#5286 = DIRECTION ( 'NONE',  ( 0.000000000000000000, 1.000000000000000000, 6.173100338913050050E-57 ) ) ;
#5287 = CARTESIAN_POINT ( 'NONE',  ( -0.8660254037844382635, 1.499999999999999556, -5.458333333333333925 ) ) ;
#5288 = CARTESIAN_POINT ( 'NONE',  ( -1.439254484199189379E-16, -1.175240473580835276, 6.000000000000000000 ) ) ;
#5289 = EDGE_CURVE ( 'NONE', #2812, #6426, #2063, .T. ) ;
#5290 = CARTESIAN_POINT ( 'NONE',  ( 0.8816504037844380415, -1.527063293868264005, -8.192708333333332149 ) ) ;
#5291 = ORIENTED_EDGE ( 'NONE', *, *, #3786, .T. ) ;
#5292 = CARTESIAN_POINT ( 'NONE',  ( -1.017788105676658006, -0.5876202367904174162, 5.416666666666665186 ) ) ;
#5293 =( BOUNDED_CURVE ( )  B_SPLINE_CURVE ( 2, ( #4672, #6917, #6366, #3556, #788, #7089, #3737 ),
 .UNSPECIFIED., .F., .T. ) 
 B_SPLINE_CURVE_WITH_KNOTS ( ( 3, 2, 2, 3 ),
 ( 0.7702702702702701743, 0.7747747747747746327, 0.7792792792792793133, 0.7837837837837837718 ),
 .UNSPECIFIED. ) 
 CURVE ( )  GEOMETRIC_REPRESENTATION_ITEM ( )  RATIONAL_B_SPLINE_CURVE ( ( 1.000000000000003331, 0.8660254037844353769, 1.000000000000000000, 0.8660254037844387076, 1.000000000000000000, 0.8660254037844387076, 1.000000000000000000 ) ) 
 REPRESENTATION_ITEM ( '' )  );
#5294 = CARTESIAN_POINT ( 'NONE',  ( -1.836970198721029441E-16, -1.499999999999999556, -9.750000000000000000 ) ) ;
#5295 = LINE ( 'NONE', #4784, #6249 ) ;
#5296 = CARTESIAN_POINT ( 'NONE',  ( 0.6785254037844392627, 1.175240473580835054, 2.270833333333331261 ) ) ;
#5297 = CARTESIAN_POINT ( 'NONE',  ( 1.357050807568876971, -2.492861891654333810E-16, -2.312500000000000444 ) ) ;
#5298 = LINE ( 'NONE', #6300, #842 ) ;
#5299 = CARTESIAN_POINT ( 'NONE',  ( -2.168404344971008868E-16, 1.443375672974064328, 8.500000000000000000 ) ) ;
#5300 = CARTESIAN_POINT ( 'NONE',  ( -1.017788105676657784, 0.5876202367904177493, -3.166666666666667407 ) ) ;
#5301 = CARTESIAN_POINT ( 'NONE',  ( -1.763300807568876971, 1.079710344961584035E-16, 2.171874999999998668 ) ) ;
#5302 = EDGE_LOOP ( 'NONE', ( #115, #6281, #6432, #5210 ) ) ;
#5303 = CARTESIAN_POINT ( 'NONE',  ( 0.8660254037844502539, -1.499999999999978684, -0.7083333333333342585 ) ) ;
#5304 = CARTESIAN_POINT ( 'NONE',  ( 0.000000000000000000, 1.499999999999999556, -3.500000000000000444 ) ) ;
#5305 = CARTESIAN_POINT ( 'NONE',  ( 0.000000000000000000, 1.296351071171740261E-55, -10.49999999999999822 ) ) ;
#5306 = CARTESIAN_POINT ( 'NONE',  ( -1.017788105676657784, 0.5876202367904177493, -5.604166666666667851 ) ) ;
#5307 = CARTESIAN_POINT ( 'NONE',  ( 0.6785254037844380415, -1.175240473580835721, -9.958333333333335702 ) ) ;
#5308 = DIRECTION ( 'NONE',  ( 0.000000000000000000, 1.000000000000000000, 0.000000000000000000 ) ) ;
#5309 = AXIS2_PLACEMENT_3D ( 'NONE', #3029, #298, #4818 ) ;
#5310 = CARTESIAN_POINT ( 'NONE',  ( -1.439254484199189379E-16, -1.175240473580835276, -9.937500000000000000 ) ) ;
#5311 = CARTESIAN_POINT ( 'NONE',  ( 1.357050807568876749, -2.492861891654333810E-16, 5.687500000000000000 ) ) ;
#5312 = ORIENTED_EDGE ( 'NONE', *, *, #6082, .T. ) ;
#5313 = CARTESIAN_POINT ( 'NONE',  ( -1.017788105676658006, -0.5876202367904174162, -6.083333333333334814 ) ) ;
#5314 = CARTESIAN_POINT ( 'NONE',  ( -1.836970198721029441E-16, -1.499999999999999778, -5.187500000000000888 ) ) ;
#5315 = EDGE_CURVE ( 'NONE', #3047, #2541, #6980, .T. ) ;
#5316 = CARTESIAN_POINT ( 'NONE',  ( 0.6785254037844391517, 1.175240473580835054, 2.708333333333331705 ) ) ;
#5317 = CARTESIAN_POINT ( 'NONE',  ( 1.357050807568876971, -2.492861891654333810E-16, 5.187499999999999112 ) ) ;
#5318 = CARTESIAN_POINT ( 'NONE',  ( -1.322475605676657784, 0.7635316469341318912, -5.869791666666667851 ) ) ;
#5319 = CARTESIAN_POINT ( 'NONE',  ( -1.870113174931182636E-16, -1.527063293868263338, 0.7656249999999988898 ) ) ;
#5320 = CARTESIAN_POINT ( 'NONE',  ( 0.6785254037844380415, -1.175240473580835499, -2.895833333333333925 ) ) ;
#5321 = ORIENTED_EDGE ( 'NONE', *, *, #488, .T. ) ;
#5322 = CARTESIAN_POINT ( 'NONE',  ( -1.017788105676657784, 0.5876202367904177493, -8.166666666666667851 ) ) ;
#5323 = ADVANCED_FACE ( 'NONE', ( #2482, #4226 ), #3671, .T. ) ;
#5324 =( BOUNDED_CURVE ( )  B_SPLINE_CURVE ( 2, ( #4574, #3452, #1741, #2737, #6263, #2779, #2180 ),
 .UNSPECIFIED., .F., .T. ) 
 B_SPLINE_CURVE_WITH_KNOTS ( ( 3, 2, 2, 3 ),
 ( 0.1216216216216216284, 0.1261261261261261146, 0.1306306306306306564, 0.1351351351351351704 ),
 .UNSPECIFIED. ) 
 CURVE ( )  GEOMETRIC_REPRESENTATION_ITEM ( )  RATIONAL_B_SPLINE_CURVE ( ( 1.000000000000000000, 0.8660254037844385966, 1.000000000000000000, 0.8660254037844385966, 1.000000000000000000, 0.8660254037844377084, 1.000000000000000888 ) ) 
 REPRESENTATION_ITEM ( '' )  );
#5325 = CARTESIAN_POINT ( 'NONE',  ( 1.017788105676657562, -0.5876202367904181934, 6.583333333333331261 ) ) ;
#5326 = CARTESIAN_POINT ( 'NONE',  ( -0.8816504037844382635, 1.527063293868263338, -6.942708333333333925 ) ) ;
#5327 = EDGE_LOOP ( 'NONE', ( #671, #1133, #6308, #2945 ) ) ;
#5328 = CARTESIAN_POINT ( 'NONE',  ( -1.017788105676658006, -0.5876202367904174162, 4.916666666666664298 ) ) ;
#5329 = FACE_OUTER_BOUND ( 'NONE', #4715, .T. ) ;
#5330 = CARTESIAN_POINT ( 'NONE',  ( 1.017788105676657562, -0.5876202367904181934, 3.645833333333332593 ) ) ;
#5331 = CARTESIAN_POINT ( 'NONE',  ( -1.017788105676658006, -0.5876202367904174162, -1.020833333333333703 ) ) ;
#5332 = CARTESIAN_POINT ( 'NONE',  ( -1.439254484199189379E-16, -1.175240473580835276, 6.499999999999997335 ) ) ;
#5333 = CARTESIAN_POINT ( 'NONE',  ( 1.732050807568877415, -3.181725716174720498E-16, 1.374999999999999778 ) ) ;
#5334 = CARTESIAN_POINT ( 'NONE',  ( 1.017788105676657562, -0.5876202367904181934, -3.416666666666667851 ) ) ;
#5335 = CARTESIAN_POINT ( 'NONE',  ( -1.870113174931182636E-16, -1.527063293868263338, 3.296874999999997780 ) ) ;
#5336 = B_SPLINE_CURVE_WITH_KNOTS ( 'NONE', 3,
 ( #1885, #6925, #1328, #5857 ),
 .UNSPECIFIED., .F., .F.,
 ( 4, 4 ),
 ( 0.0009551793657235602792, 0.001703052493691801020 ),
 .UNSPECIFIED. ) ;
#5337 = VERTEX_POINT ( 'NONE', #4901 ) ;
#5338 = CARTESIAN_POINT ( 'NONE',  ( 1.017788105676658228, 0.5876202367904167501, -9.270833333333333925 ) ) ;
#5339 = CARTESIAN_POINT ( 'NONE',  ( -0.3206984484174462691, -1.248083299479759045, -10.39680228883138469 ) ) ;
#5340 = CARTESIAN_POINT ( 'NONE',  ( 0.000000000000000000, -6.481755355858701307E-56, 10.49999999999999822 ) ) ;
#5341 = CARTESIAN_POINT ( 'NONE',  ( 0.6785254037844392627, 1.175240473580835054, -4.229166666666667851 ) ) ;
#5342 = CARTESIAN_POINT ( 'NONE',  ( -1.357050807568876971, 8.309539638847778957E-17, -10.62500000000000178 ) ) ;
#5343 = CARTESIAN_POINT ( 'NONE',  ( 1.928818708657080851E-16, -1.499999999999999556, 7.349999999999998757 ) ) ;
#5344 = ADVANCED_FACE ( 'NONE', ( #832 ), #3111, .T. ) ;
#5345 = CARTESIAN_POINT ( 'NONE',  ( 1.017788105676657562, -0.5876202367904181934, -6.354166666666667851 ) ) ;
#5346 = CARTESIAN_POINT ( 'NONE',  ( 1.017788105676658228, 0.5876202367904167501, 5.729166666666665186 ) ) ;
#5347 = CARTESIAN_POINT ( 'NONE',  ( 0.6785254037844392627, 1.175240473580835054, 1.708333333333332593 ) ) ;
#5348 = B_SPLINE_CURVE_WITH_KNOTS ( 'NONE', 3,
 ( #733, #5098, #2258, #4540, #6787, #6232, #1151, #3425, #5679, #4762, #3115, #5860, #1402, #5930, #1993, #4720, #5895, #5269, #240, #2591, #6554, #1369, #6963, #4196, #5415, #314 ),
 .UNSPECIFIED., .F., .F.,
 ( 4, 2, 2, 2, 2, 2, 2, 2, 2, 2, 2, 2, 4 ),
 ( 0.0002431180028846422988, 0.0007971034884257756966, 0.001074096231196342531, 0.001351088973966909365, 0.001628081716737476200, 0.001905074459508043251, 0.002459059945049177787, 0.002736052687819744839, 0.003013045430590311890, 0.003290038173360879375, 0.003567030916131446426, 0.004121016401672580529, 0.004675001887213715498 ),
 .UNSPECIFIED. ) ;
#5349 = CARTESIAN_POINT ( 'NONE',  ( 1.017788105676658228, 0.5876202367904167501, 3.166666666666664742 ) ) ;
#5350 = CARTESIAN_POINT ( 'NONE',  ( -0.6785254037844388186, -1.175240473580835276, 5.520833333333331261 ) ) ;
#5351 = DIRECTION ( 'NONE',  ( 0.000000000000000000, 1.000000000000000000, 0.000000000000000000 ) ) ;
#5352 = CARTESIAN_POINT ( 'NONE',  ( 1.322475605676658450, 0.7635316469341306700, -5.036458333333334814 ) ) ;
#5353 = CARTESIAN_POINT ( 'NONE',  ( -1.763300807568876971, 1.079710344961584035E-16, 2.140624999999998668 ) ) ;
#5354 = EDGE_CURVE ( 'NONE', #1893, #3908, #274, .T. ) ;
#5355 = CARTESIAN_POINT ( 'NONE',  ( -1.439254484199189379E-16, -1.175240473580835276, -3.437500000000001332 ) ) ;
#5356 = ORIENTED_EDGE ( 'NONE', *, *, #7350, .T. ) ;
#5357 = CARTESIAN_POINT ( 'NONE',  ( -0.6785254037844388186, -1.175240473580835054, -4.541666666666667851 ) ) ;
#5358 = CARTESIAN_POINT ( 'NONE',  ( 0.000000000000000000, 1.175240473580835276, -10.49999999999999822 ) ) ;
#5359 = CARTESIAN_POINT ( 'NONE',  ( -1.249999999999999556, 0.2504277741562457860, 10.21792074892027458 ) ) ;
#5360 = CARTESIAN_POINT ( 'NONE',  ( 0.6785254037844380415, -1.175240473580835721, 5.041666666666664298 ) ) ;
#5361 = CARTESIAN_POINT ( 'NONE',  ( -1.322475605676657784, -0.7635316469341314471, -7.817708333333334814 ) ) ;
#5362 = EDGE_CURVE ( 'NONE', #4034, #5433, #389, .T. ) ;
#5363 = EDGE_LOOP ( 'NONE', ( #6906, #2438, #5854, #1255 ) ) ;
#5364 = AXIS2_PLACEMENT_3D ( 'NONE', #1834, #182, #2949 ) ;
#5365 = CARTESIAN_POINT ( 'NONE',  ( 0.6785254037844380415, -1.175240473580835721, 6.541666666666665186 ) ) ;
#5366 = CARTESIAN_POINT ( 'NONE',  ( -1.836970198721029441E-16, -1.499999999999999778, -2.187500000000001776 ) ) ;
#5367 =( BOUNDED_CURVE ( )  B_SPLINE_CURVE ( 2, ( #5599, #509, #2699, #4644, #6849, #3490, #6261 ),
 .UNSPECIFIED., .F., .F. ) 
 B_SPLINE_CURVE_WITH_KNOTS ( ( 3, 2, 2, 3 ),
 ( 0.6756756756756756577, 0.6801801801801802272, 0.6846846846846846857, 0.6891891891891891442 ),
 .UNSPECIFIED. ) 
 CURVE ( )  GEOMETRIC_REPRESENTATION_ITEM ( )  RATIONAL_B_SPLINE_CURVE ( ( 1.000000000000000000, 0.8660254037844385966, 1.000000000000000000, 0.8660254037844385966, 1.000000000000000000, 0.8660254037844385966, 1.000000000000000000 ) ) 
 REPRESENTATION_ITEM ( '' )  );
#5368 = CARTESIAN_POINT ( 'NONE',  ( 1.357050807568876971, -2.492861891654333810E-16, 3.187499999999999556 ) ) ;
#5369 = CARTESIAN_POINT ( 'NONE',  ( -1.357050807568876971, 8.309539638847778957E-17, -2.062500000000001776 ) ) ;
#5370 = CARTESIAN_POINT ( 'NONE',  ( 0.000000000000000000, 1.175240473580835276, 6.249999999999996447 ) ) ;
#5371 = VECTOR ( 'NONE', #2700, 1000.000000000000000 ) ;
#5372 = LINE ( 'NONE', #6405, #3473 ) ;
#5373 = CARTESIAN_POINT ( 'NONE',  ( -1.017788105676657784, 0.5876202367904177493, -1.166666666666668295 ) ) ;
#5374 = CARTESIAN_POINT ( 'NONE',  ( -1.322475605676657784, 0.7635316469341318912, 3.630208333333332593 ) ) ;
#5375 = ORIENTED_EDGE ( 'NONE', *, *, #3605, .T. ) ;
#5376 = CARTESIAN_POINT ( 'NONE',  ( -1.439254484199189379E-16, -1.175240473580835276, -7.437500000000001776 ) ) ;
#5377 = CARTESIAN_POINT ( 'NONE',  ( 1.299038105676657118, -0.7500000000000004441, 4.833333333333332149 ) ) ;
#5378 = DIRECTION ( 'NONE',  ( -0.000000000000000000, 6.173100338913050050E-57, -1.000000000000000000 ) ) ;
#5379 = AXIS2_PLACEMENT_3D ( 'NONE', #7204, #1578, #5997 ) ;
#5380 = CARTESIAN_POINT ( 'NONE',  ( -0.6785254037844388186, -1.175240473580835276, -3.979166666666667407 ) ) ;
#5381 = CARTESIAN_POINT ( 'NONE',  ( -1.017788105676657784, 0.5876202367904177493, -10.66666666666666785 ) ) ;
#5382 = CARTESIAN_POINT ( 'NONE',  ( 1.299038105676658450, 0.7499999999999986677, -0.08333333333333464710 ) ) ;
#5383 = EDGE_CURVE ( 'NONE', #5425, #4434, #4864, .T. ) ;
#5384 = CARTESIAN_POINT ( 'NONE',  ( 1.017788105676657562, -0.5876202367904181934, -6.854166666666667851 ) ) ;
#5385 = LINE ( 'NONE', #6483, #2878 ) ;
#5386 = CARTESIAN_POINT ( 'NONE',  ( 1.634517816638214901E-16, 1.175240473580835276, -10.49999999999999822 ) ) ;
#5387 = CARTESIAN_POINT ( 'NONE',  ( -1.732050807568877193, 1.060575238724906792E-16, -4.312500000000000888 ) ) ;
#5388 = CARTESIAN_POINT ( 'NONE',  ( -1.439254484199189379E-16, -1.175240473580835276, 2.499999999999998668 ) ) ;
#5389 = CARTESIAN_POINT ( 'NONE',  ( 0.6785254037844392627, 1.175240473580835054, 5.770833333333331261 ) ) ;
#5390 = CARTESIAN_POINT ( 'NONE',  ( 1.101961889306226849, -0.5704293874116330709, -10.44521879399358610 ) ) ;
#5391 = CARTESIAN_POINT ( 'NONE',  ( -1.763300807568876971, 1.079710344961584035E-16, -1.328125000000001332 ) ) ;
#5392 = CARTESIAN_POINT ( 'NONE',  ( -1.870113174931182636E-16, -1.527063293868263338, 2.265624999999998668 ) ) ;
#5393 = ORIENTED_EDGE ( 'NONE', *, *, #5045, .F. ) ;
#5394 = CARTESIAN_POINT ( 'NONE',  ( -1.017788105676657784, 0.5876202367904177493, -0.6041666666666677399 ) ) ;
#5395 = ORIENTED_EDGE ( 'NONE', *, *, #3501, .T. ) ;
#5396 = CARTESIAN_POINT ( 'NONE',  ( -0.6785254037844388186, -1.175240473580835054, -6.041666666666667851 ) ) ;
#5397 = CARTESIAN_POINT ( 'NONE',  ( 0.000000000000000000, 1.499999999999999556, 5.500000000000000000 ) ) ;
#5398 = CARTESIAN_POINT ( 'NONE',  ( 0.000000000000000000, 1.296351071171740261E-55, -10.49999999999999822 ) ) ;
#5399 = CARTESIAN_POINT ( 'NONE',  ( -1.322475605676657784, -0.7635316469341314471, -10.28645833333333570 ) ) ;
#5400 = CARTESIAN_POINT ( 'NONE',  ( -1.322475605676657784, -0.7635316469341314471, -3.817708333333334370 ) ) ;
#5401 = ORIENTED_EDGE ( 'NONE', *, *, #2834, .F. ) ;
#5402 = CARTESIAN_POINT ( 'NONE',  ( -1.017788105676657784, 0.5876202367904177493, 4.895833333333332149 ) ) ;
#5403 = ADVANCED_FACE ( 'NONE', ( #2026 ), #4304, .T. ) ;
#5404 = CARTESIAN_POINT ( 'NONE',  ( 1.017788105676658228, 0.5876202367904167501, 1.729166666666665408 ) ) ;
#5405 = CARTESIAN_POINT ( 'NONE',  ( 1.299038105676658450, 0.7499999999999986677, 0.9166666666666662966 ) ) ;
#5406 = LINE ( 'NONE', #2723, #3830 ) ;
#5407 = CARTESIAN_POINT ( 'NONE',  ( -0.6785254037844388186, -1.175240473580835276, -2.541666666666667407 ) ) ;
#5408 = CARTESIAN_POINT ( 'NONE',  ( 1.836970198721029688E-16, -1.499999999999999778, -10.49999999999999822 ) ) ;
#5409 = CARTESIAN_POINT ( 'NONE',  ( 0.000000000000000000, 1.527063293868263338, 2.046874999999998224 ) ) ;
#5410 = ORIENTED_EDGE ( 'NONE', *, *, #6241, .T. ) ;
#5411 = CARTESIAN_POINT ( 'NONE',  ( -0.6785254037844382635, 1.175240473580835276, -7.645833333333333925 ) ) ;
#5412 = CARTESIAN_POINT ( 'NONE',  ( 1.732050807568877193, -3.181725716174720005E-16, -8.062500000000001776 ) ) ;
#5413 = CARTESIAN_POINT ( 'NONE',  ( -1.017788105676658006, -0.5876202367904174162, -2.520833333333334814 ) ) ;
#5414 = AXIS2_PLACEMENT_3D ( 'NONE', #4702, #1871, #103 ) ;
#5415 = CARTESIAN_POINT ( 'NONE',  ( -0.1850352140565894032, 1.340081676074179384, -10.33515879750667565 ) ) ;
#5416 = CARTESIAN_POINT ( 'NONE',  ( -0.8660254037844389297, -1.499999999999999334, 2.708333333333332593 ) ) ;
#5417 = CARTESIAN_POINT ( 'NONE',  ( -1.357050807568876971, 8.309539638847778957E-17, -8.562500000000001776 ) ) ;
#5418 = CARTESIAN_POINT ( 'NONE',  ( -1.836970198721029441E-16, -1.499999999999999778, -4.687500000000001776 ) ) ;
#5419 = CARTESIAN_POINT ( 'NONE',  ( -1.017788105676658006, -0.5876202367904174162, 1.916666666666665408 ) ) ;
#5420 = CARTESIAN_POINT ( 'NONE',  ( -1.732050807568877415, 1.060575238724906915E-16, 0.6249999999999986677 ) ) ;
#5421 = CARTESIAN_POINT ( 'NONE',  ( 1.017788105676657562, -0.5876202367904181934, 3.083333333333332149 ) ) ;
#5422 = CARTESIAN_POINT ( 'NONE',  ( 1.357050807568876971, -2.492861891654333810E-16, 5.687500000000000000 ) ) ;
#5423 = CARTESIAN_POINT ( 'NONE',  ( 0.000000000000000000, 1.296351071171740261E-55, -10.49999999999999822 ) ) ;
#5424 = CARTESIAN_POINT ( 'NONE',  ( -0.8816504037844389297, -1.527063293868263116, 4.223958333333333037 ) ) ;
#5425 = VERTEX_POINT ( 'NONE', #1472 ) ;
#5426 = CARTESIAN_POINT ( 'NONE',  ( 0.6785254037844380415, -1.175240473580835499, 0.6041666666666658525 ) ) ;
#5427 = ORIENTED_EDGE ( 'NONE', *, *, #5263, .F. ) ;
#5428 = CARTESIAN_POINT ( 'NONE',  ( -1.017788105676658006, -0.5876202367904174162, -5.083333333333334814 ) ) ;
#5429 = DIRECTION ( 'NONE',  ( 0.000000000000000000, 1.000000000000000000, 0.000000000000000000 ) ) ;
#5430 = CARTESIAN_POINT ( 'NONE',  ( 0.000000000000000000, 1.499999999999999556, -2.000000000000001776 ) ) ;
#5431 = CARTESIAN_POINT ( 'NONE',  ( -1.322475605676657784, 0.7635316469341318912, -9.369791666666667851 ) ) ;
#5432 = CARTESIAN_POINT ( 'NONE',  ( 1.322475605676657340, -0.7635316469341323353, -5.651041666666666963 ) ) ;
#5433 = VERTEX_POINT ( 'NONE', #3748 ) ;
#5434 = CARTESIAN_POINT ( 'NONE',  ( -1.836970198721029441E-16, -1.499999999999999556, -7.250000000000000888 ) ) ;
#5435 = CARTESIAN_POINT ( 'NONE',  ( -1.357050807568876971, 8.309539638847778957E-17, 3.937499999999998224 ) ) ;
#5436 = CARTESIAN_POINT ( 'NONE',  ( 0.6785254037844392627, 1.175240473580835054, 1.270833333333332149 ) ) ;
#5437 = CARTESIAN_POINT ( 'NONE',  ( 0.000000000000000000, 1.499999999999999778, -3.437500000000001332 ) ) ;
#5438 = CARTESIAN_POINT ( 'NONE',  ( 1.152335806484988456, 0.7780742849031115904, 10.33536037611086655 ) ) ;
#5439 = CARTESIAN_POINT ( 'NONE',  ( -1.357050807568876971, 8.309539638847778957E-17, -0.6250000000000005551 ) ) ;
#5440 = CARTESIAN_POINT ( 'NONE',  ( -1.836970198721029441E-16, -1.499999999999999556, -8.750000000000000000 ) ) ;
#5441 = CARTESIAN_POINT ( 'NONE',  ( -1.763300807568876971, 1.079710344961584035E-16, 5.171874999999999112 ) ) ;
#5442 = VERTEX_POINT ( 'NONE', #3226 ) ;
#5443 = CARTESIAN_POINT ( 'NONE',  ( 0.6785254037844380415, -1.175240473580835499, -9.395833333333333925 ) ) ;
#5444 = EDGE_CURVE ( 'NONE', #6223, #1190, #1259, .T. ) ;
#5445 = CARTESIAN_POINT ( 'NONE',  ( 0.000000000000000000, 1.499999999999999556, -3.000000000000000888 ) ) ;
#5446 = CARTESIAN_POINT ( 'NONE',  ( 1.299038105676657118, -0.7500000000000004441, -2.166666666666667407 ) ) ;
#5447 = CARTESIAN_POINT ( 'NONE',  ( 0.6785254037844392627, 1.175240473580835054, -3.229166666666667407 ) ) ;
#5448 = CARTESIAN_POINT ( 'NONE',  ( 0.8816504037844380415, -1.527063293868264005, 7.338541666666663410 ) ) ;
#5449 = CARTESIAN_POINT ( 'NONE',  ( -1.017788105676658006, -0.5876202367904174162, -7.583333333333333925 ) ) ;
#5450 =( BOUNDED_CURVE ( )  B_SPLINE_CURVE ( 2, ( #4295, #4964, #5957, #3852, #3144, #340, #3741 ),
 .UNSPECIFIED., .F., .F. ) 
 B_SPLINE_CURVE_WITH_KNOTS ( ( 3, 2, 2, 3 ),
 ( 0.1621621621621621712, 0.1666666666666666574, 0.1711711711711711437, 0.1756756756756756577 ),
 .UNSPECIFIED. ) 
 CURVE ( )  GEOMETRIC_REPRESENTATION_ITEM ( )  RATIONAL_B_SPLINE_CURVE ( ( 1.000000000000000000, 0.8660254037844385966, 1.000000000000000000, 0.8660254037844385966, 1.000000000000000000, 0.8660254037844393737, 0.9999999999999992228 ) ) 
 REPRESENTATION_ITEM ( '' )  );
#5451 = CARTESIAN_POINT ( 'NONE',  ( -1.017788105676657784, 0.5876202367904177493, -8.104166666666667851 ) ) ;
#5452 = EDGE_CURVE ( 'NONE', #2307, #5568, #1583, .T. ) ;
#5453 = CARTESIAN_POINT ( 'NONE',  ( 1.732050807568877415, -3.181725716174720498E-16, 4.374999999999999112 ) ) ;
#5454 = CARTESIAN_POINT ( 'NONE',  ( -1.299038105676657784, 0.7500000000000001110, -4.354166666666667851 ) ) ;
#5455 = CARTESIAN_POINT ( 'NONE',  ( -1.357050807568876749, 8.309539638847778957E-17, 1.374999999999999556 ) ) ;
#5456 = CARTESIAN_POINT ( 'NONE',  ( -1.357050807568876971, 8.309539638847778957E-17, 4.937499999999999112 ) ) ;
#5457 = CARTESIAN_POINT ( 'NONE',  ( -1.836970198721029441E-16, -1.499999999999999556, -9.250000000000001776 ) ) ;
#5458 = CYLINDRICAL_SURFACE ( 'NONE', #3367, 1.499999999999999778 ) ;
#5459 = CARTESIAN_POINT ( 'NONE',  ( -1.763300807568876971, 1.079710344961584035E-16, 4.140624999999998224 ) ) ;
#5460 = ORIENTED_EDGE ( 'NONE', *, *, #2957, .F. ) ;
#5461 = CARTESIAN_POINT ( 'NONE',  ( 1.017788105676657562, -0.5876202367904181934, 0.1458333333333328707 ) ) ;
#5462 = ORIENTED_EDGE ( 'NONE', *, *, #5124, .T. ) ;
#5463 = ADVANCED_FACE ( 'NONE', ( #5483 ), #1101, .T. ) ;
#5464 = CARTESIAN_POINT ( 'NONE',  ( -1.017788105676657784, 0.5876202367904177493, -5.166666666666667851 ) ) ;
#5465 = CARTESIAN_POINT ( 'NONE',  ( -1.836970198721029441E-16, -1.499999999999999778, -0.1875000000000018874 ) ) ;
#5466 = CARTESIAN_POINT ( 'NONE',  ( 1.763300807568876971, -3.239131034884752106E-16, -9.578125000000001776 ) ) ;
#5467 = CARTESIAN_POINT ( 'NONE',  ( -1.322475605676657784, 0.7635316469341318912, -5.401041666666667851 ) ) ;
#5468 = EDGE_CURVE ( 'NONE', #1783, #6605, #6048, .T. ) ;
#5469 = ORIENTED_EDGE ( 'NONE', *, *, #5231, .T. ) ;
#5470 = CARTESIAN_POINT ( 'NONE',  ( -1.017788105676657784, 0.5876202367904177493, -0.1666666666666674068 ) ) ;
#5471 =( BOUNDED_CURVE ( )  B_SPLINE_CURVE ( 2, ( #2362, #4647, #6886, #3003, #4084, #3565, #6337 ),
 .UNSPECIFIED., .F., .T. ) 
 B_SPLINE_CURVE_WITH_KNOTS ( ( 3, 2, 2, 3 ),
 ( 0.8783783783783783994, 0.8828828828828828579, 0.8873873873873874274, 0.8918918918918918859 ),
 .UNSPECIFIED. ) 
 CURVE ( )  GEOMETRIC_REPRESENTATION_ITEM ( )  RATIONAL_B_SPLINE_CURVE ( ( 1.000000000000000000, 0.8660254037844387076, 1.000000000000000000, 0.8660254037844387076, 1.000000000000000000, 0.8660254037844387076, 1.000000000000000000 ) ) 
 REPRESENTATION_ITEM ( '' )  );
#5472 = CARTESIAN_POINT ( 'NONE',  ( 1.017788105676658228, 0.5876202367904167501, 5.229166666666665186 ) ) ;
#5473 = CARTESIAN_POINT ( 'NONE',  ( 0.6785254037844380415, -1.175240473580835721, -0.3958333333333348136 ) ) ;
#5474 = CARTESIAN_POINT ( 'NONE',  ( -1.732050807568877415, 1.060575238724906915E-16, 3.124999999999999556 ) ) ;
#5475 = DIRECTION ( 'NONE',  ( -1.224646799147351482E-16, 1.000000000000000000, 0.000000000000000000 ) ) ;
#5476 = CARTESIAN_POINT ( 'NONE',  ( 1.017788105676657562, -0.5876202367904181934, -0.4166666666666676289 ) ) ;
#5477 = CARTESIAN_POINT ( 'NONE',  ( 1.204193495295051930, -0.8943813649048621972, -10.17524047358083372 ) ) ;
#5478 = CARTESIAN_POINT ( 'NONE',  ( 1.763300807568876971, -3.239131034884752106E-16, 6.421874999999997335 ) ) ;
#5479 = VECTOR ( 'NONE', #6089, 1000.000000000000000 ) ;
#5480 = ORIENTED_EDGE ( 'NONE', *, *, #876, .T. ) ;
#5481 = CARTESIAN_POINT ( 'NONE',  ( -1.439254484199189379E-16, -1.175240473580835276, -6.437500000000001776 ) ) ;
#5482 = CARTESIAN_POINT ( 'NONE',  ( 0.000000000000000000, 1.499999999999999778, 1.062499999999999112 ) ) ;
#5483 = FACE_OUTER_BOUND ( 'NONE', #690, .T. ) ;
#5484 = CARTESIAN_POINT ( 'NONE',  ( -0.6785254037844388186, -1.175240473580835276, -2.479166666666667851 ) ) ;
#5485 = CARTESIAN_POINT ( 'NONE',  ( 0.4044126993943261694, -1.209887892115047547, 10.21891626044851975 ) ) ;
#5486 = CARTESIAN_POINT ( 'NONE',  ( 1.017788105676657562, -0.5876202367904181934, -6.916666666666667851 ) ) ;
#5487 = CARTESIAN_POINT ( 'NONE',  ( 1.357050807568876971, -2.492861891654333810E-16, -8.312500000000000000 ) ) ;
#5488 = CARTESIAN_POINT ( 'NONE',  ( 1.299038105676658450, 0.7499999999999986677, -1.583333333333334370 ) ) ;
#5489 = CARTESIAN_POINT ( 'NONE',  ( -0.6785254037844383745, 1.175240473580835499, 2.791666666666664742 ) ) ;
#5490 = DIRECTION ( 'NONE',  ( 0.000000000000000000, 1.000000000000000000, 0.000000000000000000 ) ) ;
#5491 = CARTESIAN_POINT ( 'NONE',  ( -0.8660254037844512531, -1.499999999999978018, -4.229166666666669627 ) ) ;
#5492 = EDGE_CURVE ( 'NONE', #3278, #5838, #3860, .T. ) ;
#5493 = CARTESIAN_POINT ( 'NONE',  ( 1.357050807568876749, -2.492861891654333810E-16, 5.124999999999999112 ) ) ;
#5494 = CARTESIAN_POINT ( 'NONE',  ( 0.000000000000000000, 1.499999999999999556, 6.999999999999997335 ) ) ;
#5495 = FACE_OUTER_BOUND ( 'NONE', #721, .T. ) ;
#5496 = CARTESIAN_POINT ( 'NONE',  ( 0.000000000000000000, 1.499999999999999778, -3.937500000000000888 ) ) ;
#5497 = CARTESIAN_POINT ( 'NONE',  ( -0.8816504037844382635, 1.527063293868263338, 4.057291666666665186 ) ) ;
#5498 = ORIENTED_EDGE ( 'NONE', *, *, #1869, .F. ) ;
#5499 = CARTESIAN_POINT ( 'NONE',  ( -0.6785254037844388186, -1.175240473580835054, 1.020833333333331927 ) ) ;
#5500 = ORIENTED_EDGE ( 'NONE', *, *, #4162, .F. ) ;
#5501 = CARTESIAN_POINT ( 'NONE',  ( 0.6785254037844380415, -1.175240473580835499, -6.958333333333333925 ) ) ;
#5502 = EDGE_CURVE ( 'NONE', #7096, #7308, #7318, .T. ) ;
#5503 = CARTESIAN_POINT ( 'NONE',  ( -1.763300807568876971, 1.079710344961584035E-16, -10.82812500000000000 ) ) ;
#5504 = CARTESIAN_POINT ( 'NONE',  ( -0.8816504037844382635, 1.527063293868263338, -4.442708333333333925 ) ) ;
#5505 = ORIENTED_EDGE ( 'NONE', *, *, #426, .T. ) ;
#5506 = CARTESIAN_POINT ( 'NONE',  ( 0.6785254037844380415, -1.175240473580835721, 6.104166666666666075 ) ) ;
#5507 = B_SPLINE_CURVE_WITH_KNOTS ( 'NONE', 3,
 ( #1277, #69, #752, #4066 ),
 .UNSPECIFIED., .F., .F.,
 ( 4, 4 ),
 ( 9.407953115802258074E-18, 0.0002431180028846422988 ),
 .UNSPECIFIED. ) ;
#5508 = CARTESIAN_POINT ( 'NONE',  ( 0.6785254037844392627, 1.175240473580835054, 1.770833333333332593 ) ) ;
#5509 = CYLINDRICAL_SURFACE ( 'NONE', #7111, 1.499999999999999778 ) ;
#5510 = CARTESIAN_POINT ( 'NONE',  ( 0.000000000000000000, 1.499999999999999778, -10.49999999999999822 ) ) ;
#5511 = CARTESIAN_POINT ( 'NONE',  ( 0.6785254037844380415, -1.175240473580835721, 0.04166666666666554719 ) ) ;
#5512 =( BOUNDED_CURVE ( )  B_SPLINE_CURVE ( 2, ( #4466, #6234, #3427, #7303, #5062, #6637, #588 ),
 .UNSPECIFIED., .F., .T. ) 
 B_SPLINE_CURVE_WITH_KNOTS ( ( 3, 2, 2, 3 ),
 ( 0.3513513513513513709, 0.3558558558558558294, 0.3603603603603603434, 0.3648648648648648574 ),
 .UNSPECIFIED. ) 
 CURVE ( )  GEOMETRIC_REPRESENTATION_ITEM ( )  RATIONAL_B_SPLINE_CURVE ( ( 1.000000000000000000, 0.8660254037844385966, 1.000000000000000000, 0.8660254037844385966, 1.000000000000000000, 0.8660254037844385966, 1.000000000000000000 ) ) 
 REPRESENTATION_ITEM ( '' )  );
#5513 = CARTESIAN_POINT ( 'NONE',  ( 0.000000000000000000, 1.499999999999999556, -0.5000000000000005551 ) ) ;
#5514 = CARTESIAN_POINT ( 'NONE',  ( 0.8816504037844380415, -1.527063293868264005, 6.838541666666666075 ) ) ;
#5515 = VERTEX_POINT ( 'NONE', #424 ) ;
#5516 = CARTESIAN_POINT ( 'NONE',  ( -1.017788105676657784, 0.5876202367904177493, -5.604166666666667851 ) ) ;
#5517 = CARTESIAN_POINT ( 'NONE',  ( 0.000000000000000000, 1.944526606757610890E-56, 7.349999999999998757 ) ) ;
#5518 = CARTESIAN_POINT ( 'NONE',  ( 1.299038105676657118, -0.7500000000000004441, -5.166666666666667851 ) ) ;
#5519 = CARTESIAN_POINT ( 'NONE',  ( -0.6785254037844388186, -1.175240473580835276, 0.5208333333333314830 ) ) ;
#5520 = CARTESIAN_POINT ( 'NONE',  ( 0.6785254037844380415, -1.175240473580835721, -6.458333333333334814 ) ) ;
#5521 = CARTESIAN_POINT ( 'NONE',  ( 1.763300807568876971, -3.239131034884752106E-16, -3.578125000000001776 ) ) ;
#5522 = DIRECTION ( 'NONE',  ( 0.000000000000000000, 1.000000000000000000, 0.000000000000000000 ) ) ;
#5523 = CARTESIAN_POINT ( 'NONE',  ( -0.6785254037844382635, 1.175240473580835276, 6.854166666666666075 ) ) ;
#5524 = FACE_OUTER_BOUND ( 'NONE', #2044, .T. ) ;
#5525 = CARTESIAN_POINT ( 'NONE',  ( -1.299038105676657784, -0.7499999999999995559, -3.270833333333334814 ) ) ;
#5526 = CIRCLE ( 'NONE', #7299, 1.551628848447119013 ) ;
#5527 = CARTESIAN_POINT ( 'NONE',  ( 1.017788105676658228, 0.5876202367904167501, -1.833333333333334370 ) ) ;
#5528 = CARTESIAN_POINT ( 'NONE',  ( 1.017788105676657562, -0.5876202367904181934, 4.583333333333331261 ) ) ;
#5529 = DIRECTION ( 'NONE',  ( -0.000000000000000000, 6.173100338913050050E-57, -1.000000000000000000 ) ) ;
#5530 = CARTESIAN_POINT ( 'NONE',  ( 1.299038105676657118, -0.7500000000000004441, 3.333333333333332149 ) ) ;
#5531 = CARTESIAN_POINT ( 'NONE',  ( 0.000000000000000000, 1.499999999999999778, 6.062499999999996447 ) ) ;
#5532 = CARTESIAN_POINT ( 'NONE',  ( 0.000000000000000000, 1.527063293868263338, 5.515625000000000000 ) ) ;
#5533 = ORIENTED_EDGE ( 'NONE', *, *, #4037, .T. ) ;
#5534 = CARTESIAN_POINT ( 'NONE',  ( 0.000000000000000000, 1.175240473580835276, -0.1875000000000018874 ) ) ;
#5535 = ORIENTED_EDGE ( 'NONE', *, *, #2614, .T. ) ;
#5536 = EDGE_CURVE ( 'NONE', #5818, #6676, #4531, .T. ) ;
#5537 = CARTESIAN_POINT ( 'NONE',  ( 1.017788105676657562, -0.5876202367904181934, -9.416666666666666075 ) ) ;
#5538 = CARTESIAN_POINT ( 'NONE',  ( -1.017788105676658006, -0.5876202367904174162, -3.583333333333334370 ) ) ;
#5539 = CARTESIAN_POINT ( 'NONE',  ( 0.000000000000000000, 1.527063293868263338, -10.95312500000000178 ) ) ;
#5540 = CARTESIAN_POINT ( 'NONE',  ( -1.322475605676657784, -0.7635316469341314471, -5.317708333333333925 ) ) ;
#5541 = ORIENTED_EDGE ( 'NONE', *, *, #258, .F. ) ;
#5542 = SURFACE_STYLE_USAGE ( .BOTH. , #5579 ) ;
#5543 = CARTESIAN_POINT ( 'NONE',  ( 0.6785254037844392627, 1.175240473580835054, 7.270833333333332149 ) ) ;
#5544 = CARTESIAN_POINT ( 'NONE',  ( -1.439254484199189379E-16, -1.175240473580835276, 0.5624999999999987788 ) ) ;
#5545 = CARTESIAN_POINT ( 'NONE',  ( 0.000000000000000000, -6.481755355858701307E-56, 10.49999999999999822 ) ) ;
#5546 = CARTESIAN_POINT ( 'NONE',  ( -1.357050807568876971, 8.309539638847778957E-17, 0.3749999999999985567 ) ) ;
#5547 = LINE ( 'NONE', #5408, #1813 ) ;
#5548 = CARTESIAN_POINT ( 'NONE',  ( 1.322475605676657340, -0.7635316469341323353, 4.380208333333331261 ) ) ;
#5549 = ORIENTED_EDGE ( 'NONE', *, *, #3273, .F. ) ;
#5550 = CARTESIAN_POINT ( 'NONE',  ( 1.017788105676658228, 0.5876202367904167501, -5.270833333333333925 ) ) ;
#5551 = FACE_OUTER_BOUND ( 'NONE', #6238, .T. ) ;
#5552 = CARTESIAN_POINT ( 'NONE',  ( -1.836970198721029441E-16, -1.499999999999999556, 1.749999999999998002 ) ) ;
#5553 = CARTESIAN_POINT ( 'NONE',  ( -1.357050807568876971, 8.309539638847778957E-17, -1.562500000000001332 ) ) ;
#5555 =( BOUNDED_CURVE ( )  B_SPLINE_CURVE ( 2, ( #3081, #3044, #7038, #166, #4269, #7106, #6480 ),
 .UNSPECIFIED., .F., .T. ) 
 B_SPLINE_CURVE_WITH_KNOTS ( ( 3, 2, 2, 3 ),
 ( 0.8918918918918918859, 0.8963963963963963444, 0.9009009009009010249, 0.9054054054054054834 ),
 .UNSPECIFIED. ) 
 CURVE ( )  GEOMETRIC_REPRESENTATION_ITEM ( )  RATIONAL_B_SPLINE_CURVE ( ( 1.000000000000000000, 0.8660254037844387076, 1.000000000000000000, 0.8660254037844387076, 1.000000000000000000, 0.8660254037844353769, 1.000000000000003331 ) ) 
 REPRESENTATION_ITEM ( '' )  );
#5554 = CARTESIAN_POINT ( 'NONE',  ( 0.1975317408473108438, -1.329330669222374972, 10.28741758375678650 ) ) ;
#5556 = CARTESIAN_POINT ( 'NONE',  ( -0.6785254037844388186, -1.175240473580835276, -6.541666666666667851 ) ) ;
#5557 = CARTESIAN_POINT ( 'NONE',  ( 1.322475605676657340, -0.7635316469341323353, -3.619791666666667851 ) ) ;
#5558 = LINE ( 'NONE', #4386, #7128 ) ;
#5559 = DIRECTION ( 'NONE',  ( -0.000000000000000000, 6.173100338913050050E-57, -1.000000000000000000 ) ) ;
#5560 = CARTESIAN_POINT ( 'NONE',  ( 0.000000000000000000, 1.499999999999999556, -7.000000000000000888 ) ) ;
#5561 = CARTESIAN_POINT ( 'NONE',  ( -1.017788105676657784, 0.5876202367904177493, -8.604166666666667851 ) ) ;
#5562 = EDGE_CURVE ( 'NONE', #1678, #6897, #2011, .T. ) ;
#5563 = CARTESIAN_POINT ( 'NONE',  ( 1.017788105676658228, 0.5876202367904167501, 3.666666666666665186 ) ) ;
#5564 = CARTESIAN_POINT ( 'NONE',  ( 1.299038105676658672, 0.7499999999999987788, -0.5208333333333349247 ) ) ;
#5565 = CARTESIAN_POINT ( 'NONE',  ( 0.000000000000000000, 1.296351071171740261E-55, -10.49999999999999822 ) ) ;
#5566 = CYLINDRICAL_SURFACE ( 'NONE', #5143, 1.499999999999999778 ) ;
#5567 = CARTESIAN_POINT ( 'NONE',  ( -0.8816504037844382635, 1.527063293868263338, 5.057291666666665186 ) ) ;
#5568 = VERTEX_POINT ( 'NONE', #6182 ) ;
#5569 = CARTESIAN_POINT ( 'NONE',  ( 0.6785254037844391517, 1.175240473580835054, 3.770833333333333037 ) ) ;
#5570 = VERTEX_POINT ( 'NONE', #3380 ) ;
#5571 = CARTESIAN_POINT ( 'NONE',  ( -1.017788105676657784, 0.5876202367904177493, -9.666666666666667851 ) ) ;
#5572 = CARTESIAN_POINT ( 'NONE',  ( -0.6785254037844382635, 1.175240473580835276, -2.708333333333335258 ) ) ;
#5573 = EDGE_CURVE ( 'NONE', #308, #5442, #6219, .T. ) ;
#5574 = CARTESIAN_POINT ( 'NONE',  ( 1.322475605676657340, -0.7635316469341323353, -7.619791666666667851 ) ) ;
#5575 = CARTESIAN_POINT ( 'NONE',  ( -1.870113174931182636E-16, -1.527063293868263338, -0.7343750000000006661 ) ) ;
#5576 = ORIENTED_EDGE ( 'NONE', *, *, #5178, .F. ) ;
#5577 = CARTESIAN_POINT ( 'NONE',  ( 1.017788105676658228, 0.5876202367904167501, 0.1666666666666656582 ) ) ;
#5578 = CARTESIAN_POINT ( 'NONE',  ( 0.000000000000000000, 1.175240473580835276, -10.25000000000000000 ) ) ;
#5579 = SURFACE_SIDE_STYLE ('',( #3808 ) ) ;
#5580 = CARTESIAN_POINT ( 'NONE',  ( -1.357050807568876971, 8.309539638847778957E-17, 7.437499999999998224 ) ) ;
#5581 = CARTESIAN_POINT ( 'NONE',  ( 0.000000000000000000, 1.175240473580835276, 4.312499999999998224 ) ) ;
#5582 = CARTESIAN_POINT ( 'NONE',  ( -1.836970198721029441E-16, -1.499999999999999556, 1.749999999999998002 ) ) ;
#5583 = EDGE_CURVE ( 'NONE', #1988, #1874, #2776, .T. ) ;
#5584 = DIRECTION ( 'NONE',  ( 8.659560562354915602E-17, 0.7071067811865462405, 0.7071067811865489050 ) ) ;
#5585 = CARTESIAN_POINT ( 'NONE',  ( 1.017788105676658228, 0.5876202367904167501, 1.666666666666665186 ) ) ;
#5586 = CARTESIAN_POINT ( 'NONE',  ( 1.322475605676657340, -0.7635316469341323353, -9.151041666666666075 ) ) ;
#5587 = CARTESIAN_POINT ( 'NONE',  ( 0.8816504037844392627, 1.527063293868263116, 5.505208333333331261 ) ) ;
#5588 = ORIENTED_EDGE ( 'NONE', *, *, #6797, .F. ) ;
#5589 = CARTESIAN_POINT ( 'NONE',  ( 0.6785254037844391517, 1.175240473580835054, -4.729166666666667851 ) ) ;
#5590 = DIRECTION ( 'NONE',  ( 0.5000000000000004441, -0.8660254037844384856, 0.000000000000000000 ) ) ;
#5591 = CARTESIAN_POINT ( 'NONE',  ( 0.000000000000000000, 1.499999999999999556, 1.499999999999999556 ) ) ;
#5592 = CARTESIAN_POINT ( 'NONE',  ( 1.357050807568876971, -2.492861891654333810E-16, -0.3125000000000019984 ) ) ;
#5593 = CARTESIAN_POINT ( 'NONE',  ( 0.5135752358548872909, -1.146862872304120318, 10.19864201011963978 ) ) ;
#5594 = CONICAL_SURFACE ( 'NONE', #2387, 2.750000000000000000, 0.7853981633974453924 ) ;
#5595 = ORIENTED_EDGE ( 'NONE', *, *, #360, .T. ) ;
#5596 = CARTESIAN_POINT ( 'NONE',  ( 0.000000000000000000, 1.175240473580835276, -7.250000000000000888 ) ) ;
#5597 = CARTESIAN_POINT ( 'NONE',  ( 1.322475605676658450, 0.7635316469341306700, -1.036458333333335480 ) ) ;
#5598 = AXIS2_PLACEMENT_3D ( 'NONE', #5545, #4257, #7240 ) ;
#5599 = CARTESIAN_POINT ( 'NONE',  ( 0.000000000000000000, 1.499999999999999556, 1.999999999999998224 ) ) ;
#5600 = CARTESIAN_POINT ( 'NONE',  ( 0.000000000000000000, 1.499999999999999778, 7.062499999999997335 ) ) ;
#5601 = DIRECTION ( 'NONE',  ( 0.000000000000000000, -1.000000000000000000, -6.173100338913050050E-57 ) ) ;
#5602 = AXIS2_PLACEMENT_3D ( 'NONE', #3859, #7287, #3927 ) ;
#5603 = CARTESIAN_POINT ( 'NONE',  ( -1.439254484199189379E-16, -1.175240473580835276, -8.937500000000001776 ) ) ;
#5604 =( BOUNDED_CURVE ( )  B_SPLINE_CURVE ( 2, ( #49, #1291, #1327, #6924, #2290, #2442, #83 ),
 .UNSPECIFIED., .F., .T. ) 
 B_SPLINE_CURVE_WITH_KNOTS ( ( 3, 2, 2, 3 ),
 ( 0.4189189189189189699, 0.4234234234234234839, 0.4279279279279279424, 0.4324324324324324564 ),
 .UNSPECIFIED. ) 
 CURVE ( )  GEOMETRIC_REPRESENTATION_ITEM ( )  RATIONAL_B_SPLINE_CURVE ( ( 0.9999999999999983347, 0.8660254037844402619, 1.000000000000000000, 0.8660254037844385966, 1.000000000000000000, 0.8660254037844385966, 1.000000000000000000 ) ) 
 REPRESENTATION_ITEM ( '' )  );
#5605 = CARTESIAN_POINT ( 'NONE',  ( -1.017788105676657784, 0.5876202367904177493, 5.333333333333330373 ) ) ;
#5606 = LINE ( 'NONE', #515, #4316 ) ;
#5607 = ADVANCED_FACE ( 'NONE', ( #7328 ), #7288, .T. ) ;
#5608 = AXIS2_PLACEMENT_3D ( 'NONE', #1467, #3477, #1729 ) ;
#5609 = CARTESIAN_POINT ( 'NONE',  ( -1.299038105676657562, -0.7499999999999994449, -4.333333333333334814 ) ) ;
#5610 = CARTESIAN_POINT ( 'NONE',  ( -0.8660254037844359321, -1.500000000000004885, 3.770833333333333925 ) ) ;
#5611 = CARTESIAN_POINT ( 'NONE',  ( -1.322475605676657784, -0.7635316469341314471, 5.682291666666665186 ) ) ;
#5612 = ORIENTED_EDGE ( 'NONE', *, *, #426, .F. ) ;
#5613 = CARTESIAN_POINT ( 'NONE',  ( 1.017788105676657562, -0.5876202367904181934, 3.145833333333332149 ) ) ;
#5614 = VERTEX_POINT ( 'NONE', #1546 ) ;
#5615 = CARTESIAN_POINT ( 'NONE',  ( 0.6785254037844392627, 1.175240473580835054, -7.791666666666666963 ) ) ;
#5616 = CIRCLE ( 'NONE', #4674, 1.499999999999999556 ) ;
#5617 = CARTESIAN_POINT ( 'NONE',  ( -1.439254484199189379E-16, -1.175240473580835276, -2.000000000000001776 ) ) ;
#5618 = CARTESIAN_POINT ( 'NONE',  ( 0.8816504037844380415, -1.527063293868264005, -8.661458333333333925 ) ) ;
#5619 = CARTESIAN_POINT ( 'NONE',  ( -0.8816504037844389297, -1.527063293868263116, -2.776041666666667851 ) ) ;
#5620 = ORIENTED_EDGE ( 'NONE', *, *, #4997, .T. ) ;
#5621 = CARTESIAN_POINT ( 'NONE',  ( 0.6785254037844380415, -1.175240473580835721, -10.45833333333333393 ) ) ;
#5622 = CARTESIAN_POINT ( 'NONE',  ( -1.017788105676657784, 0.5876202367904177493, 2.395833333333331261 ) ) ;
#5623 = CARTESIAN_POINT ( 'NONE',  ( -0.8660254037844266062, -1.500000000000020872, 1.208333333333333703 ) ) ;
#5624 = CARTESIAN_POINT ( 'NONE',  ( -1.836970198721029441E-16, -1.499999999999999778, -9.187500000000001776 ) ) ;
#5625 = CARTESIAN_POINT ( 'NONE',  ( -1.017788105676658006, -0.5876202367904174162, 4.416666666666666075 ) ) ;
#5626 = CARTESIAN_POINT ( 'NONE',  ( 1.322475605676658450, 0.7635316469341306700, -8.567708333333333925 ) ) ;
#5627 = CARTESIAN_POINT ( 'NONE',  ( 1.322475605676658450, 0.7635316469341306700, 6.963541666666666075 ) ) ;
#5628 = ORIENTED_EDGE ( 'NONE', *, *, #4938, .F. ) ;
#5629 = CARTESIAN_POINT ( 'NONE',  ( -0.6785254037844388186, -1.175240473580835276, 2.458333333333331705 ) ) ;
#5630 = DIRECTION ( 'NONE',  ( -0.000000000000000000, 6.173100338913050050E-57, -1.000000000000000000 ) ) ;
#5631 = CARTESIAN_POINT ( 'NONE',  ( -1.299038105676657562, 0.7500000000000000000, -1.416666666666666741 ) ) ;
#5632 = EDGE_CURVE ( 'NONE', #7119, #5800, #4300, .T. ) ;
#5633 = CARTESIAN_POINT ( 'NONE',  ( 0.6785254037844392627, 1.175240473580835054, -0.2291666666666674623 ) ) ;
#5634 = CARTESIAN_POINT ( 'NONE',  ( -0.6785254037844388186, -1.175240473580835276, -5.479166666666667851 ) ) ;
#5635 = ORIENTED_EDGE ( 'NONE', *, *, #5492, .F. ) ;
#5636 = CARTESIAN_POINT ( 'NONE',  ( 1.357050807568876971, -2.492861891654333810E-16, -5.375000000000000888 ) ) ;
#5637 = CARTESIAN_POINT ( 'NONE',  ( -1.322475605676657784, 0.7635316469341318912, -3.369791666666667851 ) ) ;
#5638 = CARTESIAN_POINT ( 'NONE',  ( -1.732050807568877415, 1.060575238724906915E-16, 3.624999999999999112 ) ) ;
#5639 = PLANE ( 'NONE',  #853 ) ;
#5640 = CARTESIAN_POINT ( 'NONE',  ( -1.299038105676657784, -0.7499999999999995559, 4.729166666666664298 ) ) ;
#5641 = EDGE_CURVE ( 'NONE', #405, #1393, #3017, .T. ) ;
#5642 = CARTESIAN_POINT ( 'NONE',  ( -0.6785254037844388186, -1.175240473580835276, -9.979166666666667851 ) ) ;
#5643 = CARTESIAN_POINT ( 'NONE',  ( -0.6785254037844388186, -1.175240473580835054, 3.958333333333332593 ) ) ;
#5644 = CARTESIAN_POINT ( 'NONE',  ( 0.8660254037844394848, 1.499999999999999334, 1.958333333333333259 ) ) ;
#5645 = CARTESIAN_POINT ( 'NONE',  ( 0.8660254037844380415, -1.500000000000000444, 2.291666666666666075 ) ) ;
#5646 = CARTESIAN_POINT ( 'NONE',  ( 0.8660254037844270503, 1.500000000000020872, 2.958333333333333925 ) ) ;
#5647 = CARTESIAN_POINT ( 'NONE',  ( -1.299038105676657562, -0.7499999999999994449, -6.833333333333333925 ) ) ;
#5648 = CARTESIAN_POINT ( 'NONE',  ( -0.8816504037844382635, 1.527063293868263338, 7.057291666666666075 ) ) ;
#5649 = CARTESIAN_POINT ( 'NONE',  ( 0.6785254037844380415, -1.175240473580835499, 1.604166666666665186 ) ) ;
#5650 = ORIENTED_EDGE ( 'NONE', *, *, #3594, .F. ) ;
#5651 = CONICAL_SURFACE ( 'NONE', #2207, 2.600000000000000089, 0.7853981633974453924 ) ;
#5652 = CARTESIAN_POINT ( 'NONE',  ( 1.357050807568876971, -2.492861891654333810E-16, -9.375000000000000000 ) ) ;
#5653 = CARTESIAN_POINT ( 'NONE',  ( 1.017788105676658228, 0.5876202367904167501, -2.833333333333335258 ) ) ;
#5654 = CARTESIAN_POINT ( 'NONE',  ( 1.322475605676658450, 0.7635316469341306700, -8.036458333333333925 ) ) ;
#5655 = CARTESIAN_POINT ( 'NONE',  ( 0.8816504037844392627, 1.527063293868263116, -2.526041666666667851 ) ) ;
#5656 = VERTEX_POINT ( 'NONE', #5258 ) ;
#5657 = CARTESIAN_POINT ( 'NONE',  ( -1.357050807568876971, 8.309539638847778957E-17, 7.374999999999998224 ) ) ;
#5658 = AXIS2_PLACEMENT_3D ( 'NONE', #2390, #717, #6402 ) ;
#5659 = CARTESIAN_POINT ( 'NONE',  ( 1.017788105676657562, -0.5876202367904181934, 7.145833333333332149 ) ) ;
#5660 = CARTESIAN_POINT ( 'NONE',  ( 1.299038105676657340, -0.7500000000000005551, -5.104166666666668739 ) ) ;
#5661 = CARTESIAN_POINT ( 'NONE',  ( 0.6785254037844392627, 1.175240473580835054, 2.208333333333331261 ) ) ;
#5662 = AXIS2_PLACEMENT_3D ( 'NONE', #5220, #5735, #4074 ) ;
#5663 = CARTESIAN_POINT ( 'NONE',  ( -1.763300807568876971, 1.079710344961584035E-16, -9.359375000000001776 ) ) ;
#5664 = VERTEX_POINT ( 'NONE', #6842 ) ;
#5665 = CARTESIAN_POINT ( 'NONE',  ( 0.6785254037844392627, 1.175240473580835054, 2.708333333333331705 ) ) ;
#5666 = CARTESIAN_POINT ( 'NONE',  ( 1.250000000000000000, 0.7216878364870321638, 3.681186920870133772 ) ) ;
#5667 = CARTESIAN_POINT ( 'NONE',  ( -0.8660254037844382635, 1.499999999999999556, -6.458333333333334814 ) ) ;
#5668 = CARTESIAN_POINT ( 'NONE',  ( 0.6785254037844392627, 1.175240473580835054, 0.2708333333333329818 ) ) ;
#5669 = CARTESIAN_POINT ( 'NONE',  ( -1.017788105676658006, -0.5876202367904174162, -4.520833333333333925 ) ) ;
#5670 = CARTESIAN_POINT ( 'NONE',  ( 1.017788105676657562, -0.5876202367904181934, -3.916666666666668295 ) ) ;
#5671 = CARTESIAN_POINT ( 'NONE',  ( -1.322475605676657784, -0.7635316469341314471, -0.2864583333333347581 ) ) ;
#5672 = EDGE_CURVE ( 'NONE', #1868, #4593, #3780, .T. ) ;
#5673 = CARTESIAN_POINT ( 'NONE',  ( 0.000000000000000000, 1.296351071171740261E-55, -10.49999999999999822 ) ) ;
#5674 = CARTESIAN_POINT ( 'NONE',  ( 0.000000000000000000, 1.499999999999999778, -1.937500000000001776 ) ) ;
#5675 = CYLINDRICAL_SURFACE ( 'NONE', #544, 1.499999999999999778 ) ;
#5676 = CARTESIAN_POINT ( 'NONE',  ( 1.017788105676657562, -0.5876202367904181934, -8.854166666666667851 ) ) ;
#5677 = CARTESIAN_POINT ( 'NONE',  ( -0.6785254037844383745, 1.175240473580835499, -1.708333333333334370 ) ) ;
#5678 = DIRECTION ( 'NONE',  ( -0.000000000000000000, 6.173100338913050050E-57, -1.000000000000000000 ) ) ;
#5679 = CARTESIAN_POINT ( 'NONE',  ( -1.118901069031119855, -0.9225982764011733117, -10.22795458745792452 ) ) ;
#5680 = CARTESIAN_POINT ( 'NONE',  ( -1.299038105676657562, -0.7499999999999994449, -2.833333333333334814 ) ) ;
#5681 = CARTESIAN_POINT ( 'NONE',  ( 0.000000000000000000, 1.499999999999999778, -10.49999999999999822 ) ) ;
#5682 = ADVANCED_FACE ( 'NONE', ( #682 ), #4724, .T. ) ;
#5683 = CARTESIAN_POINT ( 'NONE',  ( 1.299038105676657118, -0.7500000000000004441, -3.666666666666668295 ) ) ;
#5684 = CARTESIAN_POINT ( 'NONE',  ( -1.322475605676657784, -0.7635316469341314471, 7.182291666666666963 ) ) ;
#5685 = CARTESIAN_POINT ( 'NONE',  ( -1.017788105676657784, 0.5876202367904177493, 3.395833333333332149 ) ) ;
#5686 = ORIENTED_EDGE ( 'NONE', *, *, #6461, .F. ) ;
#5687 = CARTESIAN_POINT ( 'NONE',  ( 1.357050807568876971, -2.492861891654333810E-16, -8.375000000000001776 ) ) ;
#5688 = CARTESIAN_POINT ( 'NONE',  ( 1.017788105676658228, 0.5876202367904167501, -2.333333333333334814 ) ) ;
#5689 = CARTESIAN_POINT ( 'NONE',  ( 1.322475605676657340, -0.7635316469341323353, -6.619791666666667851 ) ) ;
#5690 = CARTESIAN_POINT ( 'NONE',  ( 1.322475605676657340, -0.7635316469341323353, -1.151041666666668295 ) ) ;
#5691 = VERTEX_POINT ( 'NONE', #4031 ) ;
#5692 = CARTESIAN_POINT ( 'NONE',  ( -0.6785254037844388186, -1.175240473580835276, 7.458333333333332149 ) ) ;
#5693 = CARTESIAN_POINT ( 'NONE',  ( 1.836970198721029688E-16, -1.499999999999999778, -10.49999999999999822 ) ) ;
#5694 = CARTESIAN_POINT ( 'NONE',  ( -1.836970198721029441E-16, -1.499999999999999778, -1.687500000000001554 ) ) ;
#5695 = CARTESIAN_POINT ( 'NONE',  ( -0.6785254037844388186, -1.175240473580835276, 3.458333333333332149 ) ) ;
#5696 = ADVANCED_FACE ( 'NONE', ( #2353 ), #3413, .T. ) ;
#5697 = CARTESIAN_POINT ( 'NONE',  ( 0.8660254037844441477, -1.499999999999989342, 2.854166666666664742 ) ) ;
#5698 = VERTEX_POINT ( 'NONE', #3482 ) ;
#5699 = CARTESIAN_POINT ( 'NONE',  ( -1.017788105676658006, -0.5876202367904174162, -1.083333333333333703 ) ) ;
#5700 = CARTESIAN_POINT ( 'NONE',  ( 1.017788105676657562, -0.5876202367904181934, 3.083333333333332149 ) ) ;
#5701 = CARTESIAN_POINT ( 'NONE',  ( -0.8660254037844351549, -1.500000000000005995, -9.791666666666667851 ) ) ;
#5702 = CARTESIAN_POINT ( 'NONE',  ( -0.8660254037844260511, 1.500000000000021094, -5.395833333333336590 ) ) ;
#5703 = CARTESIAN_POINT ( 'NONE',  ( -0.6785254037844383745, 1.175240473580835499, 1.354166666666664742 ) ) ;
#5704 = CARTESIAN_POINT ( 'NONE',  ( -1.357050807568876971, 8.309539638847778957E-17, -4.562500000000001776 ) ) ;
#5705 = ORIENTED_EDGE ( 'NONE', *, *, #2834, .T. ) ;
#5706 = CARTESIAN_POINT ( 'NONE',  ( 0.6785254037844392627, 1.175240473580835054, -4.791666666666667851 ) ) ;
#5707 = CARTESIAN_POINT ( 'NONE',  ( 1.763300807568876971, -3.239131034884752106E-16, -0.07812500000000181799 ) ) ;
#5708 = CARTESIAN_POINT ( 'NONE',  ( 0.8660254037844394848, 1.499999999999999334, -0.5416666666666679619 ) ) ;
#5709 = FACE_OUTER_BOUND ( 'NONE', #1323, .T. ) ;
#5710 = CARTESIAN_POINT ( 'NONE',  ( -1.357050807568876971, 8.309539638847778957E-17, -7.062500000000000888 ) ) ;
#5711 = CARTESIAN_POINT ( 'NONE',  ( 1.017788105676657562, -0.5876202367904181934, 7.083333333333332149 ) ) ;
#5712 = CARTESIAN_POINT ( 'NONE',  ( 0.000000000000000000, 1.499999999999999556, 2.499999999999998668 ) ) ;
#5713 = CARTESIAN_POINT ( 'NONE',  ( -0.8660254037844391517, -1.499999999999999334, 4.270833333333331261 ) ) ;
#5714 = CARTESIAN_POINT ( 'NONE',  ( 0.000000000000000000, 1.296351071171740261E-55, -10.49999999999999822 ) ) ;
#5715 = CARTESIAN_POINT ( 'NONE',  ( -0.6785254037844388186, -1.175240473580835276, -9.979166666666667851 ) ) ;
#5716 = CARTESIAN_POINT ( 'NONE',  ( -1.017788105676657784, 0.5876202367904177493, 1.395833333333332149 ) ) ;
#5717 = ORIENTED_EDGE ( 'NONE', *, *, #4136, .T. ) ;
#5718 = CARTESIAN_POINT ( 'NONE',  ( 0.6785254037844392627, 1.175240473580835054, -5.791666666666668739 ) ) ;
#5719 = EDGE_CURVE ( 'NONE', #5248, #5845, #1724, .T. ) ;
#5720 = AXIS2_PLACEMENT_3D ( 'NONE', #6444, #1811, #2890 ) ;
#5721 = CARTESIAN_POINT ( 'NONE',  ( -1.357050807568876749, 8.309539638847778957E-17, -1.625000000000001332 ) ) ;
#5722 =( BOUNDED_CURVE ( )  B_SPLINE_CURVE ( 2, ( #4769, #2415, #6899, #2490, #6347, #246, #5277 ),
 .UNSPECIFIED., .F., .F. ) 
 B_SPLINE_CURVE_WITH_KNOTS ( ( 3, 2, 2, 3 ),
 ( 0.4459459459459458874, 0.4504504504504503459, 0.4549549549549549154, 0.4594594594594593739 ),
 .UNSPECIFIED. ) 
 CURVE ( )  GEOMETRIC_REPRESENTATION_ITEM ( )  RATIONAL_B_SPLINE_CURVE ( ( 1.000000000000001776, 0.8660254037844371533, 1.000000000000000000, 0.8660254037844387076, 1.000000000000000000, 0.8660254037844403729, 0.9999999999999983347 ) ) 
 REPRESENTATION_ITEM ( '' )  );
#5723 = CARTESIAN_POINT ( 'NONE',  ( -0.8816504037844389297, -1.527063293868263116, -7.244791666666668739 ) ) ;
#5724 = CARTESIAN_POINT ( 'NONE',  ( 1.322475605676657340, -0.7635316469341323353, -2.651041666666667851 ) ) ;
#5725 = CARTESIAN_POINT ( 'NONE',  ( 1.357050807568876749, -2.492861891654333810E-16, -4.312500000000000888 ) ) ;
#5726 = ORIENTED_EDGE ( 'NONE', *, *, #2741, .T. ) ;
#5727 = CARTESIAN_POINT ( 'NONE',  ( 1.299038105676657118, -0.7500000000000004441, -4.666666666666667851 ) ) ;
#5728 = CARTESIAN_POINT ( 'NONE',  ( 1.732050807568877193, -3.181725716174720005E-16, -1.562500000000001332 ) ) ;
#5729 = CARTESIAN_POINT ( 'NONE',  ( 1.017788105676657562, -0.5876202367904181934, 2.583333333333331705 ) ) ;
#5730 = CARTESIAN_POINT ( 'NONE',  ( -1.870113174931182636E-16, -1.527063293868263338, -10.23437500000000000 ) ) ;
#5731 = ORIENTED_EDGE ( 'NONE', *, *, #7340, .T. ) ;
#5732 = CARTESIAN_POINT ( 'NONE',  ( 1.357050807568876971, -2.492861891654333810E-16, -0.8750000000000007772 ) ) ;
#5733 = CARTESIAN_POINT ( 'NONE',  ( 0.000000000000000000, 1.175240473580835276, 3.249999999999999556 ) ) ;
#5734 = CARTESIAN_POINT ( 'NONE',  ( -1.836970198721029441E-16, -1.499999999999999778, 4.312499999999998224 ) ) ;
#5735 = DIRECTION ( 'NONE',  ( -0.000000000000000000, 6.173100338913050050E-57, -1.000000000000000000 ) ) ;
#5736 = CARTESIAN_POINT ( 'NONE',  ( 1.017788105676658228, 0.5876202367904167501, 0.7291666666666661856 ) ) ;
#5737 = CARTESIAN_POINT ( 'NONE',  ( -1.017788105676657784, 0.5876202367904177493, -4.104166666666667851 ) ) ;
#5738 = VERTEX_POINT ( 'NONE', #7 ) ;
#5739 = CARTESIAN_POINT ( 'NONE',  ( 0.6785254037844380415, -1.175240473580835721, -5.958333333333333925 ) ) ;
#5740 = CARTESIAN_POINT ( 'NONE',  ( 1.322475605676657340, -0.7635316469341323353, 0.3802083333333313719 ) ) ;
#5741 = VERTEX_POINT ( 'NONE', #4111 ) ;
#5742 = CARTESIAN_POINT ( 'NONE',  ( 0.000000000000000000, 2.600000000000000089, 10.49999999999999822 ) ) ;
#5743 = CARTESIAN_POINT ( 'NONE',  ( 0.8660254037844380415, -1.500000000000000444, -7.708333333333335702 ) ) ;
#5744 = CARTESIAN_POINT ( 'NONE',  ( 0.8660254037844329345, 1.500000000000009770, 4.520833333333331261 ) ) ;
#5745 = CARTESIAN_POINT ( 'NONE',  ( 1.017788105676657562, -0.5876202367904181934, -6.354166666666667851 ) ) ;
#5746 = CARTESIAN_POINT ( 'NONE',  ( 1.732050807568877415, -3.181725716174720498E-16, -3.125000000000001776 ) ) ;
#5747 = CARTESIAN_POINT ( 'NONE',  ( -1.836970198721029441E-16, -1.499999999999999778, 5.812500000000000000 ) ) ;
#5748 = CARTESIAN_POINT ( 'NONE',  ( -1.299038105676657562, 0.7500000000000000000, 2.583333333333331705 ) ) ;
#5749 = CARTESIAN_POINT ( 'NONE',  ( 0.000000000000000000, 1.499999999999999778, -9.437500000000001776 ) ) ;
#5750 =( BOUNDED_CURVE ( )  B_SPLINE_CURVE ( 2, ( #5397, #2573, #2466, #7085, #4742, #4176, #2034 ),
 .UNSPECIFIED., .F., .T. ) 
 B_SPLINE_CURVE_WITH_KNOTS ( ( 3, 2, 2, 3 ),
 ( 0.8648648648648649129, 0.8693693693693693714, 0.8738738738738738299, 0.8783783783783783994 ),
 .UNSPECIFIED. ) 
 CURVE ( )  GEOMETRIC_REPRESENTATION_ITEM ( )  RATIONAL_B_SPLINE_CURVE ( ( 1.000000000000000000, 0.8660254037844385966, 1.000000000000000000, 0.8660254037844385966, 1.000000000000000000, 0.8660254037844385966, 1.000000000000000000 ) ) 
 REPRESENTATION_ITEM ( '' )  );
#5751 = CARTESIAN_POINT ( 'NONE',  ( -1.322475605676657784, 0.7635316469341318912, 7.598958333333332149 ) ) ;
#5752 = CARTESIAN_POINT ( 'NONE',  ( 0.6785254037844391517, 1.175240473580835054, 5.270833333333331261 ) ) ;
#5753 = ORIENTED_EDGE ( 'NONE', *, *, #1321, .F. ) ;
#5754 = CARTESIAN_POINT ( 'NONE',  ( -1.439254484199189379E-16, -1.175240473580835276, -6.500000000000001776 ) ) ;
#5755 = CARTESIAN_POINT ( 'NONE',  ( 0.000000000000000000, 1.499999999999999778, -2.437500000000002220 ) ) ;
#5756 = CARTESIAN_POINT ( 'NONE',  ( -0.6785254037844388186, -1.175240473580835054, -0.5416666666666677399 ) ) ;
#5757 = CARTESIAN_POINT ( 'NONE',  ( -1.439254484199189379E-16, -1.175240473580835276, 4.062499999999998224 ) ) ;
#5758 = CARTESIAN_POINT ( 'NONE',  ( -1.870113174931182636E-16, -1.527063293868263338, -4.703125000000001776 ) ) ;
#5759 = CARTESIAN_POINT ( 'NONE',  ( 1.322475605676658450, 0.7635316469341306700, 1.432291666666664964 ) ) ;
#5760 = EDGE_CURVE ( 'NONE', #6353, #5570, #4546, .T. ) ;
#5761 = CARTESIAN_POINT ( 'NONE',  ( -1.017788105676658006, -0.5876202367904174162, -4.020833333333334814 ) ) ;
#5762 = ORIENTED_EDGE ( 'NONE', *, *, #6708, .T. ) ;
#5763 = CARTESIAN_POINT ( 'NONE',  ( -1.357050807568876749, 8.309539638847778957E-17, -8.625000000000000000 ) ) ;
#5764 = CARTESIAN_POINT ( 'NONE',  ( 0.000000000000000000, 1.499999999999999778, -10.49999999999999822 ) ) ;
#5765 =( BOUNDED_CURVE ( )  B_SPLINE_CURVE ( 2, ( #3428, #4617, #5683, #2861, #2332, #4049, #5132 ),
 .UNSPECIFIED., .F., .T. ) 
 B_SPLINE_CURVE_WITH_KNOTS ( ( 3, 2, 2, 3 ),
 ( 0.3648648648648648574, 0.3693693693693693714, 0.3738738738738738854, 0.3783783783783783994 ),
 .UNSPECIFIED. ) 
 CURVE ( )  GEOMETRIC_REPRESENTATION_ITEM ( )  RATIONAL_B_SPLINE_CURVE ( ( 1.000000000000000000, 0.8660254037844385966, 1.000000000000000000, 0.8660254037844385966, 1.000000000000000000, 0.8660254037844385966, 1.000000000000000000 ) ) 
 REPRESENTATION_ITEM ( '' )  );
#5766 = CARTESIAN_POINT ( 'NONE',  ( 1.299038105676657340, -0.7500000000000005551, 1.395833333333332149 ) ) ;
#5767 = CARTESIAN_POINT ( 'NONE',  ( -1.017788105676657784, 0.5876202367904177493, 4.333333333333331261 ) ) ;
#5768 = CARTESIAN_POINT ( 'NONE',  ( 0.8816504037844380415, -1.527063293868264005, -6.192708333333333925 ) ) ;
#5769 = ORIENTED_EDGE ( 'NONE', *, *, #6530, .F. ) ;
#5770 = CARTESIAN_POINT ( 'NONE',  ( 0.000000000000000000, 1.175240473580835276, 4.749999999999999112 ) ) ;
#5771 = CARTESIAN_POINT ( 'NONE',  ( -1.299038105676657784, -0.7499999999999995559, 6.229166666666666075 ) ) ;
#5772 = ADVANCED_FACE ( 'NONE', ( #4602 ), #1283, .T. ) ;
#5773 = CARTESIAN_POINT ( 'NONE',  ( -0.8660254037844266062, -1.500000000000020872, -0.7916666666666672958 ) ) ;
#5774 = CARTESIAN_POINT ( 'NONE',  ( 0.6785254037844380415, -1.175240473580835721, 2.104166666666665630 ) ) ;
#5775 = CARTESIAN_POINT ( 'NONE',  ( -0.6785254037844383745, 1.175240473580835499, -4.145833333333334814 ) ) ;
#5776 = LINE ( 'NONE', #7027, #1212 ) ;
#5777 = CARTESIAN_POINT ( 'NONE',  ( -0.6785254037844388186, -1.175240473580835276, -5.041666666666667851 ) ) ;
#5778 = CARTESIAN_POINT ( 'NONE',  ( -1.322475605676657784, -0.7635316469341314471, 0.7135416666666644092 ) ) ;
#5779 = ORIENTED_EDGE ( 'NONE', *, *, #5452, .T. ) ;
#5780 = CARTESIAN_POINT ( 'NONE',  ( 0.000000000000000000, 1.296351071171740261E-55, -10.49999999999999822 ) ) ;
#5781 = CARTESIAN_POINT ( 'NONE',  ( 1.732050807568877193, -3.181725716174720005E-16, 3.937499999999997335 ) ) ;
#5782 = CARTESIAN_POINT ( 'NONE',  ( 0.000000000000000000, 1.499999999999999778, 4.562499999999999112 ) ) ;
#5783 = CARTESIAN_POINT ( 'NONE',  ( 1.017788105676658228, 0.5876202367904167501, -5.770833333333334814 ) ) ;
#5784 = CARTESIAN_POINT ( 'NONE',  ( -1.357050807568876971, 8.309539638847778957E-17, -1.625000000000001554 ) ) ;
#5785 = CARTESIAN_POINT ( 'NONE',  ( -1.732050807568877193, 1.060575238724906792E-16, -3.812500000000001332 ) ) ;
#5786 = CARTESIAN_POINT ( 'NONE',  ( 1.204193495295051930, -0.8943813649048621972, -10.17524047358083372 ) ) ;
#5787 = CARTESIAN_POINT ( 'NONE',  ( 1.357050807568876971, -2.492861891654333810E-16, -9.312500000000003553 ) ) ;
#5788 = CARTESIAN_POINT ( 'NONE',  ( -0.6785254037844382635, 1.175240473580835276, 4.854166666666664298 ) ) ;
#5789 = ORIENTED_EDGE ( 'NONE', *, *, #164, .F. ) ;
#5790 = CARTESIAN_POINT ( 'NONE',  ( 0.6785254037844380415, -1.175240473580835721, -6.458333333333334814 ) ) ;
#5791 = DIRECTION ( 'NONE',  ( -0.000000000000000000, 6.173100338913050050E-57, -1.000000000000000000 ) ) ;
#5792 = CARTESIAN_POINT ( 'NONE',  ( -1.439254484199189379E-16, -1.175240473580835276, -2.500000000000000444 ) ) ;
#5793 = EDGE_CURVE ( 'NONE', #4753, #2116, #5293, .T. ) ;
#5794 = CARTESIAN_POINT ( 'NONE',  ( -0.6785254037844388186, -1.175240473580835054, -0.04166666666666727498 ) ) ;
#5795 = CARTESIAN_POINT ( 'NONE',  ( -0.6785254037844388186, -1.175240473580835276, 2.520833333333331261 ) ) ;
#5796 =( BOUNDED_CURVE ( )  B_SPLINE_CURVE ( 2, ( #1068, #1708, #3387, #6744, #3348, #5092, #5600 ),
 .UNSPECIFIED., .F., .F. ) 
 B_SPLINE_CURVE_WITH_KNOTS ( ( 3, 2, 2, 3 ),
 ( 0.01351351351351352641, 0.01801801801801810807, 0.02252252252252258391, 0.02702702702702705281 ),
 .UNSPECIFIED. ) 
 CURVE ( )  GEOMETRIC_REPRESENTATION_ITEM ( )  RATIONAL_B_SPLINE_CURVE ( ( 0.9999999999999987788, 0.8660254037844399289, 1.000000000000000000, 0.8660254037844387076, 1.000000000000000000, 0.8660254037844363761, 1.000000000000002442 ) ) 
 REPRESENTATION_ITEM ( '' )  );
#5797 = CARTESIAN_POINT ( 'NONE',  ( -1.322475605676657784, -0.7635316469341314471, -5.786458333333334814 ) ) ;
#5798 = CARTESIAN_POINT ( 'NONE',  ( 0.8816504037844380415, -1.527063293868264005, -0.1927083333333346749 ) ) ;
#5799 = CARTESIAN_POINT ( 'NONE',  ( 0.6785254037844391517, 1.175240473580835054, -1.729166666666666963 ) ) ;
#5800 = VERTEX_POINT ( 'NONE', #3101 ) ;
#5801 = CARTESIAN_POINT ( 'NONE',  ( 0.6785254037844391517, 1.175240473580835054, -8.291666666666667851 ) ) ;
#5802 = CYLINDRICAL_SURFACE ( 'NONE', #2445, 1.499999999999999778 ) ;
#5803 = EDGE_CURVE ( 'NONE', #1497, #5664, #6802, .T. ) ;
#5804 = CARTESIAN_POINT ( 'NONE',  ( 0.000000000000000000, 1.499999999999999778, -10.49999999999999822 ) ) ;
#5805 = CARTESIAN_POINT ( 'NONE',  ( -1.439254484199189379E-16, -1.175240473580835276, 5.500000000000000000 ) ) ;
#5806 = CARTESIAN_POINT ( 'NONE',  ( -1.322475605676657784, 0.7635316469341318912, -7.901041666666666963 ) ) ;
#5807 = ORIENTED_EDGE ( 'NONE', *, *, #6658, .T. ) ;
#5808 = CARTESIAN_POINT ( 'NONE',  ( 0.6785254037844392627, 1.175240473580835054, 4.708333333333331261 ) ) ;
#5809 =( BOUNDED_CURVE ( )  B_SPLINE_CURVE ( 2, ( #1373, #4944, #3120, #2070, #281, #3791, #7041 ),
 .UNSPECIFIED., .F., .F. ) 
 B_SPLINE_CURVE_WITH_KNOTS ( ( 3, 2, 2, 3 ),
 ( 0.08108108108108115497, 0.08558558558558564122, 0.09009009009009000257, 0.09459459459459448882 ),
 .UNSPECIFIED. ) 
 CURVE ( )  GEOMETRIC_REPRESENTATION_ITEM ( )  RATIONAL_B_SPLINE_CURVE ( ( 0.9999999999999962252, 0.8660254037844423713, 1.000000000000000000, 0.8660254037844387076, 1.000000000000000000, 0.8660254037844428154, 0.9999999999999958922 ) ) 
 REPRESENTATION_ITEM ( '' )  );
#5810 = DIRECTION ( 'NONE',  ( 0.000000000000000000, 1.000000000000000000, 0.000000000000000000 ) ) ;
#5811 = CARTESIAN_POINT ( 'NONE',  ( -1.299038105676657562, 0.7500000000000000000, -0.9166666666666681840 ) ) ;
#5812 = CARTESIAN_POINT ( 'NONE',  ( 0.000000000000000000, 1.175240473580835276, 0.8124999999999990008 ) ) ;
#5813 = EDGE_CURVE ( 'NONE', #3635, #1644, #2818, .T. ) ;
#5814 = CARTESIAN_POINT ( 'NONE',  ( -1.017788105676657784, 0.5876202367904177493, -2.604166666666667851 ) ) ;
#5815 = ORIENTED_EDGE ( 'NONE', *, *, #1082, .T. ) ;
#5816 = CARTESIAN_POINT ( 'NONE',  ( -1.439254484199189379E-16, -1.175240473580835276, -3.500000000000001332 ) ) ;
#5817 = CARTESIAN_POINT ( 'NONE',  ( 0.8816504037844380415, -1.527063293868264005, 1.338541666666665186 ) ) ;
#5818 = VERTEX_POINT ( 'NONE', #1389 ) ;
#5819 = CARTESIAN_POINT ( 'NONE',  ( -0.6785254037844388186, -1.175240473580835054, -9.479166666666669627 ) ) ;
#5820 = CARTESIAN_POINT ( 'NONE',  ( -1.299038105676657784, -0.7499999999999995559, -2.770833333333335258 ) ) ;
#5821 = CARTESIAN_POINT ( 'NONE',  ( 0.8660254037844442587, -1.499999999999989786, -5.708333333333334814 ) ) ;
#5822 = CARTESIAN_POINT ( 'NONE',  ( -0.6785254037844388186, -1.175240473580835276, -5.479166666666667851 ) ) ;
#5823 = DIRECTION ( 'NONE',  ( -0.000000000000000000, -0.000000000000000000, 1.000000000000000000 ) ) ;
#5824 = CARTESIAN_POINT ( 'NONE',  ( -1.836970198721029441E-16, -1.499999999999999556, -0.2500000000000002776 ) ) ;
#5825 = CARTESIAN_POINT ( 'NONE',  ( 0.000000000000000000, 1.296351071171740261E-55, -10.49999999999999822 ) ) ;
#5826 = CARTESIAN_POINT ( 'NONE',  ( 1.017788105676657562, -0.5876202367904181934, -8.854166666666667851 ) ) ;
#5827 = CARTESIAN_POINT ( 'NONE',  ( 1.017788105676657562, -0.5876202367904181934, 6.145833333333331261 ) ) ;
#5828 = ORIENTED_EDGE ( 'NONE', *, *, #4494, .T. ) ;
#5829 = CARTESIAN_POINT ( 'NONE',  ( 0.6785254037844380415, -1.175240473580835721, -4.958333333333334814 ) ) ;
#5830 = CARTESIAN_POINT ( 'NONE',  ( -1.836970198721029441E-16, -1.499999999999999778, -7.187500000000000888 ) ) ;
#5831 = ADVANCED_FACE ( 'NONE', ( #757 ), #4890, .F. ) ;
#5832 = CARTESIAN_POINT ( 'NONE',  ( 0.000000000000000000, 1.175240473580835276, -1.750000000000001554 ) ) ;
#5833 = CARTESIAN_POINT ( 'NONE',  ( 0.6785254037844380415, -1.175240473580835721, 2.604166666666666075 ) ) ;
#5834 = AXIS2_PLACEMENT_3D ( 'NONE', #3776, #6030, #5475 ) ;
#5835 = CARTESIAN_POINT ( 'NONE',  ( -1.322475605676657784, -0.7635316469341314471, -3.786458333333334370 ) ) ;
#5836 = CARTESIAN_POINT ( 'NONE',  ( 1.763300807568876971, -3.239131034884752106E-16, 1.890624999999998224 ) ) ;
#5837 = CARTESIAN_POINT ( 'NONE',  ( -0.6785254037844382635, 1.175240473580835276, -3.145833333333335258 ) ) ;
#5838 = VERTEX_POINT ( 'NONE', #5917 ) ;
#5839 = CARTESIAN_POINT ( 'NONE',  ( -1.017788105676658006, -0.5876202367904174162, -9.083333333333333925 ) ) ;
#5840 = VECTOR ( 'NONE', #2925, 1000.000000000000000 ) ;
#5841 =( BOUNDED_CURVE ( )  B_SPLINE_CURVE ( 2, ( #1552, #3828, #994, #7040, #3270, #2524, #1960 ),
 .UNSPECIFIED., .F., .T. ) 
 B_SPLINE_CURVE_WITH_KNOTS ( ( 3, 2, 2, 3 ),
 ( 0.04054054054054057749, 0.04504504504504504986, 0.04954954954954963325, 0.05405405405405410563 ),
 .UNSPECIFIED. ) 
 CURVE ( )  GEOMETRIC_REPRESENTATION_ITEM ( )  RATIONAL_B_SPLINE_CURVE ( ( 0.9999999999999997780, 0.8660254037844389297, 1.000000000000000000, 0.8660254037844387076, 1.000000000000000000, 0.8660254037844372643, 1.000000000000001554 ) ) 
 REPRESENTATION_ITEM ( '' )  );
#5842 = FACE_OUTER_BOUND ( 'NONE', #4188, .T. ) ;
#5843 = CARTESIAN_POINT ( 'NONE',  ( -0.6785254037844383745, 1.175240473580835499, 6.791666666666666075 ) ) ;
#5844 = CARTESIAN_POINT ( 'NONE',  ( -0.8816504037844382635, 1.527063293868263338, -7.442708333333334814 ) ) ;
#5845 = VERTEX_POINT ( 'NONE', #226 ) ;
#5846 = CARTESIAN_POINT ( 'NONE',  ( 1.017788105676658228, 0.5876202367904167501, 7.166666666666666963 ) ) ;
#5847 = CYLINDRICAL_SURFACE ( 'NONE', #5254, 1.499999999999999778 ) ;
#5848 = CARTESIAN_POINT ( 'NONE',  ( -1.249999999999999778, 0.7216878364870319418, 3.681186920870133772 ) ) ;
#5849 = CARTESIAN_POINT ( 'NONE',  ( 1.357050807568876971, -2.492861891654333810E-16, 0.6874999999999988898 ) ) ;
#5850 = CARTESIAN_POINT ( 'NONE',  ( 1.017788105676657562, -0.5876202367904181934, -1.354166666666668517 ) ) ;
#5851 = DIRECTION ( 'NONE',  ( -0.000000000000000000, 6.173100338913050050E-57, -1.000000000000000000 ) ) ;
#5852 = CARTESIAN_POINT ( 'NONE',  ( -1.017788105676657784, 0.5876202367904177493, -2.666666666666667851 ) ) ;
#5853 = CARTESIAN_POINT ( 'NONE',  ( -1.322475605676657784, 0.7635316469341318912, 4.130208333333331261 ) ) ;
#5854 = ORIENTED_EDGE ( 'NONE', *, *, #258, .T. ) ;
#5855 = CARTESIAN_POINT ( 'NONE',  ( -0.8234078741650779909, -0.8385640366158410020, -10.50000000000000000 ) ) ;
#5856 = ADVANCED_FACE ( 'NONE', ( #5329 ), #6600, .F. ) ;
#5857 = CARTESIAN_POINT ( 'NONE',  ( 1.250000000000000000, -2.739409739067520778E-20, 10.19837115155288032 ) ) ;
#5858 = DIRECTION ( 'NONE',  ( 0.000000000000000000, 1.000000000000000000, 0.000000000000000000 ) ) ;
#5859 = CARTESIAN_POINT ( 'NONE',  ( 1.017788105676658228, 0.5876202367904167501, -4.770833333333334814 ) ) ;
#5860 = CARTESIAN_POINT ( 'NONE',  ( -1.374771283976277791, -0.4318766620713676563, -10.24626546626184975 ) ) ;
#5861 = CARTESIAN_POINT ( 'NONE',  ( -1.836970198721029441E-16, -1.499999999999999556, 2.749999999999999112 ) ) ;
#5862 = APPLICATION_PROTOCOL_DEFINITION ( 'draft international standard', 'automotive_design', 1998, #456 ) ;
#5863 = CARTESIAN_POINT ( 'NONE',  ( -1.017788105676657784, 0.5876202367904177493, -10.60416666666666785 ) ) ;
#5864 = EDGE_CURVE ( 'NONE', #4208, #2643, #5295, .T. ) ;
#5865 = CARTESIAN_POINT ( 'NONE',  ( 1.357050807568876749, -2.492861891654333810E-16, 4.187499999999998224 ) ) ;
#5866 = ORIENTED_EDGE ( 'NONE', *, *, #4156, .F. ) ;
#5867 = CARTESIAN_POINT ( 'NONE',  ( 0.000000000000000000, 1.175240473580835276, -6.250000000000000888 ) ) ;
#5868 = FACE_OUTER_BOUND ( 'NONE', #1606, .T. ) ;
#5869 = CARTESIAN_POINT ( 'NONE',  ( 0.6785254037844391517, 1.175240473580835054, 0.7083333333333317050 ) ) ;
#5870 = CARTESIAN_POINT ( 'NONE',  ( 0.000000000000000000, 1.175240473580835276, 7.312499999999998224 ) ) ;
#5871 = CARTESIAN_POINT ( 'NONE',  ( 0.000000000000000000, 1.527063293868263338, -4.953125000000000888 ) ) ;
#5872 = CARTESIAN_POINT ( 'NONE',  ( -1.322475605676657784, 0.7635316469341318912, 1.598958333333332371 ) ) ;
#5873 = CARTESIAN_POINT ( 'NONE',  ( 0.6785254037844391517, 1.175240473580835054, -2.729166666666667851 ) ) ;
#5874 = VERTEX_POINT ( 'NONE', #822 ) ;
#5875 = CARTESIAN_POINT ( 'NONE',  ( 1.017788105676657562, -0.5876202367904181934, -8.416666666666667851 ) ) ;
#5876 = CARTESIAN_POINT ( 'NONE',  ( 1.836970198721029688E-16, -1.499999999999999778, -10.49999999999999822 ) ) ;
#5877 = CARTESIAN_POINT ( 'NONE',  ( 0.6785254037844392627, 1.175240473580835054, 6.208333333333331261 ) ) ;
#5878 = CARTESIAN_POINT ( 'NONE',  ( -1.322475605676657784, -0.7635316469341314471, -8.317708333333333925 ) ) ;
#5879 = ORIENTED_EDGE ( 'NONE', *, *, #634, .T. ) ;
#5880 = CARTESIAN_POINT ( 'NONE',  ( -1.439254484199189379E-16, -1.175240473580835276, 5.500000000000000000 ) ) ;
#5881 = DIRECTION ( 'NONE',  ( -0.000000000000000000, -0.000000000000000000, 1.000000000000000000 ) ) ;
#5882 = CARTESIAN_POINT ( 'NONE',  ( 1.017788105676658228, 0.5876202367904167501, 4.729166666666664298 ) ) ;
#5883 = EDGE_CURVE ( 'NONE', #5337, #738, #971, .T. ) ;
#5884 = CARTESIAN_POINT ( 'NONE',  ( -0.6785254037844383745, 1.175240473580835499, -2.145833333333334370 ) ) ;
#5885 = CARTESIAN_POINT ( 'NONE',  ( 0.000000000000000000, 1.296351071171740261E-55, -10.49999999999999822 ) ) ;
#5886 = DIRECTION ( 'NONE',  ( -0.000000000000000000, 6.173100338913050050E-57, -1.000000000000000000 ) ) ;
#5887 = CARTESIAN_POINT ( 'NONE',  ( 1.017788105676658228, 0.5876202367904167501, -2.833333333333335258 ) ) ;
#5888 = CARTESIAN_POINT ( 'NONE',  ( 0.000000000000000000, 1.527063293868263338, 2.546874999999998668 ) ) ;
#5889 = EDGE_LOOP ( 'NONE', ( #7273, #6772, #2708, #291 ) ) ;
#5890 = CARTESIAN_POINT ( 'NONE',  ( -1.017788105676657784, 0.5876202367904177493, -8.604166666666667851 ) ) ;
#5891 = CARTESIAN_POINT ( 'NONE',  ( -0.6028445811701422796, -1.082104632669929067, -10.44714568894092288 ) ) ;
#5892 = CARTESIAN_POINT ( 'NONE',  ( 1.299038105676658450, 0.7499999999999986677, -2.083333333333334814 ) ) ;
#5893 = CARTESIAN_POINT ( 'NONE',  ( 0.6785254037844392627, 1.175240473580835054, -2.729166666666667851 ) ) ;
#5894 = EDGE_CURVE ( 'NONE', #2673, #4245, #3628, .T. ) ;
#5895 = CARTESIAN_POINT ( 'NONE',  ( -1.344664652740340083, 0.3938684034882055096, -10.27713517421387834 ) ) ;
#5896 = CARTESIAN_POINT ( 'NONE',  ( 1.732050807568877193, -3.181725716174720005E-16, -8.562500000000000000 ) ) ;
#5897 = CARTESIAN_POINT ( 'NONE',  ( -1.439254484199189379E-16, -1.175240473580835276, -6.937500000000000888 ) ) ;
#5898 = CARTESIAN_POINT ( 'NONE',  ( 0.6785254037844380415, -1.175240473580835499, 4.604166666666666075 ) ) ;
#5899 = FACE_OUTER_BOUND ( 'NONE', #5302, .T. ) ;
#5900 = CARTESIAN_POINT ( 'NONE',  ( 0.000000000000000000, 1.175240473580835276, -4.750000000000000888 ) ) ;
#5901 = CARTESIAN_POINT ( 'NONE',  ( -1.299038105676657784, -0.7499999999999995559, -1.270833333333333925 ) ) ;
#5902 = ADVANCED_FACE ( 'NONE', ( #2543 ), #2578, .T. ) ;
#5903 = CARTESIAN_POINT ( 'NONE',  ( -0.6785254037844388186, -1.175240473580835054, 1.458333333333332371 ) ) ;
#5904 = CARTESIAN_POINT ( 'NONE',  ( -0.6785254037844388186, -1.175240473580835276, 6.020833333333332149 ) ) ;
#5905 = CARTESIAN_POINT ( 'NONE',  ( 1.250000000000000000, -0.7216878364870323859, 8.500000000000000000 ) ) ;
#5906 = CARTESIAN_POINT ( 'NONE',  ( 0.8816504037844392627, 1.527063293868263116, -4.494791666666667851 ) ) ;
#5907 = CARTESIAN_POINT ( 'NONE',  ( 1.322475605676658450, 0.7635316469341306700, 0.4322916666666659080 ) ) ;
#5908 = CARTESIAN_POINT ( 'NONE',  ( 0.6785254037844391517, 1.175240473580835054, -3.729166666666667851 ) ) ;
#5909 = ORIENTED_EDGE ( 'NONE', *, *, #1943, .F. ) ;
#5910 = CARTESIAN_POINT ( 'NONE',  ( 1.017788105676657562, -0.5876202367904181934, -4.916666666666667851 ) ) ;
#5911 = CARTESIAN_POINT ( 'NONE',  ( 1.299038105676658672, 0.7499999999999987788, -1.020833333333335480 ) ) ;
#5912 = CARTESIAN_POINT ( 'NONE',  ( -1.017788105676658006, -0.5876202367904174162, 6.416666666666666075 ) ) ;
#5913 = CARTESIAN_POINT ( 'NONE',  ( 0.000000000000000000, 1.527063293868263338, -6.484375000000000888 ) ) ;
#5914 = ORIENTED_EDGE ( 'NONE', *, *, #2714, .T. ) ;
#5915 = CARTESIAN_POINT ( 'NONE',  ( 1.017788105676657562, -0.5876202367904181934, -0.4166666666666676289 ) ) ;
#5916 = CARTESIAN_POINT ( 'NONE',  ( 0.000000000000000000, 1.175240473580835276, 6.249999999999996447 ) ) ;
#5917 = CARTESIAN_POINT ( 'NONE',  ( 6.789378324698039230E-16, -1.443375672974064772, 10.39174682452694576 ) ) ;
#5918 = CARTESIAN_POINT ( 'NONE',  ( -0.6785254037844383745, 1.175240473580835499, 3.354166666666665186 ) ) ;
#5919 = EDGE_CURVE ( 'NONE', #5664, #3764, #2473, .T. ) ;
#5920 = CARTESIAN_POINT ( 'NONE',  ( 0.000000000000000000, 1.175240473580835276, -0.6875000000000006661 ) ) ;
#5921 = CARTESIAN_POINT ( 'NONE',  ( -1.836970198721029441E-16, -1.499999999999999556, 5.249999999999999112 ) ) ;
#5922 = DIRECTION ( 'NONE',  ( 0.000000000000000000, 1.000000000000000000, 0.000000000000000000 ) ) ;
#5923 = CARTESIAN_POINT ( 'NONE',  ( -1.439254484199189379E-16, -1.175240473580835276, -1.000000000000000888 ) ) ;
#5924 = CARTESIAN_POINT ( 'NONE',  ( 0.8816504037844392627, 1.527063293868263116, 3.505208333333332593 ) ) ;
#5925 = ORIENTED_EDGE ( 'NONE', *, *, #5096, .F. ) ;
#5926 = CARTESIAN_POINT ( 'NONE',  ( 0.6785254037844380415, -1.175240473580835499, -8.895833333333333925 ) ) ;
#5927 = CARTESIAN_POINT ( 'NONE',  ( -1.836970198721029441E-16, -1.499999999999999556, 4.749999999999999112 ) ) ;
#5928 = CARTESIAN_POINT ( 'NONE',  ( 0.000000000000000000, 2.600000000000000089, 7.500000000000000000 ) ) ;
#5929 = CARTESIAN_POINT ( 'NONE',  ( 0.6785254037844380415, -1.175240473580835721, -4.395833333333333925 ) ) ;
#5930 = CARTESIAN_POINT ( 'NONE',  ( -1.414576763332276998, 0.03070829040918527167, -10.26340008679117943 ) ) ;
#5931 = DIRECTION ( 'NONE',  ( -0.000000000000000000, 6.173100338913050050E-57, -1.000000000000000000 ) ) ;
#5932 = CARTESIAN_POINT ( 'NONE',  ( -1.017788105676658006, -0.5876202367904174162, -8.020833333333333925 ) ) ;
#5933 = DIRECTION ( 'NONE',  ( -0.000000000000000000, 6.173100338913050050E-57, -1.000000000000000000 ) ) ;
#5934 = CARTESIAN_POINT ( 'NONE',  ( -1.836970198721029441E-16, -1.499999999999999556, -8.250000000000000000 ) ) ;
#5935 = CARTESIAN_POINT ( 'NONE',  ( -1.017788105676657784, 0.5876202367904177493, -4.666666666666667851 ) ) ;
#5936 = CARTESIAN_POINT ( 'NONE',  ( 0.6785254037844391517, 1.175240473580835054, 1.708333333333332593 ) ) ;
#5937 = CARTESIAN_POINT ( 'NONE',  ( 0.6785254037844392627, 1.175240473580835054, 6.770833333333332149 ) ) ;
#5938 = CARTESIAN_POINT ( 'NONE',  ( 1.836970198721029688E-16, -1.499999999999999778, -10.49999999999999822 ) ) ;
#5939 = CARTESIAN_POINT ( 'NONE',  ( -0.8816504037844382635, 1.527063293868263338, -2.911458333333335702 ) ) ;
#5940 = CARTESIAN_POINT ( 'NONE',  ( 0.8816504037844380415, -1.527063293868264005, 2.807291666666666519 ) ) ;
#5941 = ORIENTED_EDGE ( 'NONE', *, *, #3949, .T. ) ;
#5942 = CARTESIAN_POINT ( 'NONE',  ( -1.017788105676658006, -0.5876202367904174162, 0.4791666666666659635 ) ) ;
#5943 = ORIENTED_EDGE ( 'NONE', *, *, #7340, .F. ) ;
#5944 = EDGE_CURVE ( 'NONE', #3764, #646, #5280, .T. ) ;
#5945 = CARTESIAN_POINT ( 'NONE',  ( 0.6785254037844391517, 1.175240473580835054, -5.791666666666667851 ) ) ;
#5946 = VECTOR ( 'NONE', #884, 1000.000000000000000 ) ;
#5947 = CARTESIAN_POINT ( 'NONE',  ( -1.249999999999999778, 0.7216878364870319418, 3.681186920870133772 ) ) ;
#5948 = CARTESIAN_POINT ( 'NONE',  ( -1.017788105676658006, -0.5876202367904174162, 5.416666666666665186 ) ) ;
#5949 = CARTESIAN_POINT ( 'NONE',  ( -1.322475605676657784, 0.7635316469341318912, -4.401041666666667851 ) ) ;
#5950 = EDGE_LOOP ( 'NONE', ( #4606, #4960, #5717, #3011, #6135, #6162, #5500, #7140, #107, #6740, #7088, #3916, #4145, #542, #3138, #5427, #6585, #3074, #3212, #6417, #5612, #6646, #7348, #2379, #4985, #6056, #2301, #1004, #2577, #2357, #815, #3359, #6807, #5026, #3989, #5686, #3064, #1598, #6968, #4599, #197, #5909, #6684, #7332, #6883, #1453, #3318, #2729, #297, #1213, #4397, #5460, #6756, #6721, #6641, #1347, #4288, #6472, #5925, #421, #4817, #518, #4403, #5549, #6164, #2264, #5576, #5393, #362, #7083, #2077, #4359, #208, #6215, #5769, #1085, #6186, #4967 ) ) ;
#5951 = CARTESIAN_POINT ( 'NONE',  ( 1.836970198721029688E-16, -1.499999999999999778, -10.49999999999999822 ) ) ;
#5952 = CARTESIAN_POINT ( 'NONE',  ( -0.8660254037844389297, -1.499999999999999334, -0.2916666666666676844 ) ) ;
#5953 = CARTESIAN_POINT ( 'NONE',  ( 0.000000000000000000, 1.175240473580835276, 3.312499999999999556 ) ) ;
#5954 = CARTESIAN_POINT ( 'NONE',  ( 0.6785254037844392627, 1.175240473580835054, 0.2708333333333329818 ) ) ;
#5955 = CARTESIAN_POINT ( 'NONE',  ( 1.299038105676657118, -0.7500000000000004441, 0.8333333333333317050 ) ) ;
#5956 = AXIS2_PLACEMENT_3D ( 'NONE', #5219, #4671, #5810 ) ;
#5957 = CARTESIAN_POINT ( 'NONE',  ( -1.299038105676657562, 0.7500000000000000000, -7.416666666666666963 ) ) ;
#5958 = CARTESIAN_POINT ( 'NONE',  ( -0.6785254037844383745, 1.175240473580835499, -2.708333333333335258 ) ) ;
#5959 = CARTESIAN_POINT ( 'NONE',  ( 0.000000000000000000, 1.499999999999999778, -10.49999999999999822 ) ) ;
#5960 = CARTESIAN_POINT ( 'NONE',  ( -0.8816504037844389297, -1.527063293868263116, 4.255208333333331261 ) ) ;
#5961 = ORIENTED_EDGE ( 'NONE', *, *, #1082, .F. ) ;
#5962 = CARTESIAN_POINT ( 'NONE',  ( -0.6785254037844388186, -1.175240473580835054, -7.979166666666666963 ) ) ;
#5963 = CARTESIAN_POINT ( 'NONE',  ( 0.8660254037844256070, -1.500000000000021760, -8.145833333333335702 ) ) ;
#5964 = CARTESIAN_POINT ( 'NONE',  ( 1.299038105676658450, 0.7499999999999986677, 3.916666666666665630 ) ) ;
#5965 = VECTOR ( 'NONE', #3889, 1000.000000000000000 ) ;
#5966 = CARTESIAN_POINT ( 'NONE',  ( -1.357050807568876971, 8.309539638847778957E-17, -2.562500000000000888 ) ) ;
#5967 = CARTESIAN_POINT ( 'NONE',  ( 0.000000000000000000, 1.175240473580835276, -10.75000000000000000 ) ) ;
#5968 = CARTESIAN_POINT ( 'NONE',  ( 1.299038105676657340, -0.7500000000000005551, 1.895833333333332593 ) ) ;
#5969 = CARTESIAN_POINT ( 'NONE',  ( -1.017788105676657784, 0.5876202367904177493, -6.104166666666667851 ) ) ;
#5970 = CARTESIAN_POINT ( 'NONE',  ( -1.836970198721029441E-16, -1.499999999999999556, 7.249999999999997335 ) ) ;
#5971 = CARTESIAN_POINT ( 'NONE',  ( 0.6785254037844380415, -1.175240473580835721, 1.541666666666665186 ) ) ;
#5972 = CARTESIAN_POINT ( 'NONE',  ( 1.299038105676657340, -0.7500000000000005551, 6.895833333333332149 ) ) ;
#5973 = CARTESIAN_POINT ( 'NONE',  ( 0.000000000000000000, 1.499999999999999778, -3.437500000000001332 ) ) ;
#5974 = CARTESIAN_POINT ( 'NONE',  ( -1.357050807568876749, 8.309539638847778957E-17, 1.874999999999998224 ) ) ;
#5975 = CARTESIAN_POINT ( 'NONE',  ( 0.6785254037844380415, -1.175240473580835721, 7.104166666666666075 ) ) ;
#5976 = DIRECTION ( 'NONE',  ( -0.000000000000000000, 6.173100338913050050E-57, -1.000000000000000000 ) ) ;
#5977 = LINE ( 'NONE', #5938, #858 ) ;
#5978 = CARTESIAN_POINT ( 'NONE',  ( -1.322475605676657784, 0.7635316469341318912, 3.598958333333332593 ) ) ;
#5979 = ORIENTED_EDGE ( 'NONE', *, *, #1272, .T. ) ;
#5980 = CARTESIAN_POINT ( 'NONE',  ( -0.6785254037844382635, 1.175240473580835276, -0.1458333333333346193 ) ) ;
#5981 = ORIENTED_EDGE ( 'NONE', *, *, #224, .F. ) ;
#5982 = CARTESIAN_POINT ( 'NONE',  ( 1.017788105676658228, 0.5876202367904167501, -5.333333333333333925 ) ) ;
#5983 = CARTESIAN_POINT ( 'NONE',  ( 0.8660254037844378194, -1.500000000000000000, -0.1458333333333346193 ) ) ;
#5984 = EDGE_CURVE ( 'NONE', #2774, #4862, #6032, .T. ) ;
#5985 = CARTESIAN_POINT ( 'NONE',  ( 1.017788105676658228, 0.5876202367904167501, 7.166666666666666963 ) ) ;
#5986 = CARTESIAN_POINT ( 'NONE',  ( 1.322475605676657340, -0.7635316469341323353, -4.651041666666667851 ) ) ;
#5987 = ORIENTED_EDGE ( 'NONE', *, *, #1596, .T. ) ;
#5988 = CARTESIAN_POINT ( 'NONE',  ( 1.017788105676658228, 0.5876202367904167501, -0.3333333333333348136 ) ) ;
#5989 =( BOUNDED_SURFACE ( )  B_SPLINE_SURFACE ( 1, 2, ( 
 ( #3994, #6806, #3, #4485, #71, #7281, #5730, #1132, #534, #1760, #638, #2276, #2804, #3440, #6771, #4069, #6250, #4561, #7323, #1167, #6178, #2877, #2313, #4598, #2765, #3961, #3334, #5663, #2912, #4633, #4026, #6285, #5586, #2347, #1204, #1651, #6871, #6730, #3376, #1796, #494, #5041, #1694, #3409, #2205, #2241, #5626, #6214, #569, #2841, #4705, #1836, #5878, #2951, #785, #5290, #1939, #6464, #1351, #1315, #5216, #4179, #5806, #1244, #5361, #3552, #4143, #6948, #1907, #6398, #2501, #712, #3025, #5844, #1386, #1279, #221, #678, #3063, #6362, #3587, #260, #4745, #2540, #106, #5326, #1979, #6983, #4816, #6325, #3515, #2384, #7054, #6913, #146, #5253, #5913, #184, #4668, #3657, #4780, #4107, #819, #5768, #2988, #2429, #754, #2469, #6430, #3623, #7017, #4212, #3211, #1460, #1534, #4287, #5432, #7087, #894, #446, #334, #2610, #5467, #4852, #5540, #6024, #3287, #2013, #7195, #6534, #370, #2051, #3173, #1011, #3733, #7126, #4886, #7162, #4329, #410, #5986, #932, #3769, #6645, #6573, #5504, #5949, #6061, #1496, #2647, #2716, #4923, #4992, #3137, #973, #7232, #2085, #4251, #6498, #1420, #5400, #3693, #4367, #6609, #3805, #3845, #3250, #296, #1567, #2681, #4958, #6098, #857, #2576, #2120, #4402, #525, #1124, #3365, #3435, #5108, #3401, #6720, #6799, #2195, #5619, #5033, #6168, #5724, #2795, #5073, #5655, #2754, #3469, #3951, #1195, #7272, #5141, #4475, #562, #7313, #1084, #3324, #4592, #2233, #1643, #597, #6833, #2833, #3915, #4553, #4516, #5173, #7354, #2269, #6761, #1722, #1684, #3988, #6244, #1162, #3882, #6206, #4439, #5690, #1755, #631, #2870, #33, #6682, #4018, #2306, #6279, #2904, #5575, #482, #2155, #1605, #6134, #3544, #2421, #6457, #6351, #813, #6424, #4773, #3092, #5798, #2943, #6974, #4059, #1900, #6390, #3057, #215, #2460, #4698, #6316, #5282, #6904, #2339, #4626, #5907, #4100, #780, #1271, #7010, #669, #3579, #6864, #5319, #137, #5208, #3018, #4172, #1788, #3616, #1933, #1237, #4135, #3507, #63, #4206, #6941, #705, #2981, #5759, #1307, #5246, #99, #5872, #1380, #1866, #3651, #1829, #2377, #4659, #5836, #747, #177, #4736, #1345, #2494, #5353, #7047, #2005, #5392, #7187, #3242, #4843, #252, #3128, #2568, #4321, #1971, #288, #6566, #847, #924, #5940, #3724, #4242, #6525, #402, #2672, #6016, #4279, #7118, #1003, #963, #2113, #7080, #4394, #6091, #6638, #1450, #1558, #325, #5978, #3837, #1527, #3164, #2533, #3761, #4809, #1486, #3202, #6490, #4915, #5497, #886, #5459, #4951, #5424, #2603, #2043, #4878, #1412, #3683, #361, #2640, #4358, #7155, #2076, #6602, #3798, #6053, #2262, #26, #556, #3277, #3429, #1076, #5567, #6236, #5025, #6272, #3942, #1675, #7305, #6675, #2299, #3982, #2827, #5532, #6713, #2226, #437, #5611, #3874, #6753, #2707, #1155, #3355, #6126, #6198, #5102, #4984, #6792, #2862, #2147, #4508, #7225, #4012, #4584, #2788, #3907, #1634, #4431, #1117, #4467, #1597, #1716, #590, #517, #6826, #7265, #1039, #3317, #5064, #3395, #5648, #475, #6161, #5684, #2744, #2186, #7346, #4544, #5133, #1748, #660, #3462, #6305, #5751, #127, #2898, #1228, #2411, #4050, #4127, #1781, #6894, #5167, #2368 ),
 ( #1924, #168, #5863, #4198, #1821, #3497, #736, #56, #3009, #4689, #4163, #1334, #3570, #3535, #2333, #6382, #2933, #5715, #5310, #5200, #4090, #6342, #1298, #1262, #4726, #90, #5238, #698, #3609, #4651, #2450, #4618, #5273, #5787, #2971, #2486, #6931, #4764, #6857, #6966, #1188, #1856, #7000, #624, #5826, #1891, #6415, #772, #3045, #206, #6043, #5417, #2522, #1516, #352, #7039, #951, #5487, #242, #3232, #3789, #1959, #5451, #3118, #5932, #3192, #4904, #4231, #2630, #392, #3753, #6450, #6594, #4270, #1404, #2068, #837, #2105, #7107, #4870, #3155, #4800, #2666, #7147, #6007, #1370, #2559, #316, #3643, #1438, #5897, #4941, #5384, #4350, #279, #7179, #6482, #2593, #804, #3082, #6515, #3674, #2031, #915, #5345, #4834, #7073, #1996, #4310, #3711, #5969, #877, #6556, #1476, #1140, #4493, #4000, #3967, #2773, #1211, #79, #10, #4077, #4532, #3382, #5634, #4569, #6812, #5120, #7331, #6222, #3486, #5049, #6739, #6776, #2811, #4639, #645, #2247, #7290, #541, #1703, #1736, #3931, #5087, #6256, #3415, #5704, #5669, #575, #6184, #2848, #5188, #2356, #3447, #2286, #1173, #5775, #5737, #6878, #608, #1803, #3522, #6331, #2885, #1251, #5154, #45, #2215, #6291, #2319, #1104, #4605, #6845, #1767, #4033, #2919, #228, #824, #4150, #6989, #3103, #2993, #3558, #4751, #6954, #2393, #4256, #6404, #3699, #1358, #4185, #2437, #790, #5814, #6437, #3630, #7025, #4675, #3596, #2958, #5297, #265, #6503, #3069, #5884, #5223, #5369, #2507, #1286, #2547, #4113, #6368, #1425, #1391, #7059, #1322, #3031, #1982, #1879, #685, #1945, #4821, #111, #5850, #720, #4786, #6919, #4217, #1911, #3663, #1842, #5331, #193, #5260, #6470, #153, #4711, #759, #2475, #5920, #6578, #1538, #4336, #2125, #3178, #2652, #5473, #1015, #900, #7199, #302, #414, #5993, #3217, #7238, #4372, #2163, #4857, #2685, #1609, #6614, #4443, #5954, #863, #7091, #6688, #6539, #7133, #4892, #5544, #4928, #2017, #3292, #4406, #1463, #451, #4999, #4293, #2720, #2055, #1500, #7166, #3774, #6649, #3811, #2091, #5436, #3254, #338, #6029, #3739, #2615, #3142, #937, #376, #6066, #979, #5404, #5508, #2580, #4963, #1573, #3850, #6102, #1690, #2800, #2760, #6388, #4056, #3370, #2418, #1305, #5206, #5622, #6349, #3577, #5795, #4480, #5833, #7277, #2201, #4734, #4696, #3015, #7319, #6313, #5279, #5078, #6972, #2979, #744, #3886, #2237, #6726, #3541, #489, #703, #2940, #6938, #4133, #1269, #1235, #5037, #1827, #530, #6139, #175, #1090, #6767, #4519, #6902, #3505, #134, #5757, #667, #97, #2458, #6174, #5243, #5581, #1864, #3919, #2375, #1052, #4656, #3330, #1648, #4098, #4912, #2564, #3198, #1898, #4170, #778, #5456, #2492, #3088, #810, #1483, #844, #5317, #4318, #3161, #4770, #3758, #921, #3055, #6012, #5350, #249, #3125, #2530, #5422, #4840, #5389, #6454, #6522, #1931, #4806, #7007, #5904, #357, #7044, #1966, #285, #4203, #2637, #3680, #6421, #1376, #4875, #3648, #7077, #4238, #6487, #213, #6563, #1409, #5937, #322, #1343, #2002, #4276, #1444, #3719, #3614, #5975, #883, #2600, #7115, #2039, #5870, #2740, #6158, #1522, #2704, #2073, #4427, #6749, #3391, #7262, #5022, #4355, #3871 ) ),
 .UNSPECIFIED., .F., .F., .F. ) 
 B_SPLINE_SURFACE_WITH_KNOTS ( ( 2, 2 ),
 ( 3, 2, 2, 2, 2, 2, 2, 2, 2, 2, 2, 2, 2, 2, 2, 2, 2, 2, 2, 2, 2, 2, 2, 2, 2, 2, 2, 2, 2, 2, 2, 2, 2, 2, 2, 2, 2, 2, 2, 2, 2, 2, 2, 2, 2, 2, 2, 2, 2, 2, 2, 2, 2, 2, 2, 2, 2, 2, 2, 2, 2, 2, 2, 2, 2, 2, 2, 2, 2, 2, 2, 2, 2, 2, 2, 2, 2, 2, 2, 2, 2, 2, 2, 2, 2, 2, 2, 2, 2, 2, 2, 2, 2, 2, 2, 2, 2, 2, 2, 2, 2, 2, 2, 2, 2, 2, 2, 2, 2, 2, 2, 2, 2, 2, 2, 2, 2, 2, 2, 2, 2, 2, 2, 2, 2, 2, 2, 2, 2, 2, 2, 2, 2, 2, 2, 2, 2, 2, 2, 2, 2, 2, 2, 2, 2, 2, 2, 2, 2, 2, 2, 2, 2, 2, 2, 2, 2, 2, 2, 2, 2, 2, 2, 2, 2, 2, 2, 2, 2, 2, 2, 2, 2, 2, 2, 2, 2, 2, 2, 2, 2, 2, 2, 2, 2, 2, 2, 2, 2, 2, 2, 2, 2, 2, 2, 2, 2, 2, 2, 2, 2, 2, 2, 2, 2, 2, 2, 2, 2, 2, 2, 2, 2, 2, 2, 2, 2, 2, 2, 2, 2, 2, 3 ),
 ( 0.000000000000000000, 1.000000000000000000 ),
 ( 0.000000000000000000, 0.004504504504504504465, 0.009009009009009008931, 0.01351351351351351426, 0.01801801801801801786, 0.02252252252252252146, 0.02702702702702702853, 0.03153153153153152866, 0.03603603603603603572, 0.04054054054054054279, 0.04504504504504504292, 0.04954954954954954999, 0.05405405405405405705, 0.05855855855855855718, 0.06306306306306305731, 0.06756756756756757132, 0.07207207207207207145, 0.07657657657657657158, 0.08108108108108108558, 0.08558558558558558571, 0.09009009009009008584, 0.09459459459459459985, 0.09909909909909909997, 0.1036036036036036001, 0.1081081081081081141, 0.1126126126126126142, 0.1171171171171171144, 0.1216216216216216284, 0.1261261261261261146, 0.1306306306306306286, 0.1351351351351351426, 0.1396396396396396289, 0.1441441441441441429, 0.1486486486486486569, 0.1531531531531531432, 0.1576576576576576572, 0.1621621621621621712, 0.1666666666666666574, 0.1711711711711711714, 0.1756756756756756854, 0.1801801801801801717, 0.1846846846846846857, 0.1891891891891891997, 0.1936936936936936859, 0.1981981981981981999, 0.2027027027027027140, 0.2072072072072072002, 0.2117117117117117142, 0.2162162162162162282, 0.2207207207207207145, 0.2252252252252252285, 0.2297297297297297425, 0.2342342342342342287, 0.2387387387387387427, 0.2432432432432432567, 0.2477477477477477430, 0.2522522522522522292, 0.2567567567567567433, 0.2612612612612612573, 0.2657657657657657713, 0.2702702702702702853, 0.2747747747747747993, 0.2792792792792792578, 0.2837837837837837718, 0.2882882882882882858, 0.2927927927927927998, 0.2972972972972973138, 0.3018018018018018278, 0.3063063063063062863, 0.3108108108108108003, 0.3153153153153153143, 0.3198198198198198283, 0.3243243243243243423, 0.3288288288288288563, 0.3333333333333333148, 0.3378378378378378288, 0.3423423423423423428, 0.3468468468468468568, 0.3513513513513513709, 0.3558558558558558294, 0.3603603603603603434, 0.3648648648648648574, 0.3693693693693693714, 0.3738738738738738854, 0.3783783783783783994, 0.3828828828828828579, 0.3873873873873873719, 0.3918918918918918859, 0.3963963963963963999, 0.4009009009009009139, 0.4054054054054054279, 0.4099099099099098864, 0.4144144144144144004, 0.4189189189189189144, 0.4234234234234234284, 0.4279279279279279424, 0.4324324324324324564, 0.4369369369369369149, 0.4414414414414414289, 0.4459459459459459429, 0.4504504504504504570, 0.4549549549549549710, 0.4594594594594594850, 0.4639639639639639435, 0.4684684684684684575, 0.4729729729729729715, 0.4774774774774774855, 0.4819819819819819995, 0.4864864864864865135, 0.4909909909909909720, 0.4954954954954954860, 0.5000000000000000000, 0.5045045045045044585, 0.5090090090090090280, 0.5135135135135134865, 0.5180180180180180560, 0.5225225225225225145, 0.5270270270270269730, 0.5315315315315315425, 0.5360360360360360010, 0.5405405405405405705, 0.5450450450450450290, 0.5495495495495495986, 0.5540540540540540571, 0.5585585585585585155, 0.5630630630630630851, 0.5675675675675675436, 0.5720720720720721131, 0.5765765765765765716, 0.5810810810810810301, 0.5855855855855855996, 0.5900900900900900581, 0.5945945945945946276, 0.5990990990990990861, 0.6036036036036036556, 0.6081081081081081141, 0.6126126126126125726, 0.6171171171171171421, 0.6216216216216216006, 0.6261261261261261701, 0.6306306306306306286, 0.6351351351351350871, 0.6396396396396396566, 0.6441441441441441151, 0.6486486486486486847, 0.6531531531531531432, 0.6576576576576577127, 0.6621621621621621712, 0.6666666666666666297, 0.6711711711711711992, 0.6756756756756756577, 0.6801801801801802272, 0.6846846846846846857, 0.6891891891891891442, 0.6936936936936937137, 0.6981981981981981722, 0.7027027027027027417, 0.7072072072072072002, 0.7117117117117116587, 0.7162162162162162282, 0.7207207207207206867, 0.7252252252252252562, 0.7297297297297297147, 0.7342342342342342842, 0.7387387387387387427, 0.7432432432432432012, 0.7477477477477477708, 0.7522522522522522292, 0.7567567567567567988, 0.7612612612612612573, 0.7657657657657657158, 0.7702702702702702853, 0.7747747747747747438, 0.7792792792792793133, 0.7837837837837837718, 0.7882882882882883413, 0.7927927927927927998, 0.7972972972972972583, 0.8018018018018018278, 0.8063063063063062863, 0.8108108108108108558, 0.8153153153153153143, 0.8198198198198197728, 0.8243243243243243423, 0.8288288288288288008, 0.8333333333333333703, 0.8378378378378378288, 0.8423423423423422873, 0.8468468468468468568, 0.8513513513513513153, 0.8558558558558558849, 0.8603603603603603434, 0.8648648648648649129, 0.8693693693693693714, 0.8738738738738738299, 0.8783783783783783994, 0.8828828828828828579, 0.8873873873873874274, 0.8918918918918918859, 0.8963963963963963444, 0.9009009009009009139, 0.9054054054054053724, 0.9099099099099099419, 0.9144144144144144004, 0.9189189189189189699, 0.9234234234234234284, 0.9279279279279278869, 0.9324324324324324564, 0.9369369369369369149, 0.9414414414414414845, 0.9459459459459459429, 0.9504504504504504014, 0.9549549549549549710, 0.9594594594594594295, 0.9639639639639639990, 0.9684684684684684575, 0.9729729729729730270, 0.9774774774774774855, 0.9819819819819819440, 0.9864864864864865135, 0.9909909909909909720, 0.9954954954954955415, 1.000000000000000000 ),
 .UNSPECIFIED. ) 
 GEOMETRIC_REPRESENTATION_ITEM ( )  RATIONAL_B_SPLINE_SURFACE ( (
 ( 1.000000000000000000, 0.8660254037844387076, 1.000000000000000000, 0.8660254037844387076, 1.000000000000000000, 0.8660254037844387076, 1.000000000000000000, 0.8660254037844387076, 1.000000000000000000, 0.8660254037844387076, 1.000000000000000000, 0.8660254037844387076, 1.000000000000000000, 0.8660254037844387076, 1.000000000000000000, 0.8660254037844387076, 1.000000000000000000, 0.8660254037844387076, 1.000000000000000000, 0.8660254037844387076, 1.000000000000000000, 0.8660254037844387076, 1.000000000000000000, 0.8660254037844387076, 1.000000000000000000, 0.8660254037844387076, 1.000000000000000000, 0.8660254037844387076, 1.000000000000000000, 0.8660254037844387076, 1.000000000000000000, 0.8660254037844387076, 1.000000000000000000, 0.8660254037844387076, 1.000000000000000000, 0.8660254037844387076, 1.000000000000000000, 0.8660254037844387076, 1.000000000000000000, 0.8660254037844387076, 1.000000000000000000, 0.8660254037844387076, 1.000000000000000000, 0.8660254037844387076, 1.000000000000000000, 0.8660254037844387076, 1.000000000000000000, 0.8660254037844387076, 1.000000000000000000, 0.8660254037844387076, 1.000000000000000000, 0.8660254037844387076, 1.000000000000000000, 0.8660254037844387076, 1.000000000000000000, 0.8660254037844387076, 1.000000000000000000, 0.8660254037844387076, 1.000000000000000000, 0.8660254037844387076, 1.000000000000000000, 0.8660254037844387076, 1.000000000000000000, 0.8660254037844387076, 1.000000000000000000, 0.8660254037844387076, 1.000000000000000000, 0.8660254037844387076, 1.000000000000000000, 0.8660254037844387076, 1.000000000000000000, 0.8660254037844387076, 1.000000000000000000, 0.8660254037844387076, 1.000000000000000000, 0.8660254037844387076, 1.000000000000000000, 0.8660254037844387076, 1.000000000000000000, 0.8660254037844387076, 1.000000000000000000, 0.8660254037844387076, 1.000000000000000000, 0.8660254037844387076, 1.000000000000000000, 0.8660254037844387076, 1.000000000000000000, 0.8660254037844387076, 1.000000000000000000, 0.8660254037844387076, 1.000000000000000000, 0.8660254037844387076, 1.000000000000000000, 0.8660254037844387076, 1.000000000000000000, 0.8660254037844387076, 1.000000000000000000, 0.8660254037844387076, 1.000000000000000000, 0.8660254037844387076, 1.000000000000000000, 0.8660254037844387076, 1.000000000000000000, 0.8660254037844387076, 1.000000000000000000, 0.8660254037844387076, 1.000000000000000000, 0.8660254037844387076, 1.000000000000000000, 0.8660254037844387076, 1.000000000000000000, 0.8660254037844387076, 1.000000000000000000, 0.8660254037844387076, 1.000000000000000000, 0.8660254037844387076, 1.000000000000000000, 0.8660254037844387076, 1.000000000000000000, 0.8660254037844387076, 1.000000000000000000, 0.8660254037844387076, 1.000000000000000000, 0.8660254037844387076, 1.000000000000000000, 0.8660254037844387076, 1.000000000000000000, 0.8660254037844387076, 1.000000000000000000, 0.8660254037844387076, 1.000000000000000000, 0.8660254037844387076, 1.000000000000000000, 0.8660254037844387076, 1.000000000000000000, 0.8660254037844387076, 1.000000000000000000, 0.8660254037844387076, 1.000000000000000000, 0.8660254037844387076, 1.000000000000000000, 0.8660254037844387076, 1.000000000000000000, 0.8660254037844387076, 1.000000000000000000, 0.8660254037844387076, 1.000000000000000000, 0.8660254037844387076, 1.000000000000000000, 0.8660254037844387076, 1.000000000000000000, 0.8660254037844387076, 1.000000000000000000, 0.8660254037844387076, 1.000000000000000000, 0.8660254037844387076, 1.000000000000000000, 0.8660254037844387076, 1.000000000000000000, 0.8660254037844387076, 1.000000000000000000, 0.8660254037844387076, 1.000000000000000000, 0.8660254037844387076, 1.000000000000000000, 0.8660254037844387076, 1.000000000000000000, 0.8660254037844387076, 1.000000000000000000, 0.8660254037844387076, 1.000000000000000000, 0.8660254037844387076, 1.000000000000000000, 0.8660254037844387076, 1.000000000000000000, 0.8660254037844387076, 1.000000000000000000, 0.8660254037844387076, 1.000000000000000000, 0.8660254037844387076, 1.000000000000000000, 0.8660254037844387076, 1.000000000000000000, 0.8660254037844387076, 1.000000000000000000, 0.8660254037844387076, 1.000000000000000000, 0.8660254037844387076, 1.000000000000000000, 0.8660254037844387076, 1.000000000000000000, 0.8660254037844387076, 1.000000000000000000, 0.8660254037844387076, 1.000000000000000000, 0.8660254037844387076, 1.000000000000000000, 0.8660254037844387076, 1.000000000000000000, 0.8660254037844387076, 1.000000000000000000, 0.8660254037844387076, 1.000000000000000000, 0.8660254037844387076, 1.000000000000000000, 0.8660254037844387076, 1.000000000000000000, 0.8660254037844387076, 1.000000000000000000, 0.8660254037844387076, 1.000000000000000000, 0.8660254037844387076, 1.000000000000000000, 0.8660254037844387076, 1.000000000000000000, 0.8660254037844387076, 1.000000000000000000, 0.8660254037844387076, 1.000000000000000000, 0.8660254037844387076, 1.000000000000000000, 0.8660254037844387076, 1.000000000000000000, 0.8660254037844387076, 1.000000000000000000, 0.8660254037844387076, 1.000000000000000000, 0.8660254037844387076, 1.000000000000000000, 0.8660254037844387076, 1.000000000000000000, 0.8660254037844387076, 1.000000000000000000, 0.8660254037844387076, 1.000000000000000000, 0.8660254037844387076, 1.000000000000000000, 0.8660254037844387076, 1.000000000000000000, 0.8660254037844387076, 1.000000000000000000, 0.8660254037844387076, 1.000000000000000000, 0.8660254037844387076, 1.000000000000000000, 0.8660254037844387076, 1.000000000000000000, 0.8660254037844387076, 1.000000000000000000, 0.8660254037844387076, 1.000000000000000000, 0.8660254037844387076, 1.000000000000000000, 0.8660254037844387076, 1.000000000000000000, 0.8660254037844387076, 1.000000000000000000, 0.8660254037844387076, 1.000000000000000000, 0.8660254037844387076, 1.000000000000000000, 0.8660254037844387076, 1.000000000000000000, 0.8660254037844387076, 1.000000000000000000, 0.8660254037844387076, 1.000000000000000000, 0.8660254037844387076, 1.000000000000000000, 0.8660254037844387076, 1.000000000000000000, 0.8660254037844387076, 1.000000000000000000, 0.8660254037844387076, 1.000000000000000000, 0.8660254037844387076, 1.000000000000000000, 0.8660254037844387076, 1.000000000000000000, 0.8660254037844387076, 1.000000000000000000, 0.8660254037844387076, 1.000000000000000000, 0.8660254037844387076, 1.000000000000000000, 0.8660254037844387076, 1.000000000000000000, 0.8660254037844387076, 1.000000000000000000, 0.8660254037844387076, 1.000000000000000000, 0.8660254037844387076, 1.000000000000000000, 0.8660254037844387076, 1.000000000000000000, 0.8660254037844387076, 1.000000000000000000, 0.8660254037844387076, 1.000000000000000000, 0.8660254037844387076, 1.000000000000000000, 0.8660254037844387076, 1.000000000000000000, 0.8660254037844387076, 1.000000000000000000, 0.8660254037844387076, 1.000000000000000000, 0.8660254037844387076, 1.000000000000000000, 0.8660254037844387076, 1.000000000000000000, 0.8660254037844387076, 1.000000000000000000, 0.8660254037844387076, 1.000000000000000000, 0.8660254037844387076, 1.000000000000000000, 0.8660254037844387076, 1.000000000000000000, 0.8660254037844387076, 1.000000000000000000, 0.8660254037844387076, 1.000000000000000000, 0.8660254037844387076, 1.000000000000000000, 0.8660254037844387076, 1.000000000000000000, 0.8660254037844387076, 1.000000000000000000, 0.8660254037844387076, 1.000000000000000000, 0.8660254037844387076, 1.000000000000000000, 0.8660254037844387076, 1.000000000000000000, 0.8660254037844387076, 1.000000000000000000, 0.8660254037844387076, 1.000000000000000000, 0.8660254037844387076, 1.000000000000000000, 0.8660254037844387076, 1.000000000000000000, 0.8660254037844387076, 1.000000000000000000, 0.8660254037844387076, 1.000000000000000000, 0.8660254037844387076, 1.000000000000000000, 0.8660254037844387076, 1.000000000000000000, 0.8660254037844387076, 1.000000000000000000, 0.8660254037844387076, 1.000000000000000000, 0.8660254037844387076, 1.000000000000000000, 0.8660254037844387076, 1.000000000000000000, 0.8660254037844387076, 1.000000000000000000, 0.8660254037844387076, 1.000000000000000000, 0.8660254037844387076, 1.000000000000000000, 0.8660254037844387076, 1.000000000000000000, 0.8660254037844387076, 1.000000000000000000, 0.8660254037844387076, 1.000000000000000000, 0.8660254037844387076, 1.000000000000000000, 0.8660254037844387076, 1.000000000000000000, 0.8660254037844387076, 1.000000000000000000, 0.8660254037844387076, 1.000000000000000000, 0.8660254037844387076, 1.000000000000000000, 0.8660254037844387076, 1.000000000000000000, 0.8660254037844387076, 1.000000000000000000, 0.8660254037844387076, 1.000000000000000000, 0.8660254037844387076, 1.000000000000000000, 0.8660254037844387076, 1.000000000000000000, 0.8660254037844387076, 1.000000000000000000, 0.8660254037844387076, 1.000000000000000000, 0.8660254037844387076, 1.000000000000000000, 0.8660254037844387076, 1.000000000000000000, 0.8660254037844387076, 1.000000000000000000, 0.8660254037844387076, 1.000000000000000000, 0.8660254037844387076, 1.000000000000000000, 0.8660254037844387076, 1.000000000000000000, 0.8660254037844387076, 1.000000000000000000, 0.8660254037844387076, 1.000000000000000000, 0.8660254037844387076, 1.000000000000000000, 0.8660254037844387076, 1.000000000000000000, 0.8660254037844387076, 1.000000000000000000, 0.8660254037844387076, 1.000000000000000000, 0.8660254037844387076, 1.000000000000000000, 0.8660254037844387076, 1.000000000000000000, 0.8660254037844387076, 1.000000000000000000, 0.8660254037844387076, 1.000000000000000000, 0.8660254037844387076, 1.000000000000000000, 0.8660254037844387076, 1.000000000000000000, 0.8660254037844387076, 1.000000000000000000, 0.8660254037844387076, 1.000000000000000000, 0.8660254037844387076, 1.000000000000000000, 0.8660254037844387076, 1.000000000000000000, 0.8660254037844387076, 1.000000000000000000, 0.8660254037844387076, 1.000000000000000000, 0.8660254037844387076, 1.000000000000000000),
 ( 1.000000000000000000, 0.8660254037844387076, 1.000000000000000000, 0.8660254037844387076, 1.000000000000000000, 0.8660254037844387076, 1.000000000000000000, 0.8660254037844387076, 1.000000000000000000, 0.8660254037844387076, 1.000000000000000000, 0.8660254037844387076, 1.000000000000000000, 0.8660254037844387076, 1.000000000000000000, 0.8660254037844387076, 1.000000000000000000, 0.8660254037844387076, 1.000000000000000000, 0.8660254037844387076, 1.000000000000000000, 0.8660254037844387076, 1.000000000000000000, 0.8660254037844387076, 1.000000000000000000, 0.8660254037844387076, 1.000000000000000000, 0.8660254037844387076, 1.000000000000000000, 0.8660254037844387076, 1.000000000000000000, 0.8660254037844387076, 1.000000000000000000, 0.8660254037844387076, 1.000000000000000000, 0.8660254037844387076, 1.000000000000000000, 0.8660254037844387076, 1.000000000000000000, 0.8660254037844387076, 1.000000000000000000, 0.8660254037844387076, 1.000000000000000000, 0.8660254037844387076, 1.000000000000000000, 0.8660254037844387076, 1.000000000000000000, 0.8660254037844387076, 1.000000000000000000, 0.8660254037844387076, 1.000000000000000000, 0.8660254037844387076, 1.000000000000000000, 0.8660254037844387076, 1.000000000000000000, 0.8660254037844387076, 1.000000000000000000, 0.8660254037844387076, 1.000000000000000000, 0.8660254037844387076, 1.000000000000000000, 0.8660254037844387076, 1.000000000000000000, 0.8660254037844387076, 1.000000000000000000, 0.8660254037844387076, 1.000000000000000000, 0.8660254037844387076, 1.000000000000000000, 0.8660254037844387076, 1.000000000000000000, 0.8660254037844387076, 1.000000000000000000, 0.8660254037844387076, 1.000000000000000000, 0.8660254037844387076, 1.000000000000000000, 0.8660254037844387076, 1.000000000000000000, 0.8660254037844387076, 1.000000000000000000, 0.8660254037844387076, 1.000000000000000000, 0.8660254037844387076, 1.000000000000000000, 0.8660254037844387076, 1.000000000000000000, 0.8660254037844387076, 1.000000000000000000, 0.8660254037844387076, 1.000000000000000000, 0.8660254037844387076, 1.000000000000000000, 0.8660254037844387076, 1.000000000000000000, 0.8660254037844387076, 1.000000000000000000, 0.8660254037844387076, 1.000000000000000000, 0.8660254037844387076, 1.000000000000000000, 0.8660254037844387076, 1.000000000000000000, 0.8660254037844387076, 1.000000000000000000, 0.8660254037844387076, 1.000000000000000000, 0.8660254037844387076, 1.000000000000000000, 0.8660254037844387076, 1.000000000000000000, 0.8660254037844387076, 1.000000000000000000, 0.8660254037844387076, 1.000000000000000000, 0.8660254037844387076, 1.000000000000000000, 0.8660254037844387076, 1.000000000000000000, 0.8660254037844387076, 1.000000000000000000, 0.8660254037844387076, 1.000000000000000000, 0.8660254037844387076, 1.000000000000000000, 0.8660254037844387076, 1.000000000000000000, 0.8660254037844387076, 1.000000000000000000, 0.8660254037844387076, 1.000000000000000000, 0.8660254037844387076, 1.000000000000000000, 0.8660254037844387076, 1.000000000000000000, 0.8660254037844387076, 1.000000000000000000, 0.8660254037844387076, 1.000000000000000000, 0.8660254037844387076, 1.000000000000000000, 0.8660254037844387076, 1.000000000000000000, 0.8660254037844387076, 1.000000000000000000, 0.8660254037844387076, 1.000000000000000000, 0.8660254037844387076, 1.000000000000000000, 0.8660254037844387076, 1.000000000000000000, 0.8660254037844387076, 1.000000000000000000, 0.8660254037844387076, 1.000000000000000000, 0.8660254037844387076, 1.000000000000000000, 0.8660254037844387076, 1.000000000000000000, 0.8660254037844387076, 1.000000000000000000, 0.8660254037844387076, 1.000000000000000000, 0.8660254037844387076, 1.000000000000000000, 0.8660254037844387076, 1.000000000000000000, 0.8660254037844387076, 1.000000000000000000, 0.8660254037844387076, 1.000000000000000000, 0.8660254037844387076, 1.000000000000000000, 0.8660254037844387076, 1.000000000000000000, 0.8660254037844387076, 1.000000000000000000, 0.8660254037844387076, 1.000000000000000000, 0.8660254037844387076, 1.000000000000000000, 0.8660254037844387076, 1.000000000000000000, 0.8660254037844387076, 1.000000000000000000, 0.8660254037844387076, 1.000000000000000000, 0.8660254037844387076, 1.000000000000000000, 0.8660254037844387076, 1.000000000000000000, 0.8660254037844387076, 1.000000000000000000, 0.8660254037844387076, 1.000000000000000000, 0.8660254037844387076, 1.000000000000000000, 0.8660254037844387076, 1.000000000000000000, 0.8660254037844387076, 1.000000000000000000, 0.8660254037844387076, 1.000000000000000000, 0.8660254037844387076, 1.000000000000000000, 0.8660254037844387076, 1.000000000000000000, 0.8660254037844387076, 1.000000000000000000, 0.8660254037844387076, 1.000000000000000000, 0.8660254037844387076, 1.000000000000000000, 0.8660254037844387076, 1.000000000000000000, 0.8660254037844387076, 1.000000000000000000, 0.8660254037844387076, 1.000000000000000000, 0.8660254037844387076, 1.000000000000000000, 0.8660254037844387076, 1.000000000000000000, 0.8660254037844387076, 1.000000000000000000, 0.8660254037844387076, 1.000000000000000000, 0.8660254037844387076, 1.000000000000000000, 0.8660254037844387076, 1.000000000000000000, 0.8660254037844387076, 1.000000000000000000, 0.8660254037844387076, 1.000000000000000000, 0.8660254037844387076, 1.000000000000000000, 0.8660254037844387076, 1.000000000000000000, 0.8660254037844387076, 1.000000000000000000, 0.8660254037844387076, 1.000000000000000000, 0.8660254037844387076, 1.000000000000000000, 0.8660254037844387076, 1.000000000000000000, 0.8660254037844387076, 1.000000000000000000, 0.8660254037844387076, 1.000000000000000000, 0.8660254037844387076, 1.000000000000000000, 0.8660254037844387076, 1.000000000000000000, 0.8660254037844387076, 1.000000000000000000, 0.8660254037844387076, 1.000000000000000000, 0.8660254037844387076, 1.000000000000000000, 0.8660254037844387076, 1.000000000000000000, 0.8660254037844387076, 1.000000000000000000, 0.8660254037844387076, 1.000000000000000000, 0.8660254037844387076, 1.000000000000000000, 0.8660254037844387076, 1.000000000000000000, 0.8660254037844387076, 1.000000000000000000, 0.8660254037844387076, 1.000000000000000000, 0.8660254037844387076, 1.000000000000000000, 0.8660254037844387076, 1.000000000000000000, 0.8660254037844387076, 1.000000000000000000, 0.8660254037844387076, 1.000000000000000000, 0.8660254037844387076, 1.000000000000000000, 0.8660254037844387076, 1.000000000000000000, 0.8660254037844387076, 1.000000000000000000, 0.8660254037844387076, 1.000000000000000000, 0.8660254037844387076, 1.000000000000000000, 0.8660254037844387076, 1.000000000000000000, 0.8660254037844387076, 1.000000000000000000, 0.8660254037844387076, 1.000000000000000000, 0.8660254037844387076, 1.000000000000000000, 0.8660254037844387076, 1.000000000000000000, 0.8660254037844387076, 1.000000000000000000, 0.8660254037844387076, 1.000000000000000000, 0.8660254037844387076, 1.000000000000000000, 0.8660254037844387076, 1.000000000000000000, 0.8660254037844387076, 1.000000000000000000, 0.8660254037844387076, 1.000000000000000000, 0.8660254037844387076, 1.000000000000000000, 0.8660254037844387076, 1.000000000000000000, 0.8660254037844387076, 1.000000000000000000, 0.8660254037844387076, 1.000000000000000000, 0.8660254037844387076, 1.000000000000000000, 0.8660254037844387076, 1.000000000000000000, 0.8660254037844387076, 1.000000000000000000, 0.8660254037844387076, 1.000000000000000000, 0.8660254037844387076, 1.000000000000000000, 0.8660254037844387076, 1.000000000000000000, 0.8660254037844387076, 1.000000000000000000, 0.8660254037844387076, 1.000000000000000000, 0.8660254037844387076, 1.000000000000000000, 0.8660254037844387076, 1.000000000000000000, 0.8660254037844387076, 1.000000000000000000, 0.8660254037844387076, 1.000000000000000000, 0.8660254037844387076, 1.000000000000000000, 0.8660254037844387076, 1.000000000000000000, 0.8660254037844387076, 1.000000000000000000, 0.8660254037844387076, 1.000000000000000000, 0.8660254037844387076, 1.000000000000000000, 0.8660254037844387076, 1.000000000000000000, 0.8660254037844387076, 1.000000000000000000, 0.8660254037844387076, 1.000000000000000000, 0.8660254037844387076, 1.000000000000000000, 0.8660254037844387076, 1.000000000000000000, 0.8660254037844387076, 1.000000000000000000, 0.8660254037844387076, 1.000000000000000000, 0.8660254037844387076, 1.000000000000000000, 0.8660254037844387076, 1.000000000000000000, 0.8660254037844387076, 1.000000000000000000, 0.8660254037844387076, 1.000000000000000000, 0.8660254037844387076, 1.000000000000000000, 0.8660254037844387076, 1.000000000000000000, 0.8660254037844387076, 1.000000000000000000, 0.8660254037844387076, 1.000000000000000000, 0.8660254037844387076, 1.000000000000000000, 0.8660254037844387076, 1.000000000000000000, 0.8660254037844387076, 1.000000000000000000, 0.8660254037844387076, 1.000000000000000000, 0.8660254037844387076, 1.000000000000000000, 0.8660254037844387076, 1.000000000000000000, 0.8660254037844387076, 1.000000000000000000, 0.8660254037844387076, 1.000000000000000000, 0.8660254037844387076, 1.000000000000000000, 0.8660254037844387076, 1.000000000000000000, 0.8660254037844387076, 1.000000000000000000, 0.8660254037844387076, 1.000000000000000000, 0.8660254037844387076, 1.000000000000000000, 0.8660254037844387076, 1.000000000000000000, 0.8660254037844387076, 1.000000000000000000, 0.8660254037844387076, 1.000000000000000000, 0.8660254037844387076, 1.000000000000000000, 0.8660254037844387076, 1.000000000000000000, 0.8660254037844387076, 1.000000000000000000, 0.8660254037844387076, 1.000000000000000000, 0.8660254037844387076, 1.000000000000000000, 0.8660254037844387076, 1.000000000000000000, 0.8660254037844387076, 1.000000000000000000, 0.8660254037844387076, 1.000000000000000000, 0.8660254037844387076, 1.000000000000000000, 0.8660254037844387076, 1.000000000000000000, 0.8660254037844387076, 1.000000000000000000, 0.8660254037844387076, 1.000000000000000000, 0.8660254037844387076, 1.000000000000000000) ) ) 
 REPRESENTATION_ITEM ( '' )  SURFACE ( )  );
#5990 = CARTESIAN_POINT ( 'NONE',  ( 1.732050807568877193, -3.181725716174720005E-16, -6.062500000000000000 ) ) ;
#5991 = CARTESIAN_POINT ( 'NONE',  ( -0.8660254037844391517, -1.499999999999999334, -0.2291666666666674623 ) ) ;
#5992 = CARTESIAN_POINT ( 'NONE',  ( 0.6785254037844392627, 1.175240473580835054, 5.770833333333331261 ) ) ;
#5993 = CARTESIAN_POINT ( 'NONE',  ( -0.6785254037844383745, 1.175240473580835499, -0.1458333333333346471 ) ) ;
#5994 = CARTESIAN_POINT ( 'NONE',  ( 0.000000000000000000, 1.499999999999999556, 5.500000000000000000 ) ) ;
#5995 = CARTESIAN_POINT ( 'NONE',  ( -1.836970198721029441E-16, -1.499999999999999556, 5.750000000000000000 ) ) ;
#5996 = CARTESIAN_POINT ( 'NONE',  ( 0.6785254037844380415, -1.175240473580835721, 0.5416666666666659635 ) ) ;
#5997 = DIRECTION ( 'NONE',  ( 0.000000000000000000, 1.000000000000000000, 0.000000000000000000 ) ) ;
#5998 = CARTESIAN_POINT ( 'NONE',  ( 0.8816504037844380415, -1.527063293868264005, 3.338541666666664742 ) ) ;
#5999 = CONICAL_SURFACE ( 'NONE', #299, 1.175240473580835276, 0.7853981633974463916 ) ;
#6000 = ORIENTED_EDGE ( 'NONE', *, *, #5573, .F. ) ;
#6001 = CARTESIAN_POINT ( 'NONE',  ( 1.017788105676658228, 0.5876202367904167501, -6.770833333333334814 ) ) ;
#6002 = DIRECTION ( 'NONE',  ( 0.000000000000000000, 1.000000000000000000, 0.000000000000000000 ) ) ;
#6003 = CARTESIAN_POINT ( 'NONE',  ( 0.000000000000000000, 1.175240473580835276, -2.187500000000001776 ) ) ;
#6004 = AXIS2_PLACEMENT_3D ( 'NONE', #1757, #6282, #4065 ) ;
#6005 = CARTESIAN_POINT ( 'NONE',  ( 1.322475605676658450, 0.7635316469341306700, 7.463541666666663410 ) ) ;
#6006 = CARTESIAN_POINT ( 'NONE',  ( -1.439254484199189379E-16, -1.175240473580835276, -9.500000000000001776 ) ) ;
#6007 = CARTESIAN_POINT ( 'NONE',  ( 0.000000000000000000, 1.175240473580835276, -7.187500000000000888 ) ) ;
#6008 = CARTESIAN_POINT ( 'NONE',  ( -1.357050807568876749, 8.309539638847778957E-17, 6.937499999999999112 ) ) ;
#6009 = CARTESIAN_POINT ( 'NONE',  ( 0.000000000000000000, 1.175240473580835276, -10.68750000000000000 ) ) ;
#6010 = MANIFOLD_SOLID_BREP ( 'Revolve2', #1688 ) ;
#6011 = CARTESIAN_POINT ( 'NONE',  ( 1.357050807568876749, -2.492861891654333810E-16, 1.124999999999999334 ) ) ;
#6012 = CARTESIAN_POINT ( 'NONE',  ( -1.017788105676658006, -0.5876202367904174162, 5.479166666666665186 ) ) ;
#6013 = AXIS2_PLACEMENT_3D ( 'NONE', #1208, #6876, #573 ) ;
#6014 = CARTESIAN_POINT ( 'NONE',  ( -1.836970198721029441E-16, -1.499999999999999778, 7.312499999999998224 ) ) ;
#6015 = CARTESIAN_POINT ( 'NONE',  ( 1.250000000000000222, 0.7216878364870320528, 10.39174682452694576 ) ) ;
#6016 = CARTESIAN_POINT ( 'NONE',  ( -0.8816504037844382635, 1.527063293868263338, 3.057291666666664742 ) ) ;
#6017 = ORIENTED_EDGE ( 'NONE', *, *, #2381, .F. ) ;
#6018 = CARTESIAN_POINT ( 'NONE',  ( 0.6785254037844380415, -1.175240473580835499, -0.3958333333333348136 ) ) ;
#6019 = EDGE_LOOP ( 'NONE', ( #2270, #1843, #3665, #4342 ) ) ;
#6020 = ADVANCED_FACE ( 'NONE', ( #4441 ), #5076, .T. ) ;
#6021 = CARTESIAN_POINT ( 'NONE',  ( 1.017788105676657562, -0.5876202367904181934, -6.416666666666667851 ) ) ;
#6022 = CARTESIAN_POINT ( 'NONE',  ( 1.732050807568877193, -3.181725716174720005E-16, -0.06250000000000180411 ) ) ;
#6023 = CARTESIAN_POINT ( 'NONE',  ( -1.763300807568876971, 1.079710344961584035E-16, -10.32812500000000178 ) ) ;
#6024 = CARTESIAN_POINT ( 'NONE',  ( -0.8816504037844389297, -1.527063293868263116, -5.276041666666667851 ) ) ;
#6025 = ORIENTED_EDGE ( 'NONE', *, *, #933, .T. ) ;
#6026 = CARTESIAN_POINT ( 'NONE',  ( -1.836970198721029441E-16, -1.499999999999999556, 6.749999999999997335 ) ) ;
#6027 = EDGE_CURVE ( 'NONE', #476, #5845, #485, .T. ) ;
#6028 = CARTESIAN_POINT ( 'NONE',  ( -1.439254484199189379E-16, -1.175240473580835276, 3.562499999999997780 ) ) ;
#6029 = CARTESIAN_POINT ( 'NONE',  ( -1.017788105676657784, 0.5876202367904177493, 1.395833333333332149 ) ) ;
#6030 = DIRECTION ( 'NONE',  ( 1.000000000000000000, 1.224646799147353207E-16, 7.559867570865307665E-73 ) ) ;
#6031 = CARTESIAN_POINT ( 'NONE',  ( -1.017788105676657784, 0.5876202367904177493, -0.1666666666666674068 ) ) ;
#6032 =( BOUNDED_CURVE ( )  B_SPLINE_CURVE ( 2, ( #5434, #2612, #1319, #189, #412, #2089, #3252 ),
 .UNSPECIFIED., .F., .F. ) 
 B_SPLINE_CURVE_WITH_KNOTS ( ( 3, 2, 2, 3 ),
 ( 0.1756756756756756577, 0.1801801801801801439, 0.1846846846846846579, 0.1891891891891891719 ),
 .UNSPECIFIED. ) 
 CURVE ( )  GEOMETRIC_REPRESENTATION_ITEM ( )  RATIONAL_B_SPLINE_CURVE ( ( 1.000000000000000888, 0.8660254037844377084, 1.000000000000000000, 0.8660254037844385966, 1.000000000000000000, 0.8660254037844393737, 0.9999999999999992228 ) ) 
 REPRESENTATION_ITEM ( '' )  );
#6033 = FACE_OUTER_BOUND ( 'NONE', #5889, .T. ) ;
#6034 = CARTESIAN_POINT ( 'NONE',  ( -0.8816504037844382635, 1.527063293868263338, 4.588541666666664298 ) ) ;
#6035 = ORIENTED_EDGE ( 'NONE', *, *, #1815, .T. ) ;
#6036 = CARTESIAN_POINT ( 'NONE',  ( 1.357050807568876749, -2.492861891654333810E-16, -7.312500000000002665 ) ) ;
#6037 = CARTESIAN_POINT ( 'NONE',  ( 0.000000000000000000, 1.296351071171740261E-55, -10.49999999999999822 ) ) ;
#6038 = CARTESIAN_POINT ( 'NONE',  ( 1.732050807568877415, -3.181725716174720498E-16, 3.874999999999998668 ) ) ;
#6039 = EDGE_CURVE ( 'NONE', #2014, #4810, #1087, .T. ) ;
#6040 = CARTESIAN_POINT ( 'NONE',  ( -1.439254484199189379E-16, -1.175240473580835276, -4.437500000000001776 ) ) ;
#6041 = CARTESIAN_POINT ( 'NONE',  ( 0.09766419351501244572, -1.386989224557985123, 10.33536037611086655 ) ) ;
#6042 = CARTESIAN_POINT ( 'NONE',  ( 1.017788105676658228, 0.5876202367904167501, -7.833333333333334814 ) ) ;
#6043 = CARTESIAN_POINT ( 'NONE',  ( -1.017788105676657784, 0.5876202367904177493, -8.604166666666667851 ) ) ;
#6044 = CARTESIAN_POINT ( 'NONE',  ( 1.299038105676657118, -0.7500000000000004441, -1.666666666666667185 ) ) ;
#6045 = CARTESIAN_POINT ( 'NONE',  ( 0.6785254037844380415, -1.175240473580835721, 4.541666666666666963 ) ) ;
#6046 = CARTESIAN_POINT ( 'NONE',  ( 1.732050807568877193, -3.181725716174720005E-16, 6.937499999999999112 ) ) ;
#6047 = CARTESIAN_POINT ( 'NONE',  ( 1.357050807568876971, -2.492861891654333810E-16, -10.31250000000000178 ) ) ;
#6048 =( BOUNDED_CURVE ( )  B_SPLINE_CURVE ( 2, ( #3928, #988, #4491, #3263, #1619 ),
 .UNSPECIFIED., .F., .F. ) 
 B_SPLINE_CURVE_WITH_KNOTS ( ( 3, 2, 3 ),
 ( 0.9594594594594593184, 0.9639639639639639990, 0.9649256663622436392 ),
 .UNSPECIFIED. ) 
 CURVE ( )  GEOMETRIC_REPRESENTATION_ITEM ( )  RATIONAL_B_SPLINE_CURVE ( ( 1.000000000000003331, 0.8660254037844352659, 1.000000000000000000, 0.9713967007114301389, 0.9550068919397507461 ) ) 
 REPRESENTATION_ITEM ( '' )  );
#6049 = CARTESIAN_POINT ( 'NONE',  ( 0.000000000000000000, 1.175240473580835276, 2.249999999999998668 ) ) ;
#6050 = CARTESIAN_POINT ( 'NONE',  ( 1.299038105676658450, 0.7499999999999986677, 1.916666666666665408 ) ) ;
#6051 = CARTESIAN_POINT ( 'NONE',  ( 0.000000000000000000, 1.499999999999999778, -10.49999999999999822 ) ) ;
#6052 = CARTESIAN_POINT ( 'NONE',  ( 0.000000000000000000, -1.175240473580835276, -10.49999999999999822 ) ) ;
#6053 = CARTESIAN_POINT ( 'NONE',  ( -1.870113174931182636E-16, -1.527063293868263338, 4.765624999999999112 ) ) ;
#6054 = ORIENTED_EDGE ( 'NONE', *, *, #3264, .T. ) ;
#6055 = CARTESIAN_POINT ( 'NONE',  ( -1.357050807568876749, 8.309539638847778957E-17, 0.4374999999999986677 ) ) ;
#6056 = ORIENTED_EDGE ( 'NONE', *, *, #3773, .F. ) ;
#6057 = CARTESIAN_POINT ( 'NONE',  ( -0.6785254037844388186, -1.175240473580835054, -5.041666666666667851 ) ) ;
#6058 = EDGE_CURVE ( 'NONE', #1012, #3801, #6791, .T. ) ;
#6059 = CARTESIAN_POINT ( 'NONE',  ( -1.836970198721029441E-16, -1.499999999999999778, -1.187500000000001110 ) ) ;
#6060 = CARTESIAN_POINT ( 'NONE',  ( 0.6785254037844392627, 1.175240473580835054, 7.208333333333332149 ) ) ;
#6061 = CARTESIAN_POINT ( 'NONE',  ( -1.763300807568876971, 1.079710344961584035E-16, -4.359375000000001776 ) ) ;
#6062 = EDGE_LOOP ( 'NONE', ( #6859, #4620, #1535, #2621 ) ) ;
#6063 = CARTESIAN_POINT ( 'NONE',  ( 0.6785254037844380415, -1.175240473580835721, 0.04166666666666554719 ) ) ;
#6064 = DIRECTION ( 'NONE',  ( -0.000000000000000000, 6.173100338913050050E-57, -1.000000000000000000 ) ) ;
#6065 = CARTESIAN_POINT ( 'NONE',  ( -1.357050807568876971, 8.309539638847778957E-17, -10.12500000000000000 ) ) ;
#6066 = CARTESIAN_POINT ( 'NONE',  ( 1.017788105676657562, -0.5876202367904181934, 1.645833333333332593 ) ) ;
#6067 = CARTESIAN_POINT ( 'NONE',  ( -1.299038105676657562, -0.7499999999999994449, -2.333333333333334814 ) ) ;
#6068 = DIRECTION ( 'NONE',  ( 0.000000000000000000, 1.000000000000000000, 0.000000000000000000 ) ) ;
#6069 = CARTESIAN_POINT ( 'NONE',  ( -1.017788105676657784, 0.5876202367904177493, -0.6666666666666678509 ) ) ;
#6070 = CARTESIAN_POINT ( 'NONE',  ( 0.000000000000000000, 1.296351071171740261E-55, -10.49999999999999822 ) ) ;
#6071 = CARTESIAN_POINT ( 'NONE',  ( 1.763300807568876971, -3.239131034884752106E-16, 5.921875000000000000 ) ) ;
#6072 = VERTEX_POINT ( 'NONE', #6026 ) ;
#6073 = CARTESIAN_POINT ( 'NONE',  ( 0.000000000000000000, 1.175240473580835276, -6.187500000000000888 ) ) ;
#6074 = DIRECTION ( 'NONE',  ( 0.8660254037844383745, 0.5000000000000003331, 0.000000000000000000 ) ) ;
#6075 = CARTESIAN_POINT ( 'NONE',  ( 0.000000000000000000, 1.499999999999999556, -5.000000000000000888 ) ) ;
#6076 = CARTESIAN_POINT ( 'NONE',  ( 1.357050807568876971, -2.492861891654333810E-16, 0.1874999999999984179 ) ) ;
#6077 = AXIS2_PLACEMENT_3D ( 'NONE', #2693, #5590, #6074 ) ;
#6079 =( BOUNDED_CURVE ( )  B_SPLINE_CURVE ( 2, ( #5824, #1296, #3568, #835, #5382, #7072, #2447 ),
 .UNSPECIFIED., .F., .T. ) 
 B_SPLINE_CURVE_WITH_KNOTS ( ( 3, 2, 2, 3 ),
 ( 0.5540540540540540571, 0.5585585585585585155, 0.5630630630630630851, 0.5675675675675675436 ),
 .UNSPECIFIED. ) 
 CURVE ( )  GEOMETRIC_REPRESENTATION_ITEM ( )  RATIONAL_B_SPLINE_CURVE ( ( 1.000000000000000000, 0.8660254037844385966, 1.000000000000000000, 0.8660254037844385966, 1.000000000000000000, 0.8660254037844385966, 1.000000000000000000 ) ) 
 REPRESENTATION_ITEM ( '' )  );
#6078 = CARTESIAN_POINT ( 'NONE',  ( 0.8660254037844378194, -1.500000000000000000, -7.645833333333333925 ) ) ;
#6080 = CARTESIAN_POINT ( 'NONE',  ( -0.6785254037844383745, 1.175240473580835499, -7.708333333333334814 ) ) ;
#6081 = CARTESIAN_POINT ( 'NONE',  ( -1.763300807568876971, 1.079710344961584035E-16, -3.328125000000001332 ) ) ;
#6082 = EDGE_CURVE ( 'NONE', #1874, #405, #3247, .T. ) ;
#6083 = CARTESIAN_POINT ( 'NONE',  ( 0.000000000000000000, 1.499999999999999556, 3.499999999999999556 ) ) ;
#6084 = VECTOR ( 'NONE', #4089, 1000.000000000000000 ) ;
#6085 = FACE_OUTER_BOUND ( 'NONE', #4219, .T. ) ;
#6086 = CARTESIAN_POINT ( 'NONE',  ( 0.000000000000000000, 1.499999999999999556, -9.500000000000000000 ) ) ;
#6087 = CARTESIAN_POINT ( 'NONE',  ( -0.8660254037844382635, 1.499999999999999556, 0.5416666666666660745 ) ) ;
#6088 = CARTESIAN_POINT ( 'NONE',  ( -1.017788105676658006, -0.5876202367904174162, 5.416666666666665186 ) ) ;
#6089 = DIRECTION ( 'NONE',  ( -0.000000000000000000, 6.173100338913050050E-57, -1.000000000000000000 ) ) ;
#6090 = CARTESIAN_POINT ( 'NONE',  ( 0.000000000000000000, 1.296351071171740261E-55, -10.49999999999999822 ) ) ;
#6091 = CARTESIAN_POINT ( 'NONE',  ( 1.763300807568876971, -3.239131034884752106E-16, 3.390624999999999556 ) ) ;
#6092 = VERTEX_POINT ( 'NONE', #5035 ) ;
#6093 = CARTESIAN_POINT ( 'NONE',  ( 1.017788105676657562, -0.5876202367904181934, -1.354166666666668517 ) ) ;
#6094 = ORIENTED_EDGE ( 'NONE', *, *, #2714, .F. ) ;
#6095 = CARTESIAN_POINT ( 'NONE',  ( -1.439254484199189379E-16, -1.175240473580835276, -10.00000000000000000 ) ) ;
#6096 = CARTESIAN_POINT ( 'NONE',  ( 0.6785254037844391517, 1.175240473580835054, -2.791666666666668295 ) ) ;
#6097 = CARTESIAN_POINT ( 'NONE',  ( 1.322475605676657340, -0.7635316469341323353, -9.119791666666667851 ) ) ;
#6098 = CARTESIAN_POINT ( 'NONE',  ( -1.763300807568876971, 1.079710344961584035E-16, -3.359375000000001332 ) ) ;
#6099 = ORIENTED_EDGE ( 'NONE', *, *, #6530, .T. ) ;
#6100 = CYLINDRICAL_SURFACE ( 'NONE', #124, 1.499999999999999778 ) ;
#6101 = CARTESIAN_POINT ( 'NONE',  ( -1.357050807568876971, 8.309539638847778957E-17, 5.937500000000000000 ) ) ;
#6102 = CARTESIAN_POINT ( 'NONE',  ( -1.017788105676658006, -0.5876202367904174162, 1.979166666666665630 ) ) ;
#6103 = FACE_OUTER_BOUND ( 'NONE', #4138, .T. ) ;
#6104 = CARTESIAN_POINT ( 'NONE',  ( -1.299038105676657562, 0.7500000000000000000, 6.583333333333331261 ) ) ;
#6105 = CARTESIAN_POINT ( 'NONE',  ( 1.357050807568876971, -2.492861891654333810E-16, 1.624999999999998002 ) ) ;
#6106 = DIRECTION ( 'NONE',  ( 0.000000000000000000, 1.000000000000000000, 0.000000000000000000 ) ) ;
#6107 = CARTESIAN_POINT ( 'NONE',  ( -0.8816504037844389297, -1.527063293868263116, 6.755208333333332149 ) ) ;
#6108 = EDGE_LOOP ( 'NONE', ( #2023, #5051, #5987, #6054 ) ) ;
#6109 = CARTESIAN_POINT ( 'NONE',  ( -1.439254484199189379E-16, -1.175240473580835276, -5.937500000000000888 ) ) ;
#6110 = CARTESIAN_POINT ( 'NONE',  ( -1.299038105676657562, -0.7499999999999994449, 4.666666666666666075 ) ) ;
#6111 = CARTESIAN_POINT ( 'NONE',  ( 1.017788105676658228, 0.5876202367904167501, -1.770833333333334370 ) ) ;
#6112 = CARTESIAN_POINT ( 'NONE',  ( -1.870113174931182636E-16, -1.527063293868263338, 7.296874999999998224 ) ) ;
#6113 = CARTESIAN_POINT ( 'NONE',  ( 0.6785254037844392627, 1.175240473580835054, -7.291666666666667851 ) ) ;
#6114 = CARTESIAN_POINT ( 'NONE',  ( -1.870113174931182636E-16, -1.527063293868263338, -3.203125000000000888 ) ) ;
#6115 = CARTESIAN_POINT ( 'NONE',  ( 0.000000000000000000, 1.296351071171740261E-55, -10.49999999999999822 ) ) ;
#6116 = CYLINDRICAL_SURFACE ( 'NONE', #4664, 2.750000000000000000 ) ;
#6117 = CARTESIAN_POINT ( 'NONE',  ( 1.299038105676657118, -0.7500000000000004441, -6.666666666666667851 ) ) ;
#6118 = CARTESIAN_POINT ( 'NONE',  ( 0.000000000000000000, 1.175240473580835276, -9.687500000000001776 ) ) ;
#6119 = VECTOR ( 'NONE', #7033, 1000.000000000000000 ) ;
#6120 =( BOUNDED_CURVE ( )  B_SPLINE_CURVE ( 2, ( #5304, #4681, #1773, #766, #6960, #6296, #199 ),
 .UNSPECIFIED., .F., .F. ) 
 B_SPLINE_CURVE_WITH_KNOTS ( ( 3, 2, 2, 3 ),
 ( 0.3783783783783783994, 0.3828828828828828579, 0.3873873873873873719, 0.3918918918918918859 ),
 .UNSPECIFIED. ) 
 CURVE ( )  GEOMETRIC_REPRESENTATION_ITEM ( )  RATIONAL_B_SPLINE_CURVE ( ( 1.000000000000000000, 0.8660254037844385966, 1.000000000000000000, 0.8660254037844385966, 1.000000000000000000, 0.8660254037844385966, 1.000000000000000000 ) ) 
 REPRESENTATION_ITEM ( '' )  );
#6121 = EDGE_CURVE ( 'NONE', #7308, #6985, #3999, .T. ) ;
#6122 = CARTESIAN_POINT ( 'NONE',  ( 0.000000000000000000, 1.175240473580835276, 5.249999999999999112 ) ) ;
#6123 = DIRECTION ( 'NONE',  ( 0.000000000000000000, 1.000000000000000000, 0.000000000000000000 ) ) ;
#6124 = CYLINDRICAL_SURFACE ( 'NONE', #11, 1.499999999999999778 ) ;
#6125 = CARTESIAN_POINT ( 'NONE',  ( -1.299038105676657784, 0.7500000000000001110, 3.645833333333332593 ) ) ;
#6126 = CARTESIAN_POINT ( 'NONE',  ( 1.322475605676658450, 0.7635316469341306700, 5.932291666666665186 ) ) ;
#6127 = VERTEX_POINT ( 'NONE', #4404 ) ;
#6128 = CARTESIAN_POINT ( 'NONE',  ( 0.000000000000000000, 1.175240473580835276, 3.812499999999998224 ) ) ;
#6129 = ORIENTED_EDGE ( 'NONE', *, *, #6893, .F. ) ;
#6130 = CARTESIAN_POINT ( 'NONE',  ( -1.439254484199189379E-16, -1.175240473580835276, -9.500000000000001776 ) ) ;
#6131 = ADVANCED_FACE ( 'NONE', ( #3848 ), #6100, .T. ) ;
#6132 = CARTESIAN_POINT ( 'NONE',  ( -1.017788105676658006, -0.5876202367904174162, -4.083333333333334814 ) ) ;
#6133 = CARTESIAN_POINT ( 'NONE',  ( -0.8816504037844389297, -1.527063293868263116, -10.74479166666666963 ) ) ;
#6134 = CARTESIAN_POINT ( 'NONE',  ( 1.322475605676658450, 0.7635316469341306700, -0.5677083333333350357 ) ) ;
#6135 = ORIENTED_EDGE ( 'NONE', *, *, #6555, .F. ) ;
#6136 = CARTESIAN_POINT ( 'NONE',  ( 0.6785254037844391517, 1.175240473580835054, -9.791666666666666075 ) ) ;
#6137 = CARTESIAN_POINT ( 'NONE',  ( 0.8660254037844270503, 1.500000000000020872, -1.041666666666667407 ) ) ;
#6138 = CARTESIAN_POINT ( 'NONE',  ( 1.017788105676658228, 0.5876202367904167501, 7.229166666666666963 ) ) ;
#6139 = CARTESIAN_POINT ( 'NONE',  ( 1.017788105676658228, 0.5876202367904167501, 3.729166666666665186 ) ) ;
#6140 = CYLINDRICAL_SURFACE ( 'NONE', #4057, 1.499999999999999778 ) ;
#6141 = CARTESIAN_POINT ( 'NONE',  ( 1.357050807568876971, -2.492861891654333810E-16, 0.6249999999999988898 ) ) ;
#6142 = FACE_OUTER_BOUND ( 'NONE', #3184, .T. ) ;
#6143 = CARTESIAN_POINT ( 'NONE',  ( -1.870113174931182636E-16, -1.527063293868263338, 4.796874999999999112 ) ) ;
#6144 = ORIENTED_EDGE ( 'NONE', *, *, #3491, .T. ) ;
#6145 = CARTESIAN_POINT ( 'NONE',  ( 0.6785254037844391517, 1.175240473580835054, -6.729166666666667851 ) ) ;
#6146 = CARTESIAN_POINT ( 'NONE',  ( 1.836970198721029688E-16, -1.499999999999999778, -10.49999999999999822 ) ) ;
#6147 = DIRECTION ( 'NONE',  ( 0.000000000000000000, 1.000000000000000000, 0.000000000000000000 ) ) ;
#6148 = CARTESIAN_POINT ( 'NONE',  ( -1.357050807568876971, 8.309539638847778957E-17, -0.5625000000000004441 ) ) ;
#6149 = EDGE_CURVE ( 'NONE', #1686, #6605, #7036, .T. ) ;
#6150 = CARTESIAN_POINT ( 'NONE',  ( 0.000000000000000000, 1.499999999999999778, 3.562499999999997780 ) ) ;
#6151 = CARTESIAN_POINT ( 'NONE',  ( 1.017788105676658228, 0.5876202367904167501, -6.333333333333333925 ) ) ;
#6152 = CARTESIAN_POINT ( 'NONE',  ( -1.870113174931182636E-16, -1.527063293868263338, -1.203125000000001110 ) ) ;
#6153 = DIRECTION ( 'NONE',  ( -0.000000000000000000, 6.173100338913050050E-57, -1.000000000000000000 ) ) ;
#6154 = DIRECTION ( 'NONE',  ( 0.000000000000000000, 1.000000000000000000, 0.000000000000000000 ) ) ;
#6155 = CARTESIAN_POINT ( 'NONE',  ( 0.000000000000000000, 1.296351071171740261E-55, -10.49999999999999822 ) ) ;
#6156 = CARTESIAN_POINT ( 'NONE',  ( 0.000000000000000000, 1.175240473580835276, -9.187500000000001776 ) ) ;
#6157 = CARTESIAN_POINT ( 'NONE',  ( 0.6785254037844391517, 1.175240473580835054, 3.708333333333332593 ) ) ;
#6158 = CARTESIAN_POINT ( 'NONE',  ( -1.017788105676657784, 0.5876202367904177493, 7.395833333333332149 ) ) ;
#6159 = CARTESIAN_POINT ( 'NONE',  ( 0.000000000000000000, 1.851930101673914562E-56, 7.500000000000000000 ) ) ;
#6160 = CARTESIAN_POINT ( 'NONE',  ( -1.299038105676657562, -0.7499999999999994449, 7.166666666666666963 ) ) ;
#6161 = CARTESIAN_POINT ( 'NONE',  ( -1.763300807568876971, 1.079710344961584035E-16, 7.140624999999997335 ) ) ;
#6162 = ORIENTED_EDGE ( 'NONE', *, *, #3068, .F. ) ;
#6163 = CARTESIAN_POINT ( 'NONE',  ( -1.439254484199189379E-16, -1.175240473580835276, 3.562499999999997780 ) ) ;
#6164 = ORIENTED_EDGE ( 'NONE', *, *, #2265, .F. ) ;
#6165 = CARTESIAN_POINT ( 'NONE',  ( 1.017788105676658228, 0.5876202367904167501, -7.833333333333334814 ) ) ;
#6166 = CARTESIAN_POINT ( 'NONE',  ( 1.017788105676657562, -0.5876202367904181934, -3.416666666666667851 ) ) ;
#6167 = CARTESIAN_POINT ( 'NONE',  ( 0.8816504037844392627, 1.527063293868263116, -6.494791666666667851 ) ) ;
#6168 = CARTESIAN_POINT ( 'NONE',  ( 0.8816504037844380415, -1.527063293868264005, -2.692708333333333925 ) ) ;
#6169 = EDGE_CURVE ( 'NONE', #4243, #1974, #4253, .T. ) ;
#6170 = ORIENTED_EDGE ( 'NONE', *, *, #2676, .T. ) ;
#6171 = CARTESIAN_POINT ( 'NONE',  ( 0.8660254037844286046, -1.500000000000015765, 6.354166666666665186 ) ) ;
#6172 = CARTESIAN_POINT ( 'NONE',  ( 0.000000000000000000, 1.499999999999999778, -2.937500000000000888 ) ) ;
#6173 = CARTESIAN_POINT ( 'NONE',  ( -1.017788105676658006, -0.5876202367904174162, 7.479166666666666963 ) ) ;
#6174 = CARTESIAN_POINT ( 'NONE',  ( 1.017788105676658228, 0.5876202367904167501, 4.229166666666666075 ) ) ;
#6175 = CARTESIAN_POINT ( 'NONE',  ( -1.732050807568877415, 1.060575238724906915E-16, 1.124999999999999556 ) ) ;
#6176 = CARTESIAN_POINT ( 'NONE',  ( 1.299038105676658672, 0.7499999999999987788, -1.520833333333334147 ) ) ;
#6177 = CARTESIAN_POINT ( 'NONE',  ( 1.017788105676658228, 0.5876202367904167501, 3.166666666666664742 ) ) ;
#6178 = CARTESIAN_POINT ( 'NONE',  ( 1.322475605676657340, -0.7635316469341323353, -9.651041666666667851 ) ) ;
#6179 = CARTESIAN_POINT ( 'NONE',  ( -0.8816504037844389297, -1.527063293868263116, 4.755208333333331261 ) ) ;
#6180 = VERTEX_POINT ( 'NONE', #4693 ) ;
#6181 = CARTESIAN_POINT ( 'NONE',  ( -0.6785254037844388186, -1.175240473580835276, 3.458333333333332149 ) ) ;
#6182 = CARTESIAN_POINT ( 'NONE',  ( 0.000000000000000000, 1.499999999999999556, 7.349999999999998757 ) ) ;
#6183 = CARTESIAN_POINT ( 'NONE',  ( 0.6785254037844392627, 1.175240473580835054, -1.729166666666666963 ) ) ;
#6184 = CARTESIAN_POINT ( 'NONE',  ( -1.439254484199189379E-16, -1.175240473580835276, -4.437500000000001776 ) ) ;
#6185 = AXIS2_PLACEMENT_3D ( 'NONE', #144, #2382, #922 ) ;
#6186 = ORIENTED_EDGE ( 'NONE', *, *, #4759, .F. ) ;
#6187 = CARTESIAN_POINT ( 'NONE',  ( 1.017788105676657562, -0.5876202367904181934, -5.916666666666666963 ) ) ;
#6188 = CARTESIAN_POINT ( 'NONE',  ( -1.322475605676657784, -0.7635316469341314471, -2.786458333333335258 ) ) ;
#6189 = CARTESIAN_POINT ( 'NONE',  ( 0.4650522726714989008, -1.419093089601316970, 7.343508345514139890 ) ) ;
#6190 = DIRECTION ( 'NONE',  ( 0.000000000000000000, 1.000000000000000000, 0.000000000000000000 ) ) ;
#6191 = CARTESIAN_POINT ( 'NONE',  ( 0.000000000000000000, 1.175240473580835276, -8.687500000000000000 ) ) ;
#6192 = CARTESIAN_POINT ( 'NONE',  ( 0.6785254037844391517, 1.175240473580835054, 5.708333333333331261 ) ) ;
#6193 = CARTESIAN_POINT ( 'NONE',  ( 0.000000000000000000, 1.296351071171740261E-55, -10.49999999999999822 ) ) ;
#6194 = AXIS2_PLACEMENT_3D ( 'NONE', #6090, #4542, #7264 ) ;
#6195 = DIRECTION ( 'NONE',  ( -0.000000000000000000, 6.173100338913050050E-57, -1.000000000000000000 ) ) ;
#6196 = CARTESIAN_POINT ( 'NONE',  ( -1.836970198721029441E-16, -1.499999999999999778, 1.812499999999998224 ) ) ;
#6197 = CARTESIAN_POINT ( 'NONE',  ( -1.836970198721029441E-16, -1.499999999999999778, -6.687500000000001776 ) ) ;
#6198 = CARTESIAN_POINT ( 'NONE',  ( 0.8816504037844392627, 1.527063293868263116, 5.973958333333331261 ) ) ;
#6199 = ORIENTED_EDGE ( 'NONE', *, *, #3264, .F. ) ;
#6200 = CARTESIAN_POINT ( 'NONE',  ( 1.017788105676657562, -0.5876202367904181934, 2.145833333333333037 ) ) ;
#6201 = ORIENTED_EDGE ( 'NONE', *, *, #6764, .T. ) ;
#6202 = CARTESIAN_POINT ( 'NONE',  ( -0.6785254037844383745, 1.175240473580835499, -7.708333333333334814 ) ) ;
#6203 = CARTESIAN_POINT ( 'NONE',  ( -1.439254484199189379E-16, -1.175240473580835276, -4.000000000000000888 ) ) ;
#6204 = CARTESIAN_POINT ( 'NONE',  ( -0.8816504037844382635, 1.527063293868263338, -6.911458333333334814 ) ) ;
#6205 =( BOUNDED_CURVE ( )  B_SPLINE_CURVE ( 2, ( #5039, #2763, #4521, #6728, #1727, #2203, #3374 ),
 .UNSPECIFIED., .F., .F. ) 
 B_SPLINE_CURVE_WITH_KNOTS ( ( 3, 2, 2, 3 ),
 ( 0.7837837837837837718, 0.7882882882882882303, 0.7927927927927927998, 0.7972972972972972583 ),
 .UNSPECIFIED. ) 
 CURVE ( )  GEOMETRIC_REPRESENTATION_ITEM ( )  RATIONAL_B_SPLINE_CURVE ( ( 1.000000000000000000, 0.8660254037844387076, 1.000000000000000000, 0.8660254037844387076, 1.000000000000000000, 0.8660254037844387076, 1.000000000000000000 ) ) 
 REPRESENTATION_ITEM ( '' )  );
#6206 = CARTESIAN_POINT ( 'NONE',  ( -1.870113174931182636E-16, -1.527063293868263338, -1.234375000000001110 ) ) ;
#6207 = EDGE_LOOP ( 'NONE', ( #1421, #5779, #2983, #344, #6465 ) ) ;
#6208 = CARTESIAN_POINT ( 'NONE',  ( 0.6785254037844391517, -1.175240473580833500, -10.45833333333333393 ) ) ;
#6209 = CARTESIAN_POINT ( 'NONE',  ( 0.6785254037844392627, 1.175240473580835054, 6.270833333333331261 ) ) ;
#6210 = EDGE_CURVE ( 'NONE', #6326, #2606, #5722, .T. ) ;
#6211 = FACE_OUTER_BOUND ( 'NONE', #1413, .T. ) ;
#6212 = CARTESIAN_POINT ( 'NONE',  ( 1.439254484199189379E-16, 1.175240473580835276, -10.49999999999999822 ) ) ;
#6213 = CARTESIAN_POINT ( 'NONE',  ( 0.6785254037844392627, 1.175240473580835054, 3.208333333333332149 ) ) ;
#6214 = CARTESIAN_POINT ( 'NONE',  ( 0.8816504037844392627, 1.527063293868263116, -8.526041666666667851 ) ) ;
#6215 = ORIENTED_EDGE ( 'NONE', *, *, #2905, .F. ) ;
#6216 = CARTESIAN_POINT ( 'NONE',  ( 0.000000000000000000, 1.175240473580835276, -1.250000000000001110 ) ) ;
#6217 = CARTESIAN_POINT ( 'NONE',  ( -1.439254484199189379E-16, -1.175240473580835276, 3.999999999999998224 ) ) ;
#6218 = CYLINDRICAL_SURFACE ( 'NONE', #1575, 1.499999999999999778 ) ;
#6219 = LINE ( 'NONE', #2731, #59 ) ;
#6220 = CARTESIAN_POINT ( 'NONE',  ( 0.6785254037844392627, 1.175240473580835054, -0.7291666666666677399 ) ) ;
#6221 = EDGE_CURVE ( 'NONE', #1868, #6985, #6310, .T. ) ;
#6222 = CARTESIAN_POINT ( 'NONE',  ( 1.017788105676658228, 0.5876202367904167501, -5.270833333333333925 ) ) ;
#6223 = VERTEX_POINT ( 'NONE', #4517 ) ;
#6224 = CARTESIAN_POINT ( 'NONE',  ( 0.000000000000000000, 1.175240473580835276, -4.250000000000000888 ) ) ;
#6225 = CARTESIAN_POINT ( 'NONE',  ( 1.763300807568876971, -3.239131034884752106E-16, 0.4218749999999986122 ) ) ;
#6226 = CARTESIAN_POINT ( 'NONE',  ( 2.691029544557175478E-11, -1.467524047359231920, 7.331250000000659739 ) ) ;
#6227 = CARTESIAN_POINT ( 'NONE',  ( -7.885472551348378898E-17, 1.443375672974064550, 10.39174682452694576 ) ) ;
#6228 = CARTESIAN_POINT ( 'NONE',  ( 0.8660254037844380415, -1.500000000000000444, -6.708333333333334814 ) ) ;
#6229 =( BOUNDED_CURVE ( )  B_SPLINE_CURVE ( 2, ( #2515, #3077, #4265, #1399, #1920, #3784, #2624 ),
 .UNSPECIFIED., .F., .F. ) 
 B_SPLINE_CURVE_WITH_KNOTS ( ( 3, 2, 2, 3 ),
 ( 0.8513513513513514264, 0.8558558558558559959, 0.8603603603603603434, 0.8648648648648649129 ),
 .UNSPECIFIED. ) 
 CURVE ( )  GEOMETRIC_REPRESENTATION_ITEM ( )  RATIONAL_B_SPLINE_CURVE ( ( 0.9999999999999966693, 0.8660254037844420383, 1.000000000000000000, 0.8660254037844387076, 1.000000000000000000, 0.8660254037844387076, 1.000000000000000000 ) ) 
 REPRESENTATION_ITEM ( '' )  );
#6230 = CARTESIAN_POINT ( 'NONE',  ( -1.439254484199189379E-16, -1.175240473580835276, -7.437500000000001776 ) ) ;
#6231 = CARTESIAN_POINT ( 'NONE',  ( 0.6785254037844391517, 1.175240473580835054, 6.208333333333331261 ) ) ;
#6232 = CARTESIAN_POINT ( 'NONE',  ( -0.8580011907544869976, -1.185362104003048200, -10.21486053360952972 ) ) ;
#6233 = CARTESIAN_POINT ( 'NONE',  ( 0.000000000000000000, 1.499999999999999778, -10.49999999999999822 ) ) ;
#6234 = CARTESIAN_POINT ( 'NONE',  ( -0.8660254037844382635, 1.499999999999999556, -3.958333333333335258 ) ) ;
#6235 = CARTESIAN_POINT ( 'NONE',  ( -0.8660254037844389297, -1.499999999999999334, 4.208333333333333925 ) ) ;
#6236 = CARTESIAN_POINT ( 'NONE',  ( -1.322475605676657784, 0.7635316469341318912, 5.098958333333332149 ) ) ;
#6237 = CARTESIAN_POINT ( 'NONE',  ( 1.357050807568876749, -2.492861891654333810E-16, 3.187500000000000000 ) ) ;
#6238 = EDGE_LOOP ( 'NONE', ( #4924, #5879, #6567, #7048 ) ) ;
#6239 = AXIS2_PLACEMENT_3D ( 'NONE', #5928, #4194, #311 ) ;
#6240 = CARTESIAN_POINT ( 'NONE',  ( -0.6785254037844388186, -1.175240473580835276, -9.541666666666667851 ) ) ;
#6241 = EDGE_CURVE ( 'NONE', #2973, #6828, #1825, .T. ) ;
#6242 = CARTESIAN_POINT ( 'NONE',  ( 0.000000000000000000, 1.175240473580835276, -4.250000000000000888 ) ) ;
#6243 = CARTESIAN_POINT ( 'NONE',  ( -1.763300807568876971, 1.079710344961584035E-16, -8.828125000000000000 ) ) ;
#6244 = CARTESIAN_POINT ( 'NONE',  ( -1.763300807568876971, 1.079710344961584035E-16, -1.359375000000001332 ) ) ;
#6245 = ORIENTED_EDGE ( 'NONE', *, *, #1696, .T. ) ;
#6246 = DIRECTION ( 'NONE',  ( -0.000000000000000000, 6.173100338913050050E-57, -1.000000000000000000 ) ) ;
#6247 = CARTESIAN_POINT ( 'NONE',  ( -1.836970198721029441E-16, -1.499999999999999556, -8.750000000000000000 ) ) ;
#6248 = CARTESIAN_POINT ( 'NONE',  ( -1.017788105676658006, -0.5876202367904174162, 1.916666666666665408 ) ) ;
#6249 = VECTOR ( 'NONE', #1942, 1000.000000000000000 ) ;
#6250 = CARTESIAN_POINT ( 'NONE',  ( -1.322475605676657784, -0.7635316469341314471, -9.817708333333333925 ) ) ;
#6251 = ORIENTED_EDGE ( 'NONE', *, *, #2941, .F. ) ;
#6252 = CARTESIAN_POINT ( 'NONE',  ( -0.6785254037844383745, 1.175240473580835499, 3.291666666666664742 ) ) ;
#6253 = CARTESIAN_POINT ( 'NONE',  ( 1.732050807568877415, -3.181725716174720498E-16, 0.3749999999999986122 ) ) ;
#6254 = CARTESIAN_POINT ( 'NONE',  ( -1.357050807568876971, 8.309539638847778957E-17, -3.625000000000001776 ) ) ;
#6255 = CARTESIAN_POINT ( 'NONE',  ( 1.357050807568876971, -2.492861891654333810E-16, 1.687499999999997780 ) ) ;
#6256 = CARTESIAN_POINT ( 'NONE',  ( -0.6785254037844383745, 1.175240473580835499, -4.645833333333334814 ) ) ;
#6257 = UNCERTAINTY_MEASURE_WITH_UNIT (LENGTH_MEASURE( 1.000000000000000082E-05 ), #6686, 'distance_accuracy_value', 'NONE');
#6258 = EDGE_LOOP ( 'NONE', ( #147, #3527, #2552, #2996 ) ) ;
#6259 = CARTESIAN_POINT ( 'NONE',  ( 0.6785254037844392627, 1.175240473580835054, -5.291666666666667851 ) ) ;
#6260 = CARTESIAN_POINT ( 'NONE',  ( -1.763300807568876971, 1.079710344961584035E-16, 0.1718749999999984179 ) ) ;
#6261 = CARTESIAN_POINT ( 'NONE',  ( -1.836970198721029441E-16, -1.499999999999999556, 2.249999999999998668 ) ) ;
#6262 = EDGE_CURVE ( 'NONE', #1451, #6694, #1232, .T. ) ;
#6263 = CARTESIAN_POINT ( 'NONE',  ( 1.299038105676658450, 0.7499999999999986677, -8.083333333333332149 ) ) ;
#6264 = CARTESIAN_POINT ( 'NONE',  ( 0.000000000000000000, 1.296351071171740261E-55, -10.49999999999999822 ) ) ;
#6265 = CARTESIAN_POINT ( 'NONE',  ( -1.357050807568876971, 8.309539638847778957E-17, -8.562500000000001776 ) ) ;
#6266 = CARTESIAN_POINT ( 'NONE',  ( 1.299038105676657118, -0.7500000000000004441, -3.166666666666667407 ) ) ;
#6267 = CARTESIAN_POINT ( 'NONE',  ( 2.691029544557175478E-11, -1.467524047359231920, 7.331250000000659739 ) ) ;
#6268 = DIRECTION ( 'NONE',  ( -0.000000000000000000, 6.173100338913050050E-57, -1.000000000000000000 ) ) ;
#6269 = CARTESIAN_POINT ( 'NONE',  ( 0.000000000000000000, 1.499999999999999556, -6.000000000000001776 ) ) ;
#6270 =( NAMED_UNIT ( * ) PLANE_ANGLE_UNIT ( ) SI_UNIT ( $, .RADIAN. ) );
#6271 =( BOUNDED_CURVE ( )  B_SPLINE_CURVE ( 2, ( #5271, #167, #126, #2366, #1779, #2970, #5749 ),
 .UNSPECIFIED., .F., .F. ) 
 B_SPLINE_CURVE_WITH_KNOTS ( ( 3, 2, 2, 3 ),
 ( 0.9054054054054054834, 0.9099099099099100529, 0.9144144144144145114, 0.9189189189189189699 ),
 .UNSPECIFIED. ) 
 CURVE ( )  GEOMETRIC_REPRESENTATION_ITEM ( )  RATIONAL_B_SPLINE_CURVE ( ( 0.9999999999999966693, 0.8660254037844420383, 1.000000000000000000, 0.8660254037844387076, 1.000000000000000000, 0.8660254037844353769, 1.000000000000003331 ) ) 
 REPRESENTATION_ITEM ( '' )  );
#6272 = CARTESIAN_POINT ( 'NONE',  ( -1.322475605676657784, -0.7635316469341314471, 5.182291666666665186 ) ) ;
#6273 = EDGE_CURVE ( 'NONE', #3618, #1893, #688, .T. ) ;
#6274 = CARTESIAN_POINT ( 'NONE',  ( -1.017788105676658006, -0.5876202367904174162, 1.479166666666665186 ) ) ;
#6275 = VERTEX_POINT ( 'NONE', #3013 ) ;
#6276 = CARTESIAN_POINT ( 'NONE',  ( -1.357050807568876971, 8.309539638847778957E-17, -5.125000000000001776 ) ) ;
#6277 = CARTESIAN_POINT ( 'NONE',  ( -1.357050807568876749, 8.309539638847778957E-17, 0.8749999999999990008 ) ) ;
#6278 = CARTESIAN_POINT ( 'NONE',  ( -1.763300807568876971, 1.079710344961584035E-16, -6.328125000000000888 ) ) ;
#6279 = CARTESIAN_POINT ( 'NONE',  ( -1.322475605676657784, -0.7635316469341314471, -0.8177083333333334814 ) ) ;
#6280 = CARTESIAN_POINT ( 'NONE',  ( -1.017788105676658006, -0.5876202367904174162, -6.520833333333333925 ) ) ;
#6281 = ORIENTED_EDGE ( 'NONE', *, *, #6299, .T. ) ;
#6282 = DIRECTION ( 'NONE',  ( -0.000000000000000000, 6.173100338913050050E-57, -1.000000000000000000 ) ) ;
#6283 = LINE ( 'NONE', #492, #1088 ) ;
#6284 = CARTESIAN_POINT ( 'NONE',  ( -1.017788105676658006, -0.5876202367904174162, 3.916666666666665630 ) ) ;
#6285 = CARTESIAN_POINT ( 'NONE',  ( 0.8816504037844380415, -1.527063293868264005, -9.192708333333333925 ) ) ;
#6286 = VERTEX_POINT ( 'NONE', #2455 ) ;
#6287 = CARTESIAN_POINT ( 'NONE',  ( -1.357050807568876971, 8.309539638847778957E-17, 2.874999999999999112 ) ) ;
#6288 = DIRECTION ( 'NONE',  ( -0.5000000000000001110, 0.8660254037844385966, 0.000000000000000000 ) ) ;
#6289 = CARTESIAN_POINT ( 'NONE',  ( 0.000000000000000000, 1.499999999999999556, -6.500000000000000888 ) ) ;
#6290 = CARTESIAN_POINT ( 'NONE',  ( -1.357050807568876971, 8.309539638847778957E-17, 1.437499999999999556 ) ) ;
#6291 = CARTESIAN_POINT ( 'NONE',  ( -0.6785254037844383745, 1.175240473580835499, -3.645833333333334370 ) ) ;
#6292 = VERTEX_POINT ( 'NONE', #132 ) ;
#6293 = CARTESIAN_POINT ( 'NONE',  ( -1.017788105676657784, 0.5876202367904177493, -4.166666666666667851 ) ) ;
#6294 = CARTESIAN_POINT ( 'NONE',  ( -1.763300807568876971, 1.079710344961584035E-16, -0.3281250000000020539 ) ) ;
#6295 = CARTESIAN_POINT ( 'NONE',  ( 1.357050807568876749, -2.492861891654333810E-16, -9.812500000000000000 ) ) ;
#6296 = CARTESIAN_POINT ( 'NONE',  ( -0.8660254037844389297, -1.499999999999999334, -3.291666666666668295 ) ) ;
#6297 = FACE_OUTER_BOUND ( 'NONE', #6258, .T. ) ;
#6298 = CARTESIAN_POINT ( 'NONE',  ( 1.357050807568876971, -2.492861891654333810E-16, -6.812500000000001776 ) ) ;
#6299 = EDGE_CURVE ( 'NONE', #738, #3762, #3689, .T. ) ;
#6300 = CARTESIAN_POINT ( 'NONE',  ( 0.000000000000000000, 1.499999999999999778, -10.49999999999999822 ) ) ;
#6301 = CARTESIAN_POINT ( 'NONE',  ( -0.8660254037844404840, -1.499999999999996891, -8.791666666666669627 ) ) ;
#6302 = VECTOR ( 'NONE', #807, 1000.000000000000000 ) ;
#6303 = CYLINDRICAL_SURFACE ( 'NONE', #742, 1.499999999999999778 ) ;
#6304 = CARTESIAN_POINT ( 'NONE',  ( 1.732050807568877193, -3.181725716174720005E-16, -6.562500000000001776 ) ) ;
#6305 = CARTESIAN_POINT ( 'NONE',  ( -0.8816504037844382635, 1.527063293868263338, 7.557291666666666963 ) ) ;
#6306 = AXIS2_PLACEMENT_3D ( 'NONE', #6159, #1000, #1672 ) ;
#6307 = CARTESIAN_POINT ( 'NONE',  ( 1.017788105676657562, -0.5876202367904181934, 5.645833333333331261 ) ) ;
#6308 = ORIENTED_EDGE ( 'NONE', *, *, #2496, .T. ) ;
#6309 = CARTESIAN_POINT ( 'NONE',  ( -1.439254484199189379E-16, -1.175240473580835276, -6.000000000000000888 ) ) ;
#6310 = LINE ( 'NONE', #1302, #1091 ) ;
#6311 = EDGE_CURVE ( 'NONE', #2453, #1686, #2546, .T. ) ;
#6312 = CARTESIAN_POINT ( 'NONE',  ( -0.6785254037844382635, 1.175240473580835276, -1.208333333333333925 ) ) ;
#6313 = CARTESIAN_POINT ( 'NONE',  ( -1.017788105676657784, 0.5876202367904177493, 2.895833333333331705 ) ) ;
#6314 =( BOUNDED_CURVE ( )  B_SPLINE_CURVE ( 2, ( #4038, #5303, #2964, #691, #6336, #5708, #3601 ),
 .UNSPECIFIED., .F., .T. ) 
 B_SPLINE_CURVE_WITH_KNOTS ( ( 3, 2, 2, 3 ),
 ( 0.5270270270270270840, 0.5315315315315316536, 0.5360360360360360010, 0.5405405405405405705 ),
 .UNSPECIFIED. ) 
 CURVE ( )  GEOMETRIC_REPRESENTATION_ITEM ( )  RATIONAL_B_SPLINE_CURVE ( ( 0.9999999999999966693, 0.8660254037844419273, 1.000000000000000000, 0.8660254037844385966, 1.000000000000000000, 0.8660254037844385966, 1.000000000000000000 ) ) 
 REPRESENTATION_ITEM ( '' )  );
#6315 = CARTESIAN_POINT ( 'NONE',  ( 0.8816504037844392627, 1.527063293868263116, -5.494791666666667851 ) ) ;
#6316 = CARTESIAN_POINT ( 'NONE',  ( -0.8816504037844389297, -1.527063293868263116, 0.2239583333333329540 ) ) ;
#6317 = CARTESIAN_POINT ( 'NONE',  ( -1.439254484199189379E-16, -1.175240473580835276, -5.437500000000001776 ) ) ;
#6318 = ORIENTED_EDGE ( 'NONE', *, *, #4224, .T. ) ;
#6319 = AXIS2_PLACEMENT_3D ( 'NONE', #5517, #2244, #1699 ) ;
#6320 = CARTESIAN_POINT ( 'NONE',  ( -1.357050807568876749, 8.309539638847778957E-17, -7.125000000000000888 ) ) ;
#6321 = DIRECTION ( 'NONE',  ( -0.000000000000000000, 6.173100338913050050E-57, -1.000000000000000000 ) ) ;
#6322 = EDGE_CURVE ( 'NONE', #2673, #3416, #6453, .T. ) ;
#6323 = CARTESIAN_POINT ( 'NONE',  ( -1.836970198721029441E-16, -1.499999999999999778, -8.687500000000000000 ) ) ;
#6324 = CARTESIAN_POINT ( 'NONE',  ( 0.000000000000000000, 1.175240473580835276, 4.249999999999998224 ) ) ;
#6325 = CARTESIAN_POINT ( 'NONE',  ( -0.8816504037844389297, -1.527063293868263116, -6.776041666666668739 ) ) ;
#6326 = VERTEX_POINT ( 'NONE', #6419 ) ;
#6327 = CARTESIAN_POINT ( 'NONE',  ( 0.6785254037844380415, -1.175240473580835721, -0.9583333333333352577 ) ) ;
#6328 = CARTESIAN_POINT ( 'NONE',  ( 1.017788105676657562, -0.5876202367904181934, 6.583333333333331261 ) ) ;
#6329 = DIRECTION ( 'NONE',  ( 0.000000000000000000, 1.000000000000000000, 0.000000000000000000 ) ) ;
#6330 = CARTESIAN_POINT ( 'NONE',  ( 1.357050807568876971, -2.492861891654333810E-16, 2.687499999999998668 ) ) ;
#6331 = CARTESIAN_POINT ( 'NONE',  ( 0.6785254037844380415, -1.175240473580835721, -3.895833333333334370 ) ) ;
#6332 = CARTESIAN_POINT ( 'NONE',  ( 1.299038105676657118, -0.7500000000000004441, 1.333333333333331927 ) ) ;
#6333 = CARTESIAN_POINT ( 'NONE',  ( -1.439254484199189379E-16, -1.175240473580835276, -4.000000000000000888 ) ) ;
#6334 = CARTESIAN_POINT ( 'NONE',  ( 0.000000000000000000, 1.527063293868263338, -0.9531250000000008882 ) ) ;
#6335 = ORIENTED_EDGE ( 'NONE', *, *, #5536, .T. ) ;
#6336 = CARTESIAN_POINT ( 'NONE',  ( 1.299038105676658450, 0.7499999999999986677, -0.5833333333333351467 ) ) ;
#6337 = CARTESIAN_POINT ( 'NONE',  ( 0.000000000000000000, 1.499999999999999778, -8.937500000000001776 ) ) ;
#6338 = CARTESIAN_POINT ( 'NONE',  ( 1.017788105676658228, 0.5876202367904167501, -7.270833333333333925 ) ) ;
#6339 = LINE ( 'NONE', #3494, #2762 ) ;
#6340 = CARTESIAN_POINT ( 'NONE',  ( 0.8660254037844394848, 1.499999999999999334, 2.458333333333332593 ) ) ;
#6341 = CARTESIAN_POINT ( 'NONE',  ( 0.8111586062014316534, 0.9123518281211601133, 7.176950773438783848 ) ) ;
#6342 = CARTESIAN_POINT ( 'NONE',  ( 1.357050807568876971, -2.492861891654333810E-16, -9.812500000000000000 ) ) ;
#6343 = CARTESIAN_POINT ( 'NONE',  ( -1.357050807568876749, 8.309539638847778957E-17, 5.937500000000000000 ) ) ;
#6344 = VERTEX_POINT ( 'NONE', #1339 ) ;
#6345 = ADVANCED_FACE ( 'NONE', ( #5868 ), #665, .T. ) ;
#6346 = CARTESIAN_POINT ( 'NONE',  ( 1.357050807568876971, -2.492861891654333810E-16, -5.875000000000000000 ) ) ;
#6347 = CARTESIAN_POINT ( 'NONE',  ( -1.299038105676657784, 0.7500000000000001110, -0.8541666666666679619 ) ) ;
#6348 = CARTESIAN_POINT ( 'NONE',  ( -1.357050807568876749, 8.309539638847778957E-17, -0.6250000000000005551 ) ) ;
#6349 = CARTESIAN_POINT ( 'NONE',  ( -1.357050807568876971, 8.309539638847778957E-17, 2.437499999999998224 ) ) ;
#6350 = CARTESIAN_POINT ( 'NONE',  ( 0.000000000000000000, 1.527063293868263338, -4.453125000000001776 ) ) ;
#6351 = CARTESIAN_POINT ( 'NONE',  ( -1.322475605676657784, 0.7635316469341318912, -0.4010416666666676289 ) ) ;
#6352 = CARTESIAN_POINT ( 'NONE',  ( 0.6785254037844391517, 1.175240473580835054, -3.229166666666667407 ) ) ;
#6353 = VERTEX_POINT ( 'NONE', #5314 ) ;
#6354 = EDGE_CURVE ( 'NONE', #4222, #5838, #1666, .T. ) ;
#6355 = CARTESIAN_POINT ( 'NONE',  ( -1.017788105676658006, -0.5876202367904174162, -9.583333333333333925 ) ) ;
#6356 = B_SPLINE_CURVE_WITH_KNOTS ( 'NONE', 3,
 ( #3767, #2538, #1532, #5359, #257, #2678 ),
 .UNSPECIFIED., .F., .F.,
 ( 4, 2, 4 ),
 ( 0.0007647701669575281093, 0.001138845728486596659, 0.001512921290015665100 ),
 .UNSPECIFIED. ) ;
#6357 = DIRECTION ( 'NONE',  ( -0.000000000000000000, 6.173100338913050050E-57, -1.000000000000000000 ) ) ;
#6358 = VECTOR ( 'NONE', #1110, 1000.000000000000000 ) ;
#6359 =( BOUNDED_CURVE ( )  B_SPLINE_CURVE ( 2, ( #1147, #4977, #2140, #4459, #467, #2291, #5674 ),
 .UNSPECIFIED., .F., .T. ) 
 B_SPLINE_CURVE_WITH_KNOTS ( ( 3, 2, 2, 3 ),
 ( 0.5000000000000000000, 0.5045045045045044585, 0.5090090090090091390, 0.5135135135135135975 ),
 .UNSPECIFIED. ) 
 CURVE ( )  GEOMETRIC_REPRESENTATION_ITEM ( )  RATIONAL_B_SPLINE_CURVE ( ( 1.000000000000000000, 0.8660254037844387076, 1.000000000000000000, 0.8660254037844387076, 1.000000000000000000, 0.8660254037844353769, 1.000000000000003331 ) ) 
 REPRESENTATION_ITEM ( '' )  );
#6360 = CYLINDRICAL_SURFACE ( 'NONE', #2872, 1.499999999999999778 ) ;
#6361 = CARTESIAN_POINT ( 'NONE',  ( 0.000000000000000000, 1.175240473580835276, 6.749999999999997335 ) ) ;
#6362 = CARTESIAN_POINT ( 'NONE',  ( 0.8816504037844380415, -1.527063293868264005, -7.192708333333333925 ) ) ;
#6363 = EDGE_LOOP ( 'NONE', ( #3509, #7266, #6994, #5075 ) ) ;
#6364 = CARTESIAN_POINT ( 'NONE',  ( -1.357050807568876971, 8.309539638847778957E-17, 4.874999999999999112 ) ) ;
#6365 = DIRECTION ( 'NONE',  ( 0.000000000000000000, 1.000000000000000000, 0.000000000000000000 ) ) ;
#6366 = CARTESIAN_POINT ( 'NONE',  ( -1.299038105676657784, -0.7499999999999995559, -6.770833333333334814 ) ) ;
#6367 = CARTESIAN_POINT ( 'NONE',  ( -1.017788105676658006, -0.5876202367904174162, 1.979166666666665630 ) ) ;
#6368 = CARTESIAN_POINT ( 'NONE',  ( 1.017788105676657562, -0.5876202367904181934, -1.854166666666667185 ) ) ;
#6369 = CARTESIAN_POINT ( 'NONE',  ( 1.836970198721029688E-16, -1.499999999999999778, -10.49999999999999822 ) ) ;
#6370 = CARTESIAN_POINT ( 'NONE',  ( -1.439254484199189379E-16, -1.175240473580835276, -2.000000000000001776 ) ) ;
#6371 = CARTESIAN_POINT ( 'NONE',  ( -1.322475605676657784, -0.7635316469341314471, -0.7864583333333351467 ) ) ;
#6372 = ORIENTED_EDGE ( 'NONE', *, *, #3642, .F. ) ;
#6373 = CARTESIAN_POINT ( 'NONE',  ( 0.000000000000000000, 1.175240473580835276, -9.687500000000001776 ) ) ;
#6374 = CARTESIAN_POINT ( 'NONE',  ( -1.249999999999999778, 1.530534557306790226E-16, 10.19837115155288032 ) ) ;
#6375 = EDGE_CURVE ( 'NONE', #5182, #1559, #401, .T. ) ;
#6376 = CARTESIAN_POINT ( 'NONE',  ( 0.000000000000000000, 1.499999999999999556, -5.500000000000000888 ) ) ;
#6377 = CARTESIAN_POINT ( 'NONE',  ( -1.357050807568876971, 8.309539638847778957E-17, -5.562500000000000000 ) ) ;
#6378 = CARTESIAN_POINT ( 'NONE',  ( -0.9066209444515993532, 0.9421618962948554721, 7.237124844910287180 ) ) ;
#6379 = CARTESIAN_POINT ( 'NONE',  ( -1.836970198721029441E-16, -1.499999999999999778, 3.312499999999997780 ) ) ;
#6380 = LINE ( 'NONE', #623, #6084 ) ;
#6381 = PRODUCT_CONTEXT ( 'NONE', #4360, 'mechanical' ) ;
#6382 = CARTESIAN_POINT ( 'NONE',  ( -1.357050807568876971, 8.309539638847778957E-17, -10.06249999999999822 ) ) ;
#6383 = CARTESIAN_POINT ( 'NONE',  ( -1.017788105676657784, 0.5876202367904177493, 6.395833333333331261 ) ) ;
#6384 = EDGE_LOOP ( 'NONE', ( #5480, #4324, #848, #6129 ) ) ;
#6385 = CARTESIAN_POINT ( 'NONE',  ( 0.000000000000000000, 1.175240473580835276, -5.250000000000000888 ) ) ;
#6386 = CARTESIAN_POINT ( 'NONE',  ( -1.732050807568877193, 1.060575238724906792E-16, -1.312500000000001332 ) ) ;
#6387 = CARTESIAN_POINT ( 'NONE',  ( -1.439254484199189379E-16, -1.175240473580835276, 0.4999999999999987232 ) ) ;
#6388 = CARTESIAN_POINT ( 'NONE',  ( 1.017788105676657562, -0.5876202367904181934, 2.145833333333333037 ) ) ;
#6389 = CARTESIAN_POINT ( 'NONE',  ( -1.322475605676657784, -0.7635316469341314471, -4.286458333333334814 ) ) ;
#6390 = CARTESIAN_POINT ( 'NONE',  ( 0.000000000000000000, 1.527063293868263338, 0.01562499999999827915 ) ) ;
#6391 = CARTESIAN_POINT ( 'NONE',  ( -1.357050807568876749, 8.309539638847778957E-17, -4.062500000000000888 ) ) ;
#6392 = ORIENTED_EDGE ( 'NONE', *, *, #6999, .T. ) ;
#6393 = CARTESIAN_POINT ( 'NONE',  ( -1.017788105676657784, 0.5876202367904177493, -8.666666666666667851 ) ) ;
#6394 = CYLINDRICAL_SURFACE ( 'NONE', #1144, 1.499999999999999778 ) ;
#6395 = EDGE_CURVE ( 'NONE', #2541, #5264, #3930, .T. ) ;
#6396 = CARTESIAN_POINT ( 'NONE',  ( 0.000000000000000000, 1.296351071171740261E-55, -10.49999999999999822 ) ) ;
#6397 = CARTESIAN_POINT ( 'NONE',  ( 1.357050807568876971, -2.492861891654333810E-16, 6.125000000000000000 ) ) ;
#6398 = CARTESIAN_POINT ( 'NONE',  ( 1.763300807568876971, -3.239131034884752106E-16, -7.609375000000002665 ) ) ;
#6399 = VERTEX_POINT ( 'NONE', #4315 ) ;
#6400 = CARTESIAN_POINT ( 'NONE',  ( -0.6785254037844388186, -1.175240473580835276, 6.958333333333332149 ) ) ;
#6401 = CARTESIAN_POINT ( 'NONE',  ( 1.551628848447119013, -6.481755355858701307E-56, 10.49999999999999822 ) ) ;
#6402 = DIRECTION ( 'NONE',  ( 0.000000000000000000, -1.000000000000000000, -1.281975124255723263E-16 ) ) ;
#6403 = CARTESIAN_POINT ( 'NONE',  ( -1.357050807568876971, 8.309539638847778957E-17, 2.437499999999998224 ) ) ;
#6404 = CARTESIAN_POINT ( 'NONE',  ( 1.017788105676657562, -0.5876202367904181934, -2.854166666666667851 ) ) ;
#6405 = CARTESIAN_POINT ( 'NONE',  ( 1.836970198721029688E-16, -1.499999999999999778, -10.49999999999999822 ) ) ;
#6406 = CARTESIAN_POINT ( 'NONE',  ( 1.357050807568876971, -2.492861891654333810E-16, -2.375000000000000444 ) ) ;
#6407 = CARTESIAN_POINT ( 'NONE',  ( -0.8816504037844382635, 1.527063293868263338, 2.588541666666664298 ) ) ;
#6408 = ORIENTED_EDGE ( 'NONE', *, *, #5641, .T. ) ;
#6409 = CARTESIAN_POINT ( 'NONE',  ( 0.000000000000000000, 1.499999999999999556, 1.499999999999999556 ) ) ;
#6410 = CARTESIAN_POINT ( 'NONE',  ( -1.249999999999999778, -0.4977939633749660087, 10.27979988797090805 ) ) ;
#6411 = CARTESIAN_POINT ( 'NONE',  ( -1.299038105676657562, 0.7500000000000000000, 6.083333333333331261 ) ) ;
#6412 = CARTESIAN_POINT ( 'NONE',  ( -1.017788105676658006, -0.5876202367904174162, -6.520833333333333925 ) ) ;
#6413 = CARTESIAN_POINT ( 'NONE',  ( 1.357050807568876971, -2.492861891654333810E-16, -9.875000000000001776 ) ) ;
#6414 = LINE ( 'NONE', #4229, #3834 ) ;
#6415 = CARTESIAN_POINT ( 'NONE',  ( 1.017788105676658228, 0.5876202367904167501, -8.770833333333333925 ) ) ;
#6416 = CARTESIAN_POINT ( 'NONE',  ( -1.439254484199189379E-16, -1.175240473580835276, 6.562499999999997335 ) ) ;
#6417 = ORIENTED_EDGE ( 'NONE', *, *, #6273, .F. ) ;
#6418 = CARTESIAN_POINT ( 'NONE',  ( -1.357050807568876971, 8.309539638847778957E-17, -6.625000000000000000 ) ) ;
#6419 = CARTESIAN_POINT ( 'NONE',  ( -1.836970198721029441E-16, -1.499999999999999778, -0.6875000000000006661 ) ) ;
#6420 = CARTESIAN_POINT ( 'NONE',  ( 1.357050807568876749, -2.492861891654333810E-16, -0.8750000000000007772 ) ) ;
#6421 = CARTESIAN_POINT ( 'NONE',  ( -0.6785254037844383745, 1.175240473580835499, 6.354166666666666075 ) ) ;
#6422 = AXIS2_PLACEMENT_3D ( 'NONE', #6396, #4666, #4743 ) ;
#6423 = CARTESIAN_POINT ( 'NONE',  ( 0.000000000000000000, 1.527063293868263338, -3.953125000000000888 ) ) ;
#6424 = CARTESIAN_POINT ( 'NONE',  ( -1.322475605676657784, -0.7635316469341314471, -0.3177083333333347581 ) ) ;
#6425 = CARTESIAN_POINT ( 'NONE',  ( 1.357050807568876749, -2.492861891654333810E-16, -2.312500000000000444 ) ) ;
#6426 = VERTEX_POINT ( 'NONE', #282 ) ;
#6427 = CARTESIAN_POINT ( 'NONE',  ( 0.6785254037844380415, -1.175240473580835499, -8.958333333333333925 ) ) ;
#6428 = DIRECTION ( 'NONE',  ( 0.000000000000000000, 1.000000000000000000, 0.000000000000000000 ) ) ;
#6429 = CARTESIAN_POINT ( 'NONE',  ( -1.017788105676658006, -0.5876202367904174162, 4.916666666666664298 ) ) ;
#6430 = CARTESIAN_POINT ( 'NONE',  ( 0.000000000000000000, 1.527063293868263338, -5.984375000000000888 ) ) ;
#6431 = VECTOR ( 'NONE', #3997, 1000.000000000000000 ) ;
#6432 = ORIENTED_EDGE ( 'NONE', *, *, #763, .T. ) ;
#6433 = CARTESIAN_POINT ( 'NONE',  ( 1.017788105676657562, -0.5876202367904181934, 7.083333333333332149 ) ) ;
#6434 = CARTESIAN_POINT ( 'NONE',  ( 1.299038105676658672, 0.7499999999999987788, -2.020833333333334370 ) ) ;
#6435 = EDGE_CURVE ( 'NONE', #1940, #1287, #3195, .T. ) ;
#6436 = CARTESIAN_POINT ( 'NONE',  ( 0.6785254037844392627, 1.175240473580835054, 3.270833333333332149 ) ) ;
#6437 = CARTESIAN_POINT ( 'NONE',  ( -1.357050807568876971, 8.309539638847778957E-17, -2.562500000000000888 ) ) ;
#6438 = CARTESIAN_POINT ( 'NONE',  ( 1.017788105676657562, -0.5876202367904181934, 6.583333333333331261 ) ) ;
#6439 = DIRECTION ( 'NONE',  ( 0.000000000000000000, 1.000000000000000000, 0.000000000000000000 ) ) ;
#6440 = CARTESIAN_POINT ( 'NONE',  ( 1.017788105676657562, -0.5876202367904181934, -2.416666666666667851 ) ) ;
#6441 = CARTESIAN_POINT ( 'NONE',  ( -1.870113174931182636E-16, -1.527063293868263338, 2.796874999999999112 ) ) ;
#6442 = ORIENTED_EDGE ( 'NONE', *, *, #5562, .T. ) ;
#6443 = CARTESIAN_POINT ( 'NONE',  ( 0.6785254037844380415, -1.175240473580835499, -7.395833333333333925 ) ) ;
#6444 = CARTESIAN_POINT ( 'NONE',  ( 0.000000000000000000, 1.296351071171740261E-55, -10.49999999999999822 ) ) ;
#6445 = CARTESIAN_POINT ( 'NONE',  ( 0.000000000000000000, 1.499999999999999778, -10.49999999999999822 ) ) ;
#6446 = ADVANCED_FACE ( 'NONE', ( #355 ), #7005, .F. ) ;
#6447 = CARTESIAN_POINT ( 'NONE',  ( 0.6785254037844380415, -1.175240473580835721, -7.395833333333333925 ) ) ;
#6448 = CARTESIAN_POINT ( 'NONE',  ( -0.6785254037844383745, 1.175240473580835499, -9.208333333333333925 ) ) ;
#6449 = CARTESIAN_POINT ( 'NONE',  ( 0.8660254037844378194, -1.500000000000000000, -8.645833333333333925 ) ) ;
#6450 = CARTESIAN_POINT ( 'NONE',  ( 0.6785254037844392627, 1.175240473580835054, -7.729166666666666963 ) ) ;
#6451 = CARTESIAN_POINT ( 'NONE',  ( 1.357050807568876749, -2.492861891654333810E-16, 5.187499999999999112 ) ) ;
#6452 = CARTESIAN_POINT ( 'NONE',  ( 0.000000000000000000, 1.499999999999999778, -10.49999999999999822 ) ) ;
#6453 = LINE ( 'NONE', #1895, #2516 ) ;
#6454 = CARTESIAN_POINT ( 'NONE',  ( 0.000000000000000000, 1.175240473580835276, 5.812500000000000000 ) ) ;
#6455 = CARTESIAN_POINT ( 'NONE',  ( -1.836970198721029441E-16, -1.499999999999999556, 6.250000000000000000 ) ) ;
#6456 = CARTESIAN_POINT ( 'NONE',  ( 0.000000000000000000, 1.527063293868263338, -5.453125000000001776 ) ) ;
#6457 = CARTESIAN_POINT ( 'NONE',  ( -0.8816504037844382635, 1.527063293868263338, -0.4427083333333349247 ) ) ;
#6458 = CARTESIAN_POINT ( 'NONE',  ( -0.6785254037844388186, -1.175240473580835054, -3.479166666666668295 ) ) ;
#6459 = ORIENTED_EDGE ( 'NONE', *, *, #1596, .F. ) ;
#6460 = CARTESIAN_POINT ( 'NONE',  ( -0.6785254037844382635, 1.175240473580835276, -7.708333333333334814 ) ) ;
#6461 = EDGE_CURVE ( 'NONE', #3801, #6732, #2404, .T. ) ;
#6462 = CARTESIAN_POINT ( 'NONE',  ( 1.299038105676658672, 0.7499999999999987788, -3.520833333333334814 ) ) ;
#6463 = CARTESIAN_POINT ( 'NONE',  ( -0.6785254037844383745, 1.175240473580835499, 5.791666666666665186 ) ) ;
#6464 = CARTESIAN_POINT ( 'NONE',  ( 1.763300807568876971, -3.239131034884752106E-16, -8.109375000000000000 ) ) ;
#6465 = ORIENTED_EDGE ( 'NONE', *, *, #6311, .F. ) ;
#6466 = CARTESIAN_POINT ( 'NONE',  ( 0.6785254037844392627, 1.175240473580835054, 5.708333333333330373 ) ) ;
#6467 = CARTESIAN_POINT ( 'NONE',  ( 1.732050807568877193, -3.181725716174720005E-16, -2.062500000000001776 ) ) ;
#6468 = AXIS2_PLACEMENT_3D ( 'NONE', #4760, #6549, #3638 ) ;
#6469 = CARTESIAN_POINT ( 'NONE',  ( 0.6785254037844380415, -1.175240473580835721, 3.604166666666665186 ) ) ;
#6470 = CARTESIAN_POINT ( 'NONE',  ( 0.6785254037844380415, -1.175240473580835721, -0.8958333333333351467 ) ) ;
#6471 = CARTESIAN_POINT ( 'NONE',  ( 0.000000000000000000, 1.296351071171740261E-55, -10.49999999999999822 ) ) ;
#6472 = ORIENTED_EDGE ( 'NONE', *, *, #5144, .F. ) ;
#6473 = CARTESIAN_POINT ( 'NONE',  ( -0.6785254037844388186, -1.175240473580835276, -1.041666666666668295 ) ) ;
#6474 = CARTESIAN_POINT ( 'NONE',  ( -0.8816504037844389297, -1.527063293868263116, 2.255208333333331261 ) ) ;
#6475 = ORIENTED_EDGE ( 'NONE', *, *, #2272, .F. ) ;
#6476 = CARTESIAN_POINT ( 'NONE',  ( 1.357050807568876749, -2.492861891654333810E-16, -8.312500000000000000 ) ) ;
#6477 = CARTESIAN_POINT ( 'NONE',  ( 0.000000000000000000, 1.499999999999999556, -6.000000000000001776 ) ) ;
#6478 = CARTESIAN_POINT ( 'NONE',  ( 1.017788105676657562, -0.5876202367904181934, -4.354166666666667851 ) ) ;
#6479 = CARTESIAN_POINT ( 'NONE',  ( -0.6785254037844388186, -1.175240473580835276, -9.041666666666669627 ) ) ;
#6480 = CARTESIAN_POINT ( 'NONE',  ( -1.836970198721029441E-16, -1.499999999999999778, -9.187500000000001776 ) ) ;
#6481 = EDGE_CURVE ( 'NONE', #6092, #3108, #2725, .T. ) ;
#6482 = CARTESIAN_POINT ( 'NONE',  ( 0.000000000000000000, 1.175240473580835276, -6.687500000000000888 ) ) ;
#6483 = CARTESIAN_POINT ( 'NONE',  ( 1.836970198721029688E-16, -1.499999999999999778, -10.49999999999999822 ) ) ;
#6484 = CARTESIAN_POINT ( 'NONE',  ( 0.000000000000000000, 1.499999999999999778, 5.562500000000000000 ) ) ;
#6485 = CARTESIAN_POINT ( 'NONE',  ( -1.299038105676657784, 0.7500000000000001110, -3.354166666666667407 ) ) ;
#6486 = CARTESIAN_POINT ( 'NONE',  ( -1.439254484199189379E-16, -1.175240473580835276, 0.9999999999999991118 ) ) ;
#6487 = CARTESIAN_POINT ( 'NONE',  ( 0.6785254037844380415, -1.175240473580835721, 6.604166666666666075 ) ) ;
#6488 = DIRECTION ( 'NONE',  ( -0.000000000000000000, 6.173100338913050050E-57, -1.000000000000000000 ) ) ;
#6489 = CARTESIAN_POINT ( 'NONE',  ( 0.000000000000000000, 1.527063293868263338, -2.953125000000000888 ) ) ;
#6490 = CARTESIAN_POINT ( 'NONE',  ( 0.8816504037844392627, 1.527063293868263116, 3.973958333333332593 ) ) ;
#6491 = ORIENTED_EDGE ( 'NONE', *, *, #5864, .T. ) ;
#6492 = CARTESIAN_POINT ( 'NONE',  ( -1.017788105676658006, -0.5876202367904174162, -3.520833333333333925 ) ) ;
#6493 = ORIENTED_EDGE ( 'NONE', *, *, #5045, .T. ) ;
#6494 = CARTESIAN_POINT ( 'NONE',  ( -1.439254484199189379E-16, -1.175240473580835276, -7.000000000000000888 ) ) ;
#6495 = CARTESIAN_POINT ( 'NONE',  ( -1.017788105676658006, -0.5876202367904174162, -3.083333333333334814 ) ) ;
#6496 = CYLINDRICAL_SURFACE ( 'NONE', #7224, 1.499999999999999778 ) ;
#6497 = CARTESIAN_POINT ( 'NONE',  ( -1.017788105676657784, 0.5876202367904177493, 5.833333333333331261 ) ) ;
#6498 = CARTESIAN_POINT ( 'NONE',  ( -1.322475605676657784, 0.7635316469341318912, -3.901041666666667407 ) ) ;
#6499 = ORIENTED_EDGE ( 'NONE', *, *, #4740, .T. ) ;
#6500 =( BOUNDED_CURVE ( )  B_SPLINE_CURVE ( 2, ( #2255, #6228, #6117, #1148, #5126, #17, #3866 ),
 .UNSPECIFIED., .F., .T. ) 
 B_SPLINE_CURVE_WITH_KNOTS ( ( 3, 2, 2, 3 ),
 ( 0.2027027027027027140, 0.2072072072072072002, 0.2117117117117117142, 0.2162162162162162282 ),
 .UNSPECIFIED. ) 
 CURVE ( )  GEOMETRIC_REPRESENTATION_ITEM ( )  RATIONAL_B_SPLINE_CURVE ( ( 1.000000000000000000, 0.8660254037844385966, 1.000000000000000000, 0.8660254037844385966, 1.000000000000000000, 0.8660254037844385966, 1.000000000000000000 ) ) 
 REPRESENTATION_ITEM ( '' )  );
#6501 = CARTESIAN_POINT ( 'NONE',  ( -0.8660254037844382635, 1.499999999999999556, -0.4583333333333351467 ) ) ;
#6502 = CARTESIAN_POINT ( 'NONE',  ( 1.017788105676658228, 0.5876202367904167501, 3.729166666666665186 ) ) ;
#6503 = CARTESIAN_POINT ( 'NONE',  ( 0.6785254037844392627, 1.175240473580835054, -2.229166666666667407 ) ) ;
#6504 = CARTESIAN_POINT ( 'NONE',  ( -1.299038105676657784, -0.7499999999999995559, 0.2291666666666657137 ) ) ;
#6505 = LINE ( 'NONE', #1576, #4064 ) ;
#6506 = CARTESIAN_POINT ( 'NONE',  ( -1.357050807568876971, 8.309539638847778957E-17, -3.125000000000000888 ) ) ;
#6507 = CARTESIAN_POINT ( 'NONE',  ( -1.763300807568876971, 1.079710344961584035E-16, 4.171874999999998224 ) ) ;
#6508 = ORIENTED_EDGE ( 'NONE', *, *, #6221, .T. ) ;
#6509 = CARTESIAN_POINT ( 'NONE',  ( 0.000000000000000000, 1.175240473580835276, -9.187500000000001776 ) ) ;
#6510 = CARTESIAN_POINT ( 'NONE',  ( 0.000000000000000000, 1.499999999999999778, -3.937500000000000888 ) ) ;
#6511 = CARTESIAN_POINT ( 'NONE',  ( 0.6785254037844392627, 1.175240473580835054, -3.729166666666668295 ) ) ;
#6512 = CARTESIAN_POINT ( 'NONE',  ( -1.017788105676657784, 0.5876202367904177493, -10.16666666666666785 ) ) ;
#6513 = FACE_OUTER_BOUND ( 'NONE', #869, .T. ) ;
#6514 = ADVANCED_BREP_SHAPE_REPRESENTATION ( '91290A121_Alloy Steel Socket Head Screw_91290A121', ( #6010, #2406 ), #2284 ) ;
#6515 = CARTESIAN_POINT ( 'NONE',  ( -1.017788105676658006, -0.5876202367904174162, -6.520833333333333925 ) ) ;
#6516 = CARTESIAN_POINT ( 'NONE',  ( -1.017788105676658006, -0.5876202367904174162, 6.979166666666666075 ) ) ;
#6517 = CARTESIAN_POINT ( 'NONE',  ( 1.017788105676657562, -0.5876202367904181934, 1.083333333333331927 ) ) ;
#6518 = CARTESIAN_POINT ( 'NONE',  ( 2.691029544557175478E-11, -1.467524047359231920, 7.331250000000659739 ) ) ;
#6519 = CARTESIAN_POINT ( 'NONE',  ( 0.000000000000000000, 1.499999999999999556, 0.4999999999999986122 ) ) ;
#6520 = ADVANCED_FACE ( 'NONE', ( #7112 ), #3736, .T. ) ;
#6521 = CARTESIAN_POINT ( 'NONE',  ( -1.017788105676658006, -0.5876202367904174162, 1.916666666666665408 ) ) ;
#6522 = CARTESIAN_POINT ( 'NONE',  ( -0.6785254037844383745, 1.175240473580835499, 5.854166666666666075 ) ) ;
#6523 = CARTESIAN_POINT ( 'NONE',  ( 0.1647871618767706992, -1.173140292258630701, -10.49341613496728343 ) ) ;
#6524 = CARTESIAN_POINT ( 'NONE',  ( 0.000000000000000000, 1.527063293868263338, -2.453125000000002220 ) ) ;
#6525 = CARTESIAN_POINT ( 'NONE',  ( 1.322475605676658450, 0.7635316469341306700, 2.932291666666666519 ) ) ;
#6526 = ORIENTED_EDGE ( 'NONE', *, *, #4156, .T. ) ;
#6527 = CARTESIAN_POINT ( 'NONE',  ( -1.439254484199189379E-16, -1.175240473580835276, 1.062499999999999112 ) ) ;
#6528 = ORIENTED_EDGE ( 'NONE', *, *, #2253, .F. ) ;
#6529 = CARTESIAN_POINT ( 'NONE',  ( -0.6785254037844382635, 1.175240473580835276, -6.208333333333334814 ) ) ;
#6530 = EDGE_CURVE ( 'NONE', #1940, #1761, #2728, .T. ) ;
#6531 = VECTOR ( 'NONE', #5976, 1000.000000000000000 ) ;
#6532 = CARTESIAN_POINT ( 'NONE',  ( 0.8660254037844378194, -1.500000000000000000, -3.645833333333334370 ) ) ;
#6533 = CARTESIAN_POINT ( 'NONE',  ( -1.763300807568876971, 1.079710344961584035E-16, -9.828125000000001776 ) ) ;
#6534 = CARTESIAN_POINT ( 'NONE',  ( 1.763300807568876971, -3.239131034884752106E-16, -5.109375000000000888 ) ) ;
#6535 = ORIENTED_EDGE ( 'NONE', *, *, #4819, .T. ) ;
#6536 = AXIS2_PLACEMENT_3D ( 'NONE', #2219, #3386, #15 ) ;
#6537 = CARTESIAN_POINT ( 'NONE',  ( -1.836970198721029441E-16, -1.499999999999999556, -0.2500000000000002776 ) ) ;
#6538 = CARTESIAN_POINT ( 'NONE',  ( -1.439254484199189379E-16, -1.175240473580835276, 5.562500000000000000 ) ) ;
#6539 = CARTESIAN_POINT ( 'NONE',  ( -1.357050807568876971, 8.309539638847778957E-17, 0.4374999999999986122 ) ) ;
#6540 = CARTESIAN_POINT ( 'NONE',  ( 0.000000000000000000, 1.499999999999999556, 0.9999999999999991118 ) ) ;
#6541 = CARTESIAN_POINT ( 'NONE',  ( 0.000000000000000000, 1.499999999999999556, 6.499999999999997335 ) ) ;
#6542 = CARTESIAN_POINT ( 'NONE',  ( 1.017788105676658228, 0.5876202367904167501, -0.3333333333333348136 ) ) ;
#6543 =( BOUNDED_CURVE ( )  B_SPLINE_CURVE ( 2, ( #3706, #1398, #1471, #3186, #3076, #2062, #3225 ),
 .UNSPECIFIED., .F., .T. ) 
 B_SPLINE_CURVE_WITH_KNOTS ( ( 3, 2, 2, 3 ),
 ( 0.7027027027027027417, 0.7072072072072073112, 0.7117117117117117697, 0.7162162162162162282 ),
 .UNSPECIFIED. ) 
 CURVE ( )  GEOMETRIC_REPRESENTATION_ITEM ( )  RATIONAL_B_SPLINE_CURVE ( ( 0.9999999999999966693, 0.8660254037844420383, 1.000000000000000000, 0.8660254037844387076, 1.000000000000000000, 0.8660254037844387076, 1.000000000000000000 ) ) 
 REPRESENTATION_ITEM ( '' )  );
#6544 = LINE ( 'NONE', #4931, #5965 ) ;
#6545 = CARTESIAN_POINT ( 'NONE',  ( 0.000000000000000000, 1.527063293868263338, 3.046874999999999112 ) ) ;
#6546 = ORIENTED_EDGE ( 'NONE', *, *, #2598, .T. ) ;
#6547 = CARTESIAN_POINT ( 'NONE',  ( 0.6785254037844391517, 1.175240473580835054, -8.229166666666667851 ) ) ;
#6548 = CARTESIAN_POINT ( 'NONE',  ( -0.8660254037844327124, -1.500000000000009770, 2.770833333333331705 ) ) ;
#6549 = DIRECTION ( 'NONE',  ( -0.000000000000000000, 6.173100338913050050E-57, -1.000000000000000000 ) ) ;
#6550 = AXIS2_PLACEMENT_3D ( 'NONE', #6822, #3534, #123 ) ;
#6551 = CARTESIAN_POINT ( 'NONE',  ( 1.357050807568876971, -2.492861891654333810E-16, -4.375000000000000888 ) ) ;
#6552 = CARTESIAN_POINT ( 'NONE',  ( -0.6785254037844383745, 1.175240473580835499, -3.645833333333334370 ) ) ;
#6553 = CARTESIAN_POINT ( 'NONE',  ( -1.836970198721029441E-16, -1.499999999999999778, -7.687500000000001776 ) ) ;
#6554 = CARTESIAN_POINT ( 'NONE',  ( -1.070362740504787968, 0.8742104013332294699, -10.29631443010641867 ) ) ;
#6555 = EDGE_CURVE ( 'NONE', #6933, #2453, #2160, .T. ) ;
#6556 = CARTESIAN_POINT ( 'NONE',  ( -1.017788105676658006, -0.5876202367904174162, -6.020833333333334814 ) ) ;
#6557 = CARTESIAN_POINT ( 'NONE',  ( 0.000000000000000000, 1.296351071171740261E-55, -10.49999999999999822 ) ) ;
#6558 = CARTESIAN_POINT ( 'NONE',  ( 1.357050807568876971, -2.492861891654333810E-16, 1.624999999999998002 ) ) ;
#6559 = CARTESIAN_POINT ( 'NONE',  ( -1.299038105676657562, -0.7499999999999994449, -8.333333333333333925 ) ) ;
#6560 = CARTESIAN_POINT ( 'NONE',  ( -1.250000000000000000, -0.7216878364870322748, 10.39174682452694576 ) ) ;
#6561 =( BOUNDED_CURVE ( )  B_SPLINE_CURVE ( 2, ( #2561, #4272, #4872, #6046, #5972, #880, #7110 ),
 .UNSPECIFIED., .F., .T. ) 
 B_SPLINE_CURVE_WITH_KNOTS ( ( 3, 2, 2, 3 ),
 ( 0.02702702702702705281, 0.03153153153153159804, 0.03603603603603602878, 0.04054054054054057749 ),
 .UNSPECIFIED. ) 
 CURVE ( )  GEOMETRIC_REPRESENTATION_ITEM ( )  RATIONAL_B_SPLINE_CURVE ( ( 0.9999999999999975575, 0.8660254037844410391, 1.000000000000000000, 0.8660254037844387076, 1.000000000000000000, 0.8660254037844384856, 1.000000000000000222 ) ) 
 REPRESENTATION_ITEM ( '' )  );
#6562 = CARTESIAN_POINT ( 'NONE',  ( 1.017788105676658228, 0.5876202367904167501, -2.333333333333334814 ) ) ;
#6563 = CARTESIAN_POINT ( 'NONE',  ( 1.357050807568876971, -2.492861891654333810E-16, 6.687499999999998224 ) ) ;
#6564 = CARTESIAN_POINT ( 'NONE',  ( 0.000000000000000000, 1.499999999999999556, -5.500000000000000888 ) ) ;
#6565 = CARTESIAN_POINT ( 'NONE',  ( -1.732050807568877193, 1.060575238724906792E-16, -6.312500000000000888 ) ) ;
#6566 = CARTESIAN_POINT ( 'NONE',  ( -1.322475605676657784, -0.7635316469341314471, 2.682291666666666075 ) ) ;
#6567 = ORIENTED_EDGE ( 'NONE', *, *, #3869, .T. ) ;
#6568 = ADVANCED_FACE ( 'NONE', ( #1912 ), #2750, .T. ) ;
#6569 = CARTESIAN_POINT ( 'NONE',  ( -0.6785254037844388186, -1.175240473580835054, 0.02083333333333277360 ) ) ;
#6570 = ORIENTED_EDGE ( 'NONE', *, *, #4144, .T. ) ;
#6571 = CARTESIAN_POINT ( 'NONE',  ( 1.357050807568876749, -2.492861891654333810E-16, -4.875000000000000888 ) ) ;
#6572 = CARTESIAN_POINT ( 'NONE',  ( 1.322475605676657340, -0.7635316469341323353, -9.619791666666667851 ) ) ;
#6573 = CARTESIAN_POINT ( 'NONE',  ( 0.000000000000000000, 1.527063293868263338, -4.484375000000000888 ) ) ;
#6574 = EDGE_CURVE ( 'NONE', #4826, #851, #2295, .T. ) ;
#6575 = ORIENTED_EDGE ( 'NONE', *, *, #1752, .T. ) ;
#6576 = CARTESIAN_POINT ( 'NONE',  ( 0.000000000000000000, 1.175240473580835276, -0.2500000000000019429 ) ) ;
#6577 = CARTESIAN_POINT ( 'NONE',  ( 1.017788105676657562, -0.5876202367904181934, 4.145833333333331261 ) ) ;
#6578 = CARTESIAN_POINT ( 'NONE',  ( -0.6785254037844383745, 1.175240473580835499, -0.6458333333333350357 ) ) ;
#6579 = CARTESIAN_POINT ( 'NONE',  ( -0.8660254037844391517, -1.499999999999999334, 0.2708333333333312054 ) ) ;
#6580 = CARTESIAN_POINT ( 'NONE',  ( -1.551628848447119013, 1.900197302715457966E-16, 10.49999999999999822 ) ) ;
#6581 = CARTESIAN_POINT ( 'NONE',  ( -1.357050807568876971, 8.309539638847778957E-17, 1.374999999999999556 ) ) ;
#6582 = DIRECTION ( 'NONE',  ( -0.000000000000000000, 6.173100338913050050E-57, -1.000000000000000000 ) ) ;
#6583 = CARTESIAN_POINT ( 'NONE',  ( -0.8816504037844382635, 1.527063293868263338, 6.588541666666666075 ) ) ;
#6584 = VECTOR ( 'NONE', #6801, 1000.000000000000000 ) ;
#6585 = ORIENTED_EDGE ( 'NONE', *, *, #2465, .F. ) ;
#6586 = CARTESIAN_POINT ( 'NONE',  ( -0.6785254037844388186, -1.175240473580835054, -8.479166666666667851 ) ) ;
#6587 = CARTESIAN_POINT ( 'NONE',  ( 0.8660254037844380415, -1.500000000000000444, 4.791666666666667851 ) ) ;
#6588 = CARTESIAN_POINT ( 'NONE',  ( 1.299038105676657340, -0.7500000000000005551, -4.104166666666667851 ) ) ;
#6589 = CARTESIAN_POINT ( 'NONE',  ( -1.439254484199189379E-16, -1.175240473580835276, -2.937500000000000888 ) ) ;
#6591 =( BOUNDED_CURVE ( )  B_SPLINE_CURVE ( 2, ( #3300, #538, #987, #2280, #3262, #5084, #7327 ),
 .UNSPECIFIED., .F., .F. ) 
 B_SPLINE_CURVE_WITH_KNOTS ( ( 3, 2, 2, 3 ),
 ( 0.3783783783783783439, 0.3828828828828828024, 0.3873873873873874274, 0.3918918918918918859 ),
 .UNSPECIFIED. ) 
 CURVE ( )  GEOMETRIC_REPRESENTATION_ITEM ( )  RATIONAL_B_SPLINE_CURVE ( ( 1.000000000000001776, 0.8660254037844371533, 1.000000000000000000, 0.8660254037844387076, 1.000000000000000000, 0.8660254037844387076, 1.000000000000000000 ) ) 
 REPRESENTATION_ITEM ( '' )  );
#6590 = CARTESIAN_POINT ( 'NONE',  ( 1.836970198721029688E-16, -1.499999999999999778, -10.49999999999999822 ) ) ;
#6592 = CARTESIAN_POINT ( 'NONE',  ( -1.439254484199189379E-16, -1.175240473580835276, -6.500000000000001776 ) ) ;
#6593 = ADVANCED_FACE ( 'NONE', ( #4613 ), #4779, .T. ) ;
#6594 = CARTESIAN_POINT ( 'NONE',  ( 0.000000000000000000, 1.175240473580835276, -7.687500000000000888 ) ) ;
#6595 = CARTESIAN_POINT ( 'NONE',  ( 1.299038105676657340, -0.7500000000000005551, 4.895833333333330373 ) ) ;
#6596 = CARTESIAN_POINT ( 'NONE',  ( -1.732050807568877415, 1.060575238724906915E-16, -8.375000000000001776 ) ) ;
#6597 = CARTESIAN_POINT ( 'NONE',  ( 0.6785254037844380415, -1.175240473580835721, -10.39583333333333215 ) ) ;
#6598 = CARTESIAN_POINT ( 'NONE',  ( 0.6785254037844380415, -1.175240473580835499, 1.541666666666665186 ) ) ;
#6599 = CARTESIAN_POINT ( 'NONE',  ( -1.836970198721029441E-16, -1.499999999999999556, 6.749999999999997335 ) ) ;
#6600 = TOROIDAL_SURFACE ( 'NONE', #1512, 1.649999999999999689, 0.1500000000000000777 ) ;
#6601 = CARTESIAN_POINT ( 'NONE',  ( 1.299038105676658672, 0.7499999999999987788, 3.479166666666665186 ) ) ;
#6602 = CARTESIAN_POINT ( 'NONE',  ( -1.322475605676657784, -0.7635316469341314471, 4.682291666666666075 ) ) ;
#6603 = ORIENTED_EDGE ( 'NONE', *, *, #675, .F. ) ;
#6604 = CARTESIAN_POINT ( 'NONE',  ( 1.357050807568876749, -2.492861891654333810E-16, -0.3125000000000019429 ) ) ;
#6605 = VERTEX_POINT ( 'NONE', #4044 ) ;
#6606 = CARTESIAN_POINT ( 'NONE',  ( 0.6785254037844391517, 1.175240473580835054, -6.791666666666667851 ) ) ;
#6607 = CARTESIAN_POINT ( 'NONE',  ( -1.836970198721029441E-16, -1.499999999999999556, -5.250000000000000888 ) ) ;
#6608 = CARTESIAN_POINT ( 'NONE',  ( 0.8816504037844380415, -1.527063293868264005, -10.66145833333333570 ) ) ;
#6609 = CARTESIAN_POINT ( 'NONE',  ( 0.8816504037844380415, -1.527063293868264005, -3.692708333333334370 ) ) ;
#6610 = ORIENTED_EDGE ( 'NONE', *, *, #5096, .T. ) ;
#6611 = DIRECTION ( 'NONE',  ( -0.000000000000000000, 6.173100338913050050E-57, -1.000000000000000000 ) ) ;
#6612 = CARTESIAN_POINT ( 'NONE',  ( -0.6785254037844388186, -1.175240473580835276, 7.520833333333333037 ) ) ;
#6613 = EDGE_CURVE ( 'NONE', #6732, #5614, #5298, .T. ) ;
#6614 = CARTESIAN_POINT ( 'NONE',  ( 1.357050807568876971, -2.492861891654333810E-16, 0.1874999999999984179 ) ) ;
#6615 = CARTESIAN_POINT ( 'NONE',  ( -1.299038105676657562, 0.7500000000000000000, -2.416666666666667851 ) ) ;
#6616 = CYLINDRICAL_SURFACE ( 'NONE', #3114, 1.499999999999999778 ) ;
#6617 = CARTESIAN_POINT ( 'NONE',  ( 0.6785254037844380415, -1.175240473580835721, 1.041666666666664742 ) ) ;
#6618 = DIRECTION ( 'NONE',  ( -0.000000000000000000, 6.173100338913050050E-57, -1.000000000000000000 ) ) ;
#6619 = CARTESIAN_POINT ( 'NONE',  ( -1.870113174931182636E-16, -1.527063293868263338, 6.796874999999997335 ) ) ;
#6620 = ORIENTED_EDGE ( 'NONE', *, *, #6121, .F. ) ;
#6621 = CARTESIAN_POINT ( 'NONE',  ( -1.357050807568876749, 8.309539638847778957E-17, -6.062500000000000000 ) ) ;
#6622 = DIRECTION ( 'NONE',  ( 0.000000000000000000, 1.000000000000000000, 0.000000000000000000 ) ) ;
#6623 = DIRECTION ( 'NONE',  ( 0.000000000000000000, 1.000000000000000000, 0.000000000000000000 ) ) ;
#6624 = CARTESIAN_POINT ( 'NONE',  ( 0.000000000000000000, 1.175240473580835276, -4.250000000000000888 ) ) ;
#6625 = CARTESIAN_POINT ( 'NONE',  ( 0.6785254037844380415, -1.175240473580835721, -2.895833333333334370 ) ) ;
#6626 = ADVANCED_FACE ( 'NONE', ( #5128 ), #6821, .T. ) ;
#6627 = DIRECTION ( 'NONE',  ( 0.000000000000000000, -1.000000000000000000, 0.000000000000000000 ) ) ;
#6628 = UNCERTAINTY_MEASURE_WITH_UNIT (LENGTH_MEASURE( 1.000000000000000082E-05 ), #205, 'distance_accuracy_value', 'NONE');
#6629 = CARTESIAN_POINT ( 'NONE',  ( -1.357050807568876971, 8.309539638847778957E-17, -8.625000000000000000 ) ) ;
#6630 = CARTESIAN_POINT ( 'NONE',  ( 0.000000000000000000, 1.499999999999999556, -8.000000000000000000 ) ) ;
#6631 = DIRECTION ( 'NONE',  ( -0.000000000000000000, 6.173100338913050050E-57, -1.000000000000000000 ) ) ;
#6632 = CARTESIAN_POINT ( 'NONE',  ( 1.299038105676657118, -0.7500000000000004441, -9.166666666666666075 ) ) ;
#6633 = CARTESIAN_POINT ( 'NONE',  ( -0.8455873006056744412, -0.9551756173460491661, 10.21891626044851975 ) ) ;
#6634 = CARTESIAN_POINT ( 'NONE',  ( 0.6785254037844391517, 1.175240473580835054, 4.708333333333331261 ) ) ;
#6635 = CARTESIAN_POINT ( 'NONE',  ( 0.000000000000000000, 1.499999999999999778, -9.937500000000000000 ) ) ;
#6636 = CARTESIAN_POINT ( 'NONE',  ( 0.000000000000000000, 1.499999999999999778, -9.937500000000000000 ) ) ;
#6637 = CARTESIAN_POINT ( 'NONE',  ( -0.8660254037844389297, -1.499999999999999334, -3.791666666666667407 ) ) ;
#6638 = CARTESIAN_POINT ( 'NONE',  ( 1.322475605676658450, 0.7635316469341306700, 3.432291666666665186 ) ) ;
#6639 = ORIENTED_EDGE ( 'NONE', *, *, #945, .T. ) ;
#6640 = CARTESIAN_POINT ( 'NONE',  ( -1.017788105676658006, -0.5876202367904174162, 0.9791666666666646313 ) ) ;
#6641 = ORIENTED_EDGE ( 'NONE', *, *, #808, .F. ) ;
#6642 = CARTESIAN_POINT ( 'NONE',  ( 1.017788105676658228, 0.5876202367904167501, -6.833333333333334814 ) ) ;
#6643 = CARTESIAN_POINT ( 'NONE',  ( -1.017788105676657784, 0.5876202367904177493, -2.166666666666667407 ) ) ;
#6644 = CARTESIAN_POINT ( 'NONE',  ( -1.017788105676657784, 0.5876202367904177493, 7.333333333333332149 ) ) ;
#6645 = CARTESIAN_POINT ( 'NONE',  ( 0.8816504037844392627, 1.527063293868263116, -4.526041666666667851 ) ) ;
#6646 = ORIENTED_EDGE ( 'NONE', *, *, #5793, .F. ) ;
#6647 = CARTESIAN_POINT ( 'NONE',  ( 1.299038105676657118, -0.7500000000000004441, -1.166666666666668295 ) ) ;
#6648 = CARTESIAN_POINT ( 'NONE',  ( -1.017788105676657784, 0.5876202367904177493, 5.895833333333331261 ) ) ;
#6649 = CARTESIAN_POINT ( 'NONE',  ( 1.017788105676657562, -0.5876202367904181934, 1.145833333333332149 ) ) ;
#6650 = CARTESIAN_POINT ( 'NONE',  ( 0.000000000000000000, 1.499999999999999778, -10.49999999999999822 ) ) ;
#6651 = CARTESIAN_POINT ( 'NONE',  ( 0.1964808569473852351, 1.329937397324882919, 10.27830854887704426 ) ) ;
#6652 = CARTESIAN_POINT ( 'NONE',  ( 1.017788105676657562, -0.5876202367904181934, 1.583333333333332371 ) ) ;
#6653 = CARTESIAN_POINT ( 'NONE',  ( -3.274999874180863000E-12, -1.323117061316931631, -10.35212341226389832 ) ) ;
#6654 = CARTESIAN_POINT ( 'NONE',  ( 1.322475605676657340, -0.7635316469341323353, 6.880208333333332149 ) ) ;
#6655 = VECTOR ( 'NONE', #1524, 1000.000000000000000 ) ;
#6656 = ORIENTED_EDGE ( 'NONE', *, *, #4997, .F. ) ;
#6657 = CARTESIAN_POINT ( 'NONE',  ( 1.017788105676657562, -0.5876202367904181934, -5.854166666666666963 ) ) ;
#6658 = EDGE_CURVE ( 'NONE', #5698, #2470, #2451, .T. ) ;
#6659 = CARTESIAN_POINT ( 'NONE',  ( -1.836970198721029441E-16, -1.499999999999999778, -7.687500000000001776 ) ) ;
#6660 = CARTESIAN_POINT ( 'NONE',  ( 0.000000000000000000, 1.499999999999999556, -2.000000000000001776 ) ) ;
#6661 = CARTESIAN_POINT ( 'NONE',  ( 0.000000000000000000, 1.175240473580835276, -1.187500000000001110 ) ) ;
#6662 = CARTESIAN_POINT ( 'NONE',  ( -1.836970198721029441E-16, -1.499999999999999778, 4.812499999999999112 ) ) ;
#6663 = CARTESIAN_POINT ( 'NONE',  ( -1.357050807568876971, 8.309539638847778957E-17, -7.625000000000000888 ) ) ;
#6664 = CARTESIAN_POINT ( 'NONE',  ( 1.322475605676657340, -0.7635316469341323353, -3.119791666666668295 ) ) ;
#6665 = AXIS2_PLACEMENT_3D ( 'NONE', #5714, #3981, #1780 ) ;
#6666 = DIRECTION ( 'NONE',  ( 0.000000000000000000, 1.000000000000000000, 0.000000000000000000 ) ) ;
#6667 = CIRCLE ( 'NONE', #6319, 1.499999999999999556 ) ;
#6668 = ADVANCED_FACE ( 'NONE', ( #3032 ), #4787, .T. ) ;
#6669 = CARTESIAN_POINT ( 'NONE',  ( 0.000000000000000000, 2.750000000000000000, 10.34999999999999787 ) ) ;
#6670 = DIRECTION ( 'NONE',  ( 0.000000000000000000, 1.000000000000000000, 0.000000000000000000 ) ) ;
#6671 = CARTESIAN_POINT ( 'NONE',  ( 0.6785254037844392627, 1.175240473580835054, -8.229166666666667851 ) ) ;
#6672 = CARTESIAN_POINT ( 'NONE',  ( -1.836970198721029441E-16, -1.499999999999999778, -0.6875000000000006661 ) ) ;
#6673 = CARTESIAN_POINT ( 'NONE',  ( -1.836970198721029441E-16, -1.499999999999999778, 3.312499999999997780 ) ) ;
#6674 = CARTESIAN_POINT ( 'NONE',  ( 1.732050807568877193, -3.181725716174720005E-16, 5.437500000000000000 ) ) ;
#6675 = CARTESIAN_POINT ( 'NONE',  ( 1.322475605676657340, -0.7635316469341323353, 5.348958333333330373 ) ) ;
#6676 = VERTEX_POINT ( 'NONE', #5921 ) ;
#6677 = CARTESIAN_POINT ( 'NONE',  ( -1.017788105676657784, 0.5876202367904177493, 2.395833333333331261 ) ) ;
#6678 = EDGE_LOOP ( 'NONE', ( #65, #1415 ) ) ;
#6679 = CARTESIAN_POINT ( 'NONE',  ( 1.017788105676657562, -0.5876202367904181934, -8.416666666666667851 ) ) ;
#6680 = CARTESIAN_POINT ( 'NONE',  ( -0.6785254037844388186, -1.175240473580835054, -3.541666666666667851 ) ) ;
#6681 = CARTESIAN_POINT ( 'NONE',  ( 0.8816504037844380415, -1.527063293868264005, -10.16145833333333393 ) ) ;
#6682 = CARTESIAN_POINT ( 'NONE',  ( -0.8816504037844382635, 1.527063293868263338, -0.9427083333333337034 ) ) ;
#6683 = ADVANCED_FACE ( 'NONE', ( #825 ), #1442, .F. ) ;
#6684 = ORIENTED_EDGE ( 'NONE', *, *, #563, .F. ) ;
#6685 = CARTESIAN_POINT ( 'NONE',  ( 0.000000000000000000, 1.175240473580835276, 7.749999999999998224 ) ) ;
#6686 =( LENGTH_UNIT ( ) NAMED_UNIT ( * ) SI_UNIT ( .MILLI., .METRE. ) );
#6687 = CARTESIAN_POINT ( 'NONE',  ( 1.017788105676657562, -0.5876202367904181934, 6.145833333333331261 ) ) ;
#6688 = CARTESIAN_POINT ( 'NONE',  ( -1.017788105676657784, 0.5876202367904177493, 0.3958333333333313719 ) ) ;
#6689 = DIRECTION ( 'NONE',  ( 0.000000000000000000, 1.000000000000000000, 0.000000000000000000 ) ) ;
#6690 = FACE_OUTER_BOUND ( 'NONE', #1902, .T. ) ;
#6691 = CARTESIAN_POINT ( 'NONE',  ( -0.6785254037844388186, -1.175240473580835276, -0.04166666666666728885 ) ) ;
#6692 = DIRECTION ( 'NONE',  ( -0.000000000000000000, 6.173100338913050050E-57, -1.000000000000000000 ) ) ;
#6693 = CARTESIAN_POINT ( 'NONE',  ( -1.870113174931182636E-16, -1.527063293868263338, 6.296874999999997335 ) ) ;
#6694 = VERTEX_POINT ( 'NONE', #901 ) ;
#6695 = CARTESIAN_POINT ( 'NONE',  ( 0.6785254037844380415, -1.175240473580835499, -5.895833333333334814 ) ) ;
#6696 = CARTESIAN_POINT ( 'NONE',  ( -0.8660254037844382635, 1.499999999999999556, 4.541666666666667851 ) ) ;
#6697 = CARTESIAN_POINT ( 'NONE',  ( 0.8660254037844516972, 1.499999999999978018, -2.041666666666669183 ) ) ;
#6698 = CARTESIAN_POINT ( 'NONE',  ( -1.439254484199189379E-16, -1.175240473580835276, -4.000000000000000888 ) ) ;
#6699 = CARTESIAN_POINT ( 'NONE',  ( -1.439254484199189379E-16, -1.175240473580835276, -1.437500000000001332 ) ) ;
#6700 = CARTESIAN_POINT ( 'NONE',  ( 1.322475605676657340, -0.7635316469341323353, 7.380208333333332149 ) ) ;
#6701 = CARTESIAN_POINT ( 'NONE',  ( -0.6785254037844383745, 1.175240473580835499, -6.708333333333333925 ) ) ;
#6702 = CARTESIAN_POINT ( 'NONE',  ( 0.8816504037844392627, 1.527063293868263116, -1.494791666666668739 ) ) ;
#6703 = CYLINDRICAL_SURFACE ( 'NONE', #2523, 1.499999999999999778 ) ;
#6704 = CYLINDRICAL_SURFACE ( 'NONE', #496, 1.499999999999999778 ) ;
#6705 = FACE_OUTER_BOUND ( 'NONE', #4533, .T. ) ;
#6706 = CARTESIAN_POINT ( 'NONE',  ( 0.6785254037844380415, -1.175240473580835721, -9.395833333333333925 ) ) ;
#6707 = AXIS2_PLACEMENT_3D ( 'NONE', #1962, #7149, #4803 ) ;
#6708 = EDGE_CURVE ( 'NONE', #6275, #5248, #3700, .T. ) ;
#6709 = CARTESIAN_POINT ( 'NONE',  ( -1.017788105676658006, -0.5876202367904174162, 3.416666666666665186 ) ) ;
#6710 = CYLINDRICAL_SURFACE ( 'NONE', #621, 1.499999999999999778 ) ;
#6711 = DIRECTION ( 'NONE',  ( -0.000000000000000000, 6.173100338913050050E-57, -1.000000000000000000 ) ) ;
#6712 = CARTESIAN_POINT ( 'NONE',  ( 1.299038105676657118, -0.7500000000000004441, 2.833333333333331705 ) ) ;
#6713 = CARTESIAN_POINT ( 'NONE',  ( -0.8816504037844382635, 1.527063293868263338, 5.557291666666665186 ) ) ;
#6714 = ORIENTED_EDGE ( 'NONE', *, *, #2594, .F. ) ;
#6715 = CARTESIAN_POINT ( 'NONE',  ( -1.017788105676657784, 0.5876202367904177493, 1.895833333333332593 ) ) ;
#6716 = ORIENTED_EDGE ( 'NONE', *, *, #5452, .F. ) ;
#6717 = CARTESIAN_POINT ( 'NONE',  ( 1.357050807568876971, -2.492861891654333810E-16, -9.875000000000001776 ) ) ;
#6718 = CARTESIAN_POINT ( 'NONE',  ( 0.6785254037844380415, -1.175240473580835499, -2.958333333333334370 ) ) ;
#6719 = CARTESIAN_POINT ( 'NONE',  ( 1.322475605676658450, 0.7635316469341306700, -7.036458333333334814 ) ) ;
#6720 = CARTESIAN_POINT ( 'NONE',  ( -1.322475605676657784, 0.7635316469341318912, -2.901041666666667407 ) ) ;
#6721 = ORIENTED_EDGE ( 'NONE', *, *, #4236, .F. ) ;
#6722 = CARTESIAN_POINT ( 'NONE',  ( 0.6785254037844392627, 1.175240473580835054, 0.2083333333333329540 ) ) ;
#6723 = CARTESIAN_POINT ( 'NONE',  ( 1.299038105676657340, -0.7500000000000005551, 6.395833333333331261 ) ) ;
#6724 = DIRECTION ( 'NONE',  ( 0.000000000000000000, 1.000000000000000000, 0.000000000000000000 ) ) ;
#6725 = CARTESIAN_POINT ( 'NONE',  ( -0.6785254037844388186, -1.175240473580835276, 6.520833333333332149 ) ) ;
#6726 = CARTESIAN_POINT ( 'NONE',  ( 1.017788105676658228, 0.5876202367904167501, 3.229166666666664742 ) ) ;
#6727 = DIRECTION ( 'NONE',  ( -0.000000000000000000, 6.173100338913050050E-57, -1.000000000000000000 ) ) ;
#6728 = CARTESIAN_POINT ( 'NONE',  ( 1.732050807568877193, -3.181725716174720005E-16, -7.062500000000000888 ) ) ;
#6729 = CARTESIAN_POINT ( 'NONE',  ( -1.017788105676658006, -0.5876202367904174162, 3.416666666666665186 ) ) ;
#6730 = CARTESIAN_POINT ( 'NONE',  ( -0.8816504037844382635, 1.527063293868263338, -8.942708333333333925 ) ) ;
#6731 = CARTESIAN_POINT ( 'NONE',  ( 1.322475605676658450, 0.7635316469341306700, 4.963541666666664298 ) ) ;
#6732 = VERTEX_POINT ( 'NONE', #5437 ) ;
#6733 = CARTESIAN_POINT ( 'NONE',  ( 0.6785254037844391517, 1.175240473580835054, -6.229166666666667851 ) ) ;
#6734 = CARTESIAN_POINT ( 'NONE',  ( -1.017788105676658006, -0.5876202367904174162, 2.916666666666664742 ) ) ;
#6735 = CARTESIAN_POINT ( 'NONE',  ( -0.8660254037844260511, 1.500000000000021094, -7.895833333333336590 ) ) ;
#6736 = CARTESIAN_POINT ( 'NONE',  ( -1.299038105676657562, -0.7499999999999994449, 1.666666666666665186 ) ) ;
#6737 = CARTESIAN_POINT ( 'NONE',  ( -1.017788105676657784, 0.5876202367904177493, -4.166666666666667851 ) ) ;
#6738 = CARTESIAN_POINT ( 'NONE',  ( -0.6785254037844388186, -1.175240473580835276, -0.4791666666666676289 ) ) ;
#6739 = CARTESIAN_POINT ( 'NONE',  ( -0.6785254037844383745, 1.175240473580835499, -5.145833333333334814 ) ) ;
#6740 = ORIENTED_EDGE ( 'NONE', *, *, #836, .F. ) ;
#6741 = CARTESIAN_POINT ( 'NONE',  ( 1.017788105676657562, -0.5876202367904181934, -7.916666666666666963 ) ) ;
#6742 = CARTESIAN_POINT ( 'NONE',  ( 1.322475605676657340, -0.7635316469341323353, -2.119791666666667407 ) ) ;
#6743 = FACE_OUTER_BOUND ( 'NONE', #4628, .T. ) ;
#6744 = CARTESIAN_POINT ( 'NONE',  ( -1.732050807568877193, 1.060575238724906792E-16, 7.187499999999997335 ) ) ;
#6745 = CARTESIAN_POINT ( 'NONE',  ( -1.732050807568877193, 1.060575238724906792E-16, 4.687499999999999112 ) ) ;
#6746 =( BOUNDED_CURVE ( )  B_SPLINE_CURVE ( 2, ( #4504, #999, #5564, #960, #3939, #7221, #6672 ),
 .UNSPECIFIED., .F., .T. ) 
 B_SPLINE_CURVE_WITH_KNOTS ( ( 3, 2, 2, 3 ),
 ( 0.4324324324324324564, 0.4369369369369369149, 0.4414414414414414289, 0.4459459459459458874 ),
 .UNSPECIFIED. ) 
 CURVE ( )  GEOMETRIC_REPRESENTATION_ITEM ( )  RATIONAL_B_SPLINE_CURVE ( ( 1.000000000000000000, 0.8660254037844387076, 1.000000000000000000, 0.8660254037844387076, 1.000000000000000000, 0.8660254037844403729, 0.9999999999999983347 ) ) 
 REPRESENTATION_ITEM ( '' )  );
#6747 = CARTESIAN_POINT ( 'NONE',  ( 1.017788105676657562, -0.5876202367904181934, -8.354166666666667851 ) ) ;
#6748 = CARTESIAN_POINT ( 'NONE',  ( 1.357050807568876749, -2.492861891654333810E-16, 5.625000000000000000 ) ) ;
#6749 = CARTESIAN_POINT ( 'NONE',  ( 0.6785254037844380415, -1.175240473580835721, 7.604166666666663410 ) ) ;
#6750 = LINE ( 'NONE', #6051, #5479 ) ;
#6751 = CARTESIAN_POINT ( 'NONE',  ( -0.8660254037844261621, 1.500000000000021316, 7.041666666666666963 ) ) ;
#6752 = SURFACE_STYLE_USAGE ( .BOTH. , #4507 ) ;
#6753 = CARTESIAN_POINT ( 'NONE',  ( -1.870113174931182636E-16, -1.527063293868263338, 5.765625000000000000 ) ) ;
#6754 = ORIENTED_EDGE ( 'NONE', *, *, #3605, .F. ) ;
#6755 = CARTESIAN_POINT ( 'NONE',  ( -0.6785254037844382635, 1.175240473580835276, 2.354166666666665630 ) ) ;
#6756 = ORIENTED_EDGE ( 'NONE', *, *, #1071, .F. ) ;
#6757 = EDGE_CURVE ( 'NONE', #4440, #4586, #339, .T. ) ;
#6758 = CARTESIAN_POINT ( 'NONE',  ( 0.6785254037844392627, 1.175240473580835054, -9.791666666666666075 ) ) ;
#6759 = CARTESIAN_POINT ( 'NONE',  ( -1.357050807568876749, 8.309539638847778957E-17, -2.125000000000001776 ) ) ;
#6760 = CARTESIAN_POINT ( 'NONE',  ( 0.8816504037844392627, 1.527063293868263116, -8.494791666666667851 ) ) ;
#6761 = CARTESIAN_POINT ( 'NONE',  ( 0.8816504037844392627, 1.527063293868263116, -1.526041666666666963 ) ) ;
#6762 = ORIENTED_EDGE ( 'NONE', *, *, #836, .T. ) ;
#6763 = CARTESIAN_POINT ( 'NONE',  ( -1.017788105676657784, 0.5876202367904177493, 0.3333333333333313164 ) ) ;
#6764 = EDGE_CURVE ( 'NONE', #2907, #5442, #156, .T. ) ;
#6765 = CARTESIAN_POINT ( 'NONE',  ( 0.6785254037844380415, -1.175240473580835721, 7.541666666666664298 ) ) ;
#6766 = CARTESIAN_POINT ( 'NONE',  ( 1.357050807568876971, -2.492861891654333810E-16, 6.687499999999998224 ) ) ;
#6767 = CARTESIAN_POINT ( 'NONE',  ( -0.6785254037844383745, 1.175240473580835499, 3.854166666666665630 ) ) ;
#6768 = CARTESIAN_POINT ( 'NONE',  ( -1.299038105676657562, 0.7500000000000000000, 1.083333333333331927 ) ) ;
#6769 = CARTESIAN_POINT ( 'NONE',  ( 0.8660254037844392627, 1.499999999999999334, -4.979166666666667851 ) ) ;
#6770 = CARTESIAN_POINT ( 'NONE',  ( -1.017788105676657784, 0.5876202367904177493, 2.833333333333331705 ) ) ;
#6771 = CARTESIAN_POINT ( 'NONE',  ( -1.322475605676657784, 0.7635316469341318912, -9.901041666666667851 ) ) ;
#6772 = ORIENTED_EDGE ( 'NONE', *, *, #2410, .T. ) ;
#6773 = CARTESIAN_POINT ( 'NONE',  ( 1.357050807568876971, -2.492861891654333810E-16, 2.124999999999998224 ) ) ;
#6774 = DIRECTION ( 'NONE',  ( -0.000000000000000000, -0.000000000000000000, 1.000000000000000000 ) ) ;
#6775 = CARTESIAN_POINT ( 'NONE',  ( 0.6785254037844380415, -1.175240473580835721, 0.1041666666666655888 ) ) ;
#6776 = CARTESIAN_POINT ( 'NONE',  ( -1.017788105676657784, 0.5876202367904177493, -5.104166666666667851 ) ) ;
#6777 = AXIS2_PLACEMENT_3D ( 'NONE', #2823, #6891, #1854 ) ;
#6778 = ORIENTED_EDGE ( 'NONE', *, *, #6574, .T. ) ;
#6779 = CARTESIAN_POINT ( 'NONE',  ( 0.6785254037844380415, -1.175240473580835721, -5.458333333333333925 ) ) ;
#6780 = CARTESIAN_POINT ( 'NONE',  ( 1.322475605676657340, -0.7635316469341323353, -0.1197916666666673513 ) ) ;
#6781 = CARTESIAN_POINT ( 'NONE',  ( -1.836970198721029441E-16, -1.499999999999999778, -0.1875000000000018874 ) ) ;
#6782 = DIRECTION ( 'NONE',  ( -0.4999999999999998890, -0.8660254037844387076, 0.000000000000000000 ) ) ;
#6783 = CARTESIAN_POINT ( 'NONE',  ( 0.8660254037844338226, 1.500000000000008438, -9.541666666666667851 ) ) ;
#6784 = AXIS2_PLACEMENT_3D ( 'NONE', #5157, #1217, #1256 ) ;
#6785 = CARTESIAN_POINT ( 'NONE',  ( 1.357050807568876971, -2.492861891654333810E-16, -9.312500000000003553 ) ) ;
#6786 = CARTESIAN_POINT ( 'NONE',  ( 0.000000000000000000, 1.175240473580835276, 5.750000000000000000 ) ) ;
#6787 = CARTESIAN_POINT ( 'NONE',  ( -0.7052988574931012833, -1.289696165317378851, -10.20819484193082438 ) ) ;
#6788 = DIRECTION ( 'NONE',  ( -0.000000000000000000, 6.173100338913050050E-57, -1.000000000000000000 ) ) ;
#6789 = DIRECTION ( 'NONE',  ( -0.000000000000000000, 6.173100338913050050E-57, -1.000000000000000000 ) ) ;
#6790 = CARTESIAN_POINT ( 'NONE',  ( -0.8660254037844389297, -1.499999999999999334, -6.791666666666670515 ) ) ;
#6791 =( BOUNDED_CURVE ( )  B_SPLINE_CURVE ( 2, ( #6172, #528, #7235, #4961, #449, #2235, #2199 ),
 .UNSPECIFIED., .F., .F. ) 
 B_SPLINE_CURVE_WITH_KNOTS ( ( 3, 2, 2, 3 ),
 ( 0.5675675675675675436, 0.5720720720720720021, 0.5765765765765764606, 0.5810810810810810301 ),
 .UNSPECIFIED. ) 
 CURVE ( )  GEOMETRIC_REPRESENTATION_ITEM ( )  RATIONAL_B_SPLINE_CURVE ( ( 1.000000000000000000, 0.8660254037844387076, 1.000000000000000000, 0.8660254037844387076, 1.000000000000000000, 0.8660254037844420383, 0.9999999999999966693 ) ) 
 REPRESENTATION_ITEM ( '' )  );
#6792 = CARTESIAN_POINT ( 'NONE',  ( -1.322475605676657784, 0.7635316469341318912, 6.098958333333331261 ) ) ;
#6793 = CARTESIAN_POINT ( 'NONE',  ( 0.6785254037844380415, -1.175240473580835499, 3.104166666666664742 ) ) ;
#6794 = ORIENTED_EDGE ( 'NONE', *, *, #5984, .T. ) ;
#6795 = CARTESIAN_POINT ( 'NONE',  ( -0.6785254037844388186, -1.175240473580835276, -7.541666666666666963 ) ) ;
#6796 = CARTESIAN_POINT ( 'NONE',  ( -1.017788105676658006, -0.5876202367904174162, -3.083333333333334814 ) ) ;
#6797 = EDGE_CURVE ( 'NONE', #371, #6223, #2928, .T. ) ;
#6798 = CARTESIAN_POINT ( 'NONE',  ( 0.000000000000000000, 1.527063293868263338, -7.953125000000001776 ) ) ;
#6799 = CARTESIAN_POINT ( 'NONE',  ( -1.763300807568876971, 1.079710344961584035E-16, -2.859375000000000888 ) ) ;
#6800 = CARTESIAN_POINT ( 'NONE',  ( 0.6785254037844380415, -1.175240473580835499, -9.958333333333333925 ) ) ;
#6801 = DIRECTION ( 'NONE',  ( -0.000000000000000000, 6.173100338913050050E-57, -1.000000000000000000 ) ) ;
#6802 =( BOUNDED_CURVE ( )  B_SPLINE_CURVE ( 2, ( #3593, #5991, #3140, #4182, #896, #4749, #6987 ),
 .UNSPECIFIED., .F., .T. ) 
 B_SPLINE_CURVE_WITH_KNOTS ( ( 3, 2, 2, 3 ),
 ( 0.4189189189189189699, 0.4234234234234234284, 0.4279279279279278869, 0.4324324324324324564 ),
 .UNSPECIFIED. ) 
 CURVE ( )  GEOMETRIC_REPRESENTATION_ITEM ( )  RATIONAL_B_SPLINE_CURVE ( ( 1.000000000000000000, 0.8660254037844387076, 1.000000000000000000, 0.8660254037844387076, 1.000000000000000000, 0.8660254037844387076, 1.000000000000000000 ) ) 
 REPRESENTATION_ITEM ( '' )  );
#6803 = EDGE_CURVE ( 'NONE', #308, #3489, #444, .T. ) ;
#6804 = CARTESIAN_POINT ( 'NONE',  ( 1.299038105676657340, -0.7500000000000005551, -4.604166666666667851 ) ) ;
#6805 = CARTESIAN_POINT ( 'NONE',  ( -0.6785254037844383745, 1.175240473580835499, 2.291666666666665630 ) ) ;
#6806 = CARTESIAN_POINT ( 'NONE',  ( -0.8816504037844382635, 1.527063293868263338, -10.44270833333333393 ) ) ;
#6807 = ORIENTED_EDGE ( 'NONE', *, *, #5315, .F. ) ;
#6808 = CARTESIAN_POINT ( 'NONE',  ( 1.017788105676657562, -0.5876202367904181934, 4.083333333333331261 ) ) ;
#6809 = CARTESIAN_POINT ( 'NONE',  ( -1.732050807568877415, 1.060575238724906915E-16, -9.875000000000003553 ) ) ;
#6810 = CARTESIAN_POINT ( 'NONE',  ( -1.732050807568877193, 1.060575238724906792E-16, -5.312500000000000888 ) ) ;
#6811 = CARTESIAN_POINT ( 'NONE',  ( 1.017788105676657562, -0.5876202367904181934, 1.145833333333332149 ) ) ;
#6812 = CARTESIAN_POINT ( 'NONE',  ( 0.6785254037844380415, -1.175240473580835721, -5.395833333333333925 ) ) ;
#6813 = ADVANCED_FACE ( 'NONE', ( #6103 ), #1563, .F. ) ;
#6814 = ORIENTED_EDGE ( 'NONE', *, *, #3734, .T. ) ;
#6815 = CARTESIAN_POINT ( 'NONE',  ( 0.000000000000000000, 1.175240473580835276, -4.750000000000000888 ) ) ;
#6816 = CARTESIAN_POINT ( 'NONE',  ( -0.8816504037844389297, -1.527063293868263116, 1.255208333333332371 ) ) ;
#6817 = DIRECTION ( 'NONE',  ( -0.000000000000000000, 6.173100338913050050E-57, -1.000000000000000000 ) ) ;
#6818 = CARTESIAN_POINT ( 'NONE',  ( 0.000000000000000000, 1.499999999999999778, -10.49999999999999822 ) ) ;
#6819 = CARTESIAN_POINT ( 'NONE',  ( 0.000000000000000000, 1.499999999999999556, 6.000000000000000000 ) ) ;
#6820 = CARTESIAN_POINT ( 'NONE',  ( -1.357050807568876971, 8.309539638847778957E-17, -9.562500000000001776 ) ) ;
#6821 = CYLINDRICAL_SURFACE ( 'NONE', #1802, 1.499999999999999778 ) ;
#6822 = CARTESIAN_POINT ( 'NONE',  ( 0.000000000000000000, 1.296351071171740261E-55, -10.49999999999999822 ) ) ;
#6823 = CARTESIAN_POINT ( 'NONE',  ( -0.8660254037844421493, -1.499999999999994005, 3.270833333333332149 ) ) ;
#6824 = DIRECTION ( 'NONE',  ( 0.000000000000000000, 1.000000000000000000, 0.000000000000000000 ) ) ;
#6825 = LINE ( 'NONE', #1747, #1341 ) ;
#6826 = CARTESIAN_POINT ( 'NONE',  ( 0.8816504037844380415, -1.527063293868264005, 6.807291666666666075 ) ) ;
#6827 = CARTESIAN_POINT ( 'NONE',  ( -0.6785254037844382635, 1.175240473580835276, 3.354166666666665186 ) ) ;
#6828 = VERTEX_POINT ( 'NONE', #3143 ) ;
#6829 = AXIS2_PLACEMENT_3D ( 'NONE', #463, #427, #5010 ) ;
#6830 = CARTESIAN_POINT ( 'NONE',  ( -0.6785254037844388186, -1.175240473580835276, -9.041666666666669627 ) ) ;
#6831 = CARTESIAN_POINT ( 'NONE',  ( -1.357050807568876749, 8.309539638847778957E-17, -0.1250000000000018319 ) ) ;
#6832 = CARTESIAN_POINT ( 'NONE',  ( -1.870113174931182636E-16, -1.527063293868263338, -7.203125000000000888 ) ) ;
#6833 = CARTESIAN_POINT ( 'NONE',  ( -1.763300807568876971, 1.079710344961584035E-16, -1.859375000000001554 ) ) ;
#6834 = VERTEX_POINT ( 'NONE', #2018 ) ;
#6835 = CARTESIAN_POINT ( 'NONE',  ( -1.836970198721029441E-16, -1.499999999999999556, 1.249999999999999112 ) ) ;
#6836 = CARTESIAN_POINT ( 'NONE',  ( 0.8660254037844364872, -1.500000000000003109, -8.708333333333333925 ) ) ;
#6837 = CARTESIAN_POINT ( 'NONE',  ( 0.000000000000000000, 1.175240473580835276, 3.749999999999998224 ) ) ;
#6838 = CARTESIAN_POINT ( 'NONE',  ( 0.8660254037844392627, 1.499999999999999334, 3.020833333333331261 ) ) ;
#6839 = VERTEX_POINT ( 'NONE', #5994 ) ;
#6840 = CARTESIAN_POINT ( 'NONE',  ( -0.6785254037844383745, 1.175240473580835499, 2.291666666666665630 ) ) ;
#6841 = FACE_OUTER_BOUND ( 'NONE', #457, .T. ) ;
#6842 = CARTESIAN_POINT ( 'NONE',  ( 0.000000000000000000, 1.499999999999999778, -0.4375000000000021094 ) ) ;
#6843 = EDGE_CURVE ( 'NONE', #1790, #6399, #3498, .T. ) ;
#6844 = CARTESIAN_POINT ( 'NONE',  ( -1.017788105676658006, -0.5876202367904174162, 2.479166666666666075 ) ) ;
#6845 = CARTESIAN_POINT ( 'NONE',  ( -0.6785254037844388186, -1.175240473580835276, -3.479166666666667851 ) ) ;
#6846 = ORIENTED_EDGE ( 'NONE', *, *, #4365, .T. ) ;
#6847 = CARTESIAN_POINT ( 'NONE',  ( -0.6785254037844383745, 1.175240473580835499, -6.208333333333333925 ) ) ;
#6848 = CARTESIAN_POINT ( 'NONE',  ( 1.322475605676657340, -0.7635316469341323353, 1.380208333333332149 ) ) ;
#6849 = CARTESIAN_POINT ( 'NONE',  ( -1.299038105676657562, -0.7499999999999994449, 2.166666666666665630 ) ) ;
#6850 = CARTESIAN_POINT ( 'NONE',  ( -1.250000000000000000, -0.7216878364870322748, 10.39174682452694576 ) ) ;
#6851 = CARTESIAN_POINT ( 'NONE',  ( 1.732050807568877193, -3.181725716174720005E-16, 4.437499999999999112 ) ) ;
#6852 = CARTESIAN_POINT ( 'NONE',  ( 0.6785254037844392627, 1.175240473580835054, -5.729166666666667851 ) ) ;
#6853 = DIRECTION ( 'NONE',  ( 0.000000000000000000, -1.000000000000000000, 0.000000000000000000 ) ) ;
#6854 = CARTESIAN_POINT ( 'NONE',  ( -1.836970198721029441E-16, -1.499999999999999556, 3.749999999999998224 ) ) ;
#6855 = DIRECTION ( 'NONE',  ( -0.000000000000000000, 6.173100338913050050E-57, -1.000000000000000000 ) ) ;
#6856 = CARTESIAN_POINT ( 'NONE',  ( -1.836970198721029441E-16, -1.499999999999999556, -1.750000000000001554 ) ) ;
#6857 = CARTESIAN_POINT ( 'NONE',  ( -1.017788105676657784, 0.5876202367904177493, -9.104166666666666075 ) ) ;
#6858 = CARTESIAN_POINT ( 'NONE',  ( 1.017788105676657562, -0.5876202367904181934, 4.645833333333331261 ) ) ;
#6859 = ORIENTED_EDGE ( 'NONE', *, *, #1071, .T. ) ;
#6860 = CARTESIAN_POINT ( 'NONE',  ( 0.000000000000000000, 1.175240473580835276, -7.250000000000000888 ) ) ;
#6861 = CARTESIAN_POINT ( 'NONE',  ( 1.121107958840559027, -0.3525721420742994883, 7.162499999999995204 ) ) ;
#6862 = CARTESIAN_POINT ( 'NONE',  ( 0.6785254037844380415, -1.175240473580835499, -0.4583333333333349247 ) ) ;
#6863 = CARTESIAN_POINT ( 'NONE',  ( -1.870113174931182636E-16, -1.527063293868263338, -7.703125000000001776 ) ) ;
#6864 = CARTESIAN_POINT ( 'NONE',  ( -0.8816504037844389297, -1.527063293868263116, 0.7239583333333317050 ) ) ;
#6865 = CARTESIAN_POINT ( 'NONE',  ( -1.017788105676657784, 0.5876202367904177493, -6.104166666666667851 ) ) ;
#6866 = EDGE_LOOP ( 'NONE', ( #2430, #1768, #1980, #7002 ) ) ;
#6867 = CARTESIAN_POINT ( 'NONE',  ( 1.357050807568876749, -2.492861891654333810E-16, -8.875000000000001776 ) ) ;
#6868 = CARTESIAN_POINT ( 'NONE',  ( 0.000000000000000000, 1.499999999999999778, -10.49999999999999822 ) ) ;
#6869 = EDGE_CURVE ( 'NONE', #1559, #4555, #3170, .T. ) ;
#6870 = CARTESIAN_POINT ( 'NONE',  ( -1.439254484199189379E-16, -1.175240473580835276, 3.999999999999998224 ) ) ;
#6871 = CARTESIAN_POINT ( 'NONE',  ( 0.000000000000000000, 1.527063293868263338, -8.984375000000001776 ) ) ;
#6872 = VERTEX_POINT ( 'NONE', #303 ) ;
#6873 = ADVANCED_FACE ( 'NONE', ( #980 ), #5509, .T. ) ;
#6874 = CARTESIAN_POINT ( 'NONE',  ( -0.6785254037844388186, -1.175240473580835276, 6.458333333333331261 ) ) ;
#6875 = FACE_OUTER_BOUND ( 'NONE', #1157, .T. ) ;
#6876 = DIRECTION ( 'NONE',  ( -0.000000000000000000, 6.173100338913050050E-57, -1.000000000000000000 ) ) ;
#6877 = CARTESIAN_POINT ( 'NONE',  ( 1.017788105676657562, -0.5876202367904181934, 2.645833333333331705 ) ) ;
#6878 = CARTESIAN_POINT ( 'NONE',  ( -1.357050807568876971, 8.309539638847778957E-17, -4.062500000000000888 ) ) ;
#6879 = ORIENTED_EDGE ( 'NONE', *, *, #5944, .F. ) ;
#6880 = CARTESIAN_POINT ( 'NONE',  ( -1.439254484199189379E-16, -1.175240473580835276, -6.000000000000000888 ) ) ;
#6881 = CARTESIAN_POINT ( 'NONE',  ( -0.8816504037844389297, -1.527063293868263116, -0.7447916666666679619 ) ) ;
#6882 = ADVANCED_FACE ( 'NONE', ( #6211 ), #2761, .T. ) ;
#6883 = ORIENTED_EDGE ( 'NONE', *, *, #7024, .F. ) ;
#6884 = DIRECTION ( 'NONE',  ( 0.000000000000000000, 1.000000000000000000, 0.000000000000000000 ) ) ;
#6885 = CARTESIAN_POINT ( 'NONE',  ( 3.083377204709631712E-14, 1.251017696411971691, 7.206249999999997158 ) ) ;
#6886 = CARTESIAN_POINT ( 'NONE',  ( -1.299038105676657784, -0.7499999999999995559, -8.770833333333333925 ) ) ;
#6887 = PRESENTATION_LAYER_ASSIGNMENT (  '', '', ( #1159 ) ) ;
#6888 = CARTESIAN_POINT ( 'NONE',  ( -1.017788105676657784, 0.5876202367904177493, -7.104166666666667851 ) ) ;
#6889 = CIRCLE ( 'NONE', #1564, 1.551628848447119013 ) ;
#6890 = CARTESIAN_POINT ( 'NONE',  ( -0.6789117923673230193, -1.275434171402595407, 7.311893337920055025 ) ) ;
#6891 = DIRECTION ( 'NONE',  ( 0.000000000000000000, -1.357643922298276475E-16, 1.000000000000000000 ) ) ;
#6892 = DIRECTION ( 'NONE',  ( -0.000000000000000000, 6.173100338913050050E-57, -1.000000000000000000 ) ) ;
#6893 = EDGE_CURVE ( 'NONE', #1644, #2014, #1129, .T. ) ;
#6894 = CARTESIAN_POINT ( 'NONE',  ( 1.322475605676658450, 0.7635316469341306700, 7.932291666666664298 ) ) ;
#6895 = VECTOR ( 'NONE', #1656, 1000.000000000000000 ) ;
#6896 = CARTESIAN_POINT ( 'NONE',  ( -1.357050807568876749, 8.309539638847778957E-17, 4.437499999999999112 ) ) ;
#6897 = VERTEX_POINT ( 'NONE', #5582 ) ;
#6898 = CARTESIAN_POINT ( 'NONE',  ( -1.017788105676657784, 0.5876202367904177493, -7.166666666666667851 ) ) ;
#6899 = CARTESIAN_POINT ( 'NONE',  ( -1.299038105676657784, -0.7499999999999995559, -0.7708333333333351467 ) ) ;
#6900 = CIRCLE ( 'NONE', #1103, 2.750000000000000000 ) ;
#6901 = CARTESIAN_POINT ( 'NONE',  ( 1.017788105676658228, 0.5876202367904167501, -0.8333333333333352577 ) ) ;
#6902 = CARTESIAN_POINT ( 'NONE',  ( -1.357050807568876971, 8.309539638847778957E-17, 3.937499999999998224 ) ) ;
#6903 = CARTESIAN_POINT ( 'NONE',  ( -0.8816504037844382635, 1.527063293868263338, -5.911458333333335702 ) ) ;
#6904 = CARTESIAN_POINT ( 'NONE',  ( 0.8816504037844380415, -1.527063293868264005, 0.3072916666666657415 ) ) ;
#6905 = CARTESIAN_POINT ( 'NONE',  ( -0.6785254037844388186, -1.175240473580835054, -1.479166666666668517 ) ) ;
#6906 = ORIENTED_EDGE ( 'NONE', *, *, #4645, .T. ) ;
#6907 = VECTOR ( 'NONE', #3567, 1000.000000000000000 ) ;
#6908 = CARTESIAN_POINT ( 'NONE',  ( -1.017788105676657784, 0.5876202367904177493, -9.666666666666667851 ) ) ;
#6909 = FACE_OUTER_BOUND ( 'NONE', #1950, .T. ) ;
#6910 = CARTESIAN_POINT ( 'NONE',  ( -0.8660254037844389297, -1.499999999999999334, -5.291666666666669627 ) ) ;
#6911 = CARTESIAN_POINT ( 'NONE',  ( -1.357050807568876971, 8.309539638847778957E-17, 5.374999999999999112 ) ) ;
#6912 = EDGE_CURVE ( 'NONE', #4555, #4509, #5019, .T. ) ;
#6913 = CARTESIAN_POINT ( 'NONE',  ( 1.763300807568876971, -3.239131034884752106E-16, -6.609375000000000888 ) ) ;
#6914 = ORIENTED_EDGE ( 'NONE', *, *, #5632, .F. ) ;
#6915 = CARTESIAN_POINT ( 'NONE',  ( 0.000000000000000000, 1.175240473580835276, 6.749999999999997335 ) ) ;
#6916 = CARTESIAN_POINT ( 'NONE',  ( 1.299038105676658450, 0.7499999999999986677, 0.4166666666666658525 ) ) ;
#6917 = CARTESIAN_POINT ( 'NONE',  ( -0.8660254037844266062, -1.500000000000020872, -6.729166666666667851 ) ) ;
#6918 = CARTESIAN_POINT ( 'NONE',  ( -1.439254484199189379E-16, -1.175240473580835276, -3.500000000000001332 ) ) ;
#6919 = CARTESIAN_POINT ( 'NONE',  ( 0.6785254037844392627, 1.175240473580835054, -1.229166666666668295 ) ) ;
#6920 = CARTESIAN_POINT ( 'NONE',  ( 1.250000000000000222, 0.7216878364870320528, 10.39174682452694576 ) ) ;
#6921 = CARTESIAN_POINT ( 'NONE',  ( 1.357050807568876971, -2.492861891654333810E-16, -4.875000000000000888 ) ) ;
#6922 = CARTESIAN_POINT ( 'NONE',  ( -1.870113174931182636E-16, -1.527063293868263338, 0.2968749999999985567 ) ) ;
#6923 = ORIENTED_EDGE ( 'NONE', *, *, #3273, .T. ) ;
#6924 = CARTESIAN_POINT ( 'NONE',  ( 1.732050807568877415, -3.181725716174720498E-16, -2.625000000000001332 ) ) ;
#6925 = CARTESIAN_POINT ( 'NONE',  ( 1.250000000000000000, -0.4977939633749662307, 10.27979988797090805 ) ) ;
#6926 = CARTESIAN_POINT ( 'NONE',  ( 1.732050807568877415, -3.181725716174720498E-16, -5.625000000000001776 ) ) ;
#6927 = CARTESIAN_POINT ( 'NONE',  ( -0.6785254037844383745, 1.175240473580835499, -7.145833333333333925 ) ) ;
#6928 = CARTESIAN_POINT ( 'NONE',  ( -1.836970198721029441E-16, -1.499999999999999778, 0.8124999999999990008 ) ) ;
#6929 = FACE_OUTER_BOUND ( 'NONE', #925, .T. ) ;
#6930 = CARTESIAN_POINT ( 'NONE',  ( -1.836970198721029441E-16, -1.499999999999999778, 4.312499999999998224 ) ) ;
#6931 = CARTESIAN_POINT ( 'NONE',  ( 0.000000000000000000, 1.175240473580835276, -9.187500000000001776 ) ) ;
#6932 = CARTESIAN_POINT ( 'NONE',  ( 0.6785254037844391517, 1.175240473580835054, 6.270833333333331261 ) ) ;
#6933 = VERTEX_POINT ( 'NONE', #2164 ) ;
#6934 = CARTESIAN_POINT ( 'NONE',  ( 1.017788105676658228, 0.5876202367904167501, -5.333333333333333925 ) ) ;
#6935 = CARTESIAN_POINT ( 'NONE',  ( 0.000000000000000000, 1.499999999999999778, -7.437500000000001776 ) ) ;
#6936 = ADVANCED_FACE ( 'NONE', ( #4444 ), #1610, .T. ) ;
#6937 = CARTESIAN_POINT ( 'NONE',  ( 0.000000000000000000, 1.175240473580835276, 0.2499999999999985012 ) ) ;
#6938 = CARTESIAN_POINT ( 'NONE',  ( -1.357050807568876971, 8.309539638847778957E-17, 3.437499999999997780 ) ) ;
#6939 = CARTESIAN_POINT ( 'NONE',  ( -0.8816504037844389297, -1.527063293868263116, -4.244791666666667851 ) ) ;
#6940 = VECTOR ( 'NONE', #4140, 1000.000000000000000 ) ;
#6941 = CARTESIAN_POINT ( 'NONE',  ( 0.8816504037844380415, -1.527063293868264005, 1.307291666666664742 ) ) ;
#6942 = CARTESIAN_POINT ( 'NONE',  ( -0.6785254037844382635, 1.175240473580835276, -2.145833333333334814 ) ) ;
#6943 = VERTEX_POINT ( 'NONE', #1649 ) ;
#6944 = CARTESIAN_POINT ( 'NONE',  ( 0.6785254037844380415, -1.175240473580835499, -9.458333333333333925 ) ) ;
#6945 = CARTESIAN_POINT ( 'NONE',  ( 1.299038105676657340, -0.7500000000000005551, -9.604166666666667851 ) ) ;
#6946 = CARTESIAN_POINT ( 'NONE',  ( 0.8660254037844392627, 1.499999999999999334, 1.520833333333332371 ) ) ;
#6947 = CARTESIAN_POINT ( 'NONE',  ( 0.6785254037844380415, -1.175240473580835721, 6.041666666666665186 ) ) ;
#6948 = CARTESIAN_POINT ( 'NONE',  ( 0.8816504037844380415, -1.527063293868264005, -7.692708333333333925 ) ) ;
#6949 = VERTEX_POINT ( 'NONE', #1092 ) ;
#6950 = CARTESIAN_POINT ( 'NONE',  ( -1.017788105676657784, 0.5876202367904177493, 4.833333333333332149 ) ) ;
#6951 = CARTESIAN_POINT ( 'NONE',  ( -1.299038105676657784, 0.7500000000000001110, 6.145833333333331261 ) ) ;
#6952 = CARTESIAN_POINT ( 'NONE',  ( -1.299038105676657562, -0.7499999999999994449, -6.333333333333333925 ) ) ;
#6953 = CARTESIAN_POINT ( 'NONE',  ( -0.6785254037844383745, 1.175240473580835499, 2.354166666666665630 ) ) ;
#6954 = CARTESIAN_POINT ( 'NONE',  ( -0.6785254037844388186, -1.175240473580835276, -2.979166666666668295 ) ) ;
#6955 = CARTESIAN_POINT ( 'NONE',  ( 0.000000000000000000, 9.259650508369634219E-58, 10.34999999999999787 ) ) ;
#6956 = CARTESIAN_POINT ( 'NONE',  ( 1.357050807568876971, -2.492861891654333810E-16, -3.375000000000001332 ) ) ;
#6957 = CARTESIAN_POINT ( 'NONE',  ( 0.000000000000000000, 1.527063293868263338, 3.546874999999997780 ) ) ;
#6958 = ORIENTED_EDGE ( 'NONE', *, *, #6574, .F. ) ;
#6959 = CARTESIAN_POINT ( 'NONE',  ( 0.6785254037844380415, -1.175240473580835499, -9.895833333333333925 ) ) ;
#6960 = CARTESIAN_POINT ( 'NONE',  ( -1.299038105676657562, -0.7499999999999994449, -3.333333333333333925 ) ) ;
#6961 = CARTESIAN_POINT ( 'NONE',  ( -1.836970198721029441E-16, -1.499999999999999778, 6.812499999999997335 ) ) ;
#6962 = CARTESIAN_POINT ( 'NONE',  ( 1.357050807568876971, -2.492861891654333810E-16, -4.812500000000000888 ) ) ;
#6963 = CARTESIAN_POINT ( 'NONE',  ( -0.7151093216337650604, 1.173083595214731156, -10.31378198473488084 ) ) ;
#6964 = CARTESIAN_POINT ( 'NONE',  ( 1.732050807568877415, -3.181725716174720498E-16, 5.375000000000000000 ) ) ;
#6965 = CARTESIAN_POINT ( 'NONE',  ( 0.8660254037844317132, -1.500000000000010658, -6.208333333333335702 ) ) ;
#6966 = CARTESIAN_POINT ( 'NONE',  ( -1.357050807568876971, 8.309539638847778957E-17, -9.062500000000001776 ) ) ;
#6967 = CARTESIAN_POINT ( 'NONE',  ( -0.6785254037844388186, -1.175240473580835054, 6.520833333333331261 ) ) ;
#6968 = ORIENTED_EDGE ( 'NONE', *, *, #312, .F. ) ;
#6969 = CARTESIAN_POINT ( 'NONE',  ( 1.357050807568876971, -2.492861891654333810E-16, -6.375000000000000888 ) ) ;
#6970 = CARTESIAN_POINT ( 'NONE',  ( -0.8660254037844383745, 1.499999999999999778, -2.395833333333334814 ) ) ;
#6971 = CARTESIAN_POINT ( 'NONE',  ( -1.439254484199189379E-16, -1.175240473580835276, -1.734723475976807094E-15 ) ) ;
#6972 = CARTESIAN_POINT ( 'NONE',  ( -0.6785254037844388186, -1.175240473580835276, 3.020833333333331705 ) ) ;
#6973 = CARTESIAN_POINT ( 'NONE',  ( -1.870113174931182636E-16, -1.527063293868263338, -5.203125000000000888 ) ) ;
#6974 = CARTESIAN_POINT ( 'NONE',  ( 1.763300807568876971, -3.239131034884752106E-16, -0.1093750000000018319 ) ) ;
#6975 = EDGE_CURVE ( 'NONE', #2116, #4862, #1053, .T. ) ;
#6976 = CARTESIAN_POINT ( 'NONE',  ( 1.357050807568876749, -2.492861891654333810E-16, -1.812500000000001554 ) ) ;
#6977 = VERTEX_POINT ( 'NONE', #2238 ) ;
#6978 = CARTESIAN_POINT ( 'NONE',  ( 0.000000000000000000, 1.175240473580835276, 0.7499999999999988898 ) ) ;
#6979 = CARTESIAN_POINT ( 'NONE',  ( 0.6785254037844391517, 1.175240473580835054, -7.291666666666667851 ) ) ;
#6980 =( BOUNDED_CURVE ( )  B_SPLINE_CURVE ( 2, ( #6510, #238, #1510, #1991, #6588, #4795, #3187 ),
 .UNSPECIFIED., .F., .T. ) 
 B_SPLINE_CURVE_WITH_KNOTS ( ( 3, 2, 2, 3 ),
 ( 0.6216216216216217116, 0.6261261261261262812, 0.6306306306306307397, 0.6351351351351351981 ),
 .UNSPECIFIED. ) 
 CURVE ( )  GEOMETRIC_REPRESENTATION_ITEM ( )  RATIONAL_B_SPLINE_CURVE ( ( 0.9999999999999966693, 0.8660254037844420383, 1.000000000000000000, 0.8660254037844387076, 1.000000000000000000, 0.8660254037844353769, 1.000000000000003331 ) ) 
 REPRESENTATION_ITEM ( '' )  );
#6981 = DIRECTION ( 'NONE',  ( 1.000000000000000000, 0.000000000000000000, 0.000000000000000000 ) ) ;
#6982 = CARTESIAN_POINT ( 'NONE',  ( 1.017788105676657562, -0.5876202367904181934, 7.083333333333332149 ) ) ;
#6983 = CARTESIAN_POINT ( 'NONE',  ( -1.763300807568876971, 1.079710344961584035E-16, -6.859375000000000000 ) ) ;
#6984 = EDGE_CURVE ( 'NONE', #3416, #3278, #531, .T. ) ;
#6985 = VERTEX_POINT ( 'NONE', #4520 ) ;
#6986 = CARTESIAN_POINT ( 'NONE',  ( -1.017788105676657784, 0.5876202367904177493, 5.333333333333330373 ) ) ;
#6987 = CARTESIAN_POINT ( 'NONE',  ( 0.000000000000000000, 1.499999999999999778, -0.4375000000000021094 ) ) ;
#6988 = CARTESIAN_POINT ( 'NONE',  ( -1.017788105676658006, -0.5876202367904174162, 3.979166666666665630 ) ) ;
#6989 = CARTESIAN_POINT ( 'NONE',  ( 0.000000000000000000, 1.175240473580835276, -3.187500000000000888 ) ) ;
#6990 = CARTESIAN_POINT ( 'NONE',  ( 1.357050807568876749, -2.492861891654333810E-16, 6.125000000000000000 ) ) ;
#6991 = ORIENTED_EDGE ( 'NONE', *, *, #6803, .T. ) ;
#6992 = CARTESIAN_POINT ( 'NONE',  ( 0.6785254037844380415, -1.175240473580835721, -1.458333333333334370 ) ) ;
#6993 = CARTESIAN_POINT ( 'NONE',  ( -0.8816504037844382635, 1.527063293868263338, 2.088541666666665630 ) ) ;
#6994 = ORIENTED_EDGE ( 'NONE', *, *, #5289, .T. ) ;
#6995 = CARTESIAN_POINT ( 'NONE',  ( -1.017788105676657784, 0.5876202367904177493, -7.104166666666667851 ) ) ;
#6996 = CARTESIAN_POINT ( 'NONE',  ( -1.836970198721029441E-16, -1.499999999999999778, 3.812499999999998224 ) ) ;
#6997 = CARTESIAN_POINT ( 'NONE',  ( 0.6785254037844380415, -1.175240473580835721, -6.895833333333333037 ) ) ;
#6998 = DIRECTION ( 'NONE',  ( 0.000000000000000000, 1.000000000000000000, 0.000000000000000000 ) ) ;
#6999 = EDGE_CURVE ( 'NONE', #4245, #5874, #6356, .T. ) ;
#7000 = CARTESIAN_POINT ( 'NONE',  ( -1.439254484199189379E-16, -1.175240473580835276, -8.937500000000001776 ) ) ;
#7001 = CARTESIAN_POINT ( 'NONE',  ( -1.439254484199189379E-16, -1.175240473580835276, 5.062499999999999112 ) ) ;
#7002 = ORIENTED_EDGE ( 'NONE', *, *, #3053, .F. ) ;
#7003 = CARTESIAN_POINT ( 'NONE',  ( 1.017788105676657562, -0.5876202367904181934, 1.583333333333332371 ) ) ;
#7004 = CARTESIAN_POINT ( 'NONE',  ( -1.732050807568877193, 1.060575238724906792E-16, -7.312500000000002665 ) ) ;
#7005 = CONICAL_SURFACE ( 'NONE', #2152, 1.551628848447119013, 0.7853981633974500554 ) ;
#7006 = CARTESIAN_POINT ( 'NONE',  ( -1.017788105676658006, -0.5876202367904174162, 2.416666666666666075 ) ) ;
#7007 = CARTESIAN_POINT ( 'NONE',  ( -1.017788105676658006, -0.5876202367904174162, 5.979166666666665186 ) ) ;
#7008 = CONICAL_SURFACE ( 'NONE', #6777, 1732.050807568858318, 1.047197551196592968 ) ;
#7009 = CARTESIAN_POINT ( 'NONE',  ( 0.8816504037844392627, 1.527063293868263116, -4.994791666666668739 ) ) ;
#7010 = CARTESIAN_POINT ( 'NONE',  ( -1.322475605676657784, 0.7635316469341318912, 0.5989583333333315940 ) ) ;
#7011 = CARTESIAN_POINT ( 'NONE',  ( -1.017788105676658006, -0.5876202367904174162, -3.020833333333334370 ) ) ;
#7012 = ORIENTED_EDGE ( 'NONE', *, *, #5719, .F. ) ;
#7013 = CARTESIAN_POINT ( 'NONE',  ( 0.6785254037844380415, -1.175240473580835721, 1.041666666666664742 ) ) ;
#7014 = CARTESIAN_POINT ( 'NONE',  ( -1.439254484199189379E-16, -1.175240473580835276, -8.500000000000000000 ) ) ;
#7015 = AXIS2_PLACEMENT_3D ( 'NONE', #385, #3747, #6002 ) ;
#7016 = CARTESIAN_POINT ( 'NONE',  ( -0.6785254037844388186, -1.175240473580835276, 6.458333333333331261 ) ) ;
#7017 = CARTESIAN_POINT ( 'NONE',  ( -1.322475605676657784, 0.7635316469341318912, -5.901041666666666963 ) ) ;
#7018 = AXIS2_PLACEMENT_3D ( 'NONE', #2670, #2784, #4948 ) ;
#7019 = EDGE_LOOP ( 'NONE', ( #4643, #2277, #3799, #5462 ) ) ;
#7020 =( BOUNDED_CURVE ( )  B_SPLINE_CURVE ( 2, ( #1406, #806, #1998, #6596, #6559, #3676, #5934 ),
 .UNSPECIFIED., .F., .T. ) 
 B_SPLINE_CURVE_WITH_KNOTS ( ( 3, 2, 2, 3 ),
 ( 0.1081081081081081141, 0.1126126126126126142, 0.1171171171171171144, 0.1216216216216216284 ),
 .UNSPECIFIED. ) 
 CURVE ( )  GEOMETRIC_REPRESENTATION_ITEM ( )  RATIONAL_B_SPLINE_CURVE ( ( 1.000000000000000000, 0.8660254037844385966, 1.000000000000000000, 0.8660254037844385966, 1.000000000000000000, 0.8660254037844385966, 1.000000000000000000 ) ) 
 REPRESENTATION_ITEM ( '' )  );
#7021 = CARTESIAN_POINT ( 'NONE',  ( -0.6785254037844383745, 1.175240473580835499, 7.291666666666666075 ) ) ;
#7022 = DIRECTION ( 'NONE',  ( 0.4999999999999998890, 0.8660254037844387076, 0.000000000000000000 ) ) ;
#7023 = CARTESIAN_POINT ( 'NONE',  ( -1.017788105676658006, -0.5876202367904174162, 4.479166666666666075 ) ) ;
#7024 = EDGE_CURVE ( 'NONE', #2606, #4243, #4972, .T. ) ;
#7025 = CARTESIAN_POINT ( 'NONE',  ( -0.6785254037844388186, -1.175240473580835276, -2.479166666666667851 ) ) ;
#7026 = CARTESIAN_POINT ( 'NONE',  ( 0.6785254037844391517, 1.175240473580835054, 6.708333333333332149 ) ) ;
#7027 = CARTESIAN_POINT ( 'NONE',  ( 1.836970198721029688E-16, -1.499999999999999778, -10.49999999999999822 ) ) ;
#7028 = CARTESIAN_POINT ( 'NONE',  ( 1.017788105676658228, 0.5876202367904167501, -3.333333333333334814 ) ) ;
#7029 = CARTESIAN_POINT ( 'NONE',  ( -1.870113174931182636E-16, -1.527063293868263338, 3.796874999999998224 ) ) ;
#7030 = ORIENTED_EDGE ( 'NONE', *, *, #6149, .T. ) ;
#7031 = CARTESIAN_POINT ( 'NONE',  ( 1.017788105676657562, -0.5876202367904181934, -9.354166666666666075 ) ) ;
#7032 = CARTESIAN_POINT ( 'NONE',  ( 1.250000000000000000, -0.7216878364870323859, 3.681186920870133772 ) ) ;
#7033 = DIRECTION ( 'NONE',  ( -0.000000000000000000, 6.173100338913050050E-57, -1.000000000000000000 ) ) ;
#7034 = CARTESIAN_POINT ( 'NONE',  ( 0.6785254037844392627, 1.175240473580835054, -4.291666666666667851 ) ) ;
#7035 = CARTESIAN_POINT ( 'NONE',  ( 0.6785254037844380415, -1.175240473580835721, -2.395833333333334814 ) ) ;
#7036 =( BOUNDED_CURVE ( )  B_SPLINE_CURVE ( 1, ( #6861, #1374 ),
 .UNSPECIFIED., .F., .F. ) 
 B_SPLINE_CURVE_WITH_KNOTS ( ( 2, 2 ),
 ( 0.000000000000000000, 0.0003750000000000036941 ),
 .UNSPECIFIED. ) 
 CURVE ( )  GEOMETRIC_REPRESENTATION_ITEM ( )  RATIONAL_B_SPLINE_CURVE ( ( 0.9550068919397547429, 0.9550068919397547429 ) ) 
 REPRESENTATION_ITEM ( '' )  );
#7037 = CARTESIAN_POINT ( 'NONE',  ( -1.017788105676658006, -0.5876202367904174162, -10.08333333333333393 ) ) ;
#7038 = CARTESIAN_POINT ( 'NONE',  ( 1.299038105676658672, 0.7499999999999987788, -9.020833333333333925 ) ) ;
#7039 = CARTESIAN_POINT ( 'NONE',  ( 0.6785254037844380415, -1.175240473580835721, -8.395833333333335702 ) ) ;
#7040 = CARTESIAN_POINT ( 'NONE',  ( -1.732050807568877193, 1.060575238724906792E-16, 6.687499999999997335 ) ) ;
#7041 = CARTESIAN_POINT ( 'NONE',  ( -1.836970198721029441E-16, -1.499999999999999778, 5.812500000000000000 ) ) ;
#7042 = CARTESIAN_POINT ( 'NONE',  ( -1.152335806484988456, -0.7780742849031117014, 10.33536037611086655 ) ) ;
#7043 = CARTESIAN_POINT ( 'NONE',  ( 0.6785254037844380415, -1.175240473580835499, 3.041666666666664742 ) ) ;
#7044 = CARTESIAN_POINT ( 'NONE',  ( 0.6785254037844380415, -1.175240473580835721, 6.104166666666666075 ) ) ;
#7045 = LINE ( 'NONE', #6052, #5030 ) ;
#7046 = CARTESIAN_POINT ( 'NONE',  ( -1.322475605676657784, 0.7635316469341318912, -3.869791666666668295 ) ) ;
#7047 = CARTESIAN_POINT ( 'NONE',  ( -1.322475605676657784, -0.7635316469341314471, 2.182291666666665630 ) ) ;
#7048 = ORIENTED_EDGE ( 'NONE', *, *, #173, .F. ) ;
#7049 = CARTESIAN_POINT ( 'NONE',  ( 0.6785254037844380415, -1.175240473580835499, -3.895833333333334370 ) ) ;
#7050 = EDGE_LOOP ( 'NONE', ( #2234, #5395, #3094, #2691 ) ) ;
#7051 = CARTESIAN_POINT ( 'NONE',  ( 0.6785254037844380415, -1.175240473580835499, -4.458333333333333925 ) ) ;
#7052 = FACE_OUTER_BOUND ( 'NONE', #2227, .T. ) ;
#7053 = CARTESIAN_POINT ( 'NONE',  ( -1.017788105676658006, -0.5876202367904174162, 6.916666666666666075 ) ) ;
#7054 = CARTESIAN_POINT ( 'NONE',  ( 1.322475605676657340, -0.7635316469341323353, -6.651041666666667851 ) ) ;
#7055 = ORIENTED_EDGE ( 'NONE', *, *, #2502, .F. ) ;
#7056 = DIRECTION ( 'NONE',  ( -0.000000000000000000, 6.173100338913050050E-57, -1.000000000000000000 ) ) ;
#7057 = AXIS2_PLACEMENT_3D ( 'NONE', #4104, #2425, #636 ) ;
#7058 = CARTESIAN_POINT ( 'NONE',  ( 0.000000000000000000, 1.175240473580835276, 3.812499999999998224 ) ) ;
#7059 = CARTESIAN_POINT ( 'NONE',  ( 0.6785254037844392627, 1.175240473580835054, -1.729166666666666963 ) ) ;
#7060 = CARTESIAN_POINT ( 'NONE',  ( -0.6785254037844388186, -1.175240473580835054, 6.458333333333331261 ) ) ;
#7061 = LINE ( 'NONE', #6369, #3236 ) ;
#7062 = CARTESIAN_POINT ( 'NONE',  ( 0.000000000000000000, 1.175240473580835276, -2.750000000000000888 ) ) ;
#7063 =( BOUNDED_CURVE ( )  B_SPLINE_CURVE ( 2, ( #5855, #2924, #5193, #117, #2889, #765, #4082, #3037, #4609, #159, #1771, #2399, #4680, #1847, #1178, #6959, #4119, #6295, #725, #1884, #6373, #4155, #1740, #3451, #3563, #5819, #614, #5443, #7031, #2481, #5338, #4793, #6509, #1918, #236, #1431, #3075, #3149, #796, #5926, #4192, #2622, #2024, #2513, #7141, #3636, #5890, #944, #907, #6586, #3669, #2553, #1508, #6476, #3224, #6547, #4899, #198, #830, #1951, #7097, #5962, #4343, #3705, #870, #4757, #4302, #345, #3109, #5411, #2061, #4223, #1397, #4263, #5376, #6443, #3782, #6036, #272, #1470, #4827, #3746, #6995, #4863, #1364, #7066, #1989, #309, #3185, #2586, #6001, #6145, #3892, #2171, #1545, #4627, #6280, #5044, #5481, #1581, #4450, #3818, #632, #6733, #6073, #64, #6865, #6621, #5174, #3858, #6109, #6695, #6657, #1654, #1059, #1617, #2692, #2768, #5516, #1023, #986, #2659, #6317, #2340, #5007, #3299, #5550, #7174, #3338, #458, #384, #4019, #2906, #2730, #1789, #7207, #3261, #422, #7247, #5589, #498, #7285, #2132, #2209, #4488, #1238, #1196, #3470, #4414, #5725, #4968, #4060, #4934, #2098, #4380, #6391, #5761, #748, #3093, #7049, #3617, #5209, #4699, #5908, #814, #4173, #138, #5283, #6492, #6458, #5355, #5247, #253, #4244, #4811, #6352, #1973, #5837, #1273, #3508, #7011, #3058, #100, #5320, #2461, #1381, #3652, #5873, #3019, #2378, #1346, #2982, #670, #2535, #706, #1308, #4137, #6425, #1867, #1934, #2422, #6942, #3580, #217, #4207, #178, #2944, #3545, #4737, #6976, #4660, #5799, #1901, #781, #2497, #4101, #4774, #6905, #1830, #3839, #6093, #1005, #4845, #7082, #2149, #2115, #439, #4880, #3763, #2709, #327, #4433, #404, #3279, #1414, #7120, #4281, #965, #5394, #3244, #363, #1560, #3800, #6018, #290, #6604, #888, #3685, #5534, #5980, #4323, #2045, #4361, #6569, #4953, #3166, #5461, #926, #4986, #3727, #2674, #7189, #7227, #6055, #5942, #850, #1488, #5426, #4396, #2605, #3130, #2079, #7157, #2642, #2007, #2570, #6640, #5499, #6527, #3204, #4917, #1452, #1529, #591, #7267, #1189, #5716, #477, #6274, #2790, #5067, #5649, #519, #2863, #2263, #557, #3909, #3983, #6715, #7307, #2188, #3876, #57, #3463, #6200, #2228, #4510, #1041, #2828, #6755, #6677, #5135, #4013, #3944, #625, #1078, #4469, #1636, #1119, #3396, #1677, #5103, #3358, #1717, #7347, #2334, #4547, #6793, #5613, #6237, #1156, #3430, #2300, #6827, #5685, #27, #3319, #4585, #6163, #1599, #2899, #1749, #5168, #5569, #6128, #2747, #5027, #3610, #1263, #4091, #1336, #3046, #91, #5865, #1371, #1892, #4619, #4765, #2412, #6896, #207, #243, #5274, #5898, #6858, #1782, #3499, #805, #5201, #5788, #3536, #4199, #3571, #661, #7001, #773, #2369, #6451, #3644, #5752, #3083, #737, #4051, #2487, #4690, #4652, #169, #4164, #6307, #5311, #5346, #2934, #1299, #1229, #1822, #6343, #4128, #5239, #2972, #699, #5827, #129, #1925, #6932, #3010, #1857, #6383, #2452, #4727, #6967, #6416, #953, #4942, #3754, #4271, #4906, #878, #5523, #3193, #6008, #6516, #1997, #4801, #280, #7074, #1477, #4233 ),
 .UNSPECIFIED., .F., .T. ) 
 B_SPLINE_CURVE_WITH_KNOTS ( ( 3, 2, 2, 2, 2, 2, 2, 2, 2, 2, 2, 2, 2, 2, 2, 2, 2, 2, 2, 2, 2, 2, 2, 2, 2, 2, 2, 2, 2, 2, 2, 2, 2, 2, 2, 2, 2, 2, 2, 2, 2, 2, 2, 2, 2, 2, 2, 2, 2, 2, 2, 2, 2, 2, 2, 2, 2, 2, 2, 2, 2, 2, 2, 2, 2, 2, 2, 2, 2, 2, 2, 2, 2, 2, 2, 2, 2, 2, 2, 2, 2, 2, 2, 2, 2, 2, 2, 2, 2, 2, 2, 2, 2, 2, 2, 2, 2, 2, 2, 2, 2, 2, 2, 2, 2, 2, 2, 2, 2, 2, 2, 2, 2, 2, 2, 2, 2, 2, 2, 2, 2, 2, 2, 2, 2, 2, 2, 2, 2, 2, 2, 2, 2, 2, 2, 2, 2, 2, 2, 2, 2, 2, 2, 2, 2, 2, 2, 2, 2, 2, 2, 2, 2, 2, 2, 2, 2, 2, 2, 2, 2, 2, 2, 2, 2, 2, 2, 2, 2, 2, 2, 2, 2, 2, 2, 2, 2, 2, 2, 2, 2, 2, 2, 2, 2, 2, 2, 2, 2, 2, 2, 2, 2, 2, 2, 2, 2, 2, 2, 2, 2, 2, 2, 2, 2, 2, 2, 2, 2, 2, 2, 2, 2, 3 ),
 ( 0.01019362025819537526, 0.01351351351351351426, 0.01801801801801801786, 0.02252252252252252146, 0.02702702702702702853, 0.03153153153153152866, 0.03603603603603603572, 0.04054054054054054279, 0.04504504504504504292, 0.04954954954954954999, 0.05405405405405405705, 0.05855855855855855718, 0.06306306306306305731, 0.06756756756756757132, 0.07207207207207207145, 0.07657657657657657158, 0.08108108108108111334, 0.08558558558558557183, 0.09009009009009008584, 0.09459459459459459985, 0.09909909909909908610, 0.1036036036036036001, 0.1081081081081081141, 0.1126126126126126004, 0.1171171171171171144, 0.1216216216216216284, 0.1261261261261261146, 0.1306306306306306286, 0.1351351351351351426, 0.1396396396396396289, 0.1441441441441441429, 0.1486486486486486569, 0.1531531531531531432, 0.1576576576576576294, 0.1621621621621621712, 0.1666666666666666574, 0.1711711711711711714, 0.1756756756756756854, 0.1801801801801801717, 0.1846846846846846857, 0.1891891891891891997, 0.1936936936936936859, 0.1981981981981981999, 0.2027027027027027140, 0.2072072072072072002, 0.2117117117117117142, 0.2162162162162162282, 0.2207207207207207145, 0.2252252252252252285, 0.2297297297297297147, 0.2342342342342342287, 0.2387387387387387427, 0.2432432432432432567, 0.2477477477477477430, 0.2522522522522522292, 0.2567567567567567433, 0.2612612612612612573, 0.2657657657657657713, 0.2702702702702702853, 0.2747747747747747993, 0.2792792792792792578, 0.2837837837837837718, 0.2882882882882882858, 0.2927927927927927998, 0.2972972972972973138, 0.3018018018018018278, 0.3063063063063062863, 0.3108108108108108003, 0.3153153153153153143, 0.3198198198198198283, 0.3243243243243243423, 0.3288288288288288563, 0.3333333333333333148, 0.3378378378378378288, 0.3423423423423423428, 0.3468468468468468568, 0.3513513513513513709, 0.3558558558558558294, 0.3603603603603603989, 0.3648648648648648574, 0.3693693693693693714, 0.3738738738738738854, 0.3783783783783783994, 0.3828828828828828024, 0.3873873873873873719, 0.3918918918918918859, 0.3963963963963963999, 0.4009009009009009139, 0.4054054054054054279, 0.4099099099099098864, 0.4144144144144144004, 0.4189189189189189144, 0.4234234234234234284, 0.4279279279279279424, 0.4324324324324324564, 0.4369369369369369149, 0.4414414414414414289, 0.4459459459459459429, 0.4504504504504504570, 0.4549549549549549710, 0.4594594594594594850, 0.4639639639639639435, 0.4684684684684684575, 0.4729729729729729715, 0.4774774774774774855, 0.4819819819819819995, 0.4864864864864865135, 0.4909909909909909720, 0.4954954954954954860, 0.5000000000000000000, 0.5045045045045044585, 0.5090090090090090280, 0.5135135135135134865, 0.5180180180180180560, 0.5225225225225225145, 0.5270270270270269730, 0.5315315315315315425, 0.5360360360360360010, 0.5405405405405405705, 0.5450450450450450290, 0.5495495495495495986, 0.5540540540540540571, 0.5585585585585585155, 0.5630630630630630851, 0.5675675675675675436, 0.5720720720720721131, 0.5765765765765766826, 0.5810810810810810301, 0.5855855855855855996, 0.5900900900900900581, 0.5945945945945946276, 0.5990990990990990861, 0.6036036036036036556, 0.6081081081081081141, 0.6126126126126125726, 0.6171171171171171421, 0.6216216216216217116, 0.6261261261261261701, 0.6306306306306306286, 0.6351351351351350871, 0.6396396396396396566, 0.6441441441441441151, 0.6486486486486486847, 0.6531531531531531432, 0.6576576576576577127, 0.6621621621621621712, 0.6666666666666665186, 0.6711711711711711992, 0.6756756756756756577, 0.6801801801801802272, 0.6846846846846846857, 0.6891891891891891442, 0.6936936936936937137, 0.6981981981981981722, 0.7027027027027027417, 0.7072072072072072002, 0.7117117117117116587, 0.7162162162162162282, 0.7207207207207206867, 0.7252252252252252562, 0.7297297297297297147, 0.7342342342342342842, 0.7387387387387387427, 0.7432432432432432012, 0.7477477477477477708, 0.7522522522522522292, 0.7567567567567567988, 0.7612612612612612573, 0.7657657657657657158, 0.7702702702702702853, 0.7747747747747747438, 0.7792792792792793133, 0.7837837837837837718, 0.7882882882882883413, 0.7927927927927927998, 0.7972972972972972583, 0.8018018018018018278, 0.8063063063063062863, 0.8108108108108108558, 0.8153153153153153143, 0.8198198198198197728, 0.8243243243243243423, 0.8288288288288288008, 0.8333333333333333703, 0.8378378378378378288, 0.8423423423423422873, 0.8468468468468468568, 0.8513513513513513153, 0.8558558558558558849, 0.8603603603603603434, 0.8648648648648649129, 0.8693693693693693714, 0.8738738738738738299, 0.8783783783783783994, 0.8828828828828828579, 0.8873873873873874274, 0.8918918918918918859, 0.8963963963963963444, 0.9009009009009009139, 0.9054054054054053724, 0.9099099099099100529, 0.9144144144144144004, 0.9189189189189189699, 0.9234234234234234284, 0.9279279279279278869, 0.9324324324324324564, 0.9369369369369369149, 0.9414414414414414845, 0.9459459459459459429, 0.9504504504504504014, 0.9549549549549548599, 0.9594594594594594295, 0.9639639639639639990, 0.9649256663622434171 ),
 .UNSPECIFIED. ) 
 CURVE ( )  GEOMETRIC_REPRESENTATION_ITEM ( )  RATIONAL_B_SPLINE_CURVE ( ( 0.9480652107226090752, 0.9012585384440769953, 1.000000000000000000, 0.8660254037844387076, 1.000000000000000000, 0.8660254037844387076, 1.000000000000000000, 0.8660254037844387076, 1.000000000000000000, 0.8660254037844387076, 1.000000000000000000, 0.8660254037844387076, 1.000000000000000000, 0.8660254037844387076, 1.000000000000000000, 0.8660254037844387076, 1.000000000000000000, 0.8660254037844387076, 1.000000000000000000, 0.8660254037844387076, 1.000000000000000000, 0.8660254037844387076, 1.000000000000000000, 0.8660254037844387076, 1.000000000000000000, 0.8660254037844387076, 1.000000000000000000, 0.8660254037844387076, 1.000000000000000000, 0.8660254037844387076, 1.000000000000000000, 0.8660254037844387076, 1.000000000000000000, 0.8660254037844387076, 1.000000000000000000, 0.8660254037844387076, 1.000000000000000000, 0.8660254037844387076, 1.000000000000000000, 0.8660254037844387076, 1.000000000000000000, 0.8660254037844387076, 1.000000000000000000, 0.8660254037844387076, 1.000000000000000000, 0.8660254037844387076, 1.000000000000000000, 0.8660254037844387076, 1.000000000000000000, 0.8660254037844387076, 1.000000000000000000, 0.8660254037844387076, 1.000000000000000000, 0.8660254037844387076, 1.000000000000000000, 0.8660254037844387076, 1.000000000000000000, 0.8660254037844387076, 1.000000000000000000, 0.8660254037844387076, 1.000000000000000000, 0.8660254037844387076, 1.000000000000000000, 0.8660254037844387076, 1.000000000000000000, 0.8660254037844387076, 1.000000000000000000, 0.8660254037844387076, 1.000000000000000000, 0.8660254037844387076, 1.000000000000000000, 0.8660254037844387076, 1.000000000000000000, 0.8660254037844387076, 1.000000000000000000, 0.8660254037844387076, 1.000000000000000000, 0.8660254037844387076, 1.000000000000000000, 0.8660254037844387076, 1.000000000000000000, 0.8660254037844387076, 1.000000000000000000, 0.8660254037844387076, 1.000000000000000000, 0.8660254037844387076, 1.000000000000000000, 0.8660254037844387076, 1.000000000000000000, 0.8660254037844387076, 1.000000000000000000, 0.8660254037844387076, 1.000000000000000000, 0.8660254037844387076, 1.000000000000000000, 0.8660254037844387076, 1.000000000000000000, 0.8660254037844387076, 1.000000000000000000, 0.8660254037844387076, 1.000000000000000000, 0.8660254037844387076, 1.000000000000000000, 0.8660254037844387076, 1.000000000000000000, 0.8660254037844387076, 1.000000000000000000, 0.8660254037844387076, 1.000000000000000000, 0.8660254037844387076, 1.000000000000000000, 0.8660254037844387076, 1.000000000000000000, 0.8660254037844387076, 1.000000000000000000, 0.8660254037844387076, 1.000000000000000000, 0.8660254037844387076, 1.000000000000000000, 0.8660254037844387076, 1.000000000000000000, 0.8660254037844387076, 1.000000000000000000, 0.8660254037844387076, 1.000000000000000000, 0.8660254037844387076, 1.000000000000000000, 0.8660254037844387076, 1.000000000000000000, 0.8660254037844387076, 1.000000000000000000, 0.8660254037844387076, 1.000000000000000000, 0.8660254037844387076, 1.000000000000000000, 0.8660254037844387076, 1.000000000000000000, 0.8660254037844387076, 1.000000000000000000, 0.8660254037844387076, 1.000000000000000000, 0.8660254037844387076, 1.000000000000000000, 0.8660254037844387076, 1.000000000000000000, 0.8660254037844387076, 1.000000000000000000, 0.8660254037844387076, 1.000000000000000000, 0.8660254037844387076, 1.000000000000000000, 0.8660254037844387076, 1.000000000000000000, 0.8660254037844387076, 1.000000000000000000, 0.8660254037844387076, 1.000000000000000000, 0.8660254037844387076, 1.000000000000000000, 0.8660254037844387076, 1.000000000000000000, 0.8660254037844387076, 1.000000000000000000, 0.8660254037844387076, 1.000000000000000000, 0.8660254037844387076, 1.000000000000000000, 0.8660254037844387076, 1.000000000000000000, 0.8660254037844387076, 1.000000000000000000, 0.8660254037844387076, 1.000000000000000000, 0.8660254037844387076, 1.000000000000000000, 0.8660254037844387076, 1.000000000000000000, 0.8660254037844387076, 1.000000000000000000, 0.8660254037844387076, 1.000000000000000000, 0.8660254037844387076, 1.000000000000000000, 0.8660254037844387076, 1.000000000000000000, 0.8660254037844387076, 1.000000000000000000, 0.8660254037844387076, 1.000000000000000000, 0.8660254037844387076, 1.000000000000000000, 0.8660254037844387076, 1.000000000000000000, 0.8660254037844387076, 1.000000000000000000, 0.8660254037844387076, 1.000000000000000000, 0.8660254037844387076, 1.000000000000000000, 0.8660254037844387076, 1.000000000000000000, 0.8660254037844387076, 1.000000000000000000, 0.8660254037844387076, 1.000000000000000000, 0.8660254037844387076, 1.000000000000000000, 0.8660254037844387076, 1.000000000000000000, 0.8660254037844387076, 1.000000000000000000, 0.8660254037844387076, 1.000000000000000000, 0.8660254037844387076, 1.000000000000000000, 0.8660254037844387076, 1.000000000000000000, 0.8660254037844387076, 1.000000000000000000, 0.8660254037844387076, 1.000000000000000000, 0.8660254037844387076, 1.000000000000000000, 0.8660254037844387076, 1.000000000000000000, 0.8660254037844387076, 1.000000000000000000, 0.8660254037844387076, 1.000000000000000000, 0.8660254037844387076, 1.000000000000000000, 0.8660254037844387076, 1.000000000000000000, 0.8660254037844387076, 1.000000000000000000, 0.8660254037844387076, 1.000000000000000000, 0.8660254037844387076, 1.000000000000000000, 0.8660254037844387076, 1.000000000000000000, 0.8660254037844387076, 1.000000000000000000, 0.8660254037844387076, 1.000000000000000000, 0.8660254037844387076, 1.000000000000000000, 0.8660254037844387076, 1.000000000000000000, 0.8660254037844387076, 1.000000000000000000, 0.8660254037844387076, 1.000000000000000000, 0.8660254037844387076, 1.000000000000000000, 0.8660254037844387076, 1.000000000000000000, 0.8660254037844387076, 1.000000000000000000, 0.8660254037844387076, 1.000000000000000000, 0.8660254037844387076, 1.000000000000000000, 0.8660254037844387076, 1.000000000000000000, 0.8660254037844387076, 1.000000000000000000, 0.8660254037844387076, 1.000000000000000000, 0.8660254037844387076, 1.000000000000000000, 0.8660254037844387076, 1.000000000000000000, 0.8660254037844387076, 1.000000000000000000, 0.8660254037844387076, 1.000000000000000000, 0.8660254037844387076, 1.000000000000000000, 0.8660254037844387076, 1.000000000000000000, 0.8660254037844387076, 1.000000000000000000, 0.8660254037844387076, 1.000000000000000000, 0.8660254037844387076, 1.000000000000000000, 0.8660254037844387076, 1.000000000000000000, 0.8660254037844387076, 1.000000000000000000, 0.8660254037844387076, 1.000000000000000000, 0.8660254037844387076, 1.000000000000000000, 0.8660254037844387076, 1.000000000000000000, 0.8660254037844387076, 1.000000000000000000, 0.8660254037844387076, 1.000000000000000000, 0.8660254037844387076, 1.000000000000000000, 0.8660254037844387076, 1.000000000000000000, 0.8660254037844387076, 1.000000000000000000, 0.8660254037844387076, 1.000000000000000000, 0.8660254037844387076, 1.000000000000000000, 0.8660254037844387076, 1.000000000000000000, 0.8660254037844387076, 1.000000000000000000, 0.8660254037844387076, 1.000000000000000000, 0.8660254037844387076, 1.000000000000000000, 0.8660254037844387076, 1.000000000000000000, 0.8660254037844387076, 1.000000000000000000, 0.8660254037844387076, 1.000000000000000000, 0.8660254037844387076, 1.000000000000000000, 0.8660254037844387076, 1.000000000000000000, 0.8660254037844387076, 1.000000000000000000, 0.8660254037844387076, 1.000000000000000000, 0.8660254037844387076, 1.000000000000000000, 0.8660254037844387076, 1.000000000000000000, 0.8660254037844387076, 1.000000000000000000, 0.8660254037844387076, 1.000000000000000000, 0.8660254037844387076, 1.000000000000000000, 0.8660254037844387076, 1.000000000000000000, 0.8660254037844387076, 1.000000000000000000, 0.8660254037844387076, 1.000000000000000000, 0.8660254037844387076, 1.000000000000000000, 0.8660254037844387076, 1.000000000000000000, 0.8660254037844387076, 1.000000000000000000, 0.8660254037844387076, 1.000000000000000000, 0.8660254037844387076, 1.000000000000000000, 0.8660254037844387076, 1.000000000000000000, 0.8660254037844387076, 1.000000000000000000, 0.8660254037844387076, 1.000000000000000000, 0.8660254037844387076, 1.000000000000000000, 0.8660254037844387076, 1.000000000000000000, 0.8660254037844387076, 1.000000000000000000, 0.8660254037844387076, 1.000000000000000000, 0.8660254037844387076, 1.000000000000000000, 0.8660254037844387076, 1.000000000000000000, 0.8660254037844387076, 1.000000000000000000, 0.8660254037844387076, 1.000000000000000000, 0.8660254037844387076, 1.000000000000000000, 0.8660254037844387076, 1.000000000000000000, 0.8660254037844387076, 1.000000000000000000, 0.8660254037844387076, 1.000000000000000000, 0.8660254037844387076, 1.000000000000000000, 0.8660254037844387076, 1.000000000000000000, 0.8660254037844387076, 1.000000000000000000, 0.8660254037844387076, 1.000000000000000000, 0.8660254037844387076, 1.000000000000000000, 0.8660254037844387076, 1.000000000000000000, 0.8660254037844387076, 1.000000000000000000, 0.8660254037844387076, 1.000000000000000000, 0.8660254037844387076, 1.000000000000000000, 0.8660254037844387076, 1.000000000000000000, 0.8660254037844387076, 1.000000000000000000, 0.8660254037844387076, 1.000000000000000000, 0.8660254037844387076, 1.000000000000000000, 0.8660254037844387076, 1.000000000000000000, 0.8660254037844387076, 1.000000000000000000, 0.8660254037844387076, 1.000000000000000000, 0.8660254037844387076, 1.000000000000000000, 0.8660254037844387076, 1.000000000000000000, 0.9713967007114368002, 0.9550068919397585177 ) ) 
 REPRESENTATION_ITEM ( '' )  );
#7064 = CARTESIAN_POINT ( 'NONE',  ( -1.322475605676657784, -0.7635316469341314471, 3.713541666666665186 ) ) ;
#7065 = ORIENTED_EDGE ( 'NONE', *, *, #2179, .T. ) ;
#7066 = CARTESIAN_POINT ( 'NONE',  ( -0.6785254037844388186, -1.175240473580835054, -6.979166666666667851 ) ) ;
#7067 = EDGE_CURVE ( 'NONE', #58, #7119, #3208, .T. ) ;
#7068 = CARTESIAN_POINT ( 'NONE',  ( -0.1623532086563830579, -1.302164776189261852, -10.37307569739118662 ) ) ;
#7069 = CARTESIAN_POINT ( 'NONE',  ( 1.299038105676657118, -0.7500000000000004441, 3.833333333333332593 ) ) ;
#7070 = CARTESIAN_POINT ( 'NONE',  ( -1.017788105676658006, -0.5876202367904174162, -4.520833333333333925 ) ) ;
#7071 = CARTESIAN_POINT ( 'NONE',  ( -0.6785254037844388186, -1.175240473580835276, -9.541666666666667851 ) ) ;
#7072 = CARTESIAN_POINT ( 'NONE',  ( 0.8660254037844394848, 1.499999999999999334, -0.04166666666666737906 ) ) ;
#7073 = CARTESIAN_POINT ( 'NONE',  ( 1.017788105676658228, 0.5876202367904167501, -6.270833333333333925 ) ) ;
#7074 = CARTESIAN_POINT ( 'NONE',  ( 1.017788105676657562, -0.5876202367904181934, 7.145833333333332149 ) ) ;
#7075 = CARTESIAN_POINT ( 'NONE',  ( -0.8660254037844260511, 1.500000000000021094, -3.395833333333336590 ) ) ;
#7076 = CARTESIAN_POINT ( 'NONE',  ( 1.357050807568876749, -2.492861891654333810E-16, 2.124999999999998224 ) ) ;
#7077 = CARTESIAN_POINT ( 'NONE',  ( -0.6785254037844388186, -1.175240473580835276, 6.520833333333332149 ) ) ;
#7078 = CARTESIAN_POINT ( 'NONE',  ( 0.7775633721268837562, -0.9420385070163251884, -10.46471444355827884 ) ) ;
#7079 = CARTESIAN_POINT ( 'NONE',  ( -0.8816504037844389297, -1.527063293868263116, -3.244791666666668739 ) ) ;
#7080 = CARTESIAN_POINT ( 'NONE',  ( 0.8816504037844380415, -1.527063293868264005, 3.307291666666665630 ) ) ;
#7081 = ORIENTED_EDGE ( 'NONE', *, *, #3773, .T. ) ;
#7082 = CARTESIAN_POINT ( 'NONE',  ( 0.6785254037844391517, 1.175240473580835054, -1.229166666666668295 ) ) ;
#7083 = ORIENTED_EDGE ( 'NONE', *, *, #3510, .F. ) ;
#7084 = CARTESIAN_POINT ( 'NONE',  ( -0.6785254037844382635, 1.175240473580835276, -5.708333333333333925 ) ) ;
#7085 = CARTESIAN_POINT ( 'NONE',  ( -1.732050807568877415, 1.060575238724906915E-16, 5.625000000000000888 ) ) ;
#7086 = CARTESIAN_POINT ( 'NONE',  ( 1.322475605676658450, 0.7635316469341306700, -10.03645833333333393 ) ) ;
#7087 = CARTESIAN_POINT ( 'NONE',  ( 1.763300807568876971, -3.239131034884752106E-16, -5.609375000000000000 ) ) ;
#7088 = ORIENTED_EDGE ( 'NONE', *, *, #4502, .F. ) ;
#7089 = CARTESIAN_POINT ( 'NONE',  ( -0.8660254037844383745, 1.499999999999999778, -6.895833333333335702 ) ) ;
#7090 = CARTESIAN_POINT ( 'NONE',  ( 0.000000000000000000, 1.175240473580835276, 5.312499999999999112 ) ) ;
#7091 = CARTESIAN_POINT ( 'NONE',  ( -0.6785254037844383745, 1.175240473580835499, 0.3541666666666657970 ) ) ;
#7092 = DIRECTION ( 'NONE',  ( -0.000000000000000000, 6.173100338913050050E-57, -1.000000000000000000 ) ) ;
#7093 = CARTESIAN_POINT ( 'NONE',  ( 0.6785254037844392627, 1.175240473580835054, -2.791666666666668295 ) ) ;
#7094 = CARTESIAN_POINT ( 'NONE',  ( -1.299038105676657784, 0.7500000000000001110, -5.854166666666667851 ) ) ;
#7095 = CARTESIAN_POINT ( 'NONE',  ( 1.322475605676657340, -0.7635316469341323353, 3.880208333333330817 ) ) ;
#7096 = VERTEX_POINT ( 'NONE', #6607 ) ;
#7097 = CARTESIAN_POINT ( 'NONE',  ( -1.017788105676658006, -0.5876202367904174162, -8.020833333333333925 ) ) ;
#7098 = PRODUCT_DEFINITION_SHAPE ( 'NONE', 'NONE',  #1481 ) ;
#7099 = CARTESIAN_POINT ( 'NONE',  ( 1.299038105676657340, -0.7500000000000005551, -8.104166666666667851 ) ) ;
#7100 = DIRECTION ( 'NONE',  ( 1.000000000000000000, 0.000000000000000000, 0.000000000000000000 ) ) ;
#7101 = CARTESIAN_POINT ( 'NONE',  ( -1.439254484199189379E-16, -1.175240473580835276, -2.437500000000000444 ) ) ;
#7103 =( BOUNDED_CURVE ( )  B_SPLINE_CURVE ( 2, ( #4949, #7263, #4392, #4429, #2742, #1037, #6636 ),
 .UNSPECIFIED., .F., .F. ) 
 B_SPLINE_CURVE_WITH_KNOTS ( ( 3, 2, 2, 3 ),
 ( 0.9324324324324324564, 0.9369369369369369149, 0.9414414414414413734, 0.9459459459459458319 ),
 .UNSPECIFIED. ) 
 CURVE ( )  GEOMETRIC_REPRESENTATION_ITEM ( )  RATIONAL_B_SPLINE_CURVE ( ( 1.000000000000000000, 0.8660254037844387076, 1.000000000000000000, 0.8660254037844387076, 1.000000000000000000, 0.8660254037844420383, 0.9999999999999966693 ) ) 
 REPRESENTATION_ITEM ( '' )  );
#7102 = CARTESIAN_POINT ( 'NONE',  ( 1.299038105676658672, 0.7499999999999987788, -7.520833333333333925 ) ) ;
#7104 = ADVANCED_FACE ( 'NONE', ( #7052 ), #6496, .T. ) ;
#7105 = CARTESIAN_POINT ( 'NONE',  ( 1.017788105676657562, -0.5876202367904181934, -10.41666666666666785 ) ) ;
#7106 = CARTESIAN_POINT ( 'NONE',  ( 0.8660254037844256070, -1.500000000000021760, -9.145833333333335702 ) ) ;
#7107 = CARTESIAN_POINT ( 'NONE',  ( -1.439254484199189379E-16, -1.175240473580835276, -7.437500000000001776 ) ) ;
#7108 = CARTESIAN_POINT ( 'NONE',  ( 0.000000000000000000, 1.499999999999999556, -1.500000000000001554 ) ) ;
#7109 = CARTESIAN_POINT ( 'NONE',  ( -1.439254484199189379E-16, -1.175240473580835276, 1.999999999999998224 ) ) ;
#7110 = CARTESIAN_POINT ( 'NONE',  ( -1.836970198721029441E-16, -1.499999999999999778, 6.812499999999997335 ) ) ;
#7111 = AXIS2_PLACEMENT_3D ( 'NONE', #415, #2686, #6689 ) ;
#7112 = FACE_OUTER_BOUND ( 'NONE', #6019, .T. ) ;
#7113 = ADVANCED_FACE ( 'NONE', ( #1977 ), #2574, .T. ) ;
#7114 = CARTESIAN_POINT ( 'NONE',  ( -1.017788105676657784, 0.5876202367904177493, 3.333333333333332149 ) ) ;
#7115 = CARTESIAN_POINT ( 'NONE',  ( 1.017788105676658228, 0.5876202367904167501, 7.229166666666666963 ) ) ;
#7116 = CARTESIAN_POINT ( 'NONE',  ( -1.836970198721029441E-16, -1.499999999999999778, 2.312499999999998668 ) ) ;
#7117 = CARTESIAN_POINT ( 'NONE',  ( 1.551628848447119013, -6.481755355858701307E-56, 10.49999999999999822 ) ) ;
#7118 = CARTESIAN_POINT ( 'NONE',  ( -1.763300807568876971, 1.079710344961584035E-16, 3.140624999999999556 ) ) ;
#7119 = VERTEX_POINT ( 'NONE', #4850 ) ;
#7120 = CARTESIAN_POINT ( 'NONE',  ( 0.6785254037844391517, 1.175240473580835054, -0.7291666666666677399 ) ) ;
#7121 = ORIENTED_EDGE ( 'NONE', *, *, #5383, .T. ) ;
#7122 = CARTESIAN_POINT ( 'NONE',  ( 0.6785254037844391517, 1.175240473580835054, -4.791666666666667851 ) ) ;
#7123 = VECTOR ( 'NONE', #7279, 1000.000000000000000 ) ;
#7124 = CARTESIAN_POINT ( 'NONE',  ( 1.732050807568877193, -3.181725716174720005E-16, -1.062500000000000888 ) ) ;
#7125 = CARTESIAN_POINT ( 'NONE',  ( 1.322475605676657340, -0.7635316469341323353, -10.61979166666666785 ) ) ;
#7126 = CARTESIAN_POINT ( 'NONE',  ( -1.763300807568876971, 1.079710344961584035E-16, -4.859375000000000888 ) ) ;
#7127 = ORIENTED_EDGE ( 'NONE', *, *, #1995, .F. ) ;
#7128 = VECTOR ( 'NONE', #3971, 1000.000000000000000 ) ;
#7129 = CARTESIAN_POINT ( 'NONE',  ( 1.299038105676657340, -0.7500000000000005551, -6.104166666666667851 ) ) ;
#7130 = CARTESIAN_POINT ( 'NONE',  ( 1.299038105676657340, -0.7500000000000005551, -2.104166666666667407 ) ) ;
#7131 = CARTESIAN_POINT ( 'NONE',  ( 0.000000000000000000, 1.175240473580835276, 4.812499999999999112 ) ) ;
#7132 = EDGE_CURVE ( 'NONE', #6949, #6676, #817, .T. ) ;
#7133 = CARTESIAN_POINT ( 'NONE',  ( -1.017788105676658006, -0.5876202367904174162, 0.4791666666666659635 ) ) ;
#7134 = CARTESIAN_POINT ( 'NONE',  ( -0.8660254037844382635, 1.499999999999999556, -2.458333333333335702 ) ) ;
#7135 = CIRCLE ( 'NONE', #6194, 1.175240473580835276 ) ;
#7136 = CARTESIAN_POINT ( 'NONE',  ( -1.732050807568877415, 1.060575238724906915E-16, 6.624999999999999112 ) ) ;
#7137 = CARTESIAN_POINT ( 'NONE',  ( 1.017788105676658228, 0.5876202367904167501, 1.166666666666664742 ) ) ;
#7138 = CARTESIAN_POINT ( 'NONE',  ( 1.299038105676658450, 0.7499999999999986677, -4.083333333333333925 ) ) ;
#7139 = CARTESIAN_POINT ( 'NONE',  ( 0.8816504037844380415, -1.527063293868264005, 6.338541666666666075 ) ) ;
#7140 = ORIENTED_EDGE ( 'NONE', *, *, #652, .F. ) ;
#7141 = CARTESIAN_POINT ( 'NONE',  ( 0.000000000000000000, 1.175240473580835276, -8.687500000000000000 ) ) ;
#7142 = CARTESIAN_POINT ( 'NONE',  ( -1.732050807568877193, 1.060575238724906792E-16, 2.687499999999999556 ) ) ;
#7143 = CARTESIAN_POINT ( 'NONE',  ( 0.000000000000000000, 1.296351071171740261E-55, -10.49999999999999822 ) ) ;
#7144 = CARTESIAN_POINT ( 'NONE',  ( -1.357050807568876971, 8.309539638847778957E-17, -3.562500000000001332 ) ) ;
#7145 = CARTESIAN_POINT ( 'NONE',  ( -0.8660254037844391517, -1.499999999999999334, 1.270833333333332371 ) ) ;
#7146 = CARTESIAN_POINT ( 'NONE',  ( 0.6785254037844380415, -1.175240473580835721, -6.958333333333333925 ) ) ;
#7147 = CARTESIAN_POINT ( 'NONE',  ( 0.6785254037844392627, 1.175240473580835054, -7.229166666666666963 ) ) ;
#7148 = CARTESIAN_POINT ( 'NONE',  ( -1.836970198721029441E-16, -1.499999999999999778, 3.312499999999997780 ) ) ;
#7149 = DIRECTION ( 'NONE',  ( -0.000000000000000000, 6.173100338913050050E-57, -1.000000000000000000 ) ) ;
#7150 = CARTESIAN_POINT ( 'NONE',  ( -0.6785254037844388186, -1.175240473580835276, -10.47916666666666785 ) ) ;
#7151 = CARTESIAN_POINT ( 'NONE',  ( 1.357050807568876749, -2.492861891654333810E-16, 1.624999999999998002 ) ) ;
#7152 = CARTESIAN_POINT ( 'NONE',  ( 0.000000000000000000, 1.296351071171740261E-55, -10.49999999999999822 ) ) ;
#7153 = CARTESIAN_POINT ( 'NONE',  ( -1.732050807568877415, 1.060575238724906915E-16, -4.375000000000001776 ) ) ;
#7154 = CARTESIAN_POINT ( 'NONE',  ( -1.299038105676657784, 0.7500000000000001110, 0.6458333333333315940 ) ) ;
#7155 = CARTESIAN_POINT ( 'NONE',  ( -1.322475605676657784, 0.7635316469341318912, 4.598958333333331261 ) ) ;
#7156 = EDGE_LOOP ( 'NONE', ( #6251, #6762, #576, #2052 ) ) ;
#7157 = CARTESIAN_POINT ( 'NONE',  ( 0.000000000000000000, 1.175240473580835276, 0.8124999999999990008 ) ) ;
#7158 = ORIENTED_EDGE ( 'NONE', *, *, #763, .F. ) ;
#7159 = EDGE_CURVE ( 'NONE', #6732, #5738, #1449, .T. ) ;
#7160 = CARTESIAN_POINT ( 'NONE',  ( -1.439254484199189379E-16, -1.175240473580835276, -5.500000000000001776 ) ) ;
#7161 = CARTESIAN_POINT ( 'NONE',  ( -0.6785254037844388186, -1.175240473580835276, 7.458333333333332149 ) ) ;
#7162 = CARTESIAN_POINT ( 'NONE',  ( -0.8816504037844389297, -1.527063293868263116, -4.776041666666666963 ) ) ;
#7163 = ORIENTED_EDGE ( 'NONE', *, *, #6375, .T. ) ;
#7164 = CARTESIAN_POINT ( 'NONE',  ( -1.439254484199189379E-16, -1.175240473580835276, -1.734723475976807094E-15 ) ) ;
#7165 = CARTESIAN_POINT ( 'NONE',  ( -1.017788105676658006, -0.5876202367904174162, -10.58333333333333393 ) ) ;
#7166 = CARTESIAN_POINT ( 'NONE',  ( -1.439254484199189379E-16, -1.175240473580835276, 1.062499999999999112 ) ) ;
#7167 = CARTESIAN_POINT ( 'NONE',  ( -1.836970198721029441E-16, -1.499999999999999556, 0.7499999999999988898 ) ) ;
#7168 = CARTESIAN_POINT ( 'NONE',  ( 1.299038105676657118, -0.7500000000000004441, 5.833333333333331261 ) ) ;
#7169 = CARTESIAN_POINT ( 'NONE',  ( -1.017788105676658006, -0.5876202367904174162, 1.416666666666664964 ) ) ;
#7170 = FACE_OUTER_BOUND ( 'NONE', #6062, .T. ) ;
#7171 = CARTESIAN_POINT ( 'NONE',  ( -0.8816504037844382635, 1.527063293868263338, 6.088541666666666075 ) ) ;
#7172 = AXIS2_PLACEMENT_3D ( 'NONE', #3645, #2107, #5490 ) ;
#7173 = ORIENTED_EDGE ( 'NONE', *, *, #9, .F. ) ;
#7174 = CARTESIAN_POINT ( 'NONE',  ( 0.6785254037844391517, 1.175240473580835054, -5.229166666666667851 ) ) ;
#7175 = CARTESIAN_POINT ( 'NONE',  ( -1.299038105676657562, -0.7499999999999994449, 5.166666666666665186 ) ) ;
#7176 = CARTESIAN_POINT ( 'NONE',  ( 0.000000000000000000, 1.175240473580835276, -4.187500000000000888 ) ) ;
#7177 = FACE_OUTER_BOUND ( 'NONE', #92, .T. ) ;
#7178 = CARTESIAN_POINT ( 'NONE',  ( -1.017788105676658006, -0.5876202367904174162, -7.083333333333333925 ) ) ;
#7179 = CARTESIAN_POINT ( 'NONE',  ( 0.6785254037844392627, 1.175240473580835054, -6.729166666666667851 ) ) ;
#7180 = CARTESIAN_POINT ( 'NONE',  ( 0.000000000000000000, 1.499999999999999556, 2.999999999999999112 ) ) ;
#7181 = CARTESIAN_POINT ( 'NONE',  ( -0.8660254037844237196, -1.500000000000025979, 5.770833333333333037 ) ) ;
#7182 = CARTESIAN_POINT ( 'NONE',  ( -0.6785254037844383745, 1.175240473580835499, -10.14583333333333393 ) ) ;
#7183 = CARTESIAN_POINT ( 'NONE',  ( -1.357050807568876749, 8.309539638847778957E-17, 4.874999999999999112 ) ) ;
#7184 = FACE_OUTER_BOUND ( 'NONE', #4078, .T. ) ;
#7185 = CARTESIAN_POINT ( 'NONE',  ( -1.836970198721029441E-16, -1.499999999999999556, -4.250000000000000888 ) ) ;
#7186 = CARTESIAN_POINT ( 'NONE',  ( 6.505213034913026604E-16, -1.443375672974064772, 8.500000000000000000 ) ) ;
#7187 = CARTESIAN_POINT ( 'NONE',  ( 0.8816504037844380415, -1.527063293868264005, 2.307291666666666075 ) ) ;
#7188 = ORIENTED_EDGE ( 'NONE', *, *, #3621, .T. ) ;
#7189 = CARTESIAN_POINT ( 'NONE',  ( -0.6785254037844382635, 1.175240473580835276, 0.3541666666666658525 ) ) ;
#7190 = EDGE_LOOP ( 'NONE', ( #5217, #6814, #2189, #5981 ) ) ;
#7191 = CARTESIAN_POINT ( 'NONE',  ( -1.357050807568876749, 8.309539638847778957E-17, -6.625000000000000000 ) ) ;
#7192 = CARTESIAN_POINT ( 'NONE',  ( 0.6785254037844391517, 1.175240473580835054, -2.291666666666667407 ) ) ;
#7193 = ADVANCED_FACE ( 'NONE', ( #2608 ), #970, .F. ) ;
#7194 = CARTESIAN_POINT ( 'NONE',  ( 0.000000000000000000, 1.527063293868263338, -9.953125000000000000 ) ) ;
#7195 = CARTESIAN_POINT ( 'NONE',  ( 1.322475605676657340, -0.7635316469341323353, -5.151041666666667851 ) ) ;
#7196 = ORIENTED_EDGE ( 'NONE', *, *, #5263, .T. ) ;
#7197 = CARTESIAN_POINT ( 'NONE',  ( 0.000000000000000000, 1.499999999999999556, -5.000000000000000888 ) ) ;
#7198 = CARTESIAN_POINT ( 'NONE',  ( -1.017788105676657784, 0.5876202367904177493, 6.895833333333332149 ) ) ;
#7199 = CARTESIAN_POINT ( 'NONE',  ( 1.017788105676658228, 0.5876202367904167501, -0.2708333333333347026 ) ) ;
#7200 = CARTESIAN_POINT ( 'NONE',  ( -0.8660254037844389297, -1.499999999999999334, -2.291666666666668739 ) ) ;
#7201 = EDGE_CURVE ( 'NONE', #3489, #1497, #1646, .T. ) ;
#7202 = CARTESIAN_POINT ( 'NONE',  ( 0.000000000000000000, 1.499999999999999778, -10.49999999999999822 ) ) ;
#7203 = CARTESIAN_POINT ( 'NONE',  ( -1.017788105676657784, 0.5876202367904177493, 0.8333333333333317050 ) ) ;
#7204 = CARTESIAN_POINT ( 'NONE',  ( 0.000000000000000000, 1.296351071171740261E-55, -10.49999999999999822 ) ) ;
#7205 = CARTESIAN_POINT ( 'NONE',  ( 1.322475605676658450, 0.7635316469341306700, 6.463541666666666075 ) ) ;
#7206 = ORIENTED_EDGE ( 'NONE', *, *, #6082, .F. ) ;
#7207 = CARTESIAN_POINT ( 'NONE',  ( 0.6785254037844380415, -1.175240473580835499, -4.895833333333334814 ) ) ;
#7208 = CARTESIAN_POINT ( 'NONE',  ( 0.000000000000000000, 1.296351071171740261E-55, -10.49999999999999822 ) ) ;
#7209 = CARTESIAN_POINT ( 'NONE',  ( 0.6785254037844392627, 1.175240473580835054, -3.791666666666667851 ) ) ;
#7210 = CARTESIAN_POINT ( 'NONE',  ( -1.357050807568876971, 8.309539638847778957E-17, 0.4374999999999986122 ) ) ;
#7211 = DIRECTION ( 'NONE',  ( 0.000000000000000000, -6.173100338913050050E-57, 1.000000000000000000 ) ) ;
#7212 = EDGE_CURVE ( 'NONE', #1190, #3500, #3214, .T. ) ;
#7213 = CARTESIAN_POINT ( 'NONE',  ( -1.017788105676658006, -0.5876202367904174162, -8.583333333333335702 ) ) ;
#7214 = CARTESIAN_POINT ( 'NONE',  ( -0.8816504037844389297, -1.527063293868263116, -2.244791666666667407 ) ) ;
#7215 = EDGE_CURVE ( 'NONE', #58, #4753, #4695, .T. ) ;
#7216 = CARTESIAN_POINT ( 'NONE',  ( 0.000000000000000000, 1.296351071171740261E-55, -10.49999999999999822 ) ) ;
#7217 = CARTESIAN_POINT ( 'NONE',  ( 0.000000000000000000, 1.296351071171740261E-55, -10.49999999999999822 ) ) ;
#7218 = PLANE ( 'NONE',  #2799 ) ;
#7219 = CARTESIAN_POINT ( 'NONE',  ( 1.017788105676658228, 0.5876202367904167501, -8.770833333333333925 ) ) ;
#7220 = CARTESIAN_POINT ( 'NONE',  ( 0.6785254037844391517, 1.175240473580835054, 5.208333333333330373 ) ) ;
#7221 = CARTESIAN_POINT ( 'NONE',  ( 0.8660254037844441477, -1.499999999999989342, -0.6458333333333344806 ) ) ;
#7222 = EDGE_CURVE ( 'NONE', #4862, #5656, #1215, .T. ) ;
#7223 = CARTESIAN_POINT ( 'NONE',  ( 0.000000000000000000, 1.499999999999999778, 5.562500000000000000 ) ) ;
#7224 = AXIS2_PLACEMENT_3D ( 'NONE', #5398, #2645, #1937 ) ;
#7225 = CARTESIAN_POINT ( 'NONE',  ( -1.870113174931182636E-16, -1.527063293868263338, 6.265625000000000000 ) ) ;
#7226 = ORIENTED_EDGE ( 'NONE', *, *, #5468, .F. ) ;
#7227 = CARTESIAN_POINT ( 'NONE',  ( -1.017788105676657784, 0.5876202367904177493, 0.3958333333333313719 ) ) ;
#7228 = EDGE_LOOP ( 'NONE', ( #6610, #1697, #4563, #1245 ) ) ;
#7229 = CARTESIAN_POINT ( 'NONE',  ( -0.6785254037844388186, -1.175240473580835276, -8.541666666666667851 ) ) ;
#7230 = CARTESIAN_POINT ( 'NONE',  ( -0.6785254037844388186, -1.175240473580835054, -3.041666666666668295 ) ) ;
#7231 = CARTESIAN_POINT ( 'NONE',  ( -1.322475605676657784, 0.7635316469341318912, -9.869791666666667851 ) ) ;
#7232 = CARTESIAN_POINT ( 'NONE',  ( 0.8816504037844392627, 1.527063293868263116, -4.026041666666667851 ) ) ;
#7233 = ORIENTED_EDGE ( 'NONE', *, *, #526, .F. ) ;
#7234 = CARTESIAN_POINT ( 'NONE',  ( 1.357050807568876749, -2.492861891654333810E-16, -9.875000000000001776 ) ) ;
#7235 = CARTESIAN_POINT ( 'NONE',  ( 1.299038105676658672, 0.7499999999999987788, -3.020833333333335258 ) ) ;
#7236 = VECTOR ( 'NONE', #1503, 1000.000000000000000 ) ;
#7237 = CARTESIAN_POINT ( 'NONE',  ( 1.017788105676657562, -0.5876202367904181934, 7.645833333333333037 ) ) ;
#7238 = CARTESIAN_POINT ( 'NONE',  ( -1.357050807568876971, 8.309539638847778957E-17, -0.06250000000000179023 ) ) ;
#7239 = VECTOR ( 'NONE', #2372, 1000.000000000000000 ) ;
#7240 = DIRECTION ( 'NONE',  ( 1.000000000000000000, 0.000000000000000000, 0.000000000000000000 ) ) ;
#7241 = CARTESIAN_POINT ( 'NONE',  ( 0.8660254037844380415, -1.500000000000000444, 5.791666666666666075 ) ) ;
#7242 = CARTESIAN_POINT ( 'NONE',  ( -1.357050807568876971, 8.309539638847778957E-17, -0.1250000000000018319 ) ) ;
#7243 = CYLINDRICAL_SURFACE ( 'NONE', #1817, 1.499999999999999778 ) ;
#7244 = CARTESIAN_POINT ( 'NONE',  ( 0.000000000000000000, 1.527063293868263338, 4.546874999999999112 ) ) ;
#7245 = VECTOR ( 'NONE', #5214, 1000.000000000000000 ) ;
#7246 = EDGE_LOOP ( 'NONE', ( #218, #3632, #4898, #2008 ) ) ;
#7247 = CARTESIAN_POINT ( 'NONE',  ( 1.017788105676658228, 0.5876202367904167501, -4.770833333333334814 ) ) ;
#7248 = FACE_OUTER_BOUND ( 'NONE', #2648, .T. ) ;
#7249 = DIRECTION ( 'NONE',  ( -0.000000000000000000, 6.173100338913050050E-57, -1.000000000000000000 ) ) ;
#7250 = EDGE_CURVE ( 'NONE', #3278, #2973, #1820, .T. ) ;
#7251 = CARTESIAN_POINT ( 'NONE',  ( -1.017788105676658006, -0.5876202367904174162, -2.020833333333334370 ) ) ;
#7252 = CARTESIAN_POINT ( 'NONE',  ( -0.8816504037844389297, -1.527063293868263116, 7.255208333333332149 ) ) ;
#7253 = CARTESIAN_POINT ( 'NONE',  ( 1.357050807568876971, -2.492861891654333810E-16, -6.875000000000000888 ) ) ;
#7254 = CARTESIAN_POINT ( 'NONE',  ( -1.763300807568876971, 1.079710344961584035E-16, -2.328125000000001776 ) ) ;
#7255 = CARTESIAN_POINT ( 'NONE',  ( -1.836970198721029441E-16, -1.499999999999999556, 0.7499999999999988898 ) ) ;
#7256 = CYLINDRICAL_SURFACE ( 'NONE', #1695, 1.499999999999999778 ) ;
#7257 = CARTESIAN_POINT ( 'NONE',  ( 1.836970198721029688E-16, -1.499999999999999778, -10.49999999999999822 ) ) ;
#7258 =( BOUNDED_CURVE ( )  B_SPLINE_CURVE ( 2, ( #2175, #7145, #1027, #3750, #1585, #3787, #4384 ),
 .UNSPECIFIED., .F., .T. ) 
 B_SPLINE_CURVE_WITH_KNOTS ( ( 3, 2, 2, 3 ),
 ( 0.3378378378378378288, 0.3423423423423422873, 0.3468468468468468568, 0.3513513513513513153 ),
 .UNSPECIFIED. ) 
 CURVE ( )  GEOMETRIC_REPRESENTATION_ITEM ( )  RATIONAL_B_SPLINE_CURVE ( ( 1.000000000000000000, 0.8660254037844387076, 1.000000000000000000, 0.8660254037844387076, 1.000000000000000000, 0.8660254037844387076, 1.000000000000000000 ) ) 
 REPRESENTATION_ITEM ( '' )  );
#7259 = CARTESIAN_POINT ( 'NONE',  ( 0.6785254037844380415, -1.175240473580835721, -7.895833333333333925 ) ) ;
#7260 = CARTESIAN_POINT ( 'NONE',  ( 1.357050807568876971, -2.492861891654333810E-16, -1.875000000000001776 ) ) ;
#7261 = CARTESIAN_POINT ( 'NONE',  ( -1.357050807568876749, 8.309539638847778957E-17, 5.875000000000000000 ) ) ;
#7262 = CARTESIAN_POINT ( 'NONE',  ( 1.357050807568876971, -2.492861891654333810E-16, 7.687499999999998224 ) ) ;
#7263 = CARTESIAN_POINT ( 'NONE',  ( -0.8660254037844391517, -1.499999999999999334, -9.729166666666667851 ) ) ;
#7264 = DIRECTION ( 'NONE',  ( 0.000000000000000000, 1.000000000000000000, 0.000000000000000000 ) ) ;
#7265 = CARTESIAN_POINT ( 'NONE',  ( 1.322475605676657340, -0.7635316469341323353, 6.848958333333332149 ) ) ;
#7266 = ORIENTED_EDGE ( 'NONE', *, *, #5144, .T. ) ;
#7267 = CARTESIAN_POINT ( 'NONE',  ( 0.000000000000000000, 1.175240473580835276, 1.312499999999999334 ) ) ;
#7268 = ORIENTED_EDGE ( 'NONE', *, *, #4959, .T. ) ;
#7269 = CARTESIAN_POINT ( 'NONE',  ( -0.6785254037844383745, 1.175240473580835499, -8.208333333333335702 ) ) ;
#7270 = CARTESIAN_POINT ( 'NONE',  ( -0.6785254037844388186, -1.175240473580835054, -2.541666666666667407 ) ) ;
#7271 = CARTESIAN_POINT ( 'NONE',  ( -1.322475605676657784, 0.7635316469341318912, -7.869791666666666963 ) ) ;
#7272 = CARTESIAN_POINT ( 'NONE',  ( -1.322475605676657784, -0.7635316469341314471, -2.317708333333334814 ) ) ;
#7273 = ORIENTED_EDGE ( 'NONE', *, *, #4909, .F. ) ;
#7274 = CARTESIAN_POINT ( 'NONE',  ( -1.439254484199189379E-16, -1.175240473580835276, 7.499999999999998224 ) ) ;
#7275 = CARTESIAN_POINT ( 'NONE',  ( 0.000000000000000000, 2.750000000000000000, -10.49999999999999822 ) ) ;
#7276 = CARTESIAN_POINT ( 'NONE',  ( 1.017788105676658228, 0.5876202367904167501, 6.729166666666666075 ) ) ;
#7277 = CARTESIAN_POINT ( 'NONE',  ( 1.017788105676657562, -0.5876202367904181934, 2.645833333333331705 ) ) ;
#7278 = DIRECTION ( 'NONE',  ( 0.000000000000000000, 0.7071067811865454633, -0.7071067811865495711 ) ) ;
#7279 = DIRECTION ( 'NONE',  ( -0.000000000000000000, 6.173100338913050050E-57, -1.000000000000000000 ) ) ;
#7280 = CARTESIAN_POINT ( 'NONE',  ( 0.6785254037844380415, -1.175240473580835721, 2.541666666666666075 ) ) ;
#7281 = CARTESIAN_POINT ( 'NONE',  ( -0.8816504037844389297, -1.527063293868263116, -10.27604166666666785 ) ) ;
#7282 = CARTESIAN_POINT ( 'NONE',  ( -1.322475605676657784, 0.7635316469341318912, 4.630208333333331261 ) ) ;
#7283 = ORIENTED_EDGE ( 'NONE', *, *, #7067, .T. ) ;
#7284 = CARTESIAN_POINT ( 'NONE',  ( -1.017788105676657784, 0.5876202367904177493, -1.166666666666668295 ) ) ;
#7285 = CARTESIAN_POINT ( 'NONE',  ( -0.6785254037844382635, 1.175240473580835276, -4.645833333333334814 ) ) ;
#7286 = CARTESIAN_POINT ( 'NONE',  ( -1.357050807568876971, 8.309539638847778957E-17, 2.374999999999998668 ) ) ;
#7287 = DIRECTION ( 'NONE',  ( -1.000000000000000000, 0.000000000000000000, 0.000000000000000000 ) ) ;
#7288 = CYLINDRICAL_SURFACE ( 'NONE', #3880, 1.499999999999999778 ) ;
#7289 = CARTESIAN_POINT ( 'NONE',  ( -1.357050807568876971, 8.309539638847778957E-17, -1.062500000000000888 ) ) ;
#7290 = CARTESIAN_POINT ( 'NONE',  ( 0.6785254037844380415, -1.175240473580835721, -4.895833333333333925 ) ) ;
#7291 = ORIENTED_EDGE ( 'NONE', *, *, #5919, .T. ) ;
#7292 = CARTESIAN_POINT ( 'NONE',  ( 0.6785254037844392627, 1.175240473580835054, -8.791666666666667851 ) ) ;
#7293 = CARTESIAN_POINT ( 'NONE',  ( -1.322475605676657784, 0.7635316469341318912, -1.869791666666667185 ) ) ;
#7294 = ADVANCED_FACE ( 'NONE', ( #659 ), #3496, .T. ) ;
#7295 = DIRECTION ( 'NONE',  ( 0.000000000000000000, 1.000000000000000000, 0.000000000000000000 ) ) ;
#7296 = DIRECTION ( 'NONE',  ( -0.000000000000000000, 6.173100338913050050E-57, -1.000000000000000000 ) ) ;
#7297 = CARTESIAN_POINT ( 'NONE',  ( -1.836970198721029441E-16, -1.499999999999999556, -9.750000000000000000 ) ) ;
#7298 = CARTESIAN_POINT ( 'NONE',  ( 1.017788105676658228, 0.5876202367904167501, -7.770833333333334814 ) ) ;
#7299 = AXIS2_PLACEMENT_3D ( 'NONE', #5340, #3151, #7100 ) ;
#7300 = CARTESIAN_POINT ( 'NONE',  ( -1.439254484199189379E-16, -1.175240473580835276, 3.499999999999997780 ) ) ;
#7301 = CYLINDRICAL_SURFACE ( 'NONE', #2528, 1.499999999999999778 ) ;
#7302 = CARTESIAN_POINT ( 'NONE',  ( 0.000000000000000000, 1.499999999999999778, 3.562499999999997780 ) ) ;
#7303 = CARTESIAN_POINT ( 'NONE',  ( -1.732050807568877415, 1.060575238724906915E-16, -3.875000000000001776 ) ) ;
#7304 =( BOUNDED_CURVE ( )  B_SPLINE_CURVE ( 2, ( #2472, #109, #3028, #6809, #1732, #5701, #5294 ),
 .UNSPECIFIED., .F., .T. ) 
 B_SPLINE_CURVE_WITH_KNOTS ( ( 3, 2, 2, 3 ),
 ( 0.02702702702702705281, 0.03153153153153155641, 0.03603603603603607042, 0.04054054054054057749 ),
 .UNSPECIFIED. ) 
 CURVE ( )  GEOMETRIC_REPRESENTATION_ITEM ( )  RATIONAL_B_SPLINE_CURVE ( ( 0.9999999999999992228, 0.8660254037844393737, 1.000000000000000000, 0.8660254037844385966, 1.000000000000000000, 0.8660254037844375974, 1.000000000000001110 ) ) 
 REPRESENTATION_ITEM ( '' )  );
#7305 = CARTESIAN_POINT ( 'NONE',  ( 0.8816504037844380415, -1.527063293868264005, 5.307291666666665186 ) ) ;
#7306 = ORIENTED_EDGE ( 'NONE', *, *, #3642, .T. ) ;
#7307 = CARTESIAN_POINT ( 'NONE',  ( -1.357050807568876749, 8.309539638847778957E-17, 1.937499999999998224 ) ) ;
#7308 = VERTEX_POINT ( 'NONE', #555 ) ;
#7309 = CARTESIAN_POINT ( 'NONE',  ( 0.6785254037844380415, -1.175240473580835721, -7.958333333333334814 ) ) ;
#7310 = CARTESIAN_POINT ( 'NONE',  ( 1.357050807568876971, -2.492861891654333810E-16, -2.875000000000000444 ) ) ;
#7311 = CARTESIAN_POINT ( 'NONE',  ( 1.017788105676657562, -0.5876202367904181934, -3.916666666666668295 ) ) ;
#7312 = CARTESIAN_POINT ( 'NONE',  ( -0.8816504037844382635, 1.527063293868263338, -7.411458333333333925 ) ) ;
#7313 = CARTESIAN_POINT ( 'NONE',  ( 1.322475605676657340, -0.7635316469341323353, -2.151041666666667407 ) ) ;
#7314 = EDGE_LOOP ( 'NONE', ( #1290, #3910, #6499, #6639 ) ) ;
#7315 = CARTESIAN_POINT ( 'NONE',  ( -1.017788105676657784, 0.5876202367904177493, 7.333333333333332149 ) ) ;
#7316 = DIRECTION ( 'NONE',  ( 0.000000000000000000, 1.000000000000000000, 0.000000000000000000 ) ) ;
#7317 = CARTESIAN_POINT ( 'NONE',  ( 0.000000000000000000, 1.175240473580835276, 6.312499999999997335 ) ) ;
#7318 =( BOUNDED_CURVE ( )  B_SPLINE_CURVE ( 2, ( #1700, #461, #5518, #3965, #1657, #3301, #6075 ),
 .UNSPECIFIED., .F., .F. ) 
 B_SPLINE_CURVE_WITH_KNOTS ( ( 3, 2, 2, 3 ),
 ( 0.2837837837837837718, 0.2882882882882882858, 0.2927927927927927998, 0.2972972972972973138 ),
 .UNSPECIFIED. ) 
 CURVE ( )  GEOMETRIC_REPRESENTATION_ITEM ( )  RATIONAL_B_SPLINE_CURVE ( ( 1.000000000000000000, 0.8660254037844385966, 1.000000000000000000, 0.8660254037844385966, 1.000000000000000000, 0.8660254037844385966, 1.000000000000000000 ) ) 
 REPRESENTATION_ITEM ( '' )  );
#7319 = CARTESIAN_POINT ( 'NONE',  ( -0.6785254037844383745, 1.175240473580835499, 2.854166666666664298 ) ) ;
#7320 = CARTESIAN_POINT ( 'NONE',  ( -0.8660254037844506980, 1.499999999999978240, 1.041666666666667629 ) ) ;
#7321 = CARTESIAN_POINT ( 'NONE',  ( 0.000000000000000000, 1.499999999999999778, -4.937500000000000888 ) ) ;
#7322 = CARTESIAN_POINT ( 'NONE',  ( -1.439254484199189379E-16, -1.175240473580835276, 1.999999999999998224 ) ) ;
#7323 = CARTESIAN_POINT ( 'NONE',  ( -1.870113174931182636E-16, -1.527063293868263338, -9.734375000000000000 ) ) ;
#7324 = ORIENTED_EDGE ( 'NONE', *, *, #1943, .T. ) ;
#7325 = PRODUCT_RELATED_PRODUCT_CATEGORY ( 'part', '', ( #283 ) ) ;
#7326 = CARTESIAN_POINT ( 'NONE',  ( 0.6785254037844380415, -1.175240473580835721, 3.041666666666664742 ) ) ;
#7327 = CARTESIAN_POINT ( 'NONE',  ( -1.836970198721029441E-16, -1.499999999999999778, 0.3124999999999985567 ) ) ;
#7328 = FACE_OUTER_BOUND ( 'NONE', #3781, .T. ) ;
#7329 = EDGE_CURVE ( 'NONE', #483, #5182, #6825, .T. ) ;
#7330 = CARTESIAN_POINT ( 'NONE',  ( 1.017788105676658228, 0.5876202367904167501, -0.7708333333333351467 ) ) ;
#7331 = CARTESIAN_POINT ( 'NONE',  ( 1.357050807568876971, -2.492861891654333810E-16, -5.312500000000001776 ) ) ;
#7332 = ORIENTED_EDGE ( 'NONE', *, *, #6169, .F. ) ;
#7333 = CARTESIAN_POINT ( 'NONE',  ( -1.017788105676657784, 0.5876202367904177493, -4.666666666666667851 ) ) ;
#7334 = CARTESIAN_POINT ( 'NONE',  ( -0.8816504037844382635, 1.527063293868263338, -1.911458333333334592 ) ) ;
#7335 = DIRECTION ( 'NONE',  ( 0.000000000000000000, 1.000000000000000000, 0.000000000000000000 ) ) ;
#7336 = DIRECTION ( 'NONE',  ( 0.000000000000000000, 1.000000000000000000, 0.000000000000000000 ) ) ;
#7337 = CARTESIAN_POINT ( 'NONE',  ( 0.000000000000000000, 4.953931813257494285E-113, 10.49999999999999822 ) ) ;
#7338 = CARTESIAN_POINT ( 'NONE',  ( -0.6785254037844388186, -1.175240473580835276, -8.479166666666667851 ) ) ;
#7339 = CARTESIAN_POINT ( 'NONE',  ( 0.000000000000000000, 1.175240473580835276, -1.750000000000001554 ) ) ;
#7340 = EDGE_CURVE ( 'NONE', #5433, #4092, #1969, .T. ) ;
#7341 = CARTESIAN_POINT ( 'NONE',  ( 1.017788105676658228, 0.5876202367904167501, 5.166666666666665186 ) ) ;
#7342 = CARTESIAN_POINT ( 'NONE',  ( -1.222898445063266060, 0.6281054941260829638, 7.250612748137422514 ) ) ;
#7343 = LINE ( 'NONE', #2930, #4657 ) ;
#7344 = CARTESIAN_POINT ( 'NONE',  ( -1.299038105676657562, 0.7500000000000000000, 7.083333333333332149 ) ) ;
#7345 = CARTESIAN_POINT ( 'NONE',  ( -1.732050807568877415, 1.060575238724906915E-16, 4.124999999999999112 ) ) ;
#7346 = CARTESIAN_POINT ( 'NONE',  ( 0.8816504037844380415, -1.527063293868264005, 7.307291666666666075 ) ) ;
#7347 = CARTESIAN_POINT ( 'NONE',  ( -1.017788105676658006, -0.5876202367904174162, 2.979166666666664742 ) ) ;
#7348 = ORIENTED_EDGE ( 'NONE', *, *, #7215, .F. ) ;
#7349 = CARTESIAN_POINT ( 'NONE',  ( -0.6785254037844383745, 1.175240473580835499, -9.708333333333333925 ) ) ;
#7350 = EDGE_CURVE ( 'NONE', #5691, #5614, #5765, .T. ) ;
#7351 = CARTESIAN_POINT ( 'NONE',  ( 0.6785254037844391517, 1.175240473580835054, -1.791666666666666963 ) ) ;
#7352 =( BOUNDED_CURVE ( )  B_SPLINE_CURVE ( 2, ( #622, #5645, #1778, #553, #2259, #6340, #5099 ),
 .UNSPECIFIED., .F., .F. ) 
 B_SPLINE_CURVE_WITH_KNOTS ( ( 3, 2, 2, 3 ),
 ( 0.6891891891891891442, 0.6936936936936937137, 0.6981981981981981722, 0.7027027027027027417 ),
 .UNSPECIFIED. ) 
 CURVE ( )  GEOMETRIC_REPRESENTATION_ITEM ( )  RATIONAL_B_SPLINE_CURVE ( ( 1.000000000000000000, 0.8660254037844385966, 1.000000000000000000, 0.8660254037844385966, 1.000000000000000000, 0.8660254037844385966, 1.000000000000000000 ) ) 
 REPRESENTATION_ITEM ( '' )  );
#7353 = CARTESIAN_POINT ( 'NONE',  ( -1.763300807568876971, 1.079710344961584035E-16, -7.328125000000001776 ) ) ;
#7354 = CARTESIAN_POINT ( 'NONE',  ( 1.763300807568876971, -3.239131034884752106E-16, -1.609375000000001332 ) ) ;
#7355 = ORIENTED_EDGE ( 'NONE', *, *, #3042, .F. ) ;
#7356 = CARTESIAN_POINT ( 'NONE',  ( 0.000000000000000000, 1.499999999999999778, -9.437500000000001776 ) ) ;
ENDSEC;
END-ISO-10303-21;
