ISO-10303-21;
HEADER;
FILE_DESCRIPTION (( 'STEP AP214' ),
    '1' );
FILE_NAME ('base_bottom_insert_simplified.STEP',
    '2026-09-04T22:08:29',
    ( '' ),
    ( '' ),
    'SwSTEP 2.0',
    'SolidWorks 2026',
    '' );
FILE_SCHEMA (( 'AUTOMOTIVE_DESIGN' ));
ENDSEC;

DATA;
#1 = CIRCLE ( 'NONE', #693, 15.00000000000000000 ) ;
#2 = CARTESIAN_POINT ( 'NONE',  ( 139.9000000000000341, -6.299999999999999822, -130.9000000000000341 ) ) ;
#3 = ADVANCED_FACE ( 'NONE', ( #1190 ), #167, .T. ) ;
#4 = CARTESIAN_POINT ( 'NONE',  ( 139.9000000000000341, 9.000000000000000000, -140.4000000000000341 ) ) ;
#5 = EDGE_LOOP ( 'NONE', ( #454, #682, #1061, #571 ) ) ;
#6 = CARTESIAN_POINT ( 'NONE',  ( -144.9000000000000057, -6.299999999999999822, -144.9000000000000057 ) ) ;
#7 = PRESENTATION_LAYER_ASSIGNMENT (  '', '', ( #679 ) ) ;
#8 = DIRECTION ( 'NONE',  ( 0.000000000000000000, 1.000000000000000000, 0.000000000000000000 ) ) ;
#9 = LINE ( 'NONE', #1001, #1441 ) ;
#10 = EDGE_CURVE ( 'NONE', #420, #606, #224, .T. ) ;
#11 = CIRCLE ( 'NONE', #1074, 5.000000000000031974 ) ;
#12 = ORIENTED_EDGE ( 'NONE', *, *, #773, .T. ) ;
#13 = DIRECTION ( 'NONE',  ( 0.000000000000000000, 1.000000000000000000, 0.000000000000000000 ) ) ;
#14 = DIRECTION ( 'NONE',  ( -0.000000000000000000, 1.000000000000000000, -0.000000000000000000 ) ) ;
#15 = AXIS2_PLACEMENT_3D ( 'NONE', #1399, #1191, #1053 ) ;
#16 = ORIENTED_EDGE ( 'NONE', *, *, #17, .T. ) ;
#17 = EDGE_CURVE ( 'NONE', #1006, #356, #500, .T. ) ;
#18 = ORIENTED_EDGE ( 'NONE', *, *, #98, .T. ) ;
#19 = DIRECTION ( 'NONE',  ( 0.000000000000000000, 0.000000000000000000, -1.000000000000000000 ) ) ;
#20 = ORIENTED_EDGE ( 'NONE', *, *, #239, .F. ) ;
#21 = CYLINDRICAL_SURFACE ( 'NONE', #121, 5.000000000000031974 ) ;
#22 = EDGE_LOOP ( 'NONE', ( #687, #1240, #84, #1113 ) ) ;
#23 = VERTEX_POINT ( 'NONE', #186 ) ;
#24 = CARTESIAN_POINT ( 'NONE',  ( 134.9000000000000341, -6.299999999999999822, -144.9000000000000057 ) ) ;
#25 = EDGE_LOOP ( 'NONE', ( #868, #878, #1353, #376 ) ) ;
#26 = DIRECTION ( 'NONE',  ( 0.000000000000000000, 0.000000000000000000, 1.000000000000000000 ) ) ;
#27 = EDGE_CURVE ( 'NONE', #606, #365, #831, .T. ) ;
#28 = FACE_OUTER_BOUND ( 'NONE', #46, .T. ) ;
#29 = EDGE_LOOP ( 'NONE', ( #697, #1254, #1126, #644 ) ) ;
#30 = ORIENTED_EDGE ( 'NONE', *, *, #551, .T. ) ;
#31 = DIRECTION ( 'NONE',  ( 1.000000000000000000, 0.000000000000000000, 0.000000000000000000 ) ) ;
#32 = EDGE_LOOP ( 'NONE', ( #143, #1334, #574, #241 ) ) ;
#33 = DIRECTION ( 'NONE',  ( -0.7434846771792871234, 0.000000000000000000, 0.6687529699370398095 ) ) ;
#34 = DIRECTION ( 'NONE',  ( 0.000000000000000000, -1.000000000000000000, 0.000000000000000000 ) ) ;
#35 = ADVANCED_FACE ( 'NONE', ( #959, #1270 ), #1279, .T. ) ;
#36 = AXIS2_PLACEMENT_3D ( 'NONE', #1313, #1056, #195 ) ;
#37 = ORIENTED_EDGE ( 'NONE', *, *, #1284, .T. ) ;
#38 = CLOSED_SHELL ( 'NONE', ( #1156, #1195, #432, #248, #1122, #640, #604, #256, #3, #1176, #1366, #503, #678, #1422, #667, #223, #1333, #1045, #651, #468, #1115, #343, #266 ) ) ;
#39 = ORIENTED_EDGE ( 'NONE', *, *, #1010, .T. ) ;
#40 = DIRECTION ( 'NONE',  ( -0.000000000000000000, -1.000000000000000000, -0.000000000000000000 ) ) ;
#41 = ORIENTED_EDGE ( 'NONE', *, *, #1081, .F. ) ;
#42 = FACE_OUTER_BOUND ( 'NONE', #32, .T. ) ;
#43 = FACE_OUTER_BOUND ( 'NONE', #581, .T. ) ;
#44 = VERTEX_POINT ( 'NONE', #397 ) ;
#45 = EDGE_CURVE ( 'NONE', #23, #125, #1157, .T. ) ;
#46 = EDGE_LOOP ( 'NONE', ( #264, #479, #154, #298 ) ) ;
#47 = CYLINDRICAL_SURFACE ( 'NONE', #894, 5.000000000000031974 ) ;
#48 = CIRCLE ( 'NONE', #415, 3.500000000000003109 ) ;
#49 = EDGE_LOOP ( 'NONE', ( #899, #734, #53, #807, #1415, #1328 ) ) ;
#50 = DIRECTION ( 'NONE',  ( 0.000000000000000000, -1.000000000000000000, 0.000000000000000000 ) ) ;
#51 = VECTOR ( 'NONE', #1317, 1000.000000000000000 ) ;
#52 = FACE_OUTER_BOUND ( 'NONE', #1116, .T. ) ;
#53 = ORIENTED_EDGE ( 'NONE', *, *, #863, .T. ) ;
#54 = DIRECTION ( 'NONE',  ( 0.000000000000000000, 0.000000000000000000, 1.000000000000000000 ) ) ;
#55 = EDGE_CURVE ( 'NONE', #823, #1170, #172, .T. ) ;
#56 = ORIENTED_EDGE ( 'NONE', *, *, #1027, .F. ) ;
#57 = CARTESIAN_POINT ( 'NONE',  ( -128.7477298423106333, 9.000000000000000000, -150.4312945490555933 ) ) ;
#58 = FACE_OUTER_BOUND ( 'NONE', #1271, .T. ) ;
#59 = DIRECTION ( 'NONE',  ( -0.000000000000000000, -1.000000000000000000, -0.000000000000000000 ) ) ;
#60 = PLANE ( 'NONE',  #15 ) ;
#61 = VECTOR ( 'NONE', #685, 1000.000000000000000 ) ;
#62 = ORIENTED_EDGE ( 'NONE', *, *, #157, .T. ) ;
#63 = CARTESIAN_POINT ( 'NONE',  ( 139.9000000000000341, 0.000000000000000000, -130.9000000000000341 ) ) ;
#64 = DIRECTION ( 'NONE',  ( -0.000000000000000000, -1.000000000000000000, -0.000000000000000000 ) ) ;
#65 = DIRECTION ( 'NONE',  ( 0.000000000000000000, 0.000000000000000000, -1.000000000000000000 ) ) ;
#66 = CIRCLE ( 'NONE', #1253, 14.99999999999998579 ) ;
#67 = EDGE_LOOP ( 'NONE', ( #736, #1312, #586, #249 ) ) ;
#68 = CARTESIAN_POINT ( 'NONE',  ( -139.8999999999999773, 9.000000000000000000, -155.4000000000000057 ) ) ;
#69 = SURFACE_STYLE_FILL_AREA ( #196 ) ;
#70 = EDGE_CURVE ( 'NONE', #142, #587, #1296, .T. ) ;
#71 = VECTOR ( 'NONE', #1197, 1000.000000000000000 ) ;
#72 = CARTESIAN_POINT ( 'NONE',  ( -133.5573073551275058, -4.599999999999999645, -116.9000000000000199 ) ) ;
#73 = DIRECTION ( 'NONE',  ( -0.000000000000000000, 1.000000000000000000, -0.000000000000000000 ) ) ;
#74 = VECTOR ( 'NONE', #957, 1000.000000000000000 ) ;
#75 = DIRECTION ( 'NONE',  ( 0.000000000000000000, 0.000000000000000000, -1.000000000000000000 ) ) ;
#76 = VERTEX_POINT ( 'NONE', #1051 ) ;
#77 = CARTESIAN_POINT ( 'NONE',  ( -134.8999999999999488, -6.299999999999999822, -144.9000000000000057 ) ) ;
#78 = CARTESIAN_POINT ( 'NONE',  ( 144.9000000000000341, -6.299999999999999822, -135.9000000000000625 ) ) ;
#79 = VECTOR ( 'NONE', #135, 1000.000000000000000 ) ;
#80 = CARTESIAN_POINT ( 'NONE',  ( -128.7477298423106333, 9.000000000000000000, -150.4312945490555933 ) ) ;
#81 = EDGE_CURVE ( 'NONE', #618, #23, #1291, .T. ) ;
#82 = CYLINDRICAL_SURFACE ( 'NONE', #233, 14.99999999999998579 ) ;
#83 = ORIENTED_EDGE ( 'NONE', *, *, #828, .T. ) ;
#84 = ORIENTED_EDGE ( 'NONE', *, *, #631, .T. ) ;
#85 = PRESENTATION_LAYER_ASSIGNMENT (  '', '', ( #525 ) ) ;
#86 = CYLINDRICAL_SURFACE ( 'NONE', #1148, 4.000000000000003553 ) ;
#87 = CARTESIAN_POINT ( 'NONE',  ( -92.97060640761097261, 9.000000000000000000, -116.6000000000000227 ) ) ;
#88 = CARTESIAN_POINT ( 'NONE',  ( -105.0000000000000000, -4.599999999999999645, -86.60000000000006537 ) ) ;
#89 = DIRECTION ( 'NONE',  ( 0.000000000000000000, -1.000000000000000000, 0.000000000000000000 ) ) ;
#90 = EDGE_CURVE ( 'NONE', #257, #1249, #1403, .T. ) ;
#91 = ORIENTED_EDGE ( 'NONE', *, *, #1265, .F. ) ;
#92 = LINE ( 'NONE', #68, #963 ) ;
#93 = VECTOR ( 'NONE', #577, 1000.000000000000000 ) ;
#94 = DIRECTION ( 'NONE',  ( 0.000000000000000000, 0.000000000000000000, 1.000000000000000000 ) ) ;
#95 = CARTESIAN_POINT ( 'NONE',  ( 134.9000000000000341, -6.299999999999999822, -144.9000000000000057 ) ) ;
#96 = CARTESIAN_POINT ( 'NONE',  ( -133.5573073551275058, 0.000000000000000000, -120.9000000000000199 ) ) ;
#97 = AXIS2_PLACEMENT_3D ( 'NONE', #985, #1442, #683 ) ;
#98 = EDGE_CURVE ( 'NONE', #1249, #1147, #1173, .T. ) ;
#99 = ORIENTED_EDGE ( 'NONE', *, *, #764, .F. ) ;
#100 = CARTESIAN_POINT ( 'NONE',  ( 105.0000000000000853, 9.000000000000000000, -86.60000000000007958 ) ) ;
#101 = LINE ( 'NONE', #212, #934 ) ;
#102 = CARTESIAN_POINT ( 'NONE',  ( 139.9000000000000341, 9.000000000000000000, -140.4000000000000341 ) ) ;
#103 = CARTESIAN_POINT ( 'NONE',  ( 92.97060640761097261, 0.000000000000000000, -101.6000000000000369 ) ) ;
#104 = VERTEX_POINT ( 'NONE', #836 ) ;
#105 = CARTESIAN_POINT ( 'NONE',  ( 116.1522701576892871, 9.000000000000000000, -91.56870545094444935 ) ) ;
#106 = VECTOR ( 'NONE', #1416, 1000.000000000000000 ) ;
#107 = VECTOR ( 'NONE', #884, 1000.000000000000000 ) ;
#108 = ADVANCED_FACE ( 'NONE', ( #1067 ), #82, .T. ) ;
#109 = CARTESIAN_POINT ( 'NONE',  ( 92.97060640761097261, 0.000000000000000000, -128.6000000000000512 ) ) ;
#110 = DIRECTION ( 'NONE',  ( 0.000000000000000000, 1.000000000000000000, 0.000000000000000000 ) ) ;
#111 = LINE ( 'NONE', #988, #1273 ) ;
#112 = ORIENTED_EDGE ( 'NONE', *, *, #27, .T. ) ;
#113 = CARTESIAN_POINT ( 'NONE',  ( -101.8924225337624137, 9.000000000000000000, -120.5749643607555726 ) ) ;
#114 = AXIS2_PLACEMENT_3D ( 'NONE', #688, #1026, #1251 ) ;
#115 = SURFACE_SIDE_STYLE ('',( #225 ) ) ;
#116 = EDGE_CURVE ( 'NONE', #1006, #792, #282, .T. ) ;
#117 = CIRCLE ( 'NONE', #931, 12.00000000000001066 ) ;
#118 = CARTESIAN_POINT ( 'NONE',  ( 105.0000000000000853, 9.000000000000000000, -86.60000000000007958 ) ) ;
#119 = VERTEX_POINT ( 'NONE', #1073 ) ;
#120 = DIRECTION ( 'NONE',  ( -0.000000000000000000, -1.000000000000000000, -0.000000000000000000 ) ) ;
#121 = AXIS2_PLACEMENT_3D ( 'NONE', #1324, #446, #557 ) ;
#122 = ORIENTED_EDGE ( 'NONE', *, *, #245, .F. ) ;
#123 =( NAMED_UNIT ( * ) SI_UNIT ( $, .STERADIAN. ) SOLID_ANGLE_UNIT ( ) );
#124 = EDGE_CURVE ( 'NONE', #816, #458, #661, .T. ) ;
#125 = VERTEX_POINT ( 'NONE', #1443 ) ;
#126 = EDGE_CURVE ( 'NONE', #1130, #246, #1112, .T. ) ;
#127 = EDGE_LOOP ( 'NONE', ( #406, #924 ) ) ;
#128 = CARTESIAN_POINT ( 'NONE',  ( 92.97060640761097261, 9.000000000000000000, -128.6000000000000512 ) ) ;
#129 = EDGE_LOOP ( 'NONE', ( #680, #1149, #380, #784 ) ) ;
#130 = LINE ( 'NONE', #569, #280 ) ;
#131 = COLOUR_RGB ( '',0.4980392156862745168, 0.4980392156862745168, 0.4980392156862745168 ) ;
#132 = ORIENTED_EDGE ( 'NONE', *, *, #1434, .T. ) ;
#133 = PRODUCT_RELATED_PRODUCT_CATEGORY ( 'part', '', ( #1408 ) ) ;
#134 = ORIENTED_EDGE ( 'NONE', *, *, #327, .F. ) ;
#135 = DIRECTION ( 'NONE',  ( -0.000000000000000000, -0.000000000000000000, 1.000000000000000000 ) ) ;
#136 = EDGE_CURVE ( 'NONE', #876, #1432, #762, .T. ) ;
#137 = ORIENTED_EDGE ( 'NONE', *, *, #396, .T. ) ;
#138 = DIRECTION ( 'NONE',  ( -0.000000000000000000, 0.000000000000000000, 1.000000000000000000 ) ) ;
#139 = VECTOR ( 'NONE', #1420, 1000.000000000000000 ) ;
#140 = CARTESIAN_POINT ( 'NONE',  ( -139.8999999999999773, 0.000000000000000000, -136.9000000000000341 ) ) ;
#141 = COLOUR_RGB ( '',0.4980392156862745168, 0.4980392156862745168, 0.4980392156862745168 ) ;
#142 = VERTEX_POINT ( 'NONE', #226 ) ;
#143 = ORIENTED_EDGE ( 'NONE', *, *, #45, .T. ) ;
#144 = CARTESIAN_POINT ( 'NONE',  ( 139.9000000000000341, -6.299999999999999822, -135.9000000000000625 ) ) ;
#145 = EDGE_CURVE ( 'NONE', #823, #1275, #677, .T. ) ;
#146 = EDGE_LOOP ( 'NONE', ( #41, #234, #215, #596 ) ) ;
#147 = CARTESIAN_POINT ( 'NONE',  ( 139.9000000000000341, 9.000000000000000000, -140.4000000000000341 ) ) ;
#148 = VECTOR ( 'NONE', #873, 1000.000000000000000 ) ;
#149 = CARTESIAN_POINT ( 'NONE',  ( -134.8999999999999488, 0.000000000000000000, -135.9000000000000625 ) ) ;
#150 = ORIENTED_EDGE ( 'NONE', *, *, #1314, .T. ) ;
#151 = ORIENTED_EDGE ( 'NONE', *, *, #622, .T. ) ;
#152 = DIRECTION ( 'NONE',  ( -0.000000000000000000, 1.000000000000000000, -0.000000000000000000 ) ) ;
#153 = AXIS2_PLACEMENT_3D ( 'NONE', #1385, #377, #1141 ) ;
#154 = ORIENTED_EDGE ( 'NONE', *, *, #182, .F. ) ;
#155 = DIRECTION ( 'NONE',  ( 0.000000000000000000, -0.000000000000000000, -1.000000000000000000 ) ) ;
#156 = CARTESIAN_POINT ( 'NONE',  ( -139.8999999999999773, 9.000000000000000000, -140.4000000000000341 ) ) ;
#157 = EDGE_CURVE ( 'NONE', #476, #246, #867, .T. ) ;
#158 = AXIS2_PLACEMENT_3D ( 'NONE', #862, #628, #1303 ) ;
#159 = ORIENTED_EDGE ( 'NONE', *, *, #917, .F. ) ;
#160 = VECTOR ( 'NONE', #59, 1000.000000000000000 ) ;
#161 = VERTEX_POINT ( 'NONE', #439 ) ;
#162 = CARTESIAN_POINT ( 'NONE',  ( -134.8999999999999488, -6.299999999999999822, -135.9000000000000625 ) ) ;
#163 = ORIENTED_EDGE ( 'NONE', *, *, #1054, .T. ) ;
#164 = CARTESIAN_POINT ( 'NONE',  ( 139.9000000000000341, -6.299999999999999822, -135.9000000000000625 ) ) ;
#165 = CARTESIAN_POINT ( 'NONE',  ( -139.8999999999999773, 0.000000000000000000, -135.9000000000000625 ) ) ;
#166 = ADVANCED_FACE ( 'NONE', ( #756 ), #419, .T. ) ;
#167 = CYLINDRICAL_SURFACE ( 'NONE', #965, 14.99999999999998579 ) ;
#168 = DIRECTION ( 'NONE',  ( 0.000000000000000000, 1.000000000000000000, 0.000000000000000000 ) ) ;
#169 = ORIENTED_EDGE ( 'NONE', *, *, #514, .F. ) ;
#170 = DIRECTION ( 'NONE',  ( 0.000000000000000000, 1.000000000000000000, 0.000000000000000000 ) ) ;
#171 = DIRECTION ( 'NONE',  ( 0.000000000000000000, 0.000000000000000000, 1.000000000000000000 ) ) ;
#172 = LINE ( 'NONE', #609, #338 ) ;
#173 = CARTESIAN_POINT ( 'NONE',  ( 139.9000000000000341, 0.000000000000000000, -140.4000000000000341 ) ) ;
#174 = ADVANCED_FACE ( 'NONE', ( #575 ), #1205, .F. ) ;
#175 = VERTEX_POINT ( 'NONE', #881 ) ;
#176 = CARTESIAN_POINT ( 'NONE',  ( 136.5312460638446908, 0.000000000000000000, -114.2249881202518793 ) ) ;
#177 = DIRECTION ( 'NONE',  ( 0.000000000000000000, 0.000000000000000000, -1.000000000000000000 ) ) ;
#178 = CARTESIAN_POINT ( 'NONE',  ( 103.8843591993870206, 0.000000000000000000, -120.9000000000000199 ) ) ;
#179 = DIRECTION ( 'NONE',  ( 0.000000000000000000, 0.000000000000000000, -1.000000000000000000 ) ) ;
#180 = LINE ( 'NONE', #193, #290 ) ;
#181 = CIRCLE ( 'NONE', #642, 4.000000000000003553 ) ;
#182 = EDGE_CURVE ( 'NONE', #278, #938, #770, .T. ) ;
#183 = ORIENTED_EDGE ( 'NONE', *, *, #1052, .T. ) ;
#184 = DIRECTION ( 'NONE',  ( -0.000000000000000000, 1.000000000000000000, -0.000000000000000000 ) ) ;
#185 = DIRECTION ( 'NONE',  ( 0.6687529699370401426, 0.000000000000000000, -0.7434846771792867903 ) ) ;
#186 = CARTESIAN_POINT ( 'NONE',  ( -101.8924225337624137, 0.000000000000000000, -120.5749643607555726 ) ) ;
#187 = VECTOR ( 'NONE', #1267, 1000.000000000000000 ) ;
#188 = EDGE_LOOP ( 'NONE', ( #1337, #948 ) ) ;
#189 = FACE_OUTER_BOUND ( 'NONE', #67, .T. ) ;
#190 = ADVANCED_FACE ( 'NONE', ( #648 ), #1226, .T. ) ;
#191 = CARTESIAN_POINT ( 'NONE',  ( -92.97060640761097261, -4.599999999999999645, -101.6000000000000369 ) ) ;
#192 = CARTESIAN_POINT ( 'NONE',  ( -151.0522701576892928, 9.000000000000000000, -130.3687054509444465 ) ) ;
#193 = CARTESIAN_POINT ( 'NONE',  ( 101.8924225337623994, 9.000000000000000000, -120.5749643607555726 ) ) ;
#194 = ORIENTED_EDGE ( 'NONE', *, *, #283, .T. ) ;
#195 = DIRECTION ( 'NONE',  ( 0.000000000000000000, 0.000000000000000000, 1.000000000000000000 ) ) ;
#196 = FILL_AREA_STYLE ('',( #855 ) ) ;
#197 = DIRECTION ( 'NONE',  ( -0.000000000000000000, 1.000000000000000000, -0.000000000000000000 ) ) ;
#198 = EDGE_CURVE ( 'NONE', #792, #1147, #1087, .T. ) ;
#199 = CARTESIAN_POINT ( 'NONE',  ( 139.9000000000000341, 0.000000000000000000, -140.4000000000000341 ) ) ;
#200 = FACE_OUTER_BOUND ( 'NONE', #1374, .T. ) ;
#201 = ORIENTED_EDGE ( 'NONE', *, *, #566, .F. ) ;
#202 = VECTOR ( 'NONE', #758, 1000.000000000000000 ) ;
#203 = PLANE ( 'NONE',  #1348 ) ;
#204 = FACE_OUTER_BOUND ( 'NONE', #1446, .T. ) ;
#205 = CARTESIAN_POINT ( 'NONE',  ( 105.0000000000000853, -4.599999999999999645, -86.60000000000007958 ) ) ;
#206 = EDGE_CURVE ( 'NONE', #708, #44, #1080, .T. ) ;
#207 = ORIENTED_EDGE ( 'NONE', *, *, #1017, .T. ) ;
#208 = DIRECTION ( 'NONE',  ( -0.000000000000000000, -1.000000000000000000, -0.000000000000000000 ) ) ;
#209 = VERTEX_POINT ( 'NONE', #88 ) ;
#210 = DIRECTION ( 'NONE',  ( 0.000000000000000000, -0.000000000000000000, 1.000000000000000000 ) ) ;
#211 = VECTOR ( 'NONE', #932, 1000.000000000000000 ) ;
#212 = CARTESIAN_POINT ( 'NONE',  ( 92.97060640761097261, 0.000000000000000000, -86.60000000000005116 ) ) ;
#213 = DIRECTION ( 'NONE',  ( 0.000000000000000000, -0.000000000000000000, 1.000000000000000000 ) ) ;
#214 = DIRECTION ( 'NONE',  ( 0.000000000000000000, 1.000000000000000000, 0.000000000000000000 ) ) ;
#215 = ORIENTED_EDGE ( 'NONE', *, *, #55, .T. ) ;
#216 = CYLINDRICAL_SURFACE ( 'NONE', #1306, 12.00000000000001066 ) ;
#217 = FACE_OUTER_BOUND ( 'NONE', #694, .T. ) ;
#218 = CARTESIAN_POINT ( 'NONE',  ( -151.0522701576892644, 0.000000000000000000, -130.3687054509444465 ) ) ;
#219 = LINE ( 'NONE', #421, #1245 ) ;
#220 = VERTEX_POINT ( 'NONE', #1341 ) ;
#221 = DIRECTION ( 'NONE',  ( 0.000000000000000000, -1.000000000000000000, 0.000000000000000000 ) ) ;
#222 = VECTOR ( 'NONE', #845, 1000.000000000000000 ) ;
#223 = ADVANCED_FACE ( 'NONE', ( #332 ), #777, .F. ) ;
#224 = CIRCLE ( 'NONE', #1032, 5.000000000000031974 ) ;
#225 = SURFACE_STYLE_FILL_AREA ( #1340 ) ;
#226 = CARTESIAN_POINT ( 'NONE',  ( -139.8999999999999773, 0.000000000000000000, -143.9000000000000341 ) ) ;
#227 = LINE ( 'NONE', #1335, #1368 ) ;
#228 = ORIENTED_EDGE ( 'NONE', *, *, #10, .T. ) ;
#229 = DIRECTION ( 'NONE',  ( 0.000000000000000000, 0.000000000000000000, -1.000000000000000000 ) ) ;
#230 = EDGE_CURVE ( 'NONE', #1432, #838, #973, .T. ) ;
#231 = AXIS2_PLACEMENT_3D ( 'NONE', #451, #221, #997 ) ;
#232 = ORIENTED_EDGE ( 'NONE', *, *, #10, .F. ) ;
#233 = AXIS2_PLACEMENT_3D ( 'NONE', #515, #294, #740 ) ;
#234 = ORIENTED_EDGE ( 'NONE', *, *, #145, .F. ) ;
#235 = FACE_OUTER_BOUND ( 'NONE', #912, .T. ) ;
#236 = CIRCLE ( 'NONE', #304, 5.000000000000031974 ) ;
#237 = ORIENTED_EDGE ( 'NONE', *, *, #514, .T. ) ;
#238 = CARTESIAN_POINT ( 'NONE',  ( -136.5312460638446339, -4.599999999999999645, -114.2249881202518651 ) ) ;
#239 = EDGE_CURVE ( 'NONE', #664, #476, #66, .T. ) ;
#240 = CARTESIAN_POINT ( 'NONE',  ( -134.8999999999999488, -6.299999999999999822, -135.9000000000000625 ) ) ;
#241 = ORIENTED_EDGE ( 'NONE', *, *, #81, .T. ) ;
#242 = CARTESIAN_POINT ( 'NONE',  ( -144.9000000000000057, -6.299999999999999822, -135.9000000000000625 ) ) ;
#243 = AXIS2_PLACEMENT_3D ( 'NONE', #626, #526, #1280 ) ;
#244 = ORIENTED_EDGE ( 'NONE', *, *, #495, .T. ) ;
#245 = EDGE_CURVE ( 'NONE', #813, #285, #809, .T. ) ;
#246 = VERTEX_POINT ( 'NONE', #1428 ) ;
#247 = CARTESIAN_POINT ( 'NONE',  ( -92.97060640761097261, -4.599999999999999645, -116.6000000000000369 ) ) ;
#248 = ADVANCED_FACE ( 'NONE', ( #540, #1436 ), #981, .F. ) ;
#249 = ORIENTED_EDGE ( 'NONE', *, *, #901, .T. ) ;
#250 = CARTESIAN_POINT ( 'NONE',  ( 128.7477298423107186, 9.000000000000000000, -150.4312945490556217 ) ) ;
#251 = CIRCLE ( 'NONE', #1063, 3.500000000000003109 ) ;
#252 = CARTESIAN_POINT ( 'NONE',  ( 105.0000000000000000, -4.599999999999999645, -101.6000000000000512 ) ) ;
#253 = VERTEX_POINT ( 'NONE', #723 ) ;
#254 = ORIENTED_EDGE ( 'NONE', *, *, #309, .F. ) ;
#255 = CYLINDRICAL_SURFACE ( 'NONE', #1344, 5.000000000000004441 ) ;
#256 = ADVANCED_FACE ( 'NONE', ( #42 ), #827, .F. ) ;
#257 = VERTEX_POINT ( 'NONE', #718 ) ;
#258 = DIRECTION ( 'NONE',  ( 0.000000000000000000, -1.000000000000000000, 0.000000000000000000 ) ) ;
#259 = AXIS2_PLACEMENT_3D ( 'NONE', #293, #632, #739 ) ;
#260 = DIRECTION ( 'NONE',  ( 0.000000000000000000, 0.000000000000000000, -1.000000000000000000 ) ) ;
#261 = EDGE_LOOP ( 'NONE', ( #722, #914, #1134, #1037 ) ) ;
#262 = ORIENTED_EDGE ( 'NONE', *, *, #790, .T. ) ;
#263 = LINE ( 'NONE', #162, #79 ) ;
#264 = ORIENTED_EDGE ( 'NONE', *, *, #558, .F. ) ;
#265 = FACE_OUTER_BOUND ( 'NONE', #127, .T. ) ;
#266 = ADVANCED_FACE ( 'NONE', ( #265 ), #1372, .T. ) ;
#267 = CARTESIAN_POINT ( 'NONE',  ( -139.8999999999999773, 0.000000000000000000, -140.4000000000000341 ) ) ;
#268 = VECTOR ( 'NONE', #643, 1000.000000000000000 ) ;
#269 = VERTEX_POINT ( 'NONE', #489 ) ;
#270 = VERTEX_POINT ( 'NONE', #930 ) ;
#271 = CARTESIAN_POINT ( 'NONE',  ( 103.8843591993870206, 0.000000000000000000, -120.9000000000000199 ) ) ;
#272 = ORIENTED_EDGE ( 'NONE', *, *, #1133, .F. ) ;
#273 = CARTESIAN_POINT ( 'NONE',  ( -116.1522701576892871, 9.000000000000000000, -91.56870545094447778 ) ) ;
#274 = PLANE ( 'NONE',  #766 ) ;
#275 = EDGE_CURVE ( 'NONE', #977, #589, #251, .T. ) ;
#276 = CARTESIAN_POINT ( 'NONE',  ( -139.8999999999999773, -6.299999999999999822, -130.9000000000000057 ) ) ;
#277 = CARTESIAN_POINT ( 'NONE',  ( 133.5573073551275627, 0.000000000000000000, -120.9000000000000199 ) ) ;
#278 = VERTEX_POINT ( 'NONE', #1041 ) ;
#279 = DIRECTION ( 'NONE',  ( 0.000000000000000000, 1.000000000000000000, 0.000000000000000000 ) ) ;
#280 = VECTOR ( 'NONE', #1146, 1000.000000000000000 ) ;
#281 = CARTESIAN_POINT ( 'NONE',  ( 101.8924225337623994, 9.000000000000000000, -120.5749643607555726 ) ) ;
#282 = LINE ( 'NONE', #192, #1237 ) ;
#283 = EDGE_CURVE ( 'NONE', #493, #789, #1019, .T. ) ;
#284 = PLANE ( 'NONE',  #1007 ) ;
#285 = VERTEX_POINT ( 'NONE', #1025 ) ;
#286 = FACE_OUTER_BOUND ( 'NONE', #1287, .T. ) ;
#287 = DIRECTION ( 'NONE',  ( 0.000000000000000000, -1.000000000000000000, 0.000000000000000000 ) ) ;
#288 = DIRECTION ( 'NONE',  ( 0.000000000000000000, -0.000000000000000000, 1.000000000000000000 ) ) ;
#289 = EDGE_CURVE ( 'NONE', #816, #1174, #1330, .T. ) ;
#290 = VECTOR ( 'NONE', #509, 1000.000000000000000 ) ;
#291 = VERTEX_POINT ( 'NONE', #820 ) ;
#292 = DIRECTION ( 'NONE',  ( -0.000000000000000000, 1.000000000000000000, -0.000000000000000000 ) ) ;
#293 = CARTESIAN_POINT ( 'NONE',  ( 92.97060640761097261, 9.000000000000000000, -128.6000000000000512 ) ) ;
#294 = DIRECTION ( 'NONE',  ( -0.000000000000000000, -1.000000000000000000, -0.000000000000000000 ) ) ;
#295 = ORIENTED_EDGE ( 'NONE', *, *, #275, .F. ) ;
#296 = CARTESIAN_POINT ( 'NONE',  ( 103.8843591993870206, -4.599999999999999645, -120.9000000000000199 ) ) ;
#297 = CIRCLE ( 'NONE', #1107, 3.500000000000003109 ) ;
#298 = ORIENTED_EDGE ( 'NONE', *, *, #1000, .F. ) ;
#299 = LINE ( 'NONE', #1194, #1029 ) ;
#300 = VECTOR ( 'NONE', #562, 1000.000000000000000 ) ;
#301 = EDGE_CURVE ( 'NONE', #938, #789, #1, .T. ) ;
#302 = PLANE ( 'NONE',  #1046 ) ;
#303 = DIRECTION ( 'NONE',  ( 0.000000000000000000, -1.000000000000000000, 0.000000000000000000 ) ) ;
#304 = AXIS2_PLACEMENT_3D ( 'NONE', #1105, #791, #456 ) ;
#305 = DIRECTION ( 'NONE',  ( -0.000000000000000000, 1.000000000000000000, -0.000000000000000000 ) ) ;
#306 = EDGE_LOOP ( 'NONE', ( #262, #91, #1345, #578 ) ) ;
#307 = DIRECTION ( 'NONE',  ( -1.000000000000000000, 0.000000000000000000, -0.000000000000000000 ) ) ;
#308 = SHAPE_DEFINITION_REPRESENTATION ( #610, #1139 ) ;
#309 = EDGE_CURVE ( 'NONE', #476, #209, #1135, .T. ) ;
#310 = CYLINDRICAL_SURFACE ( 'NONE', #911, 5.000000000000004441 ) ;
#311 = DIRECTION ( 'NONE',  ( 0.000000000000000000, 0.000000000000000000, 1.000000000000000000 ) ) ;
#312 = CARTESIAN_POINT ( 'NONE',  ( -105.0000000000000000, 9.000000000000000000, -101.6000000000000512 ) ) ;
#313 = ORIENTED_EDGE ( 'NONE', *, *, #657, .F. ) ;
#314 = AXIS2_PLACEMENT_3D ( 'NONE', #532, #960, #75 ) ;
#315 = CYLINDRICAL_SURFACE ( 'NONE', #974, 14.99999999999998579 ) ;
#316 = LINE ( 'NONE', #761, #443 ) ;
#317 = DIRECTION ( 'NONE',  ( 0.000000000000000000, 0.000000000000000000, -1.000000000000000000 ) ) ;
#318 = EDGE_CURVE ( 'NONE', #1170, #1030, #320, .T. ) ;
#319 = DIRECTION ( 'NONE',  ( 0.000000000000000000, 0.000000000000000000, -1.000000000000000000 ) ) ;
#320 = CIRCLE ( 'NONE', #994, 14.99999999999998579 ) ;
#321 = EDGE_LOOP ( 'NONE', ( #1384, #363, #346, #1090 ) ) ;
#322 = LINE ( 'NONE', #886, #602 ) ;
#323 = CARTESIAN_POINT ( 'NONE',  ( -139.8999999999999773, 9.000000000000000000, -143.9000000000000341 ) ) ;
#324 = CARTESIAN_POINT ( 'NONE',  ( 103.8843591993870206, -4.599999999999999645, -120.9000000000000199 ) ) ;
#325 = DIRECTION ( 'NONE',  ( 0.000000000000000000, 1.000000000000000000, 0.000000000000000000 ) ) ;
#326 = CIRCLE ( 'NONE', #512, 12.00000000000001066 ) ;
#327 = EDGE_CURVE ( 'NONE', #175, #119, #1171, .T. ) ;
#328 = EDGE_LOOP ( 'NONE', ( #486, #799, #603, #392, #1406, #347, #565, #1367 ) ) ;
#329 = CARTESIAN_POINT ( 'NONE',  ( -139.8999999999999773, 0.000000000000000000, -140.4000000000000341 ) ) ;
#330 =( NAMED_UNIT ( * ) PLANE_ANGLE_UNIT ( ) SI_UNIT ( $, .RADIAN. ) );
#331 = CIRCLE ( 'NONE', #153, 4.000000000000003553 ) ;
#332 = FACE_OUTER_BOUND ( 'NONE', #261, .T. ) ;
#333 = CARTESIAN_POINT ( 'NONE',  ( -151.0522701576892928, 9.000000000000000000, -130.3687054509444465 ) ) ;
#334 = ADVANCED_FACE ( 'NONE', ( #1258 ), #599, .T. ) ;
#335 = ORIENTED_EDGE ( 'NONE', *, *, #958, .F. ) ;
#336 = FACE_OUTER_BOUND ( 'NONE', #702, .T. ) ;
#337 = AXIS2_PLACEMENT_3D ( 'NONE', #737, #1288, #970 ) ;
#338 = VECTOR ( 'NONE', #625, 1000.000000000000000 ) ;
#339 = PRESENTATION_STYLE_ASSIGNMENT (( #903 ) ) ;
#340 = ORIENTED_EDGE ( 'NONE', *, *, #98, .F. ) ;
#341 = DIRECTION ( 'NONE',  ( -0.000000000000000000, 1.000000000000000000, -0.000000000000000000 ) ) ;
#342 = AXIS2_PLACEMENT_3D ( 'NONE', #165, #704, #1136 ) ;
#343 = ADVANCED_FACE ( 'NONE', ( #922 ), #381, .F. ) ;
#344 = LINE ( 'NONE', #895, #1261 ) ;
#345 = VECTOR ( 'NONE', #794, 1000.000000000000000 ) ;
#346 = ORIENTED_EDGE ( 'NONE', *, *, #1036, .F. ) ;
#347 = ORIENTED_EDGE ( 'NONE', *, *, #755, .T. ) ;
#348 = DIRECTION ( 'NONE',  ( 0.000000000000000000, -1.000000000000000000, 0.000000000000000000 ) ) ;
#349 = AXIS2_PLACEMENT_3D ( 'NONE', #72, #513, #1172 ) ;
#350 = ORIENTED_EDGE ( 'NONE', *, *, #735, .T. ) ;
#351 = CARTESIAN_POINT ( 'NONE',  ( 133.5573073551275627, -4.599999999999999645, -120.9000000000000199 ) ) ;
#352 = EDGE_CURVE ( 'NONE', #876, #1048, #1034, .T. ) ;
#353 = ORIENTED_EDGE ( 'NONE', *, *, #908, .T. ) ;
#354 = EDGE_LOOP ( 'NONE', ( #1096, #658, #122, #1033, #385 ) ) ;
#355 = DIRECTION ( 'NONE',  ( 0.000000000000000000, 0.000000000000000000, 1.000000000000000000 ) ) ;
#356 = VERTEX_POINT ( 'NONE', #273 ) ;
#357 = DIRECTION ( 'NONE',  ( 0.000000000000000000, 0.000000000000000000, 1.000000000000000000 ) ) ;
#358 = DIRECTION ( 'NONE',  ( 0.000000000000000000, -0.000000000000000000, -1.000000000000000000 ) ) ;
#359 = AXIS2_PLACEMENT_3D ( 'NONE', #4, #995, #442 ) ;
#360 = VERTEX_POINT ( 'NONE', #176 ) ;
#361 = EDGE_CURVE ( 'NONE', #1022, #977, #373, .T. ) ;
#362 = APPLICATION_CONTEXT ( 'automotive_design' ) ;
#363 = ORIENTED_EDGE ( 'NONE', *, *, #828, .F. ) ;
#364 = DIRECTION ( 'NONE',  ( 0.000000000000000000, 1.000000000000000000, 0.000000000000000000 ) ) ;
#365 = VERTEX_POINT ( 'NONE', #1364 ) ;
#366 = CARTESIAN_POINT ( 'NONE',  ( 139.9000000000000341, 0.000000000000000000, -140.4000000000000341 ) ) ;
#367 = VECTOR ( 'NONE', #386, 999.9999999999998863 ) ;
#368 = DIRECTION ( 'NONE',  ( -0.000000000000000000, -1.000000000000000000, 0.000000000000000000 ) ) ;
#369 = ORIENTED_EDGE ( 'NONE', *, *, #773, .F. ) ;
#370 = DIRECTION ( 'NONE',  ( 0.000000000000000000, 0.000000000000000000, 1.000000000000000000 ) ) ;
#371 = EDGE_CURVE ( 'NONE', #780, #76, #1414, .T. ) ;
#372 = VERTEX_POINT ( 'NONE', #250 ) ;
#373 = LINE ( 'NONE', #1162, #731 ) ;
#374 = PLANE ( 'NONE',  #1065 ) ;
#375 = ORIENTED_EDGE ( 'NONE', *, *, #1325, .F. ) ;
#376 = ORIENTED_EDGE ( 'NONE', *, *, #891, .T. ) ;
#377 = DIRECTION ( 'NONE',  ( 0.000000000000000000, -1.000000000000000000, 0.000000000000000000 ) ) ;
#378 = CIRCLE ( 'NONE', #1198, 14.99999999999998579 ) ;
#379 = ADVANCED_FACE ( 'NONE', ( #695 ), #203, .F. ) ;
#380 = ORIENTED_EDGE ( 'NONE', *, *, #883, .T. ) ;
#381 = CYLINDRICAL_SURFACE ( 'NONE', #523, 3.500000000000003109 ) ;
#382 = CARTESIAN_POINT ( 'NONE',  ( -128.7477298423106333, 9.000000000000000000, -150.4312945490555933 ) ) ;
#383 = CARTESIAN_POINT ( 'NONE',  ( -151.0522701576892644, 9.000000000000000000, -130.3687054509444465 ) ) ;
#384 = DIRECTION ( 'NONE',  ( 0.000000000000000000, 0.000000000000000000, 1.000000000000000000 ) ) ;
#385 = ORIENTED_EDGE ( 'NONE', *, *, #727, .F. ) ;
#386 = DIRECTION ( 'NONE',  ( -0.6687529699370405867, -0.000000000000000000, 0.7434846771792865683 ) ) ;
#387 = EDGE_CURVE ( 'NONE', #104, #246, #645, .T. ) ;
#388 = CARTESIAN_POINT ( 'NONE',  ( -136.5312460638446339, -4.599999999999999645, -114.2249881202518651 ) ) ;
#389 = MECHANICAL_DESIGN_GEOMETRIC_PRESENTATION_REPRESENTATION (  '', ( #534 ), #601 ) ;
#390 = DIRECTION ( 'NONE',  ( 0.000000000000000000, 1.000000000000000000, 0.000000000000000000 ) ) ;
#391 = UNCERTAINTY_MEASURE_WITH_UNIT (LENGTH_MEASURE( 1.000000000000000082E-05 ), #834, 'distance_accuracy_value', 'NONE');
#392 = ORIENTED_EDGE ( 'NONE', *, *, #536, .T. ) ;
#393 = DIRECTION ( 'NONE',  ( -0.000000000000000000, 0.000000000000000000, 1.000000000000000000 ) ) ;
#394 = PRODUCT_CONTEXT ( 'NONE', #1289, 'mechanical' ) ;
#395 = DIRECTION ( 'NONE',  ( 0.000000000000000000, -0.000000000000000000, -1.000000000000000000 ) ) ;
#396 = EDGE_CURVE ( 'NONE', #76, #518, #92, .T. ) ;
#397 = CARTESIAN_POINT ( 'NONE',  ( 134.9000000000000341, 0.000000000000000000, -144.9000000000000057 ) ) ;
#398 = DIRECTION ( 'NONE',  ( 0.000000000000000000, 0.000000000000000000, -1.000000000000000000 ) ) ;
#399 = ORIENTED_EDGE ( 'NONE', *, *, #1343, .F. ) ;
#400 = CARTESIAN_POINT ( 'NONE',  ( -103.8843591993870348, -4.599999999999999645, -116.9000000000000199 ) ) ;
#401 = DIRECTION ( 'NONE',  ( 0.000000000000000000, 0.000000000000000000, 1.000000000000000000 ) ) ;
#402 = DIRECTION ( 'NONE',  ( 0.000000000000000000, 0.000000000000000000, 1.000000000000000000 ) ) ;
#403 = CIRCLE ( 'NONE', #337, 12.00000000000001066 ) ;
#404 = PRESENTATION_STYLE_ASSIGNMENT (( #1175 ) ) ;
#405 = EDGE_CURVE ( 'NONE', #1174, #708, #854, .T. ) ;
#406 = ORIENTED_EDGE ( 'NONE', *, *, #1395, .T. ) ;
#407 = DIRECTION ( 'NONE',  ( -0.000000000000000000, -1.000000000000000000, -0.000000000000000000 ) ) ;
#408 = CARTESIAN_POINT ( 'NONE',  ( 134.9000000000000341, 0.000000000000000000, -135.9000000000000625 ) ) ;
#409 = DIRECTION ( 'NONE',  ( 0.000000000000000000, -1.000000000000000000, 0.000000000000000000 ) ) ;
#410 = ORIENTED_EDGE ( 'NONE', *, *, #524, .T. ) ;
#411 =( NAMED_UNIT ( * ) PLANE_ANGLE_UNIT ( ) SI_UNIT ( $, .RADIAN. ) );
#412 = ADVANCED_FACE ( 'NONE', ( #189 ), #730, .T. ) ;
#413 = ORIENTED_EDGE ( 'NONE', *, *, #1214, .T. ) ;
#414 = CARTESIAN_POINT ( 'NONE',  ( 133.5573073551275627, -4.599999999999999645, -116.9000000000000199 ) ) ;
#415 = AXIS2_PLACEMENT_3D ( 'NONE', #544, #1097, #673 ) ;
#416 = APPLICATION_PROTOCOL_DEFINITION ( 'draft international standard', 'automotive_design', 1998, #1289 ) ;
#417 = AXIS2_PLACEMENT_3D ( 'NONE', #102, #655, #546 ) ;
#418 = FACE_OUTER_BOUND ( 'NONE', #1013, .T. ) ;
#419 = PLANE ( 'NONE',  #440 ) ;
#420 = VERTEX_POINT ( 'NONE', #511 ) ;
#421 = CARTESIAN_POINT ( 'NONE',  ( -105.0000000000000000, 9.000000000000000000, -86.60000000000006537 ) ) ;
#422 = ORIENTED_EDGE ( 'NONE', *, *, #583, .F. ) ;
#423 = DIRECTION ( 'NONE',  ( -0.000000000000000000, 1.000000000000000000, -0.000000000000000000 ) ) ;
#424 = ADVANCED_FACE ( 'NONE', ( #949 ), #1062, .F. ) ;
#425 = CARTESIAN_POINT ( 'NONE',  ( -133.5573073551275058, -4.599999999999999645, -116.9000000000000199 ) ) ;
#426 = CARTESIAN_POINT ( 'NONE',  ( 92.97060640761097261, 0.000000000000000000, -128.6000000000000512 ) ) ;
#427 = CYLINDRICAL_SURFACE ( 'NONE', #549, 14.99999999999998579 ) ;
#428 = ORIENTED_EDGE ( 'NONE', *, *, #842, .T. ) ;
#429 = CIRCLE ( 'NONE', #617, 5.000000000000004441 ) ;
#430 = CARTESIAN_POINT ( 'NONE',  ( -92.97060640761097261, -4.599999999999999645, -128.6000000000000512 ) ) ;
#431 = PLANE ( 'NONE',  #999 ) ;
#432 = ADVANCED_FACE ( 'NONE', ( #1433 ), #1295, .T. ) ;
#433 = DIRECTION ( 'NONE',  ( -0.000000000000000000, -1.000000000000000000, -0.000000000000000000 ) ) ;
#434 = CARTESIAN_POINT ( 'NONE',  ( 101.1559210014429908, -4.599999999999999645, -119.8250000000000171 ) ) ;
#435 = VECTOR ( 'NONE', #1099, 1000.000000000000000 ) ;
#436 = VERTEX_POINT ( 'NONE', #77 ) ;
#437 = FACE_OUTER_BOUND ( 'NONE', #1038, .T. ) ;
#438 = DIRECTION ( 'NONE',  ( -0.000000000000000000, -0.000000000000000000, 1.000000000000000000 ) ) ;
#439 = CARTESIAN_POINT ( 'NONE',  ( -101.1559210014430050, 0.000000000000000000, -119.8250000000000313 ) ) ;
#440 = AXIS2_PLACEMENT_3D ( 'NONE', #199, #110, #213 ) ;
#441 = EDGE_CURVE ( 'NONE', #1318, #543, #299, .T. ) ;
#442 = DIRECTION ( 'NONE',  ( 0.000000000000000000, 0.000000000000000000, 1.000000000000000000 ) ) ;
#443 = VECTOR ( 'NONE', #438, 1000.000000000000000 ) ;
#444 = ORIENTED_EDGE ( 'NONE', *, *, #441, .T. ) ;
#445 = CARTESIAN_POINT ( 'NONE',  ( 139.9000000000000341, -6.299999999999999822, -144.9000000000000057 ) ) ;
#446 = DIRECTION ( 'NONE',  ( -0.000000000000000000, 1.000000000000000000, -0.000000000000000000 ) ) ;
#447 = VECTOR ( 'NONE', #808, 1000.000000000000000 ) ;
#448 = ORIENTED_EDGE ( 'NONE', *, *, #70, .F. ) ;
#449 = CARTESIAN_POINT ( 'NONE',  ( -103.8843591993870348, -4.599999999999999645, -120.9000000000000199 ) ) ;
#450 = ORIENTED_EDGE ( 'NONE', *, *, #81, .F. ) ;
#451 = CARTESIAN_POINT ( 'NONE',  ( 133.5573073551275627, 0.000000000000000000, -116.9000000000000199 ) ) ;
#452 = EDGE_CURVE ( 'NONE', #1432, #567, #847, .T. ) ;
#453 = VECTOR ( 'NONE', #305, 1000.000000000000000 ) ;
#454 = ORIENTED_EDGE ( 'NONE', *, *, #551, .F. ) ;
#455 = VECTOR ( 'NONE', #1396, 1000.000000000000000 ) ;
#456 = DIRECTION ( 'NONE',  ( 0.000000000000000000, 0.000000000000000000, -1.000000000000000000 ) ) ;
#457 = ORIENTED_EDGE ( 'NONE', *, *, #951, .F. ) ;
#458 = VERTEX_POINT ( 'NONE', #63 ) ;
#459 = CARTESIAN_POINT ( 'NONE',  ( 139.9000000000000341, 0.000000000000000000, -136.9000000000000341 ) ) ;
#460 = ADVANCED_FACE ( 'NONE', ( #637 ), #614, .F. ) ;
#461 = DIRECTION ( 'NONE',  ( 0.000000000000000000, -1.000000000000000000, 0.000000000000000000 ) ) ;
#462 = EDGE_LOOP ( 'NONE', ( #1121, #232, #961, #1247 ) ) ;
#463 = ORIENTED_EDGE ( 'NONE', *, *, #937, .T. ) ;
#464 = DIRECTION ( 'NONE',  ( -0.000000000000000000, 1.000000000000000000, -0.000000000000000000 ) ) ;
#465 = ORIENTED_EDGE ( 'NONE', *, *, #309, .T. ) ;
#466 = DIRECTION ( 'NONE',  ( -0.000000000000000000, 1.000000000000000000, -0.000000000000000000 ) ) ;
#467 = CARTESIAN_POINT ( 'NONE',  ( 105.0000000000000853, 9.000000000000000000, -86.60000000000007958 ) ) ;
#468 = ADVANCED_FACE ( 'NONE', ( #1077 ), #86, .T. ) ;
#469 = ORIENTED_EDGE ( 'NONE', *, *, #371, .F. ) ;
#470 = DIRECTION ( 'NONE',  ( 0.000000000000000000, -1.000000000000000000, 0.000000000000000000 ) ) ;
#471 = ORIENTED_EDGE ( 'NONE', *, *, #701, .T. ) ;
#472 = CARTESIAN_POINT ( 'NONE',  ( 92.97060640761097261, -4.599999999999999645, -101.6000000000000369 ) ) ;
#473 = LINE ( 'NONE', #1020, #211 ) ;
#474 = AXIS2_PLACEMENT_3D ( 'NONE', #1327, #325, #771 ) ;
#475 = EDGE_CURVE ( 'NONE', #477, #220, #529, .T. ) ;
#476 = VERTEX_POINT ( 'NONE', #1201 ) ;
#477 = VERTEX_POINT ( 'NONE', #502 ) ;
#478 = CARTESIAN_POINT ( 'NONE',  ( -139.8999999999999773, 0.000000000000000000, -135.9000000000000625 ) ) ;
#479 = ORIENTED_EDGE ( 'NONE', *, *, #1221, .F. ) ;
#480 = DIRECTION ( 'NONE',  ( 0.000000000000000000, -0.000000000000000000, 1.000000000000000000 ) ) ;
#481 = CARTESIAN_POINT ( 'NONE',  ( 128.7477298423107186, 9.000000000000000000, -150.4312945490556217 ) ) ;
#482 = AXIS2_PLACEMENT_3D ( 'NONE', #156, #1042, #592 ) ;
#483 = CIRCLE ( 'NONE', #231, 4.000000000000003553 ) ;
#484 = EDGE_CURVE ( 'NONE', #161, #23, #403, .T. ) ;
#485 = AXIS2_PLACEMENT_3D ( 'NONE', #1326, #433, #311 ) ;
#486 = ORIENTED_EDGE ( 'NONE', *, *, #701, .F. ) ;
#487 = DIRECTION ( 'NONE',  ( 0.000000000000000000, 0.000000000000000000, -1.000000000000000000 ) ) ;
#488 = ORIENTED_EDGE ( 'NONE', *, *, #1054, .F. ) ;
#489 = CARTESIAN_POINT ( 'NONE',  ( 139.9000000000000341, 0.000000000000000000, -136.9000000000000341 ) ) ;
#490 = AXIS2_PLACEMENT_3D ( 'NONE', #754, #197, #1079 ) ;
#491 = PLANE ( 'NONE',  #835 ) ;
#492 = DIRECTION ( 'NONE',  ( 0.000000000000000000, -1.000000000000000000, 0.000000000000000000 ) ) ;
#493 = VERTEX_POINT ( 'NONE', #978 ) ;
#494 = DIRECTION ( 'NONE',  ( 0.000000000000000000, 1.000000000000000000, 0.000000000000000000 ) ) ;
#495 = EDGE_CURVE ( 'NONE', #789, #767, #1293, .T. ) ;
#496 = ORIENTED_EDGE ( 'NONE', *, *, #124, .F. ) ;
#497 = DIRECTION ( 'NONE',  ( -0.000000000000000000, 1.000000000000000000, -0.000000000000000000 ) ) ;
#498 = SURFACE_SIDE_STYLE ('',( #69 ) ) ;
#499 = AXIS2_PLACEMENT_3D ( 'NONE', #173, #390, #1068 ) ;
#500 = LINE ( 'NONE', #383, #781 ) ;
#501 = VERTEX_POINT ( 'NONE', #1321 ) ;
#502 = CARTESIAN_POINT ( 'NONE',  ( 144.9000000000000341, -6.299999999999999822, -144.9000000000000057 ) ) ;
#503 = ADVANCED_FACE ( 'NONE', ( #286 ), #315, .T. ) ;
#504 = LINE ( 'NONE', #78, #650 ) ;
#505 = AXIS2_PLACEMENT_3D ( 'NONE', #426, #170, #480 ) ;
#506 = CARTESIAN_POINT ( 'NONE',  ( 139.9000000000000341, -6.299999999999999822, -135.9000000000000625 ) ) ;
#507 = CARTESIAN_POINT ( 'NONE',  ( -128.7477298423106333, 0.000000000000000000, -150.4312945490555933 ) ) ;
#508 = PRESENTATION_LAYER_ASSIGNMENT (  '', '', ( #534 ) ) ;
#509 = DIRECTION ( 'NONE',  ( -0.000000000000000000, -1.000000000000000000, -0.000000000000000000 ) ) ;
#510 = ORIENTED_EDGE ( 'NONE', *, *, #136, .T. ) ;
#511 = CARTESIAN_POINT ( 'NONE',  ( -134.8999999999999488, -6.299999999999999822, -135.9000000000000625 ) ) ;
#512 = AXIS2_PLACEMENT_3D ( 'NONE', #696, #368, #260 ) ;
#513 = DIRECTION ( 'NONE',  ( -0.000000000000000000, 1.000000000000000000, -0.000000000000000000 ) ) ;
#514 = EDGE_CURVE ( 'NONE', #1257, #664, #117, .T. ) ;
#515 = CARTESIAN_POINT ( 'NONE',  ( 139.9000000000000341, 9.000000000000000000, -140.4000000000000341 ) ) ;
#516 = CYLINDRICAL_SURFACE ( 'NONE', #1057, 4.000000000000003553 ) ;
#517 = AXIS2_PLACEMENT_3D ( 'NONE', #942, #40, #355 ) ;
#518 = VERTEX_POINT ( 'NONE', #984 ) ;
#519 = DIRECTION ( 'NONE',  ( 0.000000000000000000, 0.000000000000000000, 1.000000000000000000 ) ) ;
#520 =( NAMED_UNIT ( * ) PLANE_ANGLE_UNIT ( ) SI_UNIT ( $, .RADIAN. ) );
#521 = CARTESIAN_POINT ( 'NONE',  ( 144.9000000000000341, -6.299999999999999822, -135.9000000000000625 ) ) ;
#522 = DIRECTION ( 'NONE',  ( 0.6687529699370393654, 0.000000000000000000, 0.7434846771792875675 ) ) ;
#523 = AXIS2_PLACEMENT_3D ( 'NONE', #944, #466, #590 ) ;
#524 = EDGE_CURVE ( 'NONE', #708, #477, #741, .T. ) ;
#525 = STYLED_ITEM ( 'NONE', ( #404 ), #786 ) ;
#526 = DIRECTION ( 'NONE',  ( 0.000000000000000000, 1.000000000000000000, 0.000000000000000000 ) ) ;
#527 = VECTOR ( 'NONE', #953, 1000.000000000000114 ) ;
#528 = ORIENTED_EDGE ( 'NONE', *, *, #566, .T. ) ;
#529 = LINE ( 'NONE', #753, #222 ) ;
#530 = LINE ( 'NONE', #521, #888 ) ;
#531 = CARTESIAN_POINT ( 'NONE',  ( 133.5573073551275627, -4.599999999999999645, -120.9000000000000199 ) ) ;
#532 = CARTESIAN_POINT ( 'NONE',  ( -103.8843591993870348, 0.000000000000000000, -116.9000000000000199 ) ) ;
#533 = EDGE_CURVE ( 'NONE', #838, #360, #483, .T. ) ;
#534 = STYLED_ITEM ( 'NONE', ( #864 ), #1139 ) ;
#535 = VERTEX_POINT ( 'NONE', #550 ) ;
#536 = EDGE_CURVE ( 'NONE', #620, #823, #322, .T. ) ;
#537 = DIRECTION ( 'NONE',  ( 0.000000000000000000, -1.000000000000000000, 0.000000000000000000 ) ) ;
#538 = VECTOR ( 'NONE', #1447, 1000.000000000000000 ) ;
#539 = CARTESIAN_POINT ( 'NONE',  ( 105.0000000000000853, 9.000000000000000000, -86.60000000000007958 ) ) ;
#540 = FACE_BOUND ( 'NONE', #354, .T. ) ;
#541 = CIRCLE ( 'NONE', #1359, 11.99999999999999645 ) ;
#542 = DIRECTION ( 'NONE',  ( -0.000000000000000000, 1.000000000000000000, -0.000000000000000000 ) ) ;
#543 = VERTEX_POINT ( 'NONE', #6 ) ;
#544 = CARTESIAN_POINT ( 'NONE',  ( -139.8999999999999773, 9.000000000000000000, -140.4000000000000341 ) ) ;
#545 = ADVANCED_FACE ( 'NONE', ( #437 ), #216, .F. ) ;
#546 = DIRECTION ( 'NONE',  ( 0.000000000000000000, 0.000000000000000000, 1.000000000000000000 ) ) ;
#547 = CARTESIAN_POINT ( 'NONE',  ( 105.0000000000000853, 9.000000000000000000, -86.60000000000007958 ) ) ;
#548 = ORIENTED_EDGE ( 'NONE', *, *, #1133, .T. ) ;
#549 = AXIS2_PLACEMENT_3D ( 'NONE', #103, #671, #1088 ) ;
#550 = CARTESIAN_POINT ( 'NONE',  ( -133.5573073551275058, -4.599999999999999645, -120.9000000000000199 ) ) ;
#551 = EDGE_CURVE ( 'NONE', #142, #1177, #990, .T. ) ;
#552 = PLANE ( 'NONE',  #630 ) ;
#553 = CARTESIAN_POINT ( 'NONE',  ( 139.9000000000000341, 0.000000000000000000, -140.4000000000000341 ) ) ;
#554 = CARTESIAN_POINT ( 'NONE',  ( -116.1522701576892871, 9.000000000000000000, -91.56870545094447778 ) ) ;
#555 = EDGE_LOOP ( 'NONE', ( #743, #1142, #272, #18 ) ) ;
#556 = CARTESIAN_POINT ( 'NONE',  ( -139.8999999999999773, 0.000000000000000000, -136.9000000000000341 ) ) ;
#557 = DIRECTION ( 'NONE',  ( 0.000000000000000000, 0.000000000000000000, 1.000000000000000000 ) ) ;
#558 = EDGE_CURVE ( 'NONE', #1266, #1002, #1346, .T. ) ;
#559 = CARTESIAN_POINT ( 'NONE',  ( 139.9000000000000341, 0.000000000000000000, -143.9000000000000341 ) ) ;
#560 = AXIS2_PLACEMENT_3D ( 'NONE', #769, #461, #1354 ) ;
#561 = ORIENTED_EDGE ( 'NONE', *, *, #452, .T. ) ;
#562 = DIRECTION ( 'NONE',  ( 1.000000000000000000, -0.000000000000000000, -6.608470384673548312E-17 ) ) ;
#563 = ORIENTED_EDGE ( 'NONE', *, *, #484, .F. ) ;
#564 = CIRCLE ( 'NONE', #1409, 5.000000000000004441 ) ;
#565 = ORIENTED_EDGE ( 'NONE', *, *, #1036, .T. ) ;
#566 = EDGE_CURVE ( 'NONE', #518, #792, #675, .T. ) ;
#567 = VERTEX_POINT ( 'NONE', #782 ) ;
#568 = DIRECTION ( 'NONE',  ( 0.000000000000000000, 0.000000000000000000, 1.000000000000000000 ) ) ;
#569 = CARTESIAN_POINT ( 'NONE',  ( -101.1559210014430192, -4.599999999999999645, -119.8250000000000171 ) ) ;
#570 = ORIENTED_EDGE ( 'NONE', *, *, #1239, .F. ) ;
#571 = ORIENTED_EDGE ( 'NONE', *, *, #745, .T. ) ;
#572 = CARTESIAN_POINT ( 'NONE',  ( 144.9000000000000341, 0.000000000000000000, -135.9000000000000625 ) ) ;
#573 = AXIS2_PLACEMENT_3D ( 'NONE', #1308, #303, #750 ) ;
#574 = ORIENTED_EDGE ( 'NONE', *, *, #1052, .F. ) ;
#575 = FACE_OUTER_BOUND ( 'NONE', #759, .T. ) ;
#576 = AXIS2_PLACEMENT_3D ( 'NONE', #467, #804, #1365 ) ;
#577 = DIRECTION ( 'NONE',  ( -0.000000000000000000, -1.000000000000000000, -0.000000000000000000 ) ) ;
#578 = ORIENTED_EDGE ( 'NONE', *, *, #992, .T. ) ;
#579 = ORIENTED_EDGE ( 'NONE', *, *, #1444, .F. ) ;
#580 = DIRECTION ( 'NONE',  ( 0.000000000000000000, 0.000000000000000000, 1.000000000000000000 ) ) ;
#581 = EDGE_LOOP ( 'NONE', ( #207, #1282, #1244, #159 ) ) ;
#582 = DIRECTION ( 'NONE',  ( 0.000000000000000000, 1.000000000000000000, 0.000000000000000000 ) ) ;
#583 = EDGE_CURVE ( 'NONE', #1177, #1387, #48, .T. ) ;
#584 = CYLINDRICAL_SURFACE ( 'NONE', #114, 14.99999999999998579 ) ;
#585 = VECTOR ( 'NONE', #1370, 1000.000000000000114 ) ;
#586 = ORIENTED_EDGE ( 'NONE', *, *, #937, .F. ) ;
#587 = VERTEX_POINT ( 'NONE', #556 ) ;
#588 = DIRECTION ( 'NONE',  ( 1.000000000000000000, 0.000000000000000000, 0.000000000000000000 ) ) ;
#589 = VERTEX_POINT ( 'NONE', #1329 ) ;
#590 = DIRECTION ( 'NONE',  ( 0.000000000000000000, 0.000000000000000000, 1.000000000000000000 ) ) ;
#591 = AXIS2_PLACEMENT_3D ( 'NONE', #414, #537, #1407 ) ;
#592 = DIRECTION ( 'NONE',  ( 0.000000000000000000, 0.000000000000000000, 1.000000000000000000 ) ) ;
#593 = EDGE_CURVE ( 'NONE', #270, #278, #1234, .T. ) ;
#594 = VECTOR ( 'NONE', #1299, 999.9999999999998863 ) ;
#595 = EDGE_LOOP ( 'NONE', ( #841, #469, #1438, #39 ) ) ;
#596 = ORIENTED_EDGE ( 'NONE', *, *, #318, .T. ) ;
#597 = CYLINDRICAL_SURFACE ( 'NONE', #1220, 5.000000000000031974 ) ;
#598 = ORIENTED_EDGE ( 'NONE', *, *, #126, .T. ) ;
#599 = PLANE ( 'NONE',  #1186 ) ;
#600 = CARTESIAN_POINT ( 'NONE',  ( -133.5573073551275058, 0.000000000000000000, -120.9000000000000199 ) ) ;
#601 =( GEOMETRIC_REPRESENTATION_CONTEXT ( 3 ) GLOBAL_UNCERTAINTY_ASSIGNED_CONTEXT ( ( #1169 ) ) GLOBAL_UNIT_ASSIGNED_CONTEXT ( ( #1085, #1418, #945 ) ) REPRESENTATION_CONTEXT ( 'NONE', 'WORKASPACE' ) );
#602 = VECTOR ( 'NONE', #879, 1000.000000000000000 ) ;
#603 = ORIENTED_EDGE ( 'NONE', *, *, #797, .T. ) ;
#604 = ADVANCED_FACE ( 'NONE', ( #336 ), #1357, .F. ) ;
#605 = DIRECTION ( 'NONE',  ( 0.000000000000000000, 0.000000000000000000, 1.000000000000000000 ) ) ;
#606 = VERTEX_POINT ( 'NONE', #1223 ) ;
#607 = DIRECTION ( 'NONE',  ( 0.000000000000000000, 1.000000000000000000, 0.000000000000000000 ) ) ;
#608 = DIRECTION ( 'NONE',  ( 1.000000000000000000, 0.000000000000000000, 0.000000000000000000 ) ) ;
#609 = CARTESIAN_POINT ( 'NONE',  ( 151.0522701576893212, 9.000000000000000000, -130.3687054509444181 ) ) ;
#610 = PRODUCT_DEFINITION_SHAPE ( 'NONE', 'NONE',  #1322 ) ;
#611 = DIRECTION ( 'NONE',  ( 1.000000000000000000, 0.000000000000000000, 0.000000000000000000 ) ) ;
#612 = EDGE_CURVE ( 'NONE', #543, #813, #666, .T. ) ;
#613 = EDGE_LOOP ( 'NONE', ( #496, #824, #1252, #793 ) ) ;
#614 = PLANE ( 'NONE',  #662 ) ;
#615 = DIRECTION ( 'NONE',  ( -0.000000000000000000, 1.000000000000000000, -0.000000000000000000 ) ) ;
#616 = CARTESIAN_POINT ( 'NONE',  ( 139.9000000000000341, -6.299999999999999822, -135.9000000000000625 ) ) ;
#617 = AXIS2_PLACEMENT_3D ( 'NONE', #1082, #89, #975 ) ;
#618 = VERTEX_POINT ( 'NONE', #113 ) ;
#619 = CARTESIAN_POINT ( 'NONE',  ( -133.5573073551275058, -4.599999999999999645, -120.9000000000000199 ) ) ;
#620 = VERTEX_POINT ( 'NONE', #105 ) ;
#621 = DIRECTION ( 'NONE',  ( 0.000000000000000000, 0.000000000000000000, 1.000000000000000000 ) ) ;
#622 = EDGE_CURVE ( 'NONE', #1130, #664, #1103, .T. ) ;
#623 = AXIS2_PLACEMENT_3D ( 'NONE', #164, #939, #1388 ) ;
#624 = CARTESIAN_POINT ( 'NONE',  ( 116.1522701576892871, 0.000000000000000000, -91.56870545094444935 ) ) ;
#625 = DIRECTION ( 'NONE',  ( -0.000000000000000000, -1.000000000000000000, -0.000000000000000000 ) ) ;
#626 = CARTESIAN_POINT ( 'NONE',  ( 105.0000000000000000, 9.000000000000000000, -101.6000000000000512 ) ) ;
#627 = ORIENTED_EDGE ( 'NONE', *, *, #1278, .F. ) ;
#628 = DIRECTION ( 'NONE',  ( -0.000000000000000000, -1.000000000000000000, -0.000000000000000000 ) ) ;
#629 =( NAMED_UNIT ( * ) SI_UNIT ( $, .STERADIAN. ) SOLID_ANGLE_UNIT ( ) );
#630 = AXIS2_PLACEMENT_3D ( 'NONE', #880, #654, #660 ) ;
#631 = EDGE_CURVE ( 'NONE', #269, #589, #1351, .T. ) ;
#632 = DIRECTION ( 'NONE',  ( -0.000000000000000000, -1.000000000000000000, -0.000000000000000000 ) ) ;
#633 = DIRECTION ( 'NONE',  ( -0.000000000000000000, -1.000000000000000000, -0.000000000000000000 ) ) ;
#634 = CARTESIAN_POINT ( 'NONE',  ( 136.5312460638446908, -4.599999999999999645, -114.2249881202518509 ) ) ;
#635 = AXIS2_PLACEMENT_3D ( 'NONE', #1131, #1264, #1159 ) ;
#636 = ORIENTED_EDGE ( 'NONE', *, *, #352, .T. ) ;
#637 = FACE_OUTER_BOUND ( 'NONE', #935, .T. ) ;
#638 = CARTESIAN_POINT ( 'NONE',  ( 0.000000000000000000, 0.000000000000000000, 0.000000000000000000 ) ) ;
#639 = CARTESIAN_POINT ( 'NONE',  ( 139.9000000000000341, -6.299999999999999822, -144.9000000000000057 ) ) ;
#640 = ADVANCED_FACE ( 'NONE', ( #787, #235 ), #1118, .T. ) ;
#641 = DIRECTION ( 'NONE',  ( 1.000000000000000000, 0.000000000000000000, 0.000000000000000000 ) ) ;
#642 = AXIS2_PLACEMENT_3D ( 'NONE', #1207, #1213, #1095 ) ;
#643 = DIRECTION ( 'NONE',  ( -0.000000000000000000, 1.000000000000000000, -0.000000000000000000 ) ) ;
#644 = ORIENTED_EDGE ( 'NONE', *, *, #230, .T. ) ;
#645 = LINE ( 'NONE', #1084, #106 ) ;
#646 = SURFACE_STYLE_USAGE ( .BOTH. , #498 ) ;
#647 = CYLINDRICAL_SURFACE ( 'NONE', #747, 5.000000000000004441 ) ;
#648 = FACE_OUTER_BOUND ( 'NONE', #1014, .T. ) ;
#649 = DIRECTION ( 'NONE',  ( 0.000000000000000000, 1.000000000000000000, 0.000000000000000000 ) ) ;
#650 = VECTOR ( 'NONE', #615, 1000.000000000000000 ) ;
#651 = ADVANCED_FACE ( 'NONE', ( #653 ), #1091, .F. ) ;
#652 = VERTEX_POINT ( 'NONE', #707 ) ;
#653 = FACE_OUTER_BOUND ( 'NONE', #832, .T. ) ;
#654 = DIRECTION ( 'NONE',  ( -0.7434846771792867903, 0.000000000000000000, -0.6687529699370401426 ) ) ;
#655 = DIRECTION ( 'NONE',  ( 0.000000000000000000, 1.000000000000000000, 0.000000000000000000 ) ) ;
#656 = CARTESIAN_POINT ( 'NONE',  ( 92.97060640761097261, -4.599999999999999645, -86.60000000000005116 ) ) ;
#657 = EDGE_CURVE ( 'NONE', #1147, #1361, #331, .T. ) ;
#658 = ORIENTED_EDGE ( 'NONE', *, *, #1204, .F. ) ;
#659 = DIRECTION ( 'NONE',  ( -0.000000000000000000, 1.000000000000000000, -0.000000000000000000 ) ) ;
#660 = DIRECTION ( 'NONE',  ( -0.6687529699370401426, 0.000000000000000000, 0.7434846771792867903 ) ) ;
#661 = LINE ( 'NONE', #2, #1043 ) ;
#662 = AXIS2_PLACEMENT_3D ( 'NONE', #1209, #307, #393 ) ;
#663 = LINE ( 'NONE', #554, #1297 ) ;
#664 = VERTEX_POINT ( 'NONE', #247 ) ;
#665 = VECTOR ( 'NONE', #185, 1000.000000000000000 ) ;
#666 = LINE ( 'NONE', #1216, #345 ) ;
#667 = ADVANCED_FACE ( 'NONE', ( #1241 ), #47, .T. ) ;
#668 = EDGE_CURVE ( 'NONE', #1048, #838, #1150, .T. ) ;
#669 = CARTESIAN_POINT ( 'NONE',  ( -151.0522701576892644, 9.000000000000000000, -130.3687054509444465 ) ) ;
#670 = CARTESIAN_POINT ( 'NONE',  ( -134.8999999999999488, -6.299999999999999822, -135.9000000000000625 ) ) ;
#671 = DIRECTION ( 'NONE',  ( -0.000000000000000000, 1.000000000000000000, -0.000000000000000000 ) ) ;
#672 = ORIENTED_EDGE ( 'NONE', *, *, #533, .F. ) ;
#673 = DIRECTION ( 'NONE',  ( 0.000000000000000000, 0.000000000000000000, 1.000000000000000000 ) ) ;
#674 =( GEOMETRIC_REPRESENTATION_CONTEXT ( 3 ) GLOBAL_UNCERTAINTY_ASSIGNED_CONTEXT ( ( #391 ) ) GLOBAL_UNIT_ASSIGNED_CONTEXT ( ( #834, #520, #629 ) ) REPRESENTATION_CONTEXT ( 'NONE', 'WORKASPACE' ) );
#675 = CIRCLE ( 'NONE', #1109, 14.99999999999998579 ) ;
#676 = ORIENTED_EDGE ( 'NONE', *, *, #727, .T. ) ;
#677 = CIRCLE ( 'NONE', #417, 14.99999999999998579 ) ;
#678 = ADVANCED_FACE ( 'NONE', ( #1362 ), #597, .T. ) ;
#679 = STYLED_ITEM ( 'NONE', ( #339 ), #1246 ) ;
#680 = ORIENTED_EDGE ( 'NONE', *, *, #289, .F. ) ;
#681 = DIRECTION ( 'NONE',  ( 0.000000000000000000, 0.000000000000000000, -1.000000000000000000 ) ) ;
#682 = ORIENTED_EDGE ( 'NONE', *, *, #1395, .F. ) ;
#683 = DIRECTION ( 'NONE',  ( 0.000000000000000000, 0.000000000000000000, -1.000000000000000000 ) ) ;
#684 = ORIENTED_EDGE ( 'NONE', *, *, #1221, .T. ) ;
#685 = DIRECTION ( 'NONE',  ( -0.000000000000000000, 1.000000000000000000, -0.000000000000000000 ) ) ;
#686 = AXIS2_PLACEMENT_3D ( 'NONE', #1168, #1405, #398 ) ;
#687 = ORIENTED_EDGE ( 'NONE', *, *, #361, .F. ) ;
#688 = CARTESIAN_POINT ( 'NONE',  ( -105.0000000000000000, 9.000000000000000000, -101.6000000000000512 ) ) ;
#689 = ORIENTED_EDGE ( 'NONE', *, *, #1098, .F. ) ;
#690 = ORIENTED_EDGE ( 'NONE', *, *, #1064, .F. ) ;
#691 = DIRECTION ( 'NONE',  ( -0.000000000000000000, 1.000000000000000000, -0.000000000000000000 ) ) ;
#692 = ADVANCED_FACE ( 'NONE', ( #1031 ), #1125, .T. ) ;
#693 = AXIS2_PLACEMENT_3D ( 'NONE', #472, #258, #1276 ) ;
#694 = EDGE_LOOP ( 'NONE', ( #705, #112, #676, #798 ) ) ;
#695 = FACE_OUTER_BOUND ( 'NONE', #321, .T. ) ;
#696 = CARTESIAN_POINT ( 'NONE',  ( -92.97060640761097261, 9.000000000000000000, -128.6000000000000512 ) ) ;
#697 = ORIENTED_EDGE ( 'NONE', *, *, #533, .T. ) ;
#698 = CIRCLE ( 'NONE', #560, 5.000000000000031974 ) ;
#699 = ORIENTED_EDGE ( 'NONE', *, *, #1314, .F. ) ;
#700 = DIRECTION ( 'NONE',  ( -0.000000000000000000, 0.000000000000000000, 1.000000000000000000 ) ) ;
#701 = EDGE_CURVE ( 'NONE', #1266, #493, #775, .T. ) ;
#702 = EDGE_LOOP ( 'NONE', ( #151, #169, #1070, #1076, #450, #1215 ) ) ;
#703 = CARTESIAN_POINT ( 'NONE',  ( -139.8999999999999773, 0.000000000000000000, -140.4000000000000341 ) ) ;
#704 = DIRECTION ( 'NONE',  ( 0.000000000000000000, -1.000000000000000000, 0.000000000000000000 ) ) ;
#705 = ORIENTED_EDGE ( 'NONE', *, *, #1183, .F. ) ;
#706 = ORIENTED_EDGE ( 'NONE', *, *, #720, .T. ) ;
#707 = CARTESIAN_POINT ( 'NONE',  ( 101.8924225337623994, 9.000000000000000000, -120.5749643607555726 ) ) ;
#708 = VERTEX_POINT ( 'NONE', #24 ) ;
#709 = DIRECTION ( 'NONE',  ( 0.000000000000000000, -0.000000000000000000, 1.000000000000000000 ) ) ;
#710 = AXIS2_PLACEMENT_3D ( 'NONE', #1071, #292, #519 ) ;
#711 = CIRCLE ( 'NONE', #314, 4.000000000000003553 ) ;
#712 = DIRECTION ( 'NONE',  ( 0.000000000000000000, 1.000000000000000000, 0.000000000000000000 ) ) ;
#713 = ADVANCED_FACE ( 'NONE', ( #825 ), #255, .T. ) ;
#714 = CARTESIAN_POINT ( 'NONE',  ( 92.97060640761097261, 9.000000000000000000, -128.6000000000000512 ) ) ;
#715 = ORIENTED_EDGE ( 'NONE', *, *, #361, .T. ) ;
#716 = CARTESIAN_POINT ( 'NONE',  ( -139.8999999999999773, -6.299999999999999822, -135.9000000000000625 ) ) ;
#717 = ORIENTED_EDGE ( 'NONE', *, *, #1104, .F. ) ;
#718 = CARTESIAN_POINT ( 'NONE',  ( -116.1522701576892871, -4.599999999999999645, -91.56870545094447778 ) ) ;
#719 = CARTESIAN_POINT ( 'NONE',  ( -144.9000000000000057, -6.299999999999999822, -135.9000000000000625 ) ) ;
#720 = EDGE_CURVE ( 'NONE', #436, #420, #263, .T. ) ;
#721 = ORIENTED_EDGE ( 'NONE', *, *, #1064, .T. ) ;
#722 = ORIENTED_EDGE ( 'NONE', *, *, #1204, .T. ) ;
#723 = CARTESIAN_POINT ( 'NONE',  ( 134.9000000000000341, 0.000000000000000000, -135.9000000000000625 ) ) ;
#724 = CIRCLE ( 'NONE', #97, 14.99999999999998579 ) ;
#725 = DIRECTION ( 'NONE',  ( 0.000000000000000000, -1.000000000000000000, 0.000000000000000000 ) ) ;
#726 = DIRECTION ( 'NONE',  ( -0.000000000000000000, -1.000000000000000000, -0.000000000000000000 ) ) ;
#727 = EDGE_CURVE ( 'NONE', #365, #501, #11, .T. ) ;
#728 = FILL_AREA_STYLE_COLOUR ( '', #131 ) ;
#729 = ORIENTED_EDGE ( 'NONE', *, *, #45, .F. ) ;
#730 = CYLINDRICAL_SURFACE ( 'NONE', #710, 4.000000000000003553 ) ;
#731 = VECTOR ( 'NONE', #497, 1000.000000000000000 ) ;
#732 = DIRECTION ( 'NONE',  ( 0.000000000000000000, 0.000000000000000000, -1.000000000000000000 ) ) ;
#733 = VECTOR ( 'NONE', #1108, 1000.000000000000000 ) ;
#734 = ORIENTED_EDGE ( 'NONE', *, *, #748, .F. ) ;
#735 = EDGE_CURVE ( 'NONE', #220, #1393, #1248, .T. ) ;
#736 = ORIENTED_EDGE ( 'NONE', *, *, #1386, .T. ) ;
#737 = CARTESIAN_POINT ( 'NONE',  ( -92.97060640761097261, 0.000000000000000000, -128.6000000000000512 ) ) ;
#738 = DIRECTION ( 'NONE',  ( 1.000000000000000000, 0.000000000000000000, 0.000000000000000000 ) ) ;
#739 = DIRECTION ( 'NONE',  ( 0.000000000000000000, 0.000000000000000000, 1.000000000000000000 ) ) ;
#740 = DIRECTION ( 'NONE',  ( 0.000000000000000000, 0.000000000000000000, -1.000000000000000000 ) ) ;
#741 = CIRCLE ( 'NONE', #858, 5.000000000000004441 ) ;
#742 = FILL_AREA_STYLE ('',( #728 ) ) ;
#743 = ORIENTED_EDGE ( 'NONE', *, *, #657, .T. ) ;
#744 = CARTESIAN_POINT ( 'NONE',  ( 134.9000000000000341, -6.299999999999999822, -135.9000000000000625 ) ) ;
#745 = EDGE_CURVE ( 'NONE', #1387, #1177, #1268, .T. ) ;
#746 = DIRECTION ( 'NONE',  ( 1.000000000000000000, 0.000000000000000000, 0.000000000000000000 ) ) ;
#747 = AXIS2_PLACEMENT_3D ( 'NONE', #616, #1086, #94 ) ;
#748 = EDGE_CURVE ( 'NONE', #567, #270, #927, .T. ) ;
#749 = DIRECTION ( 'NONE',  ( -0.000000000000000000, 1.000000000000000000, -0.000000000000000000 ) ) ;
#750 = DIRECTION ( 'NONE',  ( 0.000000000000000000, 0.000000000000000000, -1.000000000000000000 ) ) ;
#751 = LINE ( 'NONE', #619, #453 ) ;
#752 = ORIENTED_EDGE ( 'NONE', *, *, #405, .T. ) ;
#753 = CARTESIAN_POINT ( 'NONE',  ( 144.9000000000000341, -6.299999999999999822, -144.9000000000000057 ) ) ;
#754 = CARTESIAN_POINT ( 'NONE',  ( -139.8999999999999773, 0.000000000000000000, -140.4000000000000341 ) ) ;
#755 = EDGE_CURVE ( 'NONE', #1275, #372, #378, .T. ) ;
#756 = FACE_OUTER_BOUND ( 'NONE', #188, .T. ) ;
#757 = ORIENTED_EDGE ( 'NONE', *, *, #90, .F. ) ;
#758 = DIRECTION ( 'NONE',  ( -0.000000000000000000, 1.000000000000000000, -0.000000000000000000 ) ) ;
#759 = EDGE_LOOP ( 'NONE', ( #1371, #715, #918, #1153 ) ) ;
#760 = DIRECTION ( 'NONE',  ( 0.000000000000000000, 0.000000000000000000, -1.000000000000000000 ) ) ;
#761 = CARTESIAN_POINT ( 'NONE',  ( -134.8999999999999488, 0.000000000000000000, -135.9000000000000625 ) ) ;
#762 = LINE ( 'NONE', #324, #1309 ) ;
#763 = AXIS2_PLACEMENT_3D ( 'NONE', #57, #33, #1283 ) ;
#764 = EDGE_CURVE ( 'NONE', #1393, #458, #564, .T. ) ;
#765 = DIRECTION ( 'NONE',  ( -0.000000000000000000, -1.000000000000000000, -0.000000000000000000 ) ) ;
#766 = AXIS2_PLACEMENT_3D ( 'NONE', #719, #608, #1050 ) ;
#767 = VERTEX_POINT ( 'NONE', #936 ) ;
#768 = CARTESIAN_POINT ( 'NONE',  ( 105.0000000000000000, -4.599999999999999645, -101.6000000000000512 ) ) ;
#769 = CARTESIAN_POINT ( 'NONE',  ( -139.8999999999999773, -6.299999999999999822, -135.9000000000000625 ) ) ;
#770 = LINE ( 'NONE', #205, #71 ) ;
#771 = DIRECTION ( 'NONE',  ( 0.000000000000000000, 0.000000000000000000, 1.000000000000000000 ) ) ;
#772 = ORIENTED_EDGE ( 'NONE', *, *, #668, .T. ) ;
#773 = EDGE_CURVE ( 'NONE', #1030, #175, #987, .T. ) ;
#774 = DIRECTION ( 'NONE',  ( 0.000000000000000000, -1.000000000000000000, 0.000000000000000000 ) ) ;
#775 = CIRCLE ( 'NONE', #517, 14.99999999999998579 ) ;
#776 = CARTESIAN_POINT ( 'NONE',  ( 151.0522701576893212, 0.000000000000000000, -130.3687054509444181 ) ) ;
#777 = PLANE ( 'NONE',  #1129 ) ;
#778 = AXIS2_PLACEMENT_3D ( 'NONE', #1394, #279, #1250 ) ;
#779 = DIRECTION ( 'NONE',  ( 0.000000000000000000, 0.000000000000000000, 1.000000000000000000 ) ) ;
#780 = VERTEX_POINT ( 'NONE', #1047 ) ;
#781 = VECTOR ( 'NONE', #522, 999.9999999999998863 ) ;
#782 = CARTESIAN_POINT ( 'NONE',  ( 136.5312460638446908, -4.599999999999999645, -114.2249881202518509 ) ) ;
#783 = EDGE_CURVE ( 'NONE', #420, #1302, #1391, .T. ) ;
#784 = ORIENTED_EDGE ( 'NONE', *, *, #1214, .F. ) ;
#785 = EDGE_LOOP ( 'NONE', ( #99, #1040, #853, #488, #1102 ) ) ;
#786 = MANIFOLD_SOLID_BREP ( 'Cut-Extrude2[1]', #38 ) ;
#787 = FACE_BOUND ( 'NONE', #1158, .T. ) ;
#788 = AXIS2_PLACEMENT_3D ( 'NONE', #768, #774, #1236 ) ;
#789 = VERTEX_POINT ( 'NONE', #1310 ) ;
#790 = EDGE_CURVE ( 'NONE', #941, #161, #711, .T. ) ;
#791 = DIRECTION ( 'NONE',  ( 0.000000000000000000, -1.000000000000000000, 0.000000000000000000 ) ) ;
#792 = VERTEX_POINT ( 'NONE', #1430 ) ;
#793 = ORIENTED_EDGE ( 'NONE', *, *, #764, .T. ) ;
#794 = DIRECTION ( 'NONE',  ( -0.000000000000000000, 1.000000000000000000, -0.000000000000000000 ) ) ;
#795 = ORIENTED_EDGE ( 'NONE', *, *, #1239, .T. ) ;
#796 = CARTESIAN_POINT ( 'NONE',  ( -133.5573073551275058, -4.599999999999999645, -120.9000000000000199 ) ) ;
#797 = EDGE_CURVE ( 'NONE', #1002, #620, #1100, .T. ) ;
#798 = ORIENTED_EDGE ( 'NONE', *, *, #891, .F. ) ;
#799 = ORIENTED_EDGE ( 'NONE', *, *, #558, .T. ) ;
#800 = DIRECTION ( 'NONE',  ( 0.000000000000000000, 0.000000000000000000, -1.000000000000000000 ) ) ;
#801 = CIRCLE ( 'NONE', #897, 14.99999999999998579 ) ;
#802 = EDGE_LOOP ( 'NONE', ( #699, #137, #528, #1008 ) ) ;
#803 = CARTESIAN_POINT ( 'NONE',  ( 139.9000000000000341, -6.299999999999999822, -135.9000000000000625 ) ) ;
#804 = DIRECTION ( 'NONE',  ( -6.608470384673548312E-17, 0.000000000000000000, -1.000000000000000000 ) ) ;
#805 = ORIENTED_EDGE ( 'NONE', *, *, #1000, .T. ) ;
#806 = EDGE_CURVE ( 'NONE', #535, #1361, #751, .T. ) ;
#807 = ORIENTED_EDGE ( 'NONE', *, *, #1027, .T. ) ;
#808 = DIRECTION ( 'NONE',  ( -0.000000000000000000, -0.000000000000000000, 1.000000000000000000 ) ) ;
#809 = CIRCLE ( 'NONE', #573, 5.000000000000031974 ) ;
#810 = ORIENTED_EDGE ( 'NONE', *, *, #245, .T. ) ;
#811 = DIRECTION ( 'NONE',  ( 0.000000000000000000, 1.000000000000000000, 0.000000000000000000 ) ) ;
#812 = DIRECTION ( 'NONE',  ( 0.000000000000000000, 0.000000000000000000, 1.000000000000000000 ) ) ;
#813 = VERTEX_POINT ( 'NONE', #1060 ) ;
#814 = CIRCLE ( 'NONE', #1137, 4.000000000000003553 ) ;
#815 = ADVANCED_FACE ( 'NONE', ( #1199 ), #60, .F. ) ;
#816 = VERTEX_POINT ( 'NONE', #1286 ) ;
#817 = CARTESIAN_POINT ( 'NONE',  ( 139.9000000000000341, 9.000000000000000000, -140.4000000000000341 ) ) ;
#818 = EDGE_CURVE ( 'NONE', #269, #1022, #1123, .T. ) ;
#819 = ORIENTED_EDGE ( 'NONE', *, *, #806, .T. ) ;
#820 = CARTESIAN_POINT ( 'NONE',  ( 101.1559210014429908, 0.000000000000000000, -119.8250000000000313 ) ) ;
#821 = CARTESIAN_POINT ( 'NONE',  ( 144.9000000000000341, 0.000000000000000000, -135.9000000000000625 ) ) ;
#822 = VECTOR ( 'NONE', #31, 1000.000000000000000 ) ;
#823 = VERTEX_POINT ( 'NONE', #1075 ) ;
#824 = ORIENTED_EDGE ( 'NONE', *, *, #1089, .F. ) ;
#825 = FACE_OUTER_BOUND ( 'NONE', #129, .T. ) ;
#826 = ORIENTED_EDGE ( 'NONE', *, *, #612, .T. ) ;
#827 = PLANE ( 'NONE',  #763 ) ;
#828 = EDGE_CURVE ( 'NONE', #652, #119, #180, .T. ) ;
#829 = CIRCLE ( 'NONE', #359, 3.500000000000003109 ) ;
#830 = DIRECTION ( 'NONE',  ( -0.000000000000000000, -1.000000000000000000, -0.000000000000000000 ) ) ;
#831 = LINE ( 'NONE', #276, #455 ) ;
#832 = EDGE_LOOP ( 'NONE', ( #1229, #885, #1235, #819 ) ) ;
#833 = CARTESIAN_POINT ( 'NONE',  ( 103.8843591993870206, -4.599999999999999645, -120.9000000000000199 ) ) ;
#834 =( LENGTH_UNIT ( ) NAMED_UNIT ( * ) SI_UNIT ( .MILLI., .METRE. ) );
#835 = AXIS2_PLACEMENT_3D ( 'NONE', #1269, #1389, #358 ) ;
#836 = CARTESIAN_POINT ( 'NONE',  ( -105.0000000000000000, 9.000000000000000000, -86.60000000000006537 ) ) ;
#837 = CARTESIAN_POINT ( 'NONE',  ( 103.8843591993870206, -4.599999999999999645, -120.9000000000000199 ) ) ;
#838 = VERTEX_POINT ( 'NONE', #277 ) ;
#839 = DIRECTION ( 'NONE',  ( -0.000000000000000000, 1.000000000000000000, -0.000000000000000000 ) ) ;
#840 = FACE_OUTER_BOUND ( 'NONE', #905, .T. ) ;
#841 = ORIENTED_EDGE ( 'NONE', *, *, #396, .F. ) ;
#842 = EDGE_CURVE ( 'NONE', #902, #1257, #1323, .T. ) ;
#843 = DIRECTION ( 'NONE',  ( -0.000000000000000000, 0.000000000000000000, 1.000000000000000000 ) ) ;
#844 = ORIENTED_EDGE ( 'NONE', *, *, #901, .F. ) ;
#845 = DIRECTION ( 'NONE',  ( -0.000000000000000000, 1.000000000000000000, -0.000000000000000000 ) ) ;
#846 = DIRECTION ( 'NONE',  ( 0.000000000000000000, -1.000000000000000000, 0.000000000000000000 ) ) ;
#847 = CIRCLE ( 'NONE', #591, 4.000000000000003553 ) ;
#848 = LINE ( 'NONE', #1298, #148 ) ;
#849 = CLOSED_SHELL ( 'NONE', ( #174, #713, #692, #1187, #190, #1231, #108, #379, #35, #1352, #545, #976, #1166, #815, #1144, #460, #334, #412, #852, #872, #1375, #424, #166 ) ) ;
#850 = ORIENTED_EDGE ( 'NONE', *, *, #475, .F. ) ;
#851 = DIRECTION ( 'NONE',  ( -0.000000000000000000, 1.000000000000000000, -0.000000000000000000 ) ) ;
#852 = ADVANCED_FACE ( 'NONE', ( #200 ), #284, .F. ) ;
#853 = ORIENTED_EDGE ( 'NONE', *, *, #1440, .F. ) ;
#854 = LINE ( 'NONE', #744, #919 ) ;
#855 = FILL_AREA_STYLE_COLOUR ( '', #141 ) ;
#856 = DIRECTION ( 'NONE',  ( 0.000000000000000000, 0.000000000000000000, 1.000000000000000000 ) ) ;
#857 = DIRECTION ( 'NONE',  ( 0.000000000000000000, 0.000000000000000000, -1.000000000000000000 ) ) ;
#858 = AXIS2_PLACEMENT_3D ( 'NONE', #445, #348, #19 ) ;
#859 = ORIENTED_EDGE ( 'NONE', *, *, #748, .T. ) ;
#860 =( NAMED_UNIT ( * ) SI_UNIT ( $, .STERADIAN. ) SOLID_ANGLE_UNIT ( ) );
#861 = ORIENTED_EDGE ( 'NONE', *, *, #622, .F. ) ;
#862 = CARTESIAN_POINT ( 'NONE',  ( -139.8999999999999773, 9.000000000000000000, -140.4000000000000341 ) ) ;
#863 = EDGE_CURVE ( 'NONE', #567, #360, #1292, .T. ) ;
#864 = PRESENTATION_STYLE_ASSIGNMENT (( #646 ) ) ;
#865 = CIRCLE ( 'NONE', #1382, 5.000000000000004441 ) ;
#866 = LINE ( 'NONE', #408, #74 ) ;
#867 = LINE ( 'NONE', #1093, #51 ) ;
#868 = ORIENTED_EDGE ( 'NONE', *, *, #898, .T. ) ;
#869 = DIRECTION ( 'NONE',  ( 0.000000000000000000, 0.000000000000000000, 1.000000000000000000 ) ) ;
#870 = ORIENTED_EDGE ( 'NONE', *, *, #116, .T. ) ;
#871 = DIRECTION ( 'NONE',  ( 0.000000000000000000, 0.000000000000000000, -1.000000000000000000 ) ) ;
#872 = ADVANCED_FACE ( 'NONE', ( #967 ), #516, .T. ) ;
#873 = DIRECTION ( 'NONE',  ( -0.000000000000000000, -1.000000000000000000, -0.000000000000000000 ) ) ;
#874 = DIRECTION ( 'NONE',  ( 0.000000000000000000, 0.000000000000000000, 1.000000000000000000 ) ) ;
#875 =( GEOMETRIC_REPRESENTATION_CONTEXT ( 3 ) GLOBAL_UNCERTAINTY_ASSIGNED_CONTEXT ( ( #1094 ) ) GLOBAL_UNIT_ASSIGNED_CONTEXT ( ( #947, #411, #860 ) ) REPRESENTATION_CONTEXT ( 'NONE', 'WORKASPACE' ) );
#876 = VERTEX_POINT ( 'NONE', #296 ) ;
#877 = DIRECTION ( 'NONE',  ( -0.000000000000000000, 1.000000000000000000, -0.000000000000000000 ) ) ;
#878 = ORIENTED_EDGE ( 'NONE', *, *, #612, .F. ) ;
#879 = DIRECTION ( 'NONE',  ( 0.6687529699370401426, 0.000000000000000000, -0.7434846771792867903 ) ) ;
#880 = CARTESIAN_POINT ( 'NONE',  ( 116.1522701576892871, 9.000000000000000000, -91.56870545094444935 ) ) ;
#881 = CARTESIAN_POINT ( 'NONE',  ( 128.7477298423107186, 0.000000000000000000, -150.4312945490556217 ) ) ;
#882 = AXIS2_PLACEMENT_3D ( 'NONE', #703, #607, #709 ) ;
#883 = EDGE_CURVE ( 'NONE', #458, #253, #429, .T. ) ;
#884 = DIRECTION ( 'NONE',  ( -0.000000000000000000, -1.000000000000000000, -0.000000000000000000 ) ) ;
#885 = ORIENTED_EDGE ( 'NONE', *, *, #992, .F. ) ;
#886 = CARTESIAN_POINT ( 'NONE',  ( 116.1522701576892871, 9.000000000000000000, -91.56870545094444935 ) ) ;
#887 = DIRECTION ( 'NONE',  ( -0.000000000000000000, 1.000000000000000000, -0.000000000000000000 ) ) ;
#888 = VECTOR ( 'NONE', #952, 1000.000000000000000 ) ;
#889 = DIRECTION ( 'NONE',  ( 0.6687529699370393654, 0.000000000000000000, 0.7434846771792875675 ) ) ;
#890 = LINE ( 'NONE', #1319, #1078 ) ;
#891 = EDGE_CURVE ( 'NONE', #1318, #501, #111, .T. ) ;
#892 = ORIENTED_EDGE ( 'NONE', *, *, #126, .F. ) ;
#893 = DIRECTION ( 'NONE',  ( -0.000000000000000000, 1.000000000000000000, -0.000000000000000000 ) ) ;
#894 = AXIS2_PLACEMENT_3D ( 'NONE', #1255, #464, #913 ) ;
#895 = CARTESIAN_POINT ( 'NONE',  ( 134.9000000000000341, -6.299999999999999822, -135.9000000000000625 ) ) ;
#896 = LINE ( 'NONE', #434, #202 ) ;
#897 = AXIS2_PLACEMENT_3D ( 'NONE', #312, #649, #869 ) ;
#898 = EDGE_CURVE ( 'NONE', #501, #813, #9, .T. ) ;
#899 = ORIENTED_EDGE ( 'NONE', *, *, #925, .T. ) ;
#900 = CARTESIAN_POINT ( 'NONE',  ( -92.97060640761097261, 9.000000000000000000, -116.6000000000000227 ) ) ;
#901 = EDGE_CURVE ( 'NONE', #767, #291, #896, .T. ) ;
#902 = VERTEX_POINT ( 'NONE', #449 ) ;
#903 = SURFACE_STYLE_USAGE ( .BOTH. , #115 ) ;
#904 = EDGE_LOOP ( 'NONE', ( #1110, #1021, #752, #410, #926 ) ) ;
#905 = EDGE_LOOP ( 'NONE', ( #62, #969, #353, #254 ) ) ;
#906 = DIRECTION ( 'NONE',  ( 0.000000000000000000, 1.000000000000000000, 0.000000000000000000 ) ) ;
#907 = CIRCLE ( 'NONE', #482, 14.99999999999998579 ) ;
#908 = EDGE_CURVE ( 'NONE', #104, #209, #219, .T. ) ;
#909 = LINE ( 'NONE', #140, #954 ) ;
#910 = ORIENTED_EDGE ( 'NONE', *, *, #405, .F. ) ;
#911 = AXIS2_PLACEMENT_3D ( 'NONE', #639, #749, #1307 ) ;
#912 = EDGE_LOOP ( 'NONE', ( #892, #37, #183, #1429, #150, #16, #1024, #989 ) ) ;
#913 = DIRECTION ( 'NONE',  ( 0.000000000000000000, 0.000000000000000000, 1.000000000000000000 ) ) ;
#914 = ORIENTED_EDGE ( 'NONE', *, *, #783, .F. ) ;
#915 = CARTESIAN_POINT ( 'NONE',  ( 101.8924225337623994, 0.000000000000000000, -120.5749643607555726 ) ) ;
#916 = LINE ( 'NONE', #481, #93 ) ;
#917 = EDGE_CURVE ( 'NONE', #356, #104, #801, .T. ) ;
#918 = ORIENTED_EDGE ( 'NONE', *, *, #275, .T. ) ;
#919 = VECTOR ( 'NONE', #760, 1000.000000000000000 ) ;
#920 = CARTESIAN_POINT ( 'NONE',  ( 136.5312460638446908, -4.599999999999999645, -114.2249881202518509 ) ) ;
#921 = EDGE_LOOP ( 'NONE', ( #471, #194, #1011, #684 ) ) ;
#922 = FACE_OUTER_BOUND ( 'NONE', #5, .T. ) ;
#923 = CARTESIAN_POINT ( 'NONE',  ( 103.8843591993870206, 0.000000000000000000, -116.9000000000000199 ) ) ;
#924 = ORIENTED_EDGE ( 'NONE', *, *, #70, .T. ) ;
#925 = EDGE_CURVE ( 'NONE', #620, #270, #890, .T. ) ;
#926 = ORIENTED_EDGE ( 'NONE', *, *, #1098, .T. ) ;
#927 = LINE ( 'NONE', #920, #585 ) ;
#928 = AXIS2_PLACEMENT_3D ( 'NONE', #923, #1164, #812 ) ;
#929 = ORIENTED_EDGE ( 'NONE', *, *, #1081, .T. ) ;
#930 = CARTESIAN_POINT ( 'NONE',  ( 116.1522701576892871, -4.599999999999999645, -91.56870545094444935 ) ) ;
#931 = AXIS2_PLACEMENT_3D ( 'NONE', #430, #893, #1111 ) ;
#932 = DIRECTION ( 'NONE',  ( -0.000000000000000000, 1.000000000000000000, -0.000000000000000000 ) ) ;
#933 = ORIENTED_EDGE ( 'NONE', *, *, #318, .F. ) ;
#934 = VECTOR ( 'NONE', #887, 1000.000000000000000 ) ;
#935 = EDGE_LOOP ( 'NONE', ( #350, #579, #689, #1208 ) ) ;
#936 = CARTESIAN_POINT ( 'NONE',  ( 101.1559210014429908, -4.599999999999999645, -119.8250000000000171 ) ) ;
#937 = EDGE_CURVE ( 'NONE', #767, #876, #181, .T. ) ;
#938 = VERTEX_POINT ( 'NONE', #656 ) ;
#939 = DIRECTION ( 'NONE',  ( 0.000000000000000000, -1.000000000000000000, 0.000000000000000000 ) ) ;
#940 = CARTESIAN_POINT ( 'NONE',  ( 139.9000000000000341, 9.000000000000000000, -155.4000000000000341 ) ) ;
#941 = VERTEX_POINT ( 'NONE', #1101 ) ;
#942 = CARTESIAN_POINT ( 'NONE',  ( 92.97060640761097261, 9.000000000000000000, -101.6000000000000369 ) ) ;
#943 = ORIENTED_EDGE ( 'NONE', *, *, #668, .F. ) ;
#944 = CARTESIAN_POINT ( 'NONE',  ( -139.8999999999999773, 0.000000000000000000, -140.4000000000000341 ) ) ;
#945 =( NAMED_UNIT ( * ) SI_UNIT ( $, .STERADIAN. ) SOLID_ANGLE_UNIT ( ) );
#946 = CARTESIAN_POINT ( 'NONE',  ( -116.1522701576892871, -4.599999999999999645, -91.56870545094447778 ) ) ;
#947 =( LENGTH_UNIT ( ) NAMED_UNIT ( * ) SI_UNIT ( .MILLI., .METRE. ) );
#948 = ORIENTED_EDGE ( 'NONE', *, *, #968, .T. ) ;
#949 = FACE_OUTER_BOUND ( 'NONE', #22, .T. ) ;
#950 = VECTOR ( 'NONE', #1143, 1000.000000000000000 ) ;
#951 = EDGE_CURVE ( 'NONE', #589, #977, #829, .T. ) ;
#952 = DIRECTION ( 'NONE',  ( -0.000000000000000000, -0.000000000000000000, 1.000000000000000000 ) ) ;
#953 = DIRECTION ( 'NONE',  ( -0.6687529699370398095, -0.000000000000000000, -0.7434846771792870124 ) ) ;
#954 = VECTOR ( 'NONE', #1155, 1000.000000000000000 ) ;
#955 = ORIENTED_EDGE ( 'NONE', *, *, #797, .F. ) ;
#956 = CARTESIAN_POINT ( 'NONE',  ( 101.8924225337623994, 9.000000000000000000, -120.5749643607555726 ) ) ;
#957 = DIRECTION ( 'NONE',  ( 0.000000000000000000, 0.000000000000000000, -1.000000000000000000 ) ) ;
#958 = EDGE_CURVE ( 'NONE', #1361, #941, #1219, .T. ) ;
#959 = FACE_BOUND ( 'NONE', #1363, .T. ) ;
#960 = DIRECTION ( 'NONE',  ( 0.000000000000000000, -1.000000000000000000, 0.000000000000000000 ) ) ;
#961 = ORIENTED_EDGE ( 'NONE', *, *, #783, .T. ) ;
#962 = DIRECTION ( 'NONE',  ( 0.7434846771792865683, -0.000000000000000000, 0.6687529699370405867 ) ) ;
#963 = VECTOR ( 'NONE', #407, 1000.000000000000000 ) ;
#964 = FACE_OUTER_BOUND ( 'NONE', #555, .T. ) ;
#965 = AXIS2_PLACEMENT_3D ( 'NONE', #1044, #726, #179 ) ;
#966 = EDGE_LOOP ( 'NONE', ( #1400, #690, #134, #369, #933, #56, #672, #943 ) ) ;
#967 = FACE_OUTER_BOUND ( 'NONE', #29, .T. ) ;
#968 = EDGE_CURVE ( 'NONE', #1022, #269, #1179, .T. ) ;
#969 = ORIENTED_EDGE ( 'NONE', *, *, #387, .F. ) ;
#970 = DIRECTION ( 'NONE',  ( 0.000000000000000000, 0.000000000000000000, -1.000000000000000000 ) ) ;
#971 = LINE ( 'NONE', #281, #979 ) ;
#972 = AXIS2_PLACEMENT_3D ( 'NONE', #638, #1425, #746 ) ;
#973 = LINE ( 'NONE', #531, #139 ) ;
#974 = AXIS2_PLACEMENT_3D ( 'NONE', #1178, #184, #568 ) ;
#975 = DIRECTION ( 'NONE',  ( 0.000000000000000000, 0.000000000000000000, -1.000000000000000000 ) ) ;
#976 = ADVANCED_FACE ( 'NONE', ( #982 ), #427, .T. ) ;
#977 = VERTEX_POINT ( 'NONE', #1342 ) ;
#978 = CARTESIAN_POINT ( 'NONE',  ( 92.97060640761097261, 9.000000000000000000, -116.6000000000000227 ) ) ;
#979 = VECTOR ( 'NONE', #980, 999.9999999999998863 ) ;
#980 = DIRECTION ( 'NONE',  ( -0.6687529699370405867, -0.000000000000000000, 0.7434846771792865683 ) ) ;
#981 = PLANE ( 'NONE',  #505 ) ;
#982 = FACE_OUTER_BOUND ( 'NONE', #921, .T. ) ;
#983 = ORIENTED_EDGE ( 'NONE', *, *, #136, .F. ) ;
#984 = CARTESIAN_POINT ( 'NONE',  ( -139.8999999999999773, 0.000000000000000000, -155.4000000000000057 ) ) ;
#985 = CARTESIAN_POINT ( 'NONE',  ( -105.0000000000000000, -4.599999999999999645, -101.6000000000000512 ) ) ;
#986 = DIRECTION ( 'NONE',  ( -0.000000000000000000, 1.000000000000000000, -0.000000000000000000 ) ) ;
#987 = CIRCLE ( 'NONE', #1151, 14.99999999999998579 ) ;
#988 = CARTESIAN_POINT ( 'NONE',  ( -144.9000000000000057, -6.299999999999999822, -135.9000000000000625 ) ) ;
#989 = ORIENTED_EDGE ( 'NONE', *, *, #387, .T. ) ;
#990 = LINE ( 'NONE', #1009, #1426 ) ;
#991 = FILL_AREA_STYLE_COLOUR ( '', #1311 ) ;
#992 = EDGE_CURVE ( 'NONE', #902, #941, #227, .T. ) ;
#993 = DIRECTION ( 'NONE',  ( -0.000000000000000000, 1.000000000000000000, -0.000000000000000000 ) ) ;
#994 = AXIS2_PLACEMENT_3D ( 'NONE', #366, #811, #357 ) ;
#995 = DIRECTION ( 'NONE',  ( 0.000000000000000000, 1.000000000000000000, 0.000000000000000000 ) ) ;
#996 = EDGE_LOOP ( 'NONE', ( #810, #399, #570, #826 ) ) ;
#997 = DIRECTION ( 'NONE',  ( 0.000000000000000000, 0.000000000000000000, -1.000000000000000000 ) ) ;
#998 = PLANE ( 'NONE',  #1069 ) ;
#999 = AXIS2_PLACEMENT_3D ( 'NONE', #669, #1217, #1005 ) ;
#1000 = EDGE_CURVE ( 'NONE', #1002, #278, #1445, .T. ) ;
#1001 = CARTESIAN_POINT ( 'NONE',  ( -144.9000000000000057, 0.000000000000000000, -135.9000000000000625 ) ) ;
#1002 = VERTEX_POINT ( 'NONE', #118 ) ;
#1003 = CARTESIAN_POINT ( 'NONE',  ( -92.97060640761097261, 9.000000000000000000, -128.6000000000000512 ) ) ;
#1004 = AXIS2_PLACEMENT_3D ( 'NONE', #1377, #494, #370 ) ;
#1005 = DIRECTION ( 'NONE',  ( -0.6687529699370394765, 0.000000000000000000, -0.7434846771792874565 ) ) ;
#1006 = VERTEX_POINT ( 'NONE', #333 ) ;
#1007 = AXIS2_PLACEMENT_3D ( 'NONE', #837, #843, #611 ) ;
#1008 = ORIENTED_EDGE ( 'NONE', *, *, #116, .F. ) ;
#1009 = CARTESIAN_POINT ( 'NONE',  ( -139.8999999999999773, 0.000000000000000000, -143.9000000000000341 ) ) ;
#1010 = EDGE_CURVE ( 'NONE', #125, #518, #1392, .T. ) ;
#1011 = ORIENTED_EDGE ( 'NONE', *, *, #301, .F. ) ;
#1012 = DIRECTION ( 'NONE',  ( 0.000000000000000000, -0.000000000000000000, 1.000000000000000000 ) ) ;
#1013 = EDGE_LOOP ( 'NONE', ( #1055, #465, #1128, #1350, #548, #132, #428, #237 ) ) ;
#1014 = EDGE_LOOP ( 'NONE', ( #805, #1193, #1161, #955 ) ) ;
#1015 = DIRECTION ( 'NONE',  ( 0.000000000000000000, -1.000000000000000000, 0.000000000000000000 ) ) ;
#1016 = VECTOR ( 'NONE', #738, 1000.000000000000000 ) ;
#1017 = EDGE_CURVE ( 'NONE', #356, #257, #663, .T. ) ;
#1018 = ORIENTED_EDGE ( 'NONE', *, *, #1440, .T. ) ;
#1019 = LINE ( 'NONE', #1154, #187 ) ;
#1020 = CARTESIAN_POINT ( 'NONE',  ( -134.8999999999999488, -6.299999999999999822, -144.9000000000000057 ) ) ;
#1021 = ORIENTED_EDGE ( 'NONE', *, *, #289, .T. ) ;
#1022 = VERTEX_POINT ( 'NONE', #559 ) ;
#1023 = CARTESIAN_POINT ( 'NONE',  ( -133.5573073551275058, -4.599999999999999645, -120.9000000000000199 ) ) ;
#1024 = ORIENTED_EDGE ( 'NONE', *, *, #917, .T. ) ;
#1025 = CARTESIAN_POINT ( 'NONE',  ( -134.8999999999999773, 0.000000000000000000, -144.9000000000000057 ) ) ;
#1026 = DIRECTION ( 'NONE',  ( -0.000000000000000000, -1.000000000000000000, -0.000000000000000000 ) ) ;
#1027 = EDGE_CURVE ( 'NONE', #360, #1170, #1427, .T. ) ;
#1028 = ORIENTED_EDGE ( 'NONE', *, *, #17, .F. ) ;
#1029 = VECTOR ( 'NONE', #1401, 1000.000000000000000 ) ;
#1030 = VERTEX_POINT ( 'NONE', #1066 ) ;
#1031 = FACE_OUTER_BOUND ( 'NONE', #1379, .T. ) ;
#1032 = AXIS2_PLACEMENT_3D ( 'NONE', #1390, #492, #65 ) ;
#1033 = ORIENTED_EDGE ( 'NONE', *, *, #898, .F. ) ;
#1034 = LINE ( 'NONE', #833, #1225 ) ;
#1035 = PLANE ( 'NONE',  #576 ) ;
#1036 = EDGE_CURVE ( 'NONE', #372, #652, #971, .T. ) ;
#1037 = ORIENTED_EDGE ( 'NONE', *, *, #1343, .T. ) ;
#1038 = EDGE_LOOP ( 'NONE', ( #721, #844, #1124, #1233, #717, #83 ) ) ;
#1039 = CARTESIAN_POINT ( 'NONE',  ( 139.9000000000000341, 0.000000000000000000, -135.9000000000000625 ) ) ;
#1040 = ORIENTED_EDGE ( 'NONE', *, *, #735, .F. ) ;
#1041 = CARTESIAN_POINT ( 'NONE',  ( 105.0000000000000853, -4.599999999999999645, -86.60000000000007958 ) ) ;
#1042 = DIRECTION ( 'NONE',  ( 0.000000000000000000, 1.000000000000000000, 0.000000000000000000 ) ) ;
#1043 = VECTOR ( 'NONE', #986, 1000.000000000000000 ) ;
#1044 = CARTESIAN_POINT ( 'NONE',  ( -139.8999999999999773, 9.000000000000000000, -140.4000000000000341 ) ) ;
#1045 = ADVANCED_FACE ( 'NONE', ( #964 ), #1058, .T. ) ;
#1046 = AXIS2_PLACEMENT_3D ( 'NONE', #539, #1435, #1419 ) ;
#1047 = CARTESIAN_POINT ( 'NONE',  ( -128.7477298423106333, 9.000000000000000000, -150.4312945490555933 ) ) ;
#1048 = VERTEX_POINT ( 'NONE', #178 ) ;
#1049 = CARTESIAN_POINT ( 'NONE',  ( -92.97060640761097261, -4.599999999999999645, -86.60000000000006537 ) ) ;
#1050 = DIRECTION ( 'NONE',  ( 0.000000000000000000, 0.000000000000000000, -1.000000000000000000 ) ) ;
#1051 = CARTESIAN_POINT ( 'NONE',  ( -139.8999999999999773, 9.000000000000000000, -155.4000000000000057 ) ) ;
#1052 = EDGE_CURVE ( 'NONE', #618, #780, #1072, .T. ) ;
#1053 = DIRECTION ( 'NONE',  ( 0.000000000000000000, 0.000000000000000000, -1.000000000000000000 ) ) ;
#1054 = EDGE_CURVE ( 'NONE', #253, #44, #866, .T. ) ;
#1055 = ORIENTED_EDGE ( 'NONE', *, *, #239, .T. ) ;
#1056 = DIRECTION ( 'NONE',  ( -0.000000000000000000, 1.000000000000000000, -0.000000000000000000 ) ) ;
#1057 = AXIS2_PLACEMENT_3D ( 'NONE', #1413, #851, #1300 ) ;
#1058 = CYLINDRICAL_SURFACE ( 'NONE', #349, 4.000000000000003553 ) ;
#1059 = ORIENTED_EDGE ( 'NONE', *, *, #206, .T. ) ;
#1060 = CARTESIAN_POINT ( 'NONE',  ( -144.9000000000000057, 0.000000000000000000, -144.9000000000000057 ) ) ;
#1061 = ORIENTED_EDGE ( 'NONE', *, *, #1278, .T. ) ;
#1062 = CYLINDRICAL_SURFACE ( 'NONE', #36, 3.500000000000003109 ) ;
#1063 = AXIS2_PLACEMENT_3D ( 'NONE', #147, #582, #26 ) ;
#1064 = EDGE_CURVE ( 'NONE', #119, #291, #541, .T. ) ;
#1065 = AXIS2_PLACEMENT_3D ( 'NONE', #252, #34, #1373 ) ;
#1066 = CARTESIAN_POINT ( 'NONE',  ( 139.9000000000000341, 0.000000000000000000, -155.4000000000000341 ) ) ;
#1067 = FACE_OUTER_BOUND ( 'NONE', #146, .T. ) ;
#1068 = DIRECTION ( 'NONE',  ( 0.000000000000000000, 0.000000000000000000, 1.000000000000000000 ) ) ;
#1069 = AXIS2_PLACEMENT_3D ( 'NONE', #109, #8, #1012 ) ;
#1070 = ORIENTED_EDGE ( 'NONE', *, *, #1265, .T. ) ;
#1071 = CARTESIAN_POINT ( 'NONE',  ( 103.8843591993870206, -4.599999999999999645, -116.9000000000000199 ) ) ;
#1072 = LINE ( 'NONE', #80, #1167 ) ;
#1073 = CARTESIAN_POINT ( 'NONE',  ( 101.8924225337623994, 0.000000000000000000, -120.5749643607555726 ) ) ;
#1074 = AXIS2_PLACEMENT_3D ( 'NONE', #478, #470, #800 ) ;
#1075 = CARTESIAN_POINT ( 'NONE',  ( 151.0522701576893212, 9.000000000000000000, -130.3687054509444181 ) ) ;
#1076 = ORIENTED_EDGE ( 'NONE', *, *, #484, .T. ) ;
#1077 = FACE_OUTER_BOUND ( 'NONE', #306, .T. ) ;
#1078 = VECTOR ( 'NONE', #765, 1000.000000000000000 ) ;
#1079 = DIRECTION ( 'NONE',  ( 0.000000000000000000, 0.000000000000000000, 1.000000000000000000 ) ) ;
#1080 = LINE ( 'NONE', #95, #435 ) ;
#1081 = EDGE_CURVE ( 'NONE', #1275, #1030, #848, .T. ) ;
#1082 = CARTESIAN_POINT ( 'NONE',  ( 139.9000000000000341, 0.000000000000000000, -135.9000000000000625 ) ) ;
#1083 = ORIENTED_EDGE ( 'NONE', *, *, #182, .T. ) ;
#1084 = CARTESIAN_POINT ( 'NONE',  ( 105.0000000000000853, 9.000000000000000000, -86.60000000000007958 ) ) ;
#1085 =( LENGTH_UNIT ( ) NAMED_UNIT ( * ) SI_UNIT ( .MILLI., .METRE. ) );
#1086 = DIRECTION ( 'NONE',  ( -0.000000000000000000, 1.000000000000000000, -0.000000000000000000 ) ) ;
#1087 = LINE ( 'NONE', #218, #1210 ) ;
#1088 = DIRECTION ( 'NONE',  ( 0.000000000000000000, 0.000000000000000000, 1.000000000000000000 ) ) ;
#1089 = EDGE_CURVE ( 'NONE', #1369, #816, #865, .T. ) ;
#1090 = ORIENTED_EDGE ( 'NONE', *, *, #1325, .T. ) ;
#1091 = PLANE ( 'NONE',  #1145 ) ;
#1092 =( LENGTH_UNIT ( ) NAMED_UNIT ( * ) SI_UNIT ( .MILLI., .METRE. ) );
#1093 = CARTESIAN_POINT ( 'NONE',  ( -92.97060640761097261, 0.000000000000000000, -86.60000000000005116 ) ) ;
#1094 = UNCERTAINTY_MEASURE_WITH_UNIT (LENGTH_MEASURE( 1.000000000000000082E-05 ), #947, 'distance_accuracy_value', 'NONE');
#1095 = DIRECTION ( 'NONE',  ( 0.000000000000000000, 0.000000000000000000, 1.000000000000000000 ) ) ;
#1096 = ORIENTED_EDGE ( 'NONE', *, *, #1301, .F. ) ;
#1097 = DIRECTION ( 'NONE',  ( 0.000000000000000000, 1.000000000000000000, 0.000000000000000000 ) ) ;
#1098 = EDGE_CURVE ( 'NONE', #477, #1369, #530, .T. ) ;
#1099 = DIRECTION ( 'NONE',  ( -0.000000000000000000, 1.000000000000000000, -0.000000000000000000 ) ) ;
#1100 = CIRCLE ( 'NONE', #243, 14.99999999999998579 ) ;
#1101 = CARTESIAN_POINT ( 'NONE',  ( -103.8843591993870348, 0.000000000000000000, -120.9000000000000199 ) ) ;
#1102 = ORIENTED_EDGE ( 'NONE', *, *, #883, .F. ) ;
#1103 = LINE ( 'NONE', #900, #538 ) ;
#1104 = EDGE_CURVE ( 'NONE', #652, #493, #1192, .T. ) ;
#1105 = CARTESIAN_POINT ( 'NONE',  ( -139.8999999999999773, -6.299999999999999822, -144.9000000000000057 ) ) ;
#1106 = DIRECTION ( 'NONE',  ( -1.000000000000000000, 0.000000000000000000, -0.000000000000000000 ) ) ;
#1107 = AXIS2_PLACEMENT_3D ( 'NONE', #267, #712, #171 ) ;
#1108 = DIRECTION ( 'NONE',  ( 1.000000000000000000, 0.000000000000000000, 0.000000000000000000 ) ) ;
#1109 = AXIS2_PLACEMENT_3D ( 'NONE', #329, #13, #1439 ) ;
#1110 = ORIENTED_EDGE ( 'NONE', *, *, #1089, .T. ) ;
#1111 = DIRECTION ( 'NONE',  ( 0.000000000000000000, 0.000000000000000000, -1.000000000000000000 ) ) ;
#1112 = CIRCLE ( 'NONE', #485, 14.99999999999998579 ) ;
#1113 = ORIENTED_EDGE ( 'NONE', *, *, #951, .T. ) ;
#1114 = AXIS2_PLACEMENT_3D ( 'NONE', #191, #1402, #395 ) ;
#1115 = ADVANCED_FACE ( 'NONE', ( #418 ), #1189, .T. ) ;
#1116 = EDGE_LOOP ( 'NONE', ( #228, #1263, #444, #795, #706 ) ) ;
#1117 = ORIENTED_EDGE ( 'NONE', *, *, #157, .F. ) ;
#1118 = PLANE ( 'NONE',  #1378 ) ;
#1119 = ORIENTED_EDGE ( 'NONE', *, *, #790, .F. ) ;
#1120 = CARTESIAN_POINT ( 'NONE',  ( -101.1559210014430192, -4.599999999999999645, -119.8250000000000171 ) ) ;
#1121 = ORIENTED_EDGE ( 'NONE', *, *, #27, .F. ) ;
#1122 = ADVANCED_FACE ( 'NONE', ( #840 ), #302, .F. ) ;
#1123 = CIRCLE ( 'NONE', #499, 3.500000000000003109 ) ;
#1124 = ORIENTED_EDGE ( 'NONE', *, *, #495, .F. ) ;
#1125 = CYLINDRICAL_SURFACE ( 'NONE', #635, 14.99999999999998579 ) ;
#1126 = ORIENTED_EDGE ( 'NONE', *, *, #452, .F. ) ;
#1127 = LINE ( 'NONE', #796, #1016 ) ;
#1128 = ORIENTED_EDGE ( 'NONE', *, *, #1256, .T. ) ;
#1129 = AXIS2_PLACEMENT_3D ( 'NONE', #670, #1106, #138 ) ;
#1130 = VERTEX_POINT ( 'NONE', #87 ) ;
#1131 = CARTESIAN_POINT ( 'NONE',  ( 139.9000000000000341, 9.000000000000000000, -140.4000000000000341 ) ) ;
#1132 = CIRCLE ( 'NONE', #928, 4.000000000000003553 ) ;
#1133 = EDGE_CURVE ( 'NONE', #1249, #535, #814, .T. ) ;
#1134 = ORIENTED_EDGE ( 'NONE', *, *, #720, .F. ) ;
#1135 = LINE ( 'NONE', #1049, #950 ) ;
#1136 = DIRECTION ( 'NONE',  ( 0.000000000000000000, 0.000000000000000000, -1.000000000000000000 ) ) ;
#1137 = AXIS2_PLACEMENT_3D ( 'NONE', #425, #725, #856 ) ;
#1138 = ORIENTED_EDGE ( 'NONE', *, *, #198, .F. ) ;
#1139 = ADVANCED_BREP_SHAPE_REPRESENTATION ( 'base_bottom_insert_simplified', ( #786, #1246, #972 ), #674 ) ;
#1140 = ORIENTED_EDGE ( 'NONE', *, *, #206, .F. ) ;
#1141 = DIRECTION ( 'NONE',  ( 0.000000000000000000, 0.000000000000000000, 1.000000000000000000 ) ) ;
#1142 = ORIENTED_EDGE ( 'NONE', *, *, #806, .F. ) ;
#1143 = DIRECTION ( 'NONE',  ( -1.000000000000000000, 0.000000000000000000, 0.000000000000000000 ) ) ;
#1144 = ADVANCED_FACE ( 'NONE', ( #204 ), #310, .T. ) ;
#1145 = AXIS2_PLACEMENT_3D ( 'NONE', #1023, #700, #588 ) ;
#1146 = DIRECTION ( 'NONE',  ( -0.000000000000000000, 1.000000000000000000, -0.000000000000000000 ) ) ;
#1147 = VERTEX_POINT ( 'NONE', #1290 ) ;
#1148 = AXIS2_PLACEMENT_3D ( 'NONE', #400, #839, #621 ) ;
#1149 = ORIENTED_EDGE ( 'NONE', *, *, #124, .T. ) ;
#1150 = LINE ( 'NONE', #271, #822 ) ;
#1151 = AXIS2_PLACEMENT_3D ( 'NONE', #1272, #168, #605 ) ;
#1152 = UNCERTAINTY_MEASURE_WITH_UNIT (LENGTH_MEASURE( 1.000000000000000082E-05 ), #1092, 'distance_accuracy_value', 'NONE');
#1153 = ORIENTED_EDGE ( 'NONE', *, *, #631, .F. ) ;
#1154 = CARTESIAN_POINT ( 'NONE',  ( 92.97060640761097261, 9.000000000000000000, -116.6000000000000369 ) ) ;
#1155 = DIRECTION ( 'NONE',  ( -0.000000000000000000, 1.000000000000000000, -0.000000000000000000 ) ) ;
#1156 = ADVANCED_FACE ( 'NONE', ( #1180 ), #1196, .F. ) ;
#1157 = LINE ( 'NONE', #507, #527 ) ;
#1158 = EDGE_LOOP ( 'NONE', ( #1360, #422 ) ) ;
#1159 = DIRECTION ( 'NONE',  ( 0.000000000000000000, 0.000000000000000000, -1.000000000000000000 ) ) ;
#1160 = CIRCLE ( 'NONE', #1304, 5.000000000000004441 ) ;
#1161 = ORIENTED_EDGE ( 'NONE', *, *, #925, .F. ) ;
#1162 = CARTESIAN_POINT ( 'NONE',  ( 139.9000000000000341, 0.000000000000000000, -143.9000000000000341 ) ) ;
#1163 = AXIS2_PLACEMENT_3D ( 'NONE', #1003, #1230, #681 ) ;
#1164 = DIRECTION ( 'NONE',  ( 0.000000000000000000, -1.000000000000000000, 0.000000000000000000 ) ) ;
#1165 = DIRECTION ( 'NONE',  ( 0.000000000000000000, 1.000000000000000000, 0.000000000000000000 ) ) ;
#1166 = ADVANCED_FACE ( 'NONE', ( #1203 ), #647, .T. ) ;
#1167 = VECTOR ( 'NONE', #1316, 1000.000000000000114 ) ;
#1168 = CARTESIAN_POINT ( 'NONE',  ( -103.8843591993870348, -4.599999999999999645, -116.9000000000000199 ) ) ;
#1169 = UNCERTAINTY_MEASURE_WITH_UNIT (LENGTH_MEASURE( 1.000000000000000082E-05 ), #1085, 'distance_accuracy_value', 'NONE');
#1170 = VERTEX_POINT ( 'NONE', #776 ) ;
#1171 = LINE ( 'NONE', #915, #367 ) ;
#1172 = DIRECTION ( 'NONE',  ( 0.000000000000000000, 0.000000000000000000, 1.000000000000000000 ) ) ;
#1173 = LINE ( 'NONE', #388, #1417 ) ;
#1174 = VERTEX_POINT ( 'NONE', #1232 ) ;
#1175 = SURFACE_STYLE_USAGE ( .BOTH. , #1421 ) ;
#1176 = ADVANCED_FACE ( 'NONE', ( #1347 ), #431, .F. ) ;
#1177 = VERTEX_POINT ( 'NONE', #323 ) ;
#1178 = CARTESIAN_POINT ( 'NONE',  ( -92.97060640761097261, 0.000000000000000000, -101.6000000000000369 ) ) ;
#1179 = CIRCLE ( 'NONE', #1202, 3.500000000000003109 ) ;
#1180 = FACE_OUTER_BOUND ( 'NONE', #1242, .T. ) ;
#1181 = CARTESIAN_POINT ( 'NONE',  ( -101.8924225337624137, 9.000000000000000000, -120.5749643607555726 ) ) ;
#1182 = SURFACE_STYLE_FILL_AREA ( #742 ) ;
#1183 = EDGE_CURVE ( 'NONE', #606, #1318, #698, .T. ) ;
#1184 = ORIENTED_EDGE ( 'NONE', *, *, #1010, .F. ) ;
#1185 = DIRECTION ( 'NONE',  ( 0.6687529699370405867, 0.000000000000000000, -0.7434846771792865683 ) ) ;
#1186 = AXIS2_PLACEMENT_3D ( 'NONE', #803, #50, #155 ) ;
#1187 = ADVANCED_FACE ( 'NONE', ( #1211, #1224 ), #998, .F. ) ;
#1188 = VECTOR ( 'NONE', #341, 1000.000000000000000 ) ;
#1189 = PLANE ( 'NONE',  #1114 ) ;
#1190 = FACE_OUTER_BOUND ( 'NONE', #595, .T. ) ;
#1191 = DIRECTION ( 'NONE',  ( 1.000000000000000000, 0.000000000000000000, 0.000000000000000000 ) ) ;
#1192 = CIRCLE ( 'NONE', #259, 11.99999999999999645 ) ;
#1193 = ORIENTED_EDGE ( 'NONE', *, *, #593, .F. ) ;
#1194 = CARTESIAN_POINT ( 'NONE',  ( -144.9000000000000057, -6.299999999999999822, -135.9000000000000625 ) ) ;
#1195 = ADVANCED_FACE ( 'NONE', ( #217 ), #21, .T. ) ;
#1196 = CYLINDRICAL_SURFACE ( 'NONE', #490, 3.500000000000003109 ) ;
#1197 = DIRECTION ( 'NONE',  ( -1.000000000000000000, 0.000000000000000000, 2.307312949938691976E-15 ) ) ;
#1198 = AXIS2_PLACEMENT_3D ( 'NONE', #817, #364, #384 ) ;
#1199 = FACE_OUTER_BOUND ( 'NONE', #1356, .T. ) ;
#1200 = ORIENTED_EDGE ( 'NONE', *, *, #593, .T. ) ;
#1201 = CARTESIAN_POINT ( 'NONE',  ( -92.97060640761097261, -4.599999999999999645, -86.60000000000006537 ) ) ;
#1202 = AXIS2_PLACEMENT_3D ( 'NONE', #1437, #214, #779 ) ;
#1203 = FACE_OUTER_BOUND ( 'NONE', #613, .T. ) ;
#1204 = EDGE_CURVE ( 'NONE', #285, #1302, #316, .T. ) ;
#1205 = CYLINDRICAL_SURFACE ( 'NONE', #1336, 3.500000000000003109 ) ;
#1206 = PRODUCT_DEFINITION_CONTEXT ( 'detailed design', #362, 'design' ) ;
#1207 = CARTESIAN_POINT ( 'NONE',  ( 103.8843591993870206, -4.599999999999999645, -116.9000000000000199 ) ) ;
#1208 = ORIENTED_EDGE ( 'NONE', *, *, #475, .T. ) ;
#1209 = CARTESIAN_POINT ( 'NONE',  ( 144.9000000000000341, -6.299999999999999822, -135.9000000000000625 ) ) ;
#1210 = VECTOR ( 'NONE', #889, 999.9999999999998863 ) ;
#1211 = FACE_BOUND ( 'NONE', #785, .T. ) ;
#1212 = CARTESIAN_POINT ( 'NONE',  ( -92.97060640761097261, -4.599999999999999645, -101.6000000000000369 ) ) ;
#1213 = DIRECTION ( 'NONE',  ( 0.000000000000000000, -1.000000000000000000, 0.000000000000000000 ) ) ;
#1214 = EDGE_CURVE ( 'NONE', #1174, #253, #344, .T. ) ;
#1215 = ORIENTED_EDGE ( 'NONE', *, *, #1284, .F. ) ;
#1216 = CARTESIAN_POINT ( 'NONE',  ( -144.9000000000000057, -6.299999999999999822, -144.9000000000000057 ) ) ;
#1217 = DIRECTION ( 'NONE',  ( 0.7434846771792874565, 0.000000000000000000, -0.6687529699370394765 ) ) ;
#1218 = CARTESIAN_POINT ( 'NONE',  ( 105.0000000000000000, 9.000000000000000000, -101.6000000000000512 ) ) ;
#1219 = LINE ( 'NONE', #96, #733 ) ;
#1220 = AXIS2_PLACEMENT_3D ( 'NONE', #716, #691, #54 ) ;
#1221 = EDGE_CURVE ( 'NONE', #938, #1266, #101, .T. ) ;
#1222 = ORIENTED_EDGE ( 'NONE', *, *, #1017, .F. ) ;
#1223 = CARTESIAN_POINT ( 'NONE',  ( -139.8999999999999773, -6.299999999999999822, -130.9000000000000057 ) ) ;
#1224 = FACE_OUTER_BOUND ( 'NONE', #966, .T. ) ;
#1225 = VECTOR ( 'NONE', #1380, 1000.000000000000000 ) ;
#1226 = CYLINDRICAL_SURFACE ( 'NONE', #1397, 14.99999999999998579 ) ;
#1227 = AXIS2_PLACEMENT_3D ( 'NONE', #1411, #1285, #402 ) ;
#1228 = DIRECTION ( 'NONE',  ( -0.000000000000000000, -1.000000000000000000, -0.000000000000000000 ) ) ;
#1229 = ORIENTED_EDGE ( 'NONE', *, *, #958, .T. ) ;
#1230 = DIRECTION ( 'NONE',  ( -0.000000000000000000, -1.000000000000000000, -0.000000000000000000 ) ) ;
#1231 = ADVANCED_FACE ( 'NONE', ( #1331 ), #552, .F. ) ;
#1232 = CARTESIAN_POINT ( 'NONE',  ( 134.9000000000000341, -6.299999999999999822, -135.9000000000000625 ) ) ;
#1233 = ORIENTED_EDGE ( 'NONE', *, *, #283, .F. ) ;
#1234 = CIRCLE ( 'NONE', #788, 14.99999999999998579 ) ;
#1235 = ORIENTED_EDGE ( 'NONE', *, *, #1434, .F. ) ;
#1236 = DIRECTION ( 'NONE',  ( 0.000000000000000000, 0.000000000000000000, -1.000000000000000000 ) ) ;
#1237 = VECTOR ( 'NONE', #633, 1000.000000000000000 ) ;
#1238 = MECHANICAL_DESIGN_GEOMETRIC_PRESENTATION_REPRESENTATION (  '', ( #679 ), #1431 ) ;
#1239 = EDGE_CURVE ( 'NONE', #543, #436, #236, .T. ) ;
#1240 = ORIENTED_EDGE ( 'NONE', *, *, #818, .F. ) ;
#1241 = FACE_OUTER_BOUND ( 'NONE', #996, .T. ) ;
#1242 = EDGE_LOOP ( 'NONE', ( #448, #30, #1404, #627 ) ) ;
#1243 = CARTESIAN_POINT ( 'NONE',  ( 92.97060640761097261, 9.000000000000000000, -86.60000000000005116 ) ) ;
#1244 = ORIENTED_EDGE ( 'NONE', *, *, #908, .F. ) ;
#1245 = VECTOR ( 'NONE', #208, 1000.000000000000000 ) ;
#1246 = MANIFOLD_SOLID_BREP ( 'Cut-Extrude2[2]', #849 ) ;
#1247 = ORIENTED_EDGE ( 'NONE', *, *, #1301, .T. ) ;
#1248 = LINE ( 'NONE', #572, #447 ) ;
#1249 = VERTEX_POINT ( 'NONE', #238 ) ;
#1250 = DIRECTION ( 'NONE',  ( 0.000000000000000000, 0.000000000000000000, 1.000000000000000000 ) ) ;
#1251 = DIRECTION ( 'NONE',  ( 0.000000000000000000, 0.000000000000000000, -1.000000000000000000 ) ) ;
#1252 = ORIENTED_EDGE ( 'NONE', *, *, #1444, .T. ) ;
#1253 = AXIS2_PLACEMENT_3D ( 'NONE', #1212, #409, #857 ) ;
#1254 = ORIENTED_EDGE ( 'NONE', *, *, #863, .F. ) ;
#1255 = CARTESIAN_POINT ( 'NONE',  ( -139.8999999999999773, -6.299999999999999822, -144.9000000000000057 ) ) ;
#1256 = EDGE_CURVE ( 'NONE', #209, #257, #724, .T. ) ;
#1257 = VERTEX_POINT ( 'NONE', #1120 ) ;
#1258 = FACE_OUTER_BOUND ( 'NONE', #904, .T. ) ;
#1259 = AXIS2_PLACEMENT_3D ( 'NONE', #1424, #423, #871 ) ;
#1260 = CARTESIAN_POINT ( 'NONE',  ( -139.8999999999999773, 9.000000000000000000, -136.9000000000000341 ) ) ;
#1261 = VECTOR ( 'NONE', #14, 1000.000000000000000 ) ;
#1262 = ORIENTED_EDGE ( 'NONE', *, *, #755, .F. ) ;
#1263 = ORIENTED_EDGE ( 'NONE', *, *, #1183, .T. ) ;
#1264 = DIRECTION ( 'NONE',  ( -0.000000000000000000, -1.000000000000000000, -0.000000000000000000 ) ) ;
#1265 = EDGE_CURVE ( 'NONE', #1257, #161, #130, .T. ) ;
#1266 = VERTEX_POINT ( 'NONE', #1243 ) ;
#1267 = DIRECTION ( 'NONE',  ( -0.000000000000000000, -1.000000000000000000, -0.000000000000000000 ) ) ;
#1268 = CIRCLE ( 'NONE', #1004, 3.500000000000003109 ) ;
#1269 = CARTESIAN_POINT ( 'NONE',  ( -139.8999999999999773, -6.299999999999999822, -135.9000000000000625 ) ) ;
#1270 = FACE_OUTER_BOUND ( 'NONE', #328, .T. ) ;
#1271 = EDGE_LOOP ( 'NONE', ( #1200, #1083, #1320, #244, #463, #510, #561, #859 ) ) ;
#1272 = CARTESIAN_POINT ( 'NONE',  ( 139.9000000000000341, 0.000000000000000000, -140.4000000000000341 ) ) ;
#1273 = VECTOR ( 'NONE', #542, 1000.000000000000000 ) ;
#1274 = AXIS2_PLACEMENT_3D ( 'NONE', #714, #1165, #288 ) ;
#1275 = VERTEX_POINT ( 'NONE', #940 ) ;
#1276 = DIRECTION ( 'NONE',  ( 0.000000000000000000, 0.000000000000000000, -1.000000000000000000 ) ) ;
#1277 = FACE_OUTER_BOUND ( 'NONE', #25, .T. ) ;
#1278 = EDGE_CURVE ( 'NONE', #587, #1387, #909, .T. ) ;
#1279 = PLANE ( 'NONE',  #1274 ) ;
#1280 = DIRECTION ( 'NONE',  ( 0.000000000000000000, 0.000000000000000000, 1.000000000000000000 ) ) ;
#1281 = VECTOR ( 'NONE', #830, 1000.000000000000000 ) ;
#1282 = ORIENTED_EDGE ( 'NONE', *, *, #1256, .F. ) ;
#1283 = DIRECTION ( 'NONE',  ( 0.6687529699370398095, 0.000000000000000000, 0.7434846771792871234 ) ) ;
#1284 = EDGE_CURVE ( 'NONE', #1130, #618, #326, .T. ) ;
#1285 = DIRECTION ( 'NONE',  ( 0.000000000000000000, 1.000000000000000000, 0.000000000000000000 ) ) ;
#1286 = CARTESIAN_POINT ( 'NONE',  ( 139.9000000000000341, -6.299999999999999822, -130.9000000000000341 ) ) ;
#1287 = EDGE_LOOP ( 'NONE', ( #598, #1117, #20, #861 ) ) ;
#1288 = DIRECTION ( 'NONE',  ( -0.000000000000000000, -1.000000000000000000, 0.000000000000000000 ) ) ;
#1289 = APPLICATION_CONTEXT ( 'automotive_design' ) ;
#1290 = CARTESIAN_POINT ( 'NONE',  ( -136.5312460638446339, 0.000000000000000000, -114.2249881202518651 ) ) ;
#1291 = LINE ( 'NONE', #1181, #160 ) ;
#1292 = LINE ( 'NONE', #634, #268 ) ;
#1293 = CIRCLE ( 'NONE', #1259, 12.00000000000001066 ) ;
#1294 = EDGE_LOOP ( 'NONE', ( #313, #1138, #201, #1184, #729, #563, #1119, #335 ) ) ;
#1295 = CYLINDRICAL_SURFACE ( 'NONE', #158, 14.99999999999998579 ) ;
#1296 = CIRCLE ( 'NONE', #1227, 3.500000000000003109 ) ;
#1297 = VECTOR ( 'NONE', #1228, 1000.000000000000000 ) ;
#1298 = CARTESIAN_POINT ( 'NONE',  ( 139.9000000000000341, 9.000000000000000000, -155.4000000000000057 ) ) ;
#1299 = DIRECTION ( 'NONE',  ( -0.6687529699370393654, 0.000000000000000000, -0.7434846771792875675 ) ) ;
#1300 = DIRECTION ( 'NONE',  ( 0.000000000000000000, 0.000000000000000000, 1.000000000000000000 ) ) ;
#1301 = EDGE_CURVE ( 'NONE', #1302, #365, #1339, .T. ) ;
#1302 = VERTEX_POINT ( 'NONE', #149 ) ;
#1303 = DIRECTION ( 'NONE',  ( 0.000000000000000000, 0.000000000000000000, -1.000000000000000000 ) ) ;
#1304 = AXIS2_PLACEMENT_3D ( 'NONE', #1305, #846, #177 ) ;
#1305 = CARTESIAN_POINT ( 'NONE',  ( 139.9000000000000341, 0.000000000000000000, -144.9000000000000057 ) ) ;
#1306 = AXIS2_PLACEMENT_3D ( 'NONE', #1338, #120, #229 ) ;
#1307 = DIRECTION ( 'NONE',  ( 0.000000000000000000, 0.000000000000000000, 1.000000000000000000 ) ) ;
#1308 = CARTESIAN_POINT ( 'NONE',  ( -139.8999999999999773, 0.000000000000000000, -144.9000000000000057 ) ) ;
#1309 = VECTOR ( 'NONE', #641, 1000.000000000000000 ) ;
#1310 = CARTESIAN_POINT ( 'NONE',  ( 92.97060640761097261, -4.599999999999999645, -116.6000000000000369 ) ) ;
#1311 = COLOUR_RGB ( '',0.4980392156862745168, 0.4980392156862745168, 0.4980392156862745168 ) ;
#1312 = ORIENTED_EDGE ( 'NONE', *, *, #352, .F. ) ;
#1313 = CARTESIAN_POINT ( 'NONE',  ( 139.9000000000000341, 0.000000000000000000, -140.4000000000000341 ) ) ;
#1314 = EDGE_CURVE ( 'NONE', #76, #1006, #907, .T. ) ;
#1315 = APPLICATION_PROTOCOL_DEFINITION ( 'draft international standard', 'automotive_design', 1998, #362 ) ;
#1316 = DIRECTION ( 'NONE',  ( -0.6687529699370398095, -0.000000000000000000, -0.7434846771792870124 ) ) ;
#1317 = DIRECTION ( 'NONE',  ( -0.000000000000000000, 1.000000000000000000, -0.000000000000000000 ) ) ;
#1318 = VERTEX_POINT ( 'NONE', #242 ) ;
#1319 = CARTESIAN_POINT ( 'NONE',  ( 116.1522701576892871, 9.000000000000000000, -91.56870545094444935 ) ) ;
#1320 = ORIENTED_EDGE ( 'NONE', *, *, #301, .T. ) ;
#1321 = CARTESIAN_POINT ( 'NONE',  ( -144.9000000000000341, 0.000000000000000000, -135.9000000000000625 ) ) ;
#1322 = PRODUCT_DEFINITION ( 'General', '', #1355, #1206 ) ;
#1323 = CIRCLE ( 'NONE', #686, 4.000000000000003553 ) ;
#1324 = CARTESIAN_POINT ( 'NONE',  ( -139.8999999999999773, -6.299999999999999822, -135.9000000000000625 ) ) ;
#1325 = EDGE_CURVE ( 'NONE', #372, #175, #916, .T. ) ;
#1326 = CARTESIAN_POINT ( 'NONE',  ( -92.97060640761097261, 9.000000000000000000, -101.6000000000000369 ) ) ;
#1327 = CARTESIAN_POINT ( 'NONE',  ( -139.8999999999999773, 0.000000000000000000, -140.4000000000000341 ) ) ;
#1328 = ORIENTED_EDGE ( 'NONE', *, *, #536, .F. ) ;
#1329 = CARTESIAN_POINT ( 'NONE',  ( 139.9000000000000341, 9.000000000000000000, -136.9000000000000341 ) ) ;
#1330 = CIRCLE ( 'NONE', #623, 5.000000000000004441 ) ;
#1331 = FACE_OUTER_BOUND ( 'NONE', #49, .T. ) ;
#1332 = DIRECTION ( 'NONE',  ( -0.000000000000000000, -1.000000000000000000, -0.000000000000000000 ) ) ;
#1333 = ADVANCED_FACE ( 'NONE', ( #52 ), #491, .T. ) ;
#1334 = ORIENTED_EDGE ( 'NONE', *, *, #1412, .F. ) ;
#1335 = CARTESIAN_POINT ( 'NONE',  ( -103.8843591993870348, -4.599999999999999645, -120.9000000000000199 ) ) ;
#1336 = AXIS2_PLACEMENT_3D ( 'NONE', #553, #993, #874 ) ;
#1337 = ORIENTED_EDGE ( 'NONE', *, *, #818, .T. ) ;
#1338 = CARTESIAN_POINT ( 'NONE',  ( 92.97060640761097261, 9.000000000000000000, -128.6000000000000512 ) ) ;
#1339 = CIRCLE ( 'NONE', #342, 5.000000000000031974 ) ;
#1340 = FILL_AREA_STYLE ('',( #991 ) ) ;
#1341 = CARTESIAN_POINT ( 'NONE',  ( 144.9000000000000341, 0.000000000000000000, -144.9000000000000057 ) ) ;
#1342 = CARTESIAN_POINT ( 'NONE',  ( 139.9000000000000341, 9.000000000000000000, -143.9000000000000341 ) ) ;
#1343 = EDGE_CURVE ( 'NONE', #436, #285, #473, .T. ) ;
#1344 = AXIS2_PLACEMENT_3D ( 'NONE', #144, #152, #580 ) ;
#1345 = ORIENTED_EDGE ( 'NONE', *, *, #842, .F. ) ;
#1346 = LINE ( 'NONE', #100, #300 ) ;
#1347 = FACE_OUTER_BOUND ( 'NONE', #1383, .T. ) ;
#1348 = AXIS2_PLACEMENT_3D ( 'NONE', #956, #962, #1185 ) ;
#1349 = MECHANICAL_DESIGN_GEOMETRIC_PRESENTATION_REPRESENTATION (  '', ( #525 ), #875 ) ;
#1350 = ORIENTED_EDGE ( 'NONE', *, *, #90, .T. ) ;
#1351 = LINE ( 'NONE', #459, #1188 ) ;
#1352 = ADVANCED_FACE ( 'NONE', ( #28 ), #1035, .F. ) ;
#1353 = ORIENTED_EDGE ( 'NONE', *, *, #441, .F. ) ;
#1354 = DIRECTION ( 'NONE',  ( 0.000000000000000000, 0.000000000000000000, -1.000000000000000000 ) ) ;
#1355 = PRODUCT_DEFINITION_FORMATION_WITH_SPECIFIED_SOURCE ( 'Symmetric', '', #1408, .NOT_KNOWN. ) ;
#1356 = EDGE_LOOP ( 'NONE', ( #163, #1140, #910, #413 ) ) ;
#1357 = CYLINDRICAL_SURFACE ( 'NONE', #1163, 12.00000000000001066 ) ;
#1358 = LINE ( 'NONE', #382, #1281 ) ;
#1359 = AXIS2_PLACEMENT_3D ( 'NONE', #1410, #64, #401 ) ;
#1360 = ORIENTED_EDGE ( 'NONE', *, *, #745, .F. ) ;
#1361 = VERTEX_POINT ( 'NONE', #600 ) ;
#1362 = FACE_OUTER_BOUND ( 'NONE', #462, .T. ) ;
#1363 = EDGE_LOOP ( 'NONE', ( #457, #295 ) ) ;
#1364 = CARTESIAN_POINT ( 'NONE',  ( -139.8999999999999773, 0.000000000000000000, -130.9000000000000057 ) ) ;
#1365 = DIRECTION ( 'NONE',  ( -1.000000000000000000, 0.000000000000000000, 6.608470384673548312E-17 ) ) ;
#1366 = ADVANCED_FACE ( 'NONE', ( #43 ), #584, .T. ) ;
#1367 = ORIENTED_EDGE ( 'NONE', *, *, #1104, .T. ) ;
#1368 = VECTOR ( 'NONE', #877, 1000.000000000000000 ) ;
#1369 = VERTEX_POINT ( 'NONE', #1381 ) ;
#1370 = DIRECTION ( 'NONE',  ( -0.6687529699370403646, 0.000000000000000000, 0.7434846771792864573 ) ) ;
#1371 = ORIENTED_EDGE ( 'NONE', *, *, #968, .F. ) ;
#1372 = PLANE ( 'NONE',  #882 ) ;
#1373 = DIRECTION ( 'NONE',  ( 0.000000000000000000, -0.000000000000000000, -1.000000000000000000 ) ) ;
#1374 = EDGE_LOOP ( 'NONE', ( #772, #1398, #983, #636 ) ) ;
#1375 = ADVANCED_FACE ( 'NONE', ( #58 ), #374, .T. ) ;
#1376 = ORIENTED_EDGE ( 'NONE', *, *, #198, .T. ) ;
#1377 = CARTESIAN_POINT ( 'NONE',  ( -139.8999999999999773, 9.000000000000000000, -140.4000000000000341 ) ) ;
#1378 = AXIS2_PLACEMENT_3D ( 'NONE', #128, #906, #210 ) ;
#1379 = EDGE_LOOP ( 'NONE', ( #1262, #929, #12, #375 ) ) ;
#1380 = DIRECTION ( 'NONE',  ( -0.000000000000000000, 1.000000000000000000, -0.000000000000000000 ) ) ;
#1381 = CARTESIAN_POINT ( 'NONE',  ( 144.9000000000000341, -6.299999999999999822, -135.9000000000000625 ) ) ;
#1382 = AXIS2_PLACEMENT_3D ( 'NONE', #506, #287, #732 ) ;
#1383 = EDGE_LOOP ( 'NONE', ( #1376, #340, #757, #1222, #1028, #870 ) ) ;
#1384 = ORIENTED_EDGE ( 'NONE', *, *, #327, .T. ) ;
#1385 = CARTESIAN_POINT ( 'NONE',  ( -133.5573073551275058, 0.000000000000000000, -116.9000000000000199 ) ) ;
#1386 = EDGE_CURVE ( 'NONE', #291, #1048, #1132, .T. ) ;
#1387 = VERTEX_POINT ( 'NONE', #1260 ) ;
#1388 = DIRECTION ( 'NONE',  ( 0.000000000000000000, 0.000000000000000000, -1.000000000000000000 ) ) ;
#1389 = DIRECTION ( 'NONE',  ( 0.000000000000000000, -1.000000000000000000, 0.000000000000000000 ) ) ;
#1390 = CARTESIAN_POINT ( 'NONE',  ( -139.8999999999999773, -6.299999999999999822, -135.9000000000000625 ) ) ;
#1391 = LINE ( 'NONE', #240, #61 ) ;
#1392 = CIRCLE ( 'NONE', #474, 14.99999999999998579 ) ;
#1393 = VERTEX_POINT ( 'NONE', #821 ) ;
#1394 = CARTESIAN_POINT ( 'NONE',  ( -139.8999999999999773, 9.000000000000000000, -140.4000000000000341 ) ) ;
#1395 = EDGE_CURVE ( 'NONE', #587, #142, #297, .T. ) ;
#1396 = DIRECTION ( 'NONE',  ( -0.000000000000000000, 1.000000000000000000, -0.000000000000000000 ) ) ;
#1397 = AXIS2_PLACEMENT_3D ( 'NONE', #1218, #1332, #317 ) ;
#1398 = ORIENTED_EDGE ( 'NONE', *, *, #230, .F. ) ;
#1399 = CARTESIAN_POINT ( 'NONE',  ( 134.9000000000000341, -6.299999999999999822, -135.9000000000000625 ) ) ;
#1400 = ORIENTED_EDGE ( 'NONE', *, *, #1386, .F. ) ;
#1401 = DIRECTION ( 'NONE',  ( 0.000000000000000000, 0.000000000000000000, -1.000000000000000000 ) ) ;
#1402 = DIRECTION ( 'NONE',  ( 0.000000000000000000, -1.000000000000000000, 0.000000000000000000 ) ) ;
#1403 = LINE ( 'NONE', #946, #594 ) ;
#1404 = ORIENTED_EDGE ( 'NONE', *, *, #583, .T. ) ;
#1405 = DIRECTION ( 'NONE',  ( 0.000000000000000000, -1.000000000000000000, 0.000000000000000000 ) ) ;
#1406 = ORIENTED_EDGE ( 'NONE', *, *, #145, .T. ) ;
#1407 = DIRECTION ( 'NONE',  ( 0.000000000000000000, 0.000000000000000000, -1.000000000000000000 ) ) ;
#1408 = PRODUCT ( 'base_bottom_insert_simplified', 'base_bottom_insert_simplified', '', ( #394 ) ) ;
#1409 = AXIS2_PLACEMENT_3D ( 'NONE', #1039, #1015, #487 ) ;
#1410 = CARTESIAN_POINT ( 'NONE',  ( 92.97060640761097261, 0.000000000000000000, -128.6000000000000512 ) ) ;
#1411 = CARTESIAN_POINT ( 'NONE',  ( -139.8999999999999773, 0.000000000000000000, -140.4000000000000341 ) ) ;
#1412 = EDGE_CURVE ( 'NONE', #780, #125, #1358, .T. ) ;
#1413 = CARTESIAN_POINT ( 'NONE',  ( 133.5573073551275627, -4.599999999999999645, -116.9000000000000199 ) ) ;
#1414 = CIRCLE ( 'NONE', #778, 14.99999999999998579 ) ;
#1415 = ORIENTED_EDGE ( 'NONE', *, *, #55, .F. ) ;
#1416 = DIRECTION ( 'NONE',  ( 1.000000000000000000, -0.000000000000000000, -6.608470384673548312E-17 ) ) ;
#1417 = VECTOR ( 'NONE', #73, 1000.000000000000000 ) ;
#1418 =( NAMED_UNIT ( * ) PLANE_ANGLE_UNIT ( ) SI_UNIT ( $, .RADIAN. ) );
#1419 = DIRECTION ( 'NONE',  ( -1.000000000000000000, 0.000000000000000000, 6.608470384673548312E-17 ) ) ;
#1420 = DIRECTION ( 'NONE',  ( -0.000000000000000000, 1.000000000000000000, -0.000000000000000000 ) ) ;
#1421 = SURFACE_SIDE_STYLE ('',( #1182 ) ) ;
#1422 = ADVANCED_FACE ( 'NONE', ( #1277 ), #274, .F. ) ;
#1423 = ORIENTED_EDGE ( 'NONE', *, *, #524, .F. ) ;
#1424 = CARTESIAN_POINT ( 'NONE',  ( 92.97060640761097261, -4.599999999999999645, -128.6000000000000512 ) ) ;
#1425 = DIRECTION ( 'NONE',  ( 0.000000000000000000, 0.000000000000000000, 1.000000000000000000 ) ) ;
#1426 = VECTOR ( 'NONE', #659, 1000.000000000000000 ) ;
#1427 = LINE ( 'NONE', #624, #665 ) ;
#1428 = CARTESIAN_POINT ( 'NONE',  ( -92.97060640761097261, 9.000000000000000000, -86.60000000000005116 ) ) ;
#1429 = ORIENTED_EDGE ( 'NONE', *, *, #371, .T. ) ;
#1430 = CARTESIAN_POINT ( 'NONE',  ( -151.0522701576892928, 0.000000000000000000, -130.3687054509444465 ) ) ;
#1431 =( GEOMETRIC_REPRESENTATION_CONTEXT ( 3 ) GLOBAL_UNCERTAINTY_ASSIGNED_CONTEXT ( ( #1152 ) ) GLOBAL_UNIT_ASSIGNED_CONTEXT ( ( #1092, #330, #123 ) ) REPRESENTATION_CONTEXT ( 'NONE', 'WORKASPACE' ) );
#1432 = VERTEX_POINT ( 'NONE', #351 ) ;
#1433 = FACE_OUTER_BOUND ( 'NONE', #802, .T. ) ;
#1434 = EDGE_CURVE ( 'NONE', #535, #902, #1127, .T. ) ;
#1435 = DIRECTION ( 'NONE',  ( -6.608470384673548312E-17, 0.000000000000000000, -1.000000000000000000 ) ) ;
#1436 = FACE_OUTER_BOUND ( 'NONE', #1294, .T. ) ;
#1437 = CARTESIAN_POINT ( 'NONE',  ( 139.9000000000000341, 0.000000000000000000, -140.4000000000000341 ) ) ;
#1438 = ORIENTED_EDGE ( 'NONE', *, *, #1412, .T. ) ;
#1439 = DIRECTION ( 'NONE',  ( 0.000000000000000000, 0.000000000000000000, 1.000000000000000000 ) ) ;
#1440 = EDGE_CURVE ( 'NONE', #44, #220, #1160, .T. ) ;
#1441 = VECTOR ( 'NONE', #319, 1000.000000000000000 ) ;
#1442 = DIRECTION ( 'NONE',  ( 0.000000000000000000, -1.000000000000000000, 0.000000000000000000 ) ) ;
#1443 = CARTESIAN_POINT ( 'NONE',  ( -128.7477298423106333, 0.000000000000000000, -150.4312945490555933 ) ) ;
#1444 = EDGE_CURVE ( 'NONE', #1369, #1393, #504, .T. ) ;
#1445 = LINE ( 'NONE', #547, #107 ) ;
#1446 = EDGE_LOOP ( 'NONE', ( #1018, #850, #1423, #1059 ) ) ;
#1447 = DIRECTION ( 'NONE',  ( -0.000000000000000000, -1.000000000000000000, -0.000000000000000000 ) ) ;
ENDSEC;
END-ISO-10303-21;
