ISO-10303-21;
HEADER;
FILE_DESCRIPTION (( 'STEP AP214' ),
    '1' );
FILE_NAME ('compute_box.STEP',
    '2026-09-04T22:08:39',
    ( '' ),
    ( '' ),
    'SwSTEP 2.0',
    'SolidWorks 2026',
    '' );
FILE_SCHEMA (( 'AUTOMOTIVE_DESIGN' ));
ENDSEC;

DATA;
#1 = PRODUCT_DEFINITION_SHAPE ( 'NONE', 'NONE',  #1753 ) ;
#2 = APPLICATION_CONTEXT ( 'automotive_design' ) ;
#3 = PRODUCT_RELATED_PRODUCT_CATEGORY ( 'part', '', ( #635 ) ) ;
#4 = APPLIED_EXTERNAL_IDENTIFICATION_ASSIGNMENT ( '4830K133_Standard-Wall 304-304L Stainless Steel Pipe Nipple_4830K133.STEP' , #1501, #1376,( #1182) ) ;
#5 = OBJECT_ROLE ('mandatory',$ ) ;
#6 = CARTESIAN_POINT ( 'NONE',  ( 0.000000000000000000, 0.000000000000000000, 0.000000000000000000 ) ) ;
#7 = SHAPE_DEFINITION_REPRESENTATION ( #418, #1279 ) ;
#8 = EXTERNAL_SOURCE (IDENTIFIER('') ) ;
#9 = AXIS2_PLACEMENT_3D ( 'NONE', #1431, #1704, #1130 ) ;
#10 = DIRECTION ( 'NONE',  ( 0.000000000000000000, 0.000000000000000000, 1.000000000000000000 ) ) ;
#11 = APPLIED_DOCUMENT_REFERENCE ( #264,'',( #1565) ) ;
#12 = PRODUCT_DEFINITION_CONTEXT ( 'detailed design', #843, 'design' ) ;
#13 = EXTERNAL_SOURCE (IDENTIFIER('') ) ;
#14 = DOCUMENT_FILE ( '96016A237_Plastic-Head Thumb Screws_96016A237.STEP' , '', '', #686, '' ,$ ) ;
#15 = PROPERTY_DEFINITION ('external definition','', #1541 ) ;
#16 = PROPERTY_DEFINITION_REPRESENTATION ( #928, #1543 ) ;
#17 = APPLICATION_PROTOCOL_DEFINITION ( 'draft international standard', 'automotive_design', 1998, #1238 ) ;
#18 = DOCUMENT_FILE ( '96016A237_Plastic-Head Thumb Screws_96016A237.STEP' , '', '', #901, '' ,$ ) ;
#19 = CARTESIAN_POINT ( 'NONE',  ( 38.60296249526312806, -9.701976453215440444, -155.0667000000012479 ) ) ;
#20 = APPLICATION_CONTEXT ( 'automotive_design' ) ;
#21 = OBJECT_ROLE ('mandatory',$ ) ;
#22 = DOCUMENT_FILE ( 'vine_robot_arduino_shield.STEP' , '', '', #1271, '' ,$ ) ;
#23 = DIRECTION ( 'NONE',  ( 0.000000000000000000, 0.000000000000000000, 1.000000000000000000 ) ) ;
#24 = APPLICATION_PROTOCOL_DEFINITION ( 'draft international standard', 'automotive_design', 1998, #483 ) ;
#25 = DIRECTION ( 'NONE',  ( 1.269640793760222960E-15, -1.000000000000000000, -1.199204987394974565E-17 ) ) ;
#26 =( REPRESENTATION_RELATIONSHIP ('NONE','NONE', #1464, #154 ) REPRESENTATION_RELATIONSHIP_WITH_TRANSFORMATION ( #1417 )SHAPE_REPRESENTATION_RELATIONSHIP( ) );
#27 = PROPERTY_DEFINITION_REPRESENTATION ( #380, #91 ) ;
#28 = PRODUCT_RELATED_PRODUCT_CATEGORY ( 'part', '', ( #916 ) ) ;
#29 =( NAMED_UNIT ( * ) SI_UNIT ( $, .STERADIAN. ) SOLID_ANGLE_UNIT ( ) );
#30 = DOCUMENT_TYPE ( 'geometry' ) ;
#31 = PROPERTY_DEFINITION_REPRESENTATION ( #1413, #407 ) ;
#32 =( REPRESENTATION_RELATIONSHIP ('NONE','NONE', #1464, #536 ) REPRESENTATION_RELATIONSHIP_WITH_TRANSFORMATION ( #1197 )SHAPE_REPRESENTATION_RELATIONSHIP( ) );
#33 =( LENGTH_UNIT ( ) NAMED_UNIT ( * ) SI_UNIT ( .MILLI., .METRE. ) );
#34 = SHAPE_DEFINITION_REPRESENTATION ( #749, #1530 ) ;
#35 = DIRECTION ( 'NONE',  ( -1.000000000000000222, -1.232595164407831493E-32, 2.220446049250313081E-16 ) ) ;
#36 = PROPERTY_DEFINITION ('document property','', #1179 ) ;
#37 = PRODUCT_DEFINITION_SHAPE ( 'NONE', 'NONE',  #753 ) ;
#38 = PROPERTY_DEFINITION_REPRESENTATION ( #1539, #913 ) ;
#39 = DOCUMENT_TYPE ( 'geometry' ) ;
#40 = PRODUCT_CONTEXT ( 'NONE', #1294, 'mechanical' ) ;
#41 = AXIS2_PLACEMENT_3D ( 'NONE', #628, #1016, #583 ) ;
#42 = DIRECTION ( 'NONE',  ( 1.000000000000000000, 1.725633230170963324E-31, 1.665334536937734811E-16 ) ) ;
#43 =( NAMED_UNIT ( * ) PLANE_ANGLE_UNIT ( ) SI_UNIT ( $, .RADIAN. ) );
#44 = DOCUMENT_FILE ( 'xl6009_DCDC_BoostBuck.STEP' , '', '', #806, '' ,$ ) ;
#45 =( REPRESENTATION_RELATIONSHIP ('NONE','NONE', #1464, #1029 ) REPRESENTATION_RELATIONSHIP_WITH_TRANSFORMATION ( #1708 )SHAPE_REPRESENTATION_RELATIONSHIP( ) );
#46 =( NAMED_UNIT ( * ) SI_UNIT ( $, .STERADIAN. ) SOLID_ANGLE_UNIT ( ) );
#47 = SHAPE_DEFINITION_REPRESENTATION ( #1489, #1291 ) ;
#48 = PRODUCT_RELATED_PRODUCT_CATEGORY ( 'part', '', ( #1298 ) ) ;
#49 = CARTESIAN_POINT ( 'NONE',  ( 95.02500000000033253, -40.89697645321547270, -53.15899999999952996 ) ) ;
#50 = PROPERTY_DEFINITION ('external definition','', #900 ) ;
#51 = UNCERTAINTY_MEASURE_WITH_UNIT (LENGTH_MEASURE( 1.000000000000000082E-05 ), #513, 'distance_accuracy_value', 'NONE');
#52 = APPLICATION_PROTOCOL_DEFINITION ( 'draft international standard', 'automotive_design', 1998, #403 ) ;
#53 = IDENTIFICATION_ROLE ( 'external document id and location', $) ;
#54 = APPLIED_DOCUMENT_REFERENCE ( #759,'',( #378) ) ;
#55 =( REPRESENTATION_RELATIONSHIP ('NONE','NONE', #1464, #1217 ) REPRESENTATION_RELATIONSHIP_WITH_TRANSFORMATION ( #1288 )SHAPE_REPRESENTATION_RELATIONSHIP( ) );
#56 = AXIS2_PLACEMENT_3D ( 'NONE', #627, #1535, #1094 ) ;
#57 = IDENTIFICATION_ROLE ( 'external document id and location', $) ;
#58 =( NAMED_UNIT ( * ) PLANE_ANGLE_UNIT ( ) SI_UNIT ( $, .RADIAN. ) );
#59 = APPLIED_DOCUMENT_REFERENCE ( #305,'',( #1629) ) ;
#60 =( NAMED_UNIT ( * ) PLANE_ANGLE_UNIT ( ) SI_UNIT ( $, .RADIAN. ) );
#61 = SHAPE_DEFINITION_REPRESENTATION ( #1348, #660 ) ;
#62 = AXIS2_PLACEMENT_3D ( 'NONE', #1012, #701, #1260 ) ;
#63 = CARTESIAN_POINT ( 'NONE',  ( 94.40300000000151215, -9.701976453215332086, -50.53859996356312223 ) ) ;
#64 = IDENTIFICATION_ROLE ( 'external document id and location', $) ;
#65 = PROPERTY_DEFINITION ('external definition','', #1143 ) ;
#66 = PROPERTY_DEFINITION_REPRESENTATION ( #475, #725 ) ;
#67 = DOCUMENT_TYPE ( 'geometry' ) ;
#68 = PROPERTY_DEFINITION ('external definition','', #1018 ) ;
#69 = CARTESIAN_POINT ( 'NONE',  ( 0.000000000000000000, 0.000000000000000000, 0.000000000000000000 ) ) ;
#70 = CARTESIAN_POINT ( 'NONE',  ( 0.000000000000000000, 0.000000000000000000, 0.000000000000000000 ) ) ;
#71 = DIRECTION ( 'NONE',  ( -1.000000000000000000, 0.000000000000000000, 0.000000000000000000 ) ) ;
#72 = PRODUCT_DEFINITION_CONTEXT ( 'detailed design', #1605, 'design' ) ;
#73 = AXIS2_PLACEMENT_3D ( 'NONE', #1628, #951, #522 ) ;
#74 = PROPERTY_DEFINITION_REPRESENTATION ( #50, #340 ) ;
#75 = APPLIED_DOCUMENT_REFERENCE ( #1456,'',( #1103) ) ;
#76 = PRODUCT_DEFINITION_CONTEXT ( 'detailed design', #963, 'design' ) ;
#77 = IDENTIFICATION_ROLE ( 'external document id and location', $) ;
#78 = CARTESIAN_POINT ( 'NONE',  ( 0.000000000000000000, 0.000000000000000000, 0.000000000000000000 ) ) ;
#79 = ITEM_DEFINED_TRANSFORMATION ( 'NONE', 'NONE', #626,  #605 ) ;
#80 = DIRECTION ( 'NONE',  ( 0.000000000000000000, 0.000000000000000000, 1.000000000000000000 ) ) ;
#81 = IDENTIFICATION_ROLE ( 'external document id and location', $) ;
#82 = DIRECTION ( 'NONE',  ( -0.3102383727508302713, -0.005100551678516687323, -0.9506451159320664646 ) ) ;
#83 = PROPERTY_DEFINITION_REPRESENTATION ( #767, #340 ) ;
#84 = PRODUCT_DEFINITION_SHAPE ( 'NONE', 'NONE',  #1768 ) ;
#85 = PRODUCT_RELATED_PRODUCT_CATEGORY ( 'part', '', ( #1146 ) ) ;
#86 = APPLIED_DOCUMENT_REFERENCE ( #1463,'',( #1565) ) ;
#87 = EXTERNAL_SOURCE (IDENTIFIER('') ) ;
#88 = PRODUCT ( '7699N53_Universal-Thread Push-to-Connect Tube Fittings_7699N53', '7699N53_Universal-Thread Push-to-Connect Tube Fittings_7699N53', '', ( #1003 ) ) ;
#89 =( NAMED_UNIT ( * ) SI_UNIT ( $, .STERADIAN. ) SOLID_ANGLE_UNIT ( ) );
#90 = ITEM_DEFINED_TRANSFORMATION ( 'NONE', 'NONE', #103,  #654 ) ;
#91 = SHAPE_REPRESENTATION ( '5779K131_Push-to-Connect Tube Fitting for Air_5779K131', ( #1677 ), #191 ) ;
#92 = CARTESIAN_POINT ( 'NONE',  ( 193.2520000000000664, 76.96297645321514835, 130.3869999999992046 ) ) ;
#93 =( REPRESENTATION_RELATIONSHIP ('NONE','NONE', #1464, #1029 ) REPRESENTATION_RELATIONSHIP_WITH_TRANSFORMATION ( #413 )SHAPE_REPRESENTATION_RELATIONSHIP( ) );
#94 = ROLE_ASSOCIATION ( #1555, #1063 ) ;
#95 = IDENTIFICATION_ROLE ( 'external document id and location', $) ;
#96 = PROPERTY_DEFINITION_REPRESENTATION ( #97, #1530 ) ;
#97 = PROPERTY_DEFINITION ('external definition','', #1607 ) ;
#98 = DIRECTION ( 'NONE',  ( 0.000000000000000000, 0.000000000000000000, 1.000000000000000000 ) ) ;
#99 = PRODUCT_DEFINITION_SHAPE ( 'NONE', 'NONE',  #1777 ) ;
#100 = EXTERNAL_SOURCE (IDENTIFIER('') ) ;
#101 = APPLIED_DOCUMENT_REFERENCE ( #1402,'',( #1186) ) ;
#102 = PRODUCT ( '5779K109_Push-to-Connect Tube Fitting for Air_5779K109', '5779K109_Push-to-Connect Tube Fitting for Air_5779K109', '', ( #1448 ) ) ;
#103 = AXIS2_PLACEMENT_3D ( 'NONE', #118, #1407, #534 ) ;
#104 = DIRECTION ( 'NONE',  ( 1.000000000000000000, -1.017949417668901096E-16, 1.352604619399577095E-16 ) ) ;
#105 = APPLIED_DOCUMENT_REFERENCE ( #624,'',( #1053) ) ;
#106 = CARTESIAN_POINT ( 'NONE',  ( 0.000000000000000000, 0.000000000000000000, 0.000000000000000000 ) ) ;
#107 = DIRECTION ( 'NONE',  ( -1.000000000000000000, -1.760119413237647266E-31, 0.000000000000000000 ) ) ;
#108 = ITEM_DEFINED_TRANSFORMATION ( 'NONE', 'NONE', #127,  #9 ) ;
#109 = PROPERTY_DEFINITION ('document property','', #991 ) ;
#110 = DIRECTION ( 'NONE',  ( -2.220446049250313081E-16, 1.199165901119599534E-17, -1.000000000000000222 ) ) ;
#111 = PRODUCT_DEFINITION_FORMATION_WITH_SPECIFIED_SOURCE ( 'Symmetric', '', #838, .NOT_KNOWN. ) ;
#112 =( NAMED_UNIT ( * ) PLANE_ANGLE_UNIT ( ) SI_UNIT ( $, .RADIAN. ) );
#113 = CONTEXT_DEPENDENT_SHAPE_REPRESENTATION ( #279, #261 ) ;
#114 = PRODUCT_DEFINITION_CONTEXT ( 'detailed design', #1483, 'design' ) ;
#115 = OBJECT_ROLE ('mandatory',$ ) ;
#116 = PROPERTY_DEFINITION_REPRESENTATION ( #638, #846 ) ;
#117 = OBJECT_ROLE ('mandatory',$ ) ;
#118 = CARTESIAN_POINT ( 'NONE',  ( 92.62500000000099476, 6.173023546784550675, -101.5870000000014244 ) ) ;
#119 = PROPERTY_DEFINITION_REPRESENTATION ( #1495, #536 ) ;
#120 = OBJECT_ROLE ('mandatory',$ ) ;
#121 = PRODUCT_CONTEXT ( 'NONE', #1198, 'mechanical' ) ;
#122 = EXTERNAL_SOURCE (IDENTIFIER('') ) ;
#123 = PROPERTY_DEFINITION ('external definition','', #504 ) ;
#124 = PROPERTY_DEFINITION_REPRESENTATION ( #797, #230 ) ;
#125 = PRODUCT_DEFINITION ( 'General', '', #1098, #114 ) ;
#126 = AXIS2_PLACEMENT_3D ( 'NONE', #955, #717, #1510 ) ;
#127 = AXIS2_PLACEMENT_3D ( 'NONE', #393, #1200, #1469 ) ;
#128 = CONTEXT_DEPENDENT_SHAPE_REPRESENTATION ( #1241, #1112 ) ;
#129 = UNCERTAINTY_MEASURE_WITH_UNIT (LENGTH_MEASURE( 1.000000000000000082E-05 ), #1736, 'distance_accuracy_value', 'NONE');
#130 = SHAPE_DEFINITION_REPRESENTATION ( #250, #230 ) ;
#131 = DOCUMENT_TYPE ( 'geometry' ) ;
#132 = ITEM_DEFINED_TRANSFORMATION ( 'NONE', 'NONE', #1416,  #521 ) ;
#133 = PRODUCT_DEFINITION ( 'General', '', #1342, #219 ) ;
#134 = AXIS2_PLACEMENT_3D ( 'NONE', #1506, #23, #573 ) ;
#135 = APPLICATION_CONTEXT ( 'automotive_design' ) ;
#136 = PRODUCT_DEFINITION_SHAPE ( 'NONE', 'NONE',  #411 ) ;
#137 = ROLE_ASSOCIATION ( #943, #1230 ) ;
#138 = PRODUCT_DEFINITION_SHAPE ( 'NONE', 'NONE',  #1759 ) ;
#139 = APPLIED_EXTERNAL_IDENTIFICATION_ASSIGNMENT ( '5779K131_Push-to-Connect Tube Fitting for Air_5779K131.STEP' , #445, #822,( #1179) ) ;
#140 =( LENGTH_UNIT ( ) NAMED_UNIT ( * ) SI_UNIT ( .MILLI., .METRE. ) );
#141 = PRODUCT_CONTEXT ( 'NONE', #173, 'mechanical' ) ;
#142 = PROPERTY_DEFINITION_REPRESENTATION ( #1580, #1029 ) ;
#143 = IDENTIFICATION_ROLE ( 'external document id and location', $) ;
#144 =( REPRESENTATION_RELATIONSHIP ('NONE','NONE', #1464, #1408 ) REPRESENTATION_RELATIONSHIP_WITH_TRANSFORMATION ( #1187 )SHAPE_REPRESENTATION_RELATIONSHIP( ) );
#145 =( NAMED_UNIT ( * ) SI_UNIT ( $, .STERADIAN. ) SOLID_ANGLE_UNIT ( ) );
#146 = ROLE_ASSOCIATION ( #936, #101 ) ;
#147 = UNCERTAINTY_MEASURE_WITH_UNIT (LENGTH_MEASURE( 1.000000000000000082E-05 ), #270, 'distance_accuracy_value', 'NONE');
#148 = APPLICATION_PROTOCOL_DEFINITION ( 'draft international standard', 'automotive_design', 1998, #1550 ) ;
#149 = CONTEXT_DEPENDENT_SHAPE_REPRESENTATION ( #156, #1496 ) ;
#150 = CARTESIAN_POINT ( 'NONE',  ( 36.82496249526248278, 6.173023546784560445, -101.5870000000013960 ) ) ;
#151 = APPLICATION_CONTEXT ( 'automotive_design' ) ;
#152 = PRODUCT ( '5602K14_Industrial Quick-Disconnect Hose Coupling Set for Air_5602K14', '5602K14_Industrial Quick-Disconnect Hose Coupling Set for Air_5602K14', '', ( #121 ) ) ;
#153 = PROPERTY_DEFINITION ('document property','', #1583 ) ;
#154 = SHAPE_REPRESENTATION ( 'case', ( #1527 ), #1698 ) ;
#155 =( LENGTH_UNIT ( ) NAMED_UNIT ( * ) SI_UNIT ( .MILLI., .METRE. ) );
#156 =( REPRESENTATION_RELATIONSHIP ('NONE','NONE', #1464, #1029 ) REPRESENTATION_RELATIONSHIP_WITH_TRANSFORMATION ( #132 )SHAPE_REPRESENTATION_RELATIONSHIP( ) );
#157 = PRODUCT_RELATED_PRODUCT_CATEGORY ( 'part', '', ( #152 ) ) ;
#158 =( REPRESENTATION_RELATIONSHIP ('NONE','NONE', #1464, #1522 ) REPRESENTATION_RELATIONSHIP_WITH_TRANSFORMATION ( #384 )SHAPE_REPRESENTATION_RELATIONSHIP( ) );
#159 = AXIS2_PLACEMENT_3D ( 'NONE', #1599, #1144, #480 ) ;
#160 = SHAPE_DEFINITION_REPRESENTATION ( #569, #1029 ) ;
#161 = PRODUCT_DEFINITION ( 'General', '', #1455, #974 ) ;
#162 = CONTEXT_DEPENDENT_SHAPE_REPRESENTATION ( #459, #472 ) ;
#163 = DIRECTION ( 'NONE',  ( -2.220446049250313081E-16, 1.199165901119599534E-17, -1.000000000000000222 ) ) ;
#164 = APPLIED_EXTERNAL_IDENTIFICATION_ASSIGNMENT ( '1568A64_Threaded-Hole Round Pull Handle_1568A64.STEP' , #241, #580,( #1667) ) ;
#165 = DOCUMENT_TYPE ( 'geometry' ) ;
#166 = AXIS2_PLACEMENT_3D ( 'NONE', #1183, #442, #907 ) ;
#167 = PRODUCT_CONTEXT ( 'NONE', #1238, 'mechanical' ) ;
#168 = PRODUCT_DEFINITION_SHAPE ( 'NONE', 'NONE',  #1480 ) ;
#169 =( REPRESENTATION_RELATIONSHIP ('NONE','NONE', #1464, #1530 ) REPRESENTATION_RELATIONSHIP_WITH_TRANSFORMATION ( #457 )SHAPE_REPRESENTATION_RELATIONSHIP( ) );
#170 = ROLE_ASSOCIATION ( #738, #1566 ) ;
#171 = DIRECTION ( 'NONE',  ( -1.000000000000000000, 6.618434684053999899E-33, -1.004751837285766669E-14 ) ) ;
#172 = DOCUMENT_TYPE ( 'geometry' ) ;
#173 = APPLICATION_CONTEXT ( 'automotive_design' ) ;
#174 =( LENGTH_UNIT ( ) NAMED_UNIT ( * ) SI_UNIT ( .MILLI., .METRE. ) );
#175 = APPLIED_DOCUMENT_REFERENCE ( #1583,'',( #133) ) ;
#176 = SHAPE_DEFINITION_REPRESENTATION ( #319, #407 ) ;
#177 = PROPERTY_DEFINITION_REPRESENTATION ( #1201, #1029 ) ;
#178 = CARTESIAN_POINT ( 'NONE',  ( -17.19707500947604828, -9.701976453215443996, -185.1667000000014127 ) ) ;
#179 = PRODUCT_DEFINITION_SHAPE ( 'NONE', 'NONE',  #1790 ) ;
#180 = CONTEXT_DEPENDENT_SHAPE_REPRESENTATION ( #385, #1452 ) ;
#181 = DOCUMENT_TYPE ( 'geometry' ) ;
#182 = IDENTIFICATION_ROLE ( 'external document id and location', $) ;
#183 = PRODUCT_DEFINITION_SHAPE ( 'NONE', 'NONE',  #1779 ) ;
#184 = PRODUCT_DEFINITION ( 'General', '', #379, #201 ) ;
#185 = AXIS2_PLACEMENT_3D ( 'NONE', #209, #906, #1199 ) ;
#186 = AXIS2_PLACEMENT_3D ( 'NONE', #667, #82, #1737 ) ;
#187 = APPLICATION_PROTOCOL_DEFINITION ( 'draft international standard', 'automotive_design', 1998, #827 ) ;
#188 =( GEOMETRIC_REPRESENTATION_CONTEXT ( 3 ) GLOBAL_UNCERTAINTY_ASSIGNED_CONTEXT ( ( #1166 ) ) GLOBAL_UNIT_ASSIGNED_CONTEXT ( ( #1632, #620, #1603 ) ) REPRESENTATION_CONTEXT ( 'NONE', 'WORKASPACE' ) );
#189 = CARTESIAN_POINT ( 'NONE',  ( 286.3664795066844135, 4.999999999999993783, -88.68839877593984511 ) ) ;
#190 = CONTEXT_DEPENDENT_SHAPE_REPRESENTATION ( #1477, #315 ) ;
#191 =( GEOMETRIC_REPRESENTATION_CONTEXT ( 3 ) GLOBAL_UNCERTAINTY_ASSIGNED_CONTEXT ( ( #1300 ) ) GLOBAL_UNIT_ASSIGNED_CONTEXT ( ( #1617, #215, #1065 ) ) REPRESENTATION_CONTEXT ( 'NONE', 'WORKASPACE' ) );
#192 = APPLICATION_CONTEXT ( 'automotive_design' ) ;
#193 =( REPRESENTATION_RELATIONSHIP ('NONE','NONE', #1464, #1279 ) REPRESENTATION_RELATIONSHIP_WITH_TRANSFORMATION ( #718 )SHAPE_REPRESENTATION_RELATIONSHIP( ) );
#194 = DOCUMENT_TYPE ( 'geometry' ) ;
#195 = PROPERTY_DEFINITION ('document property','', #1143 ) ;
#196 = SHAPE_DEFINITION_REPRESENTATION ( #1621, #725 ) ;
#197 = PROPERTY_DEFINITION_REPRESENTATION ( #341, #1029 ) ;
#198 = AXIS2_PLACEMENT_3D ( 'NONE', #1364, #1674, #677 ) ;
#199 = DIRECTION ( 'NONE',  ( -1.000000000000000000, 0.000000000000000000, -1.004751837285766669E-14 ) ) ;
#200 = PRODUCT_DEFINITION_SHAPE ( 'NONE', 'NONE',  #1773 ) ;
#201 = PRODUCT_DEFINITION_CONTEXT ( 'detailed design', #403, 'design' ) ;
#202 = APPLIED_EXTERNAL_IDENTIFICATION_ASSIGNMENT ( 'Antenna_assembly v4.STEP' , #1383, #976,( #481) ) ;
#203 = PRODUCT_DEFINITION_FORMATION_WITH_SPECIFIED_SOURCE ( 'Symmetric', '', #1694, .NOT_KNOWN. ) ;
#204 = ITEM_DEFINED_TRANSFORMATION ( 'NONE', 'NONE', #478,  #1488 ) ;
#205 =( GEOMETRIC_REPRESENTATION_CONTEXT ( 3 ) GLOBAL_UNCERTAINTY_ASSIGNED_CONTEXT ( ( #1231 ) ) GLOBAL_UNIT_ASSIGNED_CONTEXT ( ( #547, #112, #713 ) ) REPRESENTATION_CONTEXT ( 'NONE', 'WORKASPACE' ) );
#206 = APPLICATION_CONTEXT ( 'automotive_design' ) ;
#207 = ROLE_ASSOCIATION ( #1467, #948 ) ;
#208 = PRODUCT_DEFINITION ( 'General', '', #263, #1505 ) ;
#209 = CARTESIAN_POINT ( 'NONE',  ( 0.000000000000000000, 0.000000000000000000, 0.000000000000000000 ) ) ;
#210 = EXTERNAL_SOURCE (IDENTIFIER('') ) ;
#211 = DIRECTION ( 'NONE',  ( -1.000000000000000000, 0.000000000000000000, 0.000000000000000000 ) ) ;
#212 = PRODUCT_DEFINITION_SHAPE ( 'NONE', 'NONE',  #1795 ) ;
#213 =( NAMED_UNIT ( * ) SI_UNIT ( $, .STERADIAN. ) SOLID_ANGLE_UNIT ( ) );
#214 = PROPERTY_DEFINITION ('document property','', #1600 ) ;
#215 =( NAMED_UNIT ( * ) PLANE_ANGLE_UNIT ( ) SI_UNIT ( $, .RADIAN. ) );
#216 = CONTEXT_DEPENDENT_SHAPE_REPRESENTATION ( #158, #1356 ) ;
#217 = CARTESIAN_POINT ( 'NONE',  ( 265.7752795066834324, 5.000000000000941469, 91.31160122405388790 ) ) ;
#218 = DOCUMENT_TYPE ( 'geometry' ) ;
#219 = PRODUCT_DEFINITION_CONTEXT ( 'detailed design', #1692, 'design' ) ;
#220 = AXIS2_PLACEMENT_3D ( 'NONE', #227, #1205, #1337 ) ;
#221 = PRODUCT_RELATED_PRODUCT_CATEGORY ( 'part', '', ( #1639 ) ) ;
#222 = ROLE_ASSOCIATION ( #1409, #248 ) ;
#223 = EXTERNAL_SOURCE (IDENTIFIER('') ) ;
#224 = PROPERTY_DEFINITION_REPRESENTATION ( #1313, #725 ) ;
#225 =( LENGTH_UNIT ( ) NAMED_UNIT ( * ) SI_UNIT ( .MILLI., .METRE. ) );
#226 = ROLE_ASSOCIATION ( #462, #1637 ) ;
#227 = CARTESIAN_POINT ( 'NONE',  ( 218.2520000000000948, 87.15472645321500522, -8.119919008252327624E-13 ) ) ;
#228 = PROPERTY_DEFINITION ('document property','', #1276 ) ;
#229 = PROPERTY_DEFINITION ('external definition','', #264 ) ;
#230 = SHAPE_REPRESENTATION ( 'small_emergency_button', ( #1446 ), #952 ) ;
#231 = DOCUMENT_TYPE ( 'geometry' ) ;
#232 = APPLIED_EXTERNAL_IDENTIFICATION_ASSIGNMENT ( '5779K445_Push-to-Connect Tube Fitting for Air_5779K445.STEP' , #1353, #100,( #339) ) ;
#233 = APPLIED_EXTERNAL_IDENTIFICATION_ASSIGNMENT ( '3V210-08NC SOLENOID VALVE.STEP' , #625, #1346,( #1541) ) ;
#234 = PRODUCT_DEFINITION_SHAPE ( 'NONE', 'NONE',  #1769 ) ;
#235 = PRODUCT_DEFINITION ( 'General', '', #318, #1589 ) ;
#236 = PRODUCT ( '69915K54_Plastic Submersible Cord Grip_69915K54', '69915K54_Plastic Submersible Cord Grip_69915K54', '', ( #1546 ) ) ;
#237 = CARTESIAN_POINT ( 'NONE',  ( -218.2520000000000095, 61.38597645321495833, -155.3870000000008247 ) ) ;
#238 =( GEOMETRIC_REPRESENTATION_CONTEXT ( 3 ) GLOBAL_UNCERTAINTY_ASSIGNED_CONTEXT ( ( #908 ) ) GLOBAL_UNIT_ASSIGNED_CONTEXT ( ( #1000, #720, #145 ) ) REPRESENTATION_CONTEXT ( 'NONE', 'WORKASPACE' ) );
#239 = PROPERTY_DEFINITION_REPRESENTATION ( #1601, #1608 ) ;
#240 =( LENGTH_UNIT ( ) NAMED_UNIT ( * ) SI_UNIT ( .MILLI., .METRE. ) );
#241 = IDENTIFICATION_ROLE ( 'external document id and location', $) ;
#242 =( LENGTH_UNIT ( ) NAMED_UNIT ( * ) SI_UNIT ( .MILLI., .METRE. ) );
#243 = PROPERTY_DEFINITION_REPRESENTATION ( #1216, #536 ) ;
#244 = PROPERTY_DEFINITION ('external definition','', #1370 ) ;
#245 = EXTERNAL_SOURCE (IDENTIFIER('') ) ;
#246 = DIRECTION ( 'NONE',  ( -7.216449660063517513E-16, -1.231609978410483754E-47, 1.000000000000000222 ) ) ;
#247 = PROPERTY_DEFINITION ('external definition','', #1667 ) ;
#248 = APPLIED_DOCUMENT_REFERENCE ( #900,'',( #642) ) ;
#249 = APPLIED_EXTERNAL_IDENTIFICATION_ASSIGNMENT ( 'MDDS10.STEP' , #1369, #1020,( #1695) ) ;
#250 = PRODUCT_DEFINITION_SHAPE ( 'NONE', 'NONE',  #1428 ) ;
#251 = AXIS2_PLACEMENT_3D ( 'NONE', #1701, #469, #321 ) ;
#252 = CARTESIAN_POINT ( 'NONE',  ( 8.157999999999821839, -28.14697645321540165, 53.01300000000008339 ) ) ;
#253 =( NAMED_UNIT ( * ) SI_UNIT ( $, .STERADIAN. ) SOLID_ANGLE_UNIT ( ) );
#254 = PROPERTY_DEFINITION_REPRESENTATION ( #1239, #1530 ) ;
#255 = AXIS2_PLACEMENT_3D ( 'NONE', #1718, #466, #1447 ) ;
#256 = EXTERNAL_SOURCE (IDENTIFIER('') ) ;
#257 = DIRECTION ( 'NONE',  ( 0.000000000000000000, 0.000000000000000000, 1.000000000000000000 ) ) ;
#258 = DIRECTION ( 'NONE',  ( -1.000000000000000222, -2.403557514670177064E-16, -5.551115123125782702E-17 ) ) ;
#259 = DOCUMENT_TYPE ( 'geometry' ) ;
#260 = CONTEXT_DEPENDENT_SHAPE_REPRESENTATION ( #495, #518 ) ;
#261 = PRODUCT_DEFINITION_SHAPE ( 'NONE', 'NONE',  #1754 ) ;
#262 =( NAMED_UNIT ( * ) PLANE_ANGLE_UNIT ( ) SI_UNIT ( $, .RADIAN. ) );
#263 = PRODUCT_DEFINITION_FORMATION_WITH_SPECIFIED_SOURCE ( 'Symmetric', '', #1668, .NOT_KNOWN. ) ;
#264 = DOCUMENT_FILE ( '7699N53_Universal-Thread Push-to-Connect Tube Fittings_7699N53.STEP' , '', '', #1410, '' ,$ ) ;
#265 = UNCERTAINTY_MEASURE_WITH_UNIT (LENGTH_MEASURE( 1.000000000000000082E-05 ), #381, 'distance_accuracy_value', 'NONE');
#266 = CARTESIAN_POINT ( 'NONE',  ( 0.000000000000000000, 0.000000000000000000, 0.000000000000000000 ) ) ;
#267 = APPLICATION_PROTOCOL_DEFINITION ( 'draft international standard', 'automotive_design', 1998, #1679 ) ;
#268 = OBJECT_ROLE ('mandatory',$ ) ;
#269 = DOCUMENT_TYPE ( 'geometry' ) ;
#270 =( LENGTH_UNIT ( ) NAMED_UNIT ( * ) SI_UNIT ( .MILLI., .METRE. ) );
#271 = PRODUCT_CONTEXT ( 'NONE', #392, 'mechanical' ) ;
#272 = DOCUMENT_TYPE ( 'geometry' ) ;
#273 = PRODUCT_DEFINITION_SHAPE ( 'NONE', 'NONE',  #1745 ) ;
#274 = PROPERTY_DEFINITION_REPRESENTATION ( #360, #846 ) ;
#275 =( GEOMETRIC_REPRESENTATION_CONTEXT ( 3 ) GLOBAL_UNCERTAINTY_ASSIGNED_CONTEXT ( ( #129 ) ) GLOBAL_UNIT_ASSIGNED_CONTEXT ( ( #1736, #1638, #898 ) ) REPRESENTATION_CONTEXT ( 'NONE', 'WORKASPACE' ) );
#276 = SHAPE_REPRESENTATION ( 'CNLINKO YU-USB', ( #1488 ), #1162 ) ;
#277 =( REPRESENTATION_RELATIONSHIP ('NONE','NONE', #1464, #230 ) REPRESENTATION_RELATIONSHIP_WITH_TRANSFORMATION ( #292 )SHAPE_REPRESENTATION_RELATIONSHIP( ) );
#278 = AXIS2_PLACEMENT_3D ( 'NONE', #63, #1558, #891 ) ;
#279 =( REPRESENTATION_RELATIONSHIP ('NONE','NONE', #1464, #660 ) REPRESENTATION_RELATIONSHIP_WITH_TRANSFORMATION ( #833 )SHAPE_REPRESENTATION_RELATIONSHIP( ) );
#280 = DOCUMENT_FILE ( 'QB3-3D.STEP' , '', '', #194, '' ,$ ) ;
#281 = PRODUCT_DEFINITION_CONTEXT ( 'detailed design', #1581, 'design' ) ;
#282 = APPLICATION_PROTOCOL_DEFINITION ( 'draft international standard', 'automotive_design', 1998, #392 ) ;
#283 =( NAMED_UNIT ( * ) PLANE_ANGLE_UNIT ( ) SI_UNIT ( $, .RADIAN. ) );
#284 = EXTERNAL_SOURCE (IDENTIFIER('') ) ;
#285 = PROPERTY_DEFINITION_REPRESENTATION ( #529, #660 ) ;
#286 = PROPERTY_DEFINITION ('document property','', #702 ) ;
#287 = DIRECTION ( 'NONE',  ( -1.000000000000000222, -2.465190328815661892E-32, 2.220446049250313081E-16 ) ) ;
#288 = PRODUCT_DEFINITION_FORMATION_WITH_SPECIFIED_SOURCE ( 'Symmetric', '', #1394, .NOT_KNOWN. ) ;
#289 =( REPRESENTATION_RELATIONSHIP ('NONE','NONE', #1464, #536 ) REPRESENTATION_RELATIONSHIP_WITH_TRANSFORMATION ( #1209 )SHAPE_REPRESENTATION_RELATIONSHIP( ) );
#290 =( GEOMETRIC_REPRESENTATION_CONTEXT ( 3 ) GLOBAL_UNCERTAINTY_ASSIGNED_CONTEXT ( ( #51 ) ) GLOBAL_UNIT_ASSIGNED_CONTEXT ( ( #513, #931, #801 ) ) REPRESENTATION_CONTEXT ( 'NONE', 'WORKASPACE' ) );
#291 = APPLICATION_PROTOCOL_DEFINITION ( 'draft international standard', 'automotive_design', 1998, #1101 ) ;
#292 = ITEM_DEFINED_TRANSFORMATION ( 'NONE', 'NONE', #886,  #1446 ) ;
#293 = DIRECTION ( 'NONE',  ( -1.475281435075169935E-16, -1.199165901119599534E-17, 1.000000000000000000 ) ) ;
#294 = AXIS2_PLACEMENT_3D ( 'NONE', #899, #726, #338 ) ;
#295 = PROPERTY_DEFINITION_REPRESENTATION ( #153, #526 ) ;
#296 = PRODUCT_RELATED_PRODUCT_CATEGORY ( 'part', '', ( #1312 ) ) ;
#297 = SHAPE_DEFINITION_REPRESENTATION ( #693, #1235 ) ;
#298 = APPLICATION_CONTEXT ( 'automotive_design' ) ;
#299 = APPLIED_DOCUMENT_REFERENCE ( #1143,'',( #208) ) ;
#300 = DIRECTION ( 'NONE',  ( -3.983673497353344511E-15, -3.421514306926741949E-16, 1.000000000000000000 ) ) ;
#301 = DOCUMENT_TYPE ( 'geometry' ) ;
#302 = PRODUCT_DEFINITION_SHAPE ( 'NONE', 'NONE',  #1648 ) ;
#303 = PROPERTY_DEFINITION_REPRESENTATION ( #619, #1029 ) ;
#304 = PRODUCT_DEFINITION_SHAPE ( 'NONE', 'NONE',  #1765 ) ;
#305 = DOCUMENT_FILE ( 'acrylic_top.STEP' , '', '', #449, '' ,$ ) ;
#306 = PRODUCT_CONTEXT ( 'NONE', #1332, 'mechanical' ) ;
#307 = PROPERTY_DEFINITION_REPRESENTATION ( #1006, #1029 ) ;
#308 = DIRECTION ( 'NONE',  ( 1.000000000000000000, 0.000000000000000000, 0.000000000000000000 ) ) ;
#309 = APPLICATION_CONTEXT ( 'automotive_design' ) ;
#310 = ROLE_ASSOCIATION ( #1690, #1451 ) ;
#311 = OBJECT_ROLE ('mandatory',$ ) ;
#312 = OBJECT_ROLE ('mandatory',$ ) ;
#313 = PRODUCT_DEFINITION_SHAPE ( 'NONE', 'NONE',  #1788 ) ;
#314 = PROPERTY_DEFINITION_REPRESENTATION ( #558, #776 ) ;
#315 = PRODUCT_DEFINITION_SHAPE ( 'NONE', 'NONE',  #1774 ) ;
#316 = APPLIED_EXTERNAL_IDENTIFICATION_ASSIGNMENT ( '7699N53_Universal-Thread Push-to-Connect Tube Fittings_7699N53.STEP' , #826, #641,( #903) ) ;
#317 = APPLICATION_PROTOCOL_DEFINITION ( 'draft international standard', 'automotive_design', 1998, #1581 ) ;
#318 = PRODUCT_DEFINITION_FORMATION_WITH_SPECIFIED_SOURCE ( 'Symmetric', '', #152, .NOT_KNOWN. ) ;
#319 = PRODUCT_DEFINITION_SHAPE ( 'NONE', 'NONE',  #1629 ) ;
#320 = CONTEXT_DEPENDENT_SHAPE_REPRESENTATION ( #26, #212 ) ;
#321 = DIRECTION ( 'NONE',  ( -1.000000000000000000, 1.215706938929279583E-16, 3.535101845641765397E-17 ) ) ;
#322 = PRODUCT_RELATED_PRODUCT_CATEGORY ( 'part', '', ( #1127 ) ) ;
#323 = CONTEXT_DEPENDENT_SHAPE_REPRESENTATION ( #193, #200 ) ;
#324 = OBJECT_ROLE ('mandatory',$ ) ;
#325 = APPLICATION_CONTEXT ( 'automotive_design' ) ;
#326 = AXIS2_PLACEMENT_3D ( 'NONE', #887, #1148, #1544 ) ;
#327 = DIRECTION ( 'NONE',  ( 0.000000000000000000, 0.000000000000000000, 1.000000000000000000 ) ) ;
#328 = PROPERTY_DEFINITION_REPRESENTATION ( #1423, #154 ) ;
#329 = CARTESIAN_POINT ( 'NONE',  ( 218.2520000000000948, 61.38597645321502938, 155.3869999999992615 ) ) ;
#330 = UNCERTAINTY_MEASURE_WITH_UNIT (LENGTH_MEASURE( 1.000000000000000082E-05 ), #1067, 'distance_accuracy_value', 'NONE');
#331 = PROPERTY_DEFINITION_REPRESENTATION ( #652, #1235 ) ;
#332 = PROPERTY_DEFINITION ('external definition','', #787 ) ;
#333 = APPLIED_DOCUMENT_REFERENCE ( #44,'',( #992) ) ;
#334 = OBJECT_ROLE ('mandatory',$ ) ;
#335 = APPLICATION_PROTOCOL_DEFINITION ( 'draft international standard', 'automotive_design', 1998, #1367 ) ;
#336 = ROLE_ASSOCIATION ( #402, #1134 ) ;
#337 = OBJECT_ROLE ('mandatory',$ ) ;
#338 = DIRECTION ( 'NONE',  ( 1.000000000000000000, 0.000000000000000000, 0.000000000000000000 ) ) ;
#339 = DOCUMENT_FILE ( '5779K445_Push-to-Connect Tube Fitting for Air_5779K445.STEP' , '', '', #694, '' ,$ ) ;
#340 = SHAPE_REPRESENTATION ( '5697T29_Wet-Location Data Connector_5697T29', ( #62 ), #792 ) ;
#341 = PROPERTY_DEFINITION ('document property','', #18 ) ;
#342 = SHAPE_DEFINITION_REPRESENTATION ( #557, #1543 ) ;
#343 = CARTESIAN_POINT ( 'NONE',  ( -257.9979291998354824, -1.032679646023669411E-13, 51.29006154329700706 ) ) ;
#344 = PRODUCT_DEFINITION_SHAPE ( 'NONE', 'NONE',  #1776 ) ;
#345 = IDENTIFICATION_ROLE ( 'external document id and location', $) ;
#346 = UNCERTAINTY_MEASURE_WITH_UNIT (LENGTH_MEASURE( 1.000000000000000082E-05 ), #1563, 'distance_accuracy_value', 'NONE');
#347 = APPLIED_EXTERNAL_IDENTIFICATION_ASSIGNMENT ( 'arduino uno.STEP' , #1706, #1057,( #624) ) ;
#348 = DOCUMENT_FILE ( 'CASE_930_R1_Top_INNER_SURFACE.STEP' , '', '', #834, '' ,$ ) ;
#349 = OBJECT_ROLE ('mandatory',$ ) ;
#350 =( LENGTH_UNIT ( ) NAMED_UNIT ( * ) SI_UNIT ( .MILLI., .METRE. ) );
#351 = ROLE_ASSOCIATION ( #541, #1360 ) ;
#352 = DIRECTION ( 'NONE',  ( 0.000000000000000000, 0.000000000000000000, 1.000000000000000000 ) ) ;
#353 = ROLE_ASSOCIATION ( #349, #1494 ) ;
#354 = PRODUCT_RELATED_PRODUCT_CATEGORY ( 'part', '', ( #656 ) ) ;
#355 = DIRECTION ( 'NONE',  ( 5.551115123125782702E-17, -8.438326279774177497E-17, -1.000000000000000222 ) ) ;
#356 = PROPERTY_DEFINITION_REPRESENTATION ( #1438, #1235 ) ;
#357 =( REPRESENTATION_RELATIONSHIP ('NONE','NONE', #1464, #91 ) REPRESENTATION_RELATIONSHIP_WITH_TRANSFORMATION ( #790 )SHAPE_REPRESENTATION_RELATIONSHIP( ) );
#358 = ROLE_ASSOCIATION ( #324, #1129 ) ;
#359 = OBJECT_ROLE ('mandatory',$ ) ;
#360 = PROPERTY_DEFINITION ('document property','', #1380 ) ;
#361 = ROLE_ASSOCIATION ( #904, #664 ) ;
#362 = PRODUCT ( 'CNLINKO YU-USB', 'CNLINKO YU-USB', '', ( #539 ) ) ;
#363 = APPLICATION_PROTOCOL_DEFINITION ( 'draft international standard', 'automotive_design', 1998, #542 ) ;
#364 = AXIS2_PLACEMENT_3D ( 'NONE', #1549, #1240, #300 ) ;
#365 = AXIS2_PLACEMENT_3D ( 'NONE', #373, #1507, #933 ) ;
#366 = PROPERTY_DEFINITION_REPRESENTATION ( #1710, #276 ) ;
#367 = PROPERTY_DEFINITION_REPRESENTATION ( #750, #1408 ) ;
#368 = APPLICATION_CONTEXT ( 'automotive_design' ) ;
#369 = APPLICATION_CONTEXT ( 'automotive_design' ) ;
#370 = OBJECT_ROLE ('mandatory',$ ) ;
#371 = PROPERTY_DEFINITION_REPRESENTATION ( #123, #1530 ) ;
#372 = DOCUMENT_TYPE ( 'geometry' ) ;
#373 = CARTESIAN_POINT ( 'NONE',  ( 176.0000000000000568, 88.08337224481194028, 100.1811304298979337 ) ) ;
#374 = PROPERTY_DEFINITION ('external definition','', #1695 ) ;
#375 =( GEOMETRIC_REPRESENTATION_CONTEXT ( 3 ) GLOBAL_UNCERTAINTY_ASSIGNED_CONTEXT ( ( #892 ) ) GLOBAL_UNIT_ASSIGNED_CONTEXT ( ( #1232, #1665, #531 ) ) REPRESENTATION_CONTEXT ( 'NONE', 'WORKASPACE' ) );
#376 = CONTEXT_DEPENDENT_SHAPE_REPRESENTATION ( #1421, #183 ) ;
#377 = APPLIED_EXTERNAL_IDENTIFICATION_ASSIGNMENT ( '5779K131_Push-to-Connect Tube Fitting for Air_5779K131.STEP' , #537, #915,( #577) ) ;
#378 = PRODUCT_DEFINITION ( 'General', '', #1255, #410 ) ;
#379 = PRODUCT_DEFINITION_FORMATION_WITH_SPECIFIED_SOURCE ( 'Symmetric', '', #1127, .NOT_KNOWN. ) ;
#380 = PROPERTY_DEFINITION ('external definition','', #1702 ) ;
#381 =( LENGTH_UNIT ( ) NAMED_UNIT ( * ) SI_UNIT ( .MILLI., .METRE. ) );
#382 = AXIS2_PLACEMENT_3D ( 'NONE', #78, #1278, #1401 ) ;
#383 = PRODUCT ( 'screen', 'screen', '', ( #306 ) ) ;
#384 = ITEM_DEFINED_TRANSFORMATION ( 'NONE', 'NONE', #126,  #737 ) ;
#385 =( REPRESENTATION_RELATIONSHIP ('NONE','NONE', #1464, #1029 ) REPRESENTATION_RELATIONSHIP_WITH_TRANSFORMATION ( #444 )SHAPE_REPRESENTATION_RELATIONSHIP( ) );
#386 = DOCUMENT_TYPE ( 'geometry' ) ;
#387 = DIRECTION ( 'NONE',  ( -1.000000000000000000, 5.551115123125782702E-17, -4.131277323210195340E-15 ) ) ;
#388 = CARTESIAN_POINT ( 'NONE',  ( 0.000000000000000000, 0.000000000000000000, 0.000000000000000000 ) ) ;
#389 = PROPERTY_DEFINITION_REPRESENTATION ( #15, #1156 ) ;
#390 = PROPERTY_DEFINITION ('external definition','', #1123 ) ;
#391 = PRODUCT_DEFINITION_CONTEXT ( 'detailed design', #820, 'design' ) ;
#393 = CARTESIAN_POINT ( 'NONE',  ( 133.2520000000000664, 67.53597645321504217, 130.3869999999999152 ) ) ;
#392 = APPLICATION_CONTEXT ( 'automotive_design' ) ;
#394 = APPLIED_DOCUMENT_REFERENCE ( #1099,'',( #1267) ) ;
#395 = AXIS2_PLACEMENT_3D ( 'NONE', #1005, #71, #607 ) ;
#396 = DIRECTION ( 'NONE',  ( -3.983673497353344511E-15, -3.421514306926738005E-16, 1.000000000000000000 ) ) ;
#397 =( REPRESENTATION_RELATIONSHIP ('NONE','NONE', #1464, #725 ) REPRESENTATION_RELATIONSHIP_WITH_TRANSFORMATION ( #1059 )SHAPE_REPRESENTATION_RELATIONSHIP( ) );
#398 = PROPERTY_DEFINITION ('document property','', #624 ) ;
#399 = ROLE_ASSOCIATION ( #1625, #1390 ) ;
#400 = PRODUCT_DEFINITION ( 'General', '', #754, #391 ) ;
#401 = SHAPE_DEFINITION_REPRESENTATION ( #1280, #846 ) ;
#402 = OBJECT_ROLE ('mandatory',$ ) ;
#403 = APPLICATION_CONTEXT ( 'automotive_design' ) ;
#404 = PROPERTY_DEFINITION_REPRESENTATION ( #947, #1029 ) ;
#405 = PROPERTY_DEFINITION ('external definition','', #1089 ) ;
#406 = SHAPE_DEFINITION_REPRESENTATION ( #852, #340 ) ;
#407 = SHAPE_REPRESENTATION ( 'acrylic_top', ( #837 ), #748 ) ;
#408 = DOCUMENT_TYPE ( 'geometry' ) ;
#409 = IDENTIFICATION_ROLE ( 'external document id and location', $) ;
#410 = PRODUCT_DEFINITION_CONTEXT ( 'detailed design', #724, 'design' ) ;
#411 = PRODUCT_DEFINITION ( 'General', '', #1485, #1462 ) ;
#412 = PRODUCT_CONTEXT ( 'NONE', #2, 'mechanical' ) ;
#413 = ITEM_DEFINED_TRANSFORMATION ( 'NONE', 'NONE', #186,  #521 ) ;
#414 =( NAMED_UNIT ( * ) PLANE_ANGLE_UNIT ( ) SI_UNIT ( $, .RADIAN. ) );
#415 = OBJECT_ROLE ('mandatory',$ ) ;
#416 = ROLE_ASSOCIATION ( #1034, #1504 ) ;
#417 = APPLICATION_PROTOCOL_DEFINITION ( 'draft international standard', 'automotive_design', 1998, #368 ) ;
#418 = PRODUCT_DEFINITION_SHAPE ( 'NONE', 'NONE',  #161 ) ;
#419 = PROPERTY_DEFINITION ('external definition','', #22 ) ;
#420 =( GEOMETRIC_REPRESENTATION_CONTEXT ( 3 ) GLOBAL_UNCERTAINTY_ASSIGNED_CONTEXT ( ( #1017 ) ) GLOBAL_UNIT_ASSIGNED_CONTEXT ( ( #636, #1460, #1468 ) ) REPRESENTATION_CONTEXT ( 'NONE', 'WORKASPACE' ) );
#421 = APPLIED_EXTERNAL_IDENTIFICATION_ASSIGNMENT ( '4830K133_Standard-Wall 304-304L Stainless Steel Pipe Nipple_4830K133.STEP' , #95, #8,( #1377) ) ;
#422 = CONTEXT_DEPENDENT_SHAPE_REPRESENTATION ( #1557, #944 ) ;
#423 = UNCERTAINTY_MEASURE_WITH_UNIT (LENGTH_MEASURE( 1.000000000000000082E-05 ), #174, 'distance_accuracy_value', 'NONE');
#424 = APPLICATION_PROTOCOL_DEFINITION ( 'draft international standard', 'automotive_design', 1998, #1245 ) ;
#425 = AXIS2_PLACEMENT_3D ( 'NONE', #69, #1606, #1466 ) ;
#426 = APPLIED_EXTERNAL_IDENTIFICATION_ASSIGNMENT ( '96016A237_Plastic-Head Thumb Screws_96016A237.STEP' , #608, #87,( #715) ) ;
#427 = PROPERTY_DEFINITION_REPRESENTATION ( #1223, #1029 ) ;
#428 = DIRECTION ( 'NONE',  ( -2.220446049250313081E-16, 1.199165901119599534E-17, -1.000000000000000222 ) ) ;
#429 = OBJECT_ROLE ('mandatory',$ ) ;
#430 = PRODUCT_DEFINITION ( 'General', '', #1635, #72 ) ;
#431 = PRODUCT ( 'compute_box', 'compute_box', '', ( #819 ) ) ;
#432 = ITEM_DEFINED_TRANSFORMATION ( 'NONE', 'NONE', #829,  #1590 ) ;
#433 = PROPERTY_DEFINITION ('external definition','', #1583 ) ;
#434 = ITEM_DEFINED_TRANSFORMATION ( 'NONE', 'NONE', #1650,  #654 ) ;
#435 = PRODUCT_DEFINITION_FORMATION_WITH_SPECIFIED_SOURCE ( 'Symmetric', '', #1639, .NOT_KNOWN. ) ;
#436 = APPLICATION_PROTOCOL_DEFINITION ( 'draft international standard', 'automotive_design', 1998, #999 ) ;
#437 = APPLICATION_PROTOCOL_DEFINITION ( 'draft international standard', 'automotive_design', 1998, #1102 ) ;
#438 = OBJECT_ROLE ('mandatory',$ ) ;
#439 =( REPRESENTATION_RELATIONSHIP ('NONE','NONE', #1464, #536 ) REPRESENTATION_RELATIONSHIP_WITH_TRANSFORMATION ( #1046 )SHAPE_REPRESENTATION_RELATIONSHIP( ) );
#440 = ROLE_ASSOCIATION ( #337, #860 ) ;
#441 = PRODUCT_CONTEXT ( 'NONE', #1170, 'mechanical' ) ;
#442 = DIRECTION ( 'NONE',  ( 1.523859081324624328E-32, 1.000000000000000000, -5.282063047118695729E-16 ) ) ;
#443 = PRODUCT_DEFINITION_SHAPE ( 'NONE', 'NONE',  #1119 ) ;
#444 = ITEM_DEFINED_TRANSFORMATION ( 'NONE', 'NONE', #998,  #521 ) ;
#445 = IDENTIFICATION_ROLE ( 'external document id and location', $) ;
#446 = APPLIED_DOCUMENT_REFERENCE ( #991,'',( #992) ) ;
#447 = AXIS2_PLACEMENT_3D ( 'NONE', #1299, #1319, #877 ) ;
#448 = APPLICATION_PROTOCOL_DEFINITION ( 'draft international standard', 'automotive_design', 1998, #1453 ) ;
#449 = DOCUMENT_TYPE ( 'geometry' ) ;
#450 = APPLICATION_CONTEXT ( 'automotive_design' ) ;
#451 = PROPERTY_DEFINITION_REPRESENTATION ( #597, #1029 ) ;
#452 = DIRECTION ( 'NONE',  ( 1.848892746611746419E-31, -1.000000000000000000, 2.157660788324225486E-16 ) ) ;
#453 = ROLE_ASSOCIATION ( #880, #878 ) ;
#454 = PROPERTY_DEFINITION_REPRESENTATION ( #374, #913 ) ;
#455 = PROPERTY_DEFINITION ('document property','', #1018 ) ;
#456 = CARTESIAN_POINT ( 'NONE',  ( 94.40300000000159741, -9.701976453215401364, -155.0667000000010489 ) ) ;
#457 = ITEM_DEFINED_TRANSFORMATION ( 'NONE', 'NONE', #1419,  #654 ) ;
#458 = PRODUCT_DEFINITION_FORMATION_WITH_SPECIFIED_SOURCE ( 'Symmetric', '', #1411, .NOT_KNOWN. ) ;
#459 =( REPRESENTATION_RELATIONSHIP ('NONE','NONE', #1464, #1029 ) REPRESENTATION_RELATIONSHIP_WITH_TRANSFORMATION ( #1015 )SHAPE_REPRESENTATION_RELATIONSHIP( ) );
#460 = PRODUCT_RELATED_PRODUCT_CATEGORY ( 'part', '', ( #996 ) ) ;
#461 = PROPERTY_DEFINITION_REPRESENTATION ( #1616, #1029 ) ;
#462 = OBJECT_ROLE ('mandatory',$ ) ;
#463 = CARTESIAN_POINT ( 'NONE',  ( 248.7064795066839906, 35.00000000000000000, -29.99999999999749178 ) ) ;
#464 = PROPERTY_DEFINITION_REPRESENTATION ( #1568, #91 ) ;
#465 = AXIS2_PLACEMENT_3D ( 'NONE', #869, #586, #598 ) ;
#466 = DIRECTION ( 'NONE',  ( 0.000000000000000000, 0.000000000000000000, 1.000000000000000000 ) ) ;
#467 = APPLICATION_PROTOCOL_DEFINITION ( 'draft international standard', 'automotive_design', 1998, #956 ) ;
#468 = SHAPE_REPRESENTATION ( '8903T45_Mil. Spec. Signal-Power Connector_8903T45', ( #1351 ), #1180 ) ;
#469 = DIRECTION ( 'NONE',  ( 3.600277058649505813E-17, 0.005365281091390379162, 0.9999856067758228217 ) ) ;
#470 = OBJECT_ROLE ('mandatory',$ ) ;
#471 = UNCERTAINTY_MEASURE_WITH_UNIT (LENGTH_MEASURE( 1.000000000000000082E-05 ), #1069, 'distance_accuracy_value', 'NONE');
#472 = PRODUCT_DEFINITION_SHAPE ( 'NONE', 'NONE',  #1791 ) ;
#473 = CONTEXT_DEPENDENT_SHAPE_REPRESENTATION ( #1195, #735 ) ;
#474 = OBJECT_ROLE ('mandatory',$ ) ;
#475 = PROPERTY_DEFINITION ('document property','', #903 ) ;
#476 = DIRECTION ( 'NONE',  ( 0.000000000000000000, 0.000000000000000000, 1.000000000000000000 ) ) ;
#477 = CONTEXT_DEPENDENT_SHAPE_REPRESENTATION ( #1030, #1189 ) ;
#478 = AXIS2_PLACEMENT_3D ( 'NONE', #866, #592, #35 ) ;
#479 = APPLICATION_PROTOCOL_DEFINITION ( 'draft international standard', 'automotive_design', 1998, #1118 ) ;
#480 = DIRECTION ( 'NONE',  ( 2.278389527667127653E-32, -7.395570986446994434E-32, -1.000000000000000000 ) ) ;
#481 = DOCUMENT_FILE ( 'Antenna_assembly v4.STEP' , '', '', #1158, '' ,$ ) ;
#482 = AXIS2_PLACEMENT_3D ( 'NONE', #1439, #1458, #503 ) ;
#483 = APPLICATION_CONTEXT ( 'automotive_design' ) ;
#484 = PROPERTY_DEFINITION_REPRESENTATION ( #1296, #91 ) ;
#485 = DOCUMENT_TYPE ( 'geometry' ) ;
#486 = PRODUCT_DEFINITION_SHAPE ( 'NONE', 'NONE',  #1794 ) ;
#487 = IDENTIFICATION_ROLE ( 'external document id and location', $) ;
#488 = CARTESIAN_POINT ( 'NONE',  ( 218.2520000000000664, 61.38597645321495833, -155.3870000000008815 ) ) ;
#489 = PRODUCT_DEFINITION_SHAPE ( 'NONE', 'NONE',  #1780 ) ;
#490 = UNCERTAINTY_MEASURE_WITH_UNIT (LENGTH_MEASURE( 1.000000000000000082E-05 ), #1304, 'distance_accuracy_value', 'NONE');
#491 = APPLIED_EXTERNAL_IDENTIFICATION_ASSIGNMENT ( '4830K133_Standard-Wall 304-304L Stainless Steel Pipe Nipple_4830K133.STEP' , #582, #780,( #496) ) ;
#492 = PROPERTY_DEFINITION_REPRESENTATION ( #1328, #1608 ) ;
#493 = DIRECTION ( 'NONE',  ( 1.000000000000000000, 0.000000000000000000, 0.000000000000000000 ) ) ;
#494 = PROPERTY_DEFINITION_REPRESENTATION ( #571, #725 ) ;
#495 =( REPRESENTATION_RELATIONSHIP ('NONE','NONE', #1464, #1217 ) REPRESENTATION_RELATIONSHIP_WITH_TRANSFORMATION ( #1508 )SHAPE_REPRESENTATION_RELATIONSHIP( ) );
#496 = DOCUMENT_FILE ( '4830K133_Standard-Wall 304-304L Stainless Steel Pipe Nipple_4830K133.STEP' , '', '', #561, '' ,$ ) ;
#497 = OBJECT_ROLE ('mandatory',$ ) ;
#498 = CARTESIAN_POINT ( 'NONE',  ( 0.000000000000000000, 0.000000000000000000, 0.000000000000000000 ) ) ;
#499 = CONTEXT_DEPENDENT_SHAPE_REPRESENTATION ( #1434, #1636 ) ;
#500 = PROPERTY_DEFINITION ('external definition','', #1083 ) ;
#501 = PROPERTY_DEFINITION_REPRESENTATION ( #853, #1703 ) ;
#502 = PRODUCT_DEFINITION_SHAPE ( 'NONE', 'NONE',  #1785 ) ;
#503 = DIRECTION ( 'NONE',  ( 1.000000000000000000, 0.000000000000000000, 0.000000000000000000 ) ) ;
#504 = DOCUMENT_FILE ( 'QB3-3D.STEP' , '', '', #873, '' ,$ ) ;
#505 = OBJECT_ROLE ('mandatory',$ ) ;
#506 = PRODUCT_RELATED_PRODUCT_CATEGORY ( 'part', '', ( #1411 ) ) ;
#507 = PRODUCT ( 'case', 'case', '', ( #1125 ) ) ;
#508 = DIRECTION ( 'NONE',  ( 0.000000000000000000, 0.000000000000000000, -1.000000000000000000 ) ) ;
#509 = AXIS2_PLACEMENT_3D ( 'NONE', #189, #171, #1426 ) ;
#510 = APPLIED_DOCUMENT_REFERENCE ( #787,'',( #830) ) ;
#511 =( LENGTH_UNIT ( ) NAMED_UNIT ( * ) SI_UNIT ( .MILLI., .METRE. ) );
#512 = APPLIED_DOCUMENT_REFERENCE ( #1089,'',( #753) ) ;
#513 =( LENGTH_UNIT ( ) NAMED_UNIT ( * ) SI_UNIT ( .MILLI., .METRE. ) );
#514 = PROPERTY_DEFINITION ('document property','', #1377 ) ;
#515 = PROPERTY_DEFINITION_REPRESENTATION ( #867, #468 ) ;
#516 = DOCUMENT_TYPE ( 'geometry' ) ;
#517 = APPLIED_EXTERNAL_IDENTIFICATION_ASSIGNMENT ( 'QB3-3D.STEP' , #1224, #122,( #280) ) ;
#518 = PRODUCT_DEFINITION_SHAPE ( 'NONE', 'NONE',  #1786 ) ;
#519 = CARTESIAN_POINT ( 'NONE',  ( -88.15380845167003088, -45.89697645321547981, 133.2900615433009932 ) ) ;
#520 = IDENTIFICATION_ROLE ( 'external document id and location', $) ;
#521 = AXIS2_PLACEMENT_3D ( 'NONE', #388, #10, #978 ) ;
#522 = DIRECTION ( 'NONE',  ( 1.000000000000000000, -1.214384335931036450E-16, -1.070023242689435845E-17 ) ) ;
#523 = APPLICATION_CONTEXT ( 'automotive_design' ) ;
#524 = PRODUCT_RELATED_PRODUCT_CATEGORY ( 'part', '', ( #431 ) ) ;
#525 = CARTESIAN_POINT ( 'NONE',  ( 134.0250000000010004, -18.39697645321540520, -109.4870000000014585 ) ) ;
#526 = SHAPE_REPRESENTATION ( 'screen', ( #670 ), #1120 ) ;
#527 = EXTERNAL_SOURCE (IDENTIFIER('') ) ;
#528 = OBJECT_ROLE ('mandatory',$ ) ;
#529 = PROPERTY_DEFINITION ('external definition','', #702 ) ;
#530 = UNCERTAINTY_MEASURE_WITH_UNIT (LENGTH_MEASURE( 1.000000000000000082E-05 ), #1121, 'distance_accuracy_value', 'NONE');
#531 =( NAMED_UNIT ( * ) SI_UNIT ( $, .STERADIAN. ) SOLID_ANGLE_UNIT ( ) );
#532 = APPLICATION_PROTOCOL_DEFINITION ( 'draft international standard', 'automotive_design', 1998, #1041 ) ;
#533 = PROPERTY_DEFINITION_REPRESENTATION ( #1160, #230 ) ;
#534 = DIRECTION ( 'NONE',  ( -2.220446049250313081E-16, 1.199165901119599534E-17, -1.000000000000000222 ) ) ;
#535 = PRODUCT_RELATED_PRODUCT_CATEGORY ( 'part', '', ( #1227 ) ) ;
#536 = SHAPE_REPRESENTATION ( '4830K133_Standard-Wall 304-304L Stainless Steel Pipe Nipple_4830K133', ( #185 ), #420 ) ;
#537 = IDENTIFICATION_ROLE ( 'external document id and location', $) ;
#538 = PROPERTY_DEFINITION_REPRESENTATION ( #839, #1543 ) ;
#539 = PRODUCT_CONTEXT ( 'NONE', #1233, 'mechanical' ) ;
#540 = PROPERTY_DEFINITION_REPRESENTATION ( #1562, #1029 ) ;
#541 = OBJECT_ROLE ('mandatory',$ ) ;
#542 = APPLICATION_CONTEXT ( 'automotive_design' ) ;
#543 = PRODUCT_DEFINITION_SHAPE ( 'NONE', 'NONE',  #1748 ) ;
#544 = ROLE_ASSOCIATION ( #935, #1225 ) ;
#545 = PRODUCT_DEFINITION_FORMATION_WITH_SPECIFIED_SOURCE ( 'Symmetric', '', #1500, .NOT_KNOWN. ) ;
#546 =( GEOMETRIC_REPRESENTATION_CONTEXT ( 3 ) GLOBAL_UNCERTAINTY_ASSIGNED_CONTEXT ( ( #1391 ) ) GLOBAL_UNIT_ASSIGNED_CONTEXT ( ( #950, #1086, #844 ) ) REPRESENTATION_CONTEXT ( 'NONE', 'WORKASPACE' ) );
#547 =( LENGTH_UNIT ( ) NAMED_UNIT ( * ) SI_UNIT ( .MILLI., .METRE. ) );
#548 = IDENTIFICATION_ROLE ( 'external document id and location', $) ;
#549 = UNCERTAINTY_MEASURE_WITH_UNIT (LENGTH_MEASURE( 1.000000000000000082E-05 ), #140, 'distance_accuracy_value', 'NONE');
#550 = CARTESIAN_POINT ( 'NONE',  ( 0.000000000000000000, 0.000000000000000000, 0.000000000000000000 ) ) ;
#551 = SHAPE_DEFINITION_REPRESENTATION ( #443, #154 ) ;
#552 = IDENTIFICATION_ROLE ( 'external document id and location', $) ;
#553 = IDENTIFICATION_ROLE ( 'external document id and location', $) ;
#554 = PROPERTY_DEFINITION_REPRESENTATION ( #668, #725 ) ;
#555 = DIRECTION ( 'NONE',  ( 1.000000000000000000, 0.000000000000000000, 0.000000000000000000 ) ) ;
#556 = SHAPE_DEFINITION_REPRESENTATION ( #302, #674 ) ;
#557 = PRODUCT_DEFINITION_SHAPE ( 'NONE', 'NONE',  #1186 ) ;
#558 = PROPERTY_DEFINITION ('document property','', #22 ) ;
#559 = EXTERNAL_SOURCE (IDENTIFIER('') ) ;
#560 = APPLIED_EXTERNAL_IDENTIFICATION_ASSIGNMENT ( 'xl6009_DCDC_BoostBuck.STEP' , #81, #1078,( #1123) ) ;
#561 = DOCUMENT_TYPE ( 'geometry' ) ;
#562 = AXIS2_PLACEMENT_3D ( 'NONE', #1374, #1492, #396 ) ;
#563 = ITEM_DEFINED_TRANSFORMATION ( 'NONE', 'NONE', #889,  #198 ) ;
#564 = PRODUCT_DEFINITION_CONTEXT ( 'detailed design', #827, 'design' ) ;
#565 = APPLICATION_PROTOCOL_DEFINITION ( 'draft international standard', 'automotive_design', 1998, #1052 ) ;
#566 = DIRECTION ( 'NONE',  ( -1.000000000000000000, 2.102433306442150080E-30, -3.973575189030487039E-15 ) ) ;
#567 = APPLICATION_CONTEXT ( 'automotive_design' ) ;
#568 =( NAMED_UNIT ( * ) PLANE_ANGLE_UNIT ( ) SI_UNIT ( $, .RADIAN. ) );
#569 = PRODUCT_DEFINITION_SHAPE ( 'NONE', 'NONE',  #1267 ) ;
#570 = ROLE_ASSOCIATION ( #1173, #1001 ) ;
#571 = PROPERTY_DEFINITION ('external definition','', #903 ) ;
#572 = SHAPE_REPRESENTATION ( 'xl6009_DCDC_BoostBuck', ( #198 ), #375 ) ;
#573 = DIRECTION ( 'NONE',  ( 1.000000000000000000, 0.000000000000000000, 0.000000000000000000 ) ) ;
#574 = DOCUMENT_TYPE ( 'geometry' ) ;
#575 = DOCUMENT_FILE ( 'case.STEP' , '', '', #1105, '' ,$ ) ;
#576 = CARTESIAN_POINT ( 'NONE',  ( 132.5250000000015973, -18.39697645321537323, -154.2870000000009441 ) ) ;
#577 = DOCUMENT_FILE ( '5779K131_Push-to-Connect Tube Fitting for Air_5779K131.STEP' , '', '', #231, '' ,$ ) ;
#578 = DOCUMENT_TYPE ( 'geometry' ) ;
#579 = APPLICATION_PROTOCOL_DEFINITION ( 'draft international standard', 'automotive_design', 1998, #151 ) ;
#580 = EXTERNAL_SOURCE (IDENTIFIER('') ) ;
#581 = CONTEXT_DEPENDENT_SHAPE_REPRESENTATION ( #55, #1310 ) ;
#582 = IDENTIFICATION_ROLE ( 'external document id and location', $) ;
#583 = DIRECTION ( 'NONE',  ( -4.229240414525068652E-15, 1.110223024625168620E-16, 1.000000000000000000 ) ) ;
#584 = PROPERTY_DEFINITION ('external definition','', #1463 ) ;
#585 = PRODUCT ( '5779K131_Push-to-Connect Tube Fitting for Air_5779K131', '5779K131_Push-to-Connect Tube Fitting for Air_5779K131', '', ( #980 ) ) ;
#586 = DIRECTION ( 'NONE',  ( 0.000000000000000000, 0.000000000000000000, 1.000000000000000000 ) ) ;
#587 = ROLE_ASSOCIATION ( #21, #175 ) ;
#588 = AXIS2_PLACEMENT_3D ( 'NONE', #456, #1542, #1082 ) ;
#589 =( NAMED_UNIT ( * ) SI_UNIT ( $, .STERADIAN. ) SOLID_ANGLE_UNIT ( ) );
#590 = SHAPE_DEFINITION_REPRESENTATION ( #1192, #776 ) ;
#591 = APPLIED_DOCUMENT_REFERENCE ( #575,'',( #1119) ) ;
#592 = DIRECTION ( 'NONE',  ( 2.220446049250313081E-16, 2.736911063134408342E-48, 1.000000000000000222 ) ) ;
#593 = APPLIED_EXTERNAL_IDENTIFICATION_ASSIGNMENT ( '96016A237_Plastic-Head Thumb Screws_96016A237.STEP' , #1084, #965,( #977) ) ;
#594 = DOCUMENT_TYPE ( 'geometry' ) ;
#595 = PRODUCT_DEFINITION_CONTEXT ( 'detailed design', #1576, 'design' ) ;
#596 = CONTEXT_DEPENDENT_SHAPE_REPRESENTATION ( #727, #344 ) ;
#597 = PROPERTY_DEFINITION ('external definition','', #715 ) ;
#598 = DIRECTION ( 'NONE',  ( 1.000000000000000000, 0.000000000000000000, 0.000000000000000000 ) ) ;
#599 = PROPERTY_DEFINITION_REPRESENTATION ( #1128, #572 ) ;
#600 = PROPERTY_DEFINITION ('external definition','', #1456 ) ;
#601 = CARTESIAN_POINT ( 'NONE',  ( 0.000000000000000000, 0.000000000000000000, 0.000000000000000000 ) ) ;
#602 =( NAMED_UNIT ( * ) SI_UNIT ( $, .STERADIAN. ) SOLID_ANGLE_UNIT ( ) );
#603 = SHAPE_DEFINITION_REPRESENTATION ( #937, #526 ) ;
#604 = PRODUCT_DEFINITION_FORMATION_WITH_SPECIFIED_SOURCE ( 'Symmetric', '', #916, .NOT_KNOWN. ) ;
#605 = AXIS2_PLACEMENT_3D ( 'NONE', #498, #1336, #1054 ) ;
#606 = ROLE_ASSOCIATION ( #1031, #854 ) ;
#607 = DIRECTION ( 'NONE',  ( 0.000000000000000000, 0.000000000000000000, -1.000000000000000000 ) ) ;
#608 = IDENTIFICATION_ROLE ( 'external document id and location', $) ;
#609 = ROLE_ASSOCIATION ( #1569, #1311 ) ;
#610 = DIRECTION ( 'NONE',  ( 1.000000000000000000, 0.000000000000000000, 0.000000000000000000 ) ) ;
#611 = ITEM_DEFINED_TRANSFORMATION ( 'NONE', 'NONE', #251,  #670 ) ;
#612 =( GEOMETRIC_REPRESENTATION_CONTEXT ( 3 ) GLOBAL_UNCERTAINTY_ASSIGNED_CONTEXT ( ( #423 ) ) GLOBAL_UNIT_ASSIGNED_CONTEXT ( ( #174, #1273, #1168 ) ) REPRESENTATION_CONTEXT ( 'NONE', 'WORKASPACE' ) );
#613 =( NAMED_UNIT ( * ) SI_UNIT ( $, .STERADIAN. ) SOLID_ANGLE_UNIT ( ) );
#614 = PRODUCT_CONTEXT ( 'NONE', #20, 'mechanical' ) ;
#615 = DIRECTION ( 'NONE',  ( -1.232595164407830946E-31, 1.000000000000000000, -2.220446049250310616E-16 ) ) ;
#616 = PRODUCT_DEFINITION_CONTEXT ( 'detailed design', #1101, 'design' ) ;
#617 = PRODUCT_DEFINITION ( 'General', '', #1713, #1338 ) ;
#618 = DOCUMENT_FILE ( '96016A237_Plastic-Head Thumb Screws_96016A237.STEP' , '', '', #1511, '' ,$ ) ;
#619 = PROPERTY_DEFINITION ('document property','', #618 ) ;
#620 =( NAMED_UNIT ( * ) PLANE_ANGLE_UNIT ( ) SI_UNIT ( $, .RADIAN. ) );
#621 = PROPERTY_DEFINITION_REPRESENTATION ( #884, #1408 ) ;
#622 = EXTERNAL_SOURCE (IDENTIFIER('') ) ;
#623 =( NAMED_UNIT ( * ) PLANE_ANGLE_UNIT ( ) SI_UNIT ( $, .RADIAN. ) );
#624 = DOCUMENT_FILE ( 'arduino uno.STEP' , '', '', #815, '' ,$ ) ;
#625 = IDENTIFICATION_ROLE ( 'external document id and location', $) ;
#626 = AXIS2_PLACEMENT_3D ( 'NONE', #525, #1359, #293 ) ;
#627 = CARTESIAN_POINT ( 'NONE',  ( 0.000000000000000000, 0.000000000000000000, 0.000000000000000000 ) ) ;
#628 = CARTESIAN_POINT ( 'NONE',  ( 117.2749999999999773, -39.91697645321544030, 28.51300000000053814 ) ) ;
#629 = ITEM_DEFINED_TRANSFORMATION ( 'NONE', 'NONE', #1243,  #1351 ) ;
#630 = APPLIED_EXTERNAL_IDENTIFICATION_ASSIGNMENT ( 'case.STEP' , #1389, #1430,( #575) ) ;
#631 = PROPERTY_DEFINITION_REPRESENTATION ( #1027, #1291 ) ;
#632 = APPLICATION_CONTEXT ( 'automotive_design' ) ;
#633 = CONTEXT_DEPENDENT_SHAPE_REPRESENTATION ( #1147, #543 ) ;
#634 = DOCUMENT_TYPE ( 'geometry' ) ;
#635 = PRODUCT ( '5697T29_Wet-Location Data Connector_5697T29', '5697T29_Wet-Location Data Connector_5697T29', '', ( #1266 ) ) ;
#636 =( LENGTH_UNIT ( ) NAMED_UNIT ( * ) SI_UNIT ( .MILLI., .METRE. ) );
#637 = DIRECTION ( 'NONE',  ( -1.000000000000000000, -2.608672109672510963E-31, 0.000000000000000000 ) ) ;
#638 = PROPERTY_DEFINITION ('external definition','', #1380 ) ;
#639 = PROPERTY_DEFINITION_REPRESENTATION ( #1343, #276 ) ;
#640 = PRODUCT_DEFINITION_SHAPE ( 'NONE', 'NONE',  #992 ) ;
#641 = EXTERNAL_SOURCE (IDENTIFIER('') ) ;
#642 = PRODUCT_DEFINITION ( 'General', '', #1011, #1534 ) ;
#643 = PROPERTY_DEFINITION_REPRESENTATION ( #1253, #1522 ) ;
#644 =( NAMED_UNIT ( * ) SI_UNIT ( $, .STERADIAN. ) SOLID_ANGLE_UNIT ( ) );
#645 = DIRECTION ( 'NONE',  ( -1.000000000000000222, -1.232595164407831767E-32, -7.216449660063517513E-16 ) ) ;
#646 = CONTEXT_DEPENDENT_SHAPE_REPRESENTATION ( #1655, #1740 ) ;
#647 = EXTERNAL_SOURCE (IDENTIFIER('') ) ;
#648 = PROPERTY_DEFINITION ('external definition','', #1412 ) ;
#649 =( NAMED_UNIT ( * ) SI_UNIT ( $, .STERADIAN. ) SOLID_ANGLE_UNIT ( ) );
#650 = CONTEXT_DEPENDENT_SHAPE_REPRESENTATION ( #397, #1724 ) ;
#651 = IDENTIFICATION_ROLE ( 'external document id and location', $) ;
#652 = PROPERTY_DEFINITION ('external definition','', #481 ) ;
#653 = PRODUCT_RELATED_PRODUCT_CATEGORY ( 'part', '', ( #585 ) ) ;
#654 = AXIS2_PLACEMENT_3D ( 'NONE', #70, #1354, #1347 ) ;
#655 = APPLIED_EXTERNAL_IDENTIFICATION_ASSIGNMENT ( 'jetson_subassembly.STEP' , #409, #223,( #702) ) ;
#656 = PRODUCT ( 'MDDS10', 'MDDS10', '', ( #40 ) ) ;
#657 = CARTESIAN_POINT ( 'NONE',  ( -176.0000000000000853, 86.81636111508007048, -135.9654706102132309 ) ) ;
#658 = ITEM_DEFINED_TRANSFORMATION ( 'NONE', 'NONE', #1385,  #382 ) ;
#659 = CARTESIAN_POINT ( 'NONE',  ( 38.60296249526300016, -9.701976453215401364, -50.53859996356366935 ) ) ;
#660 = SHAPE_REPRESENTATION ( 'jetson_subassembly', ( #56 ), #546 ) ;
#661 = APPLIED_EXTERNAL_IDENTIFICATION_ASSIGNMENT ( '96016A237_Plastic-Head Thumb Screws_96016A237.STEP' , #64, #622,( #1276) ) ;
#662 = OBJECT_ROLE ('mandatory',$ ) ;
#663 = DOCUMENT_TYPE ( 'geometry' ) ;
#664 = APPLIED_DOCUMENT_REFERENCE ( #1541,'',( #924) ) ;
#665 = UNCERTAINTY_MEASURE_WITH_UNIT (LENGTH_MEASURE( 1.000000000000000082E-05 ), #33, 'distance_accuracy_value', 'NONE');
#666 = DIRECTION ( 'NONE',  ( 1.000000000000000000, 0.000000000000000000, 0.000000000000000000 ) ) ;
#667 = CARTESIAN_POINT ( 'NONE',  ( -176.0000000000000284, 88.08337224481181238, 100.1811304298978484 ) ) ;
#668 = PROPERTY_DEFINITION ('document property','', #264 ) ;
#669 = PRODUCT_RELATED_PRODUCT_CATEGORY ( 'part', '', ( #1668 ) ) ;
#670 = AXIS2_PLACEMENT_3D ( 'NONE', #266, #1140, #988 ) ;
#671 = AXIS2_PLACEMENT_3D ( 'NONE', #831, #1388, #1091 ) ;
#672 = PRODUCT_DEFINITION_FORMATION_WITH_SPECIFIED_SOURCE ( 'Symmetric', '', #88, .NOT_KNOWN. ) ;
#673 = APPLICATION_CONTEXT ( 'automotive_design' ) ;
#674 = SHAPE_REPRESENTATION ( '5779K445_Push-to-Connect Tube Fitting for Air_5779K445', ( #425 ), #758 ) ;
#675 =( NAMED_UNIT ( * ) SI_UNIT ( $, .STERADIAN. ) SOLID_ANGLE_UNIT ( ) );
#676 = ROLE_ASSOCIATION ( #474, #1533 ) ;
#677 = DIRECTION ( 'NONE',  ( 1.000000000000000000, 0.000000000000000000, 0.000000000000000000 ) ) ;
#678 = DIRECTION ( 'NONE',  ( 0.000000000000000000, 0.000000000000000000, 1.000000000000000000 ) ) ;
#679 = EXTERNAL_SOURCE (IDENTIFIER('') ) ;
#680 = PRODUCT_RELATED_PRODUCT_CATEGORY ( 'part', '', ( #362 ) ) ;
#681 = PROPERTY_DEFINITION ('external definition','', #305 ) ;
#682 = PRODUCT_DEFINITION_CONTEXT ( 'detailed design', #1679, 'design' ) ;
#683 = CARTESIAN_POINT ( 'NONE',  ( 0.000000000000000000, 0.000000000000000000, 0.000000000000000000 ) ) ;
#684 = PRODUCT_CONTEXT ( 'NONE', #1550, 'mechanical' ) ;
#685 = APPLIED_DOCUMENT_REFERENCE ( #1667,'',( #208) ) ;
#686 = DOCUMENT_TYPE ( 'geometry' ) ;
#687 = AXIS2_PLACEMENT_3D ( 'NONE', #1212, #637, #1478 ) ;
#688 = EXTERNAL_SOURCE (IDENTIFIER('') ) ;
#689 = UNCERTAINTY_MEASURE_WITH_UNIT (LENGTH_MEASURE( 1.000000000000000082E-05 ), #155, 'distance_accuracy_value', 'NONE');
#690 = PROPERTY_DEFINITION_REPRESENTATION ( #1659, #1530 ) ;
#691 = APPLICATION_PROTOCOL_DEFINITION ( 'draft international standard', 'automotive_design', 1998, #1387 ) ;
#692 = PROPERTY_DEFINITION_REPRESENTATION ( #247, #1217 ) ;
#693 = PRODUCT_DEFINITION_SHAPE ( 'NONE', 'NONE',  #830 ) ;
#694 = DOCUMENT_TYPE ( 'geometry' ) ;
#695 = PROPERTY_DEFINITION ('document property','', #1123 ) ;
#696 = APPLIED_EXTERNAL_IDENTIFICATION_ASSIGNMENT ( '96016A237_Plastic-Head Thumb Screws_96016A237.STEP' , #751, #559,( #618) ) ;
#697 = PRODUCT_DEFINITION_FORMATION_WITH_SPECIFIED_SOURCE ( 'Symmetric', '', #102, .NOT_KNOWN. ) ;
#698 = CONTEXT_DEPENDENT_SHAPE_REPRESENTATION ( #1185, #1 ) ;
#699 = PRODUCT_DEFINITION_CONTEXT ( 'detailed design', #523, 'design' ) ;
#700 = APPLICATION_PROTOCOL_DEFINITION ( 'draft international standard', 'automotive_design', 1998, #450 ) ;
#701 = DIRECTION ( 'NONE',  ( 0.000000000000000000, 0.000000000000000000, 1.000000000000000000 ) ) ;
#702 = DOCUMENT_FILE ( 'jetson_subassembly.STEP' , '', '', #386, '' ,$ ) ;
#703 = APPLICATION_PROTOCOL_DEFINITION ( 'draft international standard', 'automotive_design', 1998, #1340 ) ;
#704 = EXTERNAL_SOURCE (IDENTIFIER('') ) ;
#705 = PRODUCT_DEFINITION_SHAPE ( 'NONE', 'NONE',  #1758 ) ;
#706 = DOCUMENT_FILE ( 'small_emergency_button.STEP' , '', '', #408, '' ,$ ) ;
#707 = AXIS2_PLACEMENT_3D ( 'NONE', #811, #258, #355 ) ;
#708 = AXIS2_PLACEMENT_3D ( 'NONE', #463, #199, #1578 ) ;
#709 = APPLICATION_CONTEXT ( 'automotive_design' ) ;
#710 = ITEM_DEFINED_TRANSFORMATION ( 'NONE', 'NONE', #41,  #198 ) ;
#711 =( NAMED_UNIT ( * ) PLANE_ANGLE_UNIT ( ) SI_UNIT ( $, .RADIAN. ) );
#712 = APPLICATION_PROTOCOL_DEFINITION ( 'draft international standard', 'automotive_design', 1998, #192 ) ;
#713 =( NAMED_UNIT ( * ) SI_UNIT ( $, .STERADIAN. ) SOLID_ANGLE_UNIT ( ) );
#714 =( REPRESENTATION_RELATIONSHIP ('NONE','NONE', #1464, #1662 ) REPRESENTATION_RELATIONSHIP_WITH_TRANSFORMATION ( #1620 )SHAPE_REPRESENTATION_RELATIONSHIP( ) );
#715 = DOCUMENT_FILE ( '96016A237_Plastic-Head Thumb Screws_96016A237.STEP' , '', '', #272, '' ,$ ) ;
#716 = DOCUMENT_TYPE ( 'geometry' ) ;
#717 = DIRECTION ( 'NONE',  ( 0.000000000000000000, 0.000000000000000000, 1.000000000000000000 ) ) ;
#718 = ITEM_DEFINED_TRANSFORMATION ( 'NONE', 'NONE', #769,  #671 ) ;
#719 = APPLIED_EXTERNAL_IDENTIFICATION_ASSIGNMENT ( 'xl6009_DCDC_BoostBuck.STEP' , #1693, #1210,( #44) ) ;
#720 =( NAMED_UNIT ( * ) PLANE_ANGLE_UNIT ( ) SI_UNIT ( $, .RADIAN. ) );
#721 = PRODUCT_DEFINITION_SHAPE ( 'NONE', 'NONE',  #208 ) ;
#722 = PROPERTY_DEFINITION_REPRESENTATION ( #695, #572 ) ;
#723 = APPLICATION_PROTOCOL_DEFINITION ( 'draft international standard', 'automotive_design', 1998, #309 ) ;
#724 = APPLICATION_CONTEXT ( 'automotive_design' ) ;
#725 = SHAPE_REPRESENTATION ( '7699N53_Universal-Thread Push-to-Connect Tube Fittings_7699N53', ( #1573 ), #1191 ) ;
#726 = DIRECTION ( 'NONE',  ( 0.000000000000000000, 0.000000000000000000, 1.000000000000000000 ) ) ;
#727 =( REPRESENTATION_RELATIONSHIP ('NONE','NONE', #1464, #1235 ) REPRESENTATION_RELATIONSHIP_WITH_TRANSFORMATION ( #1176 )SHAPE_REPRESENTATION_RELATIONSHIP( ) );
#728 = PROPERTY_DEFINITION_REPRESENTATION ( #455, #1279 ) ;
#729 = PRODUCT_RELATED_PRODUCT_CATEGORY ( 'part', '', ( #1110 ) ) ;
#730 =( REPRESENTATION_RELATIONSHIP ('NONE','NONE', #1464, #1703 ) REPRESENTATION_RELATIONSHIP_WITH_TRANSFORMATION ( #888 )SHAPE_REPRESENTATION_RELATIONSHIP( ) );
#731 = ROLE_ASSOCIATION ( #115, #1169 ) ;
#732 = APPLICATION_PROTOCOL_DEFINITION ( 'draft international standard', 'automotive_design', 1998, #1678 ) ;
#733 = PROPERTY_DEFINITION_REPRESENTATION ( #228, #1029 ) ;
#734 = CARTESIAN_POINT ( 'NONE',  ( -51.74799999999991229, 55.67726845321502793, 130.3869999999993183 ) ) ;
#735 = PRODUCT_DEFINITION_SHAPE ( 'NONE', 'NONE',  #1771 ) ;
#736 = APPLIED_DOCUMENT_REFERENCE ( #618,'',( #1267) ) ;
#737 = AXIS2_PLACEMENT_3D ( 'NONE', #106, #1211, #666 ) ;
#738 = OBJECT_ROLE ('mandatory',$ ) ;
#739 = AXIS2_PLACEMENT_3D ( 'NONE', #150, #287, #163 ) ;
#740 = OBJECT_ROLE ('mandatory',$ ) ;
#741 = PROPERTY_DEFINITION_REPRESENTATION ( #195, #1217 ) ;
#742 =( GEOMETRIC_REPRESENTATION_CONTEXT ( 3 ) GLOBAL_UNCERTAINTY_ASSIGNED_CONTEXT ( ( #842 ) ) GLOBAL_UNIT_ASSIGNED_CONTEXT ( ( #511, #918, #1361 ) ) REPRESENTATION_CONTEXT ( 'NONE', 'WORKASPACE' ) );
#743 = DIRECTION ( 'NONE',  ( -1.000000000000000000, -1.860147399724259328E-31, 0.000000000000000000 ) ) ;
#744 = UNCERTAINTY_MEASURE_WITH_UNIT (LENGTH_MEASURE( 1.000000000000000082E-05 ), #817, 'distance_accuracy_value', 'NONE');
#745 = PROPERTY_DEFINITION ('external definition','', #1548 ) ;
#746 =( NAMED_UNIT ( * ) SI_UNIT ( $, .STERADIAN. ) SOLID_ANGLE_UNIT ( ) );
#747 = CONTEXT_DEPENDENT_SHAPE_REPRESENTATION ( #730, #1202 ) ;
#748 =( GEOMETRIC_REPRESENTATION_CONTEXT ( 3 ) GLOBAL_UNCERTAINTY_ASSIGNED_CONTEXT ( ( #1652 ) ) GLOBAL_UNIT_ASSIGNED_CONTEXT ( ( #994, #60, #613 ) ) REPRESENTATION_CONTEXT ( 'NONE', 'WORKASPACE' ) );
#749 = PRODUCT_DEFINITION_SHAPE ( 'NONE', 'NONE',  #1164 ) ;
#750 = PROPERTY_DEFINITION ('external definition','', #1196 ) ;
#751 = IDENTIFICATION_ROLE ( 'external document id and location', $) ;
#752 = PROPERTY_DEFINITION ('document property','', #1667 ) ;
#753 = PRODUCT_DEFINITION ( 'General', '', #111, #281 ) ;
#754 = PRODUCT_DEFINITION_FORMATION_WITH_SPECIFIED_SOURCE ( 'Symmetric', '', #431, .NOT_KNOWN. ) ;
#755 =( REPRESENTATION_RELATIONSHIP ('NONE','NONE', #1464, #725 ) REPRESENTATION_RELATIONSHIP_WITH_TRANSFORMATION ( #1512 )SHAPE_REPRESENTATION_RELATIONSHIP( ) );
#756 = PROPERTY_DEFINITION_REPRESENTATION ( #781, #154 ) ;
#757 = DIRECTION ( 'NONE',  ( 0.000000000000000000, 0.000000000000000000, 1.000000000000000000 ) ) ;
#758 =( GEOMETRIC_REPRESENTATION_CONTEXT ( 3 ) GLOBAL_UNCERTAINTY_ASSIGNED_CONTEXT ( ( #1444 ) ) GLOBAL_UNIT_ASSIGNED_CONTEXT ( ( #242, #1250, #253 ) ) REPRESENTATION_CONTEXT ( 'NONE', 'WORKASPACE' ) );
#759 = DOCUMENT_FILE ( 'CNLINKO YU-USB.STEP' , '', '', #791, '' ,$ ) ;
#760 = APPLIED_DOCUMENT_REFERENCE ( #1196,'',( #788) ) ;
#761 = ITEM_DEFINED_TRANSFORMATION ( 'NONE', 'NONE', #739,  #654 ) ;
#762 = DIRECTION ( 'NONE',  ( 0.000000000000000000, 0.000000000000000000, -1.000000000000000000 ) ) ;
#763 = PRODUCT_DEFINITION_CONTEXT ( 'detailed design', #1024, 'design' ) ;
#764 = PROPERTY_DEFINITION ('external definition','', #977 ) ;
#765 = PROPERTY_DEFINITION_REPRESENTATION ( #1157, #468 ) ;
#766 = IDENTIFICATION_ROLE ( 'external document id and location', $) ;
#767 = PROPERTY_DEFINITION ('document property','', #900 ) ;
#768 = PROPERTY_DEFINITION_REPRESENTATION ( #584, #725 ) ;
#769 = AXIS2_PLACEMENT_3D ( 'NONE', #734, #615, #42 ) ;
#770 = APPLIED_DOCUMENT_REFERENCE ( #496,'',( #753) ) ;
#771 = EXTERNAL_SOURCE (IDENTIFIER('') ) ;
#772 = CARTESIAN_POINT ( 'NONE',  ( 0.000000000000000000, 0.000000000000000000, 0.000000000000000000 ) ) ;
#773 = DIRECTION ( 'NONE',  ( 1.000000000000000000, 0.000000000000000000, 0.000000000000000000 ) ) ;
#774 = APPLIED_DOCUMENT_REFERENCE ( #910,'',( #378) ) ;
#775 = PRODUCT_RELATED_PRODUCT_CATEGORY ( 'part', '', ( #1500 ) ) ;
#776 = SHAPE_REPRESENTATION ( 'vine_robot_arduino_shield', ( #1537 ), #929 ) ;
#777 = EXTERNAL_SOURCE (IDENTIFIER('') ) ;
#778 = DIRECTION ( 'NONE',  ( 0.000000000000000000, 0.000000000000000000, 1.000000000000000000 ) ) ;
#779 = ITEM_DEFINED_TRANSFORMATION ( 'NONE', 'NONE', #708,  #1272 ) ;
#780 = EXTERNAL_SOURCE (IDENTIFIER('') ) ;
#781 = PROPERTY_DEFINITION ('document property','', #575 ) ;
#782 = ROLE_ASSOCIATION ( #1124, #105 ) ;
#783 = APPLIED_EXTERNAL_IDENTIFICATION_ASSIGNMENT ( 'QB3-3D.STEP' , #1598, #1435,( #1083) ) ;
#784 = PRODUCT_DEFINITION_FORMATION_WITH_SPECIFIED_SOURCE ( 'Symmetric', '', #1312, .NOT_KNOWN. ) ;
#785 = DIRECTION ( 'NONE',  ( 1.000000000000000000, 9.413312474910331853E-33, -1.013647660113750115E-14 ) ) ;
#786 = PROPERTY_DEFINITION ('external definition','', #348 ) ;
#787 = DOCUMENT_FILE ( 'Antenna_assembly v4.STEP' , '', '', #1633, '' ,$ ) ;
#788 = PRODUCT_DEFINITION ( 'General', '', #1221, #825 ) ;
#789 = DIRECTION ( 'NONE',  ( 1.000000000000000000, 0.000000000000000000, 0.000000000000000000 ) ) ;
#790 = ITEM_DEFINED_TRANSFORMATION ( 'NONE', 'NONE', #1729,  #1677 ) ;
#791 = DOCUMENT_TYPE ( 'geometry' ) ;
#792 =( GEOMETRIC_REPRESENTATION_CONTEXT ( 3 ) GLOBAL_UNCERTAINTY_ASSIGNED_CONTEXT ( ( #1092 ) ) GLOBAL_UNIT_ASSIGNED_CONTEXT ( ( #850, #1551, #29 ) ) REPRESENTATION_CONTEXT ( 'NONE', 'WORKASPACE' ) );
#793 = CARTESIAN_POINT ( 'NONE',  ( 28.25200000000002731, 57.19641959321501901, 130.3869999999991762 ) ) ;
#794 = PROPERTY_DEFINITION_REPRESENTATION ( #214, #1476 ) ;
#795 = PROPERTY_DEFINITION ('document property','', #1083 ) ;
#796 = APPLICATION_PROTOCOL_DEFINITION ( 'draft international standard', 'automotive_design', 1998, #632 ) ;
#797 = PROPERTY_DEFINITION ('document property','', #706 ) ;
#798 = CARTESIAN_POINT ( 'NONE',  ( 0.000000000000000000, 0.000000000000000000, 0.000000000000000000 ) ) ;
#799 = ROLE_ASSOCIATION ( #528, #512 ) ;
#800 = APPLIED_EXTERNAL_IDENTIFICATION_ASSIGNMENT ( 'vine_robot_arduino_shield.STEP' , #1613, #1645,( #22) ) ;
#801 =( NAMED_UNIT ( * ) SI_UNIT ( $, .STERADIAN. ) SOLID_ANGLE_UNIT ( ) );
#802 = PRODUCT_DEFINITION_SHAPE ( 'NONE', 'NONE',  #1329 ) ;
#803 = CARTESIAN_POINT ( 'NONE',  ( 132.5250000000010289, -18.39697645321540875, -206.3440300000013963 ) ) ;
#804 = AXIS2_PLACEMENT_3D ( 'NONE', #659, #1277, #25 ) ;
#805 = ITEM_DEFINED_TRANSFORMATION ( 'NONE', 'NONE', #1085,  #1488 ) ;
#806 = DOCUMENT_TYPE ( 'geometry' ) ;
#807 = APPLIED_EXTERNAL_IDENTIFICATION_ASSIGNMENT ( '1568A64_Threaded-Hole Round Pull Handle_1568A64.STEP' , #548, #771,( #1143) ) ;
#808 = PROPERTY_DEFINITION_REPRESENTATION ( #514, #536 ) ;
#809 = PRODUCT_DEFINITION_CONTEXT ( 'detailed design', #135, 'design' ) ;
#810 =( NAMED_UNIT ( * ) SI_UNIT ( $, .STERADIAN. ) SOLID_ANGLE_UNIT ( ) );
#811 = CARTESIAN_POINT ( 'NONE',  ( -218.2519999999999527, 87.15472645321500522, -8.362780294889080618E-13 ) ) ;
#812 = PROPERTY_DEFINITION ('document property','', #1182 ) ;
#813 = EXTERNAL_SOURCE (IDENTIFIER('') ) ;
#814 = APPLIED_EXTERNAL_IDENTIFICATION_ASSIGNMENT ( 'QB3-3D.STEP' , #651, #688,( #504) ) ;
#815 = DOCUMENT_TYPE ( 'geometry' ) ;
#816 = APPLICATION_PROTOCOL_DEFINITION ( 'draft international standard', 'automotive_design', 1998, #173 ) ;
#817 =( LENGTH_UNIT ( ) NAMED_UNIT ( * ) SI_UNIT ( .MILLI., .METRE. ) );
#818 = ROLE_ASSOCIATION ( #312, #11 ) ;
#819 = PRODUCT_CONTEXT ( 'NONE', #632, 'mechanical' ) ;
#820 = APPLICATION_CONTEXT ( 'automotive_design' ) ;
#821 = APPLIED_DOCUMENT_REFERENCE ( #1380,'',( #235) ) ;
#822 = EXTERNAL_SOURCE (IDENTIFIER('') ) ;
#823 = CONTEXT_DEPENDENT_SHAPE_REPRESENTATION ( #968, #1395 ) ;
#824 = PROPERTY_DEFINITION ('document property','', #496 ) ;
#825 = PRODUCT_DEFINITION_CONTEXT ( 'detailed design', #151, 'design' ) ;
#826 = IDENTIFICATION_ROLE ( 'external document id and location', $) ;
#827 = APPLICATION_CONTEXT ( 'automotive_design' ) ;
#828 = APPLICATION_PROTOCOL_DEFINITION ( 'draft international standard', 'automotive_design', 1998, #1229 ) ;
#829 = AXIS2_PLACEMENT_3D ( 'NONE', #1214, #1074, #387 ) ;
#830 = PRODUCT_DEFINITION ( 'General', '', #1283, #1321 ) ;
#831 = CARTESIAN_POINT ( 'NONE',  ( 0.000000000000000000, 0.000000000000000000, 0.000000000000000000 ) ) ;
#832 = APPLIED_EXTERNAL_IDENTIFICATION_ASSIGNMENT ( '96016A237_Plastic-Head Thumb Screws_96016A237.STEP' , #1399, #647,( #1548) ) ;
#833 = ITEM_DEFINED_TRANSFORMATION ( 'NONE', 'NONE', #1593,  #56 ) ;
#834 = DOCUMENT_TYPE ( 'geometry' ) ;
#835 = PRODUCT_CONTEXT ( 'NONE', #1041, 'mechanical' ) ;
#836 = EXTERNAL_SOURCE (IDENTIFIER('') ) ;
#837 = AXIS2_PLACEMENT_3D ( 'NONE', #550, #1687, #862 ) ;
#838 = PRODUCT ( '4830K133_Standard-Wall 304-304L Stainless Steel Pipe Nipple_4830K133', '4830K133_Standard-Wall 304-304L Stainless Steel Pipe Nipple_4830K133', '', ( #1564 ) ) ;
#839 = PROPERTY_DEFINITION ('external definition','', #1402 ) ;
#840 = PRODUCT_DEFINITION_FORMATION_WITH_SPECIFIED_SOURCE ( 'Symmetric', '', #507, .NOT_KNOWN. ) ;
#841 = PROPERTY_DEFINITION_REPRESENTATION ( #229, #725 ) ;
#842 = UNCERTAINTY_MEASURE_WITH_UNIT (LENGTH_MEASURE( 1.000000000000000082E-05 ), #511, 'distance_accuracy_value', 'NONE');
#843 = APPLICATION_CONTEXT ( 'automotive_design' ) ;
#844 =( NAMED_UNIT ( * ) SI_UNIT ( $, .STERADIAN. ) SOLID_ANGLE_UNIT ( ) );
#845 = APPLICATION_PROTOCOL_DEFINITION ( 'draft international standard', 'automotive_design', 1998, #135 ) ;
#846 = SHAPE_REPRESENTATION ( '5602K14_Industrial Quick-Disconnect Hose Coupling Set for Air_5602K14', ( #1384 ), #1208 ) ;
#847 = EXTERNAL_SOURCE (IDENTIFIER('') ) ;
#848 = ROLE_ASSOCIATION ( #1247, #685 ) ;
#849 = OBJECT_ROLE ('mandatory',$ ) ;
#850 =( LENGTH_UNIT ( ) NAMED_UNIT ( * ) SI_UNIT ( .MILLI., .METRE. ) );
#851 = APPLICATION_PROTOCOL_DEFINITION ( 'draft international standard', 'automotive_design', 1998, #1080 ) ;
#852 = PRODUCT_DEFINITION_SHAPE ( 'NONE', 'NONE',  #642 ) ;
#853 = PROPERTY_DEFINITION ('document property','', #1412 ) ;
#854 = APPLIED_DOCUMENT_REFERENCE ( #1276,'',( #1267) ) ;
#855 = APPLIED_DOCUMENT_REFERENCE ( #481,'',( #830) ) ;
#856 = APPLICATION_CONTEXT ( 'automotive_design' ) ;
#857 = AXIS2_PLACEMENT_3D ( 'NONE', #657, #1490, #1049 ) ;
#858 = AXIS2_PLACEMENT_3D ( 'NONE', #1715, #1032, #610 ) ;
#859 =( REPRESENTATION_RELATIONSHIP ('NONE','NONE', #1464, #1291 ) REPRESENTATION_RELATIONSHIP_WITH_TRANSFORMATION ( #779 )SHAPE_REPRESENTATION_RELATIONSHIP( ) );
#860 = APPLIED_DOCUMENT_REFERENCE ( #1695,'',( #411) ) ;
#861 = APPLIED_EXTERNAL_IDENTIFICATION_ASSIGNMENT ( '96016A237_Plastic-Head Thumb Screws_96016A237.STEP' , #1465, #1107,( #18) ) ;
#862 = DIRECTION ( 'NONE',  ( 1.000000000000000000, 0.000000000000000000, 0.000000000000000000 ) ) ;
#863 = APPLICATION_PROTOCOL_DEFINITION ( 'draft international standard', 'automotive_design', 1998, #917 ) ;
#864 = PRODUCT_RELATED_PRODUCT_CATEGORY ( 'part', '', ( #88 ) ) ;
#865 = ROLE_ASSOCIATION ( #370, #1644 ) ;
#866 = CARTESIAN_POINT ( 'NONE',  ( -11.74799999999993894, 57.19641959321501901, 130.3869999999992615 ) ) ;
#867 = PROPERTY_DEFINITION ('external definition','', #1071 ) ;
#868 = APPLIED_EXTERNAL_IDENTIFICATION_ASSIGNMENT ( 'CNLINKO YU-USB.STEP' , #1236, #1596,( #910) ) ;
#869 = CARTESIAN_POINT ( 'NONE',  ( 0.000000000000000000, 0.000000000000000000, 0.000000000000000000 ) ) ;
#870 = PRODUCT_DEFINITION_SHAPE ( 'NONE', 'NONE',  #400 ) ;
#871 = OBJECT_ROLE ('mandatory',$ ) ;
#872 = PROPERTY_DEFINITION_REPRESENTATION ( #419, #776 ) ;
#873 = DOCUMENT_TYPE ( 'geometry' ) ;
#874 =( NAMED_UNIT ( * ) PLANE_ANGLE_UNIT ( ) SI_UNIT ( $, .RADIAN. ) );
#875 = SHAPE_DEFINITION_REPRESENTATION ( #1552, #91 ) ;
#876 = PROPERTY_DEFINITION_REPRESENTATION ( #909, #1029 ) ;
#877 = DIRECTION ( 'NONE',  ( 1.000000000000000000, 0.000000000000000000, 0.000000000000000000 ) ) ;
#878 = APPLIED_DOCUMENT_REFERENCE ( #1702,'',( #1437) ) ;
#879 = ITEM_DEFINED_TRANSFORMATION ( 'NONE', 'NONE', #1061,  #198 ) ;
#880 = OBJECT_ROLE ('mandatory',$ ) ;
#881 = DIRECTION ( 'NONE',  ( 1.000000000000000000, 0.000000000000000000, 0.000000000000000000 ) ) ;
#882 = PRODUCT_CONTEXT ( 'NONE', #1641, 'mechanical' ) ;
#883 = DIRECTION ( 'NONE',  ( 1.000000000000000000, 6.529980506630958115E-10, -9.453299041703932627E-15 ) ) ;
#884 = PROPERTY_DEFINITION ('document property','', #1196 ) ;
#885 = PROPERTY_DEFINITION_REPRESENTATION ( #1619, #1235 ) ;
#886 = AXIS2_PLACEMENT_3D ( 'NONE', #92, #1365, #508 ) ;
#887 = CARTESIAN_POINT ( 'NONE',  ( 0.000000000000000000, 0.000000000000000000, 0.000000000000000000 ) ) ;
#888 = ITEM_DEFINED_TRANSFORMATION ( 'NONE', 'NONE', #1117,  #255 ) ;
#889 = AXIS2_PLACEMENT_3D ( 'NONE', #1640, #945, #1497 ) ;
#890 = PRODUCT_CONTEXT ( 'NONE', #192, 'mechanical' ) ;
#891 = DIRECTION ( 'NONE',  ( 1.269640793751274516E-15, -1.000000000000000222, -1.199169789725987902E-17 ) ) ;
#892 = UNCERTAINTY_MEASURE_WITH_UNIT (LENGTH_MEASURE( 1.000000000000000082E-05 ), #1232, 'distance_accuracy_value', 'NONE');
#893 = ROLE_ASSOCIATION ( #1007, #1044 ) ;
#894 = PROPERTY_DEFINITION ('document property','', #1702 ) ;
#895 = DIRECTION ( 'NONE',  ( 1.000000000000000000, 0.000000000000000000, 0.000000000000000000 ) ) ;
#896 = PRODUCT_CONTEXT ( 'NONE', #298, 'mechanical' ) ;
#897 = DIRECTION ( 'NONE',  ( 1.000000000000000000, 1.665334536937734811E-16, 3.658170920671065702E-15 ) ) ;
#898 =( NAMED_UNIT ( * ) SI_UNIT ( $, .STERADIAN. ) SOLID_ANGLE_UNIT ( ) );
#899 = CARTESIAN_POINT ( 'NONE',  ( 38.60296249526247436, -9.701976453215436891, -185.1667000000014127 ) ) ;
#900 = DOCUMENT_FILE ( '5697T29_Wet-Location Data Connector_5697T29.STEP' , '', '', #1717, '' ,$ ) ;
#901 = DOCUMENT_TYPE ( 'geometry' ) ;
#902 =( LENGTH_UNIT ( ) NAMED_UNIT ( * ) SI_UNIT ( .MILLI., .METRE. ) );
#903 = DOCUMENT_FILE ( '7699N53_Universal-Thread Push-to-Connect Tube Fittings_7699N53.STEP' , '', '', #574, '' ,$ ) ;
#904 = OBJECT_ROLE ('mandatory',$ ) ;
#905 = PROPERTY_DEFINITION_REPRESENTATION ( #824, #536 ) ;
#906 = DIRECTION ( 'NONE',  ( 0.000000000000000000, 0.000000000000000000, 1.000000000000000000 ) ) ;
#907 = DIRECTION ( 'NONE',  ( 1.000000000000000000, -1.523859081324624328E-32, 1.232595164407831493E-32 ) ) ;
#908 = UNCERTAINTY_MEASURE_WITH_UNIT (LENGTH_MEASURE( 1.000000000000000082E-05 ), #1000, 'distance_accuracy_value', 'NONE');
#909 = PROPERTY_DEFINITION ('document property','', #1548 ) ;
#910 = DOCUMENT_FILE ( 'CNLINKO YU-USB.STEP' , '', '', #165, '' ,$ ) ;
#911 = APPLICATION_CONTEXT ( 'automotive_design' ) ;
#912 = PRODUCT_DEFINITION_SHAPE ( 'NONE', 'NONE',  #1772 ) ;
#913 = SHAPE_REPRESENTATION ( 'MDDS10', ( #134 ), #1155 ) ;
#914 = PROPERTY_DEFINITION_REPRESENTATION ( #36, #91 ) ;
#915 = EXTERNAL_SOURCE (IDENTIFIER('') ) ;
#916 = PRODUCT ( 'xl6009_DCDC_BoostBuck', 'xl6009_DCDC_BoostBuck', '', ( #441 ) ) ;
#917 = APPLICATION_CONTEXT ( 'automotive_design' ) ;
#918 =( NAMED_UNIT ( * ) PLANE_ANGLE_UNIT ( ) SI_UNIT ( $, .RADIAN. ) );
#919 = AXIS2_PLACEMENT_3D ( 'NONE', #1657, #678, #922 ) ;
#920 = CONTEXT_DEPENDENT_SHAPE_REPRESENTATION ( #993, #973 ) ;
#921 = DOCUMENT_TYPE ( 'geometry' ) ;
#922 = DIRECTION ( 'NONE',  ( 1.000000000000000000, 0.000000000000000000, 0.000000000000000000 ) ) ;
#923 = APPLICATION_CONTEXT ( 'automotive_design' ) ;
#924 = PRODUCT_DEFINITION ( 'General', '', #435, #1664 ) ;
#925 = OBJECT_ROLE ('mandatory',$ ) ;
#926 = PRODUCT_DEFINITION_SHAPE ( 'NONE', 'NONE',  #1792 ) ;
#927 = ROLE_ASSOCIATION ( #849, #770 ) ;
#928 = PROPERTY_DEFINITION ('document property','', #1402 ) ;
#929 =( GEOMETRIC_REPRESENTATION_CONTEXT ( 3 ) GLOBAL_UNCERTAINTY_ASSIGNED_CONTEXT ( ( #490 ) ) GLOBAL_UNIT_ASSIGNED_CONTEXT ( ( #1304, #711, #1586 ) ) REPRESENTATION_CONTEXT ( 'NONE', 'WORKASPACE' ) );
#930 = APPLIED_EXTERNAL_IDENTIFICATION_ASSIGNMENT ( 'Antenna_assembly v4.STEP' , #1531, #1132,( #787) ) ;
#931 =( NAMED_UNIT ( * ) PLANE_ANGLE_UNIT ( ) SI_UNIT ( $, .RADIAN. ) );
#932 = PROPERTY_DEFINITION ('document property','', #504 ) ;
#933 = DIRECTION ( 'NONE',  ( 1.249131225305234909E-16, 0.9999856067758227107, -0.005365281091390449418 ) ) ;
#934 = PROPERTY_DEFINITION ('document property','', #759 ) ;
#935 = OBJECT_ROLE ('mandatory',$ ) ;
#936 = OBJECT_ROLE ('mandatory',$ ) ;
#937 = PRODUCT_DEFINITION_SHAPE ( 'NONE', 'NONE',  #133 ) ;
#938 =( GEOMETRIC_REPRESENTATION_CONTEXT ( 3 ) GLOBAL_UNCERTAINTY_ASSIGNED_CONTEXT ( ( #689 ) ) GLOBAL_UNIT_ASSIGNED_CONTEXT ( ( #155, #43, #1560 ) ) REPRESENTATION_CONTEXT ( 'NONE', 'WORKASPACE' ) );
#939 = PROPERTY_DEFINITION_REPRESENTATION ( #398, #1522 ) ;
#940 = DIRECTION ( 'NONE',  ( 1.050083211401143804E-28, -1.000000000000000000, 1.035852120606253246E-14 ) ) ;
#941 = APPLIED_DOCUMENT_REFERENCE ( #1159,'',( #1480) ) ;
#942 = EXTERNAL_SOURCE (IDENTIFIER('') ) ;
#943 = OBJECT_ROLE ('mandatory',$ ) ;
#944 = PRODUCT_DEFINITION_SHAPE ( 'NONE', 'NONE',  #1751 ) ;
#945 = DIRECTION ( 'NONE',  ( -1.000000000000000000, 1.017949417668883470E-16, -4.229240414525068652E-15 ) ) ;
#946 = PRODUCT_RELATED_PRODUCT_CATEGORY ( 'part', '', ( #1142 ) ) ;
#947 = PROPERTY_DEFINITION ('document property','', #14 ) ;
#948 = APPLIED_DOCUMENT_REFERENCE ( #504,'',( #1164) ) ;
#949 = AXIS2_PLACEMENT_3D ( 'NONE', #178, #1450, #308 ) ;
#950 =( LENGTH_UNIT ( ) NAMED_UNIT ( * ) SI_UNIT ( .MILLI., .METRE. ) );
#951 = DIRECTION ( 'NONE',  ( 1.135162974757542932E-17, 0.005365281091390340998, 0.9999856067758229328 ) ) ;
#952 =( GEOMETRIC_REPRESENTATION_CONTEXT ( 3 ) GLOBAL_UNCERTAINTY_ASSIGNED_CONTEXT ( ( #265 ) ) GLOBAL_UNIT_ASSIGNED_CONTEXT ( ( #381, #1614, #649 ) ) REPRESENTATION_CONTEXT ( 'NONE', 'WORKASPACE' ) );
#953 = CONTEXT_DEPENDENT_SHAPE_REPRESENTATION ( #1524, #313 ) ;
#954 = APPLIED_EXTERNAL_IDENTIFICATION_ASSIGNMENT ( '96016A237_Plastic-Head Thumb Screws_96016A237.STEP' , #1344, #1019,( #14) ) ;
#955 = CARTESIAN_POINT ( 'NONE',  ( 8.223000000000062926, -39.24697645321542439, 53.01300000000002655 ) ) ;
#956 = APPLICATION_CONTEXT ( 'automotive_design' ) ;
#957 = UNCERTAINTY_MEASURE_WITH_UNIT (LENGTH_MEASURE( 1.000000000000000082E-05 ), #902, 'distance_accuracy_value', 'NONE');
#958 = OBJECT_ROLE ('mandatory',$ ) ;
#959 = APPLICATION_PROTOCOL_DEFINITION ( 'draft international standard', 'automotive_design', 1998, #673 ) ;
#960 = PRODUCT_DEFINITION_SHAPE ( 'NONE', 'NONE',  #1747 ) ;
#961 = OBJECT_ROLE ('mandatory',$ ) ;
#962 = ITEM_DEFINED_TRANSFORMATION ( 'NONE', 'NONE', #857,  #521 ) ;
#963 = APPLICATION_CONTEXT ( 'automotive_design' ) ;
#964 = PROPERTY_DEFINITION_REPRESENTATION ( #1683, #536 ) ;
#965 = EXTERNAL_SOURCE (IDENTIFIER('') ) ;
#966 = DIRECTION ( 'NONE',  ( 1.000000000000000000, 0.000000000000000000, 0.000000000000000000 ) ) ;
#967 = APPLICATION_PROTOCOL_DEFINITION ( 'draft international standard', 'automotive_design', 1998, #1735 ) ;
#968 =( REPRESENTATION_RELATIONSHIP ('NONE','NONE', #1464, #536 ) REPRESENTATION_RELATIONSHIP_WITH_TRANSFORMATION ( #1680 )SHAPE_REPRESENTATION_RELATIONSHIP( ) );
#969 = PRODUCT_DEFINITION ( 'General', '', #458, #699 ) ;
#970 = CONTEXT_DEPENDENT_SHAPE_REPRESENTATION ( #93, #1042 ) ;
#971 = PRODUCT_DEFINITION_SHAPE ( 'NONE', 'NONE',  #924 ) ;
#972 = PROPERTY_DEFINITION_REPRESENTATION ( #795, #1530 ) ;
#973 = PRODUCT_DEFINITION_SHAPE ( 'NONE', 'NONE',  #1749 ) ;
#974 = PRODUCT_DEFINITION_CONTEXT ( 'detailed design', #923, 'design' ) ;
#975 = APPLICATION_PROTOCOL_DEFINITION ( 'draft international standard', 'automotive_design', 1998, #963 ) ;
#976 = EXTERNAL_SOURCE (IDENTIFIER('') ) ;
#977 = DOCUMENT_FILE ( '96016A237_Plastic-Head Thumb Screws_96016A237.STEP' , '', '', #1622, '' ,$ ) ;
#978 = DIRECTION ( 'NONE',  ( 1.000000000000000000, 0.000000000000000000, 0.000000000000000000 ) ) ;
#979 = ITEM_DEFINED_TRANSFORMATION ( 'NONE', 'NONE', #1503,  #185 ) ;
#980 = PRODUCT_CONTEXT ( 'NONE', #542, 'mechanical' ) ;
#981 = ITEM_DEFINED_TRANSFORMATION ( 'NONE', 'NONE', #365,  #521 ) ;
#982 = PRODUCT_DEFINITION_SHAPE ( 'NONE', 'NONE',  #378 ) ;
#983 = PRODUCT_DEFINITION_SHAPE ( 'NONE', 'NONE',  #1761 ) ;
#984 = APPLIED_EXTERNAL_IDENTIFICATION_ASSIGNMENT ( 'Push button 12mm.STEP' , #143, #777,( #1600) ) ;
#985 = PRODUCT_DEFINITION_FORMATION_WITH_SPECIFIED_SOURCE ( 'Symmetric', '', #996, .NOT_KNOWN. ) ;
#986 = DOCUMENT_TYPE ( 'geometry' ) ;
#987 = CONTEXT_DEPENDENT_SHAPE_REPRESENTATION ( #1136, #138 ) ;
#988 = DIRECTION ( 'NONE',  ( 1.000000000000000000, 0.000000000000000000, 0.000000000000000000 ) ) ;
#989 = APPLICATION_PROTOCOL_DEFINITION ( 'draft international standard', 'automotive_design', 1998, #2 ) ;
#990 = DOCUMENT_TYPE ( 'geometry' ) ;
#991 = DOCUMENT_FILE ( 'xl6009_DCDC_BoostBuck.STEP' , '', '', #921, '' ,$ ) ;
#992 = PRODUCT_DEFINITION ( 'General', '', #604, #12 ) ;
#993 =( REPRESENTATION_RELATIONSHIP ('NONE','NONE', #1464, #1530 ) REPRESENTATION_RELATIONSHIP_WITH_TRANSFORMATION ( #90 )SHAPE_REPRESENTATION_RELATIONSHIP( ) );
#994 =( LENGTH_UNIT ( ) NAMED_UNIT ( * ) SI_UNIT ( .MILLI., .METRE. ) );
#995 = APPLICATION_PROTOCOL_DEFINITION ( 'draft international standard', 'automotive_design', 1998, #1024 ) ;
#996 = PRODUCT ( 'M18 battery mount', 'M18 battery mount', '', ( #1297 ) ) ;
#997 = DIRECTION ( 'NONE',  ( 9.453299041469759268E-15, 5.554952386082445779E-16, 1.000000000000000000 ) ) ;
#998 = AXIS2_PLACEMENT_3D ( 'NONE', #329, #743, #452 ) ;
#999 = APPLICATION_CONTEXT ( 'automotive_design' ) ;
#1000 =( LENGTH_UNIT ( ) NAMED_UNIT ( * ) SI_UNIT ( .MILLI., .METRE. ) );
#1001 = APPLIED_DOCUMENT_REFERENCE ( #1123,'',( #992) ) ;
#1002 = OBJECT_ROLE ('mandatory',$ ) ;
#1003 = PRODUCT_CONTEXT ( 'NONE', #1453, 'mechanical' ) ;
#1004 = ROLE_ASSOCIATION ( #117, #299 ) ;
#1005 = CARTESIAN_POINT ( 'NONE',  ( -257.9979291998353688, -1.033584464126641613E-13, 1.290061543297005953 ) ) ;
#1006 = PROPERTY_DEFINITION ('external definition','', #1276 ) ;
#1007 = OBJECT_ROLE ('mandatory',$ ) ;
#1008 = ITEM_DEFINED_TRANSFORMATION ( 'NONE', 'NONE', #447,  #425 ) ;
#1009 = PROPERTY_DEFINITION ('external definition','', #577 ) ;
#1010 = ROLE_ASSOCIATION ( #120, #1213 ) ;
#1011 = PRODUCT_DEFINITION_FORMATION_WITH_SPECIFIED_SOURCE ( 'Symmetric', '', #635, .NOT_KNOWN. ) ;
#1012 = CARTESIAN_POINT ( 'NONE',  ( 0.000000000000000000, 0.000000000000000000, 0.000000000000000000 ) ) ;
#1013 = ROLE_ASSOCIATION ( #359, #446 ) ;
#1014 = APPLICATION_PROTOCOL_DEFINITION ( 'draft international standard', 'automotive_design', 1998, #20 ) ;
#1015 = ITEM_DEFINED_TRANSFORMATION ( 'NONE', 'NONE', #1556,  #521 ) ;
#1016 = DIRECTION ( 'NONE',  ( -1.000000000000000000, 1.017949417668882977E-16, -4.229240414525068652E-15 ) ) ;
#1017 = UNCERTAINTY_MEASURE_WITH_UNIT (LENGTH_MEASURE( 1.000000000000000082E-05 ), #636, 'distance_accuracy_value', 'NONE');
#1018 = DOCUMENT_FILE ( '1860N13_Wet-Location HDMI Connector_1860N13.STEP' , '', '', #1292, '' ,$ ) ;
#1019 = EXTERNAL_SOURCE (IDENTIFIER('') ) ;
#1020 = EXTERNAL_SOURCE (IDENTIFIER('') ) ;
#1021 = CONTEXT_DEPENDENT_SHAPE_REPRESENTATION ( #1730, #1219 ) ;
#1022 = PROPERTY_DEFINITION ('external definition','', #1099 ) ;
#1023 = APPLICATION_PROTOCOL_DEFINITION ( 'draft international standard', 'automotive_design', 1998, #1294 ) ;
#1024 = APPLICATION_CONTEXT ( 'automotive_design' ) ;
#1025 = DIRECTION ( 'NONE',  ( -4.229240414525068652E-15, 1.110223024625168620E-16, 1.000000000000000000 ) ) ;
#1026 = PRODUCT_DEFINITION_SHAPE ( 'NONE', 'NONE',  #1743 ) ;
#1027 = PROPERTY_DEFINITION ('document property','', #1456 ) ;
#1028 = PROPERTY_DEFINITION_REPRESENTATION ( #1203, #674 ) ;
#1029 = SHAPE_REPRESENTATION ( '96016A237_Plastic-Head Thumb Screws_96016A237', ( #521 ), #1226 ) ;
#1030 =( REPRESENTATION_RELATIONSHIP ('NONE','NONE', #1464, #91 ) REPRESENTATION_RELATIONSHIP_WITH_TRANSFORMATION ( #1474 )SHAPE_REPRESENTATION_RELATIONSHIP( ) );
#1031 = OBJECT_ROLE ('mandatory',$ ) ;
#1032 = DIRECTION ( 'NONE',  ( 0.000000000000000000, 0.000000000000000000, 1.000000000000000000 ) ) ;
#1033 = CONTEXT_DEPENDENT_SHAPE_REPRESENTATION ( #1493, #304 ) ;
#1034 = OBJECT_ROLE ('mandatory',$ ) ;
#1035 =( NAMED_UNIT ( * ) PLANE_ANGLE_UNIT ( ) SI_UNIT ( $, .RADIAN. ) );
#1036 = APPLICATION_PROTOCOL_DEFINITION ( 'draft international standard', 'automotive_design', 1998, #843 ) ;
#1037 = DIRECTION ( 'NONE',  ( 2.011511579467058621E-16, 1.000000000000000000, -5.665538892222068092E-16 ) ) ;
#1038 = APPLIED_EXTERNAL_IDENTIFICATION_ASSIGNMENT ( 'small_emergency_button.STEP' , #552, #1207,( #706) ) ;
#1039 = PRODUCT_DEFINITION_CONTEXT ( 'detailed design', #917, 'design' ) ;
#1040 = ITEM_DEFINED_TRANSFORMATION ( 'NONE', 'NONE', #1647,  #326 ) ;
#1041 = APPLICATION_CONTEXT ( 'automotive_design' ) ;
#1042 = PRODUCT_DEFINITION_SHAPE ( 'NONE', 'NONE',  #1789 ) ;
#1043 = DIRECTION ( 'NONE',  ( 0.000000000000000000, 0.000000000000000000, 1.000000000000000000 ) ) ;
#1044 = APPLIED_DOCUMENT_REFERENCE ( #903,'',( #1565) ) ;
#1045 = PRODUCT_DEFINITION_SHAPE ( 'NONE', 'NONE',  #1778 ) ;
#1046 = ITEM_DEFINED_TRANSFORMATION ( 'NONE', 'NONE', #562,  #185 ) ;
#1047 = DIRECTION ( 'NONE',  ( -1.000000000000000222, 1.110223024625156540E-16, 0.000000000000000000 ) ) ;
#1048 = EXTERNAL_SOURCE (IDENTIFIER('') ) ;
#1049 = DIRECTION ( 'NONE',  ( 1.154105398732443134E-16, 0.9999856067758228217, -0.005365281091390438142 ) ) ;
#1050 = CONTEXT_DEPENDENT_SHAPE_REPRESENTATION ( #1064, #99 ) ;
#1051 = CONTEXT_DEPENDENT_SHAPE_REPRESENTATION ( #859, #1139 ) ;
#1052 = APPLICATION_CONTEXT ( 'automotive_design' ) ;
#1053 = PRODUCT_DEFINITION ( 'General', '', #1372, #595 ) ;
#1054 = DIRECTION ( 'NONE',  ( 1.000000000000000000, 0.000000000000000000, 0.000000000000000000 ) ) ;
#1055 =( REPRESENTATION_RELATIONSHIP ('NONE','NONE', #1464, #846 ) REPRESENTATION_RELATIONSHIP_WITH_TRANSFORMATION ( #1330 )SHAPE_REPRESENTATION_RELATIONSHIP( ) );
#1056 = PROPERTY_DEFINITION_REPRESENTATION ( #1585, #1476 ) ;
#1057 = EXTERNAL_SOURCE (IDENTIFIER('') ) ;
#1058 = PRODUCT_DEFINITION_SHAPE ( 'NONE', 'NONE',  #1782 ) ;
#1059 = ITEM_DEFINED_TRANSFORMATION ( 'NONE', 'NONE', #278,  #1573 ) ;
#1060 = PRODUCT_DEFINITION_SHAPE ( 'NONE', 'NONE',  #788 ) ;
#1061 = AXIS2_PLACEMENT_3D ( 'NONE', #1709, #1165, #1025 ) ;
#1062 = DIRECTION ( 'NONE',  ( 1.258749026555129742E-16, 0.9999856067758227107, -0.005365281091390383499 ) ) ;
#1063 = APPLIED_DOCUMENT_REFERENCE ( #348,'',( #969) ) ;
#1064 =( REPRESENTATION_RELATIONSHIP ('NONE','NONE', #1464, #1608 ) REPRESENTATION_RELATIONSHIP_WITH_TRANSFORMATION ( #1040 )SHAPE_REPRESENTATION_RELATIONSHIP( ) );
#1065 =( NAMED_UNIT ( * ) SI_UNIT ( $, .STERADIAN. ) SOLID_ANGLE_UNIT ( ) );
#1066 = PROPERTY_DEFINITION ('external definition','', #496 ) ;
#1067 =( LENGTH_UNIT ( ) NAMED_UNIT ( * ) SI_UNIT ( .MILLI., .METRE. ) );
#1068 = PRODUCT_DEFINITION_FORMATION_WITH_SPECIFIED_SOURCE ( 'Symmetric', '', #236, .NOT_KNOWN. ) ;
#1069 =( LENGTH_UNIT ( ) NAMED_UNIT ( * ) SI_UNIT ( .MILLI., .METRE. ) );
#1070 = PROPERTY_DEFINITION ('external definition','', #759 ) ;
#1071 = DOCUMENT_FILE ( '8903T45_Mil. Spec. Signal-Power Connector_8903T45.STEP' , '', '', #30, '' ,$ ) ;
#1072 = PRODUCT_RELATED_PRODUCT_CATEGORY ( 'part', '', ( #102 ) ) ;
#1073 = PRODUCT ( 'Antenna_assembly v4', 'Antenna_assembly v4', '', ( #1379 ) ) ;
#1074 = DIRECTION ( 'NONE',  ( 4.131277323210193762E-15, 3.421514306926741456E-16, -0.9999999999999998890 ) ) ;
#1075 = DIRECTION ( 'NONE',  ( 1.000000000000000000, 0.000000000000000000, 0.000000000000000000 ) ) ;
#1076 = PROPERTY_DEFINITION_REPRESENTATION ( #1066, #536 ) ;
#1077 = UNCERTAINTY_MEASURE_WITH_UNIT (LENGTH_MEASURE( 1.000000000000000082E-05 ), #240, 'distance_accuracy_value', 'NONE');
#1078 = EXTERNAL_SOURCE (IDENTIFIER('') ) ;
#1079 = ROLE_ASSOCIATION ( #311, #821 ) ;
#1080 = APPLICATION_CONTEXT ( 'automotive_design' ) ;
#1081 = PRODUCT_DEFINITION_SHAPE ( 'NONE', 'NONE',  #1757 ) ;
#1082 = DIRECTION ( 'NONE',  ( -3.768686589505664980E-15, -3.421514306926743921E-16, 1.000000000000000000 ) ) ;
#1083 = DOCUMENT_FILE ( 'QB3-3D.STEP' , '', '', #663, '' ,$ ) ;
#1084 = IDENTIFICATION_ROLE ( 'external document id and location', $) ;
#1085 = AXIS2_PLACEMENT_3D ( 'NONE', #793, #246, #645 ) ;
#1086 =( NAMED_UNIT ( * ) PLANE_ANGLE_UNIT ( ) SI_UNIT ( $, .RADIAN. ) );
#1087 = PRODUCT_CONTEXT ( 'NONE', #999, 'mechanical' ) ;
#1088 =( REPRESENTATION_RELATIONSHIP ('NONE','NONE', #1464, #1530 ) REPRESENTATION_RELATIONSHIP_WITH_TRANSFORMATION ( #761 )SHAPE_REPRESENTATION_RELATIONSHIP( ) );
#1089 = DOCUMENT_FILE ( '4830K133_Standard-Wall 304-304L Stainless Steel Pipe Nipple_4830K133.STEP' , '', '', #372, '' ,$ ) ;
#1090 = CARTESIAN_POINT ( 'NONE',  ( -74.77511251421455540, 6.173023546784556892, -101.5870000000013817 ) ) ;
#1091 = DIRECTION ( 'NONE',  ( 1.000000000000000000, 0.000000000000000000, 0.000000000000000000 ) ) ;
#1092 = UNCERTAINTY_MEASURE_WITH_UNIT (LENGTH_MEASURE( 1.000000000000000082E-05 ), #850, 'distance_accuracy_value', 'NONE');
#1093 = PRODUCT_RELATED_PRODUCT_CATEGORY ( 'part', '', ( #507 ) ) ;
#1094 = DIRECTION ( 'NONE',  ( 1.000000000000000000, 0.000000000000000000, 0.000000000000000000 ) ) ;
#1095 = SHAPE_DEFINITION_REPRESENTATION ( #721, #1217 ) ;
#1096 = IDENTIFICATION_ROLE ( 'external document id and location', $) ;
#1097 = PRODUCT_DEFINITION_SHAPE ( 'NONE', 'NONE',  #1755 ) ;
#1098 = PRODUCT_DEFINITION_FORMATION_WITH_SPECIFIED_SOURCE ( 'Symmetric', '', #1429, .NOT_KNOWN. ) ;
#1099 = DOCUMENT_FILE ( '96016A237_Plastic-Head Thumb Screws_96016A237.STEP' , '', '', #1672, '' ,$ ) ;
#1100 = IDENTIFICATION_ROLE ( 'external document id and location', $) ;
#1101 = APPLICATION_CONTEXT ( 'automotive_design' ) ;
#1102 = APPLICATION_CONTEXT ( 'automotive_design' ) ;
#1103 = PRODUCT_DEFINITION ( 'General', '', #985, #1727 ) ;
#1104 = SHAPE_DEFINITION_REPRESENTATION ( #168, #1608 ) ;
#1105 = DOCUMENT_TYPE ( 'geometry' ) ;
#1106 = CONTEXT_DEPENDENT_SHAPE_REPRESENTATION ( #277, #502 ) ;
#1107 = EXTERNAL_SOURCE (IDENTIFIER('') ) ;
#1108 =( REPRESENTATION_RELATIONSHIP ('NONE','NONE', #1464, #572 ) REPRESENTATION_RELATIONSHIP_WITH_TRANSFORMATION ( #710 )SHAPE_REPRESENTATION_RELATIONSHIP( ) );
#1109 = CARTESIAN_POINT ( 'NONE',  ( 0.000000000000000000, 0.000000000000000000, 0.000000000000000000 ) ) ;
#1110 = PRODUCT ( 'M18 Battery 8Ah', 'M18 Battery 8Ah', '', ( #1318 ) ) ;
#1111 = PROPERTY_DEFINITION_REPRESENTATION ( #244, #536 ) ;
#1112 = PRODUCT_DEFINITION_SHAPE ( 'NONE', 'NONE',  #1756 ) ;
#1113 = PRODUCT_DEFINITION_CONTEXT ( 'detailed design', #325, 'design' ) ;
#1114 =( NAMED_UNIT ( * ) PLANE_ANGLE_UNIT ( ) SI_UNIT ( $, .RADIAN. ) );
#1115 = APPLIED_EXTERNAL_IDENTIFICATION_ASSIGNMENT ( '5779K109_Push-to-Connect Tube Fitting for Air_5779K109.STEP' , #53, #245,( #1402) ) ;
#1116 = CONTEXT_DEPENDENT_SHAPE_REPRESENTATION ( #1375, #179 ) ;
#1117 = AXIS2_PLACEMENT_3D ( 'NONE', #1289, #883, #997 ) ;
#1118 = APPLICATION_CONTEXT ( 'automotive_design' ) ;
#1119 = PRODUCT_DEFINITION ( 'General', '', #840, #1378 ) ;
#1120 =( GEOMETRIC_REPRESENTATION_CONTEXT ( 3 ) GLOBAL_UNCERTAINTY_ASSIGNED_CONTEXT ( ( #346 ) ) GLOBAL_UNIT_ASSIGNED_CONTEXT ( ( #1563, #874, #589 ) ) REPRESENTATION_CONTEXT ( 'NONE', 'WORKASPACE' ) );
#1121 =( LENGTH_UNIT ( ) NAMED_UNIT ( * ) SI_UNIT ( .MILLI., .METRE. ) );
#1122 =( REPRESENTATION_RELATIONSHIP ('NONE','NONE', #1464, #674 ) REPRESENTATION_RELATIONSHIP_WITH_TRANSFORMATION ( #1008 )SHAPE_REPRESENTATION_RELATIONSHIP( ) );
#1123 = DOCUMENT_FILE ( 'xl6009_DCDC_BoostBuck.STEP' , '', '', #485, '' ,$ ) ;
#1124 = OBJECT_ROLE ('mandatory',$ ) ;
#1125 = PRODUCT_CONTEXT ( 'NONE', #567, 'mechanical' ) ;
#1126 = DIRECTION ( 'NONE',  ( -3.973575189030487039E-15, -1.322069049232189826E-16, 1.000000000000000000 ) ) ;
#1127 = PRODUCT ( 'Push button 12mm', 'Push button 12mm', '', ( #684 ) ) ;
#1128 = PROPERTY_DEFINITION ('external definition','', #44 ) ;
#1129 = APPLIED_DOCUMENT_REFERENCE ( #1179,'',( #1437) ) ;
#1130 = DIRECTION ( 'NONE',  ( 1.000000000000000000, 0.000000000000000000, 0.000000000000000000 ) ) ;
#1131 = ITEM_DEFINED_TRANSFORMATION ( 'NONE', 'NONE', #1302,  #134 ) ;
#1132 = EXTERNAL_SOURCE (IDENTIFIER('') ) ;
#1133 = SHAPE_DEFINITION_REPRESENTATION ( #971, #1156 ) ;
#1134 = APPLIED_DOCUMENT_REFERENCE ( #715,'',( #1267) ) ;
#1135 = DIRECTION ( 'NONE',  ( -3.658170920671065702E-15, -3.421514306926741456E-16, 1.000000000000000000 ) ) ;
#1136 =( REPRESENTATION_RELATIONSHIP ('NONE','NONE', #1464, #913 ) REPRESENTATION_RELATIONSHIP_WITH_TRANSFORMATION ( #1131 )SHAPE_REPRESENTATION_RELATIONSHIP( ) );
#1137 = ITEM_DEFINED_TRANSFORMATION ( 'NONE', 'NONE', #949,  #1677 ) ;
#1138 = ITEM_DEFINED_TRANSFORMATION ( 'NONE', 'NONE', #1673,  #1537 ) ;
#1139 = PRODUCT_DEFINITION_SHAPE ( 'NONE', 'NONE',  #1767 ) ;
#1140 = DIRECTION ( 'NONE',  ( 0.000000000000000000, 0.000000000000000000, 1.000000000000000000 ) ) ;
#1141 = APPLICATION_PROTOCOL_DEFINITION ( 'draft international standard', 'automotive_design', 1998, #1332 ) ;
#1142 = PRODUCT ( 'acrylic_top', 'acrylic_top', '', ( #1554 ) ) ;
#1143 = DOCUMENT_FILE ( '1568A64_Threaded-Hole Round Pull Handle_1568A64.STEP' , '', '', #578, '' ,$ ) ;
#1144 = DIRECTION ( 'NONE',  ( 1.000000000000000000, 9.413312474910375644E-33, 2.278389527667127653E-32 ) ) ;
#1145 = IDENTIFICATION_ROLE ( 'external document id and location', $) ;
#1146 = PRODUCT ( '5779K445_Push-to-Connect Tube Fitting for Air_5779K445', '5779K445_Push-to-Connect Tube Fitting for Air_5779K445', '', ( #141 ) ) ;
#1147 =( REPRESENTATION_RELATIONSHIP ('NONE','NONE', #1464, #1156 ) REPRESENTATION_RELATIONSHIP_WITH_TRANSFORMATION ( #79 )SHAPE_REPRESENTATION_RELATIONSHIP( ) );
#1148 = DIRECTION ( 'NONE',  ( 0.000000000000000000, 0.000000000000000000, 1.000000000000000000 ) ) ;
#1149 =( GEOMETRIC_REPRESENTATION_CONTEXT ( 3 ) GLOBAL_UNCERTAINTY_ASSIGNED_CONTEXT ( ( #330 ) ) GLOBAL_UNIT_ASSIGNED_CONTEXT ( ( #1067, #1220, #644 ) ) REPRESENTATION_CONTEXT ( 'NONE', 'WORKASPACE' ) );
#1150 = CARTESIAN_POINT ( 'NONE',  ( 0.000000000000000000, 0.000000000000000000, 0.000000000000000000 ) ) ;
#1151 = PRODUCT_RELATED_PRODUCT_CATEGORY ( 'part', '', ( #236 ) ) ;
#1152 = SHAPE_DEFINITION_REPRESENTATION ( #37, #536 ) ;
#1153 = DIRECTION ( 'NONE',  ( 1.000000000000000000, 0.000000000000000000, 0.000000000000000000 ) ) ;
#1154 = ROLE_ASSOCIATION ( #415, #1722 ) ;
#1155 =( GEOMETRIC_REPRESENTATION_CONTEXT ( 3 ) GLOBAL_UNCERTAINTY_ASSIGNED_CONTEXT ( ( #665 ) ) GLOBAL_UNIT_ASSIGNED_CONTEXT ( ( #33, #1414, #46 ) ) REPRESENTATION_CONTEXT ( 'NONE', 'WORKASPACE' ) );
#1156 = SHAPE_REPRESENTATION ( '3V210-08NC SOLENOID VALVE', ( #605 ), #290 ) ;
#1157 = PROPERTY_DEFINITION ('document property','', #1071 ) ;
#1158 = DOCUMENT_TYPE ( 'geometry' ) ;
#1159 = DOCUMENT_FILE ( '69915K54_Plastic Submersible Cord Grip_69915K54.STEP' , '', '', #39, '' ,$ ) ;
#1160 = PROPERTY_DEFINITION ('external definition','', #706 ) ;
#1161 = PROPERTY_DEFINITION_REPRESENTATION ( #1481, #572 ) ;
#1162 =( GEOMETRIC_REPRESENTATION_CONTEXT ( 3 ) GLOBAL_UNCERTAINTY_ASSIGNED_CONTEXT ( ( #549 ) ) GLOBAL_UNIT_ASSIGNED_CONTEXT ( ( #140, #414, #675 ) ) REPRESENTATION_CONTEXT ( 'NONE', 'WORKASPACE' ) );
#1163 = SHAPE_DEFINITION_REPRESENTATION ( #1060, #1408 ) ;
#1164 = PRODUCT_DEFINITION ( 'General', '', #784, #564 ) ;
#1165 = DIRECTION ( 'NONE',  ( -1.000000000000000000, 1.017949417668883470E-16, -4.229240414525068652E-15 ) ) ;
#1166 = UNCERTAINTY_MEASURE_WITH_UNIT (LENGTH_MEASURE( 1.000000000000000082E-05 ), #1632, 'distance_accuracy_value', 'NONE');
#1167 = ROLE_ASSOCIATION ( #1663, #54 ) ;
#1168 =( NAMED_UNIT ( * ) SI_UNIT ( $, .STERADIAN. ) SOLID_ANGLE_UNIT ( ) );
#1169 = APPLIED_DOCUMENT_REFERENCE ( #22,'',( #617) ) ;
#1170 = APPLICATION_CONTEXT ( 'automotive_design' ) ;
#1171 = DIRECTION ( 'NONE',  ( 0.000000000000000000, 0.000000000000000000, 1.000000000000000000 ) ) ;
#1172 = APPLICATION_PROTOCOL_DEFINITION ( 'draft international standard', 'automotive_design', 1998, #298 ) ;
#1173 = OBJECT_ROLE ('mandatory',$ ) ;
#1174 = DIRECTION ( 'NONE',  ( 1.000000000000000000, 0.000000000000000000, 0.000000000000000000 ) ) ;
#1175 = PROPERTY_DEFINITION ('external definition','', #618 ) ;
#1176 = ITEM_DEFINED_TRANSFORMATION ( 'NONE', 'NONE', #395,  #382 ) ;
#1177 = AXIS2_PLACEMENT_3D ( 'NONE', #237, #1355, #1610 ) ;
#1178 = DIRECTION ( 'NONE',  ( 0.000000000000000000, 0.000000000000000000, 1.000000000000000000 ) ) ;
#1179 = DOCUMENT_FILE ( '5779K131_Push-to-Connect Tube Fitting for Air_5779K131.STEP' , '', '', #131, '' ,$ ) ;
#1180 =( GEOMETRIC_REPRESENTATION_CONTEXT ( 3 ) GLOBAL_UNCERTAINTY_ASSIGNED_CONTEXT ( ( #957 ) ) GLOBAL_UNIT_ASSIGNED_CONTEXT ( ( #902, #1482, #213 ) ) REPRESENTATION_CONTEXT ( 'NONE', 'WORKASPACE' ) );
#1181 = DIRECTION ( 'NONE',  ( 1.000000000000000000, 0.000000000000000000, 0.000000000000000000 ) ) ;
#1182 = DOCUMENT_FILE ( '4830K133_Standard-Wall 304-304L Stainless Steel Pipe Nipple_4830K133.STEP' , '', '', #259, '' ,$ ) ;
#1183 = CARTESIAN_POINT ( 'NONE',  ( 68.25200000000006639, 63.88197645321505291, 130.3869999999999152 ) ) ;
#1184 = UNCERTAINTY_MEASURE_WITH_UNIT (LENGTH_MEASURE( 1.000000000000000082E-05 ), #1518, 'distance_accuracy_value', 'NONE');
#1185 =( REPRESENTATION_RELATIONSHIP ('NONE','NONE', #1464, #536 ) REPRESENTATION_RELATIONSHIP_WITH_TRANSFORMATION ( #979 )SHAPE_REPRESENTATION_RELATIONSHIP( ) );
#1186 = PRODUCT_DEFINITION ( 'General', '', #697, #1113 ) ;
#1187 = ITEM_DEFINED_TRANSFORMATION ( 'NONE', 'NONE', #509,  #482 ) ;
#1188 = APPLIED_EXTERNAL_IDENTIFICATION_ASSIGNMENT ( '5602K14_Industrial Quick-Disconnect Hose Coupling Set for Air_5602K14.STEP' , #1145, #256,( #1380) ) ;
#1189 = PRODUCT_DEFINITION_SHAPE ( 'NONE', 'NONE',  #1770 ) ;
#1190 = CONTEXT_DEPENDENT_SHAPE_REPRESENTATION ( #289, #960 ) ;
#1191 =( GEOMETRIC_REPRESENTATION_CONTEXT ( 3 ) GLOBAL_UNCERTAINTY_ASSIGNED_CONTEXT ( ( #147 ) ) GLOBAL_UNIT_ASSIGNED_CONTEXT ( ( #270, #1265, #1404 ) ) REPRESENTATION_CONTEXT ( 'NONE', 'WORKASPACE' ) );
#1192 = PRODUCT_DEFINITION_SHAPE ( 'NONE', 'NONE',  #617 ) ;
#1193 = CARTESIAN_POINT ( 'NONE',  ( 175.9999999999999147, 86.81636111508001363, -135.9654706102132877 ) ) ;
#1194 = CONTEXT_DEPENDENT_SHAPE_REPRESENTATION ( #1498, #489 ) ;
#1195 =( REPRESENTATION_RELATIONSHIP ('NONE','NONE', #1464, #91 ) REPRESENTATION_RELATIONSHIP_WITH_TRANSFORMATION ( #1137 )SHAPE_REPRESENTATION_RELATIONSHIP( ) );
#1196 = DOCUMENT_FILE ( 'M18 Battery 8Ah.STEP' , '', '', #634, '' ,$ ) ;
#1197 = ITEM_DEFINED_TRANSFORMATION ( 'NONE', 'NONE', #364,  #185 ) ;
#1198 = APPLICATION_CONTEXT ( 'automotive_design' ) ;
#1199 = DIRECTION ( 'NONE',  ( 1.000000000000000000, 0.000000000000000000, 0.000000000000000000 ) ) ;
#1200 = DIRECTION ( 'NONE',  ( -9.413312474910375644E-33, 1.000000000000000000, -2.220446049250313081E-16 ) ) ;
#1201 = PROPERTY_DEFINITION ('external definition','', #18 ) ;
#1202 = PRODUCT_DEFINITION_SHAPE ( 'NONE', 'NONE',  #1764 ) ;
#1203 = PROPERTY_DEFINITION ('document property','', #339 ) ;
#1204 = ROLE_ASSOCIATION ( #740, #86 ) ;
#1205 = DIRECTION ( 'NONE',  ( -1.000000000000000222, -2.403557514670177064E-16, -5.551115123125782702E-17 ) ) ;
#1206 = PRODUCT ( '1860N13_Wet-Location HDMI Connector_1860N13', '1860N13_Wet-Location HDMI Connector_1860N13', '', ( #271 ) ) ;
#1207 = EXTERNAL_SOURCE (IDENTIFIER('') ) ;
#1208 =( GEOMETRIC_REPRESENTATION_CONTEXT ( 3 ) GLOBAL_UNCERTAINTY_ASSIGNED_CONTEXT ( ( #1611 ) ) GLOBAL_UNIT_ASSIGNED_CONTEXT ( ( #350, #58, #746 ) ) REPRESENTATION_CONTEXT ( 'NONE', 'WORKASPACE' ) );
#1209 = ITEM_DEFINED_TRANSFORMATION ( 'NONE', 'NONE', #588,  #185 ) ;
#1210 = EXTERNAL_SOURCE (IDENTIFIER('') ) ;
#1211 = DIRECTION ( 'NONE',  ( 0.000000000000000000, 0.000000000000000000, 1.000000000000000000 ) ) ;
#1212 = CARTESIAN_POINT ( 'NONE',  ( -218.2519999999984464, 61.38597645321559071, 155.3870000000022742 ) ) ;
#1213 = APPLIED_DOCUMENT_REFERENCE ( #1071,'',( #125) ) ;
#1214 = CARTESIAN_POINT ( 'NONE',  ( 135.5250000000014268, -7.896976453215395431, -100.7280250000009545 ) ) ;
#1215 = PROPERTY_DEFINITION_REPRESENTATION ( #1526, #1156 ) ;
#1216 = PROPERTY_DEFINITION ('external definition','', #1182 ) ;
#1217 = SHAPE_REPRESENTATION ( '1568A64_Threaded-Hole Round Pull Handle_1568A64', ( #858 ), #188 ) ;
#1218 = IDENTIFICATION_ROLE ( 'external document id and location', $) ;
#1219 = PRODUCT_DEFINITION_SHAPE ( 'NONE', 'NONE',  #1763 ) ;
#1220 =( NAMED_UNIT ( * ) PLANE_ANGLE_UNIT ( ) SI_UNIT ( $, .RADIAN. ) );
#1221 = PRODUCT_DEFINITION_FORMATION_WITH_SPECIFIED_SOURCE ( 'Symmetric', '', #1110, .NOT_KNOWN. ) ;
#1222 = DIRECTION ( 'NONE',  ( 1.756448109281159098E-31, -1.000000000000000000, 2.157660788324225486E-16 ) ) ;
#1223 = PROPERTY_DEFINITION ('external definition','', #14 ) ;
#1224 = IDENTIFICATION_ROLE ( 'external document id and location', $) ;
#1225 = APPLIED_DOCUMENT_REFERENCE ( #1600,'',( #184) ) ;
#1226 =( GEOMETRIC_REPRESENTATION_CONTEXT ( 3 ) GLOBAL_UNCERTAINTY_ASSIGNED_CONTEXT ( ( #1184 ) ) GLOBAL_UNIT_ASSIGNED_CONTEXT ( ( #1518, #283, #1502 ) ) REPRESENTATION_CONTEXT ( 'NONE', 'WORKASPACE' ) );
#1227 = PRODUCT ( 'jetson_subassembly', 'jetson_subassembly', '', ( #882 ) ) ;
#1228 = CARTESIAN_POINT ( 'NONE',  ( -18.97507500947603987, 6.173023546784556892, -101.5870000000013960 ) ) ;
#1229 = APPLICATION_CONTEXT ( 'automotive_design' ) ;
#1230 = APPLIED_DOCUMENT_REFERENCE ( #280,'',( #1164) ) ;
#1231 = UNCERTAINTY_MEASURE_WITH_UNIT (LENGTH_MEASURE( 1.000000000000000082E-05 ), #547, 'distance_accuracy_value', 'NONE');
#1232 =( LENGTH_UNIT ( ) NAMED_UNIT ( * ) SI_UNIT ( .MILLI., .METRE. ) );
#1234 = SHAPE_DEFINITION_REPRESENTATION ( #870, #1464 ) ;
#1233 = APPLICATION_CONTEXT ( 'automotive_design' ) ;
#1235 = SHAPE_REPRESENTATION ( 'Antenna_assembly v4', ( #382 ), #1317 ) ;
#1236 = IDENTIFICATION_ROLE ( 'external document id and location', $) ;
#1237 = CONTEXT_DEPENDENT_SHAPE_REPRESENTATION ( #1055, #1470 ) ;
#1238 = APPLICATION_CONTEXT ( 'automotive_design' ) ;
#1239 = PROPERTY_DEFINITION ('external definition','', #280 ) ;
#1240 = DIRECTION ( 'NONE',  ( 1.000000000000000000, 1.665334536937735057E-16, 3.983673497353345300E-15 ) ) ;
#1241 =( REPRESENTATION_RELATIONSHIP ('NONE','NONE', #1464, #1543 ) REPRESENTATION_RELATIONSHIP_WITH_TRANSFORMATION ( #432 )SHAPE_REPRESENTATION_RELATIONSHIP( ) );
#1242 = PROPERTY_DEFINITION_REPRESENTATION ( #286, #660 ) ;
#1243 = AXIS2_PLACEMENT_3D ( 'NONE', #217, #785, #940 ) ;
#1244 = APPLICATION_PROTOCOL_DEFINITION ( 'draft international standard', 'automotive_design', 1998, #724 ) ;
#1245 = APPLICATION_CONTEXT ( 'automotive_design' ) ;
#1246 = PROPERTY_DEFINITION_REPRESENTATION ( #752, #1217 ) ;
#1247 = OBJECT_ROLE ('mandatory',$ ) ;
#1248 = PRODUCT_RELATED_PRODUCT_CATEGORY ( 'part', '', ( #1394 ) ) ;
#1249 = EXTERNAL_SOURCE (IDENTIFIER('') ) ;
#1250 =( NAMED_UNIT ( * ) PLANE_ANGLE_UNIT ( ) SI_UNIT ( $, .RADIAN. ) );
#1251 = UNCERTAINTY_MEASURE_WITH_UNIT (LENGTH_MEASURE( 1.000000000000000082E-05 ), #1528, 'distance_accuracy_value', 'NONE');
#1252 = APPLICATION_PROTOCOL_DEFINITION ( 'draft international standard', 'automotive_design', 1998, #923 ) ;
#1253 = PROPERTY_DEFINITION ('external definition','', #624 ) ;
#1254 = APPLIED_EXTERNAL_IDENTIFICATION_ASSIGNMENT ( '1860N13_Wet-Location HDMI Connector_1860N13.STEP' , #1096, #13,( #1018) ) ;
#1255 = PRODUCT_DEFINITION_FORMATION_WITH_SPECIFIED_SOURCE ( 'Symmetric', '', #362, .NOT_KNOWN. ) ;
#1256 = APPLIED_DOCUMENT_REFERENCE ( #14,'',( #1267) ) ;
#1257 =( REPRESENTATION_RELATIONSHIP ('NONE','NONE', #1464, #1235 ) REPRESENTATION_RELATIONSHIP_WITH_TRANSFORMATION ( #658 )SHAPE_REPRESENTATION_RELATIONSHIP( ) );
#1258 = CONTEXT_DEPENDENT_SHAPE_REPRESENTATION ( #755, #1097 ) ;
#1259 = APPLICATION_PROTOCOL_DEFINITION ( 'draft international standard', 'automotive_design', 1998, #1483 ) ;
#1260 = DIRECTION ( 'NONE',  ( 1.000000000000000000, 0.000000000000000000, 0.000000000000000000 ) ) ;
#1261 = PRODUCT_DEFINITION_SHAPE ( 'NONE', 'NONE',  #184 ) ;
#1262 = APPLIED_DOCUMENT_REFERENCE ( #1370,'',( #753) ) ;
#1263 = PROPERTY_DEFINITION ('external definition','', #991 ) ;
#1264 = PRODUCT_DEFINITION_CONTEXT ( 'detailed design', #1367, 'design' ) ;
#1265 =( NAMED_UNIT ( * ) PLANE_ANGLE_UNIT ( ) SI_UNIT ( $, .RADIAN. ) );
#1266 = PRODUCT_CONTEXT ( 'NONE', #1340, 'mechanical' ) ;
#1267 = PRODUCT_DEFINITION ( 'General', '', #203, #76 ) ;
#1268 = ROLE_ASSOCIATION ( #871, #1256 ) ;
#1269 = DIRECTION ( 'NONE',  ( -1.000000000000000222, -2.465190328815661892E-32, 2.220446049250313081E-16 ) ) ;
#1270 = AXIS2_PLACEMENT_3D ( 'NONE', #1442, #1436, #1461 ) ;
#1271 = DOCUMENT_TYPE ( 'geometry' ) ;
#1272 = AXIS2_PLACEMENT_3D ( 'NONE', #1150, #327, #1181 ) ;
#1273 =( NAMED_UNIT ( * ) PLANE_ANGLE_UNIT ( ) SI_UNIT ( $, .RADIAN. ) );
#1274 = ROLE_ASSOCIATION ( #429, #333 ) ;
#1275 = SHAPE_DEFINITION_REPRESENTATION ( #640, #572 ) ;
#1276 = DOCUMENT_FILE ( '96016A237_Plastic-Head Thumb Screws_96016A237.STEP' , '', '', #1582, '' ,$ ) ;
#1277 = DIRECTION ( 'NONE',  ( 1.000000000000000000, 1.269640793751424006E-15, 9.846440222481583522E-15 ) ) ;
#1278 = DIRECTION ( 'NONE',  ( 0.000000000000000000, 0.000000000000000000, 1.000000000000000000 ) ) ;
#1279 = SHAPE_REPRESENTATION ( '1860N13_Wet-Location HDMI Connector_1860N13', ( #671 ), #205 ) ;
#1280 = PRODUCT_DEFINITION_SHAPE ( 'NONE', 'NONE',  #235 ) ;
#1281 = PROPERTY_DEFINITION_REPRESENTATION ( #1009, #91 ) ;
#1282 = IDENTIFICATION_ROLE ( 'external document id and location', $) ;
#1283 = PRODUCT_DEFINITION_FORMATION_WITH_SPECIFIED_SOURCE ( 'Symmetric', '', #1073, .NOT_KNOWN. ) ;
#1284 = EXTERNAL_SOURCE (IDENTIFIER('') ) ;
#1285 = CONTEXT_DEPENDENT_SHAPE_REPRESENTATION ( #1334, #705 ) ;
#1286 = DIRECTION ( 'NONE',  ( 0.000000000000000000, 0.000000000000000000, 1.000000000000000000 ) ) ;
#1287 = APPLICATION_PROTOCOL_DEFINITION ( 'draft international standard', 'automotive_design', 1998, #1576 ) ;
#1288 = ITEM_DEFINED_TRANSFORMATION ( 'NONE', 'NONE', #707,  #858 ) ;
#1289 = CARTESIAN_POINT ( 'NONE',  ( -72.99711251421531699, -9.701976453215626961, -83.68700000000070816 ) ) ;
#1290 = PROPERTY_DEFINITION_REPRESENTATION ( #1070, #276 ) ;
#1291 = SHAPE_REPRESENTATION ( 'M18 battery mount', ( #1272 ), #1595 ) ;
#1292 = DOCUMENT_TYPE ( 'geometry' ) ;
#1293 = PRODUCT_RELATED_PRODUCT_CATEGORY ( 'part', '', ( #1429 ) ) ;
#1294 = APPLICATION_CONTEXT ( 'automotive_design' ) ;
#1295 = PROPERTY_DEFINITION_REPRESENTATION ( #1263, #572 ) ;
#1296 = PROPERTY_DEFINITION ('external definition','', #1179 ) ;
#1297 = PRODUCT_CONTEXT ( 'NONE', #1118, 'mechanical' ) ;
#1298 = PRODUCT ( 'arduino uno', 'arduino uno', '', ( #896 ) ) ;
#1299 = CARTESIAN_POINT ( 'NONE',  ( 94.40300000000098635, -9.701976453215449325, -185.1667000000014127 ) ) ;
#1300 = UNCERTAINTY_MEASURE_WITH_UNIT (LENGTH_MEASURE( 1.000000000000000082E-05 ), #1617, 'distance_accuracy_value', 'NONE');
#1301 = ROLE_ASSOCIATION ( #470, #736 ) ;
#1302 = AXIS2_PLACEMENT_3D ( 'NONE', #49, #1327, #1588 ) ;
#1303 = PRODUCT_RELATED_PRODUCT_CATEGORY ( 'part', '', ( #1472 ) ) ;
#1304 =( LENGTH_UNIT ( ) NAMED_UNIT ( * ) SI_UNIT ( .MILLI., .METRE. ) );
#1305 = APPLICATION_PROTOCOL_DEFINITION ( 'draft international standard', 'automotive_design', 1998, #709 ) ;
#1306 = OBJECT_ROLE ('mandatory',$ ) ;
#1307 = ITEM_DEFINED_TRANSFORMATION ( 'NONE', 'NONE', #1177,  #521 ) ;
#1308 = DOCUMENT_TYPE ( 'geometry' ) ;
#1309 = CARTESIAN_POINT ( 'NONE',  ( -72.99711251421454961, -9.701976453215440444, -185.1667000000013843 ) ) ;
#1310 = PRODUCT_DEFINITION_SHAPE ( 'NONE', 'NONE',  #1793 ) ;
#1311 = APPLIED_DOCUMENT_REFERENCE ( #339,'',( #1648) ) ;
#1312 = PRODUCT ( 'QB3-3D', 'QB3-3D', '', ( #1688 ) ) ;
#1313 = PROPERTY_DEFINITION ('document property','', #1463 ) ;
#1314 = APPLIED_EXTERNAL_IDENTIFICATION_ASSIGNMENT ( '5779K131_Push-to-Connect Tube Fitting for Air_5779K131.STEP' , #1609, #1320,( #1702) ) ;
#1315 = APPLIED_EXTERNAL_IDENTIFICATION_ASSIGNMENT ( '4830K133_Standard-Wall 304-304L Stainless Steel Pipe Nipple_4830K133.STEP' , #553, #1525,( #1089) ) ;
#1316 = CONTEXT_DEPENDENT_SHAPE_REPRESENTATION ( #1108, #1513 ) ;
#1317 =( GEOMETRIC_REPRESENTATION_CONTEXT ( 3 ) GLOBAL_UNCERTAINTY_ASSIGNED_CONTEXT ( ( #744 ) ) GLOBAL_UNIT_ASSIGNED_CONTEXT ( ( #817, #568, #1574 ) ) REPRESENTATION_CONTEXT ( 'NONE', 'WORKASPACE' ) );
#1318 = PRODUCT_CONTEXT ( 'NONE', #709, 'mechanical' ) ;
#1319 = DIRECTION ( 'NONE',  ( 0.000000000000000000, 0.000000000000000000, 1.000000000000000000 ) ) ;
#1320 = EXTERNAL_SOURCE (IDENTIFIER('') ) ;
#1321 = PRODUCT_DEFINITION_CONTEXT ( 'detailed design', #1052, 'design' ) ;
#1322 = PROPERTY_DEFINITION_REPRESENTATION ( #934, #276 ) ;
#1323 = EXTERNAL_SOURCE (IDENTIFIER('') ) ;
#1324 = CARTESIAN_POINT ( 'NONE',  ( 0.000000000000000000, 0.000000000000000000, 0.000000000000000000 ) ) ;
#1325 = ROLE_ASSOCIATION ( #1002, #760 ) ;
#1326 = CONTEXT_DEPENDENT_SHAPE_REPRESENTATION ( #169, #1026 ) ;
#1327 = DIRECTION ( 'NONE',  ( 2.035898835337813286E-16, 1.000000000000000000, -4.440892098500527554E-16 ) ) ;
#1328 = PROPERTY_DEFINITION ('document property','', #1159 ) ;
#1329 = PRODUCT_DEFINITION ( 'General', '', #288, #1264 ) ;
#1330 = ITEM_DEFINED_TRANSFORMATION ( 'NONE', 'NONE', #1473,  #1384 ) ;
#1331 = EXTERNAL_SOURCE (IDENTIFIER('') ) ;
#1332 = APPLICATION_CONTEXT ( 'automotive_design' ) ;
#1333 = IDENTIFICATION_ROLE ( 'external document id and location', $) ;
#1334 =( REPRESENTATION_RELATIONSHIP ('NONE','NONE', #1464, #776 ) REPRESENTATION_RELATIONSHIP_WITH_TRANSFORMATION ( #1138 )SHAPE_REPRESENTATION_RELATIONSHIP( ) );
#1335 = PROPERTY_DEFINITION_REPRESENTATION ( #1382, #536 ) ;
#1336 = DIRECTION ( 'NONE',  ( 0.000000000000000000, 0.000000000000000000, 1.000000000000000000 ) ) ;
#1337 = DIRECTION ( 'NONE',  ( 5.551115123125782702E-17, -8.438326279774177497E-17, -1.000000000000000222 ) ) ;
#1338 = PRODUCT_DEFINITION_CONTEXT ( 'detailed design', #483, 'design' ) ;
#1339 = ROLE_ASSOCIATION ( #268, #774 ) ;
#1340 = APPLICATION_CONTEXT ( 'automotive_design' ) ;
#1341 = APPLIED_EXTERNAL_IDENTIFICATION_ASSIGNMENT ( 'M18 battery mount.STEP' , #1400, #836,( #1456) ) ;
#1342 = PRODUCT_DEFINITION_FORMATION_WITH_SPECIFIED_SOURCE ( 'Symmetric', '', #383, .NOT_KNOWN. ) ;
#1343 = PROPERTY_DEFINITION ('document property','', #910 ) ;
#1344 = IDENTIFICATION_ROLE ( 'external document id and location', $) ;
#1345 = CONTEXT_DEPENDENT_SHAPE_REPRESENTATION ( #32, #273 ) ;
#1346 = EXTERNAL_SOURCE (IDENTIFIER('') ) ;
#1347 = DIRECTION ( 'NONE',  ( 1.000000000000000000, 0.000000000000000000, 0.000000000000000000 ) ) ;
#1348 = PRODUCT_DEFINITION_SHAPE ( 'NONE', 'NONE',  #430 ) ;
#1349 = CARTESIAN_POINT ( 'NONE',  ( 0.000000000000000000, 0.000000000000000000, 0.000000000000000000 ) ) ;
#1350 = CONTEXT_DEPENDENT_SHAPE_REPRESENTATION ( #714, #1058 ) ;
#1351 = AXIS2_PLACEMENT_3D ( 'NONE', #1109, #476, #789 ) ;
#1352 = CONTEXT_DEPENDENT_SHAPE_REPRESENTATION ( #1088, #1631 ) ;
#1353 = IDENTIFICATION_ROLE ( 'external document id and location', $) ;
#1354 = DIRECTION ( 'NONE',  ( 0.000000000000000000, 0.000000000000000000, 1.000000000000000000 ) ) ;
#1355 = DIRECTION ( 'NONE',  ( -1.000000000000000000, -1.760119413237647266E-31, 0.000000000000000000 ) ) ;
#1356 = PRODUCT_DEFINITION_SHAPE ( 'NONE', 'NONE',  #1744 ) ;
#1357 = PROPERTY_DEFINITION_REPRESENTATION ( #786, #1662 ) ;
#1358 = PROPERTY_DEFINITION ('external definition','', #339 ) ;
#1359 = DIRECTION ( 'NONE',  ( -1.000000000000000000, 4.567264719742865246E-34, -1.475281435075169935E-16 ) ) ;
#1360 = APPLIED_DOCUMENT_REFERENCE ( #1412,'',( #1329) ) ;
#1361 =( NAMED_UNIT ( * ) SI_UNIT ( $, .STERADIAN. ) SOLID_ANGLE_UNIT ( ) );
#1362 = APPLIED_EXTERNAL_IDENTIFICATION_ASSIGNMENT ( 'acrylic_top.STEP' , #1457, #1517,( #305) ) ;
#1363 = PROPERTY_DEFINITION_REPRESENTATION ( #812, #536 ) ;
#1364 = CARTESIAN_POINT ( 'NONE',  ( 0.000000000000000000, 0.000000000000000000, 0.000000000000000000 ) ) ;
#1365 = DIRECTION ( 'NONE',  ( 1.000000000000000000, 0.000000000000000000, 0.000000000000000000 ) ) ;
#1366 = CONTEXT_DEPENDENT_SHAPE_REPRESENTATION ( #1257, #1045 ) ;
#1367 = APPLICATION_CONTEXT ( 'automotive_design' ) ;
#1368 = DIRECTION ( 'NONE',  ( -1.000000000000000222, -2.465190328815661892E-32, 2.220446049250313081E-16 ) ) ;
#1369 = IDENTIFICATION_ROLE ( 'external document id and location', $) ;
#1370 = DOCUMENT_FILE ( '4830K133_Standard-Wall 304-304L Stainless Steel Pipe Nipple_4830K133.STEP' , '', '', #1656, '' ,$ ) ;
#1371 = PRODUCT_DEFINITION_SHAPE ( 'NONE', 'NONE',  #1762 ) ;
#1372 = PRODUCT_DEFINITION_FORMATION_WITH_SPECIFIED_SOURCE ( 'Symmetric', '', #1298, .NOT_KNOWN. ) ;
#1373 = DIRECTION ( 'NONE',  ( 0.8356797950275542952, 0.002946703424439837179, 0.5492090650395652363 ) ) ;
#1374 = CARTESIAN_POINT ( 'NONE',  ( -17.19707500947539813, -9.701976453215404916, -155.0667000000015037 ) ) ;
#1375 =( REPRESENTATION_RELATIONSHIP ('NONE','NONE', #1464, #1029 ) REPRESENTATION_RELATIONSHIP_WITH_TRANSFORMATION ( #981 )SHAPE_REPRESENTATION_RELATIONSHIP( ) );
#1376 = EXTERNAL_SOURCE (IDENTIFIER('') ) ;
#1377 = DOCUMENT_FILE ( '4830K133_Standard-Wall 304-304L Stainless Steel Pipe Nipple_4830K133.STEP' , '', '', #1591, '' ,$ ) ;
#1378 = PRODUCT_DEFINITION_CONTEXT ( 'detailed design', #673, 'design' ) ;
#1379 = PRODUCT_CONTEXT ( 'NONE', #1735, 'mechanical' ) ;
#1380 = DOCUMENT_FILE ( '5602K14_Industrial Quick-Disconnect Hose Coupling Set for Air_5602K14.STEP' , '', '', #218, '' ,$ ) ;
#1381 = PRODUCT_RELATED_PRODUCT_CATEGORY ( 'part', '', ( #1206 ) ) ;
#1382 = PROPERTY_DEFINITION ('document property','', #1089 ) ;
#1383 = IDENTIFICATION_ROLE ( 'external document id and location', $) ;
#1384 = AXIS2_PLACEMENT_3D ( 'NONE', #1658, #1178, #493 ) ;
#1385 = AXIS2_PLACEMENT_3D ( 'NONE', #343, #211, #762 ) ;
#1386 = APPLICATION_PROTOCOL_DEFINITION ( 'draft international standard', 'automotive_design', 1998, #1233 ) ;
#1387 = APPLICATION_CONTEXT ( 'automotive_design' ) ;
#1388 = DIRECTION ( 'NONE',  ( 0.000000000000000000, 0.000000000000000000, 1.000000000000000000 ) ) ;
#1389 = IDENTIFICATION_ROLE ( 'external document id and location', $) ;
#1390 = APPLIED_DOCUMENT_REFERENCE ( #1083,'',( #1164) ) ;
#1391 = UNCERTAINTY_MEASURE_WITH_UNIT (LENGTH_MEASURE( 1.000000000000000082E-05 ), #950, 'distance_accuracy_value', 'NONE');
#1392 = APPLICATION_PROTOCOL_DEFINITION ( 'draft international standard', 'automotive_design', 1998, #523 ) ;
#1393 =( GEOMETRIC_REPRESENTATION_CONTEXT ( 3 ) GLOBAL_UNCERTAINTY_ASSIGNED_CONTEXT ( ( #1251 ) ) GLOBAL_UNIT_ASSIGNED_CONTEXT ( ( #1528, #1114, #810 ) ) REPRESENTATION_CONTEXT ( 'NONE', 'WORKASPACE' ) );
#1394 = PRODUCT ( '1_8 NPT - 1_4 Inch Push to Connect Elbow Fitting', '1_8 NPT - 1_4 Inch Push to Connect Elbow Fitting', '', ( #167 ) ) ;
#1395 = PRODUCT_DEFINITION_SHAPE ( 'NONE', 'NONE',  #1752 ) ;
#1396 = DIRECTION ( 'NONE',  ( 0.000000000000000000, 0.000000000000000000, -1.000000000000000000 ) ) ;
#1397 = PRODUCT_DEFINITION_FORMATION_WITH_SPECIFIED_SOURCE ( 'Symmetric', '', #1146, .NOT_KNOWN. ) ;
#1398 = PROPERTY_DEFINITION_REPRESENTATION ( #1022, #1029 ) ;
#1399 = IDENTIFICATION_ROLE ( 'external document id and location', $) ;
#1400 = IDENTIFICATION_ROLE ( 'external document id and location', $) ;
#1401 = DIRECTION ( 'NONE',  ( 1.000000000000000000, 0.000000000000000000, 0.000000000000000000 ) ) ;
#1402 = DOCUMENT_FILE ( '5779K109_Push-to-Connect Tube Fitting for Air_5779K109.STEP' , '', '', #172, '' ,$ ) ;
#1403 = PRODUCT_RELATED_PRODUCT_CATEGORY ( 'part', '', ( #383 ) ) ;
#1404 =( NAMED_UNIT ( * ) SI_UNIT ( $, .STERADIAN. ) SOLID_ANGLE_UNIT ( ) );
#1405 = SHAPE_DEFINITION_REPRESENTATION ( #1538, #1662 ) ;
#1406 = PROPERTY_DEFINITION_REPRESENTATION ( #764, #1029 ) ;
#1407 = DIRECTION ( 'NONE',  ( -1.000000000000000222, -2.465190328815661892E-32, 2.220446049250313081E-16 ) ) ;
#1408 = SHAPE_REPRESENTATION ( 'M18 Battery 8Ah', ( #482 ), #742 ) ;
#1409 = OBJECT_ROLE ('mandatory',$ ) ;
#1410 = DOCUMENT_TYPE ( 'geometry' ) ;
#1411 = PRODUCT ( 'CASE_930_R1_Top_INNER_SURFACE', 'CASE_930_R1_Top_INNER_SURFACE', '', ( #412 ) ) ;
#1412 = DOCUMENT_FILE ( '1_8 NPT - 1_4 Inch Push to Connect Elbow Fitting.STEP' , '', '', #301, '' ,$ ) ;
#1413 = PROPERTY_DEFINITION ('document property','', #305 ) ;
#1414 =( NAMED_UNIT ( * ) PLANE_ANGLE_UNIT ( ) SI_UNIT ( $, .RADIAN. ) );
#1415 = PRODUCT_CONTEXT ( 'NONE', #1080, 'mechanical' ) ;
#1416 = AXIS2_PLACEMENT_3D ( 'NONE', #1193, #1373, #1062 ) ;
#1417 = ITEM_DEFINED_TRANSFORMATION ( 'NONE', 'NONE', #1445,  #1527 ) ;
#1418 =( NAMED_UNIT ( * ) SI_UNIT ( $, .STERADIAN. ) SOLID_ANGLE_UNIT ( ) );
#1419 = AXIS2_PLACEMENT_3D ( 'NONE', #1228, #1368, #110 ) ;
#1420 = PROPERTY_DEFINITION_REPRESENTATION ( #894, #91 ) ;
#1421 =( REPRESENTATION_RELATIONSHIP ('NONE','NONE', #1464, #340 ) REPRESENTATION_RELATIONSHIP_WITH_TRANSFORMATION ( #1738 )SHAPE_REPRESENTATION_RELATIONSHIP( ) );
#1422 = PROPERTY_DEFINITION_REPRESENTATION ( #109, #572 ) ;
#1423 = PROPERTY_DEFINITION ('external definition','', #575 ) ;
#1424 = APPLICATION_PROTOCOL_DEFINITION ( 'draft international standard', 'automotive_design', 1998, #1605 ) ;
#1425 =( REPRESENTATION_RELATIONSHIP ('NONE','NONE', #1464, #526 ) REPRESENTATION_RELATIONSHIP_WITH_TRANSFORMATION ( #611 )SHAPE_REPRESENTATION_RELATIONSHIP( ) );
#1426 = DIRECTION ( 'NONE',  ( 1.004751837285766669E-14, -6.618434684053999899E-33, -1.000000000000000000 ) ) ;
#1427 = APPLIED_EXTERNAL_IDENTIFICATION_ASSIGNMENT ( 'screen.STEP' , #520, #704,( #1583) ) ;
#1428 = PRODUCT_DEFINITION ( 'General', '', #545, #809 ) ;
#1429 = PRODUCT ( '8903T45_Mil. Spec. Signal-Power Connector_8903T45', '8903T45_Mil. Spec. Signal-Power Connector_8903T45', '', ( #1536 ) ) ;
#1430 = EXTERNAL_SOURCE (IDENTIFIER('') ) ;
#1431 = CARTESIAN_POINT ( 'NONE',  ( 0.000000000000000000, 0.000000000000000000, 0.000000000000000000 ) ) ;
#1432 = ROLE_ASSOCIATION ( #958, #59 ) ;
#1433 = APPLICATION_PROTOCOL_DEFINITION ( 'draft international standard', 'automotive_design', 1998, #911 ) ;
#1434 =( REPRESENTATION_RELATIONSHIP ('NONE','NONE', #1464, #1476 ) REPRESENTATION_RELATIONSHIP_WITH_TRANSFORMATION ( #108 )SHAPE_REPRESENTATION_RELATIONSHIP( ) );
#1435 = EXTERNAL_SOURCE (IDENTIFIER('') ) ;
#1436 = DIRECTION ( 'NONE',  ( 1.000000000000000000, 1.269640793751424006E-15, 9.846440222481583522E-15 ) ) ;
#1437 = PRODUCT_DEFINITION ( 'General', '', #1684, #616 ) ;
#1438 = PROPERTY_DEFINITION ('document property','', #787 ) ;
#1439 = CARTESIAN_POINT ( 'NONE',  ( 0.000000000000000000, 0.000000000000000000, 0.000000000000000000 ) ) ;
#1440 = APPLICATION_PROTOCOL_DEFINITION ( 'draft international standard', 'automotive_design', 1998, #369 ) ;
#1441 = PROPERTY_DEFINITION_REPRESENTATION ( #745, #1029 ) ;
#1442 = CARTESIAN_POINT ( 'NONE',  ( -17.19707500947551182, -9.701976453215472418, -50.53859996356423068 ) ) ;
#1443 = IDENTIFICATION_ROLE ( 'external document id and location', $) ;
#1444 = UNCERTAINTY_MEASURE_WITH_UNIT (LENGTH_MEASURE( 1.000000000000000082E-05 ), #242, 'distance_accuracy_value', 'NONE');
#1445 = AXIS2_PLACEMENT_3D ( 'NONE', #1349, #1396, #1047 ) ;
#1446 = AXIS2_PLACEMENT_3D ( 'NONE', #1649, #778, #1731 ) ;
#1447 = DIRECTION ( 'NONE',  ( 1.000000000000000000, 0.000000000000000000, 0.000000000000000000 ) ) ;
#1448 = PRODUCT_CONTEXT ( 'NONE', #856, 'mechanical' ) ;
#1449 = CONTEXT_DEPENDENT_SHAPE_REPRESENTATION ( #45, #486 ) ;
#1450 = DIRECTION ( 'NONE',  ( 0.000000000000000000, 0.000000000000000000, 1.000000000000000000 ) ) ;
#1451 = APPLIED_DOCUMENT_REFERENCE ( #1018,'',( #161) ) ;
#1452 = PRODUCT_DEFINITION_SHAPE ( 'NONE', 'NONE',  #1775 ) ;
#1453 = APPLICATION_CONTEXT ( 'automotive_design' ) ;
#1454 = APPLIED_EXTERNAL_IDENTIFICATION_ASSIGNMENT ( 'CASE_930_R1_Top_INNER_SURFACE.STEP' , #1282, #813,( #348) ) ;
#1455 = PRODUCT_DEFINITION_FORMATION_WITH_SPECIFIED_SOURCE ( 'Symmetric', '', #1206, .NOT_KNOWN. ) ;
#1456 = DOCUMENT_FILE ( 'M18 battery mount.STEP' , '', '', #1676, '' ,$ ) ;
#1457 = IDENTIFICATION_ROLE ( 'external document id and location', $) ;
#1458 = DIRECTION ( 'NONE',  ( 0.000000000000000000, 0.000000000000000000, 1.000000000000000000 ) ) ;
#1459 = SHAPE_DEFINITION_REPRESENTATION ( #1572, #1522 ) ;
#1460 =( NAMED_UNIT ( * ) PLANE_ANGLE_UNIT ( ) SI_UNIT ( $, .RADIAN. ) );
#1461 = DIRECTION ( 'NONE',  ( 1.269640793751564423E-15, -1.000000000000000000, -1.199166837518862610E-17 ) ) ;
#1462 = PRODUCT_DEFINITION_CONTEXT ( 'detailed design', #369, 'design' ) ;
#1463 = DOCUMENT_FILE ( '7699N53_Universal-Thread Push-to-Connect Tube Fittings_7699N53.STEP' , '', '', #986, '' ,$ ) ;
#1464 = SHAPE_REPRESENTATION ( 'compute_box', ( #919, #1419, #126, #364, #562, #588, #626, #103, #739, #1650, #1623, #1503, #1593, #804, #829, #889, #1673, #1302, #41, #159, #251, #1061, #1117, #1270, #278, #708, #509, #1729, #294, #949, #447, #769, #478, #998, #395, #1647, #1385, #166, #1085, #127, #73, #1243, #1473, #886, #220, #1416, #857, #186, #365, #1556, #1177, #707, #687, #1445 ), #1699 ) ;
#1465 = IDENTIFICATION_ROLE ( 'external document id and location', $) ;
#1466 = DIRECTION ( 'NONE',  ( 1.000000000000000000, 0.000000000000000000, 0.000000000000000000 ) ) ;
#1467 = OBJECT_ROLE ('mandatory',$ ) ;
#1468 =( NAMED_UNIT ( * ) SI_UNIT ( $, .STERADIAN. ) SOLID_ANGLE_UNIT ( ) );
#1469 = DIRECTION ( 'NONE',  ( 1.000000000000000000, 9.413312474910378381E-33, 9.413312474910372907E-33 ) ) ;
#1470 = PRODUCT_DEFINITION_SHAPE ( 'NONE', 'NONE',  #1784 ) ;
#1471 = PROPERTY_DEFINITION_REPRESENTATION ( #332, #1235 ) ;
#1472 = PRODUCT ( 'vine_robot_arduino_shield', 'vine_robot_arduino_shield', '', ( #890 ) ) ;
#1473 = AXIS2_PLACEMENT_3D ( 'NONE', #803, #98, #773 ) ;
#1474 = ITEM_DEFINED_TRANSFORMATION ( 'NONE', 'NONE', #294,  #1677 ) ;
#1475 = PROPERTY_DEFINITION_REPRESENTATION ( #1643, #1530 ) ;
#1476 = SHAPE_REPRESENTATION ( 'Push button 12mm', ( #9 ), #938 ) ;
#1477 =( REPRESENTATION_RELATIONSHIP ('NONE','NONE', #1464, #276 ) REPRESENTATION_RELATIONSHIP_WITH_TRANSFORMATION ( #204 )SHAPE_REPRESENTATION_RELATIONSHIP( ) );
#1478 = DIRECTION ( 'NONE',  ( 2.588449845256444987E-31, -1.000000000000000000, 2.157660788324227951E-16 ) ) ;
#1479 = ROLE_ASSOCIATION ( #505, #510 ) ;
#1480 = PRODUCT_DEFINITION ( 'General', '', #1068, #682 ) ;
#1481 = PROPERTY_DEFINITION ('document property','', #44 ) ;
#1482 =( NAMED_UNIT ( * ) PLANE_ANGLE_UNIT ( ) SI_UNIT ( $, .RADIAN. ) );
#1483 = APPLICATION_CONTEXT ( 'automotive_design' ) ;
#1484 = APPLIED_EXTERNAL_IDENTIFICATION_ASSIGNMENT ( 'CNLINKO YU-USB.STEP' , #1443, #284,( #759) ) ;
#1485 = PRODUCT_DEFINITION_FORMATION_WITH_SPECIFIED_SOURCE ( 'Symmetric', '', #656, .NOT_KNOWN. ) ;
#1486 = PROPERTY_DEFINITION ('document property','', #348 ) ;
#1487 = PROPERTY_DEFINITION_REPRESENTATION ( #932, #1530 ) ;
#1488 = AXIS2_PLACEMENT_3D ( 'NONE', #798, #1171, #1075 ) ;
#1489 = PRODUCT_DEFINITION_SHAPE ( 'NONE', 'NONE',  #1103 ) ;
#1490 = DIRECTION ( 'NONE',  ( -0.3102383727508302713, -0.005100551678516687323, -0.9506451159320664646 ) ) ;
#1491 =( REPRESENTATION_RELATIONSHIP ('NONE','NONE', #1464, #1029 ) REPRESENTATION_RELATIONSHIP_WITH_TRANSFORMATION ( #1307 )SHAPE_REPRESENTATION_RELATIONSHIP( ) );
#1492 = DIRECTION ( 'NONE',  ( 1.000000000000000222, -3.885780586188046905E-16, 3.983673497353345300E-15 ) ) ;
#1493 =( REPRESENTATION_RELATIONSHIP ('NONE','NONE', #1464, #725 ) REPRESENTATION_RELATIONSHIP_WITH_TRANSFORMATION ( #1594 )SHAPE_REPRESENTATION_RELATIONSHIP( ) );
#1494 = APPLIED_DOCUMENT_REFERENCE ( #1182,'',( #753) ) ;
#1495 = PROPERTY_DEFINITION ('document property','', #1370 ) ;
#1496 = PRODUCT_DEFINITION_SHAPE ( 'NONE', 'NONE',  #1787 ) ;
#1497 = DIRECTION ( 'NONE',  ( -4.229240414525068652E-15, 1.110223024625168620E-16, 1.000000000000000000 ) ) ;
#1498 =( REPRESENTATION_RELATIONSHIP ('NONE','NONE', #1464, #276 ) REPRESENTATION_RELATIONSHIP_WITH_TRANSFORMATION ( #805 )SHAPE_REPRESENTATION_RELATIONSHIP( ) );
#1499 = APPLIED_EXTERNAL_IDENTIFICATION_ASSIGNMENT ( '4830K133_Standard-Wall 304-304L Stainless Steel Pipe Nipple_4830K133.STEP' , #182, #1284,( #1370) ) ;
#1500 = PRODUCT ( 'small_emergency_button', 'small_emergency_button', '', ( #1087 ) ) ;
#1501 = IDENTIFICATION_ROLE ( 'external document id and location', $) ;
#1502 =( NAMED_UNIT ( * ) SI_UNIT ( $, .STERADIAN. ) SOLID_ANGLE_UNIT ( ) );
#1503 = AXIS2_PLACEMENT_3D ( 'NONE', #576, #897, #1135 ) ;
#1504 = APPLIED_DOCUMENT_REFERENCE ( #1377,'',( #753) ) ;
#1505 = PRODUCT_DEFINITION_CONTEXT ( 'detailed design', #1229, 'design' ) ;
#1506 = CARTESIAN_POINT ( 'NONE',  ( 0.000000000000000000, 0.000000000000000000, 0.000000000000000000 ) ) ;
#1507 = DIRECTION ( 'NONE',  ( 0.8356797950275540732, 0.002946703424439874909, 0.5492090650395653473 ) ) ;
#1508 = ITEM_DEFINED_TRANSFORMATION ( 'NONE', 'NONE', #220,  #858 ) ;
#1509 =( GEOMETRIC_REPRESENTATION_CONTEXT ( 3 ) GLOBAL_UNCERTAINTY_ASSIGNED_CONTEXT ( ( #530 ) ) GLOBAL_UNIT_ASSIGNED_CONTEXT ( ( #1121, #623, #89 ) ) REPRESENTATION_CONTEXT ( 'NONE', 'WORKASPACE' ) );
#1510 = DIRECTION ( 'NONE',  ( 1.000000000000000000, 0.000000000000000000, 0.000000000000000000 ) ) ;
#1511 = DOCUMENT_TYPE ( 'geometry' ) ;
#1512 = ITEM_DEFINED_TRANSFORMATION ( 'NONE', 'NONE', #804,  #1573 ) ;
#1513 = PRODUCT_DEFINITION_SHAPE ( 'NONE', 'NONE',  #1760 ) ;
#1514 = APPLIED_EXTERNAL_IDENTIFICATION_ASSIGNMENT ( '1_8 NPT - 1_4 Inch Push to Connect Elbow Fitting.STEP' , #1100, #1048,( #1412) ) ;
#1515 = PRODUCT_RELATED_PRODUCT_CATEGORY ( 'part', '', ( #1073 ) ) ;
#1516 = SHAPE_DEFINITION_REPRESENTATION ( #1261, #1476 ) ;
#1517 = EXTERNAL_SOURCE (IDENTIFIER('') ) ;
#1518 =( LENGTH_UNIT ( ) NAMED_UNIT ( * ) SI_UNIT ( .MILLI., .METRE. ) );
#1519 = CONTEXT_DEPENDENT_SHAPE_REPRESENTATION ( #1547, #1081 ) ;
#1520 = PRODUCT_DEFINITION_CONTEXT ( 'detailed design', #450, 'design' ) ;
#1521 = SHAPE_DEFINITION_REPRESENTATION ( #982, #276 ) ;
#1522 = SHAPE_REPRESENTATION ( 'arduino uno', ( #737 ), #1149 ) ;
#1523 = ROLE_ASSOCIATION ( #5, #394 ) ;
#1524 =( REPRESENTATION_RELATIONSHIP ('NONE','NONE', #1464, #1029 ) REPRESENTATION_RELATIONSHIP_WITH_TRANSFORMATION ( #962 )SHAPE_REPRESENTATION_RELATIONSHIP( ) );
#1525 = EXTERNAL_SOURCE (IDENTIFIER('') ) ;
#1526 = PROPERTY_DEFINITION ('document property','', #1541 ) ;
#1527 = AXIS2_PLACEMENT_3D ( 'NONE', #1324, #1043, #1646 ) ;
#1528 =( LENGTH_UNIT ( ) NAMED_UNIT ( * ) SI_UNIT ( .MILLI., .METRE. ) );
#1529 = ROLE_ASSOCIATION ( #1306, #1742 ) ;
#1530 = SHAPE_REPRESENTATION ( 'QB3-3D', ( #654 ), #275 ) ;
#1531 = IDENTIFICATION_ROLE ( 'external document id and location', $) ;
#1532 = PRODUCT_RELATED_PRODUCT_CATEGORY ( 'part', '', ( #1694 ) ) ;
#1533 = APPLIED_DOCUMENT_REFERENCE ( #702,'',( #430) ) ;
#1534 = PRODUCT_DEFINITION_CONTEXT ( 'detailed design', #368, 'design' ) ;
#1535 = DIRECTION ( 'NONE',  ( 0.000000000000000000, 0.000000000000000000, 1.000000000000000000 ) ) ;
#1536 = PRODUCT_CONTEXT ( 'NONE', #1102, 'mechanical' ) ;
#1537 = AXIS2_PLACEMENT_3D ( 'NONE', #6, #1286, #881 ) ;
#1538 = PRODUCT_DEFINITION_SHAPE ( 'NONE', 'NONE',  #969 ) ;
#1539 = PROPERTY_DEFINITION ('document property','', #1695 ) ;
#1540 = APPLIED_EXTERNAL_IDENTIFICATION_ASSIGNMENT ( '5697T29_Wet-Location Data Connector_5697T29.STEP' , #1218, #942,( #900) ) ;
#1541 = DOCUMENT_FILE ( '3V210-08NC SOLENOID VALVE.STEP' , '', '', #716, '' ,$ ) ;
#1542 = DIRECTION ( 'NONE',  ( 1.000000000000000222, 1.665334536937735057E-16, 3.768686589505665769E-15 ) ) ;
#1543 = SHAPE_REPRESENTATION ( '5779K109_Push-to-Connect Tube Fitting for Air_5779K109', ( #1590 ), #1393 ) ;
#1544 = DIRECTION ( 'NONE',  ( 1.000000000000000000, 0.000000000000000000, 0.000000000000000000 ) ) ;
#1545 = PROPERTY_DEFINITION_REPRESENTATION ( #433, #526 ) ;
#1546 = PRODUCT_CONTEXT ( 'NONE', #1245, 'mechanical' ) ;
#1547 =( REPRESENTATION_RELATIONSHIP ('NONE','NONE', #1464, #572 ) REPRESENTATION_RELATIONSHIP_WITH_TRANSFORMATION ( #563 )SHAPE_REPRESENTATION_RELATIONSHIP( ) );
#1548 = DOCUMENT_FILE ( '96016A237_Plastic-Head Thumb Screws_96016A237.STEP' , '', '', #990, '' ,$ ) ;
#1549 = CARTESIAN_POINT ( 'NONE',  ( -72.99711251421391012, -9.701976453215422680, -155.0667000000017026 ) ) ;
#1550 = APPLICATION_CONTEXT ( 'automotive_design' ) ;
#1551 =( NAMED_UNIT ( * ) PLANE_ANGLE_UNIT ( ) SI_UNIT ( $, .RADIAN. ) );
#1552 = PRODUCT_DEFINITION_SHAPE ( 'NONE', 'NONE',  #1437 ) ;
#1553 = CONTEXT_DEPENDENT_SHAPE_REPRESENTATION ( #1584, #983 ) ;
#1554 = PRODUCT_CONTEXT ( 'NONE', #956, 'mechanical' ) ;
#1555 = OBJECT_ROLE ('mandatory',$ ) ;
#1556 = AXIS2_PLACEMENT_3D ( 'NONE', #488, #107, #1222 ) ;
#1557 =( REPRESENTATION_RELATIONSHIP ('NONE','NONE', #1464, #1530 ) REPRESENTATION_RELATIONSHIP_WITH_TRANSFORMATION ( #434 )SHAPE_REPRESENTATION_RELATIONSHIP( ) );
#1558 = DIRECTION ( 'NONE',  ( 1.000000000000000222, 1.269640793751424400E-15, 9.846440222481583522E-15 ) ) ;
#1559 = PROPERTY_DEFINITION_REPRESENTATION ( #1358, #674 ) ;
#1560 =( NAMED_UNIT ( * ) SI_UNIT ( $, .STERADIAN. ) SOLID_ANGLE_UNIT ( ) );
#1561 = CONTEXT_DEPENDENT_SHAPE_REPRESENTATION ( #1425, #1371 ) ;
#1562 = PROPERTY_DEFINITION ('document property','', #977 ) ;
#1563 =( LENGTH_UNIT ( ) NAMED_UNIT ( * ) SI_UNIT ( .MILLI., .METRE. ) );
#1564 = PRODUCT_CONTEXT ( 'NONE', #206, 'mechanical' ) ;
#1565 = PRODUCT_DEFINITION ( 'General', '', #672, #763 ) ;
#1566 = APPLIED_DOCUMENT_REFERENCE ( #1548,'',( #1267) ) ;
#1567 = DIRECTION ( 'NONE',  ( 4.106768093994905833E-15, -5.665538892212556401E-16, -1.000000000000000222 ) ) ;
#1568 = PROPERTY_DEFINITION ('document property','', #577 ) ;
#1569 = OBJECT_ROLE ('mandatory',$ ) ;
#1570 = APPLIED_EXTERNAL_IDENTIFICATION_ASSIGNMENT ( 'M18 Battery 8Ah.STEP' , #77, #1331,( #1196) ) ;
#1571 = APPLIED_EXTERNAL_IDENTIFICATION_ASSIGNMENT ( 'QB3-3D.STEP' , #487, #1249,( #1607) ) ;
#1572 = PRODUCT_DEFINITION_SHAPE ( 'NONE', 'NONE',  #1053 ) ;
#1573 = AXIS2_PLACEMENT_3D ( 'NONE', #683, #257, #555 ) ;
#1574 =( NAMED_UNIT ( * ) SI_UNIT ( $, .STERADIAN. ) SOLID_ANGLE_UNIT ( ) );
#1575 = PROPERTY_DEFINITION_REPRESENTATION ( #681, #407 ) ;
#1576 = APPLICATION_CONTEXT ( 'automotive_design' ) ;
#1577 = APPLICATION_PROTOCOL_DEFINITION ( 'draft international standard', 'automotive_design', 1998, #1170 ) ;
#1578 = DIRECTION ( 'NONE',  ( 1.004751837285766669E-14, 0.000000000000000000, -1.000000000000000000 ) ) ;
#1579 = PROPERTY_DEFINITION_REPRESENTATION ( #1175, #1029 ) ;
#1580 = PROPERTY_DEFINITION ('document property','', #1099 ) ;
#1581 = APPLICATION_CONTEXT ( 'automotive_design' ) ;
#1582 = DOCUMENT_TYPE ( 'geometry' ) ;
#1583 = DOCUMENT_FILE ( 'screen.STEP' , '', '', #1308, '' ,$ ) ;
#1584 =( REPRESENTATION_RELATIONSHIP ('NONE','NONE', #1464, #407 ) REPRESENTATION_RELATIONSHIP_WITH_TRANSFORMATION ( #1723 )SHAPE_REPRESENTATION_RELATIONSHIP( ) );
#1585 = PROPERTY_DEFINITION ('external definition','', #1600 ) ;
#1586 =( NAMED_UNIT ( * ) SI_UNIT ( $, .STERADIAN. ) SOLID_ANGLE_UNIT ( ) );
#1587 = APPLICATION_PROTOCOL_DEFINITION ( 'draft international standard', 'automotive_design', 1998, #325 ) ;
#1588 = DIRECTION ( 'NONE',  ( -1.000000000000000000, 2.035898835337793072E-16, -4.520637533849256728E-15 ) ) ;
#1589 = PRODUCT_DEFINITION_CONTEXT ( 'detailed design', #1387, 'design' ) ;
#1590 = AXIS2_PLACEMENT_3D ( 'NONE', #772, #80, #966 ) ;
#1591 = DOCUMENT_TYPE ( 'geometry' ) ;
#1592 = PROPERTY_DEFINITION_REPRESENTATION ( #68, #1279 ) ;
#1593 = AXIS2_PLACEMENT_3D ( 'NONE', #519, #104, #1686 ) ;
#1594 = ITEM_DEFINED_TRANSFORMATION ( 'NONE', 'NONE', #1270,  #1573 ) ;
#1595 =( GEOMETRIC_REPRESENTATION_CONTEXT ( 3 ) GLOBAL_UNCERTAINTY_ASSIGNED_CONTEXT ( ( #1711 ) ) GLOBAL_UNIT_ASSIGNED_CONTEXT ( ( #225, #1035, #1734 ) ) REPRESENTATION_CONTEXT ( 'NONE', 'WORKASPACE' ) );
#1596 = EXTERNAL_SOURCE (IDENTIFIER('') ) ;
#1597 = APPLICATION_PROTOCOL_DEFINITION ( 'draft international standard', 'automotive_design', 1998, #1641 ) ;
#1598 = IDENTIFICATION_ROLE ( 'external document id and location', $) ;
#1599 = CARTESIAN_POINT ( 'NONE',  ( 1.012097697322112489E-29, 60.96097645321496827, -7.893190747297309369E-13 ) ) ;
#1600 = DOCUMENT_FILE ( 'Push button 12mm.STEP' , '', '', #516, '' ,$ ) ;
#1601 = PROPERTY_DEFINITION ('external definition','', #1159 ) ;
#1602 = PRODUCT_DEFINITION_FORMATION_WITH_SPECIFIED_SOURCE ( 'Symmetric', '', #1142, .NOT_KNOWN. ) ;
#1603 =( NAMED_UNIT ( * ) SI_UNIT ( $, .STERADIAN. ) SOLID_ANGLE_UNIT ( ) );
#1604 = ROLE_ASSOCIATION ( #961, #75 ) ;
#1605 = APPLICATION_CONTEXT ( 'automotive_design' ) ;
#1606 = DIRECTION ( 'NONE',  ( 0.000000000000000000, 0.000000000000000000, 1.000000000000000000 ) ) ;
#1607 = DOCUMENT_FILE ( 'QB3-3D.STEP' , '', '', #67, '' ,$ ) ;
#1608 = SHAPE_REPRESENTATION ( '69915K54_Plastic Submersible Cord Grip_69915K54', ( #326 ), #238 ) ;
#1609 = IDENTIFICATION_ROLE ( 'external document id and location', $) ;
#1610 = DIRECTION ( 'NONE',  ( 1.756448109281159098E-31, -1.000000000000000000, 2.157660788324225486E-16 ) ) ;
#1611 = UNCERTAINTY_MEASURE_WITH_UNIT (LENGTH_MEASURE( 1.000000000000000082E-05 ), #350, 'distance_accuracy_value', 'NONE');
#1612 = ROLE_ASSOCIATION ( #334, #941 ) ;
#1613 = IDENTIFICATION_ROLE ( 'external document id and location', $) ;
#1614 =( NAMED_UNIT ( * ) PLANE_ANGLE_UNIT ( ) SI_UNIT ( $, .RADIAN. ) );
#1615 = CONTEXT_DEPENDENT_SHAPE_REPRESENTATION ( #357, #234 ) ;
#1616 = PROPERTY_DEFINITION ('document property','', #715 ) ;
#1617 =( LENGTH_UNIT ( ) NAMED_UNIT ( * ) SI_UNIT ( .MILLI., .METRE. ) );
#1618 = CONTEXT_DEPENDENT_SHAPE_REPRESENTATION ( #439, #1669 ) ;
#1619 = PROPERTY_DEFINITION ('document property','', #481 ) ;
#1620 = ITEM_DEFINED_TRANSFORMATION ( 'NONE', 'NONE', #73,  #465 ) ;
#1621 = PRODUCT_DEFINITION_SHAPE ( 'NONE', 'NONE',  #1565 ) ;
#1622 = DOCUMENT_TYPE ( 'geometry' ) ;
#1623 = AXIS2_PLACEMENT_3D ( 'NONE', #19, #566, #1126 ) ;
#1624 = PROPERTY_DEFINITION_REPRESENTATION ( #600, #1291 ) ;
#1625 = OBJECT_ROLE ('mandatory',$ ) ;
#1626 = PROPERTY_DEFINITION_REPRESENTATION ( #405, #536 ) ;
#1627 = CONTEXT_DEPENDENT_SHAPE_REPRESENTATION ( #144, #84 ) ;
#1628 = CARTESIAN_POINT ( 'NONE',  ( 64.97177319273323803, 56.82306520118934401, -22.35887686630113436 ) ) ;
#1629 = PRODUCT_DEFINITION ( 'General', '', #1602, #1039 ) ;
#1630 = PROPERTY_DEFINITION_REPRESENTATION ( #1486, #1662 ) ;
#1631 = PRODUCT_DEFINITION_SHAPE ( 'NONE', 'NONE',  #1750 ) ;
#1632 =( LENGTH_UNIT ( ) NAMED_UNIT ( * ) SI_UNIT ( .MILLI., .METRE. ) );
#1633 = DOCUMENT_TYPE ( 'geometry' ) ;
#1634 = APPLIED_EXTERNAL_IDENTIFICATION_ASSIGNMENT ( '7699N53_Universal-Thread Push-to-Connect Tube Fittings_7699N53.STEP' , #766, #679,( #1463) ) ;
#1635 = PRODUCT_DEFINITION_FORMATION_WITH_SPECIFIED_SOURCE ( 'Symmetric', '', #1227, .NOT_KNOWN. ) ;
#1636 = PRODUCT_DEFINITION_SHAPE ( 'NONE', 'NONE',  #1781 ) ;
#1637 = APPLIED_DOCUMENT_REFERENCE ( #1607,'',( #1164) ) ;
#1638 =( NAMED_UNIT ( * ) PLANE_ANGLE_UNIT ( ) SI_UNIT ( $, .RADIAN. ) );
#1639 = PRODUCT ( '3V210-08NC SOLENOID VALVE', '3V210-08NC SOLENOID VALVE', '', ( #614 ) ) ;
#1640 = CARTESIAN_POINT ( 'NONE',  ( 117.2749999999999773, -8.936976453215439875, 28.51300000000054524 ) ) ;
#1641 = APPLICATION_CONTEXT ( 'automotive_design' ) ;
#1642 =( NAMED_UNIT ( * ) PLANE_ANGLE_UNIT ( ) SI_UNIT ( $, .RADIAN. ) );
#1643 = PROPERTY_DEFINITION ('document property','', #1607 ) ;
#1644 = APPLIED_DOCUMENT_REFERENCE ( #18,'',( #1267) ) ;
#1645 = EXTERNAL_SOURCE (IDENTIFIER('') ) ;
#1646 = DIRECTION ( 'NONE',  ( 1.000000000000000000, 0.000000000000000000, 0.000000000000000000 ) ) ;
#1647 = AXIS2_PLACEMENT_3D ( 'NONE', #1721, #1174, #1726 ) ;
#1648 = PRODUCT_DEFINITION ( 'General', '', #1397, #1520 ) ;
#1649 = CARTESIAN_POINT ( 'NONE',  ( 0.000000000000000000, 0.000000000000000000, 0.000000000000000000 ) ) ;
#1650 = AXIS2_PLACEMENT_3D ( 'NONE', #1090, #1269, #428 ) ;
#1651 = ROLE_ASSOCIATION ( #497, #1262 ) ;
#1652 = UNCERTAINTY_MEASURE_WITH_UNIT (LENGTH_MEASURE( 1.000000000000000082E-05 ), #994, 'distance_accuracy_value', 'NONE');
#1653 = APPLICATION_PROTOCOL_DEFINITION ( 'draft international standard', 'automotive_design', 1998, #1198 ) ;
#1654 = APPLIED_DOCUMENT_REFERENCE ( #706,'',( #1428) ) ;
#1655 =( REPRESENTATION_RELATIONSHIP ('NONE','NONE', #1464, #468 ) REPRESENTATION_RELATIONSHIP_WITH_TRANSFORMATION ( #629 )SHAPE_REPRESENTATION_RELATIONSHIP( ) );
#1656 = DOCUMENT_TYPE ( 'geometry' ) ;
#1657 = CARTESIAN_POINT ( 'NONE',  ( 0.000000000000000000, 0.000000000000000000, 0.000000000000000000 ) ) ;
#1658 = CARTESIAN_POINT ( 'NONE',  ( 0.000000000000000000, 0.000000000000000000, 0.000000000000000000 ) ) ;
#1659 = PROPERTY_DEFINITION ('document property','', #280 ) ;
#1660 = SHAPE_DEFINITION_REPRESENTATION ( #1682, #468 ) ;
#1661 = ROLE_ASSOCIATION ( #438, #1654 ) ;
#1662 = SHAPE_REPRESENTATION ( 'CASE_930_R1_Top_INNER_SURFACE', ( #465 ), #612 ) ;
#1663 = OBJECT_ROLE ('mandatory',$ ) ;
#1664 = PRODUCT_DEFINITION_CONTEXT ( 'detailed design', #309, 'design' ) ;
#1665 =( NAMED_UNIT ( * ) PLANE_ANGLE_UNIT ( ) SI_UNIT ( $, .RADIAN. ) );
#1666 = APPLICATION_PROTOCOL_DEFINITION ( 'draft international standard', 'automotive_design', 1998, #856 ) ;
#1667 = DOCUMENT_FILE ( '1568A64_Threaded-Hole Round Pull Handle_1568A64.STEP' , '', '', #181, '' ,$ ) ;
#1668 = PRODUCT ( '1568A64_Threaded-Hole Round Pull Handle_1568A64', '1568A64_Threaded-Hole Round Pull Handle_1568A64', '', ( #835 ) ) ;
#1669 = PRODUCT_DEFINITION_SHAPE ( 'NONE', 'NONE',  #1746 ) ;
#1670 = PROPERTY_DEFINITION_REPRESENTATION ( #500, #1530 ) ;
#1671 = APPLIED_EXTERNAL_IDENTIFICATION_ASSIGNMENT ( '7699N53_Universal-Thread Push-to-Connect Tube Fittings_7699N53.STEP' , #1685, #1323,( #264) ) ;
#1672 = DOCUMENT_TYPE ( 'geometry' ) ;
#1673 = AXIS2_PLACEMENT_3D ( 'NONE', #252, #1037, #1567 ) ;
#1674 = DIRECTION ( 'NONE',  ( 0.000000000000000000, 0.000000000000000000, 1.000000000000000000 ) ) ;
#1675 = APPLICATION_PROTOCOL_DEFINITION ( 'draft international standard', 'automotive_design', 1998, #567 ) ;
#1676 = DOCUMENT_TYPE ( 'geometry' ) ;
#1677 = AXIS2_PLACEMENT_3D ( 'NONE', #601, #352, #895 ) ;
#1678 = APPLICATION_CONTEXT ( 'automotive_design' ) ;
#1679 = APPLICATION_CONTEXT ( 'automotive_design' ) ;
#1680 = ITEM_DEFINED_TRANSFORMATION ( 'NONE', 'NONE', #1623,  #185 ) ;
#1681 = APPLICATION_PROTOCOL_DEFINITION ( 'draft international standard', 'automotive_design', 1998, #820 ) ;
#1682 = PRODUCT_DEFINITION_SHAPE ( 'NONE', 'NONE',  #125 ) ;
#1683 = PROPERTY_DEFINITION ('external definition','', #1377 ) ;
#1684 = PRODUCT_DEFINITION_FORMATION_WITH_SPECIFIED_SOURCE ( 'Symmetric', '', #585, .NOT_KNOWN. ) ;
#1685 = IDENTIFICATION_ROLE ( 'external document id and location', $) ;
#1686 = DIRECTION ( 'NONE',  ( 1.352604619399576849E-16, -2.220446049250265749E-16, -1.000000000000000000 ) ) ;
#1687 = DIRECTION ( 'NONE',  ( 0.000000000000000000, 0.000000000000000000, 1.000000000000000000 ) ) ;
#1688 = PRODUCT_CONTEXT ( 'NONE', #911, 'mechanical' ) ;
#1689 = ROLE_ASSOCIATION ( #925, #591 ) ;
#1690 = OBJECT_ROLE ('mandatory',$ ) ;
#1691 = CONTEXT_DEPENDENT_SHAPE_REPRESENTATION ( #1122, #912 ) ;
#1692 = APPLICATION_CONTEXT ( 'automotive_design' ) ;
#1693 = IDENTIFICATION_ROLE ( 'external document id and location', $) ;
#1694 = PRODUCT ( '96016A237_Plastic-Head Thumb Screws_96016A237', '96016A237_Plastic-Head Thumb Screws_96016A237', '', ( #1415 ) ) ;
#1695 = DOCUMENT_FILE ( 'MDDS10.STEP' , '', '', #269, '' ,$ ) ;
#1696 = PRODUCT_RELATED_PRODUCT_CATEGORY ( 'part', '', ( #838 ) ) ;
#1697 = SHAPE_DEFINITION_REPRESENTATION ( #802, #1703 ) ;
#1698 =( GEOMETRIC_REPRESENTATION_CONTEXT ( 3 ) GLOBAL_UNCERTAINTY_ASSIGNED_CONTEXT ( ( #1077 ) ) GLOBAL_UNIT_ASSIGNED_CONTEXT ( ( #240, #262, #1418 ) ) REPRESENTATION_CONTEXT ( 'NONE', 'WORKASPACE' ) );
#1699 =( GEOMETRIC_REPRESENTATION_CONTEXT ( 3 ) GLOBAL_UNCERTAINTY_ASSIGNED_CONTEXT ( ( #471 ) ) GLOBAL_UNIT_ASSIGNED_CONTEXT ( ( #1069, #1642, #602 ) ) REPRESENTATION_CONTEXT ( 'NONE', 'WORKASPACE' ) );
#1700 = PROPERTY_DEFINITION_REPRESENTATION ( #65, #1217 ) ;
#1701 = CARTESIAN_POINT ( 'NONE',  ( -1.624999999999990674, 98.16251729189229991, -17.79964514019232880 ) ) ;
#1702 = DOCUMENT_FILE ( '5779K131_Push-to-Connect Tube Fitting for Air_5779K131.STEP' , '', '', #594, '' ,$ ) ;
#1703 = SHAPE_REPRESENTATION ( '1_8 NPT - 1_4 Inch Push to Connect Elbow Fitting', ( #255 ), #1509 ) ;
#1704 = DIRECTION ( 'NONE',  ( 0.000000000000000000, 0.000000000000000000, 1.000000000000000000 ) ) ;
#1705 = EXTERNAL_SOURCE (IDENTIFIER('') ) ;
#1706 = IDENTIFICATION_ROLE ( 'external document id and location', $) ;
#1707 = SHAPE_DEFINITION_REPRESENTATION ( #136, #913 ) ;
#1708 = ITEM_DEFINED_TRANSFORMATION ( 'NONE', 'NONE', #687,  #521 ) ;
#1709 = CARTESIAN_POINT ( 'NONE',  ( 117.2749999999999631, -24.91697645321544030, 28.51300000000054524 ) ) ;
#1710 = PROPERTY_DEFINITION ('external definition','', #910 ) ;
#1711 = UNCERTAINTY_MEASURE_WITH_UNIT (LENGTH_MEASURE( 1.000000000000000082E-05 ), #225, 'distance_accuracy_value', 'NONE');
#1712 = APPLIED_EXTERNAL_IDENTIFICATION_ASSIGNMENT ( '69915K54_Plastic Submersible Cord Grip_69915K54.STEP' , #1333, #847,( #1159) ) ;
#1713 = PRODUCT_DEFINITION_FORMATION_WITH_SPECIFIED_SOURCE ( 'Symmetric', '', #1472, .NOT_KNOWN. ) ;
#1714 = ROLE_ASSOCIATION ( #662, #855 ) ;
#1715 = CARTESIAN_POINT ( 'NONE',  ( 0.000000000000000000, 0.000000000000000000, 0.000000000000000000 ) ) ;
#1716 = PROPERTY_DEFINITION_REPRESENTATION ( #390, #572 ) ;
#1717 = DOCUMENT_TYPE ( 'geometry' ) ;
#1718 = CARTESIAN_POINT ( 'NONE',  ( 0.000000000000000000, 0.000000000000000000, 0.000000000000000000 ) ) ;
#1719 = APPLICATION_PROTOCOL_DEFINITION ( 'draft international standard', 'automotive_design', 1998, #1692 ) ;
#1720 = CONTEXT_DEPENDENT_SHAPE_REPRESENTATION ( #1491, #926 ) ;
#1721 = CARTESIAN_POINT ( 'NONE',  ( 242.8054795066825875, 4.999999999999984901, 11.31160122405663238 ) ) ;
#1722 = APPLIED_DOCUMENT_REFERENCE ( #577,'',( #1437) ) ;
#1723 = ITEM_DEFINED_TRANSFORMATION ( 'NONE', 'NONE', #159,  #837 ) ;
#1724 = PRODUCT_DEFINITION_SHAPE ( 'NONE', 'NONE',  #1766 ) ;
#1725 = APPLICATION_PROTOCOL_DEFINITION ( 'draft international standard', 'automotive_design', 1998, #206 ) ;
#1726 = DIRECTION ( 'NONE',  ( 0.000000000000000000, 0.000000000000000000, -1.000000000000000000 ) ) ;
#1727 = PRODUCT_DEFINITION_CONTEXT ( 'detailed design', #1678, 'design' ) ;
#1728 = APPLIED_EXTERNAL_IDENTIFICATION_ASSIGNMENT ( 'xl6009_DCDC_BoostBuck.STEP' , #57, #210,( #991) ) ;
#1729 = AXIS2_PLACEMENT_3D ( 'NONE', #1309, #757, #1153 ) ;
#1730 =( REPRESENTATION_RELATIONSHIP ('NONE','NONE', #1464, #572 ) REPRESENTATION_RELATIONSHIP_WITH_TRANSFORMATION ( #879 )SHAPE_REPRESENTATION_RELATIONSHIP( ) );
#1731 = DIRECTION ( 'NONE',  ( 1.000000000000000000, 0.000000000000000000, 0.000000000000000000 ) ) ;
#1732 = PROPERTY_DEFINITION_REPRESENTATION ( #648, #1703 ) ;
#1733 = APPLIED_EXTERNAL_IDENTIFICATION_ASSIGNMENT ( '96016A237_Plastic-Head Thumb Screws_96016A237.STEP' , #345, #1705,( #1099) ) ;
#1734 =( NAMED_UNIT ( * ) SI_UNIT ( $, .STERADIAN. ) SOLID_ANGLE_UNIT ( ) );
#1735 = APPLICATION_CONTEXT ( 'automotive_design' ) ;
#1736 =( LENGTH_UNIT ( ) NAMED_UNIT ( * ) SI_UNIT ( .MILLI., .METRE. ) );
#1737 = DIRECTION ( 'NONE',  ( 1.154105398732443134E-16, 0.9999856067758228217, -0.005365281091390438142 ) ) ;
#1738 = ITEM_DEFINED_TRANSFORMATION ( 'NONE', 'NONE', #166,  #62 ) ;
#1739 = APPLIED_EXTERNAL_IDENTIFICATION_ASSIGNMENT ( '8903T45_Mil. Spec. Signal-Power Connector_8903T45.STEP' , #1741, #527,( #1071) ) ;
#1740 = PRODUCT_DEFINITION_SHAPE ( 'NONE', 'NONE',  #1783 ) ;
#1741 = IDENTIFICATION_ROLE ( 'external document id and location', $) ;
#1742 = APPLIED_DOCUMENT_REFERENCE ( #977,'',( #1267) ) ;
#1743 = NEXT_ASSEMBLY_USAGE_OCCURRENCE ( 'NAUO116', ' ', ' ', #400, #1164, $ ) ;
#1744 = NEXT_ASSEMBLY_USAGE_OCCURRENCE ( 'NAUO117', ' ', ' ', #400, #1053, $ ) ;
#1745 = NEXT_ASSEMBLY_USAGE_OCCURRENCE ( 'NAUO118', ' ', ' ', #400, #753, $ ) ;
#1746 = NEXT_ASSEMBLY_USAGE_OCCURRENCE ( 'NAUO119', ' ', ' ', #400, #753, $ ) ;
#1747 = NEXT_ASSEMBLY_USAGE_OCCURRENCE ( 'NAUO120', ' ', ' ', #400, #753, $ ) ;
#1748 = NEXT_ASSEMBLY_USAGE_OCCURRENCE ( 'NAUO121', ' ', ' ', #400, #924, $ ) ;
#1749 = NEXT_ASSEMBLY_USAGE_OCCURRENCE ( 'NAUO122', ' ', ' ', #400, #1164, $ ) ;
#1750 = NEXT_ASSEMBLY_USAGE_OCCURRENCE ( 'NAUO123', ' ', ' ', #400, #1164, $ ) ;
#1751 = NEXT_ASSEMBLY_USAGE_OCCURRENCE ( 'NAUO124', ' ', ' ', #400, #1164, $ ) ;
#1752 = NEXT_ASSEMBLY_USAGE_OCCURRENCE ( 'NAUO125', ' ', ' ', #400, #753, $ ) ;
#1753 = NEXT_ASSEMBLY_USAGE_OCCURRENCE ( 'NAUO126', ' ', ' ', #400, #753, $ ) ;
#1754 = NEXT_ASSEMBLY_USAGE_OCCURRENCE ( 'NAUO127', ' ', ' ', #400, #430, $ ) ;
#1755 = NEXT_ASSEMBLY_USAGE_OCCURRENCE ( 'NAUO128', ' ', ' ', #400, #1565, $ ) ;
#1756 = NEXT_ASSEMBLY_USAGE_OCCURRENCE ( 'NAUO129', ' ', ' ', #400, #1186, $ ) ;
#1757 = NEXT_ASSEMBLY_USAGE_OCCURRENCE ( 'NAUO130', ' ', ' ', #400, #992, $ ) ;
#1758 = NEXT_ASSEMBLY_USAGE_OCCURRENCE ( 'NAUO131', ' ', ' ', #400, #617, $ ) ;
#1759 = NEXT_ASSEMBLY_USAGE_OCCURRENCE ( 'NAUO132', ' ', ' ', #400, #411, $ ) ;
#1760 = NEXT_ASSEMBLY_USAGE_OCCURRENCE ( 'NAUO133', ' ', ' ', #400, #992, $ ) ;
#1761 = NEXT_ASSEMBLY_USAGE_OCCURRENCE ( 'NAUO134', ' ', ' ', #400, #1629, $ ) ;
#1762 = NEXT_ASSEMBLY_USAGE_OCCURRENCE ( 'NAUO135', ' ', ' ', #400, #133, $ ) ;
#1763 = NEXT_ASSEMBLY_USAGE_OCCURRENCE ( 'NAUO136', ' ', ' ', #400, #992, $ ) ;
#1764 = NEXT_ASSEMBLY_USAGE_OCCURRENCE ( 'NAUO137', ' ', ' ', #400, #1329, $ ) ;
#1765 = NEXT_ASSEMBLY_USAGE_OCCURRENCE ( 'NAUO138', ' ', ' ', #400, #1565, $ ) ;
#1766 = NEXT_ASSEMBLY_USAGE_OCCURRENCE ( 'NAUO139', ' ', ' ', #400, #1565, $ ) ;
#1767 = NEXT_ASSEMBLY_USAGE_OCCURRENCE ( 'NAUO140', ' ', ' ', #400, #1103, $ ) ;
#1768 = NEXT_ASSEMBLY_USAGE_OCCURRENCE ( 'NAUO141', ' ', ' ', #400, #788, $ ) ;
#1769 = NEXT_ASSEMBLY_USAGE_OCCURRENCE ( 'NAUO142', ' ', ' ', #400, #1437, $ ) ;
#1770 = NEXT_ASSEMBLY_USAGE_OCCURRENCE ( 'NAUO143', ' ', ' ', #400, #1437, $ ) ;
#1771 = NEXT_ASSEMBLY_USAGE_OCCURRENCE ( 'NAUO144', ' ', ' ', #400, #1437, $ ) ;
#1772 = NEXT_ASSEMBLY_USAGE_OCCURRENCE ( 'NAUO145', ' ', ' ', #400, #1648, $ ) ;
#1773 = NEXT_ASSEMBLY_USAGE_OCCURRENCE ( 'NAUO146', ' ', ' ', #400, #161, $ ) ;
#1774 = NEXT_ASSEMBLY_USAGE_OCCURRENCE ( 'NAUO147', ' ', ' ', #400, #378, $ ) ;
#1775 = NEXT_ASSEMBLY_USAGE_OCCURRENCE ( 'NAUO148', ' ', ' ', #400, #1267, $ ) ;
#1776 = NEXT_ASSEMBLY_USAGE_OCCURRENCE ( 'NAUO149', ' ', ' ', #400, #830, $ ) ;
#1777 = NEXT_ASSEMBLY_USAGE_OCCURRENCE ( 'NAUO150', ' ', ' ', #400, #1480, $ ) ;
#1778 = NEXT_ASSEMBLY_USAGE_OCCURRENCE ( 'NAUO151', ' ', ' ', #400, #830, $ ) ;
#1779 = NEXT_ASSEMBLY_USAGE_OCCURRENCE ( 'NAUO152', ' ', ' ', #400, #642, $ ) ;
#1780 = NEXT_ASSEMBLY_USAGE_OCCURRENCE ( 'NAUO153', ' ', ' ', #400, #378, $ ) ;
#1781 = NEXT_ASSEMBLY_USAGE_OCCURRENCE ( 'NAUO154', ' ', ' ', #400, #184, $ ) ;
#1782 = NEXT_ASSEMBLY_USAGE_OCCURRENCE ( 'NAUO155', ' ', ' ', #400, #969, $ ) ;
#1783 = NEXT_ASSEMBLY_USAGE_OCCURRENCE ( 'NAUO156', ' ', ' ', #400, #125, $ ) ;
#1784 = NEXT_ASSEMBLY_USAGE_OCCURRENCE ( 'NAUO157', ' ', ' ', #400, #235, $ ) ;
#1785 = NEXT_ASSEMBLY_USAGE_OCCURRENCE ( 'NAUO158', ' ', ' ', #400, #1428, $ ) ;
#1786 = NEXT_ASSEMBLY_USAGE_OCCURRENCE ( 'NAUO159', ' ', ' ', #400, #208, $ ) ;
#1787 = NEXT_ASSEMBLY_USAGE_OCCURRENCE ( 'NAUO160', ' ', ' ', #400, #1267, $ ) ;
#1788 = NEXT_ASSEMBLY_USAGE_OCCURRENCE ( 'NAUO161', ' ', ' ', #400, #1267, $ ) ;
#1789 = NEXT_ASSEMBLY_USAGE_OCCURRENCE ( 'NAUO162', ' ', ' ', #400, #1267, $ ) ;
#1790 = NEXT_ASSEMBLY_USAGE_OCCURRENCE ( 'NAUO163', ' ', ' ', #400, #1267, $ ) ;
#1791 = NEXT_ASSEMBLY_USAGE_OCCURRENCE ( 'NAUO164', ' ', ' ', #400, #1267, $ ) ;
#1792 = NEXT_ASSEMBLY_USAGE_OCCURRENCE ( 'NAUO165', ' ', ' ', #400, #1267, $ ) ;
#1793 = NEXT_ASSEMBLY_USAGE_OCCURRENCE ( 'NAUO166', ' ', ' ', #400, #208, $ ) ;
#1794 = NEXT_ASSEMBLY_USAGE_OCCURRENCE ( 'NAUO167', ' ', ' ', #400, #1267, $ ) ;
#1795 = NEXT_ASSEMBLY_USAGE_OCCURRENCE ( 'NAUO168', ' ', ' ', #400, #1119, $ ) ;
ENDSEC;
END-ISO-10303-21;
