ISO-10303-21;
HEADER;
FILE_DESCRIPTION (( 'STEP AP214' ),
    '1' );
FILE_NAME ('Cut.step.STEP',
    '2026-09-04T22:05:09',
    ( '' ),
    ( '' ),
    'SwSTEP 2.0',
    'SolidWorks 2026',
    '' );
FILE_SCHEMA (( 'AUTOMOTIVE_DESIGN' ));
ENDSEC;

DATA;
#1 = CARTESIAN_POINT ( 'NONE',  ( 33.76885074800500064, 4.693579162840999963, 70.79537571455499290 ) ) ;
#2 = EDGE_LOOP ( 'NONE', ( #4360, #5065, #2266, #3655 ) ) ;
#3 = CARTESIAN_POINT ( 'NONE',  ( 35.32883952578399800, 4.414984488164000354, 74.14128482803900511 ) ) ;
#4 = CARTESIAN_POINT ( 'NONE',  ( 34.23233873787400938, -3.980227087273999764, 76.70434014096299791 ) ) ;
#5 = DIRECTION ( 'NONE',  ( -0.9995120818701390686, -2.200000000000305194E-16, -0.03123456731924435098 ) ) ;
#6 = CARTESIAN_POINT ( 'NONE',  ( 32.34174566560200503, -1.630619068536999894, 77.87490361466301181 ) ) ;
#7 = CARTESIAN_POINT ( 'NONE',  ( 33.37607498059799838, -5.155165186834000046, 74.34978037975099596 ) ) ;
#8 = EDGE_CURVE ( 'NONE', #3046, #3387, #500, .T. ) ;
#9 = AXIS2_PLACEMENT_3D ( 'NONE', #1499, #2649, #4310 ) ;
#10 = CARTESIAN_POINT ( 'NONE',  ( 34.74827394480799825, 5.140062482164999835, 72.06007266727799276 ) ) ;
#11 = ORIENTED_EDGE ( 'NONE', *, *, #2106, .F. ) ;
#12 = CARTESIAN_POINT ( 'NONE',  ( 30.37105974772200057, -0.8429314455569999476, 78.13556973620200097 ) ) ;
#13 = CARTESIAN_POINT ( 'NONE',  ( 29.83032130280599858, -3.567382072734000431, 69.39909202759399420 ) ) ;
#14 = AXIS2_PLACEMENT_3D ( 'NONE', #2987, #318, #3753 ) ;
#15 = AXIS2_PLACEMENT_3D ( 'NONE', #4975, #608, #2164 ) ;
#16 = CARTESIAN_POINT ( 'NONE',  ( 35.83110536904499810, 3.775519571933000140, 76.64821840147999410 ) ) ;
#17 = CARTESIAN_POINT ( 'NONE',  ( 36.28573039090100139, -4.108851306436999806, 69.71412773700599530 ) ) ;
#18 = ORIENTED_EDGE ( 'NONE', *, *, #996, .F. ) ;
#19 = EDGE_CURVE ( 'NONE', #1829, #3154, #1561, .T. ) ;
#20 = CARTESIAN_POINT ( 'NONE',  ( 32.67906806583300039, 0.7268824333019999751, 77.41682186854998804 ) ) ;
#21 = CARTESIAN_POINT ( 'NONE',  ( 37.44073999999999813, 1.889999999999999946E-15, 73.00000000000000000 ) ) ;
#22 = CARTESIAN_POINT ( 'NONE',  ( 30.15805901182899973, -4.302600615397000006, 71.79182894720798913 ) ) ;
#23 = LINE ( 'NONE', #417, #1281 ) ;
#24 = UNCERTAINTY_MEASURE_WITH_UNIT (LENGTH_MEASURE( 1.000000000000000082E-05 ), #3890, 'distance_accuracy_value', 'NONE');
#25 = CARTESIAN_POINT ( 'NONE',  ( 33.98635872156499715, 2.750991727205000181, 77.41444936702198731 ) ) ;
#26 = ORIENTED_EDGE ( 'NONE', *, *, #2463, .T. ) ;
#27 = CARTESIAN_POINT ( 'NONE',  ( 30.14939352754900170, 5.032165696249998987, 74.30084797623699444 ) ) ;
#28 = CARTESIAN_POINT ( 'NONE',  ( 37.44073999999999813, -1.100000000000000046E-14, 66.65000000000000568 ) ) ;
#29 = CARTESIAN_POINT ( 'NONE',  ( 35.00091413152000541, 1.737882970298000096, 78.11937457346600411 ) ) ;
#30 = FACE_OUTER_BOUND ( 'NONE', #1353, .T. ) ;
#31 = CARTESIAN_POINT ( 'NONE',  ( 29.64073999999999742, 5.212708057484691965E-16, 70.04999999999999716 ) ) ;
#32 = CARTESIAN_POINT ( 'NONE',  ( 31.61905765996599627, -5.012505835294999379, 71.94030312943399963 ) ) ;
#33 = CARTESIAN_POINT ( 'NONE',  ( 31.57454101131499513, -5.159732300846000541, 71.55108777043601265 ) ) ;
#34 = CARTESIAN_POINT ( 'NONE',  ( 34.68953630594300108, 4.388191855011999820, 70.16762894615399659 ) ) ;
#35 = EDGE_LOOP ( 'NONE', ( #4804, #482, #2005, #3774, #5012, #712 ) ) ;
#36 = CARTESIAN_POINT ( 'NONE',  ( 30.76148221766500157, -1.903985093408000040, 68.05029872302100102 ) ) ;
#37 = CARTESIAN_POINT ( 'NONE',  ( 32.70370400000000188, 1.158902883999999908E-06, 77.41759192761099939 ) ) ;
#38 = CARTESIAN_POINT ( 'NONE',  ( 41.87357659274599797, 3.666174209354000180, 79.35000000000000853 ) ) ;
#39 = CARTESIAN_POINT ( 'NONE',  ( 35.81494497370599817, 5.245122859855999131, 72.78097072639300791 ) ) ;
#40 = CARTESIAN_POINT ( 'NONE',  ( 34.06979684695900090, 1.446293424000000101E-06, 78.18372091954100256 ) ) ;
#41 = CARTESIAN_POINT ( 'NONE',  ( 34.02106397381400171, 4.451809582869000970, 75.68779731182898729 ) ) ;
#42 = CARTESIAN_POINT ( 'NONE',  ( 35.48397419278333587, 0.1070417793757728470, 67.77313841153062413 ) ) ;
#43 = CARTESIAN_POINT ( 'NONE',  ( 29.86440752491099815, -2.503838538305000139, 68.58154014790700614 ) ) ;
#44 = CARTESIAN_POINT ( 'NONE',  ( 36.41632852772382023, -0.04123639616003654806, 67.75009254353210508 ) ) ;
#45 = CIRCLE ( 'NONE', #2567, 6.349999999999994316 ) ;
#46 = ORIENTED_EDGE ( 'NONE', *, *, #3078, .F. ) ;
#47 = CARTESIAN_POINT ( 'NONE',  ( 32.31621586416599712, 2.398353798846999840, 69.10059912452099695 ) ) ;
#48 = FACE_OUTER_BOUND ( 'NONE', #440, .T. ) ;
#49 = CARTESIAN_POINT ( 'NONE',  ( 30.64977046134800176, 4.075189353978000639, 74.80562676561899593 ) ) ;
#50 = CARTESIAN_POINT ( 'NONE',  ( 31.34322709476400348, 0.3221766743130000110, 78.09851606525901957 ) ) ;
#51 = ADVANCED_FACE ( 'NONE', ( #3214 ), #1979, .T. ) ;
#52 = CARTESIAN_POINT ( 'NONE',  ( 33.63726067666600272, -2.250325170358999927, 68.33273455415400122 ) ) ;
#53 = ORIENTED_EDGE ( 'NONE', *, *, #835, .T. ) ;
#54 = CARTESIAN_POINT ( 'NONE',  ( 30.27257319783099732, 2.500735817745999956, 77.66338676127200813 ) ) ;
#55 = CARTESIAN_POINT ( 'NONE',  ( 39.94071895468699296, -2.289104628451999801, 66.65000000000000568 ) ) ;
#56 = CARTESIAN_POINT ( 'NONE',  ( 33.22515050381299773, 0.3106869441619999894, 78.15732579072799524 ) ) ;
#57 = DIRECTION ( 'NONE',  ( -1.900000000000722113E-16, 0.8660254037843290176, -0.5000000000001900702 ) ) ;
#58 = CARTESIAN_POINT ( 'NONE',  ( 29.31256146555407938, 0.3692841617945675226, 68.49293876506617096 ) ) ;
#59 = CARTESIAN_POINT ( 'NONE',  ( 37.44073999999999103, 1.108240718569705185, 79.27705152481297546 ) ) ;
#60 = CARTESIAN_POINT ( 'NONE',  ( 32.28374974599200442, 0.3315132108309999937, 78.12790720383999599 ) ) ;
#61 = CARTESIAN_POINT ( 'NONE',  ( 31.87884331888900391, 3.656999488145999955, 68.97267857514999889 ) ) ;
#62 = EDGE_CURVE ( 'NONE', #192, #4819, #3802, .T. ) ;
#63 = ORIENTED_EDGE ( 'NONE', *, *, #1365, .T. ) ;
#64 = CARTESIAN_POINT ( 'NONE',  ( 37.44074010432144917, 4.648522447370365462, 77.64852294102904295 ) ) ;
#65 = CARTESIAN_POINT ( 'NONE',  ( 36.19073999999999813, 9.670604304476394179E-16, 67.74999999999998579 ) ) ;
#66 = CARTESIAN_POINT ( 'NONE',  ( 35.74568620050199996, 4.600178392461000243, 70.46096527162899292 ) ) ;
#67 = CARTESIAN_POINT ( 'NONE',  ( 42.44073999999999813, -5.499260509920000040, 69.82499860723999063 ) ) ;
#68 = CARTESIAN_POINT ( 'NONE',  ( 29.37204686443799773, 2.984594650992999920, 69.48581097296199971 ) ) ;
#69 = CARTESIAN_POINT ( 'NONE',  ( 31.02098468331299941, 5.137962396673999343, 71.54168603906998669 ) ) ;
#70 = CARTESIAN_POINT ( 'NONE',  ( 32.65868537991846665, -7.453889935837842984E-16, 67.86037605171350151 ) ) ;
#71 = FACE_BOUND ( 'NONE', #4764, .T. ) ;
#72 = EDGE_CURVE ( 'NONE', #1522, #1079, #267, .T. ) ;
#73 = CARTESIAN_POINT ( 'NONE',  ( 35.38185791460900020, -5.132425968777999614, 71.92117638862698925 ) ) ;
#74 = ORIENTED_EDGE ( 'NONE', *, *, #821, .T. ) ;
#75 = CARTESIAN_POINT ( 'NONE',  ( 29.52322272984000051, 3.573016953374000160, 76.11167857966300687 ) ) ;
#76 = DIRECTION ( 'NONE',  ( 1.000000000000000000, 2.200000000000000003E-16, 0.000000000000000000 ) ) ;
#77 = CYLINDRICAL_SURFACE ( 'NONE', #4904, 5.250000000000004441 ) ;
#78 = CARTESIAN_POINT ( 'NONE',  ( 33.26701899044599742, -3.297633028179999926, 77.28385299121400465 ) ) ;
#79 = CARTESIAN_POINT ( 'NONE',  ( 29.84030087368300244, 0.1294940683109999935, 67.95011007780099987 ) ) ;
#80 = ORIENTED_EDGE ( 'NONE', *, *, #3979, .T. ) ;
#81 = CARTESIAN_POINT ( 'NONE',  ( 40.18193922118300065, 3.666174209354000180, 79.35000000000000853 ) ) ;
#82 = CARTESIAN_POINT ( 'NONE',  ( 36.95210165584899897, -2.519999039855000067, 77.66874709915299491 ) ) ;
#83 = CARTESIAN_POINT ( 'NONE',  ( 33.69360249515000305, -1.460330379314999982, 77.31370493940200106 ) ) ;
#84 = CARTESIAN_POINT ( 'NONE',  ( 43.94073999999999813, 3.330000000000000073E-15, 73.00000000000000000 ) ) ;
#85 = CARTESIAN_POINT ( 'NONE',  ( 32.27406967933099935, 0.6630173650449999734, 78.10188797878500111 ) ) ;
#86 = CARTESIAN_POINT ( 'NONE',  ( 39.94071895468699296, -4.354708999805000147, 67.84257723984001132 ) ) ;
#87 = CARTESIAN_POINT ( 'NONE',  ( 31.33424803799000102, -2.799483026473000180, 77.28330772809700022 ) ) ;
#88 = ORIENTED_EDGE ( 'NONE', *, *, #4181, .F. ) ;
#89 = EDGE_CURVE ( 'NONE', #773, #1184, #4618, .T. ) ;
#90 = CARTESIAN_POINT ( 'NONE',  ( 35.29695584234700334, -4.929838343622000352, 71.24351511077199461 ) ) ;
#91 = CARTESIAN_POINT ( 'NONE',  ( 35.98321231738199799, 2.470266309099999891, 77.64581425872998466 ) ) ;
#92 = AXIS2_PLACEMENT_3D ( 'NONE', #3383, #677, #2183 ) ;
#93 = CARTESIAN_POINT ( 'NONE',  ( 29.42322411880299882, 4.396551219001000099, 71.48955113104599945 ) ) ;
#94 = VECTOR ( 'NONE', #3195, 1000.000000000000114 ) ;
#95 = CARTESIAN_POINT ( 'NONE',  ( 31.04861213807200215, 5.250792933140999708, 72.51243958961900660 ) ) ;
#96 = AXIS2_PLACEMENT_3D ( 'NONE', #334, #1740, #3176 ) ;
#97 = CARTESIAN_POINT ( 'NONE',  ( 32.48582125229300743, -4.705598175657000226, 70.92029705634199388 ) ) ;
#98 = CARTESIAN_POINT ( 'NONE',  ( 36.09045390587800028, -1.189459980389000027, 78.13824673036499746 ) ) ;
#99 = AXIS2_PLACEMENT_3D ( 'NONE', #4747, #1309, #3174 ) ;
#100 = CARTESIAN_POINT ( 'NONE',  ( 35.48014847793700000, -3.404031844496000048, 69.01736603420499705 ) ) ;
#101 = ORIENTED_EDGE ( 'NONE', *, *, #1282, .T. ) ;
#102 = CARTESIAN_POINT ( 'NONE',  ( 36.05155240915100023, 1.668631438268000089, 68.65094471704600210 ) ) ;
#103 = VECTOR ( 'NONE', #4729, 1000.000000000000114 ) ;
#104 = CARTESIAN_POINT ( 'NONE',  ( 30.87137949537000026, -1.431375242826000038, 77.22818451834800157 ) ) ;
#105 = CARTESIAN_POINT ( 'NONE',  ( 31.14806564532000266, 5.005873787624999238, 74.03624999057900880 ) ) ;
#106 = CARTESIAN_POINT ( 'NONE',  ( 30.11521531815800046, 4.653601007306000348, 70.97240140778399109 ) ) ;
#107 = CARTESIAN_POINT ( 'NONE',  ( 37.44074024879083140, -4.648522197140143142, 68.35147662555951342 ) ) ;
#108 = EDGE_LOOP ( 'NONE', ( #4723, #1869, #785 ) ) ;
#109 = CARTESIAN_POINT ( 'NONE',  ( 29.01447624327500208, -2.091004691180999853, 76.91112148644400293 ) ) ;
#110 = CARTESIAN_POINT ( 'NONE',  ( 30.98483216483300140, 5.020965997281999549, 72.06527769958800889 ) ) ;
#111 = FACE_OUTER_BOUND ( 'NONE', #727, .T. ) ;
#112 = CARTESIAN_POINT ( 'NONE',  ( 32.29342861387699770, 1.157135611999999909E-06, 78.12820974147099662 ) ) ;
#113 = CARTESIAN_POINT ( 'NONE',  ( 32.55588839500000375, 3.800636392544000319, 75.50102406040100789 ) ) ;
#114 = CARTESIAN_POINT ( 'NONE',  ( 32.09088839500000034, 4.494257753762000540, 75.95752863424901591 ) ) ;
#115 = CARTESIAN_POINT ( 'NONE',  ( 31.40095420957199934, -4.372028683487999778, 75.65836889084000916 ) ) ;
#116 = ORIENTED_EDGE ( 'NONE', *, *, #4018, .T. ) ;
#117 = CARTESIAN_POINT ( 'NONE',  ( 31.11477046134799807, 4.829108697879000545, 75.13971756734399321 ) ) ;
#118 = CARTESIAN_POINT ( 'NONE',  ( 34.19769786394600430, 2.430366600020000156, 69.04855935730499539 ) ) ;
#119 = CARTESIAN_POINT ( 'NONE',  ( 42.44073989567703364, 4.648522447370564414, 68.35147705897136916 ) ) ;
#120 = CARTESIAN_POINT ( 'NONE',  ( 29.24500265321600168, -4.014934021239000117, 71.01479537721201041 ) ) ;
#121 = CARTESIAN_POINT ( 'NONE',  ( 35.62685544409900018, 1.414815038806000125, 67.94299263804199995 ) ) ;
#122 = EDGE_CURVE ( 'NONE', #3088, #2290, #4183, .T. ) ;
#123 = CARTESIAN_POINT ( 'NONE',  ( 31.72990785879600040, -0.9576032786070000080, 67.82196669333200134 ) ) ;
#124 = CARTESIAN_POINT ( 'NONE',  ( 32.52407829233400349, -4.027560723414000066, 69.79705508131299041 ) ) ;
#125 = EDGE_CURVE ( 'NONE', #166, #2388, #547, .T. ) ;
#126 = EDGE_LOOP ( 'NONE', ( #1690, #4048, #407, #80, #3213 ) ) ;
#127 = VECTOR ( 'NONE', #4760, 1000.000000000000000 ) ;
#128 = CARTESIAN_POINT ( 'NONE',  ( 36.74946566151900385, 4.076684426363000213, 76.34793645101498782 ) ) ;
#129 = CARTESIAN_POINT ( 'NONE',  ( 36.23982036889900371, -5.387470370840000022, 72.51673829146800188 ) ) ;
#130 = CARTESIAN_POINT ( 'NONE',  ( 33.33983922811199818, 4.128484905266000204, 70.94594241110900157 ) ) ;
#131 = LINE ( 'NONE', #3610, #2302 ) ;
#132 = B_SPLINE_CURVE_WITH_KNOTS ( 'NONE', 8,
 ( #4345, #3101, #3948, #4660, #4682, #1157, #801, #3877, #17, #2323, #1535, #364, #338, #1178, #2642, #1901, #4726, #777, #4273, #1930, #3454, #4250, #3926, #4302, #413, #3900, #1608, #44, #389, #1583 ),
 .UNSPECIFIED., .F., .F.,
 ( 9, 7, 7, 7, 9 ),
 ( 8.714511303414206715E-07, 0.1240385138230000045, 0.2353943021459999896, 0.3226031196740000162, 0.3293111594179301549 ),
 .UNSPECIFIED. ) ;
#133 = CARTESIAN_POINT ( 'NONE',  ( 33.47296665233499624, -4.874808480602000671, 70.58953717107299042 ) ) ;
#134 = CARTESIAN_POINT ( 'NONE',  ( 30.18697467804399892, 5.066659214829000391, 73.34698940252499710 ) ) ;
#135 = CARTESIAN_POINT ( 'NONE',  ( 33.40144765920199887, -4.651025333379000593, 75.26658689345799758 ) ) ;
#136 = ORIENTED_EDGE ( 'NONE', *, *, #3271, .F. ) ;
#137 = CARTESIAN_POINT ( 'NONE',  ( 29.58834459450399734, 0.8252588931489999169, 77.73455166064499622 ) ) ;
#138 = CARTESIAN_POINT ( 'NONE',  ( 37.01029101034700375, -4.100142633527000591, 76.31979767110499324 ) ) ;
#139 = CARTESIAN_POINT ( 'NONE',  ( 31.09313363145300002, 4.383528370868999602, 75.62291425217999574 ) ) ;
#140 = CARTESIAN_POINT ( 'NONE',  ( 35.10657317833300084, 0.3162962071359999849, 78.21611986498599833 ) ) ;
#141 = DIRECTION ( 'NONE',  ( 0.8660254037842962660, -0.01235985588428422516, 0.4998472106181711672 ) ) ;
#142 = CARTESIAN_POINT ( 'NONE',  ( 32.67906806583300039, 0.7268824333019999751, 77.41682186854998804 ) ) ;
#143 = ADVANCED_FACE ( 'NONE', ( #2162 ), #3180, .T. ) ;
#144 = CARTESIAN_POINT ( 'NONE',  ( 31.35268761387699499, 8.679163280000000261E-07, 78.09881175956800803 ) ) ;
#145 = CARTESIAN_POINT ( 'NONE',  ( 31.51395835585199379, -5.009179701904999504, 71.94049915754199276 ) ) ;
#146 = ORIENTED_EDGE ( 'NONE', *, *, #3592, .F. ) ;
#147 = CARTESIAN_POINT ( 'NONE',  ( 33.66902374757500382, -0.7300185375359999895, 77.44775822860600556 ) ) ;
#148 = CARTESIAN_POINT ( 'NONE',  ( 28.54947624327500222, -2.482498100062000113, 77.64327200630799553 ) ) ;
#149 = CARTESIAN_POINT ( 'NONE',  ( 35.63688139312800018, 1.747870262670999875, 68.05542953309699783 ) ) ;
#150 =( BOUNDED_CURVE ( )  B_SPLINE_CURVE ( 2, ( #1607, #574, #1819 ),
 .UNSPECIFIED., .F., .F. ) 
 B_SPLINE_CURVE_WITH_KNOTS ( ( 3, 3 ),
 ( 0.000000000000000000, 1.000000000000000000 ),
 .UNSPECIFIED. ) 
 CURVE ( )  GEOMETRIC_REPRESENTATION_ITEM ( )  RATIONAL_B_SPLINE_CURVE ( ( 1.000000000000000000, 1.037954817181550027, 1.000000000000000000 ) ) 
 REPRESENTATION_ITEM ( '' )  );
#151 = DIRECTION ( 'NONE',  ( 1.000000000000000000, 2.200000000000000003E-16, 0.000000000000000000 ) ) ;
#152 = CARTESIAN_POINT ( 'NONE',  ( 31.38553699073999681, -3.260530440489000092, 77.23565925834100199 ) ) ;
#153 = DIRECTION ( 'NONE',  ( 0.000000000000000000, 0.000000000000000000, 1.000000000000000000 ) ) ;
#154 = DIRECTION ( 'NONE',  ( 1.000000000000000000, 2.200000000000000003E-16, 0.000000000000000000 ) ) ;
#155 = CARTESIAN_POINT ( 'NONE',  ( 33.70476859950756676, 0.007891597454582181120, 67.82768975771087128 ) ) ;
#156 = ORIENTED_EDGE ( 'NONE', *, *, #1951, .T. ) ;
#157 = CARTESIAN_POINT ( 'NONE',  ( 36.91593573797199923, -0.6410997049590000385, 68.43353380827500132 ) ) ;
#158 = FACE_OUTER_BOUND ( 'NONE', #2772, .T. ) ;
#159 = CARTESIAN_POINT ( 'NONE',  ( 35.83018965167399728, -4.206647610134999660, 70.91998389491701005 ) ) ;
#160 = CARTESIAN_POINT ( 'NONE',  ( 33.00796665233399807, -4.124484643487000390, 70.96061738715501122 ) ) ;
#161 = CARTESIAN_POINT ( 'NONE',  ( 36.46666799999999853, 2.317270811580000226E-06, 77.53518385522301060 ) ) ;
#162 = EDGE_CURVE ( 'NONE', #456, #199, #384, .T. ) ;
#163 = CARTESIAN_POINT ( 'NONE',  ( 31.87567299976300106, 4.456011848352000371, 70.46499205348600015 ) ) ;
#164 = CARTESIAN_POINT ( 'NONE',  ( 31.45848908655699816, -3.319806332267000393, 76.88801905243300894 ) ) ;
#165 = CARTESIAN_POINT ( 'NONE',  ( 36.55027921391799595, -2.491380382156000106, 77.00730369494299055 ) ) ;
#166 = VERTEX_POINT ( 'NONE', #3328 ) ;
#167 = CARTESIAN_POINT ( 'NONE',  ( 36.34348832843299704, 3.438365292024999853, 76.18693538566699885 ) ) ;
#168 = CARTESIAN_POINT ( 'NONE',  ( 31.23722321759199971, -1.617010710880999902, 68.79645650939600898 ) ) ;
#169 = CARTESIAN_POINT ( 'NONE',  ( 30.88705057910100038, 3.412150908391000215, 69.21589933336500167 ) ) ;
#170 = CARTESIAN_POINT ( 'NONE',  ( 35.04141898371000252, 2.488846454162000121, 77.60243241755500776 ) ) ;
#171 = CARTESIAN_POINT ( 'NONE',  ( 32.20482484178699423, 2.871136186904999832, 77.27156462045400076 ) ) ;
#172 = CARTESIAN_POINT ( 'NONE',  ( 31.35337527916899703, -3.317668019639000043, 76.88551675937100072 ) ) ;
#173 = ORIENTED_EDGE ( 'NONE', *, *, #5089, .F. ) ;
#174 = CARTESIAN_POINT ( 'NONE',  ( 31.21331419771999904, 2.515058326901999930, 77.69009833785598573 ) ) ;
#175 = CARTESIAN_POINT ( 'NONE',  ( 34.14244295464899892, 0.8232811634579999538, 68.53744745269500527 ) ) ;
#176 = CARTESIAN_POINT ( 'NONE',  ( 35.57508449500299719, -1.479633803673000125, 77.37071855341500282 ) ) ;
#177 = B_SPLINE_CURVE_WITH_KNOTS ( 'NONE', 1,
 ( #1668, #4839 ),
 .UNSPECIFIED., .F., .F.,
 ( 2, 2 ),
 ( 0.07929630608121995827, 0.9300000000000000488 ),
 .UNSPECIFIED. ) ;
#178 = CARTESIAN_POINT ( 'NONE',  ( 32.67906806583300039, 0.7268824333019999751, 77.41682186854998804 ) ) ;
#179 = CARTESIAN_POINT ( 'NONE',  ( 31.67453857638800230, -2.824362288255000131, 68.42116464082299387 ) ) ;
#180 = CARTESIAN_POINT ( 'NONE',  ( 36.37821149519599828, -4.478628948397999743, 70.21606535182300490 ) ) ;
#181 = CARTESIAN_POINT ( 'NONE',  ( 29.61418488998599940, -2.716345636449999823, 68.99997462429799100 ) ) ;
#182 = AXIS2_PLACEMENT_3D ( 'NONE', #2558, #536, #2515 ) ;
#183 = CARTESIAN_POINT ( 'NONE',  ( 29.96827472346699750, 3.905604076699999982, 69.77314458331198921 ) ) ;
#184 = AXIS2_PLACEMENT_3D ( 'NONE', #4585, #3430, #1012 ) ;
#185 = ORIENTED_EDGE ( 'NONE', *, *, #4085, .F. ) ;
#186 = CARTESIAN_POINT ( 'NONE',  ( 36.41748332341620653, 7.318364664277154930E-16, 67.75000000136793687 ) ) ;
#187 = CARTESIAN_POINT ( 'NONE',  ( 35.91324357583899740, -2.465152209139000128, 69.00360425278599052 ) ) ;
#188 = CARTESIAN_POINT ( 'NONE',  ( 40.18193922118300065, 3.666174209354000180, 66.65000000000000568 ) ) ;
#189 = CARTESIAN_POINT ( 'NONE',  ( 36.53408182930584047, 0.04326376856938209808, 67.75010696095584706 ) ) ;
#190 = EDGE_CURVE ( 'NONE', #2125, #4059, #2939, .T. ) ;
#191 = CARTESIAN_POINT ( 'NONE',  ( 36.84152295189100101, -2.801106493987000068, 69.21782262831000310 ) ) ;
#192 = VERTEX_POINT ( 'NONE', #1419 ) ;
#193 = CARTESIAN_POINT ( 'NONE',  ( 40.03343979002717390, -6.973844507866172826, 73.62094698829154993 ) ) ;
#194 = VECTOR ( 'NONE', #3016, 1000.000000000000000 ) ;
#195 = CARTESIAN_POINT ( 'NONE',  ( 30.77807373783969780, 0.02953597184540081647, 67.91922208065916777 ) ) ;
#196 = CARTESIAN_POINT ( 'NONE',  ( 38.00789484072100066, 3.666174209354000180, 66.65000000000000568 ) ) ;
#197 = CARTESIAN_POINT ( 'NONE',  ( 31.74307811176900529, -2.607153824220999727, 68.59185359448800057 ) ) ;
#198 = CARTESIAN_POINT ( 'NONE',  ( 31.37244271059300260, -3.784048014780999836, 76.43364905395199571 ) ) ;
#199 = VERTEX_POINT ( 'NONE', #2952 ) ;
#200 = CARTESIAN_POINT ( 'NONE',  ( 30.06600872954200199, 5.065904267101000613, 72.80956787983200229 ) ) ;
#201 = CYLINDRICAL_SURFACE ( 'NONE', #4871, 2.399999999999999467 ) ;
#202 = CARTESIAN_POINT ( 'NONE',  ( 35.94092821722399833, -1.671370458556999949, 68.65512089789099548 ) ) ;
#203 = CARTESIAN_POINT ( 'NONE',  ( 32.83647077361099775, 4.339633104765000304, 69.71817078226200692 ) ) ;
#204 = CARTESIAN_POINT ( 'NONE',  ( 40.18193922118300065, 7.332348418707999471, 73.00000000000000000 ) ) ;
#205 = DIRECTION ( 'NONE',  ( 1.000000000000000000, 2.200000000000000003E-16, 0.000000000000000000 ) ) ;
#206 = CARTESIAN_POINT ( 'NONE',  ( 34.12895484731399875, 1.570121865433000030, 77.95239400634899596 ) ) ;
#207 = CARTESIAN_POINT ( 'NONE',  ( 31.95098468331300623, 5.137962396673999343, 71.54168603906998669 ) ) ;
#208 = CARTESIAN_POINT ( 'NONE',  ( 36.21947528675640626, -4.677224160507827300, 75.46600316108222728 ) ) ;
#209 = CARTESIAN_POINT ( 'NONE',  ( 34.28718376478300200, -5.171762802522000158, 73.61733901730900698 ) ) ;
#210 = CARTESIAN_POINT ( 'NONE',  ( 36.51609901284678017, 3.279418776811741765, 68.86952264146938774 ) ) ;
#211 = CARTESIAN_POINT ( 'NONE',  ( 39.94071895468699296, 2.440000000000000205E-15, 73.00000000000000000 ) ) ;
#212 = CARTESIAN_POINT ( 'NONE',  ( 32.73670195468499600, 0.9664724031029999773, 67.76144186293200278 ) ) ;
#213 = CARTESIAN_POINT ( 'NONE',  ( 36.19073999999999813, 1.609999999999999932E-15, 78.25000000000000000 ) ) ;
#214 = CARTESIAN_POINT ( 'NONE',  ( 29.91967111188899864, 2.675071321381999656, 68.69184643408699742 ) ) ;
#215 = CARTESIAN_POINT ( 'NONE',  ( 29.21731801208599677, -4.273442989135999959, 71.80001810576099786 ) ) ;
#216 = VERTEX_POINT ( 'NONE', #4560 ) ;
#217 = CARTESIAN_POINT ( 'NONE',  ( 35.67339948500899993, -3.877801159512999973, 75.56533154243800254 ) ) ;
#218 = B_SPLINE_CURVE_WITH_KNOTS ( 'NONE', 6,
 ( #2561, #2938, #1456, #4550, #4157, #2992, #644, #3758, #1811, #4596, #1071, #1432, #2967, #4571, #1543, #1523, #2651, #3581, #2795, #2054, #3063, #4002, #1229, #73, #2673, #490, #3463, #1634, #2761, #4371, #3859, #100, #2416, #4283, #857, #464, #3212, #2821, #3977, #2446, #4670, #3181 ),
 .UNSPECIFIED., .F., .F.,
 ( 7, 5, 5, 5, 5, 5, 5, 5, 7 ),
 ( 0.000000000000000000, 0.06347513536292000158, 0.1263417165500000106, 0.1888520558279999928, 0.2514954839840000123, 0.3133922841520000446, 0.3763413486409999953, 0.4393111755960000253, 0.4993462985097406048 ),
 .UNSPECIFIED. ) ;
#219 = CARTESIAN_POINT ( 'NONE',  ( 34.51127819727899748, 2.179968150676999894, 77.06513538894900250 ) ) ;
#220 = CARTESIAN_POINT ( 'NONE',  ( 34.92306044956399802, 5.018179149704999453, 74.46777583600800199 ) ) ;
#221 = AXIS2_PLACEMENT_3D ( 'NONE', #3652, #896, #3167 ) ;
#222 = ADVANCED_FACE ( 'NONE', ( #3798 ), #1088, .T. ) ;
#223 = CARTESIAN_POINT ( 'NONE',  ( 35.52592699999999581, 2.027754670999999880E-06, 77.50578587332000779 ) ) ;
#224 = ORIENTED_EDGE ( 'NONE', *, *, #2304, .T. ) ;
#225 = CARTESIAN_POINT ( 'NONE',  ( 34.48664226303899483, 2.829174517334000161, 76.66271990146098858 ) ) ;
#226 = FACE_OUTER_BOUND ( 'NONE', #3128, .T. ) ;
#227 = CARTESIAN_POINT ( 'NONE',  ( 32.64296421751799926, -1.925728992382000015, 67.99376447832899828 ) ) ;
#228 = CARTESIAN_POINT ( 'NONE',  ( 31.36095824305399660, -2.511077313523000232, 77.69672064117399657 ) ) ;
#229 = CARTESIAN_POINT ( 'NONE',  ( 33.98626532898299502, 3.982546052928999547, 76.69139688303901892 ) ) ;
#230 = FILL_AREA_STYLE_COLOUR ( '', #5027 ) ;
#231 = DIRECTION ( 'NONE',  ( -1.000000000000000000, -2.200000000000000003E-16, 0.000000000000000000 ) ) ;
#232 = CARTESIAN_POINT ( 'NONE',  ( 41.87357659274599797, -3.666174209354000180, 66.65000000000000568 ) ) ;
#233 = CARTESIAN_POINT ( 'NONE',  ( 33.28405533078799294, -1.691530340477999994, 77.88609046323300333 ) ) ;
#234 = CARTESIAN_POINT ( 'NONE',  ( 36.50200633384913118, 2.878741506722902077, 68.56011228712145567 ) ) ;
#235 = DIRECTION ( 'NONE',  ( 1.000000000000000000, 2.200000000000000003E-16, 0.000000000000000000 ) ) ;
#236 = CARTESIAN_POINT ( 'NONE',  ( 32.36159773805800199, -3.957964778043000287, 76.68362302096900862 ) ) ;
#237 = EDGE_CURVE ( 'NONE', #2868, #1854, #709, .T. ) ;
#238 = DIRECTION ( 'NONE',  ( 0.000000000000000000, 0.000000000000000000, 1.000000000000000000 ) ) ;
#239 = CARTESIAN_POINT ( 'NONE',  ( 33.12905584696000005, 1.157070666000000005E-06, 78.15432293763801397 ) ) ;
#240 = ORIENTED_EDGE ( 'NONE', *, *, #2273, .T. ) ;
#241 = CARTESIAN_POINT ( 'NONE',  ( 35.69797823250900137, -4.217224043677999745, 74.88263320908100695 ) ) ;
#242 = CARTESIAN_POINT ( 'NONE',  ( 31.22896818916800044, 0.6331655186829999726, 78.07134192213399615 ) ) ;
#243 = CARTESIAN_POINT ( 'NONE',  ( 30.73925385526290910, -1.278228375093241720, 68.06691602305379263 ) ) ;
#244 = CARTESIAN_POINT ( 'NONE',  ( 34.93290058828900158, 4.904809070668000537, 74.79204628470199623 ) ) ;
#245 = CARTESIAN_POINT ( 'NONE',  ( 35.95127884695899922, 2.024548839000000083E-06, 78.24251688334598498 ) ) ;
#246 = VERTEX_POINT ( 'NONE', #2685 ) ;
#247 = CARTESIAN_POINT ( 'NONE',  ( 33.55240899570949864, -1.599784769957706576, 68.07560694696103099 ) ) ;
#248 = CARTESIAN_POINT ( 'NONE',  ( 32.84221233024700126, 2.583950797897999863, 68.52563852408799505 ) ) ;
#249 = CARTESIAN_POINT ( 'NONE',  ( 29.88148100000000085, 2.897620816500000079E-07, 77.32939798190299996 ) ) ;
#250 = CARTESIAN_POINT ( 'NONE',  ( 31.95959298118500413, -4.307952298274000391, 74.12797482954198358 ) ) ;
#251 = CARTESIAN_POINT ( 'NONE',  ( 33.49361649916200179, -3.361932291871999823, 69.06322560310999847 ) ) ;
#252 = CARTESIAN_POINT ( 'NONE',  ( 34.52134219543963667, -0.6535716886762252820, 67.82682019925249506 ) ) ;
#253 = CARTESIAN_POINT ( 'NONE',  ( 29.14703748161361929, -4.231790553284801248, 73.82672939028245196 ) ) ;
#254 = ORIENTED_EDGE ( 'NONE', *, *, #2244, .T. ) ;
#255 = CARTESIAN_POINT ( 'NONE',  ( 34.00407693474399906, -3.134667339677999820, 69.55962053999800787 ) ) ;
#256 = CARTESIAN_POINT ( 'NONE',  ( 33.43434983397899884, -4.618264037354000706, 70.66479032005599947 ) ) ;
#257 = CARTESIAN_POINT ( 'NONE',  ( 29.46636540966500206, 1.592688920252000040, 68.84884874384400177 ) ) ;
#258 = EDGE_CURVE ( 'NONE', #3007, #4677, #2270, .T. ) ;
#259 = B_SPLINE_SURFACE_WITH_KNOTS ( 'NONE', 1, 9, ( 
 ( #1936, #5078, #1863, #3089, #5007, #3860, #1915, #1165, #3039, #4312, #2696, #3464, #4647, #4617, #1479, #3015, #2629, #715, #2258, #1120, #3834, #3440, #3536, #3258, #2427, #27, #1671, #3988, #1208, #534, #54, #3648, #915, #2458 ),
 ( #2832, #2063, #4841, #109, #1593, #1326, #1616, #2368, #3162, #3138, #4733, #4465, #4757, #2741, #4011, #448, #1239, #892, #836, #945, #4353, #1268, #3221, #474, #1642, #2774, #3958, #2038, #4381, #3616, #1296, #2089, #867, #4438 ) ),
 .UNSPECIFIED., .F., .F., .F.,
 ( 2, 2 ),
 ( 10, 8, 8, 8, 10 ),
 ( 0.000000000000000000, 0.9300000000000000488 ),
 ( 0.000000000000000000, 1.477706231233000045, 3.142142805069999767, 4.803141264411999956, 6.284285610140000422 ),
 .UNSPECIFIED. ) ;
#260 = CARTESIAN_POINT ( 'NONE',  ( 36.33485513768800246, -5.093357664497999870, 71.57819309082400139 ) ) ;
#261 = CARTESIAN_POINT ( 'NONE',  ( 40.18193922118300065, -3.666174209354000180, 66.65000000000000568 ) ) ;
#262 = CARTESIAN_POINT ( 'NONE',  ( 31.09880001157199914, -4.331758241696999967, 71.78363978879698948 ) ) ;
#263 = CARTESIAN_POINT ( 'NONE',  ( 29.13639843373099936, -4.280105966127999650, 73.83174934156100733 ) ) ;
#264 = CARTESIAN_POINT ( 'NONE',  ( 33.03162939477899585, 4.519575747494000595, 75.97419122056000163 ) ) ;
#265 = CARTESIAN_POINT ( 'NONE',  ( 31.82045123704158129, -0.08903356656053018625, 67.88657071365611273 ) ) ;
#266 = FACE_OUTER_BOUND ( 'NONE', #3869, .T. ) ;
#267 = CIRCLE ( 'NONE', #601, 3.650000000000000355 ) ;
#268 = ORIENTED_EDGE ( 'NONE', *, *, #4534, .T. ) ;
#269 = CARTESIAN_POINT ( 'NONE',  ( 35.94092821722399833, -1.671370458556999949, 68.65512089789099548 ) ) ;
#270 = CARTESIAN_POINT ( 'NONE',  ( 36.00166800000000222, 2.313265540690000115E-06, 78.34058748074198775 ) ) ;
#271 = CARTESIAN_POINT ( 'NONE',  ( 39.69950599505600053, 7.332348418707999471, 73.00000000000000000 ) ) ;
#272 = AXIS2_PLACEMENT_3D ( 'NONE', #2459, #3678, #4129 ) ;
#273 = CARTESIAN_POINT ( 'NONE',  ( 34.97250257594700429, -2.449113266570000391, 69.02960981794900874 ) ) ;
#274 = CARTESIAN_POINT ( 'NONE',  ( 35.96157079491599973, -0.3603661394630000570, 78.24283850470000345 ) ) ;
#275 = ORIENTED_EDGE ( 'NONE', *, *, #4325, .T. ) ;
#276 = CARTESIAN_POINT ( 'NONE',  ( 30.82222200000000001, 5.795151482899999596E-07, 77.35879596380600276 ) ) ;
#277 = CARTESIAN_POINT ( 'NONE',  ( 32.77974620729402488, 0.5478036571389104381, 67.87409696071752307 ) ) ;
#278 = CARTESIAN_POINT ( 'NONE',  ( 32.95259736978000120, -4.482361598198999708, 72.59795347549099631 ) ) ;
#279 = CARTESIAN_POINT ( 'NONE',  ( 40.03343979002597308, -6.973844507862789754, 72.37905301170266625 ) ) ;
#280 = CARTESIAN_POINT ( 'NONE',  ( 32.75358840944500116, 1.922466805402000212, 67.98947997524899733 ) ) ;
#281 = CARTESIAN_POINT ( 'NONE',  ( 33.28745540961899962, -4.511203179217000425, 75.53987607090500944 ) ) ;
#282 = CARTESIAN_POINT ( 'NONE',  ( 41.87357659274599797, -3.666174209354000180, 79.35000000000000853 ) ) ;
#283 = EDGE_LOOP ( 'NONE', ( #136, #3276 ) ) ;
#284 = B_SPLINE_CURVE_WITH_KNOTS ( 'NONE', 1,
 ( #4355, #3225 ),
 .UNSPECIFIED., .F., .F.,
 ( 2, 2 ),
 ( 0.1046014019844465764, 0.9300000000000000488 ),
 .UNSPECIFIED. ) ;
#285 = CARTESIAN_POINT ( 'NONE',  ( 36.29141935995600221, -5.273165477949000035, 73.06992701573300053 ) ) ;
#286 = PRESENTATION_STYLE_ASSIGNMENT (( #2614 ) ) ;
#287 = CARTESIAN_POINT ( 'NONE',  ( 33.23830628217599781, -3.446135933689000286, 76.85255186478799772 ) ) ;
#288 = EDGE_CURVE ( 'NONE', #2299, #1734, #132, .T. ) ;
#289 =( BOUNDED_CURVE ( )  B_SPLINE_CURVE ( 2, ( #2028, #3604, #1688 ),
 .UNSPECIFIED., .F., .F. ) 
 B_SPLINE_CURVE_WITH_KNOTS ( ( 3, 3 ),
 ( 0.000000000000000000, 1.000000000000000000 ),
 .UNSPECIFIED. ) 
 CURVE ( )  GEOMETRIC_REPRESENTATION_ITEM ( )  RATIONAL_B_SPLINE_CURVE ( ( 1.000000000000000000, 1.004815706086908067, 1.000000000000000000 ) ) 
 REPRESENTATION_ITEM ( '' )  );
#290 = CARTESIAN_POINT ( 'NONE',  ( 30.43095824305400043, -2.511077313523000232, 77.69672064117399657 ) ) ;
#291 = CARTESIAN_POINT ( 'NONE',  ( 36.41739613137300324, 1.492185724110999923, 77.39550737390499080 ) ) ;
#292 = EDGE_CURVE ( 'NONE', #3615, #4059, #2452, .T. ) ;
#293 = ORIENTED_EDGE ( 'NONE', *, *, #1946, .T. ) ;
#294 = DIRECTION ( 'NONE',  ( 1.000000000000000000, 2.200000000000000003E-16, 0.000000000000000000 ) ) ;
#295 = CARTESIAN_POINT ( 'NONE',  ( 36.91593573797199923, -0.6410997049590000385, 68.43353380827500132 ) ) ;
#296 = DIRECTION ( 'NONE',  ( -0.7071067811868645414, -1.555634918611102005E-16, 0.7071067811862306041 ) ) ;
#297 = CARTESIAN_POINT ( 'NONE',  ( 35.11081140922500055, 1.657782507020000073, 68.67921672081800466 ) ) ;
#298 = CARTESIAN_POINT ( 'NONE',  ( 34.70807973769200316, -3.392572955070999985, 76.15748552544900463 ) ) ;
#299 = VERTEX_POINT ( 'NONE', #2359 ) ;
#300 = CARTESIAN_POINT ( 'NONE',  ( 37.44073999999999813, 4.000000000000000311E-15, 79.35000000000000853 ) ) ;
#301 = CARTESIAN_POINT ( 'NONE',  ( 33.07755052003699348, 4.476767552370000125, 75.59091652837399522 ) ) ;
#302 = DIRECTION ( 'NONE',  ( 1.000000000000000000, 2.200000000000000003E-16, 0.000000000000000000 ) ) ;
#303 = CARTESIAN_POINT ( 'NONE',  ( 32.59956862927200660, -4.586692678257000111, 70.64797827806900443 ) ) ;
#304 = DIRECTION ( 'NONE',  ( -0.8660254037842965991, -0.01235985588427423142, 0.4998472106181707231 ) ) ;
#305 = B_SPLINE_CURVE_WITH_KNOTS ( 'NONE', 8,
 ( #186, #3745, #3248, #4867, #2479, #2507, #234, #210, #3353, #4946, #552, #3720, #1749, #2136, #938, #1418, #2951, #4488, #3305, #4119, #2448, #128, #4831, #1315, #3670, #1718, #4895, #2904, #2851, #1772 ),
 .UNSPECIFIED., .F., .F.,
 ( 9, 7, 7, 7, 9 ),
 ( 0.3293111594179301549, 0.4929574743110000101, 0.6646519164409999680, 0.8323259561139999541, 1.000000000000000000 ),
 .UNSPECIFIED. ) ;
#306 = ORIENTED_EDGE ( 'NONE', *, *, #2605, .F. ) ;
#307 = CARTESIAN_POINT ( 'NONE',  ( 34.48664226303899483, 2.829174517334000161, 76.66271990146098858 ) ) ;
#308 = CARTESIAN_POINT ( 'NONE',  ( 29.52162031932999753, 3.029925278796000043, 69.66314973366999652 ) ) ;
#309 = CARTESIAN_POINT ( 'NONE',  ( 34.40466513015200434, -4.098916476031000400, 69.78020680885998672 ) ) ;
#310 = PLANE ( 'NONE',  #3651 ) ;
#311 = CARTESIAN_POINT ( 'NONE',  ( 30.84680074768499836, -0.7155414181310000288, 77.35956414024200001 ) ) ;
#312 = CARTESIAN_POINT ( 'NONE',  ( 33.11500592541300136, 0.4830262114999999690, 78.13211083419700742 ) ) ;
#313 = DIRECTION ( 'NONE',  ( 1.000000000000000000, 2.200000000000000003E-16, 0.000000000000000000 ) ) ;
#314 = CARTESIAN_POINT ( 'NONE',  ( 31.63978332935000282, 3.326835956036999775, 76.08354881536799041 ) ) ;
#315 = ORIENTED_EDGE ( 'NONE', *, *, #4325, .F. ) ;
#316 = DIRECTION ( 'NONE',  ( 0.000000000000000000, 0.000000000000000000, 1.000000000000000000 ) ) ;
#317 = EDGE_CURVE ( 'NONE', #2518, #943, #4503, .T. ) ;
#318 = DIRECTION ( 'NONE',  ( 1.000000000000000000, 2.200000000000000003E-16, 0.000000000000000000 ) ) ;
#319 = CARTESIAN_POINT ( 'NONE',  ( 30.63137803870500164, -4.215201047774000287, 70.13582157169899745 ) ) ;
#320 = CARTESIAN_POINT ( 'NONE',  ( 34.75723723276699673, -4.189741264725999947, 74.87036575400999538 ) ) ;
#321 = CARTESIAN_POINT ( 'NONE',  ( 32.72306596595000627, 2.150252954598000255, 68.31045314434899751 ) ) ;
#322 = CARTESIAN_POINT ( 'NONE',  ( 31.37547486427599708, 2.382347398637000069, 69.12661900815500360 ) ) ;
#323 = CARTESIAN_POINT ( 'NONE',  ( 35.27657613689500238, 4.554363483303000670, 72.57708408918500709 ) ) ;
#324 = ORIENTED_EDGE ( 'NONE', *, *, #3547, .F. ) ;
#325 = CARTESIAN_POINT ( 'NONE',  ( 37.44073999999999103, 5.776332102770288301, 70.30490056569317403 ) ) ;
#326 = CARTESIAN_POINT ( 'NONE',  ( 35.45201919716900818, 2.194290659690000034, 77.09184696552999583 ) ) ;
#327 = CARTESIAN_POINT ( 'NONE',  ( 34.59821324667839093, -1.611584259335471225, 68.04498712635265179 ) ) ;
#328 = CARTESIAN_POINT ( 'NONE',  ( 35.85385239411600367, 4.595529728904999445, 76.02417897932900814 ) ) ;
#329 = DIRECTION ( 'NONE',  ( 1.000000000000000000, 2.200000000000000003E-16, 0.000000000000000000 ) ) ;
#330 = ORIENTED_EDGE ( 'NONE', *, *, #3271, .T. ) ;
#331 = CARTESIAN_POINT ( 'NONE',  ( 34.14244295464899892, 0.8232811634579999538, 68.53744745269500527 ) ) ;
#332 = VERTEX_POINT ( 'NONE', #548 ) ;
#333 = LINE ( 'NONE', #4219, #3559 ) ;
#334 = CARTESIAN_POINT ( 'NONE',  ( 29.84030087368300244, 1.999999999999999958E-16, 73.00000000000000000 ) ) ;
#335 = CARTESIAN_POINT ( 'NONE',  ( 43.94073999999999813, 3.330000000000000073E-15, 78.00000000000000000 ) ) ;
#336 = LINE ( 'NONE', #1652, #1902 ) ;
#337 = CARTESIAN_POINT ( 'NONE',  ( 31.66441926347999924, 2.773400239140999979, 76.59050385663300631 ) ) ;
#338 = CARTESIAN_POINT ( 'NONE',  ( 36.32406679089799439, -3.129778345892999969, 68.75508856362300492 ) ) ;
#339 = CARTESIAN_POINT ( 'NONE',  ( 30.24192010586999757, 2.131484991350999891, 77.60542781020600955 ) ) ;
#340 = ORIENTED_EDGE ( 'NONE', *, *, #1919, .T. ) ;
#341 = FACE_OUTER_BOUND ( 'NONE', #2197, .T. ) ;
#342 = CARTESIAN_POINT ( 'NONE',  ( 36.14102002319500428, -4.480440811103999721, 76.33137274051399856 ) ) ;
#343 = CARTESIAN_POINT ( 'NONE',  ( 29.83097853494559715, -7.657177843178875065E-16, 67.95806825814631225 ) ) ;
#344 =( BOUNDED_CURVE ( )  B_SPLINE_CURVE ( 2, ( #3124, #4746, #4111 ),
 .UNSPECIFIED., .F., .F. ) 
 B_SPLINE_CURVE_WITH_KNOTS ( ( 3, 3 ),
 ( 0.000000000000000000, 1.000000000000000000 ),
 .UNSPECIFIED. ) 
 CURVE ( )  GEOMETRIC_REPRESENTATION_ITEM ( )  RATIONAL_B_SPLINE_CURVE ( ( 1.000000000000000000, 1.004815706086221949, 1.000000000000000000 ) ) 
 REPRESENTATION_ITEM ( '' )  );
#345 = CARTESIAN_POINT ( 'NONE',  ( 34.63434349507600274, -1.469982091597999974, 77.34221174641498919 ) ) ;
#346 = EDGE_CURVE ( 'NONE', #899, #3728, #757, .T. ) ;
#347 = CARTESIAN_POINT ( 'NONE',  ( 33.92709198273200144, 4.238890235576000087, 76.01127696519000665 ) ) ;
#348 = ORIENTED_EDGE ( 'NONE', *, *, #3105, .T. ) ;
#349 = CARTESIAN_POINT ( 'NONE',  ( 35.19369377305799418, 3.742501903717999845, 70.16967344993599909 ) ) ;
#350 = AXIS2_PLACEMENT_3D ( 'NONE', #4322, #1976, #3973 ) ;
#351 = CARTESIAN_POINT ( 'NONE',  ( 34.32255437881099880, -4.345997478394999725, 75.87661160779100555 ) ) ;
#352 = CARTESIAN_POINT ( 'NONE',  ( 35.25755698001099603, -5.212805313821999853, 74.36487150507900878 ) ) ;
#353 =( NAMED_UNIT ( * ) PLANE_ANGLE_UNIT ( ) SI_UNIT ( $, .RADIAN. ) );
#354 = CARTESIAN_POINT ( 'NONE',  ( 36.19073999999999813, 1.609999999999999932E-15, 73.00000000000000000 ) ) ;
#355 = AXIS2_PLACEMENT_3D ( 'NONE', #3770, #1825, #2979 ) ;
#356 = CARTESIAN_POINT ( 'NONE',  ( 31.42979748794599715, -2.520477843094999670, 77.45423465921399497 ) ) ;
#357 = VERTEX_POINT ( 'NONE', #4859 ) ;
#358 = CARTESIAN_POINT ( 'NONE',  ( 41.87357659274599797, 3.666174209354000180, 66.65000000000000568 ) ) ;
#359 = ORIENTED_EDGE ( 'NONE', *, *, #317, .F. ) ;
#360 = CONICAL_SURFACE ( 'NONE', #2812, 2.949999999999994404, 0.7853981633970000820 ) ;
#361 = CARTESIAN_POINT ( 'NONE',  ( 29.71100739763300069, -4.431623570493999686, 75.19013109405898376 ) ) ;
#362 = CARTESIAN_POINT ( 'NONE',  ( 36.19073999999999813, 1.609999999999999932E-15, 78.25000000000000000 ) ) ;
#363 = FACE_OUTER_BOUND ( 'NONE', #3230, .T. ) ;
#364 = CARTESIAN_POINT ( 'NONE',  ( 36.31448312104699738, -3.400943871920999673, 68.96697053335199712 ) ) ;
#365 = ORIENTED_EDGE ( 'NONE', *, *, #682, .F. ) ;
#366 = CARTESIAN_POINT ( 'NONE',  ( 32.03954101131499499, -4.360915868036999932, 71.77545063039198681 ) ) ;
#367 = CARTESIAN_POINT ( 'NONE',  ( 34.06979684695900090, 1.446293424000000101E-06, 78.18372091954100256 ) ) ;
#368 = CARTESIAN_POINT ( 'NONE',  ( 35.19369377305799418, 3.742501903717999845, 70.16967344993599909 ) ) ;
#369 = DIRECTION ( 'NONE',  ( -1.000000000000000000, -2.200000000000000003E-16, 0.000000000000000000 ) ) ;
#370 = CARTESIAN_POINT ( 'NONE',  ( 33.73921846219499798, 4.172665808825000155, 69.91131373319700515 ) ) ;
#371 = VERTEX_POINT ( 'NONE', #2443 ) ;
#372 = CARTESIAN_POINT ( 'NONE',  ( 35.40274732861699647, 3.416059424763000063, 76.16625807165300444 ) ) ;
#373 =( BOUNDED_CURVE ( )  B_SPLINE_CURVE ( 2, ( #3835, #1046, #300 ),
 .UNSPECIFIED., .F., .F. ) 
 B_SPLINE_CURVE_WITH_KNOTS ( ( 3, 3 ),
 ( 0.000000000000000000, 1.000000000000000000 ),
 .UNSPECIFIED. ) 
 CURVE ( )  GEOMETRIC_REPRESENTATION_ITEM ( )  RATIONAL_B_SPLINE_CURVE ( ( 1.000000000000000000, 1.037954849302023863, 1.000000000000000000 ) ) 
 REPRESENTATION_ITEM ( '' )  );
#374 = CARTESIAN_POINT ( 'NONE',  ( 33.79191748544800333, -3.827249864888000008, 75.53189362017700148 ) ) ;
#375 = ADVANCED_FACE ( 'NONE', ( #3208 ), #2109, .F. ) ;
#376 = CARTESIAN_POINT ( 'NONE',  ( 35.33750501028699631, -5.276362807697999813, 71.51833114088999821 ) ) ;
#377 = CARTESIAN_POINT ( 'NONE',  ( 32.47535611999800409, -4.822114507604000622, 74.79195541285699278 ) ) ;
#378 = CARTESIAN_POINT ( 'NONE',  ( 33.92309852607800025, 5.176390572656000444, 74.33813319618599280 ) ) ;
#379 = CARTESIAN_POINT ( 'NONE',  ( 34.62086224228799836, 2.678288521700999958, 68.52052263928899833 ) ) ;
#380 = ORIENTED_EDGE ( 'NONE', *, *, #2217, .F. ) ;
#381 = CONICAL_SURFACE ( 'NONE', #221, 6.750000000000006217, 1.178091890227999983 ) ;
#382 = VERTEX_POINT ( 'NONE', #4801 ) ;
#383 = EDGE_CURVE ( 'NONE', #3502, #899, #4827, .T. ) ;
#384 = B_SPLINE_CURVE_WITH_KNOTS ( 'NONE', 1,
 ( #1489, #2225 ),
 .UNSPECIFIED., .F., .F.,
 ( 2, 2 ),
 ( 0.000000000000000000, 0.8205507722455678277 ),
 .UNSPECIFIED. ) ;
#385 = CARTESIAN_POINT ( 'NONE',  ( 29.74055375218799924, -4.935192461326999513, 73.74828793501500002 ) ) ;
#386 = CARTESIAN_POINT ( 'NONE',  ( 30.14471154219399907, 4.479957338284000556, 75.37746278441699133 ) ) ;
#387 = CARTESIAN_POINT ( 'NONE',  ( 34.03093910447899617, 4.266876667218999941, 75.97716552493200481 ) ) ;
#388 = CARTESIAN_POINT ( 'NONE',  ( 35.77175795465100094, 4.889731368352999930, 74.90709728274099177 ) ) ;
#389 = CARTESIAN_POINT ( 'NONE',  ( 36.41690592056237818, -0.02061837429604149174, 67.75000000118612320 ) ) ;
#390 = VERTEX_POINT ( 'NONE', #4453 ) ;
#391 = CARTESIAN_POINT ( 'NONE',  ( 29.46483902888400053, 4.665393531931999682, 73.49447206777099950 ) ) ;
#392 = FACE_OUTER_BOUND ( 'NONE', #2426, .T. ) ;
#393 = EDGE_CURVE ( 'NONE', #3728, #899, #5031, .T. ) ;
#394 = CARTESIAN_POINT ( 'NONE',  ( 35.17307973769199947, -4.002489396525000132, 76.72505726102301082 ) ) ;
#395 = CARTESIAN_POINT ( 'NONE',  ( 30.46236131918299961, 3.050554848790000051, 69.64043411196898603 ) ) ;
#396 = CARTESIAN_POINT ( 'NONE',  ( 33.51337355570699827, -2.819592010624000000, 68.64671701047699059 ) ) ;
#397 = CARTESIAN_POINT ( 'NONE',  ( 31.07924993551300119, 4.942108169892000191, 71.70870530880699789 ) ) ;
#398 = CARTESIAN_POINT ( 'NONE',  ( 31.56587552696100119, 4.299604588144999795, 74.11145664827299129 ) ) ;
#399 = CARTESIAN_POINT ( 'NONE',  ( 33.61076341199900241, 0.3913887518459999715, 67.83373689733500100 ) ) ;
#400 = ORIENTED_EDGE ( 'NONE', *, *, #2196, .T. ) ;
#401 = CARTESIAN_POINT ( 'NONE',  ( 35.22132122767200002, 4.183188358868000556, 70.91873048499699905 ) ) ;
#402 = CARTESIAN_POINT ( 'NONE',  ( 39.94071895468699296, -4.354708999805000147, 78.15742276016000289 ) ) ;
#403 = CARTESIAN_POINT ( 'NONE',  ( 33.14638985872299770, -0.8195523557170000251, 68.56857446240499598 ) ) ;
#404 = CARTESIAN_POINT ( 'NONE',  ( 28.94073999999999813, -7.332348418707999471, 73.00000000000000000 ) ) ;
#405 = CARTESIAN_POINT ( 'NONE',  ( 32.50397555289300300, -5.081959096298000134, 73.84358145322799771 ) ) ;
#406 = CARTESIAN_POINT ( 'NONE',  ( 34.91503338877200235, 3.113730057234000093, 77.19996432474201242 ) ) ;
#407 = ORIENTED_EDGE ( 'NONE', *, *, #3242, .T. ) ;
#408 = CARTESIAN_POINT ( 'NONE',  ( 29.69164436461299772, -3.898986290447000069, 76.03987519391999683 ) ) ;
#409 = CARTESIAN_POINT ( 'NONE',  ( 31.01885198147900269, -4.279132234393999923, 74.12042926819401600 ) ) ;
#410 = EDGE_CURVE ( 'NONE', #3387, #4099, #3372, .T. ) ;
#411 = CARTESIAN_POINT ( 'NONE',  ( 31.12551146108999944, 4.856627579700000474, 75.15191191346299604 ) ) ;
#412 = CARTESIAN_POINT ( 'NONE',  ( 29.77611293533099612, -3.618227988793999650, 69.02879781084500621 ) ) ;
#413 = CARTESIAN_POINT ( 'NONE',  ( 36.41459641705147021, -0.1030832391703022516, 67.75092535198361077 ) ) ;
#414 = ORIENTED_EDGE ( 'NONE', *, *, #1358, .T. ) ;
#415 = CARTESIAN_POINT ( 'NONE',  ( 32.42672568305499681, 4.368981610460000553, 71.75990213414299035 ) ) ;
#416 = FACE_OUTER_BOUND ( 'NONE', #4983, .T. ) ;
#417 = CARTESIAN_POINT ( 'NONE',  ( 28.94073999999999813, 3.666174209354000180, 79.35000000000000853 ) ) ;
#418 = CARTESIAN_POINT ( 'NONE',  ( 33.59963655520206771, 0.007255851650403470458, 67.83097150249849960 ) ) ;
#419 = ORIENTED_EDGE ( 'NONE', *, *, #1884, .T. ) ;
#420 = CARTESIAN_POINT ( 'NONE',  ( 37.09758264893899593, -5.256018307990999894, 73.45442022175099339 ) ) ;
#421 = FACE_OUTER_BOUND ( 'NONE', #3606, .T. ) ;
#422 = CARTESIAN_POINT ( 'NONE',  ( 34.72585357946100260, 2.676313138365999933, 68.51550755808600002 ) ) ;
#423 = CARTESIAN_POINT ( 'NONE',  ( 32.75320196952387874, -0.3637794632794404404, 67.86901360714212217 ) ) ;
#424 = CARTESIAN_POINT ( 'NONE',  ( 33.42833836948700110, -5.327916955981000235, 72.52208145292499353 ) ) ;
#425 = CARTESIAN_POINT ( 'NONE',  ( 32.42672568305499681, 4.368981610460000553, 71.75990213414299035 ) ) ;
#426 = AXIS2_PLACEMENT_3D ( 'NONE', #3243, #154, #1715 ) ;
#427 = CONICAL_SURFACE ( 'NONE', #3025, 2.949999999999994404, 0.7853981633970000820 ) ;
#428 = CARTESIAN_POINT ( 'NONE',  ( 34.88557254280200226, 3.868132914694000224, 76.50539525052201384 ) ) ;
#429 = ORIENTED_EDGE ( 'NONE', *, *, #4593, .F. ) ;
#430 = CARTESIAN_POINT ( 'NONE',  ( 28.98989749551699902, -1.412071818310999927, 77.17117090423400327 ) ) ;
#431 = CARTESIAN_POINT ( 'NONE',  ( 33.59942638522075242, -9.317362419797303730E-17, 67.83097807029412252 ) ) ;
#432 = AXIS2_PLACEMENT_3D ( 'NONE', #2645, #3008, #3851 ) ;
#433 = CARTESIAN_POINT ( 'NONE',  ( 29.99736131918299975, 3.615740348106999846, 69.01810981900500508 ) ) ;
#434 = CARTESIAN_POINT ( 'NONE',  ( 33.96185956558299068, 5.141739077912999889, 73.76527190576399562 ) ) ;
#435 = CIRCLE ( 'NONE', #99, 2.949999999999994404 ) ;
#436 = CARTESIAN_POINT ( 'NONE',  ( 35.48152156908865607, 0.02140953954634417303, 67.77216294474517611 ) ) ;
#437 = CARTESIAN_POINT ( 'NONE',  ( 32.18831484695899547, 8.678676140000000287E-07, 78.12492495573499696 ) ) ;
#438 = DIRECTION ( 'NONE',  ( 1.000000000000000000, 2.200000000000000003E-16, 0.000000000000000000 ) ) ;
#439 = EDGE_CURVE ( 'NONE', #4086, #773, #1067, .T. ) ;
#440 = EDGE_LOOP ( 'NONE', ( #4894, #185, #5020, #4525, #4578, #324, #2959 ) ) ;
#441 = CARTESIAN_POINT ( 'NONE',  ( 29.51240522376700071, 3.887591029970000278, 75.67818408269300789 ) ) ;
#442 = CARTESIAN_POINT ( 'NONE',  ( 31.88585673824099942, -3.325786026077000024, 76.09533416630799252 ) ) ;
#443 = CARTESIAN_POINT ( 'NONE',  ( 30.00437473860799642, -3.281261406646000189, 76.05389992691100076 ) ) ;
#444 = EDGE_CURVE ( 'NONE', #5094, #3113, #4710, .T. ) ;
#445 = CARTESIAN_POINT ( 'NONE',  ( 31.10887150495599940, 5.093801397017000632, 72.70650750692300335 ) ) ;
#446 = CARTESIAN_POINT ( 'NONE',  ( 34.00611306756299257, 2.142366164428000097, 77.73047977294699251 ) ) ;
#447 = VERTEX_POINT ( 'NONE', #1921 ) ;
#448 = CARTESIAN_POINT ( 'NONE',  ( 29.35574121773900202, -1.595266811744999957, 68.85299075383501588 ) ) ;
#449 = CARTESIAN_POINT ( 'NONE',  ( 33.66902374757500382, -0.7300185375359999895, 77.44775822860600556 ) ) ;
#450 = DIRECTION ( 'NONE',  ( -1.000000000000000000, 0.000000000000000000, 3.800000000000000118E-16 ) ) ;
#451 = CARTESIAN_POINT ( 'NONE',  ( 39.94071895468699296, -6.643813628256999948, 71.80742276016100334 ) ) ;
#452 = CARTESIAN_POINT ( 'NONE',  ( 32.18447437466100070, 3.417074773747000194, 76.83517023425200421 ) ) ;
#453 = CARTESIAN_POINT ( 'NONE',  ( 31.37169924294400047, -2.525366920365000212, 77.72344495860698999 ) ) ;
#454 = CARTESIAN_POINT ( 'NONE',  ( 33.35631556270699605, -5.165347747813000545, 73.27321308691401214 ) ) ;
#455 = CARTESIAN_POINT ( 'NONE',  ( 34.93477249545200181, 2.534196698680000193, 77.57376154290700754 ) ) ;
#456 = VERTEX_POINT ( 'NONE', #5084 ) ;
#457 = EDGE_CURVE ( 'NONE', #390, #2206, #3044, .T. ) ;
#458 = CARTESIAN_POINT ( 'NONE',  ( 29.78293726377400219, 2.736217387079000307, 76.54235982674398997 ) ) ;
#459 = CARTESIAN_POINT ( 'NONE',  ( 32.37543548588899966, -4.469169034622000325, 75.95649077306200070 ) ) ;
#460 = CARTESIAN_POINT ( 'NONE',  ( 29.56395348632999642, -4.418617740748000067, 75.92305284996000125 ) ) ;
#461 = CARTESIAN_POINT ( 'NONE',  ( 35.59319855478899797, 3.573911719519000219, 69.16424433667398830 ) ) ;
#462 = CARTESIAN_POINT ( 'NONE',  ( 32.51451469187500010, -4.228805110204000073, 70.05730675686699271 ) ) ;
#463 = CARTESIAN_POINT ( 'NONE',  ( 36.94073999999999813, 2.730837037755000196, 68.51613681372600695 ) ) ;
#464 = CARTESIAN_POINT ( 'NONE',  ( 35.51965990194799616, -2.246968796386000111, 68.26577836669099497 ) ) ;
#465 = VERTEX_POINT ( 'NONE', #2726 ) ;
#466 = CARTESIAN_POINT ( 'NONE',  ( 36.73458052549000286, 5.234080523365999937, 74.35304728365299809 ) ) ;
#467 = CARTESIAN_POINT ( 'NONE',  ( 32.18831484695899547, 8.678676140000000287E-07, 78.12492495573499696 ) ) ;
#468 = CARTESIAN_POINT ( 'NONE',  ( 31.04005890296199865, 4.438440942002999989, 70.47533575231500436 ) ) ;
#469 = CARTESIAN_POINT ( 'NONE',  ( 29.46563849544300240, -1.686155006646999910, 77.98066359324599262 ) ) ;
#470 = EDGE_CURVE ( 'NONE', #2319, #4151, #1644, .T. ) ;
#471 = CARTESIAN_POINT ( 'NONE',  ( 33.67584122165859384, -0.9888603194871700142, 67.90459693304876510 ) ) ;
#472 = ORIENTED_EDGE ( 'NONE', *, *, #883, .T. ) ;
#473 = DIRECTION ( 'NONE',  ( 1.000000000000000000, 0.000000000000000000, 3.800000000000000118E-16 ) ) ;
#474 = CARTESIAN_POINT ( 'NONE',  ( 29.60450268382799877, 4.281586309535000190, 71.78470356463900259 ) ) ;
#475 = CARTESIAN_POINT ( 'NONE',  ( 34.71795277324200413, 4.388584762699999864, 69.68115659913900117 ) ) ;
#476 = CARTESIAN_POINT ( 'NONE',  ( 33.59517313159300045, 1.463161518416999929, 77.30999998310699084 ) ) ;
#477 = FACE_OUTER_BOUND ( 'NONE', #2991, .T. ) ;
#478 = DIRECTION ( 'NONE',  ( 0.000000000000000000, 0.000000000000000000, 1.000000000000000000 ) ) ;
#479 = CARTESIAN_POINT ( 'NONE',  ( 31.42085673824000125, -3.935702468750999827, 76.66290590094499180 ) ) ;
#480 = CARTESIAN_POINT ( 'NONE',  ( 30.48998877397900031, 3.620122757224999877, 70.26220890580698608 ) ) ;
#481 = CARTESIAN_POINT ( 'NONE',  ( 31.52336517850999442, -4.927167097070999979, 71.62954339372700474 ) ) ;
#482 = ORIENTED_EDGE ( 'NONE', *, *, #1590, .T. ) ;
#483 = CARTESIAN_POINT ( 'NONE',  ( 29.88148100000000085, 2.897622943700000109E-07, 77.32939798190299996 ) ) ;
#484 = CARTESIAN_POINT ( 'NONE',  ( 29.08821248654999891, -3.700871627939000152, 75.44829881516298542 ) ) ;
#485 = B_SPLINE_CURVE_WITH_KNOTS ( 'NONE', 1,
 ( #2140, #3584 ),
 .UNSPECIFIED., .F., .F.,
 ( 2, 2 ),
 ( 0.000000000000000000, 0.5533267073301160188 ),
 .UNSPECIFIED. ) ;
#486 = CARTESIAN_POINT ( 'NONE',  ( 35.78524381992500025, 5.104699802829999911, 71.74925853468300829 ) ) ;
#487 = CARTESIAN_POINT ( 'NONE',  ( 37.44074000000000524, -4.881964782174422979, 77.09829148734203841 ) ) ;
#488 = CARTESIAN_POINT ( 'NONE',  ( 31.24869113173999935, 1.708858764694999977, 78.03386718244099995 ) ) ;
#489 = CARTESIAN_POINT ( 'NONE',  ( 43.94073999999999813, 3.330000000000000073E-15, 73.00000000000000000 ) ) ;
#490 = CARTESIAN_POINT ( 'NONE',  ( 35.40128842498500461, -4.941690280336000107, 71.26831955669798901 ) ) ;
#491 = ORIENTED_EDGE ( 'NONE', *, *, #2248, .F. ) ;
#492 = CARTESIAN_POINT ( 'NONE',  ( 35.55050574750099912, -0.7396699505589999779, 77.50655428748500242 ) ) ;
#493 = CARTESIAN_POINT ( 'NONE',  ( 32.87575523327999605, -4.134775706694999720, 74.84583084402099473 ) ) ;
#494 = CARTESIAN_POINT ( 'NONE',  ( 32.02761093748700461, 4.516303033912000053, 75.45185094589500352 ) ) ;
#495 = CARTESIAN_POINT ( 'NONE',  ( 33.00621587418100233, 3.775586099673999829, 76.51913085661999503 ) ) ;
#496 = CARTESIAN_POINT ( 'NONE',  ( 31.32430391243600099, 0.9641531145170000316, 78.02463506871599463 ) ) ;
#497 = CARTESIAN_POINT ( 'NONE',  ( 30.10329970697500102, 4.485844978179999387, 70.60429265287699252 ) ) ;
#498 = CARTESIAN_POINT ( 'NONE',  ( 33.56811681883900178, -4.097918343625999604, 69.82156224138400091 ) ) ;
#499 = VERTEX_POINT ( 'NONE', #1996 ) ;
#500 = B_SPLINE_CURVE_WITH_KNOTS ( 'NONE', 6,
 ( #3496, #2636, #1531, #1153, #4242, #3816, #4294, #2682, #3897, #3719, #5087, #2902, #987, #4216, #4917, #697, #4117, #603, #2161, #209, #1771, #3326, #1396, #3842, #2923, #1893, #4536, #3448, #5041, #309, #1011, #2547, #3047, #1871, #4654, #3425, #1174, #4767, #4527, #252, #2314, #1720 ),
 .UNSPECIFIED., .F., .F.,
 ( 7, 5, 5, 5, 5, 5, 5, 5, 7 ),
 ( 0.000000000000000000, 0.06347428925116001264, 0.1263401481009999994, 0.1888475133199999934, 0.2514957900470000118, 0.3133933698929999845, 0.3763421591870000360, 0.4393118231759999825, 0.4993427608885782076 ),
 .UNSPECIFIED. ) ;
#501 = CARTESIAN_POINT ( 'NONE',  ( 37.12667072526300416, -5.243179576325000646, 72.41579616617200088 ) ) ;
#502 = CARTESIAN_POINT ( 'NONE',  ( 30.87717340629799878, 3.159143550270999690, 68.99411904515400806 ) ) ;
#503 = CARTESIAN_POINT ( 'NONE',  ( 33.64444500000000460, 1.448583618999999964E-06, 77.44698990951400219 ) ) ;
#504 = CARTESIAN_POINT ( 'NONE',  ( 34.64579440276204281, 0.01783082493224432546, 67.79830860211885124 ) ) ;
#505 = CARTESIAN_POINT ( 'NONE',  ( 32.09301605219300058, 5.002503682147999342, 74.18355587638299653 ) ) ;
#506 = ADVANCED_FACE ( 'NONE', ( #3470 ), #1413, .T. ) ;
#507 = CARTESIAN_POINT ( 'NONE',  ( 32.34384331888900022, 3.091813989405000296, 69.59500286837399585 ) ) ;
#508 = CARTESIAN_POINT ( 'NONE',  ( 32.68864400254950198, 1.023938793010502168, 67.95193742206612342 ) ) ;
#509 = CARTESIAN_POINT ( 'NONE',  ( 31.38194749117299764, -3.999386723329000581, 76.19067446569800950 ) ) ;
#510 = ORIENTED_EDGE ( 'NONE', *, *, #1744, .T. ) ;
#511 = CARTESIAN_POINT ( 'NONE',  ( 30.21342829416400022, -3.619289396145000115, 70.27477427090799722 ) ) ;
#512 = DIRECTION ( 'NONE',  ( 1.000000000000000000, 2.200000000000000003E-16, 0.000000000000000000 ) ) ;
#513 = CARTESIAN_POINT ( 'NONE',  ( 30.02895348632999628, -3.726147275386999969, 75.46501777606599148 ) ) ;
#514 = CARTESIAN_POINT ( 'NONE',  ( 29.32805657660800236, -2.352879613140000270, 69.18564320941298718 ) ) ;
#515 = CARTESIAN_POINT ( 'NONE',  ( 34.58518600000000021, 1.738178446000000098E-06, 77.47638789141700499 ) ) ;
#516 =( BOUNDED_CURVE ( )  B_SPLINE_CURVE ( 2, ( #3819, #1741, #770 ),
 .UNSPECIFIED., .F., .F. ) 
 B_SPLINE_CURVE_WITH_KNOTS ( ( 3, 3 ),
 ( 0.000000000000000000, 1.000000000000000000 ),
 .UNSPECIFIED. ) 
 CURVE ( )  GEOMETRIC_REPRESENTATION_ITEM ( )  RATIONAL_B_SPLINE_CURVE ( ( 1.000000000000000000, 1.037954864069704053, 1.000000000000000000 ) ) 
 REPRESENTATION_ITEM ( '' )  );
#517 = EDGE_CURVE ( 'NONE', #2206, #586, #809, .T. ) ;
#518 = CARTESIAN_POINT ( 'NONE',  ( 32.79111297337200881, 3.994262284698999910, 69.72801115603499511 ) ) ;
#519 = CARTESIAN_POINT ( 'NONE',  ( 37.44074000000000524, -5.222189438996451827, 76.65490228499282921 ) ) ;
#520 = CARTESIAN_POINT ( 'NONE',  ( 29.44408401338299797, 4.663151405576999586, 72.47409497235199183 ) ) ;
#521 = CARTESIAN_POINT ( 'NONE',  ( 29.38342585886899982, -0.7978078550760000498, 68.68616617572499194 ) ) ;
#522 = CARTESIAN_POINT ( 'NONE',  ( 30.84680074768499836, -0.7155414181310000288, 77.35956414024200001 ) ) ;
#523 = CIRCLE ( 'NONE', #96, 5.051549954227005479 ) ;
#524 = CARTESIAN_POINT ( 'NONE',  ( 43.94073999999999813, 3.330000000000000073E-15, 73.00000000000000000 ) ) ;
#525 = CARTESIAN_POINT ( 'NONE',  ( 36.10180536643299831, -1.575021029309999987, 78.03062891603099160 ) ) ;
#526 = ORIENTED_EDGE ( 'NONE', *, *, #3796, .F. ) ;
#527 = CARTESIAN_POINT ( 'NONE',  ( 29.72074365299599918, -4.792645512732999435, 70.63017066169300051 ) ) ;
#528 = CARTESIAN_POINT ( 'NONE',  ( 36.54417986372499882, 2.900906873793999807, 68.28366860482999812 ) ) ;
#529 = CARTESIAN_POINT ( 'NONE',  ( 30.99427323379399724, -4.079810148550000015, 74.82129593425401026 ) ) ;
#530 = CARTESIAN_POINT ( 'NONE',  ( 33.41759736977999751, -5.298140248568999233, 72.52475303378299998 ) ) ;
#531 = CARTESIAN_POINT ( 'NONE',  ( 30.06755036052300056, 3.782883216436999874, 69.61741662676398334 ) ) ;
#532 = CARTESIAN_POINT ( 'NONE',  ( 33.49945577749100067, -5.081103730901999960, 71.96452835154300942 ) ) ;
#533 = VERTEX_POINT ( 'NONE', #1678 ) ;
#534 = CARTESIAN_POINT ( 'NONE',  ( 30.24793726377400205, 3.245551931659000022, 77.20185535520398901 ) ) ;
#535 = CARTESIAN_POINT ( 'NONE',  ( 30.80808731938199685, 1.044858296484999949, 68.00645918562499048 ) ) ;
#536 = DIRECTION ( 'NONE',  ( 1.000000000000000000, 2.200000000000000003E-16, 0.000000000000000000 ) ) ;
#537 = CARTESIAN_POINT ( 'NONE',  ( 31.98146245396100440, 4.470294269290000955, 70.48350257649501316 ) ) ;
#538 = CARTESIAN_POINT ( 'NONE',  ( 31.62991029379699626, -4.339969686944000316, 69.73201869018299703 ) ) ;
#539 = CARTESIAN_POINT ( 'NONE',  ( 31.71274990807727789, -0.1772890988584899241, 67.89178160279880103 ) ) ;
#540 = ORIENTED_EDGE ( 'NONE', *, *, #444, .F. ) ;
#541 = EDGE_CURVE ( 'NONE', #4677, #246, #4456, .T. ) ;
#542 = CARTESIAN_POINT ( 'NONE',  ( 34.38809852607799655, 4.386139513124000189, 74.13382778321600597 ) ) ;
#543 = CARTESIAN_POINT ( 'NONE',  ( 42.44073999999999813, 5.499260976857000216, 76.17500058400401031 ) ) ;
#544 = LINE ( 'NONE', #2751, #1853 ) ;
#545 = CARTESIAN_POINT ( 'NONE',  ( 30.96969448610899889, -3.751422922743000044, 75.48173673706200759 ) ) ;
#546 = EDGE_CURVE ( 'NONE', #1886, #3439, #3477, .T. ) ;
#547 =( BOUNDED_CURVE ( )  B_SPLINE_CURVE ( 2, ( #4537, #5019, #4145 ),
 .UNSPECIFIED., .F., .F. ) 
 B_SPLINE_CURVE_WITH_KNOTS ( ( 3, 3 ),
 ( 0.000000000000000000, 1.000000000000000000 ),
 .UNSPECIFIED. ) 
 CURVE ( )  GEOMETRIC_REPRESENTATION_ITEM ( )  RATIONAL_B_SPLINE_CURVE ( ( 1.000000000000000000, 1.037954849302055838, 1.000000000000000000 ) ) 
 REPRESENTATION_ITEM ( '' )  );
#548 = CARTESIAN_POINT ( 'NONE',  ( 42.44073999999999813, 5.999999999999999677E-15, 79.35000000000000853 ) ) ;
#549 = CARTESIAN_POINT ( 'NONE',  ( 36.17970351127699757, -3.862003820631000117, 76.57680959968499224 ) ) ;
#550 = CARTESIAN_POINT ( 'NONE',  ( 33.81466091794700191, 3.480584557519000199, 69.15416251435500783 ) ) ;
#551 = EDGE_LOOP ( 'NONE', ( #400, #1945, #3625 ) ) ;
#552 = CARTESIAN_POINT ( 'NONE',  ( 36.57452706172600188, 4.650198015583000277, 70.44219709690199238 ) ) ;
#553 = CARTESIAN_POINT ( 'NONE',  ( 36.48892495457499763, 0.9827453495469999911, 67.67324775719998797 ) ) ;
#554 = CARTESIAN_POINT ( 'NONE',  ( 33.44735752637199511, 4.357294538112999938, 74.12637073829699830 ) ) ;
#555 = CARTESIAN_POINT ( 'NONE',  ( 31.97704308644199500, 5.073790681800000257, 73.81729650449700841 ) ) ;
#556 = ORIENTED_EDGE ( 'NONE', *, *, #1577, .F. ) ;
#557 = CARTESIAN_POINT ( 'NONE',  ( 36.26958052548999945, 4.443829463220999365, 74.14874187279900752 ) ) ;
#558 = CARTESIAN_POINT ( 'NONE',  ( 30.81794524051099771, 1.370999123345000070, 68.08797649941500651 ) ) ;
#559 = CARTESIAN_POINT ( 'NONE',  ( 36.98740880927700658, -1.988625979538999777, 78.13414544987298882 ) ) ;
#560 = CARTESIAN_POINT ( 'NONE',  ( 28.94073999999999813, 0.000000000000000000, 75.94999999999998863 ) ) ;
#561 = CARTESIAN_POINT ( 'NONE',  ( 32.04245389477300421, 5.103754303855999375, 72.46028522179899767 ) ) ;
#562 = CARTESIAN_POINT ( 'NONE',  ( 30.74831419772100105, 2.122678114879000155, 76.95828908257500700 ) ) ;
#563 = CARTESIAN_POINT ( 'NONE',  ( 30.46236131918299961, 3.050554848790000051, 69.64043411196898603 ) ) ;
#564 = CARTESIAN_POINT ( 'NONE',  ( 31.70495790868962871, -0.4427285594136994296, 67.90862387825191604 ) ) ;
#565 = VERTEX_POINT ( 'NONE', #2433 ) ;
#566 = CARTESIAN_POINT ( 'NONE',  ( 31.18867826362799889, 3.264143357911000187, 77.22592737006999641 ) ) ;
#567 = CARTESIAN_POINT ( 'NONE',  ( 34.41273446031799921, 4.185264879738000765, 74.85440415320398699 ) ) ;
#568 = CARTESIAN_POINT ( 'NONE',  ( 29.97979599088700198, -2.733730861832999626, 76.55139617989199508 ) ) ;
#569 = CARTESIAN_POINT ( 'NONE',  ( 39.94071895468699296, -2.289104628451999801, 66.65000000000000568 ) ) ;
#570 = CARTESIAN_POINT ( 'NONE',  ( 35.52592699999999581, 2.027754670529999932E-06, 77.50578587332000779 ) ) ;
#571 = CARTESIAN_POINT ( 'NONE',  ( 32.34384331888900022, 3.091813989405000296, 69.59500286837399585 ) ) ;
#572 = FACE_OUTER_BOUND ( 'NONE', #1478, .T. ) ;
#573 = CARTESIAN_POINT ( 'NONE',  ( 32.10478332935000623, 3.937934317772000092, 76.65004225548700845 ) ) ;
#574 = CARTESIAN_POINT ( 'NONE',  ( 42.44073977309210477, -4.648522235048899276, 77.64852330878059661 ) ) ;
#575 = CARTESIAN_POINT ( 'NONE',  ( 36.46397340137559695, -2.302155215178996794, 68.25790075297017268 ) ) ;
#576 = CARTESIAN_POINT ( 'NONE',  ( 29.37267367352899683, -4.377489682774999835, 71.60035855965101348 ) ) ;
#577 = EDGE_CURVE ( 'NONE', #3502, #2341, #592, .T. ) ;
#578 = CARTESIAN_POINT ( 'NONE',  ( 33.70454016004885034, 1.240056234780295696E-15, 67.82769328426009281 ) ) ;
#579 = ORIENTED_EDGE ( 'NONE', *, *, #794, .F. ) ;
#580 = CARTESIAN_POINT ( 'NONE',  ( 41.87357659274599797, -3.666174209354000180, 66.65000000000000568 ) ) ;
#581 = CARTESIAN_POINT ( 'NONE',  ( 36.18755698001099574, -5.212805313821999853, 74.36487150507900878 ) ) ;
#582 = CARTESIAN_POINT ( 'NONE',  ( 33.39509413748300659, 4.494830917483000121, 72.58261078011099698 ) ) ;
#583 = CARTESIAN_POINT ( 'NONE',  ( 36.49453840463899468, -0.8442008246959999962, 77.53605523156799961 ) ) ;
#584 = CARTESIAN_POINT ( 'NONE',  ( 32.17850985906399330, 0.3356175612910000106, 78.12461849484699883 ) ) ;
#585 = CARTESIAN_POINT ( 'NONE',  ( 29.97712337803066873, 1.190609185382068835, 68.08050411428783377 ) ) ;
#586 = VERTEX_POINT ( 'NONE', #1703 ) ;
#587 = DIRECTION ( 'NONE',  ( 0.000000000000000000, 0.000000000000000000, 1.000000000000000000 ) ) ;
#588 = CARTESIAN_POINT ( 'NONE',  ( 34.41273446031799921, 4.185264879738000765, 74.85440415320398699 ) ) ;
#589 = CARTESIAN_POINT ( 'NONE',  ( 35.07933439339200277, 1.256682374472000152, 78.07743891388800250 ) ) ;
#590 = CARTESIAN_POINT ( 'NONE',  ( 32.88932928655999888, 5.155432332979000165, 72.84307967673299800 ) ) ;
#591 = DIRECTION ( 'NONE',  ( 0.000000000000000000, 0.000000000000000000, 1.000000000000000000 ) ) ;
#592 = LINE ( 'NONE', #2867, #5026 ) ;
#593 = ORIENTED_EDGE ( 'NONE', *, *, #1150, .T. ) ;
#594 = CARTESIAN_POINT ( 'NONE',  ( 31.09013452725500315, 5.061010671480000056, 74.30830502040899432 ) ) ;
#595 = DIRECTION ( 'NONE',  ( 1.000000000000000000, 2.200000000000000003E-16, 0.000000000000000000 ) ) ;
#596 = CARTESIAN_POINT ( 'NONE',  ( 39.94071895468699296, 2.289104628451999801, 79.35000000000000853 ) ) ;
#597 = CARTESIAN_POINT ( 'NONE',  ( 35.67339948500899993, -3.877801159512999973, 75.56533154243800254 ) ) ;
#598 = CARTESIAN_POINT ( 'NONE',  ( 32.55991029379699597, -4.339969686943000227, 69.73201869018299703 ) ) ;
#599 = CARTESIAN_POINT ( 'NONE',  ( 37.40574000000000154, 0.1323815108530000118, 67.64623429280101163 ) ) ;
#600 = CARTESIAN_POINT ( 'NONE',  ( 34.08480906579700331, 0.8642433017650000826, 78.25162342872398824 ) ) ;
#601 = AXIS2_PLACEMENT_3D ( 'NONE', #4196, #313, #1876 ) ;
#602 = AXIS2_PLACEMENT_3D ( 'NONE', #4127, #2186, #1756 ) ;
#603 = CARTESIAN_POINT ( 'NONE',  ( 34.26751002308400018, -5.045503905011999635, 74.29024877896900136 ) ) ;
#604 = EDGE_CURVE ( 'NONE', #216, #3582, #1739, .T. ) ;
#605 = CARTESIAN_POINT ( 'NONE',  ( 36.46666799999999853, 2.317270659700000103E-06, 77.53518385522301060 ) ) ;
#606 = CARTESIAN_POINT ( 'NONE',  ( 33.05626532898299530, 3.982546052928999547, 76.69139688303901892 ) ) ;
#607 = CARTESIAN_POINT ( 'NONE',  ( 32.90890675755399997, 5.141271740862999984, 73.51802285057699748 ) ) ;
#608 = DIRECTION ( 'NONE',  ( 1.000000000000000000, 2.200000000000000003E-16, 0.000000000000000000 ) ) ;
#609 = CIRCLE ( 'NONE', #2298, 5.250000000000004441 ) ;
#610 = CARTESIAN_POINT ( 'NONE',  ( 33.36533398089100189, -5.126345123305000584, 74.34223481720700022 ) ) ;
#611 = CARTESIAN_POINT ( 'NONE',  ( 31.66656562421499999, -4.435402113668000190, 70.42748810844399543 ) ) ;
#612 = DIRECTION ( 'NONE',  ( 0.000000000000000000, 0.000000000000000000, 1.000000000000000000 ) ) ;
#613 = ORIENTED_EDGE ( 'NONE', *, *, #3002, .F. ) ;
#614 = CARTESIAN_POINT ( 'NONE',  ( 35.80250501028699972, -4.477546373646000610, 71.74269399738400921 ) ) ;
#615 = AXIS2_PLACEMENT_3D ( 'NONE', #1218, #3573, #3066 ) ;
#616 = EDGE_CURVE ( 'NONE', #390, #690, #4055, .T. ) ;
#617 = DIRECTION ( 'NONE',  ( 1.000000000000000000, 2.200000000000000003E-16, 0.000000000000000000 ) ) ;
#618 = CARTESIAN_POINT ( 'NONE',  ( 34.80487533322499871, 4.573170194721999593, 70.47308749261898697 ) ) ;
#619 = CARTESIAN_POINT ( 'NONE',  ( 34.83407936919299885, -4.541915012769999649, 72.59261031167901024 ) ) ;
#620 = ORIENTED_EDGE ( 'NONE', *, *, #2273, .F. ) ;
#621 = CARTESIAN_POINT ( 'NONE',  ( 34.51127819727899748, 2.179968150676999894, 77.06513538894900250 ) ) ;
#622 = CARTESIAN_POINT ( 'NONE',  ( 35.80250501028699972, -4.477546373646000610, 71.74269399738400921 ) ) ;
#623 = CARTESIAN_POINT ( 'NONE',  ( 32.58052432916599628, 3.349141823194000445, 76.10422612945599496 ) ) ;
#624 = B_SPLINE_CURVE_WITH_KNOTS ( 'NONE', 9,
 ( #3929, #2390, #3083, #1559, #1588, #443, #3157, #2327, #2714, #1958, #22, #829, #1203, #5096, #2736, #2009, #3107, #5074, #1907, #3530, #395, #3903, #4375, #2764, #3504, #4349, #49, #1180, #1161, #1612, #2363, #1982, #1234, #3130 ),
 .UNSPECIFIED., .F., .F.,
 ( 10, 8, 8, 8, 10 ),
 ( 0.000000000000000000, 1.477706229023999951, 3.142142805069999767, 4.803141262200000483, 6.284285610140000422 ),
 .UNSPECIFIED. ) ;
#625 = CARTESIAN_POINT ( 'NONE',  ( 34.46200632879899928, 3.393753557580000191, 76.14558075760800193 ) ) ;
#626 = CARTESIAN_POINT ( 'NONE',  ( 31.53611537036800527, -5.238586833767000073, 72.53009619569398581 ) ) ;
#627 = ADVANCED_FACE ( 'NONE', ( #3681 ), #3367, .T. ) ;
#628 = CARTESIAN_POINT ( 'NONE',  ( 34.06017313159299675, 1.728208235122999925, 78.09087210978800897 ) ) ;
#629 = CARTESIAN_POINT ( 'NONE',  ( 33.42110511594299993, -4.908053148659999643, 74.63932811095200748 ) ) ;
#630 = CARTESIAN_POINT ( 'NONE',  ( 29.22255341839299803, -3.362188755351000147, 70.10583529361800004 ) ) ;
#631 = CARTESIAN_POINT ( 'NONE',  ( 32.87483922811299664, 4.877831940107999920, 70.57319335265600557 ) ) ;
#632 = LINE ( 'NONE', #4923, #2873 ) ;
#633 = CARTESIAN_POINT ( 'NONE',  ( 32.16479619749999586, 2.543703345099000313, 77.74352149110700338 ) ) ;
#634 = CARTESIAN_POINT ( 'NONE',  ( 36.67442480099487767, 1.941165566945144194, 68.03519794236405005 ) ) ;
#635 = EDGE_LOOP ( 'NONE', ( #4784, #4627, #2307, #4252 ) ) ;
#636 = CARTESIAN_POINT ( 'NONE',  ( 37.28487894816359471, -1.984800354077784545, 68.07973687989202460 ) ) ;
#637 = CARTESIAN_POINT ( 'NONE',  ( 36.49453840463899468, -0.8442008246959999962, 77.53605523156799961 ) ) ;
#638 = CARTESIAN_POINT ( 'NONE',  ( 37.01527921391699749, -2.933633745209999866, 77.71851974423400122 ) ) ;
#639 = CARTESIAN_POINT ( 'NONE',  ( 34.75548587462500194, 3.502523978030999796, 69.13427969954200591 ) ) ;
#640 = CONICAL_SURFACE ( 'NONE', #4656, 9.038359848542995678, 1.047194281022999940 ) ;
#641 = EDGE_CURVE ( 'NONE', #1250, #3462, #4924, .T. ) ;
#642 = CARTESIAN_POINT ( 'NONE',  ( 34.78181598030399613, -4.394412489779999653, 74.15061151403801887 ) ) ;
#643 = ORIENTED_EDGE ( 'NONE', *, *, #2665, .F. ) ;
#644 = CARTESIAN_POINT ( 'NONE',  ( 35.18539122622100024, -2.348441323849000284, 77.67300629992300287 ) ) ;
#645 = CARTESIAN_POINT ( 'NONE',  ( 34.45052149709000844, -5.024741574320000126, 71.60897273036700028 ) ) ;
#646 = CARTESIAN_POINT ( 'NONE',  ( 29.05662031932999767, 3.595110778399999596, 69.04082544083701123 ) ) ;
#647 = CARTESIAN_POINT ( 'NONE',  ( 30.88236550309304107, 0.001642409167274503333, 67.91588571923307427 ) ) ;
#648 = VERTEX_POINT ( 'NONE', #661 ) ;
#649 = CARTESIAN_POINT ( 'NONE',  ( 32.70370400000000188, 1.158902940230000050E-06, 77.41759192761099939 ) ) ;
#650 = CARTESIAN_POINT ( 'NONE',  ( 32.94797359393599834, 4.826440819496999879, 74.82362083578000522 ) ) ;
#651 = CARTESIAN_POINT ( 'NONE',  ( 33.19879486181999795, -2.320486234166000195, 77.61742473850900126 ) ) ;
#652 = CARTESIAN_POINT ( 'NONE',  ( 33.61750624870199999, -2.849848970920000113, 68.66255467016199532 ) ) ;
#653 = CARTESIAN_POINT ( 'NONE',  ( 38.00789484072100066, 3.666174209354000180, 79.35000000000000853 ) ) ;
#654 = CARTESIAN_POINT ( 'NONE',  ( 32.90246668279799991, 5.196225929894000117, 71.52515175016299054 ) ) ;
#655 = FACE_OUTER_BOUND ( 'NONE', #1956, .T. ) ;
#656 = ORIENTED_EDGE ( 'NONE', *, *, #3498, .F. ) ;
#657 = CARTESIAN_POINT ( 'NONE',  ( 37.21396227329400119, -4.016828404341000081, 69.57986611972799551 ) ) ;
#658 = CARTESIAN_POINT ( 'NONE',  ( 36.02953840463899837, -0.9941232751060000705, 78.34145885634100637 ) ) ;
#659 = CARTESIAN_POINT ( 'NONE',  ( 30.34680054198799937, -1.341827544820000107, 77.90525330638899959 ) ) ;
#660 = CARTESIAN_POINT ( 'NONE',  ( 34.86383952578400169, 5.205235548003000368, 74.34559023995100802 ) ) ;
#661 = CARTESIAN_POINT ( 'NONE',  ( 39.69950599505600053, 3.666174209354000180, 66.65000000000000568 ) ) ;
#662 = ORIENTED_EDGE ( 'NONE', *, *, #5093, .F. ) ;
#663 = CARTESIAN_POINT ( 'NONE',  ( 32.92374199860999795, 4.522111383332999779, 70.51520466779400920 ) ) ;
#664 = ADVANCED_FACE ( 'NONE', ( #3365 ), #427, .F. ) ;
#665 = CARTESIAN_POINT ( 'NONE',  ( 35.69797823250900137, -4.217224043677999745, 74.88263320908100695 ) ) ;
#666 = CARTESIAN_POINT ( 'NONE',  ( 32.03954101131499499, -4.360915868036999932, 71.77545063039198681 ) ) ;
#667 = CARTESIAN_POINT ( 'NONE',  ( 29.14206706554314152, -4.202439359866843915, 73.96686289434009609 ) ) ;
#668 = ORIENTED_EDGE ( 'NONE', *, *, #2473, .F. ) ;
#669 = B_SPLINE_CURVE_WITH_KNOTS ( 'NONE', 9,
 ( #925, #147, #3629, #4821, #2940, #1707, #2070, #2519, #4050, #3657, #4506, #4447, #4551, #2840, #4883, #1765, #2495, #175, #4851, #118, #4078, #1735, #4135, #1305, #1336, #542, #567, #2539, #3318, #225, #621, #2102, #3707, #3296 ),
 .UNSPECIFIED., .F., .F.,
 ( 10, 8, 8, 8, 10 ),
 ( 0.000000000000000000, 1.477706220193999886, 3.142142805069999767, 4.803141253356000284, 6.284285610140000422 ),
 .UNSPECIFIED. ) ;
#670 = EDGE_CURVE ( 'NONE', #1662, #3113, #4205, .T. ) ;
#671 = CARTESIAN_POINT ( 'NONE',  ( 36.30590053566599806, -5.270402119893999426, 72.56792516452499342 ) ) ;
#672 = CARTESIAN_POINT ( 'NONE',  ( 36.84152295189100101, -2.801106493987000068, 69.21782262831000310 ) ) ;
#673 = PRODUCT_CONTEXT ( 'NONE', #1108, 'mechanical' ) ;
#674 = CARTESIAN_POINT ( 'NONE',  ( 29.53937473860799656, -3.891177850132999883, 76.62147166092300665 ) ) ;
#675 = CARTESIAN_POINT ( 'NONE',  ( 31.68905519761000633, 2.137000623956000211, 76.98500065916199731 ) ) ;
#676 = CARTESIAN_POINT ( 'NONE',  ( 30.84358548259984545, -1.305018148016303670, 68.06984494772595440 ) ) ;
#677 = DIRECTION ( 'NONE',  ( 1.000000000000000000, 2.200000000000000003E-16, 0.000000000000000000 ) ) ;
#678 = DIRECTION ( 'NONE',  ( 0.000000000000000000, 0.000000000000000000, 1.000000000000000000 ) ) ;
#679 = AXIS2_PLACEMENT_3D ( 'NONE', #3382, #3820, #1468 ) ;
#680 = ORIENTED_EDGE ( 'NONE', *, *, #2549, .T. ) ;
#681 = CARTESIAN_POINT ( 'NONE',  ( 29.94157612096314836, -6.776263578034402713E-16, 67.94528521314147440 ) ) ;
#682 = EDGE_CURVE ( 'NONE', #4292, #3023, #1096, .T. ) ;
#683 = CARTESIAN_POINT ( 'NONE',  ( 36.32691442783499980, -4.555010612932000491, 69.88393113492701048 ) ) ;
#684 = DIRECTION ( 'NONE',  ( 1.000000000000000000, 2.200000000000000003E-16, 0.000000000000000000 ) ) ;
#685 = CARTESIAN_POINT ( 'NONE',  ( 37.23211016580500399, -4.971640255680999765, 70.69636063311699559 ) ) ;
#686 = CONICAL_SURFACE ( 'NONE', #3526, 9.038370000000004012, 1.178102599964000019 ) ;
#687 = CARTESIAN_POINT ( 'NONE',  ( 34.88944865189500177, -4.179259954618999906, 70.93352839228300866 ) ) ;
#688 = CONICAL_SURFACE ( 'NONE', #3108, 2.949999999999994404, 1.047197551196999754 ) ;
#689 = DIRECTION ( 'NONE',  ( -1.000000000000000000, -2.200000000000000003E-16, 0.000000000000000000 ) ) ;
#690 = VERTEX_POINT ( 'NONE', #5028 ) ;
#691 = CARTESIAN_POINT ( 'NONE',  ( 33.04654778948299310, 4.905382066506000172, 74.61350747281099416 ) ) ;
#692 = LINE ( 'NONE', #2631, #1908 ) ;
#693 = CARTESIAN_POINT ( 'NONE',  ( 42.44073999999999813, 2.999999999999999839E-15, 73.00000000000000000 ) ) ;
#694 = CARTESIAN_POINT ( 'NONE',  ( 32.64738839608600074, -3.612896270158000078, 69.33027507139000534 ) ) ;
#695 = ORIENTED_EDGE ( 'NONE', *, *, #3386, .F. ) ;
#696 = CARTESIAN_POINT ( 'NONE',  ( 33.76733873787400597, -3.370310645411999761, 76.13676840569999626 ) ) ;
#697 = CARTESIAN_POINT ( 'NONE',  ( 34.23801665817299522, -4.688812643480999576, 75.24861774560601191 ) ) ;
#698 = CARTESIAN_POINT ( 'NONE',  ( 42.44073999999999813, 2.999999999999999839E-15, 73.00000000000000000 ) ) ;
#699 = DIRECTION ( 'NONE',  ( 0.000000000000000000, 0.000000000000000000, 1.000000000000000000 ) ) ;
#700 = CARTESIAN_POINT ( 'NONE',  ( 33.12905584696000005, 1.157070666000000005E-06, 78.15432293763801397 ) ) ;
#701 = EDGE_CURVE ( 'NONE', #2929, #2299, #3155, .T. ) ;
#702 = CARTESIAN_POINT ( 'NONE',  ( 30.63380001157199928, -5.130574674195999663, 71.55927692797499162 ) ) ;
#703 = CARTESIAN_POINT ( 'NONE',  ( 29.25200420150600067, -2.353044317608999680, 69.18397102052699665 ) ) ;
#704 = CARTESIAN_POINT ( 'NONE',  ( 31.81002314339122350, -0.4446637317036242765, 67.90549049206614995 ) ) ;
#705 = ORIENTED_EDGE ( 'NONE', *, *, #3095, .T. ) ;
#706 = CARTESIAN_POINT ( 'NONE',  ( 37.34306877994595197, 0.06489585590856039587, 67.75034380642323129 ) ) ;
#707 = CARTESIAN_POINT ( 'NONE',  ( 31.16211976714300036, 2.762311959897000069, 77.30244856582599766 ) ) ;
#708 = CARTESIAN_POINT ( 'NONE',  ( 30.57258157172699953, -4.987988929553000439, 71.96743534940098641 ) ) ;
#709 =( BOUNDED_CURVE ( )  B_SPLINE_CURVE ( 2, ( #2202, #1826, #3524 ),
 .UNSPECIFIED., .F., .F. ) 
 B_SPLINE_CURVE_WITH_KNOTS ( ( 3, 3 ),
 ( 0.000000000000000000, 1.000000000000000000 ),
 .UNSPECIFIED. ) 
 CURVE ( )  GEOMETRIC_REPRESENTATION_ITEM ( )  RATIONAL_B_SPLINE_CURVE ( ( 1.000000000000000000, 1.004815706086449989, 1.000000000000000000 ) ) 
 REPRESENTATION_ITEM ( '' )  );
#710 = CARTESIAN_POINT ( 'NONE',  ( 34.86176401054400742, -4.448388747191999393, 71.75088315555099427 ) ) ;
#711 = CARTESIAN_POINT ( 'NONE',  ( 35.13843886383399706, 2.446373000523999863, 69.02253947379799115 ) ) ;
#712 = ORIENTED_EDGE ( 'NONE', *, *, #2578, .T. ) ;
#713 = CARTESIAN_POINT ( 'NONE',  ( 30.48998877397900031, 3.620122757224999877, 70.26220890580698608 ) ) ;
#714 = B_SPLINE_SURFACE_WITH_KNOTS ( 'NONE', 1, 9, ( 
 ( #3185, #4779, #2825, #4399, #4807, #2419, #4005, #493, #1288, #940, #4430, #160, #2450, #908, #4095, #4033, #2138, #4490, #966, #1721, #2083, #3641, #130, #1692, #582, #554, #4834, #1317, #3693, #2853, #4460, #2481, #4062, #2116 ),
 ( #3279, #4869, #1349, #2883, #3722, #236, #1801, #3355, #4121, #2551, #4171, #2203, #1420, #4561, #2953, #2529, #4948, #212, #4538, #1033, #1827, #2570, #631, #654, #3384, #3772, #1398, #264, #606, #1013, #2163, #1774, #3329, #4921 ) ),
 .UNSPECIFIED., .F., .F., .F.,
 ( 2, 2 ),
 ( 10, 8, 8, 8, 10 ),
 ( 0.000000000000000000, 0.9300000000000000488 ),
 ( 0.000000000000000000, 1.477706222401999892, 3.142142805069999767, 4.803141255567000556, 6.284285610140000422 ),
 .UNSPECIFIED. ) ;
#715 = CARTESIAN_POINT ( 'NONE',  ( 29.90373795483300157, 0.9447751415349999737, 67.87903400401000908 ) ) ;
#716 = CARTESIAN_POINT ( 'NONE',  ( 33.03624283409799745, 5.011607954169000401, 74.27395437366199360 ) ) ;
#717 = CARTESIAN_POINT ( 'NONE',  ( 29.84030087368300244, 0.1294940683109999935, 67.95011007780099987 ) ) ;
#718 = EDGE_LOOP ( 'NONE', ( #3408, #74, #2130, #4077, #3310 ) ) ;
#719 = CARTESIAN_POINT ( 'NONE',  ( 33.94870765211500441, -4.151872298944999429, 70.94707288968399439 ) ) ;
#720 = ORIENTED_EDGE ( 'NONE', *, *, #383, .T. ) ;
#721 = CARTESIAN_POINT ( 'NONE',  ( 29.88850833352300285, -1.762231754995999822, 68.23616197711099574 ) ) ;
#722 = DIRECTION ( 'NONE',  ( 1.000000000000000000, 2.200000000000000003E-16, 0.000000000000000000 ) ) ;
#723 = CARTESIAN_POINT ( 'NONE',  ( 30.50469448610899903, -4.443893387649000104, 75.93977181150700062 ) ) ;
#724 = CARTESIAN_POINT ( 'NONE',  ( 33.02565931198800087, 3.293691204433000230, 76.98593430664800508 ) ) ;
#725 = CARTESIAN_POINT ( 'NONE',  ( 32.31412471161900157, -3.827514553210999981, 76.42947659019199591 ) ) ;
#726 = EDGE_CURVE ( 'NONE', #4134, #3046, #4116, .T. ) ;
#727 = EDGE_LOOP ( 'NONE', ( #3901, #1542, #1556, #3595 ) ) ;
#728 = CARTESIAN_POINT ( 'NONE',  ( 37.34216010172378475, 0.03244889213855481347, 67.75005730388080849 ) ) ;
#729 = CARTESIAN_POINT ( 'NONE',  ( 34.94073999999999813, 1.330000000000000115E-15, 73.00000000000000000 ) ) ;
#730 = CARTESIAN_POINT ( 'NONE',  ( 36.94073999999999813, 0.1124721653729999910, 68.45139180407599611 ) ) ;
#731 = CARTESIAN_POINT ( 'NONE',  ( 30.69064479142799939, -2.785885891448000251, 68.73042936571401640 ) ) ;
#732 = CARTESIAN_POINT ( 'NONE',  ( 34.61818395461200737, 0.9773210340369999916, 67.70264579243600167 ) ) ;
#733 = CARTESIAN_POINT ( 'NONE',  ( 33.78860598297600148, 4.943122428257000323, 71.43090443977000348 ) ) ;
#734 = ORIENTED_EDGE ( 'NONE', *, *, #2463, .F. ) ;
#735 = CARTESIAN_POINT ( 'NONE',  ( 37.44073999999999813, 5.499260976857000216, 69.82499941599600390 ) ) ;
#736 = CARTESIAN_POINT ( 'NONE',  ( 34.58518600000000021, 1.738178331850000102E-06, 77.47638789141700499 ) ) ;
#737 =( BOUNDED_CURVE ( )  B_SPLINE_CURVE ( 2, ( #580, #2924, #2548 ),
 .UNSPECIFIED., .F., .F. ) 
 B_SPLINE_CURVE_WITH_KNOTS ( ( 3, 3 ),
 ( 0.000000000000000000, 1.000000000000000000 ),
 .UNSPECIFIED. ) 
 CURVE ( )  GEOMETRIC_REPRESENTATION_ITEM ( )  RATIONAL_B_SPLINE_CURVE ( ( 1.000000000000000000, 1.037954849302023863, 1.000000000000000000 ) ) 
 REPRESENTATION_ITEM ( '' )  );
#738 = CARTESIAN_POINT ( 'NONE',  ( 34.55916757305300280, -2.839203898424000450, 68.62033002547498484 ) ) ;
#739 = CARTESIAN_POINT ( 'NONE',  ( 35.82921645980400172, 4.994221989220999802, 75.21288364354600731 ) ) ;
#740 = CARTESIAN_POINT ( 'NONE',  ( 32.37053804793999490, -2.534989911366999582, 77.47991158671099754 ) ) ;
#741 = FACE_OUTER_BOUND ( 'NONE', #3646, .T. ) ;
#742 = FACE_OUTER_BOUND ( 'NONE', #2395, .T. ) ;
#743 = FACE_OUTER_BOUND ( 'NONE', #772, .T. ) ;
#744 = CARTESIAN_POINT ( 'NONE',  ( 40.18193922118300065, -3.666174209354000180, 79.35000000000000853 ) ) ;
#745 = ORIENTED_EDGE ( 'NONE', *, *, #3330, .T. ) ;
#746 = ORIENTED_EDGE ( 'NONE', *, *, #3282, .T. ) ;
#747 = CARTESIAN_POINT ( 'NONE',  ( 35.10991141101799684, -3.224938757132000067, 77.12298335308599917 ) ) ;
#748 = CARTESIAN_POINT ( 'NONE',  ( 29.92226387138781973, -0.6506964901584728622, 67.98370854842620759 ) ) ;
#749 = CARTESIAN_POINT ( 'NONE',  ( 30.89595824305400029, -2.119583904870999902, 76.96457012135900300 ) ) ;
#750 = CARTESIAN_POINT ( 'NONE',  ( 32.43800153781700146, -5.125423813019000185, 72.50241419733998782 ) ) ;
#751 = ADVANCED_FACE ( 'NONE', ( #3561 ), #1242, .T. ) ;
#752 = ORIENTED_EDGE ( 'NONE', *, *, #2621, .F. ) ;
#753 = CARTESIAN_POINT ( 'NONE',  ( 39.94071895468699296, 2.289104628451999801, 79.35000000000000853 ) ) ;
#754 = CARTESIAN_POINT ( 'NONE',  ( 35.29907936919300226, -5.357693663408999996, 72.51940987216400458 ) ) ;
#755 = CARTESIAN_POINT ( 'NONE',  ( 28.94073999999999813, -3.666174209354000180, 66.65000000000000568 ) ) ;
#756 = CARTESIAN_POINT ( 'NONE',  ( 34.50750257594700088, -2.888518057819999818, 68.31714237989199034 ) ) ;
#757 = CIRCLE ( 'NONE', #929, 2.399999999999999467 ) ;
#758 = EDGE_CURVE ( 'NONE', #3366, #4505, #1362, .T. ) ;
#759 = CARTESIAN_POINT ( 'NONE',  ( 33.74909634631700328, 4.369599566544000169, 70.19205787670200891 ) ) ;
#760 = ORIENTED_EDGE ( 'NONE', *, *, #1136, .T. ) ;
#761 = CARTESIAN_POINT ( 'NONE',  ( 34.73265848522699883, -3.852525512166999899, 75.54861258128600809 ) ) ;
#762 = DIRECTION ( 'NONE',  ( 0.000000000000000000, 0.000000000000000000, 1.000000000000000000 ) ) ;
#763 = VECTOR ( 'NONE', #1656, 1000.000000000000114 ) ;
#764 = CARTESIAN_POINT ( 'NONE',  ( 33.14949584031699459, 2.773946710200000165, 77.37051129053500631 ) ) ;
#765 = CARTESIAN_POINT ( 'NONE',  ( 35.55892495457499081, 0.9827453495469999911, 67.67324775719998797 ) ) ;
#766 = FILL_AREA_STYLE ('',( #1124 ) ) ;
#767 = CARTESIAN_POINT ( 'NONE',  ( 33.32691748544900179, -4.519720328427999867, 75.98992869627601010 ) ) ;
#768 = CARTESIAN_POINT ( 'NONE',  ( 30.54524368357000341, 4.310718076550000610, 71.77643642123800305 ) ) ;
#769 = VECTOR ( 'NONE', #1706, 999.9999999999998863 ) ;
#770 = CARTESIAN_POINT ( 'NONE',  ( 38.00789484072100066, 7.332348418707999471, 73.00000000000000000 ) ) ;
#771 = CARTESIAN_POINT ( 'NONE',  ( 34.80741094057400176, 5.107776057255001056, 74.11065082106699720 ) ) ;
#772 = EDGE_LOOP ( 'NONE', ( #4751, #2434, #2264 ) ) ;
#773 = VERTEX_POINT ( 'NONE', #4144 ) ;
#774 = CARTESIAN_POINT ( 'NONE',  ( 29.81029089609399918, -4.242041495300999721, 70.22175810451101086 ) ) ;
#775 = EDGE_CURVE ( 'NONE', #4282, #299, #1222, .T. ) ;
#776 = CARTESIAN_POINT ( 'NONE',  ( 31.23722321759199971, -1.617010710880999902, 68.79645650939600898 ) ) ;
#777 = CARTESIAN_POINT ( 'NONE',  ( 36.37533644897899876, -1.488800503039999779, 67.95020887408300325 ) ) ;
#778 = CARTESIAN_POINT ( 'NONE',  ( 30.27003965599000068, 1.236245961832999951, 77.92759657391400197 ) ) ;
#779 = VERTEX_POINT ( 'NONE', #3614 ) ;
#780 = CARTESIAN_POINT ( 'NONE',  ( 29.48049437336500134, 4.518748098307000305, 74.24663622474999158 ) ) ;
#781 = DIRECTION ( 'NONE',  ( 0.000000000000000000, 0.000000000000000000, 1.000000000000000000 ) ) ;
#782 = CARTESIAN_POINT ( 'NONE',  ( 32.58052432916599628, 3.349141823194000445, 76.10422612945599496 ) ) ;
#783 = CARTESIAN_POINT ( 'NONE',  ( 36.94073999999999813, 0.1124721653729999910, 68.45139180407599611 ) ) ;
#784 = CARTESIAN_POINT ( 'NONE',  ( 29.83564216563957672, 0.06471369255210115967, 67.95358860141033119 ) ) ;
#785 = ORIENTED_EDGE ( 'NONE', *, *, #2934, .T. ) ;
#786 = CARTESIAN_POINT ( 'NONE',  ( 34.60976474753800147, -0.7348442439610001209, 77.47715625804998751 ) ) ;
#787 = CARTESIAN_POINT ( 'NONE',  ( 33.58062114866488912, -0.6491859821420424836, 67.85602623249550902 ) ) ;
#788 = CARTESIAN_POINT ( 'NONE',  ( 30.80477579447199687, -2.523912650888000098, 68.56962017884799820 ) ) ;
#789 = CARTESIAN_POINT ( 'NONE',  ( 34.00407693474299720, -3.134667339677999820, 69.55962053999400041 ) ) ;
#790 = CARTESIAN_POINT ( 'NONE',  ( 33.28458431874200585, 3.112443559617999789, 69.57228724666198616 ) ) ;
#791 = CARTESIAN_POINT ( 'NONE',  ( 35.92776019705899415, 2.600993381328999821, 77.85036779757101044 ) ) ;
#792 = CARTESIAN_POINT ( 'NONE',  ( 32.39922965110500286, -3.338923273600999941, 76.91043131711400349 ) ) ;
#793 = CARTESIAN_POINT ( 'NONE',  ( 33.78795277324400104, 4.388584762703000131, 69.68115659913900117 ) ) ;
#794 = EDGE_CURVE ( 'NONE', #586, #4849, #1323, .T. ) ;
#795 = CARTESIAN_POINT ( 'NONE',  ( 31.59083455608899982, -5.115332776678999771, 72.89924095959199235 ) ) ;
#796 = CARTESIAN_POINT ( 'NONE',  ( 32.85978657832600192, 5.030721271509999148, 71.83494747678200554 ) ) ;
#797 = CARTESIAN_POINT ( 'NONE',  ( 34.81726459469099666, 5.021672036236999759, 74.44399884481799745 ) ) ;
#798 = ORIENTED_EDGE ( 'NONE', *, *, #5016, .T. ) ;
#799 = CARTESIAN_POINT ( 'NONE',  ( 29.76035668719699956, -5.003623366653999760, 72.71227443136299939 ) ) ;
#800 = CARTESIAN_POINT ( 'NONE',  ( 31.22405519760999937, 2.529380836093999996, 77.71680991446700659 ) ) ;
#801 = CARTESIAN_POINT ( 'NONE',  ( 36.25479464542393515, -4.715270123870292984, 70.63802279303260434 ) ) ;
#802 = CONICAL_SURFACE ( 'NONE', #1050, 6.349999999999994316, 1.047200821370000368 ) ;
#803 = ORIENTED_EDGE ( 'NONE', *, *, #2190, .T. ) ;
#804 = CARTESIAN_POINT ( 'NONE',  ( 29.91447895479599950, 0.9501994569659999446, 67.84963596873799929 ) ) ;
#805 = FACE_OUTER_BOUND ( 'NONE', #4689, .T. ) ;
#806 = CARTESIAN_POINT ( 'NONE',  ( 31.20701767633000401, 4.227156579488999810, 75.87871190417801870 ) ) ;
#807 = CARTESIAN_POINT ( 'NONE',  ( 33.99623589729300477, 2.452713668951000070, 77.58465122736099318 ) ) ;
#808 = EDGE_LOOP ( 'NONE', ( #2240, #3073, #275, #4653, #680, #1127 ) ) ;
#809 = B_SPLINE_CURVE_WITH_KNOTS ( 'NONE', 1,
 ( #3072, #2334 ),
 .UNSPECIFIED., .F., .F.,
 ( 2, 2 ),
 ( 0.000000000000000000, 0.8205507695512074262 ),
 .UNSPECIFIED. ) ;
#810 = CARTESIAN_POINT ( 'NONE',  ( 29.56103117851699835, 2.113436192939999625, 77.28248992812700635 ) ) ;
#811 = CARTESIAN_POINT ( 'NONE',  ( 35.99092699999999923, 2.024249998080000068E-06, 78.31118949883899916 ) ) ;
#812 = CARTESIAN_POINT ( 'NONE',  ( 34.66269786394500585, 2.868894073280999990, 68.33570837195000536 ) ) ;
#813 = CARTESIAN_POINT ( 'NONE',  ( 33.57053719738900099, 2.165645641764999851, 77.03842381234100856 ) ) ;
#814 = CARTESIAN_POINT ( 'NONE',  ( 29.61311098177300138, -5.039884932615000146, 74.31959812993000014 ) ) ;
#815 = CARTESIAN_POINT ( 'NONE',  ( 37.44073999999999813, 1.104560430447639976E-15, 67.74999999999998579 ) ) ;
#816 = CARTESIAN_POINT ( 'NONE',  ( 32.75055257765123429, -0.4544624730957411152, 67.87681772053676355 ) ) ;
#817 = CARTESIAN_POINT ( 'NONE',  ( 33.34647106087500390, -5.142616822243000207, 73.61287320530298928 ) ) ;
#818 = CARTESIAN_POINT ( 'NONE',  ( 34.96384906531299919, 1.602484256461000012, 77.96982036343700884 ) ) ;
#819 = ORIENTED_EDGE ( 'NONE', *, *, #2525, .F. ) ;
#820 = CARTESIAN_POINT ( 'NONE',  ( 30.49395348632999614, -4.418617740748000067, 75.92305284996099601 ) ) ;
#821 = EDGE_CURVE ( 'NONE', #2257, #3088, #177, .T. ) ;
#822 = CARTESIAN_POINT ( 'NONE',  ( 35.22792190503400178, -5.201038899061000365, 73.62093459571198650 ) ) ;
#823 = CARTESIAN_POINT ( 'NONE',  ( 35.84476549877700080, 5.192899286661999625, 73.82342721757599691 ) ) ;
#824 = CARTESIAN_POINT ( 'NONE',  ( 30.96572977379399916, 4.315157276049999879, 69.73667787380399830 ) ) ;
#825 = EDGE_CURVE ( 'NONE', #465, #2537, #2489, .T. ) ;
#826 = CARTESIAN_POINT ( 'NONE',  ( 39.69950599505600053, -7.332348418707999471, 73.00000000000000000 ) ) ;
#827 = ORIENTED_EDGE ( 'NONE', *, *, #393, .F. ) ;
#828 = CARTESIAN_POINT ( 'NONE',  ( 32.26096095472200176, 0.8124325331020000318, 68.59624352338600772 ) ) ;
#829 = CARTESIAN_POINT ( 'NONE',  ( 30.18574365299599904, -4.042321676800999519, 71.00125087959499126 ) ) ;
#830 = CARTESIAN_POINT ( 'NONE',  ( 31.44892546487999851, -3.068372122915000055, 77.09685371000999510 ) ) ;
#831 = CARTESIAN_POINT ( 'NONE',  ( 30.98141945947200071, 3.137886924862000271, 68.97330160698399482 ) ) ;
#832 = CARTESIAN_POINT ( 'NONE',  ( 30.71650209790699648, -4.553578541343000552, 70.72562993646100438 ) ) ;
#833 = CARTESIAN_POINT ( 'NONE',  ( 34.02495826785099808, 1.531996218769000162, 77.96042263732300626 ) ) ;
#834 = ORIENTED_EDGE ( 'NONE', *, *, #4396, .F. ) ;
#835 = EDGE_CURVE ( 'NONE', #3113, #3104, #3711, .T. ) ;
#836 = CARTESIAN_POINT ( 'NONE',  ( 29.46636540966500206, 1.592688920252000040, 68.84884874384400177 ) ) ;
#837 = CARTESIAN_POINT ( 'NONE',  ( 34.55213085868599876, -0.9739116529929999766, 67.73377290802599759 ) ) ;
#838 = CARTESIAN_POINT ( 'NONE',  ( 33.52126532898299160, 3.371447690379999695, 76.12490344354999650 ) ) ;
#839 = DIRECTION ( 'NONE',  ( 1.000000000000000000, 2.200000000000000003E-16, 0.000000000000000000 ) ) ;
#840 = CARTESIAN_POINT ( 'NONE',  ( 37.44073999999999813, 5.499260976857000216, 76.17500058400401031 ) ) ;
#841 = CARTESIAN_POINT ( 'NONE',  ( 34.09555006576000125, 0.8690808178110001059, 78.28102136305800229 ) ) ;
#842 = CARTESIAN_POINT ( 'NONE',  ( 31.79596095472200190, 0.9610480876560000274, 67.79083989819000067 ) ) ;
#843 = VECTOR ( 'NONE', #3438, 999.9999999999998863 ) ;
#844 = CARTESIAN_POINT ( 'NONE',  ( 34.76798926691699876, 5.210523780012000117, 72.74401488029600671 ) ) ;
#845 = ORIENTED_EDGE ( 'NONE', *, *, #125, .F. ) ;
#846 = CARTESIAN_POINT ( 'NONE',  ( 37.44073999999999813, 5.499260976857000216, 76.17500058400401031 ) ) ;
#847 = CARTESIAN_POINT ( 'NONE',  ( 35.39572951750900387, -2.825947085907000389, 68.58058039198799349 ) ) ;
#848 = CARTESIAN_POINT ( 'NONE',  ( 35.71605200818199677, 4.004557329440999958, 69.61034002233901674 ) ) ;
#849 = CIRCLE ( 'NONE', #432, 6.349999999999994316 ) ;
#850 = CARTESIAN_POINT ( 'NONE',  ( 33.92237632371700329, 5.162377556679000001, 72.39949282654400520 ) ) ;
#851 = CARTESIAN_POINT ( 'NONE',  ( 33.41475365959700383, -4.882289093049000606, 71.28690009342300016 ) ) ;
#852 = CARTESIAN_POINT ( 'NONE',  ( 35.57344417565499839, 3.042773216722999940, 68.72012825085698751 ) ) ;
#853 = CARTESIAN_POINT ( 'NONE',  ( 34.56089474876100098, 0.7195871467009999911, 67.83199156084398851 ) ) ;
#854 = CARTESIAN_POINT ( 'NONE',  ( 29.76966965983292468, -0.8437455810318047478, 68.06402725879067361 ) ) ;
#855 = ADVANCED_FACE ( 'NONE', ( #2394 ), #3784, .T. ) ;
#856 = CARTESIAN_POINT ( 'NONE',  ( 30.11527287485299809, 4.863610930502000329, 74.45900023645098997 ) ) ;
#857 = CARTESIAN_POINT ( 'NONE',  ( 35.50978267784899600, -2.557468073662999775, 68.41851439922299960 ) ) ;
#858 = ORIENTED_EDGE ( 'NONE', *, *, #2693, .F. ) ;
#859 = CARTESIAN_POINT ( 'NONE',  ( 32.70370400000000188, 1.158902883999999908E-06, 77.41759192761099939 ) ) ;
#860 = DIRECTION ( 'NONE',  ( 1.000000000000000000, 2.200000000000000003E-16, 0.000000000000000000 ) ) ;
#861 = CARTESIAN_POINT ( 'NONE',  ( 31.79496181230999952, 2.525934289358999774, 68.53039706089900562 ) ) ;
#862 = CARTESIAN_POINT ( 'NONE',  ( 30.89249196652599849, 0.3455033366440000142, 67.91622940165798639 ) ) ;
#863 = CARTESIAN_POINT ( 'NONE',  ( 42.44073999999999813, -5.499260509920000040, 69.82499860723999063 ) ) ;
#864 = EDGE_LOOP ( 'NONE', ( #3257, #3660, #4010, #1980, #3858 ) ) ;
#865 = CARTESIAN_POINT ( 'NONE',  ( 30.69690358460900015, -4.810261483068000388, 71.33885851447500670 ) ) ;
#866 = DIRECTION ( 'NONE',  ( -1.900000000000722113E-16, 0.8660254037843290176, 0.5000000000001900702 ) ) ;
#867 = CARTESIAN_POINT ( 'NONE',  ( 29.85684506594400034, 0.7123698837899999914, 77.32862806586298632 ) ) ;
#868 = CARTESIAN_POINT ( 'NONE',  ( 34.85309852607799996, 5.176390572656000444, 74.33813319618599280 ) ) ;
#869 = CARTESIAN_POINT ( 'NONE',  ( 33.49662939477899215, 3.825954385819999803, 75.51768664726698432 ) ) ;
#870 = DIRECTION ( 'NONE',  ( 0.000000000000000000, 0.000000000000000000, 1.000000000000000000 ) ) ;
#871 = CARTESIAN_POINT ( 'NONE',  ( 35.58602217608965645, 2.447925217564927980E-16, 67.76889731995417776 ) ) ;
#872 = CARTESIAN_POINT ( 'NONE',  ( 31.50455143788099477, -5.067591019027999799, 72.25719004132399448 ) ) ;
#873 = EDGE_LOOP ( 'NONE', ( #4388, #2478, #1584 ) ) ;
#874 = CARTESIAN_POINT ( 'NONE',  ( 35.48090840419231995, 1.033380195650246414E-15, 67.77218210607114202 ) ) ;
#875 = CARTESIAN_POINT ( 'NONE',  ( 36.04748213135700041, 0.3121945441199999727, 78.24552308045700499 ) ) ;
#876 = CARTESIAN_POINT ( 'NONE',  ( 42.44073975120548425, -4.648522197140430912, 68.35147662555999659 ) ) ;
#877 = CARTESIAN_POINT ( 'NONE',  ( 34.01118757524699987, 4.613006587592999530, 75.38515759068199884 ) ) ;
#878 = CARTESIAN_POINT ( 'NONE',  ( 30.99335722855399666, 4.823128486945000404, 70.60040527982198455 ) ) ;
#879 = DIRECTION ( 'NONE',  ( 0.000000000000000000, 0.000000000000000000, 1.000000000000000000 ) ) ;
#880 =( GEOMETRIC_REPRESENTATION_CONTEXT ( 3 ) GLOBAL_UNCERTAINTY_ASSIGNED_CONTEXT ( ( #24 ) ) GLOBAL_UNIT_ASSIGNED_CONTEXT ( ( #3890, #353, #2702 ) ) REPRESENTATION_CONTEXT ( 'NONE', 'WORKASPACE' ) );
#881 =( LENGTH_UNIT ( ) NAMED_UNIT ( * ) SI_UNIT ( .MILLI., .METRE. ) );
#882 = ORIENTED_EDGE ( 'NONE', *, *, #4197, .F. ) ;
#883 = EDGE_CURVE ( 'NONE', #4282, #1019, #2802, .T. ) ;
#884 = CARTESIAN_POINT ( 'NONE',  ( 36.29518965167400069, -4.956971448437000660, 70.54890368064801009 ) ) ;
#885 = DIRECTION ( 'NONE',  ( 0.000000000000000000, 0.000000000000000000, 1.000000000000000000 ) ) ;
#886 = CARTESIAN_POINT ( 'NONE',  ( 37.30652295189099732, -3.297224405372000344, 68.54784135925800115 ) ) ;
#887 = CARTESIAN_POINT ( 'NONE',  ( 31.92647364537500110, 5.054645470536000218, 72.09087491383999691 ) ) ;
#888 = CARTESIAN_POINT ( 'NONE',  ( 33.21786149522300491, -1.715110143566999978, 78.06618401411699892 ) ) ;
#889 = CARTESIAN_POINT ( 'NONE',  ( 30.13909929155500222, 4.917034453446999187, 71.73546325310299210 ) ) ;
#890 = CARTESIAN_POINT ( 'NONE',  ( 33.48002070113600581, -5.163065402752000210, 72.63206837274501027 ) ) ;
#891 = VERTEX_POINT ( 'NONE', #2684 ) ;
#892 = CARTESIAN_POINT ( 'NONE',  ( 29.43873795483300171, 0.7961595878899999645, 68.68443762948399467 ) ) ;
#893 = CARTESIAN_POINT ( 'NONE',  ( 30.85741833853300164, 2.603676606897999957, 68.61344589979800901 ) ) ;
#894 = CARTESIAN_POINT ( 'NONE',  ( 36.95953840463899809, -0.9941232751060000705, 78.34145885634100637 ) ) ;
#895 = LINE ( 'NONE', #2429, #94 ) ;
#896 = DIRECTION ( 'NONE',  ( 1.000000000000000000, 2.200000000000000003E-16, 0.000000000000000000 ) ) ;
#897 = CARTESIAN_POINT ( 'NONE',  ( 32.45435313777699804, 4.465064634559999135, 72.58537412546401413 ) ) ;
#898 = CARTESIAN_POINT ( 'NONE',  ( 31.71015260740538722, -0.2658830856638881301, 67.89555325641808281 ) ) ;
#899 = VERTEX_POINT ( 'NONE', #1824 ) ;
#900 = CARTESIAN_POINT ( 'NONE',  ( 30.95498877397900017, 4.290681447102000945, 69.75518496523800138 ) ) ;
#901 = CARTESIAN_POINT ( 'NONE',  ( 28.96531874775799764, -0.7058900055829999687, 77.30076808129500421 ) ) ;
#902 = CARTESIAN_POINT ( 'NONE',  ( 35.83480478838500005, 5.228867943664999629, 73.47564003453099701 ) ) ;
#903 = CARTESIAN_POINT ( 'NONE',  ( 32.17869113173999551, 1.708858764694999977, 78.03386718244099995 ) ) ;
#904 =( BOUNDED_CURVE ( )  B_SPLINE_CURVE ( 2, ( #2596, #2274, #753 ),
 .UNSPECIFIED., .F., .F. ) 
 B_SPLINE_CURVE_WITH_KNOTS ( ( 3, 3 ),
 ( 0.000000000000000000, 1.000000000000000000 ),
 .UNSPECIFIED. ) 
 CURVE ( )  GEOMETRIC_REPRESENTATION_ITEM ( )  RATIONAL_B_SPLINE_CURVE ( ( 1.000000000000000000, 1.004815706086197968, 1.000000000000000000 ) ) 
 REPRESENTATION_ITEM ( '' )  );
#905 = CARTESIAN_POINT ( 'NONE',  ( 32.45712947574300244, -5.020678089820000523, 71.85261476253900526 ) ) ;
#906 = ORIENTED_EDGE ( 'NONE', *, *, #4785, .F. ) ;
#907 = CARTESIAN_POINT ( 'NONE',  ( 35.72255698001099944, -4.423232553574999670, 74.15815707567900006 ) ) ;
#908 = CARTESIAN_POINT ( 'NONE',  ( 33.06333593488899680, -3.113999050731999674, 69.58230836410700704 ) ) ;
#909 = CARTESIAN_POINT ( 'NONE',  ( 30.94511573842400054, -3.303523716398999444, 76.07461704663100477 ) ) ;
#910 = CARTESIAN_POINT ( 'NONE',  ( 31.16761020102300250, 4.820548333326999391, 74.67682338174499534 ) ) ;
#911 = EDGE_CURVE ( 'NONE', #1530, #1987, #5017, .T. ) ;
#912 = CARTESIAN_POINT ( 'NONE',  ( 30.24626634669700209, 4.550698269355001102, 75.27932022055500738 ) ) ;
#913 = CARTESIAN_POINT ( 'NONE',  ( 33.32319602816700410, -2.901727008546000075, 77.29099770357200327 ) ) ;
#914 = ORIENTED_EDGE ( 'NONE', *, *, #3691, .F. ) ;
#915 = CARTESIAN_POINT ( 'NONE',  ( 30.32184506594400020, 0.8448932371550000875, 78.13403169146499749 ) ) ;
#916 = B_SPLINE_CURVE_WITH_KNOTS ( 'NONE', 6,
 ( #3406, #1686, #43, #2383, #721, #1061, #2820, #748, #4667, #4280, #1793, #3254 ),
 .UNSPECIFIED., .F., .F.,
 ( 7, 5, 7 ),
 ( 0.000000000000000000, 0.1263065769660000059, 0.1769254676417838512 ),
 .UNSPECIFIED. ) ;
#917 = CARTESIAN_POINT ( 'NONE',  ( 28.94073999999999813, 0.000000000000000000, 77.12343884363998825 ) ) ;
#918 = CARTESIAN_POINT ( 'NONE',  ( 34.87385244946800356, 5.215020495695999792, 72.76995313499500639 ) ) ;
#919 = CARTESIAN_POINT ( 'NONE',  ( 31.85444733243154758, 1.066918505904244530, 67.98652283639255245 ) ) ;
#920 = CARTESIAN_POINT ( 'NONE',  ( 31.44543548588899640, -4.469169034622000325, 75.95649077306200070 ) ) ;
#921 = ADVANCED_FACE ( 'NONE', ( #363 ), #4694, .T. ) ;
#922 = CARTESIAN_POINT ( 'NONE',  ( 31.54233660870400158, -4.715679281198999817, 71.01831565593600715 ) ) ;
#923 = ORIENTED_EDGE ( 'NONE', *, *, #1689, .T. ) ;
#924 = CARTESIAN_POINT ( 'NONE',  ( 31.26258606590700495, 0.8497307532699999166, 78.16342962577701314 ) ) ;
#925 = CARTESIAN_POINT ( 'NONE',  ( 33.64444500000000460, 1.448583618999999964E-06, 77.44698990951400219 ) ) ;
#926 = CARTESIAN_POINT ( 'NONE',  ( 35.38585164171599473, -3.109931423591999700, 68.77883277449799948 ) ) ;
#927 = CARTESIAN_POINT ( 'NONE',  ( 35.87464237166700087, 4.920604918820000506, 74.83520900275999566 ) ) ;
#928 = CARTESIAN_POINT ( 'NONE',  ( 36.19073999999999813, 9.670604304476394179E-16, 67.74999999999998579 ) ) ;
#929 = AXIS2_PLACEMENT_3D ( 'NONE', #524, #1632, #2756 ) ;
#930 = CARTESIAN_POINT ( 'NONE',  ( 30.89595824305400029, -2.119583904870999902, 76.96457012135900300 ) ) ;
#931 = AXIS2_PLACEMENT_3D ( 'NONE', #2171, #617, #1269 ) ;
#932 = CARTESIAN_POINT ( 'NONE',  ( 32.62550578962000003, -1.132209409520000154, 67.97370796069800747 ) ) ;
#933 = CARTESIAN_POINT ( 'NONE',  ( 36.13554780611499950, -2.653735670459000051, 77.54442885853899270 ) ) ;
#934 = ADVANCED_FACE ( 'NONE', ( #4299 ), #2863, .T. ) ;
#935 = AXIS2_PLACEMENT_3D ( 'NONE', #2958, #2908, #612 ) ;
#936 = CARTESIAN_POINT ( 'NONE',  ( 33.85370272028800542, 4.362275059281000011, 70.17583302235901499 ) ) ;
#937 = VERTEX_POINT ( 'NONE', #1849 ) ;
#938 = CARTESIAN_POINT ( 'NONE',  ( 36.63364870199600176, 5.249999775288000770, 72.47234186366401332 ) ) ;
#939 = CARTESIAN_POINT ( 'NONE',  ( 36.11382073750599631, -4.024751705639999955, 76.74577438108799754 ) ) ;
#940 = CARTESIAN_POINT ( 'NONE',  ( 32.95259736978000120, -4.482361598198999708, 72.59795347549099631 ) ) ;
#941 = CARTESIAN_POINT ( 'NONE',  ( 39.84800092797964055, 4.024678120198330156, 78.72905301170406744 ) ) ;
#942 = DIRECTION ( 'NONE',  ( 0.9995120818701392906, 2.160675267224045511E-16, -0.03123456731924095786 ) ) ;
#943 = VERTEX_POINT ( 'NONE', #1131 ) ;
#944 = CARTESIAN_POINT ( 'NONE',  ( 29.59933379761899985, 0.2760519857479999950, 77.80293507200900649 ) ) ;
#945 = CARTESIAN_POINT ( 'NONE',  ( 29.49399286449800073, 2.350334597530000291, 69.17865877529300178 ) ) ;
#946 = CARTESIAN_POINT ( 'NONE',  ( 30.74613637680900169, -4.022925556643000000, 69.86927681053501260 ) ) ;
#947 = CARTESIAN_POINT ( 'NONE',  ( 30.99469052950900050, 5.069726386034999699, 72.39828040822300181 ) ) ;
#948 = CARTESIAN_POINT ( 'NONE',  ( 35.01178476572199827, 3.340966978988999969, 77.01662343994800608 ) ) ;
#949 = CARTESIAN_POINT ( 'NONE',  ( 32.03226315621100184, 5.061965290783000171, 72.11312321884000198 ) ) ;
#950 = CARTESIAN_POINT ( 'NONE',  ( 31.60928726845300218, -3.400643089859999968, 69.16773252505599601 ) ) ;
#951 = ORIENTED_EDGE ( 'NONE', *, *, #3933, .T. ) ;
#952 = CARTESIAN_POINT ( 'NONE',  ( 28.94073999999999813, 0.000000000000000000, 73.00000000000000000 ) ) ;
#953 = CARTESIAN_POINT ( 'NONE',  ( 34.20484379935700048, -1.034384805743999936, 78.10499834401400676 ) ) ;
#954 = CARTESIAN_POINT ( 'NONE',  ( 30.40566703992799802, -3.119243923527999840, 77.01761819039300860 ) ) ;
#955 = ADVANCED_FACE ( 'NONE', ( #3079 ), #1196, .T. ) ;
#956 = CARTESIAN_POINT ( 'NONE',  ( 28.91842585886899997, -0.9467310287879999731, 67.88076255015900529 ) ) ;
#957 = CARTESIAN_POINT ( 'NONE',  ( 33.04552432916599969, 3.960240185335999641, 76.67071956925900622 ) ) ;
#958 = CARTESIAN_POINT ( 'NONE',  ( 30.65801931860699980, -5.074384717085000496, 72.63083814163799445 ) ) ;
#959 = CARTESIAN_POINT ( 'NONE',  ( 30.28331419771999933, 2.515058326901999930, 77.69009833785598573 ) ) ;
#960 = CARTESIAN_POINT ( 'NONE',  ( 30.94511573842400054, -3.303523716398999444, 76.07461704663100477 ) ) ;
#961 = CARTESIAN_POINT ( 'NONE',  ( 36.42140591826100149, -3.529151308008000143, 69.06243322096099746 ) ) ;
#962 = CARTESIAN_POINT ( 'NONE',  ( 36.07910131951999944, -0.7957030470689999690, 78.21030936190599903 ) ) ;
#963 = CARTESIAN_POINT ( 'NONE',  ( 33.77514948136499839, 2.355486801434000022, 68.38006156661600698 ) ) ;
#964 = ORIENTED_EDGE ( 'NONE', *, *, #1253, .F. ) ;
#965 = CARTESIAN_POINT ( 'NONE',  ( 36.93166800000000194, 2.313265386799999702E-06, 78.34058748074198775 ) ) ;
#966 = CARTESIAN_POINT ( 'NONE',  ( 33.22932940937099744, 1.636084644802999977, 68.73576072846499585 ) ) ;
#967 = LINE ( 'NONE', #1014, #1495 ) ;
#968 = CARTESIAN_POINT ( 'NONE',  ( 32.01741858816600228, 4.665845152447000821, 75.13576255753999078 ) ) ;
#969 = CARTESIAN_POINT ( 'NONE',  ( 29.89024055229500476, 1.780610781704000001, 68.25901443026199900 ) ) ;
#970 = CARTESIAN_POINT ( 'NONE',  ( 36.76711016580500058, -4.223203632194000079, 71.04319157539599416 ) ) ;
#971 = ORIENTED_EDGE ( 'NONE', *, *, #577, .F. ) ;
#972 = CARTESIAN_POINT ( 'NONE',  ( 38.99285942128800286, 2.229999999999999948E-15, 73.00000000000000000 ) ) ;
#973 = CARTESIAN_POINT ( 'NONE',  ( 29.80757319783099746, 2.108355605837999747, 76.93157750601498890 ) ) ;
#974 = CARTESIAN_POINT ( 'NONE',  ( 30.94553330765799970, 4.597259562754000051, 70.79942727859500451 ) ) ;
#975 = CARTESIAN_POINT ( 'NONE',  ( 30.30683284695899715, 1.446519750000000058E-07, 78.06612899193001454 ) ) ;
#976 = CARTESIAN_POINT ( 'NONE',  ( 31.26690297335699853, -0.6578690041150000445, 78.07065356735900252 ) ) ;
#977 = ORIENTED_EDGE ( 'NONE', *, *, #2665, .T. ) ;
#978 = CARTESIAN_POINT ( 'NONE',  ( 34.27365715347499986, -3.191210394095000069, 77.11528809604700996 ) ) ;
#979 = CARTESIAN_POINT ( 'NONE',  ( 36.02392495457499422, 0.8341297937810000507, 68.47865138202600122 ) ) ;
#980 = CARTESIAN_POINT ( 'NONE',  ( 32.60516026333299777, 2.791991665211000395, 76.61457587156900217 ) ) ;
#981 = ADVANCED_FACE ( 'NONE', ( #2358 ), #1984, .T. ) ;
#982 = CARTESIAN_POINT ( 'NONE',  ( 34.10003079866400100, 2.494544630616999825, 77.56568920811199064 ) ) ;
#983 = CARTESIAN_POINT ( 'NONE',  ( 31.41011573842399685, -3.913440159480000347, 76.64218878095500997 ) ) ;
#984 = CARTESIAN_POINT ( 'NONE',  ( 36.47774581623780676, -1.869263725254040498, 68.05722014531836805 ) ) ;
#985 = EDGE_CURVE ( 'NONE', #3907, #4326, #4208, .T. ) ;
#986 = CARTESIAN_POINT ( 'NONE',  ( 30.86295215610543252, -0.6575202176040041424, 67.94200387809087260 ) ) ;
#987 = CARTESIAN_POINT ( 'NONE',  ( 34.20856306277599401, -4.163004358848999331, 76.12590432453100675 ) ) ;
#988 = CARTESIAN_POINT ( 'NONE',  ( 36.16206222745000076, 4.210540085795000387, 70.90512452189399539 ) ) ;
#989 = CARTESIAN_POINT ( 'NONE',  ( 36.19073999999999813, 1.609999999999999932E-15, 73.00000000000000000 ) ) ;
#990 = CARTESIAN_POINT ( 'NONE',  ( 33.69432940937100085, 1.933315736618000047, 67.96120797153299975 ) ) ;
#991 = ORIENTED_EDGE ( 'NONE', *, *, #4683, .F. ) ;
#992 = DIRECTION ( 'NONE',  ( -1.000000000000000000, -2.200000000000000003E-16, 0.000000000000000000 ) ) ;
#993 = CARTESIAN_POINT ( 'NONE',  ( 37.44073999999999103, 1.108240718569708294, 66.72294847518703875 ) ) ;
#994 = CARTESIAN_POINT ( 'NONE',  ( 34.46200632879899928, 3.393753557581000280, 76.14558075760800193 ) ) ;
#995 = CARTESIAN_POINT ( 'NONE',  ( 35.11565161387699874, 2.024662477000000011E-06, 78.21640368717899605 ) ) ;
#996 = EDGE_CURVE ( 'NONE', #4292, #2929, #4343, .T. ) ;
#997 = CARTESIAN_POINT ( 'NONE',  ( 35.11081140922500055, 1.657782507020000073, 68.67921672081800466 ) ) ;
#998 = ORIENTED_EDGE ( 'NONE', *, *, #726, .T. ) ;
#999 = CARTESIAN_POINT ( 'NONE',  ( 29.88148100000000085, 2.897622943700000109E-07, 77.32939798190299996 ) ) ;
#1000 = CARTESIAN_POINT ( 'NONE',  ( 37.44074010432139943, 4.648522447370628363, 68.35147705897138337 ) ) ;
#1001 = CARTESIAN_POINT ( 'NONE',  ( 29.31793726377500064, 3.245551931659000022, 77.20185535520398901 ) ) ;
#1002 = CARTESIAN_POINT ( 'NONE',  ( 32.37147077361100145, 3.669074415659999922, 70.22519472353299363 ) ) ;
#1003 = CARTESIAN_POINT ( 'NONE',  ( 34.38809852607799655, 4.386139513124000189, 74.13382778321600597 ) ) ;
#1004 = CARTESIAN_POINT ( 'NONE',  ( 35.89037204363299338, 2.077608676373999597, 77.82359624742099413 ) ) ;
#1005 = CARTESIAN_POINT ( 'NONE',  ( 33.47199346057600167, 4.157745998264999798, 74.84220980635899423 ) ) ;
#1006 = AXIS2_PLACEMENT_3D ( 'NONE', #1215, #1529, #3145 ) ;
#1007 = CARTESIAN_POINT ( 'NONE',  ( 30.28843726002000025, 0.6224051879899999973, 78.04261354503900350 ) ) ;
#1008 = AXIS2_PLACEMENT_3D ( 'NONE', #404, #2349, #1968 ) ;
#1009 = AXIS2_PLACEMENT_3D ( 'NONE', #3409, #1471, #5021 ) ;
#1010 = CARTESIAN_POINT ( 'NONE',  ( 33.57799401218900215, -3.874548105570999823, 69.56256258271699267 ) ) ;
#1011 = CARTESIAN_POINT ( 'NONE',  ( 34.41454232543400593, -3.872817926134000110, 69.52128406287199880 ) ) ;
#1012 = DIRECTION ( 'NONE',  ( 0.000000000000000000, 0.000000000000000000, 1.000000000000000000 ) ) ;
#1013 = CARTESIAN_POINT ( 'NONE',  ( 33.08090126318599999, 3.319917637000000088, 77.29814341451100290 ) ) ;
#1014 = CARTESIAN_POINT ( 'NONE',  ( 28.94073999999999813, 7.332348418707999471, 73.00000000000000000 ) ) ;
#1015 = CARTESIAN_POINT ( 'NONE',  ( 31.81263021946615410, -0.3559295148084844485, 67.89797489107246520 ) ) ;
#1016 = EDGE_CURVE ( 'NONE', #1861, #216, #1400, .T. ) ;
#1017 = CARTESIAN_POINT ( 'NONE',  ( 30.41194661957399958, 3.857542480000000272E-07, 78.06941377784299618 ) ) ;
#1018 = AXIS2_PLACEMENT_3D ( 'NONE', #3814, #304, #1868 ) ;
#1019 = VERTEX_POINT ( 'NONE', #2900 ) ;
#1020 = CARTESIAN_POINT ( 'NONE',  ( 36.10680731830100143, 3.174332269742999646, 69.50414038133199313 ) ) ;
#1021 = CONICAL_SURFACE ( 'NONE', #1912, 5.250000000000004441, 0.03123964828145001787 ) ;
#1022 = CARTESIAN_POINT ( 'NONE',  ( 36.89113147594500219, -1.397864390081999808, 68.55612736478700242 ) ) ;
#1023 = DIRECTION ( 'NONE',  ( 1.000000000000000000, 2.200000000000000003E-16, 0.000000000000000000 ) ) ;
#1024 = CARTESIAN_POINT ( 'NONE',  ( 36.10456938369299706, -4.500252942245000831, 75.74046674648398891 ) ) ;
#1025 = ORIENTED_EDGE ( 'NONE', *, *, #758, .T. ) ;
#1026 = CARTESIAN_POINT ( 'NONE',  ( 28.94073999999999813, 7.332348418707999471, 73.00000000000000000 ) ) ;
#1027 = CARTESIAN_POINT ( 'NONE',  ( 42.44073999999999813, 2.999999999999999839E-15, 73.00000000000000000 ) ) ;
#1028 = CARTESIAN_POINT ( 'NONE',  ( 32.62979619749999927, 2.151323132846000075, 77.01171223577701141 ) ) ;
#1029 = CARTESIAN_POINT ( 'NONE',  ( 32.87575523327999605, -4.134775706694999720, 74.84583084402099473 ) ) ;
#1030 = CARTESIAN_POINT ( 'NONE',  ( 33.53848255522299837, -4.636385542151000294, 70.69364773993699202 ) ) ;
#1031 = CARTESIAN_POINT ( 'NONE',  ( 33.12624595946599726, 0.09673301812142999501, 78.15423510745999636 ) ) ;
#1032 = CARTESIAN_POINT ( 'NONE',  ( 36.19073999999999813, 1.609999999999999932E-15, 73.00000000000000000 ) ) ;
#1033 = CARTESIAN_POINT ( 'NONE',  ( 32.79195686405599730, 2.852887672657000273, 68.36172825550700338 ) ) ;
#1034 = CARTESIAN_POINT ( 'NONE',  ( 42.44073999999999813, 2.999999999999999839E-15, 73.00000000000000000 ) ) ;
#1035 =( BOUNDED_CURVE ( )  B_SPLINE_CURVE ( 2, ( #3074, #3572, #4678 ),
 .UNSPECIFIED., .F., .F. ) 
 B_SPLINE_CURVE_WITH_KNOTS ( ( 3, 3 ),
 ( 0.000000000000000000, 1.000000000000000000 ),
 .UNSPECIFIED. ) 
 CURVE ( )  GEOMETRIC_REPRESENTATION_ITEM ( )  RATIONAL_B_SPLINE_CURVE ( ( 1.000000000000000000, 1.004815706086207960, 1.000000000000000000 ) ) 
 REPRESENTATION_ITEM ( '' )  );
#1036 = EDGE_CURVE ( 'NONE', #4615, #2354, #4452, .T. ) ;
#1037 = ORIENTED_EDGE ( 'NONE', *, *, #3547, .T. ) ;
#1038 = CARTESIAN_POINT ( 'NONE',  ( 37.24259610767936124, -3.280545017251753404, 68.87039187676217011 ) ) ;
#1039 = CARTESIAN_POINT ( 'NONE',  ( 36.79191442783499610, -3.869405558083000241, 70.35300606903300036 ) ) ;
#1040 = CARTESIAN_POINT ( 'NONE',  ( 30.61162099143900051, -4.547100365945000000, 70.72002507480300437 ) ) ;
#1041 = B_SPLINE_CURVE_WITH_KNOTS ( 'NONE', 6,
 ( #5000, #2962, #4228, #1452, #659, #4567, #4477, #1858, #3269, #954, #2208, #4642, #1427, #4080, #2127, #4852, #1116, #3804, #1338, #1092, #3391, #4257, #4979, #708, #3434, #2988, #1040, #3034, #319, #2624, #2647, #5023, #2870, #731, #2575, #3754, #4179, #243, #1807, #3853, #4590, #1494 ),
 .UNSPECIFIED., .F., .F.,
 ( 7, 5, 5, 5, 5, 5, 5, 5, 7 ),
 ( 0.000000000000000000, 0.06356411053490000629, 0.1254293971890000081, 0.1883135573489999881, 0.2509809945870000170, 0.3129086995260000337, 0.3758562893380000269, 0.4388251679160000140, 0.4993295323306399802 ),
 .UNSPECIFIED. ) ;
#1042 = CARTESIAN_POINT ( 'NONE',  ( 34.72869377305900684, 4.413060591662000931, 69.66264950761600971 ) ) ;
#1043 = CARTESIAN_POINT ( 'NONE',  ( 35.32883952578399800, 4.414984488164000354, 74.14128482803900511 ) ) ;
#1044 = ORIENTED_EDGE ( 'NONE', *, *, #701, .T. ) ;
#1045 = CARTESIAN_POINT ( 'NONE',  ( 30.77295013181399952, 1.434137312654000240, 77.22449259241300012 ) ) ;
#1046 = CARTESIAN_POINT ( 'NONE',  ( 37.44074000000003366, -1.701477371937363703, 79.35000000000002274 ) ) ;
#1047 = CARTESIAN_POINT ( 'NONE',  ( 34.62645553484897931, -0.6539938444332088485, 67.82355169471395584 ) ) ;
#1048 = CARTESIAN_POINT ( 'NONE',  ( 28.78000265321700013, -4.765257856774000267, 70.64371515870300300 ) ) ;
#1049 = CARTESIAN_POINT ( 'NONE',  ( 32.53222565255499887, -4.847420824641000436, 70.60308166792900408 ) ) ;
#1050 = AXIS2_PLACEMENT_3D ( 'NONE', #2015, #1674, #870 ) ;
#1051 = CARTESIAN_POINT ( 'NONE',  ( 30.25867826362799917, 3.264143357911000187, 77.22592737006999641 ) ) ;
#1052 = ORIENTED_EDGE ( 'NONE', *, *, #1951, .F. ) ;
#1053 = CARTESIAN_POINT ( 'NONE',  ( 33.74275999029899964, -2.807936038342999652, 76.64778364520800835 ) ) ;
#1054 = CARTESIAN_POINT ( 'NONE',  ( 32.95259736978000120, -4.482361598198999708, 72.59795347549099631 ) ) ;
#1055 = CARTESIAN_POINT ( 'NONE',  ( 0.000000000000000000, 0.000000000000000000, 0.000000000000000000 ) ) ;
#1057 = FACE_OUTER_BOUND ( 'NONE', #2910, .T. ) ;
#1056 = CARTESIAN_POINT ( 'NONE',  ( 33.53312792325699832, -2.218298950062000063, 68.32103696760800915 ) ) ;
#1058 = ADVANCED_FACE ( 'NONE', ( #2543 ), #4572, .T. ) ;
#1059 = CARTESIAN_POINT ( 'NONE',  ( 31.63978332935000282, 3.326835956036999775, 76.08354881536799041 ) ) ;
#1060 = CARTESIAN_POINT ( 'NONE',  ( 39.94071895468699296, 6.643813628256999948, 71.80742276015999437 ) ) ;
#1061 = CARTESIAN_POINT ( 'NONE',  ( 29.90055888626000069, -1.370757142441000109, 68.11905800389800447 ) ) ;
#1062 = CARTESIAN_POINT ( 'NONE',  ( 31.38167988512800122, -0.9849974163139998407, 78.02323081224798784 ) ) ;
#1063 = ORIENTED_EDGE ( 'NONE', *, *, #162, .F. ) ;
#1064 = CARTESIAN_POINT ( 'NONE',  ( 36.19073999999999813, 1.609999999999999932E-15, 73.00000000000000000 ) ) ;
#1065 = CARTESIAN_POINT ( 'NONE',  ( 31.86127799059299548, -2.770833450081999771, 76.59958991255599869 ) ) ;
#1066 = CARTESIAN_POINT ( 'NONE',  ( 35.25828264805399925, 2.061155076918695349E-15, 70.59999999999999432 ) ) ;
#1067 =( BOUNDED_CURVE ( )  B_SPLINE_CURVE ( 2, ( #744, #2289, #1942 ),
 .UNSPECIFIED., .F., .F. ) 
 B_SPLINE_CURVE_WITH_KNOTS ( ( 3, 3 ),
 ( 0.000000000000000000, 1.000000000000000000 ),
 .UNSPECIFIED. ) 
 CURVE ( )  GEOMETRIC_REPRESENTATION_ITEM ( )  RATIONAL_B_SPLINE_CURVE ( ( 1.000000000000000000, 1.004815706085746108, 1.000000000000000000 ) ) 
 REPRESENTATION_ITEM ( '' )  );
#1068 = CARTESIAN_POINT ( 'NONE',  ( 34.98701919716900477, 2.586670872290000034, 77.82365622093199420 ) ) ;
#1069 = CARTESIAN_POINT ( 'NONE',  ( 34.65892224261499877, -2.176742332458000195, 77.07146739119299639 ) ) ;
#1070 = ORIENTED_EDGE ( 'NONE', *, *, #4420, .T. ) ;
#1071 = CARTESIAN_POINT ( 'NONE',  ( 35.22490265337500404, -3.487630196181000120, 76.89890940591099877 ) ) ;
#1072 = CARTESIAN_POINT ( 'NONE',  ( 34.50977814659499643, -4.101525556888000246, 69.77819222348701089 ) ) ;
#1073 = CARTESIAN_POINT ( 'NONE',  ( 42.44073999999999813, -5.499260509920000040, 69.82499860723999063 ) ) ;
#1074 = CARTESIAN_POINT ( 'NONE',  ( 34.17491061387699602, 1.735527806000000012E-06, 78.18700570527600746 ) ) ;
#1075 = SURFACE_STYLE_USAGE ( .BOTH. , #1506 ) ;
#1076 = DIRECTION ( 'NONE',  ( 0.000000000000000000, 0.000000000000000000, 1.000000000000000000 ) ) ;
#1077 = EDGE_CURVE ( 'NONE', #3978, #1250, #669, .T. ) ;
#1078 = CARTESIAN_POINT ( 'NONE',  ( 33.26782045291800216, -4.139379960938999403, 76.10823470331399676 ) ) ;
#1079 = VERTEX_POINT ( 'NONE', #2126 ) ;
#1080 = DIRECTION ( 'NONE',  ( 1.000000000000000000, 2.200000000000000003E-16, 0.000000000000000000 ) ) ;
#1081 = CARTESIAN_POINT ( 'NONE',  ( 29.62411199698199837, -0.9736886465390001133, 77.76952589564000107 ) ) ;
#1082 = CYLINDRICAL_SURFACE ( 'NONE', #3872, 5.000000000000004441 ) ;
#1083 = CARTESIAN_POINT ( 'NONE',  ( 33.89274211446199558, 4.935873253008000283, 71.39765372255000386 ) ) ;
#1084 = CARTESIAN_POINT ( 'NONE',  ( 30.48011573842400068, -3.913440159480000347, 76.64218878095500997 ) ) ;
#1085 = CARTESIAN_POINT ( 'NONE',  ( 33.12343603187199648, 0.1934627486459999934, 78.15196882428800507 ) ) ;
#1086 = CARTESIAN_POINT ( 'NONE',  ( 36.39276019705899756, 2.208613168613000166, 77.11855854214499573 ) ) ;
#1087 =( GEOMETRIC_REPRESENTATION_CONTEXT ( 3 ) GLOBAL_UNCERTAINTY_ASSIGNED_CONTEXT ( ( #3036 ) ) GLOBAL_UNIT_ASSIGNED_CONTEXT ( ( #881, #4427, #4142 ) ) REPRESENTATION_CONTEXT ( 'NONE', 'WORKASPACE' ) );
#1088 = CONICAL_SURFACE ( 'NONE', #2769, 5.250000000000004441, 0.03123964828145001787 ) ;
#1089 = ORIENTED_EDGE ( 'NONE', *, *, #4640, .T. ) ;
#1090 = CARTESIAN_POINT ( 'NONE',  ( 37.34170575237369150, 0.01622456254183691701, 67.75000000089332275 ) ) ;
#1091 = CARTESIAN_POINT ( 'NONE',  ( 31.17199693323399856, 2.471396711955999859, 77.47368832744800216 ) ) ;
#1092 = CARTESIAN_POINT ( 'NONE',  ( 30.52373731207499929, -5.052622525504999906, 73.61963042867199647 ) ) ;
#1093 = CIRCLE ( 'NONE', #1989, 6.349999999999994316 ) ;
#1094 = CARTESIAN_POINT ( 'NONE',  ( 34.24307973769099789, -4.002489396526000220, 76.72505726102301082 ) ) ;
#1095 = VECTOR ( 'NONE', #942, 999.9999999999998863 ) ;
#1096 = LINE ( 'NONE', #2234, #843 ) ;
#1097 = ORIENTED_EDGE ( 'NONE', *, *, #439, .F. ) ;
#1098 = CARTESIAN_POINT ( 'NONE',  ( 30.62513452725500329, 4.270759613175000524, 74.10399960320400226 ) ) ;
#1099 = CARTESIAN_POINT ( 'NONE',  ( 35.11081140922500055, 1.657782507020000073, 68.67921672081800466 ) ) ;
#1100 = CARTESIAN_POINT ( 'NONE',  ( 33.00532504059000161, 5.158040658651000143, 73.21798641488200587 ) ) ;
#1101 = CARTESIAN_POINT ( 'NONE',  ( 35.15924199000600225, -3.353286909623999890, 77.35614359056000922 ) ) ;
#1102 = CARTESIAN_POINT ( 'NONE',  ( 32.70399173664799264, -2.003192108287000117, 68.25569095861800406 ) ) ;
#1103 = ORIENTED_EDGE ( 'NONE', *, *, #8, .F. ) ;
#1104 = ORIENTED_EDGE ( 'NONE', *, *, #4018, .F. ) ;
#1105 = EDGE_CURVE ( 'NONE', #937, #3553, #3268, .T. ) ;
#1106 = CARTESIAN_POINT ( 'NONE',  ( 35.03049426089399532, -0.6948927643929999620, 78.18595815534298765 ) ) ;
#1107 = B_SPLINE_CURVE_WITH_KNOTS ( 'NONE', 6,
 ( #2122, #4958, #2933, #4502, #1759, #2846, #1736, #2454, #4368, #4300, #1952, #1553, #5061, #5082, #3941, #4625, #3444, #1214, #3199, #3593, #2874, #958, #4889, #1367, #3971, #865, #832, #1728, #3222, #946, #4407, #4041, #3259, #4466, #788, #1167, #4708, #676, #1228, #986, #2100, #4882 ),
 .UNSPECIFIED., .F., .F.,
 ( 7, 5, 5, 5, 5, 5, 5, 5, 7 ),
 ( 0.000000000000000000, 0.06347124003880999510, 0.1263345156429999949, 0.1888309230530000049, 0.2507342174499999632, 0.3126618994700000043, 0.3756094537929999810, 0.4375786714769999697, 0.4993301053963412617 ),
 .UNSPECIFIED. ) ;
#1108 = APPLICATION_CONTEXT ( 'automotive_design' ) ;
#1109 = CARTESIAN_POINT ( 'NONE',  ( 30.82222200000000001, 5.795153743300000045E-07, 77.35879596380600276 ) ) ;
#1110 = CARTESIAN_POINT ( 'NONE',  ( 31.63978332935000282, 3.326835956036999775, 76.08354881536799041 ) ) ;
#1111 = CARTESIAN_POINT ( 'NONE',  ( 29.15548323716099688, -4.379593814979999777, 72.96321246000999849 ) ) ;
#1112 = DIRECTION ( 'NONE',  ( 1.000000000000000000, 2.200000000000000003E-16, 0.000000000000000000 ) ) ;
#1113 = ORIENTED_EDGE ( 'NONE', *, *, #19, .T. ) ;
#1114 = DIRECTION ( 'NONE',  ( 0.000000000000000000, 0.000000000000000000, 1.000000000000000000 ) ) ;
#1115 = CARTESIAN_POINT ( 'NONE',  ( 36.74230590377899830, -4.440485735496999986, 71.77744836297900122 ) ) ;
#1116 = CARTESIAN_POINT ( 'NONE',  ( 30.49421517888699995, -4.825899777813000391, 74.59588845666199575 ) ) ;
#1117 = CARTESIAN_POINT ( 'NONE',  ( 35.00018721729900051, -1.660498509143000012, 68.68338802022900325 ) ) ;
#1118 = CARTESIAN_POINT ( 'NONE',  ( 33.88754714034499926, 4.868214861280000250, 74.79718543866998459 ) ) ;
#1119 = ORIENTED_EDGE ( 'NONE', *, *, #162, .T. ) ;
#1120 = CARTESIAN_POINT ( 'NONE',  ( 29.95899286449800059, 2.788862071402000264, 68.46580778980600712 ) ) ;
#1121 = AXIS2_PLACEMENT_3D ( 'NONE', #2254, #3412, #2598 ) ;
#1122 = CARTESIAN_POINT ( 'NONE',  ( 34.57892201009899935, -2.234238337399999885, 68.29234797568798854 ) ) ;
#1123 = CARTESIAN_POINT ( 'NONE',  ( 35.42055893444900505, -3.742237725664000259, 68.89267086788700567 ) ) ;
#1124 = FILL_AREA_STYLE_COLOUR ( '', #4162 ) ;
#1125 = CARTESIAN_POINT ( 'NONE',  ( 33.45602301080099750, -5.218047554235000440, 71.53470945553999627 ) ) ;
#1126 = CARTESIAN_POINT ( 'NONE',  ( 30.33258606590700168, 0.8497307532699999166, 78.16342962577701314 ) ) ;
#1127 = ORIENTED_EDGE ( 'NONE', *, *, #517, .F. ) ;
#1128 = VERTEX_POINT ( 'NONE', #596 ) ;
#1129 = FACE_OUTER_BOUND ( 'NONE', #2069, .T. ) ;
#1130 = ADVANCED_FACE ( 'NONE', ( #1788 ), #201, .F. ) ;
#1131 = CARTESIAN_POINT ( 'NONE',  ( 32.65868537991846665, -7.453889935837842984E-16, 67.86037605171350151 ) ) ;
#1132 = CARTESIAN_POINT ( 'NONE',  ( 33.10263473834400116, 0.9061278718420000544, 78.08387457839599222 ) ) ;
#1133 = CARTESIAN_POINT ( 'NONE',  ( 32.37118209008699665, -4.830198564781000847, 74.76053627803399593 ) ) ;
#1134 = CARTESIAN_POINT ( 'NONE',  ( 36.63389042783399674, -4.247521097024000269, 75.06164430337099702 ) ) ;
#1135 = B_SPLINE_CURVE_WITH_KNOTS ( 'NONE', 1,
 ( #1589, #3132 ),
 .UNSPECIFIED., .F., .F.,
 ( 2, 2 ),
 ( 0.07929630608172057171, 0.9300000000000000488 ),
 .UNSPECIFIED. ) ;
#1136 = EDGE_CURVE ( 'NONE', #499, #4990, #1782, .T. ) ;
#1137 = CARTESIAN_POINT ( 'NONE',  ( 31.67612932310700202, -4.260445263396999138, 70.15031649821999338 ) ) ;
#1138 = CARTESIAN_POINT ( 'NONE',  ( 32.18943213166699735, 1.718533499868999836, 78.06236964609999518 ) ) ;
#1139 = ORIENTED_EDGE ( 'NONE', *, *, #292, .F. ) ;
#1140 = CARTESIAN_POINT ( 'NONE',  ( 35.07476474753799778, -0.8670599790780000315, 78.28255988307699909 ) ) ;
#1141 = CARTESIAN_POINT ( 'NONE',  ( 34.54016739291500215, 1.327300628347488631E-15, 67.80158008809287651 ) ) ;
#1142 = CARTESIAN_POINT ( 'NONE',  ( 35.08318395461200367, 0.8287054785750000985, 68.50804941735501075 ) ) ;
#1143 = CARTESIAN_POINT ( 'NONE',  ( 36.12483316126800048, -4.820781430889999442, 75.10405478318101302 ) ) ;
#1144 = ORIENTED_EDGE ( 'NONE', *, *, #4309, .T. ) ;
#1145 = CARTESIAN_POINT ( 'NONE',  ( 34.68350099015099630, -2.826487332422999987, 76.67188051155399364 ) ) ;
#1146 = CARTESIAN_POINT ( 'NONE',  ( 33.74275999029899964, -2.807936038342999652, 76.64778364520800835 ) ) ;
#1147 = DIRECTION ( 'NONE',  ( -0.4999999999996517785, -1.099999999999233944E-16, 0.8660254037846397690 ) ) ;
#1148 = CARTESIAN_POINT ( 'NONE',  ( 32.29342861387699770, 1.157135611999999909E-06, 78.12820974147099662 ) ) ;
#1149 = CARTESIAN_POINT ( 'NONE',  ( 33.22860249514999964, -1.724761855761000051, 78.09469082101399806 ) ) ;
#1150 = EDGE_CURVE ( 'NONE', #4225, #2361, #2856, .T. ) ;
#1151 = CARTESIAN_POINT ( 'NONE',  ( 34.64061728885200608, 3.245346175168000169, 68.91183399847599844 ) ) ;
#1152 = EDGE_LOOP ( 'NONE', ( #3401, #348, #2211, #1878, #2367, #2571, #2043, #4233, #1786, #4587, #2098, #3456 ) ) ;
#1153 = CARTESIAN_POINT ( 'NONE',  ( 34.09973001465500175, -1.033730877261000103, 78.10176591324798778 ) ) ;
#1154 = CARTESIAN_POINT ( 'NONE',  ( 29.77022834734099987, -4.941025043516999560, 72.19768026221100854 ) ) ;
#1155 = CARTESIAN_POINT ( 'NONE',  ( 31.23722321759199971, -1.617010710880999902, 68.79645650939600898 ) ) ;
#1156 = CARTESIAN_POINT ( 'NONE',  ( 31.26490785879600054, -0.8086801055010000017, 68.62737031908299912 ) ) ;
#1157 = CARTESIAN_POINT ( 'NONE',  ( 36.24411846842382801, -4.879855770550505234, 70.98432816811779844 ) ) ;
#1158 = ORIENTED_EDGE ( 'NONE', *, *, #2919, .F. ) ;
#1159 = EDGE_CURVE ( 'NONE', #2887, #4282, #4915, .T. ) ;
#1160 = CARTESIAN_POINT ( 'NONE',  ( 32.34384331888900022, 3.091813989405000296, 69.59500286837399585 ) ) ;
#1161 = CARTESIAN_POINT ( 'NONE',  ( 30.69904232953399870, 3.304530088965000445, 76.06287150130900443 ) ) ;
#1162 = CARTESIAN_POINT ( 'NONE',  ( 33.72933929376299744, 3.954450469680999891, 69.64744977938599391 ) ) ;
#1163 = ORIENTED_EDGE ( 'NONE', *, *, #4104, .T. ) ;
#1164 = CARTESIAN_POINT ( 'NONE',  ( 29.55022788694000013, 2.577604975598999815, 77.00701358963299015 ) ) ;
#1165 = CARTESIAN_POINT ( 'NONE',  ( 29.57779123430799828, -4.777781649930999741, 75.13283949559098573 ) ) ;
#1166 = CIRCLE ( 'NONE', #602, 5.000000000000004441 ) ;
#1167 = CARTESIAN_POINT ( 'NONE',  ( 30.81449620267899903, -2.228375490968000250, 68.42071586521799986 ) ) ;
#1168 = CARTESIAN_POINT ( 'NONE',  ( 33.97639229342900080, -3.717353294899000460, 70.20092225358099824 ) ) ;
#1169 = CARTESIAN_POINT ( 'NONE',  ( 36.26958052548999945, 4.443829463220999365, 74.14874187279900752 ) ) ;
#1170 = CARTESIAN_POINT ( 'NONE',  ( 33.76032531859399910, 3.698258627583000280, 68.92724733139799298 ) ) ;
#1171 = CARTESIAN_POINT ( 'NONE',  ( 29.84030087368300244, 1.999999999999999958E-16, 73.00000000000000000 ) ) ;
#1172 = AXIS2_PLACEMENT_3D ( 'NONE', #4147, #4562, #238 ) ;
#1173 = VERTEX_POINT ( 'NONE', #1480 ) ;
#1174 = CARTESIAN_POINT ( 'NONE',  ( 34.49310008363626423, -1.610544474963104378, 68.04811020187152337 ) ) ;
#1175 = CARTESIAN_POINT ( 'NONE',  ( 35.17875862337500337, -4.715392026397999814, 75.26132719667999993 ) ) ;
#1176 = CARTESIAN_POINT ( 'NONE',  ( 31.12648465277599996, -4.069709332398000257, 70.98770638214298856 ) ) ;
#1177 = CARTESIAN_POINT ( 'NONE',  ( 35.80147312092900336, 4.424664708465000373, 75.83709515661401213 ) ) ;
#1178 = CARTESIAN_POINT ( 'NONE',  ( 36.33365107865400034, -2.843827789050000110, 68.56416655068599653 ) ) ;
#1179 = ORIENTED_EDGE ( 'NONE', *, *, #2845, .F. ) ;
#1180 = CARTESIAN_POINT ( 'NONE',  ( 30.67440639544099668, 3.750000406013000109, 75.46769888652399061 ) ) ;
#1181 = DIRECTION ( 'NONE',  ( 0.000000000000000000, 0.000000000000000000, 1.000000000000000000 ) ) ;
#1182 = EDGE_CURVE ( 'NONE', #2803, #465, #3915, .T. ) ;
#1183 = CARTESIAN_POINT ( 'NONE',  ( 36.17215001001399344, -5.241622425721999434, 73.50234107931399308 ) ) ;
#1184 = VERTEX_POINT ( 'NONE', #402 ) ;
#1185 = CARTESIAN_POINT ( 'NONE',  ( 34.63434349507600274, -1.469982091597999974, 77.34221174641498919 ) ) ;
#1186 = CARTESIAN_POINT ( 'NONE',  ( 33.15967972953200160, 2.469103062560999984, 77.54730868214899431 ) ) ;
#1187 = CARTESIAN_POINT ( 'NONE',  ( 34.64528116809285052, -1.329841727189251532E-16, 67.79829530209849509 ) ) ;
#1188 = CARTESIAN_POINT ( 'NONE',  ( 40.18193922118300065, 3.666174209354000180, 66.65000000000000568 ) ) ;
#1189 = CARTESIAN_POINT ( 'NONE',  ( 36.19073999999999813, 1.609999999999999932E-15, 73.00000000000000000 ) ) ;
#1190 = B_SPLINE_CURVE_WITH_KNOTS ( 'NONE', 1,
 ( #1675, #2836 ),
 .UNSPECIFIED., .F., .F.,
 ( 2, 2 ),
 ( 0.07929630608091865762, 0.9300000000000000488 ),
 .UNSPECIFIED. ) ;
#1191 = ADVANCED_FACE ( 'NONE', ( #421 ), #1812, .T. ) ;
#1192 = CARTESIAN_POINT ( 'NONE',  ( 34.63074010288800508, 2.969579139887000174, 68.70492930227399597 ) ) ;
#1193 = ORIENTED_EDGE ( 'NONE', *, *, #4683, .T. ) ;
#1194 = DIRECTION ( 'NONE',  ( 1.000000000000000000, 2.200000000000000003E-16, 0.000000000000000000 ) ) ;
#1195 = CONICAL_SURFACE ( 'NONE', #4984, 4.123438843639998019, 0.8010179875380000203 ) ;
#1196 = B_SPLINE_SURFACE_WITH_KNOTS ( 'NONE', 1, 9, ( 
 ( #1109, #311, #3452, #749, #2662, #3429, #2294, #3876, #1487, #3405, #262, #1898, #1875, #5047, #2246, #776, #1156, #3027, #1927, #3476, #2641, #3003, #5070, #4681, #3769, #4583, #4970, #1442, #1059, #4994, #675, #4605, #2591, #4195 ),
 ( #2616, #2223, #3797, #290, #4248, #1084, #723, #4222, #2269, #3845, #702, #1513, #3051, #4748, #3602, #1606, #3550, #2412, #1552, #4725, #2339, #824, #878, #69, #95, #3999, #411, #2025, #3151, #2001, #800, #488, #4393, #1198 ) ),
 .UNSPECIFIED., .F., .F., .F.,
 ( 2, 2 ),
 ( 10, 8, 8, 8, 10 ),
 ( 0.000000000000000000, 0.9300000000000000488 ),
 ( 0.000000000000000000, 1.477706226817000035, 3.142142805069999767, 4.803141259989000211, 6.284285610140000422 ),
 .UNSPECIFIED. ) ;
#1197 = CARTESIAN_POINT ( 'NONE',  ( 28.94073999999999813, 0.000000000000000000, 77.29999999999999716 ) ) ;
#1198 = CARTESIAN_POINT ( 'NONE',  ( 31.29796299999999931, 8.677395105500000218E-07, 78.19359757122799692 ) ) ;
#1199 = DIRECTION ( 'NONE',  ( 1.000000000000000000, 2.200000000000000003E-16, 0.000000000000000000 ) ) ;
#1200 = EDGE_CURVE ( 'NONE', #4326, #2695, #4013, .T. ) ;
#1201 = ORIENTED_EDGE ( 'NONE', *, *, #1835, .T. ) ;
#1202 = CARTESIAN_POINT ( 'NONE',  ( 32.65443213166700076, 1.453486783073000055, 77.28149751951001178 ) ) ;
#1203 = CARTESIAN_POINT ( 'NONE',  ( 30.21342829416400022, -3.619289396145000115, 70.27477427090799722 ) ) ;
#1204 = CARTESIAN_POINT ( 'NONE',  ( 30.93202466300600051, 1.661618334843000033, 68.18173364322200314 ) ) ;
#1205 = CARTESIAN_POINT ( 'NONE',  ( 29.44105974772200085, -0.8429314455569999476, 78.13556973620200097 ) ) ;
#1206 = CARTESIAN_POINT ( 'NONE',  ( 33.59942638522075242, -9.317362419797303730E-17, 67.83097807029412252 ) ) ;
#1207 = ORIENTED_EDGE ( 'NONE', *, *, #4091, .F. ) ;
#1208 = CARTESIAN_POINT ( 'NONE',  ( 30.22330132971900341, 3.893322582926999953, 76.60868762786100206 ) ) ;
#1209 = CARTESIAN_POINT ( 'NONE',  ( 34.77320768254000427, 5.225357696491998993, 71.51688460561598504 ) ) ;
#1210 = FACE_OUTER_BOUND ( 'NONE', #3423, .T. ) ;
#1211 = CARTESIAN_POINT ( 'NONE',  ( 35.59677496151400788, 0.3756836963510000182, 67.77031853535498840 ) ) ;
#1212 = CARTESIAN_POINT ( 'NONE',  ( 34.02164226303899852, 3.338509063356000173, 77.32221542934600222 ) ) ;
#1213 = CARTESIAN_POINT ( 'NONE',  ( 31.60222565255499916, -4.847420824641000436, 70.60308166792900408 ) ) ;
#1214 = CARTESIAN_POINT ( 'NONE',  ( 30.60941814268599970, -4.931927402761999701, 74.26967697475399177 ) ) ;
#1215 = CARTESIAN_POINT ( 'NONE',  ( 37.44073999999999813, 1.889999999999999946E-15, 73.00000000000000000 ) ) ;
#1216 = ORIENTED_EDGE ( 'NONE', *, *, #2423, .T. ) ;
#1217 = FACE_OUTER_BOUND ( 'NONE', #2581, .T. ) ;
#1218 = CARTESIAN_POINT ( 'NONE',  ( 35.25828264805399925, 1.400000000000000069E-15, 73.00000000000000000 ) ) ;
#1219 = ADVANCED_FACE ( 'NONE', ( #3730 ), #1248, .T. ) ;
#1220 = CARTESIAN_POINT ( 'NONE',  ( 29.75830132971800168, 3.282224222006999703, 76.04219418711399214 ) ) ;
#1221 = CARTESIAN_POINT ( 'NONE',  ( 35.92406055741700044, 4.066630473705999727, 76.33603848653899604 ) ) ;
#1222 =( BOUNDED_CURVE ( )  B_SPLINE_CURVE ( 2, ( #4436, #107, #2568 ),
 .UNSPECIFIED., .F., .F. ) 
 B_SPLINE_CURVE_WITH_KNOTS ( ( 3, 3 ),
 ( 0.000000000000000000, 1.000000000000000000 ),
 .UNSPECIFIED. ) 
 CURVE ( )  GEOMETRIC_REPRESENTATION_ITEM ( )  RATIONAL_B_SPLINE_CURVE ( ( 1.000000000000000000, 1.037954814083383859, 1.000000000000000000 ) ) 
 REPRESENTATION_ITEM ( '' )  );
#1223 = CARTESIAN_POINT ( 'NONE',  ( 30.05261622877399930, 4.795776760455000343, 70.61401124345799474 ) ) ;
#1224 = CARTESIAN_POINT ( 'NONE',  ( 30.02670546676499796, 4.841490791607999888, 71.50093811747099437 ) ) ;
#1225 = CARTESIAN_POINT ( 'NONE',  ( 35.48336104264778612, 0.08563591608229446928, 67.77273674026280048 ) ) ;
#1226 = CARTESIAN_POINT ( 'NONE',  ( 32.65071427943533422, -0.2735649670364422303, 67.86645195542038778 ) ) ;
#1227 = CARTESIAN_POINT ( 'NONE',  ( 29.67610652684103201, -2.028141046063508757, 68.53905800707661911 ) ) ;
#1228 = CARTESIAN_POINT ( 'NONE',  ( 30.85326920780293847, -0.9837557190030459253, 67.99333364942914670 ) ) ;
#1229 = CARTESIAN_POINT ( 'NONE',  ( 35.37214196507400032, -5.189136838631998927, 72.25700289394301024 ) ) ;
#1230 = EDGE_LOOP ( 'NONE', ( #3304, #4840, #1717 ) ) ;
#1231 = CARTESIAN_POINT ( 'NONE',  ( 37.44073999999999813, 5.499260976857000216, 69.82499941599600390 ) ) ;
#1232 = CARTESIAN_POINT ( 'NONE',  ( 35.35444865189499808, -4.929583792527000519, 70.56244817740798680 ) ) ;
#1233 = DIRECTION ( 'NONE',  ( 0.000000000000000000, 0.000000000000000000, 1.000000000000000000 ) ) ;
#1234 = CARTESIAN_POINT ( 'NONE',  ( 30.79758606590699799, 0.7172074002070000232, 77.35802600009199637 ) ) ;
#1235 = CARTESIAN_POINT ( 'NONE',  ( 32.11929239485399989, 2.283631781881000133, 77.59882127937000007 ) ) ;
#1236 = CARTESIAN_POINT ( 'NONE',  ( 33.24244024283400023, -2.539656527117000184, 77.75016927602699468 ) ) ;
#1237 = CARTESIAN_POINT ( 'NONE',  ( 41.87357659274599797, -7.332348418707999471, 73.00000000000000000 ) ) ;
#1238 = ORIENTED_EDGE ( 'NONE', *, *, #4266, .T. ) ;
#1239 = CARTESIAN_POINT ( 'NONE',  ( 29.38342585886899982, -0.7978078550760000498, 68.68616617572499194 ) ) ;
#1240 = CARTESIAN_POINT ( 'NONE',  ( 29.75830132971800168, 3.282224222006999703, 76.04219418711399214 ) ) ;
#1241 = CARTESIAN_POINT ( 'NONE',  ( 34.63507040929800240, 1.944164667721000050, 67.93293596782599764 ) ) ;
#1242 = CONICAL_SURFACE ( 'NONE', #9, 5.250000000000004441, 0.03123964828145001787 ) ;
#1243 = DIRECTION ( 'NONE',  ( 0.000000000000000000, 0.000000000000000000, 1.000000000000000000 ) ) ;
#1244 = CARTESIAN_POINT ( 'NONE',  ( 37.44073999999999813, 3.654900755830159831, 78.22219051744427532 ) ) ;
#1245 = CARTESIAN_POINT ( 'NONE',  ( 31.92109831580799906, 3.123646433383000076, 68.93263830114200630 ) ) ;
#1246 = CARTESIAN_POINT ( 'NONE',  ( 31.29796299999999931, 8.677392964999999494E-07, 78.19359757122799692 ) ) ;
#1247 = CONICAL_SURFACE ( 'NONE', #182, 6.750000000000006217, 1.178091890227999983 ) ;
#1248 = CONICAL_SURFACE ( 'NONE', #272, 9.038370000000004012, 1.178102599964000019 ) ;
#1249 = CARTESIAN_POINT ( 'NONE',  ( 34.65049447426800100, 3.503473096903999995, 69.13957899924699291 ) ) ;
#1250 = VERTEX_POINT ( 'NONE', #1781 ) ;
#1251 = CARTESIAN_POINT ( 'NONE',  ( 29.60450268382799877, 4.281586309535000190, 71.78470356463900259 ) ) ;
#1252 = LINE ( 'NONE', #4053, #1933 ) ;
#1253 = EDGE_CURVE ( 'NONE', #3169, #2341, #4035, .T. ) ;
#1254 = CONICAL_SURFACE ( 'NONE', #4218, 6.750000000000006217, 1.178091890227999983 ) ;
#1255 = CARTESIAN_POINT ( 'NONE',  ( 35.48090840419231995, 1.033380195650246414E-15, 67.77218210607114202 ) ) ;
#1256 = CARTESIAN_POINT ( 'NONE',  ( 32.63412472397899933, -0.8402855975190000049, 67.92168642175300874 ) ) ;
#1257 = CARTESIAN_POINT ( 'NONE',  ( 36.19073999999999813, 9.670604304476394179E-16, 67.74999999999998579 ) ) ;
#1258 = B_SPLINE_CURVE_WITH_KNOTS ( 'NONE', 1,
 ( #2835, #2779 ),
 .UNSPECIFIED., .F., .F.,
 ( 2, 2 ),
 ( 0.000000000000000000, 0.8205507722455572805 ),
 .UNSPECIFIED. ) ;
#1259 = DIRECTION ( 'NONE',  ( 0.000000000000000000, 0.000000000000000000, 1.000000000000000000 ) ) ;
#1260 = ORIENTED_EDGE ( 'NONE', *, *, #2408, .T. ) ;
#1261 = CARTESIAN_POINT ( 'NONE',  ( 36.83312426274399343, 3.375691916167999906, 77.37035945895601685 ) ) ;
#1262 = CARTESIAN_POINT ( 'NONE',  ( 31.82305814037356129, -5.421010862427522170E-16, 67.88648924804846274 ) ) ;
#1263 = DIRECTION ( 'NONE',  ( 0.6959760889143769003, 6.517714434286108193E-17, -0.7180649578272478850 ) ) ;
#1264 = CARTESIAN_POINT ( 'NONE',  ( 31.12851832466400026, 5.088875204671999164, 73.37459884129999921 ) ) ;
#1265 = DIRECTION ( 'NONE',  ( 0.000000000000000000, 0.000000000000000000, 1.000000000000000000 ) ) ;
#1266 = DIRECTION ( 'NONE',  ( 0.000000000000000000, 0.000000000000000000, 1.000000000000000000 ) ) ;
#1267 = ORIENTED_EDGE ( 'NONE', *, *, #2006, .F. ) ;
#1268 = CARTESIAN_POINT ( 'NONE',  ( 29.54924777416299975, 3.595646927694999828, 70.28071599691699589 ) ) ;
#1269 = DIRECTION ( 'NONE',  ( 0.000000000000000000, 0.000000000000000000, 1.000000000000000000 ) ) ;
#1270 = FACE_OUTER_BOUND ( 'NONE', #1669, .T. ) ;
#1271 = CARTESIAN_POINT ( 'NONE',  ( 35.11565161387699874, 2.024662477000000011E-06, 78.21640368717899605 ) ) ;
#1272 = PLANE ( 'NONE',  #2105 ) ;
#1273 = CARTESIAN_POINT ( 'NONE',  ( 32.06722565255500257, -4.097096987917999478, 70.97416188462001685 ) ) ;
#1274 = CARTESIAN_POINT ( 'NONE',  ( 31.39145114892200183, -4.195865033850999737, 75.93163317684300750 ) ) ;
#1275 = ORIENTED_EDGE ( 'NONE', *, *, #4878, .F. ) ;
#1276 = CARTESIAN_POINT ( 'NONE',  ( 35.32658496530499548, -4.495469325422999596, 70.30533930642799589 ) ) ;
#1277 = CARTESIAN_POINT ( 'NONE',  ( 35.69629674701399580, 3.524120962519999622, 69.11408908782000537 ) ) ;
#1278 = CYLINDRICAL_SURFACE ( 'NONE', #4403, 2.949999999999994404 ) ;
#1279 = CARTESIAN_POINT ( 'NONE',  ( 28.94073999999999813, 0.000000000000000000, 73.00000000000000000 ) ) ;
#1280 = CARTESIAN_POINT ( 'NONE',  ( 34.54047651538216712, 0.01073276377174290155, 67.80157929168413489 ) ) ;
#1281 = VECTOR ( 'NONE', #1562, 1000.000000000000000 ) ;
#1282 = EDGE_CURVE ( 'NONE', #1294, #390, #1582, .T. ) ;
#1283 = CARTESIAN_POINT ( 'NONE',  ( 29.73870247477241335, -1.254865673595315201, 68.18128997142959236 ) ) ;
#1284 = CARTESIAN_POINT ( 'NONE',  ( 31.71438655175600019, -3.403201739853999985, 69.16559768459299562 ) ) ;
#1285 = CARTESIAN_POINT ( 'NONE',  ( 36.53282573557656576, 8.809142651444723526E-16, 67.75000000544305578 ) ) ;
#1286 = ORIENTED_EDGE ( 'NONE', *, *, #4565, .F. ) ;
#1287 = CARTESIAN_POINT ( 'NONE',  ( 36.80848832843299334, 4.049463655795999983, 76.75342882421399793 ) ) ;
#1288 = CARTESIAN_POINT ( 'NONE',  ( 32.90033398089200034, -4.336772362129000413, 74.13552039097098145 ) ) ;
#1289 = ADVANCED_FACE ( 'NONE', ( #2622 ), #2369, .T. ) ;
#1290 = CARTESIAN_POINT ( 'NONE',  ( 31.80514104925100227, 2.822965025294000174, 68.71429097400799435 ) ) ;
#1291 = CARTESIAN_POINT ( 'NONE',  ( 30.90237634854799964, 0.6811459545679998673, 67.94316222463500310 ) ) ;
#1292 = CARTESIAN_POINT ( 'NONE',  ( 30.07946887684499870, 4.048012500250999679, 69.92294450214799895 ) ) ;
#1293 = CARTESIAN_POINT ( 'NONE',  ( 33.44078614784299930, -5.090104757688999726, 73.98324310021699546 ) ) ;
#1294 = VERTEX_POINT ( 'NONE', #3433 ) ;
#1295 = CARTESIAN_POINT ( 'NONE',  ( 28.94073999999999813, 3.666174209354000180, 79.35000000000000853 ) ) ;
#1296 = CARTESIAN_POINT ( 'NONE',  ( 29.80757319783099746, 2.108355605837999747, 76.93157750601498890 ) ) ;
#1297 = DIRECTION ( 'NONE',  ( 1.000000000000000000, 2.200000000000000003E-16, 0.000000000000000000 ) ) ;
#1298 = CARTESIAN_POINT ( 'NONE',  ( 31.05377393983100021, 4.913143505835999569, 74.39409210688299368 ) ) ;
#1299 = DIRECTION ( 'NONE',  ( -1.000000000000000000, -2.200000000000000003E-16, 0.000000000000000000 ) ) ;
#1300 = CARTESIAN_POINT ( 'NONE',  ( 31.39627799059299562, -3.279081734351000144, 77.25975612476798915 ) ) ;
#1301 = CARTESIAN_POINT ( 'NONE',  ( 32.86966378785800202, 5.090218459325999589, 72.17026114820099281 ) ) ;
#1302 = CARTESIAN_POINT ( 'NONE',  ( 31.67495346911599441, -1.451756130735999850, 68.08382286697199959 ) ) ;
#1303 = ORIENTED_EDGE ( 'NONE', *, *, #1182, .F. ) ;
#1304 = CARTESIAN_POINT ( 'NONE',  ( 30.02895348632999628, -3.726147275386999969, 75.46501777606599148 ) ) ;
#1305 = CARTESIAN_POINT ( 'NONE',  ( 34.30820768254100273, 4.427245144290999690, 71.74336784684200552 ) ) ;
#1306 = EDGE_CURVE ( 'NONE', #4615, #5085, #1428, .T. ) ;
#1307 = CARTESIAN_POINT ( 'NONE',  ( 35.47165177191966734, -0.3232087092584761123, 67.77247137466608251 ) ) ;
#1308 = CARTESIAN_POINT ( 'NONE',  ( 35.91419654200600320, 4.279288073551999361, 76.06190673369400201 ) ) ;
#1309 = DIRECTION ( 'NONE',  ( 1.000000000000000000, 2.200000000000000003E-16, 0.000000000000000000 ) ) ;
#1310 = CARTESIAN_POINT ( 'NONE',  ( 32.15405519761000619, 2.529380836093999996, 77.71680991446700659 ) ) ;
#1311 = CARTESIAN_POINT ( 'NONE',  ( 35.25828264805399925, 1.106084768204635359E-15, 70.59999999999999432 ) ) ;
#1312 = CARTESIAN_POINT ( 'NONE',  ( 29.14549826423300161, -4.133668824318999846, 74.34704165574500223 ) ) ;
#1313 = EDGE_LOOP ( 'NONE', ( #4487, #3494, #26 ) ) ;
#1314 = CARTESIAN_POINT ( 'NONE',  ( 37.44073999999999103, 6.350000000000008527, 73.55414214989973232 ) ) ;
#1315 = CARTESIAN_POINT ( 'NONE',  ( 36.79276627776300046, 2.942473131786999652, 77.40040226089598718 ) ) ;
#1316 = CARTESIAN_POINT ( 'NONE',  ( 36.75921645980400143, 4.994221989220999802, 75.21288364354499834 ) ) ;
#1317 = CARTESIAN_POINT ( 'NONE',  ( 33.49662939477899215, 3.825954385819999803, 75.51768664726698432 ) ) ;
#1318 = B_SPLINE_CURVE_WITH_KNOTS ( 'NONE', 6,
 ( #4828, #1312, #2476, #2879, #4483, #2791, #2079, #4090, #576, #4750, #4001, #2134, #3209, #3689, #1661, #181, #1227, #4370, #1283, #854, #1633, #2386 ),
 .UNSPECIFIED., .F., .F.,
 ( 7, 5, 5, 5, 7 ),
 ( 0.000000000000000000, 0.2181071344100000142, 0.4556895571150000324, 0.7151528711280000783, 0.9862023328395593813 ),
 .UNSPECIFIED. ) ;
#1319 = CARTESIAN_POINT ( 'NONE',  ( 30.89595824305400029, -2.119583904870999902, 76.96457012135900300 ) ) ;
#1320 = CARTESIAN_POINT ( 'NONE',  ( 32.14016026333299436, 3.301326210656999827, 77.27407139968200056 ) ) ;
#1321 = ADVANCED_FACE ( 'NONE', ( #4227 ), #1852, .T. ) ;
#1322 = CARTESIAN_POINT ( 'NONE',  ( 29.95579586057808186, 0.4800881788903538783, 67.95851956867662125 ) ) ;
#1323 = LINE ( 'NONE', #2546, #1821 ) ;
#1324 = ORIENTED_EDGE ( 'NONE', *, *, #4858, .F. ) ;
#1325 = CARTESIAN_POINT ( 'NONE',  ( 29.58283936747299947, 1.095119977957000224, 77.67203522354400036 ) ) ;
#1326 = CARTESIAN_POINT ( 'NONE',  ( 29.06363373879200296, -3.258999096824000130, 76.03318280730400147 ) ) ;
#1327 = CARTESIAN_POINT ( 'NONE',  ( 30.82780312524199928, 1.689197327622999900, 68.19485079357400537 ) ) ;
#1328 = DIRECTION ( 'NONE',  ( 0.000000000000000000, 0.000000000000000000, 1.000000000000000000 ) ) ;
#1329 = CARTESIAN_POINT ( 'NONE',  ( 32.08292408178800059, 5.072938904129999926, 73.84384990666399062 ) ) ;
#1330 = CARTESIAN_POINT ( 'NONE',  ( 31.78754174764799600, -0.7203671245709999393, 77.38896216970400133 ) ) ;
#1331 = CARTESIAN_POINT ( 'NONE',  ( 32.67366556314460269, 0.5142578637056519630, 67.87534372134112459 ) ) ;
#1332 = CARTESIAN_POINT ( 'NONE',  ( 31.36235223829299912, -0.3291256999580000064, 78.09911377718700010 ) ) ;
#1333 = CARTESIAN_POINT ( 'NONE',  ( 31.63797887947500342, -2.605051545632000032, 68.59443379483700198 ) ) ;
#1334 = EDGE_LOOP ( 'NONE', ( #4756, #2727, #53 ) ) ;
#1335 = FACE_OUTER_BOUND ( 'NONE', #808, .T. ) ;
#1336 = CARTESIAN_POINT ( 'NONE',  ( 34.33583513718900804, 4.524597200401000663, 72.57984743469299360 ) ) ;
#1337 = CARTESIAN_POINT ( 'NONE',  ( 29.93063849544300226, -1.421723530563000049, 77.19967771126700029 ) ) ;
#1338 = CARTESIAN_POINT ( 'NONE',  ( 30.51389742736499855, -5.002821843092999821, 73.95085276121099582 ) ) ;
#1339 = DIRECTION ( 'NONE',  ( 1.000000000000000000, 2.200000000000000003E-16, 0.000000000000000000 ) ) ;
#1340 = CARTESIAN_POINT ( 'NONE',  ( 35.99306743797699681, 2.156549604372999696, 77.79229491447600253 ) ) ;
#1341 = CARTESIAN_POINT ( 'NONE',  ( 37.44073999999999813, 4.000000000000000311E-15, 79.35000000000000853 ) ) ;
#1342 = CARTESIAN_POINT ( 'NONE',  ( 29.43873795483300171, 0.7961595878899999645, 68.68443762948399467 ) ) ;
#1343 = CARTESIAN_POINT ( 'NONE',  ( 31.31180074768500532, -0.8477571520359999946, 78.16496776559699811 ) ) ;
#1344 = CIRCLE ( 'NONE', #4212, 6.349999999999994316 ) ;
#1345 = CARTESIAN_POINT ( 'NONE',  ( 34.54027043384444795, 0.003577587820513276375, 67.80157686807619655 ) ) ;
#1346 = CARTESIAN_POINT ( 'NONE',  ( 35.06092699999999951, 2.024249999199999971E-06, 78.31118949883899916 ) ) ;
#1347 = EDGE_LOOP ( 'NONE', ( #3951, #4626, #834, #1303 ) ) ;
#1348 = CARTESIAN_POINT ( 'NONE',  ( 36.02392495457499422, 0.8341297937810000507, 68.47865138202600122 ) ) ;
#1349 = CARTESIAN_POINT ( 'NONE',  ( 32.28786149522300519, -1.715110143566999978, 78.06618401411699892 ) ) ;
#1350 = CARTESIAN_POINT ( 'NONE',  ( 39.94071895468699296, 2.289104628451999801, 66.65000000000000568 ) ) ;
#1351 = CARTESIAN_POINT ( 'NONE',  ( 36.53345378453312975, 0.02163195593231787006, 67.75000000418468460 ) ) ;
#1352 = CARTESIAN_POINT ( 'NONE',  ( 36.74230590377899830, -4.440485735496999986, 71.77744836297900122 ) ) ;
#1353 = EDGE_LOOP ( 'NONE', ( #1463, #4428, #2376, #1837, #2037, #540, #3535, #2113, #914, #4696, #4496, #4570 ) ) ;
#1354 = CARTESIAN_POINT ( 'NONE',  ( 36.41739613137300324, 1.492185724110999923, 77.39550737390499080 ) ) ;
#1355 = CARTESIAN_POINT ( 'NONE',  ( 34.58518600000000021, 1.738178575220000116E-06, 77.47638789141700499 ) ) ;
#1356 = CARTESIAN_POINT ( 'NONE',  ( 42.44073999999999813, 2.999999999999999839E-15, 73.00000000000000000 ) ) ;
#1357 = CARTESIAN_POINT ( 'NONE',  ( 31.86229387780866418, 1.327093786194930125, 68.05316300887548664 ) ) ;
#1358 = EDGE_CURVE ( 'NONE', #2996, #3088, #3976, .T. ) ;
#1359 = CARTESIAN_POINT ( 'NONE',  ( 31.32468371454800149, -2.518853723358000174, 77.45136712180200789 ) ) ;
#1360 = EDGE_LOOP ( 'NONE', ( #3013, #1483, #4458 ) ) ;
#1361 = CARTESIAN_POINT ( 'NONE',  ( 34.22479605092400590, -1.701159636062000047, 77.91393551732100775 ) ) ;
#1362 = B_SPLINE_CURVE_WITH_KNOTS ( 'NONE', 6,
 ( #3061, #4668, #1934, #784, #2328, #3906, #79 ),
 .UNSPECIFIED., .F., .F.,
 ( 7, 7 ),
 ( 0.9862023328395593813, 1.000000000000000000 ),
 .UNSPECIFIED. ) ;
#1363 = CARTESIAN_POINT ( 'NONE',  ( 29.00136540966500220, 1.889920011724999904, 68.07429598650099933 ) ) ;
#1364 = CARTESIAN_POINT ( 'NONE',  ( 32.78121586416600053, 2.836881272355999961, 68.38774813911200567 ) ) ;
#1365 = EDGE_CURVE ( 'NONE', #2929, #3462, #4174, .T. ) ;
#1366 = CARTESIAN_POINT ( 'NONE',  ( 32.97708724808899916, 4.388998112232000537, 75.72648512755000638 ) ) ;
#1367 = CARTESIAN_POINT ( 'NONE',  ( 30.67746278522900383, -4.992811350438000062, 71.97453005610900334 ) ) ;
#1368 = CARTESIAN_POINT ( 'NONE',  ( 34.13814739238699758, 1.264733106770000060, 78.04542386261299214 ) ) ;
#1369 = CARTESIAN_POINT ( 'NONE',  ( 35.92576565131500388, 0.8915002598110000065, 78.18083462526699634 ) ) ;
#1370 = CARTESIAN_POINT ( 'NONE',  ( 36.94073999999999813, 0.1124721653729999910, 68.45139180407599611 ) ) ;
#1371 = CARTESIAN_POINT ( 'NONE',  ( 36.24820630093426388, -5.057153152102966231, 74.54363189778293020 ) ) ;
#1372 = CARTESIAN_POINT ( 'NONE',  ( 31.98935313777699463, 5.280559215937000062, 72.50967624325099337 ) ) ;
#1373 = ORIENTED_EDGE ( 'NONE', *, *, #4051, .F. ) ;
#1374 = CARTESIAN_POINT ( 'NONE',  ( 36.13443477287599848, 3.766977732713999938, 70.15116635861700445 ) ) ;
#1375 = CARTESIAN_POINT ( 'NONE',  ( 39.69950599505600053, -7.332348418707999471, 73.00000000000000000 ) ) ;
#1376 = ADVANCED_FACE ( 'NONE', ( #4728 ), #3014, .T. ) ;
#1377 = CARTESIAN_POINT ( 'NONE',  ( 36.19073999999999813, 1.609999999999999932E-15, 78.25000000000000000 ) ) ;
#1378 = CARTESIAN_POINT ( 'NONE',  ( 30.82222200000000001, 5.795153180000000003E-07, 77.35879596380600276 ) ) ;
#1379 = CARTESIAN_POINT ( 'NONE',  ( 29.97001434564768729, 0.9563393169648715109, 68.02637640262912555 ) ) ;
#1380 = EDGE_LOOP ( 'NONE', ( #4126, #254, #3446 ) ) ;
#1381 = CARTESIAN_POINT ( 'NONE',  ( 37.25669444606247538, -2.879788024773181743, 68.56075181891546322 ) ) ;
#1382 = CARTESIAN_POINT ( 'NONE',  ( 30.77829133097006675, 0.03691983662426395751, 67.91926678990967048 ) ) ;
#1383 = CARTESIAN_POINT ( 'NONE',  ( 34.99204632430700457, 3.838805434695999885, 76.54287828853699693 ) ) ;
#1384 = CARTESIAN_POINT ( 'NONE',  ( 31.34381169866799866, -3.066395524838999798, 77.09421674458999973 ) ) ;
#1385 = ORIENTED_EDGE ( 'NONE', *, *, #1517, .F. ) ;
#1386 = CARTESIAN_POINT ( 'NONE',  ( 30.72367826362700072, 2.754808813041000004, 76.56643184172500582 ) ) ;
#1387 = CARTESIAN_POINT ( 'NONE',  ( 34.25421562265500341, -2.630511794377000445, 77.49371977328701178 ) ) ;
#1388 = CARTESIAN_POINT ( 'NONE',  ( 29.83220913188699797, 1.424462577508999850, 77.19599012881299416 ) ) ;
#1389 = CARTESIAN_POINT ( 'NONE',  ( 32.12259493503700014, -3.093330761478000124, 69.60499618801898691 ) ) ;
#1390 = CARTESIAN_POINT ( 'NONE',  ( 30.20940639544100037, 4.443621766319999722, 75.92420346148000476 ) ) ;
#1391 = FACE_OUTER_BOUND ( 'NONE', #1313, .T. ) ;
#1392 = CARTESIAN_POINT ( 'NONE',  ( 40.18193922118300065, -3.666174209354000180, 66.65000000000000568 ) ) ;
#1393 = ADVANCED_FACE ( 'NONE', ( #2347 ), #259, .T. ) ;
#1394 = CARTESIAN_POINT ( 'NONE',  ( 36.19073999999999813, -4.103647450318000267, 76.27453471557299736 ) ) ;
#1395 = CARTESIAN_POINT ( 'NONE',  ( 38.00789484072100066, -7.332348418707999471, 73.00000000000000000 ) ) ;
#1396 = CARTESIAN_POINT ( 'NONE',  ( 34.32629036103700315, -5.156659890258000090, 72.26154147399900296 ) ) ;
#1397 = CARTESIAN_POINT ( 'NONE',  ( 29.26191788786299952, -1.950523337936999946, 68.94667961833900449 ) ) ;
#1398 = CARTESIAN_POINT ( 'NONE',  ( 33.00699346057599826, 4.911665343432000341, 75.17630060565299743 ) ) ;
#1399 = CARTESIAN_POINT ( 'NONE',  ( 31.54385996202199749, -4.901116096683999501, 74.48410885219600175 ) ) ;
#1400 =( BOUNDED_CURVE ( )  B_SPLINE_CURVE ( 2, ( #1392, #4914, #4088 ),
 .UNSPECIFIED., .F., .F. ) 
 B_SPLINE_CURVE_WITH_KNOTS ( ( 3, 3 ),
 ( 0.000000000000000000, 1.000000000000000000 ),
 .UNSPECIFIED. ) 
 CURVE ( )  GEOMETRIC_REPRESENTATION_ITEM ( )  RATIONAL_B_SPLINE_CURVE ( ( 1.000000000000000000, 1.004815706086187976, 1.000000000000000000 ) ) 
 REPRESENTATION_ITEM ( '' )  );
#1401 = ORIENTED_EDGE ( 'NONE', *, *, #3021, .F. ) ;
#1402 = CARTESIAN_POINT ( 'NONE',  ( 35.83018965167399728, -4.206647610134999660, 70.91998389491701005 ) ) ;
#1403 = CARTESIAN_POINT ( 'NONE',  ( 36.60602002319500770, -3.805265483125999992, 75.82943756714999495 ) ) ;
#1404 = DIRECTION ( 'NONE',  ( 1.000000000000000000, 2.200000000000000003E-16, 0.000000000000000000 ) ) ;
#1405 = CARTESIAN_POINT ( 'NONE',  ( 34.94481793459699759, -3.155335629167000278, 69.53693271605500570 ) ) ;
#1406 = ORIENTED_EDGE ( 'NONE', *, *, #3002, .T. ) ;
#1407 = CARTESIAN_POINT ( 'NONE',  ( 34.31273610649599703, -4.145880591829999240, 76.15397841120901035 ) ) ;
#1408 = CARTESIAN_POINT ( 'NONE',  ( 29.85684506594400034, 0.7123698837899999914, 77.32862806586298632 ) ) ;
#1409 = CARTESIAN_POINT ( 'NONE',  ( 32.91935313777699434, 5.280559215937000062, 72.50967624325099337 ) ) ;
#1410 = CARTESIAN_POINT ( 'NONE',  ( 33.71818124272400041, -2.162452725624000038, 77.04474307374799480 ) ) ;
#1411 = CARTESIAN_POINT ( 'NONE',  ( 32.03087552696100460, 5.089855646755999885, 74.31576206441899046 ) ) ;
#1412 = CARTESIAN_POINT ( 'NONE',  ( 33.59517313159300045, 1.463161518416999929, 77.30999998310699084 ) ) ;
#1413 = CONICAL_SURFACE ( 'NONE', #1006, 6.349999999999994316, 1.047200821370000368 ) ;
#1414 = CARTESIAN_POINT ( 'NONE',  ( 29.64073999999999742, 1.599999999999999868E-16, 75.94999999999998863 ) ) ;
#1415 = EDGE_CURVE ( 'NONE', #2881, #3007, #4112, .T. ) ;
#1416 = AXIS2_PLACEMENT_3D ( 'NONE', #1171, #329, #1076 ) ;
#1417 = CARTESIAN_POINT ( 'NONE',  ( 33.27407915373699865, -1.364090837616000140, 77.99428346115500688 ) ) ;
#1418 = CARTESIAN_POINT ( 'NONE',  ( 36.66285587503799803, 5.250000219449000305, 73.51529805756700853 ) ) ;
#1419 = CARTESIAN_POINT ( 'NONE',  ( 29.30472068705709177, -2.439454888092384977E-16, 68.50102846006051038 ) ) ;
#1420 = CARTESIAN_POINT ( 'NONE',  ( 32.57065129361399869, -4.364485661966000407, 69.71355568618601239 ) ) ;
#1421 = CARTESIAN_POINT ( 'NONE',  ( 30.32950750998399769, 2.658680098118000323, 77.33206927873199277 ) ) ;
#1422 = CONICAL_SURFACE ( 'NONE', #3455, 5.250000000000004441, 0.03123964828145001787 ) ;
#1423 = CARTESIAN_POINT ( 'NONE',  ( 29.84030087368300244, 0.1294940683109999935, 67.95011007780099987 ) ) ;
#1424 = VERTEX_POINT ( 'NONE', #2572 ) ;
#1425 = CARTESIAN_POINT ( 'NONE',  ( 37.17031687597099676, -4.873059267717999354, 70.89272591152798952 ) ) ;
#1426 = CARTESIAN_POINT ( 'NONE',  ( 36.47574000000000183, 0.1323815108530000118, 67.64623429280101163 ) ) ;
#1427 = CARTESIAN_POINT ( 'NONE',  ( 30.44486505494400319, -4.053770215670000177, 76.07507916165499751 ) ) ;
#1428 =( BOUNDED_CURVE ( )  B_SPLINE_CURVE ( 3, ( #3362, #4566, #3803, #1806 ),
 .UNSPECIFIED., .F., .F. ) 
 B_SPLINE_CURVE_WITH_KNOTS ( ( 4, 4 ),
 ( 6.283184833411213255, 6.805500695058675831 ),
 .UNSPECIFIED. ) 
 CURVE ( )  GEOMETRIC_REPRESENTATION_ITEM ( )  RATIONAL_B_SPLINE_CURVE ( ( 1.000000000000000000, 0.9773944325574772662, 0.9773944325574772662, 1.000000000000000000 ) ) 
 REPRESENTATION_ITEM ( '' )  );
#1429 = CARTESIAN_POINT ( 'NONE',  ( 39.69950599505600053, -3.666174209354000180, 66.65000000000000568 ) ) ;
#1430 = CARTESIAN_POINT ( 'NONE',  ( 34.63434349507600274, -1.469982091597999974, 77.34221174641498919 ) ) ;
#1431 = ORIENTED_EDGE ( 'NONE', *, *, #2919, .T. ) ;
#1432 = CARTESIAN_POINT ( 'NONE',  ( 35.24459870561999253, -3.968641371910999638, 76.40881660896299366 ) ) ;
#1433 = CARTESIAN_POINT ( 'NONE',  ( 29.63213013865999912, 4.375765785739999636, 72.59366416106900033 ) ) ;
#1434 = CARTESIAN_POINT ( 'NONE',  ( 32.76379914844413577, 9.080193194566099635E-16, 67.85709126581929240 ) ) ;
#1435 = CARTESIAN_POINT ( 'NONE',  ( 29.41648100000000099, 2.892612439500000127E-07, 78.13480160742199132 ) ) ;
#1436 = CARTESIAN_POINT ( 'NONE',  ( 32.50454101131499840, -5.159732300846000541, 71.55108777043601265 ) ) ;
#1437 = ORIENTED_EDGE ( 'NONE', *, *, #1659, .F. ) ;
#1438 = CARTESIAN_POINT ( 'NONE',  ( 34.41273446031799921, 4.185264879738000765, 74.85440415320398699 ) ) ;
#1439 = CARTESIAN_POINT ( 'NONE',  ( 33.44422900084099837, -4.460315916004000236, 70.36167800556799534 ) ) ;
#1440 = CARTESIAN_POINT ( 'NONE',  ( 33.14638985872299770, -0.8195523557170000251, 68.56857446240599074 ) ) ;
#1441 = DIRECTION ( 'NONE',  ( -1.000000000000000000, -2.200000000000000003E-16, 0.000000000000000000 ) ) ;
#1442 = CARTESIAN_POINT ( 'NONE',  ( 31.61514739522099759, 3.775318399323999596, 75.48436147345401537 ) ) ;
#1443 = ADVANCED_FACE ( 'NONE', ( #2145 ), #4624, .T. ) ;
#1444 = CARTESIAN_POINT ( 'NONE',  ( 29.30252294901642074, -0.1035088353150651480, 68.50329596837400459 ) ) ;
#1445 = LINE ( 'NONE', #1377, #2618 ) ;
#1446 = CARTESIAN_POINT ( 'NONE',  ( 31.59051146109000285, 4.102708235376000268, 74.81782111254899803 ) ) ;
#1447 = STYLED_ITEM ( 'NONE', ( #4264 ), #4017 ) ;
#1448 = ORIENTED_EDGE ( 'NONE', *, *, #457, .F. ) ;
#1449 = CARTESIAN_POINT ( 'NONE',  ( 36.13443477287599848, 3.766977732713999938, 70.15116635861700445 ) ) ;
#1450 = EDGE_CURVE ( 'NONE', #1662, #2125, #1948, .T. ) ;
#1451 = CARTESIAN_POINT ( 'NONE',  ( 31.83669924294400033, -2.133873511827999891, 76.99129443881699331 ) ) ;
#1452 = CARTESIAN_POINT ( 'NONE',  ( 30.33680983077999826, -1.011757649721000130, 77.98581769593999979 ) ) ;
#1453 = CARTESIAN_POINT ( 'NONE',  ( 34.93774732861599830, 4.027157788128000071, 76.73275151051400655 ) ) ;
#1454 = CARTESIAN_POINT ( 'NONE',  ( 34.86176401054400742, -4.448388747191999393, 71.75088315555099427 ) ) ;
#1455 = ORIENTED_EDGE ( 'NONE', *, *, #2525, .T. ) ;
#1456 = CARTESIAN_POINT ( 'NONE',  ( 35.13560790876899631, -0.6953338255990000327, 78.18922517299299102 ) ) ;
#1457 = CARTESIAN_POINT ( 'NONE',  ( 32.98483870504799143, 5.138734168125999702, 72.51356954224600315 ) ) ;
#1458 = CARTESIAN_POINT ( 'NONE',  ( 32.98028201105800150, -4.390073494395999809, 71.76726147205799577 ) ) ;
#1459 = CARTESIAN_POINT ( 'NONE',  ( 35.95239613137299983, 1.757232440546999896, 78.17637950086100318 ) ) ;
#1460 = CARTESIAN_POINT ( 'NONE',  ( 32.86409822833299899, 4.850480213573999499, 70.58679931626200243 ) ) ;
#1461 = CONICAL_SURFACE ( 'NONE', #4333, 9.038359848542995678, 1.047194281022999940 ) ;
#1462 = CARTESIAN_POINT ( 'NONE',  ( 33.29727250075100642, -4.662200074603999767, 75.23597596349500805 ) ) ;
#1463 = ORIENTED_EDGE ( 'NONE', *, *, #546, .F. ) ;
#1464 = CARTESIAN_POINT ( 'NONE',  ( 33.54590126318599630, 2.810583091265999922, 76.63864788651200399 ) ) ;
#1465 = CARTESIAN_POINT ( 'NONE',  ( 39.94071895468699296, 2.289104628451999801, 66.65000000000000568 ) ) ;
#1466 = CARTESIAN_POINT ( 'NONE',  ( 31.76296299999999917, 8.692417599999999458E-07, 77.38819394570900556 ) ) ;
#1467 = B_SPLINE_CURVE_WITH_KNOTS ( 'NONE', 1,
 ( #367, #4307 ),
 .UNSPECIFIED., .F., .F.,
 ( 2, 2 ),
 ( 0.07929630608173157680, 0.9300000000000001599 ),
 .UNSPECIFIED. ) ;
#1468 = DIRECTION ( 'NONE',  ( 0.000000000000000000, 0.000000000000000000, 1.000000000000000000 ) ) ;
#1469 = CARTESIAN_POINT ( 'NONE',  ( 29.30472068705709177, -2.439454888092384977E-16, 68.50102846006051038 ) ) ;
#1470 = ORIENTED_EDGE ( 'NONE', *, *, #3979, .F. ) ;
#1471 = DIRECTION ( 'NONE',  ( 0.000000000000000000, -2.419999999999999880E-15, -1.000000000000000000 ) ) ;
#1472 = CARTESIAN_POINT ( 'NONE',  ( 29.32038668294533679, 0.7394294787981643413, 68.52123902016992929 ) ) ;
#1473 = CARTESIAN_POINT ( 'NONE',  ( 36.11314961855599392, -3.779367709230999850, 77.10835483613900010 ) ) ;
#1474 = CARTESIAN_POINT ( 'NONE',  ( 37.44073999999999813, 1.889999999999999946E-15, 73.00000000000000000 ) ) ;
#1475 = CARTESIAN_POINT ( 'NONE',  ( 34.19392224261500246, -2.568235740653999954, 77.80361791090999191 ) ) ;
#1476 = ADVANCED_FACE ( 'NONE', ( #2555 ), #2157, .T. ) ;
#1477 = CARTESIAN_POINT ( 'NONE',  ( 38.99285942128800286, 2.229999999999999948E-15, 73.00000000000000000 ) ) ;
#1478 = EDGE_LOOP ( 'NONE', ( #1935, #3220, #4793, #1324 ) ) ;
#1479 = CARTESIAN_POINT ( 'NONE',  ( 29.79305657660800222, -2.792284403667999904, 68.47317577151700618 ) ) ;
#1480 = CARTESIAN_POINT ( 'NONE',  ( 42.44073999999999813, 3.777323399573675697E-15, 67.99999999999998579 ) ) ;
#1481 = DIRECTION ( 'NONE',  ( 0.000000000000000000, 0.000000000000000000, 1.000000000000000000 ) ) ;
#1482 = ORIENTED_EDGE ( 'NONE', *, *, #5004, .T. ) ;
#1483 = ORIENTED_EDGE ( 'NONE', *, *, #125, .T. ) ;
#1484 = B_SPLINE_SURFACE_WITH_KNOTS ( 'NONE', 1, 9, ( 
 ( #4409, #894, #559, #638, #2576, #1832, #3882, #5024, #4591, #3058, #685, #4229, #2232, #886, #3131, #1539, #1959, #4063 ),
 ( #161, #583, #3748, #2954, #1515, #3053, #1134, #3773, #4860, #3716, #4395, #1874, #4141, #672, #4118, #4918, #157, #1370 ) ),
 .UNSPECIFIED., .F., .F., .F.,
 ( 2, 2 ),
 ( 10, 8, 10 ),
 ( 0.000000000000000000, 0.9300000000000000488 ),
 ( 0.000000000000000000, 1.675604917180000042, 3.166869359121999850 ),
 .UNSPECIFIED. ) ;
#1485 = CARTESIAN_POINT ( 'NONE',  ( 36.51905574567850010, -0.4742812030163894854, 67.75000003303316021 ) ) ;
#1486 = CARTESIAN_POINT ( 'NONE',  ( 36.19073999999999813, 9.670604304476394179E-16, 67.74999999999998579 ) ) ;
#1487 = CARTESIAN_POINT ( 'NONE',  ( 31.01885198147900269, -4.279132234393999923, 74.12042926819401600 ) ) ;
#1488 = CARTESIAN_POINT ( 'NONE',  ( 31.56587552696100119, 4.299604588144999795, 74.11145664827299129 ) ) ;
#1489 = CARTESIAN_POINT ( 'NONE',  ( 36.46666799999999853, 2.317270785000000039E-06, 77.53518385522301060 ) ) ;
#1490 = VECTOR ( 'NONE', #2978, 1000.000000000000000 ) ;
#1491 = ORIENTED_EDGE ( 'NONE', *, *, #4558, .F. ) ;
#1492 = DIRECTION ( 'NONE',  ( 1.000000000000000000, 2.200000000000000003E-16, 0.000000000000000000 ) ) ;
#1493 = CARTESIAN_POINT ( 'NONE',  ( 31.14236270701299958, 3.298570889830000130, 76.89399750031100211 ) ) ;
#1494 = CARTESIAN_POINT ( 'NONE',  ( 30.77720336034998283, -1.795709848179116719E-16, 67.91917201678225524 ) ) ;
#1495 = VECTOR ( 'NONE', #438, 1000.000000000000000 ) ;
#1496 = CARTESIAN_POINT ( 'NONE',  ( 34.67343886383499552, 2.884900473667999954, 68.30968848847099650 ) ) ;
#1497 = AXIS2_PLACEMENT_3D ( 'NONE', #4755, #1112, #1259 ) ;
#1498 = CARTESIAN_POINT ( 'NONE',  ( 30.12513172995499744, 4.751105713498999350, 74.77374716863199922 ) ) ;
#1499 = CARTESIAN_POINT ( 'NONE',  ( 36.19073999999999813, 1.609999999999999932E-15, 73.00000000000000000 ) ) ;
#1500 = ORIENTED_EDGE ( 'NONE', *, *, #4028, .T. ) ;
#1501 = CARTESIAN_POINT ( 'NONE',  ( 38.00789484072100066, 7.332348418707999471, 73.00000000000000000 ) ) ;
#1502 = CARTESIAN_POINT ( 'NONE',  ( 35.35347546006099861, 4.212783761238999780, 74.86659849996900107 ) ) ;
#1503 = CARTESIAN_POINT ( 'NONE',  ( 33.09824592122900100, 4.077027294441999850, 76.18415056439300770 ) ) ;
#1504 = EDGE_CURVE ( 'NONE', #1987, #1173, #1166, .T. ) ;
#1505 = CARTESIAN_POINT ( 'NONE',  ( 35.44824357583799923, -2.904557000510000098, 68.29113681470199992 ) ) ;
#1506 = SURFACE_SIDE_STYLE ('',( #3838 ) ) ;
#1507 = EDGE_LOOP ( 'NONE', ( #359, #1238, #414, #2512, #4933 ) ) ;
#1508 = CARTESIAN_POINT ( 'NONE',  ( 34.22532531859400251, 3.133073129412999869, 69.54957162488499023 ) ) ;
#1509 = CARTESIAN_POINT ( 'NONE',  ( 31.09880001157199914, -4.331758241696999967, 71.78363978879698948 ) ) ;
#1510 = ORIENTED_EDGE ( 'NONE', *, *, #2217, .T. ) ;
#1511 = CARTESIAN_POINT ( 'NONE',  ( 41.87357659274599797, 7.332348418707999471, 73.00000000000000000 ) ) ;
#1512 = CARTESIAN_POINT ( 'NONE',  ( 29.82031551954399973, -3.930121655799000191, 69.78836249835400452 ) ) ;
#1513 = CARTESIAN_POINT ( 'NONE',  ( 30.66148465277600010, -4.820033168723999673, 70.61662616484599653 ) ) ;
#1514 = CARTESIAN_POINT ( 'NONE',  ( 32.34263723290499826, -4.413990162595999855, 75.64598852822700792 ) ) ;
#1515 = CARTESIAN_POINT ( 'NONE',  ( 36.57814961855499547, -3.209733804552000080, 76.48922820016500168 ) ) ;
#1516 = ORIENTED_EDGE ( 'NONE', *, *, #2106, .T. ) ;
#1517 = EDGE_CURVE ( 'NONE', #3462, #456, #3848, .T. ) ;
#1518 = CARTESIAN_POINT ( 'NONE',  ( 35.40981793459700100, -3.721569436435000267, 68.91535869177300810 ) ) ;
#1519 = LINE ( 'NONE', #3057, #2499 ) ;
#1520 = CARTESIAN_POINT ( 'NONE',  ( 35.37811139433699736, 3.876590372513999849, 75.55101182090999146 ) ) ;
#1521 = CARTESIAN_POINT ( 'NONE',  ( 33.79848513452299841, 5.042757618373000739, 71.75862218683599281 ) ) ;
#1522 = VERTEX_POINT ( 'NONE', #2513 ) ;
#1523 = CARTESIAN_POINT ( 'NONE',  ( 35.28387324041700879, -4.718374031199999763, 75.26272249691699301 ) ) ;
#1524 = CARTESIAN_POINT ( 'NONE',  ( 35.42738326289099859, 2.847765943439000136, 76.68679191638500470 ) ) ;
#1525 = VECTOR ( 'NONE', #684, 1000.000000000000000 ) ;
#1526 = CARTESIAN_POINT ( 'NONE',  ( 34.60762831588952082, -1.298567188267510275, 67.94718636248397559 ) ) ;
#1527 = CARTESIAN_POINT ( 'NONE',  ( 36.39276019705899756, 2.208613168613000166, 77.11855854214499573 ) ) ;
#1528 = CARTESIAN_POINT ( 'NONE',  ( 33.35149623302299915, -4.915195543267000922, 75.19417677392300448 ) ) ;
#1529 = DIRECTION ( 'NONE',  ( 1.000000000000000000, 2.200000000000000003E-16, 0.000000000000000000 ) ) ;
#1530 = VERTEX_POINT ( 'NONE', #3827 ) ;
#1531 = CARTESIAN_POINT ( 'NONE',  ( 34.08975335878399449, -0.6909780566179999362, 78.15671655527199846 ) ) ;
#1532 = DIRECTION ( 'NONE',  ( -0.9995120818701390686, -2.200000000000305194E-16, -0.03123456731924435098 ) ) ;
#1533 = EDGE_CURVE ( 'NONE', #1424, #1530, #3026, .T. ) ;
#1534 = DIRECTION ( 'NONE',  ( 1.000000000000000000, 2.200000000000000003E-16, 0.000000000000000000 ) ) ;
#1535 = CARTESIAN_POINT ( 'NONE',  ( 36.30489945364899995, -3.655565812463000164, 69.19847080964700581 ) ) ;
#1536 = ORIENTED_EDGE ( 'NONE', *, *, #4181, .T. ) ;
#1537 = CARTESIAN_POINT ( 'NONE',  ( 35.22223723276700014, -4.942678321849000689, 75.20644422975900056 ) ) ;
#1538 = CARTESIAN_POINT ( 'NONE',  ( 39.94071895468699296, -6.643813628256999948, 74.19257723983899666 ) ) ;
#1539 = CARTESIAN_POINT ( 'NONE',  ( 37.35613147594499850, -1.645345906724999807, 67.76923348389600221 ) ) ;
#1540 = CARTESIAN_POINT ( 'NONE',  ( 35.27657613689500238, 4.554363483303000670, 72.57708408918500709 ) ) ;
#1541 = CARTESIAN_POINT ( 'NONE',  ( 36.16285444603099819, -5.202032578046999589, 73.82720189651800524 ) ) ;
#1542 = ORIENTED_EDGE ( 'NONE', *, *, #4558, .T. ) ;
#1543 = CARTESIAN_POINT ( 'NONE',  ( 35.27405524652400004, -4.565559494557000164, 75.57031406671200102 ) ) ;
#1544 = CARTESIAN_POINT ( 'NONE',  ( 29.55563300264000048, 2.350215909900000177, 77.15263608126699069 ) ) ;
#1545 = CARTESIAN_POINT ( 'NONE',  ( 35.37811139433699736, 3.876590372513999849, 75.55101182090999146 ) ) ;
#1546 = CARTESIAN_POINT ( 'NONE',  ( 33.89333836948699741, -4.512138305477000344, 72.59528189353599714 ) ) ;
#1547 =( BOUNDED_CURVE ( )  B_SPLINE_CURVE ( 2, ( #4603, #2999, #4582 ),
 .UNSPECIFIED., .F., .F. ) 
 B_SPLINE_CURVE_WITH_KNOTS ( ( 3, 3 ),
 ( 0.000000000000000000, 1.000000000000000000 ),
 .UNSPECIFIED. ) 
 CURVE ( )  GEOMETRIC_REPRESENTATION_ITEM ( )  RATIONAL_B_SPLINE_CURVE ( ( 1.000000000000000000, 1.004815706087394123, 1.000000000000000000 ) ) 
 REPRESENTATION_ITEM ( '' )  );
#1548 = CARTESIAN_POINT ( 'NONE',  ( 29.64073999999999742, 1.599999999999999868E-16, 73.00000000000000000 ) ) ;
#1549 = ORIENTED_EDGE ( 'NONE', *, *, #4832, .T. ) ;
#1550 = CARTESIAN_POINT ( 'NONE',  ( 35.05044693968899594, -1.378755789053000003, 78.04802703194501134 ) ) ;
#1551 = CARTESIAN_POINT ( 'NONE',  ( 34.05068797610000075, 3.831656220264000101, 76.50713806041099474 ) ) ;
#1552 = CARTESIAN_POINT ( 'NONE',  ( 30.88284740951799989, 1.911617874039999831, 68.01775197896701286 ) ) ;
#1553 = CARTESIAN_POINT ( 'NONE',  ( 30.54089191874499676, -3.856855946772999921, 76.31287842884600536 ) ) ;
#1554 = CARTESIAN_POINT ( 'NONE',  ( 32.39979679504899934, -5.083897121651999917, 73.81131400903399253 ) ) ;
#1555 = ADVANCED_FACE ( 'NONE', ( #341 ), #686, .T. ) ;
#1556 = ORIENTED_EDGE ( 'NONE', *, *, #1963, .T. ) ;
#1557 = CARTESIAN_POINT ( 'NONE',  ( 37.44073999999999813, 6.277051480177907372, 71.89175894432125347 ) ) ;
#1558 = CARTESIAN_POINT ( 'NONE',  ( 32.01185637007400686, -4.452584890926999606, 72.60062505750100570 ) ) ;
#1559 = CARTESIAN_POINT ( 'NONE',  ( 29.95521724316499856, -2.105294298075999659, 76.93784580389801420 ) ) ;
#1560 = EDGE_CURVE ( 'NONE', #3439, #4320, #1344, .T. ) ;
#1561 = CIRCLE ( 'NONE', #2295, 6.750000000000006217 ) ;
#1562 = DIRECTION ( 'NONE',  ( 1.000000000000000000, 2.200000000000000003E-16, 0.000000000000000000 ) ) ;
#1563 = CARTESIAN_POINT ( 'NONE',  ( 33.87763733236599961, 4.982731577495000508, 74.47302414957798078 ) ) ;
#1564 = EDGE_LOOP ( 'NONE', ( #491, #1973, #745 ) ) ;
#1565 = CARTESIAN_POINT ( 'NONE',  ( 35.47665513144599458, 1.482510988871999835, 77.36700491030198634 ) ) ;
#1566 = AXIS2_PLACEMENT_3D ( 'NONE', #972, #992, #2533 ) ;
#1567 = CARTESIAN_POINT ( 'NONE',  ( 34.35833836948700082, -5.327916955981000235, 72.52208145292399877 ) ) ;
#1568 = CARTESIAN_POINT ( 'NONE',  ( 33.33983922811199818, 4.128484905266000204, 70.94594241110900157 ) ) ;
#1569 = CARTESIAN_POINT ( 'NONE',  ( 34.64569175608687601, 0.01426466993603771674, 67.79830007441628936 ) ) ;
#1570 = CARTESIAN_POINT ( 'NONE',  ( 35.58626375822107946, 0.008440489080869235591, 67.76889385620908968 ) ) ;
#1571 = CARTESIAN_POINT ( 'NONE',  ( 33.73269786394600089, 2.868894073283999813, 68.33570837195000536 ) ) ;
#1572 = VECTOR ( 'NONE', #2752, 999.9999999999998863 ) ;
#1573 = CARTESIAN_POINT ( 'NONE',  ( 34.67981520619999714, 4.192930129595000110, 69.89008059160100572 ) ) ;
#1574 = VERTEX_POINT ( 'NONE', #681 ) ;
#1575 = CARTESIAN_POINT ( 'NONE',  ( 30.42021724316400011, -2.496787706843000443, 77.66999632373800466 ) ) ;
#1576 = CARTESIAN_POINT ( 'NONE',  ( 36.19073999999999813, 1.609999999999999932E-15, 73.00000000000000000 ) ) ;
#1577 = EDGE_CURVE ( 'NONE', #3007, #4615, #2315, .T. ) ;
#1578 = CARTESIAN_POINT ( 'NONE',  ( 29.38342585886899982, -0.7978078550760000498, 68.68616617572499194 ) ) ;
#1579 =( BOUNDED_CURVE ( )  B_SPLINE_CURVE ( 2, ( #2785, #2410, #4023 ),
 .UNSPECIFIED., .F., .F. ) 
 B_SPLINE_CURVE_WITH_KNOTS ( ( 3, 3 ),
 ( 0.000000000000000000, 1.000000000000000000 ),
 .UNSPECIFIED. ) 
 CURVE ( )  GEOMETRIC_REPRESENTATION_ITEM ( )  RATIONAL_B_SPLINE_CURVE ( ( 1.000000000000000000, 1.004815706087160088, 1.000000000000000000 ) ) 
 REPRESENTATION_ITEM ( '' )  );
#1580 = CARTESIAN_POINT ( 'NONE',  ( 29.39244951907200232, 3.680140194349999838, 70.18804675685601069 ) ) ;
#1581 = CARTESIAN_POINT ( 'NONE',  ( 35.48274788850677197, 0.06422815161632500214, 67.77244026518373232 ) ) ;
#1582 = B_SPLINE_CURVE_WITH_KNOTS ( 'NONE', 6,
 ( #4902, #2090, #4072, #4875, #195, #1382, #2862, #2805, #535, #558, #1327, #4408, #893, #2428, #502, #169, #1729, #2889, #4467, #3649, #974, #2064, #3618, #110, #947, #3223, #4816, #3287, #2514, #1298, #4101, #2146, #139, #1699, #2490, #1880, #1493, #4611, #707, #1091, #3336, #3033, #2253, #3852, #242, #2961, #4999 ),
 .UNSPECIFIED., .F., .F.,
 ( 7, 5, 5, 5, 5, 5, 5, 5, 5, 7 ),
 ( 0.4993295323306399802, 0.5007173536579999640, 0.5636052543640001078, 0.6266375888280000250, 0.6886902453079999376, 0.7516441653050000005, 0.8145076865179999848, 0.8773716227439999349, 0.9405098379849999857, 1.000000000000000000 ),
 .UNSPECIFIED. ) ;
#1583 = CARTESIAN_POINT ( 'NONE',  ( 36.41748332341620653, 7.318364664277154930E-16, 67.75000000136793687 ) ) ;
#1584 = ORIENTED_EDGE ( 'NONE', *, *, #4657, .T. ) ;
#1585 = CARTESIAN_POINT ( 'NONE',  ( 37.44073999999999813, 5.222189935236310809, 69.34509841230035931 ) ) ;
#1586 = CARTESIAN_POINT ( 'NONE',  ( 29.50170117389700053, 4.152371425094000479, 75.22179357762999530 ) ) ;
#1587 = CARTESIAN_POINT ( 'NONE',  ( 31.93501423353700019, -4.107292927632999913, 74.83356338910201089 ) ) ;
#1588 = CARTESIAN_POINT ( 'NONE',  ( 29.97979599088700198, -2.733730861832999626, 76.55139617989199508 ) ) ;
#1589 = CARTESIAN_POINT ( 'NONE',  ( 32.18831484695899547, 8.678676140000000287E-07, 78.12492495573499696 ) ) ;
#1590 = EDGE_CURVE ( 'NONE', #5094, #3104, #1093, .T. ) ;
#1591 = CARTESIAN_POINT ( 'NONE',  ( 33.93696917973900185, 4.029379330232000456, 76.28323162871200225 ) ) ;
#1592 = ORIENTED_EDGE ( 'NONE', *, *, #2342, .T. ) ;
#1593 = CARTESIAN_POINT ( 'NONE',  ( 29.03905499103300158, -2.715179567609999456, 76.52729931361200499 ) ) ;
#1594 = CARTESIAN_POINT ( 'NONE',  ( 35.02555006576000096, 0.8690808178110001059, 78.28102136305800229 ) ) ;
#1595 = CARTESIAN_POINT ( 'NONE',  ( 30.15805901182899973, -4.302600615397000006, 71.79182894720798913 ) ) ;
#1596 = DIRECTION ( 'NONE',  ( 0.000000000000000000, 0.000000000000000000, 1.000000000000000000 ) ) ;
#1597 = CARTESIAN_POINT ( 'NONE',  ( 28.94073999999999813, 3.666174209354000180, 66.65000000000000568 ) ) ;
#1598 = CARTESIAN_POINT ( 'NONE',  ( 33.84320768254100642, 5.225357696492999082, 71.51688460561700822 ) ) ;
#1599 = DIRECTION ( 'NONE',  ( 0.000000000000000000, 0.000000000000000000, 1.000000000000000000 ) ) ;
#1600 = CARTESIAN_POINT ( 'NONE',  ( 31.81212049529699826, -1.441026954960999973, 77.25669132537800010 ) ) ;
#1601 = CARTESIAN_POINT ( 'NONE',  ( 34.84669206460099389, 4.637890362804999889, 75.39323181186699685 ) ) ;
#1602 = ORIENTED_EDGE ( 'NONE', *, *, #541, .F. ) ;
#1603 = AXIS2_PLACEMENT_3D ( 'NONE', #698, #722, #2320 ) ;
#1604 = CARTESIAN_POINT ( 'NONE',  ( 29.68439352754900185, 4.241914638253000192, 74.09654255797300948 ) ) ;
#1605 = CARTESIAN_POINT ( 'NONE',  ( 35.85472500121599637, 5.129176883752999849, 74.16776489899399394 ) ) ;
#1606 = CARTESIAN_POINT ( 'NONE',  ( 30.77222321759199986, -1.914857042862999847, 68.02203160071499610 ) ) ;
#1607 = CARTESIAN_POINT ( 'NONE',  ( 41.87357659274599797, -3.666174209354000180, 79.35000000000000853 ) ) ;
#1608 = CARTESIAN_POINT ( 'NONE',  ( 36.41575114565625171, -0.06185355537082889293, 67.75027762287757582 ) ) ;
#1609 = ORIENTED_EDGE ( 'NONE', *, *, #4580, .F. ) ;
#1610 = CARTESIAN_POINT ( 'NONE',  ( 31.32021995475900411, 0.8070082180300000019, 68.62564155874399319 ) ) ;
#1611 = CARTESIAN_POINT ( 'NONE',  ( 35.54818395461200708, 0.9773210340369999916, 67.70264579243600167 ) ) ;
#1612 = CARTESIAN_POINT ( 'NONE',  ( 30.72367826362700072, 2.754808813041000004, 76.56643184172500582 ) ) ;
#1613 = CARTESIAN_POINT ( 'NONE',  ( 31.30537828399499745, 1.587563921656000021, 77.85450719880600445 ) ) ;
#1614 = CARTESIAN_POINT ( 'NONE',  ( 33.66627386048158144, -1.311950397981465288, 67.98058301361817257 ) ) ;
#1615 = EDGE_LOOP ( 'NONE', ( #4241, #2021, #4777, #2893, #1286 ) ) ;
#1616 = CARTESIAN_POINT ( 'NONE',  ( 29.08821248654999891, -3.700871627939000152, 75.44829881516298542 ) ) ;
#1617 = CARTESIAN_POINT ( 'NONE',  ( 33.45410684987100325, -4.278582514385000479, 70.07158414223100351 ) ) ;
#1618 = CARTESIAN_POINT ( 'NONE',  ( 40.03343979002507780, -2.949166387664140299, 66.65000000000007674 ) ) ;
#1619 = CARTESIAN_POINT ( 'NONE',  ( 34.38602301080099721, -5.218047554234000351, 71.53470945553999627 ) ) ;
#1620 = CARTESIAN_POINT ( 'NONE',  ( 33.36746668279799621, 4.398113377378999544, 71.75163499052200677 ) ) ;
#1621 = PLANE ( 'NONE',  #3904 ) ;
#1622 = CARTESIAN_POINT ( 'NONE',  ( 32.75850066138882966, -0.1819959767588422705, 67.85918900788128383 ) ) ;
#1623 = ADVANCED_FACE ( 'NONE', ( #3432 ), #2272, .T. ) ;
#1624 = CARTESIAN_POINT ( 'NONE',  ( 30.09555446535700085, 5.012603809462000015, 73.80681842503000212 ) ) ;
#1625 = CARTESIAN_POINT ( 'NONE',  ( 34.98252641823599873, 0.9729051584079999593, 78.13926313896499209 ) ) ;
#1626 = EDGE_LOOP ( 'NONE', ( #1275, #2658, #4549, #2185 ) ) ;
#1627 = CARTESIAN_POINT ( 'NONE',  ( 30.44479599088699828, -3.241979146676000401, 77.21156239187499182 ) ) ;
#1628 = CARTESIAN_POINT ( 'NONE',  ( 39.69950599505600053, -3.666174209354000180, 79.35000000000000853 ) ) ;
#1629 = CARTESIAN_POINT ( 'NONE',  ( 35.80504479873799539, 5.225754365276000790, 72.43405701861799173 ) ) ;
#1630 = CARTESIAN_POINT ( 'NONE',  ( 35.58602217608965645, 2.447925217564927980E-16, 67.76889731995417776 ) ) ;
#1631 = CARTESIAN_POINT ( 'NONE',  ( 35.64258806670500235, 4.631090107910999620, 70.52464582115499070 ) ) ;
#1632 = DIRECTION ( 'NONE',  ( 1.000000000000000000, 2.200000000000000003E-16, 0.000000000000000000 ) ) ;
#1633 = CARTESIAN_POINT ( 'NONE',  ( 29.80042944201553112, -0.4235881110330542154, 67.98958692250027980 ) ) ;
#1634 = CARTESIAN_POINT ( 'NONE',  ( 35.43076092984299663, -4.515071215891000023, 70.33188684656001044 ) ) ;
#1635 = ORIENTED_EDGE ( 'NONE', *, *, #288, .F. ) ;
#1636 = CARTESIAN_POINT ( 'NONE',  ( 36.51655240915099654, 1.965862530341000003, 67.87639196042199785 ) ) ;
#1637 = FACE_OUTER_BOUND ( 'NONE', #3994, .T. ) ;
#1638 = CARTESIAN_POINT ( 'NONE',  ( 31.71794437135132938, -3.117081245895825248E-16, 67.88977403403113442 ) ) ;
#1639 = CARTESIAN_POINT ( 'NONE',  ( 31.31484166902599853, 1.279308565518999963, 77.95135110966799630 ) ) ;
#1640 = CARTESIAN_POINT ( 'NONE',  ( 33.23416961387700042, 1.446374604000000025E-06, 78.15760772337399942 ) ) ;
#1641 = ORIENTED_EDGE ( 'NONE', *, *, #883, .F. ) ;
#1642 = CARTESIAN_POINT ( 'NONE',  ( 29.63213013865999912, 4.375765785739999636, 72.59366416106900033 ) ) ;
#1643 = CARTESIAN_POINT ( 'NONE',  ( 33.71818124272400041, -2.162452725624000038, 77.04474307374799480 ) ) ;
#1644 = CIRCLE ( 'NONE', #2538, 2.949999999999994404 ) ;
#1645 = DIRECTION ( 'NONE',  ( 0.000000000000000000, 0.000000000000000000, 1.000000000000000000 ) ) ;
#1646 = FACE_OUTER_BOUND ( 'NONE', #3481, .T. ) ;
#1647 = VECTOR ( 'NONE', #3289, 1000.000000000000000 ) ;
#1648 = CARTESIAN_POINT ( 'NONE',  ( 31.48573533823000048, -5.112032824856000524, 72.89881036875000575 ) ) ;
#1649 = EDGE_LOOP ( 'NONE', ( #3082, #2235, #2937, #2554 ) ) ;
#1650 = CARTESIAN_POINT ( 'NONE',  ( 30.07811098177300124, -4.250312170512000165, 74.11288370686000349 ) ) ;
#1651 = EDGE_CURVE ( 'NONE', #2506, #2280, #849, .T. ) ;
#1652 = CARTESIAN_POINT ( 'NONE',  ( 28.94073999999999813, -7.332348418707999471, 73.00000000000000000 ) ) ;
#1653 = CARTESIAN_POINT ( 'NONE',  ( 35.40560671350900179, -2.527148067555000210, 68.40544838215501500 ) ) ;
#1654 = CARTESIAN_POINT ( 'NONE',  ( 35.89446590655300184, 4.636099530184000450, 75.46803511893199357 ) ) ;
#1655 = CONICAL_SURFACE ( 'NONE', #4547, 5.250000000000004441, 0.03123964828145001787 ) ;
#1656 = DIRECTION ( 'NONE',  ( -0.9995120818701390686, -2.200000000000305194E-16, -0.03123456731924435098 ) ) ;
#1657 = LINE ( 'NONE', #928, #1572 ) ;
#1658 = CARTESIAN_POINT ( 'NONE',  ( 35.50433041739299256, 0.8170029938510000589, 67.81722976388900292 ) ) ;
#1659 = EDGE_CURVE ( 'NONE', #2609, #3957, #3703, .T. ) ;
#1660 = CARTESIAN_POINT ( 'NONE',  ( 32.65337136152469810, -0.1824128656276597094, 67.86248438159270790 ) ) ;
#1661 = CARTESIAN_POINT ( 'NONE',  ( 29.58368541391799766, -3.030070379857999985, 69.25910634783699038 ) ) ;
#1662 = VERTEX_POINT ( 'NONE', #3183 ) ;
#1663 = CARTESIAN_POINT ( 'NONE',  ( 35.64882073750600000, -3.414835264590999842, 76.17820264520099727 ) ) ;
#1664 = FACE_OUTER_BOUND ( 'NONE', #1923, .T. ) ;
#1665 = CARTESIAN_POINT ( 'NONE',  ( 31.89589863494100186, 4.757356398363000061, 71.08685676843600731 ) ) ;
#1666 = CARTESIAN_POINT ( 'NONE',  ( 31.25640645286799923, 3.066687340201999845, 77.09197019087001479 ) ) ;
#1667 = CARTESIAN_POINT ( 'NONE',  ( 30.16303889245100223, 5.069505117134999850, 72.53401173810199509 ) ) ;
#1668 = CARTESIAN_POINT ( 'NONE',  ( 33.12905584696000005, 1.157070666000000005E-06, 78.15432293763801397 ) ) ;
#1669 = EDGE_LOOP ( 'NONE', ( #4474, #1089, #1455, #3527, #556 ) ) ;
#1670 = EDGE_CURVE ( 'NONE', #1886, #3615, #336, .T. ) ;
#1671 = CARTESIAN_POINT ( 'NONE',  ( 30.17402946160600052, 4.801589816132000088, 75.12752322107699854 ) ) ;
#1672 = CARTESIAN_POINT ( 'NONE',  ( 34.53591413152000200, 1.472836253682000107, 77.33850244669298490 ) ) ;
#1673 = CARTESIAN_POINT ( 'NONE',  ( 33.22932940937099744, 1.636084644802999977, 68.73576072846499585 ) ) ;
#1674 = DIRECTION ( 'NONE',  ( 1.000000000000000000, 2.200000000000000003E-16, 0.000000000000000000 ) ) ;
#1675 = CARTESIAN_POINT ( 'NONE',  ( 30.30683284695899715, 1.446519750000000058E-07, 78.06612899193001454 ) ) ;
#1676 = CARTESIAN_POINT ( 'NONE',  ( 32.37147077361100145, 3.669074415659999922, 70.22519472353299363 ) ) ;
#1677 = CARTESIAN_POINT ( 'NONE',  ( 39.84800092797959081, -4.024678120198323938, 67.27094698829593256 ) ) ;
#1678 = CARTESIAN_POINT ( 'NONE',  ( 29.84030087368300244, -3.162276578530000215, 69.06068993592400318 ) ) ;
#1679 = ORIENTED_EDGE ( 'NONE', *, *, #2833, .T. ) ;
#1680 = DIRECTION ( 'NONE',  ( 0.000000000000000000, 0.000000000000000000, 1.000000000000000000 ) ) ;
#1681 = CARTESIAN_POINT ( 'NONE',  ( 35.21808635802999987, -5.150921574209999854, 73.96176809705299604 ) ) ;
#1682 = CARTESIAN_POINT ( 'NONE',  ( 32.22796299999999547, 8.677392949299999236E-07, 78.19359757122799692 ) ) ;
#1683 = CIRCLE ( 'NONE', #3739, 6.750000000000006217 ) ;
#1684 = DIRECTION ( 'NONE',  ( 0.000000000000000000, 0.000000000000000000, 1.000000000000000000 ) ) ;
#1685 = CARTESIAN_POINT ( 'NONE',  ( 35.88049486006500643, 2.394165937057999738, 77.68196017004500220 ) ) ;
#1686 = CARTESIAN_POINT ( 'NONE',  ( 29.85235396565400023, -2.845388491659000429, 68.80582538860799957 ) ) ;
#1687 = CARTESIAN_POINT ( 'NONE',  ( 32.60826707622200615, -1.702465388780999955, 68.13773897099899557 ) ) ;
#1688 = CARTESIAN_POINT ( 'NONE',  ( 39.69950599505600053, 7.332348418707999471, 73.00000000000000000 ) ) ;
#1689 = EDGE_CURVE ( 'NONE', #4352, #1128, #904, .T. ) ;
#1690 = ORIENTED_EDGE ( 'NONE', *, *, #1358, .F. ) ;
#1691 = CARTESIAN_POINT ( 'NONE',  ( 35.69797823250900137, -4.217224043677999745, 74.88263320908100695 ) ) ;
#1692 = CARTESIAN_POINT ( 'NONE',  ( 33.36746668279799621, 4.398113377378999544, 71.75163499052200677 ) ) ;
#1693 = AXIS2_PLACEMENT_3D ( 'NONE', #4759, #1299, #1243 ) ;
#1694 = CARTESIAN_POINT ( 'NONE',  ( 33.66670195468499571, 0.9664724031029999773, 67.76144186293099381 ) ) ;
#1695 = CARTESIAN_POINT ( 'NONE',  ( 36.91593573797199923, -0.6410997049590000385, 68.43353380827500132 ) ) ;
#1696 = CARTESIAN_POINT ( 'NONE',  ( 33.68540782010867929, -0.6608913452392416454, 67.85362549891662809 ) ) ;
#1697 = ORIENTED_EDGE ( 'NONE', *, *, #4217, .F. ) ;
#1698 = CARTESIAN_POINT ( 'NONE',  ( 37.02484418514000453, -4.423557797570000005, 75.90880520033499579 ) ) ;
#1699 = CARTESIAN_POINT ( 'NONE',  ( 31.10297185873999837, 4.203701133413000335, 75.90683946824398731 ) ) ;
#1700 = CARTESIAN_POINT ( 'NONE',  ( 42.44073999999999813, -8.999999999999999516E-15, 66.65000000000000568 ) ) ;
#1701 = CARTESIAN_POINT ( 'NONE',  ( 31.91090753996200036, 2.843484565623999760, 68.72384167845198988 ) ) ;
#1702 = CARTESIAN_POINT ( 'NONE',  ( 31.88585673824099942, -3.325786026077000024, 76.09533416630799252 ) ) ;
#1703 = CARTESIAN_POINT ( 'NONE',  ( 30.41194661957399958, 3.857542480000000272E-07, 78.06941377784299618 ) ) ;
#1704 = ORIENTED_EDGE ( 'NONE', *, *, #835, .F. ) ;
#1705 = CARTESIAN_POINT ( 'NONE',  ( 30.89973386438699876, 2.804868472024000248, 68.43978790625399711 ) ) ;
#1706 = DIRECTION ( 'NONE',  ( 0.9995120818701392906, 2.160675267224045511E-16, -0.03123456731924095786 ) ) ;
#1707 = CARTESIAN_POINT ( 'NONE',  ( 33.76733873787400597, -3.370310645411999761, 76.13676840569999626 ) ) ;
#1708 = DIRECTION ( 'NONE',  ( 0.000000000000000000, 0.000000000000000000, 1.000000000000000000 ) ) ;
#1709 = CARTESIAN_POINT ( 'NONE',  ( 29.16713013865999926, 5.191260367531000064, 72.51796628215200258 ) ) ;
#1710 = CARTESIAN_POINT ( 'NONE',  ( 35.68641953358599750, 3.264293073495999842, 68.88500279874399723 ) ) ;
#1711 = CARTESIAN_POINT ( 'NONE',  ( 34.16572070228799873, 0.3183753374509999956, 78.18671841571699588 ) ) ;
#1712 = CARTESIAN_POINT ( 'NONE',  ( 31.64685393518400147, -3.638896278371000381, 69.00610998719999145 ) ) ;
#1713 = CARTESIAN_POINT ( 'NONE',  ( 34.54016739291500215, 1.327300628347488631E-15, 67.80158008809287651 ) ) ;
#1714 = B_SPLINE_CURVE_WITH_KNOTS ( 'NONE', 6,
 ( #700, #2976, #1822, #2589, #2199, #3768, #651, #2221, #3380, #4968, #287, #1846, #1078, #3764, #281, #1462, #3422, #5038, #2703, #817, #454, #2019, #4342, #2788, #2411, #851, #256, #1439, #1617, #2675, #4285, #251, #5002, #396, #4115, #1056, #247, #2603, #4235, #787, #1865, #2777 ),
 .UNSPECIFIED., .F., .F.,
 ( 7, 5, 5, 5, 5, 5, 5, 5, 7 ),
 ( 0.000000000000000000, 0.06347289336549999383, 0.1263380866230000010, 0.1888416162090000017, 0.2515403200749999901, 0.3134541659069999819, 0.3764027157639999732, 0.4393722421540000034, 0.4993394250879868990 ),
 .UNSPECIFIED. ) ;
#1715 = DIRECTION ( 'NONE',  ( -2.200000000000000003E-16, 1.000000000000000000, 0.000000000000000000 ) ) ;
#1716 = B_SPLINE_SURFACE_WITH_KNOTS ( 'NONE', 1, 9, ( 
 ( #1197, #901, #430, #3574, #3599, #1998, #484, #4797, #2814, #2728, #3172, #120, #2841, #4421, #514, #2072, #1578, #2409, #4341, #2378, #4448, #4052, #2103, #1251, #3548, #1604, #3147, #4744, #1220, #458, #4390, #1388, #1408, #249 ),
 ( #2896, #2871, #3737, #148, #4478, #4109, #2970, #4885, #2497, #4081, #2151, #1048, #4160, #4854, #2941, #3708, #956, #1814, #1363, #3370, #646, #2194, #4552, #4188, #1709, #3684, #3272, #3761, #1790, #1001, #2583, #4964, #2540, #1435 ) ),
 .UNSPECIFIED., .F., .F., .F.,
 ( 2, 2 ),
 ( 10, 8, 8, 8, 10 ),
 ( 0.000000000000000000, 0.9300000000000000488 ),
 ( 0.000000000000000000, 1.477706231233000045, 3.142142805069999767, 4.803141264411999956, 6.284285610140000422 ),
 .UNSPECIFIED. ) ;
#1717 = ORIENTED_EDGE ( 'NONE', *, *, #3078, .T. ) ;
#1718 = CARTESIAN_POINT ( 'NONE',  ( 36.82163181747099401, 2.031379835134000000, 77.90417863985399549 ) ) ;
#1719 = ADVANCED_FACE ( 'NONE', ( #4295 ), #3122, .T. ) ;
#1720 = CARTESIAN_POINT ( 'NONE',  ( 34.54016739291500215, 1.327300628347488631E-15, 67.80158008809287651 ) ) ;
#1721 = CARTESIAN_POINT ( 'NONE',  ( 33.25695686405600071, 2.414360199269000251, 69.07457924088799928 ) ) ;
#1722 = CARTESIAN_POINT ( 'NONE',  ( 32.04799194516100158, 4.141793947886999838, 76.04312931256700381 ) ) ;
#1723 = CARTESIAN_POINT ( 'NONE',  ( 32.18831484695899547, 8.678676140000000287E-07, 78.12492495573499696 ) ) ;
#1724 = EDGE_LOOP ( 'NONE', ( #1113, #1201, #2681 ) ) ;
#1725 = CARTESIAN_POINT ( 'NONE',  ( 37.44073999999999103, 5.990206339158780757, 70.82123853150523018 ) ) ;
#1726 = CARTESIAN_POINT ( 'NONE',  ( 36.36812426274399712, 2.866357369569000113, 76.71086393130200065 ) ) ;
#1727 = ADVANCED_FACE ( 'NONE', ( #2187 ), #3950, .F. ) ;
#1728 = CARTESIAN_POINT ( 'NONE',  ( 30.72638127147999754, -4.399704829551000174, 70.42673766276399760 ) ) ;
#1729 = CARTESIAN_POINT ( 'NONE',  ( 30.90664901306600143, 3.876465911723000257, 69.69274091009700101 ) ) ;
#1730 = CARTESIAN_POINT ( 'NONE',  ( 30.32416685883299934, -0.8032439802470000556, 68.65676824739900042 ) ) ;
#1731 = CARTESIAN_POINT ( 'NONE',  ( 35.09749376673400434, 0.6325811972979999975, 78.19282198255200456 ) ) ;
#1732 = CARTESIAN_POINT ( 'NONE',  ( 32.21499869593399978, 2.573061144895000041, 77.45507491541000888 ) ) ;
#1733 = CARTESIAN_POINT ( 'NONE',  ( 39.94071895468699296, 2.440000000000000205E-15, 73.00000000000000000 ) ) ;
#1734 = VERTEX_POINT ( 'NONE', #2399 ) ;
#1735 = CARTESIAN_POINT ( 'NONE',  ( 34.25295277324399734, 3.718026074374999990, 70.18818054111000038 ) ) ;
#1736 = CARTESIAN_POINT ( 'NONE',  ( 30.48168619232300003, -2.282293359870999794, 77.54138364972699549 ) ) ;
#1737 = CARTESIAN_POINT ( 'NONE',  ( 35.85787429306400043, -3.766385244460999981, 70.16399624510199828 ) ) ;
#1738 = CARTESIAN_POINT ( 'NONE',  ( 32.89172568305500022, 5.167094163288999731, 71.53341889465099257 ) ) ;
#1739 = CIRCLE ( 'NONE', #2760, 6.750000000000006217 ) ;
#1740 = DIRECTION ( 'NONE',  ( 1.000000000000000000, 2.200000000000000003E-16, 0.000000000000000000 ) ) ;
#1741 = CARTESIAN_POINT ( 'NONE',  ( 37.44073989567863237, 6.349999819308673743, 74.70147768490471663 ) ) ;
#1742 = DIRECTION ( 'NONE',  ( 1.000000000000000000, 2.200000000000000003E-16, 0.000000000000000000 ) ) ;
#1743 = CARTESIAN_POINT ( 'NONE',  ( 35.85086065464600580, 3.263907100633999914, 77.11308926254798735 ) ) ;
#1744 = EDGE_CURVE ( 'NONE', #4380, #2609, #2293, .T. ) ;
#1745 = AXIS2_PLACEMENT_3D ( 'NONE', #1064, #3699, #587 ) ;
#1746 = CARTESIAN_POINT ( 'NONE',  ( 36.23384074121049991, -4.893372360514796071, 75.01560271649437084 ) ) ;
#1747 = AXIS2_PLACEMENT_3D ( 'NONE', #1295, #866, #473 ) ;
#1748 = EDGE_LOOP ( 'NONE', ( #4669, #4814, #4031, #4347 ) ) ;
#1749 = CARTESIAN_POINT ( 'NONE',  ( 36.60408106564399588, 5.068032427964999975, 71.42464460745499366 ) ) ;
#1750 = CARTESIAN_POINT ( 'NONE',  ( 36.19073999999999813, 1.609999999999999932E-15, 73.00000000000000000 ) ) ;
#1751 = CARTESIAN_POINT ( 'NONE',  ( 31.72569120534349807, 0.2644074467908656412, 67.88953194542115455 ) ) ;
#1752 = B_SPLINE_CURVE_WITH_KNOTS ( 'NONE', 1,
 ( #3990, #3165 ),
 .UNSPECIFIED., .F., .F.,
 ( 2, 2 ),
 ( 0.000000000000000000, 0.8205507722456710784 ),
 .UNSPECIFIED. ) ;
#1753 =( BOUNDED_CURVE ( )  B_SPLINE_CURVE ( 2, ( #4517, #2552, #3385 ),
 .UNSPECIFIED., .F., .F. ) 
 B_SPLINE_CURVE_WITH_KNOTS ( ( 3, 3 ),
 ( 0.000000000000000000, 1.000000000000000000 ),
 .UNSPECIFIED. ) 
 CURVE ( )  GEOMETRIC_REPRESENTATION_ITEM ( )  RATIONAL_B_SPLINE_CURVE ( ( 1.000000000000000000, 1.004815706085695926, 1.000000000000000000 ) ) 
 REPRESENTATION_ITEM ( '' )  );
#1754 = CARTESIAN_POINT ( 'NONE',  ( 36.94073999999999813, 0.1124721653729999910, 68.45139180407599611 ) ) ;
#1755 = ORIENTED_EDGE ( 'NONE', *, *, #2621, .T. ) ;
#1756 = DIRECTION ( 'NONE',  ( 0.000000000000000000, 0.000000000000000000, 1.000000000000000000 ) ) ;
#1757 = CARTESIAN_POINT ( 'NONE',  ( 34.14244295464800416, 0.8232811634579999538, 68.53744745269500527 ) ) ;
#1758 = CARTESIAN_POINT ( 'NONE',  ( 34.89353734748900138, 5.200867697059000427, 73.45467959507199396 ) ) ;
#1759 = CARTESIAN_POINT ( 'NONE',  ( 30.45185596181100252, -1.340764739658999893, 77.90890439878099016 ) ) ;
#1760 = CARTESIAN_POINT ( 'NONE',  ( 32.71334363305599879, 1.838897792185000046, 68.18718405005400029 ) ) ;
#1761 = EDGE_CURVE ( 'NONE', #586, #4003, #1107, .T. ) ;
#1762 = DIRECTION ( 'NONE',  ( 1.000000000000000000, 2.200000000000000003E-16, 0.000000000000000000 ) ) ;
#1763 = ORIENTED_EDGE ( 'NONE', *, *, #2895, .T. ) ;
#1764 = CARTESIAN_POINT ( 'NONE',  ( 30.37947895479599936, 0.8015839030179999769, 68.65503959411900325 ) ) ;
#1765 = CARTESIAN_POINT ( 'NONE',  ( 34.05944621737199896, -1.649626559469999698, 68.71165514251900674 ) ) ;
#1766 = CARTESIAN_POINT ( 'NONE',  ( 36.05155240915100023, 1.668631438268000089, 68.65094471704600210 ) ) ;
#1767 = CARTESIAN_POINT ( 'NONE',  ( 31.88585673824099942, -3.325786026077000024, 76.09533416630799252 ) ) ;
#1768 = CARTESIAN_POINT ( 'NONE',  ( 34.14733890553099371, 0.9529064165189999880, 78.11579120785499697 ) ) ;
#1769 = CARTESIAN_POINT ( 'NONE',  ( 31.28722200000000342, 5.785137147899999255E-07, 78.16419958932500833 ) ) ;
#1770 = CARTESIAN_POINT ( 'NONE',  ( 32.77744024283400393, -2.148163118692999696, 77.01801875626199489 ) ) ;
#1771 = CARTESIAN_POINT ( 'NONE',  ( 34.29702028167100281, -5.194682009934999734, 73.27602831699201147 ) ) ;
#1772 = CARTESIAN_POINT ( 'NONE',  ( 36.87936731520600375, 1.542477253000000020E-06, 78.25000000000000000 ) ) ;
#1773 = CARTESIAN_POINT ( 'NONE',  ( 29.28167560558600258, -1.074310775971999865, 68.63116214080100974 ) ) ;
#1774 = CARTESIAN_POINT ( 'NONE',  ( 33.13017313159299704, 1.728208235122999925, 78.09087210978800897 ) ) ;
#1775 = DIRECTION ( 'NONE',  ( -0.9995120818701390686, -2.200000000000305194E-16, -0.03123456731924435098 ) ) ;
#1776 = CARTESIAN_POINT ( 'NONE',  ( 33.77721177342599645, 4.364108933593000117, 69.69966369068700374 ) ) ;
#1777 = DIRECTION ( 'NONE',  ( 0.000000000000000000, 0.000000000000000000, 1.000000000000000000 ) ) ;
#1778 = ORIENTED_EDGE ( 'NONE', *, *, #1105, .T. ) ;
#1779 = CARTESIAN_POINT ( 'NONE',  ( 35.96861285861300672, -0.8358607308170000749, 68.48038067733099865 ) ) ;
#1780 = VECTOR ( 'NONE', #1147, 1000.000000000000114 ) ;
#1781 = CARTESIAN_POINT ( 'NONE',  ( 34.58518600000000021, 1.738178446000000098E-06, 77.47638789141700499 ) ) ;
#1782 =( BOUNDED_CURVE ( )  B_SPLINE_CURVE ( 2, ( #2175, #1000, #3736 ),
 .UNSPECIFIED., .F., .F. ) 
 B_SPLINE_CURVE_WITH_KNOTS ( ( 3, 3 ),
 ( 0.000000000000000000, 1.000000000000000000 ),
 .UNSPECIFIED. ) 
 CURVE ( )  GEOMETRIC_REPRESENTATION_ITEM ( )  RATIONAL_B_SPLINE_CURVE ( ( 1.000000000000000000, 1.037954834534412063, 1.000000000000000000 ) ) 
 REPRESENTATION_ITEM ( '' )  );
#1783 = DIRECTION ( 'NONE',  ( 0.000000000000000000, 0.000000000000000000, 1.000000000000000000 ) ) ;
#1784 = CARTESIAN_POINT ( 'NONE',  ( 30.57287113836600057, 4.405532068694999914, 72.59090081598600364 ) ) ;
#1785 = CARTESIAN_POINT ( 'NONE',  ( 36.05378861793799672, -3.330086009366000077, 77.07835190097499378 ) ) ;
#1786 = ORIENTED_EDGE ( 'NONE', *, *, #2035, .F. ) ;
#1787 = CARTESIAN_POINT ( 'NONE',  ( 30.64977046134800176, 4.075189353978000639, 74.80562676561899593 ) ) ;
#1788 = FACE_OUTER_BOUND ( 'NONE', #2405, .T. ) ;
#1789 = ADVANCED_FACE ( 'NONE', ( #1335 ), #2249, .T. ) ;
#1790 = CARTESIAN_POINT ( 'NONE',  ( 29.29330132971800182, 3.893322582926999953, 76.60868762786100206 ) ) ;
#1791 = CARTESIAN_POINT ( 'NONE',  ( 31.78754174764799600, -0.7203671245709999393, 77.38896216970400133 ) ) ;
#1792 = CARTESIAN_POINT ( 'NONE',  ( 30.18477046134800190, 4.829108697879000545, 75.13971756734399321 ) ) ;
#1793 = CARTESIAN_POINT ( 'NONE',  ( 29.93674835571202308, -0.1629867477066380688, 67.94543607807712249 ) ) ;
#1794 = CARTESIAN_POINT ( 'NONE',  ( 33.66902374757500382, -0.7300185375359999895, 77.44775822860600556 ) ) ;
#1795 = CARTESIAN_POINT ( 'NONE',  ( 35.93427048085900566, 0.5955105171040000478, 78.22169093340001211 ) ) ;
#1796 = CARTESIAN_POINT ( 'NONE',  ( 33.22932940937099744, 1.636084644802999977, 68.73576072846599061 ) ) ;
#1797 = DIRECTION ( 'NONE',  ( 0.000000000000000000, 0.000000000000000000, 1.000000000000000000 ) ) ;
#1798 = CARTESIAN_POINT ( 'NONE',  ( 33.36217561784300045, -3.902658737953999868, 76.39500090243399200 ) ) ;
#1799 = CARTESIAN_POINT ( 'NONE',  ( 33.78502862768699799, 2.658693003117000409, 68.53935071716500715 ) ) ;
#1800 = CARTESIAN_POINT ( 'NONE',  ( 29.30032398840520003, -0.2069500132910099821, 68.50842248185699646 ) ) ;
#1801 = CARTESIAN_POINT ( 'NONE',  ( 32.38617648566800256, -4.494444681519000007, 75.97320973464699989 ) ) ;
#1802 = CARTESIAN_POINT ( 'NONE',  ( 30.37668804945699819, 1.189183482215999899, 77.95586999115199944 ) ) ;
#1803 = LINE ( 'NONE', #2531, #1095 ) ;
#1804 = ORIENTED_EDGE ( 'NONE', *, *, #393, .T. ) ;
#1805 = CARTESIAN_POINT ( 'NONE',  ( 35.88555893444799949, -3.176003918110000157, 69.51424489203800761 ) ) ;
#1806 = CARTESIAN_POINT ( 'NONE',  ( 36.94073999999999813, 2.730837037755000196, 68.51613681372600695 ) ) ;
#1807 = CARTESIAN_POINT ( 'NONE',  ( 30.74874203252157656, -0.9633645008251882080, 67.99349235525149027 ) ) ;
#1808 = CARTESIAN_POINT ( 'NONE',  ( 34.98218592339099331, 4.068786011492000476, 76.28658473693100461 ) ) ;
#1809 = CARTESIAN_POINT ( 'NONE',  ( 34.75723723276699673, -4.189741264725999947, 74.87036575400999538 ) ) ;
#1810 = ORIENTED_EDGE ( 'NONE', *, *, #1306, .T. ) ;
#1811 = CARTESIAN_POINT ( 'NONE',  ( 35.20514820143399959, -2.948774180148000301, 77.33119901488599623 ) ) ;
#1812 = B_SPLINE_SURFACE_WITH_KNOTS ( 'NONE', 1, 9, ( 
 ( #2720, #3936, #3513, #2309, #4335, #4, #4354, #3565, #4382, #1567, #1619, #3115, #2370, #3989, #4734, #3193, #837, #3163, #1241, #812, #3489, #475, #1991, #1209, #4286, #868, #3960, #2397, #2039, #3589, #3537, #29, #1594, #3139 ),
 ( #3888, #449, #83, #1643, #1146, #2677, #374, #1938, #5079, #1546, #3090, #4691, #1168, #789, #2697, #4314, #4521, #1757, #2834, #2120, #4498, #3312, #4787, #4042, #2912, #4843, #588, #3260, #994, #3700, #219, #1672, #4439, #1355 ) ),
 .UNSPECIFIED., .F., .F., .F.,
 ( 2, 2 ),
 ( 10, 8, 8, 8, 10 ),
 ( 0.000000000000000000, 0.9300000000000000488 ),
 ( 0.000000000000000000, 1.477706220193999886, 3.142142805069999767, 4.803141253356000284, 6.284285610140000422 ),
 .UNSPECIFIED. ) ;
#1813 = CARTESIAN_POINT ( 'NONE',  ( 34.44064932368100074, -5.107490205981999765, 71.94306368209998936 ) ) ;
#1814 = CARTESIAN_POINT ( 'NONE',  ( 28.97373795483300185, 0.9447751415349999737, 67.87903400401000908 ) ) ;
#1815 = CARTESIAN_POINT ( 'NONE',  ( 32.50661652666600787, 4.328449563117000132, 74.11891369332600732 ) ) ;
#1816 = ADVANCED_FACE ( 'NONE', ( #743 ), #5037, .T. ) ;
#1817 = EDGE_LOOP ( 'NONE', ( #5039, #4997 ) ) ;
#1818 = CARTESIAN_POINT ( 'NONE',  ( 34.25295277324399734, 3.718026074374999990, 70.18818054111000038 ) ) ;
#1819 = CARTESIAN_POINT ( 'NONE',  ( 42.44073999999999813, -5.499260580658999586, 76.17500127023798484 ) ) ;
#1820 = CARTESIAN_POINT ( 'NONE',  ( 36.34933628052900190, -4.921920928329000411, 71.10636373090798656 ) ) ;
#1821 = VECTOR ( 'NONE', #2949, 1000.000000000000114 ) ;
#1822 = CARTESIAN_POINT ( 'NONE',  ( 33.14901216830799768, -0.6870533817810000610, 78.12747574313300447 ) ) ;
#1823 = EDGE_CURVE ( 'NONE', #2839, #166, #373, .T. ) ;
#1824 = CARTESIAN_POINT ( 'NONE',  ( 43.94073999999999813, 2.061155076918695349E-15, 70.59999999999999432 ) ) ;
#1825 = DIRECTION ( 'NONE',  ( 1.000000000000000000, 2.200000000000000003E-16, 0.000000000000000000 ) ) ;
#1826 = CARTESIAN_POINT ( 'NONE',  ( 40.03343979002535491, 4.024678120198220022, 78.72905301170429482 ) ) ;
#1827 = CARTESIAN_POINT ( 'NONE',  ( 32.81958431874200244, 3.677629058069999957, 68.94996295330599878 ) ) ;
#1828 = AXIS2_PLACEMENT_3D ( 'NONE', #2142, #3673, #1777 ) ;
#1829 = VERTEX_POINT ( 'NONE', #1465 ) ;
#1830 = CARTESIAN_POINT ( 'NONE',  ( 35.77482036889900030, -4.571691720067000198, 72.58993872988699536 ) ) ;
#1831 = CARTESIAN_POINT ( 'NONE',  ( 31.76296299999999917, 8.692417599999999458E-07, 77.38819394570900556 ) ) ;
#1832 = CARTESIAN_POINT ( 'NONE',  ( 37.07102002319400214, -4.480440811103999721, 76.33137274051499332 ) ) ;
#1833 = CARTESIAN_POINT ( 'NONE',  ( 35.42738326289099859, 2.847765943439000136, 76.68679191638500470 ) ) ;
#1834 = CARTESIAN_POINT ( 'NONE',  ( 39.94071895468699296, 6.643813628256999948, 71.80742276015999437 ) ) ;
#1835 = EDGE_CURVE ( 'NONE', #3154, #4068, #1547, .T. ) ;
#1836 = CARTESIAN_POINT ( 'NONE',  ( 36.00273230644999956, -1.771592199613000185, 77.94895709352499580 ) ) ;
#1837 = ORIENTED_EDGE ( 'NONE', *, *, #1450, .F. ) ;
#1838 = CARTESIAN_POINT ( 'NONE',  ( 35.25828264805399925, 1.400000000000000069E-15, 75.39999999999999147 ) ) ;
#1839 = CARTESIAN_POINT ( 'NONE',  ( 32.95429667751000125, 4.939332351076000549, 71.47987911335999911 ) ) ;
#1840 = LINE ( 'NONE', #4210, #4661 ) ;
#1841 = CARTESIAN_POINT ( 'NONE',  ( 32.99625246083299857, 4.884146461554999874, 75.16410625958499736 ) ) ;
#1842 = ORIENTED_EDGE ( 'NONE', *, *, #4122, .T. ) ;
#1843 = CARTESIAN_POINT ( 'NONE',  ( 34.43737039455899662, 3.851272379131999823, 75.53434923411100499 ) ) ;
#1844 = CARTESIAN_POINT ( 'NONE',  ( 33.49662939477899215, 3.825954385819999803, 75.51768664726698432 ) ) ;
#1845 = DIRECTION ( 'NONE',  ( 1.000000000000000000, 0.000000000000000000, 0.000000000000000000 ) ) ;
#1846 = CARTESIAN_POINT ( 'NONE',  ( 33.25800140527199744, -3.921412393749000191, 76.36831630578799945 ) ) ;
#1847 = CARTESIAN_POINT ( 'NONE',  ( 32.77166958428200161, 3.530180295625000131, 69.24481773364800574 ) ) ;
#1848 = CARTESIAN_POINT ( 'NONE',  ( 31.68905519761000633, 2.137000623956000211, 76.98500065916199731 ) ) ;
#1849 = CARTESIAN_POINT ( 'NONE',  ( 38.00789484072100066, 7.332348418707999471, 73.00000000000000000 ) ) ;
#1850 = CARTESIAN_POINT ( 'NONE',  ( 29.12681749717300050, -4.153275345773000282, 74.24919305253200719 ) ) ;
#1851 = ADVANCED_FACE ( 'NONE', ( #1057 ), #1082, .T. ) ;
#1852 = B_SPLINE_SURFACE_WITH_KNOTS ( 'NONE', 1, 9, ( 
 ( #3778, #637, #2646, #2574, #3411, #1403, #5022, #1857, #4641, #1115, #4256, #1039, #4178, #2597, #4201, #1022, #295, #730 ),
 ( #270, #658, #3828, #2275, #1473, #342, #4929, #2931, #4589, #4544, #4954, #683, #3009, #2188, #2230, #2557, #4152, #1426 ) ),
 .UNSPECIFIED., .F., .F., .F.,
 ( 2, 2 ),
 ( 10, 8, 10 ),
 ( 0.000000000000000000, 0.9300000000000000488 ),
 ( 0.000000000000000000, 1.675604917180000042, 3.166869359121999850 ),
 .UNSPECIFIED. ) ;
#1853 = VECTOR ( 'NONE', #3945, 999.9999999999998863 ) ;
#1854 = VERTEX_POINT ( 'NONE', #4194 ) ;
#1855 = CARTESIAN_POINT ( 'NONE',  ( 40.18193922118300065, 7.332348418707999471, 73.00000000000000000 ) ) ;
#1856 = CARTESIAN_POINT ( 'NONE',  ( 37.34397742850969593, 0.09733889361864336842, 67.75085946857592489 ) ) ;
#1857 = CARTESIAN_POINT ( 'NONE',  ( 36.66176083247299999, -4.516780589148000402, 74.22644469350800023 ) ) ;
#1858 = CARTESIAN_POINT ( 'NONE',  ( 30.38622553951099903, -2.571813189852000026, 77.38754514421600561 ) ) ;
#1859 = CARTESIAN_POINT ( 'NONE',  ( 35.13843886383399706, 2.446373000523999863, 69.02253947379799115 ) ) ;
#1860 = CARTESIAN_POINT ( 'NONE',  ( 35.35347546006099861, 4.212783761238999780, 74.86659849996900107 ) ) ;
#1861 = VERTEX_POINT ( 'NONE', #261 ) ;
#1862 = CARTESIAN_POINT ( 'NONE',  ( 30.51761622877399915, 4.046429724420000262, 70.98676030009100657 ) ) ;
#1863 = CARTESIAN_POINT ( 'NONE',  ( 29.45489749551699887, -1.676503294305000002, 77.95215678630499667 ) ) ;
#1864 = CARTESIAN_POINT ( 'NONE',  ( 37.44073999999999813, -1.100000000000000046E-14, 66.65000000000000568 ) ) ;
#1865 = CARTESIAN_POINT ( 'NONE',  ( 33.59002420703527036, -0.3245982593735312616, 67.83127188763143067 ) ) ;
#1866 = CARTESIAN_POINT ( 'NONE',  ( 35.36518965167400097, -4.956971448437000660, 70.54890368064900485 ) ) ;
#1867 = CARTESIAN_POINT ( 'NONE',  ( 32.66651813771100166, -3.120984362745000240, 68.89236349795301351 ) ) ;
#1868 = DIRECTION ( 'NONE',  ( -0.01427047895484913863, 0.9998981715306809459, 0.000000000000000000 ) ) ;
#1869 = ORIENTED_EDGE ( 'NONE', *, *, #604, .T. ) ;
#1870 = CARTESIAN_POINT ( 'NONE',  ( 34.33583513718900804, 4.524597200401000663, 72.57984743469299360 ) ) ;
#1871 = CARTESIAN_POINT ( 'NONE',  ( 34.45405464318999833, -2.837387042187000219, 68.62308218732299281 ) ) ;
#1872 = B_SPLINE_CURVE_WITH_KNOTS ( 'NONE', 6,
 ( #2177, #647, #2195, #4965, #4754, #3111, #862, #1291, #2344, #4378, #1204, #2453, #4781, #4330, #831, #2393, #2715, #2770, #3984, #468, #5097, #2421, #397, #4730, #3612, #445, #1264, #3955, #105, #4402, #910, #2365, #1960, #806, #2827, #3930, #4007, #1666, #3507, #2010, #3558, #1613, #1639, #496, #3217, #50, #2034 ),
 .UNSPECIFIED., .F., .F.,
 ( 7, 5, 5, 5, 5, 5, 5, 5, 5, 7 ),
 ( 0.4993301053963412062, 0.4996385971820000438, 0.5626832121050000524, 0.6257151988999999359, 0.6877675010349999507, 0.7508190461180000996, 0.8132444785219999916, 0.8763609820669999717, 0.9394987657599999098, 1.000000000000000000 ),
 .UNSPECIFIED. ) ;
#1873 = CARTESIAN_POINT ( 'NONE',  ( 35.04047086827900159, -1.039587201138999939, 78.13069472219200406 ) ) ;
#1874 = CARTESIAN_POINT ( 'NONE',  ( 36.79191442783499610, -3.869405558083000241, 70.35300606903300036 ) ) ;
#1875 = CARTESIAN_POINT ( 'NONE',  ( 31.15416929398000079, -3.643805370698999457, 70.25631126646401015 ) ) ;
#1876 = DIRECTION ( 'NONE',  ( 0.000000000000000000, 0.000000000000000000, 1.000000000000000000 ) ) ;
#1877 = EDGE_CURVE ( 'NONE', #2257, #4134, #1714, .T. ) ;
#1878 = ORIENTED_EDGE ( 'NONE', *, *, #237, .F. ) ;
#1879 = CARTESIAN_POINT ( 'NONE',  ( 37.34261444436284449, 0.04867273975516903800, 67.75017190715531967 ) ) ;
#1880 = CARTESIAN_POINT ( 'NONE',  ( 31.12264702478499956, 3.780119752366999819, 76.42742298992200745 ) ) ;
#1881 = CARTESIAN_POINT ( 'NONE',  ( 39.94071895468699296, 6.643813628256999948, 74.19257723984000563 ) ) ;
#1882 = CARTESIAN_POINT ( 'NONE',  ( 35.16606631844899766, 3.153702699377999963, 69.52685600300300450 ) ) ;
#1883 = CARTESIAN_POINT ( 'NONE',  ( 32.73278708129399917, 2.451499126965000386, 68.45783049750900773 ) ) ;
#1884 = EDGE_CURVE ( 'NONE', #4380, #891, #967, .T. ) ;
#1885 = CARTESIAN_POINT ( 'NONE',  ( 35.24894868228300027, 4.456376911186999301, 71.73510070310399556 ) ) ;
#1886 = VERTEX_POINT ( 'NONE', #1395 ) ;
#1887 = CARTESIAN_POINT ( 'NONE',  ( 42.44073999999999813, 5.499260976857000216, 76.17500058400401031 ) ) ;
#1888 = CARTESIAN_POINT ( 'NONE',  ( 35.16606631844899766, 3.153702699377999963, 69.52685600300300450 ) ) ;
#1889 = CARTESIAN_POINT ( 'NONE',  ( 32.82182806935899322, 1.948391303630999882, 68.22563166192701090 ) ) ;
#1890 = CARTESIAN_POINT ( 'NONE',  ( 36.10680731830100143, 3.174332269742999646, 69.50414038133199313 ) ) ;
#1891 = CARTESIAN_POINT ( 'NONE',  ( 32.65868537991846665, -7.453889935837842984E-16, 67.86037605171350151 ) ) ;
#1892 = ORIENTED_EDGE ( 'NONE', *, *, #4400, .F. ) ;
#1893 = CARTESIAN_POINT ( 'NONE',  ( 34.35543735913400099, -4.910739324965000208, 71.27902851238698645 ) ) ;
#1894 = CARTESIAN_POINT ( 'NONE',  ( 35.13948447439499745, -3.966134820299999308, 76.40668223373900503 ) ) ;
#1895 = CARTESIAN_POINT ( 'NONE',  ( 38.00789484072100066, -7.332348418707999471, 73.00000000000000000 ) ) ;
#1896 = FACE_OUTER_BOUND ( 'NONE', #1152, .T. ) ;
#1897 = ADVANCED_FACE ( 'NONE', ( #3812 ), #4545, .T. ) ;
#1898 = CARTESIAN_POINT ( 'NONE',  ( 31.12648465277599996, -4.069709332398000257, 70.98770638214298856 ) ) ;
#1899 = VECTOR ( 'NONE', #1534, 1000.000000000000000 ) ;
#1900 = CARTESIAN_POINT ( 'NONE',  ( 33.04510016520099924, 2.745119244852999962, 77.37220502964699165 ) ) ;
#1901 = CARTESIAN_POINT ( 'NONE',  ( 36.36032496957099625, -1.992838301071000018, 68.13554461701100706 ) ) ;
#1902 = VECTOR ( 'NONE', #1297, 1000.000000000000000 ) ;
#1903 = ORIENTED_EDGE ( 'NONE', *, *, #2749, .T. ) ;
#1904 = CARTESIAN_POINT ( 'NONE',  ( 39.94071895468699296, 2.440000000000000205E-15, 73.00000000000000000 ) ) ;
#1905 = CARTESIAN_POINT ( 'NONE',  ( 29.85916685883299948, -0.9521671536560000204, 67.85136462174099847 ) ) ;
#1906 = CARTESIAN_POINT ( 'NONE',  ( 35.12392224261500218, -2.568235740653999954, 77.80361791090999191 ) ) ;
#1907 = CARTESIAN_POINT ( 'NONE',  ( 30.40710640959200362, 1.603537851269000170, 68.82057673999700853 ) ) ;
#1908 = VECTOR ( 'NONE', #2698, 1000.000000000000000 ) ;
#1909 = CARTESIAN_POINT ( 'NONE',  ( 34.65892224261499877, -2.176742332458000195, 77.07146739119299639 ) ) ;
#1910 = CARTESIAN_POINT ( 'NONE',  ( 31.64743586309500145, -4.718905439632999688, 71.01749795511699404 ) ) ;
#1911 = CARTESIAN_POINT ( 'NONE',  ( 32.74250752366799588, 2.740339406884999995, 68.62824640145998956 ) ) ;
#1912 = AXIS2_PLACEMENT_3D ( 'NONE', #3556, #4687, #4709 ) ;
#1913 = CARTESIAN_POINT ( 'NONE',  ( 34.03392730248800291, 1.233616080487000000, 78.04898370716099976 ) ) ;
#1914 = ORIENTED_EDGE ( 'NONE', *, *, #2549, .F. ) ;
#1915 = CARTESIAN_POINT ( 'NONE',  ( 29.55321248654999877, -4.393342093754999844, 75.90633388850500296 ) ) ;
#1916 = CARTESIAN_POINT ( 'NONE',  ( 34.46039366322799680, -4.915977281233999463, 71.28297233512898856 ) ) ;
#1917 = CARTESIAN_POINT ( 'NONE',  ( 36.00166800000000222, 2.313265387040000134E-06, 78.34058748074198775 ) ) ;
#1918 = CARTESIAN_POINT ( 'NONE',  ( 32.42780252469000146, -4.025022698689000755, 76.21111807177699404 ) ) ;
#1919 = EDGE_CURVE ( 'NONE', #246, #4677, #609, .T. ) ;
#1920 =( BOUNDED_CURVE ( )  B_SPLINE_CURVE ( 2, ( #3817, #119, #3545 ),
 .UNSPECIFIED., .F., .F. ) 
 B_SPLINE_CURVE_WITH_KNOTS ( ( 3, 3 ),
 ( 0.000000000000000000, 1.000000000000000000 ),
 .UNSPECIFIED. ) 
 CURVE ( )  GEOMETRIC_REPRESENTATION_ITEM ( )  RATIONAL_B_SPLINE_CURVE ( ( 1.000000000000000000, 1.037954834534396076, 1.000000000000000000 ) ) 
 REPRESENTATION_ITEM ( '' )  );
#1921 = CARTESIAN_POINT ( 'NONE',  ( 41.87357659274599797, -3.666174209354000180, 79.35000000000000853 ) ) ;
#1922 = ORIENTED_EDGE ( 'NONE', *, *, #4051, .T. ) ;
#1923 = EDGE_LOOP ( 'NONE', ( #1997, #2417, #4732, #1602, #3510, #3840, #1810, #2532, #380 ) ) ;
#1924 = DIRECTION ( 'NONE',  ( 1.000000000000000000, 2.200000000000000003E-16, 0.000000000000000000 ) ) ;
#1925 = CARTESIAN_POINT ( 'NONE',  ( 31.66441926347999924, 2.773400239140999979, 76.59050385663300631 ) ) ;
#1926 = CARTESIAN_POINT ( 'NONE',  ( 29.24500265321600168, -4.014934021239000117, 71.01479537721201041 ) ) ;
#1927 = CARTESIAN_POINT ( 'NONE',  ( 31.34784740951799265, 1.614386782395999864, 68.79230473610599006 ) ) ;
#1928 = DIRECTION ( 'NONE',  ( 0.000000000000000000, 0.000000000000000000, 1.000000000000000000 ) ) ;
#1929 = CARTESIAN_POINT ( 'NONE',  ( 29.94210640959200376, 1.900768942827000041, 68.04602398275599739 ) ) ;
#1930 = CARTESIAN_POINT ( 'NONE',  ( 36.39034747086300570, -0.9660302658320000235, 67.82470262750099721 ) ) ;
#1931 = CARTESIAN_POINT ( 'NONE',  ( 35.79383952578400141, 5.205235548003000368, 74.34559023995100802 ) ) ;
#1932 = CARTESIAN_POINT ( 'NONE',  ( 34.26765848522699542, -4.544995975252000164, 76.00664765793601418 ) ) ;
#1933 = VECTOR ( 'NONE', #2074, 999.9999999999998863 ) ;
#1934 = CARTESIAN_POINT ( 'NONE',  ( 29.83408816831862609, 0.04313406500139044253, 67.95497058954921954 ) ) ;
#1935 = ORIENTED_EDGE ( 'NONE', *, *, #4251, .F. ) ;
#1936 = CARTESIAN_POINT ( 'NONE',  ( 29.40573999999999799, -3.400000000000000028E-16, 78.10540362551999749 ) ) ;
#1937 = VECTOR ( 'NONE', #4356, 1000.000000000000000 ) ;
#1938 = CARTESIAN_POINT ( 'NONE',  ( 33.81649623302299545, -4.162258485719999790, 74.85809829898100531 ) ) ;
#1939 = CARTESIAN_POINT ( 'NONE',  ( 36.13443477287599848, 3.766977732713999938, 70.15116635861700445 ) ) ;
#1940 = CARTESIAN_POINT ( 'NONE',  ( 32.49443664766300088, -5.019617853201999935, 74.16618703440799720 ) ) ;
#1941 = CARTESIAN_POINT ( 'NONE',  ( 33.20402374757500041, -0.8622342723510000306, 78.25316185371499955 ) ) ;
#1942 = CARTESIAN_POINT ( 'NONE',  ( 39.94071895468699296, -2.289104628451999801, 79.35000000000000853 ) ) ;
#1943 = VERTEX_POINT ( 'NONE', #1285 ) ;
#1944 = CARTESIAN_POINT ( 'NONE',  ( 30.51853223405100124, -4.805264428682000322, 75.14510695110598704 ) ) ;
#1945 = ORIENTED_EDGE ( 'NONE', *, *, #4364, .F. ) ;
#1946 = EDGE_CURVE ( 'NONE', #4819, #382, #2975, .T. ) ;
#1947 = CARTESIAN_POINT ( 'NONE',  ( 29.73061438301199999, -4.805144876957999855, 74.24987505749200523 ) ) ;
#1948 =( BOUNDED_CURVE ( )  B_SPLINE_CURVE ( 2, ( #4100, #193, #4542 ),
 .UNSPECIFIED., .F., .F. ) 
 B_SPLINE_CURVE_WITH_KNOTS ( ( 3, 3 ),
 ( 0.000000000000000000, 1.000000000000000000 ),
 .UNSPECIFIED. ) 
 CURVE ( )  GEOMETRIC_REPRESENTATION_ITEM ( )  RATIONAL_B_SPLINE_CURVE ( ( 1.000000000000000000, 1.004815706087382132, 1.000000000000000000 ) ) 
 REPRESENTATION_ITEM ( '' )  );
#1949 = CARTESIAN_POINT ( 'NONE',  ( 34.07042946788999416, 3.338455625217999767, 76.98027637168399906 ) ) ;
#1950 = CARTESIAN_POINT ( 'NONE',  ( 35.75184182961400126, 5.108069689477999553, 74.24329058442400253 ) ) ;
#1951 = EDGE_CURVE ( 'NONE', #533, #3800, #523, .T. ) ;
#1952 = CARTESIAN_POINT ( 'NONE',  ( 30.52119761816000221, -3.389418317213000353, 76.78911645075798731 ) ) ;
#1953 = CARTESIAN_POINT ( 'NONE',  ( 32.28549335225200423, -3.109903671125000102, 77.09839022773100226 ) ) ;
#1954 = CARTESIAN_POINT ( 'NONE',  ( 30.72367826362700072, 2.754808813041000004, 76.56643184172500582 ) ) ;
#1955 = CARTESIAN_POINT ( 'NONE',  ( 38.00789484072100066, -3.666174209354000180, 79.35000000000000853 ) ) ;
#1956 = EDGE_LOOP ( 'NONE', ( #2644, #5063, #2494 ) ) ;
#1957 = CARTESIAN_POINT ( 'NONE',  ( 35.95127884695899922, 2.024548839000000083E-06, 78.24251688334598498 ) ) ;
#1958 = CARTESIAN_POINT ( 'NONE',  ( 30.13037437066200042, -4.393031476401001001, 72.60596822170698772 ) ) ;
#1959 = CARTESIAN_POINT ( 'NONE',  ( 37.38093573797200264, -0.7545784222680000930, 67.62507797463700854 ) ) ;
#1960 = CARTESIAN_POINT ( 'NONE',  ( 31.19713977191500121, 4.405745116280000317, 75.59214141134100373 ) ) ;
#1961 = CARTESIAN_POINT ( 'NONE',  ( 33.63091377532099813, 1.083649831480000048, 67.92322457117899148 ) ) ;
#1962 = ORIENTED_EDGE ( 'NONE', *, *, #237, .T. ) ;
#1963 = EDGE_CURVE ( 'NONE', #1173, #1987, #2686, .T. ) ;
#1964 = CARTESIAN_POINT ( 'NONE',  ( 35.94165513144599799, 1.747557705398000039, 78.14787703716700662 ) ) ;
#1965 = CARTESIAN_POINT ( 'NONE',  ( 32.75286149522300150, -1.450678667212000006, 77.28519813241300085 ) ) ;
#1966 = CARTESIAN_POINT ( 'NONE',  ( 33.13931130268100134, 3.063328871368999895, 77.16940466861800019 ) ) ;
#1967 = CARTESIAN_POINT ( 'NONE',  ( 33.20170195468499941, 0.8178568482460000233, 68.56684548803499979 ) ) ;
#1968 = DIRECTION ( 'NONE',  ( -1.000000000000000000, -2.193931022921690082E-16, 0.000000000000000000 ) ) ;
#1969 = CARTESIAN_POINT ( 'NONE',  ( 32.54218342112499585, -5.131674295185999490, 72.53402746207100904 ) ) ;
#1970 = CARTESIAN_POINT ( 'NONE',  ( 33.59444621737200265, -1.947472891192000066, 67.93723023352700352 ) ) ;
#1971 = PRODUCT_RELATED_PRODUCT_CATEGORY ( 'part', '', ( #3726 ) ) ;
#1972 = CARTESIAN_POINT ( 'NONE',  ( 34.70897716446800274, 4.710756617008000191, 70.76363342566300219 ) ) ;
#1973 = ORIENTED_EDGE ( 'NONE', *, *, #4122, .F. ) ;
#1974 = CARTESIAN_POINT ( 'NONE',  ( 36.49151518512033476, -1.415901786639061077, 67.90427343481947275 ) ) ;
#1975 = CARTESIAN_POINT ( 'NONE',  ( 33.91249916316200341, 5.113425050736999822, 72.05973250738099978 ) ) ;
#1976 = DIRECTION ( 'NONE',  ( 1.000000000000000000, 2.200000000000000003E-16, 0.000000000000000000 ) ) ;
#1977 = CARTESIAN_POINT ( 'NONE',  ( 32.21777748464700153, -1.006024212003999940, 78.04645177308799475 ) ) ;
#1978 = EDGE_CURVE ( 'NONE', #199, #2929, #5045, .T. ) ;
#1979 = B_SPLINE_SURFACE_WITH_KNOTS ( 'NONE', 1, 9, ( 
 ( #2418, #4429, #2824, #3278, #4868, #939, #4515, #2905, #581, #129, #2508, #884, #4833, #2480, #2797, #4459, #4061, #553, #1636, #528, #4094, #2882, #2115, #4806, #4489, #466, #1316, #3184, #1287, #1261, #2137, #4004, #2056, #965 ),
 ( #3306, #492, #2449, #2082, #3671, #1663, #3692, #1691, #907, #3640, #4778, #159, #2030, #4398, #187, #3249, #3607, #1348, #102, #3583, #4897, #1374, #988, #2528, #2569, #4920, #4224, #3746, #2247, #4607, #1086, #291, #3029, #605 ) ),
 .UNSPECIFIED., .F., .F., .F.,
 ( 2, 2 ),
 ( 10, 8, 8, 8, 10 ),
 ( 0.000000000000000000, 0.9300000000000000488 ),
 ( 0.000000000000000000, 1.477706215780999921, 3.142142805069999767, 4.803141248936000807, 6.284285610140000422 ),
 .UNSPECIFIED. ) ;
#1980 = ORIENTED_EDGE ( 'NONE', *, *, #4266, .F. ) ;
#1981 = CARTESIAN_POINT ( 'NONE',  ( 32.17796421751800295, -1.627882660487000033, 68.76818938711400619 ) ) ;
#1982 = CARTESIAN_POINT ( 'NONE',  ( 30.77295013181399952, 1.434137312654000240, 77.22449259241300012 ) ) ;
#1983 = DIRECTION ( 'NONE',  ( 0.000000000000000000, 0.000000000000000000, 1.000000000000000000 ) ) ;
#1984 = CONICAL_SURFACE ( 'NONE', #4029, 4.123438843639998019, 0.8010179875380000203 ) ;
#1985 = DIRECTION ( 'NONE',  ( 1.000000000000000000, 2.200000000000000003E-16, 0.000000000000000000 ) ) ;
#1986 = CARTESIAN_POINT ( 'NONE',  ( 33.97648084867899598, 3.034847282837000115, 77.22115290151400302 ) ) ;
#1987 = VERTEX_POINT ( 'NONE', #4024 ) ;
#1988 = CARTESIAN_POINT ( 'NONE',  ( 37.14122390701299992, -5.178044691509001041, 71.89688420375699707 ) ) ;
#1989 = AXIS2_PLACEMENT_3D ( 'NONE', #3801, #4609, #1114 ) ;
#1990 = DIRECTION ( 'NONE',  ( 1.000000000000000000, 2.200000000000000003E-16, 0.000000000000000000 ) ) ;
#1991 = CARTESIAN_POINT ( 'NONE',  ( 34.74558022789300082, 4.905183666521000241, 70.55958738904499228 ) ) ;
#1992 = CARTESIAN_POINT ( 'NONE',  ( 33.25695686405600071, 2.414360199269000251, 69.07457924088799928 ) ) ;
#1993 = CARTESIAN_POINT ( 'NONE',  ( 34.68603158316599888, 1.404089441917000025, 67.97060680484999295 ) ) ;
#1994 = CARTESIAN_POINT ( 'NONE',  ( 32.76379914844413577, 9.080193194566099635E-16, 67.85709126581929240 ) ) ;
#1995 = CARTESIAN_POINT ( 'NONE',  ( 32.50661652666600787, 4.328449563117000132, 74.11891369332600732 ) ) ;
#1996 = CARTESIAN_POINT ( 'NONE',  ( 37.44073999999999813, 5.499260976857000216, 69.82499941599600390 ) ) ;
#1997 = ORIENTED_EDGE ( 'NONE', *, *, #2357, .F. ) ;
#1998 = CARTESIAN_POINT ( 'NONE',  ( 29.06363373879200296, -3.258999096824000130, 76.03318280730400147 ) ) ;
#1999 = FACE_OUTER_BOUND ( 'NONE', #1507, .T. ) ;
#2000 = CARTESIAN_POINT ( 'NONE',  ( 33.99144928636300023, 4.885562337548999601, 74.75879155397601039 ) ) ;
#2001 = CARTESIAN_POINT ( 'NONE',  ( 31.19941926347999583, 3.282734784297999919, 77.24999938486200790 ) ) ;
#2002 = CARTESIAN_POINT ( 'NONE',  ( 32.23741610714500183, -1.655212731318999930, 77.86352529487500362 ) ) ;
#2003 = B_SPLINE_SURFACE_WITH_KNOTS ( 'NONE', 1, 9, ( 
 ( #3519, #12, #3868, #1575, #1627, #4293, #820, #1944, #4268, #2318, #3544, #3896, #3495, #3967, #5086, #36, #4697, #2706, #4794, #1705, #3170, #900, #4445, #4475, #3295, #594, #117, #2099, #4820, #566, #174, #4881, #924, #2149 ),
 ( #483, #3231, #4765, #4389, #2406, #3995, #1304, #3596, #1650, #2811, #4418, #2435, #511, #3626, #2468, #4049, #3656, #1764, #3808, #3396, #4186, #713, #1862, #3783, #4616, #1098, #1787, #3833, #4907, #1386, #3340, #1045, #4526, #276 ) ),
 .UNSPECIFIED., .F., .F., .F.,
 ( 2, 2 ),
 ( 10, 8, 8, 8, 10 ),
 ( 0.000000000000000000, 0.9300000000000000488 ),
 ( 0.000000000000000000, 1.477706229023999951, 3.142142805069999767, 4.803141262200000483, 6.284285610140000422 ),
 .UNSPECIFIED. ) ;
#2004 = CARTESIAN_POINT ( 'NONE',  ( 29.13212623340216822, -4.128145496834639161, 74.24335083585432926 ) ) ;
#2005 = ORIENTED_EDGE ( 'NONE', *, *, #4909, .T. ) ;
#2006 = EDGE_CURVE ( 'NONE', #1128, #2868, #344, .T. ) ;
#2007 = CARTESIAN_POINT ( 'NONE',  ( 29.49640953598600035, 4.268119974646999992, 74.98780324605098713 ) ) ;
#2008 = CARTESIAN_POINT ( 'NONE',  ( 35.43750257594700059, -2.888518057818999729, 68.31714237989199034 ) ) ;
#2009 = CARTESIAN_POINT ( 'NONE',  ( 30.29648221766500171, -1.606138761339000132, 68.82472363159899942 ) ) ;
#2010 = CARTESIAN_POINT ( 'NONE',  ( 31.27616152710400144, 2.501302120754000047, 77.46078193642600240 ) ) ;
#2011 = CARTESIAN_POINT ( 'NONE',  ( 33.59984672474356415, 0.01451170856567143667, 67.83097715692682073 ) ) ;
#2012 = ORIENTED_EDGE ( 'NONE', *, *, #1978, .F. ) ;
#2013 = CARTESIAN_POINT ( 'NONE',  ( 36.93755731529899577, -2.046879374811000130, 77.89873401199699288 ) ) ;
#2014 = CARTESIAN_POINT ( 'NONE',  ( 33.19808972438200811, 1.234503490177000007, 78.02197615914599282 ) ) ;
#2015 = CARTESIAN_POINT ( 'NONE',  ( 37.44073999999999813, 1.889999999999999946E-15, 73.00000000000000000 ) ) ;
#2016 = LINE ( 'NONE', #1597, #1937 ) ;
#2017 = CARTESIAN_POINT ( 'NONE',  ( 32.01188099908499396, 4.893904439796999739, 71.43372555058300577 ) ) ;
#2018 = CARTESIAN_POINT ( 'NONE',  ( 32.53125246083300226, 4.130227116809000343, 74.83001545948100386 ) ) ;
#2019 = CARTESIAN_POINT ( 'NONE',  ( 33.37587892895200525, -5.157320751520000357, 72.59881218553698545 ) ) ;
#2020 = CARTESIAN_POINT ( 'NONE',  ( 34.73841566613899801, 5.064476931131999926, 71.72416310894399771 ) ) ;
#2021 = ORIENTED_EDGE ( 'NONE', *, *, #2794, .T. ) ;
#2022 = CARTESIAN_POINT ( 'NONE',  ( 35.35621720610399876, -3.872861261873000061, 69.47735219846400412 ) ) ;
#2023 = CARTESIAN_POINT ( 'NONE',  ( 32.40001423353700005, -4.860229986025999871, 75.16964186243001222 ) ) ;
#2024 = CARTESIAN_POINT ( 'NONE',  ( 32.78139188830699879, 3.771478281640000318, 69.47717976808199580 ) ) ;
#2025 = CARTESIAN_POINT ( 'NONE',  ( 31.15014739521999942, 4.468939760086000135, 75.94086604785499617 ) ) ;
#2026 = AXIS2_PLACEMENT_3D ( 'NONE', #1027, #1339, #4136 ) ;
#2027 = CARTESIAN_POINT ( 'NONE',  ( 34.54068259648614259, 0.01788791951468063704, 67.80159353342793338 ) ) ;
#2028 = CARTESIAN_POINT ( 'NONE',  ( 39.94071895468699296, 6.643813628256999948, 71.80742276015999437 ) ) ;
#2029 = ORIENTED_EDGE ( 'NONE', *, *, #1823, .T. ) ;
#2030 = CARTESIAN_POINT ( 'NONE',  ( 35.85787429306400043, -3.766385244460999981, 70.16399624510199828 ) ) ;
#2031 = CARTESIAN_POINT ( 'NONE',  ( 35.52592699999999581, 2.027754670999999880E-06, 77.50578587332000779 ) ) ;
#2032 = CARTESIAN_POINT ( 'NONE',  ( 31.99716597963200115, 4.910038968531999615, 74.48778329829400491 ) ) ;
#2033 = CARTESIAN_POINT ( 'NONE',  ( 31.51557120704700310, -4.529566675379000706, 75.37439874670700135 ) ) ;
#2034 = CARTESIAN_POINT ( 'NONE',  ( 31.35268761387699499, 8.679163280000000261E-07, 78.09881175956800803 ) ) ;
#2035 = EDGE_CURVE ( 'NONE', #3957, #4380, #3878, .T. ) ;
#2036 = CARTESIAN_POINT ( 'NONE',  ( 33.54836171489900210, -4.480328418141999336, 70.38931546952500184 ) ) ;
#2037 = ORIENTED_EDGE ( 'NONE', *, *, #670, .T. ) ;
#2038 = CARTESIAN_POINT ( 'NONE',  ( 29.73366539566199762, 3.724682412761000094, 75.45103629950401114 ) ) ;
#2039 = CARTESIAN_POINT ( 'NONE',  ( 34.92700632879899558, 4.004851920536999899, 76.71207419678299289 ) ) ;
#2040 = FACE_OUTER_BOUND ( 'NONE', #2899, .T. ) ;
#2041 = EDGE_CURVE ( 'NONE', #3800, #4505, #3611, .T. ) ;
#2042 = CARTESIAN_POINT ( 'NONE',  ( 31.57103005988100364, -4.257430375511999543, 70.15173585014200341 ) ) ;
#2043 = ORIENTED_EDGE ( 'NONE', *, *, #2196, .F. ) ;
#2044 = CARTESIAN_POINT ( 'NONE',  ( 31.43072977379399902, 3.644598586560999998, 70.24370181472500008 ) ) ;
#2045 = PRODUCT_DEFINITION_SHAPE ( 'NONE', 'NONE',  #2849 ) ;
#2046 = FACE_OUTER_BOUND ( 'NONE', #635, .T. ) ;
#2047 = CARTESIAN_POINT ( 'NONE',  ( 35.75556341117000159, 4.751635964341000218, 70.77263268261499718 ) ) ;
#2048 = CARTESIAN_POINT ( 'NONE',  ( 30.10787113836600071, 5.221026650347000420, 72.51520293597100419 ) ) ;
#2049 = CARTESIAN_POINT ( 'NONE',  ( 40.88860299587199876, 2.650000000000000068E-15, 73.00000000000000000 ) ) ;
#2050 = B_SPLINE_CURVE_WITH_KNOTS ( 'NONE', 1,
 ( #4986, #1074 ),
 .UNSPECIFIED., .F., .F.,
 ( 2, 2 ),
 ( 0.000000000000000000, 0.8205507722455691599 ),
 .UNSPECIFIED. ) ;
#2051 = CARTESIAN_POINT ( 'NONE',  ( 35.48213473058649470, 0.04281914128600999847, 67.77224899797589330 ) ) ;
#2052 = DIRECTION ( 'NONE',  ( 1.000000000000000000, 2.200000000000000003E-16, 0.000000000000000000 ) ) ;
#2053 = ADVANCED_FACE ( 'NONE', ( #742 ), #4721, .T. ) ;
#2054 = CARTESIAN_POINT ( 'NONE',  ( 35.33303740703200191, -5.204319693304999994, 73.62126528086800192 ) ) ;
#2055 = ORIENTED_EDGE ( 'NONE', *, *, #1077, .T. ) ;
#2056 = CARTESIAN_POINT ( 'NONE',  ( 36.90703206568599626, 0.8787558498790000172, 78.33981723174198919 ) ) ;
#2057 = DIRECTION ( 'NONE',  ( 0.000000000000000000, 0.000000000000000000, 1.000000000000000000 ) ) ;
#2058 = CARTESIAN_POINT ( 'NONE',  ( 31.78478182968499866, 2.214882199716000422, 68.37136954671601075 ) ) ;
#2059 = CARTESIAN_POINT ( 'NONE',  ( 36.19073999999999813, 1.609999999999999932E-15, 73.00000000000000000 ) ) ;
#2060 = CARTESIAN_POINT ( 'NONE',  ( 30.17500647251900148, 5.087629817574999436, 72.94101623917200072 ) ) ;
#2061 = CARTESIAN_POINT ( 'NONE',  ( 28.94073999999999813, -3.666174209354000180, 66.65000000000000568 ) ) ;
#2062 = ORIENTED_EDGE ( 'NONE', *, *, #985, .T. ) ;
#2063 = CARTESIAN_POINT ( 'NONE',  ( 28.96531874775799764, -0.7058900055829999687, 77.30076808129500421 ) ) ;
#2064 = CARTESIAN_POINT ( 'NONE',  ( 30.96511292959400308, 4.845542886413000794, 71.41650885213600475 ) ) ;
#2065 = CARTESIAN_POINT ( 'NONE',  ( 34.65593160043300003, 0.3700171186150000291, 67.79944052262200671 ) ) ;
#2066 = CARTESIAN_POINT ( 'NONE',  ( 32.24502719981999377, 1.632460840408000102, 77.87113852482600862 ) ) ;
#2067 = CARTESIAN_POINT ( 'NONE',  ( 32.39909822833300268, 4.101133178333999929, 70.95954837410899074 ) ) ;
#2068 = DIRECTION ( 'NONE',  ( 0.000000000000000000, 0.000000000000000000, 1.000000000000000000 ) ) ;
#2069 = EDGE_LOOP ( 'NONE', ( #1193, #4966 ) ) ;
#2070 = CARTESIAN_POINT ( 'NONE',  ( 33.79191748544800333, -3.827249864888000008, 75.53189362017700148 ) ) ;
#2071 = ADVANCED_FACE ( 'NONE', ( #4308 ), #1422, .T. ) ;
#2072 = CARTESIAN_POINT ( 'NONE',  ( 29.35574121773900202, -1.595266811744999957, 68.85299075383501588 ) ) ;
#2073 = B_SPLINE_CURVE_WITH_KNOTS ( 'NONE', 6,
 ( #144, #1332, #2278, #1062, #4636, #3763, #4599, #356, #5083, #830, #164, #2767, #3983, #4810, #4432, #2033, #2165, #1399, #2268, #4084, #4385, #795, #3914, #2725, #32, #3533, #1910, #4836, #611, #1137, #4346, #3210, #1284, #3427, #3844, #197, #4931, #3150, #2380, #4103, #4837, #704, #1015, #4922, #2955, #265, #3823 ),
 .UNSPECIFIED., .F., .F.,
 ( 7, 5, 5, 5, 5, 5, 5, 5, 5, 7 ),
 ( 0.000000000000000000, 0.06147682968643999879, 0.1223442677480000018, 0.1828456658829999970, 0.2426565829539999997, 0.3025841343669999906, 0.3635301034660000097, 0.4244959230970000164, 0.4827077997049999958, 0.4993343407177402438 ),
 .UNSPECIFIED. ) ;
#2074 = DIRECTION ( 'NONE',  ( 0.9995120818701392906, 2.160675267224045511E-16, -0.03123456731924095786 ) ) ;
#2075 = CARTESIAN_POINT ( 'NONE',  ( 32.83015237907899575, 4.696039620287999483, 70.87084765945999720 ) ) ;
#2076 = CARTESIAN_POINT ( 'NONE',  ( 34.10989706007699596, 2.185654281475999827, 77.71419086251600561 ) ) ;
#2077 = CARTESIAN_POINT ( 'NONE',  ( 30.87137949537000026, -1.431375242826000038, 77.22818451834800157 ) ) ;
#2078 = CARTESIAN_POINT ( 'NONE',  ( 32.46669309229899625, -4.931389751973999758, 71.53609894739599895 ) ) ;
#2079 = CARTESIAN_POINT ( 'NONE',  ( 29.31377627500099692, -4.473943113585000297, 72.33433937021600002 ) ) ;
#2080 =( BOUNDED_CURVE ( )  B_SPLINE_CURVE ( 2, ( #2784, #2750, #1628 ),
 .UNSPECIFIED., .F., .T. ) 
 B_SPLINE_CURVE_WITH_KNOTS ( ( 3, 3 ),
 ( 0.000000000000000000, 1.000000000000000000 ),
 .UNSPECIFIED. ) 
 CURVE ( )  GEOMETRIC_REPRESENTATION_ITEM ( )  RATIONAL_B_SPLINE_CURVE ( ( 1.000000000000000000, 1.004815706086086058, 1.000000000000000000 ) ) 
 REPRESENTATION_ITEM ( '' )  );
#2081 = ORIENTED_EDGE ( 'NONE', *, *, #1200, .F. ) ;
#2082 = CARTESIAN_POINT ( 'NONE',  ( 35.59966324250299863, -2.191031939463000011, 77.09819170864099647 ) ) ;
#2083 = CARTESIAN_POINT ( 'NONE',  ( 33.28458431874200585, 3.112443559617999789, 69.57228724666198616 ) ) ;
#2084 = CARTESIAN_POINT ( 'NONE',  ( 31.74118345296864874, 0.7919888994603657695, 67.93829810333065211 ) ) ;
#2085 = CARTESIAN_POINT ( 'NONE',  ( 30.09138476805400231, 4.283246134364999236, 70.25313187745798871 ) ) ;
#2086 = CARTESIAN_POINT ( 'NONE',  ( 33.51888822715899607, -4.896468865350000144, 71.31780936226699907 ) ) ;
#2087 = ORIENTED_EDGE ( 'NONE', *, *, #5016, .F. ) ;
#2088 = CARTESIAN_POINT ( 'NONE',  ( 29.60481764633499679, 1.447320479999999907E-07, 77.80859296704299766 ) ) ;
#2089 = CARTESIAN_POINT ( 'NONE',  ( 29.83220913188699797, 1.424462577508999850, 77.19599012881299416 ) ) ;
#2090 = CARTESIAN_POINT ( 'NONE',  ( 30.77742095545103140, 0.007384012929687394471, 67.91916521653215000 ) ) ;
#2091 = DIRECTION ( 'NONE',  ( 1.000000000000000000, 2.200000000000000003E-16, 0.000000000000000000 ) ) ;
#2092 = CARTESIAN_POINT ( 'NONE',  ( 32.00168810552499821, 4.769021822483000328, 71.10712386349101166 ) ) ;
#2093 = DIRECTION ( 'NONE',  ( 1.000000000000000000, 2.200000000000000003E-16, 0.000000000000000000 ) ) ;
#2094 = CARTESIAN_POINT ( 'NONE',  ( 31.65759493503700384, -3.659564567888000219, 68.98342216334698662 ) ) ;
#2095 = CARTESIAN_POINT ( 'NONE',  ( 30.40710640959200362, 1.603537851269000170, 68.82057673999700853 ) ) ;
#2096 = FACE_OUTER_BOUND ( 'NONE', #4595, .T. ) ;
#2097 = CARTESIAN_POINT ( 'NONE',  ( 31.71794437135132938, -3.117081245895825248E-16, 67.88977403403113442 ) ) ;
#2098 = ORIENTED_EDGE ( 'NONE', *, *, #1105, .F. ) ;
#2099 = CARTESIAN_POINT ( 'NONE',  ( 31.13940639544199840, 4.443621766318999633, 75.92420346148000476 ) ) ;
#2100 = CARTESIAN_POINT ( 'NONE',  ( 30.87263523590971914, -0.3287644140888367761, 67.91618978864762823 ) ) ;
#2101 = CARTESIAN_POINT ( 'NONE',  ( 37.44073999999999103, 5.990206339158791415, 75.17876146849475560 ) ) ;
#2102 = CARTESIAN_POINT ( 'NONE',  ( 34.53591413152000200, 1.472836253682000107, 77.33850244669298490 ) ) ;
#2103 = CARTESIAN_POINT ( 'NONE',  ( 29.57687522899500365, 4.019077997473999631, 71.00036626292799724 ) ) ;
#2104 = CARTESIAN_POINT ( 'NONE',  ( 32.32627799059299889, -3.279081734350000055, 77.25975612476798915 ) ) ;
#2105 = AXIS2_PLACEMENT_3D ( 'NONE', #3591, #141, #2492 ) ;
#2106 = EDGE_CURVE ( 'NONE', #779, #2299, #4629, .T. ) ;
#2107 = CARTESIAN_POINT ( 'NONE',  ( 42.44073999999999813, 5.499260976857000216, 69.82499941599600390 ) ) ;
#2108 = CARTESIAN_POINT ( 'NONE',  ( 31.61916929397999709, -4.315453711929000846, 69.75048169417300414 ) ) ;
#2109 = CYLINDRICAL_SURFACE ( 'NONE', #3605, 2.949999999999994404 ) ;
#2110 = CARTESIAN_POINT ( 'NONE',  ( 36.19073999999999813, 1.609999999999999932E-15, 78.25000000000000000 ) ) ;
#2111 = CARTESIAN_POINT ( 'NONE',  ( 31.96172568305499695, 5.167094163288999731, 71.53341889465198733 ) ) ;
#2112 = CARTESIAN_POINT ( 'NONE',  ( 29.12218540126118782, -4.033488345548947862, 74.51333947457449369 ) ) ;
#2113 = ORIENTED_EDGE ( 'NONE', *, *, #2687, .F. ) ;
#2114 = DIRECTION ( 'NONE',  ( 0.000000000000000000, 0.000000000000000000, 1.000000000000000000 ) ) ;
#2115 = CARTESIAN_POINT ( 'NONE',  ( 36.62706222744999707, 4.959887119445000714, 70.53237546162199578 ) ) ;
#2116 = CARTESIAN_POINT ( 'NONE',  ( 33.64444500000000460, 1.448583734900000099E-06, 77.44698990951400219 ) ) ;
#2117 = CARTESIAN_POINT ( 'NONE',  ( 31.84557037765500098, 3.863910778664000123, 69.62151571185600574 ) ) ;
#2118 = ORIENTED_EDGE ( 'NONE', *, *, #3525, .T. ) ;
#2119 = CARTESIAN_POINT ( 'NONE',  ( 36.31885239411599997, 3.901908365866999961, 75.56767440769699817 ) ) ;
#2120 = CARTESIAN_POINT ( 'NONE',  ( 34.19769786394400768, 2.430366600016999890, 69.04855935730499539 ) ) ;
#2121 = LINE ( 'NONE', #2913, #3870 ) ;
#2122 = CARTESIAN_POINT ( 'NONE',  ( 30.41194661957399958, 3.857542480000000272E-07, 78.06941377784299618 ) ) ;
#2123 = CARTESIAN_POINT ( 'NONE',  ( 32.06273740956999774, 5.130328496409999772, 73.15349154963999467 ) ) ;
#2124 = CARTESIAN_POINT ( 'NONE',  ( 31.71534716416944022, -0.08864536408576312310, 67.88985519677154912 ) ) ;
#2125 = VERTEX_POINT ( 'NONE', #4969 ) ;
#2126 = CARTESIAN_POINT ( 'NONE',  ( 28.94073999999999813, 6.000000000000151422E-18, 76.64999999999935199 ) ) ;
#2127 = CARTESIAN_POINT ( 'NONE',  ( 30.46462017491100127, -4.424018288701999424, 75.51465544608299751 ) ) ;
#2128 = CARTESIAN_POINT ( 'NONE',  ( 35.91324357583899740, -2.465152209139000128, 69.00360425278599052 ) ) ;
#2129 = CARTESIAN_POINT ( 'NONE',  ( 32.67064885875899449, -0.9630394033909999152, 67.79256876490200057 ) ) ;
#2130 = ORIENTED_EDGE ( 'NONE', *, *, #2332, .T. ) ;
#2131 = CARTESIAN_POINT ( 'NONE',  ( 37.44073999999999103, -3.654900306567843593, 78.22219082365454312 ) ) ;
#2132 = CARTESIAN_POINT ( 'NONE',  ( 31.01885198147900269, -4.279132234393999923, 74.12042926819401600 ) ) ;
#2133 = CARTESIAN_POINT ( 'NONE',  ( 33.57053719738900099, 2.165645641764999851, 77.03842381234100856 ) ) ;
#2134 = CARTESIAN_POINT ( 'NONE',  ( 29.49088553868000062, -3.791312960628999917, 70.20830145035399994 ) ) ;
#2135 = ORIENTED_EDGE ( 'NONE', *, *, #3777, .F. ) ;
#2136 = CARTESIAN_POINT ( 'NONE',  ( 36.61886220273699877, 5.189390864975999662, 71.94433353646100215 ) ) ;
#2137 = CARTESIAN_POINT ( 'NONE',  ( 36.85776019705899387, 2.600993381328999821, 77.85036779757000147 ) ) ;
#2138 = CARTESIAN_POINT ( 'NONE',  ( 33.14638985872299770, -0.8195523557170000251, 68.56857446240499598 ) ) ;
#2139 = ADVANCED_FACE ( 'NONE', ( #3000 ), #688, .F. ) ;
#2140 = CARTESIAN_POINT ( 'NONE',  ( 29.88148100000000085, 2.897621519999999931E-07, 77.32939798190299996 ) ) ;
#2141 = B_SPLINE_CURVE_WITH_KNOTS ( 'NONE', 3,
 ( #3627, #2573, #993, #4071, #4639, #2689, #4254, #3528, #1585, #1231 ),
 .UNSPECIFIED., .F., .F.,
 ( 4, 2, 2, 2, 4 ),
 ( 0.000000000000000000, 0.2500000000000000000, 0.5000000000000000000, 0.7500000000000000000, 1.000000000000000000 ),
 .UNSPECIFIED. ) ;
#2142 = CARTESIAN_POINT ( 'NONE',  ( 40.88860299587199876, 2.650000000000000068E-15, 73.00000000000000000 ) ) ;
#2143 = CARTESIAN_POINT ( 'NONE',  ( 30.01993620728999801, 2.541947251718999823, 68.59473626281400982 ) ) ;
#2144 = ORIENTED_EDGE ( 'NONE', *, *, #4974, .F. ) ;
#2145 = FACE_OUTER_BOUND ( 'NONE', #2500, .T. ) ;
#2146 = CARTESIAN_POINT ( 'NONE',  ( 31.08329408581900211, 4.540163392459000136, 75.32613908666399993 ) ) ;
#2147 = CARTESIAN_POINT ( 'NONE',  ( 35.05129621226099346, 2.177203172496000150, 77.75057802559800280 ) ) ;
#2148 = EDGE_LOOP ( 'NONE', ( #2118, #1437, #1482 ) ) ;
#2149 = CARTESIAN_POINT ( 'NONE',  ( 31.28722200000000342, 5.785134887500000923E-07, 78.16419958932500833 ) ) ;
#2150 = B_SPLINE_CURVE_WITH_KNOTS ( 'NONE', 3,
 ( #4207, #325, #1725, #1557, #2903, #1314, #2436, #2101, #4446, #846 ),
 .UNSPECIFIED., .F., .F.,
 ( 4, 2, 2, 2, 4 ),
 ( 0.000000000000000000, 0.2500000000000000000, 0.5000000000000000000, 0.7500000000000000000, 1.000000000000000000 ),
 .UNSPECIFIED. ) ;
#2151 = CARTESIAN_POINT ( 'NONE',  ( 28.75231801208599691, -5.072259421012999425, 71.57565524320800421 ) ) ;
#2152 = AXIS2_PLACEMENT_3D ( 'NONE', #2189, #2091, #1328 ) ;
#2153 = CARTESIAN_POINT ( 'NONE',  ( 32.45435313777699804, 4.465064634559999135, 72.58537412546401413 ) ) ;
#2154 = CARTESIAN_POINT ( 'NONE',  ( 29.13709664947265310, -4.167872465448601460, 74.10581054704412907 ) ) ;
#2155 = CARTESIAN_POINT ( 'NONE',  ( 29.84030087368300244, -3.435751445500830338E-16, 67.94845004577298653 ) ) ;
#2156 = CARTESIAN_POINT ( 'NONE',  ( 31.78521995475900397, 0.9556237722810000390, 67.82023793345599927 ) ) ;
#2157 = CONICAL_SURFACE ( 'NONE', #1566, 9.038370000000004012, 1.178102599964000019 ) ;
#2158 = CARTESIAN_POINT ( 'NONE',  ( 38.00789484072100066, -3.666174209354000180, 66.65000000000000568 ) ) ;
#2159 = SHAPE_DEFINITION_REPRESENTATION ( #2045, #4324 ) ;
#2160 = CONICAL_SURFACE ( 'NONE', #1172, 6.349999999999994316, 1.047200821370000368 ) ;
#2161 = CARTESIAN_POINT ( 'NONE',  ( 34.27734720214800035, -5.121926405714999575, 73.95628882957900885 ) ) ;
#2162 = FACE_OUTER_BOUND ( 'NONE', #108, .T. ) ;
#2163 = CARTESIAN_POINT ( 'NONE',  ( 33.10553719738899758, 2.558025854133999744, 77.77023306769399369 ) ) ;
#2164 = DIRECTION ( 'NONE',  ( 0.000000000000000000, 0.000000000000000000, 1.000000000000000000 ) ) ;
#2165 = CARTESIAN_POINT ( 'NONE',  ( 31.53446663766800029, -4.792438274981000390, 74.78631618464299891 ) ) ;
#2166 = CARTESIAN_POINT ( 'NONE',  ( 33.72195686405499515, 2.852887672656000184, 68.36172825550600862 ) ) ;
#2167 = CARTESIAN_POINT ( 'NONE',  ( 29.87026659557700015, 1.135579847555999944, 68.05595210160198860 ) ) ;
#2168 = ADVANCED_FACE ( 'NONE', ( #392 ), #4702, .T. ) ;
#2169 = ORIENTED_EDGE ( 'NONE', *, *, #794, .T. ) ;
#2170 = CARTESIAN_POINT ( 'NONE',  ( 37.32716000864048311, -0.5031885645464855283, 67.75000000641242082 ) ) ;
#2171 = CARTESIAN_POINT ( 'NONE',  ( 34.94073999999999813, 1.330000000000000115E-15, 73.00000000000000000 ) ) ;
#2172 = CARTESIAN_POINT ( 'NONE',  ( 34.84432026486000211, 5.074320617577000370, 71.75014914358298768 ) ) ;
#2173 = CARTESIAN_POINT ( 'NONE',  ( 34.91713329324500137, -3.741869269471999715, 70.18245924932001856 ) ) ;
#2174 = ORIENTED_EDGE ( 'NONE', *, *, #4150, .F. ) ;
#2175 = CARTESIAN_POINT ( 'NONE',  ( 37.44073999999999813, 5.499260976857000216, 69.82499941599600390 ) ) ;
#2176 = CARTESIAN_POINT ( 'NONE',  ( 35.83018965167399728, -4.206647610134999660, 70.91998389491701005 ) ) ;
#2177 = CARTESIAN_POINT ( 'NONE',  ( 30.88231713520563915, 1.397604362969595559E-17, 67.91588723072237599 ) ) ;
#2178 = CARTESIAN_POINT ( 'NONE',  ( 40.03343979002521280, 6.973844507863414144, 73.62094698829649531 ) ) ;
#2179 = CARTESIAN_POINT ( 'NONE',  ( 31.59148465277599627, -4.820033168723999673, 70.61662616484599653 ) ) ;
#2180 = CARTESIAN_POINT ( 'NONE',  ( 33.06333593489100053, -3.113999050723999851, 69.58230836411301823 ) ) ;
#2181 = CARTESIAN_POINT ( 'NONE',  ( 33.70465437985787105, 0.003945798067194643440, 67.82768971490355625 ) ) ;
#2182 = VECTOR ( 'NONE', #296, 1000.000000000000000 ) ;
#2183 = DIRECTION ( 'NONE',  ( 0.000000000000000000, 0.000000000000000000, 1.000000000000000000 ) ) ;
#2184 = DIRECTION ( 'NONE',  ( 1.000000000000000000, 2.200000000000000003E-16, 0.000000000000000000 ) ) ;
#2185 = ORIENTED_EDGE ( 'NONE', *, *, #1253, .T. ) ;
#2186 = DIRECTION ( 'NONE',  ( 1.000000000000000000, 2.200000000000000003E-16, 0.000000000000000000 ) ) ;
#2187 = FACE_OUTER_BOUND ( 'NONE', #3587, .T. ) ;
#2188 = CARTESIAN_POINT ( 'NONE',  ( 36.37652295189099760, -3.297224405372000344, 68.54784135925800115 ) ) ;
#2189 = CARTESIAN_POINT ( 'NONE',  ( 28.94073999999999813, 0.000000000000000000, 73.00000000000000000 ) ) ;
#2190 = EDGE_CURVE ( 'NONE', #447, #5094, #150, .T. ) ;
#2191 = CARTESIAN_POINT ( 'NONE',  ( 35.42738326289099859, 2.847765943439000136, 76.68679191638500470 ) ) ;
#2192 = EDGE_LOOP ( 'NONE', ( #88, #101, #306, #882 ) ) ;
#2193 = CARTESIAN_POINT ( 'NONE',  ( 34.49002304268900332, -4.489618544148999746, 70.34680166984799143 ) ) ;
#2194 = CARTESIAN_POINT ( 'NONE',  ( 29.08424777416299989, 4.266205617958999774, 69.77369205669900509 ) ) ;
#2195 = CARTESIAN_POINT ( 'NONE',  ( 30.88241387095097679, 0.003284818549473685848, 67.91588484443610696 ) ) ;
#2196 = EDGE_CURVE ( 'NONE', #891, #3757, #2639, .T. ) ;
#2197 = EDGE_LOOP ( 'NONE', ( #1755, #3826, #1163 ) ) ;
#2198 = CARTESIAN_POINT ( 'NONE',  ( 34.01090126318599971, 3.319917637000000088, 77.29814341451100290 ) ) ;
#2199 = CARTESIAN_POINT ( 'NONE',  ( 33.16896474621399449, -1.363202931807000029, 77.99110817462100442 ) ) ;
#2200 = CARTESIAN_POINT ( 'NONE',  ( 33.62738346318599980, -2.556398645262000002, 68.48563317865699673 ) ) ;
#2201 = FACE_OUTER_BOUND ( 'NONE', #1380, .T. ) ;
#2202 = CARTESIAN_POINT ( 'NONE',  ( 40.18193922118300065, 3.666174209354000180, 79.35000000000000853 ) ) ;
#2203 = CARTESIAN_POINT ( 'NONE',  ( 32.54296665233400176, -4.874808480605000938, 70.58953717107000614 ) ) ;
#2204 = ADVANCED_FACE ( 'NONE', ( #3049 ), #3299, .T. ) ;
#2205 = DIRECTION ( 'NONE',  ( -0.9995120818701390686, -2.200000000000305194E-16, -0.03123456731924435098 ) ) ;
#2206 = VERTEX_POINT ( 'NONE', #1378 ) ;
#2207 = CARTESIAN_POINT ( 'NONE',  ( 37.34125139664678272, 2.913793338554793166E-16, 67.75000000106567200 ) ) ;
#2208 = CARTESIAN_POINT ( 'NONE',  ( 30.41538739431999971, -3.369315200633999918, 76.80211382618099947 ) ) ;
#2209 = CARTESIAN_POINT ( 'NONE',  ( 34.88847546006099520, 4.966703107252000038, 75.20068929764300947 ) ) ;
#2210 = CARTESIAN_POINT ( 'NONE',  ( 29.64073999999999742, 1.599999999999999868E-16, 73.00000000000000000 ) ) ;
#2211 = ORIENTED_EDGE ( 'NONE', *, *, #2755, .F. ) ;
#2212 = CARTESIAN_POINT ( 'NONE',  ( 34.42090228418799569, -5.192459488728999872, 72.62509711555399861 ) ) ;
#2213 = CARTESIAN_POINT ( 'NONE',  ( 35.88555893444799949, -3.176003918110000157, 69.51424489203800761 ) ) ;
#2214 = CARTESIAN_POINT ( 'NONE',  ( 32.28858840944499775, 1.625235713671999926, 68.76403273228399371 ) ) ;
#2215 = ORIENTED_EDGE ( 'NONE', *, *, #2357, .T. ) ;
#2216 = CARTESIAN_POINT ( 'NONE',  ( 33.89333836948699741, -4.512138305476000255, 72.59528189353599714 ) ) ;
#2217 = EDGE_CURVE ( 'NONE', #1943, #2447, #3478, .T. ) ;
#2218 = CARTESIAN_POINT ( 'NONE',  ( 34.94073999999999813, 1.691270805748469276E-15, 70.04999999999999716 ) ) ;
#2219 = CARTESIAN_POINT ( 'NONE',  ( 36.20510601489037583, -4.412271830111147430, 75.88776659145169390 ) ) ;
#2220 =( NAMED_UNIT ( * ) SI_UNIT ( $, .STERADIAN. ) SOLID_ANGLE_UNIT ( ) );
#2221 = CARTESIAN_POINT ( 'NONE',  ( 33.20867405669900307, -2.623555267149999981, 77.46045001122800500 ) ) ;
#2222 = VECTOR ( 'NONE', #4857, 1000.000000000000114 ) ;
#2223 = CARTESIAN_POINT ( 'NONE',  ( 30.38180074768499850, -0.8477571520359999946, 78.16496776559699811 ) ) ;
#2224 = CARTESIAN_POINT ( 'NONE',  ( 33.06438352925300705, 2.161768198365999982, 77.68842002831799221 ) ) ;
#2225 = CARTESIAN_POINT ( 'NONE',  ( 36.05639261387699435, 2.313736756999999794E-06, 78.24580166908199885 ) ) ;
#2226 = DIRECTION ( 'NONE',  ( 1.000000000000000000, 2.200000000000000003E-16, 0.000000000000000000 ) ) ;
#2227 = AXIS2_PLACEMENT_3D ( 'NONE', #3327, #4060, #2114 ) ;
#2228 = EDGE_LOOP ( 'NONE', ( #1401, #3031, #224, #579, #1914 ) ) ;
#2229 = CARTESIAN_POINT ( 'NONE',  ( 37.34488604443299664, 0.1297760002610000019, 67.75160422702700203 ) ) ;
#2230 = CARTESIAN_POINT ( 'NONE',  ( 36.40132721391599802, -2.504680531538000299, 68.07947651811699075 ) ) ;
#2231 = FACE_OUTER_BOUND ( 'NONE', #1360, .T. ) ;
#2232 = CARTESIAN_POINT ( 'NONE',  ( 37.28171868985900517, -3.989974185619999503, 69.15754477166801450 ) ) ;
#2233 = CARTESIAN_POINT ( 'NONE',  ( 34.60976474753800147, -0.7348442439610001209, 77.47715625804998751 ) ) ;
#2234 = CARTESIAN_POINT ( 'NONE',  ( 36.19073999999999813, 9.670604304476394179E-16, 67.74999999999998579 ) ) ;
#2235 = ORIENTED_EDGE ( 'NONE', *, *, #258, .T. ) ;
#2236 = CARTESIAN_POINT ( 'NONE',  ( 34.40119282430899972, -5.196100630023999578, 73.30887147279901228 ) ) ;
#2237 = CARTESIAN_POINT ( 'NONE',  ( 35.47592821722400203, -1.969216790106999904, 67.88069598869499544 ) ) ;
#2238 = CARTESIAN_POINT ( 'NONE',  ( 32.65695385682600005, -3.375523528545000485, 69.10203286610300211 ) ) ;
#2239 = FACE_OUTER_BOUND ( 'NONE', #1564, .T. ) ;
#2240 = ORIENTED_EDGE ( 'NONE', *, *, #3321, .F. ) ;
#2241 = CARTESIAN_POINT ( 'NONE',  ( 34.17007040929700423, 1.646933575817999929, 68.70748872465699719 ) ) ;
#2242 = EDGE_LOOP ( 'NONE', ( #3201, #63, #4213, #4637, #668, #1635 ) ) ;
#2243 = CARTESIAN_POINT ( 'NONE',  ( 35.01053784695899651, 1.735430396999999980E-06, 78.21311890144400536 ) ) ;
#2244 = EDGE_CURVE ( 'NONE', #299, #2887, #3030, .T. ) ;
#2245 = LINE ( 'NONE', #2730, #4138 ) ;
#2246 = CARTESIAN_POINT ( 'NONE',  ( 31.20953857638800244, -2.384957497485999944, 69.13363207877399930 ) ) ;
#2247 = CARTESIAN_POINT ( 'NONE',  ( 36.34348832843299704, 3.438365292024999853, 76.18693538566699885 ) ) ;
#2248 = EDGE_CURVE ( 'NONE', #5085, #2447, #2415, .T. ) ;
#2249 = B_SPLINE_SURFACE_WITH_KNOTS ( 'NONE', 1, 9, ( 
 ( #999, #3735, #1337, #4079, #568, #3598, #513, #3270, #4853, #2284, #1595, #4673, #4287, #2700, #3261, #2778, #1730, #2587, #2095, #4413, #563, #480, #4652, #768, #1784, #3264, #4204, #4066, #3750, #1954, #562, #3291, #3884, #3393 ),
 ( #3135, #1205, #469, #2422, #3428, #674, #460, #4822, #814, #3119, #3702, #527, #4301, #412, #3240, #3233, #1905, #804, #1929, #4601, #433, #4424, #1223, #3175, #2048, #3204, #1792, #1390, #3300, #1051, #959, #2945, #1126, #4239 ) ),
 .UNSPECIFIED., .F., .F., .F.,
 ( 2, 2 ),
 ( 10, 8, 8, 8, 10 ),
 ( 0.000000000000000000, 0.9300000000000000488 ),
 ( 0.000000000000000000, 1.477706229023999951, 3.142142805069999767, 4.803141262200000483, 6.284285610140000422 ),
 .UNSPECIFIED. ) ;
#2250 = AXIS2_PLACEMENT_3D ( 'NONE', #3843, #1924, #2661 ) ;
#2251 = ORIENTED_EDGE ( 'NONE', *, *, #346, .T. ) ;
#2252 = CARTESIAN_POINT ( 'NONE',  ( 37.34352310811724607, 0.08111799066132185931, 67.75057299595604832 ) ) ;
#2253 = CARTESIAN_POINT ( 'NONE',  ( 31.21036050788600136, 1.257419667204999980, 77.95301674963099003 ) ) ;
#2254 = CARTESIAN_POINT ( 'NONE',  ( 39.94071895468699296, 2.440000000000000205E-15, 73.00000000000000000 ) ) ;
#2255 = CARTESIAN_POINT ( 'NONE',  ( 34.64581140922499713, 1.955013599008000202, 67.90466396408999117 ) ) ;
#2256 = CARTESIAN_POINT ( 'NONE',  ( 35.45201919716900818, 2.194290659690000034, 77.09184696552999583 ) ) ;
#2257 = VERTEX_POINT ( 'NONE', #239 ) ;
#2258 = CARTESIAN_POINT ( 'NONE',  ( 29.93136540966500192, 1.889920011724999904, 68.07429598650099933 ) ) ;
#2259 = CARTESIAN_POINT ( 'NONE',  ( 34.37168295240800120, -5.040455115977000133, 74.32276060612599622 ) ) ;
#2260 = CARTESIAN_POINT ( 'NONE',  ( 36.41739613137300324, 1.492185724110999923, 77.39550737390499080 ) ) ;
#2261 = CARTESIAN_POINT ( 'NONE',  ( 32.36097260270500442, -2.240846293876999962, 77.62668519696799763 ) ) ;
#2262 = ADVANCED_FACE ( 'NONE', ( #655 ), #3377, .T. ) ;
#2263 =( BOUNDED_CURVE ( )  B_SPLINE_CURVE ( 2, ( #188, #3694, #1350 ),
 .UNSPECIFIED., .F., .F. ) 
 B_SPLINE_CURVE_WITH_KNOTS ( ( 3, 3 ),
 ( 0.000000000000000000, 1.000000000000000000 ),
 .UNSPECIFIED. ) 
 CURVE ( )  GEOMETRIC_REPRESENTATION_ITEM ( )  RATIONAL_B_SPLINE_CURVE ( ( 1.000000000000000000, 1.004815706086280125, 1.000000000000000000 ) ) 
 REPRESENTATION_ITEM ( '' )  );
#2264 = ORIENTED_EDGE ( 'NONE', *, *, #292, .T. ) ;
#2265 = CARTESIAN_POINT ( 'NONE',  ( 34.03176157605700070, -2.433074324487999540, 69.05561538318599446 ) ) ;
#2266 = ORIENTED_EDGE ( 'NONE', *, *, #825, .F. ) ;
#2267 = DIRECTION ( 'NONE',  ( 1.000000000000000000, 2.200000000000000003E-16, 0.000000000000000000 ) ) ;
#2268 = CARTESIAN_POINT ( 'NONE',  ( 31.55325227444900094, -4.986848828366999165, 74.17414811109100015 ) ) ;
#2269 = CARTESIAN_POINT ( 'NONE',  ( 30.55385198147900283, -5.068704996187999967, 74.32714369231901230 ) ) ;
#2270 = LINE ( 'NONE', #2340, #3947 ) ;
#2271 = ORIENTED_EDGE ( 'NONE', *, *, #1365, .F. ) ;
#2272 = PLANE ( 'NONE',  #1009 ) ;
#2273 = EDGE_CURVE ( 'NONE', #690, #3471, #1803, .T. ) ;
#2274 = CARTESIAN_POINT ( 'NONE',  ( 39.84800092798004556, 2.949166387663085143, 79.34999999999999432 ) ) ;
#2275 = CARTESIAN_POINT ( 'NONE',  ( 36.08527921391799964, -2.933633745209999866, 77.71851974423400122 ) ) ;
#2276 = CARTESIAN_POINT ( 'NONE',  ( 39.69950599505600053, 7.332348418707999471, 73.00000000000000000 ) ) ;
#2277 = CARTESIAN_POINT ( 'NONE',  ( 34.78181598030399613, -4.394412489779999653, 74.15061151403801887 ) ) ;
#2278 = CARTESIAN_POINT ( 'NONE',  ( 31.37201655303800152, -0.6582934668090000274, 78.07392189376500369 ) ) ;
#2279 = CARTESIAN_POINT ( 'NONE',  ( 36.19073999999999813, -5.247859283373999872, 72.85009022078898511 ) ) ;
#2280 = VERTEX_POINT ( 'NONE', #3358 ) ;
#2281 = CARTESIAN_POINT ( 'NONE',  ( 35.52592699999999581, 2.027754857929999744E-06, 77.50578587332000779 ) ) ;
#2282 = CARTESIAN_POINT ( 'NONE',  ( 32.77177293107272504, 0.2738942317613138333, 67.85684208542389229 ) ) ;
#2283 = CARTESIAN_POINT ( 'NONE',  ( 32.90033398089200034, -4.336772362129000413, 74.13552039097098145 ) ) ;
#2284 = CARTESIAN_POINT ( 'NONE',  ( 30.13037437066200042, -4.393031476401001001, 72.60596822170698772 ) ) ;
#2285 = CARTESIAN_POINT ( 'NONE',  ( 35.97703206568599654, 0.8787558498790000172, 78.33981723174198919 ) ) ;
#2286 = CARTESIAN_POINT ( 'NONE',  ( 32.59000317322799845, -4.721442466088999979, 70.94832330596800318 ) ) ;
#2287 = CARTESIAN_POINT ( 'NONE',  ( 33.81558022789199924, 4.905183666520000152, 70.55958738904399752 ) ) ;
#2288 = CARTESIAN_POINT ( 'NONE',  ( 29.15697831375451443, -4.274679038540046605, 73.54380246756642237 ) ) ;
#2289 = CARTESIAN_POINT ( 'NONE',  ( 40.03343979002502806, -2.949166387663500810, 79.35000000000005116 ) ) ;
#2290 = VERTEX_POINT ( 'NONE', #4125 ) ;
#2291 = ORIENTED_EDGE ( 'NONE', *, *, #2342, .F. ) ;
#2292 = FACE_OUTER_BOUND ( 'NONE', #3395, .T. ) ;
#2293 =( BOUNDED_CURVE ( )  B_SPLINE_CURVE ( 2, ( #1855, #4154, #1834 ),
 .UNSPECIFIED., .F., .F. ) 
 B_SPLINE_CURVE_WITH_KNOTS ( ( 3, 3 ),
 ( 0.000000000000000000, 1.000000000000000000 ),
 .UNSPECIFIED. ) 
 CURVE ( )  GEOMETRIC_REPRESENTATION_ITEM ( )  RATIONAL_B_SPLINE_CURVE ( ( 1.000000000000000000, 1.004815706087907934, 1.000000000000000000 ) ) 
 REPRESENTATION_ITEM ( '' )  );
#2294 = CARTESIAN_POINT ( 'NONE',  ( 30.96969448610899889, -3.751422922743000044, 75.48173673706200759 ) ) ;
#2295 = AXIS2_PLACEMENT_3D ( 'NONE', #2852, #76, #4032 ) ;
#2296 = CARTESIAN_POINT ( 'NONE',  ( 32.44756578742899933, -5.085530300075999932, 72.17550354153100045 ) ) ;
#2297 = CONICAL_SURFACE ( 'NONE', #4543, 5.250000000000004441, 0.03123964828145001787 ) ;
#2298 = AXIS2_PLACEMENT_3D ( 'NONE', #2505, #4512, #1599 ) ;
#2299 = VERTEX_POINT ( 'NONE', #4951 ) ;
#2300 = CARTESIAN_POINT ( 'NONE',  ( 35.49287185864900351, -0.9793477776959997882, 67.70437497957500739 ) ) ;
#2301 = DIRECTION ( 'NONE',  ( 1.900000000000720141E-16, -0.8660254037843290176, -0.5000000000001900702 ) ) ;
#2302 = VECTOR ( 'NONE', #1263, 1000.000000000000114 ) ;
#2303 = CARTESIAN_POINT ( 'NONE',  ( 34.81157613689499897, 5.369858064265999431, 72.50138620367600595 ) ) ;
#2304 = EDGE_CURVE ( 'NONE', #4505, #4849, #4493, .T. ) ;
#2305 = AXIS2_PLACEMENT_3D ( 'NONE', #952, #1990, #2653 ) ;
#2306 = CARTESIAN_POINT ( 'NONE',  ( 33.94684638336499916, 3.799341649162000234, 76.53735787293099690 ) ) ;
#2307 = ORIENTED_EDGE ( 'NONE', *, *, #2895, .F. ) ;
#2308 = CARTESIAN_POINT ( 'NONE',  ( 34.94481793459699759, -3.155335629167000278, 69.53693271605500570 ) ) ;
#2309 = CARTESIAN_POINT ( 'NONE',  ( 34.18318124272400382, -2.553946133933999718, 77.77689359348899245 ) ) ;
#2310 = CARTESIAN_POINT ( 'NONE',  ( 35.20839948500800176, -4.570271622143000201, 76.02336661963900610 ) ) ;
#2311 = CARTESIAN_POINT ( 'NONE',  ( 32.38010232797899590, -2.817417696981999953, 77.31077394662699476 ) ) ;
#2312 = CARTESIAN_POINT ( 'NONE',  ( 33.48370765211500100, -4.902196136457999565, 70.57599267420300748 ) ) ;
#2313 = DIRECTION ( 'NONE',  ( 0.000000000000000000, 0.000000000000000000, 1.000000000000000000 ) ) ;
#2314 = CARTESIAN_POINT ( 'NONE',  ( 34.53075523969379645, -0.3267905764162027937, 67.80187421675250903 ) ) ;
#2315 = B_SPLINE_CURVE_WITH_KNOTS ( 'NONE', 8,
 ( #4638, #1090, #728, #1879, #706, #2252, #1856, #3032, #2229 ),
 .UNSPECIFIED., .F., .F.,
 ( 9, 9 ),
 ( 0.9921909150158289004, 1.000000000000000000 ),
 .UNSPECIFIED. ) ;
#2316 = CARTESIAN_POINT ( 'NONE',  ( 42.44074022690782755, -6.349999606987067224, 74.70147805265631291 ) ) ;
#2317 = ORIENTED_EDGE ( 'NONE', *, *, #4534, .F. ) ;
#2318 = CARTESIAN_POINT ( 'NONE',  ( 30.59537437066200027, -5.208810126366999249, 72.53276777670899378 ) ) ;
#2319 = VERTEX_POINT ( 'NONE', #1414 ) ;
#2320 = DIRECTION ( 'NONE',  ( 0.000000000000000000, 0.000000000000000000, 1.000000000000000000 ) ) ;
#2321 = DIRECTION ( 'NONE',  ( 0.9995120818701392906, 2.160675267224045511E-16, -0.03123456731924095786 ) ) ;
#2322 = CARTESIAN_POINT ( 'NONE',  ( 35.74188329385300023, 5.176868726677000154, 73.90017713070901095 ) ) ;
#2323 = CARTESIAN_POINT ( 'NONE',  ( 36.29531516869000285, -3.892024877203999811, 69.44808259733299849 ) ) ;
#2324 = CARTESIAN_POINT ( 'NONE',  ( 32.21406806583299698, 0.8594057857590000626, 78.22222549439899808 ) ) ;
#2325 = ORIENTED_EDGE ( 'NONE', *, *, #3766, .T. ) ;
#2326 = CARTESIAN_POINT ( 'NONE',  ( 32.60516026333299777, 2.791991665211000395, 76.61457587156900217 ) ) ;
#2327 = CARTESIAN_POINT ( 'NONE',  ( 30.05353223405100138, -4.052327369441999672, 74.80902847939300671 ) ) ;
#2328 = CARTESIAN_POINT ( 'NONE',  ( 29.83719561605634851, 0.08630072989476030021, 67.95231785479836617 ) ) ;
#2329 = ORIENTED_EDGE ( 'NONE', *, *, #3410, .T. ) ;
#2330 = CARTESIAN_POINT ( 'NONE',  ( 35.84311139433700077, 4.570211735096999739, 76.00751639309500263 ) ) ;
#2331 = CARTESIAN_POINT ( 'NONE',  ( 33.21613043246399855, 0.6213629494949999277, 78.13458562087900816 ) ) ;
#2332 = EDGE_CURVE ( 'NONE', #3088, #3978, #3667, .T. ) ;
#2333 = DIRECTION ( 'NONE',  ( -1.000000000000000000, -2.200000000000000003E-16, 0.000000000000000000 ) ) ;
#2334 = CARTESIAN_POINT ( 'NONE',  ( 30.41194661957399958, 3.857542480000000272E-07, 78.06941377784299618 ) ) ;
#2335 = ORIENTED_EDGE ( 'NONE', *, *, #2605, .T. ) ;
#2336 = ADVANCED_FACE ( 'NONE', ( #1270 ), #1484, .T. ) ;
#2337 = FACE_BOUND ( 'NONE', #3038, .T. ) ;
#2338 = CARTESIAN_POINT ( 'NONE',  ( 29.27268729434700134, -3.594773421831000348, 70.29323727540500499 ) ) ;
#2339 = CARTESIAN_POINT ( 'NONE',  ( 30.93810231903599828, 3.636369917973999666, 68.99539419697998710 ) ) ;
#2340 = CARTESIAN_POINT ( 'NONE',  ( 36.19073999999999813, 9.670604304476394179E-16, 67.74999999999998579 ) ) ;
#2341 = VERTEX_POINT ( 'NONE', #2218 ) ;
#2342 = EDGE_CURVE ( 'NONE', #3387, #2361, #1657, .T. ) ;
#2343 = CYLINDRICAL_SURFACE ( 'NONE', #4554, 2.399999999999999467 ) ;
#2344 = CARTESIAN_POINT ( 'NONE',  ( 30.91225965318500002, 1.014107149136000086, 67.99668702710100376 ) ) ;
#2345 = CARTESIAN_POINT ( 'NONE',  ( 34.05186302693500267, 0.6208681231839998649, 78.16085081362300002 ) ) ;
#2346 = ORIENTED_EDGE ( 'NONE', *, *, #3760, .T. ) ;
#2347 = FACE_OUTER_BOUND ( 'NONE', #4563, .T. ) ;
#2348 = CARTESIAN_POINT ( 'NONE',  ( 33.12912532083899464, 3.334883676043000289, 76.94570228801899248 ) ) ;
#2349 = DIRECTION ( 'NONE',  ( 1.900000000000722606E-16, -0.8660254037843290176, 0.5000000000001900702 ) ) ;
#2350 = CARTESIAN_POINT ( 'NONE',  ( 35.58662613008834086, 0.02110118429975767901, 67.76891930303705180 ) ) ;
#2351 = CARTESIAN_POINT ( 'NONE',  ( 33.53907693474399565, -3.700901146660999785, 68.93804651558400565 ) ) ;
#2352 = CARTESIAN_POINT ( 'NONE',  ( 31.93501423353700019, -4.107292927632999913, 74.83356338910201089 ) ) ;
#2353 = CARTESIAN_POINT ( 'NONE',  ( 41.87357659274599797, -7.332348418707999471, 73.00000000000000000 ) ) ;
#2354 = VERTEX_POINT ( 'NONE', #5092 ) ;
#2355 = CARTESIAN_POINT ( 'NONE',  ( 35.28708393601600335, -5.041192040700999577, 71.57045671890601568 ) ) ;
#2356 = CARTESIAN_POINT ( 'NONE',  ( 36.01183446502100338, 1.540907576240000187, 78.02263793179000118 ) ) ;
#2357 = EDGE_CURVE ( 'NONE', #1734, #1943, #2793, .T. ) ;
#2358 = FACE_OUTER_BOUND ( 'NONE', #3790, .T. ) ;
#2359 = CARTESIAN_POINT ( 'NONE',  ( 37.44073999999999813, -5.499260509920000040, 69.82499860723999063 ) ) ;
#2360 = CARTESIAN_POINT ( 'NONE',  ( 29.12715581733167625, -4.083325024710118711, 74.37926535985133114 ) ) ;
#2361 = VERTEX_POINT ( 'NONE', #4675 ) ;
#2362 = CARTESIAN_POINT ( 'NONE',  ( 32.20564885875899819, -0.8141162305889999562, 68.59797239074599418 ) ) ;
#2363 = CARTESIAN_POINT ( 'NONE',  ( 30.74831419772100105, 2.122678114879000155, 76.95828908257500700 ) ) ;
#2364 = CIRCLE ( 'NONE', #4365, 6.349999999999994316 ) ;
#2365 = CARTESIAN_POINT ( 'NONE',  ( 31.18726059302800024, 4.560841571371999414, 75.29278481251600397 ) ) ;
#2366 = CARTESIAN_POINT ( 'NONE',  ( 34.06083031606399203, 0.3104395718510000179, 78.18344063049801207 ) ) ;
#2367 = ORIENTED_EDGE ( 'NONE', *, *, #4217, .T. ) ;
#2368 = CARTESIAN_POINT ( 'NONE',  ( 29.11279123430800198, -4.024844590266999589, 74.79676102468501142 ) ) ;
#2369 = CONICAL_SURFACE ( 'NONE', #14, 6.349999999999994316, 1.047200821370000368 ) ;
#2370 = CARTESIAN_POINT ( 'NONE',  ( 34.44139229342899711, -4.389001637280000701, 69.69509268234098442 ) ) ;
#2371 = CARTESIAN_POINT ( 'NONE',  ( 37.34488604443299664, 0.1297760002610000019, 67.75160422702700203 ) ) ;
#2372 = CARTESIAN_POINT ( 'NONE',  ( 37.44073999999999103, 5.222189935236329461, 76.65490158769961226 ) ) ;
#2373 = CARTESIAN_POINT ( 'NONE',  ( 32.15393430007999598, 4.127535690979999394, 76.06796686438998734 ) ) ;
#2374 = CARTESIAN_POINT ( 'NONE',  ( 31.85121586416599726, 2.836881272355999961, 68.38774813911200567 ) ) ;
#2375 = VECTOR ( 'NONE', #1775, 1000.000000000000114 ) ;
#2376 = ORIENTED_EDGE ( 'NONE', *, *, #3436, .F. ) ;
#2377 = DIRECTION ( 'NONE',  ( -2.200000000000000003E-16, 1.000000000000000000, 0.000000000000000000 ) ) ;
#2378 = CARTESIAN_POINT ( 'NONE',  ( 29.49399286449800073, 2.350334597530000291, 69.17865877529300178 ) ) ;
#2379 = CARTESIAN_POINT ( 'NONE',  ( 32.30169924294400374, -2.525366920366000301, 77.72344495860698999 ) ) ;
#2380 = CARTESIAN_POINT ( 'NONE',  ( 31.78003096696700069, -1.453875862002999897, 68.08104225714099300 ) ) ;
#2381 = CARTESIAN_POINT ( 'NONE',  ( 33.98158629747599946, 4.997010093202000292, 74.43506223216600404 ) ) ;
#2382 = CARTESIAN_POINT ( 'NONE',  ( 35.56356632102799864, 2.752290326938000131, 68.53085087094999039 ) ) ;
#2383 = CARTESIAN_POINT ( 'NONE',  ( 29.87645839926999614, -2.141401819961000097, 68.39088825637699642 ) ) ;
#2384 = CARTESIAN_POINT ( 'NONE',  ( 32.65602839633255172, -0.09120728053063395513, 67.86045908221007039 ) ) ;
#2385 = EDGE_CURVE ( 'NONE', #943, #2257, #4240, .T. ) ;
#2386 = CARTESIAN_POINT ( 'NONE',  ( 29.83097853494559715, -7.657177843178875065E-16, 67.95806825814631225 ) ) ;
#2387 = B_SPLINE_SURFACE_WITH_KNOTS ( 'NONE', 1, 9, ( 
 ( #2738, #3159, #888, #1236, #78, #3189, #3357, #3749, #610, #530, #3725, #133, #3643, #3695, #4065, #2907, #4925, #1694, #990, #2166, #3253, #1776, #3332, #2855, #4941, #4892, #4992, #3303, #229, #2198, #2921, #628, #600, #4532 ),
 ( #649, #4581, #3688, #1770, #4511, #2974, #4140, #1029, #3325, #1054, #2524, #4164, #3742, #2180, #2901, #2588, #1440, #4916, #1796, #4555, #4967, #3378, #2545, #4192, #3715, #3348, #1005, #1844, #3794, #1464, #2133, #1412, #2947, #4114 ) ),
 .UNSPECIFIED., .F., .F., .F.,
 ( 2, 2 ),
 ( 10, 8, 8, 8, 10 ),
 ( 0.000000000000000000, 0.9300000000000000488 ),
 ( 0.000000000000000000, 1.477706222401999892, 3.142142805069999767, 4.803141255567000556, 6.284285610140000422 ),
 .UNSPECIFIED. ) ;
#2388 = VERTEX_POINT ( 'NONE', #653 ) ;
#2389 = CARTESIAN_POINT ( 'NONE',  ( 35.65869377305900656, 4.413060591662000931, 69.66264950761700447 ) ) ;
#2390 = CARTESIAN_POINT ( 'NONE',  ( 29.90605974772200071, -0.7107157119560000291, 77.33016611076399727 ) ) ;
#2391 = ADVANCED_FACE ( 'NONE', ( #2201 ), #2472, .T. ) ;
#2392 = CARTESIAN_POINT ( 'NONE',  ( 31.96698096803999434, 5.114622634093000109, 73.47406876985500901 ) ) ;
#2393 = CARTESIAN_POINT ( 'NONE',  ( 30.99129664770699932, 3.392337984455000122, 69.19375339764599175 ) ) ;
#2394 = FACE_OUTER_BOUND ( 'NONE', #1748, .T. ) ;
#2395 = EDGE_LOOP ( 'NONE', ( #4107, #2215, #4437, #1516 ) ) ;
#2396 = CARTESIAN_POINT ( 'NONE',  ( 36.92301234180800407, -1.550779964705999880, 78.07372407016799798 ) ) ;
#2397 = CARTESIAN_POINT ( 'NONE',  ( 34.90237039455799817, 4.544893741260000120, 75.99085380685099267 ) ) ;
#2398 = CARTESIAN_POINT ( 'NONE',  ( 39.84800092797976845, -4.024678120198368347, 78.72905301170412429 ) ) ;
#2399 = CARTESIAN_POINT ( 'NONE',  ( 36.41748332341620653, 7.318364664277154930E-16, 67.75000000136793687 ) ) ;
#2400 = CARTESIAN_POINT ( 'NONE',  ( 35.58614296724236681, 0.004220243758038098696, 67.76889354524425357 ) ) ;
#2401 = CARTESIAN_POINT ( 'NONE',  ( 32.16411699548099534, 3.904217428047000116, 76.33700815328400324 ) ) ;
#2402 = CARTESIAN_POINT ( 'NONE',  ( 32.62979619749999927, 2.151323132846000075, 77.01171223577701141 ) ) ;
#2403 = CARTESIAN_POINT ( 'NONE',  ( 30.08569360418000116, 5.047931107512999560, 73.47444537954498855 ) ) ;
#2404 = CARTESIAN_POINT ( 'NONE',  ( 31.45753957161300107, -5.045805474724000206, 73.85773603225300121 ) ) ;
#2405 = EDGE_LOOP ( 'NONE', ( #3850, #3247, #1431, #1804 ) ) ;
#2406 = CARTESIAN_POINT ( 'NONE',  ( 29.97979599088700198, -2.733730861832999626, 76.55139617989199508 ) ) ;
#2407 = CONICAL_SURFACE ( 'NONE', #4573, 5.250000000000004441, 0.03123964828145001787 ) ;
#2408 = EDGE_CURVE ( 'NONE', #499, #3987, #2150, .T. ) ;
#2409 = CARTESIAN_POINT ( 'NONE',  ( 29.43873795483300171, 0.7961595878899999645, 68.68443762948399467 ) ) ;
#2410 = CARTESIAN_POINT ( 'NONE',  ( 39.84800092797971871, 2.949166387664366340, 66.64999999999999147 ) ) ;
#2411 = CARTESIAN_POINT ( 'NONE',  ( 33.40503561803600263, -4.989190104159999528, 71.60558783397199534 ) ) ;
#2412 = CARTESIAN_POINT ( 'NONE',  ( 30.85521995475900070, 0.9556237722810000390, 67.82023793345599927 ) ) ;
#2413 = CARTESIAN_POINT ( 'NONE',  ( 32.49538673010599865, -4.569068486597999801, 70.62098618652599669 ) ) ;
#2414 = CARTESIAN_POINT ( 'NONE',  ( 35.03629106572299889, 0.8739183338639999743, 78.31041929739599539 ) ) ;
#2415 =( BOUNDED_CURVE ( )  B_SPLINE_CURVE ( 3, ( #4149, #634, #4518, #3281 ),
 .UNSPECIFIED., .F., .F. ) 
 B_SPLINE_CURVE_WITH_KNOTS ( ( 4, 4 ),
 ( 2.619277265710692859, 3.141593127358154991 ),
 .UNSPECIFIED. ) 
 CURVE ( )  GEOMETRIC_REPRESENTATION_ITEM ( )  RATIONAL_B_SPLINE_CURVE ( ( 1.000000000000000000, 0.9773944325574773773, 0.9773944325574773773, 1.000000000000000000 ) ) 
 REPRESENTATION_ITEM ( '' )  );
#2416 = CARTESIAN_POINT ( 'NONE',  ( 35.49002761838900000, -3.138263208000000137, 68.79577622290800321 ) ) ;
#2417 = ORIENTED_EDGE ( 'NONE', *, *, #2473, .T. ) ;
#2418 = CARTESIAN_POINT ( 'NONE',  ( 35.99092699999999923, 2.024249809779999798E-06, 78.31118949883899916 ) ) ;
#2419 = CARTESIAN_POINT ( 'NONE',  ( 32.82659773805700354, -3.348048335776000251, 76.11605128601900105 ) ) ;
#2420 = CARTESIAN_POINT ( 'NONE',  ( 31.86563902184499852, 4.281721337376000136, 70.16852606524500402 ) ) ;
#2421 = CARTESIAN_POINT ( 'NONE',  ( 31.06937429695399899, 4.839580280627000519, 71.38790792727800749 ) ) ;
#2422 = CARTESIAN_POINT ( 'NONE',  ( 29.49021724316499871, -2.496787706843000443, 77.66999632373800466 ) ) ;
#2423 = EDGE_CURVE ( 'NONE', #2887, #499, #2141, .T. ) ;
#2424 = CARTESIAN_POINT ( 'NONE',  ( 30.03183525241799856, 2.882600658781999670, 68.81319850503200541 ) ) ;
#2425 = CARTESIAN_POINT ( 'NONE',  ( 33.38181294636900276, -4.321378792831000126, 75.86033438071700630 ) ) ;
#2426 = EDGE_LOOP ( 'NONE', ( #1609, #4311, #803 ) ) ;
#2427 = CARTESIAN_POINT ( 'NONE',  ( 30.09713013865999898, 5.191260367531000064, 72.51796628215200258 ) ) ;
#2428 = CARTESIAN_POINT ( 'NONE',  ( 30.86729621693499936, 2.888960818843000045, 68.79276334438699791 ) ) ;
#2429 = CARTESIAN_POINT ( 'NONE',  ( 28.94073999999999813, -5.049756181343589211E-16, 68.87656115635999754 ) ) ;
#2430 = CARTESIAN_POINT ( 'NONE',  ( 32.02207245176799688, 4.991841324159999260, 71.76998358970600123 ) ) ;
#2431 = CARTESIAN_POINT ( 'NONE',  ( 32.60516026333299777, 2.791991665211000395, 76.61457587156900217 ) ) ;
#2432 = CARTESIAN_POINT ( 'NONE',  ( 32.68115495586128105, 0.7702467303746411975, 67.90598114918793726 ) ) ;
#2433 = CARTESIAN_POINT ( 'NONE',  ( 39.69950599505600053, -3.666174209354000180, 79.35000000000000853 ) ) ;
#2434 = ORIENTED_EDGE ( 'NONE', *, *, #3436, .T. ) ;
#2435 = CARTESIAN_POINT ( 'NONE',  ( 30.18574365299599904, -4.042321676800999519, 71.00125087959499126 ) ) ;
#2436 = CARTESIAN_POINT ( 'NONE',  ( 37.44073999999999813, 6.277051480177914478, 74.10824105567870390 ) ) ;
#2437 = CARTESIAN_POINT ( 'NONE',  ( 35.34634000484899730, -4.101861819623001004, 69.73631745600299325 ) ) ;
#2438 = CARTESIAN_POINT ( 'NONE',  ( 35.67654230412400551, 2.986721456595000213, 68.67689389318000792 ) ) ;
#2439 = DIRECTION ( 'NONE',  ( -1.000000000000000000, -2.200000000000000003E-16, 0.000000000000000000 ) ) ;
#2440 = CARTESIAN_POINT ( 'NONE',  ( 29.45447215953799969, 4.697719272075000063, 72.98517216513999983 ) ) ;
#2441 = CARTESIAN_POINT ( 'NONE',  ( 32.20332706586999194, 0.8545682696159999647, 78.19282756008000490 ) ) ;
#2442 = CARTESIAN_POINT ( 'NONE',  ( 29.52862085757400123, 3.394247462630999745, 76.31154667418900317 ) ) ;
#2443 = CARTESIAN_POINT ( 'NONE',  ( 31.35268761387699499, 8.679163280000000261E-07, 78.09881175956800803 ) ) ;
#2444 = PLANE ( 'NONE',  #426 ) ;
#2445 = CARTESIAN_POINT ( 'NONE',  ( 30.00715901402999819, 4.604765786109999759, 70.88463595890300439 ) ) ;
#2446 = CARTESIAN_POINT ( 'NONE',  ( 35.56719549353365295, -0.6577268354625666058, 67.79429594053867447 ) ) ;
#2447 = VERTEX_POINT ( 'NONE', #4373 ) ;
#2448 = CARTESIAN_POINT ( 'NONE',  ( 36.73502632222900388, 4.400404862460000288, 75.94246923166400620 ) ) ;
#2449 = CARTESIAN_POINT ( 'NONE',  ( 35.57508449500299719, -1.479633803673000125, 77.37071855341500282 ) ) ;
#2450 = CARTESIAN_POINT ( 'NONE',  ( 33.03565129361400210, -3.692837319969000109, 70.21938525777601114 ) ) ;
#2451 = CARTESIAN_POINT ( 'NONE',  ( 31.77460040842600009, 1.892410068536999779, 68.23847504734101221 ) ) ;
#2452 =( BOUNDED_CURVE ( )  B_SPLINE_CURVE ( 2, ( #826, #3479, #5071 ),
 .UNSPECIFIED., .F., .F. ) 
 B_SPLINE_CURVE_WITH_KNOTS ( ( 3, 3 ),
 ( 0.000000000000000000, 1.000000000000000000 ),
 .UNSPECIFIED. ) 
 CURVE ( )  GEOMETRIC_REPRESENTATION_ITEM ( )  RATIONAL_B_SPLINE_CURVE ( ( 1.000000000000000000, 1.004815706086928051, 1.000000000000000000 ) ) 
 REPRESENTATION_ITEM ( '' )  );
#2453 = CARTESIAN_POINT ( 'NONE',  ( 30.95178521501000191, 2.280642350611000069, 68.44131895931600695 ) ) ;
#2454 = CARTESIAN_POINT ( 'NONE',  ( 30.49156534648999894, -2.580374144329999897, 77.38699686232099850 ) ) ;
#2455 = CARTESIAN_POINT ( 'NONE',  ( 29.96290517716867186, 0.7191779663441629777, 67.98565463665347863 ) ) ;
#2456 = CARTESIAN_POINT ( 'NONE',  ( 33.39163030072199945, -4.498025845599000760, 75.56973385867399884 ) ) ;
#2457 = ORIENTED_EDGE ( 'NONE', *, *, #3760, .F. ) ;
#2458 = CARTESIAN_POINT ( 'NONE',  ( 30.34648100000000071, 2.892612450500000378E-07, 78.13480160742199132 ) ) ;
#2459 = CARTESIAN_POINT ( 'NONE',  ( 38.99285942128800286, 2.229999999999999948E-15, 73.00000000000000000 ) ) ;
#2460 = AXIS2_PLACEMENT_3D ( 'NONE', #4633, #4272, #4658 ) ;
#2461 = LINE ( 'NONE', #560, #2541 ) ;
#2462 = CARTESIAN_POINT ( 'NONE',  ( 31.95135989926900422, 3.881626097094999839, 69.63681539657599728 ) ) ;
#2463 = EDGE_CURVE ( 'NONE', #4199, #2506, #737, .T. ) ;
#2464 = CARTESIAN_POINT ( 'NONE',  ( 32.31621586416599712, 2.398353798846999840, 69.10059912452099695 ) ) ;
#2465 = AXIS2_PLACEMENT_3D ( 'NONE', #1904, #3457, #4896 ) ;
#2466 = CARTESIAN_POINT ( 'NONE',  ( 31.24757385262600096, 3.857325969999999977E-07, 78.09552697401001353 ) ) ;
#2467 = ORIENTED_EDGE ( 'NONE', *, *, #410, .T. ) ;
#2468 = CARTESIAN_POINT ( 'NONE',  ( 30.26879757649799885, -2.368918555142000226, 69.15963764408000714 ) ) ;
#2469 = CARTESIAN_POINT ( 'NONE',  ( 34.18488889831900224, -0.3456841126709999656, 78.18731752470800700 ) ) ;
#2470 = CARTESIAN_POINT ( 'NONE',  ( 35.27721201232900228, -5.126452028339000044, 71.90569237335600405 ) ) ;
#2471 = CARTESIAN_POINT ( 'NONE',  ( 35.01053784695899651, 1.735430396999999980E-06, 78.21311890144400536 ) ) ;
#2472 = CONICAL_SURFACE ( 'NONE', #355, 6.349999999999994316, 1.047200821370000368 ) ;
#2473 = EDGE_CURVE ( 'NONE', #1734, #2881, #305, .T. ) ;
#2474 = CARTESIAN_POINT ( 'NONE',  ( 30.92053699074000050, -2.752282155932999963, 76.57549304624299680 ) ) ;
#2475 = CARTESIAN_POINT ( 'NONE',  ( 32.56233622806699657, -3.093398650821999940, 68.87563312619600708 ) ) ;
#2476 = CARTESIAN_POINT ( 'NONE',  ( 29.17358307134999862, -4.260723796131000718, 74.03383276123599899 ) ) ;
#2477 = CARTESIAN_POINT ( 'NONE',  ( 33.80478371458600151, 3.223440805941999887, 68.92791651801000796 ) ) ;
#2478 = ORIENTED_EDGE ( 'NONE', *, *, #4434, .T. ) ;
#2479 = CARTESIAN_POINT ( 'NONE',  ( 36.47383310116408239, 1.984022143560393747, 68.07947205339534946 ) ) ;
#2480 = CARTESIAN_POINT ( 'NONE',  ( 36.35055893444800290, -3.742237725664000259, 68.89267086788700567 ) ) ;
#2481 = CARTESIAN_POINT ( 'NONE',  ( 33.59517313159300045, 1.463161518416999929, 77.30999998310699084 ) ) ;
#2482 = ADVANCED_FACE ( 'NONE', ( #4919 ), #4298, .T. ) ;
#2483 = CARTESIAN_POINT ( 'NONE',  ( 31.90609150534699623, 4.883630301598999246, 71.41268092709501047 ) ) ;
#2484 = CARTESIAN_POINT ( 'NONE',  ( 29.85029001981100194, 0.4664154016819999637, 67.95843743614599930 ) ) ;
#2485 = CARTESIAN_POINT ( 'NONE',  ( 36.68963123711200325, -4.605589808370999627, 73.36719192186100713 ) ) ;
#2486 = ORIENTED_EDGE ( 'NONE', *, *, #1659, .T. ) ;
#2487 = CARTESIAN_POINT ( 'NONE',  ( 29.57732670864299962, 1.359664630962000187, 77.59108082367600900 ) ) ;
#2488 = CARTESIAN_POINT ( 'NONE',  ( 37.08302944750500529, -5.203730204951999561, 73.97478368514400415 ) ) ;
#2489 = B_SPLINE_CURVE_WITH_KNOTS ( 'NONE', 6,
 ( #1640, #3219, #3743, #2859, #1417, #233, #3190, #4463, #913, #4813, #3586, #1798, #3352, #2425, #2456, #135, #629, #4945, #1293, #4556, #4404, #890, #4037, #532, #2771, #2086, #1030, #2036, #4009, #498, #1010, #4167, #3645, #652, #2200, #52, #2829, #1614, #471, #1696, #3256, #3160 ),
 .UNSPECIFIED., .F., .F.,
 ( 7, 5, 5, 5, 5, 5, 5, 5, 7 ),
 ( 0.000000000000000000, 0.06347390562221000287, 0.1253412150190000018, 0.1878461580490000116, 0.2505107826609999644, 0.3124127814239999745, 0.3753610163719999782, 0.4383302167340000222, 0.4993398784806844515 ),
 .UNSPECIFIED. ) ;
#2490 = CARTESIAN_POINT ( 'NONE',  ( 31.11280944710900087, 4.002030611189000275, 76.17569141158499235 ) ) ;
#2491 = CARTESIAN_POINT ( 'NONE',  ( 34.58518600000000021, 1.738178331850000102E-06, 77.47638789141700499 ) ) ;
#2492 = DIRECTION ( 'NONE',  ( 0.000000000000000000, -0.9996944212358492843, -0.02471971176855625868 ) ) ;
#2493 = CARTESIAN_POINT ( 'NONE',  ( 31.69322554863299857, -0.8409237416479999894, 67.95058863123600190 ) ) ;
#2494 = ORIENTED_EDGE ( 'NONE', *, *, #4938, .T. ) ;
#2495 = CARTESIAN_POINT ( 'NONE',  ( 34.08713085868599535, -0.8249884807979999124, 68.53917653405498811 ) ) ;
#2496 = CARTESIAN_POINT ( 'NONE',  ( 39.84800092797972582, 6.973844507863653952, 73.62094698829594108 ) ) ;
#2497 = CARTESIAN_POINT ( 'NONE',  ( 28.67236998206699994, -5.011064868993999610, 74.31205256770499545 ) ) ;
#2498 = CARTESIAN_POINT ( 'NONE',  ( 32.15027957627799537, -2.400996439720999742, 69.10762651357201491 ) ) ;
#2499 = VECTOR ( 'NONE', #4664, 1000.000000000000000 ) ;
#2500 = EDGE_LOOP ( 'NONE', ( #4269, #240, #4372, #2335 ) ) ;
#2501 = CARTESIAN_POINT ( 'NONE',  ( 30.99427323379399724, -4.079810148550000015, 74.82129593425401026 ) ) ;
#2502 = ADVANCED_FACE ( 'NONE', ( #158 ), #1254, .T. ) ;
#2503 = CARTESIAN_POINT ( 'NONE',  ( 36.43580660128600357, -3.133241114223000334, 68.75839540918499893 ) ) ;
#2504 = FACE_OUTER_BOUND ( 'NONE', #283, .T. ) ;
#2505 = CARTESIAN_POINT ( 'NONE',  ( 37.44073999999999813, 1.889999999999999946E-15, 73.00000000000000000 ) ) ;
#2506 = VERTEX_POINT ( 'NONE', #4462 ) ;
#2507 = CARTESIAN_POINT ( 'NONE',  ( 36.48791794701790536, 2.444966806055747899, 68.29543379599455477 ) ) ;
#2508 = CARTESIAN_POINT ( 'NONE',  ( 36.26750501028699603, -5.276362807697999813, 71.51833114088999821 ) ) ;
#2509 = DIRECTION ( 'NONE',  ( 1.000000000000000000, 2.200000000000000003E-16, 0.000000000000000000 ) ) ;
#2510 = CARTESIAN_POINT ( 'NONE',  ( 32.03780179076900225, 4.341151175765999959, 75.75515492853199362 ) ) ;
#2511 = CARTESIAN_POINT ( 'NONE',  ( 36.63389042783399674, -4.247521097024000269, 75.06164430337099702 ) ) ;
#2512 = ORIENTED_EDGE ( 'NONE', *, *, #821, .F. ) ;
#2513 = CARTESIAN_POINT ( 'NONE',  ( 28.94073999999999813, 4.529960816887071251E-16, 69.35000000000063380 ) ) ;
#2514 = CARTESIAN_POINT ( 'NONE',  ( 31.04393302468900018, 4.996051877637999183, 74.06840551620399538 ) ) ;
#2515 = DIRECTION ( 'NONE',  ( 0.000000000000000000, 0.000000000000000000, 1.000000000000000000 ) ) ;
#2516 = CARTESIAN_POINT ( 'NONE',  ( 31.26490785879600054, -0.8086801055010000017, 68.62737031908299912 ) ) ;
#2517 = CARTESIAN_POINT ( 'NONE',  ( 31.62841528233500199, -2.884411288378000204, 68.76479888235299143 ) ) ;
#2518 = VERTEX_POINT ( 'NONE', #1723 ) ;
#2519 = CARTESIAN_POINT ( 'NONE',  ( 33.81649623302299545, -4.162258485719999790, 74.85809829898100531 ) ) ;
#2520 = CARTESIAN_POINT ( 'NONE',  ( 35.55050574750099912, -0.7396699505589999779, 77.50655428748500242 ) ) ;
#2521 = CARTESIAN_POINT ( 'NONE',  ( 31.76296299999999917, 8.692417303300000615E-07, 77.38819394570900556 ) ) ;
#2522 = CARTESIAN_POINT ( 'NONE',  ( 32.84003153889000259, 4.832862948070999920, 71.18269923609400962 ) ) ;
#2523 = CARTESIAN_POINT ( 'NONE',  ( 35.90875430884300101, 1.471361966419999945, 78.03922637625299785 ) ) ;
#2524 = CARTESIAN_POINT ( 'NONE',  ( 32.98028201105800150, -4.390073494395999809, 71.76726147205799577 ) ) ;
#2525 = EDGE_CURVE ( 'NONE', #456, #2354, #3969, .T. ) ;
#2526 = CARTESIAN_POINT ( 'NONE',  ( 33.73525090129000148, 1.057908615094999893, 67.91474144298601345 ) ) ;
#2527 = ORIENTED_EDGE ( 'NONE', *, *, #3933, .F. ) ;
#2528 = CARTESIAN_POINT ( 'NONE',  ( 36.18968968202599257, 4.485508678021999707, 71.72683355931300753 ) ) ;
#2529 = CARTESIAN_POINT ( 'NONE',  ( 32.65370521744500110, -1.936600941813999999, 67.96549735595300490 ) ) ;
#2530 = CARTESIAN_POINT ( 'NONE',  ( 30.40019501337700092, 0.3978912279969999966, 78.06904649691199438 ) ) ;
#2531 = CARTESIAN_POINT ( 'NONE',  ( 36.19073999999999813, 9.670604304476394179E-16, 67.74999999999998579 ) ) ;
#2532 = ORIENTED_EDGE ( 'NONE', *, *, #2248, .T. ) ;
#2533 = DIRECTION ( 'NONE',  ( 0.000000000000000000, 0.000000000000000000, 1.000000000000000000 ) ) ;
#2534 = DIRECTION ( 'NONE',  ( 0.6959760889143769003, 1.531147395611629120E-16, 0.7180649578272478850 ) ) ;
#2535 = CARTESIAN_POINT ( 'NONE',  ( 34.97232548510399397, 4.278104007497000261, 76.01250045796800237 ) ) ;
#2536 = CARTESIAN_POINT ( 'NONE',  ( 35.99244257355899634, -1.429391577722999962, 78.06586807564799813 ) ) ;
#2537 = VERTEX_POINT ( 'NONE', #3613 ) ;
#2538 = AXIS2_PLACEMENT_3D ( 'NONE', #1548, #3942, #4695 ) ;
#2539 = CARTESIAN_POINT ( 'NONE',  ( 34.43737039455899662, 3.851272379131999823, 75.53434923411100499 ) ) ;
#2540 = CARTESIAN_POINT ( 'NONE',  ( 29.39184506594400048, 0.8448932371550000875, 78.13403169146499749 ) ) ;
#2541 = VECTOR ( 'NONE', #1404, 1000.000000000000000 ) ;
#2542 = CARTESIAN_POINT ( 'NONE',  ( 32.39909822833300268, 4.101133178333999929, 70.95954837410899074 ) ) ;
#2543 = FACE_OUTER_BOUND ( 'NONE', #864, .T. ) ;
#2544 = AXIS2_PLACEMENT_3D ( 'NONE', #3506, #3557, #3110 ) ;
#2545 = CARTESIAN_POINT ( 'NONE',  ( 33.33983922811300005, 4.128484905267999494, 70.94594241111001054 ) ) ;
#2546 = CARTESIAN_POINT ( 'NONE',  ( 36.19073999999999813, 1.609999999999999932E-15, 78.25000000000000000 ) ) ;
#2547 = CARTESIAN_POINT ( 'NONE',  ( 34.43429759284600067, -3.382647725656000137, 69.04217616407400726 ) ) ;
#2548 = CARTESIAN_POINT ( 'NONE',  ( 42.44073999999999813, -8.999999999999999516E-15, 66.65000000000000568 ) ) ;
#2549 = EDGE_CURVE ( 'NONE', #1574, #586, #3724, .T. ) ;
#2550 = CARTESIAN_POINT ( 'NONE',  ( 29.24206182136899912, -2.721332040965000587, 69.46863270946900570 ) ) ;
#2551 = CARTESIAN_POINT ( 'NONE',  ( 32.48759736977999779, -5.298140248568999233, 72.52475303378299998 ) ) ;
#2552 = CARTESIAN_POINT ( 'NONE',  ( 39.84800092797976134, 4.024678120198373676, 67.27094698829603203 ) ) ;
#2553 = CARTESIAN_POINT ( 'NONE',  ( 36.53596593313492491, 0.1081515572347543086, 67.75106952388244963 ) ) ;
#2554 = ORIENTED_EDGE ( 'NONE', *, *, #3628, .F. ) ;
#2555 = FACE_OUTER_BOUND ( 'NONE', #3807, .T. ) ;
#2556 = ADVANCED_FACE ( 'NONE', ( #4539 ), #4949, .T. ) ;
#2557 = CARTESIAN_POINT ( 'NONE',  ( 36.42613147594499878, -1.645345906724999807, 67.76923348389600221 ) ) ;
#2558 = CARTESIAN_POINT ( 'NONE',  ( 39.94071895468699296, 2.440000000000000205E-15, 73.00000000000000000 ) ) ;
#2559 = CARTESIAN_POINT ( 'NONE',  ( 36.11470127129100405, -4.673589351064999953, 75.42852640190599800 ) ) ;
#2560 = ORIENTED_EDGE ( 'NONE', *, *, #1670, .F. ) ;
#2561 = CARTESIAN_POINT ( 'NONE',  ( 35.11565161387699874, 2.024662477000000011E-06, 78.21640368717899605 ) ) ;
#2562 = CARTESIAN_POINT ( 'NONE',  ( 34.63586888234262062, -0.3270016499979535030, 67.79858943488025602 ) ) ;
#2563 = PLANE ( 'NONE',  #2026 ) ;
#2564 = CARTESIAN_POINT ( 'NONE',  ( 32.42672568305499681, 4.368981610460000553, 71.75990213414299035 ) ) ;
#2565 = ADVANCED_FACE ( 'NONE', ( #266 ), #2160, .T. ) ;
#2566 = CARTESIAN_POINT ( 'NONE',  ( 35.48090840419231995, 1.033380195650246414E-15, 67.77218210607114202 ) ) ;
#2567 = AXIS2_PLACEMENT_3D ( 'NONE', #1474, #3829, #1708 ) ;
#2568 = CARTESIAN_POINT ( 'NONE',  ( 37.44073999999999813, -5.499260509920000040, 69.82499860723999063 ) ) ;
#2569 = CARTESIAN_POINT ( 'NONE',  ( 36.21731713660099672, 4.584129766200999434, 72.57432074361200591 ) ) ;
#2570 = CARTESIAN_POINT ( 'NONE',  ( 32.84721177342699860, 4.364108933596000384, 69.69966369068799850 ) ) ;
#2571 = ORIENTED_EDGE ( 'NONE', *, *, #4420, .F. ) ;
#2572 = CARTESIAN_POINT ( 'NONE',  ( 43.94073999999999813, 3.777323399573676486E-15, 67.99999999999998579 ) ) ;
#2573 = CARTESIAN_POINT ( 'NONE',  ( 37.44073999999999103, 0.5541419813123988902, 66.64999999999999147 ) ) ;
#2574 = CARTESIAN_POINT ( 'NONE',  ( 36.55027921391799595, -2.491380382156000106, 77.00730369494299055 ) ) ;
#2575 = CARTESIAN_POINT ( 'NONE',  ( 30.70052199292299733, -2.497079922991999990, 68.55754945179199922 ) ) ;
#2576 = CARTESIAN_POINT ( 'NONE',  ( 37.04314961855599364, -3.779367709230999850, 77.10835483613799113 ) ) ;
#2577 = CARTESIAN_POINT ( 'NONE',  ( 35.52592699999999581, 2.027754857929999744E-06, 77.50578587332000779 ) ) ;
#2578 = EDGE_CURVE ( 'NONE', #3757, #332, #4874, .T. ) ;
#2579 =( BOUNDED_CURVE ( )  B_SPLINE_CURVE ( 2, ( #4835, #941, #2798 ),
 .UNSPECIFIED., .F., .F. ) 
 B_SPLINE_CURVE_WITH_KNOTS ( ( 3, 3 ),
 ( 0.000000000000000000, 1.000000000000000000 ),
 .UNSPECIFIED. ) 
 CURVE ( )  GEOMETRIC_REPRESENTATION_ITEM ( )  RATIONAL_B_SPLINE_CURVE ( ( 1.000000000000000000, 1.004815706086767957, 1.000000000000000000 ) ) 
 REPRESENTATION_ITEM ( '' )  );
#2580 = CARTESIAN_POINT ( 'NONE',  ( 34.73265848522699883, -3.852525512166999899, 75.54861258128600809 ) ) ;
#2581 = EDGE_LOOP ( 'NONE', ( #146, #951, #4880, #1448, #5055 ) ) ;
#2582 = CARTESIAN_POINT ( 'NONE',  ( 32.85240306205400174, 2.881473173407000044, 68.71371762573500064 ) ) ;
#2583 = CARTESIAN_POINT ( 'NONE',  ( 29.34257319783100115, 2.500735817744999867, 77.66338676127200813 ) ) ;
#2584 = CARTESIAN_POINT ( 'NONE',  ( 32.47685637007400317, -5.268363541163000541, 72.52742461469699720 ) ) ;
#2585 = CARTESIAN_POINT ( 'NONE',  ( 42.44073999999999813, 2.999999999999999839E-15, 73.00000000000000000 ) ) ;
#2586 = VERTEX_POINT ( 'NONE', #4173 ) ;
#2587 = CARTESIAN_POINT ( 'NONE',  ( 30.37947895479599936, 0.8015839030179999769, 68.65503959411900325 ) ) ;
#2588 = CARTESIAN_POINT ( 'NONE',  ( 33.11870521744499740, -1.638754610001999845, 68.73992226483998991 ) ) ;
#2589 = CARTESIAN_POINT ( 'NONE',  ( 33.15898872855400015, -1.027859722702000100, 78.07283948205000002 ) ) ;
#2590 = CARTESIAN_POINT ( 'NONE',  ( 32.75222790927099936, 3.014618997624999963, 68.82036884047600722 ) ) ;
#2591 = CARTESIAN_POINT ( 'NONE',  ( 31.73832706586999208, 0.7220449168560000297, 77.38742393431300570 ) ) ;
#2592 = CARTESIAN_POINT ( 'NONE',  ( 29.16499390111399848, -4.350748940212000093, 72.52759765773998879 ) ) ;
#2593 = CARTESIAN_POINT ( 'NONE',  ( 30.35317710608600095, 1.945187944749000142, 77.69626339330400810 ) ) ;
#2594 = EDGE_LOOP ( 'NONE', ( #2291, #2467, #2860, #3137 ) ) ;
#2595 = CARTESIAN_POINT ( 'NONE',  ( 37.44073999999999813, 1.889999999999999946E-15, 73.00000000000000000 ) ) ;
#2596 = CARTESIAN_POINT ( 'NONE',  ( 39.69950599505600053, 3.666174209354000180, 79.35000000000000853 ) ) ;
#2597 = CARTESIAN_POINT ( 'NONE',  ( 36.84152295189100101, -2.801106493987000068, 69.21782262831000310 ) ) ;
#2598 = DIRECTION ( 'NONE',  ( 0.000000000000000000, 0.000000000000000000, 1.000000000000000000 ) ) ;
#2599 = CARTESIAN_POINT ( 'NONE',  ( 34.91311139433699395, 4.570211735096999739, 76.00751639309599739 ) ) ;
#2600 = CARTESIAN_POINT ( 'NONE',  ( 36.19073999999999813, 1.609999999999999932E-15, 73.00000000000000000 ) ) ;
#2601 = CARTESIAN_POINT ( 'NONE',  ( 35.19369377305799418, 3.742501903717999845, 70.16967344993599909 ) ) ;
#2602 = EDGE_LOOP ( 'NONE', ( #4464, #4741, #268 ) ) ;
#2603 = CARTESIAN_POINT ( 'NONE',  ( 33.56181396232101832, -1.289039682535402465, 67.97862483391844535 ) ) ;
#2604 = CARTESIAN_POINT ( 'NONE',  ( 32.97465824966499781, 5.100585876628001003, 72.16432490700398716 ) ) ;
#2605 = EDGE_CURVE ( 'NONE', #371, #390, #1445, .T. ) ;
#2606 = CARTESIAN_POINT ( 'NONE',  ( 36.34348832843299704, 3.438365292024999853, 76.18693538566699885 ) ) ;
#2607 = CARTESIAN_POINT ( 'NONE',  ( 32.56131145206600053, -5.030910506946000282, 71.88317622586500022 ) ) ;
#2608 =( BOUNDED_CURVE ( )  B_SPLINE_CURVE ( 2, ( #543, #3123, #38 ),
 .UNSPECIFIED., .F., .T. ) 
 B_SPLINE_CURVE_WITH_KNOTS ( ( 3, 3 ),
 ( 0.000000000000000000, 1.000000000000000000 ),
 .UNSPECIFIED. ) 
 CURVE ( )  GEOMETRIC_REPRESENTATION_ITEM ( )  RATIONAL_B_SPLINE_CURVE ( ( 1.000000000000000000, 1.037954834534513981, 1.000000000000000000 ) ) 
 REPRESENTATION_ITEM ( '' )  );
#2609 = VERTEX_POINT ( 'NONE', #1060 ) ;
#2610 = CARTESIAN_POINT ( 'NONE',  ( 34.08713085868599535, -0.8249884807979999124, 68.53917653405498811 ) ) ;
#2611 = VECTOR ( 'NONE', #2848, 1000.000000000000114 ) ;
#2612 = EDGE_CURVE ( 'NONE', #3439, #2839, #2799, .T. ) ;
#2613 = CARTESIAN_POINT ( 'NONE',  ( 39.69950599505600053, 3.666174209354000180, 79.35000000000000853 ) ) ;
#2614 = SURFACE_STYLE_USAGE ( .BOTH. , #3717 ) ;
#2615 = CARTESIAN_POINT ( 'NONE',  ( 43.94073999999999813, 3.330000000000000073E-15, 73.00000000000000000 ) ) ;
#2616 = CARTESIAN_POINT ( 'NONE',  ( 30.35722200000000015, 5.785137145800000232E-07, 78.16419958932500833 ) ) ;
#2617 = CARTESIAN_POINT ( 'NONE',  ( 29.21298358689000096, -3.638331865238999985, 70.45519183190999968 ) ) ;
#2618 = VECTOR ( 'NONE', #2205, 1000.000000000000114 ) ;
#2619 = ORIENTED_EDGE ( 'NONE', *, *, #2041, .F. ) ;
#2620 = DIRECTION ( 'NONE',  ( -1.000000000000000000, -2.200000000000000003E-16, 0.000000000000000000 ) ) ;
#2621 = EDGE_CURVE ( 'NONE', #648, #3154, #1753, .T. ) ;
#2622 = FACE_OUTER_BOUND ( 'NONE', #1230, .T. ) ;
#2623 = DIRECTION ( 'NONE',  ( 0.000000000000000000, -1.000000000000000000, -2.539999999999999858E-15 ) ) ;
#2624 = CARTESIAN_POINT ( 'NONE',  ( 30.64125523203899704, -4.015460360081999802, 69.86504978402399502 ) ) ;
#2625 = CARTESIAN_POINT ( 'NONE',  ( 34.14476474753800517, -0.8670599790780000315, 78.28255988307699909 ) ) ;
#2626 = CARTESIAN_POINT ( 'NONE',  ( 31.43072977379399902, 3.644598586560999998, 70.24370181472500008 ) ) ;
#2627 = CARTESIAN_POINT ( 'NONE',  ( 35.98215292695999779, -1.078137338718999860, 78.15429735841900083 ) ) ;
#2628 = ORIENTED_EDGE ( 'NONE', *, *, #89, .T. ) ;
#2629 = CARTESIAN_POINT ( 'NONE',  ( 29.84842585886900324, -0.9467310287879999731, 67.88076255015900529 ) ) ;
#2630 = CARTESIAN_POINT ( 'NONE',  ( 37.44074000000004077, -1.701477371937680338, 66.65000000000004832 ) ) ;
#2631 = CARTESIAN_POINT ( 'NONE',  ( 28.94073999999999813, 3.666174209354000180, 79.35000000000000853 ) ) ;
#2632 = CARTESIAN_POINT ( 'NONE',  ( 35.30982036889899689, -5.387470370840000022, 72.51673829146800188 ) ) ;
#2633 = CARTESIAN_POINT ( 'NONE',  ( 28.94073999999999813, 0.000000000000000000, 73.00000000000000000 ) ) ;
#2634 = DIRECTION ( 'NONE',  ( 1.000000000000000000, 2.200000000000000003E-16, 0.000000000000000000 ) ) ;
#2635 = ORIENTED_EDGE ( 'NONE', *, *, #3251, .T. ) ;
#2636 = CARTESIAN_POINT ( 'NONE',  ( 34.07977513353399956, -0.3454655575939999945, 78.18403273903899731 ) ) ;
#2637 = CARTESIAN_POINT ( 'NONE',  ( 42.44074010432299104, 6.349999819308750126, 74.70147768490451767 ) ) ;
#2638 = CARTESIAN_POINT ( 'NONE',  ( 35.08027716724700440, -2.346954330291000090, 77.67006933067700913 ) ) ;
#2639 =( BOUNDED_CURVE ( )  B_SPLINE_CURVE ( 2, ( #1511, #2637, #4698 ),
 .UNSPECIFIED., .F., .F. ) 
 B_SPLINE_CURVE_WITH_KNOTS ( ( 3, 3 ),
 ( 0.000000000000000000, 1.000000000000000000 ),
 .UNSPECIFIED. ) 
 CURVE ( )  GEOMETRIC_REPRESENTATION_ITEM ( )  RATIONAL_B_SPLINE_CURVE ( ( 1.000000000000000000, 1.037954864069712047, 1.000000000000000000 ) ) 
 REPRESENTATION_ITEM ( '' )  );
#2640 = ADVANCED_FACE ( 'NONE', ( #4123 ), #3875, .T. ) ;
#2641 = CARTESIAN_POINT ( 'NONE',  ( 31.40310231903700000, 3.071184418942999983, 69.61771849007300261 ) ) ;
#2642 = CARTESIAN_POINT ( 'NONE',  ( 36.34323585208600349, -2.544994416303000051, 68.39536982942098575 ) ) ;
#2643 = AXIS2_PLACEMENT_3D ( 'NONE', #755, #2301, #3881 ) ;
#2644 = ORIENTED_EDGE ( 'NONE', *, *, #3081, .T. ) ;
#2645 = CARTESIAN_POINT ( 'NONE',  ( 42.44073999999999813, 2.999999999999999839E-15, 73.00000000000000000 ) ) ;
#2646 = CARTESIAN_POINT ( 'NONE',  ( 36.52240880927700317, -1.688781100004999924, 77.36013767093000126 ) ) ;
#2647 = CARTESIAN_POINT ( 'NONE',  ( 30.65113241353700246, -3.795241008591999865, 69.61132841499301094 ) ) ;
#2648 = CARTESIAN_POINT ( 'NONE',  ( 34.36907936919300255, -5.357693663408999996, 72.51940987216400458 ) ) ;
#2649 = DIRECTION ( 'NONE',  ( 1.000000000000000000, 2.200000000000000003E-16, 0.000000000000000000 ) ) ;
#2650 = ORIENTED_EDGE ( 'NONE', *, *, #2773, .F. ) ;
#2651 = CARTESIAN_POINT ( 'NONE',  ( 35.30352779924400153, -4.974280100518999603, 74.62678162600700205 ) ) ;
#2652 = CARTESIAN_POINT ( 'NONE',  ( 34.86176401054400742, -4.448388747191999393, 71.75088315555099427 ) ) ;
#2653 = DIRECTION ( 'NONE',  ( 0.000000000000000000, 0.000000000000000000, 1.000000000000000000 ) ) ;
#2654 = CARTESIAN_POINT ( 'NONE',  ( 34.53941058633400019, -3.384807337272000005, 69.03969152129700149 ) ) ;
#2655 = CARTESIAN_POINT ( 'NONE',  ( 35.61417986372599387, 2.900906873793999807, 68.28366860482999812 ) ) ;
#2656 = CARTESIAN_POINT ( 'NONE',  ( 32.48489692089499670, -4.932777792916999360, 74.48307624331999932 ) ) ;
#2657 = CARTESIAN_POINT ( 'NONE',  ( 28.94073999999999813, -4.628543370708704407E-16, 68.87656115635999754 ) ) ;
#2658 = ORIENTED_EDGE ( 'NONE', *, *, #470, .F. ) ;
#2659 = PLANE ( 'NONE',  #4244 ) ;
#2660 = ORIENTED_EDGE ( 'NONE', *, *, #3498, .T. ) ;
#2661 = DIRECTION ( 'NONE',  ( 0.000000000000000000, 0.000000000000000000, 1.000000000000000000 ) ) ;
#2662 = CARTESIAN_POINT ( 'NONE',  ( 30.92053699074000050, -2.752282155932999963, 76.57549304624299680 ) ) ;
#2663 = CARTESIAN_POINT ( 'NONE',  ( 33.11781601737600766, 0.3866705990400000070, 78.14090322055700710 ) ) ;
#2664 = CARTESIAN_POINT ( 'NONE',  ( 32.42843606992299499, -5.140112322651000376, 72.83095038903600482 ) ) ;
#2665 = EDGE_CURVE ( 'NONE', #2290, #2518, #3723, .T. ) ;
#2666 = ORIENTED_EDGE ( 'NONE', *, *, #3531, .F. ) ;
#2667 = DIRECTION ( 'NONE',  ( -1.000000000000000000, -2.200000000000000003E-16, 0.000000000000000000 ) ) ;
#2668 = CARTESIAN_POINT ( 'NONE',  ( 35.14850099015099261, -3.334735615830000111, 77.33204672410799674 ) ) ;
#2669 = CARTESIAN_POINT ( 'NONE',  ( 35.25828264805399925, 1.400000000000000069E-15, 73.00000000000000000 ) ) ;
#2670 = CARTESIAN_POINT ( 'NONE',  ( 34.16934349507600643, -1.734413568134000050, 78.12319762793700306 ) ) ;
#2671 = CARTESIAN_POINT ( 'NONE',  ( 33.60026706247855799, 0.02902333384854266507, 67.83102513223713004 ) ) ;
#2672 = ORIENTED_EDGE ( 'NONE', *, *, #1036, .T. ) ;
#2673 = CARTESIAN_POINT ( 'NONE',  ( 35.39157318627699311, -5.049718677522999855, 71.59078874754300159 ) ) ;
#2674 = CARTESIAN_POINT ( 'NONE',  ( 35.89238326289100200, 3.357100489748999550, 77.34628744415400092 ) ) ;
#2675 = CARTESIAN_POINT ( 'NONE',  ( 33.46398404121200088, -4.074437474752000021, 69.79679829997598972 ) ) ;
#2676 = CARTESIAN_POINT ( 'NONE',  ( 31.20953857638800244, -2.384957497485999944, 69.13363207877399930 ) ) ;
#2677 = CARTESIAN_POINT ( 'NONE',  ( 33.76733873787400597, -3.370310645411999761, 76.13676840569999626 ) ) ;
#2678 = CARTESIAN_POINT ( 'NONE',  ( 35.69706222744999735, 4.959887119445000714, 70.53237546162199578 ) ) ;
#2679 = CARTESIAN_POINT ( 'NONE',  ( 40.88860299587199876, 2.650000000000000068E-15, 73.00000000000000000 ) ) ;
#2680 = CARTESIAN_POINT ( 'NONE',  ( 32.44680974743899782, -4.400059722774999571, 75.67538084289699896 ) ) ;
#2681 = ORIENTED_EDGE ( 'NONE', *, *, #2693, .T. ) ;
#2682 = CARTESIAN_POINT ( 'NONE',  ( 34.14941563735799690, -2.638528967844000039, 77.48586799966200545 ) ) ;
#2683 = CARTESIAN_POINT ( 'NONE',  ( 36.53282573557656576, 8.809142651444723526E-16, 67.75000000544305578 ) ) ;
#2684 = CARTESIAN_POINT ( 'NONE',  ( 41.87357659274599797, 7.332348418707999471, 73.00000000000000000 ) ) ;
#2685 = CARTESIAN_POINT ( 'NONE',  ( 37.44073999999999813, 1.889999999999999946E-15, 78.25000000000000000 ) ) ;
#2686 = CIRCLE ( 'NONE', #2944, 5.000000000000004441 ) ;
#2687 = EDGE_CURVE ( 'NONE', #4086, #447, #632, .T. ) ;
#2688 = ORIENTED_EDGE ( 'NONE', *, *, #996, .T. ) ;
#2689 = CARTESIAN_POINT ( 'NONE',  ( 37.44073999999999103, 3.654900755830144288, 67.77780948255569626 ) ) ;
#2690 = CARTESIAN_POINT ( 'NONE',  ( 29.48580634043399940, 4.451838060952000298, 74.49888088869900571 ) ) ;
#2691 = CARTESIAN_POINT ( 'NONE',  ( 32.37147077361100145, 3.669074415659999922, 70.22519472353299363 ) ) ;
#2692 = DIRECTION ( 'NONE',  ( 0.000000000000000000, 0.000000000000000000, 1.000000000000000000 ) ) ;
#2693 = EDGE_CURVE ( 'NONE', #4068, #1829, #2263, .T. ) ;
#2694 = CARTESIAN_POINT ( 'NONE',  ( 33.91721415578999910, 4.426196919984000111, 75.72358026516100438 ) ) ;
#2695 = VERTEX_POINT ( 'NONE', #4492 ) ;
#2696 = CARTESIAN_POINT ( 'NONE',  ( 29.68231801208599663, -5.072259421012999425, 71.57565524320800421 ) ) ;
#2697 = CARTESIAN_POINT ( 'NONE',  ( 34.03176157605700070, -2.433074324486000251, 69.05561538318599446 ) ) ;
#2698 = DIRECTION ( 'NONE',  ( 1.000000000000000000, 2.200000000000000003E-16, 0.000000000000000000 ) ) ;
#2699 = CARTESIAN_POINT ( 'NONE',  ( 33.47199346057600167, 4.157745998264999798, 74.84220980635899423 ) ) ;
#2700 = CARTESIAN_POINT ( 'NONE',  ( 30.24111293533099598, -3.051994182954999690, 69.65037183577499036 ) ) ;
#2701 = CARTESIAN_POINT ( 'NONE',  ( 35.87848832843199887, 4.049463655795999983, 76.75342882421399793 ) ) ;
#2702 =( NAMED_UNIT ( * ) SI_UNIT ( $, .STERADIAN. ) SOLID_ANGLE_UNIT ( ) );
#2703 = CARTESIAN_POINT ( 'NONE',  ( 33.33662651122400433, -5.093076962419999631, 73.95018757177500390 ) ) ;
#2704 = CARTESIAN_POINT ( 'NONE',  ( 30.82222200000000001, 5.795153180000000003E-07, 77.35879596380600276 ) ) ;
#2705 = EDGE_LOOP ( 'NONE', ( #2325, #4020, #1962 ) ) ;
#2706 = CARTESIAN_POINT ( 'NONE',  ( 30.84447895479599921, 0.9501994569659999446, 67.84963596873799929 ) ) ;
#2707 = CARTESIAN_POINT ( 'NONE',  ( 35.19841281819699930, -4.971137895887000724, 74.62579795614699663 ) ) ;
#2708 = EDGE_CURVE ( 'NONE', #690, #2518, #3469, .T. ) ;
#2709 = B_SPLINE_CURVE_WITH_KNOTS ( 'NONE', 6,
 ( #2088, #944, #3676, #137, #1325, #2487, #4069, #810, #1544, #1164, #4559, #4972, #2442, #75, #4685, #441, #1586, #2007, #2734, #2690, #780, #391, #2440, #520, #3633, #93, #3922, #1580, #2753, #68, #3177, #4255, #3776, #3389, #1472, #58, #3368 ),
 .UNSPECIFIED., .F., .F.,
 ( 7, 5, 5, 5, 5, 5, 5, 7 ),
 ( 0.000000000000000000, 0.07088205777809999941, 0.1400254592369999940, 0.2087233265229999912, 0.2757160956299999910, 0.4059135401970000445, 0.5320047963819999337, 0.6273580884610706621 ),
 .UNSPECIFIED. ) ;
#2710 = CARTESIAN_POINT ( 'NONE',  ( 35.67227972236499767, 5.022172286336000546, 71.48635829796499763 ) ) ;
#2711 = CARTESIAN_POINT ( 'NONE',  ( 32.19813627518199439, -0.3361785625829999957, 78.12523187344200437 ) ) ;
#2712 = ORIENTED_EDGE ( 'NONE', *, *, #4768, .F. ) ;
#2713 = CARTESIAN_POINT ( 'NONE',  ( 31.95959298118500413, -4.307952298274000391, 74.12797482954198358 ) ) ;
#2714 = CARTESIAN_POINT ( 'NONE',  ( 30.07811098177300124, -4.250312170512000165, 74.11288370686000349 ) ) ;
#2715 = CARTESIAN_POINT ( 'NONE',  ( 31.01089508055400046, 3.859707274337000005, 69.66820046188900051 ) ) ;
#2716 = PRESENTATION_LAYER_ASSIGNMENT (  '', '', ( #1447 ) ) ;
#2717 = CARTESIAN_POINT ( 'NONE',  ( 33.69029995574599923, 2.961010804435999955, 68.73566762187499535 ) ) ;
#2718 = ORIENTED_EDGE ( 'NONE', *, *, #4510, .F. ) ;
#2719 = CARTESIAN_POINT ( 'NONE',  ( 34.70807973769200316, -3.392572955070999985, 76.15748552544900463 ) ) ;
#2720 = CARTESIAN_POINT ( 'NONE',  ( 34.10944500000000090, 1.446079794389999787E-06, 78.25239353503300777 ) ) ;
#2721 = CARTESIAN_POINT ( 'NONE',  ( 42.44074000000004787, -1.701477371937790473, 79.35000000000005116 ) ) ;
#2722 = CARTESIAN_POINT ( 'NONE',  ( 34.66596595295499839, 0.7185699349670000569, 67.82859871300600219 ) ) ;
#2723 = CARTESIAN_POINT ( 'NONE',  ( 37.44073999999999813, 2.178760828546531414, 78.99020655632541832 ) ) ;
#2724 = EDGE_CURVE ( 'NONE', #382, #2695, #485, .T. ) ;
#2725 = CARTESIAN_POINT ( 'NONE',  ( 31.60965074349100234, -5.070924215670999935, 72.25720344266299833 ) ) ;
#2726 = CARTESIAN_POINT ( 'NONE',  ( 33.23416961387700042, 1.446374604000000025E-06, 78.15760772337399942 ) ) ;
#2727 = ORIENTED_EDGE ( 'NONE', *, *, #444, .T. ) ;
#2728 = CARTESIAN_POINT ( 'NONE',  ( 29.18963337095500066, -4.363254769159000013, 72.60863980398600859 ) ) ;
#2729 = CARTESIAN_POINT ( 'NONE',  ( 30.15443355434100070, 4.321955005097000146, 75.66675847321401704 ) ) ;
#2730 = CARTESIAN_POINT ( 'NONE',  ( 36.19073999999999813, 9.670604304476394179E-16, 67.74999999999998579 ) ) ;
#2731 = CARTESIAN_POINT ( 'NONE',  ( 35.63271084974500269, 4.459312300450999800, 70.22334083341601740 ) ) ;
#2732 = CARTESIAN_POINT ( 'NONE',  ( 32.22759680653400238, -1.334467404503999921, 77.96771511753699713 ) ) ;
#2733 = ORIENTED_EDGE ( 'NONE', *, *, #604, .F. ) ;
#2734 = CARTESIAN_POINT ( 'NONE',  ( 29.49111132423000114, 4.368143359604999887, 74.74639514560500686 ) ) ;
#2735 = CARTESIAN_POINT ( 'NONE',  ( 35.09934349507600615, -1.734413568134000050, 78.12319762793700306 ) ) ;
#2736 = CARTESIAN_POINT ( 'NONE',  ( 30.26879757649799885, -2.368918555142000226, 69.15963764408000714 ) ) ;
#2737 = APPLICATION_CONTEXT ( 'automotive_design' ) ;
#2738 = CARTESIAN_POINT ( 'NONE',  ( 33.16870399999999819, 1.156899841310000131E-06, 78.22299555313099972 ) ) ;
#2739 = CARTESIAN_POINT ( 'NONE',  ( 33.64098763200500031, 1.422370074555000086, 68.00965734135100149 ) ) ;
#2740 = ORIENTED_EDGE ( 'NONE', *, *, #1016, .F. ) ;
#2741 = CARTESIAN_POINT ( 'NONE',  ( 29.30037193547800101, -3.031325893481000122, 69.67305965964999359 ) ) ;
#2742 = CARTESIAN_POINT ( 'NONE',  ( 33.18906809180099771, 1.532980051371000130, 77.93283632403600336 ) ) ;
#2743 = LINE ( 'NONE', #3961, #3908 ) ;
#2744 = CARTESIAN_POINT ( 'NONE',  ( 32.73912204731699660, -0.8448076940500000021, 67.91877573190700446 ) ) ;
#2745 = CARTESIAN_POINT ( 'NONE',  ( 34.04627819727900118, 2.572348363162000329, 77.79694464432600398 ) ) ;
#2746 = CARTESIAN_POINT ( 'NONE',  ( 31.71296421751799954, -1.925728992382000015, 67.99376447832899828 ) ) ;
#2747 = CARTESIAN_POINT ( 'NONE',  ( 34.94464169263100217, 2.224542960688999926, 77.72488355004598759 ) ) ;
#2748 = ORIENTED_EDGE ( 'NONE', *, *, #2578, .F. ) ;
#2749 = EDGE_CURVE ( 'NONE', #3907, #192, #131, .T. ) ;
#2750 = CARTESIAN_POINT ( 'NONE',  ( 39.84800092797976134, -2.949166387664468481, 79.34999999999998010 ) ) ;
#2751 = CARTESIAN_POINT ( 'NONE',  ( 36.94073999999999813, 0.1124721653729999910, 68.45139180407599611 ) ) ;
#2752 = DIRECTION ( 'NONE',  ( 0.9995120818701392906, 2.160675267224045511E-16, -0.03123456731924095786 ) ) ;
#2753 = CARTESIAN_POINT ( 'NONE',  ( 29.38226092125900024, 3.354955399022999885, 69.81450016663400504 ) ) ;
#2754 = CARTESIAN_POINT ( 'NONE',  ( 35.53393954858999848, 1.818146248993999903, 68.08465976953199572 ) ) ;
#2755 = EDGE_CURVE ( 'NONE', #1854, #4352, #2579, .T. ) ;
#2756 = DIRECTION ( 'NONE',  ( 0.000000000000000000, 0.000000000000000000, 1.000000000000000000 ) ) ;
#2757 = DIRECTION ( 'NONE',  ( 0.9995120818701392906, 2.160675267224045511E-16, -0.03123456731924095786 ) ) ;
#2758 = CARTESIAN_POINT ( 'NONE',  ( 30.26083957541100133, 1.534737696984000088, 77.83658229549101293 ) ) ;
#2759 =( BOUNDED_CURVE ( )  B_SPLINE_CURVE ( 2, ( #86, #1677, #4304 ),
 .UNSPECIFIED., .F., .T. ) 
 B_SPLINE_CURVE_WITH_KNOTS ( ( 3, 3 ),
 ( 0.000000000000000000, 1.000000000000000000 ),
 .UNSPECIFIED. ) 
 CURVE ( )  GEOMETRIC_REPRESENTATION_ITEM ( )  RATIONAL_B_SPLINE_CURVE ( ( 1.000000000000000000, 1.004815706087670124, 1.000000000000000000 ) ) 
 REPRESENTATION_ITEM ( '' )  );
#2760 = AXIS2_PLACEMENT_3D ( 'NONE', #1733, #3266, #2068 ) ;
#2761 = CARTESIAN_POINT ( 'NONE',  ( 35.44063880549200007, -4.331275320668000361, 70.03822955367698455 ) ) ;
#2762 = EDGE_LOOP ( 'NONE', ( #3765, #3698, #593, #1549, #2712 ) ) ;
#2763 = CARTESIAN_POINT ( 'NONE',  ( 32.53125246083300226, 4.130227116809000343, 74.83001545948100386 ) ) ;
#2764 = CARTESIAN_POINT ( 'NONE',  ( 30.54524368357000341, 4.310718076550000610, 71.77643642123800305 ) ) ;
#2765 = MECHANICAL_DESIGN_GEOMETRIC_PRESENTATION_REPRESENTATION (  '', ( #4128 ), #3186 ) ;
#2766 = CARTESIAN_POINT ( 'NONE',  ( 31.93666443930300147, 5.097973016514000477, 72.43762071726199281 ) ) ;
#2767 = CARTESIAN_POINT ( 'NONE',  ( 31.47755662906799756, -3.786487790800999953, 76.43585849835400836 ) ) ;
#2768 = CARTESIAN_POINT ( 'NONE',  ( 36.19073999999999813, 1.609999999999999932E-15, 73.00000000000000000 ) ) ;
#2769 = AXIS2_PLACEMENT_3D ( 'NONE', #1032, #4995, #4170 ) ;
#2770 = CARTESIAN_POINT ( 'NONE',  ( 31.02061740108899812, 4.073234559263999799, 69.92164649523999742 ) ) ;
#2771 = CARTESIAN_POINT ( 'NONE',  ( 33.50917202272999873, -5.001330652324000425, 71.63733045719899906 ) ) ;
#2772 = EDGE_LOOP ( 'NONE', ( #2486, #4962, #510 ) ) ;
#2773 = EDGE_CURVE ( 'NONE', #2206, #2996, #3211, .T. ) ;
#2774 = CARTESIAN_POINT ( 'NONE',  ( 29.68439352754900185, 4.241914638253000192, 74.09654255797300948 ) ) ;
#2775 = AXIS2_PLACEMENT_3D ( 'NONE', #3755, #369, #3085 ) ;
#2776 = CARTESIAN_POINT ( 'NONE',  ( 33.20711038378300373, 0.9299731536099999918, 78.08938437972800273 ) ) ;
#2777 = CARTESIAN_POINT ( 'NONE',  ( 33.59942638522075242, -9.317362419797303730E-17, 67.83097807029412252 ) ) ;
#2778 = CARTESIAN_POINT ( 'NONE',  ( 30.29648221766500171, -1.606138761339000132, 68.82472363159899942 ) ) ;
#2779 = CARTESIAN_POINT ( 'NONE',  ( 35.11565161387699874, 2.024662477000000011E-06, 78.21640368717899605 ) ) ;
#2780 = CARTESIAN_POINT ( 'NONE',  ( 40.18193922118300065, -3.666174209354000180, 79.35000000000000853 ) ) ;
#2781 = CARTESIAN_POINT ( 'NONE',  ( 31.96139453862399549, 4.100497438622999979, 69.90306182612600594 ) ) ;
#2782 = AXIS2_PLACEMENT_3D ( 'NONE', #1034, #2226, #4586 ) ;
#2783 = ORIENTED_EDGE ( 'NONE', *, *, #1823, .F. ) ;
#2784 = CARTESIAN_POINT ( 'NONE',  ( 39.94071895468699296, -2.289104628451999801, 79.35000000000000853 ) ) ;
#2785 = CARTESIAN_POINT ( 'NONE',  ( 39.94071895468699296, 2.289104628451999801, 66.65000000000000568 ) ) ;
#2786 = CARTESIAN_POINT ( 'NONE',  ( 32.70370400000000188, 1.158902883999999908E-06, 77.41759192761099939 ) ) ;
#2787 = CARTESIAN_POINT ( 'NONE',  ( 33.90262128690999788, 5.037710030925999227, 71.72491960136200362 ) ) ;
#2788 = CARTESIAN_POINT ( 'NONE',  ( 33.39531752584800017, -5.071059484712999499, 71.93211411893300067 ) ) ;
#2789 = CARTESIAN_POINT ( 'NONE',  ( 35.71202805605700092, 5.244633715801000129, 72.85804051541499859 ) ) ;
#2790 = CARTESIAN_POINT ( 'NONE',  ( 32.58146351722399459, -2.538456982580000076, 68.52173755374099073 ) ) ;
#2791 = CARTESIAN_POINT ( 'NONE',  ( 29.25667924740599801, -4.461935641514999773, 73.03978564246899907 ) ) ;
#2792 = B_SPLINE_SURFACE_WITH_KNOTS ( 'NONE', 1, 9, ( 
 ( #1682, #3997, #4362, #2379, #2104, #3970, #459, #2023, #2942, #2584, #1436, #1049, #598, #3709, #3738, #227, #2129, #4937, #280, #1364, #3343, #203, #1460, #1738, #1409, #3399, #1841, #4576, #957, #3762, #3298, #4911, #4553, #4886 ),
 ( #2521, #1791, #4161, #2971, #4479, #1767, #4189, #4530, #250, #2918, #666, #3371, #4987, #1389, #2498, #2897, #4082, #4508, #2214, #3789, #571, #1002, #2542, #2564, #2153, #1815, #4137, #3320, #623, #980, #1028, #3685, #178, #4110 ) ),
 .UNSPECIFIED., .F., .F., .F.,
 ( 2, 2 ),
 ( 10, 8, 8, 8, 10 ),
 ( 0.000000000000000000, 0.9300000000000000488 ),
 ( 0.000000000000000000, 1.477706224609000030, 3.142142805069999767, 4.803141257777999940, 6.284285610140000422 ),
 .UNSPECIFIED. ) ;
#2793 = LINE ( 'NONE', #1486, #4960 ) ;
#2794 = EDGE_CURVE ( 'NONE', #3978, #465, #2964, .T. ) ;
#2795 = CARTESIAN_POINT ( 'NONE',  ( 35.32320176253399779, -5.154173884881999790, 73.96232008595399066 ) ) ;
#2796 = ORIENTED_EDGE ( 'NONE', *, *, #4434, .F. ) ;
#2797 = CARTESIAN_POINT ( 'NONE',  ( 36.37824357583799895, -2.904557000510000098, 68.29113681470300889 ) ) ;
#2798 = CARTESIAN_POINT ( 'NONE',  ( 39.69950599505600053, 3.666174209354000180, 79.35000000000000853 ) ) ;
#2799 =( BOUNDED_CURVE ( )  B_SPLINE_CURVE ( 2, ( #4198, #3799, #2906 ),
 .UNSPECIFIED., .F., .F. ) 
 B_SPLINE_CURVE_WITH_KNOTS ( ( 3, 3 ),
 ( 0.000000000000000000, 1.000000000000000000 ),
 .UNSPECIFIED. ) 
 CURVE ( )  GEOMETRIC_REPRESENTATION_ITEM ( )  RATIONAL_B_SPLINE_CURVE ( ( 1.000000000000000000, 1.037954814180397811, 1.000000000000000000 ) ) 
 REPRESENTATION_ITEM ( '' )  );
#2800 = CARTESIAN_POINT ( 'NONE',  ( 29.64073999999999742, 1.599999999999999868E-16, 73.00000000000000000 ) ) ;
#2801 = CARTESIAN_POINT ( 'NONE',  ( 30.04373492992599992, 3.200165368073999872, 69.06262485728900913 ) ) ;
#2802 = LINE ( 'NONE', #2061, #1899 ) ;
#2803 = VERTEX_POINT ( 'NONE', #3001 ) ;
#2804 = CARTESIAN_POINT ( 'NONE',  ( 37.03939237737500179, -4.699537897984999546, 75.46210047670300014 ) ) ;
#2805 = CARTESIAN_POINT ( 'NONE',  ( 30.79822886497600010, 0.7132946139360000215, 67.95098451631400849 ) ) ;
#2806 = CARTESIAN_POINT ( 'NONE',  ( 34.64538381528230104, 0.003566168856600651291, 67.79829209438636894 ) ) ;
#2807 = CARTESIAN_POINT ( 'NONE',  ( 31.94132386764699660, 3.642420608486000244, 69.38942980017000650 ) ) ;
#2808 = CARTESIAN_POINT ( 'NONE',  ( 32.15027957627799537, -2.400996439720999742, 69.10762651357201491 ) ) ;
#2809 = CARTESIAN_POINT ( 'NONE',  ( 31.58059365395599727, -4.062117843963999775, 69.88935455506398853 ) ) ;
#2810 = EDGE_LOOP ( 'NONE', ( #5014, #2062, #2966, #1763 ) ) ;
#2811 = CARTESIAN_POINT ( 'NONE',  ( 30.13037437066200042, -4.393031476401001001, 72.60596822170698772 ) ) ;
#2812 = AXIS2_PLACEMENT_3D ( 'NONE', #3953, #3459, #5052 ) ;
#2813 = CARTESIAN_POINT ( 'NONE',  ( 31.48598468331300637, 4.339849843530999784, 71.76816927769499443 ) ) ;
#2814 = CARTESIAN_POINT ( 'NONE',  ( 29.13736998206699980, -4.221492106580999604, 74.10533814569100741 ) ) ;
#2815 = CARTESIAN_POINT ( 'NONE',  ( 32.04161652666600446, 5.118700622034999093, 74.32321910841301360 ) ) ;
#2816 = CARTESIAN_POINT ( 'NONE',  ( 35.73192329604499662, 5.217989648636000233, 73.55320383250699479 ) ) ;
#2817 = CARTESIAN_POINT ( 'NONE',  ( 34.54057955598878493, 0.01431034571625885640, 67.80158493529521024 ) ) ;
#2818 = CARTESIAN_POINT ( 'NONE',  ( 36.16866524867599963, -3.593602538224000220, 76.85773472726900479 ) ) ;
#2819 = B_SPLINE_CURVE_WITH_KNOTS ( 'NONE', 3,
 ( #1341, #4912, #2875, #3998, #4087, #2131, #4825, #487, #519, #2843 ),
 .UNSPECIFIED., .F., .F.,
 ( 4, 2, 2, 2, 4 ),
 ( 0.000000000000000000, 0.2499999999999998890, 0.4999999999999998890, 0.7499999999999998890, 1.000000000000000000 ),
 .UNSPECIFIED. ) ;
#2820 = CARTESIAN_POINT ( 'NONE',  ( 29.91743539015984510, -0.8118328764883669946, 68.00900756033679784 ) ) ;
#2821 = CARTESIAN_POINT ( 'NONE',  ( 35.54836724050700525, -1.305978867918377695, 67.91863982741828920 ) ) ;
#2822 = ORIENTED_EDGE ( 'NONE', *, *, #1744, .F. ) ;
#2823 = EDGE_CURVE ( 'NONE', #3987, #937, #516, .T. ) ;
#2824 = CARTESIAN_POINT ( 'NONE',  ( 36.04008449500299349, -1.744065280300999721, 78.15170443484500140 ) ) ;
#2825 = CARTESIAN_POINT ( 'NONE',  ( 32.75286149522300150, -1.450678667212000006, 77.28519813241300085 ) ) ;
#2826 = CARTESIAN_POINT ( 'NONE',  ( 31.98710447166500259, 5.005392614809000662, 74.15611101627499124 ) ) ;
#2827 = CARTESIAN_POINT ( 'NONE',  ( 31.21689489984400012, 4.026425609929000338, 76.15023462198600157 ) ) ;
#2828 = CARTESIAN_POINT ( 'NONE',  ( 30.22260630374000101, 4.852393983518000553, 74.53327475956199066 ) ) ;
#2829 = CARTESIAN_POINT ( 'NONE',  ( 33.65670534062464014, -1.627807670230563719, 68.08098290606380942 ) ) ;
#2830 = ORIENTED_EDGE ( 'NONE', *, *, #2304, .F. ) ;
#2831 = CARTESIAN_POINT ( 'NONE',  ( 37.44073999999999813, -1.100000000000000046E-14, 66.65000000000000568 ) ) ;
#2832 = CARTESIAN_POINT ( 'NONE',  ( 28.94073999999999813, 0.000000000000000000, 77.29999999999999716 ) ) ;
#2833 = EDGE_CURVE ( 'NONE', #216, #1019, #2759, .T. ) ;
#2834 = CARTESIAN_POINT ( 'NONE',  ( 34.17007040929799899, 1.646933575819000017, 68.70748872465699719 ) ) ;
#2835 = CARTESIAN_POINT ( 'NONE',  ( 35.52592699999999581, 2.027754670999999880E-06, 77.50578587332000779 ) ) ;
#2836 = CARTESIAN_POINT ( 'NONE',  ( 29.88148100000000085, 2.897621519999999931E-07, 77.32939798190299996 ) ) ;
#2837 = CARTESIAN_POINT ( 'NONE',  ( 32.28858840944499775, 1.625235713671999926, 68.76403273228399371 ) ) ;
#2838 = CARTESIAN_POINT ( 'NONE',  ( 37.44073975189368042, -6.349999570264279747, 74.70147811626219436 ) ) ;
#2839 = VERTEX_POINT ( 'NONE', #1955 ) ;
#2840 = CARTESIAN_POINT ( 'NONE',  ( 34.00407693474399906, -3.134667339677999820, 69.55962053999800787 ) ) ;
#2841 = CARTESIAN_POINT ( 'NONE',  ( 29.27268729434700134, -3.594773421831000348, 70.29323727540500499 ) ) ;
#2842 = CARTESIAN_POINT ( 'NONE',  ( 35.95364444026900230, 3.329521304927999914, 77.06425392729499890 ) ) ;
#2843 = CARTESIAN_POINT ( 'NONE',  ( 37.44073999999999813, -5.499260512133000489, 76.17500138892900452 ) ) ;
#2844 = CARTESIAN_POINT ( 'NONE',  ( 31.84047486427599694, 2.820874872265000111, 68.41376802272000646 ) ) ;
#2845 = EDGE_CURVE ( 'NONE', #2341, #3169, #435, .T. ) ;
#2846 = CARTESIAN_POINT ( 'NONE',  ( 30.46183207108400026, -1.662606361474999961, 77.80256722684300996 ) ) ;
#2847 = DIRECTION ( 'NONE',  ( 1.000000000000000000, 2.200000000000000003E-16, 0.000000000000000000 ) ) ;
#2848 = DIRECTION ( 'NONE',  ( -0.9995120818701390686, -2.200000000000305194E-16, -0.03123456731924435098 ) ) ;
#2849 = PRODUCT_DEFINITION ( 'General', '', #4772, #4981 ) ;
#2850 = EDGE_LOOP ( 'NONE', ( #4185, #1592, #4444, #798 ) ) ;
#2851 = CARTESIAN_POINT ( 'NONE',  ( 36.86493667498700688, 0.5153025961040000880, 78.24999977290300990 ) ) ;
#2852 = CARTESIAN_POINT ( 'NONE',  ( 39.94071895468699296, 2.440000000000000205E-15, 73.00000000000000000 ) ) ;
#2853 = CARTESIAN_POINT ( 'NONE',  ( 33.54590126318599630, 2.810583091265999922, 76.63864788651200399 ) ) ;
#2854 = CARTESIAN_POINT ( 'NONE',  ( 31.83553435965800205, 3.623746365768000022, 69.37537141879299440 ) ) ;
#2855 = CARTESIAN_POINT ( 'NONE',  ( 33.83246668279799962, 5.196225929893000028, 71.52515175016299054 ) ) ;
#2856 = B_SPLINE_CURVE_WITH_KNOTS ( 'NONE', 6,
 ( #4935, #2469, #4476, #953, #4908, #1361, #3683, #1387, #2894, #978, #2916, #4528, #1407, #351, #4597, #5008, #4209, #2259, #3040, #3441, #2236, #2212, #4963, #1813, #645, #1916, #4619, #2193, #3836, #1072, #3369, #2654, #3786, #738, #4648, #1122, #327, #1526, #4159, #1047, #2562, #3759 ),
 .UNSPECIFIED., .F., .F.,
 ( 7, 5, 5, 5, 5, 5, 5, 5, 7 ),
 ( 0.000000000000000000, 0.06347432428421000139, 0.1253422888830000026, 0.1878494371209999958, 0.2504968738769999814, 0.3133928817839999881, 0.3763417034160000396, 0.4393113883880000459, 0.4993431724985294973 ),
 .UNSPECIFIED. ) ;
#2857 = CARTESIAN_POINT ( 'NONE',  ( 31.76296299999999917, 8.692417599999999458E-07, 77.38819394570900556 ) ) ;
#2858 = CARTESIAN_POINT ( 'NONE',  ( 30.15107048084700025, 5.012391729565000453, 72.13062885745999608 ) ) ;
#2859 = CARTESIAN_POINT ( 'NONE',  ( 33.26410297388800075, -1.028529395545999980, 78.07606938867698432 ) ) ;
#2860 = ORIENTED_EDGE ( 'NONE', *, *, #4712, .F. ) ;
#2861 = CARTESIAN_POINT ( 'NONE',  ( 37.05393694189300646, -4.923659555465000004, 74.98617405069700226 ) ) ;
#2862 = CARTESIAN_POINT ( 'NONE',  ( 30.78836894127900337, 0.3788920147809999861, 67.92193383924900729 ) ) ;
#2863 = CONICAL_SURFACE ( 'NONE', #679, 9.038370000000004012, 1.178102599964000019 ) ;
#2864 = CARTESIAN_POINT ( 'NONE',  ( 39.84800092798010951, -2.949166387663166855, 66.65000000000006253 ) ) ;
#2865 = CARTESIAN_POINT ( 'NONE',  ( 32.12338342643899125, 4.656622528336000322, 75.16364359141999785 ) ) ;
#2866 = ADVANCED_FACE ( 'NONE', ( #1896 ), #4942, .T. ) ;
#2867 = CARTESIAN_POINT ( 'NONE',  ( 34.94073999999999813, 1.691270805748469276E-15, 70.04999999999999716 ) ) ;
#2868 = VERTEX_POINT ( 'NONE', #81 ) ;
#2869 = CARTESIAN_POINT ( 'NONE',  ( 31.76296299999999917, 8.692419457200000096E-07, 77.38819394570801080 ) ) ;
#2870 = CARTESIAN_POINT ( 'NONE',  ( 30.68076689612500019, -3.060086910382999736, 68.92564502403099880 ) ) ;
#2871 = CARTESIAN_POINT ( 'NONE',  ( 28.50031874775799778, -0.8381057388810000397, 78.10617170681500454 ) ) ;
#2872 = CARTESIAN_POINT ( 'NONE',  ( 35.73580899867599925, 4.424251968397999946, 70.16181584192300136 ) ) ;
#2873 = VECTOR ( 'NONE', #2184, 1000.000000000000000 ) ;
#2874 = CARTESIAN_POINT ( 'NONE',  ( 30.63857822119799934, -5.078906387472999384, 73.29002833788401006 ) ) ;
#2875 = CARTESIAN_POINT ( 'NONE',  ( 37.44073999999999813, -1.108240563691984537, 79.27705154531962251 ) ) ;
#2876 = CARTESIAN_POINT ( 'NONE',  ( 30.05618360863400085, 5.048748514430999812, 72.47703230462299473 ) ) ;
#2877 = CARTESIAN_POINT ( 'NONE',  ( 31.86810231903699986, 3.636369917973999666, 68.99539419697998710 ) ) ;
#2878 = CARTESIAN_POINT ( 'NONE',  ( 32.57189991842199817, -2.822522882701000047, 68.68790745494298733 ) ) ;
#2879 = CARTESIAN_POINT ( 'NONE',  ( 29.20146960646700052, -4.358317177420999222, 73.70919364192501178 ) ) ;
#2880 = CARTESIAN_POINT ( 'NONE',  ( 33.70511125747925263, 0.01972896160280917729, 67.82771155901855309 ) ) ;
#2881 = VERTEX_POINT ( 'NONE', #3563 ) ;
#2882 = CARTESIAN_POINT ( 'NONE',  ( 36.59943477287600189, 4.437536420275999482, 69.64414241594398902 ) ) ;
#2883 = CARTESIAN_POINT ( 'NONE',  ( 32.31244024283400051, -2.539656527117000184, 77.75016927602699468 ) ) ;
#2884 = CARTESIAN_POINT ( 'NONE',  ( 31.85560503531500132, 4.083839464516999307, 69.88660018636400650 ) ) ;
#2885 = CARTESIAN_POINT ( 'NONE',  ( 29.86027905273000016, 0.8026917792080000558, 67.99373945052100510 ) ) ;
#2886 = CARTESIAN_POINT ( 'NONE',  ( 29.99613369671999763, 1.806862401108999983, 68.26036142356699088 ) ) ;
#2887 = VERTEX_POINT ( 'NONE', #2831 ) ;
#2888 = CARTESIAN_POINT ( 'NONE',  ( 36.44203206568599995, 0.7462324986329998966, 77.53441360556300310 ) ) ;
#2889 = CARTESIAN_POINT ( 'NONE',  ( 30.91637134990599733, 4.088385382263999723, 69.94725685078299193 ) ) ;
#2890 = DIRECTION ( 'NONE',  ( 1.000000000000000000, 2.200000000000000003E-16, 0.000000000000000000 ) ) ;
#2891 = CARTESIAN_POINT ( 'NONE',  ( 32.13356822606899499, 4.505303638022999380, 75.47884737669799904 ) ) ;
#2892 = CARTESIAN_POINT ( 'NONE',  ( 31.56146639582400226, -4.432301429956999606, 70.42871242616000416 ) ) ;
#2893 = ORIENTED_EDGE ( 'NONE', *, *, #3777, .T. ) ;
#2894 = CARTESIAN_POINT ( 'NONE',  ( 34.26393668637800261, -2.918247796925000248, 77.31544958177100568 ) ) ;
#2895 = EDGE_CURVE ( 'NONE', #2695, #192, #2709, .T. ) ;
#2896 = CARTESIAN_POINT ( 'NONE',  ( 28.47573999999999828, -5.499999999999999639E-16, 78.10540362551999749 ) ) ;
#2897 = CARTESIAN_POINT ( 'NONE',  ( 32.17796421751800295, -1.627882660487000033, 68.76818938711400619 ) ) ;
#2898 = CIRCLE ( 'NONE', #1603, 6.349999999999994316 ) ;
#2899 = EDGE_LOOP ( 'NONE', ( #2457, #1778, #3832, #2822, #419, #526, #3895, #695, #4927, #752, #1373, #4332 ) ) ;
#2900 = CARTESIAN_POINT ( 'NONE',  ( 39.69950599505600053, -3.666174209354000180, 66.65000000000000568 ) ) ;
#2901 = CARTESIAN_POINT ( 'NONE',  ( 33.09102057616700421, -2.417035382027000079, 69.08162094832100308 ) ) ;
#2902 = CARTESIAN_POINT ( 'NONE',  ( 34.19874350503400251, -3.943786551164000009, 76.38748468158500771 ) ) ;
#2903 = CARTESIAN_POINT ( 'NONE',  ( 37.44073999999999813, 6.350000000000004974, 72.44585785010021084 ) ) ;
#2904 = CARTESIAN_POINT ( 'NONE',  ( 36.85049761140299296, 1.030916226230000010, 78.19219607344599865 ) ) ;
#2905 = CARTESIAN_POINT ( 'NONE',  ( 36.16297823250900478, -4.970161100379000274, 75.21871168563700394 ) ) ;
#2906 = CARTESIAN_POINT ( 'NONE',  ( 38.00789484072100066, -3.666174209354000180, 79.35000000000000853 ) ) ;
#2907 = CARTESIAN_POINT ( 'NONE',  ( 33.58370521744500081, -1.936600941810999954, 67.96549735595201014 ) ) ;
#2908 = DIRECTION ( 'NONE',  ( 1.000000000000000000, 2.200000000000000003E-16, 0.000000000000000000 ) ) ;
#2909 = CARTESIAN_POINT ( 'NONE',  ( 30.00803626240699984, 2.181998607945999868, 68.40978806799400047 ) ) ;
#2910 = EDGE_LOOP ( 'NONE', ( #1491, #991, #3782, #4707 ) ) ;
#2911 = CARTESIAN_POINT ( 'NONE',  ( 29.83220913188699797, 1.424462577508999850, 77.19599012881299416 ) ) ;
#2912 = CARTESIAN_POINT ( 'NONE',  ( 34.33583513718900804, 4.524597200401000663, 72.57984743469299360 ) ) ;
#2913 = CARTESIAN_POINT ( 'NONE',  ( 28.94073999999999813, -3.666174209354000180, 66.65000000000000568 ) ) ;
#2914 = CARTESIAN_POINT ( 'NONE',  ( 34.88944865189500177, -4.179259954618999906, 70.93352839228300866 ) ) ;
#2915 = EDGE_LOOP ( 'NONE', ( #2973, #4866, #116, #3284, #4519 ) ) ;
#2916 = CARTESIAN_POINT ( 'NONE',  ( 34.28337757871799596, -3.447369339513999709, 76.89478945725399228 ) ) ;
#2917 = FACE_BOUND ( 'NONE', #1817, .T. ) ;
#2918 = CARTESIAN_POINT ( 'NONE',  ( 32.01185637007400686, -4.452584890926999606, 72.60062505750100570 ) ) ;
#2919 = EDGE_CURVE ( 'NONE', #357, #3728, #3785, .T. ) ;
#2920 = CARTESIAN_POINT ( 'NONE',  ( 31.56380001157200255, -5.130574674195999663, 71.55927692797499162 ) ) ;
#2921 = CARTESIAN_POINT ( 'NONE',  ( 34.03553719738999916, 2.558025854133999744, 77.77023306769399369 ) ) ;
#2922 =( LENGTH_UNIT ( ) NAMED_UNIT ( * ) SI_UNIT ( .MILLI., .METRE. ) );
#2923 = CARTESIAN_POINT ( 'NONE',  ( 34.34572191899400195, -5.018100081722000283, 71.59948456861201294 ) ) ;
#2924 = CARTESIAN_POINT ( 'NONE',  ( 42.44074000000002655, -1.701477371936954475, 66.65000000000001990 ) ) ;
#2925 = CARTESIAN_POINT ( 'NONE',  ( 29.18414020797700204, -4.189987725881999303, 71.66745187297600239 ) ) ;
#2926 = CARTESIAN_POINT ( 'NONE',  ( 41.87357659274599797, 3.666174209354000180, 79.35000000000000853 ) ) ;
#2927 = CARTESIAN_POINT ( 'NONE',  ( 30.29376110952500056, 3.614968519608999564, 76.58541084729201032 ) ) ;
#2928 = CARTESIAN_POINT ( 'NONE',  ( 29.94883301158100153, 3.455147013634999986, 69.29566694424599405 ) ) ;
#2929 = VERTEX_POINT ( 'NONE', #5032 ) ;
#2930 = CARTESIAN_POINT ( 'NONE',  ( 36.07917986372499541, 2.462379400769999727, 68.99651959013399960 ) ) ;
#2931 = CARTESIAN_POINT ( 'NONE',  ( 36.19676083247300369, -5.317846138405999845, 74.44390501148200201 ) ) ;
#2932 = CARTESIAN_POINT ( 'NONE',  ( 34.77524113611600143, 3.980494836095000544, 69.62751816782598269 ) ) ;
#2933 = CARTESIAN_POINT ( 'NONE',  ( 30.43190292160199917, -0.6757436516680001004, 78.04301848800099606 ) ) ;
#2934 = EDGE_CURVE ( 'NONE', #3582, #1861, #3344, .T. ) ;
#2935 =( BOUNDED_CURVE ( )  B_SPLINE_CURVE ( 2, ( #1538, #4516, #1375 ),
 .UNSPECIFIED., .F., .T. ) 
 B_SPLINE_CURVE_WITH_KNOTS ( ( 3, 3 ),
 ( 0.000000000000000000, 1.000000000000000000 ),
 .UNSPECIFIED. ) 
 CURVE ( )  GEOMETRIC_REPRESENTATION_ITEM ( )  RATIONAL_B_SPLINE_CURVE ( ( 1.000000000000000000, 1.004815706085476101, 1.000000000000000000 ) ) 
 REPRESENTATION_ITEM ( '' )  );
#2936 = CARTESIAN_POINT ( 'NONE',  ( 36.08430284092799667, -4.080924001319999661, 76.31658574882898449 ) ) ;
#2937 = ORIENTED_EDGE ( 'NONE', *, *, #1919, .F. ) ;
#2938 = CARTESIAN_POINT ( 'NONE',  ( 35.12562990780799055, -0.3476433742119999781, 78.21671550690601293 ) ) ;
#2939 = CIRCLE ( 'NONE', #3100, 6.750000000000006217 ) ;
#2940 = CARTESIAN_POINT ( 'NONE',  ( 33.74275999029899964, -2.807936038342999652, 76.64778364520800835 ) ) ;
#2941 = CARTESIAN_POINT ( 'NONE',  ( 28.86305657660800250, -2.792284403667999904, 68.47317577151700618 ) ) ;
#2942 = CARTESIAN_POINT ( 'NONE',  ( 32.42459298118500044, -5.097525059759000499, 74.33468925472200795 ) ) ;
#2943 = B_SPLINE_CURVE_WITH_KNOTS ( 'NONE', 6,
 ( #4441, #3196, #4501, #4761, #919, #1357, #4877, #4075, #3963, #1701, #1245, #2807, #2462, #2781, #4044, #537, #2092, #2017, #2430, #949, #561, #2123, #4015, #1329, #505, #3680, #2865, #2891, #4411, #2373, #2401, #452, #3991, #171, #1732, #3568, #2066, #3621, #3290, #85, #60, #112 ),
 .UNSPECIFIED., .F., .F.,
 ( 7, 5, 5, 5, 5, 5, 5, 5, 7 ),
 ( 0.4993343407177402438, 0.5493879926329999774, 0.6144164416860000699, 0.6784665368439999344, 0.7435397128780000253, 0.8080041642579999239, 0.8730706221809999557, 0.9381031970159999789, 1.000000000000000000 ),
 .UNSPECIFIED. ) ;
#2944 = AXIS2_PLACEMENT_3D ( 'NONE', #2585, #205, #699 ) ;
#2945 = CARTESIAN_POINT ( 'NONE',  ( 30.30795013181399966, 1.699184029628999948, 78.00536471881999034 ) ) ;
#2946 = CARTESIAN_POINT ( 'NONE',  ( 32.05551146108999916, 4.856627579700000474, 75.15191191346299604 ) ) ;
#2947 = CARTESIAN_POINT ( 'NONE',  ( 33.61980906579699990, 0.7317199496120000424, 77.44621980279299578 ) ) ;
#2948 = CIRCLE ( 'NONE', #2305, 4.123438843639998019 ) ;
#2949 = DIRECTION ( 'NONE',  ( -0.9995120818701390686, -2.200000000000305194E-16, -0.03123456731924435098 ) ) ;
#2950 = CARTESIAN_POINT ( 'NONE',  ( 39.94071895468699296, 2.440000000000000205E-15, 73.00000000000000000 ) ) ;
#2951 = CARTESIAN_POINT ( 'NONE',  ( 36.67729525091500165, 5.192196965828999922, 74.03091164466398766 ) ) ;
#2952 = CARTESIAN_POINT ( 'NONE',  ( 36.05639261387699435, 2.313736756999999794E-06, 78.24580166908199885 ) ) ;
#2953 = CARTESIAN_POINT ( 'NONE',  ( 32.62602057616800266, -2.856440173029000107, 68.36915351031998966 ) ) ;
#2954 = CARTESIAN_POINT ( 'NONE',  ( 36.55027921391799595, -2.491380382156000106, 77.00730369494299055 ) ) ;
#2955 = CARTESIAN_POINT ( 'NONE',  ( 31.81784427955673777, -0.1780654975916497740, 67.88851242404548714 ) ) ;
#2956 = ADVANCED_FACE ( 'NONE', ( #3792 ), #3710, .T. ) ;
#2957 = DIRECTION ( 'NONE',  ( 1.000000000000000000, 2.200000000000000003E-16, 0.000000000000000000 ) ) ;
#2958 = CARTESIAN_POINT ( 'NONE',  ( 37.44073999999999813, 1.889999999999999946E-15, 73.00000000000000000 ) ) ;
#2959 = ORIENTED_EDGE ( 'NONE', *, *, #1560, .F. ) ;
#2960 = CARTESIAN_POINT ( 'NONE',  ( 37.31306248690507488, -1.006601194631327356, 67.80511809480759666 ) ) ;
#2961 = CARTESIAN_POINT ( 'NONE',  ( 31.23827146550299716, 0.3165874977520000133, 78.09523626714899081 ) ) ;
#2962 = CARTESIAN_POINT ( 'NONE',  ( 30.31682573079499932, -0.3381241371600000045, 78.06644126759100288 ) ) ;
#2963 = CARTESIAN_POINT ( 'NONE',  ( 35.03154174509600693, 2.788234437192000037, 77.42981449080600953 ) ) ;
#2964 = B_SPLINE_CURVE_WITH_KNOTS ( 'NONE', 1,
 ( #5046, #4993 ),
 .UNSPECIFIED., .F., .F.,
 ( 2, 2 ),
 ( 0.000000000000000000, 0.8205507722456604203 ),
 .UNSPECIFIED. ) ;
#2965 = CARTESIAN_POINT ( 'NONE',  ( 35.22132122767200002, 4.183188358868000556, 70.91873048499699905 ) ) ;
#2966 = ORIENTED_EDGE ( 'NONE', *, *, #1200, .T. ) ;
#2967 = CARTESIAN_POINT ( 'NONE',  ( 35.25441863111900176, -4.189246275520000395, 76.14557653265900683 ) ) ;
#2968 = CARTESIAN_POINT ( 'NONE',  ( 32.86259384379899728, 3.162183273454000076, 68.92513377661700247 ) ) ;
#2969 = CARTESIAN_POINT ( 'NONE',  ( 32.82659773805700354, -3.348048335776000251, 76.11605128601900105 ) ) ;
#2970 = CARTESIAN_POINT ( 'NONE',  ( 28.62321248654999906, -4.393342093754999844, 75.90633388850500296 ) ) ;
#2971 = CARTESIAN_POINT ( 'NONE',  ( 31.83669924294400033, -2.133873511827999891, 76.99129443881699331 ) ) ;
#2972 =( BOUNDED_CURVE ( )  B_SPLINE_CURVE ( 2, ( #271, #2496, #1881 ),
 .UNSPECIFIED., .F., .F. ) 
 B_SPLINE_CURVE_WITH_KNOTS ( ( 3, 3 ),
 ( 0.000000000000000000, 1.000000000000000000 ),
 .UNSPECIFIED. ) 
 CURVE ( )  GEOMETRIC_REPRESENTATION_ITEM ( )  RATIONAL_B_SPLINE_CURVE ( ( 1.000000000000000000, 1.004815706087200056, 1.000000000000000000 ) ) 
 REPRESENTATION_ITEM ( '' )  );
#2973 = ORIENTED_EDGE ( 'NONE', *, *, #2332, .F. ) ;
#2974 = CARTESIAN_POINT ( 'NONE',  ( 32.82659773805700354, -3.348048335776000251, 76.11605128601900105 ) ) ;
#2975 = B_SPLINE_CURVE_WITH_KNOTS ( 'NONE', 9,
 ( #3244, #2112, #2360, #2004, #2154, #667, #253, #4989, #2288, #4472, #215, #1926, #2338, #3923, #4366, #3972, #521, #1342, #257, #4215, #308, #3424, #4913, #4850, #1433, #3706, #3512, #4716, #1240, #2985, #973, #2911, #4303, #3521 ),
 .UNSPECIFIED., .F., .F.,
 ( 10, 8, 8, 8, 10 ),
 ( 1.178878362889912434, 1.477706231233000045, 3.142142805069999767, 4.803141264411999956, 6.284285610140001310 ),
 .UNSPECIFIED. ) ;
#2976 = CARTESIAN_POINT ( 'NONE',  ( 33.13903403622400390, -0.3435032764939999761, 78.15463475409600846 ) ) ;
#2977 = AXIS2_PLACEMENT_3D ( 'NONE', #21, #3555, #1233 ) ;
#2978 = DIRECTION ( 'NONE',  ( -1.000000000000000000, -2.200000000000000003E-16, 0.000000000000000000 ) ) ;
#2979 = DIRECTION ( 'NONE',  ( 0.000000000000000000, 0.000000000000000000, 1.000000000000000000 ) ) ;
#2980 = CARTESIAN_POINT ( 'NONE',  ( 32.70370400000000188, 1.158902883999999908E-06, 77.41759192761099939 ) ) ;
#2981 = CARTESIAN_POINT ( 'NONE',  ( 30.38844108062099991, 0.7957893821759999264, 78.03120326405898766 ) ) ;
#2982 = EDGE_CURVE ( 'NONE', #533, #1574, #916, .T. ) ;
#2983 = EDGE_LOOP ( 'NONE', ( #5050, #472, #4906, #2740, #3815, #4541, #1704, #3690, #2317, #1139, #2560, #46, #1037 ) ) ;
#2984 = CARTESIAN_POINT ( 'NONE',  ( 36.16206222745000076, 4.210540085795000387, 70.90512452189399539 ) ) ;
#2985 = CARTESIAN_POINT ( 'NONE',  ( 29.78293726377400219, 2.736217387079000307, 76.54235982674398997 ) ) ;
#2986 = AXIS2_PLACEMENT_3D ( 'NONE', #84, #839, #3566 ) ;
#2987 = CARTESIAN_POINT ( 'NONE',  ( 37.44073999999999813, 1.889999999999999946E-15, 73.00000000000000000 ) ) ;
#2988 = CARTESIAN_POINT ( 'NONE',  ( 30.59202243532599752, -4.804569794131000826, 71.33245845330300483 ) ) ;
#2989 = CARTESIAN_POINT ( 'NONE',  ( 34.39676401054400401, -5.247205180933000257, 71.52652029819199697 ) ) ;
#2990 = CARTESIAN_POINT ( 'NONE',  ( 35.16606631844899766, 3.153702699377999963, 69.52685600300300450 ) ) ;
#2991 = EDGE_LOOP ( 'NONE', ( #2029, #4900, #3927 ) ) ;
#2992 = CARTESIAN_POINT ( 'NONE',  ( 35.16553709996500032, -1.710799745421000218, 77.94177699840199125 ) ) ;
#2993 = CARTESIAN_POINT ( 'NONE',  ( 33.02593789518000733, 5.089547400385000309, 73.92621465691699711 ) ) ;
#2994 = CARTESIAN_POINT ( 'NONE',  ( 35.13466324250300232, -2.582525347544000205, 77.83034222833299509 ) ) ;
#2995 = CARTESIAN_POINT ( 'NONE',  ( 32.60913293260199453, -4.429084470316999145, 70.35843521680399704 ) ) ;
#2996 = VERTEX_POINT ( 'NONE', #2857 ) ;
#2997 = CARTESIAN_POINT ( 'NONE',  ( 34.53591413152000200, 1.472836253682000107, 77.33850244669298490 ) ) ;
#2998 = CARTESIAN_POINT ( 'NONE',  ( 29.64331538922099796, -1.916656046995999896, 77.49610089161399173 ) ) ;
#2999 = CARTESIAN_POINT ( 'NONE',  ( 40.03343979002514885, 4.024678120198602826, 67.27094698829638730 ) ) ;
#3000 = FACE_OUTER_BOUND ( 'NONE', #4976, .T. ) ;
#3001 = CARTESIAN_POINT ( 'NONE',  ( 32.76379914844413577, 9.080193194566099635E-16, 67.85709126581929240 ) ) ;
#3002 = EDGE_CURVE ( 'NONE', #3502, #357, #4132, .T. ) ;
#3003 = CARTESIAN_POINT ( 'NONE',  ( 31.43072977379399902, 3.644598586560999998, 70.24370181472500008 ) ) ;
#3004 = CARTESIAN_POINT ( 'NONE',  ( 33.03537977502200107, 3.026739692572999907, 77.18991453345799414 ) ) ;
#3005 = CARTESIAN_POINT ( 'NONE',  ( 29.29812381731461102, -0.3102241146986335352, 68.51640745852725445 ) ) ;
#3006 = B_SPLINE_CURVE_WITH_KNOTS ( 'NONE', 6,
 ( #1394, #2219, #208, #1746, #1371, #3767, #285, #671, #4089, #260, #1820, #180, #3403, #4482, #961, #2503, #575, #984, #1974, #4602, #1485, #2683 ),
 .UNSPECIFIED., .F., .F.,
 ( 7, 5, 5, 5, 7 ),
 ( 1.734945168391222339E-06, 0.2492442063710000044, 0.5004262105279999595, 0.7502131127519999776, 0.9891041831819957775 ),
 .UNSPECIFIED. ) ;
#3007 = VERTEX_POINT ( 'NONE', #3245 ) ;
#3008 = DIRECTION ( 'NONE',  ( 1.000000000000000000, 2.200000000000000003E-16, 0.000000000000000000 ) ) ;
#3009 = CARTESIAN_POINT ( 'NONE',  ( 36.35171868985899835, -3.989974185619999503, 69.15754477166900926 ) ) ;
#3010 = LINE ( 'NONE', #4612, #2182 ) ;
#3011 = CARTESIAN_POINT ( 'NONE',  ( 34.83407936919299885, -4.541915012769999649, 72.59261031167901024 ) ) ;
#3012 = CARTESIAN_POINT ( 'NONE',  ( 35.37811139433699736, 3.876590372513999849, 75.55101182090999146 ) ) ;
#3013 = ORIENTED_EDGE ( 'NONE', *, *, #4085, .T. ) ;
#3014 = B_SPLINE_SURFACE_WITH_KNOTS ( 'NONE', 1, 9, ( 
 ( #4686, #1140, #2735, #1906, #2668, #394, #4752, #1537, #4276, #754, #5051, #1232, #4348, #1518, #2008, #3503, #2300, #1611, #3106, #3156, #4374, #2389, #3980, #3458, #3056, #1931, #3483, #2330, #3488, #2674, #4334, #1964, #4284, #811 ),
 ( #736, #786, #1185, #4234, #1145, #2719, #761, #3934, #4671, #5056, #2652, #3417, #5030, #2308, #3114, #3887, #3064, #3511, #1099, #4261, #1888, #349, #401, #4690, #4715, #3, #1502, #1545, #372, #1524, #326, #1565, #3909, #2281 ) ),
 .UNSPECIFIED., .F., .F., .F.,
 ( 2, 2 ),
 ( 10, 8, 8, 8, 10 ),
 ( 0.000000000000000000, 0.9300000000000000488 ),
 ( 0.000000000000000000, 1.477706217987999837, 3.142142805069999767, 4.803141251146000101, 6.284285610140000422 ),
 .UNSPECIFIED. ) ;
#3015 = CARTESIAN_POINT ( 'NONE',  ( 29.82074121773900188, -1.893113143899000095, 68.07856584535799982 ) ) ;
#3016 = DIRECTION ( 'NONE',  ( 1.000000000000000000, 2.200000000000000003E-16, 0.000000000000000000 ) ) ;
#3017 = CARTESIAN_POINT ( 'NONE',  ( 32.94411408279699316, 4.817557194339999960, 71.15034231217299521 ) ) ;
#3018 = CARTESIAN_POINT ( 'NONE',  ( 33.03565129361400210, -3.692837319969000109, 70.21938525777601114 ) ) ;
#3019 = CARTESIAN_POINT ( 'NONE',  ( 36.16206222745000076, 4.210540085795000387, 70.90512452189399539 ) ) ;
#3020 = CARTESIAN_POINT ( 'NONE',  ( 32.32242066128299740, -0.9906678673969998572, 78.05218907795300254 ) ) ;
#3021 = EDGE_CURVE ( 'NONE', #3800, #1574, #2245, .T. ) ;
#3022 = EDGE_LOOP ( 'NONE', ( #1216, #760, #746 ) ) ;
#3023 = VERTEX_POINT ( 'NONE', #1630 ) ;
#3024 = CARTESIAN_POINT ( 'NONE',  ( 29.63372469358900219, -1.453426636174999897, 77.66139427755899760 ) ) ;
#3025 = AXIS2_PLACEMENT_3D ( 'NONE', #2210, #3781, #3756 ) ;
#3026 = CIRCLE ( 'NONE', #4130, 5.000000000000004441 ) ;
#3027 = CARTESIAN_POINT ( 'NONE',  ( 31.32021995475900411, 0.8070082180300000019, 68.62564155874399319 ) ) ;
#3028 = CARTESIAN_POINT ( 'NONE',  ( 31.59051146109000285, 4.102708235376000268, 74.81782111254899803 ) ) ;
#3029 = CARTESIAN_POINT ( 'NONE',  ( 36.44203206568599995, 0.7462324986329998966, 77.53441360556300310 ) ) ;
#3030 = CIRCLE ( 'NONE', #935, 6.349999999999994316 ) ;
#3031 = ORIENTED_EDGE ( 'NONE', *, *, #2041, .T. ) ;
#3032 = CARTESIAN_POINT ( 'NONE',  ( 37.34443174074491623, 0.1135583139250518347, 67.75120321564043024 ) ) ;
#3033 = CARTESIAN_POINT ( 'NONE',  ( 31.20105534814699766, 1.560777582320000079, 77.85940112298800386 ) ) ;
#3034 = CARTESIAN_POINT ( 'NONE',  ( 30.62150017780000155, -4.392861897159000328, 70.42156503410700452 ) ) ;
#3035 = CARTESIAN_POINT ( 'NONE',  ( 35.24894868228300027, 4.456376911186999301, 71.73510070310399556 ) ) ;
#3036 = UNCERTAINTY_MEASURE_WITH_UNIT (LENGTH_MEASURE( 1.000000000000000082E-05 ), #881, 'distance_accuracy_value', 'NONE');
#3037 = CARTESIAN_POINT ( 'NONE',  ( 36.14426108349699973, -5.051007382633999399, 74.46314275975399255 ) ) ;
#3038 = EDGE_LOOP ( 'NONE', ( #827, #3562 ) ) ;
#3039 = CARTESIAN_POINT ( 'NONE',  ( 29.60236998206699965, -5.011064868993999610, 74.31205256770499545 ) ) ;
#3040 = CARTESIAN_POINT ( 'NONE',  ( 34.38152003918499844, -5.119023285038000637, 73.98908139115400218 ) ) ;
#3041 = CARTESIAN_POINT ( 'NONE',  ( 33.06333593488899680, -3.113999050731999674, 69.58230836410700704 ) ) ;
#3042 = CARTESIAN_POINT ( 'NONE',  ( 36.18968968202599257, 4.485508678021999707, 71.72683355931300753 ) ) ;
#3043 = CARTESIAN_POINT ( 'NONE',  ( 32.53261795689500246, -5.144326025126000346, 72.86285713645899875 ) ) ;
#3044 = B_SPLINE_CURVE_WITH_KNOTS ( 'NONE', 1,
 ( #4740, #2704 ),
 .UNSPECIFIED., .F., .F.,
 ( 2, 2 ),
 ( 0.07929630309414442690, 0.9300000000000001599 ),
 .UNSPECIFIED. ) ;
#3045 = FACE_OUTER_BOUND ( 'NONE', #126, .T. ) ;
#3046 = VERTEX_POINT ( 'NONE', #40 ) ;
#3047 = CARTESIAN_POINT ( 'NONE',  ( 34.44417676466299838, -3.118535940096000214, 68.82197694173599700 ) ) ;
#3048 = EDGE_CURVE ( 'NONE', #3104, #4199, #3315, .T. ) ;
#3049 = FACE_OUTER_BOUND ( 'NONE', #4038, .T. ) ;
#3050 = CARTESIAN_POINT ( 'NONE',  ( 37.44073999999999813, -5.499262118142000055, 69.82500139276098139 ) ) ;
#3051 = CARTESIAN_POINT ( 'NONE',  ( 30.68916929398000093, -4.315453711929000846, 69.75048169417300414 ) ) ;
#3052 = CARTESIAN_POINT ( 'NONE',  ( 32.35214052435200216, -4.567693694798999893, 75.35786861530900183 ) ) ;
#3053 = CARTESIAN_POINT ( 'NONE',  ( 36.60602002319500770, -3.805265483125999992, 75.82943756714999495 ) ) ;
#3054 = CIRCLE ( 'NONE', #3226, 2.949999999999994404 ) ;
#3055 = ORIENTED_EDGE ( 'NONE', *, *, #3021, .T. ) ;
#3056 = CARTESIAN_POINT ( 'NONE',  ( 35.74157613689499868, 5.369858064265999431, 72.50138620367600595 ) ) ;
#3057 = CARTESIAN_POINT ( 'NONE',  ( 28.94073999999999813, 3.666174209354000180, 66.65000000000000568 ) ) ;
#3058 = CARTESIAN_POINT ( 'NONE',  ( 37.20730590377900171, -5.227574509675000591, 71.56072384893100491 ) ) ;
#3059 = CARTESIAN_POINT ( 'NONE',  ( 34.12018599999999680, 1.735173987419999913E-06, 78.28179151693699112 ) ) ;
#3060 = CARTESIAN_POINT ( 'NONE',  ( 31.40310231903700000, 3.071184418942999983, 69.61771849007300261 ) ) ;
#3061 = CARTESIAN_POINT ( 'NONE',  ( 29.83097853494559715, -7.657177843178875065E-16, 67.95806825814631225 ) ) ;
#3062 = ORIENTED_EDGE ( 'NONE', *, *, #439, .T. ) ;
#3063 = CARTESIAN_POINT ( 'NONE',  ( 35.34287306273299833, -5.227383457031000269, 73.27783502287800843 ) ) ;
#3064 = CARTESIAN_POINT ( 'NONE',  ( 35.02787185864900010, -0.8304246058030000377, 68.50977860569599898 ) ) ;
#3065 = CARTESIAN_POINT ( 'NONE',  ( 32.80366370073748783, 1.355681405961493446, 68.03014379851020976 ) ) ;
#3066 = DIRECTION ( 'NONE',  ( 0.000000000000000000, 0.000000000000000000, 1.000000000000000000 ) ) ;
#3067 = LINE ( 'NONE', #4674, #1780 ) ;
#3068 = CARTESIAN_POINT ( 'NONE',  ( 32.33208319655199858, -1.314314317909000218, 77.97589281212700030 ) ) ;
#3069 = CARTESIAN_POINT ( 'NONE',  ( 33.70507040929800269, 1.944164667719999962, 67.93293596782599764 ) ) ;
#3070 = PLANE ( 'NONE',  #1018 ) ;
#3071 = B_SPLINE_CURVE_WITH_KNOTS ( 'NONE', 6,
 ( #1187, #2806, #3515, #4014, #1569, #504, #2065, #2722, #3620, #1993, #4336, #3938, #422, #3539, #4957, #639, #2932, #4073, #3313, #618, #4546, #4153, #2172, #3337, #3731, #918, #1758, #3650, #3679, #220, #244, #4903, #4499, #2535, #1808, #1383, #948, #4522, #2963, #170, #2147, #4930, #589, #4876, #1731, #140, #995 ),
 .UNSPECIFIED., .F., .F.,
 ( 7, 5, 5, 5, 5, 5, 5, 5, 5, 7 ),
 ( 0.4993431724985294973, 0.4999978587330000113, 0.5639988695919999628, 0.6270306808889999362, 0.6900833478219999817, 0.7529439035420000259, 0.8158015614739999588, 0.8788093479249999840, 0.9419452534860000004, 1.000000000000000000 ),
 .UNSPECIFIED. ) ;
#3072 = CARTESIAN_POINT ( 'NONE',  ( 30.82222200000000001, 5.795153180000000003E-07, 77.35879596380600276 ) ) ;
#3073 = ORIENTED_EDGE ( 'NONE', *, *, #2724, .T. ) ;
#3074 = CARTESIAN_POINT ( 'NONE',  ( 39.94071895468699296, -4.354708999805000147, 78.15742276016000289 ) ) ;
#3075 = ORIENTED_EDGE ( 'NONE', *, *, #3386, .T. ) ;
#3076 =( BOUNDED_CURVE ( )  B_SPLINE_CURVE ( 2, ( #1429, #2864, #4102 ),
 .UNSPECIFIED., .F., .F. ) 
 B_SPLINE_CURVE_WITH_KNOTS ( ( 3, 3 ),
 ( 0.000000000000000000, 1.000000000000000000 ),
 .UNSPECIFIED. ) 
 CURVE ( )  GEOMETRIC_REPRESENTATION_ITEM ( )  RATIONAL_B_SPLINE_CURVE ( ( 1.000000000000000000, 1.004815706086483962, 1.000000000000000000 ) ) 
 REPRESENTATION_ITEM ( '' )  );
#3077 = DIRECTION ( 'NONE',  ( -2.200000000000000003E-16, 1.000000000000000000, 0.000000000000000000 ) ) ;
#3078 = EDGE_CURVE ( 'NONE', #4320, #1886, #3158, .T. ) ;
#3079 = FACE_OUTER_BOUND ( 'NONE', #3161, .T. ) ;
#3080 = CARTESIAN_POINT ( 'NONE',  ( 32.25679987510499558, -2.268441616504000002, 77.60958270524800184 ) ) ;
#3081 = EDGE_CURVE ( 'NONE', #3705, #2280, #1920, .T. ) ;
#3082 = ORIENTED_EDGE ( 'NONE', *, *, #1415, .T. ) ;
#3083 = CARTESIAN_POINT ( 'NONE',  ( 29.93063849544300226, -1.421723530563000049, 77.19967771126700029 ) ) ;
#3084 = CARTESIAN_POINT ( 'NONE',  ( 35.01165513144599828, 1.747557705398000039, 78.14787703716700662 ) ) ;
#3085 = DIRECTION ( 'NONE',  ( 0.000000000000000000, 0.000000000000000000, 1.000000000000000000 ) ) ;
#3086 = UNCERTAINTY_MEASURE_WITH_UNIT (LENGTH_MEASURE( 1.000000000000000082E-05 ), #2922, 'distance_accuracy_value', 'NONE');
#3087 = CARTESIAN_POINT ( 'NONE',  ( 33.68057887597499445, 2.676482008205000263, 68.55448949857499485 ) ) ;
#3088 = VERTEX_POINT ( 'NONE', #37 ) ;
#3089 = CARTESIAN_POINT ( 'NONE',  ( 29.47947624327500193, -2.482498100062000113, 77.64327200630799553 ) ) ;
#3090 = CARTESIAN_POINT ( 'NONE',  ( 33.92102301080100091, -4.419231120804000490, 71.75907231376500306 ) ) ;
#3091 = CARTESIAN_POINT ( 'NONE',  ( 32.85117648566900073, -3.801974217523000021, 75.51517465909900295 ) ) ;
#3092 = CARTESIAN_POINT ( 'NONE',  ( 36.29421645980400513, 4.240302642784999243, 74.87879284668200341 ) ) ;
#3093 = FACE_OUTER_BOUND ( 'NONE', #2810, .T. ) ;
#3094 = CARTESIAN_POINT ( 'NONE',  ( 33.17944500000000119, 1.446079794179999990E-06, 78.25239353503300777 ) ) ;
#3095 = EDGE_CURVE ( 'NONE', #357, #3502, #4376, .T. ) ;
#3096 = CARTESIAN_POINT ( 'NONE',  ( 34.79755681630099673, 5.167265064680999664, 73.77154183907400409 ) ) ;
#3097 = ORIENTED_EDGE ( 'NONE', *, *, #3592, .T. ) ;
#3098 = CARTESIAN_POINT ( 'NONE',  ( 29.70133501533599940, -4.191708280748000170, 75.63056970093599318 ) ) ;
#3099 = CARTESIAN_POINT ( 'NONE',  ( 35.61295380728100213, 4.047332882404999665, 69.66660818646001019 ) ) ;
#3100 = AXIS2_PLACEMENT_3D ( 'NONE', #211, #235, #4635 ) ;
#3101 = CARTESIAN_POINT ( 'NONE',  ( 36.20141509472122010, -5.236974527565758208, 72.46904992494143016 ) ) ;
#3102 = CARTESIAN_POINT ( 'NONE',  ( 31.93409822833299927, 4.850480213573999499, 70.58679931626200243 ) ) ;
#3103 = AXIS2_PLACEMENT_3D ( 'NONE', #2679, #231, #1797 ) ;
#3104 = VERTEX_POINT ( 'NONE', #1073 ) ;
#3105 = EDGE_CURVE ( 'NONE', #2388, #4352, #692, .T. ) ;
#3106 = CARTESIAN_POINT ( 'NONE',  ( 35.57581140922499685, 1.955013599008000202, 67.90466396408999117 ) ) ;
#3107 = CARTESIAN_POINT ( 'NONE',  ( 30.32416685883299934, -0.8032439802470000556, 68.65676824739900042 ) ) ;
#3108 = AXIS2_PLACEMENT_3D ( 'NONE', #729, #2667, #781 ) ;
#3109 = CARTESIAN_POINT ( 'NONE',  ( 30.22247935258200258, 2.714530770916999902, 77.29718389814100021 ) ) ;
#3110 = DIRECTION ( 'NONE',  ( 0.000000000000000000, 0.000000000000000000, 1.000000000000000000 ) ) ;
#3111 = CARTESIAN_POINT ( 'NONE',  ( 30.88255897434636665, 0.008212044853728759503, 67.91588604019314346 ) ) ;
#3112 = CARTESIAN_POINT ( 'NONE',  ( 33.60047723065713399, 0.03627905001346313357, 67.83106745281983763 ) ) ;
#3113 = VERTEX_POINT ( 'NONE', #4315 ) ;
#3114 = CARTESIAN_POINT ( 'NONE',  ( 34.97250257594700429, -2.449113266570000391, 69.02960981794900874 ) ) ;
#3115 = CARTESIAN_POINT ( 'NONE',  ( 34.41370765211500071, -4.902196136457999565, 70.57599267420100375 ) ) ;
#3116 = CARTESIAN_POINT ( 'NONE',  ( 39.69950599505600053, -3.666174209354000180, 79.35000000000000853 ) ) ;
#3117 = CARTESIAN_POINT ( 'NONE',  ( 37.44073999999999103, 2.695098660166124205, 78.77633244779275401 ) ) ;
#3118 = CARTESIAN_POINT ( 'NONE',  ( 33.97237039455900032, 4.544893741260000120, 75.99085380685099267 ) ) ;
#3119 = CARTESIAN_POINT ( 'NONE',  ( 29.66537437066200056, -5.208810126366999249, 72.53276777670899378 ) ) ;
#3120 = CARTESIAN_POINT ( 'NONE',  ( 34.72855609493900175, 4.962733366372000354, 71.39577737941000635 ) ) ;
#3121 = ORIENTED_EDGE ( 'NONE', *, *, #577, .T. ) ;
#3122 = PLANE ( 'NONE',  #3292 ) ;
#3123 = CARTESIAN_POINT ( 'NONE',  ( 42.44073989567703364, 4.648522447370566191, 77.64852294102874453 ) ) ;
#3124 = CARTESIAN_POINT ( 'NONE',  ( 39.94071895468699296, 2.289104628451999801, 79.35000000000000853 ) ) ;
#3125 = CARTESIAN_POINT ( 'NONE',  ( 35.58332136279300073, 3.317349170621999743, 68.93182436120299883 ) ) ;
#3126 = DIRECTION ( 'NONE',  ( -1.000000000000000000, -2.200000000000000003E-16, 0.000000000000000000 ) ) ;
#3127 =( BOUNDED_CURVE ( )  B_SPLINE_CURVE ( 2, ( #3788, #279, #4598 ),
 .UNSPECIFIED., .F., .F. ) 
 B_SPLINE_CURVE_WITH_KNOTS ( ( 3, 3 ),
 ( 0.000000000000000000, 1.000000000000000000 ),
 .UNSPECIFIED. ) 
 CURVE ( )  GEOMETRIC_REPRESENTATION_ITEM ( )  RATIONAL_B_SPLINE_CURVE ( ( 1.000000000000000000, 1.004815706087772043, 1.000000000000000000 ) ) 
 REPRESENTATION_ITEM ( '' )  );
#3128 = EDGE_LOOP ( 'NONE', ( #1385, #4514, #4952, #4679, #1063 ) ) ;
#3129 = CARTESIAN_POINT ( 'NONE',  ( 32.62979619749999927, 2.151323132846000075, 77.01171223577701141 ) ) ;
#3130 = CARTESIAN_POINT ( 'NONE',  ( 30.82222200000000001, 5.795153180000000003E-07, 77.35879596380600276 ) ) ;
#3131 = CARTESIAN_POINT ( 'NONE',  ( 37.33132721391599773, -2.504680531538999944, 68.07947651811699075 ) ) ;
#3132 = CARTESIAN_POINT ( 'NONE',  ( 31.76296299999999917, 8.692417599999999458E-07, 77.38819394570900556 ) ) ;
#3133 = AXIS2_PLACEMENT_3D ( 'NONE', #2059, #1985, #1181 ) ;
#3134 = EDGE_CURVE ( 'NONE', #332, #447, #3846, .T. ) ;
#3135 = CARTESIAN_POINT ( 'NONE',  ( 29.41648100000000099, 2.892614562300000161E-07, 78.13480160742199132 ) ) ;
#3136 = CARTESIAN_POINT ( 'NONE',  ( 33.62083937983999959, 0.7390546889450000378, 67.86444357870000488 ) ) ;
#3137 = ORIENTED_EDGE ( 'NONE', *, *, #4832, .F. ) ;
#3138 = CARTESIAN_POINT ( 'NONE',  ( 29.18963337095500066, -4.363254769159000013, 72.60863980398600859 ) ) ;
#3139 = CARTESIAN_POINT ( 'NONE',  ( 35.05018599999999651, 1.735174232319999986E-06, 78.28179151693599636 ) ) ;
#3140 = CARTESIAN_POINT ( 'NONE',  ( 36.19073999999999813, 1.609999999999999932E-15, 73.00000000000000000 ) ) ;
#3141 = CARTESIAN_POINT ( 'NONE',  ( 37.44073999999999813, 0.5541419813123962257, 79.35000000000000853 ) ) ;
#3142 = CARTESIAN_POINT ( 'NONE',  ( 33.87083513718900463, 5.340091781502000146, 72.50414955028300312 ) ) ;
#3143 = CARTESIAN_POINT ( 'NONE',  ( 32.01185637007400686, -4.452584890926999606, 72.60062505750100570 ) ) ;
#3144 = ADVANCED_FACE ( 'NONE', ( #2096 ), #1655, .T. ) ;
#3145 = DIRECTION ( 'NONE',  ( 0.000000000000000000, 0.000000000000000000, 1.000000000000000000 ) ) ;
#3146 = ORIENTED_EDGE ( 'NONE', *, *, #1689, .F. ) ;
#3147 = CARTESIAN_POINT ( 'NONE',  ( 29.70902946160600067, 4.047670472652999507, 74.79343241854100199 ) ) ;
#3148 = CARTESIAN_POINT ( 'NONE',  ( 30.16415430223099747, 4.141621183516000393, 75.94326929032699525 ) ) ;
#3149 = CARTESIAN_POINT ( 'NONE',  ( 35.97335718337999566, 2.771884824599999853, 77.47474893458300471 ) ) ;
#3150 = CARTESIAN_POINT ( 'NONE',  ( 31.77090158497900063, -1.750458277462000112, 68.18095314060700218 ) ) ;
#3151 = CARTESIAN_POINT ( 'NONE',  ( 31.17478332935000296, 3.937934317772000092, 76.65004225548700845 ) ) ;
#3152 = CARTESIAN_POINT ( 'NONE',  ( 32.32362983102200360, -4.042562038201999997, 76.18373353561800343 ) ) ;
#3153 = ADVANCED_FACE ( 'NONE', ( #2239 ), #3070, .F. ) ;
#3154 = VERTEX_POINT ( 'NONE', #5011 ) ;
#3155 = B_SPLINE_CURVE_WITH_KNOTS ( 'NONE', 6,
 ( #245, #274, #3806, #2627, #2536, #1836, #3394, #4594, #4133, #1785, #3338, #2936, #4548, #1024, #2559, #1143, #3037, #4713, #1541, #1183, #5076, #2279 ),
 .UNSPECIFIED., .F., .F.,
 ( 7, 5, 5, 5, 7 ),
 ( 0.000000000000000000, 0.2577088515700000082, 0.5130271667249999279, 0.7669563287530000162, 1.000000000000000000 ),
 .UNSPECIFIED. ) ;
#3156 = CARTESIAN_POINT ( 'NONE',  ( 35.60343886383400047, 2.884900473667999954, 68.30968848847099650 ) ) ;
#3157 = CARTESIAN_POINT ( 'NONE',  ( 30.02895348632999628, -3.726147275386999969, 75.46501777606599148 ) ) ;
#3158 =( BOUNDED_CURVE ( )  B_SPLINE_CURVE ( 2, ( #4165, #4246, #1895 ),
 .UNSPECIFIED., .F., .F. ) 
 B_SPLINE_CURVE_WITH_KNOTS ( ( 3, 3 ),
 ( 0.000000000000000000, 1.000000000000000000 ),
 .UNSPECIFIED. ) 
 CURVE ( )  GEOMETRIC_REPRESENTATION_ITEM ( )  RATIONAL_B_SPLINE_CURVE ( ( 1.000000000000000000, 1.037954814083421828, 1.000000000000000000 ) ) 
 REPRESENTATION_ITEM ( '' )  );
#3159 = CARTESIAN_POINT ( 'NONE',  ( 33.19328274761100062, -0.8574085654519999489, 78.22376382434998732 ) ) ;
#3160 = CARTESIAN_POINT ( 'NONE',  ( 33.70454016004885034, 1.240056234780295696E-15, 67.82769328426009281 ) ) ;
#3161 = EDGE_LOOP ( 'NONE', ( #2650, #4191, #3867, #3943, #429 ) ) ;
#3162 = CARTESIAN_POINT ( 'NONE',  ( 29.13736998206699980, -4.221492106580999604, 74.10533814569100741 ) ) ;
#3163 = CARTESIAN_POINT ( 'NONE',  ( 34.60744295464800047, 0.9718967186180000883, 67.73204382768399512 ) ) ;
#3164 = CARTESIAN_POINT ( 'NONE',  ( 33.44735752637199511, 4.357294538112999938, 74.12637073829699830 ) ) ;
#3165 = CARTESIAN_POINT ( 'NONE',  ( 31.35268761387699499, 8.679163280000000261E-07, 78.09881175956800803 ) ) ;
#3166 = CARTESIAN_POINT ( 'NONE',  ( 37.44073999999999813, 4.000000000000000311E-15, 79.35000000000000853 ) ) ;
#3167 = DIRECTION ( 'NONE',  ( 0.000000000000000000, 0.000000000000000000, 1.000000000000000000 ) ) ;
#3168 = CARTESIAN_POINT ( 'NONE',  ( 35.00120138688300386, 0.3250807021630000015, 78.21282703057899255 ) ) ;
#3169 = VERTEX_POINT ( 'NONE', #4290 ) ;
#3170 = CARTESIAN_POINT ( 'NONE',  ( 30.92736131918299947, 3.615740348106999846, 69.01810981900500508 ) ) ;
#3171 = ADVANCED_FACE ( 'NONE', ( #4623 ), #3617, .T. ) ;
#3172 = CARTESIAN_POINT ( 'NONE',  ( 29.21731801208599677, -4.273442989135999959, 71.80001810576099786 ) ) ;
#3173 = CARTESIAN_POINT ( 'NONE',  ( 29.64073999999999742, 3.757291942515309825E-16, 70.04999999999999716 ) ) ;
#3174 = DIRECTION ( 'NONE',  ( 0.000000000000000000, 0.000000000000000000, 1.000000000000000000 ) ) ;
#3175 = CARTESIAN_POINT ( 'NONE',  ( 30.08024368357000355, 5.108830630006999662, 71.54995318347999955 ) ) ;
#3176 = DIRECTION ( 'NONE',  ( 0.000000000000000000, 0.000000000000000000, 1.000000000000000000 ) ) ;
#3177 = CARTESIAN_POINT ( 'NONE',  ( 29.36180259973899709, 2.576614824722999852, 69.20868656743201086 ) ) ;
#3178 = CARTESIAN_POINT ( 'NONE',  ( 35.68221810741900413, 5.118628111715999296, 71.82126002908299256 ) ) ;
#3179 = CARTESIAN_POINT ( 'NONE',  ( 34.58100015428200180, 1.405991823291000031, 67.97448094585399758 ) ) ;
#3180 = CONICAL_SURFACE ( 'NONE', #92, 6.750000000000006217, 1.178091890227999983 ) ;
#3181 = CARTESIAN_POINT ( 'NONE',  ( 35.58602217608965645, 2.447925217564927980E-16, 67.76889731995417776 ) ) ;
#3182 = EDGE_LOOP ( 'NONE', ( #4645, #1500, #3932, #2666 ) ) ;
#3183 = CARTESIAN_POINT ( 'NONE',  ( 40.18193922118300065, -7.332348418707999471, 73.00000000000000000 ) ) ;
#3184 = CARTESIAN_POINT ( 'NONE',  ( 36.78385239411600338, 4.595529728904999445, 76.02417897932900814 ) ) ;
#3185 = CARTESIAN_POINT ( 'NONE',  ( 32.70370400000000188, 1.158902940230000050E-06, 77.41759192761099939 ) ) ;
#3186 =( GEOMETRIC_REPRESENTATION_CONTEXT ( 3 ) GLOBAL_UNCERTAINTY_ASSIGNED_CONTEXT ( ( #3086 ) ) GLOBAL_UNIT_ASSIGNED_CONTEXT ( ( #2922, #4533, #2220 ) ) REPRESENTATION_CONTEXT ( 'NONE', 'WORKASPACE' ) );
#3187 = B_SPLINE_CURVE_WITH_KNOTS ( 'NONE', 6,
 ( #871, #2400, #1570, #4720, #4337, #2350, #1211, #3549, #3575, #121, #149, #3203, #4391, #2438, #1710, #1277, #848, #4423, #2872, #66, #2047, #3235, #486, #4769, #1629, #39, #902, #823, #1605, #3273, #927, #1654, #4824, #1308, #1221, #3659, #2842, #4855, #3149, #91, #1340, #2356, #4745, #4798, #3631, #875, #3600 ),
 .UNSPECIFIED., .F., .F.,
 ( 7, 5, 5, 5, 5, 5, 5, 5, 5, 7 ),
 ( 0.4993462985097406048, 0.5001167070709999773, 0.5640762425799999980, 0.6271079241900000545, 0.6901603605539999853, 0.7533802868249999118, 0.8169951700919999560, 0.8800256802579999871, 0.9430199937989999226, 1.000000000000000000 ),
 .UNSPECIFIED. ) ;
#3188 = CARTESIAN_POINT ( 'NONE',  ( 31.73343760418925186, 0.5288293893033699788, 67.90570667327023102 ) ) ;
#3189 = CARTESIAN_POINT ( 'NONE',  ( 33.29159773805700695, -3.957964778043000287, 76.68362302096900862 ) ) ;
#3190 = CARTESIAN_POINT ( 'NONE',  ( 33.30375267321499422, -2.317011031564999879, 77.62245183273300597 ) ) ;
#3191 = EDGE_LOOP ( 'NONE', ( #340, #3416 ) ) ;
#3192 = CARTESIAN_POINT ( 'NONE',  ( 36.90846474043199521, -1.039028609383999768, 78.19128408911299744 ) ) ;
#3193 = CARTESIAN_POINT ( 'NONE',  ( 34.52444621737200237, -1.947472891193999800, 67.93723023352799828 ) ) ;
#3194 = CARTESIAN_POINT ( 'NONE',  ( 33.61980906579699990, 0.7317199496120000424, 77.44621980279299578 ) ) ;
#3195 = DIRECTION ( 'NONE',  ( 0.6959760889143769003, 6.517714434286108193E-17, -0.7180649578272478850 ) ) ;
#3196 = CARTESIAN_POINT ( 'NONE',  ( 31.83090613664986535, 0.2680326079838139530, 67.88624399853051727 ) ) ;
#3197 = CARTESIAN_POINT ( 'NONE',  ( 32.12259493503700014, -3.093330761478000124, 69.60499618801898691 ) ) ;
#3198 = AXIS2_PLACEMENT_3D ( 'NONE', #3443, #2634, #2313 ) ;
#3199 = CARTESIAN_POINT ( 'NONE',  ( 30.61913863261200319, -5.006399296166999413, 73.94712644872599583 ) ) ;
#3200 = CARTESIAN_POINT ( 'NONE',  ( 31.65667921265700357, -2.036569679312000059, 68.30485167618999753 ) ) ;
#3201 = ORIENTED_EDGE ( 'NONE', *, *, #701, .F. ) ;
#3202 = CARTESIAN_POINT ( 'NONE',  ( 35.44387851650700583, -1.283799067567160446, 67.91693285906112010 ) ) ;
#3203 = CARTESIAN_POINT ( 'NONE',  ( 35.65678530951500136, 2.387052439582000307, 68.33001262847500357 ) ) ;
#3204 = CARTESIAN_POINT ( 'NONE',  ( 30.16013452725500343, 5.061010671480000056, 74.30830502040899432 ) ) ;
#3205 = ADVANCED_FACE ( 'NONE', ( #3045 ), #3402, .T. ) ;
#3206 = CARTESIAN_POINT ( 'NONE',  ( 33.64444500000000460, 1.448583589680000023E-06, 77.44698990951400219 ) ) ;
#3207 = CARTESIAN_POINT ( 'NONE',  ( 35.65246525881799755, 4.778247933458000141, 70.83813077892899912 ) ) ;
#3208 = FACE_OUTER_BOUND ( 'NONE', #1626, .T. ) ;
#3209 = CARTESIAN_POINT ( 'NONE',  ( 29.52204639477000114, -3.571306294767999656, 69.86702079551000111 ) ) ;
#3210 = CARTESIAN_POINT ( 'NONE',  ( 31.70482108494500295, -3.636427335749999656, 69.39539497901999709 ) ) ;
#3211 = B_SPLINE_CURVE_WITH_KNOTS ( 'NONE', 9,
 ( #3216, #4401, #104, #1319, #4431, #909, #4034, #529, #409, #4701, #4847, #1176, #4363, #5069, #3576, #1155, #2516, #4523, #3364, #322, #3060, #2626, #4231, #4666, #4279, #398, #1446, #3825, #314, #1925, #1848, #3404, #4247, #1466 ),
 .UNSPECIFIED., .F., .F.,
 ( 10, 8, 8, 8, 10 ),
 ( 0.000000000000000000, 1.477706226817000035, 3.142142805069999767, 4.803141259989000211, 6.284285610140000422 ),
 .UNSPECIFIED. ) ;
#3212 = CARTESIAN_POINT ( 'NONE',  ( 35.53895165614317619, -1.620781647155559169, 68.01700255512253079 ) ) ;
#3213 = ORIENTED_EDGE ( 'NONE', *, *, #122, .F. ) ;
#3214 = FACE_OUTER_BOUND ( 'NONE', #2242, .T. ) ;
#3215 = DIRECTION ( 'NONE',  ( 1.000000000000000000, 2.200000000000000003E-16, 0.000000000000000000 ) ) ;
#3216 = CARTESIAN_POINT ( 'NONE',  ( 30.82222200000000001, 5.795153180000000003E-07, 77.35879596380600276 ) ) ;
#3217 = CARTESIAN_POINT ( 'NONE',  ( 31.33376545730200036, 0.6443437848340000107, 78.07379174836600555 ) ) ;
#3218 = CARTESIAN_POINT ( 'NONE',  ( 30.21077323909799972, 4.948623524573999788, 74.14300948525000479 ) ) ;
#3219 = CARTESIAN_POINT ( 'NONE',  ( 33.24414795460700134, -0.3437271208380000553, 78.15791954456400958 ) ) ;
#3220 = ORIENTED_EDGE ( 'NONE', *, *, #4878, .T. ) ;
#3221 = CARTESIAN_POINT ( 'NONE',  ( 29.57687522899500365, 4.019077997473999631, 71.00036626292799724 ) ) ;
#3222 = CARTESIAN_POINT ( 'NONE',  ( 30.73625915546800158, -4.222373868093000304, 70.14053374276099362 ) ) ;
#3223 = CARTESIAN_POINT ( 'NONE',  ( 31.00454882622700126, 5.091983888080000575, 72.73358843993798928 ) ) ;
#3224 = CARTESIAN_POINT ( 'NONE',  ( 33.39509413748300659, 4.494830917483000121, 72.58261078011099698 ) ) ;
#3225 = CARTESIAN_POINT ( 'NONE',  ( 36.46666799999999853, 2.317270785000000039E-06, 77.53518385522301060 ) ) ;
#3226 = AXIS2_PLACEMENT_3D ( 'NONE', #2800, #3532, #4811 ) ;
#3227 = CARTESIAN_POINT ( 'NONE',  ( 37.44073999999999813, 5.499260976857000216, 76.17500058400401031 ) ) ;
#3228 = CARTESIAN_POINT ( 'NONE',  ( 32.70370400000000188, 1.158902971309999989E-06, 77.41759192761099939 ) ) ;
#3229 = CARTESIAN_POINT ( 'NONE',  ( 31.44814536588200227, -4.983705030701999661, 74.17315974427000924 ) ) ;
#3230 = EDGE_LOOP ( 'NONE', ( #330, #1903, #3431, #4260, #3334, #1052, #315, #2081 ) ) ;
#3231 = CARTESIAN_POINT ( 'NONE',  ( 29.90605974772200071, -0.7107157119560000291, 77.33016611076399727 ) ) ;
#3232 = CARTESIAN_POINT ( 'NONE',  ( 31.73832706586999208, 0.7220449168560000297, 77.38742393431300570 ) ) ;
#3233 = CARTESIAN_POINT ( 'NONE',  ( 29.83148221766499830, -1.903985093408000040, 68.05029872302100102 ) ) ;
#3234 = CARTESIAN_POINT ( 'NONE',  ( 35.43461924466479473, -1.593635041668722829, 68.01204037698818183 ) ) ;
#3235 = CARTESIAN_POINT ( 'NONE',  ( 35.77534166708200303, 5.003957219076000662, 71.41673449430000176 ) ) ;
#3236 = CARTESIAN_POINT ( 'NONE',  ( 32.81055384674900210, 4.377642844420000401, 70.27744307861499351 ) ) ;
#3237 = CARTESIAN_POINT ( 'NONE',  ( 30.04635839318499890, 5.005389754739000274, 72.14638541485298617 ) ) ;
#3238 = CARTESIAN_POINT ( 'NONE',  ( 31.33637949537000011, -1.695806719000999996, 78.00917040023500704 ) ) ;
#3239 = CIRCLE ( 'NONE', #4166, 6.349999999999994316 ) ;
#3240 = CARTESIAN_POINT ( 'NONE',  ( 29.80379757649799899, -2.808323345789000225, 68.44717020615499337 ) ) ;
#3241 = CARTESIAN_POINT ( 'NONE',  ( 32.64540000871971159, -0.4555007586758250127, 67.88020466581856738 ) ) ;
#3242 = EDGE_CURVE ( 'NONE', #371, #3471, #2073, .T. ) ;
#3243 = CARTESIAN_POINT ( 'NONE',  ( 28.94073999999999813, 0.000000000000000000, 73.00000000000000000 ) ) ;
#3244 = CARTESIAN_POINT ( 'NONE',  ( 29.11721498519100138, -3.978723218591000421, 74.64536291714100003 ) ) ;
#3245 = CARTESIAN_POINT ( 'NONE',  ( 37.34125139664678272, 2.913793338554793166E-16, 67.75000000106567200 ) ) ;
#3246 = CARTESIAN_POINT ( 'NONE',  ( 33.72524324544099272, 0.7151279944939999966, 67.85800317943299831 ) ) ;
#3247 = ORIENTED_EDGE ( 'NONE', *, *, #3095, .F. ) ;
#3248 = CARTESIAN_POINT ( 'NONE',  ( 36.44566140361091300, 1.006202884428284650, 67.80507603213136747 ) ) ;
#3249 = CARTESIAN_POINT ( 'NONE',  ( 35.94092821722399833, -1.671370458556999949, 68.65512089789099548 ) ) ;
#3250 = FACE_OUTER_BOUND ( 'NONE', #2915, .T. ) ;
#3251 = EDGE_CURVE ( 'NONE', #943, #2803, #4743, .T. ) ;
#3252 = CARTESIAN_POINT ( 'NONE',  ( 31.95691747219499845, 5.127611995249000465, 73.12921117409999283 ) ) ;
#3253 = CARTESIAN_POINT ( 'NONE',  ( 33.74958431874300402, 3.677629058073000223, 68.94996295330699354 ) ) ;
#3254 = CARTESIAN_POINT ( 'NONE',  ( 29.94157612096314836, -6.776263578034402713E-16, 67.94528521314147440 ) ) ;
#3255 = CARTESIAN_POINT ( 'NONE',  ( 36.46666799999999853, 2.317270785000000039E-06, 77.53518385522301060 ) ) ;
#3256 = CARTESIAN_POINT ( 'NONE',  ( 33.69497454879277853, -0.3304503021924868889, 67.82799220856716715 ) ) ;
#3257 = ORIENTED_EDGE ( 'NONE', *, *, #616, .F. ) ;
#3258 = CARTESIAN_POINT ( 'NONE',  ( 30.06950268382799862, 5.079698863305000422, 71.55822032774800334 ) ) ;
#3259 = CARTESIAN_POINT ( 'NONE',  ( 30.78533427922500110, -3.076563017499000185, 68.93466091534600082 ) ) ;
#3260 = CARTESIAN_POINT ( 'NONE',  ( 34.43737039455899662, 3.851272379131000179, 75.53434923411100499 ) ) ;
#3261 = CARTESIAN_POINT ( 'NONE',  ( 30.26879757649799885, -2.368918555142000226, 69.15963764408000714 ) ) ;
#3262 = LINE ( 'NONE', #3701, #1647 ) ;
#3263 = FACE_OUTER_BOUND ( 'NONE', #2705, .T. ) ;
#3264 = CARTESIAN_POINT ( 'NONE',  ( 30.62513452725500329, 4.270759613175000524, 74.10399960320400226 ) ) ;
#3265 = CARTESIAN_POINT ( 'NONE',  ( 31.86127799059299548, -2.770833450081999771, 76.59958991255599869 ) ) ;
#3266 = DIRECTION ( 'NONE',  ( 1.000000000000000000, 2.200000000000000003E-16, 0.000000000000000000 ) ) ;
#3267 = EDGE_LOOP ( 'NONE', ( #1892, #4305, #4727, #2271, #18 ) ) ;
#3268 = LINE ( 'NONE', #1026, #3373 ) ;
#3269 = CARTESIAN_POINT ( 'NONE',  ( 30.39594663267500252, -2.852749217114999958, 77.21326835247299414 ) ) ;
#3270 = CARTESIAN_POINT ( 'NONE',  ( 30.05353223405100138, -4.052327369441999672, 74.80902847939300671 ) ) ;
#3271 = EDGE_CURVE ( 'NONE', #4326, #3907, #2948, .T. ) ;
#3272 = CARTESIAN_POINT ( 'NONE',  ( 29.24402946160600081, 4.801589816132000088, 75.12752322107699854 ) ) ;
#3273 = CARTESIAN_POINT ( 'NONE',  ( 35.86468364118300656, 5.038153044921999779, 74.50591379877100451 ) ) ;
#3274 = CARTESIAN_POINT ( 'NONE',  ( 34.59105260440499308, 1.737832134492000247, 68.08655734034100249 ) ) ;
#3275 = CARTESIAN_POINT ( 'NONE',  ( 36.06774697379000827, -0.3978147929890000212, 78.24615649066200262 ) ) ;
#3276 = ORIENTED_EDGE ( 'NONE', *, *, #985, .F. ) ;
#3277 = CARTESIAN_POINT ( 'NONE',  ( 39.94071895468699296, 2.440000000000000205E-15, 73.00000000000000000 ) ) ;
#3278 = CARTESIAN_POINT ( 'NONE',  ( 36.06466324250399680, -2.582525347544000205, 77.83034222833299509 ) ) ;
#3279 = CARTESIAN_POINT ( 'NONE',  ( 32.23870399999999847, 1.156899842439999893E-06, 78.22299555313099972 ) ) ;
#3280 = CARTESIAN_POINT ( 'NONE',  ( 32.05818216921600339, 3.919935384521999744, 76.31341978002799920 ) ) ;
#3281 = CARTESIAN_POINT ( 'NONE',  ( 36.53659395556699963, 0.1297760002610000019, 67.75160422702700203 ) ) ;
#3282 = EDGE_CURVE ( 'NONE', #4990, #2887, #4414, .T. ) ;
#3283 = CARTESIAN_POINT ( 'NONE',  ( 36.57814961855499547, -3.209733804552000080, 76.48922820016500168 ) ) ;
#3284 = ORIENTED_EDGE ( 'NONE', *, *, #1182, .T. ) ;
#3285 = CARTESIAN_POINT ( 'NONE',  ( 36.39276019705899756, 2.208613168613000166, 77.11855854214499573 ) ) ;
#3286 = CIRCLE ( 'NONE', #2152, 3.650000000000000355 ) ;
#3287 = CARTESIAN_POINT ( 'NONE',  ( 31.03409161418199957, 5.052994629487999489, 73.73719241496999643 ) ) ;
#3288 = VECTOR ( 'NONE', #4524, 1000.000000000000000 ) ;
#3289 = DIRECTION ( 'NONE',  ( 1.000000000000000000, 2.200000000000000003E-16, 0.000000000000000000 ) ) ;
#3290 = CARTESIAN_POINT ( 'NONE',  ( 32.26438975499999628, 0.9919819305499999462, 78.05014772962199743 ) ) ;
#3291 = CARTESIAN_POINT ( 'NONE',  ( 30.77295013181399952, 1.434137312654000240, 77.22449259241300012 ) ) ;
#3292 = AXIS2_PLACEMENT_3D ( 'NONE', #4628, #3855, #2623 ) ;
#3293 = CARTESIAN_POINT ( 'NONE',  ( 31.25723845746599494, -0.3289134794870000045, 78.09582899101700093 ) ) ;
#3294 = EDGE_LOOP ( 'NONE', ( #4600, #1922, #3543, #858, #3075, #3751, #734, #3317, #3473, #2144, #1641, #4405 ) ) ;
#3295 = CARTESIAN_POINT ( 'NONE',  ( 31.03787113836600042, 5.221026650347000420, 72.51520293597100419 ) ) ;
#3296 = CARTESIAN_POINT ( 'NONE',  ( 34.58518600000000021, 1.738178446000000098E-06, 77.47638789141700499 ) ) ;
#3297 = CARTESIAN_POINT ( 'NONE',  ( 35.72255698001099944, -4.423232553574999670, 74.15815707567900006 ) ) ;
#3298 = CARTESIAN_POINT ( 'NONE',  ( 33.09479619749999557, 2.543703345099999957, 77.74352149110599441 ) ) ;
#3299 = CONICAL_SURFACE ( 'NONE', #4040, 6.750000000000006217, 1.178091890227999983 ) ;
#3300 = CARTESIAN_POINT ( 'NONE',  ( 30.23404232953399884, 3.915628450292000018, 76.62936494173999336 ) ) ;
#3301 = CARTESIAN_POINT ( 'NONE',  ( 34.09016452340399894, 2.791170195847000102, 77.39296087567298343 ) ) ;
#3302 = CARTESIAN_POINT ( 'NONE',  ( 31.70222321759199602, -1.914857042862999847, 68.02203160071400134 ) ) ;
#3303 = CARTESIAN_POINT ( 'NONE',  ( 33.96162939477899556, 4.519575747494000595, 75.97419122056000163 ) ) ;
#3304 = ORIENTED_EDGE ( 'NONE', *, *, #546, .T. ) ;
#3305 = CARTESIAN_POINT ( 'NONE',  ( 36.70616111604000764, 4.904180409871000457, 75.03137552044199765 ) ) ;
#3306 = CARTESIAN_POINT ( 'NONE',  ( 35.52592699999999581, 2.027754670529999932E-06, 77.50578587332000779 ) ) ;
#3307 = CARTESIAN_POINT ( 'NONE',  ( 36.19073999999999813, 1.609999999999999932E-15, 73.00000000000000000 ) ) ;
#3308 = CARTESIAN_POINT ( 'NONE',  ( 32.08874194751000175, 3.172740020731000143, 77.04496360153700607 ) ) ;
#3309 = CARTESIAN_POINT ( 'NONE',  ( 36.49453840463899468, -0.8442008246959999962, 77.53605523156799961 ) ) ;
#3310 = ORIENTED_EDGE ( 'NONE', *, *, #726, .F. ) ;
#3311 = CARTESIAN_POINT ( 'NONE',  ( 35.57508449500299719, -1.479633803673000125, 77.37071855341500282 ) ) ;
#3312 = CARTESIAN_POINT ( 'NONE',  ( 34.25295277324200072, 3.718026074371000078, 70.18818054110900562 ) ) ;
#3313 = CARTESIAN_POINT ( 'NONE',  ( 34.79499813288600052, 4.398091354627000626, 70.17570037789199944 ) ) ;
#3314 = ADVANCED_FACE ( 'NONE', ( #4753 ), #1021, .T. ) ;
#3315 =( BOUNDED_CURVE ( )  B_SPLINE_CURVE ( 2, ( #67, #876, #232 ),
 .UNSPECIFIED., .F., .F. ) 
 B_SPLINE_CURVE_WITH_KNOTS ( ( 3, 3 ),
 ( 0.000000000000000000, 1.000000000000000000 ),
 .UNSPECIFIED. ) 
 CURVE ( )  GEOMETRIC_REPRESENTATION_ITEM ( )  RATIONAL_B_SPLINE_CURVE ( ( 1.000000000000000000, 1.037954814083465793, 1.000000000000000000 ) ) 
 REPRESENTATION_ITEM ( '' )  );
#3316 = CARTESIAN_POINT ( 'NONE',  ( 37.44073999999999813, 1.889999999999999946E-15, 73.00000000000000000 ) ) ;
#3317 = ORIENTED_EDGE ( 'NONE', *, *, #4842, .F. ) ;
#3318 = CARTESIAN_POINT ( 'NONE',  ( 34.46200632879899928, 3.393753557580000191, 76.14558075760800193 ) ) ;
#3319 = CARTESIAN_POINT ( 'NONE',  ( 36.07917986372499541, 2.462379400769999727, 68.99651959013399960 ) ) ;
#3320 = CARTESIAN_POINT ( 'NONE',  ( 32.55588839500000375, 3.800636392544000319, 75.50102406040100789 ) ) ;
#3321 = EDGE_CURVE ( 'NONE', #382, #2206, #624, .T. ) ;
#3322 = CONICAL_SURFACE ( 'NONE', #5068, 5.250000000000004441, 0.03123964828145001787 ) ;
#3323 = CARTESIAN_POINT ( 'NONE',  ( 34.17491061387699602, 1.735527806000000012E-06, 78.18700570527600746 ) ) ;
#3324 = CARTESIAN_POINT ( 'NONE',  ( 31.97861213807199476, 5.250792933140000507, 72.51243958961900660 ) ) ;
#3325 = CARTESIAN_POINT ( 'NONE',  ( 32.90033398089200034, -4.336772362129000413, 74.13552039097098145 ) ) ;
#3326 = CARTESIAN_POINT ( 'NONE',  ( 34.31657305437000360, -5.186810614232000738, 72.59815159367299486 ) ) ;
#3327 = CARTESIAN_POINT ( 'NONE',  ( 40.88860299587199876, 2.650000000000000068E-15, 73.00000000000000000 ) ) ;
#3328 = CARTESIAN_POINT ( 'NONE',  ( 37.44073999999999813, 4.000000000000000311E-15, 79.35000000000000853 ) ) ;
#3329 = CARTESIAN_POINT ( 'NONE',  ( 33.15480906579700360, 0.8642433017650000826, 78.25162342872398824 ) ) ;
#3330 = EDGE_CURVE ( 'NONE', #2354, #2447, #4328, .T. ) ;
#3331 = CARTESIAN_POINT ( 'NONE',  ( 30.31759189592800396, 3.000329092218000149, 77.11445582750799588 ) ) ;
#3332 = CARTESIAN_POINT ( 'NONE',  ( 33.80483922811299635, 4.877831940109999209, 70.57319335265700033 ) ) ;
#3333 = CARTESIAN_POINT ( 'NONE',  ( 29.92939220374400122, 2.950680421921999752, 68.87270342791200051 ) ) ;
#3334 = ORIENTED_EDGE ( 'NONE', *, *, #4785, .T. ) ;
#3335 = CARTESIAN_POINT ( 'NONE',  ( 37.27078846792934286, -2.445896221101766965, 68.29587004820577079 ) ) ;
#3336 = CARTESIAN_POINT ( 'NONE',  ( 31.18187407654099630, 2.168295720610999844, 77.62113210964299981 ) ) ;
#3337 = CARTESIAN_POINT ( 'NONE',  ( 34.85416479285500202, 5.148085810445000021, 72.08618975818200170 ) ) ;
#3338 = CARTESIAN_POINT ( 'NONE',  ( 36.06397938545099890, -3.595027833068999978, 76.83720941070298238 ) ) ;
#3339 = EDGE_LOOP ( 'NONE', ( #819, #1119, #5072, #1144, #1510, #3518 ) ) ;
#3340 = CARTESIAN_POINT ( 'NONE',  ( 30.74831419772100105, 2.122678114879000155, 76.95828908257500700 ) ) ;
#3341 = CARTESIAN_POINT ( 'NONE',  ( 35.25828264805399925, 1.400000000000000069E-15, 73.00000000000000000 ) ) ;
#3342 = CARTESIAN_POINT ( 'NONE',  ( 35.64882073750600000, -3.414835264590999842, 76.17820264520099727 ) ) ;
#3343 = CARTESIAN_POINT ( 'NONE',  ( 32.80884331888900363, 3.656999488145999955, 68.97267857514999889 ) ) ;
#3344 =( BOUNDED_CURVE ( )  B_SPLINE_CURVE ( 2, ( #55, #1618, #4939 ),
 .UNSPECIFIED., .F., .T. ) 
 B_SPLINE_CURVE_WITH_KNOTS ( ( 3, 3 ),
 ( 0.000000000000000000, 1.000000000000000000 ),
 .UNSPECIFIED. ) 
 CURVE ( )  GEOMETRIC_REPRESENTATION_ITEM ( )  RATIONAL_B_SPLINE_CURVE ( ( 1.000000000000000000, 1.004815706085629978, 1.000000000000000000 ) ) 
 REPRESENTATION_ITEM ( '' )  );
#3345 = CARTESIAN_POINT ( 'NONE',  ( 34.56055006576000466, 0.7365574659599999352, 77.47561773704499899 ) ) ;
#3346 = CARTESIAN_POINT ( 'NONE',  ( 31.81284740951799250, 1.911617874039999831, 68.01775197896800762 ) ) ;
#3347 = ADVANCED_FACE ( 'NONE', ( #805 ), #2343, .F. ) ;
#3348 = CARTESIAN_POINT ( 'NONE',  ( 33.44735752637199511, 4.357294538112999938, 74.12637073829699830 ) ) ;
#3349 = DIRECTION ( 'NONE',  ( 0.000000000000000000, 0.000000000000000000, 1.000000000000000000 ) ) ;
#3350 = CARTESIAN_POINT ( 'NONE',  ( 30.30683284695899715, 1.446519750000000058E-07, 78.06612899193001454 ) ) ;
#3351 = CARTESIAN_POINT ( 'NONE',  ( 29.98771818203600148, 4.298617806116999951, 70.30156595287400023 ) ) ;
#3352 = CARTESIAN_POINT ( 'NONE',  ( 33.37199493037699938, -4.122398451509999617, 76.13612186625898914 ) ) ;
#3353 = CARTESIAN_POINT ( 'NONE',  ( 36.54495954641500077, 4.021753765128999625, 69.58438623334600948 ) ) ;
#3354 = CARTESIAN_POINT ( 'NONE',  ( 29.27180723210300073, -1.521509422555999747, 68.76132956305599464 ) ) ;
#3355 = CARTESIAN_POINT ( 'NONE',  ( 32.41075523327999974, -4.887712764664000176, 75.18190931815500733 ) ) ;
#3356 = CARTESIAN_POINT ( 'NONE',  ( 30.36493378799599796, 1.573720870147000017, 77.84378322650501048 ) ) ;
#3357 = CARTESIAN_POINT ( 'NONE',  ( 33.31617648566900414, -4.494444681519000007, 75.97320973464699989 ) ) ;
#3358 = CARTESIAN_POINT ( 'NONE',  ( 42.44073999999999813, 5.499260976857000216, 69.82499941599600390 ) ) ;
#3359 = ORIENTED_EDGE ( 'NONE', *, *, #1306, .F. ) ;
#3360 = CARTESIAN_POINT ( 'NONE',  ( 35.52592699999999581, 2.027754670999999880E-06, 77.50578587332000779 ) ) ;
#3361 = CARTESIAN_POINT ( 'NONE',  ( 34.94073999999999813, 1.330000000000000115E-15, 73.00000000000000000 ) ) ;
#3362 = CARTESIAN_POINT ( 'NONE',  ( 37.34488604443299664, 0.1297760002610000019, 67.75160422702700203 ) ) ;
#3363 = CARTESIAN_POINT ( 'NONE',  ( 39.69950599505600053, -7.332348418707999471, 73.00000000000000000 ) ) ;
#3364 = CARTESIAN_POINT ( 'NONE',  ( 31.34784740951799265, 1.614386782395999864, 68.79230473610599006 ) ) ;
#3365 = FACE_OUTER_BOUND ( 'NONE', #3182, .T. ) ;
#3366 = VERTEX_POINT ( 'NONE', #343 ) ;
#3367 = CONICAL_SURFACE ( 'NONE', #4950, 9.038370000000004012, 1.178102599964000019 ) ;
#3368 = CARTESIAN_POINT ( 'NONE',  ( 29.30472068705709177, -2.439454888092384977E-16, 68.50102846006051038 ) ) ;
#3369 = CARTESIAN_POINT ( 'NONE',  ( 34.51965534405999847, -3.875285234069000051, 69.51910466746501527 ) ) ;
#3370 = CARTESIAN_POINT ( 'NONE',  ( 29.02899286449800087, 2.788862071402000264, 68.46580778980499815 ) ) ;
#3371 = CARTESIAN_POINT ( 'NONE',  ( 32.06722565255500257, -4.097096987917999478, 70.97416188462001685 ) ) ;
#3372 = B_SPLINE_CURVE_WITH_KNOTS ( 'NONE', 6,
 ( #1713, #1345, #3603, #1280, #2817, #2027, #3579, #853, #4426, #3179, #3274, #3974, #379, #1192, #1151, #1249, #4676, #1573, #34, #4319, #1972, #3120, #2020, #10, #3517, #844, #5062, #3096, #771, #797, #4359, #1601, #3570, #3965, #3894, #428, #4722, #406, #4291, #455, #2747, #818, #3866, #1625, #4338, #3168, #4763 ),
 .UNSPECIFIED., .F., .F.,
 ( 7, 5, 5, 5, 5, 5, 5, 5, 5, 7 ),
 ( 0.4993427608885782076, 0.4999999583940000214, 0.5641285953590000624, 0.6271604622459999723, 0.6892122546439999331, 0.7521605405460000116, 0.8151036321760000147, 0.8772106782049999829, 0.9402951428019999947, 1.000000000000000000 ),
 .UNSPECIFIED. ) ;
#3373 = VECTOR ( 'NONE', #512, 1000.000000000000000 ) ;
#3374 = CARTESIAN_POINT ( 'NONE',  ( 32.84990937976899517, 4.944730433994998897, 71.50489778657799889 ) ) ;
#3375 = ORIENTED_EDGE ( 'NONE', *, *, #3856, .T. ) ;
#3376 = CARTESIAN_POINT ( 'NONE',  ( 34.30820768254100273, 4.427245144290999690, 71.74336784684200552 ) ) ;
#3377 = CONICAL_SURFACE ( 'NONE', #1828, 9.038359848542995678, 1.047194281022999940 ) ;
#3378 = CARTESIAN_POINT ( 'NONE',  ( 33.31221177342699491, 3.693550244874000299, 70.20668763230700904 ) ) ;
#3379 = SURFACE_STYLE_FILL_AREA ( #4220 ) ;
#3380 = CARTESIAN_POINT ( 'NONE',  ( 33.21855193573399845, -2.913683135788000200, 77.27969184928899438 ) ) ;
#3381 = ADVANCED_FACE ( 'NONE', ( #416 ), #360, .F. ) ;
#3382 = CARTESIAN_POINT ( 'NONE',  ( 38.99285942128800286, 2.229999999999999948E-15, 73.00000000000000000 ) ) ;
#3383 = CARTESIAN_POINT ( 'NONE',  ( 39.94071895468699296, 2.440000000000000205E-15, 73.00000000000000000 ) ) ;
#3384 = CARTESIAN_POINT ( 'NONE',  ( 32.93009413748300318, 5.310325498721999438, 72.50691289679900819 ) ) ;
#3385 = CARTESIAN_POINT ( 'NONE',  ( 39.94071895468699296, 4.354708999805000147, 67.84257723984001132 ) ) ;
#3386 = EDGE_CURVE ( 'NONE', #4068, #3705, #1519, .T. ) ;
#3387 = VERTEX_POINT ( 'NONE', #1141 ) ;
#3388 = CARTESIAN_POINT ( 'NONE',  ( 36.02392495457499422, 0.8341297937810000507, 68.47865138202600122 ) ) ;
#3389 = CARTESIAN_POINT ( 'NONE',  ( 29.32819579017218814, 1.105921341721629592, 68.58595383668678380 ) ) ;
#3390 = CARTESIAN_POINT ( 'NONE',  ( 31.78754174764799600, -0.7203671245709999393, 77.38896216970400133 ) ) ;
#3391 = CARTESIAN_POINT ( 'NONE',  ( 30.53357712939299873, -5.076105741546999894, 73.28601408160798769 ) ) ;
#3392 = CARTESIAN_POINT ( 'NONE',  ( 34.73265848522699883, -3.852525512166999899, 75.54861258128600809 ) ) ;
#3393 = CARTESIAN_POINT ( 'NONE',  ( 30.82222200000000001, 5.795151482899999596E-07, 77.35879596380600276 ) ) ;
#3394 = CARTESIAN_POINT ( 'NONE',  ( 36.02321360473499823, -2.429118220762999769, 77.66201833654099573 ) ) ;
#3395 = EDGE_LOOP ( 'NONE', ( #3886, #2635, #1104, #977 ) ) ;
#3396 = CARTESIAN_POINT ( 'NONE',  ( 30.43473386438699890, 2.366340998274000018, 69.15263889171399114 ) ) ;
#3397 = CARTESIAN_POINT ( 'NONE',  ( 32.96447783796100595, 5.033954707409999507, 71.81880391087901216 ) ) ;
#3398 = DIRECTION ( 'NONE',  ( -1.000000000000000000, -2.200000000000000003E-16, 0.000000000000000000 ) ) ;
#3399 = CARTESIAN_POINT ( 'NONE',  ( 32.97161652666600418, 5.118700622034999093, 74.32321910841301360 ) ) ;
#3400 = ADVANCED_FACE ( 'NONE', ( #4277 ), #3484, .T. ) ;
#3401 = ORIENTED_EDGE ( 'NONE', *, *, #3666, .F. ) ;
#3402 = B_SPLINE_SURFACE_WITH_KNOTS ( 'NONE', 1, 9, ( 
 ( #3893, #1330, #1600, #4790, #3265, #1702, #4442, #2352, #3622, #3143, #4762, #1273, #4739, #3197, #2808, #4412, #3940, #4386, #2837, #2464, #507, #1676, #2067, #425, #897, #1995, #2018, #113, #3653, #2431, #2402, #4016, #142, #3228 ),
 ( #1246, #3992, #4817, #453, #1300, #479, #920, #3569, #3542, #4045, #33, #1213, #538, #2094, #3964, #2746, #4358, #842, #4846, #2374, #61, #4182, #3102, #2111, #1372, #2815, #4988, #114, #3437, #1320, #633, #1138, #2324, #3623 ) ),
 .UNSPECIFIED., .F., .F., .F.,
 ( 2, 2 ),
 ( 10, 8, 8, 8, 10 ),
 ( 0.000000000000000000, 0.9300000000000000488 ),
 ( 0.000000000000000000, 1.477706224609000030, 3.142142805069999767, 4.803141257777999940, 6.284285610140000422 ),
 .UNSPECIFIED. ) ;
#3403 = CARTESIAN_POINT ( 'NONE',  ( 36.39261224577400355, -4.207232417888000064, 69.79710498972900723 ) ) ;
#3404 = CARTESIAN_POINT ( 'NONE',  ( 31.71369113173999565, 1.443812047809000187, 77.25299505594300342 ) ) ;
#3405 = CARTESIAN_POINT ( 'NONE',  ( 31.07111537036799831, -4.422808183664999504, 72.60329663959599600 ) ) ;
#3406 = CARTESIAN_POINT ( 'NONE',  ( 29.84030087368300244, -3.162276578530000215, 69.06068993592400318 ) ) ;
#3407 = CARTESIAN_POINT ( 'NONE',  ( 32.29342861387699770, 1.157135611999999909E-06, 78.12820974147099662 ) ) ;
#3408 = ORIENTED_EDGE ( 'NONE', *, *, #1877, .F. ) ;
#3409 = CARTESIAN_POINT ( 'NONE',  ( 28.94073999999999813, 3.666174209354000180, 66.65000000000000568 ) ) ;
#3410 = EDGE_CURVE ( 'NONE', #3046, #3978, #1467, .T. ) ;
#3411 = CARTESIAN_POINT ( 'NONE',  ( 36.57814961855499547, -3.209733804552000080, 76.48922820016500168 ) ) ;
#3412 = DIRECTION ( 'NONE',  ( 1.000000000000000000, 2.200000000000000003E-16, 0.000000000000000000 ) ) ;
#3413 = CARTESIAN_POINT ( 'NONE',  ( 35.47665513144599458, 1.482510988871999835, 77.36700491030198634 ) ) ;
#3414 = DIRECTION ( 'NONE',  ( 0.000000000000000000, 0.000000000000000000, 1.000000000000000000 ) ) ;
#3415 = CARTESIAN_POINT ( 'NONE',  ( 35.47665513144599458, 1.482510988871999835, 77.36700491030198634 ) ) ;
#3416 = ORIENTED_EDGE ( 'NONE', *, *, #541, .T. ) ;
#3417 = CARTESIAN_POINT ( 'NONE',  ( 34.88944865189500177, -4.179259954618999906, 70.93352839228300866 ) ) ;
#3418 = CARTESIAN_POINT ( 'NONE',  ( 32.90336052448800075, 4.149956590882000640, 69.91870069402799004 ) ) ;
#3419 = CARTESIAN_POINT ( 'NONE',  ( 33.00796665233399807, -4.124484643487000390, 70.96061738715501122 ) ) ;
#3420 = CARTESIAN_POINT ( 'NONE',  ( 35.06092699999999951, 2.024249809130000267E-06, 78.31118949883899916 ) ) ;
#3421 = CARTESIAN_POINT ( 'NONE',  ( 32.67608180718199407, -2.851111135643999983, 68.70283572399500827 ) ) ;
#3422 = CARTESIAN_POINT ( 'NONE',  ( 33.31693494242699671, -4.915197627371999722, 74.60735406227900057 ) ) ;
#3423 = EDGE_LOOP ( 'NONE', ( #2660, #2748, #1070 ) ) ;
#3424 = CARTESIAN_POINT ( 'NONE',  ( 29.54924777416299975, 3.595646927694999828, 70.28071599691699589 ) ) ;
#3425 = CARTESIAN_POINT ( 'NONE',  ( 34.47380901738399928, -2.232802153124000544, 68.29531019473999720 ) ) ;
#3426 = CARTESIAN_POINT ( 'NONE',  ( 29.75046628955600170, -5.001782009752999691, 73.23245000112100911 ) ) ;
#3427 = CARTESIAN_POINT ( 'NONE',  ( 31.72395083530999571, -3.152683992487999465, 68.95405711344498911 ) ) ;
#3428 = CARTESIAN_POINT ( 'NONE',  ( 29.51479599088700212, -3.241979146676000401, 77.21156239187499182 ) ) ;
#3429 = CARTESIAN_POINT ( 'NONE',  ( 30.94511573842400054, -3.303523716398999444, 76.07461704663100477 ) ) ;
#3430 = DIRECTION ( 'NONE',  ( 1.000000000000000000, 2.200000000000000003E-16, 0.000000000000000000 ) ) ;
#3431 = ORIENTED_EDGE ( 'NONE', *, *, #62, .T. ) ;
#3432 = FACE_OUTER_BOUND ( 'NONE', #3294, .T. ) ;
#3433 = CARTESIAN_POINT ( 'NONE',  ( 30.77720336034998283, -1.795709848179116719E-16, 67.91917201678225524 ) ) ;
#3434 = CARTESIAN_POINT ( 'NONE',  ( 30.58230203342199971, -4.908600449365000173, 71.64613480591999917 ) ) ;
#3435 = CARTESIAN_POINT ( 'NONE',  ( 34.68350099015099630, -2.826487332422999987, 76.67188051155399364 ) ) ;
#3436 = EDGE_CURVE ( 'NONE', #2125, #3615, #2935, .T. ) ;
#3437 = CARTESIAN_POINT ( 'NONE',  ( 32.11552432916600708, 3.960240185334999552, 76.67071956926000098 ) ) ;
#3438 = DIRECTION ( 'NONE',  ( 0.9995120818701392906, 2.160675267224045511E-16, -0.03123456731924095786 ) ) ;
#3439 = VERTEX_POINT ( 'NONE', #3981 ) ;
#3440 = CARTESIAN_POINT ( 'NONE',  ( 30.01424777416299960, 4.266205617958999774, 69.77369205669900509 ) ) ;
#3441 = CARTESIAN_POINT ( 'NONE',  ( 34.39135642031600071, -5.171021052740000457, 73.65024219896000091 ) ) ;
#3442 = CARTESIAN_POINT ( 'NONE',  ( 35.23297823250900507, -4.970161100379000274, 75.21871168563700394 ) ) ;
#3443 = CARTESIAN_POINT ( 'NONE',  ( 36.19073999999999813, 1.609999999999999932E-15, 73.00000000000000000 ) ) ;
#3444 = CARTESIAN_POINT ( 'NONE',  ( 30.59969637349700022, -4.832692388877999790, 74.58497641200399642 ) ) ;
#3445 = VECTOR ( 'NONE', #2847, 1000.000000000000000 ) ;
#3446 = ORIENTED_EDGE ( 'NONE', *, *, #1159, .T. ) ;
#3447 = CARTESIAN_POINT ( 'NONE',  ( 33.84107498059799468, -4.365592425968999102, 74.14306595246098652 ) ) ;
#3448 = CARTESIAN_POINT ( 'NONE',  ( 34.38491009014699529, -4.486766850594999134, 70.34845505771700402 ) ) ;
#3449 = VECTOR ( 'NONE', #2757, 999.9999999999998863 ) ;
#3450 = CARTESIAN_POINT ( 'NONE',  ( 35.14930427672400270, -4.186599050995999605, 76.14361184528499393 ) ) ;
#3451 = VECTOR ( 'NONE', #2534, 1000.000000000000114 ) ;
#3452 = CARTESIAN_POINT ( 'NONE',  ( 30.87137949537000026, -1.431375242826000038, 77.22818451834800157 ) ) ;
#3453 = CARTESIAN_POINT ( 'NONE',  ( 31.68905519761000633, 2.137000623956000211, 76.98500065916199731 ) ) ;
#3454 = CARTESIAN_POINT ( 'NONE',  ( 36.39785316412299920, -0.7001898951060000487, 67.78505706095099015 ) ) ;
#3455 = AXIS2_PLACEMENT_3D ( 'NONE', #2768, #3905, #1983 ) ;
#3456 = ORIENTED_EDGE ( 'NONE', *, *, #2823, .F. ) ;
#3457 = DIRECTION ( 'NONE',  ( 1.000000000000000000, 2.200000000000000003E-16, 0.000000000000000000 ) ) ;
#3458 = CARTESIAN_POINT ( 'NONE',  ( 35.71394868228300368, 5.254489463075000089, 71.50861746101300298 ) ) ;
#3459 = DIRECTION ( 'NONE',  ( -1.000000000000000000, -2.200000000000000003E-16, 0.000000000000000000 ) ) ;
#3460 = CARTESIAN_POINT ( 'NONE',  ( 35.02787185864900010, -0.8304246058030000377, 68.50977860569599898 ) ) ;
#3461 = CARTESIAN_POINT ( 'NONE',  ( 33.60005689383817185, 0.02176754466339091143, 67.83099503354353033 ) ) ;
#3462 = VERTEX_POINT ( 'NONE', #2031 ) ;
#3463 = CARTESIAN_POINT ( 'NONE',  ( 35.42088177803299232, -4.674790504881999986, 70.63870915402800676 ) ) ;
#3464 = CARTESIAN_POINT ( 'NONE',  ( 29.71000265321600153, -4.765257856774000267, 70.64371515870300300 ) ) ;
#3465 = ADVANCED_FACE ( 'NONE', ( #1664 ), #77, .T. ) ;
#3466 = CARTESIAN_POINT ( 'NONE',  ( 35.39287429306300226, -4.438033587615000108, 69.65816667456100220 ) ) ;
#3467 = CARTESIAN_POINT ( 'NONE',  ( 32.31275740352700154, -0.6620832849039999246, 78.10317330987200535 ) ) ;
#3468 = CARTESIAN_POINT ( 'NONE',  ( 33.27775999029899623, -3.316184322036999532, 77.30794985764700300 ) ) ;
#3469 = B_SPLINE_CURVE_WITH_KNOTS ( 'NONE', 6,
 ( #1638, #1751, #3188, #2084, #4064, #4809, #2451, #2058, #861, #1290, #4006, #2854, #2117, #2884, #2420, #163, #1665, #2483, #4096, #887, #2766, #3252, #2392, #555, #2826, #2032, #968, #494, #2510, #1722, #3280, #3672, #3308, #4377, #4780, #1235, #4870, #4461, #3642, #3982, #584, #467 ),
 .UNSPECIFIED., .F., .F.,
 ( 7, 5, 5, 5, 5, 5, 5, 5, 7 ),
 ( 0.4993341450952704097, 0.5487426033760000044, 0.6136975719689999886, 0.6777474218399999195, 0.7428203609599999258, 0.8070898229210000663, 0.8722041124530000022, 0.9372965821400000008, 1.000000000000000000 ),
 .UNSPECIFIED. ) ;
#3470 = FACE_OUTER_BOUND ( 'NONE', #3022, .T. ) ;
#3471 = VERTEX_POINT ( 'NONE', #1262 ) ;
#3472 = CARTESIAN_POINT ( 'NONE',  ( 37.44073999999999813, 5.499260976857000216, 76.17500058400401031 ) ) ;
#3473 = ORIENTED_EDGE ( 'NONE', *, *, #2934, .F. ) ;
#3474 = ADVANCED_FACE ( 'NONE', ( #1637 ), #3322, .T. ) ;
#3475 = CARTESIAN_POINT ( 'NONE',  ( 35.06042302902900332, -1.709714987351999893, 77.93866864368600034 ) ) ;
#3476 = CARTESIAN_POINT ( 'NONE',  ( 31.37547486427599708, 2.382347398637000069, 69.12661900815500360 ) ) ;
#3477 =( BOUNDED_CURVE ( )  B_SPLINE_CURVE ( 2, ( #4076, #2838, #4905 ),
 .UNSPECIFIED., .F., .F. ) 
 B_SPLINE_CURVE_WITH_KNOTS ( ( 3, 3 ),
 ( 0.000000000000000000, 1.000000000000000000 ),
 .UNSPECIFIED. ) 
 CURVE ( )  GEOMETRIC_REPRESENTATION_ITEM ( )  RATIONAL_B_SPLINE_CURVE ( ( 1.000000000000000000, 1.037954884423822000, 1.000000000000000000 ) ) 
 REPRESENTATION_ITEM ( '' )  );
#3478 = B_SPLINE_CURVE_WITH_KNOTS ( 'NONE', 6,
 ( #4175, #1351, #189, #3696, #4540, #2553, #3727 ),
 .UNSPECIFIED., .F., .F.,
 ( 7, 7 ),
 ( 0.9891041831819957775, 1.000000000000000000 ),
 .UNSPECIFIED. ) ;
#3479 = CARTESIAN_POINT ( 'NONE',  ( 39.84800092797956239, -6.973844507863999453, 72.37905301170465577 ) ) ;
#3480 = VECTOR ( 'NONE', #1742, 1000.000000000000000 ) ;
#3481 = EDGE_LOOP ( 'NONE', ( #1842, #3359, #2672 ) ) ;
#3482 = ADVANCED_FACE ( 'NONE', ( #3250 ), #714, .T. ) ;
#3483 = CARTESIAN_POINT ( 'NONE',  ( 35.81847546006100202, 4.966703107252000038, 75.20068929764300947 ) ) ;
#3484 = PLANE ( 'NONE',  #2643 ) ;
#3485 = CARTESIAN_POINT ( 'NONE',  ( 34.29223723276699332, -4.942678321850000778, 75.20644422975900056 ) ) ;
#3486 = CARTESIAN_POINT ( 'NONE',  ( 33.67085654627899771, 2.379138344548000106, 68.39627125498000737 ) ) ;
#3487 = ORIENTED_EDGE ( 'NONE', *, *, #1978, .T. ) ;
#3488 = CARTESIAN_POINT ( 'NONE',  ( 35.86774732861599801, 4.027157788128000071, 76.73275151051400655 ) ) ;
#3489 = CARTESIAN_POINT ( 'NONE',  ( 34.69032531859599544, 3.698258627587000191, 68.92724733139799298 ) ) ;
#3490 = CARTESIAN_POINT ( 'NONE',  ( 35.50361285861300331, -0.9847839024069999780, 67.67497705111699702 ) ) ;
#3491 = CARTESIAN_POINT ( 'NONE',  ( 32.45631298363300488, -4.555669358079000197, 75.38805181131799316 ) ) ;
#3492 = CARTESIAN_POINT ( 'NONE',  ( 33.56676157605700439, -2.872479115615999667, 68.34314794515699987 ) ) ;
#3493 = CARTESIAN_POINT ( 'NONE',  ( 42.44073999999999813, -5.499260580658999586, 76.17500127023798484 ) ) ;
#3494 = ORIENTED_EDGE ( 'NONE', *, *, #3048, .T. ) ;
#3495 = CARTESIAN_POINT ( 'NONE',  ( 30.67842829416400008, -4.290937736989000051, 69.76894469826599732 ) ) ;
#3496 = CARTESIAN_POINT ( 'NONE',  ( 34.06979684695900090, 1.446293424000000101E-06, 78.18372091954100256 ) ) ;
#3497 = CARTESIAN_POINT ( 'NONE',  ( 29.65288797441100144, -2.355170725225999906, 77.27690847772899474 ) ) ;
#3498 = EDGE_CURVE ( 'NONE', #2586, #332, #4012, .T. ) ;
#3499 = CARTESIAN_POINT ( 'NONE',  ( 35.79159398293200667, 4.595834277634000209, 75.53562845816799154 ) ) ;
#3500 = CARTESIAN_POINT ( 'NONE',  ( 32.38072128504200009, -4.938834805232999337, 74.45121670276699888 ) ) ;
#3501 =( BOUNDED_CURVE ( )  B_SPLINE_CURVE ( 2, ( #5064, #64, #3472 ),
 .UNSPECIFIED., .F., .T. ) 
 B_SPLINE_CURVE_WITH_KNOTS ( ( 3, 3 ),
 ( 0.000000000000000000, 1.000000000000000000 ),
 .UNSPECIFIED. ) 
 CURVE ( )  GEOMETRIC_REPRESENTATION_ITEM ( )  RATIONAL_B_SPLINE_CURVE ( ( 1.000000000000000000, 1.037954834534376092, 1.000000000000000000 ) ) 
 REPRESENTATION_ITEM ( '' )  );
#3502 = VERTEX_POINT ( 'NONE', #1066 ) ;
#3503 = CARTESIAN_POINT ( 'NONE',  ( 35.46518721729900392, -1.958344840780000151, 67.90896311113499451 ) ) ;
#3504 = CARTESIAN_POINT ( 'NONE',  ( 30.57287113836600057, 4.405532068694999914, 72.59090081598600364 ) ) ;
#3505 = B_SPLINE_CURVE_WITH_KNOTS ( 'NONE', 3,
 ( #840, #2372, #3540, #4384, #1244, #3117, #2723, #59, #3141, #3166 ),
 .UNSPECIFIED., .F., .F.,
 ( 4, 2, 2, 2, 4 ),
 ( 0.000000000000000000, 0.2500000000000000000, 0.5000000000000000000, 0.7500000000000000000, 1.000000000000000000 ),
 .UNSPECIFIED. ) ;
#3506 = CARTESIAN_POINT ( 'NONE',  ( 36.19073999999999813, 1.609999999999999932E-15, 73.00000000000000000 ) ) ;
#3507 = CARTESIAN_POINT ( 'NONE',  ( 31.26628430006400094, 2.791311403407000125, 77.28759111497899426 ) ) ;
#3508 = CARTESIAN_POINT ( 'NONE',  ( 32.89911864464900049, 5.161618971510999465, 73.18057630470499930 ) ) ;
#3509 = CARTESIAN_POINT ( 'NONE',  ( 33.82811744396800435, 5.182559740713000629, 72.77554193285099871 ) ) ;
#3510 = ORIENTED_EDGE ( 'NONE', *, *, #258, .F. ) ;
#3511 = CARTESIAN_POINT ( 'NONE',  ( 35.08318395461200367, 0.8287054785750000985, 68.50804941735501075 ) ) ;
#3512 = CARTESIAN_POINT ( 'NONE',  ( 29.70902946160600067, 4.047670472652999507, 74.79343241854100199 ) ) ;
#3513 = CARTESIAN_POINT ( 'NONE',  ( 34.15860249514999936, -1.724761855761000051, 78.09469082101399806 ) ) ;
#3514 = CARTESIAN_POINT ( 'NONE',  ( 42.44073999999999813, 5.999999999999999677E-15, 79.35000000000000853 ) ) ;
#3515 = CARTESIAN_POINT ( 'NONE',  ( 34.64548646234545970, 0.007132338837811104566, 67.79829182053900638 ) ) ;
#3516 = CARTESIAN_POINT ( 'NONE',  ( 32.57087505314899545, -4.943538227894999970, 71.56590979029999744 ) ) ;
#3517 = CARTESIAN_POINT ( 'NONE',  ( 34.75813163399899963, 5.188852761134000069, 72.40090812463400027 ) ) ;
#3518 = ORIENTED_EDGE ( 'NONE', *, *, #3330, .F. ) ;
#3519 = CARTESIAN_POINT ( 'NONE',  ( 30.34648100000000071, 2.892614564300000063E-07, 78.13480160742199132 ) ) ;
#3520 = CARTESIAN_POINT ( 'NONE',  ( 29.61447461365400002, -0.4861222095959999989, 77.81855642675699869 ) ) ;
#3521 = CARTESIAN_POINT ( 'NONE',  ( 29.88148100000000085, 2.897621519999999931E-07, 77.32939798190299996 ) ) ;
#3522 = CARTESIAN_POINT ( 'NONE',  ( 33.95199460112600320, 5.173892080592999321, 73.42441366329499886 ) ) ;
#3523 = CARTESIAN_POINT ( 'NONE',  ( 35.82122815167799956, 4.012901711861999843, 76.39556450281000366 ) ) ;
#3524 = CARTESIAN_POINT ( 'NONE',  ( 39.94071895468699296, 4.354708999805000147, 78.15742276016000289 ) ) ;
#3525 = EDGE_CURVE ( 'NONE', #3553, #3957, #2972, .T. ) ;
#3526 = AXIS2_PLACEMENT_3D ( 'NONE', #4200, #2620, #4253 ) ;
#3527 = ORIENTED_EDGE ( 'NONE', *, *, #1036, .F. ) ;
#3528 = CARTESIAN_POINT ( 'NONE',  ( 37.44073999999999103, 4.881965286841846385, 68.90170910335493204 ) ) ;
#3529 = CARTESIAN_POINT ( 'NONE',  ( 32.50661652666600787, 4.328449563117000132, 74.11891369332600732 ) ) ;
#3530 = CARTESIAN_POINT ( 'NONE',  ( 30.43473386438699890, 2.366340998274000018, 69.15263889171399114 ) ) ;
#3531 = EDGE_CURVE ( 'NONE', #2319, #1079, #3010, .T. ) ;
#3532 = DIRECTION ( 'NONE',  ( 1.000000000000000000, 2.200000000000000003E-16, 0.000000000000000000 ) ) ;
#3533 = CARTESIAN_POINT ( 'NONE',  ( 31.62846447152500318, -4.930470423914000477, 71.62913935325300940 ) ) ;
#3534 = CARTESIAN_POINT ( 'NONE',  ( 33.80836298552999608, 5.116238776368000174, 72.09371161718200938 ) ) ;
#3535 = ORIENTED_EDGE ( 'NONE', *, *, #2190, .F. ) ;
#3536 = CARTESIAN_POINT ( 'NONE',  ( 30.04187522899499996, 4.768425033906999566, 70.62761720690099310 ) ) ;
#3537 = CARTESIAN_POINT ( 'NONE',  ( 34.97627819727900089, 2.572348363162000329, 77.79694464432699874 ) ) ;
#3538 = CARTESIAN_POINT ( 'NONE',  ( 33.54590126318599630, 2.810583091265999922, 76.63864788651200399 ) ) ;
#3539 = CARTESIAN_POINT ( 'NONE',  ( 34.73573143818099851, 2.967938140487000442, 68.69979238313800352 ) ) ;
#3540 = CARTESIAN_POINT ( 'NONE',  ( 37.44073999999999103, 4.881965286841869478, 77.09829089664506796 ) ) ;
#3541 = CARTESIAN_POINT ( 'NONE',  ( 33.67744295464900262, 0.9718967186180000883, 67.73204382768399512 ) ) ;
#3542 = CARTESIAN_POINT ( 'NONE',  ( 31.49459298118500428, -5.097525059759000499, 74.33468925472200795 ) ) ;
#3543 = ORIENTED_EDGE ( 'NONE', *, *, #4104, .F. ) ;
#3544 = CARTESIAN_POINT ( 'NONE',  ( 30.62305901182899959, -5.101417047585000475, 71.56746608552099076 ) ) ;
#3545 = CARTESIAN_POINT ( 'NONE',  ( 42.44073999999999813, 5.499260976857000216, 69.82499941599600390 ) ) ;
#3546 = CARTESIAN_POINT ( 'NONE',  ( 32.80201899044600111, -2.789384744198999844, 76.62368677888699153 ) ) ;
#3547 = EDGE_CURVE ( 'NONE', #4320, #299, #45, .T. ) ;
#3548 = CARTESIAN_POINT ( 'NONE',  ( 29.63213013865999912, 4.375765785739999636, 72.59366416106900033 ) ) ;
#3549 = CARTESIAN_POINT ( 'NONE',  ( 35.60680280978100143, 0.7259577004680000112, 67.79986069808698801 ) ) ;
#3550 = CARTESIAN_POINT ( 'NONE',  ( 30.79990785879600068, -0.9576032786070000080, 67.82196669333100658 ) ) ;
#3551 = DIRECTION ( 'NONE',  ( 0.000000000000000000, 0.000000000000000000, 1.000000000000000000 ) ) ;
#3552 = CARTESIAN_POINT ( 'NONE',  ( 32.27592969189100813, -2.842651680920000423, 77.29025686004798956 ) ) ;
#3553 = VERTEX_POINT ( 'NONE', #2276 ) ;
#3554 = CARTESIAN_POINT ( 'NONE',  ( 32.06722565255500257, -4.097096987917999478, 70.97416188462001685 ) ) ;
#3555 = DIRECTION ( 'NONE',  ( 1.000000000000000000, 2.200000000000000003E-16, 0.000000000000000000 ) ) ;
#3556 = CARTESIAN_POINT ( 'NONE',  ( 36.19073999999999813, 1.609999999999999932E-15, 73.00000000000000000 ) ) ;
#3557 = DIRECTION ( 'NONE',  ( 1.000000000000000000, 2.200000000000000003E-16, 0.000000000000000000 ) ) ;
#3558 = CARTESIAN_POINT ( 'NONE',  ( 31.28603873562500226, 2.198948632660000069, 77.61023933265100538 ) ) ;
#3559 = VECTOR ( 'NONE', #1532, 1000.000000000000114 ) ;
#3560 = ADVANCED_FACE ( 'NONE', ( #3779 ), #4158, .T. ) ;
#3561 = FACE_OUTER_BOUND ( 'NONE', #2594, .T. ) ;
#3562 = ORIENTED_EDGE ( 'NONE', *, *, #346, .F. ) ;
#3563 = CARTESIAN_POINT ( 'NONE',  ( 36.87936731520600375, 1.542477253000000020E-06, 78.25000000000000000 ) ) ;
#3564 = CARTESIAN_POINT ( 'NONE',  ( 37.15577170374699989, -5.054168125067000084, 71.38662471847999313 ) ) ;
#3565 = CARTESIAN_POINT ( 'NONE',  ( 34.28149623302299887, -4.915195543267000922, 75.19417677392300448 ) ) ;
#3566 = DIRECTION ( 'NONE',  ( 0.000000000000000000, 0.000000000000000000, 1.000000000000000000 ) ) ;
#3567 = CARTESIAN_POINT ( 'NONE',  ( 32.75585133717930830, -0.2729400482100321490, 67.86313613447356374 ) ) ;
#3568 = CARTESIAN_POINT ( 'NONE',  ( 32.22517260127199989, 2.261512427130999647, 77.61340828132499325 ) ) ;
#3569 = CARTESIAN_POINT ( 'NONE',  ( 31.47001423353700034, -4.860229986025999871, 75.16964186243001222 ) ) ;
#3570 = CARTESIAN_POINT ( 'NONE',  ( 34.85641343412800097, 4.478743307799000206, 75.69275495871301018 ) ) ;
#3571 = ORIENTED_EDGE ( 'NONE', *, *, #4959, .T. ) ;
#3572 = CARTESIAN_POINT ( 'NONE',  ( 40.03343979002583808, -4.024678120199408404, 78.72905301170216319 ) ) ;
#3573 = DIRECTION ( 'NONE',  ( 1.000000000000000000, 2.200000000000000003E-16, 0.000000000000000000 ) ) ;
#3574 = CARTESIAN_POINT ( 'NONE',  ( 29.01447624327500208, -2.091004691180999853, 76.91112148644400293 ) ) ;
#3575 = CARTESIAN_POINT ( 'NONE',  ( 35.61682952840700267, 1.073267880114000095, 67.85755522761100167 ) ) ;
#3576 = CARTESIAN_POINT ( 'NONE',  ( 31.20953857638800244, -2.384957497485999944, 69.13363207877399930 ) ) ;
#3577 = CARTESIAN_POINT ( 'NONE',  ( 33.93225350868600287, 5.184240869127998863, 72.74154370444898632 ) ) ;
#3578 = CARTESIAN_POINT ( 'NONE',  ( 35.62283296879199668, 4.264205038120000069, 69.93659267793299250 ) ) ;
#3579 = CARTESIAN_POINT ( 'NONE',  ( 34.55084020879600359, 0.3705602497309999910, 67.80273238010900627 ) ) ;
#3580 = LINE ( 'NONE', #2110, #2611 ) ;
#3581 = CARTESIAN_POINT ( 'NONE',  ( 35.31336544340599914, -5.077279135588999459, 74.29835458799600190 ) ) ;
#3582 = VERTEX_POINT ( 'NONE', #569 ) ;
#3583 = CARTESIAN_POINT ( 'NONE',  ( 36.07917986372499541, 2.462379400769999727, 68.99651959013399960 ) ) ;
#3584 = CARTESIAN_POINT ( 'NONE',  ( 29.60481764633499679, 1.447320479999999907E-07, 77.80859296704299766 ) ) ;
#3585 = CARTESIAN_POINT ( 'NONE',  ( 34.17491061387699602, 1.735527806000000012E-06, 78.18700570527600746 ) ) ;
#3586 = CARTESIAN_POINT ( 'NONE',  ( 33.34263691416899889, -3.427852519067000170, 76.87272189217800644 ) ) ;
#3587 = EDGE_LOOP ( 'NONE', ( #971, #1406, #4684, #1179 ) ) ;
#3588 = CARTESIAN_POINT ( 'NONE',  ( 36.89391142808699442, -0.5193513987719999836, 78.24999999991800337 ) ) ;
#3589 = CARTESIAN_POINT ( 'NONE',  ( 34.95164226303899824, 3.338509063356000173, 77.32221542934500746 ) ) ;
#3590 = DIRECTION ( 'NONE',  ( 1.000000000000000000, 2.200000000000000003E-16, 0.000000000000000000 ) ) ;
#3591 = CARTESIAN_POINT ( 'NONE',  ( 37.40574000000000154, 0.1323815108530000118, 67.64623429280101163 ) ) ;
#3592 = EDGE_CURVE ( 'NONE', #4849, #1294, #1041, .T. ) ;
#3593 = CARTESIAN_POINT ( 'NONE',  ( 30.62885843696199828, -5.055498868383000222, 73.61975030387799279 ) ) ;
#3594 = CARTESIAN_POINT ( 'NONE',  ( 31.42935498167199881, -4.789384223699999943, 74.78510174725499837 ) ) ;
#3595 = ORIENTED_EDGE ( 'NONE', *, *, #911, .F. ) ;
#3596 = CARTESIAN_POINT ( 'NONE',  ( 30.05353223405100138, -4.052327369441999672, 74.80902847939300671 ) ) ;
#3597 = CARTESIAN_POINT ( 'NONE',  ( 31.45835722855400007, 4.073781451307000090, 70.97315433706098986 ) ) ;
#3598 = CARTESIAN_POINT ( 'NONE',  ( 30.00437473860799642, -3.281261406646000189, 76.05389992691100076 ) ) ;
#3599 = CARTESIAN_POINT ( 'NONE',  ( 29.03905499103300158, -2.715179567609999456, 76.52729931361200499 ) ) ;
#3600 = CARTESIAN_POINT ( 'NONE',  ( 36.05639261387699435, 2.313736756999999794E-06, 78.24580166908199885 ) ) ;
#3601 = FACE_OUTER_BOUND ( 'NONE', #1615, .T. ) ;
#3602 = CARTESIAN_POINT ( 'NONE',  ( 30.74453857638800258, -2.824362288255000131, 68.42116464082299387 ) ) ;
#3603 = CARTESIAN_POINT ( 'NONE',  ( 34.54037347466711338, 0.007155176775340814192, 67.80157660260813657 ) ) ;
#3604 = CARTESIAN_POINT ( 'NONE',  ( 39.84800092797965476, 6.973844507863621089, 72.37905301170398786 ) ) ;
#3605 = AXIS2_PLACEMENT_3D ( 'NONE', #4369, #4394, #879 ) ;
#3606 = EDGE_LOOP ( 'NONE', ( #1103, #2329, #2055, #2174, #4206 ) ) ;
#3607 = CARTESIAN_POINT ( 'NONE',  ( 35.96861285861300672, -0.8358607308170000749, 68.48038067733099865 ) ) ;
#3608 = PRESENTATION_LAYER_ASSIGNMENT (  '', '', ( #4128 ) ) ;
#3609 =( BOUNDED_CURVE ( )  B_SPLINE_CURVE ( 2, ( #1700, #4131, #4043 ),
 .UNSPECIFIED., .F., .F. ) 
 B_SPLINE_CURVE_WITH_KNOTS ( ( 3, 3 ),
 ( 0.000000000000000000, 1.000000000000000000 ),
 .UNSPECIFIED. ) 
 CURVE ( )  GEOMETRIC_REPRESENTATION_ITEM ( )  RATIONAL_B_SPLINE_CURVE ( ( 1.000000000000000000, 1.037954849302069826, 1.000000000000000000 ) ) 
 REPRESENTATION_ITEM ( '' )  );
#3610 = CARTESIAN_POINT ( 'NONE',  ( 28.94073999999999813, -5.049756181343589211E-16, 68.87656115635999754 ) ) ;
#3611 = CIRCLE ( 'NONE', #1416, 5.051549954227005479 ) ;
#3612 = CARTESIAN_POINT ( 'NONE',  ( 31.09899788638599816, 5.069713566326999654, 72.37058209199300052 ) ) ;
#3613 = CARTESIAN_POINT ( 'NONE',  ( 33.70454016004885034, 1.240056234780295696E-15, 67.82769328426009281 ) ) ;
#3614 = CARTESIAN_POINT ( 'NONE',  ( 36.19073999999999813, -4.103647450318000267, 76.27453471557299736 ) ) ;
#3615 = VERTEX_POINT ( 'NONE', #3363 ) ;
#3616 = CARTESIAN_POINT ( 'NONE',  ( 29.78293726377400219, 2.736217387079000307, 76.54235982674398997 ) ) ;
#3617 = CONICAL_SURFACE ( 'NONE', #3198, 5.250000000000004441, 0.03123964828145001787 ) ;
#3618 = CARTESIAN_POINT ( 'NONE',  ( 30.97497319849099995, 4.946027740006000428, 71.73717458716699014 ) ) ;
#3619 = CARTESIAN_POINT ( 'NONE',  ( 33.31221177342699491, 3.693550244877000122, 70.20668763230899856 ) ) ;
#3620 = CARTESIAN_POINT ( 'NONE',  ( 34.67599917246900532, 1.064190437741999951, 67.88578954801700149 ) ) ;
#3621 = CARTESIAN_POINT ( 'NONE',  ( 32.25470909141800036, 1.315935064015000044, 77.97302318681899180 ) ) ;
#3622 = CARTESIAN_POINT ( 'NONE',  ( 31.95959298118500413, -4.307952298274000391, 74.12797482954198358 ) ) ;
#3623 = CARTESIAN_POINT ( 'NONE',  ( 32.23870399999999847, 1.156899872629999868E-06, 78.22299555313099972 ) ) ;
#3624 = CARTESIAN_POINT ( 'NONE',  ( 31.28622864149999927, -1.305949081135000078, 77.94418608492399869 ) ) ;
#3625 = ORIENTED_EDGE ( 'NONE', *, *, #3796, .T. ) ;
#3626 = CARTESIAN_POINT ( 'NONE',  ( 30.24111293533099598, -3.051994182954999690, 69.65037183577499036 ) ) ;
#3627 = CARTESIAN_POINT ( 'NONE',  ( 37.44073999999999813, -1.100000000000000046E-14, 66.65000000000000568 ) ) ;
#3628 = EDGE_CURVE ( 'NONE', #2881, #246, #4955, .T. ) ;
#3629 = CARTESIAN_POINT ( 'NONE',  ( 33.69360249515000305, -1.460330379314999982, 77.31370493940200106 ) ) ;
#3630 = CARTESIAN_POINT ( 'NONE',  ( 35.46239436511682186, -0.6464032444322072024, 67.79673943440988637 ) ) ;
#3631 = CARTESIAN_POINT ( 'NONE',  ( 36.03857073201899652, 0.6243772419319999489, 78.22294914187899906 ) ) ;
#3632 = CARTESIAN_POINT ( 'NONE',  ( 34.08029763995299533, 3.073195581786000385, 77.19730169343901593 ) ) ;
#3633 = CARTESIAN_POINT ( 'NONE',  ( 29.43366982629099837, 4.562050088560000383, 71.97200568708601054 ) ) ;
#3634 = CARTESIAN_POINT ( 'NONE',  ( 35.86073982394299975, 2.989635859928999828, 77.32531906085900175 ) ) ;
#3635 = ADVANCED_FACE ( 'NONE', ( #2231 ), #3985, .T. ) ;
#3636 = CARTESIAN_POINT ( 'NONE',  ( 32.50495102717599138, -4.409762479578000161, 70.33261238498600676 ) ) ;
#3637 = LINE ( 'NONE', #1257, #3449 ) ;
#3638 = CARTESIAN_POINT ( 'NONE',  ( 33.84398165578200235, 4.167611912845000433, 69.89994685955599607 ) ) ;
#3639 = ORIENTED_EDGE ( 'NONE', *, *, #4251, .T. ) ;
#3640 = CARTESIAN_POINT ( 'NONE',  ( 35.77482036889900030, -4.571691720067000198, 72.58993872988699536 ) ) ;
#3641 = CARTESIAN_POINT ( 'NONE',  ( 33.31221177342699491, 3.693550244877000122, 70.20668763230899856 ) ) ;
#3642 = CARTESIAN_POINT ( 'NONE',  ( 32.15889752483499819, 1.004197423339000084, 78.04487780317899137 ) ) ;
#3643 = CARTESIAN_POINT ( 'NONE',  ( 33.50065129361300365, -4.364485661973000141, 69.71355568618000120 ) ) ;
#3644 = CARTESIAN_POINT ( 'NONE',  ( 30.25809656280799942, 4.348602733844999513, 75.62678264121400673 ) ) ;
#3645 = CARTESIAN_POINT ( 'NONE',  ( 33.60762840578799882, -3.128359634565999858, 68.86216715188299986 ) ) ;
#3646 = EDGE_LOOP ( 'NONE', ( #365, #2688, #2012, #1207 ) ) ;
#3647 = ADVANCED_FACE ( 'NONE', ( #48, #3917 ), #2659, .F. ) ;
#3648 = CARTESIAN_POINT ( 'NONE',  ( 30.29720913188700138, 1.689509294574000009, 77.97686225512799751 ) ) ;
#3649 = CARTESIAN_POINT ( 'NONE',  ( 30.93581292164499885, 4.450145795419000905, 70.50269706878800946 ) ) ;
#3650 = CARTESIAN_POINT ( 'NONE',  ( 34.90337943605899795, 5.166784962838000261, 73.79649736068999744 ) ) ;
#3651 = AXIS2_PLACEMENT_3D ( 'NONE', #3919, #2267, #3077 ) ;
#3652 = CARTESIAN_POINT ( 'NONE',  ( 39.94071895468699296, 2.440000000000000205E-15, 73.00000000000000000 ) ) ;
#3653 = CARTESIAN_POINT ( 'NONE',  ( 32.58052432916599628, 3.349141823194000445, 76.10422612945599496 ) ) ;
#3654 = CARTESIAN_POINT ( 'NONE',  ( 31.49514397236500329, -5.101942170534000454, 72.57738392767799951 ) ) ;
#3655 = ORIENTED_EDGE ( 'NONE', *, *, #4396, .T. ) ;
#3656 = CARTESIAN_POINT ( 'NONE',  ( 30.32416685883299934, -0.8032439802470000556, 68.65676824739900042 ) ) ;
#3657 = CARTESIAN_POINT ( 'NONE',  ( 33.89333836948699741, -4.512138305476000255, 72.59528189353599714 ) ) ;
#3658 = CARTESIAN_POINT ( 'NONE',  ( 35.31670580833399953, -4.657006362786000331, 70.61096481912399270 ) ) ;
#3659 = CARTESIAN_POINT ( 'NONE',  ( 35.93392454033899952, 3.833314898340999921, 76.59210869525499277 ) ) ;
#3660 = ORIENTED_EDGE ( 'NONE', *, *, #457, .T. ) ;
#3661 = CARTESIAN_POINT ( 'NONE',  ( 41.87357659274599797, 7.332348418707999471, 73.00000000000000000 ) ) ;
#3662 = CARTESIAN_POINT ( 'NONE',  ( 35.87061768652799998, 2.698976110678999785, 77.51545148129500262 ) ) ;
#3663 = CIRCLE ( 'NONE', #2986, 5.000000000000004441 ) ;
#3664 = CARTESIAN_POINT ( 'NONE',  ( 32.61688666054200070, -1.420175957030000102, 68.04585729217100720 ) ) ;
#3665 = CARTESIAN_POINT ( 'NONE',  ( 36.14658848427900040, -2.986520477181000111, 77.34390878595100105 ) ) ;
#3666 = EDGE_CURVE ( 'NONE', #2388, #3987, #3501, .T. ) ;
#3667 = B_SPLINE_CURVE_WITH_KNOTS ( 'NONE', 9,
 ( #2786, #4297, #1965, #3959, #3546, #2969, #3091, #3787, #2283, #278, #1458, #3419, #3018, #3041, #4718, #3937, #403, #1967, #1673, #1992, #790, #3619, #1568, #1620, #3224, #3164, #2699, #869, #838, #3538, #813, #476, #3194, #503 ),
 .UNSPECIFIED., .F., .F.,
 ( 10, 8, 8, 8, 10 ),
 ( 0.000000000000000000, 1.477706222401999892, 3.142142805069999767, 4.803141255567000556, 6.284285610140000422 ),
 .UNSPECIFIED. ) ;
#3668 = CARTESIAN_POINT ( 'NONE',  ( 33.79490648800799590, 2.948774228062999825, 68.72243041548600218 ) ) ;
#3669 = EDGE_LOOP ( 'NONE', ( #3097, #1536, #5006, #2169 ) ) ;
#3670 = CARTESIAN_POINT ( 'NONE',  ( 36.80720083837599788, 2.501518360233999871, 77.67769143611400295 ) ) ;
#3671 = CARTESIAN_POINT ( 'NONE',  ( 35.62424199000599856, -2.845038626503999968, 76.69597737789099767 ) ) ;
#3672 = CARTESIAN_POINT ( 'NONE',  ( 32.07855653031099763, 3.435416934809000011, 76.81431440914400355 ) ) ;
#3673 = DIRECTION ( 'NONE',  ( -1.000000000000000000, -2.200000000000000003E-16, 0.000000000000000000 ) ) ;
#3674 = CARTESIAN_POINT ( 'NONE',  ( 36.52240880927700317, -1.688781100004999924, 77.36013767093000126 ) ) ;
#3675 = ORIENTED_EDGE ( 'NONE', *, *, #2755, .T. ) ;
#3676 = CARTESIAN_POINT ( 'NONE',  ( 29.59384262280399724, 0.5516914188720000167, 77.77825252484700513 ) ) ;
#3677 = CARTESIAN_POINT ( 'NONE',  ( 36.18968968202599257, 4.485508678021999707, 71.72683355931300753 ) ) ;
#3678 = DIRECTION ( 'NONE',  ( -1.000000000000000000, -2.200000000000000003E-16, 0.000000000000000000 ) ) ;
#3679 = CARTESIAN_POINT ( 'NONE',  ( 34.91322036030399545, 5.105748109195999973, 74.13507267871901263 ) ) ;
#3680 = CARTESIAN_POINT ( 'NONE',  ( 32.10310794865799977, 4.904970196349999867, 74.51592429087999392 ) ) ;
#3681 = FACE_OUTER_BOUND ( 'NONE', #2148, .T. ) ;
#3682 = ORIENTED_EDGE ( 'NONE', *, *, #3766, .F. ) ;
#3683 = CARTESIAN_POINT ( 'NONE',  ( 34.24449333752499314, -2.330201675080999735, 77.64879364304900378 ) ) ;
#3684 = CARTESIAN_POINT ( 'NONE',  ( 29.21939352754900199, 5.032165696250999076, 74.30084797623699444 ) ) ;
#3685 = CARTESIAN_POINT ( 'NONE',  ( 32.65443213166700076, 1.453486783073000055, 77.28149751951001178 ) ) ;
#3686 = CARTESIAN_POINT ( 'NONE',  ( 28.94073999999999813, -3.666174209354000180, 79.35000000000000853 ) ) ;
#3687 = CARTESIAN_POINT ( 'NONE',  ( 31.07111537036799831, -4.422808183664999504, 72.60329663959599600 ) ) ;
#3688 = CARTESIAN_POINT ( 'NONE',  ( 32.75286149522300150, -1.450678667212000006, 77.28519813241300085 ) ) ;
#3689 = CARTESIAN_POINT ( 'NONE',  ( 29.55297561176699972, -3.316384821289000140, 69.54926676442700284 ) ) ;
#3690 = ORIENTED_EDGE ( 'NONE', *, *, #670, .F. ) ;
#3691 = EDGE_CURVE ( 'NONE', #1184, #4086, #1035, .T. ) ;
#3692 = CARTESIAN_POINT ( 'NONE',  ( 35.67339948500899993, -3.877801159512999973, 75.56533154243800254 ) ) ;
#3693 = CARTESIAN_POINT ( 'NONE',  ( 33.52126532898299160, 3.371447690379999695, 76.12490344354999650 ) ) ;
#3694 = CARTESIAN_POINT ( 'NONE',  ( 40.03343979002499964, 2.949166387663460842, 66.65000000000004832 ) ) ;
#3695 = CARTESIAN_POINT ( 'NONE',  ( 33.52833593489099684, -3.680232857420000059, 68.96073433957100463 ) ) ;
#3696 = CARTESIAN_POINT ( 'NONE',  ( 36.53470986937733755, 0.06489475965592687856, 67.75032087319505081 ) ) ;
#3697 = CARTESIAN_POINT ( 'NONE',  ( 36.60602002319500770, -3.805265483125999992, 75.82943756714999495 ) ) ;
#3698 = ORIENTED_EDGE ( 'NONE', *, *, #4565, .T. ) ;
#3699 = DIRECTION ( 'NONE',  ( 1.000000000000000000, 2.200000000000000003E-16, 0.000000000000000000 ) ) ;
#3700 = CARTESIAN_POINT ( 'NONE',  ( 34.48664226303899483, 2.829174517334000161, 76.66271990146098858 ) ) ;
#3701 = CARTESIAN_POINT ( 'NONE',  ( 28.94073999999999813, -3.612708057484692097E-16, 70.04999999999999716 ) ) ;
#3702 = CARTESIAN_POINT ( 'NONE',  ( 29.69305901182899987, -5.101417047585000475, 71.56746608552099076 ) ) ;
#3703 = CIRCLE ( 'NONE', #2465, 6.750000000000006217 ) ;
#3704 = CARTESIAN_POINT ( 'NONE',  ( 31.29589116020000006, -1.620240905938000076, 77.84384083916400243 ) ) ;
#3705 = VERTEX_POINT ( 'NONE', #358 ) ;
#3706 = CARTESIAN_POINT ( 'NONE',  ( 29.68439352754900185, 4.241914638253000192, 74.09654255797300948 ) ) ;
#3707 = CARTESIAN_POINT ( 'NONE',  ( 34.56055006576000466, 0.7365574659599999352, 77.47561773704499899 ) ) ;
#3708 = CARTESIAN_POINT ( 'NONE',  ( 28.89074121773900217, -1.893113143899000095, 68.07856584535799982 ) ) ;
#3709 = CARTESIAN_POINT ( 'NONE',  ( 32.58759493503600169, -3.659564567888000219, 68.98342216334698662 ) ) ;
#3710 = CONICAL_SURFACE ( 'NONE', #3954, 5.250000000000004441, 0.03123964828145001787 ) ;
#3711 =( BOUNDED_CURVE ( )  B_SPLINE_CURVE ( 2, ( #1237, #4379, #863 ),
 .UNSPECIFIED., .F., .F. ) 
 B_SPLINE_CURVE_WITH_KNOTS ( ( 3, 3 ),
 ( 0.000000000000000000, 1.000000000000000000 ),
 .UNSPECIFIED. ) 
 CURVE ( )  GEOMETRIC_REPRESENTATION_ITEM ( )  RATIONAL_B_SPLINE_CURVE ( ( 1.000000000000000000, 1.037954884520715826, 1.000000000000000000 ) ) 
 REPRESENTATION_ITEM ( '' )  );
#3712 = DIRECTION ( 'NONE',  ( 1.000000000000000000, 2.200000000000000003E-16, 0.000000000000000000 ) ) ;
#3713 = CARTESIAN_POINT ( 'NONE',  ( 31.92335722855399993, 4.823128486944000315, 70.60040527982198455 ) ) ;
#3714 = ADVANCED_FACE ( 'NONE', ( #1217 ), #2003, .T. ) ;
#3715 = CARTESIAN_POINT ( 'NONE',  ( 33.39509413748300659, 4.494830917483000121, 72.58261078011099698 ) ) ;
#3716 = CARTESIAN_POINT ( 'NONE',  ( 36.74230590377899830, -4.440485735496999986, 71.77744836297900122 ) ) ;
#3717 = SURFACE_SIDE_STYLE ('',( #3379 ) ) ;
#3718 = DIRECTION ( 'NONE',  ( 0.000000000000000000, 0.000000000000000000, 1.000000000000000000 ) ) ;
#3719 = CARTESIAN_POINT ( 'NONE',  ( 34.16917069556300390, -3.206771275723000247, 77.09974058476400671 ) ) ;
#3720 = CARTESIAN_POINT ( 'NONE',  ( 36.58930424565300399, 4.887437999325999982, 70.92137518052000189 ) ) ;
#3721 = CARTESIAN_POINT ( 'NONE',  ( 29.19378036381100117, -4.056114374822999302, 71.24302721754800416 ) ) ;
#3722 = CARTESIAN_POINT ( 'NONE',  ( 32.33701899044599770, -3.297633028179999926, 77.28385299121400465 ) ) ;
#3723 = LINE ( 'NONE', #213, #2375 ) ;
#3724 = B_SPLINE_CURVE_WITH_KNOTS ( 'NONE', 6,
 ( #4098, #4899, #1322, #2455, #1379, #585, #2886, #2909, #2143, #2424, #2801, #531, #1292, #2085, #497, #106, #889, #2858, #1667, #2060, #134, #3218, #2828, #4435, #912, #3644, #4067, #2927, #4898, #3331, #1421, #2593, #3356, #1802, #2981, #2530, #1017 ),
 .UNSPECIFIED., .F., .F.,
 ( 7, 5, 5, 5, 5, 5, 5, 7 ),
 ( 0.1769254676417838790, 0.2514742728930000060, 0.3763022578309999644, 0.5013484388610001119, 0.6269980598230000535, 0.7512499017099999454, 0.8764495001879998304, 1.000000000000000000 ),
 .UNSPECIFIED. ) ;
#3725 = CARTESIAN_POINT ( 'NONE',  ( 33.44528201105800491, -5.188889927516000533, 71.54289861296800268 ) ) ;
#3726 = PRODUCT ( 'Cut.step', 'Cut.step', '', ( #673 ) ) ;
#3727 = CARTESIAN_POINT ( 'NONE',  ( 36.53659395556699963, 0.1297760002610000019, 67.75160422702700203 ) ) ;
#3728 = VERTEX_POINT ( 'NONE', #4934 ) ;
#3729 = CARTESIAN_POINT ( 'NONE',  ( 35.85787429306400043, -3.766385244460999981, 70.16399624510199828 ) ) ;
#3730 = FACE_OUTER_BOUND ( 'NONE', #4092, .T. ) ;
#3731 = CARTESIAN_POINT ( 'NONE',  ( 34.86400860780700128, 5.195088852727999473, 72.42700667426198891 ) ) ;
#3732 = EDGE_CURVE ( 'NONE', #4662, #3023, #218, .T. ) ;
#3733 = CARTESIAN_POINT ( 'NONE',  ( 35.08318395461200367, 0.8287054785750000985, 68.50804941735501075 ) ) ;
#3734 = ORIENTED_EDGE ( 'NONE', *, *, #3531, .T. ) ;
#3735 = CARTESIAN_POINT ( 'NONE',  ( 29.90605974772200071, -0.7107157119560000291, 77.33016611076399727 ) ) ;
#3736 = CARTESIAN_POINT ( 'NONE',  ( 38.00789484072100066, 3.666174209354000180, 66.65000000000000568 ) ) ;
#3737 = CARTESIAN_POINT ( 'NONE',  ( 28.52489749551699916, -1.676503294305000002, 77.95215678630499667 ) ) ;
#3738 = CARTESIAN_POINT ( 'NONE',  ( 32.61527957627799168, -2.840401230608999850, 68.39515907559500363 ) ) ;
#3739 = AXIS2_PLACEMENT_3D ( 'NONE', #2950, #4865, #3718 ) ;
#3740 = CARTESIAN_POINT ( 'NONE',  ( 34.19769786394600430, 2.430366600020000156, 69.04855935730499539 ) ) ;
#3741 = CARTESIAN_POINT ( 'NONE',  ( 32.08014739522099745, 4.468939760086000135, 75.94086604785499617 ) ) ;
#3742 = CARTESIAN_POINT ( 'NONE',  ( 33.03565129361200547, -3.692837319975000199, 70.21938525776999995 ) ) ;
#3743 = CARTESIAN_POINT ( 'NONE',  ( 33.25412601079100483, -0.6875010969910000380, 78.13074223483600633 ) ) ;
#3744 = CARTESIAN_POINT ( 'NONE',  ( 33.70488281899580585, 0.01183739396921139678, 67.82769341267565721 ) ) ;
#3745 = CARTESIAN_POINT ( 'NONE',  ( 36.43156938325549277, 0.5029965685111552620, 67.75000000580337201 ) ) ;
#3746 = CARTESIAN_POINT ( 'NONE',  ( 36.31885239411599997, 3.901908365866999961, 75.56767440769699817 ) ) ;
#3747 = CARTESIAN_POINT ( 'NONE',  ( 42.44073999999999813, 5.999999999999999677E-15, 79.35000000000000853 ) ) ;
#3748 = CARTESIAN_POINT ( 'NONE',  ( 36.52240880927700317, -1.688781100004999924, 77.36013767093000126 ) ) ;
#3749 = CARTESIAN_POINT ( 'NONE',  ( 33.34075523327999946, -4.887712764664000176, 75.18190931815500733 ) ) ;
#3750 = CARTESIAN_POINT ( 'NONE',  ( 30.69904232953399870, 3.304530088965000445, 76.06287150130900443 ) ) ;
#3751 = ORIENTED_EDGE ( 'NONE', *, *, #4938, .F. ) ;
#3752 = CARTESIAN_POINT ( 'NONE',  ( 35.59966324250299863, -2.191031939463000011, 77.09819170864099647 ) ) ;
#3753 = DIRECTION ( 'NONE',  ( 0.000000000000000000, 0.000000000000000000, 1.000000000000000000 ) ) ;
#3754 = CARTESIAN_POINT ( 'NONE',  ( 30.71039915991099889, -2.195948731963000444, 68.40830637230699551 ) ) ;
#3755 = CARTESIAN_POINT ( 'NONE',  ( 38.99285942128800286, 2.229999999999999948E-15, 73.00000000000000000 ) ) ;
#3756 = DIRECTION ( 'NONE',  ( 0.000000000000000000, 0.000000000000000000, 1.000000000000000000 ) ) ;
#3757 = VERTEX_POINT ( 'NONE', #1887 ) ;
#3758 = CARTESIAN_POINT ( 'NONE',  ( 35.19527035764299683, -2.655156442158999930, 77.51413740430200505 ) ) ;
#3759 = CARTESIAN_POINT ( 'NONE',  ( 34.64528116809285052, -1.329841727189251532E-16, 67.79829530209849509 ) ) ;
#3760 = EDGE_CURVE ( 'NONE', #937, #499, #4046, .T. ) ;
#3761 = CARTESIAN_POINT ( 'NONE',  ( 29.26866539566199776, 4.418303772612000024, 75.90754087501400704 ) ) ;
#3762 = CARTESIAN_POINT ( 'NONE',  ( 33.07016026333399594, 3.301326210656999827, 77.27407139968299532 ) ) ;
#3763 = CARTESIAN_POINT ( 'NONE',  ( 31.40100502850800268, -1.621286102562000231, 77.84696212694599637 ) ) ;
#3764 = CARTESIAN_POINT ( 'NONE',  ( 33.27763825312199941, -4.336496768619999997, 75.83138671007699827 ) ) ;
#3765 = ORIENTED_EDGE ( 'NONE', *, *, #641, .F. ) ;
#3766 = EDGE_CURVE ( 'NONE', #1854, #1128, #1683, .T. ) ;
#3767 = CARTESIAN_POINT ( 'NONE',  ( 36.26257556702690010, -5.166118959224614393, 74.05761689294448047 ) ) ;
#3768 = CARTESIAN_POINT ( 'NONE',  ( 33.17894077427399679, -1.690429739315000068, 77.88298734323200279 ) ) ;
#3769 = CARTESIAN_POINT ( 'NONE',  ( 31.51361213807199491, 4.435298351625999835, 72.58813747073300249 ) ) ;
#3770 = CARTESIAN_POINT ( 'NONE',  ( 37.44073999999999813, 1.889999999999999946E-15, 73.00000000000000000 ) ) ;
#3771 = CARTESIAN_POINT ( 'NONE',  ( 29.11721498519100138, -3.978723218591000421, 74.64536291714100003 ) ) ;
#3772 = CARTESIAN_POINT ( 'NONE',  ( 32.98235752637199880, 5.147545597338000434, 74.33067615232600645 ) ) ;
#3773 = CARTESIAN_POINT ( 'NONE',  ( 36.66176083247299999, -4.516780589148000402, 74.22644469350800023 ) ) ;
#3774 = ORIENTED_EDGE ( 'NONE', *, *, #1651, .T. ) ;
#3775 = CARTESIAN_POINT ( 'NONE',  ( 35.91324357583899740, -2.465152209139000128, 69.00360425278599052 ) ) ;
#3776 = CARTESIAN_POINT ( 'NONE',  ( 29.33599065643413795, 1.464377516488695852, 68.68634827813602328 ) ) ;
#3777 = EDGE_CURVE ( 'NONE', #2537, #4225, #4271, .T. ) ;
#3778 = CARTESIAN_POINT ( 'NONE',  ( 36.46666799999999853, 2.317270811580000226E-06, 77.53518385522301060 ) ) ;
#3779 = FACE_OUTER_BOUND ( 'NONE', #2602, .T. ) ;
#3780 = CARTESIAN_POINT ( 'NONE',  ( 35.22132122767200002, 4.183188358868000556, 70.91873048499699905 ) ) ;
#3781 = DIRECTION ( 'NONE',  ( -1.000000000000000000, -2.200000000000000003E-16, 0.000000000000000000 ) ) ;
#3782 = ORIENTED_EDGE ( 'NONE', *, *, #911, .T. ) ;
#3783 = CARTESIAN_POINT ( 'NONE',  ( 30.54524368357000341, 4.310718076550000610, 71.77643642123800305 ) ) ;
#3784 = CONICAL_SURFACE ( 'NONE', #4124, 5.250000000000004441, 0.03123964828145001787 ) ;
#3785 = LINE ( 'NONE', #1838, #194 ) ;
#3786 = CARTESIAN_POINT ( 'NONE',  ( 34.54928973122000002, -3.120529607841000086, 68.81935184349400458 ) ) ;
#3787 = CARTESIAN_POINT ( 'NONE',  ( 32.87575523327999605, -4.134775706694999720, 74.84583084402099473 ) ) ;
#3788 = CARTESIAN_POINT ( 'NONE',  ( 39.94071895468699296, -6.643813628256999948, 71.80742276016100334 ) ) ;
#3789 = CARTESIAN_POINT ( 'NONE',  ( 32.31621586416599712, 2.398353798846999840, 69.10059912452099695 ) ) ;
#3790 = EDGE_LOOP ( 'NONE', ( #906, #1025, #2619 ) ) ;
#3791 = CARTESIAN_POINT ( 'NONE',  ( 33.97639229342900080, -3.717353294899000460, 70.20092225357601023 ) ) ;
#3792 = FACE_OUTER_BOUND ( 'NONE', #1347, .T. ) ;
#3793 = CARTESIAN_POINT ( 'NONE',  ( 39.94071895468699296, 2.440000000000000205E-15, 73.00000000000000000 ) ) ;
#3794 = CARTESIAN_POINT ( 'NONE',  ( 33.52126532898299160, 3.371447690379999695, 76.12490344354900174 ) ) ;
#3795 = APPLICATION_PROTOCOL_DEFINITION ( 'draft international standard', 'automotive_design', 1998, #2737 ) ;
#3796 = EDGE_CURVE ( 'NONE', #2280, #891, #4584, .T. ) ;
#3797 = CARTESIAN_POINT ( 'NONE',  ( 30.40637949537000040, -1.695806719000999996, 78.00917040023500704 ) ) ;
#3798 = FACE_OUTER_BOUND ( 'NONE', #4274, .T. ) ;
#3799 = CARTESIAN_POINT ( 'NONE',  ( 37.44074024810633006, -4.648522198325963473, 77.64852337238657753 ) ) ;
#3800 = VERTEX_POINT ( 'NONE', #2155 ) ;
#3801 = CARTESIAN_POINT ( 'NONE',  ( 42.44073999999999813, 2.999999999999999839E-15, 73.00000000000000000 ) ) ;
#3802 = B_SPLINE_CURVE_WITH_KNOTS ( 'NONE', 6,
 ( #1469, #1444, #1800, #3005, #4120, #4973, #1773, #3354, #1397, #703, #2550, #630, #2617, #3822, #3721, #2925, #2592, #1111, #4947, #263, #1850, #3771 ),
 .UNSPECIFIED., .F., .F.,
 ( 7, 5, 5, 5, 7 ),
 ( 0.6273580884610706621, 0.6540852249799999907, 0.7734459646500000396, 0.8877681847660000569, 1.000000000000000000 ),
 .UNSPECIFIED. ) ;
#3803 = CARTESIAN_POINT ( 'NONE',  ( 37.20705519900513991, 1.941165566945144860, 68.03519794236405005 ) ) ;
#3804 = CARTESIAN_POINT ( 'NONE',  ( 30.50405692545099967, -4.927035862802999766, 74.27711007978798818 ) ) ;
#3805 = CARTESIAN_POINT ( 'NONE',  ( 34.94481793459699759, -3.155335629167000278, 69.53693271605500570 ) ) ;
#3806 = CARTESIAN_POINT ( 'NONE',  ( 35.97186273053900152, -0.7207845464140000269, 78.21343458559600492 ) ) ;
#3807 = EDGE_LOOP ( 'NONE', ( #2733, #1679, #3966 ) ) ;
#3808 = CARTESIAN_POINT ( 'NONE',  ( 30.40710640959200362, 1.603537851269000170, 68.82057673999700853 ) ) ;
#3809 = CARTESIAN_POINT ( 'NONE',  ( 31.18185393518400161, -3.072662472249000132, 69.62768401200099788 ) ) ;
#3810 = CARTESIAN_POINT ( 'NONE',  ( 33.06720095781800239, 4.638092207671999923, 75.27201569816099891 ) ) ;
#3811 = CARTESIAN_POINT ( 'NONE',  ( 35.18382073750599659, -4.024751705639999955, 76.74577438108799754 ) ) ;
#3812 = FACE_OUTER_BOUND ( 'NONE', #1334, .T. ) ;
#3813 = CARTESIAN_POINT ( 'NONE',  ( 30.88231713520563915, 1.397604362969595559E-17, 67.91588723072237599 ) ) ;
#3814 = CARTESIAN_POINT ( 'NONE',  ( 36.94073999999999813, 0.1124721653729999910, 68.45139180407599611 ) ) ;
#3815 = ORIENTED_EDGE ( 'NONE', *, *, #4842, .T. ) ;
#3816 = CARTESIAN_POINT ( 'NONE',  ( 34.11968226205300425, -1.700084228526000052, 77.91082407295999701 ) ) ;
#3817 = CARTESIAN_POINT ( 'NONE',  ( 41.87357659274599797, 3.666174209354000180, 66.65000000000000568 ) ) ;
#3818 = CARTESIAN_POINT ( 'NONE',  ( 35.02051608664199733, -0.3474228561239999791, 78.21343071947600833 ) ) ;
#3819 = CARTESIAN_POINT ( 'NONE',  ( 37.44073999999999813, 5.499260976857000216, 76.17500058400401031 ) ) ;
#3820 = DIRECTION ( 'NONE',  ( -1.000000000000000000, -2.200000000000000003E-16, 0.000000000000000000 ) ) ;
#3821 = CARTESIAN_POINT ( 'NONE',  ( 33.07394750054699983, 1.860400987233000070, 77.82308585671299284 ) ) ;
#3822 = CARTESIAN_POINT ( 'NONE',  ( 29.20339357196399988, -3.871116587172999779, 70.83648577794099310 ) ) ;
#3823 = CARTESIAN_POINT ( 'NONE',  ( 31.82305814037356129, -5.421010862427522170E-16, 67.88648924804846274 ) ) ;
#3824 = ADVANCED_FACE ( 'NONE', ( #572 ), #1278, .F. ) ;
#3825 = CARTESIAN_POINT ( 'NONE',  ( 31.61514739522099759, 3.775318399323999596, 75.48436147345401537 ) ) ;
#3826 = ORIENTED_EDGE ( 'NONE', *, *, #19, .F. ) ;
#3827 = CARTESIAN_POINT ( 'NONE',  ( 43.94073999999999813, 3.330000000000000073E-15, 78.00000000000000000 ) ) ;
#3828 = CARTESIAN_POINT ( 'NONE',  ( 36.05740880927700687, -1.988625979538999777, 78.13414544987298882 ) ) ;
#3829 = DIRECTION ( 'NONE',  ( 1.000000000000000000, 2.200000000000000003E-16, 0.000000000000000000 ) ) ;
#3830 = CARTESIAN_POINT ( 'NONE',  ( 34.21850099015099289, -3.334735615830000111, 77.33204672410799674 ) ) ;
#3831 = CARTESIAN_POINT ( 'NONE',  ( 28.94073999999999813, -7.332348418707999471, 73.00000000000000000 ) ) ;
#3832 = ORIENTED_EDGE ( 'NONE', *, *, #5004, .F. ) ;
#3833 = CARTESIAN_POINT ( 'NONE',  ( 30.67440639544099668, 3.750000406013000109, 75.46769888652399061 ) ) ;
#3834 = CARTESIAN_POINT ( 'NONE',  ( 29.98662031932999739, 3.595110778399999596, 69.04082544083701123 ) ) ;
#3835 = CARTESIAN_POINT ( 'NONE',  ( 38.00789484072100066, -3.666174209354000180, 79.35000000000000853 ) ) ;
#3836 = CARTESIAN_POINT ( 'NONE',  ( 34.49990092011199749, -4.306851845309999760, 70.05479900093800438 ) ) ;
#3837 = CARTESIAN_POINT ( 'NONE',  ( 36.21731713660099672, 4.584129766200999434, 72.57432074361200591 ) ) ;
#3838 = SURFACE_STYLE_FILL_AREA ( #766 ) ;
#3839 = CARTESIAN_POINT ( 'NONE',  ( 34.12018599999999680, 1.735174232559999996E-06, 78.28179151693599636 ) ) ;
#3840 = ORIENTED_EDGE ( 'NONE', *, *, #1577, .T. ) ;
#3841 = CARTESIAN_POINT ( 'NONE',  ( 34.05944621737199896, -1.649626559469999698, 68.71165514251900674 ) ) ;
#3842 = CARTESIAN_POINT ( 'NONE',  ( 34.33600643145699394, -5.100297334734999133, 71.92781029164699191 ) ) ;
#3843 = CARTESIAN_POINT ( 'NONE',  ( 36.19073999999999813, 1.609999999999999932E-15, 73.00000000000000000 ) ) ;
#3844 = CARTESIAN_POINT ( 'NONE',  ( 31.73351450094899562, -2.886676793963999899, 68.76235516460999975 ) ) ;
#3845 = CARTESIAN_POINT ( 'NONE',  ( 30.60611537036799845, -5.238586833767000073, 72.53009619569398581 ) ) ;
#3846 =( BOUNDED_CURVE ( )  B_SPLINE_CURVE ( 2, ( #3514, #2721, #282 ),
 .UNSPECIFIED., .F., .F. ) 
 B_SPLINE_CURVE_WITH_KNOTS ( ( 3, 3 ),
 ( 0.000000000000000000, 1.000000000000000000 ),
 .UNSPECIFIED. ) 
 CURVE ( )  GEOMETRIC_REPRESENTATION_ITEM ( )  RATIONAL_B_SPLINE_CURVE ( ( 1.000000000000000000, 1.037954849302039850, 1.000000000000000000 ) ) 
 REPRESENTATION_ITEM ( '' )  );
#3847 = CARTESIAN_POINT ( 'NONE',  ( 32.33313383034299449, -4.238537607970999765, 75.92194961049399637 ) ) ;
#3848 = B_SPLINE_CURVE_WITH_KNOTS ( 'NONE', 9,
 ( #3360, #4928, #3311, #3752, #4070, #4901, #217, #241, #4177, #1830, #614, #1402, #3729, #1805, #3775, #269, #1779, #3388, #4977, #2930, #1020, #1449, #2984, #3677, #4588, #557, #4873, #2119, #167, #1726, #3285, #1354, #2888, #4497 ),
 .UNSPECIFIED., .F., .F.,
 ( 10, 8, 8, 8, 10 ),
 ( 0.000000000000000000, 1.477706215780999921, 3.142142805069999767, 4.803141248936000807, 6.284285610140000422 ),
 .UNSPECIFIED. ) ;
#3849 = EDGE_CURVE ( 'NONE', #166, #3439, #2819, .T. ) ;
#3850 = ORIENTED_EDGE ( 'NONE', *, *, #383, .F. ) ;
#3851 = DIRECTION ( 'NONE',  ( 0.000000000000000000, 0.000000000000000000, 1.000000000000000000 ) ) ;
#3852 = CARTESIAN_POINT ( 'NONE',  ( 31.21966462827199962, 0.9475035283369999117, 78.02384048859399002 ) ) ;
#3853 = CARTESIAN_POINT ( 'NONE',  ( 30.75822961127909494, -0.6438257347881098935, 67.94424084505585881 ) ) ;
#3854 = CARTESIAN_POINT ( 'NONE',  ( 34.75632122767199661, 4.932535392916999939, 70.54598142532999816 ) ) ;
#3855 = DIRECTION ( 'NONE',  ( 0.000000000000000000, -2.539999999999999858E-15, 1.000000000000000000 ) ) ;
#3856 = EDGE_CURVE ( 'NONE', #2839, #565, #4450, .T. ) ;
#3857 = CARTESIAN_POINT ( 'NONE',  ( 33.84790528711300084, 5.167726838370000131, 73.45951845507300959 ) ) ;
#3858 = ORIENTED_EDGE ( 'NONE', *, *, #2708, .F. ) ;
#3859 = CARTESIAN_POINT ( 'NONE',  ( 35.46039323588800585, -3.897276071716999635, 69.49949824609399229 ) ) ;
#3860 = CARTESIAN_POINT ( 'NONE',  ( 29.52863373879200282, -3.868915540718000035, 76.60075454100400805 ) ) ;
#3861 = CARTESIAN_POINT ( 'NONE',  ( 32.78771889075373025, 0.8203267060993089110, 67.90885572488006972 ) ) ;
#3862 = CARTESIAN_POINT ( 'NONE',  ( 35.64180731830000326, 3.739517767334000098, 68.88181608758598884 ) ) ;
#3863 = CARTESIAN_POINT ( 'NONE',  ( 32.71277529898900127, -1.723402708434999875, 68.14109150795599135 ) ) ;
#3864 = CARTESIAN_POINT ( 'NONE',  ( 33.51139229342899739, -4.389001637280000701, 69.69509268233699117 ) ) ;
#3865 = AXIS2_PLACEMENT_3D ( 'NONE', #3316, #1762, #4504 ) ;
#3866 = CARTESIAN_POINT ( 'NONE',  ( 34.97318827137799957, 1.291085856412000021, 78.06628318493200425 ) ) ;
#3867 = ORIENTED_EDGE ( 'NONE', *, *, #1761, .T. ) ;
#3868 = CARTESIAN_POINT ( 'NONE',  ( 30.39563849544300211, -1.686155006646999910, 77.98066359324599262 ) ) ;
#3869 = EDGE_LOOP ( 'NONE', ( #1260, #5029, #2346 ) ) ;
#3870 = VECTOR ( 'NONE', #1023, 1000.000000000000000 ) ;
#3871 = CARTESIAN_POINT ( 'NONE',  ( 29.68193186718199783, -3.558553779922999816, 76.41036238968500527 ) ) ;
#3872 = AXIS2_PLACEMENT_3D ( 'NONE', #2615, #1441, #4221 ) ;
#3873 = CARTESIAN_POINT ( 'NONE',  ( 34.04081355985800172, 4.059605763979000415, 76.25097913098700531 ) ) ;
#3874 = ADVANCED_FACE ( 'NONE', ( #1391 ), #640, .T. ) ;
#3875 = CONICAL_SURFACE ( 'NONE', #15, 5.250000000000004441, 0.03123964828145001787 ) ;
#3876 = CARTESIAN_POINT ( 'NONE',  ( 30.99427323379399724, -4.079810148550000015, 74.82129593425401026 ) ) ;
#3877 = CARTESIAN_POINT ( 'NONE',  ( 36.26547165749695267, -4.522958368507291382, 70.30729544869599579 ) ) ;
#3878 =( BOUNDED_CURVE ( )  B_SPLINE_CURVE ( 2, ( #4083, #2178, #204 ),
 .UNSPECIFIED., .F., .F. ) 
 B_SPLINE_CURVE_WITH_KNOTS ( ( 3, 3 ),
 ( 0.000000000000000000, 1.000000000000000000 ),
 .UNSPECIFIED. ) 
 CURVE ( )  GEOMETRIC_REPRESENTATION_ITEM ( )  RATIONAL_B_SPLINE_CURVE ( ( 1.000000000000000000, 1.004815706086511939, 1.000000000000000000 ) ) 
 REPRESENTATION_ITEM ( '' )  );
#3879 = ORIENTED_EDGE ( 'NONE', *, *, #3105, .F. ) ;
#3880 = CARTESIAN_POINT ( 'NONE',  ( 32.55588839500000375, 3.800636392544000319, 75.50102406040100789 ) ) ;
#3881 = DIRECTION ( 'NONE',  ( 0.000000000000000000, 0.5000000000001899592, -0.8660254037843289066 ) ) ;
#3882 = CARTESIAN_POINT ( 'NONE',  ( 37.09889042783400015, -5.000994314686000308, 75.42728672363399767 ) ) ;
#3883 = CARTESIAN_POINT ( 'NONE',  ( 35.45201919716900818, 2.194290659690000034, 77.09184696552999583 ) ) ;
#3884 = CARTESIAN_POINT ( 'NONE',  ( 30.79758606590699799, 0.7172074002070000232, 77.35802600009199637 ) ) ;
#3885 = CARTESIAN_POINT ( 'NONE',  ( 34.06979684695900090, 1.446293424000000101E-06, 78.18372091954100256 ) ) ;
#3886 = ORIENTED_EDGE ( 'NONE', *, *, #317, .T. ) ;
#3887 = CARTESIAN_POINT ( 'NONE',  ( 35.00018721729900051, -1.660498509143000012, 68.68338802022900325 ) ) ;
#3888 = CARTESIAN_POINT ( 'NONE',  ( 33.64444500000000460, 1.448583589680000023E-06, 77.44698990951400219 ) ) ;
#3889 = CARTESIAN_POINT ( 'NONE',  ( 35.11008449500299378, -1.744065280300999721, 78.15170443484500140 ) ) ;
#3890 =( LENGTH_UNIT ( ) NAMED_UNIT ( * ) SI_UNIT ( .MILLI., .METRE. ) );
#3891 = CARTESIAN_POINT ( 'NONE',  ( 33.62213085868599904, -0.9739116529940000655, 67.73377290802599759 ) ) ;
#3892 = ADVANCED_FACE ( 'NONE', ( #3601 ), #4796, .T. ) ;
#3893 = CARTESIAN_POINT ( 'NONE',  ( 31.76296299999999917, 8.692417303300000615E-07, 77.38819394570900556 ) ) ;
#3894 = CARTESIAN_POINT ( 'NONE',  ( 34.87585305559299798, 4.092405458691000142, 76.25094153475201608 ) ) ;
#3895 = ORIENTED_EDGE ( 'NONE', *, *, #3081, .F. ) ;
#3896 = CARTESIAN_POINT ( 'NONE',  ( 30.65074365299599890, -4.792645512732000235, 70.63017066169300051 ) ) ;
#3897 = CARTESIAN_POINT ( 'NONE',  ( 34.15929351460900421, -2.930309073930000174, 77.30407680956200522 ) ) ;
#3898 = CARTESIAN_POINT ( 'NONE',  ( 35.16894075895899618, -4.562673590022999548, 75.56872040243898425 ) ) ;
#3899 = CARTESIAN_POINT ( 'NONE',  ( 35.76179994716100197, 5.012085229850000268, 74.57981422900199675 ) ) ;
#3900 = CARTESIAN_POINT ( 'NONE',  ( 36.41517377515398124, -0.08246934055350629844, 67.75055523000938251 ) ) ;
#3901 = ORIENTED_EDGE ( 'NONE', *, *, #1533, .F. ) ;
#3902 = CARTESIAN_POINT ( 'NONE',  ( 35.52592699999999581, 2.027754670999999880E-06, 77.50578587332000779 ) ) ;
#3903 = CARTESIAN_POINT ( 'NONE',  ( 30.48998877397900031, 3.620122757224999877, 70.26220890580698608 ) ) ;
#3904 = AXIS2_PLACEMENT_3D ( 'NONE', #4440, #57, #450 ) ;
#3905 = DIRECTION ( 'NONE',  ( 1.000000000000000000, 2.200000000000000003E-16, 0.000000000000000000 ) ) ;
#3906 = CARTESIAN_POINT ( 'NONE',  ( 29.83874851896744218, 0.1078944358262974440, 67.95115834933335464 ) ) ;
#3907 = VERTEX_POINT ( 'NONE', #2657 ) ;
#3908 = VECTOR ( 'NONE', #5, 1000.000000000000114 ) ;
#3909 = CARTESIAN_POINT ( 'NONE',  ( 35.50129106572300230, 0.7413949823150000062, 77.50501567130000069 ) ) ;
#3910 = CARTESIAN_POINT ( 'NONE',  ( 33.16986366461400593, 2.151354515938999956, 77.69838494743500235 ) ) ;
#3911 = PLANE ( 'NONE',  #1008 ) ;
#3912 = CARTESIAN_POINT ( 'NONE',  ( 32.30309316585899637, -0.3310205631070000099, 78.12851175682500582 ) ) ;
#3913 = CARTESIAN_POINT ( 'NONE',  ( 33.94773446031799580, 4.939184225328000721, 75.18849495168700514 ) ) ;
#3914 = CARTESIAN_POINT ( 'NONE',  ( 31.60024317304700148, -5.105266608031000075, 72.57760669098999529 ) ) ;
#3915 = B_SPLINE_CURVE_WITH_KNOTS ( 'NONE', 6,
 ( #1434, #2282, #277, #3861, #5057, #3065, #1889, #4672, #248, #2582, #2968, #4574, #4236, #3418, #4187, #663, #3017, #1839, #3397, #2604, #1457, #1100, #4985, #2993, #716, #691, #3810, #301, #5033, #1503, #4717, #2348, #1966, #764, #1186, #3910, #2742, #2014, #2776, #2331, #56, #4758 ),
 .UNSPECIFIED., .F., .F.,
 ( 7, 5, 5, 5, 5, 5, 5, 5, 7 ),
 ( 0.4993376740873141095, 0.5501935040500000040, 0.6152220981820000212, 0.6802731165889999154, 0.7452808544929999668, 0.8111063796500000977, 0.8772257207610000274, 0.9423231156560000210, 1.000000000000000000 ),
 .UNSPECIFIED. ) ;
#3916 = ORIENTED_EDGE ( 'NONE', *, *, #72, .F. ) ;
#3917 = FACE_BOUND ( 'NONE', #3191, .T. ) ;
#3918 = ADVANCED_FACE ( 'NONE', ( #741 ), #2407, .T. ) ;
#3919 = CARTESIAN_POINT ( 'NONE',  ( 43.94073999999999813, 3.330000000000000073E-15, 73.00000000000000000 ) ) ;
#3920 = CARTESIAN_POINT ( 'NONE',  ( 30.18359451227100010, 3.719486887194999980, 76.44964785999901835 ) ) ;
#3921 = CARTESIAN_POINT ( 'NONE',  ( 32.95767920371400095, 4.704371289234000386, 75.13533747431699794 ) ) ;
#3922 = CARTESIAN_POINT ( 'NONE',  ( 29.40261703189699816, 3.953835038678000124, 70.59866612533998875 ) ) ;
#3923 = CARTESIAN_POINT ( 'NONE',  ( 29.30037193547800101, -3.031325893481000122, 69.67305965964999359 ) ) ;
#3924 = CARTESIAN_POINT ( 'NONE',  ( 35.81135094544399777, 4.229861866070999454, 76.12449733464099211 ) ) ;
#3925 = ADVANCED_FACE ( 'NONE', ( #3263 ), #381, .T. ) ;
#3926 = CARTESIAN_POINT ( 'NONE',  ( 36.41344174159473823, -0.1443033206825119485, 67.75194306973999403 ) ) ;
#3927 = ORIENTED_EDGE ( 'NONE', *, *, #2612, .T. ) ;
#3928 = CARTESIAN_POINT ( 'NONE',  ( 32.39909822833300268, 4.101133178333999929, 70.95954837410899074 ) ) ;
#3929 = CARTESIAN_POINT ( 'NONE',  ( 29.88148100000000085, 2.897621519999999931E-07, 77.32939798190299996 ) ) ;
#3930 = CARTESIAN_POINT ( 'NONE',  ( 31.22677207264199950, 3.805161204990999746, 76.40462512681800433 ) ) ;
#3931 = CARTESIAN_POINT ( 'NONE',  ( 33.70974077113199741, 3.483093335662000190, 69.16134750466299863 ) ) ;
#3932 = ORIENTED_EDGE ( 'NONE', *, *, #4959, .F. ) ;
#3933 = EDGE_CURVE ( 'NONE', #4849, #382, #1190, .T. ) ;
#3934 = CARTESIAN_POINT ( 'NONE',  ( 34.75723723276699673, -4.189741264725999947, 74.87036575400999538 ) ) ;
#3935 = CARTESIAN_POINT ( 'NONE',  ( 37.44074000000003366, 1.701477371937353933, 66.65000000000004832 ) ) ;
#3936 = CARTESIAN_POINT ( 'NONE',  ( 34.13402374757500013, -0.8622342723510000306, 78.25316185371499955 ) ) ;
#3937 = CARTESIAN_POINT ( 'NONE',  ( 33.11870521744499740, -1.638754610004999890, 68.73992226484098467 ) ) ;
#3938 = CARTESIAN_POINT ( 'NONE',  ( 34.71597443756300549, 2.371475022643000141, 68.35514094159900367 ) ) ;
#3939 = CARTESIAN_POINT ( 'NONE',  ( 32.76114993286608978, -0.09099882694488914403, 67.85717405370250788 ) ) ;
#3940 = CARTESIAN_POINT ( 'NONE',  ( 32.20564885875899819, -0.8141162305889999562, 68.59797239074599418 ) ) ;
#3941 = CARTESIAN_POINT ( 'NONE',  ( 30.57034322798599746, -4.436908653344000086, 75.49815993083200283 ) ) ;
#3942 = DIRECTION ( 'NONE',  ( 1.000000000000000000, 2.200000000000000003E-16, 0.000000000000000000 ) ) ;
#3943 = ORIENTED_EDGE ( 'NONE', *, *, #4197, .T. ) ;
#3944 = CARTESIAN_POINT ( 'NONE',  ( 35.37597247426899827, -3.376916268975000079, 68.99861684821399876 ) ) ;
#3945 = DIRECTION ( 'NONE',  ( 4.009999999999393445E-15, 0.9996944212358495063, 0.02471971176854628402 ) ) ;
#3946 = DIRECTION ( 'NONE',  ( 0.000000000000000000, 0.000000000000000000, 1.000000000000000000 ) ) ;
#3947 = VECTOR ( 'NONE', #1199, 1000.000000000000000 ) ;
#3948 = CARTESIAN_POINT ( 'NONE',  ( 36.21209208499466570, -5.194468294995758129, 72.08884259855969390 ) ) ;
#3949 = ADVANCED_FACE ( 'NONE', ( #1646 ), #1272, .F. ) ;
#3950 = CONICAL_SURFACE ( 'NONE', #4700, 2.949999999999994404, 1.047197551196999754 ) ;
#3951 = ORIENTED_EDGE ( 'NONE', *, *, #3251, .F. ) ;
#3952 = CARTESIAN_POINT ( 'NONE',  ( 32.09491029379699967, -3.668321345330999961, 70.23784826212299492 ) ) ;
#3953 = CARTESIAN_POINT ( 'NONE',  ( 29.64073999999999742, 1.599999999999999868E-16, 73.00000000000000000 ) ) ;
#3954 = AXIS2_PLACEMENT_3D ( 'NONE', #1576, #595, #762 ) ;
#3955 = CARTESIAN_POINT ( 'NONE',  ( 31.13829257172200116, 5.060385848017999955, 73.70680526127699750 ) ) ;
#3956 = CARTESIAN_POINT ( 'NONE',  ( 34.04289540900499844, 0.9292566960699999434, 78.11594871817700891 ) ) ;
#3957 = VERTEX_POINT ( 'NONE', #4845 ) ;
#3958 = CARTESIAN_POINT ( 'NONE',  ( 29.70902946160600067, 4.047670472652999507, 74.79343241854100199 ) ) ;
#3959 = CARTESIAN_POINT ( 'NONE',  ( 32.77744024283400393, -2.148163118692999696, 77.01801875626199489 ) ) ;
#3960 = CARTESIAN_POINT ( 'NONE',  ( 34.87773446031800262, 4.939184225328000721, 75.18849495168700514 ) ) ;
#3961 = CARTESIAN_POINT ( 'NONE',  ( 36.19073999999999813, 1.609999999999999932E-15, 78.25000000000000000 ) ) ;
#3962 = CARTESIAN_POINT ( 'NONE',  ( 32.73034009837899561, -1.142418922030999928, 67.97211424008099812 ) ) ;
#3963 = CARTESIAN_POINT ( 'NONE',  ( 31.90071681096100065, 2.546723838251000238, 68.53833268521100308 ) ) ;
#3964 = CARTESIAN_POINT ( 'NONE',  ( 31.68527957627800262, -2.840401230608999850, 68.39515907559500363 ) ) ;
#3965 = CARTESIAN_POINT ( 'NONE',  ( 34.86613355057999541, 4.296469948820000440, 75.97938856841798838 ) ) ;
#3966 = ORIENTED_EDGE ( 'NONE', *, *, #4974, .T. ) ;
#3967 = CARTESIAN_POINT ( 'NONE',  ( 30.70611293533099584, -3.618227988793000005, 69.02879781084500621 ) ) ;
#3968 = CARTESIAN_POINT ( 'NONE',  ( 35.23775740984500260, -5.224092226787999671, 73.27772686927100665 ) ) ;
#3969 = B_SPLINE_CURVE_WITH_KNOTS ( 'NONE', 9,
 ( #3255, #3309, #3674, #165, #3283, #3697, #2511, #4812, #2485, #1352, #970, #4782, #4036, #191, #4838, #4495, #1695, #1754 ),
 .UNSPECIFIED., .F., .F.,
 ( 10, 8, 10 ),
 ( 0.000000000000000000, 1.675604917180000042, 3.166869359121999850 ),
 .UNSPECIFIED. ) ;
#3970 = CARTESIAN_POINT ( 'NONE',  ( 32.35085673824000452, -3.935702468750999827, 76.66290590094499180 ) ) ;
#3971 = CARTESIAN_POINT ( 'NONE',  ( 30.68718321031800045, -4.913871378178999549, 71.65289889269300261 ) ) ;
#3972 = CARTESIAN_POINT ( 'NONE',  ( 29.35574121773900202, -1.595266811744999957, 68.85299075383501588 ) ) ;
#3973 = DIRECTION ( 'NONE',  ( 0.000000000000000000, 0.000000000000000000, 1.000000000000000000 ) ) ;
#3974 = CARTESIAN_POINT ( 'NONE',  ( 34.61098306439399153, 2.373773603245000086, 68.36000831591400129 ) ) ;
#3975 = CARTESIAN_POINT ( 'NONE',  ( 42.44073999999999813, -5.499260580658999586, 76.17500127023798484 ) ) ;
#3976 = B_SPLINE_CURVE_WITH_KNOTS ( 'NONE', 9,
 ( #1831, #3390, #4978, #1451, #1065, #442, #5073, #1587, #2713, #1558, #366, #3554, #3952, #4306, #4327, #1981, #2362, #828, #5095, #47, #1160, #2691, #3928, #415, #4663, #3529, #2763, #3880, #782, #2326, #3129, #1202, #20, #859 ),
 .UNSPECIFIED., .F., .F.,
 ( 10, 8, 8, 8, 10 ),
 ( 0.000000000000000000, 1.477706224609000030, 3.142142805069999767, 4.803141257777999940, 6.284285610140000422 ),
 .UNSPECIFIED. ) ;
#3977 = CARTESIAN_POINT ( 'NONE',  ( 35.55778173095887240, -0.9842037507572752864, 67.84421419092512906 ) ) ;
#3978 = VERTEX_POINT ( 'NONE', #4789 ) ;
#3979 = EDGE_CURVE ( 'NONE', #3471, #2290, #2943, .T. ) ;
#3980 = CARTESIAN_POINT ( 'NONE',  ( 35.68632122767199633, 4.932535392916999939, 70.54598142532999816 ) ) ;
#3981 = CARTESIAN_POINT ( 'NONE',  ( 37.44073999999999813, -5.499260512133000489, 76.17500138892900452 ) ) ;
#3982 = CARTESIAN_POINT ( 'NONE',  ( 32.16870383360399899, 0.6712268864339998586, 78.09793768926898849 ) ) ;
#3983 = CARTESIAN_POINT ( 'NONE',  ( 31.48706147961700097, -4.001966197190000685, 76.19272564666900394 ) ) ;
#3984 = CARTESIAN_POINT ( 'NONE',  ( 31.03033847129299971, 4.266645798204999451, 70.19136140961300896 ) ) ;
#3985 = CONICAL_SURFACE ( 'NONE', #2977, 6.349999999999994316, 1.047200821370000368 ) ;
#3986 = CARTESIAN_POINT ( 'NONE',  ( 36.19073999999999813, 1.609999999999999932E-15, 73.00000000000000000 ) ) ;
#3987 = VERTEX_POINT ( 'NONE', #3227 ) ;
#3988 = CARTESIAN_POINT ( 'NONE',  ( 30.19866539566199748, 4.418303772612000024, 75.90754087501400704 ) ) ;
#3989 = CARTESIAN_POINT ( 'NONE',  ( 34.46907693474399537, -3.700901146662999963, 68.93804651558099295 ) ) ;
#3990 = CARTESIAN_POINT ( 'NONE',  ( 31.76296299999999917, 8.692417599999999458E-07, 77.38819394570900556 ) ) ;
#3991 = CARTESIAN_POINT ( 'NONE',  ( 32.19465033327700354, 3.153240756258000044, 77.06434321671899568 ) ) ;
#3992 = CARTESIAN_POINT ( 'NONE',  ( 31.32254174764799615, -0.8525828587789999746, 78.19436579497600803 ) ) ;
#3993 = CARTESIAN_POINT ( 'NONE',  ( 31.41045715709699948, -4.526646216243999987, 75.37288045581999540 ) ) ;
#3994 = EDGE_LOOP ( 'NONE', ( #1044, #11, #4872, #3487 ) ) ;
#3995 = CARTESIAN_POINT ( 'NONE',  ( 30.00437473860799642, -3.281261406646000189, 76.05389992691100076 ) ) ;
#3996 = CARTESIAN_POINT ( 'NONE',  ( 35.26733949093199527, -5.184900156429000262, 72.24662501266598724 ) ) ;
#3997 = CARTESIAN_POINT ( 'NONE',  ( 32.25254174764799586, -0.8525828587789999746, 78.19436579497600803 ) ) ;
#3998 = CARTESIAN_POINT ( 'NONE',  ( 37.44073999999999813, -2.178760534535590931, 78.99020665609810976 ) ) ;
#3999 = CARTESIAN_POINT ( 'NONE',  ( 31.10087552696099777, 5.089855646755999885, 74.31576206441899046 ) ) ;
#4000 = CARTESIAN_POINT ( 'NONE',  ( 32.54320643258599688, -3.587712891724000208, 69.31019955995799364 ) ) ;
#4001 = CARTESIAN_POINT ( 'NONE',  ( 29.43075298198099787, -4.140538249146000105, 70.89780491561499787 ) ) ;
#4002 = CARTESIAN_POINT ( 'NONE',  ( 35.36242480267900135, -5.219471840646999539, 72.59572600068700865 ) ) ;
#4003 = VERTEX_POINT ( 'NONE', #3813 ) ;
#4004 = CARTESIAN_POINT ( 'NONE',  ( 36.88239613137299955, 1.757232440546999896, 78.17637950086100318 ) ) ;
#4005 = CARTESIAN_POINT ( 'NONE',  ( 32.85117648566900073, -3.801974217523000021, 75.51517465909900295 ) ) ;
#4006 = CARTESIAN_POINT ( 'NONE',  ( 31.81532032080399475, 3.103547437957999922, 68.92147733682600119 ) ) ;
#4007 = CARTESIAN_POINT ( 'NONE',  ( 31.24652730071699835, 3.325311805906999929, 76.87548611397100728 ) ) ;
#4008 = ADVANCED_FACE ( 'NONE', ( #3093 ), #1195, .T. ) ;
#4009 = CARTESIAN_POINT ( 'NONE',  ( 33.55823959307699766, -4.300386196124999394, 70.09785364833800259 ) ) ;
#4010 = ORIENTED_EDGE ( 'NONE', *, *, #2773, .T. ) ;
#4011 = CARTESIAN_POINT ( 'NONE',  ( 29.32805657660800236, -2.352879613140000270, 69.18564320941298718 ) ) ;
#4012 =( BOUNDED_CURVE ( )  B_SPLINE_CURVE ( 2, ( #2926, #4146, #3747 ),
 .UNSPECIFIED., .F., .T. ) 
 B_SPLINE_CURVE_WITH_KNOTS ( ( 3, 3 ),
 ( 0.000000000000000000, 1.000000000000000000 ),
 .UNSPECIFIED. ) 
 CURVE ( )  GEOMETRIC_REPRESENTATION_ITEM ( )  RATIONAL_B_SPLINE_CURVE ( ( 1.000000000000000000, 1.037954849302059834, 1.000000000000000000 ) ) 
 REPRESENTATION_ITEM ( '' )  );
#4013 = LINE ( 'NONE', #917, #3451 ) ;
#4014 = CARTESIAN_POINT ( 'NONE',  ( 34.64558910928082724, 0.01069850688430242641, 67.79829448055193097 ) ) ;
#4015 = CARTESIAN_POINT ( 'NONE',  ( 32.07283145149300196, 5.115644901025000024, 73.49955876109599728 ) ) ;
#4016 = CARTESIAN_POINT ( 'NONE',  ( 32.65443213166700076, 1.453486783073000055, 77.28149751951001178 ) ) ;
#4017 = MANIFOLD_SOLID_BREP ( '1_8 NPT - 1_4 Inch Push to Connect Elbow Fitting.step<1>', #4864 ) ;
#4018 = EDGE_CURVE ( 'NONE', #2290, #2803, #4808, .T. ) ;
#4019 = DIRECTION ( 'NONE',  ( -0.4999999999996517785, -3.942476127408086428E-18, -0.8660254037846397690 ) ) ;
#4020 = ORIENTED_EDGE ( 'NONE', *, *, #2006, .T. ) ;
#4021 = CARTESIAN_POINT ( 'NONE',  ( 31.71369113173999565, 1.443812047809000187, 77.25299505594300342 ) ) ;
#4022 = CARTESIAN_POINT ( 'NONE',  ( 35.33646280996800471, -4.309953544356999622, 70.01302103785999975 ) ) ;
#4023 = CARTESIAN_POINT ( 'NONE',  ( 39.69950599505600053, 3.666174209354000180, 66.65000000000000568 ) ) ;
#4024 = CARTESIAN_POINT ( 'NONE',  ( 42.44073999999999813, 2.999999999999999839E-15, 78.00000000000000000 ) ) ;
#4025 = DIRECTION ( 'NONE',  ( 0.000000000000000000, 0.000000000000000000, 1.000000000000000000 ) ) ;
#4026 = CARTESIAN_POINT ( 'NONE',  ( 31.43469448610899875, -4.443893387649000104, 75.93977181150700062 ) ) ;
#4027 = CARTESIAN_POINT ( 'NONE',  ( 32.55277190806700105, -3.349075627871000105, 69.08358260729100664 ) ) ;
#4028 = EDGE_CURVE ( 'NONE', #4151, #1522, #4736, .T. ) ;
#4029 = AXIS2_PLACEMENT_3D ( 'NONE', #1279, #4344, #3946 ) ;
#4030 = CARTESIAN_POINT ( 'NONE',  ( 33.74525775180900666, 1.395030731334999885, 67.99880970830498939 ) ) ;
#4031 = ORIENTED_EDGE ( 'NONE', *, *, #3732, .F. ) ;
#4032 = DIRECTION ( 'NONE',  ( 0.000000000000000000, 0.000000000000000000, 1.000000000000000000 ) ) ;
#4033 = CARTESIAN_POINT ( 'NONE',  ( 33.11870521744499740, -1.638754610004999890, 68.73992226484098467 ) ) ;
#4034 = CARTESIAN_POINT ( 'NONE',  ( 30.96969448610899889, -3.751422922743000044, 75.48173673706200759 ) ) ;
#4035 = CIRCLE ( 'NONE', #931, 2.949999999999994404 ) ;
#4036 = CARTESIAN_POINT ( 'NONE',  ( 36.81671868985900176, -3.389518937838000401, 69.73587112634399432 ) ) ;
#4037 = CARTESIAN_POINT ( 'NONE',  ( 33.48973884617199559, -5.135135240713999849, 72.29694655546200011 ) ) ;
#4038 = EDGE_LOOP ( 'NONE', ( #3062, #2628, #4608 ) ) ;
#4039 = CARTESIAN_POINT ( 'NONE',  ( 36.98120293695700411, -3.370221742091000117, 77.05879678146399669 ) ) ;
#4040 = AXIS2_PLACEMENT_3D ( 'NONE', #3793, #1080, #4884 ) ;
#4041 = CARTESIAN_POINT ( 'NONE',  ( 30.77561196753600115, -3.329503178861000112, 69.14804538602700745 ) ) ;
#4042 = CARTESIAN_POINT ( 'NONE',  ( 34.30820768254000086, 4.427245144290999690, 71.74336784684200552 ) ) ;
#4043 = CARTESIAN_POINT ( 'NONE',  ( 41.87357659274599797, 3.666174209354000180, 66.65000000000000568 ) ) ;
#4044 = CARTESIAN_POINT ( 'NONE',  ( 31.97142848446499741, 4.297231875516000166, 70.18606079800198927 ) ) ;
#4045 = CARTESIAN_POINT ( 'NONE',  ( 31.54685637007400345, -5.268363541163000541, 72.52742461469699720 ) ) ;
#4046 =( BOUNDED_CURVE ( )  B_SPLINE_CURVE ( 2, ( #1501, #4646, #735 ),
 .UNSPECIFIED., .F., .F. ) 
 B_SPLINE_CURVE_WITH_KNOTS ( ( 3, 3 ),
 ( 0.000000000000000000, 1.000000000000000000 ),
 .UNSPECIFIED. ) 
 CURVE ( )  GEOMETRIC_REPRESENTATION_ITEM ( )  RATIONAL_B_SPLINE_CURVE ( ( 1.000000000000000000, 1.037954864069724037, 1.000000000000000000 ) ) 
 REPRESENTATION_ITEM ( '' )  );
#4047 = CARTESIAN_POINT ( 'NONE',  ( 31.68408958514299556, -1.148583492231000092, 68.00596383550100654 ) ) ;
#4048 = ORIENTED_EDGE ( 'NONE', *, *, #4593, .T. ) ;
#4049 = CARTESIAN_POINT ( 'NONE',  ( 30.29648221766500171, -1.606138761339000132, 68.82472363159899942 ) ) ;
#4050 = CARTESIAN_POINT ( 'NONE',  ( 33.84107498059799468, -4.365592425968999102, 74.14306595246098652 ) ) ;
#4051 = EDGE_CURVE ( 'NONE', #4990, #648, #2016, .T. ) ;
#4052 = CARTESIAN_POINT ( 'NONE',  ( 29.54924777416299975, 3.595646927694999828, 70.28071599691699589 ) ) ;
#4053 = CARTESIAN_POINT ( 'NONE',  ( 36.19073999999999813, 9.670604304476394179E-16, 67.74999999999998579 ) ) ;
#4054 = CARTESIAN_POINT ( 'NONE',  ( 30.82222200000000001, 5.795153743300000045E-07, 77.35879596380600276 ) ) ;
#4055 = B_SPLINE_CURVE_WITH_KNOTS ( 'NONE', 6,
 ( #2466, #3293, #976, #4443, #3624, #3704, #4879, #1359, #87, #1384, #172, #198, #509, #1274, #115, #3993, #3594, #4387, #3229, #2404, #4473, #1648, #3654, #872, #145, #481, #922, #4106, #2892, #2042, #2809, #4818, #950, #4848, #2517, #1333, #3200, #4416, #1302, #4047, #2493, #564, #4792, #898, #539, #2124, #2097 ),
 .UNSPECIFIED., .F., .F.,
 ( 7, 5, 5, 5, 5, 5, 5, 5, 5, 7 ),
 ( 0.000000000000000000, 0.06147672386796999844, 0.1223441088940000060, 0.1828450974599999945, 0.2426717936920000096, 0.3025993299219999488, 0.3635452944390000218, 0.4245111204790000259, 0.4827694422989999845, 0.4993341450952704097 ),
 .UNSPECIFIED. ) ;
#4056 = CARTESIAN_POINT ( 'NONE',  ( 40.88860299587199876, 2.650000000000000068E-15, 73.00000000000000000 ) ) ;
#4057 = CARTESIAN_POINT ( 'NONE',  ( 32.64805715776691386, -0.3646116338258094114, 67.87235996127709825 ) ) ;
#4058 = CARTESIAN_POINT ( 'NONE',  ( 36.15762726744200251, -3.300843479679000048, 77.11428642990800597 ) ) ;
#4059 = VERTEX_POINT ( 'NONE', #451 ) ;
#4060 = DIRECTION ( 'NONE',  ( -1.000000000000000000, -2.200000000000000003E-16, 0.000000000000000000 ) ) ;
#4061 = CARTESIAN_POINT ( 'NONE',  ( 36.43361285861300303, -0.9847839024069999780, 67.67497705111699702 ) ) ;
#4062 = CARTESIAN_POINT ( 'NONE',  ( 33.61980906579699990, 0.7317199496120000424, 77.44621980279299578 ) ) ;
#4063 = CARTESIAN_POINT ( 'NONE',  ( 37.40574000000000154, 0.1323815108530000118, 67.64623429280101163 ) ) ;
#4064 = CARTESIAN_POINT ( 'NONE',  ( 31.74892892742421679, 1.052621505711876848, 67.98717306474819111 ) ) ;
#4065 = CARTESIAN_POINT ( 'NONE',  ( 33.55602057616700051, -2.856440173035000196, 68.36915351031800014 ) ) ;
#4066 = CARTESIAN_POINT ( 'NONE',  ( 30.67440639544099668, 3.750000406013000109, 75.46769888652399061 ) ) ;
#4067 = CARTESIAN_POINT ( 'NONE',  ( 30.28184258642099991, 3.881001303815999837, 76.27995889803599994 ) ) ;
#4068 = VERTEX_POINT ( 'NONE', #1188 ) ;
#4069 = CARTESIAN_POINT ( 'NONE',  ( 29.56642260600099803, 1.868648016988999849, 77.39587845081301509 ) ) ;
#4070 = CARTESIAN_POINT ( 'NONE',  ( 35.62424199000599856, -2.845038626503999968, 76.69597737789099767 ) ) ;
#4071 = CARTESIAN_POINT ( 'NONE',  ( 37.44073999999999813, 2.178760828546526085, 67.00979344367455326 ) ) ;
#4072 = CARTESIAN_POINT ( 'NONE',  ( 30.77763855007172822, 0.01476803152037136323, 67.91917129380210838 ) ) ;
#4073 = CARTESIAN_POINT ( 'NONE',  ( 34.78512028921199573, 4.200003837344999269, 69.89311930307599141 ) ) ;
#4074 = MECHANICAL_DESIGN_GEOMETRIC_PRESENTATION_REPRESENTATION (  '', ( #1447 ), #880 ) ;
#4075 = CARTESIAN_POINT ( 'NONE',  ( 31.89052541253200346, 2.235794134765999974, 68.37770217616900936 ) ) ;
#4076 = CARTESIAN_POINT ( 'NONE',  ( 38.00789484072100066, -7.332348418707999471, 73.00000000000000000 ) ) ;
#4077 = ORIENTED_EDGE ( 'NONE', *, *, #3410, .F. ) ;
#4078 = CARTESIAN_POINT ( 'NONE',  ( 34.22532531859400251, 3.133073129412999869, 69.54957162488499023 ) ) ;
#4079 = CARTESIAN_POINT ( 'NONE',  ( 29.95521724316499856, -2.105294298075999659, 76.93784580389801420 ) ) ;
#4080 = CARTESIAN_POINT ( 'NONE',  ( 30.45474294339300414, -4.250010874732000232, 75.80221247651600436 ) ) ;
#4081 = CARTESIAN_POINT ( 'NONE',  ( 28.72463337095499725, -5.179033418991999760, 72.53543935789100772 ) ) ;
#4082 = CARTESIAN_POINT ( 'NONE',  ( 32.20564885875899819, -0.8141162305889999562, 68.59797239074599418 ) ) ;
#4083 = CARTESIAN_POINT ( 'NONE',  ( 39.94071895468699296, 6.643813628256999948, 74.19257723984000563 ) ) ;
#4084 = CARTESIAN_POINT ( 'NONE',  ( 31.56264377700900070, -5.048990544573999983, 73.85860893934399485 ) ) ;
#4085 = EDGE_CURVE ( 'NONE', #3987, #166, #3505, .T. ) ;
#4086 = VERTEX_POINT ( 'NONE', #2780 ) ;
#4087 = CARTESIAN_POINT ( 'NONE',  ( 37.44073999999999103, -2.695098304503232622, 78.77633260630614132 ) ) ;
#4088 = CARTESIAN_POINT ( 'NONE',  ( 39.94071895468699296, -4.354708999805000147, 67.84257723984001132 ) ) ;
#4089 = CARTESIAN_POINT ( 'NONE',  ( 36.32037793991599983, -5.210195605478999958, 72.06799398509100740 ) ) ;
#4090 = CARTESIAN_POINT ( 'NONE',  ( 29.34333194919299714, -4.443825194541000556, 71.96554550881600676 ) ) ;
#4091 = EDGE_CURVE ( 'NONE', #3023, #199, #3187, .T. ) ;
#4092 = EDGE_LOOP ( 'NONE', ( #923, #3682, #3675 ) ) ;
#4093 = DIRECTION ( 'NONE',  ( 1.000000000000000000, 2.200000000000000003E-16, 0.000000000000000000 ) ) ;
#4094 = CARTESIAN_POINT ( 'NONE',  ( 36.57180731830000298, 3.739517767334000098, 68.88181608758598884 ) ) ;
#4095 = CARTESIAN_POINT ( 'NONE',  ( 33.09102057616799897, -2.417035382020999990, 69.08162094832400157 ) ) ;
#4096 = CARTESIAN_POINT ( 'NONE',  ( 31.91628290534299950, 4.983019703120000088, 71.74827665507599761 ) ) ;
#4097 = CARTESIAN_POINT ( 'NONE',  ( 29.90994875706800116, 2.386632222035999895, 68.53325384117299279 ) ) ;
#4098 = CARTESIAN_POINT ( 'NONE',  ( 29.94157612096314836, -6.776263578034402713E-16, 67.94528521314147440 ) ) ;
#4099 = VERTEX_POINT ( 'NONE', #4449 ) ;
#4100 = CARTESIAN_POINT ( 'NONE',  ( 40.18193922118300065, -7.332348418707999471, 73.00000000000000000 ) ) ;
#4101 = CARTESIAN_POINT ( 'NONE',  ( 31.06361477406600002, 4.804963519220000201, 74.71174483671499900 ) ) ;
#4102 = CARTESIAN_POINT ( 'NONE',  ( 39.94071895468699296, -2.289104628451999801, 66.65000000000000568 ) ) ;
#4103 = CARTESIAN_POINT ( 'NONE',  ( 31.78915973038600029, -1.150773184730000009, 68.00311345955400100 ) ) ;
#4104 = EDGE_CURVE ( 'NONE', #1829, #648, #1579, .T. ) ;
#4105 = DIRECTION ( 'NONE',  ( 1.000000000000000000, 2.200000000000000003E-16, 0.000000000000000000 ) ) ;
#4106 = CARTESIAN_POINT ( 'NONE',  ( 31.55190209288199910, -4.585410889369000209, 70.71828537195999331 ) ) ;
#4107 = ORIENTED_EDGE ( 'NONE', *, *, #288, .T. ) ;
#4108 = DIRECTION ( 'NONE',  ( 1.000000000000000000, 2.200000000000000003E-16, 0.000000000000000000 ) ) ;
#4109 = CARTESIAN_POINT ( 'NONE',  ( 28.59863373879200310, -3.868915540718000035, 76.60075454100400805 ) ) ;
#4110 = CARTESIAN_POINT ( 'NONE',  ( 32.70370400000000188, 1.158902971309999989E-06, 77.41759192761099939 ) ) ;
#4111 = CARTESIAN_POINT ( 'NONE',  ( 40.18193922118300065, 3.666174209354000180, 79.35000000000000853 ) ) ;
#4112 = B_SPLINE_CURVE_WITH_KNOTS ( 'NONE', 8,
 ( #4815, #3588, #3192, #2396, #2013, #82, #4786, #4039, #138, #1698, #2804, #2861, #4406, #2488, #420, #501, #1988, #3564, #1425, #4953, #4520, #657, #1038, #1381, #3335, #636, #4564, #2960, #2170, #2207 ),
 .UNSPECIFIED., .F., .F.,
 ( 9, 7, 7, 7, 9 ),
 ( 0.000000000000000000, 0.2499998987419999874, 0.4999999310700000144, 0.7499999620899999719, 0.9921909150158289004 ),
 .UNSPECIFIED. ) ;
#4113 = CARTESIAN_POINT ( 'NONE',  ( 35.94277497946099942, 0.2977613162189999829, 78.24225102407500287 ) ) ;
#4114 = CARTESIAN_POINT ( 'NONE',  ( 33.64444500000000460, 1.448583734900000099E-06, 77.44698990951400219 ) ) ;
#4115 = CARTESIAN_POINT ( 'NONE',  ( 33.52325075068100091, -2.525174302582999797, 68.47183204970400539 ) ) ;
#4116 = B_SPLINE_CURVE_WITH_KNOTS ( 'NONE', 6,
 ( #1206, #418, #2011, #3461, #2671, #3112, #399, #3136, #1961, #2739, #5054, #3486, #3087, #2717, #4281, #3931, #1162, #370, #759, #4259, #1, #733, #1521, #3534, #4688, #3509, #3857, #4644, #4351, #1563, #1118, #4331, #2694, #347, #1591, #2306, #4731, #1986, #25, #807, #446, #833, #1913, #3956, #2345, #2366, #3885 ),
 .UNSPECIFIED., .F., .F.,
 ( 7, 5, 5, 5, 5, 5, 5, 5, 5, 7 ),
 ( 0.4993394250879868990, 0.5006798912509999866, 0.5649454979920000008, 0.6269771826810000004, 0.6900301207139999393, 0.7531040372299999675, 0.8164072141100000568, 0.8795231351429999567, 0.9426600354619999456, 1.000000000000000000 ),
 .UNSPECIFIED. ) ;
#4117 = CARTESIAN_POINT ( 'NONE',  ( 34.25767162179799641, -4.943136120207000772, 74.61664721550899060 ) ) ;
#4118 = CARTESIAN_POINT ( 'NONE',  ( 36.86632721391600143, -2.127876855368999731, 68.81981736731499666 ) ) ;
#4119 = CARTESIAN_POINT ( 'NONE',  ( 36.72059171634199970, 4.677693637996999776, 75.50151424330998395 ) ) ;
#4120 = CARTESIAN_POINT ( 'NONE',  ( 29.29592246276272860, -0.4132309032117028047, 68.52724566803050266 ) ) ;
#4121 = CARTESIAN_POINT ( 'NONE',  ( 32.43533398089200404, -5.126345123305000584, 74.34223481720700022 ) ) ;
#4122 = EDGE_CURVE ( 'NONE', #2354, #5085, #544, .T. ) ;
#4123 = FACE_OUTER_BOUND ( 'NONE', #4417, .T. ) ;
#4124 = AXIS2_PLACEMENT_3D ( 'NONE', #3986, #4783, #1266 ) ;
#4125 = CARTESIAN_POINT ( 'NONE',  ( 32.29342861387699770, 1.157135611999999909E-06, 78.12820974147099662 ) ) ;
#4126 = ORIENTED_EDGE ( 'NONE', *, *, #775, .T. ) ;
#4127 = CARTESIAN_POINT ( 'NONE',  ( 42.44073999999999813, 2.999999999999999839E-15, 73.00000000000000000 ) ) ;
#4128 = STYLED_ITEM ( 'NONE', ( #286 ), #4324 ) ;
#4129 = DIRECTION ( 'NONE',  ( 0.000000000000000000, 0.000000000000000000, 1.000000000000000000 ) ) ;
#4130 = AXIS2_PLACEMENT_3D ( 'NONE', #4998, #1492, #316 ) ;
#4131 = CARTESIAN_POINT ( 'NONE',  ( 42.44074000000002655, 1.701477371937784699, 66.65000000000006253 ) ) ;
#4132 = CIRCLE ( 'NONE', #1497, 2.399999999999999467 ) ;
#4133 = CARTESIAN_POINT ( 'NONE',  ( 36.04359792263700513, -3.045872021139000019, 77.29739597583800048 ) ) ;
#4134 = VERTEX_POINT ( 'NONE', #431 ) ;
#4135 = CARTESIAN_POINT ( 'NONE',  ( 34.28058022789200265, 4.155836632071999048, 70.93233644810401017 ) ) ;
#4136 = DIRECTION ( 'NONE',  ( -2.200000000000000003E-16, 1.000000000000000000, 0.000000000000000000 ) ) ;
#4137 = CARTESIAN_POINT ( 'NONE',  ( 32.53125246083300226, 4.130227116809000343, 74.83001545948100386 ) ) ;
#4138 = VECTOR ( 'NONE', #2321, 999.9999999999998863 ) ;
#4139 = CARTESIAN_POINT ( 'NONE',  ( 31.45927323379400065, -4.832747207367000364, 75.15737440677399661 ) ) ;
#4140 = CARTESIAN_POINT ( 'NONE',  ( 32.85117648566900073, -3.801974217523000021, 75.51517465909900295 ) ) ;
#4141 = CARTESIAN_POINT ( 'NONE',  ( 36.81671868985900176, -3.389518937838000401, 69.73587112634399432 ) ) ;
#4142 =( NAMED_UNIT ( * ) SI_UNIT ( $, .STERADIAN. ) SOLID_ANGLE_UNIT ( ) );
#4143 = B_SPLINE_CURVE_WITH_KNOTS ( 'NONE', 6,
 ( #2243, #3818, #1106, #1873, #1550, #3475, #2638, #5067, #4243, #747, #4270, #1894, #3450, #5043, #3898, #1175, #2707, #4321, #1681, #822, #3968, #4361, #3996, #2470, #2355, #90, #3658, #1276, #4022, #2437, #2022, #3944, #926, #847, #1653, #4724, #3234, #3202, #4823, #3630, #1307, #874 ),
 .UNSPECIFIED., .F., .F.,
 ( 7, 5, 5, 5, 5, 5, 5, 5, 7 ),
 ( 0.000000000000000000, 0.06347477272545999638, 0.1263413024699999998, 0.1888508193840000016, 0.2514930864769999719, 0.3143879055090000318, 0.3773372923969999793, 0.4403074526690000101, 0.4993458861356179779 ),
 .UNSPECIFIED. ) ;
#4144 = CARTESIAN_POINT ( 'NONE',  ( 39.94071895468699296, -2.289104628451999801, 79.35000000000000853 ) ) ;
#4145 = CARTESIAN_POINT ( 'NONE',  ( 38.00789484072100066, 3.666174209354000180, 79.35000000000000853 ) ) ;
#4146 = CARTESIAN_POINT ( 'NONE',  ( 42.44073999999999813, 1.701477371936977345, 79.34999999999996589 ) ) ;
#4147 = CARTESIAN_POINT ( 'NONE',  ( 37.44073999999999813, 1.889999999999999946E-15, 73.00000000000000000 ) ) ;
#4148 = CARTESIAN_POINT ( 'NONE',  ( 30.23219975539399940, 2.428807346967999603, 77.46279458559600073 ) ) ;
#4149 = CARTESIAN_POINT ( 'NONE',  ( 36.94073999999999813, 2.730837037755000196, 68.51613681372600695 ) ) ;
#4150 = EDGE_CURVE ( 'NONE', #4099, #1250, #4887, .T. ) ;
#4151 = VERTEX_POINT ( 'NONE', #3173 ) ;
#4152 = CARTESIAN_POINT ( 'NONE',  ( 36.45093573797200293, -0.7545784222680000930, 67.62507797463700854 ) ) ;
#4153 = CARTESIAN_POINT ( 'NONE',  ( 34.83447445431000489, 4.974414646928999595, 71.42147686483698976 ) ) ;
#4154 = CARTESIAN_POINT ( 'NONE',  ( 40.03343979002527675, 6.973844507863737441, 72.37905301170421524 ) ) ;
#4155 = CARTESIAN_POINT ( 'NONE',  ( 34.68350099015099630, -2.826487332422999987, 76.67188051155399364 ) ) ;
#4156 = ORIENTED_EDGE ( 'NONE', *, *, #2687, .T. ) ;
#4157 = CARTESIAN_POINT ( 'NONE',  ( 35.15556095873299824, -1.379630705660999768, 78.05120548429700023 ) ) ;
#4158 = CONICAL_SURFACE ( 'NONE', #1121, 6.750000000000006217, 1.178091890227999983 ) ;
#4159 = CARTESIAN_POINT ( 'NONE',  ( 34.61704228857182386, -0.9786179174942182257, 67.87318554843433560 ) ) ;
#4160 = CARTESIAN_POINT ( 'NONE',  ( 28.80768729434700148, -4.266421762291999542, 69.78740770241499547 ) ) ;
#4161 = CARTESIAN_POINT ( 'NONE',  ( 31.81212049529699826, -1.441026954960999973, 77.25669132537800010 ) ) ;
#4162 = COLOUR_RGB ( '',0.8274509803921568096, 0.8274509803921568096, 0.8274509803921568096 ) ;
#4163 = CARTESIAN_POINT ( 'NONE',  ( 34.28058022789200265, 4.155836632071999048, 70.93233644810401017 ) ) ;
#4164 = CARTESIAN_POINT ( 'NONE',  ( 33.00796665233499994, -4.124484643484001012, 70.96061738715800971 ) ) ;
#4165 = CARTESIAN_POINT ( 'NONE',  ( 37.44073999999999813, -5.499262118142000055, 69.82500139276098139 ) ) ;
#4166 = AXIS2_PLACEMENT_3D ( 'NONE', #693, #302, #1481 ) ;
#4167 = CARTESIAN_POINT ( 'NONE',  ( 33.59774925605999840, -3.389788691847000379, 69.08287212291800472 ) ) ;
#4168 = CARTESIAN_POINT ( 'NONE',  ( 31.37547486427599708, 2.382347398637000069, 69.12661900815500360 ) ) ;
#4169 = CARTESIAN_POINT ( 'NONE',  ( 33.12905584696000005, 1.157070666000000005E-06, 78.15432293763801397 ) ) ;
#4170 = DIRECTION ( 'NONE',  ( 0.000000000000000000, 0.000000000000000000, 1.000000000000000000 ) ) ;
#4171 = CARTESIAN_POINT ( 'NONE',  ( 32.51528201105799809, -5.188889927515000444, 71.54289861296800268 ) ) ;
#4172 = CARTESIAN_POINT ( 'NONE',  ( 32.91869414884499889, 5.094496793156999992, 73.85283215350300168 ) ) ;
#4173 = CARTESIAN_POINT ( 'NONE',  ( 41.87357659274599797, 3.666174209354000180, 79.35000000000000853 ) ) ;
#4174 = B_SPLINE_CURVE_WITH_KNOTS ( 'NONE', 1,
 ( #1957, #3902 ),
 .UNSPECIFIED., .F., .F.,
 ( 2, 2 ),
 ( 0.07929630608180637807, 0.9300000000000000488 ),
 .UNSPECIFIED. ) ;
#4175 = CARTESIAN_POINT ( 'NONE',  ( 36.53282573557656576, 8.809142651444723526E-16, 67.75000000544305578 ) ) ;
#4176 = EDGE_LOOP ( 'NONE', ( #2783, #3375, #2796, #1097, #4156, #4829, #656, #1697, #1267, #3146, #3879, #845 ) ) ;
#4177 = CARTESIAN_POINT ( 'NONE',  ( 35.72255698001099944, -4.423232553574999670, 74.15815707567900006 ) ) ;
#4178 = CARTESIAN_POINT ( 'NONE',  ( 36.81671868985900176, -3.389518937838000401, 69.73587112634399432 ) ) ;
#4179 = CARTESIAN_POINT ( 'NONE',  ( 30.72976455248364047, -1.586160737637912543, 68.16394073857702551 ) ) ;
#4180 = CARTESIAN_POINT ( 'NONE',  ( 34.53518721729899710, -1.958344840779000062, 67.90896311113499451 ) ) ;
#4181 = EDGE_CURVE ( 'NONE', #1294, #4003, #1252, .T. ) ;
#4182 = CARTESIAN_POINT ( 'NONE',  ( 31.90647077361100159, 4.339633104765000304, 69.71817078226300168 ) ) ;
#4183 = B_SPLINE_CURVE_WITH_KNOTS ( 'NONE', 1,
 ( #2980, #3407 ),
 .UNSPECIFIED., .F., .F.,
 ( 2, 2 ),
 ( 0.000000000000000000, 0.8205507722456604203 ),
 .UNSPECIFIED. ) ;
#4184 = CARTESIAN_POINT ( 'NONE',  ( 35.40274732861699647, 3.416059424763000063, 76.16625807165300444 ) ) ;
#4185 = ORIENTED_EDGE ( 'NONE', *, *, #8, .T. ) ;
#4186 = CARTESIAN_POINT ( 'NONE',  ( 30.46236131918299961, 3.050554848790000051, 69.64043411196898603 ) ) ;
#4187 = CARTESIAN_POINT ( 'NONE',  ( 32.91355122986799842, 4.348387477074000529, 70.20957958485298889 ) ) ;
#4188 = CARTESIAN_POINT ( 'NONE',  ( 29.13950268382799891, 5.079698863305000422, 71.55822032774800334 ) ) ;
#4189 = CARTESIAN_POINT ( 'NONE',  ( 31.91043548588899625, -3.776698570171999947, 75.49845569806599599 ) ) ;
#4190 = ADVANCED_FACE ( 'NONE', ( #1999 ), #2792, .T. ) ;
#4191 = ORIENTED_EDGE ( 'NONE', *, *, #517, .T. ) ;
#4192 = CARTESIAN_POINT ( 'NONE',  ( 33.36746668279799621, 4.398113377377999456, 71.75163499052200677 ) ) ;
#4193 = APPLICATION_PROTOCOL_DEFINITION ( 'draft international standard', 'automotive_design', 1998, #1108 ) ;
#4194 = CARTESIAN_POINT ( 'NONE',  ( 39.94071895468699296, 4.354708999805000147, 78.15742276016000289 ) ) ;
#4195 = CARTESIAN_POINT ( 'NONE',  ( 31.76296299999999917, 8.692419457200000096E-07, 77.38819394570801080 ) ) ;
#4196 = CARTESIAN_POINT ( 'NONE',  ( 28.94073999999999813, 0.000000000000000000, 73.00000000000000000 ) ) ;
#4197 = EDGE_CURVE ( 'NONE', #4003, #371, #1872, .T. ) ;
#4198 = CARTESIAN_POINT ( 'NONE',  ( 37.44073999999999813, -5.499260512133000489, 76.17500138892900452 ) ) ;
#4199 = VERTEX_POINT ( 'NONE', #4433 ) ;
#4200 = CARTESIAN_POINT ( 'NONE',  ( 38.99285942128800286, 2.229999999999999948E-15, 73.00000000000000000 ) ) ;
#4201 = CARTESIAN_POINT ( 'NONE',  ( 36.86632721391600143, -2.127876855368999731, 68.81981736731499666 ) ) ;
#4202 = CARTESIAN_POINT ( 'NONE',  ( 36.19073999999999813, 1.609999999999999932E-15, 78.25000000000000000 ) ) ;
#4203 = CARTESIAN_POINT ( 'NONE',  ( 34.42444865189499836, -4.929583792527000519, 70.56244817740798680 ) ) ;
#4204 = CARTESIAN_POINT ( 'NONE',  ( 30.64977046134800176, 4.075189353978000639, 74.80562676561899593 ) ) ;
#4205 = LINE ( 'NONE', #3831, #3288 ) ;
#4206 = ORIENTED_EDGE ( 'NONE', *, *, #410, .F. ) ;
#4207 = CARTESIAN_POINT ( 'NONE',  ( 37.44073999999999813, 5.499260976857000216, 69.82499941599600390 ) ) ;
#4208 = CIRCLE ( 'NONE', #350, 4.123438843639998019 ) ;
#4209 = CARTESIAN_POINT ( 'NONE',  ( 34.36184455680900385, -4.935973916413000318, 74.64871072564399412 ) ) ;
#4210 = CARTESIAN_POINT ( 'NONE',  ( 43.94073999999999813, 3.942323399573676603E-15, 67.99999999999998579 ) ) ;
#4211 = CARTESIAN_POINT ( 'NONE',  ( 32.62826025237799854, -4.049982739138000554, 69.82016874162900422 ) ) ;
#4212 = AXIS2_PLACEMENT_3D ( 'NONE', #2595, #294, #4226 ) ;
#4213 = ORIENTED_EDGE ( 'NONE', *, *, #1517, .T. ) ;
#4214 = CARTESIAN_POINT ( 'NONE',  ( 33.69360249515000305, -1.460330379314999982, 77.31370493940200106 ) ) ;
#4215 = CARTESIAN_POINT ( 'NONE',  ( 29.49399286449800073, 2.350334597530000291, 69.17865877529300178 ) ) ;
#4216 = CARTESIAN_POINT ( 'NONE',  ( 34.21838137552600756, -4.361250116783000230, 75.84746059278900532 ) ) ;
#4217 = EDGE_CURVE ( 'NONE', #2868, #2586, #23, .T. ) ;
#4218 = AXIS2_PLACEMENT_3D ( 'NONE', #3277, #4093, #1265 ) ;
#4219 = CARTESIAN_POINT ( 'NONE',  ( 36.19073999999999813, 1.609999999999999932E-15, 78.25000000000000000 ) ) ;
#4220 = FILL_AREA_STYLE ('',( #230 ) ) ;
#4221 = DIRECTION ( 'NONE',  ( 0.000000000000000000, 0.000000000000000000, 1.000000000000000000 ) ) ;
#4222 = CARTESIAN_POINT ( 'NONE',  ( 30.52927323379399738, -4.832747207367000364, 75.15737440677399661 ) ) ;
#4223 = DIRECTION ( 'NONE',  ( -1.000000000000000000, -2.200000000000000003E-16, 0.000000000000000000 ) ) ;
#4224 = CARTESIAN_POINT ( 'NONE',  ( 36.29421645980400513, 4.240302642784999243, 74.87879284668200341 ) ) ;
#4225 = VERTEX_POINT ( 'NONE', #3585 ) ;
#4226 = DIRECTION ( 'NONE',  ( 0.000000000000000000, 0.000000000000000000, 1.000000000000000000 ) ) ;
#4227 = FACE_OUTER_BOUND ( 'NONE', #3339, .T. ) ;
#4228 = CARTESIAN_POINT ( 'NONE',  ( 30.32681857177200158, -0.6762949606500000543, 78.03967293573199981 ) ) ;
#4229 = CARTESIAN_POINT ( 'NONE',  ( 37.25691442783499951, -4.555010612932000491, 69.88393113492800524 ) ) ;
#4230 = CARTESIAN_POINT ( 'NONE',  ( 34.45213329324599982, -4.413517612239999721, 69.67662967842998967 ) ) ;
#4231 = CARTESIAN_POINT ( 'NONE',  ( 31.45835722855400007, 4.073781451307000090, 70.97315433706098986 ) ) ;
#4232 = DIRECTION ( 'NONE',  ( 0.000000000000000000, 0.000000000000000000, 1.000000000000000000 ) ) ;
#4233 = ORIENTED_EDGE ( 'NONE', *, *, #1884, .F. ) ;
#4234 = CARTESIAN_POINT ( 'NONE',  ( 34.65892224261499877, -2.176742332458000195, 77.07146739119299639 ) ) ;
#4235 = CARTESIAN_POINT ( 'NONE',  ( 33.57121784490571770, -0.9714279863694804673, 67.90524428421917946 ) ) ;
#4236 = CARTESIAN_POINT ( 'NONE',  ( 32.89316910905300517, 3.928414424824999696, 69.64501593207900498 ) ) ;
#4237 = CARTESIAN_POINT ( 'NONE',  ( 35.58655240915099682, 1.965862530341000003, 67.87639196042199785 ) ) ;
#4238 = CARTESIAN_POINT ( 'NONE',  ( 32.61869663351299664, -4.249730219707999801, 70.08183353995599418 ) ) ;
#4239 = CARTESIAN_POINT ( 'NONE',  ( 30.35722200000000015, 5.785134885400000841E-07, 78.16419958932500833 ) ) ;
#4240 = B_SPLINE_CURVE_WITH_KNOTS ( 'NONE', 6,
 ( #1891, #4791, #1331, #2432, #508, #4471, #1760, #321, #1883, #1911, #2590, #1847, #2024, #518, #4771, #3236, #2075, #2522, #3374, #796, #1301, #590, #3508, #607, #4172, #4705, #650, #3921, #4888, #1366, #4329, #495, #4249, #724, #3004, #1900, #2224, #3821, #4606, #4659, #1132, #312, #2663, #4971, #1085, #1031, #4169 ),
 .UNSPECIFIED., .F., .F.,
 ( 7, 5, 5, 5, 5, 5, 5, 5, 5, 7 ),
 ( 0.4993366002738497400, 0.5471089185600001015, 0.6091347861720000090, 0.6711810683910000019, 0.7342489499220000715, 0.7967645398249999511, 0.8587656549200000100, 0.9208940402840000150, 0.9820309083120000171, 1.000000000000000000 ),
 .UNSPECIFIED. ) ;
#4241 = ORIENTED_EDGE ( 'NONE', *, *, #1077, .F. ) ;
#4242 = CARTESIAN_POINT ( 'NONE',  ( 34.10970613125599726, -1.370989088466999961, 78.01956523219399742 ) ) ;
#4243 = CARTESIAN_POINT ( 'NONE',  ( 35.10003422865599987, -2.946910183418999907, 77.32847864085199774 ) ) ;
#4244 = AXIS2_PLACEMENT_3D ( 'NONE', #4742, #1194, #2377 ) ;
#4245 = ADVANCED_FACE ( 'NONE', ( #4711 ), #4805, .T. ) ;
#4246 = CARTESIAN_POINT ( 'NONE',  ( 37.44074024879090246, -6.350000430921746819, 71.29852337444040700 ) ) ;
#4247 = CARTESIAN_POINT ( 'NONE',  ( 31.73832706586999208, 0.7220449168560000297, 77.38742393431300570 ) ) ;
#4248 = CARTESIAN_POINT ( 'NONE',  ( 30.45553699073999709, -3.260530440489000092, 77.23565925834100199 ) ) ;
#4249 = CARTESIAN_POINT ( 'NONE',  ( 33.01593819867800761, 3.543925950733000096, 76.76176322982200873 ) ) ;
#4250 = CARTESIAN_POINT ( 'NONE',  ( 36.40535895488499563, -0.4327886584910000112, 67.76100919608600748 ) ) ;
#4251 = EDGE_CURVE ( 'NONE', #4151, #2319, #3054, .T. ) ;
#4252 = ORIENTED_EDGE ( 'NONE', *, *, #2724, .F. ) ;
#4253 = DIRECTION ( 'NONE',  ( 0.000000000000000000, 0.000000000000000000, 1.000000000000000000 ) ) ;
#4254 = CARTESIAN_POINT ( 'NONE',  ( 37.44073999999999813, 4.098290118971714691, 68.11803406032041153 ) ) ;
#4255 = CARTESIAN_POINT ( 'NONE',  ( 29.34377172852699545, 1.810556777059430855, 68.82107838005437372 ) ) ;
#4256 = CARTESIAN_POINT ( 'NONE',  ( 36.76711016580500058, -4.223203632194000079, 71.04319157539599416 ) ) ;
#4257 = CARTESIAN_POINT ( 'NONE',  ( 30.55313820952099846, -5.070528931112000315, 72.62319227575100911 ) ) ;
#4258 = CARTESIAN_POINT ( 'NONE',  ( 35.32883952578399800, 4.414984488164000354, 74.14128482803900511 ) ) ;
#4259 = CARTESIAN_POINT ( 'NONE',  ( 33.75897356384599846, 4.543673803025000346, 70.48752245298700814 ) ) ;
#4260 = ORIENTED_EDGE ( 'NONE', *, *, #5093, .T. ) ;
#4261 = CARTESIAN_POINT ( 'NONE',  ( 35.13843886383399706, 2.446373000523999863, 69.02253947379799115 ) ) ;
#4262 = CARTESIAN_POINT ( 'NONE',  ( 38.00789484072100066, -3.666174209354000180, 66.65000000000000568 ) ) ;
#4263 = CARTESIAN_POINT ( 'NONE',  ( 35.72468968202599626, 5.283621229597000202, 71.50035031635499649 ) ) ;
#4264 = PRESENTATION_STYLE_ASSIGNMENT (( #1075 ) ) ;
#4265 = CARTESIAN_POINT ( 'NONE',  ( 34.58518600000000021, 1.738178575220000116E-06, 77.47638789141700499 ) ) ;
#4266 = EDGE_CURVE ( 'NONE', #2518, #2996, #1135, .T. ) ;
#4267 = ORIENTED_EDGE ( 'NONE', *, *, #2982, .F. ) ;
#4268 = CARTESIAN_POINT ( 'NONE',  ( 30.54311098177300110, -5.039884932615000146, 74.31959812993000014 ) ) ;
#4269 = ORIENTED_EDGE ( 'NONE', *, *, #616, .T. ) ;
#4270 = CARTESIAN_POINT ( 'NONE',  ( 35.11978858812799587, -3.485428122540999762, 76.89646240659200771 ) ) ;
#4271 = B_SPLINE_CURVE_WITH_KNOTS ( 'NONE', 6,
 ( #578, #2181, #155, #3744, #4513, #2880, #4486, #3246, #2526, #4030, #4457, #963, #1799, #3668, #2477, #550, #4557, #3638, #936, #4604, #4632, #1083, #2787, #1975, #850, #3577, #3522, #434, #4392, #2381, #2000, #877, #41, #387, #3873, #1551, #1949, #3632, #3301, #982, #2076, #206, #1368, #1768, #4799, #1711, #3323 ),
 .UNSPECIFIED., .F., .F.,
 ( 7, 5, 5, 5, 5, 5, 5, 5, 5, 7 ),
 ( 0.4993398784806844515, 0.5000683747290000092, 0.5639063516569999823, 0.6269382777540000173, 0.6889902166579999765, 0.7520637341979999890, 0.8150676102710000537, 0.8781653264359999822, 0.9412316267010000237, 1.000000000000000000 ),
 .UNSPECIFIED. ) ;
#4272 = DIRECTION ( 'NONE',  ( 1.000000000000000000, 2.200000000000000003E-16, 0.000000000000000000 ) ) ;
#4273 = CARTESIAN_POINT ( 'NONE',  ( 36.38284194811999583, -1.229247999967000071, 67.87982237460700219 ) ) ;
#4274 = EDGE_LOOP ( 'NONE', ( #156, #3055, #4267 ) ) ;
#4275 = ADVANCED_FACE ( 'NONE', ( #4350 ), #2387, .T. ) ;
#4276 = CARTESIAN_POINT ( 'NONE',  ( 35.24681598030399954, -5.183985250337000750, 74.35732594238299953 ) ) ;
#4277 = FACE_OUTER_BOUND ( 'NONE', #2983, .T. ) ;
#4278 = CARTESIAN_POINT ( 'NONE',  ( 34.31681598030399982, -5.183985250337000750, 74.35732594238299953 ) ) ;
#4279 = CARTESIAN_POINT ( 'NONE',  ( 31.51361213807199491, 4.435298351625999835, 72.58813747073300249 ) ) ;
#4280 = CARTESIAN_POINT ( 'NONE',  ( 29.93192040084693772, -0.3259680631592445366, 67.95189345985605200 ) ) ;
#4281 = CARTESIAN_POINT ( 'NONE',  ( 33.70002038004700040, 3.230549238666000189, 68.93847816771001646 ) ) ;
#4282 = VERTEX_POINT ( 'NONE', #2158 ) ;
#4283 = CARTESIAN_POINT ( 'NONE',  ( 35.49990545847199286, -2.855349892125000011, 68.59562456805099373 ) ) ;
#4284 = CARTESIAN_POINT ( 'NONE',  ( 35.96629106572299861, 0.8739183338639999743, 78.31041929739599539 ) ) ;
#4285 = CARTESIAN_POINT ( 'NONE',  ( 33.47386123144700321, -3.849516880262999763, 69.53942980391099127 ) ) ;
#4286 = CARTESIAN_POINT ( 'NONE',  ( 34.80083513718899724, 5.340091781502000146, 72.50414955028300312 ) ) ;
#4287 = CARTESIAN_POINT ( 'NONE',  ( 30.21342829416400022, -3.619289396145000115, 70.27477427090799722 ) ) ;
#4288 = CARTESIAN_POINT ( 'NONE',  ( 35.66943477287700404, 4.437536420274999394, 69.64414241594398902 ) ) ;
#4289 = DIRECTION ( 'NONE',  ( 1.000000000000000000, 2.200000000000000003E-16, 0.000000000000000000 ) ) ;
#4290 = CARTESIAN_POINT ( 'NONE',  ( 34.94073999999999813, 1.330000000000000115E-15, 75.94999999999998863 ) ) ;
#4291 = CARTESIAN_POINT ( 'NONE',  ( 34.92490328863200233, 2.831372900238999790, 77.39834932956200930 ) ) ;
#4292 = VERTEX_POINT ( 'NONE', #2566 ) ;
#4293 = CARTESIAN_POINT ( 'NONE',  ( 30.46937473860799983, -3.891177850132999883, 76.62147166092300665 ) ) ;
#4294 = CARTESIAN_POINT ( 'NONE',  ( 34.13953644697700440, -2.333733673840999945, 77.64374031978398705 ) ) ;
#4295 = FACE_OUTER_BOUND ( 'NONE', #4176, .T. ) ;
#4296 = CARTESIAN_POINT ( 'NONE',  ( 29.60481764633499679, 1.447320479999999907E-07, 77.80859296704299766 ) ) ;
#4297 = CARTESIAN_POINT ( 'NONE',  ( 32.72828274761099721, -0.7251928309399999772, 77.41836019915899669 ) ) ;
#4298 = CONICAL_SURFACE ( 'NONE', #2227, 9.038359848542995678, 1.047194281022999940 ) ;
#4299 = FACE_OUTER_BOUND ( 'NONE', #873, .T. ) ;
#4300 = CARTESIAN_POINT ( 'NONE',  ( 30.51132042375400033, -3.136100474257000226, 77.00939060590100382 ) ) ;
#4301 = CARTESIAN_POINT ( 'NONE',  ( 29.74842829416299850, -4.290937736987999962, 69.76894469826599732 ) ) ;
#4302 = CARTESIAN_POINT ( 'NONE',  ( 36.41401907222507361, -0.1236947375109572894, 67.75138797207766572 ) ) ;
#4303 = CARTESIAN_POINT ( 'NONE',  ( 29.85684506594400034, 0.7123698837899999914, 77.32862806586298632 ) ) ;
#4304 = CARTESIAN_POINT ( 'NONE',  ( 39.69950599505600053, -3.666174209354000180, 66.65000000000000568 ) ) ;
#4305 = ORIENTED_EDGE ( 'NONE', *, *, #4150, .T. ) ;
#4306 = CARTESIAN_POINT ( 'NONE',  ( 32.12259493503700014, -3.093330761478000124, 69.60499618801898691 ) ) ;
#4307 = CARTESIAN_POINT ( 'NONE',  ( 33.64444500000000460, 1.448583618999999964E-06, 77.44698990951400219 ) ) ;
#4308 = FACE_OUTER_BOUND ( 'NONE', #2, .T. ) ;
#4309 = EDGE_CURVE ( 'NONE', #779, #1943, #3006, .T. ) ;
#4310 = DIRECTION ( 'NONE',  ( 0.000000000000000000, 0.000000000000000000, 1.000000000000000000 ) ) ;
#4311 = ORIENTED_EDGE ( 'NONE', *, *, #3134, .T. ) ;
#4312 = CARTESIAN_POINT ( 'NONE',  ( 29.65463337095500052, -5.179033418991999760, 72.53543935789100772 ) ) ;
#4313 = CARTESIAN_POINT ( 'NONE',  ( 38.00789484072100066, 3.666174209354000180, 66.65000000000000568 ) ) ;
#4314 = CARTESIAN_POINT ( 'NONE',  ( 34.05944621737199896, -1.649626559470999787, 68.71165514251900674 ) ) ;
#4315 = CARTESIAN_POINT ( 'NONE',  ( 41.87357659274599797, -7.332348418707999471, 73.00000000000000000 ) ) ;
#4316 = CARTESIAN_POINT ( 'NONE',  ( 36.31885239411599997, 3.901908365866999961, 75.56767440769699817 ) ) ;
#4317 = CARTESIAN_POINT ( 'NONE',  ( 32.38966602456299171, -3.086040657552999722, 77.12046996172999513 ) ) ;
#4318 = ADVANCED_FACE ( 'NONE', ( #1129, #2337 ), #310, .T. ) ;
#4319 = CARTESIAN_POINT ( 'NONE',  ( 34.69925676389600255, 4.561221103565999968, 70.45955708702000209 ) ) ;
#4320 = VERTEX_POINT ( 'NONE', #3050 ) ;
#4321 = CARTESIAN_POINT ( 'NONE',  ( 35.20825019764100006, -5.074073158759000002, 74.29758434980699633 ) ) ;
#4322 = CARTESIAN_POINT ( 'NONE',  ( 28.94073999999999813, 0.000000000000000000, 73.00000000000000000 ) ) ;
#4323 = CARTESIAN_POINT ( 'NONE',  ( 32.29505693757900531, -3.361301667899000201, 76.88690070558600098 ) ) ;
#4324 = ADVANCED_BREP_SHAPE_REPRESENTATION ( 'Cut.step', ( #4017, #4863 ), #1087 ) ;
#4325 = EDGE_CURVE ( 'NONE', #2695, #533, #4455, .T. ) ;
#4326 = VERTEX_POINT ( 'NONE', #4631 ) ;
#4327 = CARTESIAN_POINT ( 'NONE',  ( 32.15027957627799537, -2.400996439720999742, 69.10762651357201491 ) ) ;
#4328 = LINE ( 'NONE', #783, #103 ) ;
#4329 = CARTESIAN_POINT ( 'NONE',  ( 32.98679090334599806, 4.198069765480000548, 76.00147168432098965 ) ) ;
#4330 = CARTESIAN_POINT ( 'NONE',  ( 30.97154223781300075, 2.866368191512999708, 68.77338672770899564 ) ) ;
#4331 = CARTESIAN_POINT ( 'NONE',  ( 33.90733500423299773, 4.589881918006001094, 75.42241323107300843 ) ) ;
#4332 = ORIENTED_EDGE ( 'NONE', *, *, #1136, .F. ) ;
#4333 = AXIS2_PLACEMENT_3D ( 'NONE', #4410, #2333, #1596 ) ;
#4334 = CARTESIAN_POINT ( 'NONE',  ( 35.91701919716900449, 2.586670872290000034, 77.82365622093199420 ) ) ;
#4335 = CARTESIAN_POINT ( 'NONE',  ( 34.20775999029900305, -3.316184322036999532, 77.30794985764700300 ) ) ;
#4336 = CARTESIAN_POINT ( 'NONE',  ( 34.69606402493499786, 1.735547695097999998, 68.08231135208100682 ) ) ;
#4337 = CARTESIAN_POINT ( 'NONE',  ( 35.58650533964659957, 0.01688096436696514407, 67.76890673512541241 ) ) ;
#4338 = CARTESIAN_POINT ( 'NONE',  ( 34.99186405692000079, 0.6501511361919999343, 78.18820964333200152 ) ) ;
#4339 = ORIENTED_EDGE ( 'NONE', *, *, #2708, .T. ) ;
#4340 = ADVANCED_FACE ( 'NONE', ( #2292 ), #4500, .T. ) ;
#4341 = CARTESIAN_POINT ( 'NONE',  ( 29.46636540966500206, 1.592688920252000040, 68.84884874384400177 ) ) ;
#4342 = CARTESIAN_POINT ( 'NONE',  ( 33.38559884730899796, -5.127228409025001099, 72.26402694746300881 ) ) ;
#4343 = B_SPLINE_CURVE_WITH_KNOTS ( 'NONE', 6,
 ( #1255, #436, #2051, #1581, #1225, #42, #4800, #1658, #4425, #5090, #2754, #4367, #2382, #852, #3125, #461, #3099, #3578, #2731, #1631, #3207, #2710, #3178, #4773, #4703, #2789, #2816, #2322, #1950, #3899, #388, #3499, #1177, #3924, #3523, #16, #1743, #3634, #3662, #1685, #1004, #2523, #4891, #1369, #1795, #4113, #4940 ),
 .UNSPECIFIED., .F., .F.,
 ( 7, 5, 5, 5, 5, 5, 5, 5, 5, 7 ),
 ( 0.4993458861356179779, 0.5032566275229999331, 0.5662192034959999676, 0.6292515889480000402, 0.6923047400449999778, 0.7557568180170000094, 0.8193678092389999890, 0.8824835758549999243, 0.9456201173390000880, 1.000000000000000000 ),
 .UNSPECIFIED. ) ;
#4344 = DIRECTION ( 'NONE',  ( 1.000000000000000000, 2.200000000000000003E-16, 0.000000000000000000 ) ) ;
#4345 = CARTESIAN_POINT ( 'NONE',  ( 36.19073999999999813, -5.247859283373999872, 72.85009022078898511 ) ) ;
#4346 = CARTESIAN_POINT ( 'NONE',  ( 31.68569293818800148, -4.065032378187999562, 69.88774758915000973 ) ) ;
#4347 = ORIENTED_EDGE ( 'NONE', *, *, #4712, .T. ) ;
#4348 = CARTESIAN_POINT ( 'NONE',  ( 35.38213329324499767, -4.413517612238999632, 69.67662967842998967 ) ) ;
#4349 = CARTESIAN_POINT ( 'NONE',  ( 30.62513452725500329, 4.270759613175000524, 74.10399960320400226 ) ) ;
#4350 = FACE_OUTER_BOUND ( 'NONE', #718, .T. ) ;
#4351 = CARTESIAN_POINT ( 'NONE',  ( 33.86772743377900241, 5.071269387280000096, 74.14028273840300187 ) ) ;
#4352 = VERTEX_POINT ( 'NONE', #2613 ) ;
#4353 = CARTESIAN_POINT ( 'NONE',  ( 29.52162031932999753, 3.029925278796000043, 69.66314973366999652 ) ) ;
#4354 = CARTESIAN_POINT ( 'NONE',  ( 34.25691748544800674, -4.519720328427999867, 75.98992869627601010 ) ) ;
#4355 = CARTESIAN_POINT ( 'NONE',  ( 36.87936731520600375, 1.542477253000000020E-06, 78.25000000000000000 ) ) ;
#4356 = DIRECTION ( 'NONE',  ( 1.000000000000000000, 2.200000000000000003E-16, 0.000000000000000000 ) ) ;
#4357 = CARTESIAN_POINT ( 'NONE',  ( 34.07091413152000570, 1.737882970298000096, 78.11937457346600411 ) ) ;
#4358 = CARTESIAN_POINT ( 'NONE',  ( 31.74064885875899833, -0.9630394033909999152, 67.79256876490200057 ) ) ;
#4359 = CARTESIAN_POINT ( 'NONE',  ( 34.82711817680500133, 4.909674719515999541, 74.76901319958200531 ) ) ;
#4360 = ORIENTED_EDGE ( 'NONE', *, *, #1877, .T. ) ;
#4361 = CARTESIAN_POINT ( 'NONE',  ( 35.25746566706900609, -5.216132255370999893, 72.59059002011198913 ) ) ;
#4362 = CARTESIAN_POINT ( 'NONE',  ( 32.27712049529699812, -1.705458431225999938, 78.03767720717399925 ) ) ;
#4363 = CARTESIAN_POINT ( 'NONE',  ( 31.15416929398000079, -3.643805370698999457, 70.25631126646401015 ) ) ;
#4364 = EDGE_CURVE ( 'NONE', #2280, #3757, #2898, .T. ) ;
#4365 = AXIS2_PLACEMENT_3D ( 'NONE', #1356, #2890, #1783 ) ;
#4366 = CARTESIAN_POINT ( 'NONE',  ( 29.32805657660800236, -2.352879613140000270, 69.18564320941298718 ) ) ;
#4367 = CARTESIAN_POINT ( 'NONE',  ( 35.55368714982200373, 2.448194195808000018, 68.36542463069500286 ) ) ;
#4368 = CARTESIAN_POINT ( 'NONE',  ( 30.50144319926300085, -2.865727208267999870, 77.20921800680000047 ) ) ;
#4369 = CARTESIAN_POINT ( 'NONE',  ( 28.94073999999999813, 0.000000000000000000, 73.00000000000000000 ) ) ;
#4370 = CARTESIAN_POINT ( 'NONE',  ( 29.70751889025197912, -1.651462246602200867, 68.34027646493251495 ) ) ;
#4371 = CARTESIAN_POINT ( 'NONE',  ( 35.45051603336600010, -4.124792004877000373, 69.76005489807600668 ) ) ;
#4372 = ORIENTED_EDGE ( 'NONE', *, *, #3242, .F. ) ;
#4373 = CARTESIAN_POINT ( 'NONE',  ( 36.53659395556699963, 0.1297760002610000019, 67.75160422702700203 ) ) ;
#4374 = CARTESIAN_POINT ( 'NONE',  ( 35.63106631844900107, 3.718888197260000084, 68.90453170938299365 ) ) ;
#4375 = CARTESIAN_POINT ( 'NONE',  ( 30.51761622877399915, 4.046429724420000262, 70.98676030009100657 ) ) ;
#4376 = CIRCLE ( 'NONE', #615, 2.399999999999999467 ) ;
#4377 = CARTESIAN_POINT ( 'NONE',  ( 32.09892591731299660, 2.891653309363000357, 77.25373252320399331 ) ) ;
#4378 = CARTESIAN_POINT ( 'NONE',  ( 30.92214216637300339, 1.341779440795999978, 68.07643602571900487 ) ) ;
#4379 = CARTESIAN_POINT ( 'NONE',  ( 42.44074024879455465, -6.349999569078626394, 71.29852188168425187 ) ) ;
#4380 = VERTEX_POINT ( 'NONE', #5088 ) ;
#4381 = CARTESIAN_POINT ( 'NONE',  ( 29.75830132971800168, 3.282224222006999703, 76.04219418711399214 ) ) ;
#4382 = CARTESIAN_POINT ( 'NONE',  ( 34.30607498059799809, -5.155165186834000046, 74.34978037975099596 ) ) ;
#4383 = FACE_OUTER_BOUND ( 'NONE', #2850, .T. ) ;
#4384 = CARTESIAN_POINT ( 'NONE',  ( 37.44073999999999813, 4.098290118971733342, 77.88196593967957426 ) ) ;
#4385 = CARTESIAN_POINT ( 'NONE',  ( 31.57203530116600021, -5.087148388035999780, 73.53972538356799760 ) ) ;
#4386 = CARTESIAN_POINT ( 'NONE',  ( 32.26096095472200176, 0.8124325331020000318, 68.59624352338600772 ) ) ;
#4387 = CARTESIAN_POINT ( 'NONE',  ( 31.43875077207099977, -4.898015968716999957, 74.48300676823600952 ) ) ;
#4388 = ORIENTED_EDGE ( 'NONE', *, *, #89, .F. ) ;
#4389 = CARTESIAN_POINT ( 'NONE',  ( 29.95521724316499856, -2.105294298075999659, 76.93784580389801420 ) ) ;
#4390 = CARTESIAN_POINT ( 'NONE',  ( 29.80757319783099746, 2.108355605837999747, 76.93157750601498890 ) ) ;
#4391 = CARTESIAN_POINT ( 'NONE',  ( 35.66666444701699845, 2.693536515217000105, 68.49142974724298938 ) ) ;
#4392 = CARTESIAN_POINT ( 'NONE',  ( 33.97172334325700405, 5.082642096104000196, 74.10303319498899555 ) ) ;
#4393 = CARTESIAN_POINT ( 'NONE',  ( 31.27332706586999223, 0.8545682696159999647, 78.19282756008000490 ) ) ;
#4394 = DIRECTION ( 'NONE',  ( 1.000000000000000000, 2.200000000000000003E-16, 0.000000000000000000 ) ) ;
#4395 = CARTESIAN_POINT ( 'NONE',  ( 36.76711016580500058, -4.223203632194000079, 71.04319157539599416 ) ) ;
#4396 = EDGE_CURVE ( 'NONE', #465, #2257, #333, .T. ) ;
#4397 = ORIENTED_EDGE ( 'NONE', *, *, #4028, .F. ) ;
#4398 = CARTESIAN_POINT ( 'NONE',  ( 35.88555893444799949, -3.176003918110000157, 69.51424489203800761 ) ) ;
#4399 = CARTESIAN_POINT ( 'NONE',  ( 32.77744024283400393, -2.148163118692999696, 77.01801875626199489 ) ) ;
#4400 = EDGE_CURVE ( 'NONE', #4099, #4292, #4143, .T. ) ;
#4401 = CARTESIAN_POINT ( 'NONE',  ( 30.84680074768499836, -0.7155414181310000288, 77.35956414024200001 ) ) ;
#4402 = CARTESIAN_POINT ( 'NONE',  ( 31.15783793490700049, 4.925706914746999843, 74.36040988238100624 ) ) ;
#4403 = AXIS2_PLACEMENT_3D ( 'NONE', #4856, #3712, #1684 ) ;
#4404 = CARTESIAN_POINT ( 'NONE',  ( 33.46046446843799771, -5.166723785523999801, 73.30668679137799870 ) ) ;
#4405 = ORIENTED_EDGE ( 'NONE', *, *, #1159, .F. ) ;
#4406 = CARTESIAN_POINT ( 'NONE',  ( 37.06848116572199814, -5.092504497439000133, 74.48794932049598572 ) ) ;
#4407 = CARTESIAN_POINT ( 'NONE',  ( 30.75601355430999817, -3.802958863020000191, 69.61504943947801394 ) ) ;
#4408 = CARTESIAN_POINT ( 'NONE',  ( 30.84753913195500274, 2.305542678122000311, 68.45752224058199431 ) ) ;
#4409 = CARTESIAN_POINT ( 'NONE',  ( 36.93166800000000194, 2.313265538679999825E-06, 78.34058748074198775 ) ) ;
#4410 = CARTESIAN_POINT ( 'NONE',  ( 40.88860299587199876, 2.650000000000000068E-15, 73.00000000000000000 ) ) ;
#4411 = CARTESIAN_POINT ( 'NONE',  ( 32.14375161713899587, 4.328469217421999637, 75.78113289194600100 ) ) ;
#4412 = CARTESIAN_POINT ( 'NONE',  ( 32.17796421751800295, -1.627882660487000033, 68.76818938711400619 ) ) ;
#4413 = CARTESIAN_POINT ( 'NONE',  ( 30.43473386438699890, 2.366340998274000018, 69.15263889171399114 ) ) ;
#4414 =( BOUNDED_CURVE ( )  B_SPLINE_CURVE ( 2, ( #4313, #3935, #28 ),
 .UNSPECIFIED., .F., .T. ) 
 B_SPLINE_CURVE_WITH_KNOTS ( ( 3, 3 ),
 ( 0.000000000000000000, 1.000000000000000000 ),
 .UNSPECIFIED. ) 
 CURVE ( )  GEOMETRIC_REPRESENTATION_ITEM ( )  RATIONAL_B_SPLINE_CURVE ( ( 1.000000000000000000, 1.037954849301979898, 1.000000000000000000 ) ) 
 REPRESENTATION_ITEM ( '' )  );
#4415 = CARTESIAN_POINT ( 'NONE',  ( 30.10541389561399939, 4.951020668624000365, 74.13585864925700264 ) ) ;
#4416 = CARTESIAN_POINT ( 'NONE',  ( 31.66581684424800258, -1.748407578787000149, 68.18368667291800023 ) ) ;
#4417 = EDGE_LOOP ( 'NONE', ( #173, #998, #2087, #2135 ) ) ;
#4418 = CARTESIAN_POINT ( 'NONE',  ( 30.15805901182899973, -4.302600615397000006, 71.79182894720798913 ) ) ;
#4419 = CARTESIAN_POINT ( 'NONE',  ( 31.40310231903700000, 3.071184418942999983, 69.61771849007300261 ) ) ;
#4420 = EDGE_CURVE ( 'NONE', #3757, #2586, #2608, .T. ) ;
#4421 = CARTESIAN_POINT ( 'NONE',  ( 29.30037193547800101, -3.031325893481000122, 69.67305965964999359 ) ) ;
#4422 = CARTESIAN_POINT ( 'NONE',  ( 30.20303592447499952, 3.242602608887000137, 76.90210344310401069 ) ) ;
#4423 = CARTESIAN_POINT ( 'NONE',  ( 35.72593115678599673, 4.225179911927000376, 69.87754511948699587 ) ) ;
#4424 = CARTESIAN_POINT ( 'NONE',  ( 30.02498877397900046, 4.290681447102000945, 69.75518496523800138 ) ) ;
#4425 = CARTESIAN_POINT ( 'NONE',  ( 35.51420048435299748, 1.157605887179999904, 67.87985683060999520 ) ) ;
#4426 = CARTESIAN_POINT ( 'NONE',  ( 34.57094771782800535, 1.065665684370000088, 67.88937752304599371 ) ) ;
#4427 =( NAMED_UNIT ( * ) PLANE_ANGLE_UNIT ( ) SI_UNIT ( $, .RADIAN. ) );
#4428 = ORIENTED_EDGE ( 'NONE', *, *, #1670, .T. ) ;
#4429 = CARTESIAN_POINT ( 'NONE',  ( 36.01550574750100253, -0.8718856859789999580, 78.31195791242900839 ) ) ;
#4430 = CARTESIAN_POINT ( 'NONE',  ( 32.98028201105800150, -4.390073494395999809, 71.76726147205799577 ) ) ;
#4431 = CARTESIAN_POINT ( 'NONE',  ( 30.92053699074000050, -2.752282155932999963, 76.57549304624299680 ) ) ;
#4432 = CARTESIAN_POINT ( 'NONE',  ( 31.50606821801200397, -4.374849384482000225, 75.66007321893900439 ) ) ;
#4433 = CARTESIAN_POINT ( 'NONE',  ( 41.87357659274599797, -3.666174209354000180, 66.65000000000000568 ) ) ;
#4434 = EDGE_CURVE ( 'NONE', #773, #565, #2080, .T. ) ;
#4435 = CARTESIAN_POINT ( 'NONE',  ( 30.23443671962699852, 4.719285349101999927, 74.91346986117598306 ) ) ;
#4436 = CARTESIAN_POINT ( 'NONE',  ( 38.00789484072100066, -3.666174209354000180, 66.65000000000000568 ) ) ;
#4437 = ORIENTED_EDGE ( 'NONE', *, *, #4309, .F. ) ;
#4438 = CARTESIAN_POINT ( 'NONE',  ( 29.88148100000000085, 2.897620816500000079E-07, 77.32939798190299996 ) ) ;
#4439 = CARTESIAN_POINT ( 'NONE',  ( 34.56055006576000466, 0.7365574659599999352, 77.47561773704499899 ) ) ;
#4440 = CARTESIAN_POINT ( 'NONE',  ( 28.94073999999999813, 7.332348418707999471, 73.00000000000000000 ) ) ;
#4441 = CARTESIAN_POINT ( 'NONE',  ( 31.82305814037356129, -5.421010862427522170E-16, 67.88648924804846274 ) ) ;
#4442 = CARTESIAN_POINT ( 'NONE',  ( 31.91043548588899625, -3.776698570171999947, 75.49845569806599599 ) ) ;
#4443 = CARTESIAN_POINT ( 'NONE',  ( 31.27656607249299725, -0.9843623450960000687, 78.01999538935400835 ) ) ;
#4444 = ORIENTED_EDGE ( 'NONE', *, *, #1150, .F. ) ;
#4445 = CARTESIAN_POINT ( 'NONE',  ( 30.98261622877399901, 4.795776760455000343, 70.61401124345799474 ) ) ;
#4446 = CARTESIAN_POINT ( 'NONE',  ( 37.44073999999999813, 5.776332102770301624, 75.69509943430678334 ) ) ;
#4447 = CARTESIAN_POINT ( 'NONE',  ( 33.94870765211500441, -4.151872298944999429, 70.94707288968399439 ) ) ;
#4448 = CARTESIAN_POINT ( 'NONE',  ( 29.52162031932999753, 3.029925278796000043, 69.66314973366999652 ) ) ;
#4449 = CARTESIAN_POINT ( 'NONE',  ( 35.01053784695899651, 1.735430396999999980E-06, 78.21311890144400536 ) ) ;
#4450 = LINE ( 'NONE', #3686, #3480 ) ;
#4451 = CARTESIAN_POINT ( 'NONE',  ( 30.03653257513099817, 4.936109517650999479, 71.82018498619900981 ) ) ;
#4452 = LINE ( 'NONE', #599, #2222 ) ;
#4453 = CARTESIAN_POINT ( 'NONE',  ( 31.24757385262600096, 3.857325969999999977E-07, 78.09552697401001353 ) ) ;
#4454 = CARTESIAN_POINT ( 'NONE',  ( 36.05639261387699435, 2.313736756999999794E-06, 78.24580166908199885 ) ) ;
#4455 = B_SPLINE_CURVE_WITH_KNOTS ( 'NONE', 6,
 ( #4296, #3520, #1081, #3024, #2998, #3497, #4680, #3871, #408, #3098, #361, #1947, #385, #3426, #799, #1154, #5015, #4655, #774, #1512, #13, #4699 ),
 .UNSPECIFIED., .F., .F.,
 ( 7, 5, 5, 5, 7 ),
 ( 0.000000000000000000, 0.2404807834190000049, 0.4862299229279999913, 0.7399123278949999438, 1.000000000000000000 ),
 .UNSPECIFIED. ) ;
#4456 = CIRCLE ( 'NONE', #3865, 5.250000000000004441 ) ;
#4457 = CARTESIAN_POINT ( 'NONE',  ( 33.75526462358899948, 1.723810878100000110, 68.10947906453500877 ) ) ;
#4458 = ORIENTED_EDGE ( 'NONE', *, *, #3666, .T. ) ;
#4459 = CARTESIAN_POINT ( 'NONE',  ( 36.40592821722400174, -1.969216790106999904, 67.88069598869398646 ) ) ;
#4460 = CARTESIAN_POINT ( 'NONE',  ( 33.57053719738900099, 2.165645641764999851, 77.03842381234100856 ) ) ;
#4461 = CARTESIAN_POINT ( 'NONE',  ( 32.14909066933000048, 1.331961694179999878, 77.96579366046599091 ) ) ;
#4462 = CARTESIAN_POINT ( 'NONE',  ( 42.44073999999999813, -8.999999999999999516E-15, 66.65000000000000568 ) ) ;
#4463 = CARTESIAN_POINT ( 'NONE',  ( 33.31347496272699971, -2.615620414373999836, 77.46825725963699938 ) ) ;
#4464 = ORIENTED_EDGE ( 'NONE', *, *, #1450, .T. ) ;
#4465 = CARTESIAN_POINT ( 'NONE',  ( 29.24500265321600168, -4.014934021239000117, 71.01479537721201041 ) ) ;
#4466 = CARTESIAN_POINT ( 'NONE',  ( 30.79505534652300014, -2.807364316758000022, 68.74135277858299276 ) ) ;
#4467 = CARTESIAN_POINT ( 'NONE',  ( 30.92609246289200087, 4.280107820067000191, 70.21791450958200187 ) ) ;
#4468 = FACE_OUTER_BOUND ( 'NONE', #2762, .T. ) ;
#4469 = DIRECTION ( 'NONE',  ( 1.000000000000000000, 2.200000000000000003E-16, 0.000000000000000000 ) ) ;
#4470 = ADVANCED_FACE ( 'NONE', ( #2046 ), #1716, .T. ) ;
#4471 = CARTESIAN_POINT ( 'NONE',  ( 32.69613295915318218, 1.274195443995644661, 68.01298662818767582 ) ) ;
#4472 = CARTESIAN_POINT ( 'NONE',  ( 29.18963337095500066, -4.363254769159000013, 72.60863980398600859 ) ) ;
#4473 = CARTESIAN_POINT ( 'NONE',  ( 31.46693354316699853, -5.083924503059000344, 73.53897000492199254 ) ) ;
#4474 = ORIENTED_EDGE ( 'NONE', *, *, #1415, .F. ) ;
#4475 = CARTESIAN_POINT ( 'NONE',  ( 31.01024368357000327, 5.108830630006999662, 71.54995318347999955 ) ) ;
#4476 = CARTESIAN_POINT ( 'NONE',  ( 34.19486689396799761, -0.6914151909729999712, 78.15998388337500558 ) ) ;
#4477 = CARTESIAN_POINT ( 'NONE',  ( 30.37650319346100147, -2.278583266937000307, 77.53917271624800378 ) ) ;
#4478 = CARTESIAN_POINT ( 'NONE',  ( 28.57405499103300173, -3.223427852741000077, 77.18746552548100226 ) ) ;
#4479 = CARTESIAN_POINT ( 'NONE',  ( 31.86127799059299548, -2.770833450081999771, 76.59958991255599869 ) ) ;
#4480 = ADVANCED_FACE ( 'NONE', ( #2917, #4529 ), #2563, .T. ) ;
#4481 = CARTESIAN_POINT ( 'NONE',  ( 31.89572977379399887, 4.315157276050999968, 69.73667787380399830 ) ) ;
#4482 = CARTESIAN_POINT ( 'NONE',  ( 36.40700917163399453, -3.889093075306000014, 69.41047789346599473 ) ) ;
#4483 = CARTESIAN_POINT ( 'NONE',  ( 29.22916607225000263, -4.425528906990999545, 73.37666100695099658 ) ) ;
#4484 = CARTESIAN_POINT ( 'NONE',  ( 30.29763547053200057, 0.3112075141749999774, 78.06584157562099335 ) ) ;
#4485 = B_SPLINE_SURFACE_WITH_KNOTS ( 'NONE', 1, 9, ( 
 ( #2491, #2233, #345, #1909, #3435, #5075, #3392, #320, #2277, #3011, #710, #687, #4613, #3805, #273, #1117, #3460, #1142, #297, #1859, #1882, #368, #3780, #3035, #1540, #4258, #5053, #1520, #5001, #1833, #3883, #3413, #4643, #2577 ),
 ( #3059, #2625, #2670, #1475, #3830, #1094, #1932, #3485, #4278, #2648, #2989, #4203, #4230, #4568, #756, #4180, #4980, #732, #2255, #1496, #5025, #1042, #3854, #4665, #2303, #660, #2209, #2599, #1453, #4592, #1068, #3084, #2414, #1346 ) ),
 .UNSPECIFIED., .F., .F., .F.,
 ( 2, 2 ),
 ( 10, 8, 8, 8, 10 ),
 ( 0.000000000000000000, 0.9300000000000000488 ),
 ( 0.000000000000000000, 1.477706217987999837, 3.142142805069999767, 4.803141251146000101, 6.284285610140000422 ),
 .UNSPECIFIED. ) ;
#4486 = CARTESIAN_POINT ( 'NONE',  ( 33.71523446321700135, 0.3694411034150000273, 67.82899592279899537 ) ) ;
#4487 = ORIENTED_EDGE ( 'NONE', *, *, #4909, .F. ) ;
#4488 = CARTESIAN_POINT ( 'NONE',  ( 36.69172948020400327, 5.076467909867999673, 74.53878680060999784 ) ) ;
#4489 = CARTESIAN_POINT ( 'NONE',  ( 36.68231713660100013, 5.399624347025999249, 72.49862285700498887 ) ) ;
#4490 = CARTESIAN_POINT ( 'NONE',  ( 33.20170195468499941, 0.8178568482460000233, 68.56684548803499979 ) ) ;
#4491 = ADVANCED_FACE ( 'NONE', ( #226 ), #4893, .T. ) ;
#4492 = CARTESIAN_POINT ( 'NONE',  ( 29.60481764633499679, 1.447320479999999907E-07, 77.80859296704299766 ) ) ;
#4493 = B_SPLINE_CURVE_WITH_KNOTS ( 'NONE', 6,
 ( #1423, #2484, #2885, #2167, #4494, #969, #4097, #214, #3333, #4926, #2928, #183, #4535, #3351, #4944, #2445, #1224, #4451, #3237, #2876, #200, #2403, #1624, #4415, #856, #1498, #386, #2729, #3148, #5044, #3920, #4422, #5003, #3109, #4148, #339, #2758, #778, #4862, #1007, #4484, #3350 ),
 .UNSPECIFIED., .F., .F.,
 ( 7, 5, 5, 5, 5, 5, 5, 5, 7 ),
 ( 0.000000000000000000, 0.1282989095429999948, 0.2532160767609999974, 0.3781749515560000052, 0.5045225204019999632, 0.6313465158650000131, 0.7564276685970000580, 0.8815544045189999123, 1.000000000000000000 ),
 .UNSPECIFIED. ) ;
#4494 = CARTESIAN_POINT ( 'NONE',  ( 29.88025358343200111, 1.462416248478999981, 68.14463079936200529 ) ) ;
#4495 = CARTESIAN_POINT ( 'NONE',  ( 36.89113147594500219, -1.397864390081999808, 68.55612736478700242 ) ) ;
#4496 = ORIENTED_EDGE ( 'NONE', *, *, #3856, .F. ) ;
#4497 = CARTESIAN_POINT ( 'NONE',  ( 36.46666799999999853, 2.317270785000000039E-06, 77.53518385522301060 ) ) ;
#4498 = CARTESIAN_POINT ( 'NONE',  ( 34.22532531859599914, 3.133073129417999869, 69.54957162488499023 ) ) ;
#4499 = CARTESIAN_POINT ( 'NONE',  ( 34.96246437558200171, 4.465088863245999740, 75.72272139345299991 ) ) ;
#4500 = CONICAL_SURFACE ( 'NONE', #2250, 5.250000000000004441, 0.03123964828145001787 ) ;
#4501 = CARTESIAN_POINT ( 'NONE',  ( 31.83875364214359394, 0.5360800386253254946, 67.90285798218616264 ) ) ;
#4502 = CARTESIAN_POINT ( 'NONE',  ( 30.44187983812199860, -1.010940604533999920, 77.98928613996100978 ) ) ;
#4503 = B_SPLINE_CURVE_WITH_KNOTS ( 'NONE', 6,
 ( #437, #2711, #4749, #1977, #2732, #2002, #3080, #5048, #3552, #1953, #4323, #725, #3152, #3847, #1514, #3052, #1133, #3500, #5091, #1554, #4704, #2664, #750, #2296, #905, #2078, #97, #2413, #3636, #462, #124, #4000, #4027, #2475, #2878, #2790, #4775, #1687, #3664, #932, #1256, #3241, #4057, #1226, #1660, #2384, #70 ),
 .UNSPECIFIED., .F., .F.,
 ( 7, 5, 5, 5, 5, 5, 5, 5, 5, 7 ),
 ( 0.000000000000000000, 0.06247490982111000152, 0.1233431701750000026, 0.1838471039120000150, 0.2445875636330000213, 0.3055148880809999690, 0.3664619662619999496, 0.4274288087349999987, 0.4823906371330000109, 0.4993366002738497400 ),
 .UNSPECIFIED. ) ;
#4504 = DIRECTION ( 'NONE',  ( 0.000000000000000000, 0.000000000000000000, 1.000000000000000000 ) ) ;
#4505 = VERTEX_POINT ( 'NONE', #717 ) ;
#4506 = CARTESIAN_POINT ( 'NONE',  ( 33.92102301080100091, -4.419231120804000490, 71.75907231376500306 ) ) ;
#4507 = CARTESIAN_POINT ( 'NONE',  ( 35.96861285861300672, -0.8358607308170000749, 68.48038067733099865 ) ) ;
#4508 = CARTESIAN_POINT ( 'NONE',  ( 32.26096095472200176, 0.8124325331020000318, 68.59624352338600772 ) ) ;
#4509 = CARTESIAN_POINT ( 'NONE',  ( 31.48385198147899544, -5.068704996187999967, 74.32714369231901230 ) ) ;
#4510 = EDGE_CURVE ( 'NONE', #357, #3169, #3067, .T. ) ;
#4511 = CARTESIAN_POINT ( 'NONE',  ( 32.80201899044600111, -2.789384744198999844, 76.62368677888699153 ) ) ;
#4512 = DIRECTION ( 'NONE',  ( 1.000000000000000000, 2.200000000000000003E-16, 0.000000000000000000 ) ) ;
#4513 = CARTESIAN_POINT ( 'NONE',  ( 33.70499703832044247, 0.01578318341702057356, 67.82770067978478323 ) ) ;
#4514 = ORIENTED_EDGE ( 'NONE', *, *, #4768, .T. ) ;
#4515 = CARTESIAN_POINT ( 'NONE',  ( 36.13839948500800148, -4.570271622143000201, 76.02336661963900610 ) ) ;
#4516 = CARTESIAN_POINT ( 'NONE',  ( 39.84800092797961923, -6.973844507863816489, 73.62094698829575634 ) ) ;
#4517 = CARTESIAN_POINT ( 'NONE',  ( 39.69950599505600053, 3.666174209354000180, 66.65000000000000568 ) ) ;
#4518 = CARTESIAN_POINT ( 'NONE',  ( 36.53659370266147732, 1.054092429478320714, 67.77445960881399856 ) ) ;
#4519 = ORIENTED_EDGE ( 'NONE', *, *, #2794, .F. ) ;
#4520 = CARTESIAN_POINT ( 'NONE',  ( 37.19940913044199959, -4.350303984455999640, 69.98273857450600133 ) ) ;
#4521 = CARTESIAN_POINT ( 'NONE',  ( 34.08713085868599535, -0.8249884807970000455, 68.53917653405399335 ) ) ;
#4522 = CARTESIAN_POINT ( 'NONE',  ( 35.02166390032999743, 3.073005052856000230, 77.23402162283699113 ) ) ;
#4523 = CARTESIAN_POINT ( 'NONE',  ( 31.32021995475900411, 0.8070082180300000019, 68.62564155874399319 ) ) ;
#4524 = DIRECTION ( 'NONE',  ( 1.000000000000000000, 2.200000000000000003E-16, 0.000000000000000000 ) ) ;
#4525 = ORIENTED_EDGE ( 'NONE', *, *, #2423, .F. ) ;
#4526 = CARTESIAN_POINT ( 'NONE',  ( 30.79758606590699799, 0.7172074002070000232, 77.35802600009199637 ) ) ;
#4527 = CARTESIAN_POINT ( 'NONE',  ( 34.51192887997330416, -0.9779862401359333823, 67.87642151462162587 ) ) ;
#4528 = CARTESIAN_POINT ( 'NONE',  ( 34.30291654019300296, -3.924884890492999823, 76.41433972558900223 ) ) ;
#4529 = FACE_OUTER_BOUND ( 'NONE', #35, .T. ) ;
#4530 = CARTESIAN_POINT ( 'NONE',  ( 31.93501423353700019, -4.107292927632999913, 74.83356338910201089 ) ) ;
#4531 = CARTESIAN_POINT ( 'NONE',  ( 32.12941926348000266, 3.282734784297999919, 77.24999938486098472 ) ) ;
#4532 = CARTESIAN_POINT ( 'NONE',  ( 34.10944500000000090, 1.446079938280000163E-06, 78.25239353503400253 ) ) ;
#4533 =( NAMED_UNIT ( * ) PLANE_ANGLE_UNIT ( ) SI_UNIT ( $, .RADIAN. ) );
#4534 = EDGE_CURVE ( 'NONE', #4059, #1662, #3127, .T. ) ;
#4535 = CARTESIAN_POINT ( 'NONE',  ( 29.97799706686700105, 4.112276755855999610, 70.02949057962599966 ) ) ;
#4536 = CARTESIAN_POINT ( 'NONE',  ( 34.37503092770300128, -4.645493595240000495, 70.65335545340300882 ) ) ;
#4537 = CARTESIAN_POINT ( 'NONE',  ( 37.44073999999999813, 4.000000000000000311E-15, 79.35000000000000853 ) ) ;
#4538 = CARTESIAN_POINT ( 'NONE',  ( 32.76432940937099403, 1.933315736618000047, 67.96120797153200499 ) ) ;
#4539 = FACE_OUTER_BOUND ( 'NONE', #1649, .T. ) ;
#4540 = CARTESIAN_POINT ( 'NONE',  ( 36.53533790418826044, 0.08652424955452645006, 67.75064173236593490 ) ) ;
#4541 = ORIENTED_EDGE ( 'NONE', *, *, #3048, .F. ) ;
#4542 = CARTESIAN_POINT ( 'NONE',  ( 39.94071895468699296, -6.643813628256999948, 74.19257723983899666 ) ) ;
#4543 = AXIS2_PLACEMENT_3D ( 'NONE', #3140, #3590, #1645 ) ;
#4544 = CARTESIAN_POINT ( 'NONE',  ( 36.27730590377900199, -5.227574509675000591, 71.56072384893100491 ) ) ;
#4545 = CONICAL_SURFACE ( 'NONE', #3103, 9.038359848542995678, 1.047194281022999940 ) ;
#4546 = CARTESIAN_POINT ( 'NONE',  ( 34.81475253878500098, 4.723923470873000241, 70.78293377378599871 ) ) ;
#4547 = AXIS2_PLACEMENT_3D ( 'NONE', #2600, #4105, #591 ) ;
#4548 = CARTESIAN_POINT ( 'NONE',  ( 36.09443680472399762, -4.302140297441000349, 76.03728766915899939 ) ) ;
#4549 = ORIENTED_EDGE ( 'NONE', *, *, #4858, .T. ) ;
#4550 = CARTESIAN_POINT ( 'NONE',  ( 35.14558482224399683, -1.040246972977999951, 78.13392621611798461 ) ) ;
#4551 = CARTESIAN_POINT ( 'NONE',  ( 33.97639229342900080, -3.717353294899000460, 70.20092225357601023 ) ) ;
#4552 = CARTESIAN_POINT ( 'NONE',  ( 29.11187522899500379, 4.768425033906999566, 70.62761720690099310 ) ) ;
#4553 = CARTESIAN_POINT ( 'NONE',  ( 33.14406806583299669, 0.8594057857590000626, 78.22222549439899808 ) ) ;
#4554 = AXIS2_PLACEMENT_3D ( 'NONE', #2669, #860, #2692 ) ;
#4555 = CARTESIAN_POINT ( 'NONE',  ( 33.25695686405499885, 2.414360199268000162, 69.07457924088700452 ) ) ;
#4556 = CARTESIAN_POINT ( 'NONE',  ( 33.45062529824400599, -5.141804843291000182, 73.64622333261799270 ) ) ;
#4557 = CARTESIAN_POINT ( 'NONE',  ( 33.83425934945100266, 3.952358052566000701, 69.64045475075100455 ) ) ;
#4558 = EDGE_CURVE ( 'NONE', #1424, #1173, #1840, .T. ) ;
#4559 = CARTESIAN_POINT ( 'NONE',  ( 29.54481559662499635, 2.794296730582999988, 76.84646385131298985 ) ) ;
#4560 = CARTESIAN_POINT ( 'NONE',  ( 39.94071895468699296, -4.354708999805000147, 67.84257723984001132 ) ) ;
#4561 = CARTESIAN_POINT ( 'NONE',  ( 32.59833593488900050, -3.680232857427999882, 68.96073433956401288 ) ) ;
#4562 = DIRECTION ( 'NONE',  ( 1.000000000000000000, 2.200000000000000003E-16, 0.000000000000000000 ) ) ;
#4563 = EDGE_LOOP ( 'NONE', ( #2527, #2830, #4714, #662, #293 ) ) ;
#4564 = CARTESIAN_POINT ( 'NONE',  ( 37.29896879932672249, -1.502808928537167965, 67.91543996859182641 ) ) ;
#4565 = EDGE_CURVE ( 'NONE', #1250, #4225, #2050, .T. ) ;
#4566 = CARTESIAN_POINT ( 'NONE',  ( 37.34488629733852605, 1.054092429478319826, 67.77445960881401277 ) ) ;
#4567 = CARTESIAN_POINT ( 'NONE',  ( 30.35679126022399998, -1.663885354825000107, 77.79867716958000301 ) ) ;
#4568 = CARTESIAN_POINT ( 'NONE',  ( 34.47981793459700128, -3.721569436434000178, 68.91535869177300810 ) ) ;
#4569 = CARTESIAN_POINT ( 'NONE',  ( 35.00018721729900051, -1.660498509143000012, 68.68338802022900325 ) ) ;
#4570 = ORIENTED_EDGE ( 'NONE', *, *, #2612, .F. ) ;
#4571 = CARTESIAN_POINT ( 'NONE',  ( 35.26423726513899481, -4.388745228646000029, 75.86536579820300119 ) ) ;
#4572 = B_SPLINE_SURFACE_WITH_KNOTS ( 'NONE', 1, 9, ( 
 ( #1769, #1343, #3238, #228, #152, #983, #4026, #4139, #4509, #626, #2920, #2179, #2108, #1712, #179, #3302, #123, #2156, #3346, #2844, #2877, #4481, #3713, #207, #3324, #1411, #2946, #3741, #573, #4531, #1310, #903, #2441, #4826 ),
 ( #4054, #522, #2077, #930, #2474, #960, #545, #2501, #2132, #3687, #1509, #4766, #4795, #3809, #2676, #168, #4610, #1610, #4830, #4168, #4419, #2044, #3597, #2813, #5018, #1488, #3028, #4634, #1110, #337, #3453, #4021, #3232, #2869 ) ),
 .UNSPECIFIED., .F., .F., .F.,
 ( 2, 2 ),
 ( 10, 8, 8, 8, 10 ),
 ( 0.000000000000000000, 0.9300000000000000488 ),
 ( 0.000000000000000000, 1.477706226817000035, 3.142142805069999767, 4.803141259989000211, 6.284285610140000422 ),
 .UNSPECIFIED. ) ;
#4573 = AXIS2_PLACEMENT_3D ( 'NONE', #354, #4469, #478 ) ;
#4574 = CARTESIAN_POINT ( 'NONE',  ( 32.88297622611699467, 3.685643816388000094, 69.39076075753899886 ) ) ;
#4575 = CARTESIAN_POINT ( 'NONE',  ( 35.59966324250299863, -2.191031939463000011, 77.09819170864099647 ) ) ;
#4576 = CARTESIAN_POINT ( 'NONE',  ( 33.02088839500000006, 4.494257753762000540, 75.95752863424901591 ) ) ;
#4577 = B_SPLINE_CURVE_WITH_KNOTS ( 'NONE', 6,
 ( #4454, #3275, #962, #98, #525, #4802, #933, #3665, #4058, #2818, #549, #4861 ),
 .UNSPECIFIED., .F., .F.,
 ( 7, 5, 7 ),
 ( 0.000000000000000000, 0.5069099388539999307, 1.000000000000000000 ),
 .UNSPECIFIED. ) ;
#4578 = ORIENTED_EDGE ( 'NONE', *, *, #2244, .F. ) ;
#4579 = CARTESIAN_POINT ( 'NONE',  ( 33.79191748544800333, -3.827249864888000008, 75.53189362017700148 ) ) ;
#4580 = EDGE_CURVE ( 'NONE', #332, #5094, #3239, .T. ) ;
#4581 = CARTESIAN_POINT ( 'NONE',  ( 32.72828274761099721, -0.7251928309399999772, 77.41836019915899669 ) ) ;
#4582 = CARTESIAN_POINT ( 'NONE',  ( 40.18193922118300065, 3.666174209354000180, 66.65000000000000568 ) ) ;
#4583 = CARTESIAN_POINT ( 'NONE',  ( 31.56587552696100119, 4.299604588144999795, 74.11145664827299129 ) ) ;
#4584 =( BOUNDED_CURVE ( )  B_SPLINE_CURVE ( 2, ( #2107, #4890, #3661 ),
 .UNSPECIFIED., .F., .F. ) 
 B_SPLINE_CURVE_WITH_KNOTS ( ( 3, 3 ),
 ( 0.000000000000000000, 1.000000000000000000 ),
 .UNSPECIFIED. ) 
 CURVE ( )  GEOMETRIC_REPRESENTATION_ITEM ( )  RATIONAL_B_SPLINE_CURVE ( ( 1.000000000000000000, 1.037954864069764005, 1.000000000000000000 ) ) 
 REPRESENTATION_ITEM ( '' )  );
#4585 = CARTESIAN_POINT ( 'NONE',  ( 39.94071895468699296, 2.440000000000000205E-15, 73.00000000000000000 ) ) ;
#4586 = DIRECTION ( 'NONE',  ( 0.000000000000000000, 0.000000000000000000, 1.000000000000000000 ) ) ;
#4587 = ORIENTED_EDGE ( 'NONE', *, *, #3525, .F. ) ;
#4588 = CARTESIAN_POINT ( 'NONE',  ( 36.21731713660099672, 4.584129766200999434, 72.57432074361200591 ) ) ;
#4589 = CARTESIAN_POINT ( 'NONE',  ( 36.22463123711200694, -5.422239216776999271, 73.43227250790100413 ) ) ;
#4590 = CARTESIAN_POINT ( 'NONE',  ( 30.76771694230129484, -0.3219182472081183466, 67.91946848492536049 ) ) ;
#4591 = CARTESIAN_POINT ( 'NONE',  ( 37.15463123711200666, -5.422239216776999271, 73.43227250790100413 ) ) ;
#4592 = CARTESIAN_POINT ( 'NONE',  ( 34.96238326289100229, 3.357100489748999550, 77.34628744415400092 ) ) ;
#4593 = EDGE_CURVE ( 'NONE', #2996, #371, #1752, .T. ) ;
#4594 = CARTESIAN_POINT ( 'NONE',  ( 36.03340649584300337, -2.744705811432999631, 77.49247486274900609 ) ) ;
#4595 = EDGE_LOOP ( 'NONE', ( #620, #4339, #643, #1470 ) ) ;
#4596 = CARTESIAN_POINT ( 'NONE',  ( 35.21502543313400224, -3.226977341336000116, 77.12557363901699148 ) ) ;
#4597 = CARTESIAN_POINT ( 'NONE',  ( 34.33237199263299999, -4.523652578244999667, 75.58434682832098872 ) ) ;
#4598 = CARTESIAN_POINT ( 'NONE',  ( 40.18193922118300065, -7.332348418707999471, 73.00000000000000000 ) ) ;
#4599 = CARTESIAN_POINT ( 'NONE',  ( 31.42023203838099832, -2.228019251863999628, 77.60016663026999595 ) ) ;
#4600 = ORIENTED_EDGE ( 'NONE', *, *, #3282, .F. ) ;
#4601 = CARTESIAN_POINT ( 'NONE',  ( 29.96973386438699904, 2.804868472024000248, 68.43978790625399711 ) ) ;
#4602 = CARTESIAN_POINT ( 'NONE',  ( 36.50528374457827852, -0.9486312892694476195, 67.80141551047212545 ) ) ;
#4603 = CARTESIAN_POINT ( 'NONE',  ( 39.94071895468699296, 4.354708999805000147, 67.84257723984001132 ) ) ;
#4604 = CARTESIAN_POINT ( 'NONE',  ( 33.86342315748299825, 4.534837145708999984, 70.46605737883700726 ) ) ;
#4605 = CARTESIAN_POINT ( 'NONE',  ( 31.71369113173999565, 1.443812047809000187, 77.25299505594300342 ) ) ;
#4606 = CARTESIAN_POINT ( 'NONE',  ( 33.08351030463700226, 1.549151197160999915, 77.93441030490500054 ) ) ;
#4607 = CARTESIAN_POINT ( 'NONE',  ( 36.36812426274399712, 2.866357369569000113, 76.71086393130200065 ) ) ;
#4608 = ORIENTED_EDGE ( 'NONE', *, *, #3691, .T. ) ;
#4609 = DIRECTION ( 'NONE',  ( 1.000000000000000000, 2.200000000000000003E-16, 0.000000000000000000 ) ) ;
#4610 = CARTESIAN_POINT ( 'NONE',  ( 31.26490785879600054, -0.8086801055010000017, 68.62737031908299912 ) ) ;
#4611 = CARTESIAN_POINT ( 'NONE',  ( 31.15224189355000206, 3.038745569715000094, 77.10870078882301470 ) ) ;
#4612 = CARTESIAN_POINT ( 'NONE',  ( 29.64073999999999742, 1.599999999999999868E-16, 75.94999999999998863 ) ) ;
#4613 = CARTESIAN_POINT ( 'NONE',  ( 34.91713329324500137, -3.741869269471999715, 70.18245924932001856 ) ) ;
#4614 = CARTESIAN_POINT ( 'NONE',  ( 35.50129106572300230, 0.7413949823150000062, 77.50501567130000069 ) ) ;
#4615 = VERTEX_POINT ( 'NONE', #2371 ) ;
#4616 = CARTESIAN_POINT ( 'NONE',  ( 30.57287113836600057, 4.405532068694999914, 72.59090081598600364 ) ) ;
#4617 = CARTESIAN_POINT ( 'NONE',  ( 29.76537193547800086, -3.597559699029000413, 69.05148563458701005 ) ) ;
#4618 = CIRCLE ( 'NONE', #184, 6.750000000000006217 ) ;
#4619 = CARTESIAN_POINT ( 'NONE',  ( 34.48014388643200334, -4.648444243025998901, 70.65189564446400539 ) ) ;
#4620 = ADVANCED_FACE ( 'NONE', ( #2040 ), #1621, .T. ) ;
#4621 = CARTESIAN_POINT ( 'NONE',  ( 35.80458052549000314, 5.234080523365999937, 74.35304728365299809 ) ) ;
#4622 = CARTESIAN_POINT ( 'NONE',  ( 32.51351450237199714, -5.119396197968999473, 73.51761539838901172 ) ) ;
#4623 = FACE_OUTER_BOUND ( 'NONE', #2228, .T. ) ;
#4624 = CONICAL_SURFACE ( 'NONE', #1745, 5.250000000000004441, 0.03123964828145001787 ) ;
#4625 = CARTESIAN_POINT ( 'NONE',  ( 30.58015944446600187, -4.585418910368999512, 75.19929383840899106 ) ) ;
#4626 = ORIENTED_EDGE ( 'NONE', *, *, #2385, .T. ) ;
#4627 = ORIENTED_EDGE ( 'NONE', *, *, #62, .F. ) ;
#4628 = CARTESIAN_POINT ( 'NONE',  ( 28.94073999999999813, -3.666174209354000180, 79.35000000000000853 ) ) ;
#4629 = CIRCLE ( 'NONE', #2544, 5.250000000000004441 ) ;
#4630 = ADVANCED_FACE ( 'NONE', ( #477 ), #802, .T. ) ;
#4631 = CARTESIAN_POINT ( 'NONE',  ( 28.94073999999999813, 0.000000000000000000, 77.12343884363998825 ) ) ;
#4632 = CARTESIAN_POINT ( 'NONE',  ( 33.87314356737199716, 4.684040185468999695, 70.76840125853100005 ) ) ;
#4633 = CARTESIAN_POINT ( 'NONE',  ( 28.94073999999999813, 0.000000000000000000, 73.00000000000000000 ) ) ;
#4634 = CARTESIAN_POINT ( 'NONE',  ( 31.61514739522099759, 3.775318399323999596, 75.48436147345401537 ) ) ;
#4635 = DIRECTION ( 'NONE',  ( 0.000000000000000000, 0.000000000000000000, 1.000000000000000000 ) ) ;
#4636 = CARTESIAN_POINT ( 'NONE',  ( 31.39134249171100066, -1.306791580842999956, 77.94737236284099424 ) ) ;
#4637 = ORIENTED_EDGE ( 'NONE', *, *, #4640, .F. ) ;
#4638 = CARTESIAN_POINT ( 'NONE',  ( 37.34125139664678272, 2.913793338554793166E-16, 67.75000000106567200 ) ) ;
#4639 = CARTESIAN_POINT ( 'NONE',  ( 37.44073999999999813, 2.695098660166113547, 67.22366755220723178 ) ) ;
#4640 = EDGE_CURVE ( 'NONE', #2881, #456, #284, .T. ) ;
#4641 = CARTESIAN_POINT ( 'NONE',  ( 36.68963123711200325, -4.605589808370999627, 73.36719192186100713 ) ) ;
#4642 = CARTESIAN_POINT ( 'NONE',  ( 30.43498588507999969, -3.836867728337999939, 76.33115703696100240 ) ) ;
#4643 = CARTESIAN_POINT ( 'NONE',  ( 35.50129106572300230, 0.7413949823150000062, 77.50501567130000069 ) ) ;
#4644 = CARTESIAN_POINT ( 'NONE',  ( 33.85781707889999836, 5.133079099583000016, 73.80155806111200434 ) ) ;
#4645 = ORIENTED_EDGE ( 'NONE', *, *, #470, .T. ) ;
#4646 = CARTESIAN_POINT ( 'NONE',  ( 37.44073989567858263, 6.349999819308936644, 71.29852231509585181 ) ) ;
#4647 = CARTESIAN_POINT ( 'NONE',  ( 29.73768729434700120, -4.266421762291999542, 69.78740770241499547 ) ) ;
#4648 = CARTESIAN_POINT ( 'NONE',  ( 34.56904479103700112, -2.542994184968999871, 68.44422036603999970 ) ) ;
#4649 = CARTESIAN_POINT ( 'NONE',  ( 36.36812426274399712, 2.866357369569000113, 76.71086393130200065 ) ) ;
#4650 = CARTESIAN_POINT ( 'NONE',  ( 32.43730645095099874, -4.222764352512999864, 75.95040687756299747 ) ) ;
#4651 = CARTESIAN_POINT ( 'NONE',  ( 33.25318124272399700, -2.553946133933999718, 77.77689359348899245 ) ) ;
#4652 = CARTESIAN_POINT ( 'NONE',  ( 30.51761622877399915, 4.046429724420000262, 70.98676030009100657 ) ) ;
#4653 = ORIENTED_EDGE ( 'NONE', *, *, #2982, .T. ) ;
#4654 = CARTESIAN_POINT ( 'NONE',  ( 34.46393183970800322, -2.541363645457999976, 68.44708518421698784 ) ) ;
#4655 = CARTESIAN_POINT ( 'NONE',  ( 29.80024357119300049, -4.496744091744999672, 70.69100150033901286 ) ) ;
#4656 = AXIS2_PLACEMENT_3D ( 'NONE', #2049, #2439, #4025 ) ;
#4657 = EDGE_CURVE ( 'NONE', #565, #1184, #5049, .T. ) ;
#4658 = DIRECTION ( 'NONE',  ( 0.000000000000000000, 0.000000000000000000, 1.000000000000000000 ) ) ;
#4659 = CARTESIAN_POINT ( 'NONE',  ( 33.09307256841699996, 1.230278907408000055, 78.02153623192600662 ) ) ;
#4660 = CARTESIAN_POINT ( 'NONE',  ( 36.22276823880955021, -5.120411979500166133, 71.71263584987582362 ) ) ;
#4661 = VECTOR ( 'NONE', #3398, 1000.000000000000000 ) ;
#4662 = VERTEX_POINT ( 'NONE', #1271 ) ;
#4663 = CARTESIAN_POINT ( 'NONE',  ( 32.45435313777699804, 4.465064634559999135, 72.58537412546401413 ) ) ;
#4664 = DIRECTION ( 'NONE',  ( 1.000000000000000000, 2.200000000000000003E-16, 0.000000000000000000 ) ) ;
#4665 = CARTESIAN_POINT ( 'NONE',  ( 34.78394868228300396, 5.254489463075000089, 71.50861746101300298 ) ) ;
#4666 = CARTESIAN_POINT ( 'NONE',  ( 31.48598468331300637, 4.339849843530999784, 71.76816927769499443 ) ) ;
#4667 = CARTESIAN_POINT ( 'NONE',  ( 29.92709223643049654, -0.4886396678975096775, 67.96465742127990950 ) ) ;
#4668 = CARTESIAN_POINT ( 'NONE',  ( 29.83253362460946789, 0.02156258762612866739, 67.95646381282718096 ) ) ;
#4669 = ORIENTED_EDGE ( 'NONE', *, *, #4400, .T. ) ;
#4670 = CARTESIAN_POINT ( 'NONE',  ( 35.57660936311705058, -0.3288681687639106732, 67.76919146929951410 ) ) ;
#4671 = CARTESIAN_POINT ( 'NONE',  ( 34.78181598030399613, -4.394412489779999653, 74.15061151403801887 ) ) ;
#4672 = CARTESIAN_POINT ( 'NONE',  ( 32.83202093263500387, 2.272051898878999943, 68.36250875163500496 ) ) ;
#4673 = CARTESIAN_POINT ( 'NONE',  ( 30.18574365299599904, -4.042321676800999519, 71.00125087959499126 ) ) ;
#4674 = CARTESIAN_POINT ( 'NONE',  ( 34.94073999999999813, 1.330000000000000115E-15, 75.94999999999998863 ) ) ;
#4675 = CARTESIAN_POINT ( 'NONE',  ( 34.64528116809285052, -1.329841727189251532E-16, 67.79829530209849509 ) ) ;
#4676 = CARTESIAN_POINT ( 'NONE',  ( 34.67009289362499658, 3.976951019647000596, 69.62898034244099676 ) ) ;
#4677 = VERTEX_POINT ( 'NONE', #815 ) ;
#4678 = CARTESIAN_POINT ( 'NONE',  ( 40.18193922118300065, -3.666174209354000180, 79.35000000000000853 ) ) ;
#4679 = ORIENTED_EDGE ( 'NONE', *, *, #4091, .T. ) ;
#4680 = CARTESIAN_POINT ( 'NONE',  ( 29.67219382133500005, -3.176706122512000352, 76.73520203220000724 ) ) ;
#4681 = CARTESIAN_POINT ( 'NONE',  ( 31.48598468331300637, 4.339849843530999784, 71.76816927769499443 ) ) ;
#4682 = CARTESIAN_POINT ( 'NONE',  ( 36.23344334894069618, -5.015273890861871031, 71.34348133879002773 ) ) ;
#4683 = EDGE_CURVE ( 'NONE', #1530, #1424, #3663, .T. ) ;
#4684 = ORIENTED_EDGE ( 'NONE', *, *, #4510, .T. ) ;
#4685 = CARTESIAN_POINT ( 'NONE',  ( 29.51781759200699895, 3.737779921487000223, 75.90015110574799451 ) ) ;
#4686 = CARTESIAN_POINT ( 'NONE',  ( 35.05018599999999651, 1.735173986739999746E-06, 78.28179151693699112 ) ) ;
#4687 = DIRECTION ( 'NONE',  ( 1.000000000000000000, 2.200000000000000003E-16, 0.000000000000000000 ) ) ;
#4688 = CARTESIAN_POINT ( 'NONE',  ( 33.81824024587800182, 5.162942528608999382, 72.43357061629899363 ) ) ;
#4689 = EDGE_LOOP ( 'NONE', ( #613, #720, #2251, #1158 ) ) ;
#4690 = CARTESIAN_POINT ( 'NONE',  ( 35.24894868228300027, 4.456376911186999301, 71.73510070310399556 ) ) ;
#4691 = CARTESIAN_POINT ( 'NONE',  ( 33.94870765211500441, -4.151872298944000228, 70.94707288968099590 ) ) ;
#4692 = CARTESIAN_POINT ( 'NONE',  ( 35.90312426274399371, 3.375691916167999906, 77.37035945895601685 ) ) ;
#4693 = DIRECTION ( 'NONE',  ( 0.000000000000000000, 0.000000000000000000, 1.000000000000000000 ) ) ;
#4694 = CONICAL_SURFACE ( 'NONE', #2460, 4.123438843639998019, 0.8010179875380000203 ) ;
#4695 = DIRECTION ( 'NONE',  ( 0.000000000000000000, 0.000000000000000000, 1.000000000000000000 ) ) ;
#4696 = ORIENTED_EDGE ( 'NONE', *, *, #4657, .F. ) ;
#4697 = CARTESIAN_POINT ( 'NONE',  ( 30.78916685883300275, -0.9521671536560000204, 67.85136462174099847 ) ) ;
#4698 = CARTESIAN_POINT ( 'NONE',  ( 42.44073999999999813, 5.499260976857000216, 76.17500058400401031 ) ) ;
#4699 = CARTESIAN_POINT ( 'NONE',  ( 29.84030087368300244, -3.162276578530000215, 69.06068993592400318 ) ) ;
#4700 = AXIS2_PLACEMENT_3D ( 'NONE', #3361, #4223, #1928 ) ;
#4701 = CARTESIAN_POINT ( 'NONE',  ( 31.07111537036799831, -4.422808183664999504, 72.60329663959599600 ) ) ;
#4702 = CONICAL_SURFACE ( 'NONE', #4776, 9.038359848542995678, 1.047194281022999940 ) ;
#4703 = CARTESIAN_POINT ( 'NONE',  ( 35.70209164598200147, 5.230297025407999456, 72.50981586036999715 ) ) ;
#4704 = CARTESIAN_POINT ( 'NONE',  ( 32.40933413705099753, -5.119272543931999486, 73.48538188225700196 ) ) ;
#4705 = CARTESIAN_POINT ( 'NONE',  ( 32.92848158701900729, 5.021705316069000169, 74.18244823078200056 ) ) ;
#4706 = ADVANCED_FACE ( 'NONE', ( #1210 ), #1461, .T. ) ;
#4707 = ORIENTED_EDGE ( 'NONE', *, *, #1504, .T. ) ;
#4708 = CARTESIAN_POINT ( 'NONE',  ( 30.83390054118052248, -1.618910082765756764, 68.17091824549378032 ) ) ;
#4709 = DIRECTION ( 'NONE',  ( 0.000000000000000000, 0.000000000000000000, 1.000000000000000000 ) ) ;
#4710 =( BOUNDED_CURVE ( )  B_SPLINE_CURVE ( 2, ( #3493, #2316, #2353 ),
 .UNSPECIFIED., .F., .F. ) 
 B_SPLINE_CURVE_WITH_KNOTS ( ( 3, 3 ),
 ( 0.000000000000000000, 1.000000000000000000 ),
 .UNSPECIFIED. ) 
 CURVE ( )  GEOMETRIC_REPRESENTATION_ITEM ( )  RATIONAL_B_SPLINE_CURVE ( ( 1.000000000000000000, 1.037954881422460174, 1.000000000000000000 ) ) 
 REPRESENTATION_ITEM ( '' )  );
#4711 = FACE_OUTER_BOUND ( 'NONE', #3669, .T. ) ;
#4712 = EDGE_CURVE ( 'NONE', #4662, #4099, #2743, .T. ) ;
#4713 = CARTESIAN_POINT ( 'NONE',  ( 36.15355823265299762, -5.138333635981000569, 74.14820577436100280 ) ) ;
#4714 = ORIENTED_EDGE ( 'NONE', *, *, #758, .F. ) ;
#4715 = CARTESIAN_POINT ( 'NONE',  ( 35.27657613689500238, 4.554363483303000670, 72.57708408918500709 ) ) ;
#4716 = CARTESIAN_POINT ( 'NONE',  ( 29.73366539566199762, 3.724682412761000094, 75.45103629950401114 ) ) ;
#4717 = CARTESIAN_POINT ( 'NONE',  ( 33.10859330691900482, 3.842031764814000105, 76.45341632606098869 ) ) ;
#4718 = CARTESIAN_POINT ( 'NONE',  ( 33.09102057616799897, -2.417035382020999990, 69.08162094832400157 ) ) ;
#4719 = CYLINDRICAL_SURFACE ( 'NONE', #1693, 5.000000000000004441 ) ;
#4720 = CARTESIAN_POINT ( 'NONE',  ( 35.58638454902332882, 0.01266073095535419184, 67.76889825284138169 ) ) ;
#4721 = CYLINDRICAL_SURFACE ( 'NONE', #4956, 5.250000000000004441 ) ;
#4722 = CARTESIAN_POINT ( 'NONE',  ( 34.90516219134699583, 3.379099543805000216, 76.98019344279100551 ) ) ;
#4723 = ORIENTED_EDGE ( 'NONE', *, *, #1016, .T. ) ;
#4724 = CARTESIAN_POINT ( 'NONE',  ( 35.41548389618500181, -2.215892247394000147, 68.25475382421301163 ) ) ;
#4725 = CARTESIAN_POINT ( 'NONE',  ( 30.91047486427600077, 2.820874872264000466, 68.41376802272000646 ) ) ;
#4726 = CARTESIAN_POINT ( 'NONE',  ( 36.36783078651700407, -1.743664644259000029, 68.03557361373400170 ) ) ;
#4727 = ORIENTED_EDGE ( 'NONE', *, *, #641, .T. ) ;
#4728 = FACE_OUTER_BOUND ( 'NONE', #3267, .T. ) ;
#4729 = DIRECTION ( 'NONE',  ( -0.4999999999999251155, 0.02140789836579680763, -0.8657607648118702537 ) ) ;
#4730 = CARTESIAN_POINT ( 'NONE',  ( 31.08912427228599995, 5.019035537384000101, 72.03711259927500521 ) ) ;
#4731 = CARTESIAN_POINT ( 'NONE',  ( 33.96660166815500048, 3.302095767593000275, 77.00631187329000227 ) ) ;
#4732 = ORIENTED_EDGE ( 'NONE', *, *, #3628, .T. ) ;
#4733 = CARTESIAN_POINT ( 'NONE',  ( 29.21731801208599677, -4.273442989135999959, 71.80001810576099786 ) ) ;
#4734 = CARTESIAN_POINT ( 'NONE',  ( 34.49676157605700411, -2.872479115613999934, 68.34314794515699987 ) ) ;
#4735 = CARTESIAN_POINT ( 'NONE',  ( 39.94071895468699296, -4.354708999805000147, 78.15742276016000289 ) ) ;
#4736 = LINE ( 'NONE', #31, #127 ) ;
#4737 = CARTESIAN_POINT ( 'NONE',  ( 33.99700632879800111, 4.004851920536999899, 76.71207419678199813 ) ) ;
#4738 = ADVANCED_FACE ( 'NONE', ( #111 ), #4719, .T. ) ;
#4739 = CARTESIAN_POINT ( 'NONE',  ( 32.09491029379699967, -3.668321345330999961, 70.23784826212299492 ) ) ;
#4740 = CARTESIAN_POINT ( 'NONE',  ( 31.24757385262600096, 3.857325969999999977E-07, 78.09552697401001353 ) ) ;
#4741 = ORIENTED_EDGE ( 'NONE', *, *, #190, .T. ) ;
#4742 = CARTESIAN_POINT ( 'NONE',  ( 37.44073999999999813, 1.889999999999999946E-15, 73.00000000000000000 ) ) ;
#4743 = LINE ( 'NONE', #65, #769 ) ;
#4744 = CARTESIAN_POINT ( 'NONE',  ( 29.73366539566199762, 3.724682412761000094, 75.45103629950401114 ) ) ;
#4745 = CARTESIAN_POINT ( 'NONE',  ( 36.02074737040700114, 1.240690259029000098, 78.11115316523100205 ) ) ;
#4746 = CARTESIAN_POINT ( 'NONE',  ( 40.03343979002507780, 2.949166387664035049, 79.35000000000010800 ) ) ;
#4747 = CARTESIAN_POINT ( 'NONE',  ( 34.94073999999999813, 1.330000000000000115E-15, 73.00000000000000000 ) ) ;
#4748 = CARTESIAN_POINT ( 'NONE',  ( 30.71685393518400176, -3.638896278371000381, 69.00610998720100042 ) ) ;
#4749 = CARTESIAN_POINT ( 'NONE',  ( 32.20795762618400460, -0.6724015007570001146, 78.09907609434500841 ) ) ;
#4750 = CARTESIAN_POINT ( 'NONE',  ( 29.40181141879599735, -4.275889281003999898, 71.24309501488700391 ) ) ;
#4751 = ORIENTED_EDGE ( 'NONE', *, *, #190, .F. ) ;
#4752 = CARTESIAN_POINT ( 'NONE',  ( 35.19765848522699514, -4.544995975252000164, 76.00664765793601418 ) ) ;
#4753 = FACE_OUTER_BOUND ( 'NONE', #2192, .T. ) ;
#4754 = CARTESIAN_POINT ( 'NONE',  ( 30.88251060657780300, 0.006569636705908435230, 67.91588500491695868 ) ) ;
#4755 = CARTESIAN_POINT ( 'NONE',  ( 35.25828264805399925, 1.400000000000000069E-15, 73.00000000000000000 ) ) ;
#4756 = ORIENTED_EDGE ( 'NONE', *, *, #1590, .F. ) ;
#4757 = CARTESIAN_POINT ( 'NONE',  ( 29.27268729434700134, -3.594773421831000348, 70.29323727540500499 ) ) ;
#4758 = CARTESIAN_POINT ( 'NONE',  ( 33.23416961387700042, 1.446374604000000025E-06, 78.15760772337399942 ) ) ;
#4759 = CARTESIAN_POINT ( 'NONE',  ( 43.94073999999999813, 3.330000000000000073E-15, 73.00000000000000000 ) ) ;
#4760 = DIRECTION ( 'NONE',  ( -0.7071067811868645414, -6.896788623759967404E-17, -0.7071067811862306041 ) ) ;
#4761 = CARTESIAN_POINT ( 'NONE',  ( 31.84660057753692541, 0.8028137445934714345, 67.93633106446216630 ) ) ;
#4762 = CARTESIAN_POINT ( 'NONE',  ( 32.03954101131499499, -4.360915868036999932, 71.77545063039198681 ) ) ;
#4763 = CARTESIAN_POINT ( 'NONE',  ( 35.01053784695899651, 1.735430396999999980E-06, 78.21311890144400536 ) ) ;
#4764 = EDGE_LOOP ( 'NONE', ( #3571, #5077 ) ) ;
#4765 = CARTESIAN_POINT ( 'NONE',  ( 29.93063849544300226, -1.421723530563000049, 77.19967771126700029 ) ) ;
#4766 = CARTESIAN_POINT ( 'NONE',  ( 31.12648465277599996, -4.069709332398000257, 70.98770638214298856 ) ) ;
#4767 = CARTESIAN_POINT ( 'NONE',  ( 34.50251502941950577, -1.297729132777235117, 67.95037371949275951 ) ) ;
#4768 = EDGE_CURVE ( 'NONE', #3462, #4662, #1258, .T. ) ;
#4769 = CARTESIAN_POINT ( 'NONE',  ( 35.79514466851200183, 5.178842902886000132, 72.08925020518799442 ) ) ;
#4770 = AXIS2_PLACEMENT_3D ( 'NONE', #489, #2052, #153 ) ;
#4771 = CARTESIAN_POINT ( 'NONE',  ( 32.80083343837499399, 4.196813140585000212, 69.99544935382898814 ) ) ;
#4772 = PRODUCT_DEFINITION_FORMATION_WITH_SPECIFIED_SOURCE ( 'Symmetric', '', #3726, .NOT_KNOWN. ) ;
#4773 = CARTESIAN_POINT ( 'NONE',  ( 35.69215517124399639, 5.188203406147999353, 72.16330880546000515 ) ) ;
#4774 = ADVANCED_FACE ( 'NONE', ( #4383 ), #2297, .T. ) ;
#4775 = CARTESIAN_POINT ( 'NONE',  ( 32.59964666404199818, -1.977409437400999836, 68.24877654985698427 ) ) ;
#4776 = AXIS2_PLACEMENT_3D ( 'NONE', #4056, #3126, #3551 ) ;
#4777 = ORIENTED_EDGE ( 'NONE', *, *, #825, .T. ) ;
#4778 = CARTESIAN_POINT ( 'NONE',  ( 35.80250501028699972, -4.477546373646000610, 71.74269399738400921 ) ) ;
#4779 = CARTESIAN_POINT ( 'NONE',  ( 32.72828274761099721, -0.7251928309399999772, 77.41836019915899669 ) ) ;
#4780 = CARTESIAN_POINT ( 'NONE',  ( 32.10910913870499428, 2.594452414665999740, 77.43884572838499025 ) ) ;
#4781 = CARTESIAN_POINT ( 'NONE',  ( 30.96166437436000152, 2.579866325160000251, 68.59561140469901375 ) ) ;
#4782 = CARTESIAN_POINT ( 'NONE',  ( 36.79191442783499610, -3.869405558083000241, 70.35300606903300036 ) ) ;
#4783 = DIRECTION ( 'NONE',  ( 1.000000000000000000, 2.200000000000000003E-16, 0.000000000000000000 ) ) ;
#4784 = ORIENTED_EDGE ( 'NONE', *, *, #1946, .F. ) ;
#4785 = EDGE_CURVE ( 'NONE', #3366, #3800, #895, .T. ) ;
#4786 = CARTESIAN_POINT ( 'NONE',  ( 36.96664982342800698, -2.963258285351999977, 77.38726693219699371 ) ) ;
#4787 = CARTESIAN_POINT ( 'NONE',  ( 34.28058022789300452, 4.155836632073999226, 70.93233644810401017 ) ) ;
#4788 = CARTESIAN_POINT ( 'NONE',  ( 29.11721498519100138, -3.978723218591000421, 74.64536291714100003 ) ) ;
#4789 = CARTESIAN_POINT ( 'NONE',  ( 33.64444500000000460, 1.448583618999999964E-06, 77.44698990951400219 ) ) ;
#4790 = CARTESIAN_POINT ( 'NONE',  ( 31.83669924294400033, -2.133873511827999891, 76.99129443881699331 ) ) ;
#4791 = CARTESIAN_POINT ( 'NONE',  ( 32.66617567506976627, 0.2571221947851402012, 67.86014198066808945 ) ) ;
#4792 = CARTESIAN_POINT ( 'NONE',  ( 31.70755527015643693, -0.3543790484760626636, 67.90116848094189095 ) ) ;
#4793 = ORIENTED_EDGE ( 'NONE', *, *, #2845, .T. ) ;
#4794 = CARTESIAN_POINT ( 'NONE',  ( 30.87210640959200347, 1.900768942827000041, 68.04602398275599739 ) ) ;
#4795 = CARTESIAN_POINT ( 'NONE',  ( 31.15416929398000079, -3.643805370698999457, 70.25631126646401015 ) ) ;
#4796 = B_SPLINE_SURFACE_WITH_KNOTS ( 'NONE', 1, 9, ( 
 ( #3206, #1794, #4214, #1410, #1053, #696, #4579, #5040, #3447, #2216, #5013, #719, #3791, #255, #2265, #3841, #2610, #331, #2241, #3740, #1508, #1818, #4163, #3376, #1870, #1003, #1438, #1843, #625, #307, #4991, #2997, #3345, #4265 ),
 ( #3094, #1941, #1149, #4651, #3468, #5060, #767, #1528, #7, #424, #1125, #2312, #3864, #2351, #3492, #1970, #3891, #3541, #3069, #1571, #1170, #793, #2287, #1598, #3142, #378, #3913, #3118, #4737, #1212, #2745, #4357, #841, #3839 ) ),
 .UNSPECIFIED., .F., .F., .F.,
 ( 2, 2 ),
 ( 10, 8, 8, 8, 10 ),
 ( 0.000000000000000000, 0.9300000000000000488 ),
 ( 0.000000000000000000, 1.477706220193999886, 3.142142805069999767, 4.803141253356000284, 6.284285610140000422 ),
 .UNSPECIFIED. ) ;
#4797 = CARTESIAN_POINT ( 'NONE',  ( 29.11279123430800198, -4.024844590266999589, 74.79676102468501142 ) ) ;
#4798 = CARTESIAN_POINT ( 'NONE',  ( 36.02965934547400195, 0.9345343686110000325, 78.17807718907799597 ) ) ;
#4799 = CARTESIAN_POINT ( 'NONE',  ( 34.15652977766399800, 0.6367397959189999845, 78.16298131169500607 ) ) ;
#4800 = CARTESIAN_POINT ( 'NONE',  ( 35.49445893078799230, 0.4730363389999999724, 67.78180550222700163 ) ) ;
#4801 = CARTESIAN_POINT ( 'NONE',  ( 29.88148100000000085, 2.897621519999999931E-07, 77.32939798190299996 ) ) ;
#4802 = CARTESIAN_POINT ( 'NONE',  ( 36.11315730258799306, -1.948445454281999778, 77.88864756112499776 ) ) ;
#4803 = ADVANCED_FACE ( 'NONE', ( #30 ), #3911, .T. ) ;
#4804 = ORIENTED_EDGE ( 'NONE', *, *, #4580, .T. ) ;
#4805 = CONICAL_SURFACE ( 'NONE', #3133, 5.250000000000004441, 0.03123964828145001787 ) ;
#4806 = CARTESIAN_POINT ( 'NONE',  ( 36.65468968202599598, 5.283621229597000202, 71.50035031635499649 ) ) ;
#4807 = CARTESIAN_POINT ( 'NONE',  ( 32.80201899044600111, -2.789384744198999844, 76.62368677888699153 ) ) ;
#4808 = B_SPLINE_CURVE_WITH_KNOTS ( 'NONE', 6,
 ( #1148, #3912, #3467, #3020, #3068, #6, #2261, #740, #2311, #4317, #792, #5035, #1918, #4650, #2680, #3491, #377, #2656, #1940, #405, #4622, #3043, #1969, #5081, #2607, #3516, #2286, #303, #2995, #4238, #4211, #694, #2238, #1867, #3421, #5010, #1102, #3863, #5059, #3962, #2744, #816, #423, #3567, #1622, #3939, #1994 ),
 .UNSPECIFIED., .F., .F.,
 ( 7, 5, 5, 5, 5, 5, 5, 5, 5, 7 ),
 ( 0.000000000000000000, 0.06147713500061000036, 0.1223452354509999979, 0.1828487388489999921, 0.2435990657429999984, 0.3045261985730000065, 0.3654730744540000131, 0.4264397037920000244, 0.4824412946340000397, 0.4993376740873141095 ),
 .UNSPECIFIED. ) ;
#4809 = CARTESIAN_POINT ( 'NONE',  ( 31.75667433237735438, 1.309476495382397632, 68.05207487734394078 ) ) ;
#4810 = CARTESIAN_POINT ( 'NONE',  ( 31.49656516519699778, -4.198571802596999802, 75.93351557830700926 ) ) ;
#4811 = DIRECTION ( 'NONE',  ( 0.000000000000000000, 0.000000000000000000, 1.000000000000000000 ) ) ;
#4812 = CARTESIAN_POINT ( 'NONE',  ( 36.66176083247299999, -4.516780589148000402, 74.22644469350800023 ) ) ;
#4813 = CARTESIAN_POINT ( 'NONE',  ( 33.33291649387100364, -3.173143960410000020, 77.09197079562399324 ) ) ;
#4814 = ORIENTED_EDGE ( 'NONE', *, *, #682, .T. ) ;
#4815 = CARTESIAN_POINT ( 'NONE',  ( 36.87936731520600375, 1.542477253000000020E-06, 78.25000000000000000 ) ) ;
#4816 = CARTESIAN_POINT ( 'NONE',  ( 31.02424880609899915, 5.083580271230998981, 73.40302539582799568 ) ) ;
#4817 = CARTESIAN_POINT ( 'NONE',  ( 31.34712049529699840, -1.705458431225999938, 78.03767720717399925 ) ) ;
#4818 = CARTESIAN_POINT ( 'NONE',  ( 31.59972179078000210, -3.633740912907000187, 69.39735967924499960 ) ) ;
#4819 = VERTEX_POINT ( 'NONE', #4788 ) ;
#4820 = CARTESIAN_POINT ( 'NONE',  ( 31.16404232953399855, 3.915628450293000107, 76.62936494173999336 ) ) ;
#4821 = CARTESIAN_POINT ( 'NONE',  ( 33.71818124272400041, -2.162452725624000038, 77.04474307374799480 ) ) ;
#4822 = CARTESIAN_POINT ( 'NONE',  ( 29.58853223405100152, -4.805264428682000322, 75.14510695110598704 ) ) ;
#4823 = CARTESIAN_POINT ( 'NONE',  ( 35.45313679986504241, -0.9673348565108663699, 67.84498827907503937 ) ) ;
#4824 = CARTESIAN_POINT ( 'NONE',  ( 35.90433185490299905, 4.469589973604000122, 75.77181070844000033 ) ) ;
#4825 = CARTESIAN_POINT ( 'NONE',  ( 37.44073999999999813, -4.098289637811056707, 77.88196633481042852 ) ) ;
#4826 = CARTESIAN_POINT ( 'NONE',  ( 32.22796299999999547, 8.677395094200000484E-07, 78.19359757122799692 ) ) ;
#4827 = LINE ( 'NONE', #1311, #3445 ) ;
#4828 = CARTESIAN_POINT ( 'NONE',  ( 29.11721498519100138, -3.978723218591000421, 74.64536291714100003 ) ) ;
#4829 = ORIENTED_EDGE ( 'NONE', *, *, #3134, .F. ) ;
#4830 = CARTESIAN_POINT ( 'NONE',  ( 31.34784740951799265, 1.614386782395999864, 68.79230473610599006 ) ) ;
#4831 = CARTESIAN_POINT ( 'NONE',  ( 36.77832688266699535, 3.347940078933000052, 77.07668144860500092 ) ) ;
#4832 = EDGE_CURVE ( 'NONE', #2361, #4662, #3071, .T. ) ;
#4833 = CARTESIAN_POINT ( 'NONE',  ( 36.32287429306300197, -4.438033587614000020, 69.65816667456199696 ) ) ;
#4834 = CARTESIAN_POINT ( 'NONE',  ( 33.47199346057600167, 4.157745998264999798, 74.84220980635899423 ) ) ;
#4835 = CARTESIAN_POINT ( 'NONE',  ( 39.94071895468699296, 4.354708999805000147, 78.15742276016000289 ) ) ;
#4836 = CARTESIAN_POINT ( 'NONE',  ( 31.65700132210000461, -4.588582159793999971, 70.71726209724300816 ) ) ;
#4837 = CARTESIAN_POINT ( 'NONE',  ( 31.79828835617599836, -0.8431806394369999458, 67.94764553006601204 ) ) ;
#4838 = CARTESIAN_POINT ( 'NONE',  ( 36.86632721391600143, -2.127876855368999731, 68.81981736731499666 ) ) ;
#4839 = CARTESIAN_POINT ( 'NONE',  ( 32.70370400000000188, 1.158902883999999908E-06, 77.41759192761099939 ) ) ;
#4840 = ORIENTED_EDGE ( 'NONE', *, *, #1560, .T. ) ;
#4841 = CARTESIAN_POINT ( 'NONE',  ( 28.98989749551699902, -1.412071818310999927, 77.17117090423400327 ) ) ;
#4842 = EDGE_CURVE ( 'NONE', #1861, #4199, #2121, .T. ) ;
#4843 = CARTESIAN_POINT ( 'NONE',  ( 34.38809852607799655, 4.386139513124000189, 74.13382778321600597 ) ) ;
#4844 = FACE_OUTER_BOUND ( 'NONE', #1724, .T. ) ;
#4845 = CARTESIAN_POINT ( 'NONE',  ( 39.94071895468699296, 6.643813628256999948, 74.19257723984000563 ) ) ;
#4846 = CARTESIAN_POINT ( 'NONE',  ( 31.82358840944499789, 1.922466805402000212, 67.98947997524899733 ) ) ;
#4847 = CARTESIAN_POINT ( 'NONE',  ( 31.09880001157199914, -4.331758241696999967, 71.78363978879698948 ) ) ;
#4848 = CARTESIAN_POINT ( 'NONE',  ( 31.61885158938900631, -3.150265983921999968, 68.95635202283999377 ) ) ;
#4849 = VERTEX_POINT ( 'NONE', #975 ) ;
#4850 = CARTESIAN_POINT ( 'NONE',  ( 29.60450268382799877, 4.281586309535000190, 71.78470356463900259 ) ) ;
#4851 = CARTESIAN_POINT ( 'NONE',  ( 34.17007040929700423, 1.646933575817999929, 68.70748872465699719 ) ) ;
#4852 = CARTESIAN_POINT ( 'NONE',  ( 30.47449734196100124, -4.574482376887999635, 75.21467823936399100 ) ) ;
#4853 = CARTESIAN_POINT ( 'NONE',  ( 30.07811098177300124, -4.250312170512000165, 74.11288370686000349 ) ) ;
#4854 = CARTESIAN_POINT ( 'NONE',  ( 28.83537193547799760, -3.597559699029000413, 69.05148563458701005 ) ) ;
#4855 = CARTESIAN_POINT ( 'NONE',  ( 35.96350144931300008, 3.059036581132999810, 77.28037819065001202 ) ) ;
#4856 = CARTESIAN_POINT ( 'NONE',  ( 28.94073999999999813, 0.000000000000000000, 73.00000000000000000 ) ) ;
#4857 = DIRECTION ( 'NONE',  ( -0.4999999999999247824, -0.02140789836578679828, 0.8657607648118706978 ) ) ;
#4858 = EDGE_CURVE ( 'NONE', #2319, #3169, #2461, .T. ) ;
#4859 = CARTESIAN_POINT ( 'NONE',  ( 35.25828264805399925, 1.400000000000000069E-15, 75.39999999999999147 ) ) ;
#4860 = CARTESIAN_POINT ( 'NONE',  ( 36.68963123711200325, -4.605589808370999627, 73.36719192186100713 ) ) ;
#4861 = CARTESIAN_POINT ( 'NONE',  ( 36.19073999999999813, -4.103647450318000267, 76.27453471557299736 ) ) ;
#4862 = CARTESIAN_POINT ( 'NONE',  ( 30.27923871633199937, 0.9314504360279999284, 77.99644179803399879 ) ) ;
#4863 = AXIS2_PLACEMENT_3D ( 'NONE', #1055, #3349, #1845 ) ;
#4864 = CLOSED_SHELL ( 'NONE', ( #664, #921, #4008, #3824, #222, #2139, #4245, #3347, #1443, #4340, #4738, #2071, #4774, #855, #2053, #2556, #3949, #3153, #2336, #3465, #627, #2502, #2565, #3647, #1555, #4943, #143, #1476, #2391, #506, #3925, #1219, #3635, #1816, #3560, #2204, #934, #4630, #1289, #1321, #3474, #51, #2866, #4620, #3400, #1623, #1719, #4803, #4491, #3918, #1376, #1897, #4706, #2482, #2262, #3874, #2168, #4996, #751, #1191, #4480, #3892, #2640, #4275, #1851, #3482, #2956, #4190, #4318, #3205, #3144, #1058, #1130, #955, #3314, #3714, #1727, #1789, #3171, #1393, #4470, #375, #981, #3381, #5066 ) ) ;
#4865 = DIRECTION ( 'NONE',  ( 1.000000000000000000, 2.200000000000000003E-16, 0.000000000000000000 ) ) ;
#4866 = ORIENTED_EDGE ( 'NONE', *, *, #122, .T. ) ;
#4867 = CARTESIAN_POINT ( 'NONE',  ( 36.45974841231235075, 1.502211130313592546, 67.91530834480025192 ) ) ;
#4868 = CARTESIAN_POINT ( 'NONE',  ( 36.08924199000600197, -3.353286909623999890, 77.35614359056000922 ) ) ;
#4869 = CARTESIAN_POINT ( 'NONE',  ( 32.26328274761100090, -0.8574085654519999489, 78.22376382434998732 ) ) ;
#4870 = CARTESIAN_POINT ( 'NONE',  ( 32.13928255070399587, 1.652011803863999928, 77.86134164853598350 ) ) ;
#4871 = AXIS2_PLACEMENT_3D ( 'NONE', #3341, #4108, #1680 ) ;
#4872 = ORIENTED_EDGE ( 'NONE', *, *, #5036, .F. ) ;
#4873 = CARTESIAN_POINT ( 'NONE',  ( 36.29421645980400513, 4.240302642784999243, 74.87879284668200341 ) ) ;
#4874 = CIRCLE ( 'NONE', #2782, 6.349999999999994316 ) ;
#4875 = CARTESIAN_POINT ( 'NONE',  ( 30.77785614420405480, 0.02215202731579775028, 67.91919024855285159 ) ) ;
#4876 = CARTESIAN_POINT ( 'NONE',  ( 35.08841439037400534, 0.9467356391379999625, 78.14650704327300446 ) ) ;
#4877 = CARTESIAN_POINT ( 'NONE',  ( 31.88033254347999446, 1.913301860291000134, 68.24323291954401327 ) ) ;
#4878 = EDGE_CURVE ( 'NONE', #4151, #2341, #3262, .T. ) ;
#4879 = CARTESIAN_POINT ( 'NONE',  ( 31.31511821248000160, -2.226583324956000087, 77.59720487832599645 ) ) ;
#4880 = ORIENTED_EDGE ( 'NONE', *, *, #3321, .T. ) ;
#4881 = CARTESIAN_POINT ( 'NONE',  ( 31.23795013181399938, 1.699184029628999948, 78.00536471881999034 ) ) ;
#4882 = CARTESIAN_POINT ( 'NONE',  ( 30.88231713520563915, 1.397604362969595559E-17, 67.91588723072237599 ) ) ;
#4883 = CARTESIAN_POINT ( 'NONE',  ( 34.03176157605700070, -2.433074324487999540, 69.05561538318599446 ) ) ;
#4884 = DIRECTION ( 'NONE',  ( 0.000000000000000000, 0.000000000000000000, 1.000000000000000000 ) ) ;
#4885 = CARTESIAN_POINT ( 'NONE',  ( 28.64779123430800212, -4.777781649930999741, 75.13283949559098573 ) ) ;
#4886 = CARTESIAN_POINT ( 'NONE',  ( 33.16870399999999819, 1.156899872399999929E-06, 78.22299555313099972 ) ) ;
#4887 = B_SPLINE_CURVE_WITH_KNOTS ( 'NONE', 1,
 ( #2471, #515 ),
 .UNSPECIFIED., .F., .F.,
 ( 2, 2 ),
 ( 0.07929630608092902433, 0.9300000000000001599 ),
 .UNSPECIFIED. ) ;
#4888 = CARTESIAN_POINT ( 'NONE',  ( 32.96738355899600492, 4.558204755662000451, 75.43705637285599153 ) ) ;
#4889 = CARTESIAN_POINT ( 'NONE',  ( 30.66774166430199955, -5.046435061264999966, 72.30133529093399147 ) ) ;
#4890 = CARTESIAN_POINT ( 'NONE',  ( 42.44074010432298394, 6.349999819308731475, 71.29852231509552496 ) ) ;
#4891 = CARTESIAN_POINT ( 'NONE',  ( 35.91726036959499879, 1.184013047412999953, 78.11988542025099491 ) ) ;
#4892 = CARTESIAN_POINT ( 'NONE',  ( 33.91235752637199852, 5.147545597338000434, 74.33067615232600645 ) ) ;
#4893 = B_SPLINE_SURFACE_WITH_KNOTS ( 'NONE', 1, 9, ( 
 ( #570, #2520, #176, #4575, #4910, #3342, #597, #665, #3297, #4936, #622, #2176, #1737, #2213, #2128, #202, #4507, #979, #1766, #3319, #1890, #1939, #3019, #3042, #3837, #1169, #3092, #4316, #2606, #4649, #1527, #2260, #5034, #5009 ),
 ( #3420, #5058, #3889, #2994, #1101, #3811, #2310, #3442, #352, #2632, #376, #1866, #3466, #1123, #1505, #2237, #3490, #765, #4237, #2655, #3862, #4288, #2678, #4263, #5080, #4621, #739, #328, #2701, #4692, #791, #1459, #2285, #1917 ) ),
 .UNSPECIFIED., .F., .F., .F.,
 ( 2, 2 ),
 ( 10, 8, 8, 8, 10 ),
 ( 0.000000000000000000, 0.9300000000000000488 ),
 ( 0.000000000000000000, 1.477706215780999921, 3.142142805069999767, 4.803141248936000807, 6.284285610140000422 ),
 .UNSPECIFIED. ) ;
#4894 = ORIENTED_EDGE ( 'NONE', *, *, #3849, .F. ) ;
#4895 = CARTESIAN_POINT ( 'NONE',  ( 36.83606246847800492, 1.538791222638999923, 78.07646655064499441 ) ) ;
#4896 = DIRECTION ( 'NONE',  ( 0.000000000000000000, 0.000000000000000000, 1.000000000000000000 ) ) ;
#4897 = CARTESIAN_POINT ( 'NONE',  ( 36.10680731830100143, 3.174332269742999646, 69.50414038133199313 ) ) ;
#4898 = CARTESIAN_POINT ( 'NONE',  ( 30.30567698632499685, 3.320319913861999872, 76.86465298285399683 ) ) ;
#4899 = CARTESIAN_POINT ( 'NONE',  ( 29.94868619640533325, 0.2400381982121160274, 67.94506302730218295 ) ) ;
#4900 = ORIENTED_EDGE ( 'NONE', *, *, #3849, .T. ) ;
#4901 = CARTESIAN_POINT ( 'NONE',  ( 35.64882073750600000, -3.414835264590999842, 76.17820264520099727 ) ) ;
#4902 = CARTESIAN_POINT ( 'NONE',  ( 30.77720336034998283, -1.795709848179116719E-16, 67.91917201678225524 ) ) ;
#4903 = CARTESIAN_POINT ( 'NONE',  ( 34.95260200594999844, 4.628330707177999770, 75.41952764962299227 ) ) ;
#4904 = AXIS2_PLACEMENT_3D ( 'NONE', #3307, #3215, #885 ) ;
#4905 = CARTESIAN_POINT ( 'NONE',  ( 37.44073999999999813, -5.499260512133000489, 76.17500138892900452 ) ) ;
#4906 = ORIENTED_EDGE ( 'NONE', *, *, #2833, .F. ) ;
#4907 = CARTESIAN_POINT ( 'NONE',  ( 30.69904232953399870, 3.304530088965000445, 76.06287150130900443 ) ) ;
#4908 = CARTESIAN_POINT ( 'NONE',  ( 34.21481992464899946, -1.371856339006999992, 78.02274555308000004 ) ) ;
#4909 = EDGE_CURVE ( 'NONE', #3104, #2506, #2364, .T. ) ;
#4910 = CARTESIAN_POINT ( 'NONE',  ( 35.62424199000599856, -2.845038626503999968, 76.69597737789099767 ) ) ;
#4911 = CARTESIAN_POINT ( 'NONE',  ( 33.11943213166700417, 1.718533499868999836, 78.06236964609999518 ) ) ;
#4912 = CARTESIAN_POINT ( 'NONE',  ( 37.44074000000000524, -0.5541419038584551870, 79.34999999999998010 ) ) ;
#4913 = CARTESIAN_POINT ( 'NONE',  ( 29.57687522899500365, 4.019077997473999631, 71.00036626292799724 ) ) ;
#4914 = CARTESIAN_POINT ( 'NONE',  ( 40.03343979002702469, -4.024678120196189646, 67.27094698829225194 ) ) ;
#4915 =( BOUNDED_CURVE ( )  B_SPLINE_CURVE ( 2, ( #1864, #2630, #4262 ),
 .UNSPECIFIED., .F., .F. ) 
 B_SPLINE_CURVE_WITH_KNOTS ( ( 3, 3 ),
 ( 0.000000000000000000, 1.000000000000000000 ),
 .UNSPECIFIED. ) 
 CURVE ( )  GEOMETRIC_REPRESENTATION_ITEM ( )  RATIONAL_B_SPLINE_CURVE ( ( 1.000000000000000000, 1.037954849302015869, 1.000000000000000000 ) ) 
 REPRESENTATION_ITEM ( '' )  );
#4916 = CARTESIAN_POINT ( 'NONE',  ( 33.20170195468499941, 0.8178568482460000233, 68.56684548803499979 ) ) ;
#4917 = CARTESIAN_POINT ( 'NONE',  ( 34.22819904765499643, -4.536955107095000272, 75.55426956813698780 ) ) ;
#4918 = CARTESIAN_POINT ( 'NONE',  ( 36.89113147594500219, -1.397864390081999808, 68.55612736478700242 ) ) ;
#4919 = FACE_OUTER_BOUND ( 'NONE', #551, .T. ) ;
#4920 = CARTESIAN_POINT ( 'NONE',  ( 36.26958052548999945, 4.443829463220999365, 74.14874187279900752 ) ) ;
#4921 = CARTESIAN_POINT ( 'NONE',  ( 33.17944500000000119, 1.446079939400000066E-06, 78.25239353503400253 ) ) ;
#4922 = CARTESIAN_POINT ( 'NONE',  ( 31.81523727082619857, -0.2670470990937668931, 67.89231438414826414 ) ) ;
#4923 = CARTESIAN_POINT ( 'NONE',  ( 28.94073999999999813, -3.666174209354000180, 79.35000000000000853 ) ) ;
#4924 = B_SPLINE_CURVE_WITH_KNOTS ( 'NONE', 9,
 ( #4932, #4961, #1430, #1069, #4155, #298, #2580, #1809, #642, #619, #1454, #2914, #2173, #1405, #5005, #4569, #4982, #3733, #997, #711, #2990, #2601, #2965, #1885, #323, #1043, #1860, #3012, #4184, #2191, #2256, #3415, #4614, #223 ),
 .UNSPECIFIED., .F., .F.,
 ( 10, 8, 8, 8, 10 ),
 ( 0.000000000000000000, 1.477706217987999837, 3.142142805069999767, 4.803141251146000101, 6.284285610140000422 ),
 .UNSPECIFIED. ) ;
#4925 = CARTESIAN_POINT ( 'NONE',  ( 33.61138985872300111, -0.9684755282159999146, 67.76317083646998185 ) ) ;
#4926 = CARTESIAN_POINT ( 'NONE',  ( 29.93911263094000219, 3.211351374598000241, 69.07449849089900340 ) ) ;
#4927 = ORIENTED_EDGE ( 'NONE', *, *, #1835, .F. ) ;
#4928 = CARTESIAN_POINT ( 'NONE',  ( 35.55050574750099912, -0.7396699505589999779, 77.50655428748500242 ) ) ;
#4929 = CARTESIAN_POINT ( 'NONE',  ( 36.16889042783400043, -5.000994314686000308, 75.42728672363399767 ) ) ;
#4930 = CARTESIAN_POINT ( 'NONE',  ( 35.07025340668499780, 1.560385894348999880, 77.98611090337000462 ) ) ;
#4931 = CARTESIAN_POINT ( 'NONE',  ( 31.76177120797099462, -2.038555865494999786, 68.30214335765600708 ) ) ;
#4932 = CARTESIAN_POINT ( 'NONE',  ( 34.58518600000000021, 1.738178446000000098E-06, 77.47638789141700499 ) ) ;
#4933 = ORIENTED_EDGE ( 'NONE', *, *, #2385, .F. ) ;
#4934 = CARTESIAN_POINT ( 'NONE',  ( 43.94073999999999813, 3.330000000000000073E-15, 75.39999999999999147 ) ) ;
#4935 = CARTESIAN_POINT ( 'NONE',  ( 34.17491061387699602, 1.735527806000000012E-06, 78.18700570527600746 ) ) ;
#4936 = CARTESIAN_POINT ( 'NONE',  ( 35.77482036889900030, -4.571691720067000198, 72.58993872988699536 ) ) ;
#4937 = CARTESIAN_POINT ( 'NONE',  ( 32.72596095472199806, 0.9610480876560000274, 67.79083989819000067 ) ) ;
#4938 = EDGE_CURVE ( 'NONE', #2506, #3705, #3609, .T. ) ;
#4939 = CARTESIAN_POINT ( 'NONE',  ( 40.18193922118300065, -3.666174209354000180, 66.65000000000000568 ) ) ;
#4940 = CARTESIAN_POINT ( 'NONE',  ( 35.95127884695899922, 2.024548839000000083E-06, 78.24251688334598498 ) ) ;
#4941 = CARTESIAN_POINT ( 'NONE',  ( 33.86009413748300290, 5.310325498721999438, 72.50691289679900819 ) ) ;
#4942 = PLANE ( 'NONE',  #1747 ) ;
#4943 = ADVANCED_FACE ( 'NONE', ( #4844 ), #1247, .T. ) ;
#4944 = CARTESIAN_POINT ( 'NONE',  ( 29.99743863576099656, 4.463180225866000050, 70.58734238775699055 ) ) ;
#4945 = CARTESIAN_POINT ( 'NONE',  ( 33.43094628830999682, -5.011969479182999621, 74.31513028247499619 ) ) ;
#4946 = CARTESIAN_POINT ( 'NONE',  ( 36.55974601601799634, 4.360041700243000307, 69.99429781765199721 ) ) ;
#4947 = CARTESIAN_POINT ( 'NONE',  ( 29.14595241196200348, -4.356002099592999777, 73.40051929002999032 ) ) ;
#4948 = CARTESIAN_POINT ( 'NONE',  ( 32.68138985872300140, -0.9684755282159999146, 67.76317083646898709 ) ) ;
#4949 = CYLINDRICAL_SURFACE ( 'NONE', #5042, 5.250000000000004441 ) ;
#4950 = AXIS2_PLACEMENT_3D ( 'NONE', #1477, #689, #4232 ) ;
#4951 = CARTESIAN_POINT ( 'NONE',  ( 36.19073999999999813, -5.247859283373999872, 72.85009022078898511 ) ) ;
#4952 = ORIENTED_EDGE ( 'NONE', *, *, #3732, .T. ) ;
#4953 = CARTESIAN_POINT ( 'NONE',  ( 37.18486092558200085, -4.637241764124000021, 70.42248490175400377 ) ) ;
#4954 = CARTESIAN_POINT ( 'NONE',  ( 36.30211016580499717, -4.971640255680999765, 70.69636063311799035 ) ) ;
#4955 = LINE ( 'NONE', #4202, #1525 ) ;
#4956 = AXIS2_PLACEMENT_3D ( 'NONE', #1189, #2093, #3414 ) ;
#4957 = CARTESIAN_POINT ( 'NONE',  ( 34.74560866621000343, 3.244048159879000082, 68.90660210930700202 ) ) ;
#4958 = CARTESIAN_POINT ( 'NONE',  ( 30.42192490349199829, -0.3378485645959999895, 78.06972559726001748 ) ) ;
#4959 = EDGE_CURVE ( 'NONE', #1079, #1522, #3286, .T. ) ;
#4960 = VECTOR ( 'NONE', #151, 1000.000000000000000 ) ;
#4961 = CARTESIAN_POINT ( 'NONE',  ( 34.60976474753800147, -0.7348442439610001209, 77.47715625804998751 ) ) ;
#4962 = ORIENTED_EDGE ( 'NONE', *, *, #2035, .T. ) ;
#4963 = CARTESIAN_POINT ( 'NONE',  ( 34.43077644410000460, -5.163524703677999206, 72.28265647137601491 ) ) ;
#4964 = CARTESIAN_POINT ( 'NONE',  ( 29.36720913188699811, 1.689509294574000009, 77.97686225512799751 ) ) ;
#4965 = CARTESIAN_POINT ( 'NONE',  ( 30.88246223877928287, 0.004927227833414752310, 67.91588460633096247 ) ) ;
#4966 = ORIENTED_EDGE ( 'NONE', *, *, #1533, .T. ) ;
#4967 = CARTESIAN_POINT ( 'NONE',  ( 33.28458431874300061, 3.112443559619999967, 69.57228724666300934 ) ) ;
#4968 = CARTESIAN_POINT ( 'NONE',  ( 33.22842911526799980, -3.188580142373000026, 77.07651628227199581 ) ) ;
#4969 = CARTESIAN_POINT ( 'NONE',  ( 39.94071895468699296, -6.643813628256999948, 74.19257723983899666 ) ) ;
#4970 = CARTESIAN_POINT ( 'NONE',  ( 31.59051146109000285, 4.102708235376000268, 74.81782111254899803 ) ) ;
#4971 = CARTESIAN_POINT ( 'NONE',  ( 33.12062605298200424, 0.2901290336620000465, 78.14752409118098342 ) ) ;
#4972 = CARTESIAN_POINT ( 'NONE',  ( 29.53401219762499963, 3.202535379412999816, 76.49864615646100674 ) ) ;
#4973 = CARTESIAN_POINT ( 'NONE',  ( 29.29371997333946709, -0.5158693403430310020, 68.54092693121857849 ) ) ;
#4974 = EDGE_CURVE ( 'NONE', #1019, #3582, #3076, .T. ) ;
#4975 = CARTESIAN_POINT ( 'NONE',  ( 36.19073999999999813, 1.609999999999999932E-15, 73.00000000000000000 ) ) ;
#4976 = EDGE_LOOP ( 'NONE', ( #705, #3121, #964, #2718 ) ) ;
#4977 = CARTESIAN_POINT ( 'NONE',  ( 36.05155240915100023, 1.668631438268000089, 68.65094471704600210 ) ) ;
#4978 = CARTESIAN_POINT ( 'NONE',  ( 31.81212049529699826, -1.441026954960999973, 77.25669132537800010 ) ) ;
#4979 = CARTESIAN_POINT ( 'NONE',  ( 30.56286051601500020, -5.042085561358000234, 72.29394594139999697 ) ) ;
#4980 = CARTESIAN_POINT ( 'NONE',  ( 34.56287185864900380, -0.9793477776959997882, 67.70437497957500739 ) ) ;
#4981 = PRODUCT_DEFINITION_CONTEXT ( 'detailed design', #2737, 'design' ) ;
#4982 = CARTESIAN_POINT ( 'NONE',  ( 35.02787185864900010, -0.8304246058030000377, 68.50977860569599898 ) ) ;
#4983 = EDGE_LOOP ( 'NONE', ( #4397, #3639, #3734, #3916 ) ) ;
#4984 = AXIS2_PLACEMENT_3D ( 'NONE', #2633, #4289, #4693 ) ;
#4985 = CARTESIAN_POINT ( 'NONE',  ( 33.01563220950699673, 5.138477159873000133, 73.57322424438099517 ) ) ;
#4986 = CARTESIAN_POINT ( 'NONE',  ( 34.58518600000000021, 1.738178446000000098E-06, 77.47638789141700499 ) ) ;
#4987 = CARTESIAN_POINT ( 'NONE',  ( 32.09491029379699967, -3.668321345330999961, 70.23784826212299492 ) ) ;
#4988 = CARTESIAN_POINT ( 'NONE',  ( 32.06625246083299885, 4.884146461554999874, 75.16410625958499736 ) ) ;
#4989 = CARTESIAN_POINT ( 'NONE',  ( 29.15200789768407930, -4.255881535203393184, 73.68563399919831625 ) ) ;
#4990 = VERTEX_POINT ( 'NONE', #196 ) ;
#4991 = CARTESIAN_POINT ( 'NONE',  ( 34.51127819727899748, 2.179968150676999894, 77.06513538894900250 ) ) ;
#4992 = CARTESIAN_POINT ( 'NONE',  ( 33.93699346057599797, 4.911665343432000341, 75.17630060565299743 ) ) ;
#4993 = CARTESIAN_POINT ( 'NONE',  ( 33.23416961387700042, 1.446374604000000025E-06, 78.15760772337399942 ) ) ;
#4994 = CARTESIAN_POINT ( 'NONE',  ( 31.66441926347999924, 2.773400239140999979, 76.59050385663300631 ) ) ;
#4995 = DIRECTION ( 'NONE',  ( 1.000000000000000000, 2.200000000000000003E-16, 0.000000000000000000 ) ) ;
#4996 = ADVANCED_FACE ( 'NONE', ( #4468 ), #4485, .T. ) ;
#4997 = ORIENTED_EDGE ( 'NONE', *, *, #1963, .F. ) ;
#4998 = CARTESIAN_POINT ( 'NONE',  ( 43.94073999999999813, 3.330000000000000073E-15, 73.00000000000000000 ) ) ;
#4999 = CARTESIAN_POINT ( 'NONE',  ( 31.24757385262600096, 3.857325969999999977E-07, 78.09552697401001353 ) ) ;
#5000 = CARTESIAN_POINT ( 'NONE',  ( 30.30683284695899715, 1.446519750000000058E-07, 78.06612899193001454 ) ) ;
#5001 = CARTESIAN_POINT ( 'NONE',  ( 35.40274732861699647, 3.416059424763000063, 76.16625807165300444 ) ) ;
#5002 = CARTESIAN_POINT ( 'NONE',  ( 33.50349567546500396, -3.099228344975999860, 68.84437600762200304 ) ) ;
#5003 = CARTESIAN_POINT ( 'NONE',  ( 30.21275826254899854, 2.986471574598999812, 77.10980190215599350 ) ) ;
#5004 = EDGE_CURVE ( 'NONE', #2609, #3553, #289, .T. ) ;
#5005 = CARTESIAN_POINT ( 'NONE',  ( 34.97250257594700429, -2.449113266570000391, 69.02960981794900874 ) ) ;
#5006 = ORIENTED_EDGE ( 'NONE', *, *, #1761, .F. ) ;
#5007 = CARTESIAN_POINT ( 'NONE',  ( 29.50405499103300144, -3.223427852741000077, 77.18746552548100226 ) ) ;
#5008 = CARTESIAN_POINT ( 'NONE',  ( 34.34218961427900751, -4.677524037773999943, 75.27946374188900336 ) ) ;
#5009 = CARTESIAN_POINT ( 'NONE',  ( 36.46666799999999853, 2.317270659700000103E-06, 77.53518385522301060 ) ) ;
#5010 = CARTESIAN_POINT ( 'NONE',  ( 32.68564542546499752, -2.567905446012999970, 68.53479483078800172 ) ) ;
#5011 = CARTESIAN_POINT ( 'NONE',  ( 39.94071895468699296, 4.354708999805000147, 67.84257723984001132 ) ) ;
#5012 = ORIENTED_EDGE ( 'NONE', *, *, #4364, .T. ) ;
#5013 = CARTESIAN_POINT ( 'NONE',  ( 33.92102301080100091, -4.419231120804000490, 71.75907231376500306 ) ) ;
#5014 = ORIENTED_EDGE ( 'NONE', *, *, #2749, .F. ) ;
#5015 = CARTESIAN_POINT ( 'NONE',  ( 29.79016900968099790, -4.689208614212000192, 71.18682661430500502 ) ) ;
#5016 = EDGE_CURVE ( 'NONE', #4225, #3046, #3580, .T. ) ;
#5017 = LINE ( 'NONE', #335, #1490 ) ;
#5018 = CARTESIAN_POINT ( 'NONE',  ( 31.51361213807199491, 4.435298351625999835, 72.58813747073300249 ) ) ;
#5019 = CARTESIAN_POINT ( 'NONE',  ( 37.44074000000004077, 1.701477371937658356, 79.35000000000007958 ) ) ;
#5020 = ORIENTED_EDGE ( 'NONE', *, *, #2408, .F. ) ;
#5021 = DIRECTION ( 'NONE',  ( 0.000000000000000000, -1.000000000000000000, 2.419999999999999880E-15 ) ) ;
#5022 = CARTESIAN_POINT ( 'NONE',  ( 36.63389042783399674, -4.247521097024000269, 75.06164430337099702 ) ) ;
#5023 = CARTESIAN_POINT ( 'NONE',  ( 30.67088769746699839, -3.317573955638000172, 69.14163280265900369 ) ) ;
#5024 = CARTESIAN_POINT ( 'NONE',  ( 37.12676083247300340, -5.317846138405999845, 74.44390501148200201 ) ) ;
#5025 = CARTESIAN_POINT ( 'NONE',  ( 34.70106631844900136, 3.718888197260000084, 68.90453170938398841 ) ) ;
#5026 = VECTOR ( 'NONE', #4019, 1000.000000000000114 ) ;
#5027 = COLOUR_RGB ( '',0.8274509803921568096, 0.8274509803921568096, 0.8274509803921568096 ) ;
#5028 = CARTESIAN_POINT ( 'NONE',  ( 31.71794437135132938, -3.117081245895825248E-16, 67.88977403403113442 ) ) ;
#5029 = ORIENTED_EDGE ( 'NONE', *, *, #2823, .T. ) ;
#5030 = CARTESIAN_POINT ( 'NONE',  ( 34.91713329324500137, -3.741869269471999715, 70.18245924932001856 ) ) ;
#5031 = CIRCLE ( 'NONE', #4770, 2.399999999999999467 ) ;
#5032 = CARTESIAN_POINT ( 'NONE',  ( 35.95127884695899922, 2.024548839000000083E-06, 78.24251688334598498 ) ) ;
#5033 = CARTESIAN_POINT ( 'NONE',  ( 33.08789859053199933, 4.289228168406999941, 75.89584146877599835 ) ) ;
#5034 = CARTESIAN_POINT ( 'NONE',  ( 36.44203206568599995, 0.7462324986329998966, 77.53441360556300310 ) ) ;
#5035 = CARTESIAN_POINT ( 'NONE',  ( 32.41829743594399815, -3.808298452172000026, 76.45565872974799504 ) ) ;
#5036 = EDGE_CURVE ( 'NONE', #199, #779, #4577, .T. ) ;
#5037 = CONICAL_SURFACE ( 'NONE', #2775, 9.038370000000004012, 1.178102599964000019 ) ;
#5038 = CARTESIAN_POINT ( 'NONE',  ( 33.32678134096099853, -5.017057724286999587, 74.28253565425301019 ) ) ;
#5039 = ORIENTED_EDGE ( 'NONE', *, *, #1504, .F. ) ;
#5040 = CARTESIAN_POINT ( 'NONE',  ( 33.81649623302299545, -4.162258485719999790, 74.85809829898100531 ) ) ;
#5041 = CARTESIAN_POINT ( 'NONE',  ( 34.39478793745200136, -4.304114294475000158, 70.05663780071000701 ) ) ;
#5042 = AXIS2_PLACEMENT_3D ( 'NONE', #989, #2957, #678 ) ;
#5043 = CARTESIAN_POINT ( 'NONE',  ( 35.15912283660600224, -4.385971205496000280, 75.86358182328299904 ) ) ;
#5044 = CARTESIAN_POINT ( 'NONE',  ( 30.17387442606100123, 3.940278042661999880, 76.20488049107498796 ) ) ;
#5045 = LINE ( 'NONE', #362, #763 ) ;
#5046 = CARTESIAN_POINT ( 'NONE',  ( 33.64444500000000460, 1.448583618999999964E-06, 77.44698990951400219 ) ) ;
#5047 = CARTESIAN_POINT ( 'NONE',  ( 31.18185393518400161, -3.072662472249000132, 69.62768401200099788 ) ) ;
#5048 = CARTESIAN_POINT ( 'NONE',  ( 32.26636537259599891, -2.561470960936999663, 77.46105769191599677 ) ) ;
#5049 =( BOUNDED_CURVE ( )  B_SPLINE_CURVE ( 2, ( #3116, #2398, #4735 ),
 .UNSPECIFIED., .F., .F. ) 
 B_SPLINE_CURVE_WITH_KNOTS ( ( 3, 3 ),
 ( 0.000000000000000000, 1.000000000000000000 ),
 .UNSPECIFIED. ) 
 CURVE ( )  GEOMETRIC_REPRESENTATION_ITEM ( )  RATIONAL_B_SPLINE_CURVE ( ( 1.000000000000000000, 1.004815706086253924, 1.000000000000000000 ) ) 
 REPRESENTATION_ITEM ( '' )  );
#5050 = ORIENTED_EDGE ( 'NONE', *, *, #775, .F. ) ;
#5051 = CARTESIAN_POINT ( 'NONE',  ( 35.32676401054399662, -5.247205180933000257, 71.52652029819199697 ) ) ;
#5052 = DIRECTION ( 'NONE',  ( 0.000000000000000000, 0.000000000000000000, 1.000000000000000000 ) ) ;
#5053 = CARTESIAN_POINT ( 'NONE',  ( 35.35347546006099861, 4.212783761238999780, 74.86659849996900107 ) ) ;
#5054 = CARTESIAN_POINT ( 'NONE',  ( 33.65106150180000100, 1.752483573169000053, 68.12298364750400026 ) ) ;
#5055 = ORIENTED_EDGE ( 'NONE', *, *, #1282, .F. ) ;
#5056 = CARTESIAN_POINT ( 'NONE',  ( 34.83407936919299885, -4.541915012769999649, 72.59261031167901024 ) ) ;
#5057 = CARTESIAN_POINT ( 'NONE',  ( 32.79569139732075911, 1.090076317665206185, 67.96096782013050586 ) ) ;
#5058 = CARTESIAN_POINT ( 'NONE',  ( 35.08550574750100282, -0.8718856859789999580, 78.31195791242900839 ) ) ;
#5059 = CARTESIAN_POINT ( 'NONE',  ( 32.72155798283500872, -1.435890462314000082, 68.04636030395700175 ) ) ;
#5060 = CARTESIAN_POINT ( 'NONE',  ( 33.30233873787300780, -3.980227087273999764, 76.70434014096299791 ) ) ;
#5061 = CARTESIAN_POINT ( 'NONE',  ( 30.55071011407899917, -4.071221615904999425, 76.05710411192400500 ) ) ;
#5062 = CARTESIAN_POINT ( 'NONE',  ( 34.78770129555699953, 5.199727997746999897, 73.42931269064300182 ) ) ;
#5063 = ORIENTED_EDGE ( 'NONE', *, *, #1651, .F. ) ;
#5064 = CARTESIAN_POINT ( 'NONE',  ( 38.00789484072100066, 3.666174209354000180, 79.35000000000000853 ) ) ;
#5065 = ORIENTED_EDGE ( 'NONE', *, *, #5089, .T. ) ;
#5066 = ADVANCED_FACE ( 'NONE', ( #2504, #71 ), #2444, .F. ) ;
#5067 = CARTESIAN_POINT ( 'NONE',  ( 35.09015635316799830, -2.653476793437999692, 77.51130117592100532 ) ) ;
#5068 = AXIS2_PLACEMENT_3D ( 'NONE', #1750, #2509, #2057 ) ;
#5069 = CARTESIAN_POINT ( 'NONE',  ( 31.18185393518400161, -3.072662472249000132, 69.62768401200099788 ) ) ;
#5070 = CARTESIAN_POINT ( 'NONE',  ( 31.45835722855400007, 4.073781451307000090, 70.97315433706098986 ) ) ;
#5071 = CARTESIAN_POINT ( 'NONE',  ( 39.94071895468699296, -6.643813628256999948, 71.80742276016100334 ) ) ;
#5072 = ORIENTED_EDGE ( 'NONE', *, *, #5036, .T. ) ;
#5073 = CARTESIAN_POINT ( 'NONE',  ( 31.91043548588899625, -3.776698570171999947, 75.49845569806599599 ) ) ;
#5074 = CARTESIAN_POINT ( 'NONE',  ( 30.37947895479599936, 0.8015839030179999769, 68.65503959411900325 ) ) ;
#5075 = CARTESIAN_POINT ( 'NONE',  ( 34.70807973769200316, -3.392572955070999985, 76.15748552544900463 ) ) ;
#5076 = CARTESIAN_POINT ( 'NONE',  ( 36.18144551327500125, -5.256874997741999955, 73.17587328882100906 ) ) ;
#5077 = ORIENTED_EDGE ( 'NONE', *, *, #72, .T. ) ;
#5078 = CARTESIAN_POINT ( 'NONE',  ( 29.43031874775799750, -0.8381057388810000397, 78.10617170681500454 ) ) ;
#5079 = CARTESIAN_POINT ( 'NONE',  ( 33.84107498059799468, -4.365592425968999102, 74.14306595246098652 ) ) ;
#5080 = CARTESIAN_POINT ( 'NONE',  ( 35.75231713660100041, 5.399624347025999249, 72.49862285700498887 ) ) ;
#5081 = CARTESIAN_POINT ( 'NONE',  ( 32.55174777418299925, -5.093791946139999638, 72.20666738018100261 ) ) ;
#5082 = CARTESIAN_POINT ( 'NONE',  ( 30.56052700526400301, -4.265083740738999651, 75.78484175766898545 ) ) ;
#5083 = CARTESIAN_POINT ( 'NONE',  ( 31.43936176967500273, -2.801287815131999981, 77.28606674581401137 ) ) ;
#5084 = CARTESIAN_POINT ( 'NONE',  ( 36.46666799999999853, 2.317270785000000039E-06, 77.53518385522301060 ) ) ;
#5085 = VERTEX_POINT ( 'NONE', #463 ) ;
#5086 = CARTESIAN_POINT ( 'NONE',  ( 30.73379757649799870, -2.808323345789000225, 68.44717020615499337 ) ) ;
#5087 = CARTESIAN_POINT ( 'NONE',  ( 34.17904786759500269, -3.465793205344000150, 76.87449715566998520 ) ) ;
#5088 = CARTESIAN_POINT ( 'NONE',  ( 40.18193922118300065, 7.332348418707999471, 73.00000000000000000 ) ) ;
#5089 = EDGE_CURVE ( 'NONE', #4134, #2537, #3637, .T. ) ;
#5090 = CARTESIAN_POINT ( 'NONE',  ( 35.52407002487399978, 1.492183647704000027, 67.96925011809099715 ) ) ;
#5091 = CARTESIAN_POINT ( 'NONE',  ( 32.39025925307699794, -5.023621150501000443, 74.13404418410300423 ) ) ;
#5092 = CARTESIAN_POINT ( 'NONE',  ( 36.94073999999999813, 0.1124721653729999910, 68.45139180407599611 ) ) ;
#5093 = EDGE_CURVE ( 'NONE', #4819, #3366, #1318, .T. ) ;
#5094 = VERTEX_POINT ( 'NONE', #3975 ) ;
#5095 = CARTESIAN_POINT ( 'NONE',  ( 32.28858840944499775, 1.625235713671999926, 68.76403273228399371 ) ) ;
#5096 = CARTESIAN_POINT ( 'NONE',  ( 30.24111293533099598, -3.051994182954999690, 69.65037183577499036 ) ) ;
#5097 = CARTESIAN_POINT ( 'NONE',  ( 31.04977929671099801, 4.587366848662999708, 70.77139810429498823 ) ) ;
ENDSEC;
END-ISO-10303-21;
