ISO-10303-21;
HEADER;
FILE_DESCRIPTION (( 'STEP AP214' ),
    '1' );
FILE_NAME ('MotorPlateLarge.STEP',
    '2026-09-04T22:01:20',
    ( '' ),
    ( '' ),
    'SwSTEP 2.0',
    'SolidWorks 2026',
    '' );
FILE_SCHEMA (( 'AUTOMOTIVE_DESIGN' ));
ENDSEC;

DATA;
#1 = CARTESIAN_POINT ( 'NONE',  ( 0.000000000000000000, 2.375000000000000000, 0.2500000000000000000 ) ) ;
#2 = DIRECTION ( 'NONE',  ( 0.000000000000000000, 0.000000000000000000, 1.000000000000000000 ) ) ;
#3 = DIMENSIONAL_EXPONENTS ( 1.000000000000000000, 0.000000000000000000, 0.000000000000000000, 0.000000000000000000, 0.000000000000000000, 0.000000000000000000, 0.000000000000000000 ) ;
#4 = ORIENTED_EDGE ( 'NONE', *, *, #1078, .T. ) ;
#5 = FACE_OUTER_BOUND ( 'NONE', #794, .T. ) ;
#6 = COLOUR_RGB ( '',0.8588235294117646523, 0.8588235294117646523, 0.8588235294117646523 ) ;
#7 = UNCERTAINTY_MEASURE_WITH_UNIT (LENGTH_MEASURE( 1.000000000000000082E-05 ), #960, 'distance_accuracy_value', 'NONE');
#8 = DIMENSIONAL_EXPONENTS ( 1.000000000000000000, 0.000000000000000000, 0.000000000000000000, 0.000000000000000000, 0.000000000000000000, 0.000000000000000000, 0.000000000000000000 ) ;
#9 = CIRCLE ( 'NONE', #1029, 0.1125000000000000999 ) ;
#10 = EDGE_LOOP ( 'NONE', ( #1198, #1019, #1184, #1035 ) ) ;
#11 = AXIS2_PLACEMENT_3D ( 'NONE', #1563, #835, #1451 ) ;
#12 = COLOUR_RGB ( '',0.8588235294117646523, 0.8588235294117646523, 0.8588235294117646523 ) ;
#13 = ORIENTED_EDGE ( 'NONE', *, *, #1614, .F. ) ;
#14 = CARTESIAN_POINT ( 'NONE',  ( 0.000000000000000000, 5.375000000000000888, 0.000000000000000000 ) ) ;
#15 = DIRECTION ( 'NONE',  ( 1.000000000000000000, 0.000000000000000000, 0.000000000000000000 ) ) ;
#16 = DIMENSIONAL_EXPONENTS ( 1.000000000000000000, 0.000000000000000000, 0.000000000000000000, 0.000000000000000000, 0.000000000000000000, 0.000000000000000000, 0.000000000000000000 ) ;
#17 = ORIENTED_EDGE ( 'NONE', *, *, #22, .T. ) ;
#18 = CIRCLE ( 'NONE', #966, 0.5000000000000522915 ) ;
#19 = DIRECTION ( 'NONE',  ( -0.000000000000000000, -0.000000000000000000, -1.000000000000000000 ) ) ;
#20 = FACE_BOUND ( 'NONE', #1569, .T. ) ;
#21 = SURFACE_STYLE_FILL_AREA ( #1177 ) ;
#22 = EDGE_CURVE ( 'NONE', #819, #542, #208, .T. ) ;
#23 = FACE_OUTER_BOUND ( 'NONE', #958, .T. ) ;
#24 = CARTESIAN_POINT ( 'NONE',  ( -0.1249999999999999306, 5.375000000000000888, 0.2500000000000000000 ) ) ;
#25 = DIRECTION ( 'NONE',  ( 1.000000000000000000, 0.000000000000000000, 0.000000000000000000 ) ) ;
#26 = ORIENTED_EDGE ( 'NONE', *, *, #733, .F. ) ;
#27 = CARTESIAN_POINT ( 'NONE',  ( 1.189999999999999947, -0.6700000000000002620, 0.2500000000000000000 ) ) ;
#28 = CARTESIAN_POINT ( 'NONE',  ( 1.344214125648240244E-13, -2.375000000000000000, 0.000000000000000000 ) ) ;
#29 = VERTEX_POINT ( 'NONE', #1102 ) ;
#30 = CYLINDRICAL_SURFACE ( 'NONE', #1622, 0.1249999999999999306 ) ;
#31 =( GEOMETRIC_REPRESENTATION_CONTEXT ( 3 ) GLOBAL_UNCERTAINTY_ASSIGNED_CONTEXT ( ( #792 ) ) GLOBAL_UNIT_ASSIGNED_CONTEXT ( ( #135, #1159, #540 ) ) REPRESENTATION_CONTEXT ( 'NONE', 'WORKASPACE' ) );
#32 = PRESENTATION_LAYER_ASSIGNMENT (  '', '', ( #1260 ) ) ;
#33 = DIRECTION ( 'NONE',  ( 0.000000000000000000, 0.000000000000000000, 1.000000000000000000 ) ) ;
#34 = COLOUR_RGB ( '',0.8588235294117646523, 0.8588235294117646523, 0.8588235294117646523 ) ;
#35 = ORIENTED_EDGE ( 'NONE', *, *, #458, .T. ) ;
#36 = COLOUR_RGB ( '',0.8588235294117646523, 0.8588235294117646523, 0.8588235294117646523 ) ;
#37 = FACE_BOUND ( 'NONE', #1438, .T. ) ;
#38 = LENGTH_MEASURE_WITH_UNIT ( LENGTH_MEASURE( 0.02539999999999999897 ), #1332 );
#39 = DIMENSIONAL_EXPONENTS ( 1.000000000000000000, 0.000000000000000000, 0.000000000000000000, 0.000000000000000000, 0.000000000000000000, 0.000000000000000000, 0.000000000000000000 ) ;
#40 = VERTEX_POINT ( 'NONE', #1226 ) ;
#41 = FILL_AREA_STYLE_COLOUR ( '', #397 ) ;
#42 = LENGTH_MEASURE_WITH_UNIT ( LENGTH_MEASURE( 0.02539999999999999897 ), #593 );
#43 = UNCERTAINTY_MEASURE_WITH_UNIT (LENGTH_MEASURE( 1.000000000000000082E-05 ), #674, 'distance_accuracy_value', 'NONE');
#44 = ORIENTED_EDGE ( 'NONE', *, *, #1215, .T. ) ;
#45 = EDGE_CURVE ( 'NONE', #850, #1158, #738, .T. ) ;
#46 = CIRCLE ( 'NONE', #1638, 0.5000000000001078027 ) ;
#47 = FACE_OUTER_BOUND ( 'NONE', #1065, .T. ) ;
#48 = CIRCLE ( 'NONE', #567, 0.1249999999999999306 ) ;
#49 = VERTEX_POINT ( 'NONE', #470 ) ;
#50 = SURFACE_SIDE_STYLE ('',( #1567 ) ) ;
#51 = FACE_BOUND ( 'NONE', #1178, .T. ) ;
#52 =( LENGTH_UNIT ( ) NAMED_UNIT ( * ) SI_UNIT ( $, .METRE. ) );
#53 = VERTEX_POINT ( 'NONE', #982 ) ;
#54 =( NAMED_UNIT ( * ) PLANE_ANGLE_UNIT ( ) SI_UNIT ( $, .RADIAN. ) );
#55 = EDGE_CURVE ( 'NONE', #1146, #828, #602, .T. ) ;
#56 = ORIENTED_EDGE ( 'NONE', *, *, #816, .T. ) ;
#57 = DIRECTION ( 'NONE',  ( 1.000000000000000000, 0.000000000000000000, 0.000000000000000000 ) ) ;
#58 = PRESENTATION_STYLE_ASSIGNMENT (( #1469 ) ) ;
#59 = SURFACE_SIDE_STYLE ('',( #845 ) ) ;
#60 = STYLED_ITEM ( 'NONE', ( #69 ), #1041 ) ;
#61 = COLOUR_RGB ( '',0.8588235294117646523, 0.8588235294117646523, 0.8588235294117646523 ) ;
#62 = DIRECTION ( 'NONE',  ( 1.000000000000000000, 0.000000000000000000, 0.000000000000000000 ) ) ;
#63 = AXIS2_PLACEMENT_3D ( 'NONE', #28, #728, #544 ) ;
#64 = CARTESIAN_POINT ( 'NONE',  ( -1.189999999999999947, 1.829999999999999849, 0.000000000000000000 ) ) ;
#65 = ORIENTED_EDGE ( 'NONE', *, *, #1409, .T. ) ;
#66 = DIRECTION ( 'NONE',  ( -0.000000000000000000, -0.000000000000000000, -1.000000000000000000 ) ) ;
#67 = STYLED_ITEM ( 'NONE', ( #736 ), #1379 ) ;
#68 = SURFACE_STYLE_USAGE ( .BOTH. , #1612 ) ;
#69 = PRESENTATION_STYLE_ASSIGNMENT (( #1127 ) ) ;
#70 = CIRCLE ( 'NONE', #985, 0.5000000000000000000 ) ;
#71 = DIRECTION ( 'NONE',  ( 1.000000000000000000, 0.000000000000000000, 0.000000000000000000 ) ) ;
#72 =( LENGTH_UNIT ( ) NAMED_UNIT ( * ) SI_UNIT ( $, .METRE. ) );
#73 = EDGE_CURVE ( 'NONE', #1045, #310, #1112, .T. ) ;
#74 = CARTESIAN_POINT ( 'NONE',  ( -1.189999999999999947, 1.829999999999999849, 0.2500000000000000000 ) ) ;
#75 = FACE_BOUND ( 'NONE', #659, .T. ) ;
#76 = FILL_AREA_STYLE_COLOUR ( '', #1634 ) ;
#77 = DIRECTION ( 'NONE',  ( 0.000000000000000000, 0.000000000000000000, 1.000000000000000000 ) ) ;
#78 = ORIENTED_EDGE ( 'NONE', *, *, #935, .T. ) ;
#79 =( CONVERSION_BASED_UNIT ( 'INCH', #375 ) LENGTH_UNIT ( ) NAMED_UNIT ( #525 ) );
#80 = ADVANCED_FACE ( 'NONE', ( #1607 ), #237, .F. ) ;
#81 = CARTESIAN_POINT ( 'NONE',  ( 5.500000000000048850, 4.854251745881226443E-14, 0.000000000000000000 ) ) ;
#82 = VERTEX_POINT ( 'NONE', #759 ) ;
#83 = COLOUR_RGB ( '',0.8588235294117646523, 0.8588235294117646523, 0.8588235294117646523 ) ;
#84 = CARTESIAN_POINT ( 'NONE',  ( -1.077500000000000124, -0.6700000000000002620, 0.2500000000000000000 ) ) ;
#85 = AXIS2_PLACEMENT_3D ( 'NONE', #1169, #1186, #1161 ) ;
#86 = ORIENTED_EDGE ( 'NONE', *, *, #1474, .T. ) ;
#87 = LENGTH_MEASURE_WITH_UNIT ( LENGTH_MEASURE( 0.02539999999999999897 ), #1366 );
#88 = DIRECTION ( 'NONE',  ( 0.000000000000000000, 0.000000000000000000, 1.000000000000000000 ) ) ;
#89 = CYLINDRICAL_SURFACE ( 'NONE', #686, 0.5000000000001443290 ) ;
#90 = ORIENTED_EDGE ( 'NONE', *, *, #990, .F. ) ;
#91 = AXIS2_PLACEMENT_3D ( 'NONE', #710, #301, #951 ) ;
#92 = EDGE_CURVE ( 'NONE', #389, #558, #1106, .T. ) ;
#93 = DIRECTION ( 'NONE',  ( 0.000000000000000000, 0.000000000000000000, 1.000000000000000000 ) ) ;
#94 =( GEOMETRIC_REPRESENTATION_CONTEXT ( 3 ) GLOBAL_UNCERTAINTY_ASSIGNED_CONTEXT ( ( #1330 ) ) GLOBAL_UNIT_ASSIGNED_CONTEXT ( ( #466, #1586, #604 ) ) REPRESENTATION_CONTEXT ( 'NONE', 'WORKASPACE' ) );
#95 = PRESENTATION_LAYER_ASSIGNMENT (  '', '', ( #864 ) ) ;
#96 = CARTESIAN_POINT ( 'NONE',  ( -5.374999999999952038, -4.918545702836461765E-14, 0.000000000000000000 ) ) ;
#97 = DIRECTION ( 'NONE',  ( 0.000000000000000000, 0.000000000000000000, 1.000000000000000000 ) ) ;
#98 = AXIS2_PLACEMENT_3D ( 'NONE', #231, #876, #1244 ) ;
#99 =( CONVERSION_BASED_UNIT ( 'INCH', #732 ) LENGTH_UNIT ( ) NAMED_UNIT ( #8 ) );
#100 = FILL_AREA_STYLE_COLOUR ( '', #83 ) ;
#101 =( CONVERSION_BASED_UNIT ( 'INCH', #1002 ) LENGTH_UNIT ( ) NAMED_UNIT ( #298 ) );
#102 = SURFACE_SIDE_STYLE ('',( #1179 ) ) ;
#103 = CARTESIAN_POINT ( 'NONE',  ( 5.500000000000048850, 4.854251745881226443E-14, 0.2500000000000000000 ) ) ;
#104 = ADVANCED_FACE ( 'NONE', ( #114 ), #499, .F. ) ;
#105 = FILL_AREA_STYLE_COLOUR ( '', #853 ) ;
#106 = DIRECTION ( 'NONE',  ( -0.000000000000000000, -0.000000000000000000, -1.000000000000000000 ) ) ;
#107 = SURFACE_STYLE_USAGE ( .BOTH. , #1119 ) ;
#108 = STYLED_ITEM ( 'NONE', ( #1532 ), #1267 ) ;
#109 = DIRECTION ( 'NONE',  ( -0.000000000000000000, -0.000000000000000000, -1.000000000000000000 ) ) ;
#110 = VERTEX_POINT ( 'NONE', #1176 ) ;
#111 = APPLICATION_CONTEXT ( 'automotive_design' ) ;
#112 = CIRCLE ( 'NONE', #285, 0.1125000000000000999 ) ;
#113 = VECTOR ( 'NONE', #281, 39.37007874015748143 ) ;
#114 = FACE_OUTER_BOUND ( 'NONE', #934, .T. ) ;
#115 =( NAMED_UNIT ( * ) PLANE_ANGLE_UNIT ( ) SI_UNIT ( $, .RADIAN. ) );
#116 = STYLED_ITEM ( 'NONE', ( #1098 ), #80 ) ;
#117 =( NAMED_UNIT ( * ) SI_UNIT ( $, .STERADIAN. ) SOLID_ANGLE_UNIT ( ) );
#118 = ORIENTED_EDGE ( 'NONE', *, *, #807, .T. ) ;
#119 =( GEOMETRIC_REPRESENTATION_CONTEXT ( 3 ) GLOBAL_UNCERTAINTY_ASSIGNED_CONTEXT ( ( #692 ) ) GLOBAL_UNIT_ASSIGNED_CONTEXT ( ( #1590, #1096, #854 ) ) REPRESENTATION_CONTEXT ( 'NONE', 'WORKASPACE' ) );
#120 =( LENGTH_UNIT ( ) NAMED_UNIT ( * ) SI_UNIT ( $, .METRE. ) );
#121 = LINE ( 'NONE', #1018, #1371 ) ;
#122 = VERTEX_POINT ( 'NONE', #263 ) ;
#123 = CARTESIAN_POINT ( 'NONE',  ( 1.189999999999999947, -0.6700000000000002620, 0.2500000000000000000 ) ) ;
#124 = VECTOR ( 'NONE', #259, 39.37007874015748143 ) ;
#125 =( CONVERSION_BASED_UNIT ( 'INCH', #282 ) LENGTH_UNIT ( ) NAMED_UNIT ( #1039 ) );
#126 =( GEOMETRIC_REPRESENTATION_CONTEXT ( 3 ) GLOBAL_UNCERTAINTY_ASSIGNED_CONTEXT ( ( #940 ) ) GLOBAL_UNIT_ASSIGNED_CONTEXT ( ( #1645, #1157, #923 ) ) REPRESENTATION_CONTEXT ( 'NONE', 'WORKASPACE' ) );
#127 = ORIENTED_EDGE ( 'NONE', *, *, #1215, .F. ) ;
#128 = STYLED_ITEM ( 'NONE', ( #1103 ), #711 ) ;
#129 = EDGE_CURVE ( 'NONE', #1551, #694, #1014, .T. ) ;
#130 = UNCERTAINTY_MEASURE_WITH_UNIT (LENGTH_MEASURE( 1.000000000000000082E-05 ), #323, 'distance_accuracy_value', 'NONE');
#131 = CARTESIAN_POINT ( 'NONE',  ( -1.189999999999999947, 1.829999999999999849, 0.2500000000000000000 ) ) ;
#132 = ORIENTED_EDGE ( 'NONE', *, *, #1338, .F. ) ;
#133 = LINE ( 'NONE', #911, #203 ) ;
#134 = VERTEX_POINT ( 'NONE', #372 ) ;
#135 =( CONVERSION_BASED_UNIT ( 'INCH', #1279 ) LENGTH_UNIT ( ) NAMED_UNIT ( #1573 ) );
#136 = ADVANCED_FACE ( 'NONE', ( #1396 ), #150, .F. ) ;
#137 = LENGTH_MEASURE_WITH_UNIT ( LENGTH_MEASURE( 0.02539999999999999897 ), #675 );
#138 = ORIENTED_EDGE ( 'NONE', *, *, #1363, .F. ) ;
#139 =( NAMED_UNIT ( * ) PLANE_ANGLE_UNIT ( ) SI_UNIT ( $, .RADIAN. ) );
#140 = EDGE_LOOP ( 'NONE', ( #307, #403, #765, #1452 ) ) ;
#141 = CARTESIAN_POINT ( 'NONE',  ( -5.249999999999952038, -4.917014894337527260E-14, 0.000000000000000000 ) ) ;
#142 = AXIS2_PLACEMENT_3D ( 'NONE', #1056, #825, #817 ) ;
#143 = UNCERTAINTY_MEASURE_WITH_UNIT (LENGTH_MEASURE( 1.000000000000000082E-05 ), #609, 'distance_accuracy_value', 'NONE');
#144 = AXIS2_PLACEMENT_3D ( 'NONE', #74, #1322, #1450 ) ;
#145 = FACE_OUTER_BOUND ( 'NONE', #418, .T. ) ;
#146 = EDGE_LOOP ( 'NONE', ( #1403, #1051, #56, #523 ) ) ;
#147 = DIRECTION ( 'NONE',  ( -0.000000000000000000, -0.000000000000000000, -1.000000000000000000 ) ) ;
#148 = EDGE_CURVE ( 'NONE', #460, #1551, #687, .T. ) ;
#149 = DIMENSIONAL_EXPONENTS ( 1.000000000000000000, 0.000000000000000000, 0.000000000000000000, 0.000000000000000000, 0.000000000000000000, 0.000000000000000000, 0.000000000000000000 ) ;
#150 = CYLINDRICAL_SURFACE ( 'NONE', #1493, 0.1125000000000000999 ) ;
#151 = CARTESIAN_POINT ( 'NONE',  ( 0.000000000000000000, 2.375000000000000000, 0.2500000000000000000 ) ) ;
#152 =( LENGTH_UNIT ( ) NAMED_UNIT ( * ) SI_UNIT ( $, .METRE. ) );
#153 = VECTOR ( 'NONE', #384, 39.37007874015748143 ) ;
#154 = EDGE_LOOP ( 'NONE', ( #467, #1203, #1442, #701 ) ) ;
#155 = SURFACE_STYLE_USAGE ( .BOTH. , #270 ) ;
#156 = AXIS2_PLACEMENT_3D ( 'NONE', #560, #1320, #1313 ) ;
#157 = DIRECTION ( 'NONE',  ( 0.000000000000000000, 0.000000000000000000, 1.000000000000000000 ) ) ;
#158 = EDGE_LOOP ( 'NONE', ( #17, #1649 ) ) ;
#159 = CIRCLE ( 'NONE', #374, 0.1249999999999999306 ) ;
#160 = DIRECTION ( 'NONE',  ( 0.000000000000000000, 0.000000000000000000, 1.000000000000000000 ) ) ;
#161 = DIRECTION ( 'NONE',  ( 1.000000000000000000, 0.000000000000000000, 0.000000000000000000 ) ) ;
#162 = SHAPE_DEFINITION_REPRESENTATION ( #1233, #847 ) ;
#163 = DIMENSIONAL_EXPONENTS ( 1.000000000000000000, 0.000000000000000000, 0.000000000000000000, 0.000000000000000000, 0.000000000000000000, 0.000000000000000000, 0.000000000000000000 ) ;
#164 = VERTEX_POINT ( 'NONE', #929 ) ;
#165 =( NAMED_UNIT ( * ) PLANE_ANGLE_UNIT ( ) SI_UNIT ( $, .RADIAN. ) );
#166 = FILL_AREA_STYLE ('',( #248 ) ) ;
#167 = UNCERTAINTY_MEASURE_WITH_UNIT (LENGTH_MEASURE( 1.000000000000000082E-05 ), #101, 'distance_accuracy_value', 'NONE');
#168 = SURFACE_STYLE_FILL_AREA ( #1648 ) ;
#169 = EDGE_LOOP ( 'NONE', ( #138, #823 ) ) ;
#170 = LINE ( 'NONE', #1436, #450 ) ;
#171 = FACE_BOUND ( 'NONE', #905, .T. ) ;
#172 = DIRECTION ( 'NONE',  ( -1.000000000000000000, 0.000000000000000000, 0.000000000000000000 ) ) ;
#173 = ORIENTED_EDGE ( 'NONE', *, *, #329, .T. ) ;
#174 = CARTESIAN_POINT ( 'NONE',  ( 1.344214125648240244E-13, -2.375000000000000000, 0.2500000000000000000 ) ) ;
#175 = FACE_BOUND ( 'NONE', #218, .T. ) ;
#176 = EDGE_CURVE ( 'NONE', #596, #1032, #1601, .T. ) ;
#177 = FILL_AREA_STYLE_COLOUR ( '', #767 ) ;
#178 =( GEOMETRIC_REPRESENTATION_CONTEXT ( 3 ) GLOBAL_UNCERTAINTY_ASSIGNED_CONTEXT ( ( #1152 ) ) GLOBAL_UNIT_ASSIGNED_CONTEXT ( ( #1385, #1643, #507 ) ) REPRESENTATION_CONTEXT ( 'NONE', 'WORKASPACE' ) );
#179 = DIMENSIONAL_EXPONENTS ( 1.000000000000000000, 0.000000000000000000, 0.000000000000000000, 0.000000000000000000, 0.000000000000000000, 0.000000000000000000, 0.000000000000000000 ) ;
#180 = VERTEX_POINT ( 'NONE', #337 ) ;
#181 = DIRECTION ( 'NONE',  ( -0.000000000000000000, -0.000000000000000000, -1.000000000000000000 ) ) ;
#182 = CARTESIAN_POINT ( 'NONE',  ( 5.500000000000048850, 4.854251745881226443E-14, 0.2500000000000000000 ) ) ;
#183 = EDGE_LOOP ( 'NONE', ( #173, #35, #519, #899 ) ) ;
#184 = LENGTH_MEASURE_WITH_UNIT ( LENGTH_MEASURE( 0.02539999999999999897 ), #443 );
#185 = UNCERTAINTY_MEASURE_WITH_UNIT (LENGTH_MEASURE( 1.000000000000000082E-05 ), #413, 'distance_accuracy_value', 'NONE');
#186 = CARTESIAN_POINT ( 'NONE',  ( 2.875000000000119460, 6.727193862236940503E-14, 0.2500000000000000000 ) ) ;
#187 = PRESENTATION_LAYER_ASSIGNMENT (  '', '', ( #67 ) ) ;
#188 = ADVANCED_FACE ( 'NONE', ( #1101, #1421, #684, #37, #75, #20, #47, #171, #440, #1597, #1229, #1191, #1564, #568 ), #865, .T. ) ;
#189 = VERTEX_POINT ( 'NONE', #1555 ) ;
#190 =( GEOMETRIC_REPRESENTATION_CONTEXT ( 3 ) GLOBAL_UNCERTAINTY_ASSIGNED_CONTEXT ( ( #1440 ) ) GLOBAL_UNIT_ASSIGNED_CONTEXT ( ( #1100, #344, #449 ) ) REPRESENTATION_CONTEXT ( 'NONE', 'WORKASPACE' ) );
#191 = MECHANICAL_DESIGN_GEOMETRIC_PRESENTATION_REPRESENTATION (  '', ( #1404 ), #1118 ) ;
#192 = ORIENTED_EDGE ( 'NONE', *, *, #1094, .F. ) ;
#193 = DIRECTION ( 'NONE',  ( -1.000000000000000000, 0.000000000000000000, 0.000000000000000000 ) ) ;
#194 = FACE_BOUND ( 'NONE', #1042, .T. ) ;
#195 = SURFACE_STYLE_USAGE ( .BOTH. , #59 ) ;
#196 = DIRECTION ( 'NONE',  ( -1.000000000000000000, 0.000000000000000000, 0.000000000000000000 ) ) ;
#197 = DIRECTION ( 'NONE',  ( 0.000000000000000000, 0.000000000000000000, 1.000000000000000000 ) ) ;
#198 = VERTEX_POINT ( 'NONE', #213 ) ;
#199 = AXIS2_PLACEMENT_3D ( 'NONE', #390, #900, #535 ) ;
#200 =( NAMED_UNIT ( * ) PLANE_ANGLE_UNIT ( ) SI_UNIT ( $, .RADIAN. ) );
#201 = UNCERTAINTY_MEASURE_WITH_UNIT (LENGTH_MEASURE( 1.000000000000000082E-05 ), #521, 'distance_accuracy_value', 'NONE');
#202 = SURFACE_STYLE_USAGE ( .BOTH. , #833 ) ;
#203 = VECTOR ( 'NONE', #147, 39.37007874015748143 ) ;
#204 =( GEOMETRIC_REPRESENTATION_CONTEXT ( 3 ) GLOBAL_UNCERTAINTY_ASSIGNED_CONTEXT ( ( #334 ) ) GLOBAL_UNIT_ASSIGNED_CONTEXT ( ( #734, #887, #353 ) ) REPRESENTATION_CONTEXT ( 'NONE', 'WORKASPACE' ) );
#205 = AXIS2_PLACEMENT_3D ( 'NONE', #356, #849, #235 ) ;
#206 = PRESENTATION_LAYER_ASSIGNMENT (  '', '', ( #826 ) ) ;
#207 =( LENGTH_UNIT ( ) NAMED_UNIT ( * ) SI_UNIT ( $, .METRE. ) );
#208 = CIRCLE ( 'NONE', #1445, 0.1250000000000004441 ) ;
#209 = EDGE_CURVE ( 'NONE', #351, #110, #1085, .T. ) ;
#210 = EDGE_LOOP ( 'NONE', ( #919, #1539, #4, #242 ) ) ;
#211 = FACE_OUTER_BOUND ( 'NONE', #183, .T. ) ;
#212 = CARTESIAN_POINT ( 'NONE',  ( 0.000000000000000000, 0.000000000000000000, 0.000000000000000000 ) ) ;
#213 = CARTESIAN_POINT ( 'NONE',  ( -5.249999999999952038, -4.917014894337527260E-14, 0.2500000000000000000 ) ) ;
#214 = ORIENTED_EDGE ( 'NONE', *, *, #1020, .F. ) ;
#215 = CARTESIAN_POINT ( 'NONE',  ( 2.875000000000119460, 6.727193862236940503E-14, 0.2500000000000000000 ) ) ;
#216 = MECHANICAL_DESIGN_GEOMETRIC_PRESENTATION_REPRESENTATION (  '', ( #269 ), #1012 ) ;
#217 = EDGE_CURVE ( 'NONE', #484, #980, #364, .T. ) ;
#218 = EDGE_LOOP ( 'NONE', ( #65, #226 ) ) ;
#219 = CYLINDRICAL_SURFACE ( 'NONE', #962, 0.6250000000000000000 ) ;
#220 = SURFACE_STYLE_FILL_AREA ( #376 ) ;
#221 = ORIENTED_EDGE ( 'NONE', *, *, #176, .F. ) ;
#222 = FILL_AREA_STYLE ('',( #41 ) ) ;
#223 = CARTESIAN_POINT ( 'NONE',  ( 1.189999999999999947, -0.6700000000000002620, 0.000000000000000000 ) ) ;
#224 = EDGE_CURVE ( 'NONE', #198, #542, #302, .T. ) ;
#225 = PRESENTATION_STYLE_ASSIGNMENT (( #1461 ) ) ;
#226 = ORIENTED_EDGE ( 'NONE', *, *, #1604, .T. ) ;
#227 = STYLED_ITEM ( 'NONE', ( #1125 ), #494 ) ;
#228 = LENGTH_MEASURE_WITH_UNIT ( LENGTH_MEASURE( 0.02539999999999999897 ), #490 );
#229 = PRESENTATION_LAYER_ASSIGNMENT (  '', '', ( #1132 ) ) ;
#230 =( LENGTH_UNIT ( ) NAMED_UNIT ( * ) SI_UNIT ( $, .METRE. ) );
#231 = CARTESIAN_POINT ( 'NONE',  ( 0.000000000000000000, 0.000000000000000000, 0.000000000000000000 ) ) ;
#232 = DIRECTION ( 'NONE',  ( 1.000000000000000000, 0.000000000000000000, -0.000000000000000000 ) ) ;
#233 = FACE_OUTER_BOUND ( 'NONE', #1343, .T. ) ;
#234 = VERTEX_POINT ( 'NONE', #81 ) ;
#235 = DIRECTION ( 'NONE',  ( -1.000000000000000000, 0.000000000000000000, 0.000000000000000000 ) ) ;
#236 = AXIS2_PLACEMENT_3D ( 'NONE', #896, #746, #1362 ) ;
#237 = CYLINDRICAL_SURFACE ( 'NONE', #1261, 0.5000000000001078027 ) ;
#238 = PRODUCT ( 'MotorPlateLarge', 'MotorPlateLarge', '', ( #647 ) ) ;
#239 = CIRCLE ( 'NONE', #1273, 0.5000000000000522915 ) ;
#240 = DIRECTION ( 'NONE',  ( -1.000000000000000000, 0.000000000000000000, 0.000000000000000000 ) ) ;
#241 = PRESENTATION_STYLE_ASSIGNMENT (( #107 ) ) ;
#242 = ORIENTED_EDGE ( 'NONE', *, *, #740, .F. ) ;
#243 = DIRECTION ( 'NONE',  ( -0.000000000000000000, -0.000000000000000000, -1.000000000000000000 ) ) ;
#244 = DIRECTION ( 'NONE',  ( -0.000000000000000000, -0.000000000000000000, -1.000000000000000000 ) ) ;
#245 = EDGE_LOOP ( 'NONE', ( #1311, #1581, #512, #669 ) ) ;
#246 = FILL_AREA_STYLE_COLOUR ( '', #36 ) ;
#247 = DIRECTION ( 'NONE',  ( -0.000000000000000000, -0.000000000000000000, -1.000000000000000000 ) ) ;
#248 = FILL_AREA_STYLE_COLOUR ( '', #473 ) ;
#249 = EDGE_LOOP ( 'NONE', ( #437, #842 ) ) ;
#250 = CYLINDRICAL_SURFACE ( 'NONE', #382, 0.1250000000000004441 ) ;
#251 = AXIS2_PLACEMENT_3D ( 'NONE', #1537, #925, #1390 ) ;
#252 = AXIS2_PLACEMENT_3D ( 'NONE', #622, #1340, #858 ) ;
#253 = ADVANCED_FACE ( 'NONE', ( #233 ), #872, .F. ) ;
#254 =( LENGTH_UNIT ( ) NAMED_UNIT ( * ) SI_UNIT ( $, .METRE. ) );
#255 = AXIS2_PLACEMENT_3D ( 'NONE', #651, #33, #1559 ) ;
#256 = ORIENTED_EDGE ( 'NONE', *, *, #55, .T. ) ;
#257 = FILL_AREA_STYLE_COLOUR ( '', #335 ) ;
#258 =( CONVERSION_BASED_UNIT ( 'INCH', #383 ) LENGTH_UNIT ( ) NAMED_UNIT ( #653 ) );
#259 = DIRECTION ( 'NONE',  ( -0.000000000000000000, -0.000000000000000000, -1.000000000000000000 ) ) ;
#260 = ORIENTED_EDGE ( 'NONE', *, *, #750, .F. ) ;
#261 =( NAMED_UNIT ( * ) PLANE_ANGLE_UNIT ( ) SI_UNIT ( $, .RADIAN. ) );
#262 =( GEOMETRIC_REPRESENTATION_CONTEXT ( 3 ) GLOBAL_UNCERTAINTY_ASSIGNED_CONTEXT ( ( #185 ) ) GLOBAL_UNIT_ASSIGNED_CONTEXT ( ( #413, #932, #1377 ) ) REPRESENTATION_CONTEXT ( 'NONE', 'WORKASPACE' ) );
#263 = CARTESIAN_POINT ( 'NONE',  ( -1.874999999999825251, -6.744032755725213746E-14, 0.000000000000000000 ) ) ;
#264 = DIRECTION ( 'NONE',  ( -0.000000000000000000, -0.000000000000000000, -1.000000000000000000 ) ) ;
#265 = APPLICATION_PROTOCOL_DEFINITION ( 'draft international standard', 'automotive_design', 1998, #111 ) ;
#266 = AXIS2_PLACEMENT_3D ( 'NONE', #212, #1228, #232 ) ;
#267 = EDGE_CURVE ( 'NONE', #134, #694, #1580, .T. ) ;
#268 = VERTEX_POINT ( 'NONE', #1376 ) ;
#269 = STYLED_ITEM ( 'NONE', ( #274 ), #889 ) ;
#270 = SURFACE_SIDE_STYLE ('',( #1511 ) ) ;
#271 = SURFACE_STYLE_FILL_AREA ( #1402 ) ;
#272 = EDGE_LOOP ( 'NONE', ( #1208, #1296, #680, #1646 ) ) ;
#273 =( LENGTH_UNIT ( ) NAMED_UNIT ( * ) SI_UNIT ( $, .METRE. ) );
#274 = PRESENTATION_STYLE_ASSIGNMENT (( #1635 ) ) ;
#275 = SURFACE_SIDE_STYLE ('',( #665 ) ) ;
#276 = ORIENTED_EDGE ( 'NONE', *, *, #1255, .F. ) ;
#277 = FILL_AREA_STYLE ('',( #1167 ) ) ;
#278 = SURFACE_SIDE_STYLE ('',( #271 ) ) ;
#279 = ADVANCED_FACE ( 'NONE', ( #763 ), #1009, .F. ) ;
#280 = ORIENTED_EDGE ( 'NONE', *, *, #45, .F. ) ;
#281 = DIRECTION ( 'NONE',  ( -0.000000000000000000, -0.000000000000000000, -1.000000000000000000 ) ) ;
#282 = LENGTH_MEASURE_WITH_UNIT ( LENGTH_MEASURE( 0.02539999999999999897 ), #664 );
#283 = DIRECTION ( 'NONE',  ( -1.000000000000000000, 0.000000000000000000, 0.000000000000000000 ) ) ;
#284 = PRESENTATION_LAYER_ASSIGNMENT (  '', '', ( #60 ) ) ;
#285 = AXIS2_PLACEMENT_3D ( 'NONE', #724, #1334, #585 ) ;
#286 = ORIENTED_EDGE ( 'NONE', *, *, #953, .T. ) ;
#287 = SURFACE_SIDE_STYLE ('',( #1269 ) ) ;
#288 = STYLED_ITEM ( 'NONE', ( #1382 ), #253 ) ;
#289 = PRESENTATION_LAYER_ASSIGNMENT (  '', '', ( #666 ) ) ;
#290 = LENGTH_MEASURE_WITH_UNIT ( LENGTH_MEASURE( 0.02539999999999999897 ), #773 );
#291 = VERTEX_POINT ( 'NONE', #1134 ) ;
#292 = EDGE_CURVE ( 'NONE', #314, #82, #339, .T. ) ;
#293 = SURFACE_STYLE_USAGE ( .BOTH. , #308 ) ;
#294 = DIRECTION ( 'NONE',  ( 1.000000000000000000, 0.000000000000000000, 0.000000000000000000 ) ) ;
#295 = CIRCLE ( 'NONE', #1400, 0.1249999999999999306 ) ;
#296 = EDGE_LOOP ( 'NONE', ( #1282, #917 ) ) ;
#297 = CYLINDRICAL_SURFACE ( 'NONE', #144, 0.1125000000000000999 ) ;
#298 = DIMENSIONAL_EXPONENTS ( 1.000000000000000000, 0.000000000000000000, 0.000000000000000000, 0.000000000000000000, 0.000000000000000000, 0.000000000000000000, 0.000000000000000000 ) ;
#299 = ORIENTED_EDGE ( 'NONE', *, *, #1363, .T. ) ;
#300 = AXIS2_PLACEMENT_3D ( 'NONE', #1031, #915, #294 ) ;
#301 = DIRECTION ( 'NONE',  ( 0.000000000000000000, 0.000000000000000000, 1.000000000000000000 ) ) ;
#302 = LINE ( 'NONE', #1308, #800 ) ;
#303 = SURFACE_STYLE_FILL_AREA ( #447 ) ;
#304 = VERTEX_POINT ( 'NONE', #1286 ) ;
#305 = FILL_AREA_STYLE_COLOUR ( '', #61 ) ;
#306 = LENGTH_MEASURE_WITH_UNIT ( LENGTH_MEASURE( 0.02539999999999999897 ), #1487 );
#307 = ORIENTED_EDGE ( 'NONE', *, *, #637, .F. ) ;
#308 = SURFACE_SIDE_STYLE ('',( #979 ) ) ;
#309 = ADVANCED_FACE ( 'NONE', ( #145 ), #1044, .F. ) ;
#310 = VERTEX_POINT ( 'NONE', #1548 ) ;
#311 =( GEOMETRIC_REPRESENTATION_CONTEXT ( 3 ) GLOBAL_UNCERTAINTY_ASSIGNED_CONTEXT ( ( #1220 ) ) GLOBAL_UNIT_ASSIGNED_CONTEXT ( ( #1453, #1344, #1093 ) ) REPRESENTATION_CONTEXT ( 'NONE', 'WORKASPACE' ) );
#312 = DIRECTION ( 'NONE',  ( -0.000000000000000000, -0.000000000000000000, -1.000000000000000000 ) ) ;
#313 = AXIS2_PLACEMENT_3D ( 'NONE', #408, #808, #1317 ) ;
#314 = VERTEX_POINT ( 'NONE', #1433 ) ;
#315 = STYLED_ITEM ( 'NONE', ( #1207 ), #451 ) ;
#316 = CYLINDRICAL_SURFACE ( 'NONE', #641, 0.1125000000000000999 ) ;
#317 = DIRECTION ( 'NONE',  ( 1.000000000000000000, 0.000000000000000000, 0.000000000000000000 ) ) ;
#318 = DIMENSIONAL_EXPONENTS ( 1.000000000000000000, 0.000000000000000000, 0.000000000000000000, 0.000000000000000000, 0.000000000000000000, 0.000000000000000000, 0.000000000000000000 ) ;
#319 = ORIENTED_EDGE ( 'NONE', *, *, #148, .T. ) ;
#320 = DIRECTION ( 'NONE',  ( -0.000000000000000000, -0.000000000000000000, -1.000000000000000000 ) ) ;
#321 = FACE_BOUND ( 'NONE', #1141, .T. ) ;
#322 = STYLED_ITEM ( 'NONE', ( #1325 ), #1331 ) ;
#323 =( CONVERSION_BASED_UNIT ( 'INCH', #709 ) LENGTH_UNIT ( ) NAMED_UNIT ( #1323 ) );
#324 = AXIS2_PLACEMENT_3D ( 'NONE', #471, #1368, #481 ) ;
#325 = DIRECTION ( 'NONE',  ( 0.000000000000000000, 0.000000000000000000, 1.000000000000000000 ) ) ;
#326 = ORIENTED_EDGE ( 'NONE', *, *, #514, .T. ) ;
#327 = DIRECTION ( 'NONE',  ( -0.000000000000000000, -0.000000000000000000, -1.000000000000000000 ) ) ;
#328 = CARTESIAN_POINT ( 'NONE',  ( 1.189999999999999947, -0.6700000000000002620, 0.2500000000000000000 ) ) ;
#329 = EDGE_CURVE ( 'NONE', #1045, #804, #9, .T. ) ;
#330 = CARTESIAN_POINT ( 'NONE',  ( 1.302500000000000213, 1.829999999999999849, 0.000000000000000000 ) ) ;
#331 =( NAMED_UNIT ( * ) SI_UNIT ( $, .STERADIAN. ) SOLID_ANGLE_UNIT ( ) );
#332 = DIRECTION ( 'NONE',  ( 1.000000000000000000, 0.000000000000000000, 0.000000000000000000 ) ) ;
#333 = FILL_AREA_STYLE ('',( #965 ) ) ;
#334 = UNCERTAINTY_MEASURE_WITH_UNIT (LENGTH_MEASURE( 1.000000000000000082E-05 ), #734, 'distance_accuracy_value', 'NONE');
#335 = COLOUR_RGB ( '',0.8588235294117646523, 0.8588235294117646523, 0.8588235294117646523 ) ;
#336 = AXIS2_PLACEMENT_3D ( 'NONE', #1472, #996, #1097 ) ;
#337 = CARTESIAN_POINT ( 'NONE',  ( 1.875000000000014655, 6.721070628241202484E-14, 0.000000000000000000 ) ) ;
#338 = PRODUCT_RELATED_PRODUCT_CATEGORY ( 'part', '', ( #238 ) ) ;
#339 = CIRCLE ( 'NONE', #1629, 0.1249999999999999306 ) ;
#340 = DIRECTION ( 'NONE',  ( 1.000000000000000000, 0.000000000000000000, 0.000000000000000000 ) ) ;
#341 = AXIS2_PLACEMENT_3D ( 'NONE', #1503, #1107, #1628 ) ;
#342 = ORIENTED_EDGE ( 'NONE', *, *, #1525, .T. ) ;
#343 = FILL_AREA_STYLE ('',( #885 ) ) ;
#344 =( NAMED_UNIT ( * ) PLANE_ANGLE_UNIT ( ) SI_UNIT ( $, .RADIAN. ) );
#345 = AXIS2_PLACEMENT_3D ( 'NONE', #866, #1359, #1109 ) ;
#346 =( NAMED_UNIT ( * ) PLANE_ANGLE_UNIT ( ) SI_UNIT ( $, .RADIAN. ) );
#347 = PRODUCT_DEFINITION_FORMATION_WITH_SPECIFIED_SOURCE ( 'Symmetric', '', #238, .NOT_KNOWN. ) ;
#348 = CIRCLE ( 'NONE', #98, 5.750000000000000000 ) ;
#349 = DIRECTION ( 'NONE',  ( 0.000000000000000000, 0.000000000000000000, 1.000000000000000000 ) ) ;
#350 = EDGE_CURVE ( 'NONE', #629, #304, #1088, .T. ) ;
#351 = VERTEX_POINT ( 'NONE', #909 ) ;
#352 = STYLED_ITEM ( 'NONE', ( #678 ), #1028 ) ;
#353 =( NAMED_UNIT ( * ) SI_UNIT ( $, .STERADIAN. ) SOLID_ANGLE_UNIT ( ) );
#354 = FILL_AREA_STYLE ('',( #1017 ) ) ;
#355 = FACE_OUTER_BOUND ( 'NONE', #942, .T. ) ;
#356 = CARTESIAN_POINT ( 'NONE',  ( -1.189999999999999947, -0.6700000000000002620, 0.000000000000000000 ) ) ;
#357 = SURFACE_STYLE_USAGE ( .BOTH. , #1458 ) ;
#358 = EDGE_CURVE ( 'NONE', #1153, #1060, #468, .T. ) ;
#359 = LINE ( 'NONE', #863, #1264 ) ;
#360 = FACE_OUTER_BOUND ( 'NONE', #1300, .T. ) ;
#361 = COLOUR_RGB ( '',0.8588235294117646523, 0.8588235294117646523, 0.8588235294117646523 ) ;
#362 = MECHANICAL_DESIGN_GEOMETRIC_PRESENTATION_REPRESENTATION (  '', ( #634 ), #547 ) ;
#363 = CARTESIAN_POINT ( 'NONE',  ( -1.189999999999999947, -0.6700000000000002620, 0.000000000000000000 ) ) ;
#364 = CIRCLE ( 'NONE', #1291, 0.5000000000001078027 ) ;
#365 =( CONVERSION_BASED_UNIT ( 'INCH', #1243 ) LENGTH_UNIT ( ) NAMED_UNIT ( #536 ) );
#366 = CYLINDRICAL_SURFACE ( 'NONE', #530, 0.1125000000000000999 ) ;
#367 = LINE ( 'NONE', #886, #1529 ) ;
#368 = PRESENTATION_STYLE_ASSIGNMENT (( #1049 ) ) ;
#369 = STYLED_ITEM ( 'NONE', ( #368 ), #1495 ) ;
#370 = PRESENTATION_STYLE_ASSIGNMENT (( #775 ) ) ;
#371 = COLOUR_RGB ( '',0.8941176470588234615, 0.8941176470588234615, 0.8941176470588234615 ) ;
#372 = CARTESIAN_POINT ( 'NONE',  ( 5.750000000000000000, 7.041719095097280880E-16, 0.000000000000000000 ) ) ;
#373 = DIRECTION ( 'NONE',  ( -1.000000000000000000, 0.000000000000000000, 0.000000000000000000 ) ) ;
#374 = AXIS2_PLACEMENT_3D ( 'NONE', #421, #938, #1318 ) ;
#375 = LENGTH_MEASURE_WITH_UNIT ( LENGTH_MEASURE( 0.02539999999999999897 ), #624 );
#376 = FILL_AREA_STYLE ('',( #100 ) ) ;
#377 = PRESENTATION_STYLE_ASSIGNMENT (( #495 ) ) ;
#378 = EDGE_LOOP ( 'NONE', ( #654, #1543, #456, #1333 ) ) ;
#379 = EDGE_CURVE ( 'NONE', #427, #638, #533, .T. ) ;
#380 = LINE ( 'NONE', #1642, #600 ) ;
#381 = ORIENTED_EDGE ( 'NONE', *, *, #350, .T. ) ;
#382 = AXIS2_PLACEMENT_3D ( 'NONE', #805, #1307, #943 ) ;
#383 = LENGTH_MEASURE_WITH_UNIT ( LENGTH_MEASURE( 0.02539999999999999897 ), #120 );
#384 = DIRECTION ( 'NONE',  ( -0.000000000000000000, -0.000000000000000000, -1.000000000000000000 ) ) ;
#385 = EDGE_LOOP ( 'NONE', ( #1263, #1235, #1574, #280 ) ) ;
#386 = CARTESIAN_POINT ( 'NONE',  ( 1.189999999999999947, 1.829999999999999849, 0.2500000000000000000 ) ) ;
#387 =( GEOMETRIC_REPRESENTATION_CONTEXT ( 3 ) GLOBAL_UNCERTAINTY_ASSIGNED_CONTEXT ( ( #130 ) ) GLOBAL_UNIT_ASSIGNED_CONTEXT ( ( #323, #967, #822 ) ) REPRESENTATION_CONTEXT ( 'NONE', 'WORKASPACE' ) );
#388 = SURFACE_STYLE_USAGE ( .BOTH. , #287 ) ;
#389 = VERTEX_POINT ( 'NONE', #1024 ) ;
#390 = CARTESIAN_POINT ( 'NONE',  ( -1.189999999999999947, 1.829999999999999849, 0.000000000000000000 ) ) ;
#391 = DIRECTION ( 'NONE',  ( -0.000000000000000000, -0.000000000000000000, -1.000000000000000000 ) ) ;
#392 = CARTESIAN_POINT ( 'NONE',  ( 2.375000000000067057, 6.721070628241202484E-14, 0.2500000000000000000 ) ) ;
#393 = DIRECTION ( 'NONE',  ( 1.000000000000000000, 0.000000000000000000, 0.000000000000000000 ) ) ;
#394 = ADVANCED_FACE ( 'NONE', ( #417 ), #297, .F. ) ;
#395 = DIMENSIONAL_EXPONENTS ( 1.000000000000000000, 0.000000000000000000, 0.000000000000000000, 0.000000000000000000, 0.000000000000000000, 0.000000000000000000, 0.000000000000000000 ) ;
#396 = ORIENTED_EDGE ( 'NONE', *, *, #1596, .F. ) ;
#397 = COLOUR_RGB ( '',0.8588235294117646523, 0.8588235294117646523, 0.8588235294117646523 ) ;
#398 = UNCERTAINTY_MEASURE_WITH_UNIT (LENGTH_MEASURE( 1.000000000000000082E-05 ), #893, 'distance_accuracy_value', 'NONE');
#399 =( NAMED_UNIT ( * ) PLANE_ANGLE_UNIT ( ) SI_UNIT ( $, .RADIAN. ) );
#400 = ORIENTED_EDGE ( 'NONE', *, *, #1525, .F. ) ;
#401 =( CONVERSION_BASED_UNIT ( 'INCH', #1037 ) LENGTH_UNIT ( ) NAMED_UNIT ( #1434 ) );
#402 = DIRECTION ( 'NONE',  ( 1.000000000000000000, 0.000000000000000000, 0.000000000000000000 ) ) ;
#403 = ORIENTED_EDGE ( 'NONE', *, *, #990, .T. ) ;
#404 = EDGE_CURVE ( 'NONE', #1070, #164, #1212, .T. ) ;
#405 = SURFACE_STYLE_USAGE ( .BOTH. , #278 ) ;
#406 = EDGE_LOOP ( 'NONE', ( #1306, #1193 ) ) ;
#407 = SURFACE_SIDE_STYLE ('',( #1066 ) ) ;
#408 = CARTESIAN_POINT ( 'NONE',  ( 0.000000000000000000, 0.000000000000000000, 0.2500000000000000000 ) ) ;
#409 = PRESENTATION_STYLE_ASSIGNMENT (( #538 ) ) ;
#410 = AXIS2_PLACEMENT_3D ( 'NONE', #947, #1439, #193 ) ;
#411 = CIRCLE ( 'NONE', #548, 0.1250000000000004441 ) ;
#412 = ORIENTED_EDGE ( 'NONE', *, *, #92, .T. ) ;
#413 =( CONVERSION_BASED_UNIT ( 'INCH', #1003 ) LENGTH_UNIT ( ) NAMED_UNIT ( #918 ) );
#414 = MECHANICAL_DESIGN_GEOMETRIC_PRESENTATION_REPRESENTATION (  '', ( #1004 ), #744 ) ;
#415 = UNCERTAINTY_MEASURE_WITH_UNIT (LENGTH_MEASURE( 1.000000000000000082E-05 ), #258, 'distance_accuracy_value', 'NONE');
#416 =( GEOMETRIC_REPRESENTATION_CONTEXT ( 3 ) GLOBAL_UNCERTAINTY_ASSIGNED_CONTEXT ( ( #1089 ) ) GLOBAL_UNIT_ASSIGNED_CONTEXT ( ( #1411, #941, #1063 ) ) REPRESENTATION_CONTEXT ( 'NONE', 'WORKASPACE' ) );
#417 = FACE_OUTER_BOUND ( 'NONE', #927, .T. ) ;
#418 = EDGE_LOOP ( 'NONE', ( #1327, #1092, #570, #1636 ) ) ;
#419 = FILL_AREA_STYLE_COLOUR ( '', #1499 ) ;
#420 = DIRECTION ( 'NONE',  ( 0.000000000000000000, 0.000000000000000000, 1.000000000000000000 ) ) ;
#421 = CARTESIAN_POINT ( 'NONE',  ( 0.000000000000000000, 5.375000000000000888, 0.000000000000000000 ) ) ;
#422 = PRESENTATION_LAYER_ASSIGNMENT (  '', '', ( #1142 ) ) ;
#423 = EDGE_LOOP ( 'NONE', ( #1135, #810 ) ) ;
#424 = DIRECTION ( 'NONE',  ( 1.000000000000000000, 0.000000000000000000, 0.000000000000000000 ) ) ;
#425 = FILL_AREA_STYLE_COLOUR ( '', #1091 ) ;
#426 = CARTESIAN_POINT ( 'NONE',  ( 5.375000000000048850, 4.852720937382291938E-14, 0.2500000000000000000 ) ) ;
#427 = VERTEX_POINT ( 'NONE', #563 ) ;
#428 = AXIS2_PLACEMENT_3D ( 'NONE', #508, #264, #283 ) ;
#429 = FILL_AREA_STYLE ('',( #1213 ) ) ;
#430 = ADVANCED_FACE ( 'NONE', ( #572 ), #1460, .F. ) ;
#431 =( LENGTH_UNIT ( ) NAMED_UNIT ( * ) SI_UNIT ( $, .METRE. ) );
#432 =( LENGTH_UNIT ( ) NAMED_UNIT ( * ) SI_UNIT ( $, .METRE. ) );
#433 = ORIENTED_EDGE ( 'NONE', *, *, #458, .F. ) ;
#434 = FACE_BOUND ( 'NONE', #1163, .T. ) ;
#435 = UNCERTAINTY_MEASURE_WITH_UNIT (LENGTH_MEASURE( 1.000000000000000082E-05 ), #867, 'distance_accuracy_value', 'NONE');
#436 = FACE_OUTER_BOUND ( 'NONE', #154, .T. ) ;
#437 = ORIENTED_EDGE ( 'NONE', *, *, #907, .T. ) ;
#438 =( CONVERSION_BASED_UNIT ( 'INCH', #1316 ) LENGTH_UNIT ( ) NAMED_UNIT ( #39 ) );
#439 = EDGE_CURVE ( 'NONE', #82, #1530, #957, .T. ) ;
#440 = FACE_BOUND ( 'NONE', #296, .T. ) ;
#441 = LENGTH_MEASURE_WITH_UNIT ( LENGTH_MEASURE( 0.02539999999999999897 ), #432 );
#442 = EDGE_LOOP ( 'NONE', ( #1319, #448, #974, #1394 ) ) ;
#443 =( LENGTH_UNIT ( ) NAMED_UNIT ( * ) SI_UNIT ( $, .METRE. ) );
#444 = FACE_BOUND ( 'NONE', #158, .T. ) ;
#445 = LENGTH_MEASURE_WITH_UNIT ( LENGTH_MEASURE( 0.02539999999999999897 ), #52 );
#446 = ORIENTED_EDGE ( 'NONE', *, *, #1255, .T. ) ;
#447 = FILL_AREA_STYLE ('',( #1587 ) ) ;
#448 = ORIENTED_EDGE ( 'NONE', *, *, #935, .F. ) ;
#449 =( NAMED_UNIT ( * ) SI_UNIT ( $, .STERADIAN. ) SOLID_ANGLE_UNIT ( ) );
#450 = VECTOR ( 'NONE', #181, 39.37007874015748143 ) ;
#451 = ADVANCED_FACE ( 'NONE', ( #436 ), #452, .F. ) ;
#452 = CYLINDRICAL_SURFACE ( 'NONE', #341, 0.5000000000000526246 ) ;
#453 = CIRCLE ( 'NONE', #324, 0.5000000000001443290 ) ;
#454 = CYLINDRICAL_SURFACE ( 'NONE', #345, 0.5000000000001078027 ) ;
#455 = SURFACE_SIDE_STYLE ('',( #303 ) ) ;
#456 = ORIENTED_EDGE ( 'NONE', *, *, #679, .T. ) ;
#457 = CARTESIAN_POINT ( 'NONE',  ( -5.750000000000000000, 0.000000000000000000, 0.000000000000000000 ) ) ;
#458 = EDGE_CURVE ( 'NONE', #804, #1588, #359, .T. ) ;
#459 = CARTESIAN_POINT ( 'NONE',  ( -1.302500000000000213, -0.6700000000000002620, 0.000000000000000000 ) ) ;
#460 = VERTEX_POINT ( 'NONE', #1637 ) ;
#461 = CARTESIAN_POINT ( 'NONE',  ( 1.189999999999999947, 1.829999999999999849, 0.000000000000000000 ) ) ;
#462 = DIRECTION ( 'NONE',  ( 0.000000000000000000, 0.000000000000000000, 1.000000000000000000 ) ) ;
#463 = UNCERTAINTY_MEASURE_WITH_UNIT (LENGTH_MEASURE( 1.000000000000000082E-05 ), #79, 'distance_accuracy_value', 'NONE');
#464 = PRESENTATION_LAYER_ASSIGNMENT (  '', '', ( #1388 ) ) ;
#465 = CARTESIAN_POINT ( 'NONE',  ( -2.374999999999932943, -6.750155989720951766E-14, 0.2500000000000000000 ) ) ;
#466 =( CONVERSION_BASED_UNIT ( 'INCH', #1456 ) LENGTH_UNIT ( ) NAMED_UNIT ( #1524 ) );
#467 = ORIENTED_EDGE ( 'NONE', *, *, #733, .T. ) ;
#468 = CIRCLE ( 'NONE', #1342, 0.1250000000000004441 ) ;
#469 = DIRECTION ( 'NONE',  ( -0.000000000000000000, -0.000000000000000000, -1.000000000000000000 ) ) ;
#470 = CARTESIAN_POINT ( 'NONE',  ( -0.1249999999999028832, -5.375000000000000888, 0.000000000000000000 ) ) ;
#471 = CARTESIAN_POINT ( 'NONE',  ( 1.344214125648240244E-13, -2.375000000000000000, 0.000000000000000000 ) ) ;
#472 = DIRECTION ( 'NONE',  ( 1.000000000000000000, 0.000000000000000000, 0.000000000000000000 ) ) ;
#473 = COLOUR_RGB ( '',0.8588235294117646523, 0.8588235294117646523, 0.8588235294117646523 ) ;
#474 = FILL_AREA_STYLE_COLOUR ( '', #720 ) ;
#475 =( CONVERSION_BASED_UNIT ( 'INCH', #857 ) LENGTH_UNIT ( ) NAMED_UNIT ( #1278 ) );
#476 = FILL_AREA_STYLE_COLOUR ( '', #797 ) ;
#477 = EDGE_CURVE ( 'NONE', #1422, #549, #552, .T. ) ;
#478 = MANIFOLD_SOLID_BREP ( 'Boss-Extrude1', #631 ) ;
#479 = SURFACE_STYLE_FILL_AREA ( #884 ) ;
#480 = DIRECTION ( 'NONE',  ( 1.000000000000000000, 0.000000000000000000, 0.000000000000000000 ) ) ;
#481 = DIRECTION ( 'NONE',  ( 1.000000000000000000, 0.000000000000000000, 0.000000000000000000 ) ) ;
#482 =( CONVERSION_BASED_UNIT ( 'INCH', #611 ) LENGTH_UNIT ( ) NAMED_UNIT ( #1064 ) );
#483 = PRESENTATION_STYLE_ASSIGNMENT (( #68 ) ) ;
#484 = VERTEX_POINT ( 'NONE', #747 ) ;
#485 = DIRECTION ( 'NONE',  ( -1.000000000000000000, 0.000000000000000000, 0.000000000000000000 ) ) ;
#486 =( NAMED_UNIT ( * ) PLANE_ANGLE_UNIT ( ) SI_UNIT ( $, .RADIAN. ) );
#487 = SURFACE_SIDE_STYLE ('',( #220 ) ) ;
#488 = CIRCLE ( 'NONE', #1416, 0.5000000000000522915 ) ;
#489 = VECTOR ( 'NONE', #66, 39.37007874015748143 ) ;
#490 =( LENGTH_UNIT ( ) NAMED_UNIT ( * ) SI_UNIT ( $, .METRE. ) );
#491 = CARTESIAN_POINT ( 'NONE',  ( -1.189999999999999947, 1.829999999999999849, 0.2500000000000000000 ) ) ;
#492 = DIRECTION ( 'NONE',  ( -0.000000000000000000, -0.000000000000000000, -1.000000000000000000 ) ) ;
#493 =( NAMED_UNIT ( * ) SI_UNIT ( $, .STERADIAN. ) SOLID_ANGLE_UNIT ( ) );
#494 = ADVANCED_FACE ( 'NONE', ( #984 ), #89, .F. ) ;
#495 = SURFACE_STYLE_USAGE ( .BOTH. , #627 ) ;
#496 = ORIENTED_EDGE ( 'NONE', *, *, #926, .T. ) ;
#497 = CARTESIAN_POINT ( 'NONE',  ( 1.302500000000000213, 1.829999999999999849, 0.2500000000000000000 ) ) ;
#498 = CIRCLE ( 'NONE', #1271, 0.5000000000001078027 ) ;
#499 = CYLINDRICAL_SURFACE ( 'NONE', #1465, 0.5000000000000000000 ) ;
#500 = CARTESIAN_POINT ( 'NONE',  ( -2.875000000000040856, -6.750155989720951766E-14, 0.2500000000000000000 ) ) ;
#501 = EDGE_LOOP ( 'NONE', ( #770, #1272 ) ) ;
#502 = SURFACE_STYLE_USAGE ( .BOTH. , #487 ) ;
#503 = EDGE_CURVE ( 'NONE', #53, #850, #764, .T. ) ;
#504 =( NAMED_UNIT ( * ) PLANE_ANGLE_UNIT ( ) SI_UNIT ( $, .RADIAN. ) );
#505 = ORIENTED_EDGE ( 'NONE', *, *, #660, .T. ) ;
#506 = DIRECTION ( 'NONE',  ( -0.000000000000000000, -0.000000000000000000, -1.000000000000000000 ) ) ;
#507 =( NAMED_UNIT ( * ) SI_UNIT ( $, .STERADIAN. ) SOLID_ANGLE_UNIT ( ) );
#508 = CARTESIAN_POINT ( 'NONE',  ( 0.000000000000000000, 0.000000000000000000, 0.2500000000000000000 ) ) ;
#509 = FILL_AREA_STYLE_COLOUR ( '', #371 ) ;
#510 = ORIENTED_EDGE ( 'NONE', *, *, #503, .T. ) ;
#511 = DIRECTION ( 'NONE',  ( 0.000000000000000000, 0.000000000000000000, 1.000000000000000000 ) ) ;
#512 = ORIENTED_EDGE ( 'NONE', *, *, #22, .F. ) ;
#513 = CARTESIAN_POINT ( 'NONE',  ( 1.302500000000000213, -0.6700000000000002620, 0.2500000000000000000 ) ) ;
#514 = EDGE_CURVE ( 'NONE', #672, #40, #1462, .T. ) ;
#515 = DIRECTION ( 'NONE',  ( 0.000000000000000000, 0.000000000000000000, 1.000000000000000000 ) ) ;
#516 = FACE_OUTER_BOUND ( 'NONE', #272, .T. ) ;
#517 = COLOUR_RGB ( '',0.8588235294117646523, 0.8588235294117646523, 0.8588235294117646523 ) ;
#518 = MECHANICAL_DESIGN_GEOMETRIC_PRESENTATION_REPRESENTATION (  '', ( #315 ), #119 ) ;
#519 = ORIENTED_EDGE ( 'NONE', *, *, #972, .F. ) ;
#520 = DIRECTION ( 'NONE',  ( 0.000000000000000000, 0.000000000000000000, 1.000000000000000000 ) ) ;
#521 =( CONVERSION_BASED_UNIT ( 'INCH', #137 ) LENGTH_UNIT ( ) NAMED_UNIT ( #395 ) );
#522 = DIMENSIONAL_EXPONENTS ( 1.000000000000000000, 0.000000000000000000, 0.000000000000000000, 0.000000000000000000, 0.000000000000000000, 0.000000000000000000, 0.000000000000000000 ) ;
#523 = ORIENTED_EDGE ( 'NONE', *, *, #758, .F. ) ;
#524 = FILL_AREA_STYLE_COLOUR ( '', #361 ) ;
#525 = DIMENSIONAL_EXPONENTS ( 1.000000000000000000, 0.000000000000000000, 0.000000000000000000, 0.000000000000000000, 0.000000000000000000, 0.000000000000000000, 0.000000000000000000 ) ;
#526 = MECHANICAL_DESIGN_GEOMETRIC_PRESENTATION_REPRESENTATION (  '', ( #1115 ), #94 ) ;
#527 = STYLED_ITEM ( 'NONE', ( #1006 ), #1626 ) ;
#528 = FILL_AREA_STYLE ('',( #914 ) ) ;
#529 = ORIENTED_EDGE ( 'NONE', *, *, #926, .F. ) ;
#530 = AXIS2_PLACEMENT_3D ( 'NONE', #386, #656, #1040 ) ;
#531 = PRESENTATION_STYLE_ASSIGNMENT (( #155 ) ) ;
#532 = UNCERTAINTY_MEASURE_WITH_UNIT (LENGTH_MEASURE( 1.000000000000000082E-05 ), #438, 'distance_accuracy_value', 'NONE');
#533 = LINE ( 'NONE', #1538, #1391 ) ;
#534 = ORIENTED_EDGE ( 'NONE', *, *, #1175, .F. ) ;
#535 = DIRECTION ( 'NONE',  ( 1.000000000000000000, 0.000000000000000000, 0.000000000000000000 ) ) ;
#536 = DIMENSIONAL_EXPONENTS ( 1.000000000000000000, 0.000000000000000000, 0.000000000000000000, 0.000000000000000000, 0.000000000000000000, 0.000000000000000000, 0.000000000000000000 ) ;
#537 = DIRECTION ( 'NONE',  ( -0.000000000000000000, -0.000000000000000000, -1.000000000000000000 ) ) ;
#538 = SURFACE_STYLE_USAGE ( .BOTH. , #779 ) ;
#539 = ORIENTED_EDGE ( 'NONE', *, *, #358, .F. ) ;
#540 =( NAMED_UNIT ( * ) SI_UNIT ( $, .STERADIAN. ) SOLID_ANGLE_UNIT ( ) );
#541 = DIRECTION ( 'NONE',  ( 0.000000000000000000, 0.000000000000000000, 1.000000000000000000 ) ) ;
#542 = VERTEX_POINT ( 'NONE', #141 ) ;
#543 = DIRECTION ( 'NONE',  ( 0.000000000000000000, 0.000000000000000000, 1.000000000000000000 ) ) ;
#544 = DIRECTION ( 'NONE',  ( 1.000000000000000000, 0.000000000000000000, 0.000000000000000000 ) ) ;
#545 =( NAMED_UNIT ( * ) PLANE_ANGLE_UNIT ( ) SI_UNIT ( $, .RADIAN. ) );
#546 = FILL_AREA_STYLE ('',( #509 ) ) ;
#547 =( GEOMETRIC_REPRESENTATION_CONTEXT ( 3 ) GLOBAL_UNCERTAINTY_ASSIGNED_CONTEXT ( ( #1410 ) ) GLOBAL_UNIT_ASSIGNED_CONTEXT ( ( #482, #1364, #493 ) ) REPRESENTATION_CONTEXT ( 'NONE', 'WORKASPACE' ) );
#548 = AXIS2_PLACEMENT_3D ( 'NONE', #730, #93, #340 ) ;
#549 = VERTEX_POINT ( 'NONE', #649 ) ;
#550 = SURFACE_STYLE_USAGE ( .BOTH. , #50 ) ;
#551 = CARTESIAN_POINT ( 'NONE',  ( 5.750000000000000000, 7.041719095097280880E-16, 0.2500000000000000000 ) ) ;
#552 = CIRCLE ( 'NONE', #1470, 0.1125000000000000999 ) ;
#553 = ADVANCED_FACE ( 'NONE', ( #5 ), #30, .F. ) ;
#554 = ORIENTED_EDGE ( 'NONE', *, *, #652, .T. ) ;
#555 =( NAMED_UNIT ( * ) SI_UNIT ( $, .STERADIAN. ) SOLID_ANGLE_UNIT ( ) );
#556 = CARTESIAN_POINT ( 'NONE',  ( -5.374999999999952038, -4.918545702836461765E-14, 0.2500000000000000000 ) ) ;
#557 = CIRCLE ( 'NONE', #1170, 0.1125000000000000999 ) ;
#558 = VERTEX_POINT ( 'NONE', #1647 ) ;
#559 = DIRECTION ( 'NONE',  ( 0.000000000000000000, 0.000000000000000000, 1.000000000000000000 ) ) ;
#560 = CARTESIAN_POINT ( 'NONE',  ( 9.705441874764581352E-14, -5.375000000000000888, 0.2500000000000000000 ) ) ;
#561 = STYLED_ITEM ( 'NONE', ( #58 ), #1562 ) ;
#562 =( GEOMETRIC_REPRESENTATION_CONTEXT ( 3 ) GLOBAL_UNCERTAINTY_ASSIGNED_CONTEXT ( ( #143 ) ) GLOBAL_UNIT_ASSIGNED_CONTEXT ( ( #609, #1373, #1477 ) ) REPRESENTATION_CONTEXT ( 'NONE', 'WORKASPACE' ) );
#563 = CARTESIAN_POINT ( 'NONE',  ( 0.6250000000000000000, 7.654042494670957853E-17, 0.2500000000000000000 ) ) ;
#564 = ORIENTED_EDGE ( 'NONE', *, *, #1232, .T. ) ;
#565 = ADVANCED_FACE ( 'NONE', ( #23 ), #668, .F. ) ;
#566 = CYLINDRICAL_SURFACE ( 'NONE', #1067, 0.1125000000000000999 ) ;
#567 = AXIS2_PLACEMENT_3D ( 'NONE', #1182, #818, #161 ) ;
#568 = FACE_BOUND ( 'NONE', #423, .T. ) ;
#569 = CARTESIAN_POINT ( 'NONE',  ( 1.077499999999999902, 1.829999999999999849, 0.2500000000000000000 ) ) ;
#570 = ORIENTED_EDGE ( 'NONE', *, *, #1175, .T. ) ;
#571 = FACE_BOUND ( 'NONE', #249, .T. ) ;
#572 = FACE_OUTER_BOUND ( 'NONE', #584, .T. ) ;
#573 = VERTEX_POINT ( 'NONE', #1415 ) ;
#574 = CARTESIAN_POINT ( 'NONE',  ( 1.302500000000000213, 1.829999999999999849, 0.2500000000000000000 ) ) ;
#575 = PRESENTATION_LAYER_ASSIGNMENT (  '', '', ( #108 ) ) ;
#576 = EDGE_CURVE ( 'NONE', #549, #1422, #112, .T. ) ;
#577 = ORIENTED_EDGE ( 'NONE', *, *, #439, .T. ) ;
#578 = CARTESIAN_POINT ( 'NONE',  ( 0.6250000000000000000, 7.654042494670957853E-17, 0.000000000000000000 ) ) ;
#579 = AXIS2_PLACEMENT_3D ( 'NONE', #1360, #1483, #71 ) ;
#580 = AXIS2_PLACEMENT_3D ( 'NONE', #587, #1348, #693 ) ;
#581 = FILL_AREA_STYLE ('',( #76 ) ) ;
#582 = DIRECTION ( 'NONE',  ( 1.000000000000000000, 0.000000000000000000, 0.000000000000000000 ) ) ;
#583 = ADVANCED_FACE ( 'NONE', ( #1227 ), #705, .F. ) ;
#584 = EDGE_LOOP ( 'NONE', ( #869, #1560, #505, #731 ) ) ;
#585 = DIRECTION ( 'NONE',  ( 1.000000000000000000, 0.000000000000000000, 0.000000000000000000 ) ) ;
#586 =( GEOMETRIC_REPRESENTATION_CONTEXT ( 3 ) GLOBAL_UNCERTAINTY_ASSIGNED_CONTEXT ( ( #1280 ) ) GLOBAL_UNIT_ASSIGNED_CONTEXT ( ( #802, #1512, #1545 ) ) REPRESENTATION_CONTEXT ( 'NONE', 'WORKASPACE' ) );
#587 = CARTESIAN_POINT ( 'NONE',  ( 2.375000000000067057, 6.721070628241202484E-14, 0.2500000000000000000 ) ) ;
#588 = PRESENTATION_LAYER_ASSIGNMENT (  '', '', ( #561 ) ) ;
#589 = CIRCLE ( 'NONE', #811, 0.1125000000000000999 ) ;
#590 = CYLINDRICAL_SURFACE ( 'NONE', #1000, 0.1249999999999999306 ) ;
#591 = AXIS2_PLACEMENT_3D ( 'NONE', #1303, #197, #809 ) ;
#592 = DIRECTION ( 'NONE',  ( 1.000000000000000000, 0.000000000000000000, 0.000000000000000000 ) ) ;
#593 =( LENGTH_UNIT ( ) NAMED_UNIT ( * ) SI_UNIT ( $, .METRE. ) );
#594 = DIRECTION ( 'NONE',  ( -1.000000000000000000, 0.000000000000000000, 0.000000000000000000 ) ) ;
#595 = SURFACE_SIDE_STYLE ('',( #752 ) ) ;
#596 = VERTEX_POINT ( 'NONE', #1071 ) ;
#597 = SURFACE_STYLE_USAGE ( .BOTH. , #1380 ) ;
#598 = CARTESIAN_POINT ( 'NONE',  ( 1.344214125648240244E-13, -2.375000000000000000, 0.2500000000000000000 ) ) ;
#599 = APPLICATION_CONTEXT ( 'automotive_design' ) ;
#600 = VECTOR ( 'NONE', #506, 39.37007874015748143 ) ;
#601 = EDGE_CURVE ( 'NONE', #82, #314, #1339, .T. ) ;
#602 = CIRCLE ( 'NONE', #579, 0.5000000000000000000 ) ;
#603 =( NAMED_UNIT ( * ) SI_UNIT ( $, .STERADIAN. ) SOLID_ANGLE_UNIT ( ) );
#604 =( NAMED_UNIT ( * ) SI_UNIT ( $, .STERADIAN. ) SOLID_ANGLE_UNIT ( ) );
#605 = ORIENTED_EDGE ( 'NONE', *, *, #623, .F. ) ;
#606 = COLOUR_RGB ( '',0.8588235294117646523, 0.8588235294117646523, 0.8588235294117646523 ) ;
#607 = CARTESIAN_POINT ( 'NONE',  ( 1.077499999999999902, 1.829999999999999849, 0.2500000000000000000 ) ) ;
#608 = ORIENTED_EDGE ( 'NONE', *, *, #879, .F. ) ;
#609 =( CONVERSION_BASED_UNIT ( 'INCH', #87 ) LENGTH_UNIT ( ) NAMED_UNIT ( #663 ) );
#610 = FACE_OUTER_BOUND ( 'NONE', #1230, .T. ) ;
#611 = LENGTH_MEASURE_WITH_UNIT ( LENGTH_MEASURE( 0.02539999999999999897 ), #1381 );
#612 = MECHANICAL_DESIGN_GEOMETRIC_PRESENTATION_REPRESENTATION (  '', ( #322 ), #1007 ) ;
#613 = CYLINDRICAL_SURFACE ( 'NONE', #862, 0.1124999999999999611 ) ;
#614 = ORIENTED_EDGE ( 'NONE', *, *, #73, .T. ) ;
#615 = CIRCLE ( 'NONE', #236, 0.6250000000000000000 ) ;
#616 = EDGE_CURVE ( 'NONE', #122, #29, #741, .T. ) ;
#617 = COLOUR_RGB ( '',0.8588235294117646523, 0.8588235294117646523, 0.8588235294117646523 ) ;
#618 = CARTESIAN_POINT ( 'NONE',  ( -1.302500000000000213, 1.829999999999999849, 0.2500000000000000000 ) ) ;
#619 = DIRECTION ( 'NONE',  ( 1.000000000000000000, 0.000000000000000000, 0.000000000000000000 ) ) ;
#620 = CARTESIAN_POINT ( 'NONE',  ( 0.000000000000000000, 0.000000000000000000, 0.2500000000000000000 ) ) ;
#621 =( LENGTH_UNIT ( ) NAMED_UNIT ( * ) SI_UNIT ( $, .METRE. ) );
#622 = CARTESIAN_POINT ( 'NONE',  ( -5.374999999999952038, -4.918545702836461765E-14, 0.000000000000000000 ) ) ;
#623 = EDGE_CURVE ( 'NONE', #850, #53, #1367, .T. ) ;
#624 =( LENGTH_UNIT ( ) NAMED_UNIT ( * ) SI_UNIT ( $, .METRE. ) );
#625 = DIRECTION ( 'NONE',  ( -1.000000000000000000, 0.000000000000000000, 0.000000000000000000 ) ) ;
#626 = DIRECTION ( 'NONE',  ( -1.000000000000000000, 0.000000000000000000, 0.000000000000000000 ) ) ;
#627 = SURFACE_SIDE_STYLE ('',( #681 ) ) ;
#628 =( GEOMETRIC_REPRESENTATION_CONTEXT ( 3 ) GLOBAL_UNCERTAINTY_ASSIGNED_CONTEXT ( ( #43 ) ) GLOBAL_UNIT_ASSIGNED_CONTEXT ( ( #674, #165, #1284 ) ) REPRESENTATION_CONTEXT ( 'NONE', 'WORKASPACE' ) );
#629 = VERTEX_POINT ( 'NONE', #699 ) ;
#630 = CIRCLE ( 'NONE', #252, 0.1250000000000004441 ) ;
#631 = CLOSED_SHELL ( 'NONE', ( #80, #565, #451, #104, #253, #1331, #1428, #831, #711, #916, #553, #1495, #1041, #889, #188, #1562, #1028, #279, #309, #1514, #1267, #394, #1379, #1209, #136, #1626, #583, #430, #494, #1398 ) ) ;
#632 = CYLINDRICAL_SURFACE ( 'NONE', #1546, 0.1124999999999999611 ) ;
#633 =( GEOMETRIC_REPRESENTATION_CONTEXT ( 3 ) GLOBAL_UNCERTAINTY_ASSIGNED_CONTEXT ( ( #201 ) ) GLOBAL_UNIT_ASSIGNED_CONTEXT ( ( #521, #399, #1074 ) ) REPRESENTATION_CONTEXT ( 'NONE', 'WORKASPACE' ) );
#634 = STYLED_ITEM ( 'NONE', ( #871 ), #478 ) ;
#635 = SURFACE_SIDE_STYLE ('',( #1509 ) ) ;
#636 = DIRECTION ( 'NONE',  ( 0.000000000000000000, 0.000000000000000000, 1.000000000000000000 ) ) ;
#637 = EDGE_CURVE ( 'NONE', #558, #672, #1582, .T. ) ;
#638 = VERTEX_POINT ( 'NONE', #578 ) ;
#639 = FILL_AREA_STYLE ('',( #474 ) ) ;
#640 = VERTEX_POINT ( 'NONE', #1204 ) ;
#641 = AXIS2_PLACEMENT_3D ( 'NONE', #721, #743, #1591 ) ;
#642 = LINE ( 'NONE', #513, #795 ) ;
#643 = MECHANICAL_DESIGN_GEOMETRIC_PRESENTATION_REPRESENTATION (  '', ( #1117 ), #190 ) ;
#644 = COLOUR_RGB ( '',0.8588235294117646523, 0.8588235294117646523, 0.8588235294117646523 ) ;
#645 = DIRECTION ( 'NONE',  ( -0.000000000000000000, -0.000000000000000000, -1.000000000000000000 ) ) ;
#646 = AXIS2_PLACEMENT_3D ( 'NONE', #1353, #1608, #480 ) ;
#647 = PRODUCT_CONTEXT ( 'NONE', #111, 'mechanical' ) ;
#648 = ORIENTED_EDGE ( 'NONE', *, *, #1596, .T. ) ;
#649 = CARTESIAN_POINT ( 'NONE',  ( 1.302500000000000213, -0.6700000000000002620, 0.000000000000000000 ) ) ;
#650 = AXIS2_PLACEMENT_3D ( 'NONE', #64, #1201, #582 ) ;
#651 = CARTESIAN_POINT ( 'NONE',  ( 0.000000000000000000, 2.375000000000000000, 0.2500000000000000000 ) ) ;
#652 = EDGE_CURVE ( 'NONE', #189, #268, #1258, .T. ) ;
#653 = DIMENSIONAL_EXPONENTS ( 1.000000000000000000, 0.000000000000000000, 0.000000000000000000, 0.000000000000000000, 0.000000000000000000, 0.000000000000000000, 0.000000000000000000 ) ;
#654 = ORIENTED_EDGE ( 'NONE', *, *, #439, .F. ) ;
#655 = DIRECTION ( 'NONE',  ( -1.000000000000000000, 0.000000000000000000, 0.000000000000000000 ) ) ;
#656 = DIRECTION ( 'NONE',  ( -0.000000000000000000, -0.000000000000000000, -1.000000000000000000 ) ) ;
#657 = ORIENTED_EDGE ( 'NONE', *, *, #292, .T. ) ;
#658 = SURFACE_STYLE_USAGE ( .BOTH. , #803 ) ;
#659 = EDGE_LOOP ( 'NONE', ( #1408, #1592 ) ) ;
#660 = EDGE_CURVE ( 'NONE', #291, #180, #714, .T. ) ;
#661 =( LENGTH_UNIT ( ) NAMED_UNIT ( * ) SI_UNIT ( $, .METRE. ) );
#662 = AXIS2_PLACEMENT_3D ( 'NONE', #1431, #559, #1558 ) ;
#663 = DIMENSIONAL_EXPONENTS ( 1.000000000000000000, 0.000000000000000000, 0.000000000000000000, 0.000000000000000000, 0.000000000000000000, 0.000000000000000000, 0.000000000000000000 ) ;
#664 =( LENGTH_UNIT ( ) NAMED_UNIT ( * ) SI_UNIT ( $, .METRE. ) );
#665 = SURFACE_STYLE_FILL_AREA ( #546 ) ;
#666 = STYLED_ITEM ( 'NONE', ( #1298 ), #309 ) ;
#667 = ORIENTED_EDGE ( 'NONE', *, *, #841, .F. ) ;
#668 = CYLINDRICAL_SURFACE ( 'NONE', #251, 0.5000000000001443290 ) ;
#669 = ORIENTED_EDGE ( 'NONE', *, *, #1309, .F. ) ;
#670 = MECHANICAL_DESIGN_GEOMETRIC_PRESENTATION_REPRESENTATION (  '', ( #67 ), #726 ) ;
#671 = SURFACE_STYLE_USAGE ( .BOTH. , #635 ) ;
#672 = VERTEX_POINT ( 'NONE', #843 ) ;
#673 = PRESENTATION_LAYER_ASSIGNMENT (  '', '', ( #1404 ) ) ;
#674 =( CONVERSION_BASED_UNIT ( 'INCH', #771 ) LENGTH_UNIT ( ) NAMED_UNIT ( #1310 ) );
#675 =( LENGTH_UNIT ( ) NAMED_UNIT ( * ) SI_UNIT ( $, .METRE. ) );
#676 = ORIENTED_EDGE ( 'NONE', *, *, #637, .T. ) ;
#677 =( NAMED_UNIT ( * ) SI_UNIT ( $, .STERADIAN. ) SOLID_ANGLE_UNIT ( ) );
#678 = PRESENTATION_STYLE_ASSIGNMENT (( #1457 ) ) ;
#679 = EDGE_CURVE ( 'NONE', #314, #49, #1219, .T. ) ;
#680 = ORIENTED_EDGE ( 'NONE', *, *, #267, .T. ) ;
#681 = SURFACE_STYLE_FILL_AREA ( #166 ) ;
#682 = DIMENSIONAL_EXPONENTS ( 1.000000000000000000, 0.000000000000000000, 0.000000000000000000, 0.000000000000000000, 0.000000000000000000, 0.000000000000000000, 0.000000000000000000 ) ;
#683 = ORIENTED_EDGE ( 'NONE', *, *, #1604, .F. ) ;
#684 = FACE_BOUND ( 'NONE', #762, .T. ) ;
#685 = CARTESIAN_POINT ( 'NONE',  ( -2.875000000000040856, -6.750155989720951766E-14, 0.2500000000000000000 ) ) ;
#686 = AXIS2_PLACEMENT_3D ( 'NONE', #1246, #1116, #240 ) ;
#687 = CIRCLE ( 'NONE', #313, 5.750000000000000000 ) ;
#688 = ORIENTED_EDGE ( 'NONE', *, *, #45, .T. ) ;
#689 = CARTESIAN_POINT ( 'NONE',  ( -0.1249999999999028832, -5.375000000000000888, 0.2500000000000000000 ) ) ;
#690 = LENGTH_MEASURE_WITH_UNIT ( LENGTH_MEASURE( 0.02539999999999999897 ), #1568 );
#691 = COLOUR_RGB ( '',0.8588235294117646523, 0.8588235294117646523, 0.8588235294117646523 ) ;
#692 = UNCERTAINTY_MEASURE_WITH_UNIT (LENGTH_MEASURE( 1.000000000000000082E-05 ), #1590, 'distance_accuracy_value', 'NONE');
#693 = DIRECTION ( 'NONE',  ( -1.000000000000000000, 0.000000000000000000, 0.000000000000000000 ) ) ;
#694 = VERTEX_POINT ( 'NONE', #457 ) ;
#695 = DIRECTION ( 'NONE',  ( 0.000000000000000000, 0.000000000000000000, 1.000000000000000000 ) ) ;
#696 = CARTESIAN_POINT ( 'NONE',  ( 1.189999999999999947, 1.829999999999999849, 0.000000000000000000 ) ) ;
#697 = DIRECTION ( 'NONE',  ( -0.000000000000000000, -0.000000000000000000, -1.000000000000000000 ) ) ;
#698 = ORIENTED_EDGE ( 'NONE', *, *, #1240, .T. ) ;
#699 = CARTESIAN_POINT ( 'NONE',  ( -0.5000000000000000000, 2.375000000000000000, 0.2500000000000000000 ) ) ;
#700 = CARTESIAN_POINT ( 'NONE',  ( 0.1250000000000969780, -5.375000000000000888, 0.000000000000000000 ) ) ;
#701 = ORIENTED_EDGE ( 'NONE', *, *, #660, .F. ) ;
#702 = EDGE_CURVE ( 'NONE', #640, #427, #1417, .T. ) ;
#703 =( GEOMETRIC_REPRESENTATION_CONTEXT ( 3 ) GLOBAL_UNCERTAINTY_ASSIGNED_CONTEXT ( ( #1423 ) ) GLOBAL_UNIT_ASSIGNED_CONTEXT ( ( #968, #545, #1057 ) ) REPRESENTATION_CONTEXT ( 'NONE', 'WORKASPACE' ) );
#704 = VERTEX_POINT ( 'NONE', #851 ) ;
#705 = CYLINDRICAL_SURFACE ( 'NONE', #410, 0.5000000000000000000 ) ;
#706 = FACE_BOUND ( 'NONE', #1210, .T. ) ;
#707 = AXIS2_PLACEMENT_3D ( 'NONE', #1077, #1570, #1084 ) ;
#708 = UNCERTAINTY_MEASURE_WITH_UNIT (LENGTH_MEASURE( 1.000000000000000082E-05 ), #475, 'distance_accuracy_value', 'NONE');
#709 = LENGTH_MEASURE_WITH_UNIT ( LENGTH_MEASURE( 0.02539999999999999897 ), #1584 );
#710 = CARTESIAN_POINT ( 'NONE',  ( 5.375000000000048850, 4.852720937382291938E-14, 0.2500000000000000000 ) ) ;
#711 = ADVANCED_FACE ( 'NONE', ( #211 ), #1194, .F. ) ;
#712 = CIRCLE ( 'NONE', #707, 0.1250000000000004441 ) ;
#713 = EDGE_LOOP ( 'NONE', ( #1418, #667 ) ) ;
#714 = LINE ( 'NONE', #1328, #1216 ) ;
#715 = DIRECTION ( 'NONE',  ( 1.000000000000000000, 0.000000000000000000, 0.000000000000000000 ) ) ;
#716 = CIRCLE ( 'NONE', #878, 0.1125000000000000999 ) ;
#717 = AXIS2_PLACEMENT_3D ( 'NONE', #969, #1459, #332 ) ;
#718 = DIRECTION ( 'NONE',  ( -0.000000000000000000, -0.000000000000000000, -1.000000000000000000 ) ) ;
#719 =( GEOMETRIC_REPRESENTATION_CONTEXT ( 3 ) GLOBAL_UNCERTAINTY_ASSIGNED_CONTEXT ( ( #832 ) ) GLOBAL_UNIT_ASSIGNED_CONTEXT ( ( #365, #486, #331 ) ) REPRESENTATION_CONTEXT ( 'NONE', 'WORKASPACE' ) );
#720 = COLOUR_RGB ( '',0.8588235294117646523, 0.8588235294117646523, 0.8588235294117646523 ) ;
#721 = CARTESIAN_POINT ( 'NONE',  ( 1.189999999999999947, 1.829999999999999849, 0.2500000000000000000 ) ) ;
#722 =( NAMED_UNIT ( * ) SI_UNIT ( $, .STERADIAN. ) SOLID_ANGLE_UNIT ( ) );
#723 = ORIENTED_EDGE ( 'NONE', *, *, #1449, .T. ) ;
#724 = CARTESIAN_POINT ( 'NONE',  ( 1.189999999999999947, -0.6700000000000002620, 0.000000000000000000 ) ) ;
#725 = FACE_BOUND ( 'NONE', #406, .T. ) ;
#726 =( GEOMETRIC_REPRESENTATION_CONTEXT ( 3 ) GLOBAL_UNCERTAINTY_ASSIGNED_CONTEXT ( ( #708 ) ) GLOBAL_UNIT_ASSIGNED_CONTEXT ( ( #475, #1247, #1598 ) ) REPRESENTATION_CONTEXT ( 'NONE', 'WORKASPACE' ) );
#727 = MECHANICAL_DESIGN_GEOMETRIC_PRESENTATION_REPRESENTATION (  '', ( #864 ), #126 ) ;
#728 = DIRECTION ( 'NONE',  ( 0.000000000000000000, 0.000000000000000000, 1.000000000000000000 ) ) ;
#729 = STYLED_ITEM ( 'NONE', ( #1099 ), #831 ) ;
#730 = CARTESIAN_POINT ( 'NONE',  ( -5.374999999999952038, -4.918545702836461765E-14, 0.2500000000000000000 ) ) ;
#731 = ORIENTED_EDGE ( 'NONE', *, *, #1050, .F. ) ;
#732 = LENGTH_MEASURE_WITH_UNIT ( LENGTH_MEASURE( 0.02539999999999999897 ), #754 );
#733 = EDGE_CURVE ( 'NONE', #291, #1070, #18, .T. ) ;
#734 =( CONVERSION_BASED_UNIT ( 'INCH', #999 ) LENGTH_UNIT ( ) NAMED_UNIT ( #1025 ) );
#735 = CARTESIAN_POINT ( 'NONE',  ( -1.189999999999999947, -0.6700000000000002620, 0.2500000000000000000 ) ) ;
#736 = PRESENTATION_STYLE_ASSIGNMENT (( #814 ) ) ;
#737 = CARTESIAN_POINT ( 'NONE',  ( -1.077500000000000124, -0.6700000000000002620, 0.000000000000000000 ) ) ;
#738 = LINE ( 'NONE', #860, #1627 ) ;
#739 = DIRECTION ( 'NONE',  ( 0.000000000000000000, 0.000000000000000000, 1.000000000000000000 ) ) ;
#740 = EDGE_CURVE ( 'NONE', #1032, #596, #589, .T. ) ;
#741 = CIRCLE ( 'NONE', #952, 0.5000000000001078027 ) ;
#742 = VECTOR ( 'NONE', #391, 39.37007874015748143 ) ;
#743 = DIRECTION ( 'NONE',  ( -0.000000000000000000, -0.000000000000000000, -1.000000000000000000 ) ) ;
#744 =( GEOMETRIC_REPRESENTATION_CONTEXT ( 3 ) GLOBAL_UNCERTAINTY_ASSIGNED_CONTEXT ( ( #415 ) ) GLOBAL_UNIT_ASSIGNED_CONTEXT ( ( #258, #890, #1241 ) ) REPRESENTATION_CONTEXT ( 'NONE', 'WORKASPACE' ) );
#745 = CARTESIAN_POINT ( 'NONE',  ( -5.499999999999952927, -4.918545702836461765E-14, 0.2500000000000000000 ) ) ;
#746 = DIRECTION ( 'NONE',  ( 0.000000000000000000, 0.000000000000000000, 1.000000000000000000 ) ) ;
#747 = CARTESIAN_POINT ( 'NONE',  ( -1.874999999999825251, -6.744032755725213746E-14, 0.2500000000000000000 ) ) ;
#748 = CIRCLE ( 'NONE', #1270, 0.6250000000000000000 ) ;
#749 = DIRECTION ( 'NONE',  ( -0.000000000000000000, -0.000000000000000000, -1.000000000000000000 ) ) ;
#750 = EDGE_CURVE ( 'NONE', #268, #351, #1113, .T. ) ;
#751 = VECTOR ( 'NONE', #645, 39.37007874015748143 ) ;
#752 = SURFACE_STYLE_FILL_AREA ( #981 ) ;
#753 = CARTESIAN_POINT ( 'NONE',  ( -2.374999999999932943, -6.750155989720951766E-14, 0.2500000000000000000 ) ) ;
#754 =( LENGTH_UNIT ( ) NAMED_UNIT ( * ) SI_UNIT ( $, .METRE. ) );
#755 = DIRECTION ( 'NONE',  ( -0.000000000000000000, -0.000000000000000000, -1.000000000000000000 ) ) ;
#756 = ORIENTED_EDGE ( 'NONE', *, *, #679, .F. ) ;
#757 = CARTESIAN_POINT ( 'NONE',  ( -0.6250000000000000000, 0.000000000000000000, 0.2500000000000000000 ) ) ;
#758 = EDGE_CURVE ( 'NONE', #828, #1146, #777, .T. ) ;
#759 = CARTESIAN_POINT ( 'NONE',  ( 0.1250000000000969780, -5.375000000000000888, 0.2500000000000000000 ) ) ;
#760 = CARTESIAN_POINT ( 'NONE',  ( -1.077499999999999902, 1.829999999999999849, 0.2500000000000000000 ) ) ;
#761 = DIRECTION ( 'NONE',  ( 1.000000000000000000, 0.000000000000000000, 0.000000000000000000 ) ) ;
#762 = EDGE_LOOP ( 'NONE', ( #605, #1352 ) ) ;
#763 = FACE_OUTER_BOUND ( 'NONE', #140, .T. ) ;
#764 = CIRCLE ( 'NONE', #1052, 0.1125000000000000999 ) ;
#765 = ORIENTED_EDGE ( 'NONE', *, *, #1482, .T. ) ;
#766 = SURFACE_STYLE_FILL_AREA ( #1523 ) ;
#767 = COLOUR_RGB ( '',0.8588235294117646523, 0.8588235294117646523, 0.8588235294117646523 ) ;
#768 = SURFACE_SIDE_STYLE ('',( #1406 ) ) ;
#769 = CARTESIAN_POINT ( 'NONE',  ( 0.000000000000000000, 0.000000000000000000, 0.000000000000000000 ) ) ;
#770 = ORIENTED_EDGE ( 'NONE', *, *, #781, .F. ) ;
#771 = LENGTH_MEASURE_WITH_UNIT ( LENGTH_MEASURE( 0.02539999999999999897 ), #1185 );
#772 = UNCERTAINTY_MEASURE_WITH_UNIT (LENGTH_MEASURE( 1.000000000000000082E-05 ), #125, 'distance_accuracy_value', 'NONE');
#773 =( LENGTH_UNIT ( ) NAMED_UNIT ( * ) SI_UNIT ( $, .METRE. ) );
#774 = ORIENTED_EDGE ( 'NONE', *, *, #702, .T. ) ;
#775 = SURFACE_STYLE_USAGE ( .BOTH. , #1651 ) ;
#776 = MECHANICAL_DESIGN_GEOMETRIC_PRESENTATION_REPRESENTATION (  '', ( #561 ), #1036 ) ;
#777 = CIRCLE ( 'NONE', #646, 0.5000000000000000000 ) ;
#778 = PRESENTATION_STYLE_ASSIGNMENT (( #671 ) ) ;
#779 = SURFACE_SIDE_STYLE ('',( #21 ) ) ;
#780 = ORIENTED_EDGE ( 'NONE', *, *, #972, .T. ) ;
#781 = EDGE_CURVE ( 'NONE', #694, #134, #348, .T. ) ;
#782 = AXIS2_PLACEMENT_3D ( 'NONE', #1080, #1192, #1565 ) ;
#783 = PRESENTATION_STYLE_ASSIGNMENT (( #405 ) ) ;
#784 = EDGE_LOOP ( 'NONE', ( #26, #1289 ) ) ;
#785 = SURFACE_STYLE_USAGE ( .BOTH. , #1405 ) ;
#786 = SURFACE_STYLE_USAGE ( .BOTH. , #768 ) ;
#787 = LENGTH_MEASURE_WITH_UNIT ( LENGTH_MEASURE( 0.02539999999999999897 ), #254 );
#788 = DIMENSIONAL_EXPONENTS ( 1.000000000000000000, 0.000000000000000000, 0.000000000000000000, 0.000000000000000000, 0.000000000000000000, 0.000000000000000000, 0.000000000000000000 ) ;
#789 = ORIENTED_EDGE ( 'NONE', *, *, #1650, .F. ) ;
#790 = PRESENTATION_STYLE_ASSIGNMENT (( #388 ) ) ;
#791 = MECHANICAL_DESIGN_GEOMETRIC_PRESENTATION_REPRESENTATION (  '', ( #108 ), #1618 ) ;
#792 = UNCERTAINTY_MEASURE_WITH_UNIT (LENGTH_MEASURE( 1.000000000000000082E-05 ), #135, 'distance_accuracy_value', 'NONE');
#793 = FILL_AREA_STYLE_COLOUR ( '', #1165 ) ;
#794 = EDGE_LOOP ( 'NONE', ( #657, #577, #1518, #756 ) ) ;
#795 = VECTOR ( 'NONE', #1148, 39.37007874015748143 ) ;
#796 = FACE_OUTER_BOUND ( 'NONE', #10, .T. ) ;
#797 = COLOUR_RGB ( '',0.8588235294117646523, 0.8588235294117646523, 0.8588235294117646523 ) ;
#798 =( NAMED_UNIT ( * ) PLANE_ANGLE_UNIT ( ) SI_UNIT ( $, .RADIAN. ) );
#799 = CYLINDRICAL_SURFACE ( 'NONE', #1095, 0.1250000000000004441 ) ;
#800 = VECTOR ( 'NONE', #247, 39.37007874015748143 ) ;
#801 =( GEOMETRIC_REPRESENTATION_CONTEXT ( 3 ) GLOBAL_UNCERTAINTY_ASSIGNED_CONTEXT ( ( #167 ) ) GLOBAL_UNIT_ASSIGNED_CONTEXT ( ( #101, #504, #603 ) ) REPRESENTATION_CONTEXT ( 'NONE', 'WORKASPACE' ) );
#802 =( CONVERSION_BASED_UNIT ( 'INCH', #306 ) LENGTH_UNIT ( ) NAMED_UNIT ( #522 ) );
#803 = SURFACE_SIDE_STYLE ('',( #168 ) ) ;
#804 = VERTEX_POINT ( 'NONE', #760 ) ;
#805 = CARTESIAN_POINT ( 'NONE',  ( -5.374999999999952038, -4.918545702836461765E-14, 0.2500000000000000000 ) ) ;
#806 = CIRCLE ( 'NONE', #91, 0.1250000000000004441 ) ;
#807 = EDGE_CURVE ( 'NONE', #980, #484, #46, .T. ) ;
#808 = DIRECTION ( 'NONE',  ( 0.000000000000000000, 0.000000000000000000, 1.000000000000000000 ) ) ;
#809 = DIRECTION ( 'NONE',  ( 1.000000000000000000, 0.000000000000000000, 0.000000000000000000 ) ) ;
#810 = ORIENTED_EDGE ( 'NONE', *, *, #217, .F. ) ;
#811 = AXIS2_PLACEMENT_3D ( 'NONE', #461, #739, #373 ) ;
#812 = UNCERTAINTY_MEASURE_WITH_UNIT (LENGTH_MEASURE( 1.000000000000000082E-05 ), #1265, 'distance_accuracy_value', 'NONE');
#813 = ORIENTED_EDGE ( 'NONE', *, *, #1094, .T. ) ;
#814 = SURFACE_STYLE_USAGE ( .BOTH. , #1427 ) ;
#815 = DIMENSIONAL_EXPONENTS ( 1.000000000000000000, 0.000000000000000000, 0.000000000000000000, 0.000000000000000000, 0.000000000000000000, 0.000000000000000000, 0.000000000000000000 ) ;
#816 = EDGE_CURVE ( 'NONE', #629, #1146, #1123, .T. ) ;
#817 = DIRECTION ( 'NONE',  ( 1.000000000000000000, 0.000000000000000000, -0.000000000000000000 ) ) ;
#818 = DIRECTION ( 'NONE',  ( 0.000000000000000000, 0.000000000000000000, 1.000000000000000000 ) ) ;
#819 = VERTEX_POINT ( 'NONE', #1005 ) ;
#820 = PRESENTATION_STYLE_ASSIGNMENT (( #550 ) ) ;
#821 = LINE ( 'NONE', #24, #153 ) ;
#822 =( NAMED_UNIT ( * ) SI_UNIT ( $, .STERADIAN. ) SOLID_ANGLE_UNIT ( ) );
#823 = ORIENTED_EDGE ( 'NONE', *, *, #1549, .F. ) ;
#824 = CARTESIAN_POINT ( 'NONE',  ( 9.705441874764581352E-14, -5.375000000000000888, 0.000000000000000000 ) ) ;
#825 = DIRECTION ( 'NONE',  ( 0.000000000000000000, 0.000000000000000000, 1.000000000000000000 ) ) ;
#826 = STYLED_ITEM ( 'NONE', ( #778 ), #104 ) ;
#827 = DIMENSIONAL_EXPONENTS ( 1.000000000000000000, 0.000000000000000000, 0.000000000000000000, 0.000000000000000000, 0.000000000000000000, 0.000000000000000000, 0.000000000000000000 ) ;
#828 = VERTEX_POINT ( 'NONE', #1129 ) ;
#829 = CARTESIAN_POINT ( 'NONE',  ( -2.374999999999932943, -6.750155989720951766E-14, 0.000000000000000000 ) ) ;
#830 = AXIS2_PLACEMENT_3D ( 'NONE', #1480, #755, #626 ) ;
#831 = ADVANCED_FACE ( 'NONE', ( #1249 ), #366, .F. ) ;
#832 = UNCERTAINTY_MEASURE_WITH_UNIT (LENGTH_MEASURE( 1.000000000000000082E-05 ), #365, 'distance_accuracy_value', 'NONE');
#833 = SURFACE_SIDE_STYLE ('',( #1441 ) ) ;
#834 = ORIENTED_EDGE ( 'NONE', *, *, #1197, .T. ) ;
#835 = DIRECTION ( 'NONE',  ( 0.000000000000000000, 0.000000000000000000, 1.000000000000000000 ) ) ;
#836 = CYLINDRICAL_SURFACE ( 'NONE', #336, 5.750000000000000000 ) ;
#837 = ORIENTED_EDGE ( 'NONE', *, *, #1050, .T. ) ;
#838 = DIRECTION ( 'NONE',  ( 1.000000000000000000, 0.000000000000000000, 0.000000000000000000 ) ) ;
#839 = COLOUR_RGB ( '',0.8588235294117646523, 0.8588235294117646523, 0.8588235294117646523 ) ;
#840 = CIRCLE ( 'NONE', #300, 0.6250000000000000000 ) ;
#841 = EDGE_CURVE ( 'NONE', #427, #640, #840, .T. ) ;
#842 = ORIENTED_EDGE ( 'NONE', *, *, #1321, .T. ) ;
#843 = CARTESIAN_POINT ( 'NONE',  ( 0.1249999999999999306, 5.375000000000000888, 0.000000000000000000 ) ) ;
#844 = FACE_BOUND ( 'NONE', #875, .T. ) ;
#845 = SURFACE_STYLE_FILL_AREA ( #1594 ) ;
#846 = SURFACE_STYLE_FILL_AREA ( #581 ) ;
#847 = ADVANCED_BREP_SHAPE_REPRESENTATION ( 'MotorPlateLarge', ( #478, #1008 ), #1401 ) ;
#848 = COLOUR_RGB ( '',0.8588235294117646523, 0.8588235294117646523, 0.8588235294117646523 ) ;
#849 = DIRECTION ( 'NONE',  ( 0.000000000000000000, 0.000000000000000000, 1.000000000000000000 ) ) ;
#850 = VERTEX_POINT ( 'NONE', #1156 ) ;
#851 = CARTESIAN_POINT ( 'NONE',  ( 5.250000000000047962, 4.852720937382291938E-14, 0.000000000000000000 ) ) ;
#852 = AXIS2_PLACEMENT_3D ( 'NONE', #1621, #1600, #874 ) ;
#853 = COLOUR_RGB ( '',0.8588235294117646523, 0.8588235294117646523, 0.8588235294117646523 ) ;
#854 =( NAMED_UNIT ( * ) SI_UNIT ( $, .STERADIAN. ) SOLID_ANGLE_UNIT ( ) );
#855 = MECHANICAL_DESIGN_GEOMETRIC_PRESENTATION_REPRESENTATION (  '', ( #1108 ), #387 ) ;
#856 = FILL_AREA_STYLE_COLOUR ( '', #6 ) ;
#857 = LENGTH_MEASURE_WITH_UNIT ( LENGTH_MEASURE( 0.02539999999999999897 ), #207 );
#858 = DIRECTION ( 'NONE',  ( 1.000000000000000000, 0.000000000000000000, 0.000000000000000000 ) ) ;
#859 = EDGE_CURVE ( 'NONE', #1070, #291, #239, .T. ) ;
#860 = CARTESIAN_POINT ( 'NONE',  ( -1.302500000000000213, -0.6700000000000002620, 0.2500000000000000000 ) ) ;
#861 =( CONVERSION_BASED_UNIT ( 'INCH', #1593 ) LENGTH_UNIT ( ) NAMED_UNIT ( #788 ) );
#862 = AXIS2_PLACEMENT_3D ( 'NONE', #1497, #1010, #1619 ) ;
#863 = CARTESIAN_POINT ( 'NONE',  ( -1.077499999999999902, 1.829999999999999849, 0.2500000000000000000 ) ) ;
#864 = STYLED_ITEM ( 'NONE', ( #1387 ), #847 ) ;
#865 = PLANE ( 'NONE',  #142 ) ;
#866 = CARTESIAN_POINT ( 'NONE',  ( -2.374999999999932943, -6.750155989720951766E-14, 0.2500000000000000000 ) ) ;
#867 =( CONVERSION_BASED_UNIT ( 'INCH', #228 ) LENGTH_UNIT ( ) NAMED_UNIT ( #1154 ) );
#868 = EDGE_CURVE ( 'NONE', #304, #629, #70, .T. ) ;
#869 = ORIENTED_EDGE ( 'NONE', *, *, #404, .F. ) ;
#870 = DIRECTION ( 'NONE',  ( 0.000000000000000000, 0.000000000000000000, 1.000000000000000000 ) ) ;
#871 = PRESENTATION_STYLE_ASSIGNMENT (( #1471 ) ) ;
#872 = CYLINDRICAL_SURFACE ( 'NONE', #1058, 0.6250000000000000000 ) ;
#873 = FILL_AREA_STYLE_COLOUR ( '', #12 ) ;
#874 = DIRECTION ( 'NONE',  ( 1.000000000000000000, 0.000000000000000000, 0.000000000000000000 ) ) ;
#875 = EDGE_LOOP ( 'NONE', ( #780, #446 ) ) ;
#876 = DIRECTION ( 'NONE',  ( 0.000000000000000000, 0.000000000000000000, 1.000000000000000000 ) ) ;
#877 = SURFACE_STYLE_FILL_AREA ( #1231 ) ;
#878 = AXIS2_PLACEMENT_3D ( 'NONE', #363, #77, #1234 ) ;
#879 = EDGE_CURVE ( 'NONE', #980, #29, #1397, .T. ) ;
#880 = AXIS2_PLACEMENT_3D ( 'NONE', #174, #964, #838 ) ;
#881 =( GEOMETRIC_REPRESENTATION_CONTEXT ( 3 ) GLOBAL_UNCERTAINTY_ASSIGNED_CONTEXT ( ( #1073 ) ) GLOBAL_UNIT_ASSIGNED_CONTEXT ( ( #1349, #346, #944 ) ) REPRESENTATION_CONTEXT ( 'NONE', 'WORKASPACE' ) );
#882 = SURFACE_SIDE_STYLE ('',( #1262 ) ) ;
#883 = FACE_OUTER_BOUND ( 'NONE', #939, .T. ) ;
#884 = FILL_AREA_STYLE ('',( #105 ) ) ;
#885 = FILL_AREA_STYLE_COLOUR ( '', #644 ) ;
#886 = CARTESIAN_POINT ( 'NONE',  ( -1.874999999999825251, -6.744032755725213746E-14, 0.2500000000000000000 ) ) ;
#887 =( NAMED_UNIT ( * ) PLANE_ANGLE_UNIT ( ) SI_UNIT ( $, .RADIAN. ) );
#888 = CIRCLE ( 'NONE', #912, 0.1125000000000000999 ) ;
#889 = ADVANCED_FACE ( 'NONE', ( #516 ), #1542, .T. ) ;
#890 =( NAMED_UNIT ( * ) PLANE_ANGLE_UNIT ( ) SI_UNIT ( $, .RADIAN. ) );
#891 = LINE ( 'NONE', #551, #124 ) ;
#892 = ORIENTED_EDGE ( 'NONE', *, *, #1225, .F. ) ;
#893 =( CONVERSION_BASED_UNIT ( 'INCH', #1013 ) LENGTH_UNIT ( ) NAMED_UNIT ( #1535 ) );
#894 =( LENGTH_UNIT ( ) NAMED_UNIT ( * ) SI_UNIT ( $, .METRE. ) );
#895 = CARTESIAN_POINT ( 'NONE',  ( 0.5000000000002787770, -2.375000000000000000, 0.2500000000000000000 ) ) ;
#896 = CARTESIAN_POINT ( 'NONE',  ( 0.000000000000000000, 0.000000000000000000, 0.000000000000000000 ) ) ;
#897 = DIRECTION ( 'NONE',  ( -0.000000000000000000, -0.000000000000000000, -1.000000000000000000 ) ) ;
#898 = DIRECTION ( 'NONE',  ( 1.000000000000000000, 0.000000000000000000, 0.000000000000000000 ) ) ;
#899 = ORIENTED_EDGE ( 'NONE', *, *, #73, .F. ) ;
#900 = DIRECTION ( 'NONE',  ( 0.000000000000000000, 0.000000000000000000, 1.000000000000000000 ) ) ;
#901 = DIRECTION ( 'NONE',  ( 1.000000000000000000, 0.000000000000000000, 0.000000000000000000 ) ) ;
#902 = CARTESIAN_POINT ( 'NONE',  ( 9.705441874764581352E-14, -5.375000000000000888, 0.2500000000000000000 ) ) ;
#903 = FACE_OUTER_BOUND ( 'NONE', #1426, .T. ) ;
#904 = PRESENTATION_LAYER_ASSIGNMENT (  '', '', ( #1287 ) ) ;
#905 = EDGE_LOOP ( 'NONE', ( #1015, #90 ) ) ;
#906 = CARTESIAN_POINT ( 'NONE',  ( 5.250000000000047962, 4.852720937382291938E-14, 0.2500000000000000000 ) ) ;
#907 = EDGE_CURVE ( 'NONE', #49, #1530, #1375, .T. ) ;
#908 = ORIENTED_EDGE ( 'NONE', *, *, #1449, .F. ) ;
#909 = CARTESIAN_POINT ( 'NONE',  ( 0.5000000000002787770, -2.375000000000000000, 0.000000000000000000 ) ) ;
#910 = ORIENTED_EDGE ( 'NONE', *, *, #750, .T. ) ;
#911 = CARTESIAN_POINT ( 'NONE',  ( 1.077500000000000124, -0.6700000000000002620, 0.2500000000000000000 ) ) ;
#912 = AXIS2_PLACEMENT_3D ( 'NONE', #328, #1329, #1205 ) ;
#913 = AXIS2_PLACEMENT_3D ( 'NONE', #1534, #1515, #402 ) ;
#914 = FILL_AREA_STYLE_COLOUR ( '', #34 ) ;
#915 = DIRECTION ( 'NONE',  ( 0.000000000000000000, 0.000000000000000000, 1.000000000000000000 ) ) ;
#916 = ADVANCED_FACE ( 'NONE', ( #922 ), #799, .F. ) ;
#917 = ORIENTED_EDGE ( 'NONE', *, *, #601, .F. ) ;
#918 = DIMENSIONAL_EXPONENTS ( 1.000000000000000000, 0.000000000000000000, 0.000000000000000000, 0.000000000000000000, 0.000000000000000000, 0.000000000000000000, 0.000000000000000000 ) ;
#919 = ORIENTED_EDGE ( 'NONE', *, *, #1197, .F. ) ;
#920 =( NAMED_UNIT ( * ) SI_UNIT ( $, .STERADIAN. ) SOLID_ANGLE_UNIT ( ) );
#921 = DIRECTION ( 'NONE',  ( -0.000000000000000000, -0.000000000000000000, -1.000000000000000000 ) ) ;
#922 = FACE_OUTER_BOUND ( 'NONE', #245, .T. ) ;
#923 =( NAMED_UNIT ( * ) SI_UNIT ( $, .STERADIAN. ) SOLID_ANGLE_UNIT ( ) );
#924 = EDGE_LOOP ( 'NONE', ( #1026, #1083 ) ) ;
#925 = DIRECTION ( 'NONE',  ( -0.000000000000000000, -0.000000000000000000, -1.000000000000000000 ) ) ;
#926 = EDGE_CURVE ( 'NONE', #40, #672, #159, .T. ) ;
#927 = EDGE_LOOP ( 'NONE', ( #433, #648, #614, #276 ) ) ;
#928 =( GEOMETRIC_REPRESENTATION_CONTEXT ( 3 ) GLOBAL_UNCERTAINTY_ASSIGNED_CONTEXT ( ( #435 ) ) GLOBAL_UNIT_ASSIGNED_CONTEXT ( ( #867, #1605, #722 ) ) REPRESENTATION_CONTEXT ( 'NONE', 'WORKASPACE' ) );
#929 = CARTESIAN_POINT ( 'NONE',  ( 2.875000000000119460, 6.727193862236940503E-14, 0.000000000000000000 ) ) ;
#930 = MECHANICAL_DESIGN_GEOMETRIC_PRESENTATION_REPRESENTATION (  '', ( #1132 ), #1190 ) ;
#931 = ORIENTED_EDGE ( 'NONE', *, *, #1111, .F. ) ;
#932 =( NAMED_UNIT ( * ) PLANE_ANGLE_UNIT ( ) SI_UNIT ( $, .RADIAN. ) );
#933 = FILL_AREA_STYLE_COLOUR ( '', #691 ) ;
#934 = EDGE_LOOP ( 'NONE', ( #381, #564, #1187, #991 ) ) ;
#935 = EDGE_CURVE ( 'NONE', #1551, #460, #1302, .T. ) ;
#936 = SURFACE_STYLE_FILL_AREA ( #1553 ) ;
#937 =( GEOMETRIC_REPRESENTATION_CONTEXT ( 3 ) GLOBAL_UNCERTAINTY_ASSIGNED_CONTEXT ( ( #970 ) ) GLOBAL_UNIT_ASSIGNED_CONTEXT ( ( #99, #1257, #993 ) ) REPRESENTATION_CONTEXT ( 'NONE', 'WORKASPACE' ) );
#938 = DIRECTION ( 'NONE',  ( 0.000000000000000000, 0.000000000000000000, 1.000000000000000000 ) ) ;
#939 = EDGE_LOOP ( 'NONE', ( #412, #676, #529, #1372 ) ) ;
#940 = UNCERTAINTY_MEASURE_WITH_UNIT (LENGTH_MEASURE( 1.000000000000000082E-05 ), #1645, 'distance_accuracy_value', 'NONE');
#941 =( NAMED_UNIT ( * ) PLANE_ANGLE_UNIT ( ) SI_UNIT ( $, .RADIAN. ) );
#942 = EDGE_LOOP ( 'NONE', ( #299, #955, #1414, #127 ) ) ;
#943 = DIRECTION ( 'NONE',  ( -1.000000000000000000, 0.000000000000000000, 0.000000000000000000 ) ) ;
#944 =( NAMED_UNIT ( * ) SI_UNIT ( $, .STERADIAN. ) SOLID_ANGLE_UNIT ( ) );
#945 = EDGE_CURVE ( 'NONE', #180, #164, #1075, .T. ) ;
#946 = ORIENTED_EDGE ( 'NONE', *, *, #868, .F. ) ;
#947 = CARTESIAN_POINT ( 'NONE',  ( 0.000000000000000000, 2.375000000000000000, 0.2500000000000000000 ) ) ;
#948 = FACE_BOUND ( 'NONE', #924, .T. ) ;
#949 = FILL_AREA_STYLE_COLOUR ( '', #606 ) ;
#950 = ORIENTED_EDGE ( 'NONE', *, *, #1409, .F. ) ;
#951 = DIRECTION ( 'NONE',  ( 1.000000000000000000, 0.000000000000000000, 0.000000000000000000 ) ) ;
#952 = AXIS2_PLACEMENT_3D ( 'NONE', #829, #1087, #57 ) ;
#953 = EDGE_CURVE ( 'NONE', #1153, #234, #1068, .T. ) ;
#954 = PRESENTATION_LAYER_ASSIGNMENT (  '', '', ( #1341 ) ) ;
#955 = ORIENTED_EDGE ( 'NONE', *, *, #1225, .T. ) ;
#956 =( CONVERSION_BASED_UNIT ( 'INCH', #690 ) LENGTH_UNIT ( ) NAMED_UNIT ( #149 ) );
#957 = LINE ( 'NONE', #1196, #978 ) ;
#958 = EDGE_LOOP ( 'NONE', ( #554, #910, #13, #1576 ) ) ;
#959 =( NAMED_UNIT ( * ) PLANE_ANGLE_UNIT ( ) SI_UNIT ( $, .RADIAN. ) );
#960 =( CONVERSION_BASED_UNIT ( 'INCH', #38 ) LENGTH_UNIT ( ) NAMED_UNIT ( #1288 ) );
#961 = MECHANICAL_DESIGN_GEOMETRIC_PRESENTATION_REPRESENTATION (  '', ( #1142 ), #586 ) ;
#962 = AXIS2_PLACEMENT_3D ( 'NONE', #1610, #492, #1616 ) ;
#963 = ORIENTED_EDGE ( 'NONE', *, *, #379, .T. ) ;
#964 = DIRECTION ( 'NONE',  ( 0.000000000000000000, 0.000000000000000000, 1.000000000000000000 ) ) ;
#965 = FILL_AREA_STYLE_COLOUR ( '', #1144 ) ;
#966 = AXIS2_PLACEMENT_3D ( 'NONE', #1468, #870, #1501 ) ;
#967 =( NAMED_UNIT ( * ) PLANE_ANGLE_UNIT ( ) SI_UNIT ( $, .RADIAN. ) );
#968 =( CONVERSION_BASED_UNIT ( 'INCH', #441 ) LENGTH_UNIT ( ) NAMED_UNIT ( #179 ) );
#969 = CARTESIAN_POINT ( 'NONE',  ( 0.000000000000000000, 0.000000000000000000, 0.2500000000000000000 ) ) ;
#970 = UNCERTAINTY_MEASURE_WITH_UNIT (LENGTH_MEASURE( 1.000000000000000082E-05 ), #99, 'distance_accuracy_value', 'NONE');
#971 = PRESENTATION_STYLE_ASSIGNMENT (( #195 ) ) ;
#972 = EDGE_CURVE ( 'NONE', #310, #1588, #1357, .T. ) ;
#973 = LINE ( 'NONE', #607, #977 ) ;
#974 = ORIENTED_EDGE ( 'NONE', *, *, #129, .T. ) ;
#975 = SURFACE_STYLE_FILL_AREA ( #222 ) ;
#976 = FACE_BOUND ( 'NONE', #1412, .T. ) ;
#977 = VECTOR ( 'NONE', #1464, 39.37007874015748143 ) ;
#978 = VECTOR ( 'NONE', #718, 39.37007874015748143 ) ;
#979 = SURFACE_STYLE_FILL_AREA ( #1541 ) ;
#980 = VERTEX_POINT ( 'NONE', #685 ) ;
#981 = FILL_AREA_STYLE ('',( #476 ) ) ;
#982 = CARTESIAN_POINT ( 'NONE',  ( -1.077500000000000124, -0.6700000000000002620, 0.2500000000000000000 ) ) ;
#983 = SURFACE_SIDE_STYLE ('',( #1355 ) ) ;
#984 = FACE_OUTER_BOUND ( 'NONE', #1304, .T. ) ;
#985 = AXIS2_PLACEMENT_3D ( 'NONE', #151, #2, #1047 ) ;
#986 = DIRECTION ( 'NONE',  ( -1.000000000000000000, 0.000000000000000000, 0.000000000000000000 ) ) ;
#987 = DIRECTION ( 'NONE',  ( 1.000000000000000000, 0.000000000000000000, 0.000000000000000000 ) ) ;
#988 = DIRECTION ( 'NONE',  ( -0.000000000000000000, -0.000000000000000000, -1.000000000000000000 ) ) ;
#989 = MECHANICAL_DESIGN_GEOMETRIC_PRESENTATION_REPRESENTATION (  '', ( #352 ), #703 ) ;
#990 = EDGE_CURVE ( 'NONE', #558, #389, #48, .T. ) ;
#991 = ORIENTED_EDGE ( 'NONE', *, *, #816, .F. ) ;
#992 = SURFACE_STYLE_USAGE ( .BOTH. , #1236 ) ;
#993 =( NAMED_UNIT ( * ) SI_UNIT ( $, .STERADIAN. ) SOLID_ANGLE_UNIT ( ) );
#994 = DIRECTION ( 'NONE',  ( 0.000000000000000000, 0.000000000000000000, 1.000000000000000000 ) ) ;
#995 = EDGE_LOOP ( 'NONE', ( #892, #1566, #44, #1259 ) ) ;
#996 = DIRECTION ( 'NONE',  ( -0.000000000000000000, -0.000000000000000000, -1.000000000000000000 ) ) ;
#997 = DIRECTION ( 'NONE',  ( 0.000000000000000000, 0.000000000000000000, 1.000000000000000000 ) ) ;
#998 = DIRECTION ( 'NONE',  ( -1.000000000000000000, 0.000000000000000000, 0.000000000000000000 ) ) ;
#999 = LENGTH_MEASURE_WITH_UNIT ( LENGTH_MEASURE( 0.02539999999999999897 ), #1603 );
#1000 = AXIS2_PLACEMENT_3D ( 'NONE', #1488, #469, #485 ) ;
#1001 = COLOUR_RGB ( '',0.8588235294117646523, 0.8588235294117646523, 0.8588235294117646523 ) ;
#1002 = LENGTH_MEASURE_WITH_UNIT ( LENGTH_MEASURE( 0.02539999999999999897 ), #1392 );
#1003 = LENGTH_MEASURE_WITH_UNIT ( LENGTH_MEASURE( 0.02539999999999999897 ), #621 );
#1004 = STYLED_ITEM ( 'NONE', ( #241 ), #279 ) ;
#1005 = CARTESIAN_POINT ( 'NONE',  ( -5.499999999999952927, -4.918545702836461765E-14, 0.000000000000000000 ) ) ;
#1006 = PRESENTATION_STYLE_ASSIGNMENT (( #1124 ) ) ;
#1007 =( GEOMETRIC_REPRESENTATION_CONTEXT ( 3 ) GLOBAL_UNCERTAINTY_ASSIGNED_CONTEXT ( ( #532 ) ) GLOBAL_UNIT_ASSIGNED_CONTEXT ( ( #438, #54, #677 ) ) REPRESENTATION_CONTEXT ( 'NONE', 'WORKASPACE' ) );
#1008 = AXIS2_PLACEMENT_3D ( 'NONE', #769, #1266, #393 ) ;
#1009 = CYLINDRICAL_SURFACE ( 'NONE', #830, 0.1249999999999999306 ) ;
#1010 = DIRECTION ( 'NONE',  ( -0.000000000000000000, -0.000000000000000000, -1.000000000000000000 ) ) ;
#1011 = VERTEX_POINT ( 'NONE', #569 ) ;
#1012 =( GEOMETRIC_REPRESENTATION_CONTEXT ( 3 ) GLOBAL_UNCERTAINTY_ASSIGNED_CONTEXT ( ( #812 ) ) GLOBAL_UNIT_ASSIGNED_CONTEXT ( ( #1265, #139, #1644 ) ) REPRESENTATION_CONTEXT ( 'NONE', 'WORKASPACE' ) );
#1013 = LENGTH_MEASURE_WITH_UNIT ( LENGTH_MEASURE( 0.02539999999999999897 ), #273 );
#1014 = LINE ( 'NONE', #1526, #742 ) ;
#1015 = ORIENTED_EDGE ( 'NONE', *, *, #92, .F. ) ;
#1016 = DIRECTION ( 'NONE',  ( -1.000000000000000000, 0.000000000000000000, 0.000000000000000000 ) ) ;
#1017 = FILL_AREA_STYLE_COLOUR ( '', #1001 ) ;
#1018 = CARTESIAN_POINT ( 'NONE',  ( -0.5000000000000099920, -2.375000000000000000, 0.2500000000000000000 ) ) ;
#1019 = ORIENTED_EDGE ( 'NONE', *, *, #1151, .T. ) ;
#1020 = EDGE_CURVE ( 'NONE', #704, #234, #1479, .T. ) ;
#1021 = CARTESIAN_POINT ( 'NONE',  ( 0.000000000000000000, 5.375000000000000888, 0.2500000000000000000 ) ) ;
#1022 = ORIENTED_EDGE ( 'NONE', *, *, #879, .T. ) ;
#1023 =( LENGTH_UNIT ( ) NAMED_UNIT ( * ) SI_UNIT ( $, .METRE. ) );
#1024 = CARTESIAN_POINT ( 'NONE',  ( -0.1249999999999999306, 5.375000000000000888, 0.2500000000000000000 ) ) ;
#1025 = DIMENSIONAL_EXPONENTS ( 1.000000000000000000, 0.000000000000000000, 0.000000000000000000, 0.000000000000000000, 0.000000000000000000, 0.000000000000000000, 0.000000000000000000 ) ;
#1026 = ORIENTED_EDGE ( 'NONE', *, *, #1614, .T. ) ;
#1027 = LINE ( 'NONE', #757, #1160 ) ;
#1028 = ADVANCED_FACE ( 'NONE', ( #1090 ), #836, .T. ) ;
#1029 = AXIS2_PLACEMENT_3D ( 'NONE', #131, #157, #25 ) ;
#1030 = DIRECTION ( 'NONE',  ( 1.000000000000000000, 0.000000000000000000, 0.000000000000000000 ) ) ;
#1031 = CARTESIAN_POINT ( 'NONE',  ( 0.000000000000000000, 0.000000000000000000, 0.2500000000000000000 ) ) ;
#1032 = VERTEX_POINT ( 'NONE', #330 ) ;
#1033 = PRODUCT_DEFINITION_CONTEXT ( 'detailed design', #599, 'design' ) ;
#1034 = AXIS2_PLACEMENT_3D ( 'NONE', #27, #543, #1053 ) ;
#1035 = ORIENTED_EDGE ( 'NONE', *, *, #1166, .F. ) ;
#1036 =( GEOMETRIC_REPRESENTATION_CONTEXT ( 3 ) GLOBAL_UNCERTAINTY_ASSIGNED_CONTEXT ( ( #1206 ) ) GLOBAL_UNIT_ASSIGNED_CONTEXT ( ( #956, #200, #1335 ) ) REPRESENTATION_CONTEXT ( 'NONE', 'WORKASPACE' ) );
#1037 = LENGTH_MEASURE_WITH_UNIT ( LENGTH_MEASURE( 0.02539999999999999897 ), #661 );
#1038 = AXIS2_PLACEMENT_3D ( 'NONE', #598, #88, #761 ) ;
#1039 = DIMENSIONAL_EXPONENTS ( 1.000000000000000000, 0.000000000000000000, 0.000000000000000000, 0.000000000000000000, 0.000000000000000000, 0.000000000000000000, 0.000000000000000000 ) ;
#1040 = DIRECTION ( 'NONE',  ( -1.000000000000000000, 0.000000000000000000, 0.000000000000000000 ) ) ;
#1041 = ADVANCED_FACE ( 'NONE', ( #883 ), #590, .F. ) ;
#1042 = EDGE_LOOP ( 'NONE', ( #1389, #1110 ) ) ;
#1043 = FILL_AREA_STYLE ('',( #257 ) ) ;
#1044 = CYLINDRICAL_SURFACE ( 'NONE', #85, 0.1250000000000004441 ) ;
#1045 = VERTEX_POINT ( 'NONE', #1351 ) ;
#1046 = SURFACE_STYLE_USAGE ( .BOTH. , #407 ) ;
#1047 = DIRECTION ( 'NONE',  ( 1.000000000000000000, 0.000000000000000000, 0.000000000000000000 ) ) ;
#1048 = ORIENTED_EDGE ( 'NONE', *, *, #209, .F. ) ;
#1049 = SURFACE_STYLE_USAGE ( .BOTH. , #102 ) ;
#1050 = EDGE_CURVE ( 'NONE', #164, #180, #488, .T. ) ;
#1051 = ORIENTED_EDGE ( 'NONE', *, *, #868, .T. ) ;
#1052 = AXIS2_PLACEMENT_3D ( 'NONE', #1611, #1250, #625 ) ;
#1053 = DIRECTION ( 'NONE',  ( 1.000000000000000000, 0.000000000000000000, 0.000000000000000000 ) ) ;
#1054 = CIRCLE ( 'NONE', #205, 0.1125000000000000999 ) ;
#1055 = MECHANICAL_DESIGN_GEOMETRIC_PRESENTATION_REPRESENTATION (  '', ( #116 ), #719 ) ;
#1056 = CARTESIAN_POINT ( 'NONE',  ( 0.000000000000000000, 0.000000000000000000, 0.2500000000000000000 ) ) ;
#1057 =( NAMED_UNIT ( * ) SI_UNIT ( $, .STERADIAN. ) SOLID_ANGLE_UNIT ( ) );
#1058 = AXIS2_PLACEMENT_3D ( 'NONE', #620, #749, #986 ) ;
#1059 = SURFACE_STYLE_USAGE ( .BOTH. , #275 ) ;
#1060 = VERTEX_POINT ( 'NONE', #1370 ) ;
#1061 = DIRECTION ( 'NONE',  ( 0.000000000000000000, 0.000000000000000000, 1.000000000000000000 ) ) ;
#1062 = DIRECTION ( 'NONE',  ( -1.000000000000000000, 0.000000000000000000, 0.000000000000000000 ) ) ;
#1063 =( NAMED_UNIT ( * ) SI_UNIT ( $, .STERADIAN. ) SOLID_ANGLE_UNIT ( ) );
#1064 = DIMENSIONAL_EXPONENTS ( 1.000000000000000000, 0.000000000000000000, 0.000000000000000000, 0.000000000000000000, 0.000000000000000000, 0.000000000000000000, 0.000000000000000000 ) ;
#1065 = EDGE_LOOP ( 'NONE', ( #78, #319 ) ) ;
#1066 = SURFACE_STYLE_FILL_AREA ( #429 ) ;
#1067 = AXIS2_PLACEMENT_3D ( 'NONE', #1419, #1181, #196 ) ;
#1068 = LINE ( 'NONE', #182, #1508 ) ;
#1069 =( GEOMETRIC_REPRESENTATION_CONTEXT ( 3 ) GLOBAL_UNCERTAINTY_ASSIGNED_CONTEXT ( ( #1347 ) ) GLOBAL_UNIT_ASSIGNED_CONTEXT ( ( #861, #115, #1277 ) ) REPRESENTATION_CONTEXT ( 'NONE', 'WORKASPACE' ) );
#1070 = VERTEX_POINT ( 'NONE', #215 ) ;
#1071 = CARTESIAN_POINT ( 'NONE',  ( 1.077499999999999902, 1.829999999999999849, 0.000000000000000000 ) ) ;
#1072 = FACE_OUTER_BOUND ( 'NONE', #501, .T. ) ;
#1073 = UNCERTAINTY_MEASURE_WITH_UNIT (LENGTH_MEASURE( 1.000000000000000082E-05 ), #1349, 'distance_accuracy_value', 'NONE');
#1074 =( NAMED_UNIT ( * ) SI_UNIT ( $, .STERADIAN. ) SOLID_ANGLE_UNIT ( ) );
#1075 = CIRCLE ( 'NONE', #591, 0.5000000000000522915 ) ;
#1076 = VERTEX_POINT ( 'NONE', #745 ) ;
#1077 = CARTESIAN_POINT ( 'NONE',  ( -5.374999999999952038, -4.918545702836461765E-14, 0.2500000000000000000 ) ) ;
#1078 = EDGE_CURVE ( 'NONE', #1011, #596, #973, .T. ) ;
#1079 = PRESENTATION_STYLE_ASSIGNMENT (( #293 ) ) ;
#1080 = CARTESIAN_POINT ( 'NONE',  ( 5.375000000000048850, 4.852720937382291938E-14, 0.000000000000000000 ) ) ;
#1081 = VERTEX_POINT ( 'NONE', #737 ) ;
#1082 = CARTESIAN_POINT ( 'NONE',  ( -2.374999999999932943, -6.750155989720951766E-14, 0.000000000000000000 ) ) ;
#1083 = ORIENTED_EDGE ( 'NONE', *, *, #209, .T. ) ;
#1084 = DIRECTION ( 'NONE',  ( 1.000000000000000000, 0.000000000000000000, 0.000000000000000000 ) ) ;
#1085 = CIRCLE ( 'NONE', #63, 0.5000000000001443290 ) ;
#1086 = VERTEX_POINT ( 'NONE', #1121 ) ;
#1087 = DIRECTION ( 'NONE',  ( 0.000000000000000000, 0.000000000000000000, 1.000000000000000000 ) ) ;
#1088 = CIRCLE ( 'NONE', #255, 0.5000000000000000000 ) ;
#1089 = UNCERTAINTY_MEASURE_WITH_UNIT (LENGTH_MEASURE( 1.000000000000000082E-05 ), #1411, 'distance_accuracy_value', 'NONE');
#1090 = FACE_OUTER_BOUND ( 'NONE', #442, .T. ) ;
#1091 = COLOUR_RGB ( '',0.8588235294117646523, 0.8588235294117646523, 0.8588235294117646523 ) ;
#1092 = ORIENTED_EDGE ( 'NONE', *, *, #358, .T. ) ;
#1093 =( NAMED_UNIT ( * ) SI_UNIT ( $, .STERADIAN. ) SOLID_ANGLE_UNIT ( ) );
#1094 = EDGE_CURVE ( 'NONE', #1081, #1158, #716, .T. ) ;
#1095 = AXIS2_PLACEMENT_3D ( 'NONE', #556, #1214, #172 ) ;
#1096 =( NAMED_UNIT ( * ) PLANE_ANGLE_UNIT ( ) SI_UNIT ( $, .RADIAN. ) );
#1097 = DIRECTION ( 'NONE',  ( -1.000000000000000000, 0.000000000000000000, 0.000000000000000000 ) ) ;
#1098 = PRESENTATION_STYLE_ASSIGNMENT (( #357 ) ) ;
#1099 = PRESENTATION_STYLE_ASSIGNMENT (( #597 ) ) ;
#1100 =( CONVERSION_BASED_UNIT ( 'INCH', #42 ) LENGTH_UNIT ( ) NAMED_UNIT ( #16 ) );
#1101 = FACE_BOUND ( 'NONE', #1476, .T. ) ;
#1102 = CARTESIAN_POINT ( 'NONE',  ( -2.875000000000040856, -6.750155989720951766E-14, 0.000000000000000000 ) ) ;
#1103 = PRESENTATION_STYLE_ASSIGNMENT (( #992 ) ) ;
#1104 = STYLED_ITEM ( 'NONE', ( #790 ), #565 ) ;
#1105 = DIRECTION ( 'NONE',  ( 1.000000000000000000, 0.000000000000000000, 0.000000000000000000 ) ) ;
#1106 = CIRCLE ( 'NONE', #1133, 0.1249999999999999306 ) ;
#1107 = DIRECTION ( 'NONE',  ( -0.000000000000000000, -0.000000000000000000, -1.000000000000000000 ) ) ;
#1108 = STYLED_ITEM ( 'NONE', ( #971 ), #430 ) ;
#1109 = DIRECTION ( 'NONE',  ( -1.000000000000000000, 0.000000000000000000, 0.000000000000000000 ) ) ;
#1110 = ORIENTED_EDGE ( 'NONE', *, *, #1143, .T. ) ;
#1111 = EDGE_CURVE ( 'NONE', #53, #1081, #1222, .T. ) ;
#1112 = LINE ( 'NONE', #618, #1550 ) ;
#1113 = LINE ( 'NONE', #895, #1478 ) ;
#1114 = FILL_AREA_STYLE ('',( #1245 ) ) ;
#1115 = STYLED_ITEM ( 'NONE', ( #225 ), #1398 ) ;
#1116 = DIRECTION ( 'NONE',  ( -0.000000000000000000, -0.000000000000000000, -1.000000000000000000 ) ) ;
#1117 = STYLED_ITEM ( 'NONE', ( #377 ), #1514 ) ;
#1118 =( GEOMETRIC_REPRESENTATION_CONTEXT ( 3 ) GLOBAL_UNCERTAINTY_ASSIGNED_CONTEXT ( ( #7 ) ) GLOBAL_UNIT_ASSIGNED_CONTEXT ( ( #960, #1556, #1446 ) ) REPRESENTATION_CONTEXT ( 'NONE', 'WORKASPACE' ) );
#1119 = SURFACE_SIDE_STYLE ('',( #1251 ) ) ;
#1120 = SURFACE_STYLE_FILL_AREA ( #1365 ) ;
#1121 = CARTESIAN_POINT ( 'NONE',  ( 1.077500000000000124, -0.6700000000000002620, 0.2500000000000000000 ) ) ;
#1122 = EDGE_CURVE ( 'NONE', #1158, #1081, #1054, .T. ) ;
#1123 = LINE ( 'NONE', #1615, #1354 ) ;
#1124 = SURFACE_STYLE_USAGE ( .BOTH. , #983 ) ;
#1125 = PRESENTATION_STYLE_ASSIGNMENT (( #502 ) ) ;
#1126 = SURFACE_STYLE_USAGE ( .BOTH. , #882 ) ;
#1127 = SURFACE_STYLE_USAGE ( .BOTH. , #595 ) ;
#1128 = ORIENTED_EDGE ( 'NONE', *, *, #217, .T. ) ;
#1129 = CARTESIAN_POINT ( 'NONE',  ( 0.5000000000000000000, 2.375000000000000000, 0.000000000000000000 ) ) ;
#1130 = MECHANICAL_DESIGN_GEOMETRIC_PRESENTATION_REPRESENTATION (  '', ( #1104 ), #31 ) ;
#1131 = CIRCLE ( 'NONE', #852, 0.1250000000000004441 ) ;
#1132 = STYLED_ITEM ( 'NONE', ( #1533 ), #136 ) ;
#1133 = AXIS2_PLACEMENT_3D ( 'NONE', #1021, #515, #1030 ) ;
#1134 = CARTESIAN_POINT ( 'NONE',  ( 1.875000000000014655, 6.721070628241202484E-14, 0.2500000000000000000 ) ) ;
#1135 = ORIENTED_EDGE ( 'NONE', *, *, #807, .F. ) ;
#1136 = STYLED_ITEM ( 'NONE', ( #783 ), #394 ) ;
#1137 = SURFACE_STYLE_FILL_AREA ( #1498 ) ;
#1138 = LENGTH_MEASURE_WITH_UNIT ( LENGTH_MEASURE( 0.02539999999999999897 ), #894 );
#1139 = FILL_AREA_STYLE_COLOUR ( '', #1202 ) ;
#1140 =( NAMED_UNIT ( * ) PLANE_ANGLE_UNIT ( ) SI_UNIT ( $, .RADIAN. ) );
#1141 = EDGE_LOOP ( 'NONE', ( #1522, #813 ) ) ;
#1142 = STYLED_ITEM ( 'NONE', ( #483 ), #1428 ) ;
#1143 = EDGE_CURVE ( 'NONE', #234, #704, #1131, .T. ) ;
#1144 = COLOUR_RGB ( '',0.8588235294117646523, 0.8588235294117646523, 0.8588235294117646523 ) ;
#1145 = CARTESIAN_POINT ( 'NONE',  ( 1.189999999999999947, 1.829999999999999849, 0.2500000000000000000 ) ) ;
#1146 = VERTEX_POINT ( 'NONE', #1242 ) ;
#1147 = PRESENTATION_LAYER_ASSIGNMENT (  '', '', ( #128 ) ) ;
#1148 = DIRECTION ( 'NONE',  ( -0.000000000000000000, -0.000000000000000000, -1.000000000000000000 ) ) ;
#1149 = DIMENSIONAL_EXPONENTS ( 1.000000000000000000, 0.000000000000000000, 0.000000000000000000, 0.000000000000000000, 0.000000000000000000, 0.000000000000000000, 0.000000000000000000 ) ;
#1150 = ORIENTED_EDGE ( 'NONE', *, *, #1240, .F. ) ;
#1151 = EDGE_CURVE ( 'NONE', #198, #1076, #411, .T. ) ;
#1152 = UNCERTAINTY_MEASURE_WITH_UNIT (LENGTH_MEASURE( 1.000000000000000082E-05 ), #1385, 'distance_accuracy_value', 'NONE');
#1153 = VERTEX_POINT ( 'NONE', #103 ) ;
#1154 = DIMENSIONAL_EXPONENTS ( 1.000000000000000000, 0.000000000000000000, 0.000000000000000000, 0.000000000000000000, 0.000000000000000000, 0.000000000000000000, 0.000000000000000000 ) ;
#1155 = FILL_AREA_STYLE_COLOUR ( '', #517 ) ;
#1156 = CARTESIAN_POINT ( 'NONE',  ( -1.302500000000000213, -0.6700000000000002620, 0.2500000000000000000 ) ) ;
#1157 =( NAMED_UNIT ( * ) PLANE_ANGLE_UNIT ( ) SI_UNIT ( $, .RADIAN. ) );
#1158 = VERTEX_POINT ( 'NONE', #459 ) ;
#1159 =( NAMED_UNIT ( * ) PLANE_ANGLE_UNIT ( ) SI_UNIT ( $, .RADIAN. ) );
#1160 = VECTOR ( 'NONE', #1384, 39.37007874015748143 ) ;
#1161 = DIRECTION ( 'NONE',  ( -1.000000000000000000, 0.000000000000000000, 0.000000000000000000 ) ) ;
#1162 = MECHANICAL_DESIGN_GEOMETRIC_PRESENTATION_REPRESENTATION (  '', ( #227 ), #204 ) ;
#1163 = EDGE_LOOP ( 'NONE', ( #1536, #1507 ) ) ;
#1164 = MECHANICAL_DESIGN_GEOMETRIC_PRESENTATION_REPRESENTATION (  '', ( #1341 ), #881 ) ;
#1165 = COLOUR_RGB ( '',0.8588235294117646523, 0.8588235294117646523, 0.8588235294117646523 ) ;
#1166 = EDGE_CURVE ( 'NONE', #542, #819, #630, .T. ) ;
#1167 = FILL_AREA_STYLE_COLOUR ( '', #1599 ) ;
#1168 = UNCERTAINTY_MEASURE_WITH_UNIT (LENGTH_MEASURE( 1.000000000000000082E-05 ), #401, 'distance_accuracy_value', 'NONE');
#1169 = CARTESIAN_POINT ( 'NONE',  ( 5.375000000000048850, 4.852720937382291938E-14, 0.2500000000000000000 ) ) ;
#1170 = AXIS2_PLACEMENT_3D ( 'NONE', #1145, #541, #1062 ) ;
#1171 = EDGE_LOOP ( 'NONE', ( #1180, #396 ) ) ;
#1172 = CIRCLE ( 'NONE', #1326, 0.1125000000000000999 ) ;
#1173 = FILL_AREA_STYLE_COLOUR ( '', #848 ) ;
#1174 = PRESENTATION_LAYER_ASSIGNMENT (  '', '', ( #269 ) ) ;
#1175 = EDGE_CURVE ( 'NONE', #1060, #704, #1254, .T. ) ;
#1176 = CARTESIAN_POINT ( 'NONE',  ( -0.5000000000000099920, -2.375000000000000000, 0.000000000000000000 ) ) ;
#1177 = FILL_AREA_STYLE ('',( #1295 ) ) ;
#1178 = EDGE_LOOP ( 'NONE', ( #496, #326 ) ) ;
#1179 = SURFACE_STYLE_FILL_AREA ( #1297 ) ;
#1180 = ORIENTED_EDGE ( 'NONE', *, *, #329, .F. ) ;
#1181 = DIRECTION ( 'NONE',  ( -0.000000000000000000, -0.000000000000000000, -1.000000000000000000 ) ) ;
#1182 = CARTESIAN_POINT ( 'NONE',  ( 0.000000000000000000, 5.375000000000000888, 0.2500000000000000000 ) ) ;
#1183 = LENGTH_MEASURE_WITH_UNIT ( LENGTH_MEASURE( 0.02539999999999999897 ), #152 );
#1184 = ORIENTED_EDGE ( 'NONE', *, *, #1309, .T. ) ;
#1185 =( LENGTH_UNIT ( ) NAMED_UNIT ( * ) SI_UNIT ( $, .METRE. ) );
#1186 = DIRECTION ( 'NONE',  ( -0.000000000000000000, -0.000000000000000000, -1.000000000000000000 ) ) ;
#1187 = ORIENTED_EDGE ( 'NONE', *, *, #55, .F. ) ;
#1188 = PRESENTATION_LAYER_ASSIGNMENT (  '', '', ( #227 ) ) ;
#1189 = MECHANICAL_DESIGN_GEOMETRIC_PRESENTATION_REPRESENTATION (  '', ( #1260 ), #1285 ) ;
#1190 =( GEOMETRIC_REPRESENTATION_CONTEXT ( 3 ) GLOBAL_UNCERTAINTY_ASSIGNED_CONTEXT ( ( #772 ) ) GLOBAL_UNIT_ASSIGNED_CONTEXT ( ( #125, #798, #1500 ) ) REPRESENTATION_CONTEXT ( 'NONE', 'WORKASPACE' ) );
#1191 = FACE_BOUND ( 'NONE', #713, .T. ) ;
#1192 = DIRECTION ( 'NONE',  ( 0.000000000000000000, 0.000000000000000000, 1.000000000000000000 ) ) ;
#1193 = ORIENTED_EDGE ( 'NONE', *, *, #740, .T. ) ;
#1194 = CYLINDRICAL_SURFACE ( 'NONE', #1504, 0.1125000000000000999 ) ;
#1195 = SURFACE_STYLE_FILL_AREA ( #333 ) ;
#1196 = CARTESIAN_POINT ( 'NONE',  ( 0.1250000000000969780, -5.375000000000000888, 0.2500000000000000000 ) ) ;
#1197 = EDGE_CURVE ( 'NONE', #1283, #1032, #1633, .T. ) ;
#1198 = ORIENTED_EDGE ( 'NONE', *, *, #224, .F. ) ;
#1199 = AXIS2_PLACEMENT_3D ( 'NONE', #1252, #109, #1305 ) ;
#1200 = DIRECTION ( 'NONE',  ( -1.000000000000000000, 0.000000000000000000, 0.000000000000000000 ) ) ;
#1201 = DIRECTION ( 'NONE',  ( 0.000000000000000000, 0.000000000000000000, 1.000000000000000000 ) ) ;
#1202 = COLOUR_RGB ( '',0.8588235294117646523, 0.8588235294117646523, 0.8588235294117646523 ) ;
#1203 = ORIENTED_EDGE ( 'NONE', *, *, #404, .T. ) ;
#1204 = CARTESIAN_POINT ( 'NONE',  ( -0.6250000000000000000, 0.000000000000000000, 0.2500000000000000000 ) ) ;
#1205 = DIRECTION ( 'NONE',  ( 1.000000000000000000, 0.000000000000000000, 0.000000000000000000 ) ) ;
#1206 = UNCERTAINTY_MEASURE_WITH_UNIT (LENGTH_MEASURE( 1.000000000000000082E-05 ), #956, 'distance_accuracy_value', 'NONE');
#1207 = PRESENTATION_STYLE_ASSIGNMENT (( #202 ) ) ;
#1208 = ORIENTED_EDGE ( 'NONE', *, *, #148, .F. ) ;
#1209 = ADVANCED_FACE ( 'NONE', ( #1292 ), #632, .F. ) ;
#1210 = EDGE_LOOP ( 'NONE', ( #342, #1528 ) ) ;
#1211 = PLANE ( 'NONE',  #266 ) ;
#1212 = LINE ( 'NONE', #186, #1552 ) ;
#1213 = FILL_AREA_STYLE_COLOUR ( '', #1585 ) ;
#1214 = DIRECTION ( 'NONE',  ( -0.000000000000000000, -0.000000000000000000, -1.000000000000000000 ) ) ;
#1215 = EDGE_CURVE ( 'NONE', #1086, #1422, #133, .T. ) ;
#1216 = VECTOR ( 'NONE', #327, 39.37007874015748143 ) ;
#1217 = PRESENTATION_LAYER_ASSIGNMENT (  '', '', ( #288 ) ) ;
#1218 = ORIENTED_EDGE ( 'NONE', *, *, #350, .F. ) ;
#1219 = LINE ( 'NONE', #689, #489 ) ;
#1220 = UNCERTAINTY_MEASURE_WITH_UNIT (LENGTH_MEASURE( 1.000000000000000082E-05 ), #1453, 'distance_accuracy_value', 'NONE');
#1221 =( LENGTH_UNIT ( ) NAMED_UNIT ( * ) SI_UNIT ( $, .METRE. ) );
#1222 = LINE ( 'NONE', #84, #1463 ) ;
#1223 = CIRCLE ( 'NONE', #1034, 0.1125000000000000999 ) ;
#1224 = CIRCLE ( 'NONE', #1038, 0.5000000000001443290 ) ;
#1225 = EDGE_CURVE ( 'NONE', #573, #549, #642, .T. ) ;
#1226 = CARTESIAN_POINT ( 'NONE',  ( -0.1249999999999999306, 5.375000000000000888, 0.000000000000000000 ) ) ;
#1227 = FACE_OUTER_BOUND ( 'NONE', #146, .T. ) ;
#1228 = DIRECTION ( 'NONE',  ( 0.000000000000000000, 0.000000000000000000, 1.000000000000000000 ) ) ;
#1229 = FACE_BOUND ( 'NONE', #169, .T. ) ;
#1230 = EDGE_LOOP ( 'NONE', ( #1557, #1314, #698, #683 ) ) ;
#1231 = FILL_AREA_STYLE ('',( #246 ) ) ;
#1232 = EDGE_CURVE ( 'NONE', #304, #828, #380, .T. ) ;
#1233 = PRODUCT_DEFINITION_SHAPE ( 'NONE', 'NONE',  #1455 ) ;
#1234 = DIRECTION ( 'NONE',  ( -1.000000000000000000, 0.000000000000000000, 0.000000000000000000 ) ) ;
#1235 = ORIENTED_EDGE ( 'NONE', *, *, #1111, .T. ) ;
#1236 = SURFACE_SIDE_STYLE ('',( #975 ) ) ;
#1237 = CARTESIAN_POINT ( 'NONE',  ( -1.077499999999999902, 1.829999999999999849, 0.000000000000000000 ) ) ;
#1238 = AXIS2_PLACEMENT_3D ( 'NONE', #696, #160, #1200 ) ;
#1239 = PRESENTATION_LAYER_ASSIGNMENT (  '', '', ( #315 ) ) ;
#1240 = EDGE_CURVE ( 'NONE', #640, #1510, #1027, .T. ) ;
#1241 =( NAMED_UNIT ( * ) SI_UNIT ( $, .STERADIAN. ) SOLID_ANGLE_UNIT ( ) );
#1242 = CARTESIAN_POINT ( 'NONE',  ( -0.5000000000000000000, 2.375000000000000000, 0.000000000000000000 ) ) ;
#1243 = LENGTH_MEASURE_WITH_UNIT ( LENGTH_MEASURE( 0.02539999999999999897 ), #230 );
#1244 = DIRECTION ( 'NONE',  ( 1.000000000000000000, 0.000000000000000000, 0.000000000000000000 ) ) ;
#1245 = FILL_AREA_STYLE_COLOUR ( '', #839 ) ;
#1246 = CARTESIAN_POINT ( 'NONE',  ( 1.344214125648240244E-13, -2.375000000000000000, 0.2500000000000000000 ) ) ;
#1247 =( NAMED_UNIT ( * ) PLANE_ANGLE_UNIT ( ) SI_UNIT ( $, .RADIAN. ) );
#1248 = DIRECTION ( 'NONE',  ( 1.000000000000000000, 0.000000000000000000, 0.000000000000000000 ) ) ;
#1249 = FACE_OUTER_BOUND ( 'NONE', #1399, .T. ) ;
#1250 = DIRECTION ( 'NONE',  ( 0.000000000000000000, 0.000000000000000000, 1.000000000000000000 ) ) ;
#1251 = SURFACE_STYLE_FILL_AREA ( #639 ) ;
#1252 = CARTESIAN_POINT ( 'NONE',  ( 5.375000000000048850, 4.852720937382291938E-14, 0.2500000000000000000 ) ) ;
#1253 = ORIENTED_EDGE ( 'NONE', *, *, #1078, .F. ) ;
#1254 = LINE ( 'NONE', #906, #1547 ) ;
#1255 = EDGE_CURVE ( 'NONE', #1588, #310, #1595, .T. ) ;
#1256 = CARTESIAN_POINT ( 'NONE',  ( -2.374999999999932943, -6.750155989720951766E-14, 0.2500000000000000000 ) ) ;
#1257 =( NAMED_UNIT ( * ) PLANE_ANGLE_UNIT ( ) SI_UNIT ( $, .RADIAN. ) );
#1258 = CIRCLE ( 'NONE', #880, 0.5000000000001443290 ) ;
#1259 = ORIENTED_EDGE ( 'NONE', *, *, #576, .F. ) ;
#1260 = STYLED_ITEM ( 'NONE', ( #370 ), #1209 ) ;
#1261 = AXIS2_PLACEMENT_3D ( 'NONE', #1256, #244, #655 ) ;
#1262 = SURFACE_STYLE_FILL_AREA ( #354 ) ;
#1263 = ORIENTED_EDGE ( 'NONE', *, *, #623, .T. ) ;
#1264 = VECTOR ( 'NONE', #897, 39.37007874015748143 ) ;
#1265 =( CONVERSION_BASED_UNIT ( 'INCH', #787 ) LENGTH_UNIT ( ) NAMED_UNIT ( #318 ) );
#1266 = DIRECTION ( 'NONE',  ( 0.000000000000000000, 0.000000000000000000, 1.000000000000000000 ) ) ;
#1267 = ADVANCED_FACE ( 'NONE', ( #796 ), #250, .F. ) ;
#1268 = ORIENTED_EDGE ( 'NONE', *, *, #1572, .F. ) ;
#1269 = SURFACE_STYLE_FILL_AREA ( #1043 ) ;
#1270 = AXIS2_PLACEMENT_3D ( 'NONE', #1337, #994, #987 ) ;
#1271 = AXIS2_PLACEMENT_3D ( 'NONE', #1082, #462, #715 ) ;
#1272 = ORIENTED_EDGE ( 'NONE', *, *, #267, .F. ) ;
#1273 = AXIS2_PLACEMENT_3D ( 'NONE', #392, #636, #901 ) ;
#1274 = AXIS2_PLACEMENT_3D ( 'NONE', #1429, #325, #317 ) ;
#1275 = FILL_AREA_STYLE ('',( #1155 ) ) ;
#1276 = PRESENTATION_LAYER_ASSIGNMENT (  '', '', ( #352 ) ) ;
#1277 =( NAMED_UNIT ( * ) SI_UNIT ( $, .STERADIAN. ) SOLID_ANGLE_UNIT ( ) );
#1278 = DIMENSIONAL_EXPONENTS ( 1.000000000000000000, 0.000000000000000000, 0.000000000000000000, 0.000000000000000000, 0.000000000000000000, 0.000000000000000000, 0.000000000000000000 ) ;
#1279 = LENGTH_MEASURE_WITH_UNIT ( LENGTH_MEASURE( 0.02539999999999999897 ), #1023 );
#1280 = UNCERTAINTY_MEASURE_WITH_UNIT (LENGTH_MEASURE( 1.000000000000000082E-05 ), #802, 'distance_accuracy_value', 'NONE');
#1281 = EDGE_CURVE ( 'NONE', #1076, #198, #712, .T. ) ;
#1282 = ORIENTED_EDGE ( 'NONE', *, *, #292, .F. ) ;
#1283 = VERTEX_POINT ( 'NONE', #574 ) ;
#1284 =( NAMED_UNIT ( * ) SI_UNIT ( $, .STERADIAN. ) SOLID_ANGLE_UNIT ( ) );
#1285 =( GEOMETRIC_REPRESENTATION_CONTEXT ( 3 ) GLOBAL_UNCERTAINTY_ASSIGNED_CONTEXT ( ( #398 ) ) GLOBAL_UNIT_ASSIGNED_CONTEXT ( ( #893, #261, #920 ) ) REPRESENTATION_CONTEXT ( 'NONE', 'WORKASPACE' ) );
#1286 = CARTESIAN_POINT ( 'NONE',  ( 0.5000000000000000000, 2.375000000000000000, 0.2500000000000000000 ) ) ;
#1287 = STYLED_ITEM ( 'NONE', ( #531 ), #553 ) ;
#1288 = DIMENSIONAL_EXPONENTS ( 1.000000000000000000, 0.000000000000000000, 0.000000000000000000, 0.000000000000000000, 0.000000000000000000, 0.000000000000000000, 0.000000000000000000 ) ;
#1289 = ORIENTED_EDGE ( 'NONE', *, *, #859, .F. ) ;
#1290 = EDGE_CURVE ( 'NONE', #1283, #1011, #1345, .T. ) ;
#1291 = AXIS2_PLACEMENT_3D ( 'NONE', #465, #420, #1358 ) ;
#1292 = FACE_OUTER_BOUND ( 'NONE', #995, .T. ) ;
#1293 = PRESENTATION_LAYER_ASSIGNMENT (  '', '', ( #1004 ) ) ;
#1294 = DIRECTION ( 'NONE',  ( -1.000000000000000000, 0.000000000000000000, 0.000000000000000000 ) ) ;
#1295 = FILL_AREA_STYLE_COLOUR ( '', #617 ) ;
#1296 = ORIENTED_EDGE ( 'NONE', *, *, #1437, .T. ) ;
#1297 = FILL_AREA_STYLE ('',( #425 ) ) ;
#1298 = PRESENTATION_STYLE_ASSIGNMENT (( #658 ) ) ;
#1299 = PRESENTATION_LAYER_ASSIGNMENT (  '', '', ( #369 ) ) ;
#1300 = EDGE_LOOP ( 'NONE', ( #789, #1128, #1022, #1430 ) ) ;
#1301 =( LENGTH_UNIT ( ) NAMED_UNIT ( * ) SI_UNIT ( $, .METRE. ) );
#1302 = CIRCLE ( 'NONE', #1274, 5.750000000000000000 ) ;
#1303 = CARTESIAN_POINT ( 'NONE',  ( 2.375000000000067057, 6.721070628241202484E-14, 0.000000000000000000 ) ) ;
#1304 = EDGE_LOOP ( 'NONE', ( #260, #1324, #86, #1048 ) ) ;
#1305 = DIRECTION ( 'NONE',  ( -1.000000000000000000, 0.000000000000000000, 0.000000000000000000 ) ) ;
#1306 = ORIENTED_EDGE ( 'NONE', *, *, #176, .T. ) ;
#1307 = DIRECTION ( 'NONE',  ( -0.000000000000000000, -0.000000000000000000, -1.000000000000000000 ) ) ;
#1308 = CARTESIAN_POINT ( 'NONE',  ( -5.249999999999952038, -4.917014894337527260E-14, 0.2500000000000000000 ) ) ;
#1309 = EDGE_CURVE ( 'NONE', #1076, #819, #170, .T. ) ;
#1310 = DIMENSIONAL_EXPONENTS ( 1.000000000000000000, 0.000000000000000000, 0.000000000000000000, 0.000000000000000000, 0.000000000000000000, 0.000000000000000000, 0.000000000000000000 ) ;
#1311 = ORIENTED_EDGE ( 'NONE', *, *, #1281, .T. ) ;
#1312 = CARTESIAN_POINT ( 'NONE',  ( 0.1249999999999999306, 5.375000000000000888, 0.2500000000000000000 ) ) ;
#1313 = DIRECTION ( 'NONE',  ( -1.000000000000000000, 0.000000000000000000, 0.000000000000000000 ) ) ;
#1314 = ORIENTED_EDGE ( 'NONE', *, *, #841, .T. ) ;
#1315 = MECHANICAL_DESIGN_GEOMETRIC_PRESENTATION_REPRESENTATION (  '', ( #1388 ), #311 ) ;
#1316 = LENGTH_MEASURE_WITH_UNIT ( LENGTH_MEASURE( 0.02539999999999999897 ), #1301 );
#1317 = DIRECTION ( 'NONE',  ( 1.000000000000000000, 0.000000000000000000, 0.000000000000000000 ) ) ;
#1318 = DIRECTION ( 'NONE',  ( 1.000000000000000000, 0.000000000000000000, 0.000000000000000000 ) ) ;
#1319 = ORIENTED_EDGE ( 'NONE', *, *, #1437, .F. ) ;
#1320 = DIRECTION ( 'NONE',  ( -0.000000000000000000, -0.000000000000000000, -1.000000000000000000 ) ) ;
#1321 = EDGE_CURVE ( 'NONE', #1530, #49, #295, .T. ) ;
#1322 = DIRECTION ( 'NONE',  ( -0.000000000000000000, -0.000000000000000000, -1.000000000000000000 ) ) ;
#1323 = DIMENSIONAL_EXPONENTS ( 1.000000000000000000, 0.000000000000000000, 0.000000000000000000, 0.000000000000000000, 0.000000000000000000, 0.000000000000000000, 0.000000000000000000 ) ;
#1324 = ORIENTED_EDGE ( 'NONE', *, *, #1572, .T. ) ;
#1325 = PRESENTATION_STYLE_ASSIGNMENT (( #1046 ) ) ;
#1326 = AXIS2_PLACEMENT_3D ( 'NONE', #1484, #1492, #1105 ) ;
#1327 = ORIENTED_EDGE ( 'NONE', *, *, #953, .F. ) ;
#1328 = CARTESIAN_POINT ( 'NONE',  ( 1.875000000000014655, 6.721070628241202484E-14, 0.2500000000000000000 ) ) ;
#1329 = DIRECTION ( 'NONE',  ( 0.000000000000000000, 0.000000000000000000, 1.000000000000000000 ) ) ;
#1330 = UNCERTAINTY_MEASURE_WITH_UNIT (LENGTH_MEASURE( 1.000000000000000082E-05 ), #466, 'distance_accuracy_value', 'NONE');
#1331 = ADVANCED_FACE ( 'NONE', ( #1540 ), #566, .F. ) ;
#1332 =( LENGTH_UNIT ( ) NAMED_UNIT ( * ) SI_UNIT ( $, .METRE. ) );
#1333 = ORIENTED_EDGE ( 'NONE', *, *, #1321, .F. ) ;
#1334 = DIRECTION ( 'NONE',  ( 0.000000000000000000, 0.000000000000000000, 1.000000000000000000 ) ) ;
#1335 =( NAMED_UNIT ( * ) SI_UNIT ( $, .STERADIAN. ) SOLID_ANGLE_UNIT ( ) );
#1336 = FILL_AREA_STYLE ('',( #949 ) ) ;
#1337 = CARTESIAN_POINT ( 'NONE',  ( 0.000000000000000000, 0.000000000000000000, 0.000000000000000000 ) ) ;
#1338 = EDGE_CURVE ( 'NONE', #1060, #1153, #806, .T. ) ;
#1339 = CIRCLE ( 'NONE', #1443, 0.1249999999999999306 ) ;
#1340 = DIRECTION ( 'NONE',  ( 0.000000000000000000, 0.000000000000000000, 1.000000000000000000 ) ) ;
#1341 = STYLED_ITEM ( 'NONE', ( #1079 ), #188 ) ;
#1342 = AXIS2_PLACEMENT_3D ( 'NONE', #426, #511, #15 ) ;
#1343 = EDGE_LOOP ( 'NONE', ( #774, #963, #950, #1150 ) ) ;
#1344 =( NAMED_UNIT ( * ) PLANE_ANGLE_UNIT ( ) SI_UNIT ( $, .RADIAN. ) );
#1345 = CIRCLE ( 'NONE', #11, 0.1125000000000000999 ) ;
#1346 = MECHANICAL_DESIGN_GEOMETRIC_PRESENTATION_REPRESENTATION (  '', ( #666 ), #416 ) ;
#1347 = UNCERTAINTY_MEASURE_WITH_UNIT (LENGTH_MEASURE( 1.000000000000000082E-05 ), #861, 'distance_accuracy_value', 'NONE');
#1348 = DIRECTION ( 'NONE',  ( -0.000000000000000000, -0.000000000000000000, -1.000000000000000000 ) ) ;
#1349 =( CONVERSION_BASED_UNIT ( 'INCH', #1571 ) LENGTH_UNIT ( ) NAMED_UNIT ( #163 ) );
#1350 = SURFACE_SIDE_STYLE ('',( #846 ) ) ;
#1351 = CARTESIAN_POINT ( 'NONE',  ( -1.302500000000000213, 1.829999999999999849, 0.2500000000000000000 ) ) ;
#1352 = ORIENTED_EDGE ( 'NONE', *, *, #503, .F. ) ;
#1353 = CARTESIAN_POINT ( 'NONE',  ( 0.000000000000000000, 2.375000000000000000, 0.000000000000000000 ) ) ;
#1354 = VECTOR ( 'NONE', #1490, 39.37007874015748143 ) ;
#1355 = SURFACE_STYLE_FILL_AREA ( #1114 ) ;
#1356 = MECHANICAL_DESIGN_GEOMETRIC_PRESENTATION_REPRESENTATION (  '', ( #128 ), #562 ) ;
#1357 = CIRCLE ( 'NONE', #650, 0.1125000000000000999 ) ;
#1358 = DIRECTION ( 'NONE',  ( 1.000000000000000000, 0.000000000000000000, 0.000000000000000000 ) ) ;
#1359 = DIRECTION ( 'NONE',  ( -0.000000000000000000, -0.000000000000000000, -1.000000000000000000 ) ) ;
#1360 = CARTESIAN_POINT ( 'NONE',  ( 0.000000000000000000, 2.375000000000000000, 0.000000000000000000 ) ) ;
#1361 = DIRECTION ( 'NONE',  ( -0.000000000000000000, -0.000000000000000000, -1.000000000000000000 ) ) ;
#1362 = DIRECTION ( 'NONE',  ( 1.000000000000000000, 0.000000000000000000, 0.000000000000000000 ) ) ;
#1363 = EDGE_CURVE ( 'NONE', #1086, #573, #1223, .T. ) ;
#1364 =( NAMED_UNIT ( * ) PLANE_ANGLE_UNIT ( ) SI_UNIT ( $, .RADIAN. ) );
#1365 = FILL_AREA_STYLE ('',( #873 ) ) ;
#1366 =( LENGTH_UNIT ( ) NAMED_UNIT ( * ) SI_UNIT ( $, .METRE. ) );
#1367 = CIRCLE ( 'NONE', #662, 0.1125000000000000999 ) ;
#1368 = DIRECTION ( 'NONE',  ( 0.000000000000000000, 0.000000000000000000, 1.000000000000000000 ) ) ;
#1369 = MECHANICAL_DESIGN_GEOMETRIC_PRESENTATION_REPRESENTATION (  '', ( #288 ), #801 ) ;
#1370 = CARTESIAN_POINT ( 'NONE',  ( 5.250000000000047962, 4.852720937382291938E-14, 0.2500000000000000000 ) ) ;
#1371 = VECTOR ( 'NONE', #1640, 39.37007874015748143 ) ;
#1372 = ORIENTED_EDGE ( 'NONE', *, *, #1482, .F. ) ;
#1373 =( NAMED_UNIT ( * ) PLANE_ANGLE_UNIT ( ) SI_UNIT ( $, .RADIAN. ) );
#1374 = DIRECTION ( 'NONE',  ( -0.000000000000000000, -0.000000000000000000, -1.000000000000000000 ) ) ;
#1375 = CIRCLE ( 'NONE', #913, 0.1249999999999999306 ) ;
#1376 = CARTESIAN_POINT ( 'NONE',  ( 0.5000000000002787770, -2.375000000000000000, 0.2500000000000000000 ) ) ;
#1377 =( NAMED_UNIT ( * ) SI_UNIT ( $, .STERADIAN. ) SOLID_ANGLE_UNIT ( ) );
#1378 = ORIENTED_EDGE ( 'NONE', *, *, #1290, .F. ) ;
#1379 = ADVANCED_FACE ( 'NONE', ( #1444 ), #316, .F. ) ;
#1380 = SURFACE_SIDE_STYLE ('',( #1624 ) ) ;
#1381 =( LENGTH_UNIT ( ) NAMED_UNIT ( * ) SI_UNIT ( $, .METRE. ) );
#1382 = PRESENTATION_STYLE_ASSIGNMENT (( #1126 ) ) ;
#1383 = ORIENTED_EDGE ( 'NONE', *, *, #652, .F. ) ;
#1384 = DIRECTION ( 'NONE',  ( -0.000000000000000000, -0.000000000000000000, -1.000000000000000000 ) ) ;
#1385 =( CONVERSION_BASED_UNIT ( 'INCH', #1138 ) LENGTH_UNIT ( ) NAMED_UNIT ( #827 ) );
#1386 = FILL_AREA_STYLE ('',( #1139 ) ) ;
#1387 = PRESENTATION_STYLE_ASSIGNMENT (( #1059 ) ) ;
#1388 = STYLED_ITEM ( 'NONE', ( #820 ), #583 ) ;
#1389 = ORIENTED_EDGE ( 'NONE', *, *, #1020, .T. ) ;
#1390 = DIRECTION ( 'NONE',  ( -1.000000000000000000, 0.000000000000000000, 0.000000000000000000 ) ) ;
#1391 = VECTOR ( 'NONE', #1424, 39.37007874015748143 ) ;
#1392 =( LENGTH_UNIT ( ) NAMED_UNIT ( * ) SI_UNIT ( $, .METRE. ) );
#1393 = FACE_OUTER_BOUND ( 'NONE', #378, .T. ) ;
#1394 = ORIENTED_EDGE ( 'NONE', *, *, #781, .T. ) ;
#1395 = DIRECTION ( 'NONE',  ( -1.000000000000000000, 0.000000000000000000, 0.000000000000000000 ) ) ;
#1396 = FACE_OUTER_BOUND ( 'NONE', #1623, .T. ) ;
#1397 = LINE ( 'NONE', #500, #751 ) ;
#1398 = ADVANCED_FACE ( 'NONE', ( #360 ), #454, .F. ) ;
#1399 = EDGE_LOOP ( 'NONE', ( #723, #834, #221, #1253 ) ) ;
#1400 = AXIS2_PLACEMENT_3D ( 'NONE', #824, #695, #62 ) ;
#1401 =( GEOMETRIC_REPRESENTATION_CONTEXT ( 3 ) GLOBAL_UNCERTAINTY_ASSIGNED_CONTEXT ( ( #463 ) ) GLOBAL_UNIT_ASSIGNED_CONTEXT ( ( #79, #1140, #117 ) ) REPRESENTATION_CONTEXT ( 'NONE', 'WORKASPACE' ) );
#1402 = FILL_AREA_STYLE ('',( #933 ) ) ;
#1403 = ORIENTED_EDGE ( 'NONE', *, *, #1232, .F. ) ;
#1404 = STYLED_ITEM ( 'NONE', ( #409 ), #916 ) ;
#1405 = SURFACE_SIDE_STYLE ('',( #1137 ) ) ;
#1406 = SURFACE_STYLE_FILL_AREA ( #528 ) ;
#1407 = COLOUR_RGB ( '',0.8588235294117646523, 0.8588235294117646523, 0.8588235294117646523 ) ;
#1408 = ORIENTED_EDGE ( 'NONE', *, *, #1281, .F. ) ;
#1409 = EDGE_CURVE ( 'NONE', #1510, #638, #748, .T. ) ;
#1410 = UNCERTAINTY_MEASURE_WITH_UNIT (LENGTH_MEASURE( 1.000000000000000082E-05 ), #482, 'distance_accuracy_value', 'NONE');
#1411 =( CONVERSION_BASED_UNIT ( 'INCH', #290 ) LENGTH_UNIT ( ) NAMED_UNIT ( #682 ) );
#1412 = EDGE_LOOP ( 'NONE', ( #1435, #837 ) ) ;
#1413 = SURFACE_SIDE_STYLE ('',( #1527 ) ) ;
#1414 = ORIENTED_EDGE ( 'NONE', *, *, #477, .F. ) ;
#1415 = CARTESIAN_POINT ( 'NONE',  ( 1.302500000000000213, -0.6700000000000002620, 0.2500000000000000000 ) ) ;
#1416 = AXIS2_PLACEMENT_3D ( 'NONE', #1613, #349, #1248 ) ;
#1417 = CIRCLE ( 'NONE', #717, 0.6250000000000000000 ) ;
#1418 = ORIENTED_EDGE ( 'NONE', *, *, #702, .F. ) ;
#1419 = CARTESIAN_POINT ( 'NONE',  ( -1.189999999999999947, -0.6700000000000002620, 0.2500000000000000000 ) ) ;
#1420 = PRESENTATION_LAYER_ASSIGNMENT (  '', '', ( #1108 ) ) ;
#1421 = FACE_BOUND ( 'NONE', #1467, .T. ) ;
#1422 = VERTEX_POINT ( 'NONE', #1481 ) ;
#1423 = UNCERTAINTY_MEASURE_WITH_UNIT (LENGTH_MEASURE( 1.000000000000000082E-05 ), #968, 'distance_accuracy_value', 'NONE');
#1424 = DIRECTION ( 'NONE',  ( -0.000000000000000000, -0.000000000000000000, -1.000000000000000000 ) ) ;
#1425 = PRESENTATION_LAYER_ASSIGNMENT (  '', '', ( #1115 ) ) ;
#1426 = EDGE_LOOP ( 'NONE', ( #1513, #286, #214, #534 ) ) ;
#1427 = SURFACE_SIDE_STYLE ('',( #936 ) ) ;
#1428 = ADVANCED_FACE ( 'NONE', ( #355 ), #613, .F. ) ;
#1429 = CARTESIAN_POINT ( 'NONE',  ( 0.000000000000000000, 0.000000000000000000, 0.2500000000000000000 ) ) ;
#1430 = ORIENTED_EDGE ( 'NONE', *, *, #616, .F. ) ;
#1431 = CARTESIAN_POINT ( 'NONE',  ( -1.189999999999999947, -0.6700000000000002620, 0.2500000000000000000 ) ) ;
#1432 = CARTESIAN_POINT ( 'NONE',  ( -0.6250000000000000000, 0.000000000000000000, 0.000000000000000000 ) ) ;
#1433 = CARTESIAN_POINT ( 'NONE',  ( -0.1249999999999028832, -5.375000000000000888, 0.2500000000000000000 ) ) ;
#1434 = DIMENSIONAL_EXPONENTS ( 1.000000000000000000, 0.000000000000000000, 0.000000000000000000, 0.000000000000000000, 0.000000000000000000, 0.000000000000000000, 0.000000000000000000 ) ;
#1435 = ORIENTED_EDGE ( 'NONE', *, *, #945, .T. ) ;
#1436 = CARTESIAN_POINT ( 'NONE',  ( -5.499999999999952927, -4.918545702836461765E-14, 0.2500000000000000000 ) ) ;
#1437 = EDGE_CURVE ( 'NONE', #460, #134, #891, .T. ) ;
#1438 = EDGE_LOOP ( 'NONE', ( #908, #1378 ) ) ;
#1439 = DIRECTION ( 'NONE',  ( -0.000000000000000000, -0.000000000000000000, -1.000000000000000000 ) ) ;
#1440 = UNCERTAINTY_MEASURE_WITH_UNIT (LENGTH_MEASURE( 1.000000000000000082E-05 ), #1100, 'distance_accuracy_value', 'NONE');
#1441 = SURFACE_STYLE_FILL_AREA ( #1336 ) ;
#1442 = ORIENTED_EDGE ( 'NONE', *, *, #945, .F. ) ;
#1443 = AXIS2_PLACEMENT_3D ( 'NONE', #1448, #1061, #424 ) ;
#1444 = FACE_OUTER_BOUND ( 'NONE', #210, .T. ) ;
#1445 = AXIS2_PLACEMENT_3D ( 'NONE', #96, #997, #592 ) ;
#1446 =( NAMED_UNIT ( * ) SI_UNIT ( $, .STERADIAN. ) SOLID_ANGLE_UNIT ( ) );
#1447 = EDGE_LOOP ( 'NONE', ( #118, #1641, #400, #608 ) ) ;
#1448 = CARTESIAN_POINT ( 'NONE',  ( 9.705441874764581352E-14, -5.375000000000000888, 0.2500000000000000000 ) ) ;
#1449 = EDGE_CURVE ( 'NONE', #1011, #1283, #557, .T. ) ;
#1450 = DIRECTION ( 'NONE',  ( -1.000000000000000000, 0.000000000000000000, 0.000000000000000000 ) ) ;
#1451 = DIRECTION ( 'NONE',  ( -1.000000000000000000, 0.000000000000000000, 0.000000000000000000 ) ) ;
#1452 = ORIENTED_EDGE ( 'NONE', *, *, #514, .F. ) ;
#1453 =( CONVERSION_BASED_UNIT ( 'INCH', #184 ) LENGTH_UNIT ( ) NAMED_UNIT ( #3 ) );
#1454 = SURFACE_SIDE_STYLE ('',( #1195 ) ) ;
#1455 = PRODUCT_DEFINITION ( 'General', '', #347, #1033 ) ;
#1456 = LENGTH_MEASURE_WITH_UNIT ( LENGTH_MEASURE( 0.02539999999999999897 ), #1221 );
#1457 = SURFACE_STYLE_USAGE ( .BOTH. , #455 ) ;
#1458 = SURFACE_SIDE_STYLE ('',( #479 ) ) ;
#1459 = DIRECTION ( 'NONE',  ( 0.000000000000000000, 0.000000000000000000, 1.000000000000000000 ) ) ;
#1460 = CYLINDRICAL_SURFACE ( 'NONE', #580, 0.5000000000000526246 ) ;
#1461 = SURFACE_STYLE_USAGE ( .BOTH. , #1350 ) ;
#1462 = CIRCLE ( 'NONE', #1491, 0.1249999999999999306 ) ;
#1463 = VECTOR ( 'NONE', #988, 39.37007874015748143 ) ;
#1464 = DIRECTION ( 'NONE',  ( -0.000000000000000000, -0.000000000000000000, -1.000000000000000000 ) ) ;
#1465 = AXIS2_PLACEMENT_3D ( 'NONE', #1, #921, #1294 ) ;
#1466 = PRESENTATION_LAYER_ASSIGNMENT (  '', '', ( #1136 ) ) ;
#1467 = EDGE_LOOP ( 'NONE', ( #1218, #946 ) ) ;
#1468 = CARTESIAN_POINT ( 'NONE',  ( 2.375000000000067057, 6.721070628241202484E-14, 0.2500000000000000000 ) ) ;
#1469 = SURFACE_STYLE_USAGE ( .BOTH. , #1454 ) ;
#1470 = AXIS2_PLACEMENT_3D ( 'NONE', #223, #1485, #472 ) ;
#1471 = SURFACE_STYLE_USAGE ( .BOTH. , #1617 ) ;
#1472 = CARTESIAN_POINT ( 'NONE',  ( 0.000000000000000000, 0.000000000000000000, 0.2500000000000000000 ) ) ;
#1473 = MECHANICAL_DESIGN_GEOMETRIC_PRESENTATION_REPRESENTATION (  '', ( #369 ), #262 ) ;
#1474 = EDGE_CURVE ( 'NONE', #189, #110, #121, .T. ) ;
#1475 = PRESENTATION_LAYER_ASSIGNMENT (  '', '', ( #1117 ) ) ;
#1476 = EDGE_LOOP ( 'NONE', ( #1383, #1268 ) ) ;
#1477 =( NAMED_UNIT ( * ) SI_UNIT ( $, .STERADIAN. ) SOLID_ANGLE_UNIT ( ) );
#1478 = VECTOR ( 'NONE', #106, 39.37007874015748143 ) ;
#1479 = CIRCLE ( 'NONE', #782, 0.1250000000000004441 ) ;
#1480 = CARTESIAN_POINT ( 'NONE',  ( 0.000000000000000000, 5.375000000000000888, 0.2500000000000000000 ) ) ;
#1481 = CARTESIAN_POINT ( 'NONE',  ( 1.077500000000000124, -0.6700000000000002620, 0.000000000000000000 ) ) ;
#1482 = EDGE_CURVE ( 'NONE', #389, #40, #821, .T. ) ;
#1483 = DIRECTION ( 'NONE',  ( 0.000000000000000000, 0.000000000000000000, 1.000000000000000000 ) ) ;
#1484 = CARTESIAN_POINT ( 'NONE',  ( -1.189999999999999947, 1.829999999999999849, 0.2500000000000000000 ) ) ;
#1485 = DIRECTION ( 'NONE',  ( 0.000000000000000000, 0.000000000000000000, 1.000000000000000000 ) ) ;
#1486 = CARTESIAN_POINT ( 'NONE',  ( 0.000000000000000000, 0.000000000000000000, 0.000000000000000000 ) ) ;
#1487 =( LENGTH_UNIT ( ) NAMED_UNIT ( * ) SI_UNIT ( $, .METRE. ) );
#1488 = CARTESIAN_POINT ( 'NONE',  ( 0.000000000000000000, 5.375000000000000888, 0.2500000000000000000 ) ) ;
#1489 = DIRECTION ( 'NONE',  ( -0.000000000000000000, -0.000000000000000000, -1.000000000000000000 ) ) ;
#1490 = DIRECTION ( 'NONE',  ( -0.000000000000000000, -0.000000000000000000, -1.000000000000000000 ) ) ;
#1491 = AXIS2_PLACEMENT_3D ( 'NONE', #14, #520, #1519 ) ;
#1492 = DIRECTION ( 'NONE',  ( 0.000000000000000000, 0.000000000000000000, 1.000000000000000000 ) ) ;
#1493 = AXIS2_PLACEMENT_3D ( 'NONE', #735, #537, #594 ) ;
#1494 = MECHANICAL_DESIGN_GEOMETRIC_PRESENTATION_REPRESENTATION (  '', ( #1136 ), #633 ) ;
#1495 = ADVANCED_FACE ( 'NONE', ( #903 ), #1631, .F. ) ;
#1496 = DIRECTION ( 'NONE',  ( 0.000000000000000000, 0.000000000000000000, 1.000000000000000000 ) ) ;
#1497 = CARTESIAN_POINT ( 'NONE',  ( 1.189999999999999947, -0.6700000000000002620, 0.2500000000000000000 ) ) ;
#1498 = FILL_AREA_STYLE ('',( #1173 ) ) ;
#1499 = COLOUR_RGB ( '',0.8588235294117646523, 0.8588235294117646523, 0.8588235294117646523 ) ;
#1500 =( NAMED_UNIT ( * ) SI_UNIT ( $, .STERADIAN. ) SOLID_ANGLE_UNIT ( ) );
#1501 = DIRECTION ( 'NONE',  ( 1.000000000000000000, 0.000000000000000000, 0.000000000000000000 ) ) ;
#1502 = MECHANICAL_DESIGN_GEOMETRIC_PRESENTATION_REPRESENTATION (  '', ( #527 ), #937 ) ;
#1503 = CARTESIAN_POINT ( 'NONE',  ( 2.375000000000067057, 6.721070628241202484E-14, 0.2500000000000000000 ) ) ;
#1504 = AXIS2_PLACEMENT_3D ( 'NONE', #491, #1361, #998 ) ;
#1505 = DIRECTION ( 'NONE',  ( 0.000000000000000000, 0.000000000000000000, 1.000000000000000000 ) ) ;
#1506 = CYLINDRICAL_SURFACE ( 'NONE', #156, 0.1249999999999999306 ) ;
#1507 = ORIENTED_EDGE ( 'NONE', *, *, #576, .T. ) ;
#1508 = VECTOR ( 'NONE', #697, 39.37007874015748143 ) ;
#1509 = SURFACE_STYLE_FILL_AREA ( #1275 ) ;
#1510 = VERTEX_POINT ( 'NONE', #1432 ) ;
#1511 = SURFACE_STYLE_FILL_AREA ( #277 ) ;
#1512 =( NAMED_UNIT ( * ) PLANE_ANGLE_UNIT ( ) SI_UNIT ( $, .RADIAN. ) );
#1513 = ORIENTED_EDGE ( 'NONE', *, *, #1338, .T. ) ;
#1514 = ADVANCED_FACE ( 'NONE', ( #1393 ), #1506, .F. ) ;
#1515 = DIRECTION ( 'NONE',  ( 0.000000000000000000, 0.000000000000000000, 1.000000000000000000 ) ) ;
#1516 = APPLICATION_PROTOCOL_DEFINITION ( 'draft international standard', 'automotive_design', 1998, #599 ) ;
#1517 = PRESENTATION_LAYER_ASSIGNMENT (  '', '', ( #1104 ) ) ;
#1518 = ORIENTED_EDGE ( 'NONE', *, *, #907, .F. ) ;
#1519 = DIRECTION ( 'NONE',  ( 1.000000000000000000, 0.000000000000000000, 0.000000000000000000 ) ) ;
#1520 = PRESENTATION_LAYER_ASSIGNMENT (  '', '', ( #116 ) ) ;
#1521 = AXIS2_PLACEMENT_3D ( 'NONE', #1486, #1496, #1639 ) ;
#1522 = ORIENTED_EDGE ( 'NONE', *, *, #1122, .T. ) ;
#1523 = FILL_AREA_STYLE ('',( #524 ) ) ;
#1524 = DIMENSIONAL_EXPONENTS ( 1.000000000000000000, 0.000000000000000000, 0.000000000000000000, 0.000000000000000000, 0.000000000000000000, 0.000000000000000000, 0.000000000000000000 ) ;
#1525 = EDGE_CURVE ( 'NONE', #29, #122, #498, .T. ) ;
#1526 = CARTESIAN_POINT ( 'NONE',  ( -5.750000000000000000, 0.000000000000000000, 0.2500000000000000000 ) ) ;
#1527 = SURFACE_STYLE_FILL_AREA ( #1386 ) ;
#1528 = ORIENTED_EDGE ( 'NONE', *, *, #616, .T. ) ;
#1529 = VECTOR ( 'NONE', #1374, 39.37007874015748143 ) ;
#1530 = VERTEX_POINT ( 'NONE', #700 ) ;
#1531 = PRESENTATION_LAYER_ASSIGNMENT (  '', '', ( #729 ) ) ;
#1532 = PRESENTATION_STYLE_ASSIGNMENT (( #785 ) ) ;
#1533 = PRESENTATION_STYLE_ASSIGNMENT (( #786 ) ) ;
#1534 = CARTESIAN_POINT ( 'NONE',  ( 9.705441874764581352E-14, -5.375000000000000888, 0.000000000000000000 ) ) ;
#1535 = DIMENSIONAL_EXPONENTS ( 1.000000000000000000, 0.000000000000000000, 0.000000000000000000, 0.000000000000000000, 0.000000000000000000, 0.000000000000000000, 0.000000000000000000 ) ;
#1536 = ORIENTED_EDGE ( 'NONE', *, *, #477, .T. ) ;
#1537 = CARTESIAN_POINT ( 'NONE',  ( 1.344214125648240244E-13, -2.375000000000000000, 0.2500000000000000000 ) ) ;
#1538 = CARTESIAN_POINT ( 'NONE',  ( 0.6250000000000000000, 7.654042494670957853E-17, 0.2500000000000000000 ) ) ;
#1539 = ORIENTED_EDGE ( 'NONE', *, *, #1290, .T. ) ;
#1540 = FACE_OUTER_BOUND ( 'NONE', #385, .T. ) ;
#1541 = FILL_AREA_STYLE ('',( #856 ) ) ;
#1542 = CYLINDRICAL_SURFACE ( 'NONE', #428, 5.750000000000000000 ) ;
#1543 = ORIENTED_EDGE ( 'NONE', *, *, #601, .T. ) ;
#1544 = DIRECTION ( 'NONE',  ( -0.000000000000000000, -0.000000000000000000, -1.000000000000000000 ) ) ;
#1545 =( NAMED_UNIT ( * ) SI_UNIT ( $, .STERADIAN. ) SOLID_ANGLE_UNIT ( ) );
#1546 = AXIS2_PLACEMENT_3D ( 'NONE', #123, #243, #1395 ) ;
#1547 = VECTOR ( 'NONE', #19, 39.37007874015748143 ) ;
#1548 = CARTESIAN_POINT ( 'NONE',  ( -1.302500000000000213, 1.829999999999999849, 0.000000000000000000 ) ) ;
#1549 = EDGE_CURVE ( 'NONE', #573, #1086, #888, .T. ) ;
#1550 = VECTOR ( 'NONE', #1489, 39.37007874015748143 ) ;
#1551 = VERTEX_POINT ( 'NONE', #1583 ) ;
#1552 = VECTOR ( 'NONE', #312, 39.37007874015748143 ) ;
#1553 = FILL_AREA_STYLE ('',( #419 ) ) ;
#1554 = PRESENTATION_LAYER_ASSIGNMENT (  '', '', ( #634 ) ) ;
#1555 = CARTESIAN_POINT ( 'NONE',  ( -0.5000000000000099920, -2.375000000000000000, 0.2500000000000000000 ) ) ;
#1556 =( NAMED_UNIT ( * ) PLANE_ANGLE_UNIT ( ) SI_UNIT ( $, .RADIAN. ) );
#1557 = ORIENTED_EDGE ( 'NONE', *, *, #379, .F. ) ;
#1558 = DIRECTION ( 'NONE',  ( -1.000000000000000000, 0.000000000000000000, 0.000000000000000000 ) ) ;
#1559 = DIRECTION ( 'NONE',  ( 1.000000000000000000, 0.000000000000000000, 0.000000000000000000 ) ) ;
#1560 = ORIENTED_EDGE ( 'NONE', *, *, #859, .T. ) ;
#1561 = PRESENTATION_LAYER_ASSIGNMENT (  '', '', ( #527 ) ) ;
#1562 = ADVANCED_FACE ( 'NONE', ( #1072, #51, #194, #571, #444, #844, #725, #434, #321, #175, #1589, #976, #948, #706 ), #1211, .F. ) ;
#1563 = CARTESIAN_POINT ( 'NONE',  ( 1.189999999999999947, 1.829999999999999849, 0.2500000000000000000 ) ) ;
#1564 = FACE_BOUND ( 'NONE', #784, .T. ) ;
#1565 = DIRECTION ( 'NONE',  ( 1.000000000000000000, 0.000000000000000000, 0.000000000000000000 ) ) ;
#1566 = ORIENTED_EDGE ( 'NONE', *, *, #1549, .T. ) ;
#1567 = SURFACE_STYLE_FILL_AREA ( #1575 ) ;
#1568 =( LENGTH_UNIT ( ) NAMED_UNIT ( * ) SI_UNIT ( $, .METRE. ) );
#1569 = EDGE_LOOP ( 'NONE', ( #132, #539 ) ) ;
#1570 = DIRECTION ( 'NONE',  ( 0.000000000000000000, 0.000000000000000000, 1.000000000000000000 ) ) ;
#1571 = LENGTH_MEASURE_WITH_UNIT ( LENGTH_MEASURE( 0.02539999999999999897 ), #431 );
#1572 = EDGE_CURVE ( 'NONE', #268, #189, #1224, .T. ) ;
#1573 = DIMENSIONAL_EXPONENTS ( 1.000000000000000000, 0.000000000000000000, 0.000000000000000000, 0.000000000000000000, 0.000000000000000000, 0.000000000000000000, 0.000000000000000000 ) ;
#1574 = ORIENTED_EDGE ( 'NONE', *, *, #1122, .F. ) ;
#1575 = FILL_AREA_STYLE ('',( #305 ) ) ;
#1576 = ORIENTED_EDGE ( 'NONE', *, *, #1474, .F. ) ;
#1577 = MECHANICAL_DESIGN_GEOMETRIC_PRESENTATION_REPRESENTATION (  '', ( #60 ), #928 ) ;
#1578 = VECTOR ( 'NONE', #320, 39.37007874015748143 ) ;
#1579 = MECHANICAL_DESIGN_GEOMETRIC_PRESENTATION_REPRESENTATION (  '', ( #826 ), #178 ) ;
#1580 = CIRCLE ( 'NONE', #1521, 5.750000000000000000 ) ;
#1581 = ORIENTED_EDGE ( 'NONE', *, *, #224, .T. ) ;
#1582 = LINE ( 'NONE', #1312, #1578 ) ;
#1583 = CARTESIAN_POINT ( 'NONE',  ( -5.750000000000000000, 0.000000000000000000, 0.2500000000000000000 ) ) ;
#1584 =( LENGTH_UNIT ( ) NAMED_UNIT ( * ) SI_UNIT ( $, .METRE. ) );
#1585 = COLOUR_RGB ( '',0.8588235294117646523, 0.8588235294117646523, 0.8588235294117646523 ) ;
#1586 =( NAMED_UNIT ( * ) PLANE_ANGLE_UNIT ( ) SI_UNIT ( $, .RADIAN. ) );
#1587 = FILL_AREA_STYLE_COLOUR ( '', #1407 ) ;
#1588 = VERTEX_POINT ( 'NONE', #1237 ) ;
#1589 = FACE_BOUND ( 'NONE', #1632, .T. ) ;
#1590 =( CONVERSION_BASED_UNIT ( 'INCH', #445 ) LENGTH_UNIT ( ) NAMED_UNIT ( #815 ) );
#1591 = DIRECTION ( 'NONE',  ( -1.000000000000000000, 0.000000000000000000, 0.000000000000000000 ) ) ;
#1592 = ORIENTED_EDGE ( 'NONE', *, *, #1151, .F. ) ;
#1593 = LENGTH_MEASURE_WITH_UNIT ( LENGTH_MEASURE( 0.02539999999999999897 ), #72 );
#1594 = FILL_AREA_STYLE ('',( #177 ) ) ;
#1595 = CIRCLE ( 'NONE', #199, 0.1125000000000000999 ) ;
#1596 = EDGE_CURVE ( 'NONE', #804, #1045, #1172, .T. ) ;
#1597 = FACE_BOUND ( 'NONE', #1171, .T. ) ;
#1598 =( NAMED_UNIT ( * ) SI_UNIT ( $, .STERADIAN. ) SOLID_ANGLE_UNIT ( ) );
#1599 = COLOUR_RGB ( '',0.8588235294117646523, 0.8588235294117646523, 0.8588235294117646523 ) ;
#1600 = DIRECTION ( 'NONE',  ( 0.000000000000000000, 0.000000000000000000, 1.000000000000000000 ) ) ;
#1601 = CIRCLE ( 'NONE', #1238, 0.1125000000000000999 ) ;
#1602 = DIRECTION ( 'NONE',  ( -0.000000000000000000, -0.000000000000000000, -1.000000000000000000 ) ) ;
#1603 =( LENGTH_UNIT ( ) NAMED_UNIT ( * ) SI_UNIT ( $, .METRE. ) );
#1604 = EDGE_CURVE ( 'NONE', #638, #1510, #615, .T. ) ;
#1605 =( NAMED_UNIT ( * ) PLANE_ANGLE_UNIT ( ) SI_UNIT ( $, .RADIAN. ) );
#1606 = PRESENTATION_LAYER_ASSIGNMENT (  '', '', ( #322 ) ) ;
#1607 = FACE_OUTER_BOUND ( 'NONE', #1447, .T. ) ;
#1608 = DIRECTION ( 'NONE',  ( 0.000000000000000000, 0.000000000000000000, 1.000000000000000000 ) ) ;
#1609 = MECHANICAL_DESIGN_GEOMETRIC_PRESENTATION_REPRESENTATION (  '', ( #729 ), #1069 ) ;
#1610 = CARTESIAN_POINT ( 'NONE',  ( 0.000000000000000000, 0.000000000000000000, 0.2500000000000000000 ) ) ;
#1611 = CARTESIAN_POINT ( 'NONE',  ( -1.189999999999999947, -0.6700000000000002620, 0.2500000000000000000 ) ) ;
#1612 = SURFACE_SIDE_STYLE ('',( #1120 ) ) ;
#1613 = CARTESIAN_POINT ( 'NONE',  ( 2.375000000000067057, 6.721070628241202484E-14, 0.000000000000000000 ) ) ;
#1614 = EDGE_CURVE ( 'NONE', #110, #351, #453, .T. ) ;
#1615 = CARTESIAN_POINT ( 'NONE',  ( -0.5000000000000000000, 2.375000000000000000, 0.2500000000000000000 ) ) ;
#1616 = DIRECTION ( 'NONE',  ( -1.000000000000000000, 0.000000000000000000, 0.000000000000000000 ) ) ;
#1617 = SURFACE_SIDE_STYLE ('',( #877 ) ) ;
#1618 =( GEOMETRIC_REPRESENTATION_CONTEXT ( 3 ) GLOBAL_UNCERTAINTY_ASSIGNED_CONTEXT ( ( #1168 ) ) GLOBAL_UNIT_ASSIGNED_CONTEXT ( ( #401, #959, #555 ) ) REPRESENTATION_CONTEXT ( 'NONE', 'WORKASPACE' ) );
#1619 = DIRECTION ( 'NONE',  ( -1.000000000000000000, 0.000000000000000000, 0.000000000000000000 ) ) ;
#1620 = ORIENTED_EDGE ( 'NONE', *, *, #758, .T. ) ;
#1621 = CARTESIAN_POINT ( 'NONE',  ( 5.375000000000048850, 4.852720937382291938E-14, 0.000000000000000000 ) ) ;
#1622 = AXIS2_PLACEMENT_3D ( 'NONE', #902, #1544, #1016 ) ;
#1623 = EDGE_LOOP ( 'NONE', ( #931, #510, #688, #192 ) ) ;
#1624 = SURFACE_STYLE_FILL_AREA ( #343 ) ;
#1625 = MECHANICAL_DESIGN_GEOMETRIC_PRESENTATION_REPRESENTATION (  '', ( #1287 ), #628 ) ;
#1626 = ADVANCED_FACE ( 'NONE', ( #610 ), #219, .F. ) ;
#1627 = VECTOR ( 'NONE', #1602, 39.37007874015748143 ) ;
#1628 = DIRECTION ( 'NONE',  ( -1.000000000000000000, 0.000000000000000000, 0.000000000000000000 ) ) ;
#1629 = AXIS2_PLACEMENT_3D ( 'NONE', #1630, #1505, #898 ) ;
#1630 = CARTESIAN_POINT ( 'NONE',  ( 9.705441874764581352E-14, -5.375000000000000888, 0.2500000000000000000 ) ) ;
#1631 = CYLINDRICAL_SURFACE ( 'NONE', #1199, 0.1250000000000004441 ) ;
#1632 = EDGE_LOOP ( 'NONE', ( #256, #1620 ) ) ;
#1633 = LINE ( 'NONE', #497, #113 ) ;
#1634 = COLOUR_RGB ( '',0.8588235294117646523, 0.8588235294117646523, 0.8588235294117646523 ) ;
#1635 = SURFACE_STYLE_USAGE ( .BOTH. , #1413 ) ;
#1636 = ORIENTED_EDGE ( 'NONE', *, *, #1143, .F. ) ;
#1637 = CARTESIAN_POINT ( 'NONE',  ( 5.750000000000000000, 7.041719095097280880E-16, 0.2500000000000000000 ) ) ;
#1638 = AXIS2_PLACEMENT_3D ( 'NONE', #753, #97, #619 ) ;
#1639 = DIRECTION ( 'NONE',  ( 1.000000000000000000, 0.000000000000000000, 0.000000000000000000 ) ) ;
#1640 = DIRECTION ( 'NONE',  ( -0.000000000000000000, -0.000000000000000000, -1.000000000000000000 ) ) ;
#1641 = ORIENTED_EDGE ( 'NONE', *, *, #1650, .T. ) ;
#1642 = CARTESIAN_POINT ( 'NONE',  ( 0.5000000000000000000, 2.375000000000000000, 0.2500000000000000000 ) ) ;
#1643 =( NAMED_UNIT ( * ) PLANE_ANGLE_UNIT ( ) SI_UNIT ( $, .RADIAN. ) );
#1644 =( NAMED_UNIT ( * ) SI_UNIT ( $, .STERADIAN. ) SOLID_ANGLE_UNIT ( ) );
#1645 =( CONVERSION_BASED_UNIT ( 'INCH', #1183 ) LENGTH_UNIT ( ) NAMED_UNIT ( #1149 ) );
#1646 = ORIENTED_EDGE ( 'NONE', *, *, #129, .F. ) ;
#1647 = CARTESIAN_POINT ( 'NONE',  ( 0.1249999999999999306, 5.375000000000000888, 0.2500000000000000000 ) ) ;
#1648 = FILL_AREA_STYLE ('',( #793 ) ) ;
#1649 = ORIENTED_EDGE ( 'NONE', *, *, #1166, .T. ) ;
#1650 = EDGE_CURVE ( 'NONE', #484, #122, #367, .T. ) ;
#1651 = SURFACE_SIDE_STYLE ('',( #766 ) ) ;
ENDSEC;
END-ISO-10303-21;
