ISO-10303-21;
HEADER;
FILE_DESCRIPTION (( 'STEP AP214' ),
    '1' );
FILE_NAME ('Push button 12mm.STEP',
    '2026-09-04T22:05:47',
    ( '' ),
    ( '' ),
    'SwSTEP 2.0',
    'SolidWorks 2026',
    '' );
FILE_SCHEMA (( 'AUTOMOTIVE_DESIGN' ));
ENDSEC;

DATA;
#1 = ORIENTED_EDGE ( 'NONE', *, *, #305, .F. ) ;
#2 = COLOUR_RGB ( '',0.6392156862745097534, 0.6666666666666666297, 0.6784313725490196401 ) ;
#3 = VECTOR ( 'NONE', #356, 1000.000000000000000 ) ;
#4 = CIRCLE ( 'NONE', #1321, 6.924999999999999822 ) ;
#5 = EDGE_CURVE ( 'NONE', #1306, #1536, #60, .T. ) ;
#6 = CYLINDRICAL_SURFACE ( 'NONE', #92, 0.4499999999999990119 ) ;
#7 = COLOUR_RGB ( '',0.000000000000000000, 0.000000000000000000, 0.000000000000000000 ) ;
#8 = PRESENTATION_LAYER_ASSIGNMENT (  '', '', ( #2249 ) ) ;
#9 = FACE_OUTER_BOUND ( 'NONE', #1860, .T. ) ;
#10 = ORIENTED_EDGE ( 'NONE', *, *, #1301, .T. ) ;
#11 = LINE ( 'NONE', #1081, #2082 ) ;
#12 = DIRECTION ( 'NONE',  ( -1.000000000000000000, 0.000000000000000000, 0.000000000000000000 ) ) ;
#13 = UNCERTAINTY_MEASURE_WITH_UNIT (LENGTH_MEASURE( 1.000000000000000082E-05 ), #2258, 'distance_accuracy_value', 'NONE');
#14 = VECTOR ( 'NONE', #799, 1000.000000000000000 ) ;
#15 = SHAPE_DEFINITION_REPRESENTATION ( #781, #1087 ) ;
#16 = SURFACE_STYLE_USAGE ( .BOTH. , #854 ) ;
#17 = ORIENTED_EDGE ( 'NONE', *, *, #903, .T. ) ;
#18 = CARTESIAN_POINT ( 'NONE',  ( -5.500000000000000000, 6.735557395310442023E-16, -16.44999999999999929 ) ) ;
#19 = EDGE_CURVE ( 'NONE', #1898, #671, #779, .T. ) ;
#20 =( NAMED_UNIT ( * ) PLANE_ANGLE_UNIT ( ) SI_UNIT ( $, .RADIAN. ) );
#21 = ORIENTED_EDGE ( 'NONE', *, *, #1947, .T. ) ;
#22 = SURFACE_STYLE_FILL_AREA ( #1129 ) ;
#23 = DIRECTION ( 'NONE',  ( 1.000000000000000000, -0.000000000000000000, 0.000000000000000000 ) ) ;
#24 = ORIENTED_EDGE ( 'NONE', *, *, #1526, .T. ) ;
#25 = DIRECTION ( 'NONE',  ( 0.000000000000000000, 1.000000000000000000, 0.000000000000000000 ) ) ;
#26 =( NAMED_UNIT ( * ) SI_UNIT ( $, .STERADIAN. ) SOLID_ANGLE_UNIT ( ) );
#27 = EDGE_CURVE ( 'NONE', #1697, #563, #1117, .T. ) ;
#28 = DIRECTION ( 'NONE',  ( 1.000000000000000000, -0.000000000000000000, -0.000000000000000000 ) ) ;
#29 = CIRCLE ( 'NONE', #1356, 4.450000000000000178 ) ;
#30 =( NAMED_UNIT ( * ) PLANE_ANGLE_UNIT ( ) SI_UNIT ( $, .RADIAN. ) );
#31 = VECTOR ( 'NONE', #1380, 1000.000000000000000 ) ;
#32 = STYLED_ITEM ( 'NONE', ( #1156 ), #393 ) ;
#33 = ORIENTED_EDGE ( 'NONE', *, *, #2225, .F. ) ;
#34 = STYLED_ITEM ( 'NONE', ( #2028 ), #2221 ) ;
#35 = STYLED_ITEM ( 'NONE', ( #304 ), #726 ) ;
#36 = DIRECTION ( 'NONE',  ( -0.000000000000000000, -1.000000000000000000, -0.000000000000000000 ) ) ;
#37 = STYLED_ITEM ( 'NONE', ( #221 ), #1227 ) ;
#38 = ORIENTED_EDGE ( 'NONE', *, *, #2272, .F. ) ;
#39 = DIRECTION ( 'NONE',  ( -0.000000000000000000, -0.000000000000000000, 1.000000000000000000 ) ) ;
#40 = FACE_OUTER_BOUND ( 'NONE', #1033, .T. ) ;
#41 = CARTESIAN_POINT ( 'NONE',  ( 0.000000000000000000, 0.000000000000000000, -16.94999999999999929 ) ) ;
#42 = CARTESIAN_POINT ( 'NONE',  ( 0.000000000000000000, 0.000000000000000000, -0.2999999999999999889 ) ) ;
#43 = FACE_OUTER_BOUND ( 'NONE', #610, .T. ) ;
#44 = AXIS2_PLACEMENT_3D ( 'NONE', #146, #1961, #177 ) ;
#45 = EDGE_CURVE ( 'NONE', #1775, #1906, #597, .T. ) ;
#46 = STYLED_ITEM ( 'NONE', ( #360 ), #1891 ) ;
#47 = ORIENTED_EDGE ( 'NONE', *, *, #1022, .F. ) ;
#48 = EDGE_CURVE ( 'NONE', #1146, #1393, #994, .T. ) ;
#49 = COLOUR_RGB ( '',0.6392156862745097534, 0.6666666666666666297, 0.6784313725490196401 ) ;
#50 =( NAMED_UNIT ( * ) PLANE_ANGLE_UNIT ( ) SI_UNIT ( $, .RADIAN. ) );
#51 =( LENGTH_UNIT ( ) NAMED_UNIT ( * ) SI_UNIT ( .MILLI., .METRE. ) );
#52 = SURFACE_STYLE_FILL_AREA ( #1655 ) ;
#53 = CARTESIAN_POINT ( 'NONE',  ( -3.950000000000000178, 0.000000000000000000, -20.85000000000000142 ) ) ;
#54 = ORIENTED_EDGE ( 'NONE', *, *, #1362, .F. ) ;
#55 =( LENGTH_UNIT ( ) NAMED_UNIT ( * ) SI_UNIT ( .MILLI., .METRE. ) );
#56 = DIRECTION ( 'NONE',  ( -0.000000000000000000, -0.000000000000000000, 1.000000000000000000 ) ) ;
#57 = VECTOR ( 'NONE', #487, 1000.000000000000000 ) ;
#58 = CARTESIAN_POINT ( 'NONE',  ( -3.450000000000000178, 0.9749999999999999778, -21.99019237886465916 ) ) ;
#59 = ORIENTED_EDGE ( 'NONE', *, *, #1603, .F. ) ;
#60 = LINE ( 'NONE', #790, #2235 ) ;
#61 = DIRECTION ( 'NONE',  ( 0.000000000000000000, -0.000000000000000000, 1.000000000000000000 ) ) ;
#62 = DIRECTION ( 'NONE',  ( 1.224646799147353207E-16, 1.000000000000000000, 0.000000000000000000 ) ) ;
#63 = EDGE_CURVE ( 'NONE', #99, #2137, #943, .T. ) ;
#64 =( LENGTH_UNIT ( ) NAMED_UNIT ( * ) SI_UNIT ( .MILLI., .METRE. ) );
#65 = SURFACE_SIDE_STYLE ('',( #1812 ) ) ;
#66 = CARTESIAN_POINT ( 'NONE',  ( -2.880000000000001670, 1.544999999999998597, -21.00292341855040590 ) ) ;
#67 = ORIENTED_EDGE ( 'NONE', *, *, #1414, .T. ) ;
#68 = PRESENTATION_LAYER_ASSIGNMENT (  '', '', ( #152 ) ) ;
#69 = EDGE_LOOP ( 'NONE', ( #557, #1165, #21, #760 ) ) ;
#70 = EDGE_LOOP ( 'NONE', ( #768, #2020, #306, #24, #1959 ) ) ;
#71 = VECTOR ( 'NONE', #2087, 1000.000000000000000 ) ;
#72 = DIRECTION ( 'NONE',  ( -0.000000000000000000, -0.000000000000000000, 1.000000000000000000 ) ) ;
#73 = UNCERTAINTY_MEASURE_WITH_UNIT (LENGTH_MEASURE( 1.000000000000000082E-05 ), #1907, 'distance_accuracy_value', 'NONE');
#74 = CARTESIAN_POINT ( 'NONE',  ( 3.450000000000000178, -0.9749999999999999778, -21.99019237886465916 ) ) ;
#75 = MECHANICAL_DESIGN_GEOMETRIC_PRESENTATION_REPRESENTATION (  '', ( #1460 ), #1213 ) ;
#76 = FACE_OUTER_BOUND ( 'NONE', #1814, .T. ) ;
#77 = ADVANCED_FACE ( 'NONE', ( #2027 ), #415, .F. ) ;
#78 = PRESENTATION_LAYER_ASSIGNMENT (  '', '', ( #2197 ) ) ;
#79 = VECTOR ( 'NONE', #1441, 1000.000000000000000 ) ;
#80 = VERTEX_POINT ( 'NONE', #803 ) ;
#81 =( NAMED_UNIT ( * ) SI_UNIT ( $, .STERADIAN. ) SOLID_ANGLE_UNIT ( ) );
#82 = CARTESIAN_POINT ( 'NONE',  ( -6.924999999999999822, 0.000000000000000000, -20.85000000000000142 ) ) ;
#83 = AXIS2_PLACEMENT_3D ( 'NONE', #846, #147, #1917 ) ;
#84 = VERTEX_POINT ( 'NONE', #310 ) ;
#85 = DIRECTION ( 'NONE',  ( 0.000000000000000000, 1.000000000000000000, 0.000000000000000000 ) ) ;
#86 =( GEOMETRIC_REPRESENTATION_CONTEXT ( 3 ) GLOBAL_UNCERTAINTY_ASSIGNED_CONTEXT ( ( #520 ) ) GLOBAL_UNIT_ASSIGNED_CONTEXT ( ( #1545, #93, #104 ) ) REPRESENTATION_CONTEXT ( 'NONE', 'WORKASPACE' ) );
#87 = PLANE ( 'NONE',  #1589 ) ;
#88 = STYLED_ITEM ( 'NONE', ( #247 ), #1750 ) ;
#89 = PRESENTATION_STYLE_ASSIGNMENT (( #858 ) ) ;
#90 = MECHANICAL_DESIGN_GEOMETRIC_PRESENTATION_REPRESENTATION (  '', ( #1696 ), #708 ) ;
#91 =( LENGTH_UNIT ( ) NAMED_UNIT ( * ) SI_UNIT ( .MILLI., .METRE. ) );
#92 = AXIS2_PLACEMENT_3D ( 'NONE', #1072, #555, #2146 ) ;
#93 =( NAMED_UNIT ( * ) PLANE_ANGLE_UNIT ( ) SI_UNIT ( $, .RADIAN. ) );
#94 =( NAMED_UNIT ( * ) PLANE_ANGLE_UNIT ( ) SI_UNIT ( $, .RADIAN. ) );
#95 =( LENGTH_UNIT ( ) NAMED_UNIT ( * ) SI_UNIT ( .MILLI., .METRE. ) );
#96 = ORIENTED_EDGE ( 'NONE', *, *, #737, .F. ) ;
#97 = COLOUR_RGB ( '',0.6392156862745097534, 0.6666666666666666297, 0.6784313725490196401 ) ;
#98 = FILL_AREA_STYLE_COLOUR ( '', #883 ) ;
#99 = VERTEX_POINT ( 'NONE', #842 ) ;
#100 =( NAMED_UNIT ( * ) SI_UNIT ( $, .STERADIAN. ) SOLID_ANGLE_UNIT ( ) );
#101 = DIRECTION ( 'NONE',  ( 1.000000000000000000, 0.000000000000000000, 0.000000000000000000 ) ) ;
#102 = PRESENTATION_STYLE_ASSIGNMENT (( #1011 ) ) ;
#103 = UNCERTAINTY_MEASURE_WITH_UNIT (LENGTH_MEASURE( 1.000000000000000082E-05 ), #1674, 'distance_accuracy_value', 'NONE');
#104 =( NAMED_UNIT ( * ) SI_UNIT ( $, .STERADIAN. ) SOLID_ANGLE_UNIT ( ) );
#105 = DIRECTION ( 'NONE',  ( -0.000000000000000000, -0.000000000000000000, 1.000000000000000000 ) ) ;
#106 = ORIENTED_EDGE ( 'NONE', *, *, #1632, .F. ) ;
#107 = SURFACE_SIDE_STYLE ('',( #2099 ) ) ;
#108 = SURFACE_SIDE_STYLE ('',( #486 ) ) ;
#109 = EDGE_LOOP ( 'NONE', ( #1325, #154, #2226, #2101 ) ) ;
#110 =( NAMED_UNIT ( * ) SI_UNIT ( $, .STERADIAN. ) SOLID_ANGLE_UNIT ( ) );
#111 = FACE_OUTER_BOUND ( 'NONE', #1850, .T. ) ;
#112 = SURFACE_STYLE_FILL_AREA ( #1088 ) ;
#113 = PLANE ( 'NONE',  #2192 ) ;
#114 = ADVANCED_FACE ( 'NONE', ( #645 ), #818, .F. ) ;
#115 = CARTESIAN_POINT ( 'NONE',  ( 0.000000000000000000, 0.000000000000000000, -12.45000000000000284 ) ) ;
#116 =( NAMED_UNIT ( * ) SI_UNIT ( $, .STERADIAN. ) SOLID_ANGLE_UNIT ( ) );
#117 =( GEOMETRIC_REPRESENTATION_CONTEXT ( 3 ) GLOBAL_UNCERTAINTY_ASSIGNED_CONTEXT ( ( #164 ) ) GLOBAL_UNIT_ASSIGNED_CONTEXT ( ( #1010, #1540, #2300 ) ) REPRESENTATION_CONTEXT ( 'NONE', 'WORKASPACE' ) );
#118 = SURFACE_STYLE_USAGE ( .BOTH. , #695 ) ;
#119 = ORIENTED_EDGE ( 'NONE', *, *, #844, .F. ) ;
#120 = SURFACE_STYLE_USAGE ( .BOTH. , #1014 ) ;
#121 = PRESENTATION_LAYER_ASSIGNMENT (  '', '', ( #1214 ) ) ;
#122 = PRESENTATION_LAYER_ASSIGNMENT (  '', '', ( #190 ) ) ;
#123 = DIRECTION ( 'NONE',  ( 0.000000000000000000, 0.000000000000000000, 1.000000000000000000 ) ) ;
#124 = VERTEX_POINT ( 'NONE', #1733 ) ;
#125 =( NAMED_UNIT ( * ) PLANE_ANGLE_UNIT ( ) SI_UNIT ( $, .RADIAN. ) );
#126 = SURFACE_SIDE_STYLE ('',( #2104 ) ) ;
#127 = FILL_AREA_STYLE ('',( #1262 ) ) ;
#128 = CARTESIAN_POINT ( 'NONE',  ( 3.450000000000000622, 0.000000000000000000, -21.30000000000000071 ) ) ;
#129 = COLOUR_RGB ( '',0.000000000000000000, 0.000000000000000000, 0.000000000000000000 ) ;
#130 = DIRECTION ( 'NONE',  ( 0.7888002901785131638, 9.660017505336195349E-17, -0.6146495767624780004 ) ) ;
#131 = EDGE_CURVE ( 'NONE', #401, #1898, #1554, .T. ) ;
#132 = CIRCLE ( 'NONE', #1397, 0.2999999999999999334 ) ;
#133 = EDGE_CURVE ( 'NONE', #1524, #1906, #1827, .T. ) ;
#134 = AXIS2_PLACEMENT_3D ( 'NONE', #1846, #371, #718 ) ;
#135 = ORIENTED_EDGE ( 'NONE', *, *, #1711, .F. ) ;
#136 = FACE_OUTER_BOUND ( 'NONE', #1295, .T. ) ;
#137 = LINE ( 'NONE', #1755, #57 ) ;
#138 = VERTEX_POINT ( 'NONE', #128 ) ;
#139 = DIRECTION ( 'NONE',  ( 1.000000000000000000, -0.000000000000000000, 0.000000000000000000 ) ) ;
#140 = SURFACE_STYLE_USAGE ( .BOTH. , #2310 ) ;
#141 = PLANE ( 'NONE',  #1777 ) ;
#142 = EDGE_CURVE ( 'NONE', #1995, #124, #29, .T. ) ;
#143 = ORIENTED_EDGE ( 'NONE', *, *, #1957, .F. ) ;
#144 =( NAMED_UNIT ( * ) SI_UNIT ( $, .STERADIAN. ) SOLID_ANGLE_UNIT ( ) );
#145 = FACE_OUTER_BOUND ( 'NONE', #1418, .T. ) ;
#146 = CARTESIAN_POINT ( 'NONE',  ( 0.000000000000000000, 0.000000000000000000, 0.000000000000000000 ) ) ;
#147 = DIRECTION ( 'NONE',  ( 0.000000000000000000, 0.000000000000000000, -1.000000000000000000 ) ) ;
#148 = ORIENTED_EDGE ( 'NONE', *, *, #27, .T. ) ;
#149 = DIRECTION ( 'NONE',  ( 1.000000000000000000, 0.000000000000000000, 0.000000000000000000 ) ) ;
#150 = DIRECTION ( 'NONE',  ( -0.7888002901785131638, 0.000000000000000000, -0.6146495767624780004 ) ) ;
#151 = PRESENTATION_STYLE_ASSIGNMENT (( #1600 ) ) ;
#152 = STYLED_ITEM ( 'NONE', ( #1004 ), #1194 ) ;
#153 = CYLINDRICAL_SURFACE ( 'NONE', #1988, 0.4499999999999990119 ) ;
#154 = ORIENTED_EDGE ( 'NONE', *, *, #2018, .T. ) ;
#155 = FACE_BOUND ( 'NONE', #2264, .T. ) ;
#156 = EDGE_CURVE ( 'NONE', #1775, #1263, #841, .T. ) ;
#157 = COLOUR_RGB ( '',0.6392156862745097534, 0.6666666666666666297, 0.6784313725490196401 ) ;
#158 = ORIENTED_EDGE ( 'NONE', *, *, #1556, .F. ) ;
#159 = LINE ( 'NONE', #351, #1686 ) ;
#160 = COLOUR_RGB ( '',0.000000000000000000, 0.000000000000000000, 0.000000000000000000 ) ;
#161 = PLANE ( 'NONE',  #588 ) ;
#162 = AXIS2_PLACEMENT_3D ( 'NONE', #1472, #1841, #1149 ) ;
#163 =( GEOMETRIC_REPRESENTATION_CONTEXT ( 3 ) GLOBAL_UNCERTAINTY_ASSIGNED_CONTEXT ( ( #355 ) ) GLOBAL_UNIT_ASSIGNED_CONTEXT ( ( #1513, #1336, #432 ) ) REPRESENTATION_CONTEXT ( 'NONE', 'WORKASPACE' ) );
#164 = UNCERTAINTY_MEASURE_WITH_UNIT (LENGTH_MEASURE( 1.000000000000000082E-05 ), #1010, 'distance_accuracy_value', 'NONE');
#165 =( NAMED_UNIT ( * ) PLANE_ANGLE_UNIT ( ) SI_UNIT ( $, .RADIAN. ) );
#166 = DIRECTION ( 'NONE',  ( -0.000000000000000000, -0.000000000000000000, 1.000000000000000000 ) ) ;
#167 = COLOUR_RGB ( '',0.6392156862745097534, 0.6666666666666666297, 0.6784313725490196401 ) ;
#168 = SURFACE_SIDE_STYLE ('',( #1590 ) ) ;
#169 = PRESENTATION_LAYER_ASSIGNMENT (  '', '', ( #1653 ) ) ;
#170 = ORIENTED_EDGE ( 'NONE', *, *, #1107, .F. ) ;
#171 = MECHANICAL_DESIGN_GEOMETRIC_PRESENTATION_REPRESENTATION (  '', ( #2292 ), #963 ) ;
#172 = ORIENTED_EDGE ( 'NONE', *, *, #347, .F. ) ;
#173 = MECHANICAL_DESIGN_GEOMETRIC_PRESENTATION_REPRESENTATION (  '', ( #2061 ), #896 ) ;
#174 = EDGE_CURVE ( 'NONE', #1412, #401, #461, .T. ) ;
#175 = SURFACE_STYLE_USAGE ( .BOTH. , #1779 ) ;
#176 =( NAMED_UNIT ( * ) SI_UNIT ( $, .STERADIAN. ) SOLID_ANGLE_UNIT ( ) );
#177 = DIRECTION ( 'NONE',  ( 1.000000000000000000, 0.000000000000000000, 0.000000000000000000 ) ) ;
#178 = DIRECTION ( 'NONE',  ( 1.000000000000000000, 0.000000000000000000, 0.000000000000000000 ) ) ;
#179 = EDGE_LOOP ( 'NONE', ( #549, #1760, #482, #431 ) ) ;
#180 = DIRECTION ( 'NONE',  ( -0.000000000000000000, -0.000000000000000000, 1.000000000000000000 ) ) ;
#181 = FACE_OUTER_BOUND ( 'NONE', #1657, .T. ) ;
#182 = EDGE_CURVE ( 'NONE', #2293, #628, #694, .T. ) ;
#183 =( NAMED_UNIT ( * ) SI_UNIT ( $, .STERADIAN. ) SOLID_ANGLE_UNIT ( ) );
#184 = VERTEX_POINT ( 'NONE', #2163 ) ;
#185 = SURFACE_STYLE_FILL_AREA ( #1270 ) ;
#186 = COLOUR_RGB ( '',0.6392156862745097534, 0.6666666666666666297, 0.6784313725490196401 ) ;
#187 = PLANE ( 'NONE',  #1921 ) ;
#188 = FACE_OUTER_BOUND ( 'NONE', #318, .T. ) ;
#189 = AXIS2_PLACEMENT_3D ( 'NONE', #1168, #1528, #2275 ) ;
#190 = STYLED_ITEM ( 'NONE', ( #752 ), #552 ) ;
#191 =( NAMED_UNIT ( * ) PLANE_ANGLE_UNIT ( ) SI_UNIT ( $, .RADIAN. ) );
#192 = EDGE_CURVE ( 'NONE', #1875, #1663, #2002, .T. ) ;
#193 = AXIS2_PLACEMENT_3D ( 'NONE', #330, #1043, #1752 ) ;
#194 =( LENGTH_UNIT ( ) NAMED_UNIT ( * ) SI_UNIT ( .MILLI., .METRE. ) );
#195 = ADVANCED_FACE ( 'NONE', ( #1942 ), #1280, .T. ) ;
#196 = AXIS2_PLACEMENT_3D ( 'NONE', #1908, #1423, #973 ) ;
#197 = STYLED_ITEM ( 'NONE', ( #1605 ), #1443 ) ;
#198 = AXIS2_PLACEMENT_3D ( 'NONE', #207, #1162, #408 ) ;
#199 = ORIENTED_EDGE ( 'NONE', *, *, #635, .T. ) ;
#200 = LINE ( 'NONE', #1112, #2006 ) ;
#201 =( GEOMETRIC_REPRESENTATION_CONTEXT ( 3 ) GLOBAL_UNCERTAINTY_ASSIGNED_CONTEXT ( ( #1665 ) ) GLOBAL_UNIT_ASSIGNED_CONTEXT ( ( #2034, #1442, #607 ) ) REPRESENTATION_CONTEXT ( 'NONE', 'WORKASPACE' ) );
#202 =( NAMED_UNIT ( * ) PLANE_ANGLE_UNIT ( ) SI_UNIT ( $, .RADIAN. ) );
#203 = CIRCLE ( 'NONE', #289, 4.750000000000000000 ) ;
#204 = UNCERTAINTY_MEASURE_WITH_UNIT (LENGTH_MEASURE( 1.000000000000000082E-05 ), #1034, 'distance_accuracy_value', 'NONE');
#205 = MECHANICAL_DESIGN_GEOMETRIC_PRESENTATION_REPRESENTATION (  '', ( #678 ), #1438 ) ;
#206 = CARTESIAN_POINT ( 'NONE',  ( 0.000000000000000000, 0.000000000000000000, -16.94999999999999929 ) ) ;
#207 = CARTESIAN_POINT ( 'NONE',  ( 4.999999999999999112, 0.000000000000000000, -16.44999999999999929 ) ) ;
#208 = SURFACE_STYLE_USAGE ( .BOTH. , #556 ) ;
#209 = EDGE_CURVE ( 'NONE', #1412, #222, #2338, .T. ) ;
#210 = CARTESIAN_POINT ( 'NONE',  ( 4.750000000000000000, 0.000000000000000000, -18.64999999999999858 ) ) ;
#211 = ORIENTED_EDGE ( 'NONE', *, *, #1990, .F. ) ;
#212 = CARTESIAN_POINT ( 'NONE',  ( 3.950000000000000178, -0.9749999999999999778, -22.25000000000000000 ) ) ;
#213 = SURFACE_STYLE_FILL_AREA ( #593 ) ;
#214 = CARTESIAN_POINT ( 'NONE',  ( 0.000000000000000000, -0.8249999999999956257, -22.25000000000000000 ) ) ;
#215 =( NAMED_UNIT ( * ) PLANE_ANGLE_UNIT ( ) SI_UNIT ( $, .RADIAN. ) );
#216 = LINE ( 'NONE', #1997, #317 ) ;
#217 = DIRECTION ( 'NONE',  ( 0.000000000000000000, 0.000000000000000000, -1.000000000000000000 ) ) ;
#218 = LINE ( 'NONE', #426, #1932 ) ;
#219 = FACE_OUTER_BOUND ( 'NONE', #1335, .T. ) ;
#220 = DIRECTION ( 'NONE',  ( -1.000000000000000000, 0.000000000000000000, 0.000000000000000000 ) ) ;
#221 = PRESENTATION_STYLE_ASSIGNMENT (( #2171 ) ) ;
#222 = VERTEX_POINT ( 'NONE', #1067 ) ;
#223 = EDGE_CURVE ( 'NONE', #719, #563, #1268, .T. ) ;
#224 = LINE ( 'NONE', #2187, #667 ) ;
#225 = CARTESIAN_POINT ( 'NONE',  ( -3.450000000000000178, 0.9749999999999999778, -22.25000000000000000 ) ) ;
#226 = CARTESIAN_POINT ( 'NONE',  ( 3.450000000000000622, -0.4500000000000000111, -20.15000000000000213 ) ) ;
#227 =( LENGTH_UNIT ( ) NAMED_UNIT ( * ) SI_UNIT ( .MILLI., .METRE. ) );
#228 = VERTEX_POINT ( 'NONE', #734 ) ;
#229 = ADVANCED_FACE ( 'NONE', ( #181 ), #335, .F. ) ;
#230 = SURFACE_STYLE_FILL_AREA ( #1648 ) ;
#231 = SURFACE_STYLE_USAGE ( .BOTH. , #935 ) ;
#232 = DIRECTION ( 'NONE',  ( 0.000000000000000000, -1.000000000000000000, 0.000000000000000000 ) ) ;
#233 = CIRCLE ( 'NONE', #1143, 5.900000000000000355 ) ;
#234 = STYLED_ITEM ( 'NONE', ( #252 ), #1087 ) ;
#235 = LINE ( 'NONE', #1121, #957 ) ;
#236 =( GEOMETRIC_REPRESENTATION_CONTEXT ( 3 ) GLOBAL_UNCERTAINTY_ASSIGNED_CONTEXT ( ( #821 ) ) GLOBAL_UNIT_ASSIGNED_CONTEXT ( ( #749, #1449, #410 ) ) REPRESENTATION_CONTEXT ( 'NONE', 'WORKASPACE' ) );
#237 = ORIENTED_EDGE ( 'NONE', *, *, #2095, .F. ) ;
#238 = PRESENTATION_LAYER_ASSIGNMENT (  '', '', ( #1257 ) ) ;
#239 =( LENGTH_UNIT ( ) NAMED_UNIT ( * ) SI_UNIT ( .MILLI., .METRE. ) );
#240 = AXIS2_PLACEMENT_3D ( 'NONE', #2232, #1851, #85 ) ;
#241 = EDGE_CURVE ( 'NONE', #789, #262, #1281, .T. ) ;
#242 =( GEOMETRIC_REPRESENTATION_CONTEXT ( 3 ) GLOBAL_UNCERTAINTY_ASSIGNED_CONTEXT ( ( #1599 ) ) GLOBAL_UNIT_ASSIGNED_CONTEXT ( ( #1729, #348, #778 ) ) REPRESENTATION_CONTEXT ( 'NONE', 'WORKASPACE' ) );
#243 = EDGE_LOOP ( 'NONE', ( #884, #199, #470, #2042 ) ) ;
#244 = MECHANICAL_DESIGN_GEOMETRIC_PRESENTATION_REPRESENTATION (  '', ( #2295 ), #1943 ) ;
#245 = SURFACE_SIDE_STYLE ('',( #1160 ) ) ;
#246 = CARTESIAN_POINT ( 'NONE',  ( 5.500000000000000000, 0.000000000000000000, -16.44999999999999929 ) ) ;
#247 = PRESENTATION_STYLE_ASSIGNMENT (( #1844 ) ) ;
#248 = CARTESIAN_POINT ( 'NONE',  ( 5.500000000000000000, 0.000000000000000000, -12.84999999999999964 ) ) ;
#249 = EDGE_LOOP ( 'NONE', ( #1083, #1195, #660, #591 ) ) ;
#250 = DIRECTION ( 'NONE',  ( -0.000000000000000000, -0.000000000000000000, 1.000000000000000000 ) ) ;
#251 = LINE ( 'NONE', #214, #1477 ) ;
#252 = PRESENTATION_STYLE_ASSIGNMENT (( #1154 ) ) ;
#253 = ORIENTED_EDGE ( 'NONE', *, *, #156, .T. ) ;
#254 = DIRECTION ( 'NONE',  ( 1.000000000000000000, -0.000000000000000000, 0.000000000000000000 ) ) ;
#255 = CARTESIAN_POINT ( 'NONE',  ( -5.500000000000000000, 6.735557395310442023E-16, -12.84999999999999964 ) ) ;
#256 = EDGE_CURVE ( 'NONE', #671, #1669, #2154, .T. ) ;
#257 =( NAMED_UNIT ( * ) PLANE_ANGLE_UNIT ( ) SI_UNIT ( $, .RADIAN. ) );
#258 = DIRECTION ( 'NONE',  ( 1.000000000000000000, -0.000000000000000000, -0.000000000000000000 ) ) ;
#259 = DIRECTION ( 'NONE',  ( -1.000000000000000000, 1.224646799147351482E-16, 0.000000000000000000 ) ) ;
#260 = SURFACE_STYLE_USAGE ( .BOTH. , #2238 ) ;
#261 = CARTESIAN_POINT ( 'NONE',  ( 0.000000000000000000, 0.000000000000000000, -16.94999999999999929 ) ) ;
#262 = VERTEX_POINT ( 'NONE', #1968 ) ;
#263 = DIRECTION ( 'NONE',  ( 0.000000000000000000, 0.000000000000000000, -1.000000000000000000 ) ) ;
#264 = PRESENTATION_STYLE_ASSIGNMENT (( #1863 ) ) ;
#265 = AXIS2_PLACEMENT_3D ( 'NONE', #2078, #1872, #1675 ) ;
#266 = VERTEX_POINT ( 'NONE', #2207 ) ;
#267 = SURFACE_STYLE_FILL_AREA ( #1525 ) ;
#268 = VECTOR ( 'NONE', #1635, 1000.000000000000000 ) ;
#269 = PRESENTATION_LAYER_ASSIGNMENT (  '', '', ( #663 ) ) ;
#270 = DIRECTION ( 'NONE',  ( 0.000000000000000000, 0.000000000000000000, -1.000000000000000000 ) ) ;
#271 = UNCERTAINTY_MEASURE_WITH_UNIT (LENGTH_MEASURE( 1.000000000000000082E-05 ), #381, 'distance_accuracy_value', 'NONE');
#272 =( NAMED_UNIT ( * ) SI_UNIT ( $, .STERADIAN. ) SOLID_ANGLE_UNIT ( ) );
#273 = CARTESIAN_POINT ( 'NONE',  ( 4.150000000000001243, 5.082284216461516143E-16, -0.2999999999999999889 ) ) ;
#274 = DIRECTION ( 'NONE',  ( 0.000000000000000000, 1.000000000000000000, 0.000000000000000000 ) ) ;
#275 = SURFACE_SIDE_STYLE ('',( #1666 ) ) ;
#276 = VECTOR ( 'NONE', #1351, 1000.000000000000000 ) ;
#277 = CIRCLE ( 'NONE', #582, 0.4499999999999990119 ) ;
#278 = EDGE_CURVE ( 'NONE', #1832, #1209, #216, .T. ) ;
#279 = ORIENTED_EDGE ( 'NONE', *, *, #522, .F. ) ;
#280 = DIRECTION ( 'NONE',  ( 1.000000000000000000, 0.000000000000000000, 0.000000000000000000 ) ) ;
#281 = APPLICATION_CONTEXT ( 'automotive_design' ) ;
#282 = VECTOR ( 'NONE', #1770, 1000.000000000000000 ) ;
#283 = ORIENTED_EDGE ( 'NONE', *, *, #1158, .T. ) ;
#284 = FILL_AREA_STYLE ('',( #1881 ) ) ;
#285 = AXIS2_PLACEMENT_3D ( 'NONE', #2040, #409, #220 ) ;
#286 =( NAMED_UNIT ( * ) SI_UNIT ( $, .STERADIAN. ) SOLID_ANGLE_UNIT ( ) );
#287 = COLOUR_RGB ( '',0.000000000000000000, 0.000000000000000000, 0.000000000000000000 ) ;
#288 = SURFACE_SIDE_STYLE ('',( #2075 ) ) ;
#289 = AXIS2_PLACEMENT_3D ( 'NONE', #41, #1570, #613 ) ;
#290 = CARTESIAN_POINT ( 'NONE',  ( -4.150000000000001243, 0.000000000000000000, 0.000000000000000000 ) ) ;
#291 = DIRECTION ( 'NONE',  ( 1.000000000000000000, 0.000000000000000000, 0.000000000000000000 ) ) ;
#292 = DIRECTION ( 'NONE',  ( 1.000000000000000000, 0.000000000000000000, 0.000000000000000000 ) ) ;
#293 = ORIENTED_EDGE ( 'NONE', *, *, #1425, .F. ) ;
#294 = FACE_OUTER_BOUND ( 'NONE', #1771, .T. ) ;
#295 = EDGE_CURVE ( 'NONE', #2080, #1412, #1098, .T. ) ;
#296 = ORIENTED_EDGE ( 'NONE', *, *, #1947, .F. ) ;
#297 =( LENGTH_UNIT ( ) NAMED_UNIT ( * ) SI_UNIT ( .MILLI., .METRE. ) );
#298 = DIRECTION ( 'NONE',  ( -0.000000000000000000, -0.000000000000000000, 1.000000000000000000 ) ) ;
#299 =( NAMED_UNIT ( * ) SI_UNIT ( $, .STERADIAN. ) SOLID_ANGLE_UNIT ( ) );
#300 = DIRECTION ( 'NONE',  ( -0.000000000000000000, 0.000000000000000000, 1.000000000000000000 ) ) ;
#301 = UNCERTAINTY_MEASURE_WITH_UNIT (LENGTH_MEASURE( 1.000000000000000082E-05 ), #1544, 'distance_accuracy_value', 'NONE');
#302 = FILL_AREA_STYLE_COLOUR ( '', #2281 ) ;
#303 = ORIENTED_EDGE ( 'NONE', *, *, #1468, .F. ) ;
#304 = PRESENTATION_STYLE_ASSIGNMENT (( #2044 ) ) ;
#305 = EDGE_CURVE ( 'NONE', #364, #816, #437, .T. ) ;
#306 = ORIENTED_EDGE ( 'NONE', *, *, #913, .T. ) ;
#307 = PRESENTATION_STYLE_ASSIGNMENT (( #2299 ) ) ;
#308 = EDGE_CURVE ( 'NONE', #1697, #1019, #754, .T. ) ;
#309 = SURFACE_SIDE_STYLE ('',( #2014 ) ) ;
#310 = CARTESIAN_POINT ( 'NONE',  ( 3.949999999999999734, 0.4500000000000000111, -20.15000000000000213 ) ) ;
#311 = PRESENTATION_STYLE_ASSIGNMENT (( #208 ) ) ;
#312 = DIRECTION ( 'NONE',  ( -1.000000000000000000, 0.000000000000000000, -0.000000000000000000 ) ) ;
#313 = FACE_OUTER_BOUND ( 'NONE', #338, .T. ) ;
#314 = VECTOR ( 'NONE', #1817, 1000.000000000000000 ) ;
#315 = DIRECTION ( 'NONE',  ( 0.000000000000000000, -0.000000000000000000, 1.000000000000000000 ) ) ;
#316 = LINE ( 'NONE', #1408, #282 ) ;
#317 = VECTOR ( 'NONE', #389, 1000.000000000000000 ) ;
#318 = EDGE_LOOP ( 'NONE', ( #47, #1994, #1353, #1221 ) ) ;
#319 = FILL_AREA_STYLE_COLOUR ( '', #1042 ) ;
#320 = MECHANICAL_DESIGN_GEOMETRIC_PRESENTATION_REPRESENTATION (  '', ( #2197 ), #1643 ) ;
#321 = PRESENTATION_LAYER_ASSIGNMENT (  '', '', ( #1392 ) ) ;
#322 = LINE ( 'NONE', #930, #1843 ) ;
#323 = ORIENTED_EDGE ( 'NONE', *, *, #1632, .T. ) ;
#324 = FILL_AREA_STYLE_COLOUR ( '', #1539 ) ;
#325 = STYLED_ITEM ( 'NONE', ( #868 ), #1338 ) ;
#326 = CARTESIAN_POINT ( 'NONE',  ( 0.000000000000000000, 0.000000000000000000, -2.200000000000000622 ) ) ;
#327 = LINE ( 'NONE', #2301, #484 ) ;
#328 = ADVANCED_FACE ( 'NONE', ( #2036 ), #2012, .F. ) ;
#329 = PRESENTATION_LAYER_ASSIGNMENT (  '', '', ( #1585 ) ) ;
#330 = CARTESIAN_POINT ( 'NONE',  ( 0.000000000000000000, 0.000000000000000000, 0.000000000000000000 ) ) ;
#331 = VERTEX_POINT ( 'NONE', #625 ) ;
#332 = DIRECTION ( 'NONE',  ( 0.000000000000000000, 0.000000000000000000, 1.000000000000000000 ) ) ;
#333 =( GEOMETRIC_REPRESENTATION_CONTEXT ( 3 ) GLOBAL_UNCERTAINTY_ASSIGNED_CONTEXT ( ( #271 ) ) GLOBAL_UNIT_ASSIGNED_CONTEXT ( ( #381, #1831, #429 ) ) REPRESENTATION_CONTEXT ( 'NONE', 'WORKASPACE' ) );
#334 = VERTEX_POINT ( 'NONE', #969 ) ;
#335 = PLANE ( 'NONE',  #1025 ) ;
#336 = PRESENTATION_STYLE_ASSIGNMENT (( #2118 ) ) ;
#337 = ORIENTED_EDGE ( 'NONE', *, *, #192, .F. ) ;
#338 = EDGE_LOOP ( 'NONE', ( #449, #1, #303, #54 ) ) ;
#339 = CARTESIAN_POINT ( 'NONE',  ( 3.450000000000000622, 0.4500000000000000111, -20.85000000000000142 ) ) ;
#340 = CARTESIAN_POINT ( 'NONE',  ( 0.000000000000000000, 0.000000000000000000, -16.44999999999999929 ) ) ;
#341 = DIRECTION ( 'NONE',  ( 1.000000000000000000, 0.000000000000000000, 0.000000000000000000 ) ) ;
#342 = CARTESIAN_POINT ( 'NONE',  ( 0.000000000000000000, 0.000000000000000000, 0.000000000000000000 ) ) ;
#343 = CARTESIAN_POINT ( 'NONE',  ( -5.900000000000000355, 7.225416114969384193E-16, 0.000000000000000000 ) ) ;
#344 = FILL_AREA_STYLE ('',( #1973 ) ) ;
#345 = ORIENTED_EDGE ( 'NONE', *, *, #1810, .F. ) ;
#346 = SURFACE_SIDE_STYLE ('',( #1410 ) ) ;
#347 = EDGE_CURVE ( 'NONE', #671, #2137, #2190, .T. ) ;
#348 =( NAMED_UNIT ( * ) PLANE_ANGLE_UNIT ( ) SI_UNIT ( $, .RADIAN. ) );
#349 = AXIS2_PLACEMENT_3D ( 'NONE', #934, #28, #744 ) ;
#350 = ORIENTED_EDGE ( 'NONE', *, *, #1362, .T. ) ;
#351 = CARTESIAN_POINT ( 'NONE',  ( 3.950000000000000178, -0.4500000000000000111, -22.25000000000000000 ) ) ;
#352 = CARTESIAN_POINT ( 'NONE',  ( -6.924999999999999822, 8.480679084095420054E-16, 0.000000000000000000 ) ) ;
#353 =( GEOMETRIC_REPRESENTATION_CONTEXT ( 3 ) GLOBAL_UNCERTAINTY_ASSIGNED_CONTEXT ( ( #712 ) ) GLOBAL_UNIT_ASSIGNED_CONTEXT ( ( #55, #837, #1367 ) ) REPRESENTATION_CONTEXT ( 'NONE', 'WORKASPACE' ) );
#354 = VECTOR ( 'NONE', #490, 1000.000000000000000 ) ;
#355 = UNCERTAINTY_MEASURE_WITH_UNIT (LENGTH_MEASURE( 1.000000000000000082E-05 ), #1513, 'distance_accuracy_value', 'NONE');
#356 = DIRECTION ( 'NONE',  ( 0.4472135954999585938, -0.4472135954999585938, 0.7745966692414826271 ) ) ;
#357 = PRESENTATION_LAYER_ASSIGNMENT (  '', '', ( #325 ) ) ;
#358 =( NAMED_UNIT ( * ) PLANE_ANGLE_UNIT ( ) SI_UNIT ( $, .RADIAN. ) );
#359 =( GEOMETRIC_REPRESENTATION_CONTEXT ( 3 ) GLOBAL_UNCERTAINTY_ASSIGNED_CONTEXT ( ( #2261 ) ) GLOBAL_UNIT_ASSIGNED_CONTEXT ( ( #91, #257, #820 ) ) REPRESENTATION_CONTEXT ( 'NONE', 'WORKASPACE' ) );
#360 = PRESENTATION_STYLE_ASSIGNMENT (( #1247 ) ) ;
#361 =( NAMED_UNIT ( * ) SI_UNIT ( $, .STERADIAN. ) SOLID_ANGLE_UNIT ( ) );
#362 = CIRCLE ( 'NONE', #1510, 6.924999999999999822 ) ;
#363 = LINE ( 'NONE', #2148, #517 ) ;
#364 = VERTEX_POINT ( 'NONE', #2218 ) ;
#365 = EDGE_CURVE ( 'NONE', #184, #84, #1309, .T. ) ;
#366 = DIRECTION ( 'NONE',  ( 1.000000000000000000, 0.000000000000000000, 0.000000000000000000 ) ) ;
#367 = STYLED_ITEM ( 'NONE', ( #643 ), #872 ) ;
#368 = SURFACE_STYLE_FILL_AREA ( #554 ) ;
#369 = CYLINDRICAL_SURFACE ( 'NONE', #1901, 5.500000000000000000 ) ;
#370 =( NAMED_UNIT ( * ) SI_UNIT ( $, .STERADIAN. ) SOLID_ANGLE_UNIT ( ) );
#371 = DIRECTION ( 'NONE',  ( -0.000000000000000000, -0.000000000000000000, 1.000000000000000000 ) ) ;
#372 = VERTEX_POINT ( 'NONE', #1289 ) ;
#373 = ADVANCED_FACE ( 'NONE', ( #43 ), #187, .F. ) ;
#374 = VERTEX_POINT ( 'NONE', #1899 ) ;
#375 = UNCERTAINTY_MEASURE_WITH_UNIT (LENGTH_MEASURE( 1.000000000000000082E-05 ), #939, 'distance_accuracy_value', 'NONE');
#376 =( NAMED_UNIT ( * ) PLANE_ANGLE_UNIT ( ) SI_UNIT ( $, .RADIAN. ) );
#377 = ADVANCED_FACE ( 'NONE', ( #471 ), #1196, .F. ) ;
#378 = MECHANICAL_DESIGN_GEOMETRIC_PRESENTATION_REPRESENTATION (  '', ( #152 ), #530 ) ;
#379 = FACE_BOUND ( 'NONE', #450, .T. ) ;
#380 = FILL_AREA_STYLE_COLOUR ( '', #1228 ) ;
#381 =( LENGTH_UNIT ( ) NAMED_UNIT ( * ) SI_UNIT ( .MILLI., .METRE. ) );
#382 = ORIENTED_EDGE ( 'NONE', *, *, #1274, .F. ) ;
#383 =( NAMED_UNIT ( * ) SI_UNIT ( $, .STERADIAN. ) SOLID_ANGLE_UNIT ( ) );
#384 = DIRECTION ( 'NONE',  ( 0.000000000000000000, 0.000000000000000000, -1.000000000000000000 ) ) ;
#385 = STYLED_ITEM ( 'NONE', ( #307 ), #1101 ) ;
#386 = COLOUR_RGB ( '',0.000000000000000000, 0.000000000000000000, 0.000000000000000000 ) ;
#387 = FACE_OUTER_BOUND ( 'NONE', #729, .T. ) ;
#388 = AXIS2_PLACEMENT_3D ( 'NONE', #1009, #856, #672 ) ;
#389 = DIRECTION ( 'NONE',  ( -0.000000000000000000, -0.000000000000000000, 1.000000000000000000 ) ) ;
#390 = AXIS2_PLACEMENT_3D ( 'NONE', #955, #2222, #586 ) ;
#391 = AXIS2_PLACEMENT_3D ( 'NONE', #340, #180, #1065 ) ;
#392 = DIRECTION ( 'NONE',  ( 0.4472135954999585938, 0.4472135954999585938, -0.7745966692414826271 ) ) ;
#393 = ADVANCED_FACE ( 'NONE', ( #993 ), #1967, .T. ) ;
#394 = FILL_AREA_STYLE_COLOUR ( '', #853 ) ;
#395 = VECTOR ( 'NONE', #1126, 1000.000000000000000 ) ;
#396 =( LENGTH_UNIT ( ) NAMED_UNIT ( * ) SI_UNIT ( .MILLI., .METRE. ) );
#397 = COLOUR_RGB ( '',0.000000000000000000, 0.000000000000000000, 0.000000000000000000 ) ;
#398 = VECTOR ( 'NONE', #822, 1000.000000000000000 ) ;
#399 = LINE ( 'NONE', #1304, #546 ) ;
#400 = STYLED_ITEM ( 'NONE', ( #1828 ), #1715 ) ;
#401 = VERTEX_POINT ( 'NONE', #661 ) ;
#402 = MECHANICAL_DESIGN_GEOMETRIC_PRESENTATION_REPRESENTATION (  '', ( #1585 ), #242 ) ;
#403 = FILL_AREA_STYLE_COLOUR ( '', #845 ) ;
#404 = EDGE_LOOP ( 'NONE', ( #2279, #1629, #2282, #10, #1482 ) ) ;
#405 = EDGE_CURVE ( 'NONE', #1183, #2209, #576, .T. ) ;
#406 =( NAMED_UNIT ( * ) PLANE_ANGLE_UNIT ( ) SI_UNIT ( $, .RADIAN. ) );
#407 = CARTESIAN_POINT ( 'NONE',  ( 3.949999999999999734, -0.4500000000000000111, -20.85000000000000142 ) ) ;
#408 = DIRECTION ( 'NONE',  ( 0.000000000000000000, 0.000000000000000000, -1.000000000000000000 ) ) ;
#409 = DIRECTION ( 'NONE',  ( 0.000000000000000000, 0.000000000000000000, -1.000000000000000000 ) ) ;
#410 =( NAMED_UNIT ( * ) SI_UNIT ( $, .STERADIAN. ) SOLID_ANGLE_UNIT ( ) );
#411 = ORIENTED_EDGE ( 'NONE', *, *, #600, .F. ) ;
#412 = DIRECTION ( 'NONE',  ( -0.000000000000000000, -0.000000000000000000, 1.000000000000000000 ) ) ;
#413 = SURFACE_SIDE_STYLE ('',( #213 ) ) ;
#414 = DIRECTION ( 'NONE',  ( -1.000000000000000000, 0.000000000000000000, 0.000000000000000000 ) ) ;
#415 = PLANE ( 'NONE',  #626 ) ;
#416 = ORIENTED_EDGE ( 'NONE', *, *, #1869, .F. ) ;
#417 = SURFACE_STYLE_USAGE ( .BOTH. , #1307 ) ;
#418 = CARTESIAN_POINT ( 'NONE',  ( 0.000000000000000000, 0.000000000000000000, 0.000000000000000000 ) ) ;
#419 = EDGE_CURVE ( 'NONE', #1263, #1775, #996, .T. ) ;
#420 = SURFACE_SIDE_STYLE ('',( #1816 ) ) ;
#421 = VECTOR ( 'NONE', #232, 1000.000000000000000 ) ;
#422 = VECTOR ( 'NONE', #2050, 1000.000000000000000 ) ;
#423 = ORIENTED_EDGE ( 'NONE', *, *, #1041, .F. ) ;
#424 = VECTOR ( 'NONE', #1598, 1000.000000000000000 ) ;
#425 =( NAMED_UNIT ( * ) SI_UNIT ( $, .STERADIAN. ) SOLID_ANGLE_UNIT ( ) );
#426 = CARTESIAN_POINT ( 'NONE',  ( 3.634999999999996234, -0.6599999999999961453, -22.53578838324886036 ) ) ;
#427 = CARTESIAN_POINT ( 'NONE',  ( -3.950000000000000178, -0.4500000000000000111, -20.85000000000000142 ) ) ;
#428 = CARTESIAN_POINT ( 'NONE',  ( -3.450000000000000178, 0.000000000000000000, -20.85000000000000142 ) ) ;
#429 =( NAMED_UNIT ( * ) SI_UNIT ( $, .STERADIAN. ) SOLID_ANGLE_UNIT ( ) );
#430 = MECHANICAL_DESIGN_GEOMETRIC_PRESENTATION_REPRESENTATION (  '', ( #1180 ), #585 ) ;
#431 = ORIENTED_EDGE ( 'NONE', *, *, #19, .F. ) ;
#432 =( NAMED_UNIT ( * ) SI_UNIT ( $, .STERADIAN. ) SOLID_ANGLE_UNIT ( ) );
#433 = AXIS2_PLACEMENT_3D ( 'NONE', #2291, #2106, #676 ) ;
#434 = SURFACE_SIDE_STYLE ('',( #2107 ) ) ;
#435 = PRODUCT_DEFINITION ( 'General', '', #999, #1628 ) ;
#436 = ORIENTED_EDGE ( 'NONE', *, *, #2308, .F. ) ;
#437 = LINE ( 'NONE', #1466, #802 ) ;
#438 = CIRCLE ( 'NONE', #1108, 0.4499999999999990119 ) ;
#439 = SURFACE_STYLE_USAGE ( .BOTH. , #1323 ) ;
#440 = PRESENTATION_STYLE_ASSIGNMENT (( #485 ) ) ;
#441 = ORIENTED_EDGE ( 'NONE', *, *, #509, .F. ) ;
#442 = PRESENTATION_LAYER_ASSIGNMENT (  '', '', ( #1157 ) ) ;
#443 = FACE_OUTER_BOUND ( 'NONE', #1808, .T. ) ;
#444 = UNCERTAINTY_MEASURE_WITH_UNIT (LENGTH_MEASURE( 1.000000000000000082E-05 ), #2127, 'distance_accuracy_value', 'NONE');
#445 = CARTESIAN_POINT ( 'NONE',  ( 0.000000000000000000, 0.8249999999999956257, -22.25000000000000000 ) ) ;
#446 = DIRECTION ( 'NONE',  ( -0.000000000000000000, -0.000000000000000000, 1.000000000000000000 ) ) ;
#447 = CARTESIAN_POINT ( 'NONE',  ( 3.950000000000000178, 0.9749999999999999778, -22.25000000000000000 ) ) ;
#448 = FILL_AREA_STYLE ('',( #1376 ) ) ;
#449 = ORIENTED_EDGE ( 'NONE', *, *, #984, .F. ) ;
#450 = EDGE_LOOP ( 'NONE', ( #1366, #2267, #991, #1631 ) ) ;
#451 = DIRECTION ( 'NONE',  ( -0.8660254037844381525, 0.000000000000000000, 0.5000000000000009992 ) ) ;
#452 = ADVANCED_FACE ( 'NONE', ( #459 ), #998, .T. ) ;
#453 = SURFACE_SIDE_STYLE ('',( #1344 ) ) ;
#454 = FILL_AREA_STYLE_COLOUR ( '', #511 ) ;
#455 = ORIENTED_EDGE ( 'NONE', *, *, #2155, .T. ) ;
#456 = FILL_AREA_STYLE ('',( #1670 ) ) ;
#457 = FILL_AREA_STYLE ('',( #621 ) ) ;
#458 = ORIENTED_EDGE ( 'NONE', *, *, #1120, .T. ) ;
#459 = FACE_OUTER_BOUND ( 'NONE', #1864, .T. ) ;
#460 = AXIS2_PLACEMENT_3D ( 'NONE', #206, #217, #982 ) ;
#461 = LINE ( 'NONE', #1900, #1090 ) ;
#462 = PRESENTATION_LAYER_ASSIGNMENT (  '', '', ( #385 ) ) ;
#463 = STYLED_ITEM ( 'NONE', ( #1583 ), #452 ) ;
#464 = UNCERTAINTY_MEASURE_WITH_UNIT (LENGTH_MEASURE( 1.000000000000000082E-05 ), #396, 'distance_accuracy_value', 'NONE');
#465 = EDGE_CURVE ( 'NONE', #516, #1299, #700, .T. ) ;
#466 = COLOUR_RGB ( '',0.000000000000000000, 0.000000000000000000, 0.000000000000000000 ) ;
#467 = VECTOR ( 'NONE', #300, 1000.000000000000000 ) ;
#468 = ORIENTED_EDGE ( 'NONE', *, *, #2210, .F. ) ;
#469 = VECTOR ( 'NONE', #1931, 1000.000000000000000 ) ;
#470 = ORIENTED_EDGE ( 'NONE', *, *, #639, .F. ) ;
#471 = FACE_OUTER_BOUND ( 'NONE', #938, .T. ) ;
#472 = DIRECTION ( 'NONE',  ( 1.000000000000000000, 0.000000000000000000, 0.000000000000000000 ) ) ;
#473 = VECTOR ( 'NONE', #1124, 1000.000000000000000 ) ;
#474 = FACE_OUTER_BOUND ( 'NONE', #243, .T. ) ;
#475 = DIRECTION ( 'NONE',  ( -1.224646799147353207E-16, 1.000000000000000000, 0.000000000000000000 ) ) ;
#476 = VECTOR ( 'NONE', #1845, 1000.000000000000000 ) ;
#477 = ADVANCED_FACE ( 'NONE', ( #1075 ), #1054, .T. ) ;
#478 = CARTESIAN_POINT ( 'NONE',  ( -6.924999999999999822, 0.4500000000000000111, -20.15000000000000213 ) ) ;
#479 = EDGE_LOOP ( 'NONE', ( #1080, #59, #680, #293 ) ) ;
#480 = CARTESIAN_POINT ( 'NONE',  ( 0.000000000000000000, 0.000000000000000000, -3.400000000000000355 ) ) ;
#481 = DIRECTION ( 'NONE',  ( -0.000000000000000000, -0.000000000000000000, 1.000000000000000000 ) ) ;
#482 = ORIENTED_EDGE ( 'NONE', *, *, #256, .F. ) ;
#483 = DIRECTION ( 'NONE',  ( 0.000000000000000000, 0.000000000000000000, -1.000000000000000000 ) ) ;
#484 = VECTOR ( 'NONE', #1911, 1000.000000000000000 ) ;
#485 = SURFACE_STYLE_USAGE ( .BOTH. , #1506 ) ;
#487 = DIRECTION ( 'NONE',  ( 0.4472135954999585938, -0.4472135954999585938, -0.7745966692414826271 ) ) ;
#486 = SURFACE_STYLE_FILL_AREA ( #1866 ) ;
#488 = CARTESIAN_POINT ( 'NONE',  ( -3.950000000000000178, -0.9749999999999997558, -22.25000000000000000 ) ) ;
#489 = DIRECTION ( 'NONE',  ( -0.000000000000000000, -0.000000000000000000, 1.000000000000000000 ) ) ;
#490 = DIRECTION ( 'NONE',  ( 1.000000000000000000, -0.000000000000000000, -0.000000000000000000 ) ) ;
#491 = ORIENTED_EDGE ( 'NONE', *, *, #903, .F. ) ;
#492 = FACE_OUTER_BOUND ( 'NONE', #69, .T. ) ;
#493 = CARTESIAN_POINT ( 'NONE',  ( 0.000000000000000000, 0.000000000000000000, -18.64999999999999858 ) ) ;
#494 = ORIENTED_EDGE ( 'NONE', *, *, #737, .T. ) ;
#495 = CARTESIAN_POINT ( 'NONE',  ( -5.500000000000000000, 6.980486755139913108E-16, -12.84999999999999964 ) ) ;
#496 = EDGE_CURVE ( 'NONE', #266, #334, #1234, .T. ) ;
#497 =( NAMED_UNIT ( * ) PLANE_ANGLE_UNIT ( ) SI_UNIT ( $, .RADIAN. ) );
#498 = FACE_OUTER_BOUND ( 'NONE', #1217, .T. ) ;
#499 = FILL_AREA_STYLE_COLOUR ( '', #386 ) ;
#500 = CARTESIAN_POINT ( 'NONE',  ( -3.950000000000000178, 0.4500000000000000111, -20.15000000000000213 ) ) ;
#501 = PRESENTATION_LAYER_ASSIGNMENT (  '', '', ( #1534 ) ) ;
#502 =( LENGTH_UNIT ( ) NAMED_UNIT ( * ) SI_UNIT ( .MILLI., .METRE. ) );
#503 = MECHANICAL_DESIGN_GEOMETRIC_PRESENTATION_REPRESENTATION (  '', ( #32 ), #664 ) ;
#504 = ORIENTED_EDGE ( 'NONE', *, *, #63, .F. ) ;
#505 =( GEOMETRIC_REPRESENTATION_CONTEXT ( 3 ) GLOBAL_UNCERTAINTY_ASSIGNED_CONTEXT ( ( #1955 ) ) GLOBAL_UNIT_ASSIGNED_CONTEXT ( ( #1548, #688, #668 ) ) REPRESENTATION_CONTEXT ( 'NONE', 'WORKASPACE' ) );
#506 = ORIENTED_EDGE ( 'NONE', *, *, #27, .F. ) ;
#507 = CARTESIAN_POINT ( 'NONE',  ( 0.000000000000000000, 0.000000000000000000, 0.000000000000000000 ) ) ;
#508 = PRESENTATION_LAYER_ASSIGNMENT (  '', '', ( #37 ) ) ;
#509 = EDGE_CURVE ( 'NONE', #2254, #1909, #1059, .T. ) ;
#510 = MECHANICAL_DESIGN_GEOMETRIC_PRESENTATION_REPRESENTATION (  '', ( #1809 ), #1896 ) ;
#511 = COLOUR_RGB ( '',0.6392156862745097534, 0.6666666666666666297, 0.6784313725490196401 ) ;
#512 = COLOUR_RGB ( '',0.000000000000000000, 0.000000000000000000, 0.000000000000000000 ) ;
#513 = SURFACE_STYLE_FILL_AREA ( #1314 ) ;
#514 = PRESENTATION_LAYER_ASSIGNMENT (  '', '', ( #929 ) ) ;
#515 =( NAMED_UNIT ( * ) PLANE_ANGLE_UNIT ( ) SI_UNIT ( $, .RADIAN. ) );
#516 = VERTEX_POINT ( 'NONE', #866 ) ;
#517 = VECTOR ( 'NONE', #698, 1000.000000000000000 ) ;
#518 = ORIENTED_EDGE ( 'NONE', *, *, #241, .F. ) ;
#519 = DIRECTION ( 'NONE',  ( -1.000000000000000000, 0.000000000000000000, 0.000000000000000000 ) ) ;
#520 = UNCERTAINTY_MEASURE_WITH_UNIT (LENGTH_MEASURE( 1.000000000000000082E-05 ), #1545, 'distance_accuracy_value', 'NONE');
#521 = CARTESIAN_POINT ( 'NONE',  ( 3.450000000000000178, 0.9750000000000001998, -18.64999999999999858 ) ) ;
#522 = EDGE_CURVE ( 'NONE', #99, #1669, #1572, .T. ) ;
#523 = DIRECTION ( 'NONE',  ( 0.000000000000000000, -0.000000000000000000, 1.000000000000000000 ) ) ;
#524 = CARTESIAN_POINT ( 'NONE',  ( 0.000000000000000000, 0.000000000000000000, -16.44999999999999929 ) ) ;
#525 = DIRECTION ( 'NONE',  ( 0.000000000000000000, 1.000000000000000000, 0.000000000000000000 ) ) ;
#526 = VERTEX_POINT ( 'NONE', #540 ) ;
#527 = ORIENTED_EDGE ( 'NONE', *, *, #142, .F. ) ;
#528 = CARTESIAN_POINT ( 'NONE',  ( -6.924999999999999822, -0.4500000000000000111, -20.15000000000000213 ) ) ;
#529 =( NAMED_UNIT ( * ) PLANE_ANGLE_UNIT ( ) SI_UNIT ( $, .RADIAN. ) );
#530 =( GEOMETRIC_REPRESENTATION_CONTEXT ( 3 ) GLOBAL_UNCERTAINTY_ASSIGNED_CONTEXT ( ( #2175 ) ) GLOBAL_UNIT_ASSIGNED_CONTEXT ( ( #1904, #1527, #2273 ) ) REPRESENTATION_CONTEXT ( 'NONE', 'WORKASPACE' ) );
#531 =( LENGTH_UNIT ( ) NAMED_UNIT ( * ) SI_UNIT ( .MILLI., .METRE. ) );
#532 = EDGE_CURVE ( 'NONE', #1742, #1989, #1965, .T. ) ;
#533 = CARTESIAN_POINT ( 'NONE',  ( 3.600000000000004530, 0.000000000000000000, -22.25000000000000000 ) ) ;
#534 =( NAMED_UNIT ( * ) SI_UNIT ( $, .STERADIAN. ) SOLID_ANGLE_UNIT ( ) );
#535 = FACE_OUTER_BOUND ( 'NONE', #1571, .T. ) ;
#536 = CARTESIAN_POINT ( 'NONE',  ( -6.924999999999999822, 8.480679084095420054E-16, -3.400000000000000355 ) ) ;
#537 = STYLED_ITEM ( 'NONE', ( #1837 ), #328 ) ;
#538 = VERTEX_POINT ( 'NONE', #1764 ) ;
#539 = FACE_OUTER_BOUND ( 'NONE', #1204, .T. ) ;
#540 = CARTESIAN_POINT ( 'NONE',  ( 4.450000000000001066, 0.000000000000000000, -0.2999999999999999889 ) ) ;
#541 = CIRCLE ( 'NONE', #1287, 4.750000000000000000 ) ;
#542 = COLOUR_RGB ( '',0.6392156862745097534, 0.6666666666666666297, 0.6784313725490196401 ) ;
#543 = UNCERTAINTY_MEASURE_WITH_UNIT (LENGTH_MEASURE( 1.000000000000000082E-05 ), #194, 'distance_accuracy_value', 'NONE');
#544 = SURFACE_STYLE_FILL_AREA ( #1413 ) ;
#545 =( NAMED_UNIT ( * ) PLANE_ANGLE_UNIT ( ) SI_UNIT ( $, .RADIAN. ) );
#546 = VECTOR ( 'NONE', #959, 1000.000000000000000 ) ;
#547 = EDGE_CURVE ( 'NONE', #1299, #1193, #159, .T. ) ;
#548 = AXIS2_PLACEMENT_3D ( 'NONE', #2185, #2347, #1745 ) ;
#549 = ORIENTED_EDGE ( 'NONE', *, *, #1516, .T. ) ;
#550 = FILL_AREA_STYLE_COLOUR ( '', #815 ) ;
#551 = DIRECTION ( 'NONE',  ( 0.000000000000000000, 0.000000000000000000, -1.000000000000000000 ) ) ;
#552 = ADVANCED_FACE ( 'NONE', ( #2344, #2335 ), #711, .F. ) ;
#553 =( GEOMETRIC_REPRESENTATION_CONTEXT ( 3 ) GLOBAL_UNCERTAINTY_ASSIGNED_CONTEXT ( ( #444 ) ) GLOBAL_UNIT_ASSIGNED_CONTEXT ( ( #2127, #1216, #1532 ) ) REPRESENTATION_CONTEXT ( 'NONE', 'WORKASPACE' ) );
#554 = FILL_AREA_STYLE ('',( #1084 ) ) ;
#555 = DIRECTION ( 'NONE',  ( 1.000000000000000000, -0.000000000000000000, -0.000000000000000000 ) ) ;
#556 = SURFACE_SIDE_STYLE ('',( #1119 ) ) ;
#557 = ORIENTED_EDGE ( 'NONE', *, *, #142, .T. ) ;
#558 =( NAMED_UNIT ( * ) PLANE_ANGLE_UNIT ( ) SI_UNIT ( $, .RADIAN. ) );
#559 = CARTESIAN_POINT ( 'NONE',  ( -3.450000000000000178, -0.4500000000000000111, -20.15000000000000213 ) ) ;
#560 = FILL_AREA_STYLE_COLOUR ( '', #97 ) ;
#561 = CARTESIAN_POINT ( 'NONE',  ( -4.550000000000000711, 5.572142936120458313E-16, -2.200000000000000178 ) ) ;
#562 = EDGE_CURVE ( 'NONE', #563, #1306, #11, .T. ) ;
#563 = VERTEX_POINT ( 'NONE', #1451 ) ;
#564 = UNCERTAINTY_MEASURE_WITH_UNIT (LENGTH_MEASURE( 1.000000000000000082E-05 ), #1980, 'distance_accuracy_value', 'NONE');
#565 = FILL_AREA_STYLE_COLOUR ( '', #1728 ) ;
#566 = FILL_AREA_STYLE_COLOUR ( '', #824 ) ;
#567 = ORIENTED_EDGE ( 'NONE', *, *, #63, .T. ) ;
#568 = FACE_OUTER_BOUND ( 'NONE', #2007, .T. ) ;
#569 = FACE_BOUND ( 'NONE', #1504, .T. ) ;
#570 =( NAMED_UNIT ( * ) SI_UNIT ( $, .STERADIAN. ) SOLID_ANGLE_UNIT ( ) );
#571 = PRESENTATION_LAYER_ASSIGNMENT (  '', '', ( #1574 ) ) ;
#572 = VERTEX_POINT ( 'NONE', #1642 ) ;
#573 = DIRECTION ( 'NONE',  ( -0.000000000000000000, -0.000000000000000000, 1.000000000000000000 ) ) ;
#574 = CARTESIAN_POINT ( 'NONE',  ( 3.950000000000000178, -0.9749999999999999778, -21.99019237886465916 ) ) ;
#575 = AXIS2_PLACEMENT_3D ( 'NONE', #2257, #139, #1564 ) ;
#576 = CIRCLE ( 'NONE', #696, 0.4499999999999990119 ) ;
#577 = ORIENTED_EDGE ( 'NONE', *, *, #723, .T. ) ;
#578 = STYLED_ITEM ( 'NONE', ( #1833 ), #679 ) ;
#579 = CARTESIAN_POINT ( 'NONE',  ( 0.000000000000000000, -0.8249999999999954037, -22.25000000000000000 ) ) ;
#580 = EDGE_CURVE ( 'NONE', #947, #862, #2215, .T. ) ;
#581 = COLOUR_RGB ( '',1.000000000000000000, 1.000000000000000000, 1.000000000000000000 ) ;
#582 = AXIS2_PLACEMENT_3D ( 'NONE', #1123, #1821, #551 ) ;
#583 = EDGE_LOOP ( 'NONE', ( #106, #1756, #1879, #1240 ) ) ;
#584 = SURFACE_SIDE_STYLE ('',( #513 ) ) ;
#585 =( GEOMETRIC_REPRESENTATION_CONTEXT ( 3 ) GLOBAL_UNCERTAINTY_ASSIGNED_CONTEXT ( ( #2348 ) ) GLOBAL_UNIT_ASSIGNED_CONTEXT ( ( #1888, #358, #2054 ) ) REPRESENTATION_CONTEXT ( 'NONE', 'WORKASPACE' ) );
#586 = DIRECTION ( 'NONE',  ( -1.000000000000000000, 0.000000000000000000, -0.000000000000000000 ) ) ;
#587 = DIRECTION ( 'NONE',  ( 1.000000000000000000, -0.000000000000000000, 0.000000000000000000 ) ) ;
#588 = AXIS2_PLACEMENT_3D ( 'NONE', #2223, #274, #523 ) ;
#589 = AXIS2_PLACEMENT_3D ( 'NONE', #805, #1855, #2259 ) ;
#590 =( GEOMETRIC_REPRESENTATION_CONTEXT ( 3 ) GLOBAL_UNCERTAINTY_ASSIGNED_CONTEXT ( ( #1352 ) ) GLOBAL_UNIT_ASSIGNED_CONTEXT ( ( #64, #165, #1431 ) ) REPRESENTATION_CONTEXT ( 'NONE', 'WORKASPACE' ) );
#591 = ORIENTED_EDGE ( 'NONE', *, *, #131, .T. ) ;
#592 = SURFACE_STYLE_USAGE ( .BOTH. , #761 ) ;
#593 = FILL_AREA_STYLE ('',( #1835 ) ) ;
#594 = STYLED_ITEM ( 'NONE', ( #1804 ), #2030 ) ;
#595 = AXIS2_PLACEMENT_3D ( 'NONE', #2131, #1714, #2115 ) ;
#596 = PRESENTATION_LAYER_ASSIGNMENT (  '', '', ( #2061 ) ) ;
#597 = LINE ( 'NONE', #255, #314 ) ;
#598 = PRODUCT_CONTEXT ( 'NONE', #1819, 'mechanical' ) ;
#599 = DIRECTION ( 'NONE',  ( 1.000000000000000000, 0.000000000000000000, 0.000000000000000000 ) ) ;
#600 = EDGE_CURVE ( 'NONE', #1697, #1111, #1611, .T. ) ;
#601 = FILL_AREA_STYLE_COLOUR ( '', #1695 ) ;
#602 = DIRECTION ( 'NONE',  ( 0.4472135954999585938, 0.4472135954999585938, 0.7745966692414826271 ) ) ;
#603 = CARTESIAN_POINT ( 'NONE',  ( -6.924999999999999822, 0.4500000000000000111, -20.85000000000000142 ) ) ;
#604 = DIRECTION ( 'NONE',  ( 1.000000000000000000, -0.000000000000000000, -0.000000000000000000 ) ) ;
#605 = ORIENTED_EDGE ( 'NONE', *, *, #562, .T. ) ;
#606 = FACE_OUTER_BOUND ( 'NONE', #479, .T. ) ;
#607 =( NAMED_UNIT ( * ) SI_UNIT ( $, .STERADIAN. ) SOLID_ANGLE_UNIT ( ) );
#608 =( NAMED_UNIT ( * ) PLANE_ANGLE_UNIT ( ) SI_UNIT ( $, .RADIAN. ) );
#609 = FILL_AREA_STYLE ('',( #403 ) ) ;
#610 = EDGE_LOOP ( 'NONE', ( #1476, #624, #2060, #1053 ) ) ;
#611 = CARTESIAN_POINT ( 'NONE',  ( 5.900000000000000355, 0.000000000000000000, 0.000000000000000000 ) ) ;
#612 = CARTESIAN_POINT ( 'NONE',  ( 6.924999999999999822, 0.000000000000000000, -3.400000000000000355 ) ) ;
#613 = DIRECTION ( 'NONE',  ( 1.000000000000000000, 0.000000000000000000, 0.000000000000000000 ) ) ;
#614 = EDGE_CURVE ( 'NONE', #138, #516, #200, .T. ) ;
#615 = LINE ( 'NONE', #447, #1612 ) ;
#616 = DIRECTION ( 'NONE',  ( 0.000000000000000000, 0.000000000000000000, -1.000000000000000000 ) ) ;
#617 = EDGE_LOOP ( 'NONE', ( #865, #1387 ) ) ;
#618 = CARTESIAN_POINT ( 'NONE',  ( 3.950000000000000178, -0.9750000000000001998, -18.64999999999999858 ) ) ;
#619 = LINE ( 'NONE', #2045, #2327 ) ;
#620 = LINE ( 'NONE', #1051, #2016 ) ;
#621 = FILL_AREA_STYLE_COLOUR ( '', #1897 ) ;
#622 = PRESENTATION_STYLE_ASSIGNMENT (( #1700 ) ) ;
#623 =( NAMED_UNIT ( * ) SI_UNIT ( $, .STERADIAN. ) SOLID_ANGLE_UNIT ( ) );
#624 = ORIENTED_EDGE ( 'NONE', *, *, #295, .F. ) ;
#625 = CARTESIAN_POINT ( 'NONE',  ( 3.450000000000000178, -0.4500000000000000111, -20.85000000000000142 ) ) ;
#626 = AXIS2_PLACEMENT_3D ( 'NONE', #2284, #1017, #656 ) ;
#627 =( NAMED_UNIT ( * ) SI_UNIT ( $, .STERADIAN. ) SOLID_ANGLE_UNIT ( ) );
#628 = VERTEX_POINT ( 'NONE', #1139 ) ;
#629 = AXIS2_PLACEMENT_3D ( 'NONE', #1673, #630, #1312 ) ;
#630 = DIRECTION ( 'NONE',  ( -0.000000000000000000, -0.000000000000000000, 1.000000000000000000 ) ) ;
#631 = DIRECTION ( 'NONE',  ( 0.000000000000000000, -0.8660254037844381525, 0.5000000000000009992 ) ) ;
#632 = SURFACE_STYLE_FILL_AREA ( #1676 ) ;
#633 = STYLED_ITEM ( 'NONE', ( #1170 ), #1650 ) ;
#634 = EDGE_LOOP ( 'NONE', ( #701, #989, #1805, #1174 ) ) ;
#635 = EDGE_CURVE ( 'NONE', #228, #372, #932, .T. ) ;
#636 = PRESENTATION_STYLE_ASSIGNMENT (( #120 ) ) ;
#637 = PRESENTATION_LAYER_ASSIGNMENT (  '', '', ( #1037 ) ) ;
#638 = ORIENTED_EDGE ( 'NONE', *, *, #1301, .F. ) ;
#639 = EDGE_CURVE ( 'NONE', #1209, #372, #541, .T. ) ;
#640 = DIRECTION ( 'NONE',  ( 0.000000000000000000, 0.000000000000000000, -1.000000000000000000 ) ) ;
#641 = PRESENTATION_STYLE_ASSIGNMENT (( #2268 ) ) ;
#642 = PRESENTATION_LAYER_ASSIGNMENT (  '', '', ( #46 ) ) ;
#643 = PRESENTATION_STYLE_ASSIGNMENT (( #439 ) ) ;
#644 = MECHANICAL_DESIGN_GEOMETRIC_PRESENTATION_REPRESENTATION (  '', ( #1187 ), #1396 ) ;
#645 = FACE_OUTER_BOUND ( 'NONE', #179, .T. ) ;
#646 = CARTESIAN_POINT ( 'NONE',  ( 0.000000000000000000, 0.000000000000000000, -18.64999999999999858 ) ) ;
#647 = AXIS2_PLACEMENT_3D ( 'NONE', #1283, #1198, #964 ) ;
#648 = CARTESIAN_POINT ( 'NONE',  ( 5.000000000000000000, 7.301956539916092675E-16, -1.699999999999999956 ) ) ;
#649 = UNCERTAINTY_MEASURE_WITH_UNIT (LENGTH_MEASURE( 1.000000000000000082E-05 ), #1859, 'distance_accuracy_value', 'NONE');
#650 = FILL_AREA_STYLE ('',( #2252 ) ) ;
#651 = DIRECTION ( 'NONE',  ( 1.000000000000000000, -0.000000000000000000, 0.000000000000000000 ) ) ;
#652 = ORIENTED_EDGE ( 'NONE', *, *, #984, .T. ) ;
#653 = ORIENTED_EDGE ( 'NONE', *, *, #1319, .F. ) ;
#654 = DIRECTION ( 'NONE',  ( -0.000000000000000000, -0.000000000000000000, 1.000000000000000000 ) ) ;
#655 = EDGE_CURVE ( 'NONE', #184, #1347, #277, .T. ) ;
#656 = DIRECTION ( 'NONE',  ( -1.000000000000000000, 0.000000000000000000, 0.000000000000000000 ) ) ;
#657 = FILL_AREA_STYLE ('',( #847 ) ) ;
#658 = EDGE_LOOP ( 'NONE', ( #1092, #1074, #504, #689 ) ) ;
#659 = DIRECTION ( 'NONE',  ( 1.000000000000000000, 0.000000000000000000, 0.000000000000000000 ) ) ;
#660 = ORIENTED_EDGE ( 'NONE', *, *, #861, .T. ) ;
#661 = CARTESIAN_POINT ( 'NONE',  ( -3.799999999999996270, 0.8249999999999956257, -22.25000000000000000 ) ) ;
#662 = EDGE_CURVE ( 'NONE', #816, #1306, #224, .T. ) ;
#663 = STYLED_ITEM ( 'NONE', ( #2322 ), #1076 ) ;
#664 =( GEOMETRIC_REPRESENTATION_CONTEXT ( 3 ) GLOBAL_UNCERTAINTY_ASSIGNED_CONTEXT ( ( #733 ) ) GLOBAL_UNIT_ASSIGNED_CONTEXT ( ( #1505, #125, #110 ) ) REPRESENTATION_CONTEXT ( 'NONE', 'WORKASPACE' ) );
#665 = CARTESIAN_POINT ( 'NONE',  ( 3.039999999999995151, 0.06499999999999420131, -23.56635861375234242 ) ) ;
#666 = UNCERTAINTY_MEASURE_WITH_UNIT (LENGTH_MEASURE( 1.000000000000000082E-05 ), #1594, 'distance_accuracy_value', 'NONE');
#667 = VECTOR ( 'NONE', #573, 1000.000000000000000 ) ;
#668 =( NAMED_UNIT ( * ) SI_UNIT ( $, .STERADIAN. ) SOLID_ANGLE_UNIT ( ) );
#669 = ORIENTED_EDGE ( 'NONE', *, *, #2290, .F. ) ;
#670 = LINE ( 'NONE', #1683, #1873 ) ;
#671 = VERTEX_POINT ( 'NONE', #2033 ) ;
#672 = DIRECTION ( 'NONE',  ( 1.000000000000000000, 0.000000000000000000, 0.000000000000000000 ) ) ;
#673 = VECTOR ( 'NONE', #1624, 1000.000000000000000 ) ;
#674 = FILL_AREA_STYLE_COLOUR ( '', #992 ) ;
#675 = COLOUR_RGB ( '',0.000000000000000000, 0.000000000000000000, 0.000000000000000000 ) ;
#676 = DIRECTION ( 'NONE',  ( -1.000000000000000000, 0.000000000000000000, 0.000000000000000000 ) ) ;
#677 = FACE_OUTER_BOUND ( 'NONE', #919, .T. ) ;
#678 = STYLED_ITEM ( 'NONE', ( #1231 ), #780 ) ;
#679 = ADVANCED_FACE ( 'NONE', ( #606 ), #1731, .T. ) ;
#680 = ORIENTED_EDGE ( 'NONE', *, *, #2308, .T. ) ;
#681 = FACE_OUTER_BOUND ( 'NONE', #978, .T. ) ;
#682 = EDGE_LOOP ( 'NONE', ( #2073, #382, #1272, #1185 ) ) ;
#683 = DIRECTION ( 'NONE',  ( 1.000000000000000000, 0.000000000000000000, 0.000000000000000000 ) ) ;
#684 = VECTOR ( 'NONE', #130, 1000.000000000000227 ) ;
#685 = SURFACE_STYLE_USAGE ( .BOTH. , #126 ) ;
#686 = FACE_OUTER_BOUND ( 'NONE', #1515, .T. ) ;
#687 = CARTESIAN_POINT ( 'NONE',  ( -5.900000000000000355, 7.225416114969384193E-16, -12.45000000000000284 ) ) ;
#688 =( NAMED_UNIT ( * ) PLANE_ANGLE_UNIT ( ) SI_UNIT ( $, .RADIAN. ) );
#689 = ORIENTED_EDGE ( 'NONE', *, *, #1120, .F. ) ;
#690 = CARTESIAN_POINT ( 'NONE',  ( -3.450000000000000178, -0.9749999999999997558, -22.25000000000000000 ) ) ;
#691 = ADVANCED_FACE ( 'NONE', ( #1285 ), #1523, .F. ) ;
#692 = ORIENTED_EDGE ( 'NONE', *, *, #2064, .T. ) ;
#693 =( NAMED_UNIT ( * ) SI_UNIT ( $, .STERADIAN. ) SOLID_ANGLE_UNIT ( ) );
#694 = CIRCLE ( 'NONE', #801, 5.900000000000000355 ) ;
#695 = SURFACE_SIDE_STYLE ('',( #2097 ) ) ;
#696 = AXIS2_PLACEMENT_3D ( 'NONE', #1186, #2283, #483 ) ;
#697 = ORIENTED_EDGE ( 'NONE', *, *, #1251, .F. ) ;
#698 = DIRECTION ( 'NONE',  ( 0.000000000000000000, 0.000000000000000000, -1.000000000000000000 ) ) ;
#699 = TOROIDAL_SURFACE ( 'NONE', #804, 4.150000000000001243, 0.2999999999999999889 ) ;
#700 = CIRCLE ( 'NONE', #1215, 0.4499999999999990119 ) ;
#701 = ORIENTED_EDGE ( 'NONE', *, *, #532, .T. ) ;
#702 = DIRECTION ( 'NONE',  ( -0.000000000000000000, -0.000000000000000000, 1.000000000000000000 ) ) ;
#703 = FILL_AREA_STYLE_COLOUR ( '', #1331 ) ;
#704 = CIRCLE ( 'NONE', #2139, 4.750000000000000000 ) ;
#705 = VECTOR ( 'NONE', #1694, 1000.000000000000000 ) ;
#706 = MECHANICAL_DESIGN_GEOMETRIC_PRESENTATION_REPRESENTATION (  '', ( #2249 ), #1006 ) ;
#707 = CARTESIAN_POINT ( 'NONE',  ( -3.450000000000000178, 0.000000000000000000, -20.15000000000000213 ) ) ;
#708 =( GEOMETRIC_REPRESENTATION_CONTEXT ( 3 ) GLOBAL_UNCERTAINTY_ASSIGNED_CONTEXT ( ( #1329 ) ) GLOBAL_UNIT_ASSIGNED_CONTEXT ( ( #1069, #755, #1944 ) ) REPRESENTATION_CONTEXT ( 'NONE', 'WORKASPACE' ) );
#709 = VERTEX_POINT ( 'NONE', #798 ) ;
#710 = ORIENTED_EDGE ( 'NONE', *, *, #1264, .F. ) ;
#711 = PLANE ( 'NONE',  #1095 ) ;
#712 = UNCERTAINTY_MEASURE_WITH_UNIT (LENGTH_MEASURE( 1.000000000000000082E-05 ), #55, 'distance_accuracy_value', 'NONE');
#713 = EDGE_CURVE ( 'NONE', #628, #2293, #233, .T. ) ;
#714 = DIRECTION ( 'NONE',  ( 0.000000000000000000, 0.000000000000000000, -1.000000000000000000 ) ) ;
#715 = DIRECTION ( 'NONE',  ( -1.000000000000000000, 0.000000000000000000, 0.000000000000000000 ) ) ;
#716 = ORIENTED_EDGE ( 'NONE', *, *, #1784, .F. ) ;
#717 = SURFACE_STYLE_USAGE ( .BOTH. , #1550 ) ;
#718 = DIRECTION ( 'NONE',  ( 1.000000000000000000, 0.000000000000000000, 0.000000000000000000 ) ) ;
#719 = VERTEX_POINT ( 'NONE', #618 ) ;
#720 =( NAMED_UNIT ( * ) PLANE_ANGLE_UNIT ( ) SI_UNIT ( $, .RADIAN. ) );
#721 = DIRECTION ( 'NONE',  ( -0.000000000000000000, -0.000000000000000000, 1.000000000000000000 ) ) ;
#722 = CARTESIAN_POINT ( 'NONE',  ( -3.799999999999996270, 0.000000000000000000, -22.25000000000000000 ) ) ;
#723 = EDGE_CURVE ( 'NONE', #334, #1933, #4, .T. ) ;
#724 = CARTESIAN_POINT ( 'NONE',  ( -3.950000000000000178, 0.9749999999999999778, -21.99019237886465916 ) ) ;
#725 = DIRECTION ( 'NONE',  ( -1.000000000000000000, 0.000000000000000000, 0.000000000000000000 ) ) ;
#726 = ADVANCED_FACE ( 'NONE', ( #294 ), #1849, .F. ) ;
#727 = STYLED_ITEM ( 'NONE', ( #1758 ), #195 ) ;
#728 = DIRECTION ( 'NONE',  ( 0.000000000000000000, 1.000000000000000000, 0.000000000000000000 ) ) ;
#729 = EDGE_LOOP ( 'NONE', ( #750, #2113, #786, #2119 ) ) ;
#730 =( NAMED_UNIT ( * ) SI_UNIT ( $, .STERADIAN. ) SOLID_ANGLE_UNIT ( ) );
#731 = MECHANICAL_DESIGN_GEOMETRIC_PRESENTATION_REPRESENTATION (  '', ( #190 ), #1428 ) ;
#732 = VERTEX_POINT ( 'NONE', #1754 ) ;
#733 = UNCERTAINTY_MEASURE_WITH_UNIT (LENGTH_MEASURE( 1.000000000000000082E-05 ), #1505, 'distance_accuracy_value', 'NONE');
#734 = CARTESIAN_POINT ( 'NONE',  ( -4.750000000000000000, 5.817072295949927426E-16, -18.64999999999999858 ) ) ;
#735 = MECHANICAL_DESIGN_GEOMETRIC_PRESENTATION_REPRESENTATION (  '', ( #925 ), #810 ) ;
#736 = AXIS2_PLACEMENT_3D ( 'NONE', #2058, #1630, #1330 ) ;
#737 = EDGE_CURVE ( 'NONE', #374, #2053, #1768, .T. ) ;
#738 =( NAMED_UNIT ( * ) SI_UNIT ( $, .STERADIAN. ) SOLID_ANGLE_UNIT ( ) );
#739 = EDGE_LOOP ( 'NONE', ( #2188, #17, #468, #1561 ) ) ;
#740 = CARTESIAN_POINT ( 'NONE',  ( 3.765000000000004565, -0.6599999999999961453, -22.53578838324886036 ) ) ;
#741 = CARTESIAN_POINT ( 'NONE',  ( 0.000000000000000000, 0.000000000000000000, 0.000000000000000000 ) ) ;
#742 =( NAMED_UNIT ( * ) SI_UNIT ( $, .STERADIAN. ) SOLID_ANGLE_UNIT ( ) );
#743 = PRESENTATION_LAYER_ASSIGNMENT (  '', '', ( #1747 ) ) ;
#744 = DIRECTION ( 'NONE',  ( 0.000000000000000000, 0.000000000000000000, -1.000000000000000000 ) ) ;
#745 = DIRECTION ( 'NONE',  ( 0.000000000000000000, -0.000000000000000000, 1.000000000000000000 ) ) ;
#746 = DIRECTION ( 'NONE',  ( -1.000000000000000000, 0.000000000000000000, 0.000000000000000000 ) ) ;
#747 = DIRECTION ( 'NONE',  ( 0.000000000000000000, 1.000000000000000000, 0.000000000000000000 ) ) ;
#748 = PRESENTATION_STYLE_ASSIGNMENT (( #16 ) ) ;
#749 =( LENGTH_UNIT ( ) NAMED_UNIT ( * ) SI_UNIT ( .MILLI., .METRE. ) );
#750 = ORIENTED_EDGE ( 'NONE', *, *, #133, .T. ) ;
#751 = EDGE_CURVE ( 'NONE', #1742, #1183, #363, .T. ) ;
#752 = PRESENTATION_STYLE_ASSIGNMENT (( #592 ) ) ;
#753 = DIRECTION ( 'NONE',  ( 0.000000000000000000, 0.000000000000000000, -1.000000000000000000 ) ) ;
#754 = LINE ( 'NONE', #1660, #1091 ) ;
#755 =( NAMED_UNIT ( * ) PLANE_ANGLE_UNIT ( ) SI_UNIT ( $, .RADIAN. ) );
#756 = ORIENTED_EDGE ( 'NONE', *, *, #899, .T. ) ;
#757 = LINE ( 'NONE', #1178, #276 ) ;
#758 = CARTESIAN_POINT ( 'NONE',  ( -3.950000000000000178, -0.9749999999999997558, -22.25000000000000000 ) ) ;
#759 =( GEOMETRIC_REPRESENTATION_CONTEXT ( 3 ) GLOBAL_UNCERTAINTY_ASSIGNED_CONTEXT ( ( #2092 ) ) GLOBAL_UNIT_ASSIGNED_CONTEXT ( ( #1716, #1211, #286 ) ) REPRESENTATION_CONTEXT ( 'NONE', 'WORKASPACE' ) );
#760 = ORIENTED_EDGE ( 'NONE', *, *, #928, .F. ) ;
#761 = SURFACE_SIDE_STYLE ('',( #185 ) ) ;
#762 = STYLED_ITEM ( 'NONE', ( #1937 ), #1086 ) ;
#763 = STYLED_ITEM ( 'NONE', ( #941 ), #373 ) ;
#764 = PRESENTATION_LAYER_ASSIGNMENT (  '', '', ( #1028 ) ) ;
#765 = STYLED_ITEM ( 'NONE', ( #869 ), #2337 ) ;
#766 = AXIS2_PLACEMENT_3D ( 'NONE', #1861, #990, #263 ) ;
#767 = ADVANCED_FACE ( 'NONE', ( #155, #136 ), #895, .F. ) ;
#768 = ORIENTED_EDGE ( 'NONE', *, *, #2319, .T. ) ;
#769 = CIRCLE ( 'NONE', #2046, 0.4499999999999990119 ) ;
#770 = FILL_AREA_STYLE ('',( #1654 ) ) ;
#771 = STYLED_ITEM ( 'NONE', ( #1484 ), #1452 ) ;
#772 = FACE_OUTER_BOUND ( 'NONE', #773, .T. ) ;
#773 = EDGE_LOOP ( 'NONE', ( #33, #1378, #1153, #898 ) ) ;
#774 = SURFACE_STYLE_FILL_AREA ( #1815 ) ;
#775 = CARTESIAN_POINT ( 'NONE',  ( 4.450000000000000178, 0.000000000000000000, -2.200000000000000622 ) ) ;
#776 = COLOUR_RGB ( '',0.6392156862745097534, 0.6666666666666666297, 0.6784313725490196401 ) ;
#777 = VECTOR ( 'NONE', #250, 1000.000000000000000 ) ;
#778 =( NAMED_UNIT ( * ) SI_UNIT ( $, .STERADIAN. ) SOLID_ANGLE_UNIT ( ) );
#779 = LINE ( 'NONE', #1672, #421 ) ;
#780 = ADVANCED_FACE ( 'NONE', ( #492 ), #1960, .T. ) ;
#781 = PRODUCT_DEFINITION_SHAPE ( 'NONE', 'NONE',  #435 ) ;
#782 = DIRECTION ( 'NONE',  ( -0.000000000000000000, -0.000000000000000000, 1.000000000000000000 ) ) ;
#783 = SURFACE_SIDE_STYLE ('',( #52 ) ) ;
#784 = CIRCLE ( 'NONE', #1077, 5.900000000000000355 ) ;
#785 = FILL_AREA_STYLE_COLOUR ( '', #889 ) ;
#786 = ORIENTED_EDGE ( 'NONE', *, *, #713, .F. ) ;
#787 = DIRECTION ( 'NONE',  ( 1.000000000000000000, -0.000000000000000000, -0.000000000000000000 ) ) ;
#788 = PLANE ( 'NONE',  #1110 ) ;
#789 = VERTEX_POINT ( 'NONE', #2111 ) ;
#790 = CARTESIAN_POINT ( 'NONE',  ( 3.950000000000000178, 0.9749999999999999778, -18.64999999999999858 ) ) ;
#791 = EDGE_CURVE ( 'NONE', #1183, #1060, #1045, .T. ) ;
#792 = UNCERTAINTY_MEASURE_WITH_UNIT (LENGTH_MEASURE( 1.000000000000000082E-05 ), #95, 'distance_accuracy_value', 'NONE');
#793 = COLOUR_RGB ( '',0.000000000000000000, 0.000000000000000000, 0.000000000000000000 ) ;
#794 = FACE_OUTER_BOUND ( 'NONE', #1155, .T. ) ;
#795 = CARTESIAN_POINT ( 'NONE',  ( 4.999999999999999112, 0.000000000000000000, -16.94999999999999929 ) ) ;
#796 = ADVANCED_FACE ( 'NONE', ( #535 ), #863, .F. ) ;
#797 = ORIENTED_EDGE ( 'NONE', *, *, #1251, .T. ) ;
#798 = CARTESIAN_POINT ( 'NONE',  ( 4.550000000000000711, 0.000000000000000000, -2.200000000000000178 ) ) ;
#799 = DIRECTION ( 'NONE',  ( -0.000000000000000000, -1.000000000000000000, -0.000000000000000000 ) ) ;
#800 = ORIENTED_EDGE ( 'NONE', *, *, #1237, .T. ) ;
#801 = AXIS2_PLACEMENT_3D ( 'NONE', #1883, #1704, #101 ) ;
#802 = VECTOR ( 'NONE', #414, 1000.000000000000000 ) ;
#803 = CARTESIAN_POINT ( 'NONE',  ( -3.450000000000000178, 0.000000000000000000, -21.30000000000000071 ) ) ;
#804 = AXIS2_PLACEMENT_3D ( 'NONE', #1448, #714, #746 ) ;
#805 = CARTESIAN_POINT ( 'NONE',  ( 0.000000000000000000, 5.500000000000000000, -16.94999999999999929 ) ) ;
#806 = SURFACE_STYLE_FILL_AREA ( #770 ) ;
#807 =( GEOMETRIC_REPRESENTATION_CONTEXT ( 3 ) GLOBAL_UNCERTAINTY_ASSIGNED_CONTEXT ( ( #983 ) ) GLOBAL_UNIT_ASSIGNED_CONTEXT ( ( #876, #1236, #299 ) ) REPRESENTATION_CONTEXT ( 'NONE', 'WORKASPACE' ) );
#808 =( NAMED_UNIT ( * ) PLANE_ANGLE_UNIT ( ) SI_UNIT ( $, .RADIAN. ) );
#809 = COLOUR_RGB ( '',0.000000000000000000, 0.000000000000000000, 0.000000000000000000 ) ;
#810 =( GEOMETRIC_REPRESENTATION_CONTEXT ( 3 ) GLOBAL_UNCERTAINTY_ASSIGNED_CONTEXT ( ( #649 ) ) GLOBAL_UNIT_ASSIGNED_CONTEXT ( ( #1859, #808, #1315 ) ) REPRESENTATION_CONTEXT ( 'NONE', 'WORKASPACE' ) );
#811 = ORIENTED_EDGE ( 'NONE', *, *, #723, .F. ) ;
#812 = DIRECTION ( 'NONE',  ( -0.000000000000000000, -0.000000000000000000, 1.000000000000000000 ) ) ;
#813 = DIRECTION ( 'NONE',  ( 1.000000000000000000, 0.000000000000000000, 0.000000000000000000 ) ) ;
#814 = EDGE_CURVE ( 'NONE', #1663, #1933, #979, .T. ) ;
#815 = COLOUR_RGB ( '',0.000000000000000000, 0.000000000000000000, 0.000000000000000000 ) ;
#816 = VERTEX_POINT ( 'NONE', #2280 ) ;
#817 = MECHANICAL_DESIGN_GEOMETRIC_PRESENTATION_REPRESENTATION (  '', ( #929 ), #1294 ) ;
#818 = PLANE ( 'NONE',  #1023 ) ;
#819 = VECTOR ( 'NONE', #812, 1000.000000000000000 ) ;
#820 =( NAMED_UNIT ( * ) SI_UNIT ( $, .STERADIAN. ) SOLID_ANGLE_UNIT ( ) );
#821 = UNCERTAINTY_MEASURE_WITH_UNIT (LENGTH_MEASURE( 1.000000000000000082E-05 ), #749, 'distance_accuracy_value', 'NONE');
#822 = DIRECTION ( 'NONE',  ( -0.000000000000000000, -0.000000000000000000, 1.000000000000000000 ) ) ;
#823 = CARTESIAN_POINT ( 'NONE',  ( 3.950000000000000178, -0.4500000000000000111, -20.15000000000000213 ) ) ;
#824 = COLOUR_RGB ( '',0.000000000000000000, 0.000000000000000000, 0.000000000000000000 ) ;
#825 = ORIENTED_EDGE ( 'NONE', *, *, #1603, .T. ) ;
#826 = CARTESIAN_POINT ( 'NONE',  ( 0.000000000000000000, 0.000000000000000000, -0.2999999999999999889 ) ) ;
#827 = DIRECTION ( 'NONE',  ( -0.000000000000000000, -0.000000000000000000, 1.000000000000000000 ) ) ;
#828 = EDGE_CURVE ( 'NONE', #1536, #719, #2062, .T. ) ;
#829 = ORIENTED_EDGE ( 'NONE', *, *, #1836, .T. ) ;
#830 = SURFACE_STYLE_FILL_AREA ( #284 ) ;
#831 = SURFACE_STYLE_FILL_AREA ( #1454 ) ;
#832 = DIRECTION ( 'NONE',  ( -0.000000000000000000, -0.000000000000000000, 1.000000000000000000 ) ) ;
#833 = DIRECTION ( 'NONE',  ( 1.000000000000000000, 0.000000000000000000, 0.000000000000000000 ) ) ;
#834 = SURFACE_STYLE_FILL_AREA ( #2224 ) ;
#835 = FILL_AREA_STYLE_COLOUR ( '', #793 ) ;
#836 = ORIENTED_EDGE ( 'NONE', *, *, #45, .T. ) ;
#837 =( NAMED_UNIT ( * ) PLANE_ANGLE_UNIT ( ) SI_UNIT ( $, .RADIAN. ) );
#838 = ORIENTED_EDGE ( 'NONE', *, *, #1546, .F. ) ;
#839 = TOROIDAL_SURFACE ( 'NONE', #1601, 4.999999999999999112, 0.5000000000000000000 ) ;
#840 = CARTESIAN_POINT ( 'NONE',  ( 3.450000000000000622, 0.000000000000000000, -20.85000000000000142 ) ) ;
#841 = CIRCLE ( 'NONE', #1136, 5.500000000000000000 ) ;
#842 = CARTESIAN_POINT ( 'NONE',  ( -3.950000000000000178, -0.9749999999999997558, -21.99019237886465916 ) ) ;
#843 = DIRECTION ( 'NONE',  ( 1.000000000000000000, 0.000000000000000000, 0.000000000000000000 ) ) ;
#844 = EDGE_CURVE ( 'NONE', #1953, #262, #1134, .T. ) ;
#845 = COLOUR_RGB ( '',0.000000000000000000, 0.000000000000000000, 0.000000000000000000 ) ;
#846 = CARTESIAN_POINT ( 'NONE',  ( 0.000000000000000000, 4.450000000000000178, -2.200000000000000622 ) ) ;
#847 = FILL_AREA_STYLE_COLOUR ( '', #581 ) ;
#848 =( GEOMETRIC_REPRESENTATION_CONTEXT ( 3 ) GLOBAL_UNCERTAINTY_ASSIGNED_CONTEXT ( ( #1242 ) ) GLOBAL_UNIT_ASSIGNED_CONTEXT ( ( #1222, #497, #730 ) ) REPRESENTATION_CONTEXT ( 'NONE', 'WORKASPACE' ) );
#849 = DIRECTION ( 'NONE',  ( 1.000000000000000000, 0.000000000000000000, -0.000000000000000000 ) ) ;
#850 = LINE ( 'NONE', #2313, #1467 ) ;
#851 = ORIENTED_EDGE ( 'NONE', *, *, #45, .F. ) ;
#852 = DIRECTION ( 'NONE',  ( 0.000000000000000000, -0.000000000000000000, 1.000000000000000000 ) ) ;
#853 = COLOUR_RGB ( '',0.6392156862745097534, 0.6666666666666666297, 0.6784313725490196401 ) ;
#854 = SURFACE_SIDE_STYLE ('',( #1724 ) ) ;
#855 = ORIENTED_EDGE ( 'NONE', *, *, #562, .F. ) ;
#856 = DIRECTION ( 'NONE',  ( -0.000000000000000000, -0.000000000000000000, 1.000000000000000000 ) ) ;
#857 = MECHANICAL_DESIGN_GEOMETRIC_PRESENTATION_REPRESENTATION (  '', ( #197 ), #1327 ) ;
#858 = SURFACE_STYLE_USAGE ( .BOTH. , #936 ) ;
#859 = SURFACE_STYLE_FILL_AREA ( #1200 ) ;
#860 = FILL_AREA_STYLE_COLOUR ( '', #1368 ) ;
#861 = EDGE_CURVE ( 'NONE', #2137, #401, #904, .T. ) ;
#862 = VERTEX_POINT ( 'NONE', #2336 ) ;
#863 = PLANE ( 'NONE',  #1813 ) ;
#864 =( NAMED_UNIT ( * ) PLANE_ANGLE_UNIT ( ) SI_UNIT ( $, .RADIAN. ) );
#865 = ORIENTED_EDGE ( 'NONE', *, *, #1546, .T. ) ;
#866 = CARTESIAN_POINT ( 'NONE',  ( 3.949999999999999734, 0.000000000000000000, -21.30000000000000071 ) ) ;
#867 =( NAMED_UNIT ( * ) SI_UNIT ( $, .STERADIAN. ) SOLID_ANGLE_UNIT ( ) );
#868 = PRESENTATION_STYLE_ASSIGNMENT (( #1882 ) ) ;
#869 = PRESENTATION_STYLE_ASSIGNMENT (( #118 ) ) ;
#870 = VERTEX_POINT ( 'NONE', #2125 ) ;
#871 = CYLINDRICAL_SURFACE ( 'NONE', #1003, 0.4499999999999990119 ) ;
#872 = ADVANCED_FACE ( 'NONE', ( #1573, #2345 ), #87, .F. ) ;
#873 = EDGE_LOOP ( 'NONE', ( #1712, #2098 ) ) ;
#874 = PLANE ( 'NONE',  #1688 ) ;
#875 = LINE ( 'NONE', #603, #673 ) ;
#876 =( LENGTH_UNIT ( ) NAMED_UNIT ( * ) SI_UNIT ( .MILLI., .METRE. ) );
#877 = COLOUR_RGB ( '',0.000000000000000000, 0.000000000000000000, 0.000000000000000000 ) ;
#878 = VECTOR ( 'NONE', #1446, 1000.000000000000000 ) ;
#879 = FACE_OUTER_BOUND ( 'NONE', #2123, .T. ) ;
#880 = ORIENTED_EDGE ( 'NONE', *, *, #223, .F. ) ;
#881 = FILL_AREA_STYLE_COLOUR ( '', #49 ) ;
#882 = FILL_AREA_STYLE_COLOUR ( '', #129 ) ;
#883 = COLOUR_RGB ( '',0.000000000000000000, 0.000000000000000000, 0.000000000000000000 ) ;
#884 = ORIENTED_EDGE ( 'NONE', *, *, #1957, .T. ) ;
#885 = ADVANCED_FACE ( 'NONE', ( #568 ), #1489, .F. ) ;
#886 = DIRECTION ( 'NONE',  ( 0.000000000000000000, 0.000000000000000000, 1.000000000000000000 ) ) ;
#887 = AXIS2_PLACEMENT_3D ( 'NONE', #918, #1608, #292 ) ;
#888 = CARTESIAN_POINT ( 'NONE',  ( 0.000000000000000000, -0.8249999999999954037, -22.25000000000000000 ) ) ;
#889 = COLOUR_RGB ( '',0.6392156862745097534, 0.6666666666666666297, 0.6784313725490196401 ) ;
#890 = CARTESIAN_POINT ( 'NONE',  ( 0.000000000000000000, 0.000000000000000000, 0.000000000000000000 ) ) ;
#891 = AXIS2_PLACEMENT_3D ( 'NONE', #342, #832, #2149 ) ;
#892 = PRESENTATION_LAYER_ASSIGNMENT (  '', '', ( #1809 ) ) ;
#893 = PRESENTATION_STYLE_ASSIGNMENT (( #1436 ) ) ;
#894 = ORIENTED_EDGE ( 'NONE', *, *, #2350, .F. ) ;
#895 = PLANE ( 'NONE',  #1622 ) ;
#896 =( GEOMETRIC_REPRESENTATION_CONTEXT ( 3 ) GLOBAL_UNCERTAINTY_ASSIGNED_CONTEXT ( ( #1509 ) ) GLOBAL_UNIT_ASSIGNED_CONTEXT ( ( #1250, #1394, #144 ) ) REPRESENTATION_CONTEXT ( 'NONE', 'WORKASPACE' ) );
#897 = CARTESIAN_POINT ( 'NONE',  ( 3.450000000000000178, -0.9749999999999999778, -22.25000000000000000 ) ) ;
#898 = ORIENTED_EDGE ( 'NONE', *, *, #496, .F. ) ;
#899 = EDGE_CURVE ( 'NONE', #2219, #1111, #251, .T. ) ;
#900 = PRESENTATION_LAYER_ASSIGNMENT (  '', '', ( #2145 ) ) ;
#901 = UNCERTAINTY_MEASURE_WITH_UNIT (LENGTH_MEASURE( 1.000000000000000082E-05 ), #2191, 'distance_accuracy_value', 'NONE');
#902 =( NAMED_UNIT ( * ) SI_UNIT ( $, .STERADIAN. ) SOLID_ANGLE_UNIT ( ) );
#903 = EDGE_CURVE ( 'NONE', #1875, #334, #2140, .T. ) ;
#904 = LINE ( 'NONE', #722, #1986 ) ;
#905 = CARTESIAN_POINT ( 'NONE',  ( 4.450000000000001066, 0.000000000000000000, 0.000000000000000000 ) ) ;
#906 = SURFACE_STYLE_FILL_AREA ( #1781 ) ;
#907 = DIRECTION ( 'NONE',  ( 0.000000000000000000, 0.000000000000000000, 1.000000000000000000 ) ) ;
#908 = CARTESIAN_POINT ( 'NONE',  ( 0.000000000000000000, 0.000000000000000000, 0.000000000000000000 ) ) ;
#909 = CARTESIAN_POINT ( 'NONE',  ( -3.450000000000000178, -0.9749999999999997558, -21.99019237886465916 ) ) ;
#910 = ORIENTED_EDGE ( 'NONE', *, *, #1497, .F. ) ;
#911 = SURFACE_STYLE_USAGE ( .BOTH. , #1757 ) ;
#912 = DIRECTION ( 'NONE',  ( -0.000000000000000000, -0.000000000000000000, 1.000000000000000000 ) ) ;
#913 = EDGE_CURVE ( 'NONE', #1347, #331, #1492, .T. ) ;
#914 = FACE_OUTER_BOUND ( 'NONE', #2334, .T. ) ;
#915 = SURFACE_SIDE_STYLE ('',( #1558 ) ) ;
#916 = PRESENTATION_LAYER_ASSIGNMENT (  '', '', ( #1460 ) ) ;
#917 = CARTESIAN_POINT ( 'NONE',  ( -3.450000000000000178, 0.4500000000000000111, -20.85000000000000142 ) ) ;
#918 = CARTESIAN_POINT ( 'NONE',  ( 0.000000000000000000, 0.000000000000000000, -2.200000000000000178 ) ) ;
#919 = EDGE_LOOP ( 'NONE', ( #2296, #337 ) ) ;
#920 = DIRECTION ( 'NONE',  ( -1.000000000000000000, 0.000000000000000000, 0.000000000000000000 ) ) ;
#921 =( NAMED_UNIT ( * ) PLANE_ANGLE_UNIT ( ) SI_UNIT ( $, .RADIAN. ) );
#922 = AXIS2_PLACEMENT_3D ( 'NONE', #507, #702, #2160 ) ;
#923 = UNCERTAINTY_MEASURE_WITH_UNIT (LENGTH_MEASURE( 1.000000000000000082E-05 ), #531, 'distance_accuracy_value', 'NONE');
#924 = STYLED_ITEM ( 'NONE', ( #336 ), #1388 ) ;
#925 = STYLED_ITEM ( 'NONE', ( #2031 ), #1542 ) ;
#926 = DIRECTION ( 'NONE',  ( -0.000000000000000000, -0.000000000000000000, 1.000000000000000000 ) ) ;
#927 = AXIS2_PLACEMENT_3D ( 'NONE', #758, #587, #1818 ) ;
#928 = EDGE_CURVE ( 'NONE', #1995, #526, #1707, .T. ) ;
#929 = STYLED_ITEM ( 'NONE', ( #1427 ), #2168 ) ;
#930 = CARTESIAN_POINT ( 'NONE',  ( -3.950000000000000178, -0.9749999999999997558, -18.64999999999999858 ) ) ;
#931 = ORIENTED_EDGE ( 'NONE', *, *, #814, .T. ) ;
#932 = LINE ( 'NONE', #2021, #2324 ) ;
#933 = MECHANICAL_DESIGN_GEOMETRIC_PRESENTATION_REPRESENTATION (  '', ( #1157 ), #553 ) ;
#934 = CARTESIAN_POINT ( 'NONE',  ( -6.924999999999999822, 0.000000000000000000, -20.15000000000000213 ) ) ;
#935 = SURFACE_SIDE_STYLE ('',( #859 ) ) ;
#936 = SURFACE_SIDE_STYLE ('',( #1104 ) ) ;
#937 = SURFACE_STYLE_USAGE ( .BOTH. , #2236 ) ;
#938 = EDGE_LOOP ( 'NONE', ( #135, #1893, #283, #1552 ) ) ;
#939 =( LENGTH_UNIT ( ) NAMED_UNIT ( * ) SI_UNIT ( .MILLI., .METRE. ) );
#940 = ADVANCED_FACE ( 'NONE', ( #1501 ), #369, .T. ) ;
#941 = PRESENTATION_STYLE_ASSIGNMENT (( #1145 ) ) ;
#942 = DIRECTION ( 'NONE',  ( 1.000000000000000000, 0.000000000000000000, 0.000000000000000000 ) ) ;
#943 = LINE ( 'NONE', #2003, #1244 ) ;
#944 = LINE ( 'NONE', #2211, #1878 ) ;
#945 = DIRECTION ( 'NONE',  ( 0.4472135954999585938, -0.4472135954999585938, 0.7745966692414826271 ) ) ;
#946 = CARTESIAN_POINT ( 'NONE',  ( 3.450000000000000622, 0.000000000000000000, -20.85000000000000142 ) ) ;
#947 = VERTEX_POINT ( 'NONE', #2026 ) ;
#948 = DIRECTION ( 'NONE',  ( 0.000000000000000000, -1.000000000000000000, -0.000000000000000000 ) ) ;
#949 = AXIS2_PLACEMENT_3D ( 'NONE', #2256, #654, #1349 ) ;
#950 = ADVANCED_FACE ( 'NONE', ( #188 ), #153, .F. ) ;
#951 = PRESENTATION_STYLE_ASSIGNMENT (( #231 ) ) ;
#952 = AXIS2_PLACEMENT_3D ( 'NONE', #2091, #1868, #270 ) ;
#953 = FILL_AREA_STYLE ('',( #1130 ) ) ;
#954 = CIRCLE ( 'NONE', #1773, 0.4499999999999990119 ) ;
#955 = CARTESIAN_POINT ( 'NONE',  ( 0.000000000000000000, 0.000000000000000000, 0.000000000000000000 ) ) ;
#956 =( NAMED_UNIT ( * ) PLANE_ANGLE_UNIT ( ) SI_UNIT ( $, .RADIAN. ) );
#957 = VECTOR ( 'NONE', #36, 1000.000000000000000 ) ;
#958 = CARTESIAN_POINT ( 'NONE',  ( -3.450000000000000178, 0.4500000000000000111, -20.15000000000000213 ) ) ;
#959 = DIRECTION ( 'NONE',  ( 1.000000000000000000, -0.000000000000000000, -0.000000000000000000 ) ) ;
#960 = EDGE_LOOP ( 'NONE', ( #2063, #980, #148, #605 ) ) ;
#961 = FILL_AREA_STYLE ('',( #550 ) ) ;
#962 = PLANE ( 'NONE',  #1511 ) ;
#963 =( GEOMETRIC_REPRESENTATION_CONTEXT ( 3 ) GLOBAL_UNCERTAINTY_ASSIGNED_CONTEXT ( ( #2237 ) ) GLOBAL_UNIT_ASSIGNED_CONTEXT ( ( #1035, #1744, #867 ) ) REPRESENTATION_CONTEXT ( 'NONE', 'WORKASPACE' ) );
#964 = DIRECTION ( 'NONE',  ( 0.000000000000000000, 0.000000000000000000, -1.000000000000000000 ) ) ;
#965 = SURFACE_STYLE_FILL_AREA ( #127 ) ;
#966 = SURFACE_STYLE_FILL_AREA ( #457 ) ;
#967 = DIRECTION ( 'NONE',  ( -1.000000000000000000, 0.000000000000000000, 0.000000000000000000 ) ) ;
#968 = ORIENTED_EDGE ( 'NONE', *, *, #1526, .F. ) ;
#969 = CARTESIAN_POINT ( 'NONE',  ( -6.924999999999999822, 0.000000000000000000, -3.200000000000000178 ) ) ;
#970 = VECTOR ( 'NONE', #827, 1000.000000000000000 ) ;
#971 = EDGE_CURVE ( 'NONE', #1906, #2293, #1049, .T. ) ;
#972 = ORIENTED_EDGE ( 'NONE', *, *, #1977, .T. ) ;
#973 = DIRECTION ( 'NONE',  ( 0.000000000000000000, 1.000000000000000000, 0.000000000000000000 ) ) ;
#974 = FILL_AREA_STYLE_COLOUR ( '', #877 ) ;
#975 = SURFACE_STYLE_USAGE ( .BOTH. , #245 ) ;
#976 = LINE ( 'NONE', #1328, #1923 ) ;
#977 = VECTOR ( 'NONE', #481, 1000.000000000000000 ) ;
#978 = EDGE_LOOP ( 'NONE', ( #491, #1320, #931, #811 ) ) ;
#979 = LINE ( 'NONE', #1355, #819 ) ;
#980 = ORIENTED_EDGE ( 'NONE', *, *, #1041, .T. ) ;
#981 = SURFACE_STYLE_USAGE ( .BOTH. , #2102 ) ;
#982 = DIRECTION ( 'NONE',  ( 1.000000000000000000, 0.000000000000000000, 0.000000000000000000 ) ) ;
#983 = UNCERTAINTY_MEASURE_WITH_UNIT (LENGTH_MEASURE( 1.000000000000000082E-05 ), #876, 'distance_accuracy_value', 'NONE');
#984 = EDGE_CURVE ( 'NONE', #816, #538, #137, .T. ) ;
#985 = FILL_AREA_STYLE_COLOUR ( '', #1184 ) ;
#986 =( LENGTH_UNIT ( ) NAMED_UNIT ( * ) SI_UNIT ( .MILLI., .METRE. ) );
#987 = LINE ( 'NONE', #66, #2052 ) ;
#988 = CARTESIAN_POINT ( 'NONE',  ( -6.924999999999999822, 0.000000000000000000, -20.85000000000000142 ) ) ;
#989 = ORIENTED_EDGE ( 'NONE', *, *, #1210, .F. ) ;
#990 = DIRECTION ( 'NONE',  ( 1.000000000000000000, -0.000000000000000000, -0.000000000000000000 ) ) ;
#991 = ORIENTED_EDGE ( 'NONE', *, *, #1569, .F. ) ;
#992 = COLOUR_RGB ( '',0.000000000000000000, 0.000000000000000000, 0.000000000000000000 ) ;
#993 = FACE_OUTER_BOUND ( 'NONE', #1652, .T. ) ;
#994 = CIRCLE ( 'NONE', #460, 4.999999999999999112 ) ;
#995 = SURFACE_SIDE_STYLE ('',( #112 ) ) ;
#996 = CIRCLE ( 'NONE', #949, 5.500000000000000000 ) ;
#997 = CARTESIAN_POINT ( 'NONE',  ( -3.600000000000004530, 0.000000000000000000, -22.25000000000000000 ) ) ;
#998 = CONICAL_SURFACE ( 'NONE', #1924, 5.500000000000000000, 0.7853981633974526089 ) ;
#999 = PRODUCT_DEFINITION_FORMATION_WITH_SPECIFIED_SOURCE ( 'Symmetric', '', #2177, .NOT_KNOWN. ) ;
#1000 = FACE_OUTER_BOUND ( 'NONE', #249, .T. ) ;
#1001 = LINE ( 'NONE', #1201, #705 ) ;
#1002 =( LENGTH_UNIT ( ) NAMED_UNIT ( * ) SI_UNIT ( .MILLI., .METRE. ) );
#1003 = AXIS2_PLACEMENT_3D ( 'NONE', #1786, #2246, #640 ) ;
#1004 = PRESENTATION_STYLE_ASSIGNMENT (( #1531 ) ) ;
#1005 = VERTEX_POINT ( 'NONE', #500 ) ;
#1006 =( GEOMETRIC_REPRESENTATION_CONTEXT ( 3 ) GLOBAL_UNCERTAINTY_ASSIGNED_CONTEXT ( ( #923 ) ) GLOBAL_UNIT_ASSIGNED_CONTEXT ( ( #531, #545, #2072 ) ) REPRESENTATION_CONTEXT ( 'NONE', 'WORKASPACE' ) );
#1007 = EDGE_LOOP ( 'NONE', ( #851, #253, #1469, #2241 ) ) ;
#1008 = DIRECTION ( 'NONE',  ( -0.000000000000000000, -0.000000000000000000, 1.000000000000000000 ) ) ;
#1009 = CARTESIAN_POINT ( 'NONE',  ( 0.000000000000000000, 0.000000000000000000, -16.44999999999999929 ) ) ;
#1010 =( LENGTH_UNIT ( ) NAMED_UNIT ( * ) SI_UNIT ( .MILLI., .METRE. ) );
#1011 = SURFACE_STYLE_USAGE ( .BOTH. , #288 ) ;
#1012 = UNCERTAINTY_MEASURE_WITH_UNIT (LENGTH_MEASURE( 1.000000000000000082E-05 ), #2017, 'distance_accuracy_value', 'NONE');
#1013 = ORIENTED_EDGE ( 'NONE', *, *, #2049, .T. ) ;
#1014 = SURFACE_SIDE_STYLE ('',( #2081 ) ) ;
#1015 = ORIENTED_EDGE ( 'NONE', *, *, #639, .T. ) ;
#1016 = EDGE_CURVE ( 'NONE', #2231, #1933, #1926, .T. ) ;
#1017 = DIRECTION ( 'NONE',  ( 0.000000000000000000, 0.8660254037844381525, 0.5000000000000009992 ) ) ;
#1018 = CARTESIAN_POINT ( 'NONE',  ( 6.924999999999999822, 8.480679084095420054E-16, -3.200000000000000178 ) ) ;
#1019 = VERTEX_POINT ( 'NONE', #1199 ) ;
#1020 = EDGE_LOOP ( 'NONE', ( #1500, #1291 ) ) ;
#1021 = FILL_AREA_STYLE_COLOUR ( '', #1058 ) ;
#1022 = EDGE_CURVE ( 'NONE', #2209, #80, #2286, .T. ) ;
#1023 = AXIS2_PLACEMENT_3D ( 'NONE', #997, #451, #1188 ) ;
#1024 = CARTESIAN_POINT ( 'NONE',  ( -6.924999999999999822, 0.000000000000000000, -21.30000000000000071 ) ) ;
#1025 = AXIS2_PLACEMENT_3D ( 'NONE', #888, #1079, #1235 ) ;
#1026 = FILL_AREA_STYLE ('',( #2144 ) ) ;
#1027 = PLANE ( 'NONE',  #1401 ) ;
#1028 = STYLED_ITEM ( 'NONE', ( #636 ), #691 ) ;
#1029 = DIRECTION ( 'NONE',  ( 0.000000000000000000, -1.000000000000000000, 0.000000000000000000 ) ) ;
#1030 = ORIENTED_EDGE ( 'NONE', *, *, #1607, .T. ) ;
#1031 = FILL_AREA_STYLE_COLOUR ( '', #1229 ) ;
#1032 =( GEOMETRIC_REPRESENTATION_CONTEXT ( 3 ) GLOBAL_UNCERTAINTY_ASSIGNED_CONTEXT ( ( #901 ) ) GLOBAL_UNIT_ASSIGNED_CONTEXT ( ( #2191, #608, #272 ) ) REPRESENTATION_CONTEXT ( 'NONE', 'WORKASPACE' ) );
#1033 = EDGE_LOOP ( 'NONE', ( #652, #1317, #411, #423 ) ) ;
#1034 =( LENGTH_UNIT ( ) NAMED_UNIT ( * ) SI_UNIT ( .MILLI., .METRE. ) );
#1035 =( LENGTH_UNIT ( ) NAMED_UNIT ( * ) SI_UNIT ( .MILLI., .METRE. ) );
#1036 = CIRCLE ( 'NONE', #2208, 0.4499999999999990119 ) ;
#1037 = STYLED_ITEM ( 'NONE', ( #1621 ), #1776 ) ;
#1038 = DIRECTION ( 'NONE',  ( -0.000000000000000000, -0.000000000000000000, 1.000000000000000000 ) ) ;
#1039 = PRESENTATION_LAYER_ASSIGNMENT (  '', '', ( #1293 ) ) ;
#1040 = PRESENTATION_STYLE_ASSIGNMENT (( #1483 ) ) ;
#1041 = EDGE_CURVE ( 'NONE', #816, #1697, #327, .T. ) ;
#1042 = COLOUR_RGB ( '',0.000000000000000000, 0.000000000000000000, 0.000000000000000000 ) ;
#1043 = DIRECTION ( 'NONE',  ( 0.000000000000000000, 0.000000000000000000, 1.000000000000000000 ) ) ;
#1044 = ORIENTED_EDGE ( 'NONE', *, *, #614, .T. ) ;
#1045 = LINE ( 'NONE', #1205, #2339 ) ;
#1046 = EDGE_LOOP ( 'NONE', ( #1015, #1013 ) ) ;
#1047 = CARTESIAN_POINT ( 'NONE',  ( 3.949999999999999734, 0.000000000000000000, -20.85000000000000142 ) ) ;
#1048 = EDGE_CURVE ( 'NONE', #1906, #1524, #784, .T. ) ;
#1049 = LINE ( 'NONE', #343, #977 ) ;
#1050 = ORIENTED_EDGE ( 'NONE', *, *, #2049, .F. ) ;
#1051 = CARTESIAN_POINT ( 'NONE',  ( -4.450000000000001066, 5.449678256205722770E-16, 0.000000000000000000 ) ) ;
#1052 = FILL_AREA_STYLE_COLOUR ( '', #1579 ) ;
#1053 = ORIENTED_EDGE ( 'NONE', *, *, #131, .F. ) ;
#1054 = CYLINDRICAL_SURFACE ( 'NONE', #922, 6.924999999999999822 ) ;
#1055 = UNCERTAINTY_MEASURE_WITH_UNIT (LENGTH_MEASURE( 1.000000000000000082E-05 ), #1991, 'distance_accuracy_value', 'NONE');
#1056 = DIRECTION ( 'NONE',  ( -1.000000000000000000, 0.000000000000000000, 0.000000000000000000 ) ) ;
#1057 = AXIS2_PLACEMENT_3D ( 'NONE', #741, #926, #599 ) ;
#1058 = COLOUR_RGB ( '',0.6392156862745097534, 0.6666666666666666297, 0.6784313725490196401 ) ;
#1059 = CIRCLE ( 'NONE', #391, 5.500000000000000000 ) ;
#1060 = VERTEX_POINT ( 'NONE', #2117 ) ;
#1061 = CARTESIAN_POINT ( 'NONE',  ( 0.000000000000000000, 0.000000000000000000, 0.000000000000000000 ) ) ;
#1062 = EDGE_CURVE ( 'NONE', #2186, #1005, #1717, .T. ) ;
#1063 = MECHANICAL_DESIGN_GEOMETRIC_PRESENTATION_REPRESENTATION (  '', ( #1214 ), #2126 ) ;
#1064 = ORIENTED_EDGE ( 'NONE', *, *, #522, .T. ) ;
#1065 = DIRECTION ( 'NONE',  ( 1.000000000000000000, 0.000000000000000000, 0.000000000000000000 ) ) ;
#1066 = VECTOR ( 'NONE', #123, 1000.000000000000000 ) ;
#1067 = CARTESIAN_POINT ( 'NONE',  ( -3.950000000000000178, 0.9750000000000001998, -18.64999999999999858 ) ) ;
#1068 = AXIS2_PLACEMENT_3D ( 'NONE', #1646, #2035, #967 ) ;
#1069 =( LENGTH_UNIT ( ) NAMED_UNIT ( * ) SI_UNIT ( .MILLI., .METRE. ) );
#1070 = AXIS2_PLACEMENT_3D ( 'NONE', #1434, #1618, #745 ) ;
#1071 = DIRECTION ( 'NONE',  ( -0.000000000000000000, -0.000000000000000000, 1.000000000000000000 ) ) ;
#1072 = CARTESIAN_POINT ( 'NONE',  ( -6.924999999999999822, 0.000000000000000000, -20.85000000000000142 ) ) ;
#1073 = DIRECTION ( 'NONE',  ( -1.000000000000000000, 0.000000000000000000, 0.000000000000000000 ) ) ;
#1074 = ORIENTED_EDGE ( 'NONE', *, *, #861, .F. ) ;
#1075 = FACE_OUTER_BOUND ( 'NONE', #739, .T. ) ;
#1076 = ADVANCED_FACE ( 'NONE', ( #686 ), #113, .F. ) ;
#1077 = AXIS2_PLACEMENT_3D ( 'NONE', #115, #298, #843 ) ;
#1078 = UNCERTAINTY_MEASURE_WITH_UNIT (LENGTH_MEASURE( 1.000000000000000082E-05 ), #1002, 'distance_accuracy_value', 'NONE');
#1079 = DIRECTION ( 'NONE',  ( 0.000000000000000000, 0.8660254037844381525, 0.5000000000000009992 ) ) ;
#1080 = ORIENTED_EDGE ( 'NONE', *, *, #1593, .F. ) ;
#1081 = CARTESIAN_POINT ( 'NONE',  ( 3.450000000000000178, -0.9749999999999999778, -18.64999999999999858 ) ) ;
#1082 =( LENGTH_UNIT ( ) NAMED_UNIT ( * ) SI_UNIT ( .MILLI., .METRE. ) );
#1083 = ORIENTED_EDGE ( 'NONE', *, *, #19, .T. ) ;
#1084 = FILL_AREA_STYLE_COLOUR ( '', #2 ) ;
#1085 = CIRCLE ( 'NONE', #2311, 4.550000000000000711 ) ;
#1086 = ADVANCED_FACE ( 'NONE', ( #111 ), #2065, .T. ) ;
#1087 = ADVANCED_BREP_SHAPE_REPRESENTATION ( 'Push button 12mm', ( #1101, #193 ), #505 ) ;
#1088 = FILL_AREA_STYLE ('',( #974 ) ) ;
#1089 = PRESENTATION_LAYER_ASSIGNMENT (  '', '', ( #762 ) ) ;
#1090 = VECTOR ( 'NONE', #1177, 1000.000000000000000 ) ;
#1091 = VECTOR ( 'NONE', #1825, 1000.000000000000000 ) ;
#1092 = ORIENTED_EDGE ( 'NONE', *, *, #174, .T. ) ;
#1093 = MECHANICAL_DESIGN_GEOMETRIC_PRESENTATION_REPRESENTATION (  '', ( #34 ), #1767 ) ;
#1094 = FILL_AREA_STYLE_COLOUR ( '', #512 ) ;
#1095 = AXIS2_PLACEMENT_3D ( 'NONE', #212, #920, #1658 ) ;
#1096 = ORIENTED_EDGE ( 'NONE', *, *, #419, .T. ) ;
#1097 = UNCERTAINTY_MEASURE_WITH_UNIT (LENGTH_MEASURE( 1.000000000000000082E-05 ), #239, 'distance_accuracy_value', 'NONE');
#1098 = LINE ( 'NONE', #2025, #1538 ) ;
#1099 = PRESENTATION_STYLE_ASSIGNMENT (( #1862 ) ) ;
#1100 = VECTOR ( 'NONE', #728, 1000.000000000000000 ) ;
#1101 = MANIFOLD_SOLID_BREP ( 'Cut-Extrude2', #2276 ) ;
#1102 = PRESENTATION_LAYER_ASSIGNMENT (  '', '', ( #1187 ) ) ;
#1103 = VECTOR ( 'NONE', #1135, 1000.000000000000000 ) ;
#1104 = SURFACE_STYLE_FILL_AREA ( #953 ) ;
#1105 = CIRCLE ( 'NONE', #736, 4.550000000000000711 ) ;
#1106 = FILL_AREA_STYLE ('',( #2178 ) ) ;
#1107 = EDGE_CURVE ( 'NONE', #1005, #1742, #1575, .T. ) ;
#1108 = AXIS2_PLACEMENT_3D ( 'NONE', #53, #23, #616 ) ;
#1109 = SURFACE_STYLE_FILL_AREA ( #1811 ) ;
#1110 = AXIS2_PLACEMENT_3D ( 'NONE', #897, #1979, #1791 ) ;
#1111 = VERTEX_POINT ( 'NONE', #2228 ) ;
#1112 = CARTESIAN_POINT ( 'NONE',  ( -6.924999999999999822, 0.000000000000000000, -21.30000000000000071 ) ) ;
#1113 = DIRECTION ( 'NONE',  ( 1.000000000000000000, 0.000000000000000000, 0.000000000000000000 ) ) ;
#1114 = DIRECTION ( 'NONE',  ( 1.000000000000000000, -0.000000000000000000, -0.000000000000000000 ) ) ;
#1115 = ORIENTED_EDGE ( 'NONE', *, *, #1425, .T. ) ;
#1116 =( LENGTH_UNIT ( ) NAMED_UNIT ( * ) SI_UNIT ( .MILLI., .METRE. ) );
#1117 = LINE ( 'NONE', #1853, #268 ) ;
#1118 = FACE_BOUND ( 'NONE', #2195, .T. ) ;
#1119 = SURFACE_STYLE_FILL_AREA ( #1439 ) ;
#1120 = EDGE_CURVE ( 'NONE', #1412, #99, #670, .T. ) ;
#1121 = CARTESIAN_POINT ( 'NONE',  ( -3.450000000000000178, -0.9749999999999997558, -18.64999999999999858 ) ) ;
#1122 = ORIENTED_EDGE ( 'NONE', *, *, #1319, .T. ) ;
#1123 = CARTESIAN_POINT ( 'NONE',  ( 3.450000000000000622, 0.000000000000000000, -20.15000000000000213 ) ) ;
#1124 = DIRECTION ( 'NONE',  ( 1.000000000000000000, -0.000000000000000000, -0.000000000000000000 ) ) ;
#1125 = DIRECTION ( 'NONE',  ( 0.000000000000000000, -0.000000000000000000, 1.000000000000000000 ) ) ;
#1126 = DIRECTION ( 'NONE',  ( -0.000000000000000000, -0.000000000000000000, 1.000000000000000000 ) ) ;
#1127 = ORIENTED_EDGE ( 'NONE', *, *, #1836, .F. ) ;
#1128 = DIRECTION ( 'NONE',  ( -1.000000000000000000, 0.000000000000000000, 0.000000000000000000 ) ) ;
#1129 = FILL_AREA_STYLE ('',( #2289 ) ) ;
#1130 = FILL_AREA_STYLE_COLOUR ( '', #1723 ) ;
#1131 = LINE ( 'NONE', #2213, #1182 ) ;
#1132 =( NAMED_UNIT ( * ) SI_UNIT ( $, .STERADIAN. ) SOLID_ANGLE_UNIT ( ) );
#1133 = FACE_OUTER_BOUND ( 'NONE', #1233, .T. ) ;
#1134 = LINE ( 'NONE', #1970, #2142 ) ;
#1135 = DIRECTION ( 'NONE',  ( -0.000000000000000000, -0.000000000000000000, 1.000000000000000000 ) ) ;
#1136 = AXIS2_PLACEMENT_3D ( 'NONE', #1925, #1038, #1746 ) ;
#1137 = ORIENTED_EDGE ( 'NONE', *, *, #2242, .T. ) ;
#1138 = ADVANCED_FACE ( 'NONE', ( #2169 ), #839, .T. ) ;
#1139 = CARTESIAN_POINT ( 'NONE',  ( 5.900000000000000355, 0.000000000000000000, -3.400000000000000355 ) ) ;
#1140 = PRESENTATION_STYLE_ASSIGNMENT (( #1271 ) ) ;
#1141 = PRESENTATION_LAYER_ASSIGNMENT (  '', '', ( #537 ) ) ;
#1142 =( GEOMETRIC_REPRESENTATION_CONTEXT ( 3 ) GLOBAL_UNCERTAINTY_ASSIGNED_CONTEXT ( ( #1856 ) ) GLOBAL_UNIT_ASSIGNED_CONTEXT ( ( #2304, #1913, #2312 ) ) REPRESENTATION_CONTEXT ( 'NONE', 'WORKASPACE' ) );
#1143 = AXIS2_PLACEMENT_3D ( 'NONE', #480, #1722, #280 ) ;
#1144 = EDGE_CURVE ( 'NONE', #709, #789, #1521, .T. ) ;
#1145 = SURFACE_STYLE_USAGE ( .BOTH. , #420 ) ;
#1146 = VERTEX_POINT ( 'NONE', #1172 ) ;
#1147 = AXIS2_PLACEMENT_3D ( 'NONE', #82, #1114, #753 ) ;
#1148 = FACE_OUTER_BOUND ( 'NONE', #617, .T. ) ;
#1149 = DIRECTION ( 'NONE',  ( 1.000000000000000000, 0.000000000000000000, 0.000000000000000000 ) ) ;
#1150 = CARTESIAN_POINT ( 'NONE',  ( -3.950000000000000178, -0.4500000000000000111, -20.15000000000000213 ) ) ;
#1151 = FILL_AREA_STYLE ('',( #835 ) ) ;
#1152 = DIRECTION ( 'NONE',  ( -1.000000000000000000, 0.000000000000000000, 0.000000000000000000 ) ) ;
#1153 = ORIENTED_EDGE ( 'NONE', *, *, #2210, .T. ) ;
#1154 = SURFACE_STYLE_USAGE ( .BOTH. , #434 ) ;
#1155 = EDGE_LOOP ( 'NONE', ( #1494, #416, #1647, #577 ) ) ;
#1156 = PRESENTATION_STYLE_ASSIGNMENT (( #981 ) ) ;
#1157 = STYLED_ITEM ( 'NONE', ( #1928 ), #796 ) ;
#1158 = EDGE_CURVE ( 'NONE', #262, #789, #1085, .T. ) ;
#1159 = ORIENTED_EDGE ( 'NONE', *, *, #1305, .F. ) ;
#1160 = SURFACE_STYLE_FILL_AREA ( #1691 ) ;
#1161 = CARTESIAN_POINT ( 'NONE',  ( -3.950000000000000178, 0.000000000000000000, -21.30000000000000071 ) ) ;
#1162 = DIRECTION ( 'NONE',  ( 0.000000000000000000, -1.000000000000000000, 0.000000000000000000 ) ) ;
#1163 = FILL_AREA_STYLE_COLOUR ( '', #167 ) ;
#1164 = EDGE_LOOP ( 'NONE', ( #1592, #2203, #1456, #2048 ) ) ;
#1165 = ORIENTED_EDGE ( 'NONE', *, *, #2095, .T. ) ;
#1166 = SURFACE_SIDE_STYLE ('',( #267 ) ) ;
#1167 = CARTESIAN_POINT ( 'NONE',  ( 0.000000000000000000, 0.000000000000000000, -12.45000000000000284 ) ) ;
#1168 = CARTESIAN_POINT ( 'NONE',  ( 0.000000000000000000, 0.000000000000000000, 0.000000000000000000 ) ) ;
#1169 = UNCERTAINTY_MEASURE_WITH_UNIT (LENGTH_MEASURE( 1.000000000000000082E-05 ), #986, 'distance_accuracy_value', 'NONE');
#1170 = PRESENTATION_STYLE_ASSIGNMENT (( #2263 ) ) ;
#1171 = VECTOR ( 'NONE', #446, 1000.000000000000000 ) ;
#1172 = CARTESIAN_POINT ( 'NONE',  ( -4.999999999999999112, 6.429395695523603167E-16, -16.94999999999999929 ) ) ;
#1173 = ORIENTED_EDGE ( 'NONE', *, *, #5, .F. ) ;
#1174 = ORIENTED_EDGE ( 'NONE', *, *, #751, .F. ) ;
#1175 =( GEOMETRIC_REPRESENTATION_CONTEXT ( 3 ) GLOBAL_UNCERTAINTY_ASSIGNED_CONTEXT ( ( #1266 ) ) GLOBAL_UNIT_ASSIGNED_CONTEXT ( ( #1282, #191, #1241 ) ) REPRESENTATION_CONTEXT ( 'NONE', 'WORKASPACE' ) );
#1176 = CARTESIAN_POINT ( 'NONE',  ( 0.000000000000000000, 0.000000000000000000, -12.84999999999999964 ) ) ;
#1177 = DIRECTION ( 'NONE',  ( 0.4472135954999585938, -0.4472135954999585938, -0.7745966692414826271 ) ) ;
#1178 = CARTESIAN_POINT ( 'NONE',  ( -3.450000000000000178, -0.9749999999999997558, -22.25000000000000000 ) ) ;
#1179 = SURFACE_SIDE_STYLE ('',( #834 ) ) ;
#1180 = STYLED_ITEM ( 'NONE', ( #2024 ), #1208 ) ;
#1181 = EDGE_CURVE ( 'NONE', #124, #1995, #2269, .T. ) ;
#1182 = VECTOR ( 'NONE', #1667, 1000.000000000000000 ) ;
#1183 = VERTEX_POINT ( 'NONE', #427 ) ;
#1184 = COLOUR_RGB ( '',0.000000000000000000, 0.000000000000000000, 0.000000000000000000 ) ;
#1185 = ORIENTED_EDGE ( 'NONE', *, *, #2319, .F. ) ;
#1186 = CARTESIAN_POINT ( 'NONE',  ( -3.950000000000000178, 0.000000000000000000, -20.85000000000000142 ) ) ;
#1187 = STYLED_ITEM ( 'NONE', ( #1099 ), #2128 ) ;
#1188 = DIRECTION ( 'NONE',  ( 0.000000000000000000, -1.000000000000000000, 0.000000000000000000 ) ) ;
#1189 = CARTESIAN_POINT ( 'NONE',  ( 3.450000000000000178, 0.4500000000000001221, -22.25000000000000000 ) ) ;
#1190 = UNCERTAINTY_MEASURE_WITH_UNIT (LENGTH_MEASURE( 1.000000000000000082E-05 ), #1787, 'distance_accuracy_value', 'NONE');
#1191 = CYLINDRICAL_SURFACE ( 'NONE', #1365, 5.900000000000000355 ) ;
#1192 = LINE ( 'NONE', #2108, #469 ) ;
#1193 = VERTEX_POINT ( 'NONE', #823 ) ;
#1194 = ADVANCED_FACE ( 'NONE', ( #76 ), #1324, .F. ) ;
#1195 = ORIENTED_EDGE ( 'NONE', *, *, #347, .T. ) ;
#1196 = CYLINDRICAL_SURFACE ( 'NONE', #1682, 4.550000000000000711 ) ;
#1197 = CARTESIAN_POINT ( 'NONE',  ( 0.000000000000000000, 4.550000000000000711, -1.700000000000000178 ) ) ;
#1198 = DIRECTION ( 'NONE',  ( 0.000000000000000000, -1.000000000000000000, -0.000000000000000000 ) ) ;
#1199 = CARTESIAN_POINT ( 'NONE',  ( 3.950000000000000178, -0.9749999999999999778, -21.99019237886465916 ) ) ;
#1200 = FILL_AREA_STYLE ('',( #882 ) ) ;
#1201 = CARTESIAN_POINT ( 'NONE',  ( -5.500000000000000000, 6.735557395310442023E-16, 0.000000000000000000 ) ) ;
#1202 = DIRECTION ( 'NONE',  ( 0.000000000000000000, 0.000000000000000000, -1.000000000000000000 ) ) ;
#1203 = CARTESIAN_POINT ( 'NONE',  ( 0.000000000000000000, 0.000000000000000000, -22.25000000000000000 ) ) ;
#1204 = EDGE_LOOP ( 'NONE', ( #2070, #2245, #894, #1685 ) ) ;
#1205 = CARTESIAN_POINT ( 'NONE',  ( -6.924999999999999822, -0.4500000000000000111, -20.85000000000000142 ) ) ;
#1206 = SURFACE_SIDE_STYLE ('',( #965 ) ) ;
#1207 = SURFACE_STYLE_USAGE ( .BOTH. , #108 ) ;
#1208 = ADVANCED_FACE ( 'NONE', ( #2023 ), #1969, .T. ) ;
#1209 = VERTEX_POINT ( 'NONE', #1369 ) ;
#1210 = EDGE_CURVE ( 'NONE', #1060, #1989, #1417, .T. ) ;
#1211 =( NAMED_UNIT ( * ) PLANE_ANGLE_UNIT ( ) SI_UNIT ( $, .RADIAN. ) );
#1212 = DIRECTION ( 'NONE',  ( 1.000000000000000000, -0.000000000000000000, -0.000000000000000000 ) ) ;
#1213 =( GEOMETRIC_REPRESENTATION_CONTEXT ( 3 ) GLOBAL_UNCERTAINTY_ASSIGNED_CONTEXT ( ( #1693 ) ) GLOBAL_UNIT_ASSIGNED_CONTEXT ( ( #297, #1727, #100 ) ) REPRESENTATION_CONTEXT ( 'NONE', 'WORKASPACE' ) );
#1214 = STYLED_ITEM ( 'NONE', ( #102 ), #2303 ) ;
#1215 = AXIS2_PLACEMENT_3D ( 'NONE', #1047, #519, #1419 ) ;
#1216 =( NAMED_UNIT ( * ) PLANE_ANGLE_UNIT ( ) SI_UNIT ( $, .RADIAN. ) );
#1217 = EDGE_LOOP ( 'NONE', ( #119, #697, #1981, #1348 ) ) ;
#1218 = SURFACE_STYLE_FILL_AREA ( #1975 ) ;
#1219 = CIRCLE ( 'NONE', #1068, 4.450000000000001066 ) ;
#1220 = DIRECTION ( 'NONE',  ( -0.000000000000000000, -0.000000000000000000, 1.000000000000000000 ) ) ;
#1221 = ORIENTED_EDGE ( 'NONE', *, *, #2112, .F. ) ;
#1222 =( LENGTH_UNIT ( ) NAMED_UNIT ( * ) SI_UNIT ( .MILLI., .METRE. ) );
#1223 = CYLINDRICAL_SURFACE ( 'NONE', #1259, 5.500000000000000000 ) ;
#1224 = MECHANICAL_DESIGN_GEOMETRIC_PRESENTATION_REPRESENTATION (  '', ( #1653 ), #1471 ) ;
#1225 = SURFACE_STYLE_FILL_AREA ( #1402 ) ;
#1226 = MECHANICAL_DESIGN_GEOMETRIC_PRESENTATION_REPRESENTATION (  '', ( #1293 ), #201 ) ;
#1227 = ADVANCED_FACE ( 'NONE', ( #681 ), #1398, .T. ) ;
#1228 = COLOUR_RGB ( '',0.000000000000000000, 0.000000000000000000, 0.000000000000000000 ) ;
#1229 = COLOUR_RGB ( '',0.000000000000000000, 0.000000000000000000, 0.000000000000000000 ) ;
#1230 = ORIENTED_EDGE ( 'NONE', *, *, #1734, .F. ) ;
#1231 = PRESENTATION_STYLE_ASSIGNMENT (( #717 ) ) ;
#1232 = CARTESIAN_POINT ( 'NONE',  ( -3.799999999999996270, -0.8249999999999954037, -22.25000000000000000 ) ) ;
#1233 = EDGE_LOOP ( 'NONE', ( #1708, #458, #1030, #972 ) ) ;
#1234 = LINE ( 'NONE', #1954, #1577 ) ;
#1235 = DIRECTION ( 'NONE',  ( -1.000000000000000000, 0.000000000000000000, 0.000000000000000000 ) ) ;
#1236 =( NAMED_UNIT ( * ) PLANE_ANGLE_UNIT ( ) SI_UNIT ( $, .RADIAN. ) );
#1237 = EDGE_CURVE ( 'NONE', #1669, #2080, #1792, .T. ) ;
#1238 = EDGE_LOOP ( 'NONE', ( #237, #2084, #1416, #1115 ) ) ;
#1239 = DIRECTION ( 'NONE',  ( 0.000000000000000000, -0.000000000000000000, 1.000000000000000000 ) ) ;
#1240 = ORIENTED_EDGE ( 'NONE', *, *, #1822, .T. ) ;
#1241 =( NAMED_UNIT ( * ) SI_UNIT ( $, .STERADIAN. ) SOLID_ANGLE_UNIT ( ) );
#1242 = UNCERTAINTY_MEASURE_WITH_UNIT (LENGTH_MEASURE( 1.000000000000000082E-05 ), #1222, 'distance_accuracy_value', 'NONE');
#1243 = CARTESIAN_POINT ( 'NONE',  ( -3.765000000000004565, -0.6599999999999959233, -22.53578838324886036 ) ) ;
#1244 = VECTOR ( 'NONE', #392, 1000.000000000000000 ) ;
#1245 = PRESENTATION_LAYER_ASSIGNMENT (  '', '', ( #463 ) ) ;
#1246 = SURFACE_STYLE_USAGE ( .BOTH. , #1948 ) ;
#1247 = SURFACE_STYLE_USAGE ( .BOTH. , #2156 ) ;
#1248 = FILL_AREA_STYLE_COLOUR ( '', #2083 ) ;
#1249 =( GEOMETRIC_REPRESENTATION_CONTEXT ( 3 ) GLOBAL_UNCERTAINTY_ASSIGNED_CONTEXT ( ( #73 ) ) GLOBAL_UNIT_ASSIGNED_CONTEXT ( ( #1907, #2071, #81 ) ) REPRESENTATION_CONTEXT ( 'NONE', 'WORKASPACE' ) );
#1250 =( LENGTH_UNIT ( ) NAMED_UNIT ( * ) SI_UNIT ( .MILLI., .METRE. ) );
#1251 = EDGE_CURVE ( 'NONE', #709, #1953, #1326, .T. ) ;
#1252 = FACE_OUTER_BOUND ( 'NONE', #2214, .T. ) ;
#1253 = SURFACE_SIDE_STYLE ('',( #1386 ) ) ;
#1254 = ORIENTED_EDGE ( 'NONE', *, *, #365, .T. ) ;
#1255 = MECHANICAL_DESIGN_GEOMETRIC_PRESENTATION_REPRESENTATION (  '', ( #2285 ), #1032 ) ;
#1256 = PRESENTATION_STYLE_ASSIGNMENT (( #175 ) ) ;
#1257 = STYLED_ITEM ( 'NONE', ( #1903 ), #1584 ) ;
#1258 = MECHANICAL_DESIGN_GEOMETRIC_PRESENTATION_REPRESENTATION (  '', ( #400 ), #1983 ) ;
#1259 = AXIS2_PLACEMENT_3D ( 'NONE', #418, #56, #1113 ) ;
#1260 =( NAMED_UNIT ( * ) PLANE_ANGLE_UNIT ( ) SI_UNIT ( $, .RADIAN. ) );
#1261 = PRESENTATION_LAYER_ASSIGNMENT (  '', '', ( #2295 ) ) ;
#1262 = FILL_AREA_STYLE_COLOUR ( '', #1936 ) ;
#1263 = VERTEX_POINT ( 'NONE', #248 ) ;
#1264 = EDGE_CURVE ( 'NONE', #1263, #1524, #316, .T. ) ;
#1265 =( NAMED_UNIT ( * ) SI_UNIT ( $, .STERADIAN. ) SOLID_ANGLE_UNIT ( ) );
#1266 = UNCERTAINTY_MEASURE_WITH_UNIT (LENGTH_MEASURE( 1.000000000000000082E-05 ), #1282, 'distance_accuracy_value', 'NONE');
#1267 = SURFACE_SIDE_STYLE ('',( #1785 ) ) ;
#1268 = LINE ( 'NONE', #2141, #1918 ) ;
#1269 = EDGE_LOOP ( 'NONE', ( #1284, #1522, #1370, #1938 ) ) ;
#1270 = FILL_AREA_STYLE ('',( #2181 ) ) ;
#1271 = SURFACE_STYLE_USAGE ( .BOTH. , #413 ) ;
#1272 = ORIENTED_EDGE ( 'NONE', *, *, #365, .F. ) ;
#1273 =( NAMED_UNIT ( * ) PLANE_ANGLE_UNIT ( ) SI_UNIT ( $, .RADIAN. ) );
#1274 = EDGE_CURVE ( 'NONE', #84, #572, #1192, .T. ) ;
#1275 = EDGE_LOOP ( 'NONE', ( #1625, #1512, #441, #1679 ) ) ;
#1276 = PRESENTATION_STYLE_ASSIGNMENT (( #2166 ) ) ;
#1277 =( GEOMETRIC_REPRESENTATION_CONTEXT ( 3 ) GLOBAL_UNCERTAINTY_ASSIGNED_CONTEXT ( ( #792 ) ) GLOBAL_UNIT_ASSIGNED_CONTEXT ( ( #95, #2000, #627 ) ) REPRESENTATION_CONTEXT ( 'NONE', 'WORKASPACE' ) );
#1278 = LINE ( 'NONE', #1857, #2133 ) ;
#1279 = FILL_AREA_STYLE ('',( #380 ) ) ;
#1280 = CONICAL_SURFACE ( 'NONE', #1316, 5.500000000000000000, 0.7853981633974526089 ) ;
#1281 = CIRCLE ( 'NONE', #1874, 4.550000000000000711 ) ;
#1282 =( LENGTH_UNIT ( ) NAMED_UNIT ( * ) SI_UNIT ( .MILLI., .METRE. ) );
#1283 = CARTESIAN_POINT ( 'NONE',  ( 3.950000000000000178, 0.9749999999999999778, -22.25000000000000000 ) ) ;
#1284 = ORIENTED_EDGE ( 'NONE', *, *, #2272, .T. ) ;
#1285 = FACE_OUTER_BOUND ( 'NONE', #1549, .T. ) ;
#1286 = CIRCLE ( 'NONE', #629, 6.924999999999999822 ) ;
#1287 = AXIS2_PLACEMENT_3D ( 'NONE', #1478, #412, #1626 ) ;
#1288 = ORIENTED_EDGE ( 'NONE', *, *, #662, .T. ) ;
#1289 = CARTESIAN_POINT ( 'NONE',  ( -4.750000000000000000, 5.817072295949927426E-16, -16.94999999999999929 ) ) ;
#1290 = MECHANICAL_DESIGN_GEOMETRIC_PRESENTATION_REPRESENTATION (  '', ( #2010 ), #1619 ) ;
#1291 = ORIENTED_EDGE ( 'NONE', *, *, #182, .T. ) ;
#1292 = EDGE_CURVE ( 'NONE', #732, #2219, #850, .T. ) ;
#1293 = STYLED_ITEM ( 'NONE', ( #1140 ), #1999 ) ;
#1294 =( GEOMETRIC_REPRESENTATION_CONTEXT ( 3 ) GLOBAL_UNCERTAINTY_ASSIGNED_CONTEXT ( ( #2325 ) ) GLOBAL_UNIT_ASSIGNED_CONTEXT ( ( #1790, #1260, #361 ) ) REPRESENTATION_CONTEXT ( 'NONE', 'WORKASPACE' ) );
#1295 = EDGE_LOOP ( 'NONE', ( #669, #800, #323, #2234 ) ) ;
#1296 = DIRECTION ( 'NONE',  ( -1.000000000000000000, 0.000000000000000000, 0.000000000000000000 ) ) ;
#1297 = PRESENTATION_LAYER_ASSIGNMENT (  '', '', ( #367 ) ) ;
#1298 = DIRECTION ( 'NONE',  ( -0.000000000000000000, -0.000000000000000000, 1.000000000000000000 ) ) ;
#1299 = VERTEX_POINT ( 'NONE', #407 ) ;
#1300 = CYLINDRICAL_SURFACE ( 'NONE', #891, 4.450000000000001066 ) ;
#1301 = EDGE_CURVE ( 'NONE', #572, #516, #954, .T. ) ;
#1302 =( NAMED_UNIT ( * ) PLANE_ANGLE_UNIT ( ) SI_UNIT ( $, .RADIAN. ) );
#1303 = CARTESIAN_POINT ( 'NONE',  ( 3.950000000000000178, 0.9749999999999997558, -18.64999999999999858 ) ) ;
#1304 = CARTESIAN_POINT ( 'NONE',  ( -3.450000000000000178, 0.9749999999999999778, -18.64999999999999858 ) ) ;
#1305 = EDGE_CURVE ( 'NONE', #1146, #1909, #2202, .T. ) ;
#1306 = VERTEX_POINT ( 'NONE', #521 ) ;
#1307 = SURFACE_SIDE_STYLE ('',( #774 ) ) ;
#1308 = SURFACE_STYLE_FILL_AREA ( #2216 ) ;
#1309 = LINE ( 'NONE', #1797, #422 ) ;
#1310 = CARTESIAN_POINT ( 'NONE',  ( 3.950000000000000178, -0.9749999999999999778, -18.64999999999999858 ) ) ;
#1311 = ORIENTED_EDGE ( 'NONE', *, *, #133, .F. ) ;
#1312 = DIRECTION ( 'NONE',  ( 1.000000000000000000, 0.000000000000000000, 0.000000000000000000 ) ) ;
#1313 =( NAMED_UNIT ( * ) PLANE_ANGLE_UNIT ( ) SI_UNIT ( $, .RADIAN. ) );
#1314 = FILL_AREA_STYLE ('',( #1488 ) ) ;
#1315 =( NAMED_UNIT ( * ) SI_UNIT ( $, .STERADIAN. ) SOLID_ANGLE_UNIT ( ) );
#1316 = AXIS2_PLACEMENT_3D ( 'NONE', #1421, #1565, #1432 ) ;
#1317 = ORIENTED_EDGE ( 'NONE', *, *, #2155, .F. ) ;
#1318 = DIRECTION ( 'NONE',  ( -0.000000000000000000, -0.000000000000000000, 1.000000000000000000 ) ) ;
#1319 = EDGE_CURVE ( 'NONE', #1989, #1533, #769, .T. ) ;
#1320 = ORIENTED_EDGE ( 'NONE', *, *, #192, .T. ) ;
#1321 = AXIS2_PLACEMENT_3D ( 'NONE', #1681, #1318, #659 ) ;
#1322 =( NAMED_UNIT ( * ) SI_UNIT ( $, .STERADIAN. ) SOLID_ANGLE_UNIT ( ) );
#1323 = SURFACE_SIDE_STYLE ('',( #2247 ) ) ;
#1324 = CYLINDRICAL_SURFACE ( 'NONE', #1147, 0.4499999999999990119 ) ;
#1325 = ORIENTED_EDGE ( 'NONE', *, *, #2242, .F. ) ;
#1326 = CIRCLE ( 'NONE', #887, 4.550000000000000711 ) ;
#1327 =( GEOMETRIC_REPRESENTATION_CONTEXT ( 3 ) GLOBAL_UNCERTAINTY_ASSIGNED_CONTEXT ( ( #1796 ) ) GLOBAL_UNIT_ASSIGNED_CONTEXT ( ( #2004, #50, #425 ) ) REPRESENTATION_CONTEXT ( 'NONE', 'WORKASPACE' ) );
#1328 = CARTESIAN_POINT ( 'NONE',  ( -6.924999999999999822, -0.4500000000000000111, -20.15000000000000213 ) ) ;
#1329 = UNCERTAINTY_MEASURE_WITH_UNIT (LENGTH_MEASURE( 1.000000000000000082E-05 ), #1069, 'distance_accuracy_value', 'NONE');
#1330 = DIRECTION ( 'NONE',  ( 1.000000000000000000, 0.000000000000000000, 0.000000000000000000 ) ) ;
#1331 = COLOUR_RGB ( '',0.6392156862745097534, 0.6666666666666666297, 0.6784313725490196401 ) ;
#1332 = CARTESIAN_POINT ( 'NONE',  ( 4.550000000000000711, 0.000000000000000000, 0.000000000000000000 ) ) ;
#1333 = SURFACE_SIDE_STYLE ('',( #632 ) ) ;
#1334 =( GEOMETRIC_REPRESENTATION_CONTEXT ( 3 ) GLOBAL_UNCERTAINTY_ASSIGNED_CONTEXT ( ( #543 ) ) GLOBAL_UNIT_ASSIGNED_CONTEXT ( ( #194, #30, #1788 ) ) REPRESENTATION_CONTEXT ( 'NONE', 'WORKASPACE' ) );
#1335 = EDGE_LOOP ( 'NONE', ( #797, #1848 ) ) ;
#1336 =( NAMED_UNIT ( * ) PLANE_ANGLE_UNIT ( ) SI_UNIT ( $, .RADIAN. ) );
#1337 = AXIS2_PLACEMENT_3D ( 'NONE', #1649, #1720, #1547 ) ;
#1338 = ADVANCED_FACE ( 'NONE', ( #1706 ), #874, .F. ) ;
#1339 = ORIENTED_EDGE ( 'NONE', *, *, #1664, .T. ) ;
#1340 = DIRECTION ( 'NONE',  ( 0.000000000000000000, -0.8660254037844381525, 0.5000000000000009992 ) ) ;
#1341 = MECHANICAL_DESIGN_GEOMETRIC_PRESENTATION_REPRESENTATION (  '', ( #367 ), #333 ) ;
#1342 = PRESENTATION_STYLE_ASSIGNMENT (( #2103 ) ) ;
#1343 = LINE ( 'NONE', #611, #395 ) ;
#1344 = SURFACE_STYLE_FILL_AREA ( #650 ) ;
#1345 = CARTESIAN_POINT ( 'NONE',  ( 5.500000000000000000, 0.000000000000000000, 0.000000000000000000 ) ) ;
#1346 = SURFACE_STYLE_FILL_AREA ( #448 ) ;
#1347 = VERTEX_POINT ( 'NONE', #226 ) ;
#1348 = ORIENTED_EDGE ( 'NONE', *, *, #241, .T. ) ;
#1349 = DIRECTION ( 'NONE',  ( 1.000000000000000000, 0.000000000000000000, 0.000000000000000000 ) ) ;
#1350 = DIRECTION ( 'NONE',  ( -0.000000000000000000, -0.000000000000000000, 1.000000000000000000 ) ) ;
#1351 = DIRECTION ( 'NONE',  ( -0.000000000000000000, -0.000000000000000000, 1.000000000000000000 ) ) ;
#1352 = UNCERTAINTY_MEASURE_WITH_UNIT (LENGTH_MEASURE( 1.000000000000000082E-05 ), #64, 'distance_accuracy_value', 'NONE');
#1353 = ORIENTED_EDGE ( 'NONE', *, *, #791, .T. ) ;
#1354 = DIRECTION ( 'NONE',  ( 0.000000000000000000, 0.000000000000000000, -1.000000000000000000 ) ) ;
#1355 = CARTESIAN_POINT ( 'NONE',  ( 6.924999999999999822, 0.000000000000000000, 0.000000000000000000 ) ) ;
#1356 = AXIS2_PLACEMENT_3D ( 'NONE', #326, #1350, #472 ) ;
#1357 = ORIENTED_EDGE ( 'NONE', *, *, #1210, .T. ) ;
#1358 =( GEOMETRIC_REPRESENTATION_CONTEXT ( 3 ) GLOBAL_UNCERTAINTY_ASSIGNED_CONTEXT ( ( #1444 ) ) GLOBAL_UNIT_ASSIGNED_CONTEXT ( ( #1563, #202, #1992 ) ) REPRESENTATION_CONTEXT ( 'NONE', 'WORKASPACE' ) );
#1359 = FILL_AREA_STYLE ('',( #499 ) ) ;
#1360 = MECHANICAL_DESIGN_GEOMETRIC_PRESENTATION_REPRESENTATION (  '', ( #35 ), #163 ) ;
#1361 =( NAMED_UNIT ( * ) PLANE_ANGLE_UNIT ( ) SI_UNIT ( $, .RADIAN. ) );
#1362 = EDGE_CURVE ( 'NONE', #538, #732, #619, .T. ) ;
#1363 = CARTESIAN_POINT ( 'NONE',  ( 0.000000000000000000, 0.000000000000000000, -3.200000000000000178 ) ) ;
#1364 = DIRECTION ( 'NONE',  ( -0.000000000000000000, -0.000000000000000000, 1.000000000000000000 ) ) ;
#1365 = AXIS2_PLACEMENT_3D ( 'NONE', #1867, #72, #2220 ) ;
#1366 = ORIENTED_EDGE ( 'NONE', *, *, #1977, .F. ) ;
#1367 =( NAMED_UNIT ( * ) SI_UNIT ( $, .STERADIAN. ) SOLID_ANGLE_UNIT ( ) );
#1368 = COLOUR_RGB ( '',0.6392156862745097534, 0.6666666666666666297, 0.6784313725490196401 ) ;
#1369 = CARTESIAN_POINT ( 'NONE',  ( 4.750000000000000000, 0.000000000000000000, -16.94999999999999929 ) ) ;
#1370 = ORIENTED_EDGE ( 'NONE', *, *, #1486, .F. ) ;
#1371 = CIRCLE ( 'NONE', #1403, 0.4499999999999990119 ) ;
#1372 = FILL_AREA_STYLE ('',( #674 ) ) ;
#1373 = PRESENTATION_LAYER_ASSIGNMENT (  '', '', ( #678 ) ) ;
#1374 = LINE ( 'NONE', #488, #398 ) ;
#1375 = ADVANCED_FACE ( 'NONE', ( #145 ), #871, .F. ) ;
#1376 = FILL_AREA_STYLE_COLOUR ( '', #157 ) ;
#1377 = ORIENTED_EDGE ( 'NONE', *, *, #2018, .F. ) ;
#1378 = ORIENTED_EDGE ( 'NONE', *, *, #1016, .T. ) ;
#1379 = SURFACE_SIDE_STYLE ('',( #2074 ) ) ;
#1380 = DIRECTION ( 'NONE',  ( -0.000000000000000000, 0.000000000000000000, 1.000000000000000000 ) ) ;
#1381 = FILL_AREA_STYLE ('',( #860 ) ) ;
#1382 = PLANE ( 'NONE',  #83 ) ;
#1383 = ORIENTED_EDGE ( 'NONE', *, *, #2043, .F. ) ;
#1384 = DIRECTION ( 'NONE',  ( 1.000000000000000000, 0.000000000000000000, 0.000000000000000000 ) ) ;
#1385 = FILL_AREA_STYLE ('',( #2317 ) ) ;
#1386 = SURFACE_STYLE_FILL_AREA ( #1560 ) ;
#1387 = ORIENTED_EDGE ( 'NONE', *, *, #48, .T. ) ;
#1388 = ADVANCED_FACE ( 'NONE', ( #1987, #219 ), #1382, .F. ) ;
#1389 = MECHANICAL_DESIGN_GEOMETRIC_PRESENTATION_REPRESENTATION (  '', ( #663 ), #1358 ) ;
#1390 = STYLED_ITEM ( 'NONE', ( #89 ), #77 ) ;
#1391 =( NAMED_UNIT ( * ) SI_UNIT ( $, .STERADIAN. ) SOLID_ANGLE_UNIT ( ) );
#1392 = STYLED_ITEM ( 'NONE', ( #2138 ), #477 ) ;
#1393 = VERTEX_POINT ( 'NONE', #795 ) ;
#1394 =( NAMED_UNIT ( * ) PLANE_ANGLE_UNIT ( ) SI_UNIT ( $, .RADIAN. ) );
#1395 = COLOUR_RGB ( '',0.000000000000000000, 0.000000000000000000, 0.000000000000000000 ) ;
#1396 =( GEOMETRIC_REPRESENTATION_CONTEXT ( 3 ) GLOBAL_UNCERTAINTY_ASSIGNED_CONTEXT ( ( #564 ) ) GLOBAL_UNIT_ASSIGNED_CONTEXT ( ( #1980, #2262, #116 ) ) REPRESENTATION_CONTEXT ( 'NONE', 'WORKASPACE' ) );
#1397 = AXIS2_PLACEMENT_3D ( 'NONE', #273, #475, #1719 ) ;
#1398 = CYLINDRICAL_SURFACE ( 'NONE', #1884, 6.924999999999999822 ) ;
#1399 = ORIENTED_EDGE ( 'NONE', *, *, #1107, .T. ) ;
#1400 = CARTESIAN_POINT ( 'NONE',  ( -3.450000000000000178, -0.9749999999999997558, -21.99019237886465916 ) ) ;
#1401 = AXIS2_PLACEMENT_3D ( 'NONE', #445, #631, #2019 ) ;
#1402 = FILL_AREA_STYLE ('',( #703 ) ) ;
#1403 = AXIS2_PLACEMENT_3D ( 'NONE', #428, #1152, #1668 ) ;
#1404 = UNCERTAINTY_MEASURE_WITH_UNIT (LENGTH_MEASURE( 1.000000000000000082E-05 ), #1761, 'distance_accuracy_value', 'NONE');
#1405 = CARTESIAN_POINT ( 'NONE',  ( 0.000000000000000000, 0.000000000000000000, -3.400000000000000355 ) ) ;
#1406 = DIRECTION ( 'NONE',  ( 0.000000000000000000, 0.000000000000000000, 1.000000000000000000 ) ) ;
#1407 = PLANE ( 'NONE',  #1971 ) ;
#1408 = CARTESIAN_POINT ( 'NONE',  ( 5.500000000000000000, 0.000000000000000000, -12.84999999999999964 ) ) ;
#1409 = ORIENTED_EDGE ( 'NONE', *, *, #580, .T. ) ;
#1410 = SURFACE_STYLE_FILL_AREA ( #2135 ) ;
#1411 = DIRECTION ( 'NONE',  ( 1.000000000000000000, 0.000000000000000000, 0.000000000000000000 ) ) ;
#1412 = VERTEX_POINT ( 'NONE', #724 ) ;
#1413 = FILL_AREA_STYLE ('',( #2129 ) ) ;
#1414 = EDGE_CURVE ( 'NONE', #1524, #628, #1343, .T. ) ;
#1415 = CARTESIAN_POINT ( 'NONE',  ( 3.949999999999999734, 0.000000000000000000, -20.15000000000000213 ) ) ;
#1416 = ORIENTED_EDGE ( 'NONE', *, *, #928, .T. ) ;
#1417 = LINE ( 'NONE', #1725, #1066 ) ;
#1418 = EDGE_LOOP ( 'NONE', ( #1127, #1462, #1919, #211 ) ) ;
#1419 = DIRECTION ( 'NONE',  ( 0.000000000000000000, 0.000000000000000000, 1.000000000000000000 ) ) ;
#1420 = UNCERTAINTY_MEASURE_WITH_UNIT (LENGTH_MEASURE( 1.000000000000000082E-05 ), #2302, 'distance_accuracy_value', 'NONE');
#1421 = CARTESIAN_POINT ( 'NONE',  ( 0.000000000000000000, 0.000000000000000000, -12.84999999999999964 ) ) ;
#1422 = AXIS2_PLACEMENT_3D ( 'NONE', #1405, #721, #341 ) ;
#1423 = DIRECTION ( 'NONE',  ( 0.8660254037844381525, -0.000000000000000000, 0.5000000000000009992 ) ) ;
#1424 =( GEOMETRIC_REPRESENTATION_CONTEXT ( 3 ) GLOBAL_UNCERTAINTY_ASSIGNED_CONTEXT ( ( #1586 ) ) GLOBAL_UNIT_ASSIGNED_CONTEXT ( ( #1116, #1616, #1634 ) ) REPRESENTATION_CONTEXT ( 'NONE', 'WORKASPACE' ) );
#1425 = EDGE_CURVE ( 'NONE', #526, #1450, #1219, .T. ) ;
#1426 = PRESENTATION_LAYER_ASSIGNMENT (  '', '', ( #34 ) ) ;
#1427 = PRESENTATION_STYLE_ASSIGNMENT (( #2341 ) ) ;
#1428 =( GEOMETRIC_REPRESENTATION_CONTEXT ( 3 ) GLOBAL_UNCERTAINTY_ASSIGNED_CONTEXT ( ( #375 ) ) GLOBAL_UNIT_ASSIGNED_CONTEXT ( ( #939, #558, #383 ) ) REPRESENTATION_CONTEXT ( 'NONE', 'WORKASPACE' ) );
#1429 = ORIENTED_EDGE ( 'NONE', *, *, #1292, .T. ) ;
#1430 = AXIS2_PLACEMENT_3D ( 'NONE', #1842, #62, #259 ) ;
#1431 =( NAMED_UNIT ( * ) SI_UNIT ( $, .STERADIAN. ) SOLID_ANGLE_UNIT ( ) );
#1432 = DIRECTION ( 'NONE',  ( 1.000000000000000000, 0.000000000000000000, 0.000000000000000000 ) ) ;
#1433 = AXIS2_PLACEMENT_3D ( 'NONE', #1363, #1870, #2093 ) ;
#1434 = CARTESIAN_POINT ( 'NONE',  ( -6.924999999999999822, 0.4500000000000000111, -20.15000000000000213 ) ) ;
#1435 = MECHANICAL_DESIGN_GEOMETRIC_PRESENTATION_REPRESENTATION (  '', ( #46 ), #1334 ) ;
#1436 = SURFACE_STYLE_USAGE ( .BOTH. , #2005 ) ;
#1437 = CARTESIAN_POINT ( 'NONE',  ( 3.949999999999999734, 0.000000000000000000, -20.85000000000000142 ) ) ;
#1438 =( GEOMETRIC_REPRESENTATION_CONTEXT ( 3 ) GLOBAL_UNCERTAINTY_ASSIGNED_CONTEXT ( ( #1404 ) ) GLOBAL_UNIT_ASSIGNED_CONTEXT ( ( #1761, #864, #2294 ) ) REPRESENTATION_CONTEXT ( 'NONE', 'WORKASPACE' ) );
#1439 = FILL_AREA_STYLE ('',( #1551 ) ) ;
#1440 = ORIENTED_EDGE ( 'NONE', *, *, #1062, .T. ) ;
#1441 = DIRECTION ( 'NONE',  ( 0.4472135954999585938, 0.4472135954999585938, -0.7745966692414826271 ) ) ;
#1442 =( NAMED_UNIT ( * ) PLANE_ANGLE_UNIT ( ) SI_UNIT ( $, .RADIAN. ) );
#1443 = ADVANCED_FACE ( 'NONE', ( #387 ), #1191, .T. ) ;
#1444 = UNCERTAINTY_MEASURE_WITH_UNIT (LENGTH_MEASURE( 1.000000000000000082E-05 ), #1563, 'distance_accuracy_value', 'NONE');
#1445 = SURFACE_STYLE_USAGE ( .BOTH. , #1267 ) ;
#1446 = DIRECTION ( 'NONE',  ( -1.000000000000000000, 0.000000000000000000, 0.000000000000000000 ) ) ;
#1447 = SURFACE_SIDE_STYLE ('',( #2266 ) ) ;
#1448 = CARTESIAN_POINT ( 'NONE',  ( 0.000000000000000000, 0.000000000000000000, -0.2999999999999999889 ) ) ;
#1449 =( NAMED_UNIT ( * ) PLANE_ANGLE_UNIT ( ) SI_UNIT ( $, .RADIAN. ) );
#1450 = VERTEX_POINT ( 'NONE', #1705 ) ;
#1451 = CARTESIAN_POINT ( 'NONE',  ( 3.450000000000000178, -0.9749999999999999778, -18.64999999999999858 ) ) ;
#1452 = ADVANCED_FACE ( 'NONE', ( #1148, #1508 ), #1519, .F. ) ;
#1453 = DIRECTION ( 'NONE',  ( 0.000000000000000000, -0.000000000000000000, 1.000000000000000000 ) ) ;
#1454 = FILL_AREA_STYLE ('',( #566 ) ) ;
#1455 = PLANE ( 'NONE',  #1337 ) ;
#1456 = ORIENTED_EDGE ( 'NONE', *, *, #600, .T. ) ;
#1457 = AXIS2_PLACEMENT_3D ( 'NONE', #1167, #1518, #833 ) ;
#1458 = STYLED_ITEM ( 'NONE', ( #151 ), #1138 ) ;
#1459 = PLANE ( 'NONE',  #927 ) ;
#1460 = STYLED_ITEM ( 'NONE', ( #641 ), #377 ) ;
#1461 = AXIS2_PLACEMENT_3D ( 'NONE', #826, #1354, #1895 ) ;
#1462 = ORIENTED_EDGE ( 'NONE', *, *, #1022, .T. ) ;
#1463 = CARTESIAN_POINT ( 'NONE',  ( -3.450000000000000178, -0.9749999999999997558, -18.64999999999999858 ) ) ;
#1464 = CIRCLE ( 'NONE', #952, 0.2999999999999999889 ) ;
#1465 = LINE ( 'NONE', #2204, #473 ) ;
#1466 = CARTESIAN_POINT ( 'NONE',  ( 3.950000000000000178, 0.9749999999999999778, -21.99019237886465916 ) ) ;
#1467 = VECTOR ( 'NONE', #1029, 1000.000000000000000 ) ;
#1468 = EDGE_CURVE ( 'NONE', #732, #364, #2274, .T. ) ;
#1469 = ORIENTED_EDGE ( 'NONE', *, *, #1264, .T. ) ;
#1470 = FACE_OUTER_BOUND ( 'NONE', #960, .T. ) ;
#1471 =( GEOMETRIC_REPRESENTATION_CONTEXT ( 3 ) GLOBAL_UNCERTAINTY_ASSIGNED_CONTEXT ( ( #1420 ) ) GLOBAL_UNIT_ASSIGNED_CONTEXT ( ( #2302, #215, #26 ) ) REPRESENTATION_CONTEXT ( 'NONE', 'WORKASPACE' ) );
#1472 = CARTESIAN_POINT ( 'NONE',  ( 0.000000000000000000, 0.000000000000000000, -1.699999999999999956 ) ) ;
#1473 = VECTOR ( 'NONE', #1493, 1000.000000000000000 ) ;
#1474 = DIRECTION ( 'NONE',  ( 0.000000000000000000, 0.000000000000000000, -1.000000000000000000 ) ) ;
#1475 = DIRECTION ( 'NONE',  ( -0.000000000000000000, -0.000000000000000000, 1.000000000000000000 ) ) ;
#1476 = ORIENTED_EDGE ( 'NONE', *, *, #174, .F. ) ;
#1477 = VECTOR ( 'NONE', #2022, 1000.000000000000000 ) ;
#1478 = CARTESIAN_POINT ( 'NONE',  ( 0.000000000000000000, 0.000000000000000000, -16.94999999999999929 ) ) ;
#1479 = PLANE ( 'NONE',  #196 ) ;
#1480 = SURFACE_STYLE_USAGE ( .BOTH. , #1806 ) ;
#1481 = MECHANICAL_DESIGN_GEOMETRIC_PRESENTATION_REPRESENTATION (  '', ( #2145 ), #1661 ) ;
#1482 = ORIENTED_EDGE ( 'NONE', *, *, #465, .T. ) ;
#1483 = SURFACE_STYLE_USAGE ( .BOTH. , #584 ) ;
#1484 = PRESENTATION_STYLE_ASSIGNMENT (( #975 ) ) ;
#1485 = CARTESIAN_POINT ( 'NONE',  ( 3.799999999999996270, -0.8249999999999956257, -22.25000000000000000 ) ) ;
#1486 = EDGE_CURVE ( 'NONE', #331, #1299, #1131, .T. ) ;
#1487 = CARTESIAN_POINT ( 'NONE',  ( -3.450000000000000178, -0.9749999999999997558, -21.99019237886465916 ) ) ;
#1488 = FILL_AREA_STYLE_COLOUR ( '', #675 ) ;
#1489 = PLANE ( 'NONE',  #647 ) ;
#1490 = ORIENTED_EDGE ( 'NONE', *, *, #1181, .F. ) ;
#1491 = DIRECTION ( 'NONE',  ( 0.000000000000000000, -1.000000000000000000, 0.000000000000000000 ) ) ;
#1492 = LINE ( 'NONE', #1916, #476 ) ;
#1493 = DIRECTION ( 'NONE',  ( 0.000000000000000000, 1.000000000000000000, 0.000000000000000000 ) ) ;
#1494 = ORIENTED_EDGE ( 'NONE', *, *, #1016, .F. ) ;
#1495 = DIRECTION ( 'NONE',  ( 1.000000000000000000, -0.000000000000000000, -0.000000000000000000 ) ) ;
#1496 =( NAMED_UNIT ( * ) SI_UNIT ( $, .STERADIAN. ) SOLID_ANGLE_UNIT ( ) );
#1497 = EDGE_CURVE ( 'NONE', #364, #1536, #615, .T. ) ;
#1498 = DIRECTION ( 'NONE',  ( -0.000000000000000000, -0.000000000000000000, 1.000000000000000000 ) ) ;
#1499 = MECHANICAL_DESIGN_GEOMETRIC_PRESENTATION_REPRESENTATION (  '', ( #762 ), #1175 ) ;
#1500 = ORIENTED_EDGE ( 'NONE', *, *, #713, .T. ) ;
#1501 = FACE_OUTER_BOUND ( 'NONE', #1610, .T. ) ;
#1502 = PRESENTATION_LAYER_ASSIGNMENT (  '', '', ( #32 ) ) ;
#1503 = PRESENTATION_LAYER_ASSIGNMENT (  '', '', ( #765 ) ) ;
#1504 = EDGE_LOOP ( 'NONE', ( #855, #880, #1739, #1173 ) ) ;
#1505 =( LENGTH_UNIT ( ) NAMED_UNIT ( * ) SI_UNIT ( .MILLI., .METRE. ) );
#1506 = SURFACE_SIDE_STYLE ('',( #831 ) ) ;
#1507 = PRESENTATION_LAYER_ASSIGNMENT (  '', '', ( #1180 ) ) ;
#1508 = FACE_BOUND ( 'NONE', #1046, .T. ) ;
#1509 = UNCERTAINTY_MEASURE_WITH_UNIT (LENGTH_MEASURE( 1.000000000000000082E-05 ), #1250, 'distance_accuracy_value', 'NONE');
#1510 = AXIS2_PLACEMENT_3D ( 'NONE', #1865, #1008, #149 ) ;
#1511 = AXIS2_PLACEMENT_3D ( 'NONE', #225, #948, #384 ) ;
#1512 = ORIENTED_EDGE ( 'NONE', *, *, #1305, .T. ) ;
#1513 =( LENGTH_UNIT ( ) NAMED_UNIT ( * ) SI_UNIT ( .MILLI., .METRE. ) );
#1514 = VECTOR ( 'NONE', #525, 1000.000000000000000 ) ;
#1515 = EDGE_LOOP ( 'NONE', ( #1597, #1064, #2037, #1409 ) ) ;
#1516 = EDGE_CURVE ( 'NONE', #1898, #2080, #987, .T. ) ;
#1517 = AXIS2_PLACEMENT_3D ( 'NONE', #1061, #1772, #1384 ) ;
#1518 = DIRECTION ( 'NONE',  ( -0.000000000000000000, -0.000000000000000000, 1.000000000000000000 ) ) ;
#1519 = PLANE ( 'NONE',  #589 ) ;
#1520 =( NAMED_UNIT ( * ) SI_UNIT ( $, .STERADIAN. ) SOLID_ANGLE_UNIT ( ) );
#1521 = LINE ( 'NONE', #1332, #1171 ) ;
#1522 = ORIENTED_EDGE ( 'NONE', *, *, #547, .F. ) ;
#1523 = PLANE ( 'NONE',  #1830 ) ;
#1524 = VERTEX_POINT ( 'NONE', #2059 ) ;
#1525 = FILL_AREA_STYLE ('',( #1021 ) ) ;
#1526 = EDGE_CURVE ( 'NONE', #331, #138, #1651, .T. ) ;
#1527 =( NAMED_UNIT ( * ) PLANE_ANGLE_UNIT ( ) SI_UNIT ( $, .RADIAN. ) );
#1528 = DIRECTION ( 'NONE',  ( -0.000000000000000000, -0.000000000000000000, 1.000000000000000000 ) ) ;
#1529 = UNCERTAINTY_MEASURE_WITH_UNIT (LENGTH_MEASURE( 1.000000000000000082E-05 ), #1941, 'distance_accuracy_value', 'NONE');
#1530 = SURFACE_STYLE_USAGE ( .BOTH. , #1179 ) ;
#1531 = SURFACE_STYLE_USAGE ( .BOTH. , #275 ) ;
#1532 =( NAMED_UNIT ( * ) SI_UNIT ( $, .STERADIAN. ) SOLID_ANGLE_UNIT ( ) );
#1533 = VERTEX_POINT ( 'NONE', #958 ) ;
#1534 = STYLED_ITEM ( 'NONE', ( #1342 ), #114 ) ;
#1535 = PLANE ( 'NONE',  #548 ) ;
#1536 = VERTEX_POINT ( 'NONE', #1303 ) ;
#1537 = FILL_AREA_STYLE_COLOUR ( '', #186 ) ;
#1538 = VECTOR ( 'NONE', #1128, 1000.000000000000000 ) ;
#1539 = COLOUR_RGB ( '',0.6392156862745097534, 0.6666666666666666297, 0.6784313725490196401 ) ;
#1540 =( NAMED_UNIT ( * ) PLANE_ANGLE_UNIT ( ) SI_UNIT ( $, .RADIAN. ) );
#1541 = CARTESIAN_POINT ( 'NONE',  ( -3.950000000000000178, 0.4499999999999999001, -22.25000000000000000 ) ) ;
#1542 = ADVANCED_FACE ( 'NONE', ( #794 ), #1978, .T. ) ;
#1543 = PRESENTATION_LAYER_ASSIGNMENT (  '', '', ( #234 ) ) ;
#1544 =( LENGTH_UNIT ( ) NAMED_UNIT ( * ) SI_UNIT ( .MILLI., .METRE. ) );
#1545 =( LENGTH_UNIT ( ) NAMED_UNIT ( * ) SI_UNIT ( .MILLI., .METRE. ) );
#1546 = EDGE_CURVE ( 'NONE', #1393, #1146, #2130, .T. ) ;
#1547 = DIRECTION ( 'NONE',  ( 0.000000000000000000, 0.000000000000000000, -1.000000000000000000 ) ) ;
#1548 =( LENGTH_UNIT ( ) NAMED_UNIT ( * ) SI_UNIT ( .MILLI., .METRE. ) );
#1549 = EDGE_LOOP ( 'NONE', ( #2150, #1377, #1230, #2179 ) ) ;
#1550 = SURFACE_SIDE_STYLE ('',( #1915 ) ) ;
#1551 = FILL_AREA_STYLE_COLOUR ( '', #2100 ) ;
#1552 = ORIENTED_EDGE ( 'NONE', *, *, #1144, .F. ) ;
#1553 = SURFACE_STYLE_FILL_AREA ( #2114 ) ;
#1554 = LINE ( 'NONE', #2270, #71 ) ;
#1555 = SURFACE_STYLE_FILL_AREA ( #1381 ) ;
#1556 = EDGE_CURVE ( 'NONE', #2254, #1263, #2253, .T. ) ;
#1557 = ORIENTED_EDGE ( 'NONE', *, *, #614, .F. ) ;
#1558 = SURFACE_STYLE_FILL_AREA ( #961 ) ;
#1559 = PRESENTATION_STYLE_ASSIGNMENT (( #1782 ) ) ;
#1560 = FILL_AREA_STYLE ('',( #1052 ) ) ;
#1561 = ORIENTED_EDGE ( 'NONE', *, *, #814, .F. ) ;
#1562 = DIRECTION ( 'NONE',  ( 1.000000000000000000, -0.000000000000000000, -0.000000000000000000 ) ) ;
#1563 =( LENGTH_UNIT ( ) NAMED_UNIT ( * ) SI_UNIT ( .MILLI., .METRE. ) );
#1564 = DIRECTION ( 'NONE',  ( 0.000000000000000000, 0.000000000000000000, -1.000000000000000000 ) ) ;
#1565 = DIRECTION ( 'NONE',  ( -0.000000000000000000, -0.000000000000000000, 1.000000000000000000 ) ) ;
#1566 = FILL_AREA_STYLE_COLOUR ( '', #809 ) ;
#1567 = APPLICATION_PROTOCOL_DEFINITION ( 'draft international standard', 'automotive_design', 1998, #1819 ) ;
#1568 = ORIENTED_EDGE ( 'NONE', *, *, #971, .F. ) ;
#1569 = EDGE_CURVE ( 'NONE', #870, #947, #235, .T. ) ;
#1570 = DIRECTION ( 'NONE',  ( -0.000000000000000000, -0.000000000000000000, 1.000000000000000000 ) ) ;
#1571 = EDGE_LOOP ( 'NONE', ( #506, #2318, #1137, #1753 ) ) ;
#1572 = LINE ( 'NONE', #1400, #424 ) ;
#1573 = FACE_BOUND ( 'NONE', #2147, .T. ) ;
#1574 = STYLED_ITEM ( 'NONE', ( #1256 ), #229 ) ;
#1575 = CIRCLE ( 'NONE', #575, 0.4499999999999990119 ) ;
#1576 = AXIS2_PLACEMENT_3D ( 'NONE', #1203, #315, #849 ) ;
#1577 = VECTOR ( 'NONE', #150, 1000.000000000000227 ) ;
#1578 = ORIENTED_EDGE ( 'NONE', *, *, #305, .T. ) ;
#1579 = COLOUR_RGB ( '',0.6392156862745097534, 0.6666666666666666297, 0.6784313725490196401 ) ;
#1580 = AXIS2_PLACEMENT_3D ( 'NONE', #524, #1071, #1645 ) ;
#1581 = MECHANICAL_DESIGN_GEOMETRIC_PRESENTATION_REPRESENTATION (  '', ( #771 ), #359 ) ;
#1582 = ORIENTED_EDGE ( 'NONE', *, *, #1556, .T. ) ;
#1583 = PRESENTATION_STYLE_ASSIGNMENT (( #2124 ) ) ;
#1584 = ADVANCED_FACE ( 'NONE', ( #772 ), #2329, .T. ) ;
#1585 = STYLED_ITEM ( 'NONE', ( #748 ), #1910 ) ;
#1586 = UNCERTAINTY_MEASURE_WITH_UNIT (LENGTH_MEASURE( 1.000000000000000082E-05 ), #1116, 'distance_accuracy_value', 'NONE');
#1587 = DIRECTION ( 'NONE',  ( 1.000000000000000000, 0.000000000000000000, 0.000000000000000000 ) ) ;
#1588 = CIRCLE ( 'NONE', #1580, 5.500000000000000000 ) ;
#1589 = AXIS2_PLACEMENT_3D ( 'NONE', #1197, #2165, #312 ) ;
#1590 = SURFACE_STYLE_FILL_AREA ( #1106 ) ;
#1591 = ORIENTED_EDGE ( 'NONE', *, *, #465, .F. ) ;
#1592 = ORIENTED_EDGE ( 'NONE', *, *, #1734, .T. ) ;
#1593 = EDGE_CURVE ( 'NONE', #374, #526, #132, .T. ) ;
#1594 =( LENGTH_UNIT ( ) NAMED_UNIT ( * ) SI_UNIT ( .MILLI., .METRE. ) );
#1595 = DIRECTION ( 'NONE',  ( 0.000000000000000000, -1.000000000000000000, -0.000000000000000000 ) ) ;
#1596 = DIRECTION ( 'NONE',  ( 0.000000000000000000, 1.000000000000000000, 0.000000000000000000 ) ) ;
#1597 = ORIENTED_EDGE ( 'NONE', *, *, #1607, .F. ) ;
#1598 = DIRECTION ( 'NONE',  ( 1.000000000000000000, 0.000000000000000000, -0.000000000000000000 ) ) ;
#1599 = UNCERTAINTY_MEASURE_WITH_UNIT (LENGTH_MEASURE( 1.000000000000000082E-05 ), #1729, 'distance_accuracy_value', 'NONE');
#1600 = SURFACE_STYLE_USAGE ( .BOTH. , #1972 ) ;
#1601 = AXIS2_PLACEMENT_3D ( 'NONE', #2069, #1364, #291 ) ;
#1602 = VECTOR ( 'NONE', #912, 1000.000000000000000 ) ;
#1603 = EDGE_CURVE ( 'NONE', #2053, #374, #2206, .T. ) ;
#1604 = MECHANICAL_DESIGN_GEOMETRIC_PRESENTATION_REPRESENTATION (  '', ( #537 ), #1829 ) ;
#1605 = PRESENTATION_STYLE_ASSIGNMENT (( #1246 ) ) ;
#1606 = MECHANICAL_DESIGN_GEOMETRIC_PRESENTATION_REPRESENTATION (  '', ( #1392 ), #848 ) ;
#1607 = EDGE_CURVE ( 'NONE', #99, #862, #1374, .T. ) ;
#1608 = DIRECTION ( 'NONE',  ( -0.000000000000000000, -0.000000000000000000, 1.000000000000000000 ) ) ;
#1609 = PRESENTATION_LAYER_ASSIGNMENT (  '', '', ( #924 ) ) ;
#1610 = EDGE_LOOP ( 'NONE', ( #1793, #1615, #1701, #158 ) ) ;
#1611 = LINE ( 'NONE', #740, #79 ) ;
#1612 = VECTOR ( 'NONE', #1498, 1000.000000000000000 ) ;
#1613 = DIRECTION ( 'NONE',  ( 0.000000000000000000, 0.000000000000000000, -1.000000000000000000 ) ) ;
#1614 = DIRECTION ( 'NONE',  ( 1.000000000000000000, 0.000000000000000000, 0.000000000000000000 ) ) ;
#1615 = ORIENTED_EDGE ( 'NONE', *, *, #1623, .T. ) ;
#1616 =( NAMED_UNIT ( * ) PLANE_ANGLE_UNIT ( ) SI_UNIT ( $, .RADIAN. ) );
#1617 = AXIS2_PLACEMENT_3D ( 'NONE', #493, #1220, #1411 ) ;
#1618 = DIRECTION ( 'NONE',  ( 0.000000000000000000, 1.000000000000000000, 0.000000000000000000 ) ) ;
#1619 =( GEOMETRIC_REPRESENTATION_CONTEXT ( 3 ) GLOBAL_UNCERTAINTY_ASSIGNED_CONTEXT ( ( #464 ) ) GLOBAL_UNIT_ASSIGNED_CONTEXT ( ( #396, #2330, #370 ) ) REPRESENTATION_CONTEXT ( 'NONE', 'WORKASPACE' ) );
#1620 = APPLICATION_PROTOCOL_DEFINITION ( 'draft international standard', 'automotive_design', 1998, #281 ) ;
#1621 = PRESENTATION_STYLE_ASSIGNMENT (( #1974 ) ) ;
#1622 = AXIS2_PLACEMENT_3D ( 'NONE', #690, #2332, #332 ) ;
#1623 = EDGE_CURVE ( 'NONE', #1909, #1775, #1001, .T. ) ;
#1624 = DIRECTION ( 'NONE',  ( 1.000000000000000000, -0.000000000000000000, -0.000000000000000000 ) ) ;
#1625 = ORIENTED_EDGE ( 'NONE', *, *, #48, .F. ) ;
#1626 = DIRECTION ( 'NONE',  ( 1.000000000000000000, 0.000000000000000000, 0.000000000000000000 ) ) ;
#1627 = CARTESIAN_POINT ( 'NONE',  ( 6.924999999999999822, 8.480679084095420054E-16, -3.200000000000000178 ) ) ;
#1628 = PRODUCT_DEFINITION_CONTEXT ( 'detailed design', #281, 'design' ) ;
#1629 = ORIENTED_EDGE ( 'NONE', *, *, #2180, .T. ) ;
#1630 = DIRECTION ( 'NONE',  ( -0.000000000000000000, -0.000000000000000000, 1.000000000000000000 ) ) ;
#1631 = ORIENTED_EDGE ( 'NONE', *, *, #1822, .F. ) ;
#1632 = EDGE_CURVE ( 'NONE', #2080, #870, #2068, .T. ) ;
#1633 = FILL_AREA_STYLE ('',( #560 ) ) ;
#1634 =( NAMED_UNIT ( * ) SI_UNIT ( $, .STERADIAN. ) SOLID_ANGLE_UNIT ( ) );
#1635 = DIRECTION ( 'NONE',  ( -0.000000000000000000, -0.000000000000000000, 1.000000000000000000 ) ) ;
#1636 = PRESENTATION_LAYER_ASSIGNMENT (  '', '', ( #1458 ) ) ;
#1637 = FACE_OUTER_BOUND ( 'NONE', #658, .T. ) ;
#1638 = DIRECTION ( 'NONE',  ( 1.000000000000000000, 0.000000000000000000, 0.000000000000000000 ) ) ;
#1639 = MECHANICAL_DESIGN_GEOMETRIC_PRESENTATION_REPRESENTATION (  '', ( #1028 ), #1249 ) ;
#1640 = CARTESIAN_POINT ( 'NONE',  ( 0.000000000000000000, 0.000000000000000000, 0.000000000000000000 ) ) ;
#1641 = ORIENTED_EDGE ( 'NONE', *, *, #2180, .F. ) ;
#1642 = CARTESIAN_POINT ( 'NONE',  ( 3.949999999999999734, 0.4500000000000000111, -20.85000000000000142 ) ) ;
#1643 =( GEOMETRIC_REPRESENTATION_CONTEXT ( 3 ) GLOBAL_UNCERTAINTY_ASSIGNED_CONTEXT ( ( #1012 ) ) GLOBAL_UNIT_ASSIGNED_CONTEXT ( ( #2017, #406, #1132 ) ) REPRESENTATION_CONTEXT ( 'NONE', 'WORKASPACE' ) );
#1644 = LINE ( 'NONE', #574, #1473 ) ;
#1645 = DIRECTION ( 'NONE',  ( 1.000000000000000000, 0.000000000000000000, 0.000000000000000000 ) ) ;
#1646 = CARTESIAN_POINT ( 'NONE',  ( 0.000000000000000000, 0.000000000000000000, -0.2999999999999999889 ) ) ;
#1647 = ORIENTED_EDGE ( 'NONE', *, *, #496, .T. ) ;
#1648 = FILL_AREA_STYLE ('',( #565 ) ) ;
#1649 = CARTESIAN_POINT ( 'NONE',  ( -6.924999999999999822, -0.4500000000000000111, -20.15000000000000213 ) ) ;
#1650 = ADVANCED_FACE ( 'NONE', ( #313 ), #1027, .F. ) ;
#1651 = CIRCLE ( 'NONE', #1690, 0.4499999999999990119 ) ;
#1652 = EDGE_LOOP ( 'NONE', ( #1159, #838, #1339, #1803 ) ) ;
#1653 = STYLED_ITEM ( 'NONE', ( #1927 ), #1799 ) ;
#1654 = FILL_AREA_STYLE_COLOUR ( '', #542 ) ;
#1655 = FILL_AREA_STYLE ('',( #601 ) ) ;
#1656 = DIRECTION ( 'NONE',  ( 0.000000000000000000, 0.000000000000000000, -1.000000000000000000 ) ) ;
#1657 = EDGE_LOOP ( 'NONE', ( #1671, #279, #567, #172 ) ) ;
#1658 = DIRECTION ( 'NONE',  ( 0.000000000000000000, 0.000000000000000000, 1.000000000000000000 ) ) ;
#1659 = SURFACE_SIDE_STYLE ('',( #1308 ) ) ;
#1660 = CARTESIAN_POINT ( 'NONE',  ( 3.950000000000000178, -0.9749999999999999778, -21.99019237886465916 ) ) ;
#1661 =( GEOMETRIC_REPRESENTATION_CONTEXT ( 3 ) GLOBAL_UNCERTAINTY_ASSIGNED_CONTEXT ( ( #1529 ) ) GLOBAL_UNIT_ASSIGNED_CONTEXT ( ( #1941, #1710, #534 ) ) REPRESENTATION_CONTEXT ( 'NONE', 'WORKASPACE' ) );
#1662 = DIRECTION ( 'NONE',  ( 0.000000000000000000, 0.000000000000000000, -1.000000000000000000 ) ) ;
#1663 = VERTEX_POINT ( 'NONE', #612 ) ;
#1664 = EDGE_CURVE ( 'NONE', #1393, #2254, #2094, .T. ) ;
#1665 = UNCERTAINTY_MEASURE_WITH_UNIT (LENGTH_MEASURE( 1.000000000000000082E-05 ), #2034, 'distance_accuracy_value', 'NONE');
#1666 = SURFACE_STYLE_FILL_AREA ( #1151 ) ;
#1667 = DIRECTION ( 'NONE',  ( 1.000000000000000000, -0.000000000000000000, -0.000000000000000000 ) ) ;
#1668 = DIRECTION ( 'NONE',  ( 0.000000000000000000, 0.000000000000000000, 1.000000000000000000 ) ) ;
#1669 = VERTEX_POINT ( 'NONE', #1487 ) ;
#1670 = FILL_AREA_STYLE_COLOUR ( '', #466 ) ;
#1671 = ORIENTED_EDGE ( 'NONE', *, *, #256, .T. ) ;
#1672 = CARTESIAN_POINT ( 'NONE',  ( -3.600000000000004530, 0.000000000000000000, -22.25000000000000000 ) ) ;
#1673 = CARTESIAN_POINT ( 'NONE',  ( 0.000000000000000000, 0.000000000000000000, -3.200000000000000178 ) ) ;
#1674 =( LENGTH_UNIT ( ) NAMED_UNIT ( * ) SI_UNIT ( .MILLI., .METRE. ) );
#1675 = DIRECTION ( 'NONE',  ( 1.000000000000000000, 0.000000000000000000, 0.000000000000000000 ) ) ;
#1676 = FILL_AREA_STYLE ('',( #1163 ) ) ;
#1677 = MECHANICAL_DESIGN_GEOMETRIC_PRESENTATION_REPRESENTATION (  '', ( #385 ), #1277 ) ;
#1678 = MECHANICAL_DESIGN_GEOMETRIC_PRESENTATION_REPRESENTATION (  '', ( #1390 ), #117 ) ;
#1679 = ORIENTED_EDGE ( 'NONE', *, *, #1664, .F. ) ;
#1680 =( NAMED_UNIT ( * ) PLANE_ANGLE_UNIT ( ) SI_UNIT ( $, .RADIAN. ) );
#1681 = CARTESIAN_POINT ( 'NONE',  ( 0.000000000000000000, 0.000000000000000000, -3.200000000000000178 ) ) ;
#1682 = AXIS2_PLACEMENT_3D ( 'NONE', #2297, #1713, #1702 ) ;
#1683 = CARTESIAN_POINT ( 'NONE',  ( -3.950000000000000178, -0.9749999999999997558, -21.99019237886465916 ) ) ;
#1684 = MECHANICAL_DESIGN_GEOMETRIC_PRESENTATION_REPRESENTATION (  '', ( #765 ), #2323 ) ;
#1685 = ORIENTED_EDGE ( 'NONE', *, *, #1062, .F. ) ;
#1686 = VECTOR ( 'NONE', #886, 1000.000000000000000 ) ;
#1687 = FILL_AREA_STYLE ('',( #2233 ) ) ;
#1688 = AXIS2_PLACEMENT_3D ( 'NONE', #2152, #1125, #2205 ) ;
#1689 =( GEOMETRIC_REPRESENTATION_CONTEXT ( 3 ) GLOBAL_UNCERTAINTY_ASSIGNED_CONTEXT ( ( #1887 ) ) GLOBAL_UNIT_ASSIGNED_CONTEXT ( ( #1082, #921, #742 ) ) REPRESENTATION_CONTEXT ( 'NONE', 'WORKASPACE' ) );
#1690 = AXIS2_PLACEMENT_3D ( 'NONE', #946, #651, #1474 ) ;
#1691 = FILL_AREA_STYLE ('',( #1840 ) ) ;
#1692 = PLANE ( 'NONE',  #1576 ) ;
#1693 = UNCERTAINTY_MEASURE_WITH_UNIT (LENGTH_MEASURE( 1.000000000000000082E-05 ), #297, 'distance_accuracy_value', 'NONE');
#1694 = DIRECTION ( 'NONE',  ( -0.000000000000000000, -0.000000000000000000, 1.000000000000000000 ) ) ;
#1695 = COLOUR_RGB ( '',0.000000000000000000, 0.000000000000000000, 0.000000000000000000 ) ;
#1696 = STYLED_ITEM ( 'NONE', ( #1040 ), #1922 ) ;
#1697 = VERTEX_POINT ( 'NONE', #74 ) ;
#1698 = EDGE_CURVE ( 'NONE', #1533, #2134, #1278, .T. ) ;
#1699 = CIRCLE ( 'NONE', #595, 0.4499999999999990119 ) ;
#1700 = SURFACE_STYLE_USAGE ( .BOTH. , #2243 ) ;
#1701 = ORIENTED_EDGE ( 'NONE', *, *, #419, .F. ) ;
#1702 = DIRECTION ( 'NONE',  ( 1.000000000000000000, 0.000000000000000000, 0.000000000000000000 ) ) ;
#1703 =( GEOMETRIC_REPRESENTATION_CONTEXT ( 3 ) GLOBAL_UNCERTAINTY_ASSIGNED_CONTEXT ( ( #1778 ) ) GLOBAL_UNIT_ASSIGNED_CONTEXT ( ( #227, #2230, #738 ) ) REPRESENTATION_CONTEXT ( 'NONE', 'WORKASPACE' ) );
#1704 = DIRECTION ( 'NONE',  ( -0.000000000000000000, -0.000000000000000000, 1.000000000000000000 ) ) ;
#1705 = CARTESIAN_POINT ( 'NONE',  ( -4.450000000000001066, 5.449678256205722770E-16, -0.2999999999999999889 ) ) ;
#1706 = FACE_OUTER_BOUND ( 'NONE', #2314, .T. ) ;
#1707 = LINE ( 'NONE', #905, #777 ) ;
#1708 = ORIENTED_EDGE ( 'NONE', *, *, #209, .F. ) ;
#1709 = FILL_AREA_STYLE ('',( #98 ) ) ;
#1710 =( NAMED_UNIT ( * ) PLANE_ANGLE_UNIT ( ) SI_UNIT ( $, .RADIAN. ) );
#1711 = EDGE_CURVE ( 'NONE', #1953, #709, #1105, .T. ) ;
#1712 = ORIENTED_EDGE ( 'NONE', *, *, #1869, .T. ) ;
#1713 = DIRECTION ( 'NONE',  ( -0.000000000000000000, -0.000000000000000000, 1.000000000000000000 ) ) ;
#1714 = DIRECTION ( 'NONE',  ( -1.000000000000000000, 0.000000000000000000, 0.000000000000000000 ) ) ;
#1715 = ADVANCED_FACE ( 'NONE', ( #1118, #1133 ), #1459, .F. ) ;
#1716 =( LENGTH_UNIT ( ) NAMED_UNIT ( * ) SI_UNIT ( .MILLI., .METRE. ) );
#1717 = LINE ( 'NONE', #1541, #31 ) ;
#1718 = DIRECTION ( 'NONE',  ( -1.000000000000000000, 0.000000000000000000, 0.000000000000000000 ) ) ;
#1719 = DIRECTION ( 'NONE',  ( -1.000000000000000000, -1.224646799147353207E-16, 0.000000000000000000 ) ) ;
#1720 = DIRECTION ( 'NONE',  ( 0.000000000000000000, -1.000000000000000000, -0.000000000000000000 ) ) ;
#1721 = ORIENTED_EDGE ( 'NONE', *, *, #2043, .T. ) ;
#1722 = DIRECTION ( 'NONE',  ( -0.000000000000000000, -0.000000000000000000, 1.000000000000000000 ) ) ;
#1723 = COLOUR_RGB ( '',0.000000000000000000, 0.000000000000000000, 0.000000000000000000 ) ;
#1724 = SURFACE_STYLE_FILL_AREA ( #1385 ) ;
#1725 = CARTESIAN_POINT ( 'NONE',  ( -3.450000000000000178, -0.4500000000000000111, -22.25000000000000000 ) ) ;
#1726 = ORIENTED_EDGE ( 'NONE', *, *, #1048, .T. ) ;
#1727 =( NAMED_UNIT ( * ) PLANE_ANGLE_UNIT ( ) SI_UNIT ( $, .RADIAN. ) );
#1728 = COLOUR_RGB ( '',0.000000000000000000, 0.000000000000000000, 0.000000000000000000 ) ;
#1729 =( LENGTH_UNIT ( ) NAMED_UNIT ( * ) SI_UNIT ( .MILLI., .METRE. ) );
#1730 = CIRCLE ( 'NONE', #162, 5.000000000000000000 ) ;
#1731 = TOROIDAL_SURFACE ( 'NONE', #1461, 4.150000000000001243, 0.2999999999999999889 ) ;
#1732 = SURFACE_SIDE_STYLE ('',( #1225 ) ) ;
#1733 = CARTESIAN_POINT ( 'NONE',  ( -4.450000000000000178, 5.449678256205721784E-16, -2.200000000000000622 ) ) ;
#1734 = EDGE_CURVE ( 'NONE', #2219, #1019, #218, .T. ) ;
#1735 =( GEOMETRIC_REPRESENTATION_CONTEXT ( 3 ) GLOBAL_UNCERTAINTY_ASSIGNED_CONTEXT ( ( #13 ) ) GLOBAL_UNIT_ASSIGNED_CONTEXT ( ( #2258, #1273, #2349 ) ) REPRESENTATION_CONTEXT ( 'NONE', 'WORKASPACE' ) );
#1736 = DIRECTION ( 'NONE',  ( -0.000000000000000000, -0.000000000000000000, 1.000000000000000000 ) ) ;
#1737 = MECHANICAL_DESIGN_GEOMETRIC_PRESENTATION_REPRESENTATION (  '', ( #325 ), #1735 ) ;
#1738 = VECTOR ( 'NONE', #1736, 1000.000000000000000 ) ;
#1739 = ORIENTED_EDGE ( 'NONE', *, *, #828, .F. ) ;
#1740 = FILL_AREA_STYLE ('',( #881 ) ) ;
#1741 =( GEOMETRIC_REPRESENTATION_CONTEXT ( 3 ) GLOBAL_UNCERTAINTY_ASSIGNED_CONTEXT ( ( #2153 ) ) GLOBAL_UNIT_ASSIGNED_CONTEXT ( ( #2076, #1313, #1496 ) ) REPRESENTATION_CONTEXT ( 'NONE', 'WORKASPACE' ) );
#1742 = VERTEX_POINT ( 'NONE', #1150 ) ;
#1743 = PRESENTATION_LAYER_ASSIGNMENT (  '', '', ( #1696 ) ) ;
#1744 =( NAMED_UNIT ( * ) PLANE_ANGLE_UNIT ( ) SI_UNIT ( $, .RADIAN. ) );
#1745 = DIRECTION ( 'NONE',  ( 0.000000000000000000, 0.000000000000000000, -1.000000000000000000 ) ) ;
#1746 = DIRECTION ( 'NONE',  ( 1.000000000000000000, 0.000000000000000000, 0.000000000000000000 ) ) ;
#1747 = STYLED_ITEM ( 'NONE', ( #622 ), #885 ) ;
#1748 = SURFACE_STYLE_USAGE ( .BOTH. , #1945 ) ;
#1749 = SURFACE_SIDE_STYLE ('',( #1946 ) ) ;
#1750 = ADVANCED_FACE ( 'NONE', ( #1637 ), #1824, .F. ) ;
#1751 = FACE_BOUND ( 'NONE', #1020, .T. ) ;
#1752 = DIRECTION ( 'NONE',  ( 1.000000000000000000, 0.000000000000000000, 0.000000000000000000 ) ) ;
#1753 = ORIENTED_EDGE ( 'NONE', *, *, #223, .T. ) ;
#1754 = CARTESIAN_POINT ( 'NONE',  ( 3.799999999999996270, 0.8249999999999956257, -22.25000000000000000 ) ) ;
#1755 = CARTESIAN_POINT ( 'NONE',  ( 3.765000000000004565, 0.6599999999999961453, -22.53578838324886036 ) ) ;
#1756 = ORIENTED_EDGE ( 'NONE', *, *, #295, .T. ) ;
#1757 = SURFACE_SIDE_STYLE ('',( #1920 ) ) ;
#1758 = PRESENTATION_STYLE_ASSIGNMENT (( #140 ) ) ;
#1759 = FILL_AREA_STYLE ('',( #1566 ) ) ;
#1760 = ORIENTED_EDGE ( 'NONE', *, *, #1237, .F. ) ;
#1761 =( LENGTH_UNIT ( ) NAMED_UNIT ( * ) SI_UNIT ( .MILLI., .METRE. ) );
#1762 = EDGE_CURVE ( 'NONE', #1663, #1875, #362, .T. ) ;
#1763 = VERTEX_POINT ( 'NONE', #339 ) ;
#1764 = CARTESIAN_POINT ( 'NONE',  ( 3.600000000000004530, 0.8249999999999956257, -22.25000000000000000 ) ) ;
#1765 = MECHANICAL_DESIGN_GEOMETRIC_PRESENTATION_REPRESENTATION (  '', ( #1458 ), #2189 ) ;
#1766 = VECTOR ( 'NONE', #1296, 1000.000000000000000 ) ;
#1767 =( GEOMETRIC_REPRESENTATION_CONTEXT ( 3 ) GLOBAL_UNCERTAINTY_ASSIGNED_CONTEXT ( ( #1996 ) ) GLOBAL_UNIT_ASSIGNED_CONTEXT ( ( #51, #1302, #2198 ) ) REPRESENTATION_CONTEXT ( 'NONE', 'WORKASPACE' ) );
#1768 = CIRCLE ( 'NONE', #2085, 4.150000000000001243 ) ;
#1769 = LINE ( 'NONE', #533, #1514 ) ;
#1770 = DIRECTION ( 'NONE',  ( 0.7071067811865505703, 0.000000000000000000, 0.7071067811865444641 ) ) ;
#1771 = EDGE_LOOP ( 'NONE', ( #1823, #653, #2342, #170 ) ) ;
#1772 = DIRECTION ( 'NONE',  ( -0.000000000000000000, -0.000000000000000000, 1.000000000000000000 ) ) ;
#1773 = AXIS2_PLACEMENT_3D ( 'NONE', #1437, #715, #907 ) ;
#1774 = PRESENTATION_LAYER_ASSIGNMENT (  '', '', ( #197 ) ) ;
#1775 = VERTEX_POINT ( 'NONE', #495 ) ;
#1776 = ADVANCED_FACE ( 'NONE', ( #539 ), #2173, .F. ) ;
#1777 = AXIS2_PLACEMENT_3D ( 'NONE', #2182, #1453, #2271 ) ;
#1778 = UNCERTAINTY_MEASURE_WITH_UNIT (LENGTH_MEASURE( 1.000000000000000082E-05 ), #227, 'distance_accuracy_value', 'NONE');
#1779 = SURFACE_SIDE_STYLE ('',( #544 ) ) ;
#1780 = MECHANICAL_DESIGN_GEOMETRIC_PRESENTATION_REPRESENTATION (  '', ( #1747 ), #1703 ) ;
#1781 = FILL_AREA_STYLE ('',( #1248 ) ) ;
#1782 = SURFACE_STYLE_USAGE ( .BOTH. , #346 ) ;
#1783 = ORIENTED_EDGE ( 'NONE', *, *, #278, .T. ) ;
#1784 = EDGE_CURVE ( 'NONE', #138, #1763, #1036, .T. ) ;
#1785 = SURFACE_STYLE_FILL_AREA ( #2326 ) ;
#1786 = CARTESIAN_POINT ( 'NONE',  ( -6.924999999999999822, 0.000000000000000000, -20.85000000000000142 ) ) ;
#1787 =( LENGTH_UNIT ( ) NAMED_UNIT ( * ) SI_UNIT ( .MILLI., .METRE. ) );
#1788 =( NAMED_UNIT ( * ) SI_UNIT ( $, .STERADIAN. ) SOLID_ANGLE_UNIT ( ) );
#1789 = ADVANCED_FACE ( 'NONE', ( #498 ), #1935, .F. ) ;
#1790 =( LENGTH_UNIT ( ) NAMED_UNIT ( * ) SI_UNIT ( .MILLI., .METRE. ) );
#1791 = DIRECTION ( 'NONE',  ( 0.000000000000000000, 0.000000000000000000, -1.000000000000000000 ) ) ;
#1792 = LINE ( 'NONE', #909, #1100 ) ;
#1793 = ORIENTED_EDGE ( 'NONE', *, *, #509, .T. ) ;
#1794 = FILL_AREA_STYLE_COLOUR ( '', #1880 ) ;
#1795 = DIRECTION ( 'NONE',  ( 0.000000000000000000, 1.000000000000000000, 0.000000000000000000 ) ) ;
#1796 = UNCERTAINTY_MEASURE_WITH_UNIT (LENGTH_MEASURE( 1.000000000000000082E-05 ), #2004, 'distance_accuracy_value', 'NONE');
#1797 = CARTESIAN_POINT ( 'NONE',  ( -6.924999999999999822, 0.4500000000000000111, -20.15000000000000213 ) ) ;
#1798 = PRESENTATION_LAYER_ASSIGNMENT (  '', '', ( #1390 ) ) ;
#1799 = ADVANCED_FACE ( 'NONE', ( #677, #1751 ), #141, .F. ) ;
#1800 = COLOUR_RGB ( '',0.8941176470588234615, 0.8941176470588234615, 0.8941176470588234615 ) ;
#1801 = SURFACE_SIDE_STYLE ('',( #906 ) ) ;
#1802 = DIRECTION ( 'NONE',  ( -0.000000000000000000, -0.000000000000000000, 1.000000000000000000 ) ) ;
#1803 = ORIENTED_EDGE ( 'NONE', *, *, #2064, .F. ) ;
#1804 = PRESENTATION_STYLE_ASSIGNMENT (( #2227 ) ) ;
#1805 = ORIENTED_EDGE ( 'NONE', *, *, #791, .F. ) ;
#1806 = SURFACE_SIDE_STYLE ('',( #230 ) ) ;
#1807 = CIRCLE ( 'NONE', #134, 5.000000000000000000 ) ;
#1808 = EDGE_LOOP ( 'NONE', ( #825, #494 ) ) ;
#1809 = STYLED_ITEM ( 'NONE', ( #2212 ), #2122 ) ;
#1810 = EDGE_CURVE ( 'NONE', #1763, #572, #875, .T. ) ;
#1811 = FILL_AREA_STYLE ('',( #985 ) ) ;
#1812 = SURFACE_STYLE_FILL_AREA ( #1279 ) ;
#1813 = AXIS2_PLACEMENT_3D ( 'NONE', #2120, #1894, #852 ) ;
#1814 = EDGE_LOOP ( 'NONE', ( #716, #1044, #638, #345 ) ) ;
#1815 = FILL_AREA_STYLE ('',( #1794 ) ) ;
#1816 = SURFACE_STYLE_FILL_AREA ( #609 ) ;
#1817 = DIRECTION ( 'NONE',  ( -0.7071067811865505703, 8.659560562354969836E-17, 0.7071067811865444641 ) ) ;
#1818 = DIRECTION ( 'NONE',  ( 0.000000000000000000, 0.000000000000000000, -1.000000000000000000 ) ) ;
#1819 = APPLICATION_CONTEXT ( 'automotive_design' ) ;
#1820 = ORIENTED_EDGE ( 'NONE', *, *, #182, .F. ) ;
#1821 = DIRECTION ( 'NONE',  ( 1.000000000000000000, -0.000000000000000000, 0.000000000000000000 ) ) ;
#1822 = EDGE_CURVE ( 'NONE', #222, #870, #399, .T. ) ;
#1823 = ORIENTED_EDGE ( 'NONE', *, *, #2350, .T. ) ;
#1824 = PLANE ( 'NONE',  #240 ) ;
#1825 = DIRECTION ( 'NONE',  ( 1.000000000000000000, 0.000000000000000000, -0.000000000000000000 ) ) ;
#1826 = ORIENTED_EDGE ( 'NONE', *, *, #1486, .T. ) ;
#1827 = CIRCLE ( 'NONE', #1457, 5.900000000000000355 ) ;
#1828 = PRESENTATION_STYLE_ASSIGNMENT (( #260 ) ) ;
#1829 =( GEOMETRIC_REPRESENTATION_CONTEXT ( 3 ) GLOBAL_UNCERTAINTY_ASSIGNED_CONTEXT ( ( #1097 ) ) GLOBAL_UNIT_ASSIGNED_CONTEXT ( ( #239, #20, #1322 ) ) REPRESENTATION_CONTEXT ( 'NONE', 'WORKASPACE' ) );
#1830 = AXIS2_PLACEMENT_3D ( 'NONE', #2265, #1876, #1491 ) ;
#1831 =( NAMED_UNIT ( * ) PLANE_ANGLE_UNIT ( ) SI_UNIT ( $, .RADIAN. ) );
#1832 = VERTEX_POINT ( 'NONE', #210 ) ;
#1833 = PRESENTATION_STYLE_ASSIGNMENT (( #417 ) ) ;
#1834 = MECHANICAL_DESIGN_GEOMETRIC_PRESENTATION_REPRESENTATION (  '', ( #234 ), #1142 ) ;
#1835 = FILL_AREA_STYLE_COLOUR ( '', #2333 ) ;
#1836 = EDGE_CURVE ( 'NONE', #2209, #2186, #438, .T. ) ;
#1837 = PRESENTATION_STYLE_ASSIGNMENT (( #1480 ) ) ;
#1838 = ORIENTED_EDGE ( 'NONE', *, *, #635, .F. ) ;
#1839 = MECHANICAL_DESIGN_GEOMETRIC_PRESENTATION_REPRESENTATION (  '', ( #88 ), #590 ) ;
#1840 = FILL_AREA_STYLE_COLOUR ( '', #2288 ) ;
#1841 = DIRECTION ( 'NONE',  ( -0.000000000000000000, -0.000000000000000000, 1.000000000000000000 ) ) ;
#1842 = CARTESIAN_POINT ( 'NONE',  ( -4.999999999999999112, 6.123233995736765296E-16, -16.44999999999999929 ) ) ;
#1843 = VECTOR ( 'NONE', #1596, 1000.000000000000000 ) ;
#1844 = SURFACE_STYLE_USAGE ( .BOTH. , #783 ) ;
#1845 = DIRECTION ( 'NONE',  ( 0.000000000000000000, 0.000000000000000000, -1.000000000000000000 ) ) ;
#1846 = CARTESIAN_POINT ( 'NONE',  ( 0.000000000000000000, 0.000000000000000000, -1.699999999999999956 ) ) ;
#1847 = FILL_AREA_STYLE ('',( #454 ) ) ;
#1848 = ORIENTED_EDGE ( 'NONE', *, *, #1711, .T. ) ;
#1849 = CYLINDRICAL_SURFACE ( 'NONE', #766, 0.4499999999999990119 ) ;
#1850 = EDGE_LOOP ( 'NONE', ( #1838, #1721, #1783, #1050 ) ) ;
#1851 = DIRECTION ( 'NONE',  ( 0.8660254037844381525, -0.000000000000000000, 0.5000000000000009992 ) ) ;
#1852 = PRODUCT_RELATED_PRODUCT_CATEGORY ( 'part', '', ( #2177 ) ) ;
#1853 = CARTESIAN_POINT ( 'NONE',  ( 3.450000000000000178, -0.9749999999999999778, -22.25000000000000000 ) ) ;
#1854 = EDGE_CURVE ( 'NONE', #2134, #80, #1371, .T. ) ;
#1855 = DIRECTION ( 'NONE',  ( 0.000000000000000000, -0.000000000000000000, 1.000000000000000000 ) ) ;
#1856 = UNCERTAINTY_MEASURE_WITH_UNIT (LENGTH_MEASURE( 1.000000000000000082E-05 ), #2304, 'distance_accuracy_value', 'NONE');
#1857 = CARTESIAN_POINT ( 'NONE',  ( -3.450000000000000178, 0.4499999999999999001, -22.25000000000000000 ) ) ;
#1858 = DIRECTION ( 'NONE',  ( 1.000000000000000000, 0.000000000000000000, 0.000000000000000000 ) ) ;
#1859 =( LENGTH_UNIT ( ) NAMED_UNIT ( * ) SI_UNIT ( .MILLI., .METRE. ) );
#1860 = EDGE_LOOP ( 'NONE', ( #1557, #968, #1826, #1591 ) ) ;
#1861 = CARTESIAN_POINT ( 'NONE',  ( -6.924999999999999822, 0.000000000000000000, -20.15000000000000213 ) ) ;
#1862 = SURFACE_STYLE_USAGE ( .BOTH. , #1447 ) ;
#1863 = SURFACE_STYLE_USAGE ( .BOTH. , #1206 ) ;
#1864 = EDGE_LOOP ( 'NONE', ( #1096, #836, #1311, #710 ) ) ;
#1865 = CARTESIAN_POINT ( 'NONE',  ( 0.000000000000000000, 0.000000000000000000, -3.400000000000000355 ) ) ;
#1866 = FILL_AREA_STYLE ('',( #2306 ) ) ;
#1867 = CARTESIAN_POINT ( 'NONE',  ( 0.000000000000000000, 0.000000000000000000, 0.000000000000000000 ) ) ;
#1868 = DIRECTION ( 'NONE',  ( -0.000000000000000000, -1.000000000000000000, -0.000000000000000000 ) ) ;
#1869 = EDGE_CURVE ( 'NONE', #266, #2231, #1807, .T. ) ;
#1870 = DIRECTION ( 'NONE',  ( 0.000000000000000000, 0.000000000000000000, -1.000000000000000000 ) ) ;
#1871 = MECHANICAL_DESIGN_GEOMETRIC_PRESENTATION_REPRESENTATION (  '', ( #1574 ), #2079 ) ;
#1872 = DIRECTION ( 'NONE',  ( -0.000000000000000000, -0.000000000000000000, 1.000000000000000000 ) ) ;
#1873 = VECTOR ( 'NONE', #1595, 1000.000000000000000 ) ;
#1874 = AXIS2_PLACEMENT_3D ( 'NONE', #1956, #166, #1587 ) ;
#1875 = VERTEX_POINT ( 'NONE', #536 ) ;
#1876 = DIRECTION ( 'NONE',  ( -0.8660254037844381525, 0.000000000000000000, 0.5000000000000009992 ) ) ;
#1877 = PRESENTATION_LAYER_ASSIGNMENT (  '', '', ( #578 ) ) ;
#1878 = VECTOR ( 'NONE', #782, 1000.000000000000000 ) ;
#1879 = ORIENTED_EDGE ( 'NONE', *, *, #209, .T. ) ;
#1880 = COLOUR_RGB ( '',0.6392156862745097534, 0.6666666666666666297, 0.6784313725490196401 ) ;
#1881 = FILL_AREA_STYLE_COLOUR ( '', #2278 ) ;
#1882 = SURFACE_STYLE_USAGE ( .BOTH. , #309 ) ;
#1883 = CARTESIAN_POINT ( 'NONE',  ( 0.000000000000000000, 0.000000000000000000, -3.400000000000000355 ) ) ;
#1884 = AXIS2_PLACEMENT_3D ( 'NONE', #1640, #1475, #178 ) ;
#1885 = VECTOR ( 'NONE', #2251, 1000.000000000000000 ) ;
#1886 = CARTESIAN_POINT ( 'NONE',  ( -5.900000000000000355, 7.225416114969384193E-16, -3.400000000000000355 ) ) ;
#1887 = UNCERTAINTY_MEASURE_WITH_UNIT (LENGTH_MEASURE( 1.000000000000000082E-05 ), #1082, 'distance_accuracy_value', 'NONE');
#1888 =( LENGTH_UNIT ( ) NAMED_UNIT ( * ) SI_UNIT ( .MILLI., .METRE. ) );
#1889 = MECHANICAL_DESIGN_GEOMETRIC_PRESENTATION_REPRESENTATION (  '', ( #1037 ), #2013 ) ;
#1890 =( NAMED_UNIT ( * ) SI_UNIT ( $, .STERADIAN. ) SOLID_ANGLE_UNIT ( ) );
#1891 = ADVANCED_FACE ( 'NONE', ( #2161 ), #1455, .F. ) ;
#1892 = PRESENTATION_LAYER_ASSIGNMENT (  '', '', ( #594 ) ) ;
#1893 = ORIENTED_EDGE ( 'NONE', *, *, #844, .T. ) ;
#1894 = DIRECTION ( 'NONE',  ( 0.000000000000000000, 1.000000000000000000, 0.000000000000000000 ) ) ;
#1895 = DIRECTION ( 'NONE',  ( -1.000000000000000000, 0.000000000000000000, 0.000000000000000000 ) ) ;
#1896 =( GEOMETRIC_REPRESENTATION_CONTEXT ( 3 ) GLOBAL_UNCERTAINTY_ASSIGNED_CONTEXT ( ( #1078 ) ) GLOBAL_UNIT_ASSIGNED_CONTEXT ( ( #1002, #2008, #1265 ) ) REPRESENTATION_CONTEXT ( 'NONE', 'WORKASPACE' ) );
#1897 = COLOUR_RGB ( '',0.000000000000000000, 0.000000000000000000, 0.000000000000000000 ) ;
#1898 = VERTEX_POINT ( 'NONE', #1949 ) ;
#1899 = CARTESIAN_POINT ( 'NONE',  ( 4.150000000000001243, 5.265981236333619456E-16, 0.000000000000000000 ) ) ;
#1900 = CARTESIAN_POINT ( 'NONE',  ( -3.634999999999996234, 0.6599999999999961453, -22.53578838324886036 ) ) ;
#1901 = AXIS2_PLACEMENT_3D ( 'NONE', #890, #2116, #942 ) ;
#1902 = CYLINDRICAL_SURFACE ( 'NONE', #189, 4.750000000000000000 ) ;
#1903 = PRESENTATION_STYLE_ASSIGNMENT (( #1530 ) ) ;
#1904 =( LENGTH_UNIT ( ) NAMED_UNIT ( * ) SI_UNIT ( .MILLI., .METRE. ) );
#1905 = FILL_AREA_STYLE_COLOUR ( '', #1800 ) ;
#1906 = VERTEX_POINT ( 'NONE', #687 ) ;
#1907 =( LENGTH_UNIT ( ) NAMED_UNIT ( * ) SI_UNIT ( .MILLI., .METRE. ) );
#1908 = CARTESIAN_POINT ( 'NONE',  ( 3.600000000000004530, 0.000000000000000000, -22.25000000000000000 ) ) ;
#1909 = VERTEX_POINT ( 'NONE', #18 ) ;
#1910 = ADVANCED_FACE ( 'NONE', ( #2090 ), #1300, .T. ) ;
#1911 = DIRECTION ( 'NONE',  ( 0.000000000000000000, -1.000000000000000000, -0.000000000000000000 ) ) ;
#1912 = CARTESIAN_POINT ( 'NONE',  ( -3.450000000000000178, 0.9749999999999999778, -22.25000000000000000 ) ) ;
#1913 =( NAMED_UNIT ( * ) PLANE_ANGLE_UNIT ( ) SI_UNIT ( $, .RADIAN. ) );
#1914 = ORIENTED_EDGE ( 'NONE', *, *, #2112, .T. ) ;
#1915 = SURFACE_STYLE_FILL_AREA ( #1740 ) ;
#1916 = CARTESIAN_POINT ( 'NONE',  ( 3.450000000000000178, -0.4500000000000000111, -22.25000000000000000 ) ) ;
#1917 = DIRECTION ( 'NONE',  ( -1.000000000000000000, 0.000000000000000000, -0.000000000000000000 ) ) ;
#1918 = VECTOR ( 'NONE', #1056, 1000.000000000000000 ) ;
#1919 = ORIENTED_EDGE ( 'NONE', *, *, #1854, .F. ) ;
#1920 = SURFACE_STYLE_FILL_AREA ( #2320 ) ;
#1921 = AXIS2_PLACEMENT_3D ( 'NONE', #2086, #1340, #683 ) ;
#1922 = ADVANCED_FACE ( 'NONE', ( #1962 ), #1535, .F. ) ;
#1923 = VECTOR ( 'NONE', #258, 1000.000000000000000 ) ;
#1924 = AXIS2_PLACEMENT_3D ( 'NONE', #1176, #2151, #366 ) ;
#1925 = CARTESIAN_POINT ( 'NONE',  ( 0.000000000000000000, 0.000000000000000000, -12.84999999999999964 ) ) ;
#1926 = LINE ( 'NONE', #1018, #684 ) ;
#1927 = PRESENTATION_STYLE_ASSIGNMENT (( #1748 ) ) ;
#1928 = PRESENTATION_STYLE_ASSIGNMENT (( #2109 ) ) ;
#1929 = PRESENTATION_LAYER_ASSIGNMENT (  '', '', ( #2285 ) ) ;
#1930 = MECHANICAL_DESIGN_GEOMETRIC_PRESENTATION_REPRESENTATION (  '', ( #633 ), #1741 ) ;
#1931 = DIRECTION ( 'NONE',  ( 0.000000000000000000, 0.000000000000000000, -1.000000000000000000 ) ) ;
#1932 = VECTOR ( 'NONE', #945, 1000.000000000000000 ) ;
#1933 = VERTEX_POINT ( 'NONE', #1627 ) ;
#1934 = SURFACE_SIDE_STYLE ('',( #1218 ) ) ;
#1935 = CYLINDRICAL_SURFACE ( 'NONE', #44, 4.550000000000000711 ) ;
#1936 = COLOUR_RGB ( '',0.6392156862745097534, 0.6666666666666666297, 0.6784313725490196401 ) ;
#1937 = PRESENTATION_STYLE_ASSIGNMENT (( #1207 ) ) ;
#1938 = ORIENTED_EDGE ( 'NONE', *, *, #913, .F. ) ;
#1939 = SURFACE_SIDE_STYLE ('',( #830 ) ) ;
#1940 = COLOUR_RGB ( '',0.6392156862745097534, 0.6666666666666666297, 0.6784313725490196401 ) ;
#1941 =( LENGTH_UNIT ( ) NAMED_UNIT ( * ) SI_UNIT ( .MILLI., .METRE. ) );
#1942 = FACE_OUTER_BOUND ( 'NONE', #1007, .T. ) ;
#1943 =( GEOMETRIC_REPRESENTATION_CONTEXT ( 3 ) GLOBAL_UNCERTAINTY_ASSIGNED_CONTEXT ( ( #2067 ) ) GLOBAL_UNIT_ASSIGNED_CONTEXT ( ( #2217, #1680, #183 ) ) REPRESENTATION_CONTEXT ( 'NONE', 'WORKASPACE' ) );
#1944 =( NAMED_UNIT ( * ) SI_UNIT ( $, .STERADIAN. ) SOLID_ANGLE_UNIT ( ) );
#1945 = SURFACE_SIDE_STYLE ('',( #1555 ) ) ;
#1946 = SURFACE_STYLE_FILL_AREA ( #1026 ) ;
#1947 = EDGE_CURVE ( 'NONE', #1450, #526, #2057, .T. ) ;
#1948 = SURFACE_SIDE_STYLE ('',( #2132 ) ) ;
#1949 = CARTESIAN_POINT ( 'NONE',  ( -3.600000000000004530, 0.8249999999999956257, -22.25000000000000000 ) ) ;
#1950 = LINE ( 'NONE', #478, #354 ) ;
#1951 = ORIENTED_EDGE ( 'NONE', *, *, #1623, .F. ) ;
#1952 = DIRECTION ( 'NONE',  ( -0.000000000000000000, -0.000000000000000000, 1.000000000000000000 ) ) ;
#1953 = VERTEX_POINT ( 'NONE', #561 ) ;
#1954 = CARTESIAN_POINT ( 'NONE',  ( -6.924999999999999822, 0.000000000000000000, -3.200000000000000178 ) ) ;
#1955 = UNCERTAINTY_MEASURE_WITH_UNIT (LENGTH_MEASURE( 1.000000000000000082E-05 ), #1548, 'distance_accuracy_value', 'NONE');
#1956 = CARTESIAN_POINT ( 'NONE',  ( 0.000000000000000000, 0.000000000000000000, -1.700000000000000178 ) ) ;
#1957 = EDGE_CURVE ( 'NONE', #1832, #228, #1984, .T. ) ;
#1958 = SURFACE_STYLE_FILL_AREA ( #344 ) ;
#1959 = ORIENTED_EDGE ( 'NONE', *, *, #1784, .T. ) ;
#1960 = CYLINDRICAL_SURFACE ( 'NONE', #1517, 4.450000000000001066 ) ;
#1961 = DIRECTION ( 'NONE',  ( -0.000000000000000000, -0.000000000000000000, 1.000000000000000000 ) ) ;
#1962 = FACE_OUTER_BOUND ( 'NONE', #1269, .T. ) ;
#1963 = CARTESIAN_POINT ( 'NONE',  ( -3.450000000000000178, -0.9749999999999997558, -22.25000000000000000 ) ) ;
#1964 = ORIENTED_EDGE ( 'NONE', *, *, #5, .T. ) ;
#1965 = LINE ( 'NONE', #528, #2240 ) ;
#1966 =( GEOMETRIC_REPRESENTATION_CONTEXT ( 3 ) GLOBAL_UNCERTAINTY_ASSIGNED_CONTEXT ( ( #1190 ) ) GLOBAL_UNIT_ASSIGNED_CONTEXT ( ( #1787, #529, #902 ) ) REPRESENTATION_CONTEXT ( 'NONE', 'WORKASPACE' ) );
#1967 = TOROIDAL_SURFACE ( 'NONE', #388, 4.999999999999999112, 0.5000000000000000000 ) ;
#1968 = CARTESIAN_POINT ( 'NONE',  ( -4.550000000000000711, 5.572142936120458313E-16, -1.700000000000000178 ) ) ;
#1969 = CYLINDRICAL_SURFACE ( 'NONE', #2088, 5.900000000000000355 ) ;
#1970 = CARTESIAN_POINT ( 'NONE',  ( -4.550000000000000711, 5.572142936120458313E-16, 0.000000000000000000 ) ) ;
#1971 = AXIS2_PLACEMENT_3D ( 'NONE', #2056, #61, #2066 ) ;
#1972 = SURFACE_SIDE_STYLE ('',( #1346 ) ) ;
#1973 = FILL_AREA_STYLE_COLOUR ( '', #397 ) ;
#1974 = SURFACE_STYLE_USAGE ( .BOTH. , #915 ) ;
#1975 = FILL_AREA_STYLE ('',( #319 ) ) ;
#1976 = MECHANICAL_DESIGN_GEOMETRIC_PRESENTATION_REPRESENTATION (  '', ( #37 ), #236 ) ;
#1977 = EDGE_CURVE ( 'NONE', #862, #222, #322, .T. ) ;
#1978 = CONICAL_SURFACE ( 'NONE', #285, 6.924999999999999822, 0.9088546855893885335 ) ;
#1979 = DIRECTION ( 'NONE',  ( 1.000000000000000000, -0.000000000000000000, 0.000000000000000000 ) ) ;
#1980 =( LENGTH_UNIT ( ) NAMED_UNIT ( * ) SI_UNIT ( .MILLI., .METRE. ) );
#1981 = ORIENTED_EDGE ( 'NONE', *, *, #1144, .T. ) ;
#1982 = ADVANCED_FACE ( 'NONE', ( #1252 ), #1223, .T. ) ;
#1983 =( GEOMETRIC_REPRESENTATION_CONTEXT ( 3 ) GLOBAL_UNCERTAINTY_ASSIGNED_CONTEXT ( ( #103 ) ) GLOBAL_UNIT_ASSIGNED_CONTEXT ( ( #1674, #956, #570 ) ) REPRESENTATION_CONTEXT ( 'NONE', 'WORKASPACE' ) );
#1984 = CIRCLE ( 'NONE', #1617, 4.750000000000000000 ) ;
#1985 = UNCERTAINTY_MEASURE_WITH_UNIT (LENGTH_MEASURE( 1.000000000000000082E-05 ), #502, 'distance_accuracy_value', 'NONE');
#1986 = VECTOR ( 'NONE', #1795, 1000.000000000000000 ) ;
#1987 = FACE_BOUND ( 'NONE', #2159, .T. ) ;
#1988 = AXIS2_PLACEMENT_3D ( 'NONE', #988, #604, #1202 ) ;
#1989 = VERTEX_POINT ( 'NONE', #559 ) ;
#1990 = EDGE_CURVE ( 'NONE', #2186, #2134, #1465, .T. ) ;
#1991 =( LENGTH_UNIT ( ) NAMED_UNIT ( * ) SI_UNIT ( .MILLI., .METRE. ) );
#1992 =( NAMED_UNIT ( * ) SI_UNIT ( $, .STERADIAN. ) SOLID_ANGLE_UNIT ( ) );
#1993 = FACE_BOUND ( 'NONE', #70, .T. ) ;
#1994 = ORIENTED_EDGE ( 'NONE', *, *, #405, .F. ) ;
#1995 = VERTEX_POINT ( 'NONE', #775 ) ;
#1996 = UNCERTAINTY_MEASURE_WITH_UNIT (LENGTH_MEASURE( 1.000000000000000082E-05 ), #51, 'distance_accuracy_value', 'NONE');
#1997 = CARTESIAN_POINT ( 'NONE',  ( 4.750000000000000000, 0.000000000000000000, 0.000000000000000000 ) ) ;
#1998 = SURFACE_STYLE_USAGE ( .BOTH. , #1732 ) ;
#1999 = ADVANCED_FACE ( 'NONE', ( #2009 ), #962, .F. ) ;
#2000 =( NAMED_UNIT ( * ) PLANE_ANGLE_UNIT ( ) SI_UNIT ( $, .RADIAN. ) );
#2001 = DIRECTION ( 'NONE',  ( -0.000000000000000000, -0.000000000000000000, 1.000000000000000000 ) ) ;
#2002 = CIRCLE ( 'NONE', #1422, 6.924999999999999822 ) ;
#2003 = CARTESIAN_POINT ( 'NONE',  ( -3.634999999999996678, -0.6599999999999959233, -22.53578838324886036 ) ) ;
#2004 =( LENGTH_UNIT ( ) NAMED_UNIT ( * ) SI_UNIT ( .MILLI., .METRE. ) );
#2005 = SURFACE_SIDE_STYLE ('',( #1958 ) ) ;
#2006 = VECTOR ( 'NONE', #787, 1000.000000000000000 ) ;
#2007 = EDGE_LOOP ( 'NONE', ( #910, #1578, #1288, #1964 ) ) ;
#2008 =( NAMED_UNIT ( * ) PLANE_ANGLE_UNIT ( ) SI_UNIT ( $, .RADIAN. ) );
#2009 = FACE_OUTER_BOUND ( 'NONE', #583, .T. ) ;
#2010 = STYLED_ITEM ( 'NONE', ( #893 ), #2143 ) ;
#2011 = PRESENTATION_LAYER_ASSIGNMENT (  '', '', ( #633 ) ) ;
#2012 = CYLINDRICAL_SURFACE ( 'NONE', #349, 0.4499999999999990119 ) ;
#2013 =( GEOMETRIC_REPRESENTATION_CONTEXT ( 3 ) GLOBAL_UNCERTAINTY_ASSIGNED_CONTEXT ( ( #666 ) ) GLOBAL_UNIT_ASSIGNED_CONTEXT ( ( #1594, #2287, #176 ) ) REPRESENTATION_CONTEXT ( 'NONE', 'WORKASPACE' ) );
#2014 = SURFACE_STYLE_FILL_AREA ( #1687 ) ;
#2015 = ORIENTED_EDGE ( 'NONE', *, *, #1854, .T. ) ;
#2016 = VECTOR ( 'NONE', #489, 1000.000000000000000 ) ;
#2017 =( LENGTH_UNIT ( ) NAMED_UNIT ( * ) SI_UNIT ( .MILLI., .METRE. ) );
#2018 = EDGE_CURVE ( 'NONE', #1019, #364, #1644, .T. ) ;
#2019 = DIRECTION ( 'NONE',  ( 1.000000000000000000, 0.000000000000000000, 0.000000000000000000 ) ) ;
#2020 = ORIENTED_EDGE ( 'NONE', *, *, #655, .T. ) ;
#2021 = CARTESIAN_POINT ( 'NONE',  ( -4.750000000000000000, 5.817072295949927426E-16, 0.000000000000000000 ) ) ;
#2022 = DIRECTION ( 'NONE',  ( -1.000000000000000000, 0.000000000000000000, 0.000000000000000000 ) ) ;
#2023 = FACE_OUTER_BOUND ( 'NONE', #2255, .T. ) ;
#2024 = PRESENTATION_STYLE_ASSIGNMENT (( #1445 ) ) ;
#2025 = CARTESIAN_POINT ( 'NONE',  ( -3.450000000000000178, 0.9749999999999999778, -21.99019237886465916 ) ) ;
#2026 = CARTESIAN_POINT ( 'NONE',  ( -3.450000000000000178, -0.9749999999999993117, -18.64999999999999858 ) ) ;
#2027 = FACE_OUTER_BOUND ( 'NONE', #1164, .T. ) ;
#2028 = PRESENTATION_STYLE_ASSIGNMENT (( #937 ) ) ;
#2029 = SURFACE_STYLE_USAGE ( .BOTH. , #65 ) ;
#2030 = ADVANCED_FACE ( 'NONE', ( #40 ), #1479, .F. ) ;
#2031 = PRESENTATION_STYLE_ASSIGNMENT (( #2201 ) ) ;
#2032 = ORIENTED_EDGE ( 'NONE', *, *, #751, .T. ) ;
#2033 = CARTESIAN_POINT ( 'NONE',  ( -3.600000000000004530, -0.8249999999999954037, -22.25000000000000000 ) ) ;
#2034 =( LENGTH_UNIT ( ) NAMED_UNIT ( * ) SI_UNIT ( .MILLI., .METRE. ) );
#2035 = DIRECTION ( 'NONE',  ( 0.000000000000000000, 0.000000000000000000, -1.000000000000000000 ) ) ;
#2036 = FACE_OUTER_BOUND ( 'NONE', #2343, .T. ) ;
#2037 = ORIENTED_EDGE ( 'NONE', *, *, #2290, .T. ) ;
#2038 = MECHANICAL_DESIGN_GEOMETRIC_PRESENTATION_REPRESENTATION (  '', ( #727 ), #1966 ) ;
#2039 = PLANE ( 'NONE',  #390 ) ;
#2040 = CARTESIAN_POINT ( 'NONE',  ( 0.000000000000000000, 0.000000000000000000, -3.200000000000000178 ) ) ;
#2041 =( GEOMETRIC_REPRESENTATION_CONTEXT ( 3 ) GLOBAL_UNCERTAINTY_ASSIGNED_CONTEXT ( ( #204 ) ) GLOBAL_UNIT_ASSIGNED_CONTEXT ( ( #1034, #720, #693 ) ) REPRESENTATION_CONTEXT ( 'NONE', 'WORKASPACE' ) );
#2042 = ORIENTED_EDGE ( 'NONE', *, *, #278, .F. ) ;
#2043 = EDGE_CURVE ( 'NONE', #228, #1832, #704, .T. ) ;
#2044 = SURFACE_STYLE_USAGE ( .BOTH. , #107 ) ;
#2045 = CARTESIAN_POINT ( 'NONE',  ( 0.000000000000000000, 0.8249999999999956257, -22.25000000000000000 ) ) ;
#2046 = AXIS2_PLACEMENT_3D ( 'NONE', #707, #1718, #1406 ) ;
#2047 = FILL_AREA_STYLE ('',( #1905 ) ) ;
#2048 = ORIENTED_EDGE ( 'NONE', *, *, #899, .F. ) ;
#2049 = EDGE_CURVE ( 'NONE', #372, #1209, #203, .T. ) ;
#2050 = DIRECTION ( 'NONE',  ( 1.000000000000000000, -0.000000000000000000, -0.000000000000000000 ) ) ;
#2051 = AXIS2_PLACEMENT_3D ( 'NONE', #261, #1656, #1638 ) ;
#2052 = VECTOR ( 'NONE', #602, 1000.000000000000000 ) ;
#2053 = VERTEX_POINT ( 'NONE', #290 ) ;
#2054 =( NAMED_UNIT ( * ) SI_UNIT ( $, .STERADIAN. ) SOLID_ANGLE_UNIT ( ) );
#2055 = PRESENTATION_LAYER_ASSIGNMENT (  '', '', ( #88 ) ) ;
#2056 = CARTESIAN_POINT ( 'NONE',  ( 0.000000000000000000, 4.750000000000000000, -18.64999999999999858 ) ) ;
#2057 = CIRCLE ( 'NONE', #2096, 4.450000000000001066 ) ;
#2058 = CARTESIAN_POINT ( 'NONE',  ( 0.000000000000000000, 0.000000000000000000, -2.200000000000000178 ) ) ;
#2059 = CARTESIAN_POINT ( 'NONE',  ( 5.900000000000000355, 0.000000000000000000, -12.45000000000000284 ) ) ;
#2060 = ORIENTED_EDGE ( 'NONE', *, *, #1516, .F. ) ;
#2061 = STYLED_ITEM ( 'NONE', ( #1559 ), #767 ) ;
#2062 = LINE ( 'NONE', #1310, #14 ) ;
#2063 = ORIENTED_EDGE ( 'NONE', *, *, #662, .F. ) ;
#2064 = EDGE_CURVE ( 'NONE', #1909, #2254, #1588, .T. ) ;
#2065 = CYLINDRICAL_SURFACE ( 'NONE', #1057, 4.750000000000000000 ) ;
#2066 = DIRECTION ( 'NONE',  ( 1.000000000000000000, 0.000000000000000000, 0.000000000000000000 ) ) ;
#2067 = UNCERTAINTY_MEASURE_WITH_UNIT (LENGTH_MEASURE( 1.000000000000000082E-05 ), #2217, 'distance_accuracy_value', 'NONE');
#2068 = LINE ( 'NONE', #1912, #1738 ) ;
#2069 = CARTESIAN_POINT ( 'NONE',  ( 0.000000000000000000, 0.000000000000000000, -16.44999999999999929 ) ) ;
#2070 = ORIENTED_EDGE ( 'NONE', *, *, #1990, .T. ) ;
#2071 =( NAMED_UNIT ( * ) PLANE_ANGLE_UNIT ( ) SI_UNIT ( $, .RADIAN. ) );
#2072 =( NAMED_UNIT ( * ) SI_UNIT ( $, .STERADIAN. ) SOLID_ANGLE_UNIT ( ) );
#2073 = ORIENTED_EDGE ( 'NONE', *, *, #1810, .T. ) ;
#2074 = SURFACE_STYLE_FILL_AREA ( #1359 ) ;
#2075 = SURFACE_STYLE_FILL_AREA ( #657 ) ;
#2076 =( LENGTH_UNIT ( ) NAMED_UNIT ( * ) SI_UNIT ( .MILLI., .METRE. ) );
#2077 = MECHANICAL_DESIGN_GEOMETRIC_PRESENTATION_REPRESENTATION (  '', ( #1534 ), #759 ) ;
#2078 = CARTESIAN_POINT ( 'NONE',  ( 0.000000000000000000, 0.000000000000000000, -2.200000000000000622 ) ) ;
#2079 =( GEOMETRIC_REPRESENTATION_CONTEXT ( 3 ) GLOBAL_UNCERTAINTY_ASSIGNED_CONTEXT ( ( #1055 ) ) GLOBAL_UNIT_ASSIGNED_CONTEXT ( ( #1991, #376, #1391 ) ) REPRESENTATION_CONTEXT ( 'NONE', 'WORKASPACE' ) );
#2080 = VERTEX_POINT ( 'NONE', #58 ) ;
#2081 = SURFACE_STYLE_FILL_AREA ( #456 ) ;
#2082 = VECTOR ( 'NONE', #25, 1000.000000000000000 ) ;
#2083 = COLOUR_RGB ( '',1.000000000000000000, 1.000000000000000000, 1.000000000000000000 ) ;
#2084 = ORIENTED_EDGE ( 'NONE', *, *, #1181, .T. ) ;
#2085 = AXIS2_PLACEMENT_3D ( 'NONE', #2307, #1952, #1073 ) ;
#2086 = CARTESIAN_POINT ( 'NONE',  ( 0.000000000000000000, 0.8249999999999956257, -22.25000000000000000 ) ) ;
#2087 = DIRECTION ( 'NONE',  ( 1.000000000000000000, 0.000000000000000000, 0.000000000000000000 ) ) ;
#2088 = AXIS2_PLACEMENT_3D ( 'NONE', #908, #1802, #1614 ) ;
#2089 = PRESENTATION_LAYER_ASSIGNMENT (  '', '', ( #771 ) ) ;
#2090 = FACE_OUTER_BOUND ( 'NONE', #1238, .T. ) ;
#2091 = CARTESIAN_POINT ( 'NONE',  ( -4.150000000000001243, 0.000000000000000000, -0.2999999999999999889 ) ) ;
#2092 = UNCERTAINTY_MEASURE_WITH_UNIT (LENGTH_MEASURE( 1.000000000000000082E-05 ), #1716, 'distance_accuracy_value', 'NONE');
#2093 = DIRECTION ( 'NONE',  ( -1.000000000000000000, 0.000000000000000000, 0.000000000000000000 ) ) ;
#2094 = CIRCLE ( 'NONE', #198, 0.5000000000000004441 ) ;
#2095 = EDGE_CURVE ( 'NONE', #124, #1450, #620, .T. ) ;
#2096 = AXIS2_PLACEMENT_3D ( 'NONE', #42, #1613, #12 ) ;
#2097 = SURFACE_STYLE_FILL_AREA ( #2229 ) ;
#2098 = ORIENTED_EDGE ( 'NONE', *, *, #2225, .T. ) ;
#2099 = SURFACE_STYLE_FILL_AREA ( #1709 ) ;
#2100 = COLOUR_RGB ( '',0.6392156862745097534, 0.6666666666666666297, 0.6784313725490196401 ) ;
#2101 = ORIENTED_EDGE ( 'NONE', *, *, #828, .T. ) ;
#2102 = SURFACE_SIDE_STYLE ('',( #1553 ) ) ;
#2103 = SURFACE_STYLE_USAGE ( .BOTH. , #1379 ) ;
#2104 = SURFACE_STYLE_FILL_AREA ( #1372 ) ;
#2105 = VECTOR ( 'NONE', #1212, 1000.000000000000000 ) ;
#2106 = DIRECTION ( 'NONE',  ( -0.000000000000000000, -0.000000000000000000, 1.000000000000000000 ) ) ;
#2107 = SURFACE_STYLE_FILL_AREA ( #2047 ) ;
#2108 = CARTESIAN_POINT ( 'NONE',  ( 3.950000000000000178, 0.4500000000000001221, -22.25000000000000000 ) ) ;
#2109 = SURFACE_STYLE_USAGE ( .BOTH. , #1934 ) ;
#2110 = ORIENTED_EDGE ( 'NONE', *, *, #1698, .T. ) ;
#2111 = CARTESIAN_POINT ( 'NONE',  ( 4.550000000000000711, 0.000000000000000000, -1.700000000000000178 ) ) ;
#2112 = EDGE_CURVE ( 'NONE', #80, #1060, #1699, .T. ) ;
#2113 = ORIENTED_EDGE ( 'NONE', *, *, #971, .T. ) ;
#2114 = FILL_AREA_STYLE ('',( #1537 ) ) ;
#2115 = DIRECTION ( 'NONE',  ( 0.000000000000000000, 0.000000000000000000, 1.000000000000000000 ) ) ;
#2116 = DIRECTION ( 'NONE',  ( -0.000000000000000000, -0.000000000000000000, 1.000000000000000000 ) ) ;
#2117 = CARTESIAN_POINT ( 'NONE',  ( -3.450000000000000178, -0.4500000000000000111, -20.85000000000000142 ) ) ;
#2118 = SURFACE_STYLE_USAGE ( .BOTH. , #1749 ) ;
#2119 = ORIENTED_EDGE ( 'NONE', *, *, #1414, .F. ) ;
#2120 = CARTESIAN_POINT ( 'NONE',  ( 3.950000000000000178, -0.9749999999999999778, -22.25000000000000000 ) ) ;
#2121 = PRESENTATION_LAYER_ASSIGNMENT (  '', '', ( #727 ) ) ;
#2122 = ADVANCED_FACE ( 'NONE', ( #2346 ), #161, .F. ) ;
#2123 = EDGE_LOOP ( 'NONE', ( #96, #2305, #296, #436 ) ) ;
#2124 = SURFACE_STYLE_USAGE ( .BOTH. , #1939 ) ;
#2125 = CARTESIAN_POINT ( 'NONE',  ( -3.450000000000000178, 0.9749999999999997558, -18.64999999999999858 ) ) ;
#2126 =( GEOMETRIC_REPRESENTATION_CONTEXT ( 3 ) GLOBAL_UNCERTAINTY_ASSIGNED_CONTEXT ( ( #301 ) ) GLOBAL_UNIT_ASSIGNED_CONTEXT ( ( #1544, #1361, #1520 ) ) REPRESENTATION_CONTEXT ( 'NONE', 'WORKASPACE' ) );
#2127 =( LENGTH_UNIT ( ) NAMED_UNIT ( * ) SI_UNIT ( .MILLI., .METRE. ) );
#2128 = ADVANCED_FACE ( 'NONE', ( #1993, #1470 ), #788, .F. ) ;
#2129 = FILL_AREA_STYLE_COLOUR ( '', #2315 ) ;
#2130 = CIRCLE ( 'NONE', #2051, 4.999999999999999112 ) ;
#2131 = CARTESIAN_POINT ( 'NONE',  ( -3.450000000000000178, 0.000000000000000000, -20.85000000000000142 ) ) ;
#2132 = SURFACE_STYLE_FILL_AREA ( #1847 ) ;
#2133 = VECTOR ( 'NONE', #2200, 1000.000000000000000 ) ;
#2134 = VERTEX_POINT ( 'NONE', #917 ) ;
#2135 = FILL_AREA_STYLE ('',( #1031 ) ) ;
#2136 = MECHANICAL_DESIGN_GEOMETRIC_PRESENTATION_REPRESENTATION (  '', ( #594 ), #1689 ) ;
#2137 = VERTEX_POINT ( 'NONE', #1232 ) ;
#2138 = PRESENTATION_STYLE_ASSIGNMENT (( #911 ) ) ;
#2139 = AXIS2_PLACEMENT_3D ( 'NONE', #646, #1298, #2298 ) ;
#2140 = LINE ( 'NONE', #352, #970 ) ;
#2141 = CARTESIAN_POINT ( 'NONE',  ( 3.950000000000000178, -0.9749999999999999778, -18.64999999999999858 ) ) ;
#2142 = VECTOR ( 'NONE', #2001, 1000.000000000000000 ) ;
#2143 = ADVANCED_FACE ( 'NONE', ( #9 ), #6, .F. ) ;
#2144 = FILL_AREA_STYLE_COLOUR ( '', #2167 ) ;
#2145 = STYLED_ITEM ( 'NONE', ( #440 ), #950 ) ;
#2146 = DIRECTION ( 'NONE',  ( 0.000000000000000000, 0.000000000000000000, -1.000000000000000000 ) ) ;
#2147 = EDGE_LOOP ( 'NONE', ( #518, #2172 ) ) ;
#2148 = CARTESIAN_POINT ( 'NONE',  ( -3.950000000000000178, -0.4500000000000000111, -22.25000000000000000 ) ) ;
#2149 = DIRECTION ( 'NONE',  ( 1.000000000000000000, 0.000000000000000000, 0.000000000000000000 ) ) ;
#2150 = ORIENTED_EDGE ( 'NONE', *, *, #1468, .T. ) ;
#2151 = DIRECTION ( 'NONE',  ( -0.000000000000000000, -0.000000000000000000, 1.000000000000000000 ) ) ;
#2152 = CARTESIAN_POINT ( 'NONE',  ( 0.000000000000000000, 0.000000000000000000, -22.25000000000000000 ) ) ;
#2153 = UNCERTAINTY_MEASURE_WITH_UNIT (LENGTH_MEASURE( 1.000000000000000082E-05 ), #2076, 'distance_accuracy_value', 'NONE');
#2154 = LINE ( 'NONE', #1243, #3 ) ;
#2155 = EDGE_CURVE ( 'NONE', #1111, #538, #1769, .T. ) ;
#2156 = SURFACE_SIDE_STYLE ('',( #22 ) ) ;
#2157 = DIRECTION ( 'NONE',  ( 0.000000000000000000, 0.000000000000000000, 1.000000000000000000 ) ) ;
#2158 = DIRECTION ( 'NONE',  ( 1.000000000000000000, -0.000000000000000000, -0.000000000000000000 ) ) ;
#2159 = EDGE_LOOP ( 'NONE', ( #527, #1490 ) ) ;
#2160 = DIRECTION ( 'NONE',  ( 1.000000000000000000, 0.000000000000000000, 0.000000000000000000 ) ) ;
#2161 = FACE_OUTER_BOUND ( 'NONE', #634, .T. ) ;
#2162 = MECHANICAL_DESIGN_GEOMETRIC_PRESENTATION_REPRESENTATION (  '', ( #763 ), #1424 ) ;
#2163 = CARTESIAN_POINT ( 'NONE',  ( 3.450000000000000622, 0.4500000000000000111, -20.15000000000000213 ) ) ;
#2164 = CIRCLE ( 'NONE', #2239, 0.4499999999999990119 ) ;
#2165 = DIRECTION ( 'NONE',  ( 0.000000000000000000, 0.000000000000000000, -1.000000000000000000 ) ) ;
#2166 = SURFACE_STYLE_USAGE ( .BOTH. , #1801 ) ;
#2167 = COLOUR_RGB ( '',0.6392156862745097534, 0.6666666666666666297, 0.6784313725490196401 ) ;
#2168 = ADVANCED_FACE ( 'NONE', ( #879 ), #699, .T. ) ;
#2169 = FACE_OUTER_BOUND ( 'NONE', #1275, .T. ) ;
#2170 = MECHANICAL_DESIGN_GEOMETRIC_PRESENTATION_REPRESENTATION (  '', ( #1257 ), #86 ) ;
#2171 = SURFACE_STYLE_USAGE ( .BOTH. , #1253 ) ;
#2172 = ORIENTED_EDGE ( 'NONE', *, *, #1158, .F. ) ;
#2173 = PLANE ( 'NONE',  #1070 ) ;
#2174 = PRESENTATION_LAYER_ASSIGNMENT (  '', '', ( #400 ) ) ;
#2175 = UNCERTAINTY_MEASURE_WITH_UNIT (LENGTH_MEASURE( 1.000000000000000082E-05 ), #1904, 'distance_accuracy_value', 'NONE');
#2176 = CARTESIAN_POINT ( 'NONE',  ( -3.950000000000000178, 0.9749999999999999778, -22.25000000000000000 ) ) ;
#2177 = PRODUCT ( 'Push button 12mm', 'Push button 12mm', '', ( #598 ) ) ;
#2178 = FILL_AREA_STYLE_COLOUR ( '', #1940 ) ;
#2179 = ORIENTED_EDGE ( 'NONE', *, *, #1292, .F. ) ;
#2180 = EDGE_CURVE ( 'NONE', #1193, #84, #2164, .T. ) ;
#2181 = FILL_AREA_STYLE_COLOUR ( '', #160 ) ;
#2182 = CARTESIAN_POINT ( 'NONE',  ( 0.000000000000000000, 6.924999999999999822, -3.400000000000000355 ) ) ;
#2183 = ORIENTED_EDGE ( 'NONE', *, *, #405, .T. ) ;
#2184 = CARTESIAN_POINT ( 'NONE',  ( -3.950000000000000178, 0.4500000000000000111, -20.85000000000000142 ) ) ;
#2185 = CARTESIAN_POINT ( 'NONE',  ( -6.924999999999999822, -0.4500000000000000111, -20.15000000000000213 ) ) ;
#2186 = VERTEX_POINT ( 'NONE', #2184 ) ;
#2187 = CARTESIAN_POINT ( 'NONE',  ( 3.450000000000000178, 0.9749999999999999778, -22.25000000000000000 ) ) ;
#2188 = ORIENTED_EDGE ( 'NONE', *, *, #1762, .T. ) ;
#2189 =( GEOMETRIC_REPRESENTATION_CONTEXT ( 3 ) GLOBAL_UNCERTAINTY_ASSIGNED_CONTEXT ( ( #1169 ) ) GLOBAL_UNIT_ASSIGNED_CONTEXT ( ( #986, #94, #1890 ) ) REPRESENTATION_CONTEXT ( 'NONE', 'WORKASPACE' ) );
#2190 = LINE ( 'NONE', #579, #878 ) ;
#2191 =( LENGTH_UNIT ( ) NAMED_UNIT ( * ) SI_UNIT ( .MILLI., .METRE. ) );
#2192 = AXIS2_PLACEMENT_3D ( 'NONE', #1963, #747, #1239 ) ;
#2193 = ADVANCED_FACE ( 'NONE', ( #569, #914, #379 ), #1407, .F. ) ;
#2194 = PRESENTATION_LAYER_ASSIGNMENT (  '', '', ( #763 ) ) ;
#2195 = EDGE_LOOP ( 'NONE', ( #1440, #1399, #2032, #2183, #829 ) ) ;
#2196 = MECHANICAL_DESIGN_GEOMETRIC_PRESENTATION_REPRESENTATION (  '', ( #578 ), #353 ) ;
#2197 = STYLED_ITEM ( 'NONE', ( #1276 ), #2193 ) ;
#2198 =( NAMED_UNIT ( * ) SI_UNIT ( $, .STERADIAN. ) SOLID_ANGLE_UNIT ( ) );
#2199 = PRESENTATION_LAYER_ASSIGNMENT (  '', '', ( #35 ) ) ;
#2200 = DIRECTION ( 'NONE',  ( 0.000000000000000000, 0.000000000000000000, -1.000000000000000000 ) ) ;
#2201 = SURFACE_STYLE_USAGE ( .BOTH. , #1333 ) ;
#2202 = CIRCLE ( 'NONE', #1430, 0.5000000000000004441 ) ;
#2203 = ORIENTED_EDGE ( 'NONE', *, *, #308, .F. ) ;
#2204 = CARTESIAN_POINT ( 'NONE',  ( -6.924999999999999822, 0.4500000000000000111, -20.85000000000000142 ) ) ;
#2205 = DIRECTION ( 'NONE',  ( 1.000000000000000000, 0.000000000000000000, -0.000000000000000000 ) ) ;
#2206 = CIRCLE ( 'NONE', #433, 4.150000000000001243 ) ;
#2207 = CARTESIAN_POINT ( 'NONE',  ( -5.000000000000000000, 0.000000000000000000, -1.699999999999999956 ) ) ;
#2208 = AXIS2_PLACEMENT_3D ( 'NONE', #840, #254, #1662 ) ;
#2209 = VERTEX_POINT ( 'NONE', #1161 ) ;
#2210 = EDGE_CURVE ( 'NONE', #1933, #334, #1286, .T. ) ;
#2211 = CARTESIAN_POINT ( 'NONE',  ( 3.950000000000000178, -0.9749999999999999778, -22.25000000000000000 ) ) ;
#2212 = PRESENTATION_STYLE_ASSIGNMENT (( #2029 ) ) ;
#2213 = CARTESIAN_POINT ( 'NONE',  ( -6.924999999999999822, -0.4500000000000000111, -20.85000000000000142 ) ) ;
#2214 = EDGE_LOOP ( 'NONE', ( #1951, #692, #1582, #2331 ) ) ;
#2215 = LINE ( 'NONE', #1463, #1766 ) ;
#2216 = FILL_AREA_STYLE ('',( #1094 ) ) ;
#2217 =( LENGTH_UNIT ( ) NAMED_UNIT ( * ) SI_UNIT ( .MILLI., .METRE. ) );
#2218 = CARTESIAN_POINT ( 'NONE',  ( 3.950000000000000178, 0.9749999999999999778, -21.99019237886465916 ) ) ;
#2219 = VERTEX_POINT ( 'NONE', #1485 ) ;
#2220 = DIRECTION ( 'NONE',  ( 1.000000000000000000, 0.000000000000000000, 0.000000000000000000 ) ) ;
#2221 = ADVANCED_FACE ( 'NONE', ( #443 ), #2039, .F. ) ;
#2222 = DIRECTION ( 'NONE',  ( 0.000000000000000000, 0.000000000000000000, -1.000000000000000000 ) ) ;
#2223 = CARTESIAN_POINT ( 'NONE',  ( -6.924999999999999822, 0.4500000000000000111, -20.15000000000000213 ) ) ;
#2224 = FILL_AREA_STYLE ('',( #785 ) ) ;
#2225 = EDGE_CURVE ( 'NONE', #2231, #266, #1730, .T. ) ;
#2226 = ORIENTED_EDGE ( 'NONE', *, *, #1497, .T. ) ;
#2227 = SURFACE_STYLE_USAGE ( .BOTH. , #1659 ) ;
#2228 = CARTESIAN_POINT ( 'NONE',  ( 3.600000000000004530, -0.8249999999999956257, -22.25000000000000000 ) ) ;
#2229 = FILL_AREA_STYLE ('',( #302 ) ) ;
#2230 =( NAMED_UNIT ( * ) PLANE_ANGLE_UNIT ( ) SI_UNIT ( $, .RADIAN. ) );
#2231 = VERTEX_POINT ( 'NONE', #648 ) ;
#2232 = CARTESIAN_POINT ( 'NONE',  ( -3.799999999999996270, 0.000000000000000000, -22.25000000000000000 ) ) ;
#2233 = FILL_AREA_STYLE_COLOUR ( '', #1395 ) ;
#2234 = ORIENTED_EDGE ( 'NONE', *, *, #1569, .T. ) ;
#2235 = VECTOR ( 'NONE', #1495, 1000.000000000000000 ) ;
#2236 = SURFACE_SIDE_STYLE ('',( #806 ) ) ;
#2237 = UNCERTAINTY_MEASURE_WITH_UNIT (LENGTH_MEASURE( 1.000000000000000082E-05 ), #1035, 'distance_accuracy_value', 'NONE');
#2238 = SURFACE_SIDE_STYLE ('',( #1109 ) ) ;
#2239 = AXIS2_PLACEMENT_3D ( 'NONE', #1415, #725, #2157 ) ;
#2240 = VECTOR ( 'NONE', #1562, 1000.000000000000000 ) ;
#2241 = ORIENTED_EDGE ( 'NONE', *, *, #1048, .F. ) ;
#2242 = EDGE_CURVE ( 'NONE', #1019, #719, #944, .T. ) ;
#2243 = SURFACE_SIDE_STYLE ('',( #966 ) ) ;
#2244 = MECHANICAL_DESIGN_GEOMETRIC_PRESENTATION_REPRESENTATION (  '', ( #924 ), #807 ) ;
#2245 = ORIENTED_EDGE ( 'NONE', *, *, #1698, .F. ) ;
#2246 = DIRECTION ( 'NONE',  ( 1.000000000000000000, -0.000000000000000000, -0.000000000000000000 ) ) ;
#2247 = SURFACE_STYLE_FILL_AREA ( #1633 ) ;
#2248 = PRESENTATION_LAYER_ASSIGNMENT (  '', '', ( #925 ) ) ;
#2249 = STYLED_ITEM ( 'NONE', ( #2340 ), #1789 ) ;
#2250 = PRESENTATION_LAYER_ASSIGNMENT (  '', '', ( #2292 ) ) ;
#2251 = DIRECTION ( 'NONE',  ( 0.4472135954999585938, 0.4472135954999585938, 0.7745966692414826271 ) ) ;
#2252 = FILL_AREA_STYLE_COLOUR ( '', #7 ) ;
#2253 = LINE ( 'NONE', #1345, #1103 ) ;
#2254 = VERTEX_POINT ( 'NONE', #246 ) ;
#2255 = EDGE_LOOP ( 'NONE', ( #1568, #1726, #67, #1820 ) ) ;
#2256 = CARTESIAN_POINT ( 'NONE',  ( 0.000000000000000000, 0.000000000000000000, -12.84999999999999964 ) ) ;
#2257 = CARTESIAN_POINT ( 'NONE',  ( -3.950000000000000178, 0.000000000000000000, -20.15000000000000213 ) ) ;
#2258 =( LENGTH_UNIT ( ) NAMED_UNIT ( * ) SI_UNIT ( .MILLI., .METRE. ) );
#2259 = DIRECTION ( 'NONE',  ( 1.000000000000000000, 0.000000000000000000, 0.000000000000000000 ) ) ;
#2260 = LINE ( 'NONE', #1189, #467 ) ;
#2261 = UNCERTAINTY_MEASURE_WITH_UNIT (LENGTH_MEASURE( 1.000000000000000082E-05 ), #91, 'distance_accuracy_value', 'NONE');
#2262 =( NAMED_UNIT ( * ) PLANE_ANGLE_UNIT ( ) SI_UNIT ( $, .RADIAN. ) );
#2263 = SURFACE_STYLE_USAGE ( .BOTH. , #453 ) ;
#2264 = EDGE_LOOP ( 'NONE', ( #1357, #1122, #2110, #2015, #1914 ) ) ;
#2265 = CARTESIAN_POINT ( 'NONE',  ( 3.799999999999996270, 0.000000000000000000, -22.25000000000000000 ) ) ;
#2266 = SURFACE_STYLE_FILL_AREA ( #1759 ) ;
#2267 = ORIENTED_EDGE ( 'NONE', *, *, #580, .F. ) ;
#2268 = SURFACE_STYLE_USAGE ( .BOTH. , #1166 ) ;
#2269 = CIRCLE ( 'NONE', #265, 4.450000000000000178 ) ;
#2270 = CARTESIAN_POINT ( 'NONE',  ( 0.000000000000000000, 0.8249999999999956257, -22.25000000000000000 ) ) ;
#2271 = DIRECTION ( 'NONE',  ( 1.000000000000000000, 0.000000000000000000, 0.000000000000000000 ) ) ;
#2272 = EDGE_CURVE ( 'NONE', #1347, #1193, #976, .T. ) ;
#2273 =( NAMED_UNIT ( * ) SI_UNIT ( $, .STERADIAN. ) SOLID_ANGLE_UNIT ( ) );
#2274 = LINE ( 'NONE', #665, #1885 ) ;
#2275 = DIRECTION ( 'NONE',  ( 1.000000000000000000, 0.000000000000000000, 0.000000000000000000 ) ) ;
#2276 = CLOSED_SHELL ( 'NONE', ( #1194, #1375, #2168, #1138, #2303, #940, #452, #1443, #477, #1584, #377, #780, #2193, #2221, #1910, #1388, #1789, #872, #1542, #1227, #1799, #1208, #195, #1982, #1452, #1086, #393, #679, #2128, #885, #552, #796, #1338, #1715, #1999, #767, #1076, #2337, #373, #114, #1750, #229, #1650, #691, #2030, #77, #1891, #950, #1776, #726, #328, #2122, #2143, #1922 ) ) ;
#2277 = CARTESIAN_POINT ( 'NONE',  ( 0.000000000000000000, 0.000000000000000000, -1.700000000000000178 ) ) ;
#2278 = COLOUR_RGB ( '',0.6392156862745097534, 0.6666666666666666297, 0.6784313725490196401 ) ;
#2279 = ORIENTED_EDGE ( 'NONE', *, *, #547, .T. ) ;
#2280 = CARTESIAN_POINT ( 'NONE',  ( 3.450000000000000178, 0.9749999999999999778, -21.99019237886465916 ) ) ;
#2281 = COLOUR_RGB ( '',0.000000000000000000, 0.000000000000000000, 0.000000000000000000 ) ;
#2282 = ORIENTED_EDGE ( 'NONE', *, *, #1274, .T. ) ;
#2283 = DIRECTION ( 'NONE',  ( 1.000000000000000000, -0.000000000000000000, 0.000000000000000000 ) ) ;
#2284 = CARTESIAN_POINT ( 'NONE',  ( 0.000000000000000000, -0.8249999999999956257, -22.25000000000000000 ) ) ;
#2285 = STYLED_ITEM ( 'NONE', ( #951 ), #1375 ) ;
#2286 = LINE ( 'NONE', #1024, #2105 ) ;
#2287 =( NAMED_UNIT ( * ) PLANE_ANGLE_UNIT ( ) SI_UNIT ( $, .RADIAN. ) );
#2288 = COLOUR_RGB ( '',0.6392156862745097534, 0.6666666666666666297, 0.6784313725490196401 ) ;
#2289 = FILL_AREA_STYLE_COLOUR ( '', #287 ) ;
#2290 = EDGE_CURVE ( 'NONE', #1669, #947, #757, .T. ) ;
#2291 = CARTESIAN_POINT ( 'NONE',  ( 0.000000000000000000, 0.000000000000000000, 0.000000000000000000 ) ) ;
#2292 = STYLED_ITEM ( 'NONE', ( #264 ), #1982 ) ;
#2293 = VERTEX_POINT ( 'NONE', #1886 ) ;
#2294 =( NAMED_UNIT ( * ) SI_UNIT ( $, .STERADIAN. ) SOLID_ANGLE_UNIT ( ) );
#2295 = STYLED_ITEM ( 'NONE', ( #311 ), #940 ) ;
#2296 = ORIENTED_EDGE ( 'NONE', *, *, #1762, .F. ) ;
#2297 = CARTESIAN_POINT ( 'NONE',  ( 0.000000000000000000, 0.000000000000000000, 0.000000000000000000 ) ) ;
#2298 = DIRECTION ( 'NONE',  ( 1.000000000000000000, 0.000000000000000000, 0.000000000000000000 ) ) ;
#2299 = SURFACE_STYLE_USAGE ( .BOTH. , #995 ) ;
#2300 =( NAMED_UNIT ( * ) SI_UNIT ( $, .STERADIAN. ) SOLID_ANGLE_UNIT ( ) );
#2301 = CARTESIAN_POINT ( 'NONE',  ( 3.450000000000000178, -0.9749999999999999778, -21.99019237886465916 ) ) ;
#2302 =( LENGTH_UNIT ( ) NAMED_UNIT ( * ) SI_UNIT ( .MILLI., .METRE. ) );
#2303 = ADVANCED_FACE ( 'NONE', ( #474 ), #1902, .T. ) ;
#2304 =( LENGTH_UNIT ( ) NAMED_UNIT ( * ) SI_UNIT ( .MILLI., .METRE. ) );
#2305 = ORIENTED_EDGE ( 'NONE', *, *, #1593, .T. ) ;
#2306 = FILL_AREA_STYLE_COLOUR ( '', #2316 ) ;
#2307 = CARTESIAN_POINT ( 'NONE',  ( 0.000000000000000000, 0.000000000000000000, 0.000000000000000000 ) ) ;
#2308 = EDGE_CURVE ( 'NONE', #2053, #1450, #1464, .T. ) ;
#2309 = ORIENTED_EDGE ( 'NONE', *, *, #655, .F. ) ;
#2310 = SURFACE_SIDE_STYLE ('',( #368 ) ) ;
#2311 = AXIS2_PLACEMENT_3D ( 'NONE', #2277, #105, #1858 ) ;
#2312 =( NAMED_UNIT ( * ) SI_UNIT ( $, .STERADIAN. ) SOLID_ANGLE_UNIT ( ) );
#2313 = CARTESIAN_POINT ( 'NONE',  ( 3.799999999999996270, 0.000000000000000000, -22.25000000000000000 ) ) ;
#2314 = EDGE_LOOP ( 'NONE', ( #1429, #756, #455, #350 ) ) ;
#2315 = COLOUR_RGB ( '',0.000000000000000000, 0.000000000000000000, 0.000000000000000000 ) ;
#2316 = COLOUR_RGB ( '',1.000000000000000000, 1.000000000000000000, 1.000000000000000000 ) ;
#2317 = FILL_AREA_STYLE_COLOUR ( '', #776 ) ;
#2318 = ORIENTED_EDGE ( 'NONE', *, *, #308, .T. ) ;
#2319 = EDGE_CURVE ( 'NONE', #1763, #184, #2260, .T. ) ;
#2320 = FILL_AREA_STYLE ('',( #324 ) ) ;
#2321 = MECHANICAL_DESIGN_GEOMETRIC_PRESENTATION_REPRESENTATION (  '', ( #463 ), #2041 ) ;
#2322 = PRESENTATION_STYLE_ASSIGNMENT (( #685 ) ) ;
#2323 =( GEOMETRIC_REPRESENTATION_CONTEXT ( 3 ) GLOBAL_UNCERTAINTY_ASSIGNED_CONTEXT ( ( #1985 ) ) GLOBAL_UNIT_ASSIGNED_CONTEXT ( ( #502, #515, #623 ) ) REPRESENTATION_CONTEXT ( 'NONE', 'WORKASPACE' ) );
#2324 = VECTOR ( 'NONE', #39, 1000.000000000000000 ) ;
#2325 = UNCERTAINTY_MEASURE_WITH_UNIT (LENGTH_MEASURE( 1.000000000000000082E-05 ), #1790, 'distance_accuracy_value', 'NONE');
#2326 = FILL_AREA_STYLE ('',( #394 ) ) ;
#2327 = VECTOR ( 'NONE', #813, 1000.000000000000000 ) ;
#2328 = PRESENTATION_LAYER_ASSIGNMENT (  '', '', ( #2010 ) ) ;
#2329 = CONICAL_SURFACE ( 'NONE', #1433, 6.924999999999999822, 0.9088546855893885335 ) ;
#2330 =( NAMED_UNIT ( * ) PLANE_ANGLE_UNIT ( ) SI_UNIT ( $, .RADIAN. ) );
#2331 = ORIENTED_EDGE ( 'NONE', *, *, #156, .F. ) ;
#2332 = DIRECTION ( 'NONE',  ( -1.000000000000000000, 0.000000000000000000, 0.000000000000000000 ) ) ;
#2333 = COLOUR_RGB ( '',0.000000000000000000, 0.000000000000000000, 0.000000000000000000 ) ;
#2334 = EDGE_LOOP ( 'NONE', ( #143, #1383 ) ) ;
#2335 = FACE_OUTER_BOUND ( 'NONE', #109, .T. ) ;
#2336 = CARTESIAN_POINT ( 'NONE',  ( -3.950000000000000178, -0.9749999999999997558, -18.64999999999999858 ) ) ;
#2337 = ADVANCED_FACE ( 'NONE', ( #1000 ), #1692, .F. ) ;
#2338 = LINE ( 'NONE', #2176, #1602 ) ;
#2339 = VECTOR ( 'NONE', #2158, 1000.000000000000000 ) ;
#2340 = PRESENTATION_STYLE_ASSIGNMENT (( #1998 ) ) ;
#2341 = SURFACE_STYLE_USAGE ( .BOTH. , #168 ) ;
#2342 = ORIENTED_EDGE ( 'NONE', *, *, #532, .F. ) ;
#2343 = EDGE_LOOP ( 'NONE', ( #1254, #1641, #38, #2309 ) ) ;
#2344 = FACE_BOUND ( 'NONE', #404, .T. ) ;
#2345 = FACE_OUTER_BOUND ( 'NONE', #873, .T. ) ;
#2346 = FACE_OUTER_BOUND ( 'NONE', #682, .T. ) ;
#2347 = DIRECTION ( 'NONE',  ( 0.000000000000000000, -1.000000000000000000, -0.000000000000000000 ) ) ;
#2348 = UNCERTAINTY_MEASURE_WITH_UNIT (LENGTH_MEASURE( 1.000000000000000082E-05 ), #1888, 'distance_accuracy_value', 'NONE');
#2349 =( NAMED_UNIT ( * ) SI_UNIT ( $, .STERADIAN. ) SOLID_ANGLE_UNIT ( ) );
#2350 = EDGE_CURVE ( 'NONE', #1005, #1533, #1950, .T. ) ;
ENDSEC;
END-ISO-10303-21;
